graph_id,source_type,analysis_role,target_role,edge_hash,q,sigma,L,W,geometry_seed,orientation_seed,realization,N,S,S1,S2,NG,M_full,NG1,NG2,G2_to_G1_mass_ratio,direct_overlap_M1,Delta2,L_times_S1,L_times_S2,L_times_Delta2,NG1_over_L,NG2_over_L,mass_per_length_G1,mass_per_length_G2,ell_x_G1,ell_y_G1,ell_major_G1,ell_minor_G1,ell_major_over_L_G1,ell_minor_over_L_G1,ell_x_G2,ell_y_G2,ell_major_G2,ell_minor_G2,ell_major_over_L_G2,ell_minor_over_L_G2,R_major_G1,R_minor_G1,R_major_over_L_G1,R_minor_over_L_G1,R_major_G2,R_minor_G2,R_major_over_L_G2,R_minor_over_L_G2,aspect_ratio_G1,aspect_ratio_G2,boundary_fraction_2R_G1,boundary_fraction_2R_G2,boundary_fraction_2R_full,boundary_fraction_2R_allnodes,boundary_enrichment_2R_G1,boundary_enrichment_2R_G2,bottom_fraction_2R_G1,bottom_fraction_2R_G2,top_fraction_2R_G1,top_fraction_2R_G2,left_fraction_2R_G1,left_fraction_2R_G2,right_fraction_2R_G1,right_fraction_2R_G2,G2_largest_parent_G_SCC_rank,G2_largest_parent_G_SCC_mass,G2_largest_inside_GSCC,G2_mass_fraction_of_parent,replay_hash_verified,S1_matches_frozen,S2_matches_frozen,feedback_classifier_ran,production_invariants_passed,boundary_condition,boundary_layer_R,distribution,provenance,F_count_frozen,F1_count_frozen,F2_exact_count_frozen,G1_SCC_count_frozen,G2_SCC_count_frozen,G1_edge_count_frozen,F_count,F1_count,F2_exact_count,GT2_or_inf_count,G_edge_count,G1_edge_count,G2_edge_count,G1_SCC_count,G2_SCC_count,G_SCC_count,G1_second_largest_SCC_size,G2_second_largest_SCC_size,G_full_second_largest_SCC_size,G1_largest_SCC_tie_count,G2_largest_SCC_tie_count,G_largest_SCC_tie_count,S_full_matches_frozen,graph_build_seconds,feedback_classification_or_label_map_seconds,direct_overlap_M1_seconds,SCC_seconds,graph_total_seconds,boundary_fraction_4R_allnodes,component_vertices_G1,component_tie_count_G1,ell_x_over_L_G1,ell_y_over_L_G1,Q_xx_G1,Q_xy_G1,Q_yy_G1,bounding_box_area_fraction_G1,effective_width_raw_G1,effective_width_G1,effective_width_density_normalized_G1,boundary_fraction_4R_G1,all_nodes_boundary_fraction_2R_G1,all_nodes_boundary_fraction_4R_G1,boundary_enrichment_4R_G1,bottom_fraction_4R_G1,top_fraction_4R_G1,left_fraction_4R_G1,right_fraction_4R_G1,component_vertices_G2,component_tie_count_G2,ell_x_over_L_G2,ell_y_over_L_G2,Q_xx_G2,Q_xy_G2,Q_yy_G2,bounding_box_area_fraction_G2,effective_width_raw_G2,effective_width_G2,effective_width_density_normalized_G2,boundary_fraction_4R_G2,all_nodes_boundary_fraction_2R_G2,all_nodes_boundary_fraction_4R_G2,boundary_enrichment_4R_G2,bottom_fraction_4R_G2,top_fraction_4R_G2,left_fraction_4R_G2,right_fraction_4R_G2,boundary_fraction_4R_full,boundary_enrichment_2R_full,boundary_enrichment_4R_full,geometry_seconds,worker_peak_RSS_bytes,master_seed,seed_generator,planned_status,benchmark_worker_count,frozen_existing_n,target_total_n,source_seed_sequence,pair_id,pair_rank_frozen,selection_rule,n_target
gaussian_iid_L128_q7_W0.805_r0,FROZEN_REPLAY,SCALING,SCALING,5671ec7c8ba883e8747131007395031cde599a32ab44506630e94ff04103ba56,7,24.0,128,0.805,7655837767034734158,934042189007205845,0,393216,0.8984298706054688,0.0059178670247395,0.0140711466471354,353277,353277,2327,5533,2.377739578856897,0.0025609334309895,0.0081532796223958,0.7574869791666666,1.8011067708333333,1.0436197916666663,18.1796875,43.2265625,18.1796875,43.2265625,127.96427435239038,2.4783311019625245,127.96427435239038,2.4783311019625245,0.9997208933780498,0.0193619617340822,127.99755838996631,6.516274801873394,127.99755838996631,6.516274801873394,0.9999809249216118,0.0509083968896358,37.547778062860175,0.3737746595086461,0.2933420161160951,0.0029201145274112,32.513200630471275,1.0732992169642428,0.2540093799255568,0.0083851501325331,100.45565451713462,30.292764698396734,0.9969918349806618,0.7827579974697271,0.0343073565502424,0.0614573160807291,16.22250854025308,12.736612129978326,0.9961323592608508,0.7807699258991505,0.0,0.0,0.0128921357971637,0.009036688957166,0.0154705629565964,0.0121091632026025,2,18679,False,0.2962150008030408,True,True,True,False,True,OPEN_NONPERIODIC,1.0,gaussian,R6_REFINE,169704.0,21980.0,8443.0,370281.0,349029.0,2604788.0,169704,21980,8443,139281,2752512,2604788,2613231,370281,349029,19441,41,1551,18679,1,1,1,True,4.745987763002631,0.0558805920009035,4.326997441239655e-06,0.3572318539954722,5.321636766995653,0.1206156412760416,2327,1,0.9997208933780498,0.0193619617340822,1409.835435925219,-0.5330099660205062,0.1399090286755655,0.0193565576823482,18.18476298776848,0.7576984578236867,0.7576984578236867,1.0,0.0614573160807291,0.1206156412760416,8.290798684321498,1.0,0.0,0.0309411259131929,0.0322303394929093,5533,1,0.9999809249216118,0.0509083968896358,1057.108212864914,0.050051096264613,1.1519735814997385,0.0509074258079746,43.2273870657968,1.8011411277415332,1.8011411277415332,0.9743358033616484,0.0614573160807291,0.1206156412760416,8.078021996598082,0.9743358033616484,0.0,0.0224109886137719,0.0200614494849087,0.0761470460856495,0.5582306344972331,0.6313198295018714,0.1498338289966341,359202816,,,,,,,,pair_q7_sigma24_L128_W0.8050_r001,1,"first n by (realization, geometry_seed, orientation_seed, graph_id); frozen before transformed-graph calculation",24
gaussian_iid_L128_q7_W0.805_r1,FROZEN_REPLAY,SCALING,SCALING,8030849c1127859658cb347b68b7acb11e28b402078be1fc3ca2d4a26f889fd1,7,24.0,128,0.805,7138177107724583812,18115717769615187850,1,393216,0.7943445841471354,0.0059789021809895,0.0099665323893229,312349,312349,2351,3919,1.666950233943003,0.0051345825195312,0.0039876302083333,0.7652994791666666,1.2757161458333333,0.5104166666666666,18.3671875,30.6171875,18.3671875,30.6171875,127.859397618882,2.9340000712070946,127.859397618882,2.9340000712070946,0.9989015438975156,0.0229218755563054,127.96161284976642,5.0289421590359495,127.96161284976642,5.0289421590359495,0.9997001003888002,0.0392886106174683,35.50032360544672,0.4079320091053325,0.2773462781675525,0.0031869688211354,34.081426392121045,0.8205462473041057,0.2662611436884456,0.0064105175570633,87.02509931325379,41.535046323220826,0.992769034453424,0.8810921153355448,0.0502162644990059,0.0613199869791666,16.189974645472695,14.368759008949135,0.992769034453424,0.8805817810665986,0.0,0.0,0.0089323692045937,0.0125031895891809,0.0131858783496384,0.0102066853789231,1,312349,True,0.0125468626440295,True,True,True,False,True,OPEN_NONPERIODIC,1.0,gaussian,R6_REFINE,169760.0,21775.0,8258.0,370428.0,351679.0,2604527.0,169760,21775,8258,139727,2752512,2604527,2612785,370428,351679,21087,92,942,58037,1,1,1,True,5.071887093989062,0.0455767980020027,3.647000994533301e-06,0.3664425130118616,5.638864940992789,0.12078857421875,2351,1,0.9989015438975156,0.0229218755563054,1260.272204380411,0.986122475817126,0.1671802350792867,0.0228966968822202,18.38738523552069,0.7661410514800288,0.7661410514800288,1.0,0.0613199869791666,0.12078857421875,8.278928751894897,1.0,0.0,0.0204168438962143,0.0272224585282858,3919,1,0.9997001003888002,0.0392886106174683,1161.4987813204928,-7.214956338854055,0.7181397450369397,0.0392768279784195,30.62637233715637,1.2760988473815156,1.2760988473815156,0.9933656545037,0.0613199869791666,0.12078857421875,8.224003478215574,0.9933656545037,0.0,0.0237305435059964,0.0232202092370502,0.0990622668873599,0.8189216432167017,0.8201294495616502,0.1422658609953941,356380672,,,,,,,,pair_q7_sigma24_L128_W0.8050_r002,2,"first n by (realization, geometry_seed, orientation_seed, graph_id); frozen before transformed-graph calculation",24
gaussian_iid_L128_q7_W0.805_r2,FROZEN_REPLAY,SCALING,SCALING,a704a1bb801effb5c3b8e1c9df2f177aa0fd5dbf065f1a63e27e84227854a6ea,7,24.0,128,0.805,7301254539265411036,1717762875529522896,2,393216,0.7748591105143229,0.006134033203125,0.0104268391927083,304687,304687,2412,4100,1.6998341625207296,0.0038045247395833,0.0042928059895833,0.78515625,1.3346354166666667,0.5494791666666667,18.84375,32.03125,18.84375,32.03125,127.76830274155132,2.564004489801277,127.76830274155132,2.564004489801277,0.9981898651683696,0.0200312850765724,127.86020677191702,4.704996439618299,127.86020677191702,4.704996439618299,0.9989078654056016,0.0367577846845179,36.54507989920463,0.3944856472026006,0.2855084367125362,0.0030819191187703,34.8708080280091,0.793016313016701,0.2724281877188211,0.0061954399454429,92.6398213936431,43.972371634270175,0.9954394693200664,0.8963414634146342,0.0508653142405156,0.0614980061848958,16.186532394680306,14.575130463900784,0.9954394693200664,0.8958536585365854,0.0,0.0,0.0128524046434494,0.0095121951219512,0.0136815920398009,0.014390243902439,1,304687,True,0.0134564323387607,True,True,True,False,True,OPEN_NONPERIODIC,1.0,gaussian,R6_REFINE,170219.0,22117.0,8106.0,370022.0,349972.0,2604410.0,170219,22117,8106,139996,2752512,2604410,2612516,370022,349972,17301,34,1126,70023,1,1,1,True,5.210068653002963,0.0492327199899591,3.645007382147014e-06,0.3360679579927819,5.755242943996564,0.1211649576822916,2412,1,0.9981898651683696,0.0200312850765724,1335.542859573106,-0.0838590592000912,0.155624191993083,0.019995025749733,18.877921583406916,0.7865800659752881,0.7865800659752881,1.0,0.0614980061848958,0.1211649576822916,8.25321131726975,1.0,0.0,0.0281923714759535,0.0248756218905472,4100,1,0.9989078654056016,0.0367577846845179,1215.9659471878415,2.9796725676532394,0.6361802111328989,0.0367176402362505,32.06627068352682,1.3360946118136174,1.3360946118136174,0.9941463414634146,0.0614980061848958,0.1211649576822916,8.20489983638817,0.9941463414634146,0.0,0.0224390243902439,0.0263414634146341,0.1004013955304952,0.8271050948804323,0.8286339338619598,0.1471535640012007,359202816,,,,,,,,pair_q7_sigma24_L128_W0.8050_r003,3,"first n by (realization, geometry_seed, orientation_seed, graph_id); frozen before transformed-graph calculation",24
gaussian_iid_L128_q7_W0.805_r3,FROZEN_REPLAY,SCALING,SCALING,17e3571321cc3890cfba372609f86d7a54a46d0dfd27d7d6c2a56a7dea1aaa8b,7,24.0,128,0.805,10833399783473843663,9514140423465135883,3,393216,0.2506434122721354,0.0065155029296875,0.0193557739257812,98557,98557,2562,7611,2.970725995316159,0.0052032470703125,0.0128402709960937,0.833984375,2.4775390625,1.6435546875,20.015625,59.4609375,20.015625,59.4609375,127.98109189714988,3.300405710232667,127.98109189714988,3.300405710232667,0.9998522804464834,0.0257844196111927,127.9881857454022,7.413353068586147,127.9881857454022,7.413353068586147,0.9999077011359548,0.0579168208483292,35.360863250298216,0.4452966086108346,0.2762567441429548,0.0034788797547721,28.081596326653703,1.4557053741494117,0.219387471301982,0.0113726982355422,79.40968461585952,19.290714196244664,0.9894613583138172,0.6104322690842202,0.0279635134998021,0.0617701212565104,16.01844610608613,9.88232266129609,0.9894613583138172,0.6104322690842202,0.0,0.0,0.0089773614363778,0.0040730521613454,0.0120999219359875,0.0056497175141242,3,59498,False,0.1279202662274362,True,True,True,False,True,OPEN_NONPERIODIC,1.0,gaussian,R6_REFINE,170453.0,21815.0,8240.0,370298.0,349312.0,2603874.0,170453,21815,8240,140398,2752512,2603874,2612114,370298,349312,65424,32,1049,70730,1,1,1,True,5.055918483005371,0.0474516389949712,5.174995749257505e-06,0.353249356005108,5.595956653996836,0.1212081909179687,2562,1,0.9998522804464834,0.0257844196111927,1250.3906451137393,-0.0765936817840565,0.1982937621918697,0.02578061074824,20.01858213601517,0.834107589000632,0.834107589000632,1.0,0.0617701212565104,0.1212081909179687,8.250267514319884,1.0,0.0,0.0206869633099141,0.0214676034348165,7611,1,0.9999077011359548,0.0579168208483292,788.5155489372228,-6.89779632214331,2.179581452235441,0.0579114751915558,59.466426183585575,2.4777677576493997,2.4777677576493997,0.8934436999080279,0.0617701212565104,0.1212081909179687,7.371149533224965,0.8934436999080279,0.0,0.0093286033372749,0.0103797135724609,0.0562212729689418,0.4527029076675944,0.4638405419893714,0.1265825609880266,359288832,,,,,,,,pair_q7_sigma24_L128_W0.8050_r004,4,"first n by (realization, geometry_seed, orientation_seed, graph_id); frozen before transformed-graph calculation",24
gaussian_iid_L128_q7_W0.805_r4,FROZEN_REPLAY,SCALING,SCALING,deaf3ad0bf4eee9e7c717a9a2e4603cfa66da8516cd30f427d2ca2630a9580a1,7,24.0,128,0.805,17089777873478898221,16951094302730524563,4,393216,0.8832448323567709,0.0062357584635416,0.01031494140625,347306,347306,2452,4056,1.6541598694942905,0.0053634643554687,0.0040791829427083,0.7981770833333334,1.3203125,0.5221354166666666,19.15625,31.6875,19.15625,31.6875,127.91669241521444,2.203183959444985,127.91669241521444,2.203183959444985,0.9993491594938628,0.0172123746831639,127.97241889457246,4.794881164006284,127.97241889457246,4.794881164006284,0.9997845226138472,0.037460009093799,36.16335162414824,0.39203915756585,0.2825261845636581,0.0030628059184832,35.91119485949646,0.7310951814083443,0.2805562098398161,0.0057116811047526,92.2442335829016,49.11972582054087,0.99510603588907,0.9154339250493096,0.0479548294587482,0.0615514119466145,16.167070818004238,14.872671415617456,0.99510603588907,0.9134615384615384,0.0,0.0,0.0081566068515497,0.0152859960552268,0.0146818923327895,0.0167652859960552,1,347306,True,0.0116784622206354,True,True,True,False,True,OPEN_NONPERIODIC,1.0,gaussian,R6_REFINE,171787.0,22689.0,8592.0,369611.0,348027.0,2603414.0,171787,22689,8592,140506,2752512,2603414,2612006,369611,348027,24949,32,1090,16336,1,1,1,True,5.011560026992811,0.060676445995341,4.882007488049567e-06,0.423208699998213,5.663053112992202,0.120923360188802,2452,1,0.9993491594938628,0.0172123746831639,1307.7877568320328,0.5646940040932568,0.1539385608170643,0.0172011721725133,19.168725783190737,0.7986969076329474,0.7986969076329474,1.0,0.0615514119466145,0.120923360188802,8.269700729773497,1.0,0.0,0.0232463295269168,0.0322185970636215,4056,1,0.9997845226138472,0.037460009093799,1289.607725794374,2.824877606186486,0.5406906066298514,0.0374519373089543,31.6943294112574,1.3205970588023916,1.3205970588023916,0.9977810650887574,0.0615514119466145,0.120923360188802,8.251350802118674,0.9977810650887574,0.0,0.0313116370808678,0.0340236686390532,0.0948356780476006,0.7791020212556762,0.7842626759588077,0.1548447700042743,358486016,,,,,,,,pair_q7_sigma24_L128_W0.8050_r005,5,"first n by (realization, geometry_seed, orientation_seed, graph_id); frozen before transformed-graph calculation",24
gaussian_iid_L128_q7_W0.805_r5,FROZEN_REPLAY,SCALING,SCALING,411a6a7521a10787617b798805c7fcc78e39c70dd3c70f775b4493eba7e0df2f,7,24.0,128,0.805,10737365616079812786,17714141268111472187,5,393216,0.9778467814127604,0.0060526529947916,0.0133387247721354,384505,384505,2380,5245,2.203781512605042,0.005139668782552,0.0072860717773437,0.7747395833333334,1.7073567708333333,0.9326171875,18.59375,40.9765625,18.59375,40.9765625,127.893042964783,3.813322903430844,127.893042964783,3.813322903430844,0.9991643981623672,0.0297915851830534,127.9400421383122,6.111474891054527,127.9400421383122,6.111474891054527,0.999531579205564,0.0477458975863634,37.281329677538494,0.4104135171587879,0.2912603881057695,0.003206355602803,34.602373196995536,0.998105582686539,0.2703310406015276,0.0077976998647385,90.83845467768656,34.66804894914871,0.9932773109243698,0.8087702573879886,0.0478797414858064,0.0613021850585937,16.202967479462227,13.193171770548654,0.9894957983193278,0.8057197330791229,0.0,0.0,0.0260504201680672,0.0171591992373689,0.0121848739495798,0.0066730219256434,1,384505,True,0.0136409149425885,True,True,True,False,True,OPEN_NONPERIODIC,1.0,gaussian,R6_REFINE,169840.0,21532.0,8268.0,370627.0,349036.0,2604204.0,169840,21532,8268,140040,2752512,2604204,2612472,370627,349036,8000,33,1202,124,1,1,1,True,5.03277938599058,0.049121420001029,3.283988917246461e-06,0.3422886610060232,5.592498799000168,0.1210225423177083,2380,1,0.9991643981623672,0.0297915851830534,1389.897542410402,-0.0126370318051571,0.1684393699772234,0.0297666912797285,18.609299965248024,0.775387498552001,0.775387498552001,1.0,0.0613021850585937,0.1210225423177083,8.262923426073801,1.0,0.0,0.0466386554621848,0.0252100840336134,5245,1,0.999531579205564,0.0477458975863634,1197.3164593727722,3.0491297893253755,1.00398624557286,0.047723532415085,40.9957657691701,1.7081569070487543,1.7081569070487543,0.9832221163012392,0.0613021850585937,0.1210225423177083,8.124289057819368,0.9832221163012392,0.0,0.0306959008579599,0.0152526215443279,0.1029531475533478,0.7810446143158207,0.8506939747065901,0.1558119789988268,360312832,,,,,,,,pair_q7_sigma24_L128_W0.8050_r006,6,"first n by (realization, geometry_seed, orientation_seed, graph_id); frozen before transformed-graph calculation",24
gaussian_iid_L128_q7_W0.805_r6,FROZEN_REPLAY,SCALING,SCALING,4bd1edfd1f7f8323ed3d7944a8f40df217db6333be4be9ebd998319f3e0b3e59,7,24.0,128,0.805,18392522625926627476,17181666016768037737,6,393216,0.5159530639648438,0.0065587361653645,0.0095138549804687,202881,202881,2579,3741,1.4505622334238075,0.0031382242838541,0.0029551188151041,0.8395182291666666,1.2177734375,0.3782552083333333,20.1484375,29.2265625,20.1484375,29.2265625,127.92870406639793,3.02259485767253,127.92870406639793,3.02259485767253,0.9994430005187338,0.0236140223255666,127.96844713037552,3.612441083391104,127.96844713037552,3.612441083391104,0.9997534932060588,0.028222195963993,36.72116135550286,0.450953637342228,0.2868840730898661,0.0035230752917361,37.078556299835554,0.6008256433419479,0.2896762210924652,0.0046939503386089,81.4300147836156,61.7126727374601,0.9875920899573478,0.9526864474739376,0.0592711983872319,0.0613810221354166,16.089534771489415,15.520863197294988,0.9860411012020164,0.9484095161721464,0.0,0.0,0.022489336952307,0.0221865811280406,0.009693679720822,0.0133654103180967,1,202881,True,0.018439380720718,True,True,True,False,True,OPEN_NONPERIODIC,1.0,gaussian,R6_REFINE,171260.0,22017.0,8448.0,370108.0,350666.0,2603269.0,171260,22017,8448,140795,2752512,2603269,2611717,370108,350666,34052,25,2644,146980,1,1,1,True,5.080583921997459,0.0480748940026387,3.478009602986276e-06,0.3636298139899736,5.63385971399839,0.1206919352213541,2579,1,0.9994430005187338,0.0236140223255666,1348.4435461025378,0.4424441687404839,0.2035043773709628,0.0236008693273806,20.15966642374052,0.8399861009891885,0.8399861009891885,1.0,0.0613810221354166,0.1206919352213541,8.285557756331913,1.0,0.0,0.0426521907716169,0.0240403257076386,3741,1,0.9997534932060588,0.028222195963993,1374.8183740576062,1.1506121122847213,0.3619546761657776,0.0282152390009479,29.233768822627283,1.2180737009428035,1.2180737009428035,1.0,0.0613810221354166,0.1206919352213541,8.285557756331913,1.0,0.0,0.0417000801924619,0.0269981288425554,0.1160384658987288,0.9656274256311648,0.9614434111600688,0.1282637169933878,360460288,,,,,,,,pair_q7_sigma24_L128_W0.8050_r007,7,"first n by (realization, geometry_seed, orientation_seed, graph_id); frozen before transformed-graph calculation",24
gaussian_iid_L128_q7_W0.805_r7,FROZEN_REPLAY,SCALING,SCALING,bdfbbd4ffc9c385131fd70ae7d349898bf186255e16bfdadacf6b3ea03d576a2,7,24.0,128,0.805,10075112737880425626,882632597237696698,7,393216,0.3336715698242187,0.0067647298177083,0.0122350056966145,131205,131205,2660,4811,1.8086466165413533,0.0054168701171875,0.0054702758789062,0.8658854166666666,1.5660807291666667,0.7001953125000001,20.78125,37.5859375,20.78125,37.5859375,127.95278495903594,3.377422174818207,127.95278495903594,3.377422174818207,0.9996311324924684,0.0263861107407672,127.98534922598743,4.604624121449703,127.98534922598743,4.604624121449703,0.9998855408280268,0.0359736259488258,38.69664829676197,0.4638298276605362,0.3023175648184529,0.0036236705285979,36.86304401790566,0.8223960638970658,0.2879925313898879,0.0064249692491958,83.42854639586253,44.82395482685527,0.987218045112782,0.8750779463728955,0.0279333866849586,0.0610326131184895,16.17525442006199,14.337874484810389,0.9860902255639098,0.8707129494907504,0.0,0.0,0.012781954887218,0.0191228434836832,0.025187969924812,0.0174599875285803,2,127459,False,0.037745471092665,True,True,True,False,True,OPEN_NONPERIODIC,1.0,gaussian,R6_REFINE,171098.0,22228.0,8454.0,369826.0,352397.0,2603642.0,171098,22228,8454,140416,2752512,2603642,2612096,369826,352397,45808,42,1015,127459,1,1,1,True,5.183218183999998,0.0549525340029504,4.850007826462388e-06,0.3951716430019587,5.769480853996356,0.1204274495442708,2660,1,0.9996311324924684,0.0263861107407672,1497.43056993929,0.1707097051773002,0.2151575730291233,0.0263763777618648,20.78891835649844,0.8662049315207685,0.8662049315207685,1.0,0.0610326131184895,0.1204274495442708,8.303754698652702,1.0,0.0,0.0285714285714285,0.05,4811,1,0.9998855408280268,0.0359736259488258,1358.88095394488,2.0387600024563985,0.6793956070833442,0.0359695084373868,37.590240047750136,1.566260001989589,1.566260001989589,0.9960507171066306,0.0610326131184895,0.1204274495442708,8.270960822270576,0.9960507171066306,0.0,0.0359592600290999,0.0369985450010392,0.0555847719218017,0.4576796774329222,0.4615623110192001,0.122483466999256,360026112,,,,,,,,pair_q7_sigma24_L128_W0.8050_r008,8,"first n by (realization, geometry_seed, orientation_seed, graph_id); frozen before transformed-graph calculation",24
gaussian_iid_L128_q7_W0.805_r8,FROZEN_REPLAY,SCALING,SCALING,f871bcafae1169df9259e38bb2b56a87c75aebcccf085962baff63f7c7d93518,7,24.0,128,0.805,4045559426312456630,9351229326151978282,8,393216,0.85888671875,0.0065816243489583,0.0126063028971354,337728,337728,2588,4957,1.9153786707882532,0.0029678344726562,0.006024678548177,0.8424479166666666,1.6136067708333333,0.7711588541666666,20.21875,38.7265625,20.21875,38.7265625,127.92630307023204,2.6995763083042306,127.92630307023204,2.6995763083042306,0.9994242427361878,0.0210904399086268,127.98556370159868,4.633444435380909,127.98556370159868,4.633444435380909,0.9998872164187396,0.0361987846514133,36.253328954370375,0.44091312222167,0.2832291324560185,0.0034446337673567,34.85543916208583,0.8202616617753551,0.2723081184537955,0.0064082942326199,82.22329326851818,42.4930735963516,0.9872488408037094,0.8682670970344967,0.049388857305287,0.0617828369140625,15.97933811580931,14.05353234656774,0.9868624420401856,0.8644341335485173,0.0,0.0,0.0162287480680061,0.0149283841032882,0.0247295208655332,0.0189630825095824,1,337728,True,0.0146774919461815,True,True,True,False,True,OPEN_NONPERIODIC,1.0,gaussian,R6_REFINE,169983.0,21810.0,8163.0,370084.0,345681.0,2604339.0,169983,21810,8163,140010,2752512,2604339,2612502,370084,345681,18746,145,3471,35777,1,1,1,True,5.101389711009688,0.0563253520085709,3.331995685584843e-06,0.3637968489929335,5.680203490002896,0.1208521525065104,2588,1,0.9994242427361878,0.0210904399086268,1314.3038315613442,-0.1942454499126422,0.194433093792383,0.0210782969346524,20.230397798482286,0.8429332416034286,0.8429332416034286,1.0,0.0617828369140625,0.1208521525065104,8.274573346520485,1.0,0.0,0.0328438948995363,0.0425038639876352,4957,1,0.9998872164187396,0.0361987846514133,1214.9012120021146,-0.7202039843031148,0.6732563735301103,0.036194702022843,38.730930713071366,1.6137887797113069,1.6137887797113069,0.9967722412749648,0.0617828369140625,0.1208521525065104,8.247865020205309,0.9967722412749648,0.0,0.0282428888440589,0.0338914666128706,0.0968412450255827,0.7993944560037775,0.8013199849325463,0.1445442270050989,360660992,,,,,,,,pair_q7_sigma24_L128_W0.8050_r009,9,"first n by (realization, geometry_seed, orientation_seed, graph_id); frozen before transformed-graph calculation",24
gaussian_iid_L128_q7_W0.805_r9,FROZEN_REPLAY,SCALING,SCALING,21161a15d4ff8194bea20a6dfd20d0cd5e243cce96328b2d201f1f0d53dbebf4,7,24.0,128,0.805,11877919894818629711,2014691400867905938,9,393216,0.2645543416341145,0.0062764485677083,0.0125376383463541,104027,104027,2468,4930,1.9975688816855757,0.0050608317057291,0.0062611897786458,0.8033854166666666,1.6048177083333333,0.8014322916666666,19.28125,38.515625,19.28125,38.515625,127.90162314822452,2.551701626875144,127.90162314822452,2.551701626875144,0.999231430845504,0.019935168959962,127.95231168278816,5.347470262418455,127.95231168278816,5.347470262418455,0.9996274350217824,0.0417771114251441,36.82000600413655,0.3987812736397948,0.2876562969073168,0.0031154787003108,35.85647200717686,0.8145399530820527,0.2801286875560692,0.0063635933834535,92.33133157951336,44.020519646093845,0.9939222042139384,0.8699797160243408,0.0895536735655166,0.0619049072265625,16.055628685078794,14.0534854989823,0.993517017828201,0.8681541582150102,0.0,0.0,0.0158022690437601,0.0113590263691683,0.0153970826580226,0.0115618661257606,1,104027,True,0.0473915425802916,True,True,True,False,True,OPEN_NONPERIODIC,1.0,gaussian,R6_REFINE,170325.0,21957.0,8266.0,370224.0,351684.0,2604144.0,170325,21957,8266,140102,2752512,2604144,2612410,370224,351684,54828,26,1806,100456,1,1,1,True,5.049699194001732,0.0586559840012341,3.59301338903606e-06,0.3769359040015843,5.614087038004072,0.1212259928385416,2468,1,0.999231430845504,0.019935168959962,1355.7126158048268,-0.5539095252979471,0.159252844030803,0.0199198474040097,19.29608037217673,0.8040033488406971,0.8040033488406971,1.0,0.0619049072265625,0.1212259928385416,8.249055970462365,1.0,0.0,0.0307941653160453,0.0324149108589951,4930,1,0.9996274350217824,0.0417771114251441,1285.6703077454354,4.573415375927664,0.6797523911896729,0.041761546736536,38.52997992113004,1.6054158300470849,1.6054158300470849,0.9961460446247464,0.0619049072265625,0.1212259928385416,8.217264476864234,0.9961460446247464,0.0,0.020892494929006,0.0267748478701825,0.175310255991233,1.4466328693097608,1.4461441138677664,0.1138737500004936,360452096,,,,,,,,pair_q7_sigma24_L128_W0.8050_r010,10,"first n by (realization, geometry_seed, orientation_seed, graph_id); frozen before transformed-graph calculation",24
gaussian_iid_L128_q7_W0.805_r10,FROZEN_REPLAY,SCALING,SCALING,7e73851c3cc361aa131694bc5f362e95af9ba2e4cc4ec6522827d5cefa5acc7b,7,24.0,128,0.805,12590900716292596139,2117280375500507789,10,393216,0.3694864908854167,0.0061391194661458,0.015759785970052,145288,145288,2414,6197,2.5671085335542667,0.0051727294921875,0.0096206665039062,0.7858072916666666,2.0172526041666665,1.2314453125,18.859375,48.4140625,18.859375,48.4140625,127.99108833268572,2.4884815839789667,127.99108833268572,2.4884815839789667,0.9999303775991072,0.0194412623748356,127.99108833268572,7.195877585119831,127.99108833268572,7.195877585119831,0.9999303775991072,0.0562177936337486,36.98584759588651,0.4092289162303451,0.2889519343428633,0.0031971009080495,34.74143323250573,1.2044915721998497,0.271417447128951,0.0094100904078113,90.37936013071976,28.843234800767387,0.9929577464788732,0.7350330805228337,0.0752849512692032,0.0615641276041666,16.128836468912617,11.939307988717225,0.9929577464788732,0.7335807648862352,0.0,0.0,0.0140845070422535,0.0058092625463934,0.012013256006628,0.014039051153784,1,145288,True,0.0426532129288034,True,True,True,False,True,OPEN_NONPERIODIC,1.0,gaussian,R6_REFINE,170164.0,21665.0,8272.0,370538.0,350871.0,2604013.0,170164,21665,8272,140227,2752512,2604013,2612285,370538,350871,38022,31,968,121339,1,1,1,True,5.032477098007803,0.0534022570063825,3.35599179379642e-06,0.31031204899773,5.517769174999557,0.1212056477864583,2414,1,0.9999303775991072,0.0194412623748356,1367.9529161436296,0.0924035739610117,0.1674745483935553,0.0194399088274727,18.86068812638985,0.7858620052662437,0.7858620052662437,1.0,0.0615641276041666,0.1212056477864583,8.250440621065884,1.0,0.0,0.0252692626346313,0.0223695111847555,6197,1,0.9999303775991072,0.0562177936337486,1206.8731202336758,10.648258856854374,1.5448627624777589,0.056213879615983,48.417433437961016,2.0173930599150425,2.0173930599150425,0.9473939002743262,0.0615641276041666,0.1212056477864583,7.816417118973342,0.9472325318702598,0.0,0.0109730514765208,0.029046312731967,0.1472867683497604,1.2228704311909706,1.2151807365383849,0.1089924990083091,356519936,,,,,,,,pair_q7_sigma24_L128_W0.8050_r011,11,"first n by (realization, geometry_seed, orientation_seed, graph_id); frozen before transformed-graph calculation",24
gaussian_iid_L128_q7_W0.805_r11,FROZEN_REPLAY,SCALING,SCALING,9fd252738397db63df45a8d351ea39cbc9840f64fee573a25c8cfac2498991f4,7,24.0,128,0.805,1962789095212423922,8331814245213072405,11,393216,0.989405314127604,0.0058568318684895,0.0109354654947916,389050,389050,2303,4300,1.8671298306556663,0.0026092529296875,0.005078633626302,0.7496744791666666,1.3997395833333333,0.6500651041666666,17.9921875,33.59375,17.9921875,33.59375,127.9614710106296,2.850450500616077,127.9614710106296,2.850450500616077,0.9996989922705436,0.0222691445360631,127.9614710106296,5.335358808586904,127.9614710106296,5.335358808586904,0.9996989922705436,0.0416824906920851,37.53997330775335,0.3914021372923267,0.293281041466823,0.0030578291975963,34.35491789627914,0.7893653321210136,0.2683977960646808,0.0061669166571954,95.9115184384286,43.52220258263428,0.9908814589665652,0.8930232558139535,0.0533170543631923,0.0614242553710937,16.131761841965677,14.538609388404732,0.990447242726878,0.8925581395348837,0.0,0.0,0.014329135909683,0.0090697674418604,0.0173686495874945,0.0116279069767441,1,389050,True,0.0110525639377971,True,True,True,False,True,OPEN_NONPERIODIC,1.0,gaussian,R6_REFINE,169694.0,21800.0,8475.0,370473.0,346112.0,2604618.0,169694,21800,8475,139419,2752512,2604618,2613093,370473,346112,4098,66,1485,6,1,1,1,True,5.037442781991558,0.04585276900616,4.465997335501015e-06,0.3808405860036146,5.649283266990096,0.121320088704427,2303,1,0.9996989922705436,0.0222691445360631,1409.2495890128384,0.0988466909624005,0.1532025670726883,0.0222624413514293,17.997604918192078,0.7499002049246698,0.7499002049246698,1.0,0.0614242553710937,0.121320088704427,8.242658002305838,1.0,0.0,0.0308293530178028,0.0316977854971776,4300,1,0.9996989922705436,0.0416824906920851,1180.2565996113549,2.1127684799449518,0.6268816762801114,0.0416699439402038,33.60386502311156,1.4001610426296482,1.4001610426296482,0.9967441860465116,0.0614242553710937,0.121320088704427,8.215821441368098,0.9967441860465116,0.0,0.0213953488372093,0.0232558139534883,0.1133144839994859,0.8680130355846917,0.9340125383155196,0.1724180129967862,360312832,,,,,,,,pair_q7_sigma24_L128_W0.8050_r012,12,"first n by (realization, geometry_seed, orientation_seed, graph_id); frozen before transformed-graph calculation",24
gaussian_iid_L128_q7_W0.805_r12,FROZEN_REPLAY,SCALING,SCALING,c60b73396e48493b094ba4ddb340962d52c792b2581f2f21821bc3a8007b2f87,7,24.0,128,0.805,14510932720716503721,3241278375788733931,12,393216,0.5856831868489584,0.0069859822591145,0.0135498046875,230300,230300,2747,5328,1.9395704404805243,0.0056076049804687,0.0065638224283854,0.8942057291666666,1.734375,0.8401692708333334,21.4609375,41.625,21.4609375,41.625,127.94004077555238,3.3913462239173384,127.94004077555238,3.3913462239173384,0.9995315685590028,0.0264948923743542,127.94004077555238,6.2725072673641336,127.94004077555238,6.2725072673641336,0.9995315685590028,0.0490039630262822,37.31805612334739,0.4685061422832831,0.2915473134636515,0.0036602042365881,36.29524407349341,1.0513060380184571,0.2835565943241672,0.0082133284220191,79.65329107848272,34.523956641497186,0.9854386603567528,0.7849099099099099,0.0320451584889274,0.0615285237630208,16.015964630521655,12.75684612445793,0.983982526392428,0.7834084084084084,0.0,0.0,0.0236621769202766,0.0153903903903903,0.0131052056789224,0.0106981981981981,3,46734,False,0.1140069328540249,True,True,True,False,True,OPEN_NONPERIODIC,1.0,gaussian,R6_REFINE,170397.0,22280.0,8478.0,369600.0,346931.0,2604395.0,170397,22280,8478,139639,2752512,2604395,2612873,369600,346931,28443,49,1574,86441,1,1,1,True,5.126725818001432,0.0489574079983867,3.1910021789371967e-06,0.3086160850070882,5.632700981994276,0.1210479736328125,2747,1,0.9995315685590028,0.0264948923743542,1392.6320913700024,-2.696371658370164,0.2247194606605043,0.0264824813337402,21.47099518921613,0.8946247995506719,0.8946247995506719,1.0,0.0615285237630208,0.1210479736328125,8.261187444850624,1.0,0.0,0.0458682198762286,0.0291226792864943,5328,1,0.9995315685590028,0.0490039630262822,1317.185728296647,-14.466350547148556,1.2642584433853856,0.0489810080292673,41.644507596703136,1.735187816529297,1.735187816529297,0.9658408408408408,0.0615285237630208,0.1210479736328125,7.978992228078324,0.9658408408408408,0.0,0.0313438438438438,0.0204579579579579,0.0641597915762049,0.5208179317344015,0.5300360646335772,0.1307571060024202,356507648,,,,,,,,pair_q7_sigma24_L128_W0.8050_r013,13,"first n by (realization, geometry_seed, orientation_seed, graph_id); frozen before transformed-graph calculation",24
gaussian_iid_L128_q7_W0.805_r13,FROZEN_REPLAY,SCALING,SCALING,7783e8b53f431c7f2b809fe072c4cce1b6474c1748c6e6e9abad806523f5bc5e,7,24.0,128,0.805,6160150824468491629,3559034236000207361,13,393216,0.95703125,0.0064442952473958,0.0211690266927083,376320,376320,2534,8324,3.284925019731649,0.0051778157552083,0.0147247314453125,0.8248697916666666,2.7096354166666665,1.884765625,19.796875,65.03125,19.796875,65.03125,127.97186652427116,3.579653433218496,127.97186652427116,3.579653433218496,0.9997802072208684,0.0279660424470195,127.9934066828758,8.751484382328997,127.9934066828758,8.751484382328997,0.9999484897099672,0.0683709717369452,36.808309588797066,0.4581919258183966,0.2875649186624771,0.0035796244204562,35.47062320114024,1.4786961839107122,0.2771142437589081,0.0115523139368024,80.33382413505461,23.98776948712411,0.9901341752170482,0.6210956271023547,0.0475552721088435,0.0614802042643229,16.104926570512795,10.102367656946411,0.9885556432517758,0.5910619894281596,0.0,0.0,0.0146014206787687,0.0259490629505045,0.0240726124704025,0.0287121576165305,1,376320,True,0.0221194727891156,True,True,True,False,True,OPEN_NONPERIODIC,1.0,gaussian,R6_REFINE,171828.0,22171.0,8233.0,369912.0,348782.0,2602855.0,171828,22171,8233,141424,2752512,2602855,2611088,369912,348782,12469,40,1205,2823,1,1,1,True,5.0051861249958165,0.045184323011199,3.442997694946825e-06,0.3287593910063151,5.5542508579965215,0.120862325032552,2534,1,0.9997802072208684,0.0279660424470195,1354.85153010048,0.4109774575352107,0.2100645251350986,0.0279598957128287,19.801227166749197,0.825051131947883,0.825051131947883,1.0,0.0614802042643229,0.120862325032552,8.273876906891111,1.0,0.0,0.0260457774269928,0.0386740331491712,8324,1,0.9999484897099672,0.0683709717369452,1258.0860199410747,9.966419211729889,2.265632740505854,0.0683674499283612,65.03459995110565,2.7097749979627355,2.7097749979627355,0.9052138395002404,0.0614802042643229,0.120862325032552,7.489627882439274,0.8888755406054781,0.0,0.0451705910619894,0.058505526189332,0.0960087159863945,0.7735054344385117,0.7943642980600973,0.1608983160112984,359288832,,,,,,,,pair_q7_sigma24_L128_W0.8050_r014,14,"first n by (realization, geometry_seed, orientation_seed, graph_id); frozen before transformed-graph calculation",24
gaussian_iid_L128_q7_W0.805_r14,FROZEN_REPLAY,SCALING,SCALING,06ca4b2415d3d1e8701ad2e655bce767bb363deb1d4822edebdca72478ff3aa2,7,24.0,128,0.805,10714398994419119567,2123816966686241028,14,393216,0.4398523966471354,0.006299336751302,0.0106175740559895,172957,172957,2477,4175,1.685506661283811,0.0053151448567708,0.0043182373046875,0.8063151041666666,1.3590494791666667,0.5527343750000001,19.3515625,32.6171875,19.3515625,32.6171875,127.97209858714876,3.141472710289591,127.97209858714876,3.141472710289591,0.9997820202120996,0.0245427555491374,127.97209858714876,5.326182121181248,127.97209858714876,5.326182121181248,0.9997820202120996,0.0416107978217284,36.89057916593104,0.4690176852214636,0.2882076497338362,0.0036642006657926,38.21766317833219,0.7660654397846322,0.2985754935807202,0.0059848862483174,78.65498536267737,49.88824869723468,0.985062575696407,0.90562874251497,0.0296200789791682,0.0616048177083333,15.99002500681301,14.700615572026356,0.9846588615260397,0.8931736526946108,0.0,0.0,0.0209931368591037,0.0361676646706586,0.0189745660072668,0.0122155688622754,2,140872,False,0.0296368334374467,True,True,True,False,True,OPEN_NONPERIODIC,1.0,gaussian,R6_REFINE,169667.0,21845.0,8350.0,370158.0,348692.0,2604690.0,169667,21845,8350,139472,2752512,2604690,2613040,370158,348692,41233,36,1941,140872,1,1,1,True,5.187758547006524,0.0569680780026828,5.164998583495617e-06,0.4049105580052128,5.793591192006716,0.1210835774739583,2477,1,0.9997820202120996,0.0245427555491374,1360.9143165499822,-0.8368263897353483,0.2204922368935211,0.0245374057244883,19.355781669182893,0.8064909028826205,0.8064909028826205,1.0,0.0616048177083333,0.1210835774739583,8.258758296227843,1.0,0.0,0.0407751312071053,0.0363342753330641,4175,1,0.9997820202120996,0.0416107978217284,1460.54650063445,-7.948861135983488,0.6301344360303734,0.0416017275088449,32.62429893776285,1.359345789073452,1.359345789073452,0.9983233532934132,0.0616048177083333,0.1210835774739583,8.244911276329974,0.9947305389221556,0.0,0.0716167664670658,0.0239520958083832,0.0584422717785345,0.480807834208744,0.4826605969013745,0.1303339509904617,359202816,,,,,,,,pair_q7_sigma24_L128_W0.8050_r015,15,"first n by (realization, geometry_seed, orientation_seed, graph_id); frozen before transformed-graph calculation",24
gaussian_iid_L128_q7_W0.805_r15,FROZEN_REPLAY,SCALING,SCALING,65a5a9a78bcbde3a3e39ff3ae183ac5de8addc6ca04c1cc9cd7154e140d245dd,7,24.0,128,0.805,3525784381421185546,9728774493767030428,15,393216,0.354217529296875,0.0062535603841145,0.0092646280924479,139284,139284,2459,3643,1.481496543310289,0.0050837198893229,0.0030110677083333,0.8004557291666666,1.1858723958333333,0.3854166666666666,19.2109375,28.4609375,19.2109375,28.4609375,127.94636540252137,2.65387085472463,127.94636540252137,2.65387085472463,0.999580979707198,0.0207333660525361,127.94636540252137,4.481728357262497,127.94636540252137,4.481728357262497,0.999580979707198,0.0350135027911132,38.2125810327795,0.400118864832747,0.2985357893185898,0.0031259286315058,39.83128752409134,0.6478162015017532,0.3111819337819635,0.0050610640742324,95.5030726900434,61.48547602198792,0.9926799511996748,0.9511391710129016,0.0370322506533413,0.0619862874348958,16.014508890249086,15.344348086855216,0.989426596177308,0.9398847104035136,0.0,0.0,0.0215534770231801,0.0301948943178698,0.0174867832452216,0.0178424375514685,2,105001,False,0.034694907667546,True,True,True,False,True,OPEN_NONPERIODIC,1.0,gaussian,R6_REFINE,169601.0,21697.0,8234.0,370519.0,353139.0,2604608.0,169601,21697,8234,139670,2752512,2604608,2612842,370519,353139,58950,35,900,105001,1,1,1,True,5.247285579986055,0.0544658400031039,3.412002115510404e-06,0.3377084199892124,5.774094309002976,0.121978759765625,2459,1,0.999580979707198,0.0207333660525361,1460.199236337876,-1.7563718399274324,0.1622079548584589,0.020724678351422,19.2189906470883,0.8007912769620125,0.8007912769620125,1.0,0.0619862874348958,0.121978759765625,8.198148611458594,1.0,0.0,0.0427002846685644,0.0341602277348515,3643,1,0.999580979707198,0.0350135027911132,1586.5197210045983,-4.316070341824947,0.4314106531635653,0.0349988314229217,28.472868209574088,1.1863695087322537,1.1863695087322537,0.9994510019214932,0.0619862874348958,0.121978759765625,8.19364784362359,0.9986275048037332,0.0,0.056821301125446,0.037880867416964,0.088954940983889,0.5974264984370347,0.7292658259094511,0.1207246330013731,356380672,,,,,,,,pair_q7_sigma24_L128_W0.8050_r016,16,"first n by (realization, geometry_seed, orientation_seed, graph_id); frozen before transformed-graph calculation",24
gaussian_iid_L128_q7_W0.805_r16,FROZEN_REPLAY,SCALING,SCALING,9395e138780b913f27876e7917fcf37e470f371bd9ded9159b401abc386b5970,7,24.0,128,0.805,4593127672809587576,8413295898909659687,16,393216,0.9839757283528646,0.0063578287760416,0.0112380981445312,386915,386915,2500,4419,1.7676,0.0053075154622395,0.0048802693684895,0.8138020833333334,1.4384765625,0.6246744791666666,19.53125,34.5234375,19.53125,34.5234375,127.95998602080594,2.514460501266001,127.95998602080594,2.514460501266001,0.9996873907875464,0.0196442226661406,127.99261758741494,5.805241881845021,127.99261758741494,5.805241881845021,0.9999423249016792,0.0453534522019142,36.580459610855925,0.4051118833867291,0.2857848407098119,0.0031649365889588,38.05386670623848,0.7663747183275528,0.2972958336424881,0.005987302486934,90.29717742428052,49.65438681130142,0.9928,0.9008825526137136,0.0511404313608932,0.0620498657226562,16.000034624369853,14.51868657766933,0.9916,0.8943199818963566,0.0,0.0,0.0136,0.0205928943199818,0.0112,0.0187825299841593,1,386915,True,0.0114211131643901,True,True,True,False,True,OPEN_NONPERIODIC,1.0,gaussian,R6_REFINE,171557.0,22026.0,8622.0,370152.0,350951.0,2602981.0,171557,22026,8622,140909,2752512,2602981,2611603,370152,350951,5927,35,867,119,1,1,1,True,5.420645675010746,0.053977224000846,4.697998519986868e-06,0.4056739560037385,6.060670088001643,0.1211471557617187,2500,1,0.9996873907875464,0.0196442226661406,1338.129560892905,-0.7882995114541158,0.1645800866176901,0.0196380817011637,19.537357557959616,0.8140565649149841,0.8140565649149841,1.0,0.0620498657226562,0.1211471557617187,8.25442408212104,1.0,0.0,0.028,0.0232,4419,1,0.9999423249016792,0.0453534522019142,1448.096059302347,-1.0151932168742688,0.5880422027103073,0.0453508364370992,34.525428757498155,1.438559531562423,1.438559531562423,0.996152975786377,0.0620498657226562,0.1211471557617187,8.222669112807608,0.996152975786377,0.0,0.0375650599683186,0.0341706268386512,0.108478606412261,0.8241827885571125,0.8954284211642979,0.1676226669951575,360460288,,,,,,,,pair_q7_sigma24_L128_W0.8050_r017,17,"first n by (realization, geometry_seed, orientation_seed, graph_id); frozen before transformed-graph calculation",24
gaussian_iid_L128_q7_W0.805_r17,FROZEN_REPLAY,SCALING,SCALING,c55adc1884097cfec6e84a9a4216b97fe644408da40f9f3c1dbdee1a7e405ae8,7,24.0,128,0.805,6429217990907285520,6222212454039518241,17,393216,0.5252558390299479,0.005828857421875,0.0100301106770833,206539,206539,2292,3944,1.720767888307155,0.0050811767578125,0.0042012532552083,0.74609375,1.2838541666666667,0.5377604166666667,17.90625,30.8125,17.90625,30.8125,127.9873577894578,3.451055820395922,127.9873577894578,3.451055820395922,0.999901232730139,0.0269613735968431,127.9873577894578,4.068018693912165,127.9873577894578,4.068018693912165,0.999901232730139,0.0317813960461887,36.87328750948068,0.3666321123450911,0.2880725586678178,0.002864313377696,35.856026795562016,0.7212291147700158,0.2801252093403282,0.0056346024591407,100.57298929334875,49.71516826105352,0.9973821989528796,0.9132860040567952,0.0333544754259486,0.0610249837239583,16.343833919963973,14.965772185830836,0.9952006980802792,0.90973630831643,0.0,0.0,0.0152705061082024,0.01394523326572,0.025305410122164,0.0180020283975659,2,164943,False,0.0239112905670443,True,True,True,False,True,OPEN_NONPERIODIC,1.0,gaussian,R6_REFINE,172348.0,22327.0,8428.0,369908.0,351571.0,2602491.0,172348,22327,8428,141593,2752512,2602491,2610919,369908,351571,19127,34,1026,164943,1,1,1,True,5.2938874249957735,0.0605250040098326,3.647000994533301e-06,0.3883504989935318,5.887463721999666,0.121350606282552,2292,1,0.999901232730139,0.0269613735968431,1359.6385878503204,1.0056560012936973,0.1351630123063247,0.0269587106955812,17.9080187261182,0.7461674469215916,0.7461674469215916,1.0,0.0610249837239583,0.121350606282552,8.240585116415534,1.0,0.0,0.0287958115183246,0.0405759162303664,3944,1,0.999901232730139,0.0317813960461887,1285.6544573604808,0.5072361240776531,0.5203716395725215,0.0317782570844689,30.815543567107408,1.2839809819628087,1.2839809819628087,0.9994929006085193,0.0610249837239583,0.121350606282552,8.236406320717554,0.9994929006085193,0.0,0.0286511156186612,0.0278904665314401,0.0807014655827712,0.5465708205154947,0.6650272961543056,0.1315352829988114,359288832,,,,,,,,pair_q7_sigma24_L128_W0.8050_r018,18,"first n by (realization, geometry_seed, orientation_seed, graph_id); frozen before transformed-graph calculation",24
gaussian_iid_L128_q7_W0.805_r18,FROZEN_REPLAY,SCALING,SCALING,ca42c7c08a02c5b458f50335ff9c48149de4bec1418c470531534fde5df4c44d,7,24.0,128,0.805,16334574573290883234,6665082092450601631,18,393216,0.3192316691080729,0.0063120524088541,0.0116933186848958,125527,125527,2482,4598,1.8525382755842064,0.0052668253580729,0.0053812662760416,0.8079427083333334,1.4967447916666667,0.6888020833333334,19.390625,35.921875,19.390625,35.921875,127.81865206046044,2.593026479896338,127.81865206046044,2.593026479896338,0.9985832192223472,0.0202580193741901,127.90113462874513,6.839041442702893,127.90113462874513,6.839041442702893,0.9992276142870712,0.0534300112711163,35.52298265692278,0.4086305109957692,0.2775233020072092,0.0031924258671544,35.37926390473762,0.9100624083777248,0.2764004992557626,0.0071098625654509,86.93179217175627,38.87564586675393,0.9939564867042708,0.8551544149630274,0.0787081663705816,0.0611724853515625,16.248424123884032,13.979396293094776,0.9939564867042708,0.8549369290996085,0.0,0.0,0.0132957292506043,0.0128316659417137,0.0088638195004029,0.0073945193562418,1,125527,True,0.0366295697340014,True,True,True,False,True,OPEN_NONPERIODIC,1.0,gaussian,R6_REFINE,170217.0,22225.0,8303.0,369891.0,350784.0,2604520.0,170217,22225,8303,139689,2752512,2604520,2612823,369891,350784,40139,53,988,112631,1,1,1,True,5.488783335997141,0.0610187300044344,3.134002326987684e-06,0.3985937910038046,6.086265328005538,0.1202545166015625,2482,1,0.9985832192223472,0.0202580193741901,1261.8798371601515,1.7616511529401997,0.1694385784014117,0.0202293182017474,19.41813624216574,0.8090890100902393,0.8090890100902393,1.0,0.0611724853515625,0.1202545166015625,8.315695977667808,1.0,0.0,0.0253827558420628,0.0221595487510072,4598,1,0.9992276142870712,0.0534300112711163,1251.6515831887943,-7.1377589073516,0.8689448394178775,0.0533887426937689,35.949641989857874,1.4979017495774114,1.4979017495774114,0.9878207916485428,0.0611724853515625,0.1202545166015625,8.214417383768419,0.9878207916485428,0.0,0.0252283601565898,0.0163114397564158,0.1545643566722697,1.2866596136848183,1.2853101990704057,0.116990470996825,356515840,,,,,,,,pair_q7_sigma24_L128_W0.8050_r019,19,"first n by (realization, geometry_seed, orientation_seed, graph_id); frozen before transformed-graph calculation",24
gaussian_iid_L128_q7_W0.805_r19,FROZEN_REPLAY,SCALING,SCALING,a7234ff26364eb6665741e2ceaab6c7136d0c40e734abcf3aabada49491844e6,7,24.0,128,0.805,4688524306576409668,4347135371660193113,19,393216,0.6755498250325521,0.006573994954427,0.0143941243489583,265637,265637,2585,5660,2.1895551257253385,0.005401611328125,0.0078201293945312,0.8414713541666666,1.8424479166666667,1.0009765625,20.1953125,44.21875,20.1953125,44.21875,127.96790950525386,2.971982317867329,127.96790950525386,2.971982317867329,0.9997492930097958,0.0232186118583385,127.97842112862308,5.786838223365251,127.97842112862308,5.786838223365251,0.9998314150673678,0.045209673620041,36.31305168958153,0.460024030546457,0.2836957163248557,0.0035939377386441,35.79394654743751,1.0233016884741073,0.2796402074018555,0.0079945444412039,78.93729300716245,34.978879592011154,0.9852998065764024,0.7911660777385159,0.0390118846395645,0.0611114501953125,16.12299828309391,12.946282164961644,0.9845261121856866,0.7837455830388692,0.0,0.0,0.0143133462282398,0.0097173144876325,0.0150870406189555,0.0242049469964664,2,96008,False,0.0589534205482876,True,True,True,False,True,OPEN_NONPERIODIC,1.0,gaussian,R6_REFINE,170369.0,22046.0,8510.0,370095.0,349498.0,2604189.0,170369,22046,8510,139813,2752512,2604189,2612699,370095,349498,23847,32,1790,96008,1,1,1,True,5.388695022993488,0.0554382639966206,6.313988706097007e-06,0.3791617610113462,5.983291595999617,0.1205902099609375,2585,1,0.9997492930097958,0.0232186118583385,1318.63771772849,0.0834480114540833,0.2116273904101724,0.0232127907900427,20.200376875687496,0.8416823698203122,0.8416823698203122,1.0,0.0611114501953125,0.1205902099609375,8.292547133999747,1.0,0.0,0.0263056092843326,0.0270793036750483,5660,1,0.9998314150673678,0.045209673620041,1281.1243962466235,10.258617817428595,1.1293595398237657,0.0452020519502594,44.226205871937495,1.842758577997396,1.842758577997396,0.9754416961130742,0.0611114501953125,0.1205902099609375,8.088896241486326,0.9745583038869258,0.0,0.0196113074204947,0.0473498233215547,0.0888392806724966,0.6383727519946317,0.7367039223273114,0.1453857720043743,360312832,,,,,,,,pair_q7_sigma24_L128_W0.8050_r020,20,"first n by (realization, geometry_seed, orientation_seed, graph_id); frozen before transformed-graph calculation",24
gaussian_iid_L128_q7_W0.805_r20,FROZEN_REPLAY,SCALING,SCALING,164d94778db9e8e97ab806bb293180a8f771f441355920e3180c2f31f587cbe4,7,24.0,128,0.805,5298617954072494676,12679546620346881797,20,393216,0.6377817789713541,0.0061518351236979,0.017529805501302,250786,250786,2419,6893,2.8495245969408844,0.00518798828125,0.0113779703776041,0.7874348958333334,2.2438151041666665,1.456380208333333,18.8984375,53.8515625,18.8984375,53.8515625,127.99819235057518,2.8845311049232976,127.99819235057518,2.8845311049232976,0.9999858777388686,0.0225353992572132,127.99819235057518,7.14286957537972,127.99819235057518,7.14286957537972,0.9999858777388686,0.055803668557654,37.57441013708659,0.3905378879307583,0.2935500791959889,0.003051077249459,38.640046571189,1.2728399523189098,0.3018753638374141,0.0099440621274914,96.21194587847124,30.357348935184703,0.9950392724266226,0.7092702741912085,0.030480170344437,0.0615514119466145,16.165986140003586,11.523216962210066,0.99338569656883,0.7047729580734078,0.0,0.0,0.0223232740801984,0.0087044828086464,0.0181893344357172,0.0165385173364282,3,52961,False,0.130152376276883,True,True,True,False,True,OPEN_NONPERIODIC,1.0,gaussian,R6_REFINE,170489.0,21962.0,8377.0,370216.0,347365.0,2603985.0,170489,21962,8377,140150,2752512,2603985,2612362,370216,347365,28135,41,1662,57698,1,1,1,True,5.030755208994378,0.0480851939937565,3.3470132621005177e-06,0.3581495010002982,5.589989054002217,0.1210276285807291,2419,1,0.9999858777388686,0.0225353992572132,1411.8356101266627,-0.984814307702648,0.1532068652415877,0.0225350810064202,18.898704392438475,0.7874460163516032,0.7874460163516032,1.0,0.0615514119466145,0.1210276285807291,8.262576171464593,1.0,0.0,0.0396858205870194,0.0297643654402645,6893,1,0.9999858777388686,0.055803668557654,1493.0201793801348,7.017513680497664,1.6531411877395552,0.0558028804836746,53.85232301656817,2.243846792357008,2.243846792357008,0.9422602640359784,0.0615514119466145,0.1210276285807291,7.785497204941612,0.9419701146090236,0.0,0.0168286667633831,0.0300304656898302,0.0615983348352778,0.4951985564664783,0.5089609336118645,0.1399911440094001,356380672,,,,,,,,pair_q7_sigma24_L128_W0.8050_r021,21,"first n by (realization, geometry_seed, orientation_seed, graph_id); frozen before transformed-graph calculation",24
gaussian_iid_L128_q7_W0.805_r21,FROZEN_REPLAY,SCALING,SCALING,4c93e12535e90b1359ca1f72dd21fdea3c6558747871251462cd5b644eb31253,7,24.0,128,0.805,11284598016601390760,11048363596849849106,21,393216,0.8185246785481771,0.0064570109049479,0.0113499959309895,321857,321857,2539,4463,1.7577786530129973,0.0052566528320312,0.0048929850260416,0.8264973958333334,1.4527994791666667,0.6263020833333334,19.8359375,34.8671875,19.8359375,34.8671875,127.99314335232222,2.7593629482357613,127.99314335232222,2.7593629482357613,0.9999464324400174,0.0215575230330918,127.99314335232222,5.962739187022578,127.99314335232222,5.962739187022578,0.9999464324400174,0.0465838998986138,36.98004114317322,0.4121143866067041,0.2889065714310407,0.0032196436453648,35.74772953060114,0.8112253553218038,0.2792791369578214,0.0063376980884515,89.73246832672365,44.06633655628333,0.9897597479322569,0.8814698633206364,0.049018663567982,0.0615183512369791,16.0888536189719,14.328567745989556,0.9897597479322569,0.8803495406677123,0.0,0.0,0.0118156754627806,0.0107550974680708,0.0157542339503741,0.0134438718350885,1,321857,True,0.0138664065097232,True,True,True,False,True,OPEN_NONPERIODIC,1.0,gaussian,R6_REFINE,171061.0,22136.0,8464.0,370022.0,346635.0,2603587.0,171061,22136,8464,140461,2752512,2603587,2612051,370022,346635,23741,30,1736,43514,1,1,1,True,5.006877091000206,0.0468175069981953,3.2999960239976645e-06,0.3619728500052588,5.587089961001766,0.1212641398111979,2539,1,0.9999464324400174,0.0215575230330918,1367.5232672245131,0.490183555766947,0.1700139939185871,0.0215563682491837,19.837000119693787,0.8265416716539079,0.8265416716539079,1.0,0.0615183512369791,0.1212641398111979,8.246461002873142,1.0,0.0,0.0240252067743205,0.0263883418668767,4463,1,0.9999464324400174,0.0465838998986138,1277.899575402413,-0.8689609667530488,0.658677767716687,0.0465814045127618,34.86905535021401,1.452877306258917,1.452877306258917,0.9950705803271342,0.0615183512369791,0.1212641398111979,8.205810735774058,0.9950705803271342,0.0,0.0228545821196504,0.0226305175890656,0.0970834873872558,0.7968136756323949,0.8005951927619317,0.1592977499967673,360460288,,,,,,,,pair_q7_sigma24_L128_W0.8050_r022,22,"first n by (realization, geometry_seed, orientation_seed, graph_id); frozen before transformed-graph calculation",24
gaussian_iid_L128_q7_W0.805_r22,FROZEN_REPLAY,SCALING,SCALING,9f6940bab62f9b06678516adcb5aba6daa62625d374ed963832a7fda8468e8e6,7,24.0,128,0.805,12923416282862128457,9352390377317204358,22,393216,0.8730112711588541,0.0061594645182291,0.0101826985677083,343282,343282,2422,4004,1.653179190751445,0.005109151204427,0.0040232340494791,0.7884114583333334,1.3033854166666667,0.5149739583333334,18.921875,31.28125,18.921875,31.28125,127.91994026497136,2.7864721931195646,127.91994026497136,2.7864721931195646,0.9993745333200889,0.0217693140087466,127.91994026497136,5.455013452358813,127.91994026497136,5.455013452358813,0.9993745333200889,0.0426172925965532,36.46615473591525,0.3879490193873793,0.2848918338743378,0.0030308517139639,35.64997674740916,0.7909925400096065,0.278515443339134,0.006179629218825,93.99728550287335,45.06992789966918,0.9979355904211396,0.8888611388611388,0.0371851713751376,0.0617701212565104,16.155635930793316,14.389823441822289,0.9979355904211396,0.8888611388611388,0.0,0.0,0.0103220478943022,0.0107392607392607,0.0127993393889347,0.0089910089910089,2,32336,False,0.1238248391885205,True,True,True,False,True,OPEN_NONPERIODIC,1.0,gaussian,R6_REFINE,170491.0,21650.0,8404.0,370548.0,352269.0,2603671.0,170491,21650,8404,140437,2752512,2603671,2612075,370548,352269,16946,48,668,32336,1,1,1,True,5.191191423989949,0.0520056740060681,3.412002115510404e-06,0.3882320310076466,5.802208083987352,0.1213251749674479,2422,1,0.9993745333200889,0.0217693140087466,1329.77780935781,-1.8706685352270047,0.1531363075475179,0.0217556980281896,18.933717409366416,0.788904892056934,0.788904892056934,1.0,0.0617701212565104,0.1213251749674479,8.242312448906869,1.0,0.0,0.0264244426094137,0.0255986787778695,4004,1,0.9993745333200889,0.0426172925965532,1270.8503820679307,-9.460447258723647,0.6961292212336514,0.042590636900046,31.30082762473292,1.3042011510305382,1.3042011510305382,0.994005994005994,0.0617701212565104,0.1213251749674479,8.192907978683651,0.994005994005994,0.0,0.0284715284715284,0.0207292707292707,0.0823899884060335,0.6019928505679988,0.6790840271043427,0.1545342320023337,359288832,,,,,,,,pair_q7_sigma24_L128_W0.8050_r023,23,"first n by (realization, geometry_seed, orientation_seed, graph_id); frozen before transformed-graph calculation",24
gaussian_iid_L128_q7_W0.805_r23,FROZEN_REPLAY,SCALING,SCALING,8b89adcf83f98d559116bbccaf0c5a1125a667c0fa1d98badde4ae5da3949f46,7,24.0,128,0.805,5797620660727937147,2547394744985847370,23,393216,0.45611572265625,0.0064366658528645,0.0112762451171875,179352,179352,2531,4434,1.7518767285657844,0.0053253173828125,0.0048395792643229,0.8238932291666666,1.443359375,0.6194661458333334,19.7734375,34.640625,19.7734375,34.640625,127.8985231862031,2.8983833898026035,127.8985231862031,2.8983833898026035,0.9992072123922116,0.0226436202328328,127.8985231862031,6.072579340017796,127.8985231862031,6.072579340017796,0.9992072123922116,0.047442026093889,37.335192461928095,0.4338127104104934,0.2916811911088132,0.0033891618000819,34.69134700951222,0.9185992657348272,0.2710261485118142,0.0071765567635533,86.06292892294425,37.76548523774522,0.9905175819834058,0.8603969327920613,0.0285583656719746,0.0613377888997395,16.148570069952605,14.027191853922766,0.9905175819834058,0.8576905728461885,0.0,0.0,0.0146187277755827,0.0087956698240866,0.0181746345318056,0.0187189896256202,3,23469,False,0.1889300779752013,True,True,True,False,True,OPEN_NONPERIODIC,1.0,gaussian,R6_REFINE,169697.0,21733.0,8416.0,370526.0,352446.0,2604548.0,169697,21733,8416,139548,2752512,2604548,2612964,370526,352446,29386,34,997,159532,1,1,1,True,4.922175073996186,0.0541552790091373,4.61698800791055e-06,0.363228269998217,5.475535396995838,0.1214803059895833,2531,1,0.9992072123922116,0.0226436202328328,1393.9165932308406,0.0639944711402992,0.1881964060855774,0.0226256686513167,19.789126073920364,0.8245469197466818,0.8245469197466818,1.0,0.0613377888997395,0.1214803059895833,8.231786970356724,1.0,0.0,0.0296325563018569,0.0355590675622283,4434,1,0.9992072123922116,0.047442026093889,1203.4745390159949,4.249881290524868,0.8588429294060691,0.0474044146435134,34.66810944755547,1.4445045603148112,1.4445045603148112,0.9851150202976996,0.0613377888997395,0.1214803059895833,8.109256988389303,0.9851150202976996,0.0,0.019170049616599,0.0376635092467298,0.0570275212988982,0.4655917043024665,0.4694384067800112,0.1236254819959867,360312832,,,,,,,,pair_q7_sigma24_L128_W0.8050_r024,24,"first n by (realization, geometry_seed, orientation_seed, graph_id); frozen before transformed-graph calculation",24
new_q7_sigma24_L256_W0.805_r001,NEW_SCALING_PRODUCTION,SCALING,NEW_SCALING,22e463304a7a2dbebc1c7b8973d8302de8adade47b5f01cfbccd58e833d1ff02,7,24.0,256,0.805,407302382256070282,15138323546896750450,1,1572864,0.9916057586669922,0.0032672882080078,0.0062821706136067,1559661,1559661,5139,9881,1.9227476162677564,0.0026105244954427,0.0030148824055989,0.83642578125,1.6082356770833333,0.7718098958333333,20.07421875,38.59765625,20.07421875,38.59765625,255.9973517533736,4.0252382749253,255.9973517533736,4.0252382749253,0.9999896552866157,0.0157235870114269,255.9973517533736,5.532006590083881,255.9973517533736,5.532006590083881,0.9999896552866157,0.0216094007425151,73.89886871099394,0.4435992688810665,0.28866745590232,0.0017328096440666,74.56457535443344,0.8303118873052575,0.2912678724782556,0.0032434058097861,166.58924821358752,89.8030926624809,0.9891029383148472,0.8612488614512701,0.0254760489619218,0.0308539072672526,32.05762335860298,27.91376968859219,0.9891029383148472,0.8612488614512701,0.0,0.0,0.0048647596808717,0.003643355935634,0.008951157812804,0.0050602165772695,1,1559661,True,0.0063353510794974,,,,True,True,OPEN_NONPERIODIC,1.0,,new frozen-seed production,,,,,,,674432,83354,28782,562296,11010048,10418970,10447752,1485213,1408774,12581,55,1501,158,1,1,1,,33.717438721010694,5.274316173003172,2.674947016988881,2.3955247289995896,45.14881885000796,0.0613187154134114,5139,1,0.9999896552866157,0.0157235870114269,5461.042743728452,-0.5381662267259868,0.196833347619371,0.0157234243554259,20.07442641418761,0.8364344339244837,0.8364344339244837,0.9998054096127652,0.0308539072672526,0.0613187154134114,16.305061234112063,0.9998054096127652,0.0,0.0110916520723876,0.0161510021404942,9881,1,0.9999896552866157,0.0216094007425151,5559.868452088877,6.433659052461443,0.6968635283058834,0.021609177199458,38.59805553582172,1.608252313992571,1.608252313992571,0.9945349660965488,0.0308539072672526,0.0613187154134114,16.219109604488338,0.9945349660965488,0.0,0.0086023681813581,0.0105252504807205,0.0549330912294402,0.8256992782551515,0.895861742358442,1.0040440559969284,941400064,20260924.0,numpy.PCG64; deterministic condition-major sequence,BENCHMARK_AND_PRODUCTION,1.0,2.0,24.0,239.0,pair_q7_sigma24_L256_W0.8050_r001,1,"first n by (realization, geometry_seed, orientation_seed, graph_id); frozen before transformed-graph calculation",24
new_q7_sigma24_L256_W0.805_r002,NEW_SCALING_PRODUCTION,SCALING,NEW_SCALING,73fa39a348fe777a1e01258cef24c0765db017e2bb540bd26bdf0ef300a79215,7,24.0,256,0.805,10898541309838070974,6987869517004659130,2,1572864,0.9883136749267578,0.0031782786051432,0.0054187774658203,1554483,1554483,4999,8523,1.7049409881976396,0.0020128885904947,0.002240498860677,0.8136393229166666,1.38720703125,0.5735677083333334,19.52734375,33.29296875,19.52734375,33.29296875,255.97492229266885,3.598572086993016,255.97492229266885,3.598572086993016,0.9999020402057376,0.0140569222148164,255.98132987006844,4.502638550199833,255.98132987006844,4.502638550199833,0.9999270698049548,0.0175884318367181,73.50743229816581,0.4288620816032016,0.2871384074147102,0.0016752425062625,74.20539999014859,0.7234053868701077,0.2898648437115179,0.0028258022924613,171.40109944757833,102.57789247493214,0.98999799959992,0.9162266807462162,0.0254103775982111,0.031222661336263,31.70767504210488,29.34492581777712,0.9881976395279056,0.9128241229613986,0.0,0.0,0.011002200440088,0.0082130705150768,0.006001200240048,0.0113809691423207,1,1554483,True,0.0054828518549254,,,,True,True,OPEN_NONPERIODIC,1.0,,new frozen-seed production,,,,,,,674860,83920,29138,561802,11010048,10419108,10448246,1484891,1410951,16534,34,1585,751,1,1,1,,34.0382191670069,5.441292780000367,2.5372046240081545,2.7556168580049416,45.844177448991104,0.0616111755371093,4999,1,0.9999020402057376,0.0140569222148164,5403.342134367053,1.5913745931406338,0.1843913874137666,0.0140555452016083,19.52925683198136,0.8137190346658899,0.8137190346658899,1.0,0.031222661336263,0.0616111755371093,16.230821620952263,1.0,0.0,0.0192038407681536,0.0126025205041008,8523,1,0.9999270698049548,0.0175884318367181,5506.436529786055,5.171773512928618,0.5281732656425687,0.0175871491089537,33.29539698979657,1.3873082079081904,1.3873082079081904,0.9985920450545582,0.031222661336263,0.0616111755371093,16.20796935538246,0.9985920450545582,0.0,0.0151355156634987,0.0201806875513316,0.0532903865786888,0.8138440642373642,0.8649467586702875,0.979071986002964,942526464,20260924.0,numpy.PCG64; deterministic condition-major sequence,BENCHMARK_AND_PRODUCTION,2.0,2.0,24.0,240.0,pair_q7_sigma24_L256_W0.8050_r002,2,"first n by (realization, geometry_seed, orientation_seed, graph_id); frozen before transformed-graph calculation",24
new_q7_sigma24_L256_W0.805_r003,NEW_SCALING_PRODUCTION,SCALING,NEW_SCALING,62ebe51fb6554ed78ddfe84adfc0a569089488f5b96c20068ef40fa4ef2cf943,7,24.0,256,0.805,1630746095019188899,11590521327748944231,3,1572864,0.8758773803710938,0.0031490325927734,0.0052089691162109,1377636,1377636,4953,8193,1.6541490006056936,0.0026143391927083,0.0020599365234375,0.80615234375,1.33349609375,0.52734375,19.34765625,32.00390625,19.34765625,32.00390625,255.96450216306647,2.5506131209806995,255.96450216306647,2.5506131209806995,0.9998613365744784,0.0099633325038308,255.9722250146593,5.06336901077654,255.9722250146593,5.06336901077654,0.9998915039635128,0.0197787851983458,75.252645794136,0.4096949837317352,0.2939556476333437,0.001600371030202,78.32227185692214,0.7557607372057762,0.3059463744411021,0.00295219037971,183.6796855765527,103.63368722553363,0.9929335756107408,0.9068717197607714,0.0177978798463454,0.0308170318603515,32.22028585070274,29.427614050252853,0.9929335756107408,0.9063834981081412,0.0,0.0,0.0082778114274177,0.0053704381789332,0.0086816071068039,0.0076894910289271,2,148179,False,0.0552912356001862,,,,True,True,OPEN_NONPERIODIC,1.0,,new frozen-seed production,,,,,,,674221,82969,28535,562717,11010048,10418796,10447331,1485808,1409451,42305,45,2856,148179,1,1,1,,30.9775869629957,4.680256478008232,2.5570538159954594,2.212405591999413,41.1138353330025,0.0613950093587239,4953,1,0.9998613365744784,0.0099633325038308,5662.960682338191,0.3073313812364059,0.1678666591993342,0.0099619509540162,19.35033943435097,0.8062641430979572,0.8062641430979572,1.0,0.0308170318603515,0.0613950093587239,16.287968850319988,1.0,0.0,0.0155461336563698,0.0167575206945285,8193,1,0.9998915039635128,0.0197787851983458,6134.364339251116,-9.243438397478585,0.5851038704040875,0.0197766392785453,32.00737892375157,1.3336407884896486,1.3336407884896486,0.9946295618210668,0.0308170318603515,0.0613950093587239,16.200495320548953,0.9946295618210668,0.0,0.0123275967289149,0.0145245941657512,0.0397289269444178,0.5775338756502307,0.647103524527316,0.6260814260022016,941129728,20260924.0,numpy.PCG64; deterministic condition-major sequence,BENCHMARK_AND_PRODUCTION,4.0,2.0,24.0,241.0,pair_q7_sigma24_L256_W0.8050_r003,3,"first n by (realization, geometry_seed, orientation_seed, graph_id); frozen before transformed-graph calculation",24
new_q7_sigma24_L256_W0.805_r004,NEW_SCALING_PRODUCTION,SCALING,NEW_SCALING,431370f98ae07750807675607cdecdf18336788158389778c7f64174a8c13fd5,7,24.0,256,0.805,8151141439397300814,16272614022676428198,4,1572864,0.451303482055664,0.0032615661621093,0.0060787200927734,709839,709839,5130,9561,1.8637426900584797,0.0026632944742838,0.002817153930664,0.8349609375,1.55615234375,0.72119140625,20.0390625,37.34765625,20.0390625,37.34765625,255.9656090913311,3.2147057799952563,255.9656090913311,3.2147057799952563,0.999865660513012,0.0125574444531064,255.9835727685728,6.392755808442388,255.9835727685728,6.392755808442388,0.9999358311272376,0.024971702376728,72.34016955249959,0.4456633130388049,0.2825787873144515,0.0017408723165578,76.33068348940914,0.9334479388287756,0.2981667323805044,0.0036462810110499,162.32022568615776,81.77283414989749,0.9892787524366472,0.8510616044346826,0.0177223285843691,0.0308698018391927,32.046812531872035,27.56938994516523,0.9892787524366472,0.839451940173622,0.0,0.0,0.0070175438596491,0.0162116933375169,0.0050682261208577,0.0149565944984834,3,153779,False,0.0621736387933332,,,,True,True,OPEN_NONPERIODIC,1.0,,new frozen-seed production,,,,,,,673899,83975,29214,560710,11010048,10420124,10449338,1484728,1407710,79616,65,5358,590607,1,1,1,,30.877711237990297,4.62655887400615,2.441303842002526,2.1259325119899586,40.80658272300207,0.0613365173339843,5130,1,0.999865660513012,0.0125574444531064,5233.100130632753,0.0362875297154423,0.1986160402244194,0.0125557574924607,20.04175489907148,0.835073120794645,0.835073120794645,1.0,0.0308698018391927,0.0613365173339843,16.303501461533678,1.0,0.0,0.0153996101364522,0.0134502923976608,9561,1,0.9999358311272376,0.024971702376728,5826.37195727625,-2.7356768948404016,0.8726097386099055,0.0249700999707356,37.35005296079611,1.556252206699838,1.556252206699838,0.989436251438134,0.0308698018391927,0.0613365173339843,16.131275371416024,0.9877627863194226,0.0,0.0325279782449534,0.0285534985880138,0.039308913711419,0.5740992014360335,0.6408729321454221,0.6634752329991898,941346816,20260924.0,numpy.PCG64; deterministic condition-major sequence,BENCHMARK_AND_PRODUCTION,6.0,2.0,24.0,242.0,pair_q7_sigma24_L256_W0.8050_r004,4,"first n by (realization, geometry_seed, orientation_seed, graph_id); frozen before transformed-graph calculation",24
new_q7_sigma24_L256_W0.805_r005,NEW_SCALING_PRODUCTION,SCALING,NEW_SCALING,d51042f7b0a595fc64572fe576572a6f24ebb71b1a848b731c89025606acdd81,7,24.0,256,0.805,1355782271009203375,1456198691152206362,5,1572864,0.7413864135742188,0.0031057993570963,0.0071773529052734,1166100,1166100,4885,11289,2.310951893551689,0.0015792846679687,0.004071553548177,0.7950846354166666,1.83740234375,1.0423177083333337,19.08203125,44.09765625,19.08203125,44.09765625,255.8946982000679,2.58445769630967,255.8946982000679,2.58445769630967,0.9995886648440152,0.0100955378762096,255.8946982000679,7.696588550655775,255.8946982000679,7.696588550655775,0.9995886648440152,0.0300647990259991,74.84734154062657,0.3917159808498475,0.2923724278930725,0.0015301405501947,80.3694680571083,1.2047291374294091,0.3139432345980793,0.0047059731930836,191.07553737848912,66.7116495817447,0.9940634595701126,0.7533882540526176,0.0255166795300574,0.0312843322753906,31.77512151512591,24.08196689066813,0.9938587512794268,0.7525024359996457,0.0,0.0,0.00532241555783,0.0062007263708034,0.0108495394063459,0.0065550535919922,1,1166100,True,0.0096809879084126,,,,True,True,OPEN_NONPERIODIC,1.0,,new frozen-seed production,,,,,,,676503,83556,29054,563893,11010048,10417101,10446155,1485217,1409928,51194,67,2930,341817,1,1,1,,30.93260774499504,4.559840596994036,2.497555221998482,2.1956502419925528,41.088517579002655,0.0618527730305989,4885,1,0.9995886648440152,0.0100955378762096,5602.123570945144,2.3247630912153627,0.154406163713838,0.0100913852265625,19.089883590244323,0.7954118162601802,0.7954118162601802,1.0,0.0312843322753906,0.0618527730305989,16.167423884217666,1.0,0.0,0.0122824974411463,0.0221084953940634,11289,1,0.9995886648440152,0.0300647990259991,6458.960349616704,-43.35243048301089,1.7424184604202833,0.0300524323172021,44.11580263055644,1.8381584429398516,1.8381584429398516,0.9345380458853751,0.0312843322753906,0.0618527730305989,15.10907272375732,0.9345380458853751,0.0,0.0155903977323057,0.014350252458145,0.0505153931909784,0.8156376586669165,0.8167037743964719,0.8472724799939897,908189696,20260924.0,numpy.PCG64; deterministic condition-major sequence,PRODUCTION_PENDING,,2.0,24.0,243.0,pair_q7_sigma24_L256_W0.8050_r005,5,"first n by (realization, geometry_seed, orientation_seed, graph_id); frozen before transformed-graph calculation",24
new_q7_sigma24_L256_W0.805_r006,NEW_SCALING_PRODUCTION,SCALING,NEW_SCALING,44ea669c0c4cbe3d9b43b762e6995a21005186183283ca2e2b5039c7123cf16c,7,24.0,256,0.805,7051222358130670194,3171066387391728087,6,1572864,0.9876015981038412,0.0032024383544921,0.0072256724039713,1553363,1553363,5037,11365,2.2563033551717293,0.002637227376302,0.0040232340494791,0.81982421875,1.8497721354166667,1.0299479166666667,19.67578125,44.39453125,19.67578125,44.39453125,255.96492170133052,3.8909783445451183,255.96492170133052,3.8909783445451183,0.9998629753958224,0.0151991341583793,255.9716998944296,6.55678440187981,255.9716998944296,6.55678440187981,0.9998894527126156,0.025612439069843,73.37541210156799,0.4402885735361088,0.2866227035217499,0.0017198772403754,72.77073207844604,1.124111523427786,0.2842606721814298,0.0043910606383897,166.65300103580896,64.73622106154035,0.9880881477069684,0.7598768147822261,0.0254074546644924,0.031039555867513,31.83319219915555,24.4809177691082,0.9880881477069684,0.7551253849538055,0.0,0.0,0.0057573952749652,0.0049274087109546,0.0085368274766726,0.0124945006599208,1,1553363,True,0.0073163838716385,,,,True,True,OPEN_NONPERIODIC,1.0,,new frozen-seed production,,,,,,,674946,83400,29119,562427,11010048,10418502,10447621,1485369,1408510,15676,47,3395,2767,1,1,1,,30.69762226499733,4.77502554700186,2.451933125994401,2.369666191007127,41.17552599099872,0.0615043640136718,5037,1,0.9998629753958224,0.0151991341583793,5383.950317925773,2.053359282042059,0.1946371771443815,0.0151970515030374,19.67847768561569,0.819936570233987,0.819936570233987,1.0,0.031039555867513,0.0615043640136718,16.259008869317125,1.0,0.0,0.0140956918800873,0.0186619019257494,11365,1,0.9998894527126156,0.025612439069843,5295.574645802756,5.041851338677558,1.268428147323177,0.0256096076841805,44.39943948759674,1.8499766453165307,1.8499766453165307,0.9692036955565332,0.031039555867513,0.0615043640136718,15.758291482228609,0.968939727232732,0.0,0.0102067751869775,0.0217333919929608,0.0533011279398311,0.8185508443786951,0.8666235119183221,0.8149592699919594,941400064,20260924.0,numpy.PCG64; deterministic condition-major sequence,PRODUCTION_PENDING,,2.0,24.0,244.0,pair_q7_sigma24_L256_W0.8050_r006,6,"first n by (realization, geometry_seed, orientation_seed, graph_id); frozen before transformed-graph calculation",24
new_q7_sigma24_L256_W0.805_r007,NEW_SCALING_PRODUCTION,SCALING,NEW_SCALING,1d349e6072895b1cfb8d14a2872738b8e2ab4757ba9202b4c32b8bbca2d3e09b,7,24.0,256,0.805,2759055210233142366,13177858783278893433,7,1572864,0.9860121409098308,0.0032704671223958,0.0053730010986328,1550863,1550863,5144,8451,1.6428849144634523,0.0016282399495442,0.0021025339762369,0.8372395833333334,1.37548828125,0.5382486979166666,20.09375,33.01171875,20.09375,33.01171875,255.8891382293832,2.870683988608647,255.8891382293832,2.870683988608647,0.999566946208528,0.0112136093305025,255.8891382293832,4.889214781836557,255.8891382293832,4.889214781836557,0.999566946208528,0.019098495241549,74.84886785608215,0.4185574209102458,0.2923783900628209,0.0016349899254306,72.35171454381755,0.7585648377788878,0.2826238849367873,0.0029631438975737,178.82580529406627,95.37973676141732,0.9918351477449456,0.9071115844278784,0.0249686787291978,0.0310509999593098,31.94213226771036,29.213602963401595,0.9916407465007776,0.906283280085197,0.0,0.0,0.0054432348367029,0.0054431428233345,0.0069984447900466,0.0054431428233345,1,1550863,True,0.005449224077175,,,,True,True,OPEN_NONPERIODIC,1.0,,new frozen-seed production,,,,,,,674774,83897,29069,561808,11010048,10419171,10448240,1484947,1403286,19278,37,3275,1569,1,1,1,,30.564584844003548,4.668895044989768,2.433564317994751,2.307788573001744,40.920562749000965,0.0616474151611328,5144,1,0.999566946208528,0.0112136093305025,5602.353015166701,0.1528533518004258,0.1751944851462572,0.0112087532344658,20.10245544454816,0.8376023101895066,0.8376023101895066,1.0,0.0310509999593098,0.0616474151611328,16.221280282169488,1.0,0.0,0.0130248833592535,0.0132192846034214,8451,1,0.999566946208528,0.019098495241549,5234.770574654432,-0.3452710323235253,0.5754433887432849,0.0190902245657732,33.026020793521866,1.376084199730078,1.376084199730078,0.9964501242456514,0.0310509999593098,0.0616474151611328,16.16369675259132,0.9964501242456514,0.0,0.0121879067565968,0.0101763104957993,0.0525636371491227,0.8041183460087448,0.8526494908461769,0.8740606849896722,907755520,20260924.0,numpy.PCG64; deterministic condition-major sequence,PRODUCTION_PENDING,,2.0,24.0,245.0,pair_q7_sigma24_L256_W0.8050_r007,7,"first n by (realization, geometry_seed, orientation_seed, graph_id); frozen before transformed-graph calculation",24
new_q7_sigma24_L256_W0.805_r008,NEW_SCALING_PRODUCTION,SCALING,NEW_SCALING,301ddf59e211b6ad044134434e1802a06de38f806feca6f1ee856894ed0a3832,7,24.0,256,0.805,12189443633789346967,10447406747342441857,8,1572864,0.6801033020019531,0.0030600229899088,0.0051549275716145,1069710,1069710,4813,8108,1.6846041969665488,0.0025978088378906,0.0020949045817057,0.7833658854166666,1.3196614583333333,0.5362955729166666,18.80078125,31.671875,18.80078125,31.671875,255.90985821971293,2.722876151715866,255.90985821971293,2.722876151715866,0.9996478836707536,0.0106362349676401,255.90985821971293,6.169442753892156,255.90985821971293,6.169442753892156,0.9996478836707536,0.0240993857573912,73.96316005879761,0.3724122363975342,0.2889185939796782,0.0014547352984278,77.53611630124152,0.8447619758412437,0.3028754543017247,0.0032998514681298,198.6056118194921,91.78457188964776,0.9956368169540828,0.8802417365564874,0.0265707528208579,0.0309015909830729,32.21959728544289,28.48532093505026,0.9956368169540828,0.8801184015786877,0.0,0.0,0.006648659879493,0.0069067587567834,0.0060253480157905,0.0044400592007893,1,1069710,True,0.0075796243841788,,,,True,True,OPEN_NONPERIODIC,1.0,,new frozen-seed production,,,,,,,673915,83039,28848,562028,11010048,10419172,10448020,1485719,1411386,42126,52,1570,452591,1,1,1,,30.711359084001742,4.707595883999602,2.230178451995016,2.4384893090027617,40.89589692399022,0.0613721211751302,4813,1,0.9996478836707536,0.0106362349676401,5470.54840022331,-1.8793681798594104,0.1393365338227313,0.0106324897756262,18.80740364393376,0.7836418184972399,0.7836418184972399,1.0,0.0309015909830729,0.0613721211751302,16.294043302600226,1.0,0.0,0.0128817785165177,0.0137128610014543,8108,1,0.9996478836707536,0.0240993857573912,6011.801839559314,-16.896026701238096,0.7611143161633745,0.0240908999701412,31.68303111261477,1.3201262963589488,1.3201262963589488,0.9916132215096202,0.0309015909830729,0.0613721211751302,16.15738877070866,0.9916132215096202,0.0,0.0140601874691662,0.0119634928465712,0.0528489029737031,0.8598506411987897,0.8611223135484372,0.7362219060014468,942686208,20260924.0,numpy.PCG64; deterministic condition-major sequence,PRODUCTION_PENDING,,2.0,24.0,246.0,pair_q7_sigma24_L256_W0.8050_r008,8,"first n by (realization, geometry_seed, orientation_seed, graph_id); frozen before transformed-graph calculation",24
new_q7_sigma24_L256_W0.805_r009,NEW_SCALING_PRODUCTION,SCALING,NEW_SCALING,743d30882dcb171a91b6ef4a220442d723d17390b1adb0b2db66fb36d47dc29b,7,24.0,256,0.805,8799919093756005008,8297520681837593978,9,1572864,0.8356825510660807,0.0032596588134765,0.0068473815917968,1314415,1314415,5127,10770,2.100643651258045,0.0026791890462239,0.0035877227783203,0.83447265625,1.7529296875,0.91845703125,20.02734375,42.0703125,20.02734375,42.0703125,255.96524721673788,4.032804931350739,255.96524721673788,4.032804931350739,0.9998642469403825,0.0157531442630888,255.96524721673788,6.563498765066726,255.96524721673788,6.563498765066726,0.9998642469403825,0.0256386670510418,74.95988746273505,0.4498758938475856,0.2928120604013088,0.0017573277103421,76.05581719052103,1.1063931848513753,0.2970930359004727,0.0043218483783256,166.6234810263714,68.74212371503157,0.992783304076458,0.7896935933147632,0.0189772636496083,0.0310014088948567,32.02381244812276,25.472829186346296,0.98751706651063,0.784958217270195,0.0,0.0,0.0060464209089135,0.009192200557103,0.019699629412912,0.0103064066852367,2,219312,False,0.0491081199387174,,,,True,True,OPEN_NONPERIODIC,1.0,,new frozen-seed production,,,,,,,673989,83253,29140,561596,11010048,10419312,10448452,1485278,1409378,36557,60,1197,219312,1,1,1,,31.00372757599689,4.557372087991098,2.490477136991103,2.258636690006824,41.143996735001565,0.0615723927815755,5127,1,0.9998642469403825,0.0157531442630888,5618.984034831889,1.9741208981813567,0.2030819138799903,0.0157510057255565,20.03006289232197,0.8345859538467486,0.8345859538467486,1.0,0.0310014088948567,0.0615723927815755,16.24104496876452,0.9996099083284572,0.0,0.0107275209674273,0.0308172420518821,10770,1,0.9998642469403825,0.0256386670510418,5784.473679814622,8.884472845024112,1.2377545828183332,0.0256351865235452,42.07602444905551,1.7531676853773128,1.7531676853773128,0.9682451253481894,0.0310014088948567,0.0615723927815755,15.725312621566983,0.967966573816156,0.0,0.0156917363045496,0.0168059424326833,0.0422651902177014,0.6121419743848083,0.686430854939075,0.7449915420002071,941346816,20260924.0,numpy.PCG64; deterministic condition-major sequence,PRODUCTION_PENDING,,2.0,24.0,247.0,pair_q7_sigma24_L256_W0.8050_r009,9,"first n by (realization, geometry_seed, orientation_seed, graph_id); frozen before transformed-graph calculation",24
new_q7_sigma24_L256_W0.805_r010,NEW_SCALING_PRODUCTION,SCALING,NEW_SCALING,93e39e06e05a10f1498dfa02b737ff7d22fd37d36facd7f3fed0b8b23dad3b07,7,24.0,256,0.805,1720380824211307671,8644258392917872201,10,1572864,0.9935067494710288,0.003204345703125,0.0055618286132812,1562651,1562651,5040,8748,1.7357142857142858,0.0013548533121744,0.0023574829101562,0.8203125,1.423828125,0.603515625,19.6875,34.171875,19.6875,34.171875,255.9879970684515,3.184041244018772,255.9879970684515,3.184041244018772,0.9999531135486388,0.0124376611094483,255.9915378490731,5.061527567069589,255.9915378490731,5.061527567069589,0.9999669447229418,0.0197715920588655,74.05890537724449,0.4227791433780042,0.2892925991298612,0.0016514810288203,73.64440168811397,0.8093478447779116,0.2876734440941952,0.0031615150186637,175.171615102661,90.9922750314141,0.9906746031746032,0.8775720164609053,0.0265023988081791,0.0308310190836588,32.13239888329489,28.46393153854712,0.9906746031746032,0.8775720164609053,0.0,0.0,0.0077380952380952,0.0064014631915866,0.0067460317460317,0.0054869684499314,1,1562651,True,0.0055981789919822,,,,True,True,OPEN_NONPERIODIC,1.0,,new frozen-seed production,,,,,,,675644,83534,28699,563411,11010048,10417938,10446637,1485263,1407671,9998,43,1996,24,1,1,1,,30.89691757800756,4.626428655989002,2.3996363850019407,2.3647312670073006,41.10778894800751,0.0614738464355468,5040,1,0.9999531135486388,0.0124376611094483,5484.720581601523,2.2019858194933395,0.1796262782043698,0.0124370779516556,19.68842312029301,0.820350963345542,0.820350963345542,1.0,0.0308310190836588,0.0614738464355468,16.267080359913123,1.0,0.0,0.0138888888888888,0.0146825396825396,8748,1,0.9999669447229418,0.0197715920588655,5423.495761623162,-3.405301532360768,0.6571823109685291,0.0197709385034121,34.1730045981349,1.4238751915889545,1.4238751915889545,0.9961133973479652,0.0308310190836588,0.0614738464355468,16.203856682245423,0.9961133973479652,0.0,0.0114311842706904,0.0115454961133973,0.0569084203702554,0.8596017775560995,0.925733847318662,0.7607804230065085,941129728,20260924.0,numpy.PCG64; deterministic condition-major sequence,PRODUCTION_PENDING,,2.0,24.0,248.0,pair_q7_sigma24_L256_W0.8050_r010,10,"first n by (realization, geometry_seed, orientation_seed, graph_id); frozen before transformed-graph calculation",24
new_q7_sigma24_L256_W0.805_r011,NEW_SCALING_PRODUCTION,SCALING,NEW_SCALING,96fe5cc36cb8642cc4aea1427678bed00b171674bc01807c805061d55b1ffd94,7,24.0,256,0.805,15753625242152967154,17482056986330994353,11,1572864,0.9912573496500652,0.0030129750569661,0.0074901580810546,1559113,1559113,4739,11781,2.485967503692762,0.0021171569824218,0.0044771830240885,0.7713216145833334,1.91748046875,1.1461588541666663,18.51171875,46.01953125,18.51171875,46.01953125,255.79705409277716,2.744965711889193,255.79705409277716,2.744965711889193,0.9992072425499108,0.0107225223120671,255.97017765462715,8.669378152905665,255.97017765462715,8.669378152905665,0.9998835064633872,0.0338647584097877,74.38510208295848,0.4074440235665168,0.2905668050115566,0.0015915782170567,81.18407532025564,1.2325969706689426,0.3171252942197486,0.0048148319166755,182.56520596826184,65.86425023922965,0.990715340789196,0.7394109158815041,0.0257056416051947,0.0311063130696614,31.84933356037808,23.770445382762663,0.9902933108250686,0.727782021899669,0.0,0.0,0.0082295843004853,0.0039045921398862,0.0059084194977843,0.0186741363211951,1,1559113,True,0.0075562194658116,,,,True,True,OPEN_NONPERIODIC,1.0,,new frozen-seed production,,,,,,,674929,83329,28846,562754,11010048,10418448,10447294,1485389,1404954,13082,167,2080,140,1,1,1,,30.93202020600438,4.776329475993407,2.382217717997264,2.293914335008594,41.3272268849978,0.0615323384602864,4739,1,0.9992072425499108,0.0107225223120671,5533.143379607168,-0.4226489126658698,0.1660429173272438,0.0107140219526205,18.52640569613899,0.7719335706724579,0.7719335706724579,1.0,0.0311063130696614,0.0615323384602864,16.251617036225745,1.0,0.0,0.0181472884574804,0.0135049588520784,11781,1,0.9998835064633872,0.0338647584097877,6590.670634387966,34.76762620597231,1.702746509078563,0.033860813384314,46.02489285254061,1.917703868855859,1.917703868855859,0.95068330362448,0.0311063130696614,0.0615323384602864,15.450140973238971,0.942364824717766,0.0,0.0084033613445378,0.0404040404040404,0.0548831290612033,0.8263802125191726,0.8919395952524293,0.886752873993828,908189696,20260924.0,numpy.PCG64; deterministic condition-major sequence,PRODUCTION_PENDING,,2.0,24.0,249.0,pair_q7_sigma24_L256_W0.8050_r011,11,"first n by (realization, geometry_seed, orientation_seed, graph_id); frozen before transformed-graph calculation",24
new_q7_sigma24_L256_W0.805_r012,NEW_SCALING_PRODUCTION,SCALING,NEW_SCALING,10f7272be833c2d5a57196110925c8dfaa948d269f4fa09540030b61cf3f5e1f,7,24.0,256,0.805,7154229844577928932,8417812990408950314,12,1572864,0.9898242950439452,0.0031903584798177,0.0058975219726562,1556859,1556859,5018,9276,1.8485452371462732,0.0016867319742838,0.0027071634928385,0.8167317708333334,1.509765625,0.6930338541666666,19.6015625,36.234375,19.6015625,36.234375,255.97369024151695,3.092592810451009,255.97369024151695,3.092592810451009,0.9998972275059256,0.0120804406658242,255.9806129354947,4.711402711221126,255.9806129354947,4.711402711221126,0.999924269279276,0.0184039168407075,74.8689770113542,0.427052345279747,0.2924569414506023,0.001668173223749,75.14688132554932,0.8136119173033686,0.293542505177927,0.0031781715519662,175.3156910127965,92.36207057366586,0.9902351534475888,0.8796895213454075,0.0256689912188579,0.0309715270996093,31.972435529666797,28.403169095155867,0.9894380231167796,0.876886589047003,0.0,0.0,0.0065763252291749,0.0091634325140146,0.0111598246313272,0.0074385510996119,1,1556859,True,0.0059581503527294,,,,True,True,OPEN_NONPERIODIC,1.0,,new frozen-seed production,,,,,,,672666,82598,28325,561743,11010048,10419980,10448305,1486168,1416440,13952,39,1795,1520,1,1,1,,31.122832499997457,4.721205084992107,2.404197670999565,2.44992645799357,41.65215736199752,0.0614871978759765,5018,1,0.9998972275059256,0.0120804406658242,5605.36317847639,-1.7401725733503748,0.1829139559042417,0.0120791991288075,19.6035772085225,0.8168157170217708,0.8168157170217708,1.0,0.0309715270996093,0.0614871978759765,16.26354809690728,1.0,0.0,0.0159426066161817,0.0219210840972499,9276,1,0.999924269279276,0.0184039168407075,5647.0534699289465,1.308055988539148,0.6622673792243079,0.018402523098821,36.23711926315875,1.5098799692982816,1.5098799692982816,0.9976282880551962,0.0309715270996093,0.0614871978759765,16.224975645620955,0.9976282880551962,0.0,0.0158473479948253,0.0152005174644243,0.0544487329938035,0.8287932053302505,0.8855295878603863,0.8816428990103304,907804672,20260924.0,numpy.PCG64; deterministic condition-major sequence,PRODUCTION_PENDING,,2.0,24.0,250.0,pair_q7_sigma24_L256_W0.8050_r012,12,"first n by (realization, geometry_seed, orientation_seed, graph_id); frozen before transformed-graph calculation",24
new_q7_sigma24_L256_W0.805_r013,NEW_SCALING_PRODUCTION,SCALING,NEW_SCALING,587e8b507ea27a4cba327e376338c6862c2779b6f4fcc43e53c820935b493d3b,7,24.0,256,0.805,8421990013243659630,15432230510231004215,13,1572864,0.9916795094807944,0.0030396779378255,0.0057646433512369,1559777,1559777,4781,9067,1.8964651746496548,0.0018653869628906,0.0027249654134114,0.7781575520833334,1.4757486979166667,0.6975911458333334,18.67578125,35.41796875,18.67578125,35.41796875,255.92153107727484,2.9155690132738243,255.92153107727484,2.9155690132738243,0.9996934807706048,0.0113889414581008,255.92153107727484,4.971515860702311,255.92153107727484,4.971515860702311,0.9996934807706048,0.0194199838308684,73.72135632306565,0.3939598137451179,0.2879740481369752,0.0015389055224418,73.44063165615977,0.7788439544094775,0.2868774674068741,0.003042359196912,187.12912777129475,94.29441063305516,0.9947709684166492,0.8862909451858387,0.025485053312108,0.0309492746988932,32.14198000097957,28.6368890324119,0.9947709684166492,0.8862909451858387,0.0,0.0,0.0058565153733528,0.0069482739605161,0.0056473541100188,0.003639572074556,1,1559777,True,0.0058130104495706,,,,True,True,OPEN_NONPERIODIC,1.0,,new frozen-seed production,,,,,,,675965,82992,28942,564031,11010048,10417075,10446017,1486009,1408800,12637,50,3193,76,1,1,1,,30.70876747100556,4.874747890993604,2.3407967259990983,2.487952765004593,41.38513398599753,0.0614128112792968,4781,1,0.9996934807706048,0.0113889414581008,5434.838267606624,-0.7749606043598767,0.1553148406348005,0.0113854505285415,18.68150749128017,0.778396145470007,0.778396145470007,1.0,0.0309492746988932,0.0614128112792968,16.283247406671222,1.0,0.0,0.0115038694833716,0.0104580631667015,9067,1,0.9996934807706048,0.0194199838308684,5393.52155513142,5.099962811083354,0.6114208296349144,0.0194140312323897,35.42882836716948,1.4762011819653948,1.4762011819653948,0.997022168302636,0.0309492746988932,0.0614128112792968,16.234758636407616,0.997022168302636,0.0,0.0118010367265909,0.0077203044005735,0.0551200588289223,0.8234458984920716,0.8975335549816149,0.89741343499918,941400064,20260924.0,numpy.PCG64; deterministic condition-major sequence,PRODUCTION_PENDING,,2.0,24.0,251.0,pair_q7_sigma24_L256_W0.8050_r013,13,"first n by (realization, geometry_seed, orientation_seed, graph_id); frozen before transformed-graph calculation",24
new_q7_sigma24_L256_W0.805_r014,NEW_SCALING_PRODUCTION,SCALING,NEW_SCALING,6d30738b8a4c99a5b535079111049f6f98155b0288bf3affabe4ed872acc4b04,7,24.0,256,0.805,9667094337169612296,11312113278852254394,14,1572864,0.5061238606770834,0.0031992594401041,0.0067348480224609,796064,796064,5032,10593,2.105127186009539,0.0013205210367838,0.0035355885823567,0.8190104166666666,1.72412109375,0.9051106770833334,19.65625,41.37890625,19.65625,41.37890625,255.9632783739355,2.9251394570347884,255.9632783739355,2.9251394570347884,0.9998565561481856,0.0114263260040421,255.9632783739355,6.421830727425089,255.9632783739355,6.421830727425089,0.9998565561481856,0.0250852762790042,74.42478243230117,0.4299702643473002,0.2907218063761764,0.0016795713451066,68.66638190455592,1.038264123558569,0.2682280543146715,0.0040557192326506,173.09285921266869,66.13575519609333,0.990262321144674,0.8074199943358822,0.030880682960164,0.0311737060546875,31.765947860272814,25.900673885852363,0.989268680445151,0.8068535825545171,0.0,0.0,0.0109300476947535,0.0055697158500896,0.008147853736089,0.0047200981780421,1,796064,True,0.0133067190577642,,,,True,True,OPEN_NONPERIODIC,1.0,,new frozen-seed production,,,,,,,672880,82880,28706,561294,11010048,10420048,10448754,1485989,1408000,32706,34,2510,742664,1,1,1,,31.254681535996497,4.735153122004704,2.337232368998229,2.376221352998982,41.52601034099644,0.0617033640543619,5032,1,0.9998565561481856,0.0114263260040421,5539.048239732269,0.0448456680554672,0.1848747913179503,0.011424686967828,19.659069972719976,0.819127915529999,0.819127915529999,1.0,0.0311737060546875,0.0617033640543619,16.20657180245438,1.0,0.0,0.0232511923688394,0.0155007949125596,10593,1,0.9998565561481856,0.0250852762790042,4715.053709380243,-9.2865356452129,1.096286872350918,0.0250816779503509,41.38484265123663,1.724368443801526,1.724368443801526,0.9764939110733504,0.0311737060546875,0.0617033640543619,15.825618684469756,0.9764939110733504,0.0,0.0124610591900311,0.0092513924289625,0.0611031273867427,0.9906003125194852,0.9902722213477636,0.7646221650065854,942723072,20260924.0,numpy.PCG64; deterministic condition-major sequence,PRODUCTION_PENDING,,2.0,24.0,252.0,pair_q7_sigma24_L256_W0.8050_r014,14,"first n by (realization, geometry_seed, orientation_seed, graph_id); frozen before transformed-graph calculation",24
new_q7_sigma24_L256_W0.805_r015,NEW_SCALING_PRODUCTION,SCALING,NEW_SCALING,967c183c2ab08eb34489bab955394e9a35cb785848c5d82ca7d7f699721040d1,7,24.0,256,0.805,3619054342645366318,14168847510442437302,15,1572864,0.98350461324056,0.0033238728841145,0.0056978861490885,1546919,1546919,5228,8962,1.7142310635042082,0.0014979044596354,0.0023740132649739,0.8509114583333334,1.4586588541666667,0.6077473958333334,20.421875,35.0078125,20.421875,35.0078125,255.91854707369097,3.92832048423989,255.91854707369097,3.92832048423989,0.9996818245066054,0.015345001891562,255.98119746664528,5.53956275589897,255.98119746664528,5.53956275589897,0.9999265526040833,0.0216389170152303,75.4279430090199,0.4760326184876759,0.294640402378984,0.0018595024159674,74.45667617676874,0.7944715583592614,0.2908463913155029,0.0031034045248408,158.45120708040864,93.71849173623822,0.9818286151491966,0.8871903592948003,0.0249185639325653,0.0310675303141276,31.60304682161109,28.5568357163994,0.9818286151491966,0.8855166257531801,0.0,0.0,0.0057383320581484,0.0070296808748047,0.0049732211170619,0.0061370229859406,1,1546919,True,0.0057934513701105,,,,True,True,OPEN_NONPERIODIC,1.0,,new frozen-seed production,,,,,,,677020,83790,28402,564828,11010048,10416818,10445220,1484765,1411913,18739,39,3149,4839,1,1,1,,32.40654228399217,4.736036268004682,2.273114254989196,2.2520871290034847,42.46732868500112,0.061767578125,5228,1,0.9996818245066054,0.015345001891562,5689.373340263448,-2.6627865046668013,0.2278533623709283,0.015340119488014,20.428374808233865,0.8511822836764109,0.8511822836764109,1.0,0.0310675303141276,0.061767578125,16.1897233201581,1.0,0.0,0.0147283856159143,0.0124330527926549,8962,1,0.9999265526040833,0.0216389170152303,5543.796618520777,-0.2205027493795232,0.6311938284672662,0.0216373276931251,35.01038392152908,1.4587659967303783,1.4587659967303783,0.9979915197500558,0.0310675303141276,0.061767578125,16.157206580617505,0.9977683552778398,0.0,0.0146172729301495,0.0127203749163133,0.0521339514221494,0.8020773998000696,0.8440342491111625,0.711232879999443,941346816,20260924.0,numpy.PCG64; deterministic condition-major sequence,PRODUCTION_PENDING,,2.0,24.0,253.0,pair_q7_sigma24_L256_W0.8050_r015,15,"first n by (realization, geometry_seed, orientation_seed, graph_id); frozen before transformed-graph calculation",24
gaussian_iid_L256_q7_W0.805_r16,FROZEN_REPLAY,SCALING,SCALING,a2359c4e0eab5dba89a2f9e9312cb3015140c1a68e6f14b33a15c804828a56dd,7,24.0,256,0.805,234441854828156142,8165746495116629843,16,1572864,0.649511973063151,0.0031382242838541,0.0066337585449218,1021594,1021594,4936,10434,2.11385737439222,0.0017757415771484,0.0034955342610677,0.8033854166666666,1.6982421875,0.8948567708333334,19.28125,40.7578125,19.28125,40.7578125,255.97372827425875,3.274953748172578,255.97372827425875,3.274953748172578,0.9998973760713232,0.0127927880787991,255.97372827425875,7.091412195873545,255.97372827425875,7.091412195873545,0.9998973760713232,0.027700828890131,73.14245171779244,0.43870500351455,0.2857127020226267,0.0017136914199787,80.11157900374893,1.041413294870244,0.3129358554833942,0.0040680206830868,166.72354117649493,76.92582704518911,0.9904781199351702,0.7899175771516197,0.0201665240790372,0.0309454600016276,32.00721914888565,25.526121670515582,0.9902755267423016,0.7880966072455434,0.0,0.0,0.0070907617504051,0.0079547632739122,0.0072933549432739,0.0079547632739122,2,403965,False,0.0258289703315881,True,True,True,False,True,OPEN_NONPERIODIC,1.0,gaussian,R7_L256,677730.0,84048.0,28922.0,1484889.0,1409285.0,10416366.0,677730,84048,28922,564760,11010048,10416366,10445288,1484889,1409285,53457,46,1972,403965,1,1,1,True,29.875678753000106,0.5838524360005977,7.85099109634757e-06,2.2400053960009245,33.66248191600607,0.0613962809244791,4936,1,0.9998973760713232,0.0127927880787991,5349.817589485356,1.8701891903122465,0.1931158843518516,0.0127914752326277,19.283228920709416,0.8034678716962257,0.8034678716962257,1.0,0.0309454600016276,0.0613962809244791,16.28763151354486,1.0,0.0,0.0131685575364667,0.0151944894651539,10434,1,0.9998973760713232,0.027700828890131,6417.676793145767,34.75956237814223,1.2728389788724386,0.0276979861222427,40.761995656134935,1.698416485672289,1.698416485672289,0.9671267011692544,0.0309454600016276,0.0613962809244791,15.75220333555503,0.9667433390837646,0.0,0.0153344834195898,0.0196473068813494,0.0457314745388089,0.6516795703788727,0.7448574058591791,0.8895371870021336,683261952,,,,,,,,pair_q7_sigma24_L256_W0.8050_r016,16,"first n by (realization, geometry_seed, orientation_seed, graph_id); frozen before transformed-graph calculation",24
new_q7_sigma24_L256_W0.805_r016,NEW_SCALING_PRODUCTION,SCALING,NEW_SCALING,01de4761db5e56428aefff814bfb1f21ef5d2fbbb158ac2be2c5da922c349d71,7,24.0,256,0.805,6759605086156970725,17957446061751615939,16,1572864,0.5496145884195963,0.0029621124267578,0.0072263081868489,864469,864469,4659,11366,2.4395793088645634,0.0009174346923828,0.0042641957600911,0.75830078125,1.8499348958333333,1.0916341145833333,18.19921875,44.3984375,18.19921875,44.3984375,255.94395512102903,2.6090379098380936,255.94395512102903,2.6090379098380936,0.9997810746915198,0.010191554335305,255.981850509202,6.485554450087562,255.981850509202,6.485554450087562,0.9999291035515704,0.0253341970706545,74.91739244742324,0.3825770546849915,0.292646064247747,0.0014944416198632,70.98846378724791,1.059048525838501,0.2772986866689371,0.0041369083040566,195.82301533767924,67.03041650621518,0.9946340416398368,0.7789019883864157,0.0292676776148132,0.0310808817545572,32.00147439491471,25.060485559493745,0.9946340416398368,0.7779341896885448,0.0,0.0,0.0068684267010088,0.0059827555868379,0.0079416183730414,0.0066866091852894,1,864469,True,0.0131479555657866,,,,True,True,OPEN_NONPERIODIC,1.0,,new frozen-seed production,,,,,,,672829,82995,28916,560918,11010048,10420214,10449130,1486019,1405363,62406,50,1903,614721,1,1,1,,31.643346894998103,4.815169706009328,2.225335159993847,2.4503857789968606,41.846893584996,0.0614891052246093,4659,1,0.9997810746915198,0.010191554335305,5612.615439996417,-1.1871942750583282,0.1466163275844171,0.0101893231461283,18.20320389202739,0.7584668288344746,0.7584668288344746,1.0,0.0310808817545572,0.0614891052246093,16.263043613127365,1.0,0.0,0.0199613650998068,0.0163125134148959,11366,1,0.9999291035515704,0.0253341970706545,5039.2938575133485,18.527482439980844,1.1897171401393567,0.0253324009660584,44.40158541471055,1.850066058946273,1.850066058946273,0.9717578743621328,0.0310808817545572,0.0614891052246093,15.803740692151306,0.9717578743621328,0.0,0.0138131268696111,0.0135491817701918,0.0579708468435536,0.9416617535479612,0.9427824105066402,0.6515129010076635,941129728,20260924.0,numpy.PCG64; deterministic condition-major sequence,PRODUCTION_PENDING,,2.0,24.0,254.0,pair_q7_sigma24_L256_W0.8050_r017,17,"first n by (realization, geometry_seed, orientation_seed, graph_id); frozen before transformed-graph calculation",24
new_q7_sigma24_L256_W0.805_r017,NEW_SCALING_PRODUCTION,SCALING,NEW_SCALING,2f1825e96fc43b27ad0c23b567c2b9838271f57734b490e266d2486636f0c6bb,7,24.0,256,0.805,4359656381861733780,16385461255088207671,17,1572864,0.763641357421875,0.0030403137207031,0.0048484802246093,1201104,1201104,4782,7626,1.5947302383939774,0.0025259653727213,0.0018081665039062,0.7783203125,1.2412109375,0.462890625,18.6796875,29.7890625,18.6796875,29.7890625,255.82966247920697,3.0024893175587977,255.82966247920697,3.0024893175587977,0.9993346190594022,0.011728473896714,255.9422759792916,4.835850835925726,255.9422759792916,4.835850835925726,0.999774515544108,0.0188900423278348,72.89036678910931,0.4000593138653583,0.2847279952699582,0.0015627316947865,74.09933409943798,0.6946417005441332,0.2894505238259296,0.0027134441427505,182.19889967026452,106.67274084091667,0.9924717691342536,0.924468922108576,0.0258503843130986,0.0310643513997395,31.948897189676188,29.759801201460974,0.991844416562108,0.9235510097036456,0.0,0.0,0.0087829360100376,0.008654602675059,0.006900878293601,0.006818777865198,1,1201104,True,0.0063491587739279,,,,True,True,OPEN_NONPERIODIC,1.0,,new frozen-seed production,,,,,,,676825,83280,28826,564719,11010048,10416503,10445329,1485705,1409974,51444,31,2281,308046,1,1,1,,32.241390871990006,4.880485380999744,2.40848707400437,2.421957515005488,42.70221836699056,0.0617535909016927,4782,1,0.9993346190594022,0.011728473896714,5313.005402343115,-0.9456178836733592,0.1602157623856702,0.0117206699937208,18.692124883636843,0.7788385368182018,0.7788385368182018,1.0,0.0310643513997395,0.0617535909016927,16.193390301657573,1.0,0.0,0.0179841070681723,0.0140108741112505,7626,1,0.999774515544108,0.0188900423278348,5490.707153776961,-4.779168327735388,0.4866872953064631,0.0188857829169187,29.795780985463388,1.2414908743943078,1.2414908743943078,0.998164175190139,0.0310643513997395,0.0617535909016927,16.163662073986025,0.998164175190139,0.0,0.0195384211906635,0.01573564122738,0.0514867988117598,0.8321559327105514,0.8337458285417465,0.6848702080023941,908189696,20260924.0,numpy.PCG64; deterministic condition-major sequence,PRODUCTION_PENDING,,2.0,24.0,255.0,pair_q7_sigma24_L256_W0.8050_r018,18,"first n by (realization, geometry_seed, orientation_seed, graph_id); frozen before transformed-graph calculation",24
new_q7_sigma24_L256_W0.805_r018,NEW_SCALING_PRODUCTION,SCALING,NEW_SCALING,70db0adf8985ea4b4a4e1f7531b3478fe8fc35e10b587825dd42ddc860363b6e,7,24.0,256,0.805,14788865000006053544,8966510155791980751,18,1572864,0.9061997731526692,0.0031782786051432,0.0063533782958984,1425329,1425329,4999,9993,1.998999799959992,0.0016682942708333,0.0031750996907552,0.8136393229166666,1.62646484375,0.8128255208333334,19.52734375,39.03515625,19.52734375,39.03515625,255.9773807938305,3.05023416330522,255.9773807938305,3.05023416330522,0.9999116437259004,0.011914977200411,255.9773807938305,7.705288876267218,255.9773807938305,7.705288876267218,0.9999116437259004,0.0300987846729188,75.17070461220754,0.4050097038391504,0.2936355648914357,0.0015820691556216,74.57982612069056,1.0450697265244409,0.2913274457839475,0.004082303619236,185.6022310074368,71.36349300703466,0.9937987597519504,0.8112678875212649,0.0178218502535204,0.0309931437174479,32.06511636289677,26.175721150370205,0.9933986797359472,0.8107675372760933,0.0,0.0,0.0072014402880576,0.0038026618633043,0.0116023204640928,0.006504553187231,2,100924,False,0.099015100471642,,,,True,True,OPEN_NONPERIODIC,1.0,,new frozen-seed production,,,,,,,675134,84180,28890,562064,11010048,10419094,10447984,1484688,1406024,39980,53,1978,100924,1,1,1,,31.65266629299731,4.785376264000661,2.503014603003976,2.215437236998696,42.00966478000919,0.0616118113199869,4999,1,0.9999116437259004,0.011914977200411,5650.6347570707,0.6502282793530788,0.1641076852646378,0.0119139244374196,19.52906926579696,0.8137112194082066,0.8137112194082066,1.0,0.0309931437174479,0.0616118113199869,16.230654132312424,1.0,0.0,0.0154030806161232,0.0206041208241648,9993,1,0.9999116437259004,0.0300987846729188,5562.039392141142,-24.852883434799686,1.2032427845926428,0.0300961252564502,39.03860555573294,1.6266085648222062,1.6266085648222062,0.970979685780046,0.0309931437174479,0.0616118113199869,15.759635449397322,0.970979685780046,0.0,0.0084058841188832,0.0125087561292905,0.0397262667075461,0.5750255739138659,0.6447832948981789,0.7764494290022412,941400064,20260924.0,numpy.PCG64; deterministic condition-major sequence,PRODUCTION_PENDING,,2.0,24.0,256.0,pair_q7_sigma24_L256_W0.8050_r019,19,"first n by (realization, geometry_seed, orientation_seed, graph_id); frozen before transformed-graph calculation",24
new_q7_sigma24_L256_W0.805_r019,NEW_SCALING_PRODUCTION,SCALING,NEW_SCALING,286b348e0f07e600835ae59552d5ec56011b2db91935d7ab778313ab52115039,7,24.0,256,0.805,18188446321460722954,7331501807296818799,19,1572864,0.9915510813395182,0.0030860900878906,0.0052998860677083,1559575,1559575,4854,8336,1.7173465183353935,0.0022856394449869,0.0022137959798177,0.7900390625,1.3567708333333333,0.5667317708333333,18.9609375,32.5625,18.9609375,32.5625,255.88061516118,2.8061181524072936,255.88061516118,2.8061181524072936,0.9995336529733592,0.0109613990328409,255.9785244361748,5.54085051713426,255.9785244361748,5.54085051713426,0.9999161110788076,0.0216439473325557,74.40511055129,0.3865092999315134,0.2906449630909765,0.0015098019528574,71.10329467210485,0.7774841689033698,0.2777472448129096,0.0030370475347787,192.5053564415501,91.45304498276154,0.9954676555418212,0.9016314779270632,0.0259237292211019,0.0310249328613281,32.086053497400115,29.06151262138351,0.9954676555418212,0.9015115163147792,0.0,0.0,0.0049443757725587,0.0038387715930902,0.0070045323444581,0.0056381957773512,1,1559575,True,0.0053450459259734,,,,True,True,OPEN_NONPERIODIC,1.0,,new frozen-seed production,,,,,,,675909,83352,29077,563480,11010048,10417491,10446568,1485791,1408434,12566,68,1191,335,1,1,1,,32.47936537800706,4.766405410991865,2.5414158939966,2.414141721004853,43.10018879298877,0.0615425109863281,4854,1,0.9995336529733592,0.0109613990328409,5536.120430025921,-0.5053116040818605,0.1494355626967236,0.0109562872169942,18.96978400236552,0.79040766676523,0.79040766676523,1.0,0.0310249328613281,0.0615425109863281,16.248930763032295,1.0,0.0,0.0117428924598269,0.0144210960032962,8336,1,0.9999161110788076,0.0216439473325557,5055.677518648571,-2.2422472068076766,0.605476212498788,0.0216421316451636,32.56523186216929,1.3568846609237206,1.3568846609237206,0.996641074856046,0.0310249328613281,0.0615425109863281,16.194351820929977,0.996641074856046,0.0,0.0082773512476007,0.0110364683301343,0.0552176073609797,0.8355772867252598,0.8972270789088624,0.8222537919937167,907804672,20260924.0,numpy.PCG64; deterministic condition-major sequence,PRODUCTION_PENDING,,2.0,24.0,257.0,pair_q7_sigma24_L256_W0.8050_r020,20,"first n by (realization, geometry_seed, orientation_seed, graph_id); frozen before transformed-graph calculation",24
new_q7_sigma24_L256_W0.805_r020,NEW_SCALING_PRODUCTION,SCALING,NEW_SCALING,82a6b3075f9194791b476abfec8c21b8e67fae7874ed8299bff5c98c70e62df4,7,24.0,256,0.805,15757679774288830671,14930107466342174396,20,1572864,0.9915733337402344,0.0032437642415364,0.0056711832682291,1559610,1559610,5102,8920,1.7483339866718934,0.002756118774414,0.0024274190266927,0.8304036458333334,1.4518229166666667,0.6214192708333334,19.9296875,34.84375,19.9296875,34.84375,255.92214857571827,3.3163719795844884,255.92214857571827,3.3163719795844884,0.9996958928738996,0.0129545780452519,255.92214857571827,5.05582281679898,255.92214857571827,5.05582281679898,0.9996958928738996,0.019749307878121,74.1465542477599,0.4189538022471865,0.2896349775303121,0.001636538290028,72.10929937982486,0.7839219674430874,0.2816769507024408,0.0030621951853245,176.98026333703675,91.98530258696952,0.9931399451195608,0.8951793721973094,0.0255538243535242,0.0310599009195963,31.9749875471421,28.82106335479395,0.9915719325754606,0.8929372197309418,0.0,0.0,0.0109760878087024,0.0097533632286995,0.0113680909447275,0.0084080717488789,1,1559610,True,0.0057193785625893,,,,True,True,OPEN_NONPERIODIC,1.0,,new frozen-seed production,,,,,,,674494,83285,28694,562515,11010048,10418839,10447533,1485449,1412691,12778,99,1437,43,1,1,1,,31.937262606996228,4.807459919000394,2.393983014000696,2.4252243759983685,42.5013158780057,0.0617020924886067,5102,1,0.9996958928738996,0.0129545780452519,5497.7115007324965,0.1828777795166809,0.1755283719213975,0.0129506384657527,19.935750103670685,0.8306562543196119,0.8306562543196119,1.0,0.0310599009195963,0.0617020924886067,16.20690578985873,1.0,0.0,0.0192081536652293,0.0243041944335554,8920,1,0.9996958928738996,0.019749307878121,5199.749814397169,2.541793868730513,0.6157763030814298,0.0197433019728597,34.85434945604518,1.4522645606685491,1.4522645606685491,0.9978699551569506,0.0310599009195963,0.0617020924886067,16.172384353759256,0.9978699551569506,0.0,0.0192825112107623,0.0174887892376681,0.0552772808586762,0.8227271690168794,0.8958736831961266,0.8592821210040711,942723072,20260924.0,numpy.PCG64; deterministic condition-major sequence,PRODUCTION_PENDING,,2.0,24.0,258.0,pair_q7_sigma24_L256_W0.8050_r021,21,"first n by (realization, geometry_seed, orientation_seed, graph_id); frozen before transformed-graph calculation",24
new_q7_sigma24_L256_W0.805_r021,NEW_SCALING_PRODUCTION,SCALING,NEW_SCALING,25c25b013a71b3744438707c59ea31a92f12cf6d3d36282aa88a161be8fbe732,7,24.0,256,0.805,14303918204290909393,1817470840400350974,21,1572864,0.6038907368977865,0.0029862721761067,0.0051034291585286,949838,949838,4697,8027,1.7089631679795614,0.0018386840820312,0.0021171569824218,0.7644856770833334,1.3064778645833333,0.5419921874999999,18.34765625,31.35546875,18.34765625,31.35546875,255.7374265785012,2.748294565500544,255.7374265785012,2.748294565500544,0.9989743225722704,0.0107355256464864,255.97405617377987,5.571747580384653,255.97405617377987,5.571747580384653,0.9998986569288276,0.0217646389858775,74.46203900312591,0.382233651638845,0.2908673398559606,0.0014931002017142,78.14846898558723,0.7905229015459955,0.3052674569749501,0.003087980084164,194.8076488918921,98.85667933560843,0.9951032573983394,0.9049458078983432,0.0277521008845718,0.0308952331542968,32.20895768705152,29.29079069832118,0.9951032573983394,0.9038245920019932,0.0,0.0,0.0055354481583989,0.0078485112744487,0.0080902703853523,0.0057306590257879,1,949838,True,0.0084509147875743,,,,True,True,OPEN_NONPERIODIC,1.0,,new frozen-seed production,,,,,,,674619,83096,28523,563000,11010048,10418525,10447048,1485719,1411886,65930,96,1554,524111,1,1,1,,29.942465575993992,4.953351892007049,2.272875146998558,2.633570381003665,40.7209521909972,0.061349868774414,4697,1,0.9989743225722704,0.0107355256464864,5544.595245313168,-0.1996594727590621,0.1461097543217498,0.010724514460156,18.366494348679964,0.7652705978616652,0.7652705978616652,1.0,0.0308952331542968,0.061349868774414,16.29995336545935,1.0,0.0,0.0136257185437513,0.016819246327443,8027,1,0.9998986569288276,0.0217646389858775,6107.173639050083,7.64288326814939,0.6344921990753658,0.0217624332905197,31.358646731567585,1.3066102804819828,1.3066102804819828,0.9938956023420954,0.0308952331542968,0.061349868774414,16.200451968311285,0.9938956023420954,0.0,0.0135791703002367,0.0118350566836925,0.0551041335469838,0.8982648147036937,0.8981948070598801,0.8574673370021628,941129728,20260924.0,numpy.PCG64; deterministic condition-major sequence,PRODUCTION_PENDING,,2.0,24.0,259.0,pair_q7_sigma24_L256_W0.8050_r022,22,"first n by (realization, geometry_seed, orientation_seed, graph_id); frozen before transformed-graph calculation",24
new_q7_sigma24_L256_W0.805_r022,NEW_SCALING_PRODUCTION,SCALING,NEW_SCALING,83a4d52c306f5a3ca5770b5f3f54100b5fce02bf015183de92331da23395505e,7,24.0,256,0.805,14404974388016076190,2141650377576805648,22,1572864,0.7178484598795573,0.0030047098795572,0.0047461191813151,1129078,1129078,4726,7465,1.5795598815065597,0.0025482177734375,0.0017414093017578,0.7692057291666666,1.2150065104166667,0.4458007812500001,18.4609375,29.16015625,18.4609375,29.16015625,255.9299603701321,2.5992122069656034,255.9299603701321,2.5992122069656034,0.9997264076958284,0.0101531726834593,255.97098202749515,4.746011210956453,255.97098202749515,4.746011210956453,0.9998866485449028,0.0185391062927986,76.4113006493665,0.3948997948876854,0.2984816431615879,0.00154257732378,76.4569805954408,0.6368431293626131,0.2986600804509406,0.0024876684740727,193.4954174162052,120.05622274980506,0.9944985188319933,0.9456128600133958,0.016779177346472,0.0309492746988932,32.1331769001862,30.553635560551974,0.993017350825222,0.9429336905559276,0.0,0.0,0.0071942446043165,0.0104487608841259,0.0133305120609394,0.0096450100468854,2,396928,False,0.0188069372782973,,,,True,True,OPEN_NONPERIODIC,1.0,,new frozen-seed production,,,,,,,676474,83623,29193,563658,11010048,10417197,10446390,1485304,1409523,39609,48,2297,396928,1,1,1,,30.56428619200597,5.040075991986669,2.3334414340060903,2.6543346219987143,41.48211518100288,0.0616289774576822,4726,1,0.9997264076958284,0.0101531726834593,5838.686687275795,-1.0241602421471574,0.1561255000840065,0.0101503948535502,18.46598965265788,0.7694162355274116,0.7694162355274116,1.0,0.0309492746988932,0.0616289774576822,16.226133245300925,1.0,0.0,0.0126957257723233,0.0226407109606432,7465,1,0.9998866485449028,0.0185391062927986,5845.669332390958,1.7920030208370483,0.4061185520699637,0.0185370048581241,29.163461970850065,1.2151442487854194,1.2151442487854194,0.999330207635633,0.0309492746988932,0.0616289774576822,16.21526510515002,0.999330207635633,0.0,0.0194239785666443,0.0184862692565304,0.0372658044882638,0.5421509069184136,0.6046799091199029,0.8097978190053254,941346816,20260924.0,numpy.PCG64; deterministic condition-major sequence,PRODUCTION_PENDING,,2.0,24.0,260.0,pair_q7_sigma24_L256_W0.8050_r023,23,"first n by (realization, geometry_seed, orientation_seed, graph_id); frozen before transformed-graph calculation",24
gaussian_iid_L256_q7_W0.805_r42,FROZEN_REPLAY,SCALING,SCALING,c03fcdc41302a9605c907f8192c9823f23a8aa7c6c7aaa996dea33e509d41831,7,24.0,256,0.805,124847815784041794,12785155006204033598,42,1572864,0.5677712758382162,0.0030453999837239,0.0059967041015625,893027,893027,4790,9432,1.9691022964509397,0.0026041666666666,0.0029513041178385,0.7796223958333334,1.53515625,0.7555338541666666,18.7109375,36.84375,18.7109375,36.84375,255.97847943470703,3.3561036206642427,255.97847943470703,3.3561036206642427,0.9999159352918244,0.0131097797682196,255.97847943470703,7.393272594152648,255.97847943470703,7.393272594152648,0.9999159352918244,0.0288799710709087,73.60065382171842,0.4108877539605711,0.2875025539910876,0.0016050302889084,73.31533658686928,1.1317899636067354,0.2863880335424581,0.0044210545453388,179.12593673643815,64.77821764139999,0.9920668058455114,0.8077820186598813,0.0185179171514411,0.0310357411702473,31.96530092204025,26.02747632894511,0.9920668058455114,0.806509754028838,0.0,0.0,0.006054279749478,0.0064673452078032,0.0066805845511482,0.0079516539440203,2,630805,False,0.0149523228255958,True,True,True,False,True,OPEN_NONPERIODIC,1.0,gaussian,R7_L256,672659.0,83288.0,28602.0,1485502.0,1411215.0,10420677.0,672659,83288,28602,560769,11010048,10420677,10449279,1485502,1411215,39440,76,2706,630805,1,1,1,True,29.533012214000337,0.9911092160036789,6.859001587145031e-06,2.3272645879915217,33.72278724500211,0.0615921020507812,4790,1,0.9999159352918244,0.0131097797682196,5417.056095698162,0.8932150625108564,0.1689760326298093,0.0131086776984092,18.71251056173961,0.7796879400724835,0.7796879400724835,1.0,0.0310357411702473,0.0615921020507812,16.2358478880218,1.0,0.0,0.0129436325678496,0.0127348643006263,9432,1,0.9999159352918244,0.0288799710709087,5375.066110861862,-19.733914399942982,1.353416505791719,0.0288775432845685,36.84684751948392,1.5352853133118298,1.5352853133118298,0.9620441051738762,0.0310357411702473,0.0615921020507812,15.619601753171102,0.9620441051738762,0.0,0.011874469889737,0.0134648006785411,0.0435048436385462,0.5966642475158102,0.706338023707609,0.8041527809982654,685854720,,,,,,,,pair_q7_sigma24_L256_W0.8050_r024,24,"first n by (realization, geometry_seed, orientation_seed, graph_id); frozen before transformed-graph calculation",24
gaussian_iid_L512_q7_W0.805_r1,FROZEN_REPLAY,SCALING,SCALING,dc39b0acdbfab009929af29e19f3d0eb999becf070a88fabdc1acca0d2aa5930,7,24.0,512,0.805,1322820816163914144,16580808588712520511,1,6291456,0.9937893549601235,0.0015625953674316,0.0033968289693196,6252382,6252382,9831,21371,2.1738378598311465,0.0007767677307128,0.001834233601888,0.800048828125,1.7391764322916667,0.9391276041666669,19.201171875,41.740234375,19.201171875,41.740234375,511.8651608246638,3.455943694129189,511.8651608246638,3.455943694129189,0.9997366422356716,0.006749890027596,511.9368086506919,7.725851477474634,511.9368086506919,7.725851477474634,0.9998765793958826,0.0150895536669426,146.1887192868669,0.4287288964760102,0.2855248423571619,0.0008373611259297,154.38176873587767,1.206869480076498,0.3015268920622611,0.0023571669532744,340.98172642078254,127.91919199588354,0.9900315329061132,0.7718403443919329,0.0128643771285887,0.0155018170674641,63.86551515847968,49.7903143246285,0.9900315329061132,0.7691263862243227,0.0,0.0,0.0026446953514393,0.0019652800524074,0.0041704811311158,0.007393196387628,1,6252382,True,0.003418057309998,True,True,True,False,True,OPEN_NONPERIODIC,1.0,gaussian,R7_L512,2688390.0,323874.0,106435.0,5952276.0,5656104.0,41675676.0,2688390,323874,106435,2258081,44040192,41675676,41782111,5952276,5656104,33011,46,1929,5177,1,1,1,True,114.13093641900925,1.220816991990432,4.756002454087138e-06,10.00040349799383,128.9582571739884,0.0309920310974121,9831,1,0.9997366422356716,0.006749890027596,21371.1416369273,-0.4578060619287911,0.1838182737393705,0.0067481123916489,19.20622998478997,0.8002595826995822,0.8002595826995822,1.0,0.0155018170674641,0.0309920310974121,32.26635895068851,1.0,0.0,0.0054928288068355,0.0084426813142101,21371,1,0.9998765793958826,0.0150895536669426,23833.6986183274,27.572470855712965,1.4884336325524086,0.0150876913051132,41.74538661583525,1.739391108993135,1.739391108993135,0.9547985587946284,0.0155018170674641,0.0309920310974121,30.807873023667547,0.954471012119227,0.0,0.0038369753404145,0.013710167984652,0.0274249078191319,0.8298625298313576,0.8849019198816563,3.3293452600046294,1919152128,,,,,,,,pair_q7_sigma24_L512_W0.8050_r001,1,"first n by (realization, geometry_seed, orientation_seed, graph_id); frozen before transformed-graph calculation",16
new_q7_sigma24_L512_W0.805_r001,NEW_SCALING_PRODUCTION,SCALING,NEW_SCALING,9d6de7791b8fbbe2fc7df696f21ffabeda876d02ad0be3ed8ef7a6013a4c7f31,7,24.0,512,0.805,17639529821701268200,1141486334759451501,1,6291456,0.9951669375101724,0.0015757878621419,0.0026642481486002,6261049,6261049,9914,16762,1.690740367157555,0.0009096463521321,0.0010884602864583,0.8068033854166666,1.3640950520833333,0.5572916666666666,19.36328125,32.73828125,19.36328125,32.73828125,511.9358717438357,3.134557342346511,511.9358717438357,3.134557342346511,0.9998747494996792,0.0061221823092705,511.9836595738703,6.579882240177028,511.9836595738703,6.579882240177028,0.9999680851052154,0.0128513325003457,150.3635737269887,0.4203391473947301,0.2936788549355248,0.0008209748972553,155.08226098028075,0.8930320411498821,0.3028950409771108,0.0017442032053708,357.7196524733538,173.6581150891231,0.9910227960459956,0.8808614723779978,0.0130321612241015,0.0155547459920247,63.71192410047163,56.62975614192831,0.9910227960459956,0.8772222885097244,0.0,0.0,0.0032277587250353,0.0032215726047011,0.0047407706273956,0.0083522252714473,1,6261049,True,0.0026771871614485,,,,True,True,OPEN_NONPERIODIC,1.0,,new frozen-seed production,,,,,,,2688531,324773,105905,2257853,44040192,41676434,41782339,5951051,5656862,29150,63,2597,612,1,1,1,,110.47192053700564,20.364276858992525,10.450350479004555,10.423741781996796,155.2432704649982,0.0309780438741048,9914,1,0.9998747494996792,0.0061221823092705,22609.20407279408,2.286098408115389,0.1769161563185163,0.0061214155028732,19.36570681446758,0.8069044506028159,0.8069044506028159,1.0,0.0155547459920247,0.0309780438741048,32.280927874723574,1.0,0.0,0.0066572523703853,0.0092798063344764,16762,1,0.9999680851052154,0.0128513325003457,24050.50358967085,-9.90701246832466,0.8015873115742127,0.0128509223514211,32.739326122148505,1.3641385884228543,1.3641385884228543,0.9886648371316072,0.0155547459920247,0.0309780438741048,31.915018299720742,0.9875909795967068,0.0,0.0062045102016465,0.0177186493258561,0.0279338174801059,0.837825396234915,0.9017295473409932,3.2540233399922727,2814709760,20260924.0,numpy.PCG64; deterministic condition-major sequence,BENCHMARK_AND_PRODUCTION,1.0,2.0,16.0,393.0,pair_q7_sigma24_L512_W0.8050_r002,2,"first n by (realization, geometry_seed, orientation_seed, graph_id); frozen before transformed-graph calculation",16
new_q7_sigma24_L512_W0.805_r002,NEW_SCALING_PRODUCTION,SCALING,NEW_SCALING,aa60b67c0dc2d588e92fc7dec2997601316c06592338b42826548488c1906132,7,24.0,512,0.805,7497552714998189089,4613370779836777886,2,6291456,0.9937033653259276,0.0015339851379394,0.0029253959655761,6251841,6251841,9651,18405,1.9070562635996269,0.0009222030639648,0.0013914108276367,0.785400390625,1.497802734375,0.71240234375,18.849609375,35.947265625,18.849609375,35.947265625,511.75048721114746,3.214218364562157,511.75048721114746,3.214218364562157,0.9995126703342724,0.0062777702432854,511.8103749665505,6.836889801612983,511.8103749665505,6.836889801612983,0.999629638606544,0.0133533003937753,145.22014900535677,0.4069591314031108,0.2836331035260874,0.0007948420535217,143.38353989054062,0.934272589556246,0.2800459763487121,0.001824751151477,356.8420949412482,153.47077661632338,0.991710703554036,0.8485194240695463,0.0125231911688093,0.0155680974324544,63.70147077102955,54.50373289035685,0.991710703554036,0.8484650910078783,0.0,0.0,0.0027976375505129,0.0017929910350448,0.0031084861672365,0.0020646563433849,1,6251841,True,0.002943932835144,,,,True,True,OPEN_NONPERIODIC,1.0,,new frozen-seed production,,,,,,,2692834,325067,107318,2260449,44040192,41672425,41779743,5951137,5645529,37194,75,5532,341,1,1,1,,110.39913778399932,21.20106756199675,10.936410529990098,10.534755116997983,156.80585890301154,0.0310637156168619,9651,1,0.9995126703342724,0.0062777702432854,21088.891395613675,-2.436593910019248,0.1658972589854487,0.0062747108996112,18.858799827616014,0.7857833261506673,0.7857833261506673,1.0,0.0155680974324544,0.0310637156168619,32.191899138336844,1.0,0.0,0.0059061237177494,0.0063205885400476,18405,1,0.999629638606544,0.0133533003937753,20558.838043647367,5.49335342796117,0.874333166478855,0.0133483548468342,35.96058403701344,1.4983576682088935,1.4983576682088935,0.986851399076338,0.0155680974324544,0.0310637156168619,31.768620703592077,0.986851399076338,0.0,0.004563977180114,0.0050529747351263,0.0268247385050259,0.8044137199901208,0.8635392763660564,3.4554815190058434,2815242240,20260924.0,numpy.PCG64; deterministic condition-major sequence,BENCHMARK_AND_PRODUCTION,2.0,2.0,16.0,394.0,pair_q7_sigma24_L512_W0.8050_r003,3,"first n by (realization, geometry_seed, orientation_seed, graph_id); frozen before transformed-graph calculation",16
new_q7_sigma24_L512_W0.805_r003,NEW_SCALING_PRODUCTION,SCALING,NEW_SCALING,b53233ab3c4758328cbb8932134be589c197c34412ec5472619a3f9c514b38ed,7,24.0,512,0.805,15570414112699332637,3775005447158478720,3,6291456,0.9944632848103842,0.0016369819641113,0.0034042994181315,6256622,6256622,10299,21418,2.079619380522381,0.0004129409790039,0.0017673174540201,0.838134765625,1.7430013020833333,0.9048665364583331,20.115234375,41.83203125,20.115234375,41.83203125,511.9561887419773,3.2073842191181257,511.9561887419773,3.2073842191181257,0.9999144311366744,0.006264422302965,511.9561887419773,6.97264653062507,511.9561887419773,6.97264653062507,0.9999144311366744,0.013618450255127,147.50131794253883,0.4407823593342562,0.2880885116065211,0.0008609030455747,151.13457839758354,1.0791035974376797,0.2951847234327803,0.0021076242137454,334.63525664983547,140.05567098140628,0.9865035440334012,0.786021103744514,0.0128459095019644,0.015566349029541,63.37411182039319,50.49489140021488,0.9865035440334012,0.7858810346437576,0.0,0.0,0.0025245169433925,0.0015407601083201,0.0033983881930284,0.0036417966196657,1,6256622,True,0.0034232529949867,,,,True,True,OPEN_NONPERIODIC,1.0,,new frozen-seed production,,,,,,,2690281,325401,106527,2258353,44040192,41675312,41781839,5950170,5646190,33010,98,1953,469,1,1,1,,116.68841607798822,17.070036655990407,9.598403595999116,9.48344492400065,156.2138920169964,0.0310203234354654,10299,1,0.9999144311366744,0.006264422302965,21756.6387410476,1.081274684301641,0.1943428266280361,0.0062638862634692,20.11695576003796,0.8382064900015815,0.8382064900015815,1.0,0.015566349029541,0.0310203234354654,32.23693015581847,1.0,0.0,0.0046606466647247,0.0070880668026021,21418,1,0.9999144311366744,0.013618450255127,22841.65574886108,10.727677023993657,1.1695031282485016,0.0136172849398185,41.83561107568627,1.7431504614869282,1.7431504614869282,0.9739938369595668,0.015566349029541,0.0310203234354654,31.3985712942632,0.9739938369595668,0.0,0.0029881408161359,0.0072369035390792,0.0274071216065154,0.8252358647224325,0.8835214650012624,3.070961101999273,2823782400,20260924.0,numpy.PCG64; deterministic condition-major sequence,BENCHMARK_AND_PRODUCTION,4.0,2.0,16.0,395.0,pair_q7_sigma24_L512_W0.8050_r004,4,"first n by (realization, geometry_seed, orientation_seed, graph_id); frozen before transformed-graph calculation",16
new_q7_sigma24_L512_W0.805_r004,NEW_SCALING_PRODUCTION,SCALING,NEW_SCALING,af44e6175f0a10053b3c1ce106719471f8a81f7b4c45149073b08ed7abf1216a,7,24.0,512,0.805,9109953381597219306,6966235153510007566,4,6291456,0.994245688120524,0.0016280810038248,0.003766377766927,6255253,6255253,10243,23696,2.313384750561359,0.0008079210917154,0.0021382967631022,0.8335774739583334,1.9283854166666667,1.0948079427083337,20.005859375,46.28125,20.005859375,46.28125,511.7832288316743,3.9243565338455255,511.7832288316743,3.9243565338455255,0.999576618811864,0.007664758855167,511.9780398557602,8.307521579844263,511.9780398557602,8.307521579844263,0.9999571090932816,0.0162256280856333,146.55303215918872,0.4436495198016601,0.2862363909359154,0.0008665029683626,134.11790459592504,1.3580005545947873,0.2619490324139161,0.0026523448331929,330.3351533541777,98.76130325730564,0.9877965439812556,0.7263251181634031,0.0126933315087335,0.0155274073282877,63.61632197164637,46.77697330965146,0.9874060333886556,0.7239196488858879,0.0,0.0,0.0046861271111978,0.0032494935854152,0.0031240847407985,0.0057815665091154,1,6255253,True,0.0037881761137399,,,,True,True,OPEN_NONPERIODIC,1.0,,new frozen-seed production,,,,,,,2685151,324287,105904,2254960,44040192,41679328,41785232,5951149,5651350,33526,64,3458,1160,1,1,1,,115.29992198498805,17.17753680299211,10.057170931002474,9.755278444004944,155.7907554669946,0.0310246149698893,10243,1,0.999576618811864,0.007664758855167,21477.79081461209,3.005002827702905,0.1972453365309388,0.0076615137404561,20.014333067113707,0.8339305444630711,0.8339305444630711,1.0,0.0155274073282877,0.0310246149698893,32.23247092576464,1.0,0.0,0.008884115981646,0.0076149565556965,23696,1,0.9999571090932816,0.0162256280856333,17987.610585504382,5.606574252173141,1.8459132035483068,0.0162249321537326,46.28323512992058,1.9284681304133575,1.9284681304133575,0.9319294395678596,0.0155274073282877,0.0310246149698893,30.03838856573517,0.9315918298446996,0.0,0.0062035786630654,0.0107613099257258,0.0272275158175057,0.8174791348204595,0.8776101119685493,3.228854593995493,2825682944,20260924.0,numpy.PCG64; deterministic condition-major sequence,BENCHMARK_AND_PRODUCTION,6.0,2.0,16.0,396.0,pair_q7_sigma24_L512_W0.8050_r005,5,"first n by (realization, geometry_seed, orientation_seed, graph_id); frozen before transformed-graph calculation",16
new_q7_sigma24_L512_W0.805_r005,NEW_SCALING_PRODUCTION,SCALING,NEW_SCALING,c53ca56ebb84413b1c7510a787476ac774595aef4d60ee72bb8c9d53b65e0fe5,7,24.0,512,0.805,2894270350680804313,18225150949109822512,5,6291456,0.9917624791463217,0.0015317598978678,0.0029638608296712,6239630,6239630,9637,18647,1.9349382587942303,0.0004870096842447,0.0014321009318033,0.7842610677083334,1.5174967447916667,0.7332356770833334,18.822265625,36.419921875,18.822265625,36.419921875,511.9409270361892,3.300990181115651,511.9409270361892,3.300990181115651,0.999884623117557,0.0064472464474915,511.94885912863526,6.690128832953064,511.94885912863526,6.690128832953064,0.9999001154856156,0.0130666578768614,147.59232522739143,0.4037045850868343,0.2882662602097489,0.0007884855177477,143.18030580880028,0.9466675484697484,0.279649034782813,0.0018489600556049,365.5948698121555,151.24666102714275,0.992528795268237,0.8413149568295168,0.0125117995778595,0.0155804951985677,63.703289440985074,53.99796002035016,0.992528795268237,0.8412613289000912,0.0,0.0,0.0031130019715679,0.0020914892476001,0.0033205354363391,0.0030031640478361,1,6239630,True,0.0029884784834998,,,,True,True,OPEN_NONPERIODIC,1.0,,new frozen-seed production,,,,,,,2686269,324000,107058,2255211,44040192,41677923,41784981,5951729,5641410,41862,72,2239,3765,1,1,1,,114.57399864599574,17.516259947995422,10.061112965006032,10.013010977010708,155.67479049498797,0.0309252738952636,9637,1,0.999884623117557,0.0064472464474915,21783.494136112145,2.680796176886586,0.1633073079585928,0.006446502584296,18.824437529915944,0.7843515637464977,0.7843515637464977,1.0,0.0155804951985677,0.0309252738952636,32.336011101688385,1.0,0.0,0.0083013385908477,0.0086126387880045,18647,1,0.9999001154856156,0.0130666578768614,20500.591545065407,13.143035204320796,0.9046058834898304,0.0130653527200847,36.4235600246052,1.5176483343585505,1.5176483343585505,0.98670027350244,0.0155804951985677,0.0309252738952636,31.905950998013864,0.98670027350244,0.0,0.0053627929425644,0.007239770472462,0.0260941754559164,0.8030424847478388,0.8437815472319191,3.221624881000025,2814930944,20260924.0,numpy.PCG64; deterministic condition-major sequence,PRODUCTION_PENDING,,2.0,16.0,397.0,pair_q7_sigma24_L512_W0.8050_r006,6,"first n by (realization, geometry_seed, orientation_seed, graph_id); frozen before transformed-graph calculation",16
new_q7_sigma24_L512_W0.805_r006,NEW_SCALING_PRODUCTION,SCALING,NEW_SCALING,36eb1f9bebefd94181082fdda2a2481100947ac81d933ead69bd97e03a8584f5,7,24.0,512,0.805,285335549037634403,3912817362221209679,6,6291456,0.9943893750508628,0.0015848477681477,0.0035659472147623,6256157,6256157,9971,22435,2.2500250727108617,0.0007952054341634,0.0019810994466145,0.8114420572916666,1.8257649739583333,1.0143229166666663,19.474609375,43.818359375,19.474609375,43.818359375,511.9848794021965,4.071390530910719,511.9848794021965,4.071390530910719,0.9999704675824148,0.0079519346306849,511.9848794021965,7.821325724291398,511.9848794021965,7.821325724291398,0.9999704675824148,0.0152760268052566,145.13867895914643,0.4238248272885282,0.2834739823420829,0.0008277828657979,146.28463870614286,1.2910656877800109,0.2857121849729352,0.0025216126714453,342.4496858470729,113.3053415412809,0.9904723698726308,0.7398707376866503,0.0127648650761162,0.0155460039774576,63.71234507008069,47.59234197800876,0.9904723698726308,0.7392467127256519,0.0,0.0,0.0035101795206097,0.0016937820369957,0.0033095978337177,0.00396701582349,1,6256157,True,0.0035860672933879,,,,True,True,OPEN_NONPERIODIC,1.0,,new frozen-seed production,,,,,,,2687605,324212,105899,2257494,44040192,41676799,41782698,5951086,5643743,33570,444,4359,415,1,1,1,,114.38224884300143,18.057225979006034,10.020646478995332,9.540960840007756,155.2428959289973,0.0310537020365397,9971,1,0.9999704675824148,0.0079519346306849,21065.23612247684,-0.3982534363968671,0.1796350135579444,0.0079516997908308,19.47518452428192,0.8114660218450799,0.8114660218450799,0.999899709156554,0.0155460039774576,0.0310537020365397,32.19905014803098,0.999899709156554,0.0,0.0067194865108815,0.0081235583191254,22435,1,0.9999704675824148,0.0152760268052566,21399.1849814549,15.017602434308284,1.6773905420136528,0.0152755756672539,43.81965347530487,1.8258188948043692,1.8258188948043692,0.9432583017606418,0.0155460039774576,0.0310537020365397,30.375067702097017,0.9432583017606418,0.0,0.0035212837084911,0.0080677512814798,0.0273770303398715,0.8211026508565014,0.8816027895050346,2.958750093996059,2815242240,20260924.0,numpy.PCG64; deterministic condition-major sequence,PRODUCTION_PENDING,,2.0,16.0,398.0,pair_q7_sigma24_L512_W0.8050_r007,7,"first n by (realization, geometry_seed, orientation_seed, graph_id); frozen before transformed-graph calculation",16
new_q7_sigma24_L512_W0.805_r007,NEW_SCALING_PRODUCTION,SCALING,NEW_SCALING,b9a04ce7ff512f50c445b9752c67863afd34337fad4085ceb2ef70f1906bf9e5,7,24.0,512,0.805,15683251653271522887,4337363538350465874,7,6291456,0.9932651519775392,0.0015452702840169,0.0026009877522786,6249084,6249084,9722,16364,1.683192758691627,0.0013354619344075,0.0010557174682617,0.7911783854166666,1.3317057291666667,0.5405273437500001,18.98828125,31.9609375,18.98828125,31.9609375,511.9624719898088,3.0513462750149074,511.9624719898088,3.0513462750149074,0.9999267031050952,0.0059596606933884,511.9624719898088,6.1678282221263885,511.9624719898088,6.1678282221263885,0.9999267031050952,0.0120465394963406,147.0948682595266,0.3880105892311961,0.2872946645693879,0.0007578331820921,145.76041100377338,0.8255190526385794,0.2846883027417449,0.0016123418996847,379.1001388672929,176.56819735157436,0.993314132894466,0.8933023710584209,0.0127837935927889,0.015539805094401,63.92063007613623,57.48478604665871,0.993314132894466,0.8929968222928379,0.0,0.0,0.0032915038058012,0.0039721339525788,0.0037029417815264,0.00287215839648,1,6249084,True,0.002618623785502,,,,True,True,OPEN_NONPERIODIC,1.0,,new frozen-seed production,,,,,,,2683254,325112,106429,2251713,44040192,41682050,41788479,5951051,5638868,36052,80,4275,3020,1,1,1,,113.8895665119926,17.20861770999909,10.207109121998656,9.171301883994602,153.73902417899808,0.0309542020161946,9722,1,0.9999267031050952,0.0059596606933884,21636.900267626537,-0.119585932770784,0.150552878304874,0.0059592238687649,18.989673134075986,0.7912363805864993,0.7912363805864993,1.0,0.015539805094401,0.0309542020161946,32.30579161681567,1.0,0.0,0.0075087430569841,0.0082287595145031,16364,1,0.9999267031050952,0.0120465394963406,21246.096738933997,-3.792665742622375,0.6821587612132046,0.0120456565224011,31.963280309197632,1.331803346216568,1.331803346216568,0.9923001711073088,0.015539805094401,0.0309542020161946,32.057042549123246,0.9923001711073088,0.0,0.0089831337081398,0.0067220728428257,0.0269765936895711,0.8226482581428858,0.8715002142667898,2.976659206993645,2823974912,20260924.0,numpy.PCG64; deterministic condition-major sequence,PRODUCTION_PENDING,,2.0,16.0,399.0,pair_q7_sigma24_L512_W0.8050_r008,8,"first n by (realization, geometry_seed, orientation_seed, graph_id); frozen before transformed-graph calculation",16
new_q7_sigma24_L512_W0.805_r008,NEW_SCALING_PRODUCTION,SCALING,NEW_SCALING,a97bda6a7014d07b22ad6720a045be9c7c8ea3d3d761b449e6dbf7fc35327962,7,24.0,512,0.805,17352483008503033247,6052090689164164293,8,6291456,0.9941819508870444,0.001565138498942,0.0033726692199707,6254852,6254852,9847,21219,2.1548695034020517,0.0005149841308593,0.0018075307210286,0.8013509114583334,1.726806640625,0.9254557291666666,19.232421875,41.443359375,19.232421875,41.443359375,511.993091352184,3.341861825200056,511.993091352184,3.341861825200056,0.9999865065472344,0.0065270738773438,511.993091352184,7.400114665322064,511.993091352184,7.400114665322064,0.9999865065472344,0.0144533489557071,150.6067368527555,0.4181865397063403,0.294153782915538,0.0008167705853639,142.6850794789101,1.1707567706268045,0.2786817958572463,0.0022866343176304,360.14247842246385,121.87422960835734,0.9907586066822384,0.785428154012913,0.0127579357593113,0.0155269304911295,63.8090450168662,50.58489535079863,0.9894384076368438,0.7847683679721005,0.0,0.0,0.0046714735452422,0.0024506338658749,0.0063978876815273,0.0033460577784061,1,6254852,True,0.003392406407058,,,,True,True,OPEN_NONPERIODIC,1.0,,new frozen-seed production,,,,,,,2691286,324702,106087,2260497,44040192,41673608,41779695,5951238,5638936,34204,74,3366,785,1,1,1,,112.67081826299544,17.671139101003064,9.934567884003627,8.90834208400338,152.50632243099972,0.0310111045837402,9847,1,0.9999865065472344,0.0065270738773438,22682.389142441487,0.9875176873268204,0.1749229756416312,0.0065269858045807,19.232681390277897,0.8013617245949123,0.8013617245949123,1.0,0.0155269304911295,0.0310111045837402,32.246513415853,1.0,0.0,0.0081243018178125,0.0105615923631562,21219,1,0.9999865065472344,0.0144533489557071,20359.03186567232,-0.9049864214860752,1.3707116465438756,0.0144531539301257,41.44391859655801,1.72682994152325,1.72682994152325,0.961591026909845,0.0155269304911295,0.0310111045837402,31.00795794981218,0.961591026909845,0.0,0.0043357368396248,0.0057024364955935,0.0271781010965567,0.8216650268770034,0.8763990016275255,3.046609921992058,2825682944,20260924.0,numpy.PCG64; deterministic condition-major sequence,PRODUCTION_PENDING,,2.0,16.0,400.0,pair_q7_sigma24_L512_W0.8050_r009,9,"first n by (realization, geometry_seed, orientation_seed, graph_id); frozen before transformed-graph calculation",16
gaussian_iid_L512_q7_W0.805_r9,FROZEN_REPLAY,SCALING,SCALING,85829c5352b4d6a3705536152fa7804bdc2e3980613cea07165730d3cdc2910f,7,24.0,512,0.805,1996468286132413331,16886071266064971954,9,6291456,0.9941010475158693,0.0015735626220703,0.0026542345682779,6254343,6254343,9900,16699,1.6867676767676767,0.0013367335001627,0.0010806719462076,0.8056640625,1.3589680989583333,0.5533040364583333,19.3359375,32.615234375,19.3359375,32.615234375,511.95413125920174,2.716832242227156,511.95413125920174,2.716832242227156,0.9999104126156284,0.0053063129730999,511.95413125920174,5.188179559532102,511.95413125920174,5.188179559532102,0.9999104126156284,0.0101331632022111,148.3556954695109,0.413055965411549,0.2897572177138884,0.0008067499324444,152.25129347878314,0.7493834261690986,0.2973658075757483,0.0014636395042365,359.1660885993897,203.1687493505195,0.9923232323232324,0.9056829750284447,0.012796547934771,0.0155792236328125,63.695294175842655,58.134024927976654,0.9923232323232324,0.9052039044254148,0.0,0.0,0.0042424242424242,0.0048505898556799,0.0027272727272727,0.0019162824121204,1,6254343,True,0.0026699846810448,True,True,True,False,True,OPEN_NONPERIODIC,1.0,gaussian,R7_L512,2688965.0,325438.0,106622.0,5950021.0,5651691.0,41676665.0,2688965,325438,106622,2256905,44040192,41676665,41783287,5950021,5651691,34716,74,2866,618,1,1,1,True,114.06130789700546,1.2197687590087298,1.525299740023911e-05,9.425964002002727,128.09639129700372,0.0311260223388671,9900,1,0.9999104126156284,0.0053063129730999,22009.412288370982,-1.4064133725455694,0.1707051018354096,0.0053058375943999,19.33766991126719,0.8057362463027997,0.8057362463027997,1.0,0.0155792236328125,0.0311260223388671,32.12745879036706,1.0,0.0,0.0075757575757575,0.0063636363636363,16699,1,0.9999104126156284,0.0101331632022111,23180.45480701429,6.011343812029097,0.5631344676858323,0.0101322553986244,32.618156550328365,1.359089856263682,1.359089856263682,0.9976645308102282,0.0155792236328125,0.0311260223388671,32.05242610021649,0.9976645308102282,0.0,0.0080843164261333,0.0051500089825738,0.0272848802823893,0.8213854705711635,0.8765938668725632,3.100972283005831,1918705664,,,,,,,,pair_q7_sigma24_L512_W0.8050_r010,10,"first n by (realization, geometry_seed, orientation_seed, graph_id); frozen before transformed-graph calculation",16
new_q7_sigma24_L512_W0.805_r009,NEW_SCALING_PRODUCTION,SCALING,NEW_SCALING,f8df349f40b0a14a3be995f80bc30a9fc800e6ccf6e4dd5f06d26265c0d1a65d,7,24.0,512,0.805,18359107652727007172,2520514225996590870,9,6291456,0.9945330619812012,0.0016716321309407,0.002751350402832,6257061,6257061,10517,17310,1.6459066273652183,0.0005014737447102,0.0010797182718912,0.8558756510416666,1.40869140625,0.5528157552083334,20.541015625,33.80859375,20.541015625,33.80859375,511.89199531270185,3.64963667011358,511.89199531270185,3.64963667011358,0.9997890533451208,0.0071281966213155,511.9594382494141,4.859615296385471,511.9594382494141,4.859615296385471,0.999920777830887,0.0094914361257528,145.46595916051908,0.4686957765146522,0.2841132014853888,0.0009154214385051,147.87604195038233,0.7370189532958749,0.2888203944343405,0.001439490143156,310.36328136396503,200.640758679401,0.9845963677854902,0.9097631426920856,0.0128592321538818,0.015630563100179,62.9917400592057,58.20411823049835,0.984216031187601,0.9075101097631428,0.0,0.0,0.0040886184273081,0.0073945696129404,0.0058952172672815,0.0039283651068746,1,6257061,True,0.0027664745477149,,,,True,True,OPEN_NONPERIODIC,1.0,,new frozen-seed production,,,,,,,2687158,325187,105487,2256484,44040192,41678221,41783708,5950156,5652111,33078,73,3380,204,1,1,1,,112.17089395399672,18.346599344004066,9.476493112000751,10.146077201003209,154.27285349700833,0.0311617851257324,10517,1,0.9997890533451208,0.0071281966213155,21160.345037352006,-2.24005926672026,0.2199128687199526,0.0071266929520829,20.54534959777097,0.8560562332404573,0.8560562332404573,1.0,0.015630563100179,0.0311617851257324,32.09058774923108,1.0,0.0,0.0079870685556717,0.0100789198440619,17310,1,0.999920777830887,0.0094914361257528,21867.32377629524,-0.3803557477520751,0.5432035535116093,0.0094906841935949,33.811272352336225,1.408803014680676,1.408803014680676,0.9987290583477758,0.015630563100179,0.0311617851257324,32.04980248461622,0.9985557481224726,0.0,0.013056036972848,0.0084344309647602,0.0275848357559563,0.8226979457787121,0.8852135923746443,3.8577785850065993,2814930944,20260924.0,numpy.PCG64; deterministic condition-major sequence,PRODUCTION_PENDING,,2.0,16.0,401.0,pair_q7_sigma24_L512_W0.8050_r011,11,"first n by (realization, geometry_seed, orientation_seed, graph_id); frozen before transformed-graph calculation",16
new_q7_sigma24_L512_W0.805_r010,NEW_SCALING_PRODUCTION,SCALING,NEW_SCALING,470c7cec566ca563cdfa6eb07701a8488c33cd145a2f922cb3f661900cf844a9,7,24.0,512,0.805,10122198590415236760,17556566936833041797,10,6291456,0.9943370819091796,0.0015918413798014,0.0035963058471679,6255828,6255828,10015,22626,2.2592111832251622,0.0013101895650227,0.0020044644673665,0.8150227864583334,1.84130859375,1.0262858072916663,19.560546875,44.19140625,19.560546875,44.19140625,511.8837088535564,4.554206708878553,511.8837088535564,4.554206708878553,0.9997728688546024,0.0088949349782784,511.9918345911596,7.824634765423184,511.9918345911596,7.824634765423184,0.9999840519358584,0.0152824897762171,148.40607091274515,0.4360389633102137,0.2898556072514553,0.0008516386002152,148.272239689692,1.2613170213635068,0.2895942181439296,0.0024635098073505,340.35048103525503,117.55350730889764,0.9892161757363954,0.7547953681605233,0.012677458523476,0.0155310630798339,63.69275371888899,48.59907942429086,0.9888167748377434,0.7482100238663485,0.0,0.0,0.0046929605591612,0.0079554494828957,0.0034947578632051,0.0060549809953151,1,6255828,True,0.0036167874180683,,,,True,True,OPEN_NONPERIODIC,1.0,,new frozen-seed production,,,,,,,2687453,325064,105544,2256845,44040192,41677803,41783347,5950806,5646116,33792,78,3618,491,1,1,1,,110.65995341799862,18.79065700501087,9.489887721996638,10.670009367997409,153.17691404400102,0.0310125350952148,10015,1,0.9997728688546024,0.0088949349782784,22024.36162119361,2.4047410584681783,0.190392542659529,0.0088929146615085,19.564990693745965,0.8152079455727486,0.8152079455727486,0.999700449326011,0.0155310630798339,0.0310125350952148,32.23536696554234,0.999700449326011,0.0,0.0085871193210184,0.0076884672990514,22626,1,0.9999840519358584,0.0152824897762171,21984.60427213896,34.066014652559616,1.643711086893616,0.0152822460500899,44.192111028621234,1.8413379595258847,1.8413379595258847,0.9465217006983117,0.0155310630798339,0.0310125350952148,30.520616834202556,0.9448864138601608,0.0,0.01560152037479,0.0111818262176257,0.0273047788398274,0.8162646985792515,0.8804433031996954,3.304679890003172,2815246336,20260924.0,numpy.PCG64; deterministic condition-major sequence,PRODUCTION_PENDING,,2.0,16.0,402.0,pair_q7_sigma24_L512_W0.8050_r012,12,"first n by (realization, geometry_seed, orientation_seed, graph_id); frozen before transformed-graph calculation",16
new_q7_sigma24_L512_W0.805_r011,NEW_SCALING_PRODUCTION,SCALING,NEW_SCALING,4319ad290135ba9816eed2b55998c187724a7281d178c7cb2f44caddebd8605a,7,24.0,512,0.805,807081537243443959,13391485820234800750,11,6291456,0.990969181060791,0.0015740394592285,0.0028125445048014,6234639,6234639,9903,17695,1.786832273048571,0.0009697278340657,0.0012385050455729,0.805908203125,1.4400227864583333,0.6341145833333333,19.341796875,34.560546875,19.341796875,34.560546875,511.9513176309749,4.055145841369779,511.9513176309749,4.055145841369779,0.999904917247998,0.0079202067214253,511.9513176309749,5.834516576635735,511.9513176309749,5.834516576635735,0.999904917247998,0.0113955401887416,144.2315272455854,0.4348779828787687,0.281702201651534,0.00084937106031,137.72207327271846,0.8327603246903911,0.2689884243607782,0.0016264850091609,331.65975957396984,165.3802050715152,0.9893971523780672,0.8796835264198927,0.0122515513729022,0.0155677795410156,63.55416003748984,56.50667933100131,0.9891951933757448,0.8789488556089291,0.0,0.0,0.0024235080278703,0.0042949985871715,0.0045440775522568,0.0032212489403786,1,6234639,True,0.0028381755543504,,,,True,True,OPEN_NONPERIODIC,1.0,,new frozen-seed production,,,,,,,2680469,323724,106087,2250658,44040192,41683447,41789534,5952137,5652914,47106,135,4084,3725,1,1,1,,115.22773502500786,18.52858396600641,10.198674016006407,9.48424269699899,156.76267825400282,0.0310408274332682,9903,1,0.999904917247998,0.0079202067214253,20802.73345158364,0.0147136163895616,0.189118870399631,0.0079194536463738,19.343636121156127,0.8059848383815053,0.8059848383815053,0.9998990204988388,0.0155677795410156,0.0310408274332682,32.21238295430198,0.9998990204988388,0.0,0.0048470160557406,0.0088861961021912,17695,1,0.999904917247998,0.0113955401887416,18967.36762886772,5.903766272794873,0.6953274266985818,0.0113944566694199,34.56383329938985,1.4401597208079102,1.4401597208079102,0.9935575021192428,0.0155677795410156,0.0310408274332682,32.00808690603365,0.9935575021192428,0.0,0.0074597343882452,0.0061599321842328,0.0257076632664698,0.7869812994604487,0.8281887240839922,2.9766148120106664,2824089600,20260924.0,numpy.PCG64; deterministic condition-major sequence,PRODUCTION_PENDING,,2.0,16.0,403.0,pair_q7_sigma24_L512_W0.8050_r013,13,"first n by (realization, geometry_seed, orientation_seed, graph_id); frozen before transformed-graph calculation",16
new_q7_sigma24_L512_W0.805_r012,NEW_SCALING_PRODUCTION,SCALING,NEW_SCALING,6773b3b0908bfd883b2357c2972e4d0988fdf3a28a2b4faa1c92a4d1dc2627c2,7,24.0,512,0.805,6686715006534706813,11010894854959098437,12,6291456,0.9927167892456056,0.0015872319539388,0.0027260780334472,6245634,6245634,9986,17151,1.7175045063088323,0.0010159810384114,0.0011388460795084,0.8126627604166666,1.395751953125,0.5830891927083334,19.50390625,33.498046875,19.50390625,33.498046875,511.93558588078633,3.334151658108567,511.93558588078633,3.334151658108567,0.9998741911734108,0.0065120149572432,511.9926653908796,5.716065992979281,511.9926653908796,5.716065992979281,0.9999856745915616,0.0111641913925376,147.0705196168013,0.4213739487495107,0.2872471086265651,0.0008229959936513,145.8596340708151,0.7887368541466416,0.2848820977945607,0.0015405016682551,349.02613237779593,184.9281332601417,0.990686961746445,0.8934755990904321,0.0124709517080251,0.0155283610026041,63.79855295612351,57.53830677562125,0.990286400961346,0.891493207393155,0.0,0.0,0.00230322451432,0.006122092006297,0.0061085519727618,0.0047227566905719,1,6245634,True,0.0027460783004575,,,,True,True,OPEN_NONPERIODIC,1.0,,new frozen-seed production,,,,,,,2687525,324517,106140,2256868,44040192,41677184,41783324,5951136,5657976,40479,78,1972,1457,1,1,1,,114.69277864800824,18.23585259700485,10.3700579580036,9.742803560002358,156.3228033129999,0.0310320854187011,9986,1,0.9998741911734108,0.0065120149572432,21629.736276999072,5.625989997197121,0.1790193615593382,0.0065111956882827,19.506360322303173,0.8127650134292989,0.8127650134292989,1.0,0.0155283610026041,0.0310320854187011,32.224711504479174,1.0,0.0,0.0052072902062888,0.0104145804125776,17151,1,0.9999856745915616,0.0111641913925376,21275.03136724041,5.618887537710994,0.6235898567618181,0.011164031460936,33.49852675507785,1.3957719481282438,1.3957719481282438,0.9963267447962216,0.0155283610026041,0.0310320854187011,32.10634191525509,0.9963267447962216,0.0,0.0125940178415252,0.0085126231706606,0.0264117301782333,0.8031080489392107,0.8511103853277145,2.9743088520044694,2825682944,20260924.0,numpy.PCG64; deterministic condition-major sequence,PRODUCTION_PENDING,,2.0,16.0,404.0,pair_q7_sigma24_L512_W0.8050_r014,14,"first n by (realization, geometry_seed, orientation_seed, graph_id); frozen before transformed-graph calculation",16
new_q7_sigma24_L512_W0.805_r013,NEW_SCALING_PRODUCTION,SCALING,NEW_SCALING,26b37f176480f4d7a200b1aafc80a386437894616a088ec32b313bda99ab4265,7,24.0,512,0.805,13638790916217796218,12977153538605431908,13,6291456,0.9954134623209636,0.0015652974446614,0.0031393369038899,6262600,6262600,9848,19751,2.005584890333062,0.0011358261108398,0.0015740394592285,0.8014322916666666,1.6073404947916667,0.8059082031250001,19.234375,38.576171875,19.234375,38.576171875,511.9210629966263,3.340163692399358,511.9210629966263,3.340163692399358,0.9998458261652856,0.0065237572117174,511.9650369027357,7.351735681419825,511.9650369027357,7.351735681419825,0.9999317127006556,0.014358858752773,146.7720301595741,0.4147624124603194,0.2866641214054181,0.0008100828368365,152.39656372662537,1.0480913983642748,0.2976495385285652,0.0020470535124302,353.8701332383051,145.40388745148198,0.9906580016246954,0.8127689737228495,0.0130953597547344,0.0155564943949381,63.68131382781462,52.24628075508531,0.9906580016246954,0.8118069971140702,0.0,0.0,0.0052802599512591,0.004759252696066,0.00446791226645,0.0027846691306769,1,6262600,True,0.0031538019352984,,,,True,True,OPEN_NONPERIODIC,1.0,,new frozen-seed production,,,,,,,2683496,324711,105844,2252941,44040192,41681407,41787251,5951196,5639147,28020,78,4311,167,1,1,1,,113.5162513039977,19.024776573991403,9.515263167006196,10.29912504600361,156.1141534729977,0.0310964584350585,9848,1,0.9998458261652856,0.0065237572117174,21542.028498561285,2.700760597011264,0.1723664604239967,0.0065227514190514,19.23734089461543,0.8015558706089762,0.8015558706089762,1.0,0.0155564943949381,0.0310964584350585,32.158002882816575,1.0,0.0,0.0101543460601137,0.0087327376116978,19751,1,0.9999317127006556,0.014358858752773,23224.64611191456,39.30544380993026,1.1650193481575055,0.0143578782250872,38.57880631749535,1.6074502632289729,1.6074502632289729,0.9719507873019088,0.0155564943949381,0.0310964584350585,31.25599622001062,0.9718495266062478,0.0,0.0079995949572173,0.0063287934788111,0.0282103279787947,0.8417937500749197,0.9071878084672826,3.501859540003352,2814930944,20260924.0,numpy.PCG64; deterministic condition-major sequence,PRODUCTION_PENDING,,2.0,16.0,405.0,pair_q7_sigma24_L512_W0.8050_r015,15,"first n by (realization, geometry_seed, orientation_seed, graph_id); frozen before transformed-graph calculation",16
new_q7_sigma24_L512_W0.805_r014,NEW_SCALING_PRODUCTION,SCALING,NEW_SCALING,0d4bb66407069fd4a0d91e652056ba426cb3e2b7afc2a0175e8b51cd30cfe59d,7,24.0,512,0.805,716413670035739932,1358091466459676244,14,6291456,0.994200865427653,0.0015589396158854,0.0031067530314127,6254971,6254971,9808,19546,1.992862969004894,0.0013143221537272,0.0015478134155273,0.7981770833333334,1.5906575520833333,0.7924804687499999,19.15625,38.17578125,19.15625,38.17578125,511.9346513039664,3.3923626365908603,511.9346513039664,3.3923626365908603,0.9998723658280594,0.0066257082745915,511.94461034711526,7.413559869605933,511.94461034711526,7.413559869605933,0.9998918170842096,0.014479609120324,147.74318224590797,0.4087744950382836,0.2885609028240389,0.0007983876856216,150.94014842033926,1.0066100772392632,0.2948049773834751,0.0019660353071079,361.4295511075639,149.94897411946133,0.9935766721044046,0.8207817456257035,0.0126218011242578,0.0154590606689453,64.2714776390221,53.093895108033166,0.9935766721044046,0.8205771001739486,0.0,0.0,0.0030587275693311,0.0016371636140386,0.0036704730831973,0.003683618131587,1,6254971,True,0.0031248745997383,,,,True,True,OPEN_NONPERIODIC,1.0,,new frozen-seed production,,,,,,,2689022,325215,105865,2257942,44040192,41676385,41782250,5950194,5646342,34320,114,2668,818,1,1,1,,113.50873328599846,19.049060783989265,9.531899960988085,10.703270754005644,156.9338433709927,0.0309346516927083,9808,1,0.9998723658280594,0.0066257082745915,21828.047812696357,-1.3816203266857727,0.1671840390105268,0.0066248626078023,19.15869530421061,0.7982789710087757,0.7982789710087757,1.0,0.0154590606689453,0.0309346516927083,32.3262084840513,1.0,0.0,0.0066272430668841,0.0087683523654159,19546,1,0.9998918170842096,0.014479609120324,22782.89641038421,26.99816859840224,1.0452586174340406,0.0144780426739899,38.17991166416845,1.5908296526736856,1.5908296526736856,0.9802517139056584,0.0154590606689453,0.0309346516927083,31.687821270562925,0.9802517139056584,0.0,0.0038882635833418,0.0077765271666837,0.0271679916661484,0.8164662390912868,0.8782381626928818,3.8702687329932814,2815246336,20260924.0,numpy.PCG64; deterministic condition-major sequence,PRODUCTION_PENDING,,2.0,16.0,406.0,pair_q7_sigma24_L512_W0.8050_r016,16,"first n by (realization, geometry_seed, orientation_seed, graph_id); frozen before transformed-graph calculation",16
gaussian_iid_L128_q7_W0.815_r0,FROZEN_REPLAY,SCALING,SCALING,9204ddc03de6b842503315277eb7b25545893ecb0d97b2fc09a648a5ac6bd50a,7,24.0,128,0.815,7655837767034734158,934042189007205845,0,393216,0.9819412231445312,0.005950927734375,0.0144627888997395,386115,386115,2340,5687,2.43034188034188,0.0025990804036458,0.0085118611653645,0.76171875,1.8512369791666667,1.0895182291666667,18.28125,44.4296875,18.28125,44.4296875,127.96427435239038,2.420505178949824,127.96427435239038,2.420505178949824,0.9997208933780498,0.0189101967105455,127.99755838996631,6.347798638389904,127.99755838996631,6.347798638389904,0.9999809249216118,0.0495921768624211,37.62487296932708,0.3752313476869644,0.2939443200728678,0.0029314949038044,32.85357762012524,1.0423201785366418,0.2566685751572284,0.0081431263948175,100.2711345980494,31.519659982261683,0.9965811965811966,0.7870582029189379,0.0513214974813203,0.0614573160807291,16.21582685570106,12.806582732722548,0.9957264957264956,0.7847722876736416,0.0,0.0,0.0145299145299145,0.0089678213469315,0.0158119658119658,0.0121329347634956,1,386115,True,0.0147287725159602,True,True,True,False,True,OPEN_NONPERIODIC,1.0,gaussian,R6_REFINE,177877.0,23419.0,9385.0,368685.0,340003.0,2598054.0,177877,23419,9385,145073,2752512,2598054,2607439,368685,340003,6203,41,2988,647,1,1,1,True,5.245574570988538,0.0563294610037701,3.5039993235841398e-06,0.3674906970118172,5.8348526999907335,0.1206156412760416,2340,1,0.9997208933780498,0.0189101967105455,1415.6310392059506,-0.1945951281838204,0.1408253163357185,0.0189049187494212,18.28635384244875,0.7619314101020312,0.7619314101020312,1.0,0.0614573160807291,0.1206156412760416,8.290798684321498,1.0,0.0,0.0354700854700854,0.0329059829059829,5687,1,0.9999809249216118,0.0495921768624211,1079.35643589478,1.102144109715161,1.087557901398966,0.04959123088776,44.430535015938254,1.851272292330761,1.851272292330761,0.9792509231580798,0.0614573160807291,0.1206156412760416,8.11877226533962,0.9792509231580798,0.0,0.0221557939159486,0.0200457183049059,0.1081309972417544,0.8350754760247809,0.8964923296663089,0.1516295869951136,360660992,,,,,,,,pair_q7_sigma24_L128_W0.8150_r001,1,"first n by (realization, geometry_seed, orientation_seed, graph_id); frozen before transformed-graph calculation",24
gaussian_iid_L128_q7_W0.815_r1,FROZEN_REPLAY,SCALING,SCALING,a62c28ccfe9f95bd38f9c34c5f19944968859324be962a777ed1c17efd3729f3,7,24.0,128,0.815,7138177107724583812,18115717769615187850,1,393216,0.9856796264648438,0.0060399373372395,0.0122273763020833,387585,387585,2375,4808,2.024421052631579,0.0051066080729166,0.0061874389648437,0.7731119791666666,1.5651041666666667,0.7919921875000001,18.5546875,37.5625,18.5546875,37.5625,127.859397618882,2.9340000712070946,127.859397618882,2.9340000712070946,0.9989015438975156,0.0229218755563054,127.96161284976642,6.759214599361812,127.96161284976642,6.759214599361812,0.9997001003888002,0.0528063640575141,35.42876926566436,0.4169822527776419,0.2767872598880028,0.0032576738498253,32.42884347503075,1.122657323359589,0.2533503396486777,0.0087707603387467,84.96469341240032,28.885789813392368,0.991578947368421,0.7741264559068219,0.0517280080498471,0.0613199869791666,16.170566828484617,12.624374107741245,0.991578947368421,0.7737104825291181,0.0,0.0,0.0088421052631578,0.0101913477537437,0.0130526315789473,0.0081114808652246,1,387585,True,0.0124050208341396,True,True,True,False,True,OPEN_NONPERIODIC,1.0,gaussian,R6_REFINE,177960.0,23163.0,9251.0,368823.0,338576.0,2597715.0,177960,23163,9251,145546,2752512,2597715,2606966,368823,338576,5290,87,3170,155,1,1,1,True,5.230200044010417,0.0511777830106439,4.308996722102165e-06,0.3584662590001244,5.791103518989985,0.12078857421875,2375,1,0.9989015438975156,0.0229218755563054,1255.1965802128627,1.1810656615598958,0.1749856659521826,0.0228966968822202,18.575091422527283,0.7739621426053034,0.7739621426053034,1.0,0.0613199869791666,0.12078857421875,8.278928751894897,1.0,0.0,0.0202105263157894,0.0269473684210526,4808,1,0.9997001003888002,0.0528063640575141,1051.4928426941613,-11.997108675638524,1.3974058995764231,0.0527905274494644,37.57376835852203,1.5655736816050847,1.5655736816050847,0.9606905158069884,0.0613199869791666,0.12078857421875,7.953488332987215,0.9606905158069884,0.0,0.0193427620632279,0.0185108153078203,0.1094934014474244,0.8435750005527825,0.9064880693858524,0.1373013489937875,360042496,,,,,,,,pair_q7_sigma24_L128_W0.8150_r002,2,"first n by (realization, geometry_seed, orientation_seed, graph_id); frozen before transformed-graph calculation",24
gaussian_iid_L128_q7_W0.815_r2,FROZEN_REPLAY,SCALING,SCALING,20a25e612b3114c600dbc57596f2d90e0aff81928d455699b366ab67928ca9c0,7,24.0,128,0.815,7301254539265411036,1717762875529522896,2,393216,0.989344278971354,0.00628662109375,0.0107396443684895,389026,389026,2472,4223,1.7083333333333333,0.0038070678710937,0.0044530232747395,0.8046875,1.3746744791666667,0.5699869791666667,19.3125,32.9921875,19.3125,32.9921875,127.76830274155132,2.564004489801277,127.76830274155132,2.564004489801277,0.9981898651683696,0.0200312850765724,127.96654312041942,4.704996439618299,127.96654312041942,4.704996439618299,0.9997386181282768,0.0367577846845179,36.3566326408663,0.4054693463902253,0.284036192506768,0.0031677292686736,35.2398108753349,0.7878767954176742,0.2753110224635539,0.0061552874642005,89.66555169839285,44.72756537607299,0.9939320388349514,0.8962822637935117,0.0536545115236513,0.0614980061848958,16.162020535213145,14.574167837227256,0.9939320388349514,0.8948614728865735,0.0,0.0,0.0125404530744336,0.0146815060383613,0.0129449838187702,0.0139711105848922,1,389026,True,0.0108553155830201,True,True,True,False,True,OPEN_NONPERIODIC,1.0,gaussian,R6_REFINE,178495.0,23605.0,9003.0,368303.0,341986.0,2597622.0,178495,23605,9003,145887,2752512,2597622,2606625,368303,341986,4086,48,1454,12,1,1,1,True,4.915385912987404,0.0543301199941197,3.273991751484573e-06,0.3777255950117251,5.506507758997032,0.1211649576822916,2472,1,0.9981898651683696,0.0200312850765724,1321.8046830958474,-0.266869454363333,0.1644592779196416,0.019995025749733,19.347521622795146,0.806146734283131,0.806146734283131,1.0,0.0614980061848958,0.1211649576822916,8.25321131726975,1.0,0.0,0.0279126213592233,0.023462783171521,4223,1,0.9997386181282768,0.0367577846845179,1241.8395328536994,2.42497258385746,0.6254875204300824,0.0367481768659567,33.0008133143525,1.3750338880980209,1.3750338880980209,0.9943168363722472,0.0614980061848958,0.1211649576822916,8.206306966899286,0.9943168363722472,0.0,0.0300734075301918,0.0260478332938669,0.1130695634739066,0.8724593666067363,0.9331870009015966,0.1453044369991403,360726528,,,,,,,,pair_q7_sigma24_L128_W0.8150_r003,3,"first n by (realization, geometry_seed, orientation_seed, graph_id); frozen before transformed-graph calculation",24
gaussian_iid_L128_q7_W0.815_r3,FROZEN_REPLAY,SCALING,SCALING,822ee548ec76a5a286da39be5da7e9592833272b085cf355f0a10645996afd4e,7,24.0,128,0.815,10833399783473843663,9514140423465135883,3,393216,0.990198771158854,0.006573994954427,0.0186996459960937,389362,389362,2585,7353,2.844487427466151,0.0052413940429687,0.0121256510416666,0.8414713541666666,2.3935546875,1.5520833333333337,20.1953125,57.4453125,20.1953125,57.4453125,127.98109189714988,3.271640854543577,127.98109189714988,3.271640854543577,0.9998522804464834,0.0255596941761216,127.9881857454022,7.413353068586147,127.9881857454022,7.413353068586147,0.9999077011359548,0.0579168208483292,36.03815164962663,0.4413256268693967,0.281548059762708,0.0034478564599171,28.29551953698732,1.4731867098765443,0.2210587463827134,0.0115092711709105,81.65886922377055,19.207015205396832,0.990715667311412,0.6239630082959337,0.0544326359531746,0.0617701212565104,16.03875218566117,10.101372566597796,0.990715667311412,0.6239630082959337,0.0,0.0,0.009284332688588,0.0043519651842785,0.0119922630560928,0.0058479532163742,1,389362,True,0.0188847396510188,True,True,True,False,True,OPEN_NONPERIODIC,1.0,gaussian,R6_REFINE,178632.0,23283.0,9084.0,368686.0,342440.0,2597163.0,178632,23283,9084,146265,2752512,2597163,2606247,368686,342440,3790,36,1127,5,1,1,1,True,5.34452256700024,0.0646418780088424,5.259003955870867e-06,0.3938359010062413,5.969134620987461,0.1212081909179687,2585,1,0.9998522804464834,0.0255596941761216,1298.7483438450706,-0.1989353119894904,0.1947987853471963,0.0255559185095099,20.19829618329399,0.8415956743039164,0.8415956743039164,1.0,0.0617701212565104,0.1212081909179687,8.250267514319884,1.0,0.0,0.0224371373307543,0.0212765957446808,7353,1,0.9999077011359548,0.0579168208483292,800.589752768462,-6.104482909581686,2.21695218172611,0.0579114751915558,57.45061512651488,2.393775630271453,2.393775630271453,0.8932408540731674,0.0617701212565104,0.1212081909179687,7.369476000823202,0.8932408540731674,0.0,0.0099279205766353,0.0108799129606963,0.1139736286540545,0.8812130338409788,0.9403129259737044,0.1521290639939252,360452096,,,,,,,,pair_q7_sigma24_L128_W0.8150_r004,4,"first n by (realization, geometry_seed, orientation_seed, graph_id); frozen before transformed-graph calculation",24
gaussian_iid_L128_q7_W0.815_r4,FROZEN_REPLAY,SCALING,SCALING,1ace8192b58ad0063ac4bece20b0f8658ed28003418703882ad0b67d874e1cd6,7,24.0,128,0.815,17089777873478898221,16951094302730524563,4,393216,0.988489786783854,0.0062840779622395,0.0105794270833333,388690,388690,2471,4160,1.6835289356535816,0.0053965250651041,0.0042953491210937,0.8043619791666666,1.3541666666666667,0.5498046875000001,19.3046875,32.5,19.3046875,32.5,127.91669241521444,2.341718501103358,127.91669241521444,2.341718501103358,0.9993491594938628,0.0182946757898699,127.97241889457246,4.854428206731598,127.97241889457246,4.854428206731598,0.9997845226138472,0.0379252203650906,35.93684887430153,0.4047376180364802,0.2807566318304807,0.00316201264091,34.371930286352686,0.7632084867090354,0.2685307053621303,0.0059625663024143,88.7904836932218,45.03609549019152,0.9939295831647108,0.9081730769230768,0.0530422701896112,0.0615514119466145,16.147957483522493,14.75470745838882,0.9939295831647108,0.90625,0.0,0.0,0.0080938891137191,0.0146634615384615,0.0153783893160663,0.0165865384615384,1,388690,True,0.0107026164810002,True,True,True,False,True,OPEN_NONPERIODIC,1.0,gaussian,R6_REFINE,179881.0,24011.0,9485.0,368091.0,338441.0,2596642.0,179881,24011,9485,146385,2752512,2596642,2606127,368091,338441,4370,31,3915,39,1,1,1,True,5.438830847007921,0.0554715629987185,4.753994289785624e-06,0.3342595280118985,5.994896593998419,0.120923360188802,2471,1,0.9993491594938628,0.0182946757898699,1291.4568553873053,0.5700213157604515,0.1640641665358767,0.0182827688738192,19.31725995524646,0.8048858314686024,0.8048858314686024,1.0,0.0615514119466145,0.120923360188802,8.269700729773497,1.0,0.0,0.0230675839740995,0.0303520841764467,4160,1,0.9997845226138472,0.0379252203650906,1181.42916524083,0.7095607706411405,0.5829135632439421,0.037917048337737,32.507004524366565,1.354458521848607,1.354458521848607,0.996875,0.0615514119466145,0.120923360188802,8.243857914992955,0.996875,0.0,0.0305288461538461,0.0336538461538461,0.1121407805706347,0.8617555391843235,0.9273706949223474,0.1525071499927435,360312832,,,,,,,,pair_q7_sigma24_L128_W0.8150_r005,5,"first n by (realization, geometry_seed, orientation_seed, graph_id); frozen before transformed-graph calculation",24
gaussian_iid_L128_q7_W0.815_r5,FROZEN_REPLAY,SCALING,SCALING,984658cc42b9cec3af46f352792a596493b31b8066950ad784ae9d9620caa001,7,24.0,128,0.815,10737365616079812786,17714141268111472187,5,393216,0.9845606486002604,0.0061848958333333,0.0132293701171875,387145,387145,2432,5202,2.1389802631578947,0.0052490234375,0.0070444742838541,0.7916666666666666,1.693359375,0.9016927083333334,19.0,40.640625,19.0,40.640625,127.893042964783,3.813322903430844,127.893042964783,3.813322903430844,0.9991643981623672,0.0297915851830534,127.94909016969284,5.234761019237581,127.94909016969284,5.234761019237581,0.9996022669507254,0.0408965704627936,37.15329149785061,0.4219994807981507,0.2902600898269579,0.0032968709437355,37.16492892036455,0.8940107425163905,0.290351007190348,0.0069844589259093,88.04108343351645,41.57100933234389,0.9917763157894736,0.8440984236831988,0.0511642924485657,0.0613021850585937,16.17848229784168,13.769467154823175,0.9880756578947368,0.8352556708958093,0.0,0.0,0.0267269736842105,0.0171088043060361,0.0119243421052631,0.0234525182622068,1,387145,True,0.013436825995428,True,True,True,False,True,OPEN_NONPERIODIC,1.0,gaussian,R6_REFINE,177951.0,22852.0,9281.0,369049.0,339450.0,2597413.0,177951,22852,9281,145818,2752512,2597413,2606694,369049,339450,5647,51,2096,98,1,1,1,True,5.075071929008118,0.0543066040117992,4.340006853453815e-06,0.3836788400076329,5.68141344000469,0.1210225423177083,2432,1,0.9991643981623672,0.0297915851830534,1380.3670690895822,-0.0069180565871524,0.1780835964699621,0.0297666912797285,19.015889712387896,0.7923287380161623,0.7923287380161623,1.0,0.0613021850585937,0.1210225423177083,8.262923426073801,1.0,0.0,0.0464638157894736,0.0246710526315789,5202,1,0.9996022669507254,0.0408965704627936,1381.2319367193843,0.0825488917174644,0.7992601440996715,0.0408803045451185,40.65679555126834,1.694033147969514,1.694033147969514,0.9946174548250672,0.0613021850585937,0.1210225423177083,8.218447867455948,0.9938485198000768,0.0,0.0305651672433679,0.0484429065743944,0.108824858902995,0.8346242862250671,0.8992114759687334,0.1544833960069809,360050688,,,,,,,,pair_q7_sigma24_L128_W0.8150_r006,6,"first n by (realization, geometry_seed, orientation_seed, graph_id); frozen before transformed-graph calculation",24
gaussian_iid_L128_q7_W0.815_r6,FROZEN_REPLAY,SCALING,SCALING,4c4a28ae82d4cb40fc8c419811df8deefabe46d362aeb73e8bf5293f0a9cf299,7,24.0,128,0.815,18392522625926627476,17181666016768037737,6,393216,0.5181299845377604,0.0067113240559895,0.0099461873372395,203737,203737,2639,3911,1.482000757862827,0.003173828125,0.00323486328125,0.8590494791666666,1.2731119791666667,0.4140625000000001,20.6171875,30.5546875,20.6171875,30.5546875,127.92870406639793,3.02259485767253,127.92870406639793,3.02259485767253,0.9994430005187338,0.0236140223255666,127.96844713037552,3.827507183854337,127.96844713037552,3.827507183854337,0.9997534932060588,0.029902399873862,36.71241879865074,0.455560559584613,0.2868157718644589,0.0035590668717547,36.85956419578452,0.6262343256936098,0.2879653452795665,0.0048924556694813,80.5873511792278,58.85906071175401,0.987116331943918,0.9442597801073894,0.0593853840981265,0.0613810221354166,16.081783873950105,15.383578625070736,0.9856006062902616,0.9401687547941704,0.0,0.0,0.0219780219780219,0.0219892610585528,0.0106100795755968,0.0127844541038097,1,203737,True,0.0191963168202142,True,True,True,False,True,OPEN_NONPERIODIC,1.0,gaussian,R6_REFINE,179560.0,23403.0,9365.0,368513.0,343264.0,2596355.0,179560,23403,9365,146792,2752512,2596355,2605720,368513,343264,25712,39,2508,154880,1,1,1,True,5.175010735998512,0.0642424920079065,4.462999640963972e-06,0.3841291179996915,5.772494909993839,0.1206919352213541,2639,1,0.9994430005187338,0.0236140223255666,1347.8015361526557,0.4612788502369524,0.2076933183176491,0.0236008693273806,20.628677662757365,0.8595282359482235,0.8595282359482235,1.0,0.0613810221354166,0.1206919352213541,8.285557756331913,1.0,0.0,0.0416824554755589,0.0261462675255778,3911,1,0.9997534932060588,0.029902399873862,1358.6273120713709,0.4670928610292951,0.392330062465915,0.0298950287291379,30.5622212951872,1.2734258872994666,1.2734258872994666,1.0,0.0613810221354166,0.1206919352213541,8.285557756331913,1.0,0.0,0.0409102531321912,0.0273587317821529,0.1162380912647187,0.967487702748132,0.9630974186596072,0.1367703349969815,360497152,,,,,,,,pair_q7_sigma24_L128_W0.8150_r007,7,"first n by (realization, geometry_seed, orientation_seed, graph_id); frozen before transformed-graph calculation",24
gaussian_iid_L128_q7_W0.815_r7,FROZEN_REPLAY,SCALING,SCALING,210f3436f75f31718c87a13b20fe4874821a517543b2a5f4d3aca982efb6db40,7,24.0,128,0.815,10075112737880425626,882632597237696698,7,393216,0.984532674153646,0.0068130493164062,0.013379414876302,387134,387134,2679,5261,1.963792459873087,0.0055414835611979,0.0065663655598958,0.8720703125,1.7125651041666667,0.8404947916666667,20.9296875,41.1015625,20.9296875,41.1015625,127.94361005868642,2.7934677013970344,127.94361005868642,2.7934677013970344,0.9995594535834876,0.0218239664171643,127.98534922598743,5.142762350567523,127.98534922598743,5.142762350567523,0.9998855408280268,0.0401778308638087,37.88266213374707,0.4639943656486197,0.2959582979198989,0.0036249559816298,37.39014799702559,0.8868511935141993,0.2921105312267624,0.0069285249493296,81.64465980269121,42.160565685055865,0.9832026875699889,0.842805550275613,0.0504812287218379,0.0610326131184895,16.1094640608159,13.809101514945432,0.9832026875699889,0.8378635240448584,0.0,0.0,0.0130645763344531,0.0197681049230184,0.0160507652108995,0.0169169359437369,1,387134,True,0.0135896097991909,True,True,True,False,True,OPEN_NONPERIODIC,1.0,gaussian,R6_REFINE,179393.0,23607.0,9483.0,368248.0,343878.0,2596726.0,179393,23607,9483,146303,2752512,2596726,2606209,368248,343878,5706,36,2254,188,1,1,1,True,5.185552955997991,0.0511883569997735,3.706400457303971e-05,0.3629803170042578,5.759123901996645,0.1204274495442708,2679,1,0.9995594535834876,0.0218239664171643,1435.0960768611567,-0.1390683566421542,0.2153042498307668,0.0218143519469651,20.93891206267488,0.87245466927812,0.87245466927812,1.0,0.0610326131184895,0.1204274495442708,8.303754698652702,1.0,0.0,0.0291153415453527,0.0335946248600224,5261,1,0.9998855408280268,0.0401778308638087,1398.0172477507135,2.875915798672753,0.7924245282007443,0.0401732321425564,41.106267489339736,1.7127611453891556,1.7127611453891556,0.9931571944497244,0.0610326131184895,0.1204274495442708,8.246933719912633,0.9931571944497244,0.0,0.0351644174111385,0.0359247291389469,0.1080891887563479,0.8271189146667035,0.8975461090090828,0.1462955940078245,359931904,,,,,,,,pair_q7_sigma24_L128_W0.8150_r008,8,"first n by (realization, geometry_seed, orientation_seed, graph_id); frozen before transformed-graph calculation",24
gaussian_iid_L128_q7_W0.815_r8,FROZEN_REPLAY,SCALING,SCALING,ab25f3f81ccf25d06e0c0a7dfb8dd8bf70a3cc7a4b8b007275bf2c2a68116a98,7,24.0,128,0.815,4045559426312456630,9351229326151978282,8,393216,0.986254374186198,0.0066706339518229,0.0143330891927083,387811,387811,2623,5636,2.148684712161647,0.00299072265625,0.0076624552408854,0.8538411458333334,1.8346354166666667,0.9807942708333334,20.4921875,44.03125,20.4921875,44.03125,127.92630307023204,2.6995763083042306,127.92630307023204,2.6995763083042306,0.9994242427361878,0.0210904399086268,127.98556370159868,6.326269331038702,127.98556370159868,6.326269331038702,0.9998872164187396,0.0494239791487398,36.39076371290955,0.4473686991113742,0.2843028415071059,0.0034950679618076,34.96721471497314,0.9614692878941028,0.2731813649607276,0.0075114788116726,81.34400950534523,36.36851967633984,0.9866565001906216,0.8119233498935415,0.0522883569573838,0.0617828369140625,15.96975065361634,13.141567957180326,0.9862752573389248,0.808374733853797,0.0,0.0,0.0160121997712542,0.0141944641589779,0.0240182996568814,0.0170333569907735,1,387811,True,0.0145328523430227,True,True,True,False,True,OPEN_NONPERIODIC,1.0,gaussian,R6_REFINE,177981.0,23310.0,9113.0,368427.0,335823.0,2597841.0,177981,23310,9113,145558,2752512,2597841,2606954,368427,335823,5184,65,4290,44,1,1,1,True,5.014339253000799,0.0487405129970284,3.2149982871487737e-06,0.3272644160024356,5.571848086008686,0.1208521525065104,2623,1,0.9994242427361878,0.0210904399086268,1324.2876076713533,-0.3170927964260904,0.2002146904063688,0.0210782969346524,20.50399282280488,0.8543330342835368,0.8543330342835368,1.0,0.0617828369140625,0.1208521525065104,8.274573346520485,1.0,0.0,0.0327868852459016,0.0407929851315287,5636,1,0.9998872164187396,0.0494239791487398,1222.6896968994436,4.477360096414469,0.9408312151540216,0.0494184049353713,44.03621656220904,1.83484235675871,1.83484235675871,0.9863378282469836,0.0617828369140625,0.1208521525065104,8.161524704277392,0.9863378282469836,0.0,0.0262597586941093,0.0301632363378282,0.1103243590305587,0.8463249596342579,0.9128870007062176,0.1652930669952184,360312832,,,,,,,,pair_q7_sigma24_L128_W0.8150_r009,9,"first n by (realization, geometry_seed, orientation_seed, graph_id); frozen before transformed-graph calculation",24
gaussian_iid_L128_q7_W0.815_r9,FROZEN_REPLAY,SCALING,SCALING,adcce6e7546f301e4416379afdf93c5d700ba3f8a39bb540884abd7a1e018a6c,7,24.0,128,0.815,11877919894818629711,2014691400867905938,9,393216,0.9845809936523438,0.0064722696940104,0.0141932169596354,387153,387153,2545,5581,2.192927308447937,0.005078633626302,0.0077209472656249,0.8284505208333334,1.8167317708333333,0.98828125,19.8828125,43.6015625,19.8828125,43.6015625,127.90162314822452,3.011727287053347,127.90162314822452,3.011727287053347,0.999231430845504,0.0235291194301042,127.95231168278816,5.347470262418455,127.95231168278816,5.347470262418455,0.9996274350217824,0.0417771114251441,36.73458965574344,0.421570338695826,0.2869889816854956,0.0032935182710611,36.67617906726952,0.905489168978946,0.2865326489630431,0.007074134132648,87.13751012318825,40.5042714189796,0.9921414538310412,0.818491309801111,0.0513414593197004,0.0619049072265625,16.026862784883193,13.2217516586457,0.9917485265225932,0.816520336857194,0.0,0.0,0.0153241650294695,0.0118258376635011,0.0153241650294695,0.012005017022039,1,387153,True,0.0144154894834858,True,True,True,False,True,OPEN_NONPERIODIC,1.0,gaussian,R6_REFINE,178585.0,23425.0,9200.0,368482.0,345292.0,2597352.0,178585,23425,9200,145960,2752512,2597352,2606552,368482,345292,5801,40,825,31,1,1,1,True,4.909560440995847,0.0548191370035056,4.978006472811103e-06,0.3483690259890863,5.474814254994271,0.1212259928385416,2545,1,0.999231430845504,0.0235291194301042,1349.4300738696445,-0.0667900437500545,0.1777248566768715,0.0235110356746778,19.898105570174145,0.8290877320905892,0.8290877320905892,1.0,0.0619049072265625,0.1212259928385416,8.249055970462365,1.0,0.0,0.0294695481335952,0.0322200392927308,5581,1,0.9996274350217824,0.0417771114251441,1345.0719879806122,9.708912405322344,0.8900336289447943,0.041761546736536,43.617812969538896,1.8174088737307872,1.8174088737307872,0.9887117004121124,0.0619049072265625,0.1212259928385416,8.155938155350533,0.9887117004121124,0.0,0.0211431643074717,0.0270560831392223,0.1089853365465332,0.8293600882366011,0.8990261411320305,0.1485795480111846,360452096,,,,,,,,pair_q7_sigma24_L128_W0.8150_r010,10,"first n by (realization, geometry_seed, orientation_seed, graph_id); frozen before transformed-graph calculation",24
gaussian_iid_L128_q7_W0.815_r10,FROZEN_REPLAY,SCALING,SCALING,6fdf14ca7344d60f8c1f0e022bbba9556a0d425cf1aaa0f35b0a203f7d6cddea,7,24.0,128,0.815,12590900716292596139,2117280375500507789,10,393216,0.9801864624023438,0.0064163208007812,0.0211715698242187,385425,385425,2523,8325,3.299643281807372,0.005279541015625,0.0147552490234375,0.8212890625,2.7099609375,1.888671875,19.7109375,65.0390625,19.7109375,65.0390625,127.99108833268572,2.524040665076228,127.99108833268572,2.524040665076228,0.9999303775991072,0.019719067695908,127.99108833268572,7.993071914336014,127.99108833268572,7.993071914336014,0.9999303775991072,0.0624458743307501,36.79573338400729,0.4268396794111485,0.2874666670625569,0.0033346849953995,32.99381002646294,1.5024956530044622,0.2577641408317417,0.0117382472890973,86.205044092361,21.95933809225134,0.9924692826000792,0.6166966966966967,0.0491042355840954,0.0615641276041666,16.12090224003936,10.017143435570402,0.9924692826000792,0.6049249249249249,0.0,0.0,0.0138723741577487,0.0044444444444444,0.0114942528735632,0.0247447447447447,1,385425,True,0.0215995329830706,True,True,True,False,True,OPEN_NONPERIODIC,1.0,gaussian,R6_REFINE,178232.0,23033.0,9235.0,368935.0,341813.0,2597313.0,178232,23033,9235,145964,2752512,2597313,2606548,368935,341813,7279,30,1445,103,1,1,1,True,5.064425781005411,0.0542501009913394,4.961999366059899e-06,0.3754917639889754,5.656026615004521,0.1212056477864583,2523,1,0.9999303775991072,0.019719067695908,1353.9259834810755,-0.1263133092480415,0.1822038977925856,0.0197176948070716,19.712309918343657,0.8213462465976524,0.8213462465976524,1.0,0.0615641276041666,0.1212056477864583,8.250440621065884,1.0,0.0,0.0269520412207689,0.0214030915576694,8325,1,0.9999303775991072,0.0624458743307501,1088.3988547668655,14.465131299563607,2.4501384827580344,0.0624415266990533,65.04359099096749,2.7101496246236447,2.7101496246236447,0.877957957957958,0.0615641276041666,0.1212056477864583,7.24353999992439,0.8747147147147147,0.0,0.009009009009009,0.0426426426426426,0.1051436725692417,0.7976111657070261,0.8674816272133228,0.1479822249966673,360497152,,,,,,,,pair_q7_sigma24_L128_W0.8150_r011,11,"first n by (realization, geometry_seed, orientation_seed, graph_id); frozen before transformed-graph calculation",24
gaussian_iid_L128_q7_W0.815_r11,FROZEN_REPLAY,SCALING,SCALING,585ec51dc3bebb2e6c876675c82a00821e6e403710c424f3ebe2cc72ad9dba72,7,24.0,128,0.815,1962789095212423922,8331814245213072405,11,393216,0.989903767903646,0.0061670939127604,0.0153910319010416,389246,389246,2425,6052,2.495670103092784,0.002637227376302,0.0092239379882812,0.7893880208333334,1.9700520833333333,1.1806640625,18.9453125,47.28125,18.9453125,47.28125,127.9614710106296,2.850450500616077,127.9614710106296,2.850450500616077,0.9996989922705436,0.0222691445360631,41.48996368344285,16.27755997101059,41.48996368344285,16.27755997101059,0.3241403412768973,0.1271684372735202,37.1776159815445,0.4081085825079081,0.2904501248558164,0.003188348300843,8.97625402622798,2.612264445150493,0.0701269845799061,0.0204083159777382,91.09736372874268,3.436196531668851,0.9901030927835052,0.0234633179114342,0.0537423634411143,0.0614242553710937,16.119089874216815,0.3819878282558078,0.9896907216494846,0.0,0.0,0.0,0.0136082474226804,0.0234633179114342,0.0164948453608247,0.0,1,389246,True,0.0155480082004696,True,True,True,False,True,OPEN_NONPERIODIC,1.0,gaussian,R6_REFINE,177872.0,23246.0,9282.0,368774.0,334502.0,2597886.0,177872,23246,9282,145344,2752512,2597886,2607168,368774,334502,3900,70,4907,6,1,1,1,True,5.044028542994056,0.0449796829925617,5.258989403955638e-06,0.3444221810059389,5.610416242008796,0.121320088704427,2425,1,0.9996989922705436,0.0222691445360631,1382.1751215011795,0.1088293722072857,0.1665611851302316,0.0222624413514293,18.95101690256873,0.789625704273697,0.789625704273697,1.0,0.0614242553710937,0.121320088704427,8.242658002305838,1.0,0.0,0.0292783505154639,0.0301030927835051,6052,1,0.3241403412768973,0.1271684372735202,78.7021072429915,-11.596817221331657,8.694954631779925,0.0412204206574885,145.86660152742277,6.077775063642615,6.077775063642615,0.0570059484467944,0.0614242553710937,0.121320088704427,0.4698805371440043,0.0,0.0,0.0570059484467944,0.0,0.1137558253649363,0.8749371582354666,0.9376503642531976,0.1602227269904688,360312832,,,,,,,,pair_q7_sigma24_L128_W0.8150_r012,12,"first n by (realization, geometry_seed, orientation_seed, graph_id); frozen before transformed-graph calculation",24
gaussian_iid_L128_q7_W0.815_r12,FROZEN_REPLAY,SCALING,SCALING,a061b1fcdf3e47e23532747e1eb98388b47d30b993df018c26842a5345606053,7,24.0,128,0.815,14510932720716503721,3241278375788733931,12,393216,0.9884821573893228,0.0070775349934895,0.0141474405924479,388687,388687,2783,5563,1.9989220265900107,0.0056737263997395,0.0070699055989583,0.9059244791666666,1.8108723958333333,0.9049479166666666,21.7421875,43.4609375,21.7421875,43.4609375,127.94004077555238,3.3913462239173384,127.94004077555238,3.3913462239173384,0.9995315685590028,0.0264948923743542,127.94004077555238,6.2725072673641336,127.94004077555238,6.2725072673641336,0.9995315685590028,0.0490039630262822,37.44766682753414,0.4736766727446063,0.2925598970901105,0.0037005990058172,36.29234076764948,1.05400641885348,0.2835339122472615,0.0082344251472928,79.05744357338222,34.432751184881134,0.9849083722601508,0.7767391695128528,0.0528548677985113,0.0615285237630208,16.007346057148364,12.624050147936098,0.9831117499101688,0.774941578285098,0.0,0.0,0.0233560905497664,0.0159985619270177,0.0136543298598634,0.0106057882437533,1,388687,True,0.0143122872645599,True,True,True,False,True,OPEN_NONPERIODIC,1.0,gaussian,R6_REFINE,178468.0,23635.0,9413.0,367993.0,341567.0,2597679.0,178468,23635,9413,145420,2752512,2597679,2607092,367993,341567,4388,56,1775,28,1,1,1,True,4.969213201009552,0.0515195979969576,5.623005563393235e-06,0.3804997560073389,5.578619680003612,0.1210479736328125,2783,1,0.9995315685590028,0.0264948923743542,1402.3228310521367,-2.6264057885148846,0.2292893641667502,0.0264824813337402,21.75237699730196,0.906349041554248,0.906349041554248,1.0,0.0615285237630208,0.1210479736328125,8.261187444850624,1.0,0.0,0.0456342076895436,0.0309019044196909,5563,1,0.9995315685590028,0.0490039630262822,1316.984212457438,-14.039206304118144,1.2607154687391104,0.0489810080292673,43.48130551059676,1.811721062941532,1.811721062941532,0.966025525795434,0.0615285237630208,0.1210479736328125,7.980517945106463,0.966025525795434,0.0,0.032176882976811,0.0204925399964048,0.1121262095207712,0.8590303255459807,0.9262956343316856,0.1644436509959632,359931904,,,,,,,,pair_q7_sigma24_L128_W0.8150_r013,13,"first n by (realization, geometry_seed, orientation_seed, graph_id); frozen before transformed-graph calculation",24
gaussian_iid_L128_q7_W0.815_r13,FROZEN_REPLAY,SCALING,SCALING,29bb9dca5286baff766325a0965d178858d268c246293129f1960faa925c85ea,7,24.0,128,0.815,6160150824468491629,3559034236000207361,13,393216,0.968775431315104,0.0066909790039062,0.0254084269205729,380938,380938,2631,9991,3.797415431394907,0.005279541015625,0.0187174479166666,0.8564453125,3.252278645833333,2.395833333333333,20.5546875,78.0546875,20.5546875,78.0546875,127.97186652427116,3.579653433218496,127.97186652427116,3.579653433218496,0.9997802072208684,0.0279660424470195,127.9934066828758,8.751484382328997,127.9934066828758,8.751484382328997,0.9999484897099672,0.0683709717369452,37.407004457787664,0.4762243426203499,0.2922422223264661,0.0037205026767214,34.99645476583338,1.5965371583750916,0.2734098028580732,0.0124729465498054,78.54912298678703,21.92022564727008,0.9870771569745344,0.5552997697928135,0.0504281536628007,0.0614802042643229,16.055202951681427,9.032171841937991,0.9851767388825542,0.5284756280652587,0.0,0.0,0.0140630938806537,0.0216194575117605,0.0254656024325351,0.0256230607546792,1,380938,True,0.0262273650830318,True,True,True,False,True,OPEN_NONPERIODIC,1.0,gaussian,R6_REFINE,180117.0,23634.0,9260.0,368204.0,339051.0,2596029.0,180117,23634,9260,147223,2752512,2596029,2605289,368204,339051,8708,45,1458,3118,1,1,1,True,5.081310089997714,0.0432899309962522,4.32098750025034e-06,0.3769944340019719,5.671749628003454,0.120862325032552,2631,1,0.9997802072208684,0.0279660424470195,1399.2834879986212,0.8317706335506695,0.2272841308295115,0.0279598957128287,20.55920626508174,0.8566335943784058,0.8566335943784058,1.0,0.0614802042643229,0.120862325032552,8.273876906891111,1.0,0.0,0.0250855188141391,0.0448498669707335,9991,1,0.9999484897099672,0.0683709717369452,1224.607286625945,13.29135836901822,2.693490449149209,0.0683674499283612,78.0587083267055,3.252446180279396,3.252446180279396,0.8557701931738565,0.0614802042643229,0.120862325032552,7.080537238906916,0.8393554198778901,0.0,0.0381343208887999,0.052347112401161,0.1035759099906021,0.8202339967185881,0.8569743297814754,0.1579717510030605,360452096,,,,,,,,pair_q7_sigma24_L128_W0.8150_r014,14,"first n by (realization, geometry_seed, orientation_seed, graph_id); frozen before transformed-graph calculation",24
gaussian_iid_L128_q7_W0.815_r14,FROZEN_REPLAY,SCALING,SCALING,67aaa0f61c038c814b9457080b200d2d59b766cdf041e3d9a5c3f489cbdc80d6,7,24.0,128,0.815,10714398994419119567,2123816966686241028,14,393216,0.9780095418294272,0.0063730875651041,0.0143458048502604,384569,384569,2506,5641,2.250997605746209,0.0053685506184895,0.0079727172851562,0.8157552083333334,1.8362630208333333,1.0205078125,19.578125,44.0703125,19.578125,44.0703125,127.98796056343048,3.141472710289591,127.98796056343048,3.141472710289591,0.9999059419018008,0.0245427555491374,127.98796056343048,8.991675780125988,127.98796056343048,8.991675780125988,0.9999059419018008,0.0702474670322342,37.03911450586264,0.4758302245648496,0.2893680820770519,0.0037174236294128,39.63372133930778,1.4353767867849545,0.309638447963342,0.0112138811467574,77.84102941282302,27.612067928227987,0.984437350359138,0.763694380429002,0.0503420712537932,0.0616048177083333,15.979876038590604,12.396666508205517,0.9832402234636872,0.7204396383619925,0.0,0.0,0.0203511572226656,0.0636411983690835,0.0195530726256983,0.0101045913845062,1,384569,True,0.014668369005302,True,True,True,False,True,OPEN_NONPERIODIC,1.0,gaussian,R6_REFINE,177756.0,23172.0,9339.0,368620.0,339785.0,2597928.0,177756,23172,9339,145245,2752512,2597928,2607267,368620,339785,7741,43,2465,590,1,1,1,True,5.172950339998351,0.0596241089951945,3.412991645745933e-06,0.3704714140039868,5.767180975992233,0.1210835774739583,2506,1,0.9999059419018008,0.0245427555491374,1371.895632514008,-0.7132343770947448,0.2267852670058603,0.0245404471042259,19.57996665442632,0.81583194393443,0.81583194393443,1.0,0.0616048177083333,0.1210835774739583,8.258758296227843,1.0,0.0,0.0411013567438148,0.0371109337589784,5641,1,0.9999059419018008,0.0702474670322342,1570.1908842503524,-31.70402129270018,2.701289471590211,0.0702408596890819,44.07445805970426,1.836435752487677,1.836435752487677,0.9399042722921468,0.0616048177083333,0.1210835774739583,7.76244220645276,0.8907995036341074,0.0,0.1168232582875376,0.0191455415706435,0.1050032633935652,0.8171775053720092,0.8671965726826044,0.1504081479943124,360660992,,,,,,,,pair_q7_sigma24_L128_W0.8150_r015,15,"first n by (realization, geometry_seed, orientation_seed, graph_id); frozen before transformed-graph calculation",24
gaussian_iid_L128_q7_W0.815_r15,FROZEN_REPLAY,SCALING,SCALING,5149891034d9f4a8111b7ef2054bac1eff0381633f2b5fd64b10cd8801368a8c,7,24.0,128,0.815,3525784381421185546,9728774493767030428,15,393216,0.9725519816080728,0.0064722696940104,0.0102310180664062,382423,382423,2545,4023,1.580746561886051,0.0051981608072916,0.0037587483723958,0.8284505208333334,1.3095703125,0.4811197916666666,19.8828125,31.4296875,19.8828125,31.4296875,127.94636540252137,2.871865029887146,127.94636540252137,2.871865029887146,0.999580979707198,0.0224364455459933,127.94636540252137,4.481728357262497,127.94636540252137,4.481728357262497,0.999580979707198,0.0350135027911132,37.401385140590655,0.411061624705995,0.2921983214108645,0.0032114189430155,39.35453990585148,0.7030191708211537,0.3074573430144646,0.0054923372720402,90.98729458713488,55.97932679401024,0.9921414538310412,0.933880188913746,0.0500597505903149,0.0619862874348958,16.005821527431966,15.065915826860897,0.9917485265225932,0.9224459358687548,0.0,0.0,0.0141453831041257,0.0288342033308476,0.0165029469548133,0.0173999502858563,1,382423,True,0.0105197647631026,True,True,True,False,True,OPEN_NONPERIODIC,1.0,gaussian,R6_REFINE,177690.0,23065.0,9197.0,368871.0,345602.0,2597887.0,177690,23065,9197,145428,2752512,2597887,2607084,368871,345602,7418,71,918,3185,1,1,1,True,4.938755363997188,0.0484306340076727,4.322995664551854e-06,0.3913477180030895,5.54974205000326,0.121978759765625,2545,1,0.999580979707198,0.0224364455459933,1398.8635349631456,-0.3249027336836538,0.1690471309558011,0.0224270442200112,19.89114729436345,0.8287978039318105,0.8287978039318105,1.0,0.0619862874348958,0.121978759765625,8.198148611458594,1.0,0.0,0.0282907662082514,0.0330058939096267,4023,1,0.999580979707198,0.0350135027911132,1548.7683394124513,-4.2144363237268445,0.5057077433468224,0.0349988314229217,31.442862697534053,1.310119279063919,1.310119279063919,0.9990057171265224,0.0619862874348958,0.121978759765625,8.189997332699997,0.9982600049714144,0.0,0.0566741237882177,0.035048471290082,0.1053859208258917,0.8075939479823283,0.8639694404860698,0.1581976950110402,360042496,,,,,,,,pair_q7_sigma24_L128_W0.8150_r016,16,"first n by (realization, geometry_seed, orientation_seed, graph_id); frozen before transformed-graph calculation",24
gaussian_iid_L128_q7_W0.815_r16,FROZEN_REPLAY,SCALING,SCALING,9ca55e84e39131c1293eb803572dd5b088e2e23134bf707ff8283244240c29ac,7,24.0,128,0.815,4593127672809587576,8413295898909659687,16,393216,0.986175537109375,0.0065714518229166,0.011566162109375,387780,387780,2584,4548,1.760061919504644,0.005353291829427,0.0049947102864583,0.8411458333333334,1.48046875,0.6393229166666666,20.1875,35.53125,20.1875,35.53125,127.95998602080594,3.0104817870132763,127.95998602080594,3.0104817870132763,0.9996873907875464,0.0235193889610412,127.99261758741494,5.805241881845021,127.99261758741494,5.805241881845021,0.9999423249016792,0.0453534522019142,36.54818668906444,0.4252535839280558,0.2855327085083159,0.0033222936244379,38.02468202507048,0.7861579681562726,0.2970678283208631,0.0061418591262208,85.94445307543285,48.367737230021845,0.989938080495356,0.8929199648197009,0.0522848006601681,0.0620498657226562,15.95391172835206,14.39036095276624,0.9887770897832816,0.8852242744063324,0.0,0.0,0.0131578947368421,0.0222075637642919,0.0108359133126934,0.0175901495162708,1,387780,True,0.0117282995512919,True,True,True,False,True,OPEN_NONPERIODIC,1.0,gaussian,R6_REFINE,179727.0,23424.0,9622.0,368546.0,343454.0,2596209.0,179727,23424,9622,146681,2752512,2596209,2605831,368546,343454,5146,46,965,123,1,1,1,True,4.952974796004128,0.0472044400084996,3.610010026022792e-06,0.3645457520033233,5.537494467003853,0.1211471557617187,2584,1,0.9996873907875464,0.0235193889610412,1335.769814874973,-0.4252258486489613,0.1809759943776067,0.0235120365833807,20.193812771907066,0.8414088654961276,0.8414088654961276,1.0,0.0620498657226562,0.1211471557617187,8.25442408212104,1.0,0.0,0.0270897832817337,0.0224458204334365,4548,1,0.9999423249016792,0.0453534522019142,1445.8757042558018,-1.0333592746916307,0.618783202811223,0.0453508364370992,35.53329938653578,1.4805541411056575,1.4805541411056575,0.996042216358839,0.0620498657226562,0.1211471557617187,8.221754857521617,0.996042216358839,0.0,0.0417766051011433,0.0329815303430079,0.1104053844963639,0.8426255246685795,0.9113328645826192,0.1599609109980519,360497152,,,,,,,,pair_q7_sigma24_L128_W0.8150_r017,17,"first n by (realization, geometry_seed, orientation_seed, graph_id); frozen before transformed-graph calculation",24
gaussian_iid_L128_q7_W0.815_r17,FROZEN_REPLAY,SCALING,SCALING,38d93cdb242b5a3cb5019a7d600bf956c6fa2bbb3298acb8f1dca74de58b88f7,7,24.0,128,0.815,6429217990907285520,6222212454039518241,17,393216,0.9852294921875,0.0058212280273437,0.0151163736979166,387408,387408,2289,5944,2.596767147225863,0.0050989786783854,0.0092951456705729,0.7451171875,1.9348958333333333,1.1897786458333333,17.8828125,46.4375,17.8828125,46.4375,127.97675859557354,2.225604821386753,127.97675859557354,2.225604821386753,0.9998184265279184,0.017387537667084,127.9873577894578,8.367951300872008,127.9873577894578,8.367951300872008,0.999901232730139,0.0653746195380625,36.60442176917226,0.3603162808149796,0.2859720450716583,0.002814970943867,30.640906764218027,1.5619928254879047,0.2393820840954533,0.0122030689491242,101.58969693619932,19.61654769742429,0.9973787680209698,0.6892664872139973,0.0504919877751621,0.0610249837239583,16.34377769820527,11.294824597280344,0.9965050240279598,0.6867429340511441,0.0,0.0,0.018348623853211,0.0092530282637954,0.0170380078636959,0.0129542395693135,1,387408,True,0.0153429975632924,True,True,True,False,True,OPEN_NONPERIODIC,1.0,gaussian,R6_REFINE,180439.0,23761.0,9469.0,368375.0,341341.0,2595834.0,180439,23761,9469,147209,2752512,2595834,2605303,368375,341341,5564,30,1554,48,1,1,1,True,4.977204143011477,0.0506262050039367,5.81399945076555e-06,0.3637271789921215,5.551810603996273,0.121350606282552,2289,1,0.9998184265279184,0.017387537667084,1339.8835890055584,0.3733647495143312,0.1299318721138486,0.0173843805514988,17.8860601340404,0.7452525055850167,0.7452525055850167,1.0,0.0610249837239583,0.121350606282552,8.240585116415534,1.0,0.0,0.0318916557448667,0.0310179117518567,5944,1,0.999901232730139,0.0653746195380625,938.8295498772744,5.775103476066972,2.475439043103206,0.0653681626653725,46.44208695813551,1.9350869565889797,1.9350869565889797,0.8978802153432033,0.0610249837239583,0.121350606282552,7.399058338881175,0.8978802153432033,0.0,0.019179004037685,0.0198519515477792,0.109644096146698,0.8273986274795024,0.9035315068093136,0.1456245320005109,359931904,,,,,,,,pair_q7_sigma24_L128_W0.8150_r018,18,"first n by (realization, geometry_seed, orientation_seed, graph_id); frozen before transformed-graph calculation",24
gaussian_iid_L128_q7_W0.815_r18,FROZEN_REPLAY,SCALING,SCALING,401860221bbb2d63e1e423ebbd87833506aaeea5fe3d4c8704b77b2d41a3658c,7,24.0,128,0.815,16334574573290883234,6665082092450601631,18,393216,0.9175237019856772,0.0063756306966145,0.0156326293945312,360785,360785,2507,6147,2.451934583167132,0.00531005859375,0.0092569986979166,0.8160807291666666,2.0009765625,1.1848958333333337,19.5859375,48.0234375,19.5859375,48.0234375,127.81865206046044,2.4937376830636566,127.81865206046044,2.4937376830636566,0.9985832192223472,0.0194823256489348,127.94875654158692,6.839041442702893,127.94875654158692,6.839041442702893,0.9995996604811478,0.0534300112711163,35.562004152410694,0.4038608189788654,0.2778281574407085,0.0031551626482723,39.61584367683273,1.2076172420126754,0.3094987787252557,0.009434509703224,88.05509839336928,32.80496692048466,0.9956122856003192,0.7564665690580771,0.0468894216777305,0.0611724853515625,16.27549183065665,12.366124487350994,0.9956122856003192,0.7320644216691069,0.0,0.0,0.0127642600717989,0.009760858955588,0.0087754287993617,0.0370912640312347,1,360785,True,0.0170378480258325,True,True,True,False,True,OPEN_NONPERIODIC,1.0,gaussian,R6_REFINE,178451.0,23548.0,9186.0,368434.0,340164.0,2597609.0,178451,23548,9186,145717,2752512,2597609,2606795,368434,340164,15060,49,2253,16345,1,1,1,True,5.126760474988259,0.0624230109970085,5.242996849119663e-06,0.4004586310038576,5.753484298998956,0.1202545166015625,2507,1,0.9985832192223472,0.0194823256489348,1264.6541597912174,1.5821241317540211,0.1650831059642254,0.0194547234644514,19.61372584976209,0.8172385770734206,0.8172385770734206,1.0,0.0611724853515625,0.1202545166015625,8.315695977667808,1.0,0.0,0.0247307538891104,0.0219385719984044,6147,1,0.9995996604811478,0.0534300112711163,1569.3974406680652,5.257573126462487,1.4759689623886705,0.0534086211261118,48.04267087974437,2.0017779533226823,2.0017779533226823,0.9708801041158288,0.0611724853515625,0.1202545166015625,8.0735437765937,0.9537986009435496,0.0,0.0190336749633967,0.0727183992191312,0.0926285738043433,0.7665116335923537,0.7702710586018834,0.1498222480004187,360312832,,,,,,,,pair_q7_sigma24_L128_W0.8150_r019,19,"first n by (realization, geometry_seed, orientation_seed, graph_id); frozen before transformed-graph calculation",24
gaussian_iid_L128_q7_W0.815_r19,FROZEN_REPLAY,SCALING,SCALING,1b8a6492385489c22a2c32ae6ba12730a3e874b77f67c8153de58b7de60abc23,7,24.0,128,0.815,4688524306576409668,4347135371660193113,19,393216,0.9909693400065104,0.0066299438476562,0.0161488850911458,389665,389665,2607,6350,2.4357499041043345,0.0055084228515625,0.0095189412434895,0.8486328125,2.0670572916666665,1.2184244791666663,20.3671875,49.609375,20.3671875,49.609375,127.96790950525386,3.017663218861543,127.96790950525386,3.017663218861543,0.9997492930097958,0.0235754938973558,127.97842112862308,6.013076979833954,127.97842112862308,6.013076979833954,0.9998314150673678,0.0469771639049527,36.70723385028848,0.4482300816957458,0.2867752644553787,0.003501797513248,36.45859579708815,1.1196594517748697,0.2848327796647512,0.0087473394669911,81.89373125386302,32.5622185739552,0.988108937476026,0.7623622047244094,0.0542491627423556,0.0611114501953125,16.16896562457649,12.474948676359274,0.9873417721518988,0.7450393700787401,0.0,0.0,0.0141925584963559,0.0256692913385826,0.0149597238204833,0.0226771653543307,1,389665,True,0.0162960491704412,True,True,True,False,True,OPEN_NONPERIODIC,1.0,gaussian,R6_REFINE,178498.0,23436.0,9495.0,368546.0,342043.0,2597450.0,178498,23436,9495,145567,2752512,2597450,2606945,368546,342043,3481,29,1741,7,1,1,1,True,5.03582542600634,0.0590516870142892,4.561996320262551e-06,0.3617226869973819,5.628965455995058,0.1205902099609375,2607,1,0.9997492930097958,0.0235754938973558,1347.4199121495342,1.2199977009996203,0.2020149963665496,0.0235695833562382,20.37229497675717,0.848845624031549,0.848845624031549,1.0,0.0611114501953125,0.1205902099609375,8.292547133999747,1.0,0.0,0.0260836210203298,0.0268507863444572,6350,1,0.9998314150673678,0.0469771639049527,1329.1934045765754,6.895224417222794,1.2894402068273738,0.0469692442629406,49.6177398033221,2.067405825138421,2.067405825138421,0.9681889763779528,0.0611114501953125,0.1205902099609375,8.028752721233142,0.9653543307086614,0.0,0.0428346456692913,0.0448818897637795,0.1139029679339945,0.8877086465625511,0.944545730295112,0.1598410949954996,360452096,,,,,,,,pair_q7_sigma24_L128_W0.8150_r020,20,"first n by (realization, geometry_seed, orientation_seed, graph_id); frozen before transformed-graph calculation",24
gaussian_iid_L128_q7_W0.815_r20,FROZEN_REPLAY,SCALING,SCALING,870adc3a52882bc2ccdbf307c6e2371c1feb88e9310998f20f14e046adfb77dd,7,24.0,128,0.815,5298617954072494676,12679546620346881797,20,393216,0.9820531209309896,0.0063018798828125,0.0185267130533854,386159,386159,2478,7285,2.939870863599677,0.0052719116210937,0.0122248331705729,0.806640625,2.371419270833333,1.5647786458333337,19.359375,56.9140625,19.359375,56.9140625,127.99819235057518,2.8845311049232976,127.99819235057518,2.8845311049232976,0.9999858777388686,0.0225353992572132,127.99819235057518,7.623395456123674,127.99819235057518,7.623395456123674,0.9999858777388686,0.0595577770009662,37.648346736936304,0.4010884826390479,0.2941277088823149,0.0031335037706175,38.91215277263162,1.3057980236593465,0.3040011935361845,0.0102015470598386,93.86543958884312,29.79951881347229,0.9943502824858758,0.691283459162663,0.0509738216641331,0.0615514119466145,16.154792409121434,11.230992714874423,0.9927360774818402,0.6862045298558682,0.0,0.0,0.0213882163034705,0.0086479066575154,0.0177562550443906,0.0166094715168153,1,386159,True,0.018865286060923,True,True,True,False,True,OPEN_NONPERIODIC,1.0,gaussian,R6_REFINE,178645.0,23365.0,9284.0,368604.0,339404.0,2597232.0,178645,23365,9284,145996,2752512,2597232,2606516,368604,339404,6277,41,2603,450,1,1,1,True,5.141939576002187,0.0507579130062367,3.933004336431623e-06,0.3741313310019905,5.727245731992298,0.1210276285807291,2478,1,0.9999858777388686,0.0225353992572132,1417.3967549021197,-1.334780530104831,0.1621290933685135,0.0225350810064202,19.359648402010144,0.8066520167504228,0.8066520167504228,1.0,0.0615514119466145,0.1210276285807291,8.262576171464593,1.0,0.0,0.0387409200968523,0.0290556900726392,7285,1,0.9999858777388686,0.0595577770009662,1514.128807561175,6.369618146191131,1.7319343180402238,0.0595569359104869,56.91486626660368,2.3714527611084866,2.3714527611084866,0.9358956760466712,0.0615514119466145,0.1210276285807291,7.732909311879972,0.935483870967742,0.0,0.0178448867536032,0.0299245024021962,0.1070284520107002,0.8281503226659417,0.8843307372523537,0.1466801850037882,360042496,,,,,,,,pair_q7_sigma24_L128_W0.8150_r021,21,"first n by (realization, geometry_seed, orientation_seed, graph_id); frozen before transformed-graph calculation",24
gaussian_iid_L128_q7_W0.815_r21,FROZEN_REPLAY,SCALING,SCALING,fc7f5ecd40a6decd441b45272577b325eea62d6ade7ba37df69172943d59be64,7,24.0,128,0.815,11284598016601390760,11048363596849849106,21,393216,0.9899571736653646,0.0066502888997395,0.0125020345052083,389267,389267,2615,4916,1.879923518164436,0.0053507486979166,0.0058517456054687,0.8512369791666666,1.6002604166666667,0.7490234375000001,20.4296875,38.40625,20.4296875,38.40625,127.99314335232222,2.7593629482357613,127.99314335232222,2.7593629482357613,0.9999464324400174,0.0215575230330918,127.99314335232222,5.962739187022578,127.99314335232222,5.962739187022578,0.9999464324400174,0.0465838998986138,36.99351497427908,0.4283989377926867,0.2890118357365553,0.0033468667015053,36.914613256568586,0.8750890601675173,0.2883954160669421,0.0068366332825587,86.3529568137753,42.18383583666566,0.9889101338432122,0.8492676973148902,0.0539860815327268,0.0615183512369791,16.075042876779353,13.805111486869444,0.9889101338432122,0.8482506102522376,0.0,0.0,0.011472275334608,0.0097640358014646,0.0152963671128107,0.0122050447518307,1,389267,True,0.0126288639930947,True,True,True,False,True,OPEN_NONPERIODIC,1.0,gaussian,R6_REFINE,179126.0,23562.0,9398.0,368395.0,339739.0,2596948.0,179126,23562,9398,146166,2752512,2596948,2606346,368395,339739,3889,31,2971,7,1,1,1,True,5.1018775229895255,0.0539084260090021,2.2947991965338588e-05,0.3359607989987125,5.675101728003938,0.1212641398111979,2615,1,0.9999464324400174,0.0215575230330918,1368.519639064698,0.8362652093604908,0.184036737414342,0.0215563682491837,20.430781927136373,0.851282580297349,0.851282580297349,1.0,0.0615183512369791,0.1212641398111979,8.246461002873142,1.0,0.0,0.0233269598470363,0.0256214149139579,4916,1,0.9999464324400174,0.0465838998986138,1362.6703670488428,-4.992938640291018,0.7840856964111147,0.0465814045127618,38.40830743931259,1.6003461433046913,1.6003461433046913,0.9918633034987796,0.0615183512369791,0.1212641398111979,8.179362052483611,0.9918633034987796,0.0,0.0215622457282343,0.0205451586655817,0.1137394127937893,0.8775606050422794,0.9379476320936744,0.1696843920071842,360497152,,,,,,,,pair_q7_sigma24_L128_W0.8150_r022,22,"first n by (realization, geometry_seed, orientation_seed, graph_id); frozen before transformed-graph calculation",24
gaussian_iid_L128_q7_W0.815_r22,FROZEN_REPLAY,SCALING,SCALING,015c028500fea2125083fd3749ae69bf4a38abc7ebb21af81fe7802cb17a5ba7,7,24.0,128,0.815,12923416282862128457,9352390377317204358,22,393216,0.5367101033528646,0.0064748128255208,0.0120391845703125,211043,211043,2546,4734,1.8593872741555384,0.0052108764648437,0.0055643717447916,0.8287760416666666,1.541015625,0.7122395833333334,19.890625,36.984375,19.890625,36.984375,127.91994026497136,3.145202426916768,127.91994026497136,3.145202426916768,0.9993745333200889,0.0245718939602872,127.91994026497136,6.845899667819921,127.91994026497136,6.845899667819921,0.9993745333200889,0.0534835911548431,36.3291466380717,0.4176202390297818,0.2838214581099351,0.0032626581174201,34.5302141217398,1.0281671916374675,0.2697672978260922,0.0080325561846677,86.99086692367166,33.584240386766965,0.9956794972505892,0.8187579214195184,0.0313348464530925,0.0617701212565104,16.119111910366325,13.254918474572744,0.9956794972505892,0.8187579214195184,0.0,0.0,0.0098193244304791,0.0097169412758766,0.0125687352710133,0.0078158005914659,3,33164,False,0.1427451453383186,True,True,True,False,True,OPEN_NONPERIODIC,1.0,gaussian,R6_REFINE,178697.0,23028.0,9303.0,368971.0,344601.0,2596843.0,178697,23028,9303,146366,2752512,2596843,2606146,368971,344601,27341,35,1770,116360,1,1,1,True,5.018001892996836,0.0545395799999823,3.465000190772116e-06,0.3497216920077335,5.572987100007595,0.1213251749674479,2546,1,0.9993745333200889,0.0245718939602872,1319.8024030145575,-2.43481914367639,0.1788991000056137,0.0245565250593527,19.90307370943307,0.8292947378930445,0.8292947378930445,1.0,0.0617701212565104,0.1213251749674479,8.242312448906869,1.0,0.0,0.0255302435192458,0.0247446975648075,4734,1,0.9993745333200889,0.0534835911548431,1192.2609504507147,-9.435402082697758,1.1318646164440511,0.0534501389506537,37.00752197189951,1.5419800821624796,1.5419800821624796,0.9746514575411914,0.0617701212565104,0.1213251749674479,8.033381841836986,0.9746514575411914,0.0,0.0249260667511618,0.0175327418673426,0.062428035992665,0.5072816082547335,0.5145513782231488,0.1360461300064344,359931904,,,,,,,,pair_q7_sigma24_L128_W0.8150_r023,23,"first n by (realization, geometry_seed, orientation_seed, graph_id); frozen before transformed-graph calculation",24
gaussian_iid_L128_q7_W0.815_r23,FROZEN_REPLAY,SCALING,SCALING,456ec3fb4caeb3a02376f2cd7d5075e7c9fa03fa93f3944b34704b9f82959f47,7,24.0,128,0.815,5797620660727937147,2547394744985847370,23,393216,0.9856363932291666,0.0066935221354166,0.0161387125651041,387568,387568,2632,6346,2.411094224924012,0.0054092407226562,0.0094451904296875,0.8567708333333334,2.065755208333333,1.208984375,20.5625,49.578125,20.5625,49.578125,127.8985231862031,2.8983833898026035,127.8985231862031,2.8983833898026035,0.9992072123922116,0.0226436202328328,127.8985231862031,6.529115433657893,127.8985231862031,6.529115433657893,0.9992072123922116,0.0510087143254522,37.160662294867045,0.4461012620910078,0.2903176741786488,0.0034851661100859,33.069571284838695,1.21269659119379,0.2583560256628023,0.0094741921187014,83.30095754646399,27.269451835668715,0.9905015197568388,0.7213993066498582,0.0513561491144779,0.0613377888997395,16.148308204847016,11.76109083144536,0.989741641337386,0.718562874251497,0.0,0.0,0.0167173252279635,0.0080365584620233,0.0174772036474164,0.0149700598802395,1,387568,True,0.0163739008380464,True,True,True,False,True,OPEN_NONPERIODIC,1.0,gaussian,R6_REFINE,177725.0,23177.0,9339.0,368824.0,342100.0,2597964.0,177725,23177,9339,145209,2752512,2597964,2607303,368824,342100,5487,43,1639,9,1,1,1,True,4.9011736389948055,0.0554496349941473,3.396999090909958e-06,0.3756630420102738,5.5081781659973785,0.1214803059895833,2632,1,0.9992072123922116,0.0226436202328328,1380.914817702335,-0.0787435325518366,0.1990108268575522,0.0226256686513167,20.57881462922102,0.8574506095508758,0.8574506095508758,1.0,0.0613377888997395,0.1214803059895833,8.231786970356724,1.0,0.0,0.0345744680851063,0.036854103343465,6346,1,0.9992072123922116,0.0510087143254522,1093.58164249535,4.034247020113837,1.4855354899708897,0.0509682752488458,49.617461108296574,2.0673942128456906,2.0673942128456906,0.9531988654270408,0.0613377888997395,0.1214803059895833,7.846530000581127,0.9531988654270408,0.0,0.0173337535455405,0.0294673810274188,0.1101638938199232,0.8372676947716974,0.9068457057506056,0.1592415549966972,360312832,,,,,,,,pair_q7_sigma24_L128_W0.8150_r024,24,"first n by (realization, geometry_seed, orientation_seed, graph_id); frozen before transformed-graph calculation",24
new_q7_sigma24_L256_W0.815_r001,NEW_SCALING_PRODUCTION,SCALING,NEW_SCALING,41f97afce23b8240fe85492612f96f3844c9e607b338f6b47a56b50ab77dfb7c,7,24.0,256,0.815,2882029015437996747,4616069467501988701,1,1572864,0.9939047495524088,0.0034020741780598,0.0074081420898437,1563277,1563277,5351,11652,2.1775369089889742,0.0015538533528645,0.0040060679117838,0.8709309895833334,1.896484375,1.0255533854166663,20.90234375,45.515625,20.90234375,45.515625,255.8968272468861,3.791956806334895,255.8968272468861,3.791956806334895,0.9995969814331488,0.0148123312747456,255.91849702395572,7.471149656864014,255.91849702395572,7.471149656864014,0.9996816289998272,0.029184178347125,71.50785431724098,0.4832951926540164,0.2793275559267226,0.0018878718463047,75.23182599282806,1.0574605595484905,0.2938743202844846,0.0041307053107362,147.95896049483852,71.1438599893978,0.98131190431695,0.7823549605217989,0.0267713271544326,0.0308723449707031,31.786114895003408,25.341611117141536,0.9801906185759672,0.7767765190525232,0.0,0.0,0.0112128574098299,0.006093374527978,0.0054195477480844,0.0110710607621009,1,1563277,True,0.0074535734869763,,,,True,True,OPEN_NONPERIODIC,1.0,,new frozen-seed production,,,,,,,706065,88399,32426,585240,11010048,10392382,10424808,1479467,1373172,9367,45,2479,13,1,1,1,,30.103717427002262,5.301810107994243,2.800673407997237,2.358035690005636,41.573735038997256,0.061374028523763,5351,1,0.9995969814331488,0.0148123312747456,5113.372138432219,-2.3614633786407544,0.2346648667839056,0.0148063616302236,20.910771179032327,0.8712821324596803,0.8712821324596803,1.0,0.0308723449707031,0.061374028523763,16.293536925196566,1.0,0.0,0.0213044290786768,0.0112128574098299,11652,1,0.9996816289998272,0.029184178347125,5659.785887690798,15.371238625419627,1.1599773593645342,0.0291748869510754,45.53012046999202,1.8970883529163345,1.8970883529163345,0.9749399244764848,0.0308723449707031,0.061374028523763,15.885219659305951,0.9745966357706832,0.0,0.0111568829385513,0.0202540336422931,0.0570960872577284,0.8671620889128372,0.930297206018044,0.9374463999993168,941400064,20260924.0,numpy.PCG64; deterministic condition-major sequence,PRODUCTION_PENDING,,0.0,24.0,261.0,pair_q7_sigma24_L256_W0.8150_r001,1,"first n by (realization, geometry_seed, orientation_seed, graph_id); frozen before transformed-graph calculation",24
new_q7_sigma24_L256_W0.815_r002,NEW_SCALING_PRODUCTION,SCALING,NEW_SCALING,c6dbe0c5e81624661f26da9cf491f4a61af8741023c6ce8b2c5e1635b5de8e56,7,24.0,256,0.815,4986780076894899113,16770629145775357045,2,1572864,0.9927043914794922,0.0032183329264322,0.0069471995035807,1561389,1561389,5062,10927,2.158632951402608,0.0013192494710286,0.0037288665771484,0.8238932291666666,1.7784830729166667,0.95458984375,19.7734375,42.68359375,19.7734375,42.68359375,255.949966780867,4.177207512672879,255.949966780867,4.177207512672879,0.9998045577377616,0.0163172168463784,255.97811479205623,6.342897214477773,255.97811479205623,6.342897214477773,0.9999145109064695,0.0247769422440538,74.66780973085154,0.4525111118067477,0.2916711317611388,0.0017676215304951,75.7509718042335,0.9687810270673182,0.2959022336102871,0.0037843008869817,165.00768220414366,78.19204720962166,0.9861714737258,0.8080900521643635,0.0265462354352438,0.0311056772867838,31.703906159432943,25.978860537709743,0.9857763729751088,0.8077239864555688,0.0,0.0,0.0065191623864085,0.0044843049327354,0.0094824180165942,0.0059485677679143,1,1561389,True,0.0069982560399746,,,,True,True,OPEN_NONPERIODIC,1.0,,new frozen-seed production,,,,,,,707880,88663,32765,586452,11010048,10390831,10423596,1479480,1368738,11057,66,4033,104,1,1,1,,30.60750310200092,4.989240891998634,2.761769575008657,2.4175743170053465,41.819950103003066,0.0613028208414713,5062,1,0.9998045577377616,0.0163172168463784,5575.279377728536,3.682405416401697,0.2071985804207428,0.0163140277726045,19.77730282080427,0.824054284200178,0.824054284200178,0.9998024496246544,0.0311056772867838,0.0613028208414713,16.30924051945564,0.9998024496246544,0.0,0.0136309758988542,0.0167917819043856,10927,1,0.9999145109064695,0.0247769422440538,5738.196191966538,8.812893307012663,0.9520739976454368,0.0247748240857209,42.68724304371312,1.7786351268213798,1.7786351268213798,0.9860895030658005,0.0311056772867838,0.0613028208414713,16.08554858537131,0.9860895030658005,0.0,0.0104328727006497,0.0107989384094444,0.0560475320371797,0.8534209106105145,0.9142732955489636,0.9766078159882454,908189696,20260924.0,numpy.PCG64; deterministic condition-major sequence,PRODUCTION_PENDING,,0.0,24.0,262.0,pair_q7_sigma24_L256_W0.8150_r002,2,"first n by (realization, geometry_seed, orientation_seed, graph_id); frozen before transformed-graph calculation",24
new_q7_sigma24_L256_W0.815_r003,NEW_SCALING_PRODUCTION,SCALING,NEW_SCALING,184403eabd0840c7423c354426bbd89657b4567a959a8be43c90af7bd1cb04ec,7,24.0,256,0.815,7293115328370790948,12809380472688084077,3,1572864,0.9933465321858724,0.0030771891276041,0.0084241231282552,1562399,1562399,4840,13250,2.737603305785124,0.002600351969401,0.005346934000651,0.7877604166666666,2.156575520833333,1.368815104166667,18.90625,51.7578125,18.90625,51.7578125,255.9321611711316,2.694321735081928,255.9321611711316,2.694321735081928,0.9997350045747329,0.0105246942776637,255.98213911551315,9.021159827907384,255.98213911551315,9.021159827907384,0.9999302309199732,0.0352389055777632,73.39529518816528,0.3873218011765653,0.2867003718287706,0.0015129757858459,78.08282204181317,1.643733873977687,0.3050110236008327,0.0064208354452253,189.4943557662202,47.50332354766153,0.9952479338842976,0.641811320754717,0.026751809236949,0.0311285654703776,31.97217471622295,20.61808217167842,0.9952479338842976,0.6402264150943396,0.0,0.0,0.0072314049586776,0.0033207547169811,0.0070247933884297,0.0075471698113207,1,1562399,True,0.0084805481826345,,,,True,True,OPEN_NONPERIODIC,1.0,,new frozen-seed production,,,,,,,707221,89001,32313,585907,11010048,10391828,10424141,1479259,1364522,10161,59,4898,58,1,1,1,,30.610494462991483,5.326860770001076,2.75972141699458,2.7336909220030066,42.49233233100677,0.0613276163736979,4840,1,0.9997350045747329,0.0105246942776637,5386.869045611284,1.2925450783532546,0.1503283243015708,0.0105219052818278,18.91126139775644,0.7879692249065182,0.7879692249065182,1.0,0.0311285654703776,0.0613276163736979,16.305867717188473,1.0,0.0,0.012396694214876,0.0163223140495867,13250,1,0.9999302309199732,0.0352389055777632,6096.207404410322,66.22278278859325,3.42155465160326,0.0352364469917399,51.76142384692268,2.1567259936217784,2.1567259936217784,0.8416603773584905,0.0311285654703776,0.0613276163736979,13.72400277600648,0.8415849056603774,0.0,0.0063396226415094,0.0182641509433962,0.0565406147853397,0.8593974323168373,0.9219437853382604,0.9894411139976,907804672,20260924.0,numpy.PCG64; deterministic condition-major sequence,PRODUCTION_PENDING,,0.0,24.0,263.0,pair_q7_sigma24_L256_W0.8150_r003,3,"first n by (realization, geometry_seed, orientation_seed, graph_id); frozen before transformed-graph calculation",24
new_q7_sigma24_L256_W0.815_r004,NEW_SCALING_PRODUCTION,SCALING,NEW_SCALING,d508ed3eba7fa3e83235280f5208b0ff786f6e8eb6b6a3f6967a555dab88bdb1,7,24.0,256,0.815,18001607572694327954,6221883883758509420,4,1572864,0.9902133941650392,0.0031859079996744,0.0063883463541666,1557471,1557471,5011,10048,2.005188585112752,0.0019219716389973,0.0032024383544921,0.8155924479166666,1.6354166666666667,0.8198242187500001,19.57421875,39.25,19.57421875,39.25,255.83039439875492,3.5806058867075308,255.83039439875492,3.5806058867075308,0.9993374781201364,0.0139867417449512,255.8897129601466,5.904081514041764,255.8897129601466,5.904081514041764,0.9995691912505726,0.0230628184142256,75.41952334417311,0.4849279040033036,0.2946075130631762,0.0018942496250129,73.11552668447214,0.9133966178985812,0.2856075261112193,0.0035679555386663,155.52729121494176,80.04794987383073,0.9816403911394932,0.8414609872611465,0.0255420486159934,0.0310986836751302,31.56533573556094,27.05776861977176,0.9796447814807424,0.8379777070063694,0.0,0.0,0.0095789263620035,0.0102507961783439,0.010776292157254,0.0070660828025477,1,1557471,True,0.0064514844899198,,,,True,True,OPEN_NONPERIODIC,1.0,,new frozen-seed production,,,,,,,707058,88488,32872,585698,11010048,10391478,10424350,1479413,1370427,13850,71,3235,735,1,1,1,,30.034322489998885,5.325256223004544,2.8032286660018144,2.653218377992744,41.91286626999499,0.0615336100260416,5011,1,0.9993374781201364,0.0139867417449512,5688.099387132049,-5.393479021840323,0.2402694023062677,0.0139774752225172,19.58719569571358,0.8161331539880657,0.8161331539880657,1.0,0.0310986836751302,0.0615336100260416,16.25128120350471,1.0,0.0,0.0201556575533825,0.0225503891438834,10048,1,0.9995691912505726,0.0230628184142256,5345.879725471839,-1.6621447788370054,0.8348102575068195,0.0230528827502663,39.26691653120468,1.6361215221335283,1.6361215221335283,0.9906449044585988,0.0310986836751302,0.0615336100260416,16.099248915175746,0.9904458598726116,0.0,0.021795382165605,0.0149283439490445,0.0541069464535776,0.821322499782189,0.8793072018800621,1.0182017119950617,942723072,20260924.0,numpy.PCG64; deterministic condition-major sequence,PRODUCTION_PENDING,,0.0,24.0,264.0,pair_q7_sigma24_L256_W0.8150_r004,4,"first n by (realization, geometry_seed, orientation_seed, graph_id); frozen before transformed-graph calculation",24
new_q7_sigma24_L256_W0.815_r005,NEW_SCALING_PRODUCTION,SCALING,NEW_SCALING,9917b379bdce4e310dabc66aa5022c14be51e6e795ec8eeb8c3e11934f3ab666,7,24.0,256,0.815,8835512795795930156,4877485787784802990,5,1572864,0.9929345448811848,0.003369649251302,0.0076624552408854,1561751,1561751,5300,12052,2.2739622641509434,0.002698262532552,0.0042928059895833,0.8626302083333334,1.9615885416666667,1.0989583333333337,20.703125,47.078125,20.703125,47.078125,255.9236573985788,3.737562244018648,255.9236573985788,3.737562244018648,0.9997017867131984,0.0145998525156978,255.97667014869023,7.6640745043881395,255.97667014869023,7.6640745043881395,0.9999088677683212,0.0299377910327661,72.46663017269907,0.4774794360517928,0.2830727741121057,0.0018651540470773,63.30397754027404,1.3012848043160894,0.2472811622666954,0.0050831437668597,151.76911234526656,48.64728868754018,0.9839622641509432,0.7366412213740458,0.0263473498656315,0.0310757954915364,31.663300925600662,23.70466177043388,0.9833962264150944,0.732243611018918,0.0,0.0,0.0071698113207547,0.0058911384002655,0.0064150943396226,0.0110355127779621,1,1561751,True,0.0077169792111546,,,,True,True,OPEN_NONPERIODIC,1.0,,new frozen-seed production,,,,,,,706046,88847,32489,584710,11010048,10392849,10425338,1479110,1379073,10707,43,2249,103,1,1,1,,31.270946142001776,4.884617400995921,2.140465315009351,2.361688903998584,41.5201072130003,0.0615189870198567,5300,1,0.9997017867131984,0.0145998525156978,5251.410754358778,3.017738885349358,0.2297208398125766,0.0145954986456923,20.70930078865555,0.862887532860648,0.862887532860648,1.0,0.0310757954915364,0.0615189870198567,16.255144117981416,1.0,0.0,0.0156603773584905,0.0111320754716981,12052,1,0.9999088677683212,0.0299377910327661,4007.387667712383,-4.863378648279396,1.699246849081888,0.0299350627350578,47.08241572561791,1.961767321900746,1.961767321900746,0.9365250580816462,0.0310757954915364,0.0615189870198567,15.223349789218076,0.9359442416196482,0.0,0.0138566213076667,0.0192499170262197,0.0563521329584549,0.8478415258205484,0.916012042595336,0.8044972610077821,941350912,20260924.0,numpy.PCG64; deterministic condition-major sequence,PRODUCTION_PENDING,,0.0,24.0,265.0,pair_q7_sigma24_L256_W0.8150_r005,5,"first n by (realization, geometry_seed, orientation_seed, graph_id); frozen before transformed-graph calculation",24
new_q7_sigma24_L256_W0.815_r006,NEW_SCALING_PRODUCTION,SCALING,NEW_SCALING,baa6c00498b73a1de5f09b5e8ecc291d5f28c67fd46972d1c88a495a0f93822d,7,24.0,256,0.815,8413388257192734003,6889281424238286374,6,1572864,0.9931017557779948,0.0030879974365234,0.0066452026367187,1562014,1562014,4857,10452,2.1519456454601604,0.0022958119710286,0.0035572052001953,0.79052734375,1.701171875,0.91064453125,18.97265625,40.828125,18.97265625,40.828125,255.85219169583252,3.0930469811620758,255.85219169583252,3.0930469811620758,0.999422623811846,0.0120822147701643,255.96748395428008,5.767440890126153,255.96748395428008,5.767440890126153,0.9998729841964066,0.0225290659770552,73.66359747581009,0.396594551019103,0.2877484276398832,0.0015491974649183,67.32566444153099,1.0241297390429105,0.2629908767247304,0.0040005067931363,185.7403166193826,65.73939011325798,0.9946469013794524,0.7933409873708381,0.0264056532143758,0.0310770670572916,32.00581636438811,25.52818082569652,0.9946469013794524,0.7933409873708381,0.0,0.0,0.0037059913526868,0.0018178339073861,0.0057648754375128,0.003731343283582,1,1562014,True,0.0066913612810128,,,,True,True,OPEN_NONPERIODIC,1.0,,new frozen-seed production,,,,,,,710853,89869,32749,588235,11010048,10389064,10421813,1478199,1371186,10613,66,2572,22,1,1,1,,31.8690141219995,4.946407185998396,2.36424419299874,2.331566052991548,42.36888920099591,0.0616111755371093,4857,1,0.999422623811846,0.0120822147701643,5426.3254084275095,1.0009723065284557,0.157471888564234,0.0120752387870559,18.983616938385264,0.790984039099386,0.790984039099386,1.0,0.0310770670572916,0.0616111755371093,16.230821620952263,1.0,0.0,0.0115297508750257,0.0119415276919909,10452,1,0.9998729841964066,0.0225290659770552,4532.715620300053,-11.55673658640036,1.0783139159697053,0.022526204429636,40.83331147587049,1.7013879781612702,1.7013879781612702,0.9808649062380406,0.0310770670572916,0.0616111755371093,15.920243327401703,0.9808649062380406,0.0,0.0067929582854955,0.0074626865671641,0.0565775978960495,0.849682924250736,0.9183008991927448,0.7904650980053702,941346816,20260924.0,numpy.PCG64; deterministic condition-major sequence,PRODUCTION_PENDING,,0.0,24.0,266.0,pair_q7_sigma24_L256_W0.8150_r006,6,"first n by (realization, geometry_seed, orientation_seed, graph_id); frozen before transformed-graph calculation",24
new_q7_sigma24_L256_W0.815_r007,NEW_SCALING_PRODUCTION,SCALING,NEW_SCALING,7437c4fa2f10ebf150385f55e40618d76151f1268abba1db4ee8e7d73e8cc05a,7,24.0,256,0.815,2963253460533611292,18187175719354657507,7,1572864,0.9934469858805338,0.0032787322998046,0.0054772694905598,1562557,1562557,5157,8615,1.6705448904401785,0.0026315053304036,0.0021985371907552,0.83935546875,1.4021809895833333,0.5628255208333333,20.14453125,33.65234375,20.14453125,33.65234375,255.90918958595887,3.0788169740208677,255.90918958595887,3.0788169740208677,0.9996452718201518,0.012026628804769,255.90918958595887,4.789388216130391,255.90918958595887,4.789388216130391,0.9996452718201518,0.0187085477192593,75.15776672479738,0.4365647585808425,0.2935850262687398,0.0017053310882064,72.7738311745887,0.7383160823259681,0.2842727780257371,0.0028840471965858,172.157200615816,98.56731136794998,0.9891409734341672,0.9029599535693558,0.0263324793911518,0.0306682586669921,32.25292261209358,29.442817845448747,0.9891409734341672,0.9024956471271038,0.0,0.0,0.0075625363583478,0.0067324434126523,0.0054295132829164,0.0041787579802669,1,1562557,True,0.0055133988712091,,,,True,True,OPEN_NONPERIODIC,1.0,,new frozen-seed production,,,,,,,705251,88710,32864,583677,11010048,10393507,10426371,1479435,1374964,9995,45,1697,33,1,1,1,,30.701428278989624,4.7447727429971565,2.361812222006847,2.289830377994804,41.01163199900475,0.0611095428466796,5157,1,0.9996452718201518,0.012026628804769,5648.68805073851,-3.2311350857320766,0.1924371089859361,0.0120223626206233,20.151679618632,0.839653317443,0.839653317443,1.0,0.0306682586669921,0.0611095428466796,16.364056306376604,1.0,0.0,0.0145433391506689,0.0126042272639131,8615,1,0.9996452718201518,0.0187085477192593,5296.025000566286,-5.398370984523565,0.5506138986727042,0.0187019112701792,33.66428542069317,1.4026785591955488,1.4026785591955488,0.9986070806732444,0.0306682586669921,0.0611095428466796,16.341262496083335,0.9986070806732444,0.0,0.0126523505513639,0.0089378990133488,0.0564337812956583,0.858623232478898,0.9234855747038958,0.8311869089957327,941400064,20260924.0,numpy.PCG64; deterministic condition-major sequence,PRODUCTION_PENDING,,0.0,24.0,267.0,pair_q7_sigma24_L256_W0.8150_r007,7,"first n by (realization, geometry_seed, orientation_seed, graph_id); frozen before transformed-graph calculation",24
new_q7_sigma24_L256_W0.815_r008,NEW_SCALING_PRODUCTION,SCALING,NEW_SCALING,76af8b04d354d96f98eb923987b9376d5bdd7033b8baf3cc9d839333c394df15,7,24.0,256,0.815,15026068473711709991,2723876779658110873,8,1572864,0.9922434488932292,0.0033073425292968,0.0064601898193359,1560664,1560664,5202,10161,1.953287197231834,0.0027688344319661,0.003152847290039,0.8466796875,1.65380859375,0.80712890625,20.3203125,39.69140625,20.3203125,39.69140625,255.9716491569904,3.4417017890134787,255.9716491569904,3.4417017890134787,0.9998892545194938,0.0134441476133339,255.99392322350903,7.00658834553488,255.99392322350903,7.00658834553488,0.999976262591832,0.0273694857247456,73.29103757544254,0.4266811803661641,0.2862931155290724,0.0016667233608053,79.445318616276,1.014867971373331,0.3103332758448281,0.003964328013177,171.77002630522986,78.28143251852718,0.9901960784313726,0.8332841255781911,0.026101069801059,0.0310605367024739,31.879554687556443,26.82774394918361,0.9901960784313726,0.8209821867926386,0.0,0.0,0.0086505190311418,0.0063970081684873,0.009034986543637,0.0214545812420037,1,1560664,True,0.0065106903215554,,,,True,True,OPEN_NONPERIODIC,1.0,,new frozen-seed production,,,,,,,708158,88389,32596,587173,11010048,10390279,10422875,1479832,1378892,11853,108,2860,31,1,1,1,,30.502688192995265,4.841840168999624,2.465666379997856,2.302006205005455,40.940476504998514,0.0616785685221354,5202,1,0.9998892545194938,0.0134441476133339,5371.575990438599,-1.0324405158602197,0.1822552760097207,0.0134426587347464,20.322563132019173,0.8467734638341322,0.8467734638341322,1.0,0.0310605367024739,0.0616785685221354,16.21308704077846,1.0,0.0,0.0165321030372933,0.0176855055747789,10161,1,0.999976262591832,0.0273694857247456,6311.557895873576,2.181558720538595,1.0307111673537366,0.0273688360440916,39.69234844347614,1.6538478518115058,1.6538478518115058,0.9877964767247318,0.0310605367024739,0.0616785685221354,16.01523025571237,0.9793327428402716,0.0,0.0137781714398189,0.0447790571794114,0.0559031284120092,0.8403290017516052,0.9063622867957214,0.761544765002327,908189696,20260924.0,numpy.PCG64; deterministic condition-major sequence,PRODUCTION_PENDING,,0.0,24.0,268.0,pair_q7_sigma24_L256_W0.8150_r008,8,"first n by (realization, geometry_seed, orientation_seed, graph_id); frozen before transformed-graph calculation",24
new_q7_sigma24_L256_W0.815_r009,NEW_SCALING_PRODUCTION,SCALING,NEW_SCALING,45a12b5e84e3c0fb41a011ad15ec97d62cf06bfb26e4582b4036d09238c4e0c7,7,24.0,256,0.815,15464020394315651874,12921039213146066491,9,1572864,0.9928080240885416,0.0032018025716145,0.0075397491455078,1561552,1561552,5036,11859,2.3548451151707703,0.0026149749755859,0.0043379465738932,0.8196614583333334,1.93017578125,1.1105143229166663,19.671875,46.32421875,19.671875,46.32421875,255.93960588387085,3.6243752304492034,255.93960588387085,3.6243752304492034,0.9997640854838704,0.0141577157439422,255.97079524384824,7.158193060199352,255.97079524384824,7.158193060199352,0.9998859189212822,0.0279616916414037,76.23563592963235,0.4369530614385968,0.2977954528501264,0.0017068478962445,65.77687449825126,1.2015038369267048,0.256940916008794,0.0046933743629949,174.47099621785216,54.7454552176048,0.988085782366958,0.7456783877224049,0.0266183899095259,0.031222661336263,31.64643051165413,23.88260179654672,0.988085782366958,0.7451724428703937,0.0,0.0,0.0063542494042891,0.0031199932540686,0.0073471008737092,0.0059870140821317,1,1561552,True,0.0075943676547434,,,,True,True,OPEN_NONPERIODIC,1.0,,new frozen-seed production,,,,,,,710567,89924,33014,587629,11010048,10389405,10422419,1478053,1363949,11009,83,4154,11,1,1,1,,30.378750799995032,5.159149120998336,2.374288446997525,2.2527364129928173,41.082879017005325,0.0617987314860026,5036,1,0.9997640854838704,0.0141577157439422,5811.872183245998,-0.1168515246857385,0.1909303273547427,0.0141543757332829,19.676516975981503,0.8198548739992293,0.8198548739992293,1.0,0.031222661336263,0.0617987314860026,16.18156191808726,1.0,0.0,0.0182684670373312,0.0140984908657664,11859,1,0.9998859189212822,0.0279616916414037,4326.596383933755,1.900196151490636,1.4444462950919927,0.0279585017414584,46.32950406980074,1.930396002908364,1.930396002908364,0.9576692807150688,0.031222661336263,0.0617987314860026,15.496584762940977,0.9576692807150688,0.0,0.008685386626191,0.0128172695842819,0.0565655194319497,0.8525343058636209,0.9153184551168632,0.8487382839957718,942723072,20260924.0,numpy.PCG64; deterministic condition-major sequence,PRODUCTION_PENDING,,0.0,24.0,269.0,pair_q7_sigma24_L256_W0.8150_r009,9,"first n by (realization, geometry_seed, orientation_seed, graph_id); frozen before transformed-graph calculation",24
new_q7_sigma24_L256_W0.815_r010,NEW_SCALING_PRODUCTION,SCALING,NEW_SCALING,c3eefd4d3518e2065a41a4b42a783196ac13b38ad17aaac1fe2a8db2266d2f31,7,24.0,256,0.815,11116405984141153167,3920165648415730957,10,1572864,0.9935595194498698,0.0032889048258463,0.0062052408854166,1562734,1562734,5173,9760,1.8867195051227528,0.0026473999023437,0.0029163360595703,0.8419596354166666,1.5885416666666667,0.7465820312500001,20.20703125,38.125,20.20703125,38.125,255.71614040283015,2.794949739550333,255.71614040283015,2.794949739550333,0.9988911734485554,0.0109177724201184,255.96698100681888,6.124306200762533,255.96698100681888,6.124306200762533,0.9998710195578864,0.0239230710967286,72.8188179875121,0.4364882527459606,0.2844485077637191,0.0017050322372889,71.70139400468678,0.8630848245713818,0.2800835703308077,0.0033714250959819,166.8288150469268,83.07572090645267,0.9895611830659192,0.8584016393442623,0.0266129744409477,0.0309632619222005,31.959203314958504,27.723230243025277,0.9887879373670984,0.8565573770491803,0.0,0.0,0.0083123912623236,0.0059426229508196,0.0061859655905664,0.0080942622950819,1,1562734,True,0.0062454646792096,,,,True,True,OPEN_NONPERIODIC,1.0,,new frozen-seed production,,,,,,,708079,88511,32669,586899,11010048,10390480,10423149,1479519,1366659,9882,66,5385,14,1,1,1,,30.71643907399266,4.900153417998808,2.21139407598821,2.27863866800908,41.03194223900209,0.061505635579427,5173,1,0.9988911734485554,0.0109177724201184,5302.578228610741,3.276372775640497,0.1925464824611349,0.0109056665041764,20.229462214825244,0.8428942589510519,0.8428942589510519,1.0,0.0309632619222005,0.061505635579427,16.25867273103163,1.0,0.0,0.0152716025517108,0.0129518654552484,9760,1,0.9998710195578864,0.0239230710967286,5141.0864414358975,-4.21777052982202,0.748376193840433,0.0239199854884418,38.12991801368317,1.5887465839034651,1.5887465839034651,0.9943647540983608,0.0309632619222005,0.061505635579427,16.16705111215799,0.9943647540983608,0.0,0.010655737704918,0.0149590163934426,0.0568906800517554,0.8595016412617155,0.9249669484073214,0.8460969610023312,907804672,20260924.0,numpy.PCG64; deterministic condition-major sequence,PRODUCTION_PENDING,,0.0,24.0,270.0,pair_q7_sigma24_L256_W0.8150_r010,10,"first n by (realization, geometry_seed, orientation_seed, graph_id); frozen before transformed-graph calculation",24
new_q7_sigma24_L256_W0.815_r011,NEW_SCALING_PRODUCTION,SCALING,NEW_SCALING,f618f62ee5d0cbe3d78c4eb0aa0ee7ce30479b397aa53bc1441111b991b71c7f,7,24.0,256,0.815,11605870789540254001,8344972246060539761,11,1572864,0.9914690653483073,0.0030740102132161,0.0056629180908203,1559446,1559446,4835,8907,1.8421923474663908,0.0019130706787109,0.0025889078776041,0.7869466145833334,1.44970703125,0.6627604166666666,18.88671875,34.79296875,18.88671875,34.79296875,255.9822212638156,2.6441551606682765,255.9822212638156,2.6441551606682765,0.9999305518117796,0.0103287310963604,255.9822212638156,5.521856736993584,255.9822212638156,5.521856736993584,0.9999305518117796,0.0215697528788811,74.64492472046753,0.3784737032647992,0.2915817371893263,0.0014784129033781,73.70098936396678,0.8131528320520937,0.2878944897029952,0.0031763782502034,197.22618527143007,90.63608519689105,0.996690796277146,0.8754911867070844,0.0257681253470783,0.0310618082682291,32.08733978622189,28.1854545990022,0.9958634953464324,0.8741439317390817,0.0,0.0,0.0082730093071354,0.0053890198720107,0.0103412616339193,0.0092062422813517,1,1559446,True,0.0057116437504087,,,,True,True,OPEN_NONPERIODIC,1.0,,new frozen-seed production,,,,,,,706985,88852,32715,585418,11010048,10391915,10424630,1479484,1369631,12684,57,4314,206,1,1,1,,29.99458007400972,4.877233494000393,2.1016078579996247,2.4329774040088523,40.14926233500592,0.0615507761637369,4835,1,0.9999305518117796,0.0103287310963604,5571.864677928346,0.7778600138078833,0.1433509399804227,0.0103280137846991,18.888030489496547,0.7870012703956895,0.7870012703956895,1.0,0.0310618082682291,0.0615507761637369,16.246748819865513,1.0,0.0,0.0159255429162357,0.0165460186142709,8907,1,0.9999305518117796,0.0215697528788811,5431.790928932626,15.616691400625434,0.7061218231929949,0.0215682548986233,34.79538522646241,1.449807717769267,1.449807717769267,0.9938250813966544,0.0310618082682291,0.0615507761637369,16.14642646833384,0.9938250813966544,0.0,0.0099921410126866,0.0178511283260357,0.0550810993134741,0.8295758290876678,0.8948887852680811,0.6867399609909626,941350912,20260924.0,numpy.PCG64; deterministic condition-major sequence,PRODUCTION_PENDING,,0.0,24.0,271.0,pair_q7_sigma24_L256_W0.8150_r011,11,"first n by (realization, geometry_seed, orientation_seed, graph_id); frozen before transformed-graph calculation",24
new_q7_sigma24_L256_W0.815_r012,NEW_SCALING_PRODUCTION,SCALING,NEW_SCALING,ec43a201e383812ece24acba90500aa03637561290788723ddf2c0958a93735a,7,24.0,256,0.815,9020181826257279638,18442537124699307820,12,1572864,0.990423838297526,0.0032100677490234,0.0064970652262369,1557802,1557802,5049,10219,2.0239651416122006,0.0026518503824869,0.0032869974772135,0.82177734375,1.6632486979166667,0.8414713541666667,19.72265625,39.91796875,19.72265625,39.91796875,255.99292552917012,3.70651678743792,255.99292552917012,3.70651678743792,0.9999723653483208,0.0144785812009293,255.9975743461464,9.014363325651855,255.9975743461464,9.014363325651855,0.9999905247896342,0.0352123567408275,74.27358221125422,0.4251763746167355,0.2901311805127118,0.0016608452133466,77.3449984624984,1.0870126059041574,0.3021289002441343,0.0042461429918131,174.6888741835815,71.15372723590839,0.9916815210932858,0.8363832077502691,0.0253003911922054,0.030917485555013,32.075102592956256,27.052109598694592,0.9914834620716974,0.8153439671200705,0.0,0.0,0.0047534165181224,0.0284763675506409,0.0069320657555951,0.0070456991877874,1,1557802,True,0.0065598837336195,,,,True,True,OPEN_NONPERIODIC,1.0,,new frozen-seed production,,,,,,,707317,88496,32115,586706,11010048,10391227,10423342,1479695,1381166,14121,58,1747,256,1,1,1,,30.145994676000555,4.999991328004398,2.429079641995486,2.1980275770038133,40.737244018993806,0.0612831115722656,5049,1,0.9999723653483208,0.0144785812009293,5516.564722721128,1.2686685245645246,0.1810667203444981,0.014478181090381,19.72320129379775,0.8218000539082396,0.8218000539082396,1.0,0.030917485555013,0.0612831115722656,16.3177093059446,1.0,0.0,0.0122796593384828,0.0164388987918399,10219,1,0.9999905247896342,0.0352123567408275,5982.228299070373,-11.06978970482953,1.202084498900747,0.0352120230963399,39.91834698473513,1.6632644576972972,1.6632644576972972,0.9892357373519914,0.030917485555013,0.0612831115722656,16.14206119716156,0.9716214893825228,0.0,0.0549955964380076,0.0151678246403757,0.0539368931353278,0.8183198192876061,0.8801265430480787,0.8800837820017477,941346816,20260924.0,numpy.PCG64; deterministic condition-major sequence,PRODUCTION_PENDING,,0.0,24.0,272.0,pair_q7_sigma24_L256_W0.8150_r012,12,"first n by (realization, geometry_seed, orientation_seed, graph_id); frozen before transformed-graph calculation",24
new_q7_sigma24_L256_W0.815_r013,NEW_SCALING_PRODUCTION,SCALING,NEW_SCALING,aa6c4b6db95432fa816e3d3f29f9127ec8479e0152f5aec33331c01a02527d93,7,24.0,256,0.815,1992693579957091592,8342900053045659475,13,1572864,0.9926331837972006,0.0033480326334635,0.0065930684407552,1561277,1561277,5266,10370,1.969236612229396,0.0027275085449218,0.0032450358072916,0.8570963541666666,1.6878255208333333,0.8307291666666666,20.5703125,40.5078125,20.5703125,40.5078125,255.98366629287128,3.1258720050147133,255.98366629287128,3.1258720050147133,0.9999361964565284,0.0122104375195887,255.98366629287128,6.058439320321071,255.98366629287128,6.058439320321071,0.9999361964565284,0.0236657785950041,73.2005161889703,0.4346956983131833,0.2859395163631652,0.0016980300715358,78.6236264151355,0.9237015609484568,0.307123540684123,0.0036082092224549,168.39484833418308,85.11799669841932,0.9895556399544246,0.8322082931533269,0.0264213204959786,0.0311171213785807,31.8010020244218,26.744385607795078,0.9887960501329284,0.8296046287367406,0.0,0.0,0.0066464109380934,0.0075216972034715,0.011773642233194,0.0099324975891996,1,1561277,True,0.0066419988253205,,,,True,True,OPEN_NONPERIODIC,1.0,,new frozen-seed production,,,,,,,708680,89299,33283,586098,11010048,10390667,10423950,1478576,1375197,11175,51,2509,130,1,1,1,,29.84000176200061,4.994569258007687,2.44917825498851,2.1748807960102567,40.3498796109925,0.0618305206298828,5266,1,0.9999361964565284,0.0122104375195887,5358.315556832655,0.2689416408456432,0.1889738491796248,0.0122096584504076,20.571625042572684,0.8571510434405285,0.8571510434405285,1.0,0.0311171213785807,0.0618305206298828,16.173242434525093,1.0,0.0,0.0127231295100645,0.0186099506266616,10370,1,0.9999361964565284,0.0236657785950041,6181.668297810501,6.256373840841439,0.8595574299922542,0.0236642686344708,40.51039720688924,1.6879332169537182,1.6879332169537182,0.9886210221793637,0.0311171213785807,0.0618305206298828,15.989207467574856,0.9886210221793637,0.0,0.0140790742526518,0.0161041465766634,0.0563903778765715,0.8490926964139286,0.912015252372272,0.8101653560006525,941400064,20260924.0,numpy.PCG64; deterministic condition-major sequence,PRODUCTION_PENDING,,0.0,24.0,273.0,pair_q7_sigma24_L256_W0.8150_r013,13,"first n by (realization, geometry_seed, orientation_seed, graph_id); frozen before transformed-graph calculation",24
new_q7_sigma24_L256_W0.815_r014,NEW_SCALING_PRODUCTION,SCALING,NEW_SCALING,c75b236ad5e6cf102b2abf158ce3b625de0be8f80d38611aff10a08b6d7d29ce,7,24.0,256,0.815,1958962388468197942,16722599276705184012,14,1572864,0.9928448994954427,0.0033156077067057,0.0068041483561197,1561610,1561610,5215,10702,2.05215723873442,0.0027605692545572,0.003488540649414,0.8487955729166666,1.7418619791666667,0.8930664062500001,20.37109375,41.8046875,20.37109375,41.8046875,255.984164401936,3.1582810779149497,255.984164401936,3.1582810779149497,0.9999381421950624,0.0123370354606052,255.9875473419088,5.813662489432687,255.9875473419088,5.813662489432687,0.9999513568043312,0.0227096190993464,71.69508003207734,0.4314222701103065,0.2800589063753021,0.0016852432426183,69.6573511870785,0.9307638572577868,0.2720990280745254,0.0036357963174132,166.1830763018939,74.83890854153142,0.9900287631831256,0.8259203887123902,0.0264771613911283,0.0309015909830729,32.03811621626335,26.72743902295541,0.9900287631831256,0.821341805270043,0.0,0.0,0.0076701821668264,0.0047654643991777,0.0057526366251198,0.0141095122407026,1,1561610,True,0.0068531835733633,,,,True,True,OPEN_NONPERIODIC,1.0,,new frozen-seed production,,,,,,,704968,88821,32020,584127,11010048,10393901,10425921,1479597,1382380,10552,60,2142,498,1,1,1,,29.501362234004773,4.994257565995213,2.376559584008646,2.371813246005331,40.10889983800007,0.0613371531168619,5215,1,0.9999381421950624,0.0123370354606052,5140.184496354028,-0.1512712924684248,0.18612962709483,0.0123362723186722,20.372353939096083,0.8488480807956701,0.8488480807956701,1.0,0.0309015909830729,0.0613371531168619,16.303332469551698,1.0,0.0,0.0130393096836049,0.010738255033557,10702,1,0.9999513568043312,0.0227096190993464,4852.131027107046,8.68470111814097,0.8818686509177389,0.022708514430901,41.80672111251535,1.741946713021473,1.741946713021473,0.9884133806765092,0.0309015909830729,0.0613371531168619,16.114431962522694,0.9878527378060176,0.0,0.0077555597084657,0.0264436553915156,0.0561875244139061,0.856821948281947,0.9160438911609652,0.8059818080073455,908189696,20260924.0,numpy.PCG64; deterministic condition-major sequence,PRODUCTION_PENDING,,0.0,24.0,274.0,pair_q7_sigma24_L256_W0.8150_r014,14,"first n by (realization, geometry_seed, orientation_seed, graph_id); frozen before transformed-graph calculation",24
new_q7_sigma24_L256_W0.815_r015,NEW_SCALING_PRODUCTION,SCALING,NEW_SCALING,1071c21d81c946518f02f65a2be43a0e5f7c97646d120ad4abcde3f400f2c0e1,7,24.0,256,0.815,13200976015076272326,5140503956590498503,15,1572864,0.9886976877848308,0.0030994415283203,0.0061753590901692,1555087,1555087,4875,9713,1.9924102564102564,0.001654307047526,0.0030759175618489,0.79345703125,1.5808919270833333,0.7874348958333333,19.04296875,37.94140625,19.04296875,37.94140625,255.9768043506361,2.723739737873018,255.9768043506361,2.723739737873018,0.9999093919946724,0.0106396083510664,255.9768043506361,6.030119853506818,255.9768043506361,6.030119853506818,0.9999093919946724,0.023555155677761,73.5093122179653,0.4005181747585131,0.2871457508514269,0.0015645241201504,75.82660147809804,0.886845062777284,0.2961976620238205,0.0034642385264737,183.53552185811972,85.50152068348447,0.994051282051282,0.8518480387110059,0.0257091725414719,0.0310516357421875,32.01284757764758,27.43327423339778,0.9930256410256412,0.8505096262740657,0.0,0.0,0.010051282051282,0.0094718418614228,0.0073846153846153,0.0051477401420776,1,1555087,True,0.0062459527987823,,,,True,True,OPEN_NONPERIODIC,1.0,,new frozen-seed production,,,,,,,706415,88430,32577,585408,11010048,10392063,10424640,1479867,1379804,13336,96,2721,4114,1,1,1,,29.359112592006568,4.89127195700712,2.3533231170004,2.19292045700422,39.672530618001474,0.0614325205485026,4875,1,0.9999093919946724,0.0106396083510664,5403.618892016534,-0.7002280958141693,0.1605055500818582,0.0106386443173763,19.04469435176729,0.7935289313236371,0.7935289313236371,1.0,0.0310516357421875,0.0614325205485026,16.278023285899096,1.0,0.0,0.0162051282051282,0.0137435897435897,9713,1,0.9999093919946724,0.023555155677761,5749.670621296239,4.062231385035648,0.7893645874336047,0.0235530213920898,37.94484435665962,1.5810351815274846,1.5810351815274846,0.9917636157726758,0.0310516357421875,0.0614325205485026,16.143951231655098,0.9917636157726758,0.0,0.0162668588489653,0.0091629774528981,0.0541654582669651,0.8279490573355804,0.8817065909610541,0.804183333995752,942723072,20260924.0,numpy.PCG64; deterministic condition-major sequence,PRODUCTION_PENDING,,0.0,24.0,275.0,pair_q7_sigma24_L256_W0.8150_r015,15,"first n by (realization, geometry_seed, orientation_seed, graph_id); frozen before transformed-graph calculation",24
new_q7_sigma24_L256_W0.815_r016,NEW_SCALING_PRODUCTION,SCALING,NEW_SCALING,27735e6ff25d06b6c1910c3906bbd02c63a39cbe1378594907a68f7bc44ccd18,7,24.0,256,0.815,9771675997271800547,16979165563087039032,16,1572864,0.9941965738932292,0.0033493041992187,0.0060437520345052,1563736,1563736,5268,9506,1.8044798785117693,0.0027275085449218,0.0026944478352864,0.857421875,1.5472005208333333,0.6897786458333333,20.578125,37.1328125,20.578125,37.1328125,255.8972344808584,3.250660487993514,255.8972344808584,3.250660487993514,0.9995985721908532,0.0126978925312246,255.9064038703519,5.555836306004636,255.9064038703519,5.555836306004636,0.999634390118562,0.0217024855703306,72.09798893407772,0.4578542729009568,0.2816327692737411,0.0017884932535193,78.17560961426427,0.8264585721295764,0.3053734750557198,0.0032283537973811,157.46929361883224,94.59108084852376,0.985573272589218,0.8672417420576478,0.0272341367084981,0.0309893290201822,31.803633823350857,27.98517326699274,0.985573272589218,0.8650326109825374,0.0,0.0,0.0045558086560364,0.0038922785609088,0.0064540622627182,0.0113612455291394,1,1563736,True,0.0060790312431254,,,,True,True,OPEN_NONPERIODIC,1.0,,new frozen-seed production,,,,,,,706164,89025,32284,584855,11010048,10392909,10425193,1479014,1377107,8943,66,2549,16,1,1,1,,30.117941720003728,5.2129043439927045,2.474438555000233,2.276714424006059,40.94449786700716,0.0618241628011067,5268,1,0.9995985721908532,0.0126978925312246,5198.11982223486,0.9835392494349406,0.2098166387474886,0.012692795244045,20.586388949014047,0.8577662062089186,0.8577662062089186,1.0,0.0309893290201822,0.0618241628011067,16.174905646795075,1.0,0.0,0.0091116173120728,0.0168944570994684,9506,1,0.999634390118562,0.0217024855703306,6111.413371420188,8.763242196588235,0.6956009131059301,0.0216945509271543,37.14639358855575,1.5477663995231563,1.5477663995231563,0.9960025247212289,0.0309893290201822,0.0618241628011067,16.110246861335554,0.9953713444140544,0.0,0.0082053439932674,0.0277719335156743,0.0578294545882425,0.8788230519854575,0.9353859715704432,0.7966823440074222,907804672,20260924.0,numpy.PCG64; deterministic condition-major sequence,PRODUCTION_PENDING,,0.0,24.0,276.0,pair_q7_sigma24_L256_W0.8150_r016,16,"first n by (realization, geometry_seed, orientation_seed, graph_id); frozen before transformed-graph calculation",24
new_q7_sigma24_L256_W0.815_r017,NEW_SCALING_PRODUCTION,SCALING,NEW_SCALING,b9fa8eead78b91d94cbb94f6192a2037a7b285bc836e5df5d8c89467756f055b,7,24.0,256,0.815,4259033755189878047,10789528731150893124,17,1572864,0.99040158589681,0.0031789143880208,0.0055179595947265,1557767,1557767,5000,8679,1.7358,0.0023028055826822,0.0023390452067057,0.8138020833333334,1.41259765625,0.5987955729166666,19.53125,33.90234375,19.53125,33.90234375,255.8996826763233,2.9605226150161457,255.8996826763233,2.9605226150161457,0.999608135454388,0.0115645414649068,255.9652768658713,5.421215551776271,255.9652768658713,5.421215551776271,0.9998643627573096,0.021176623249126,74.45008550166283,0.4299813737868977,0.2908206464908704,0.001679614741355,75.09374741881324,0.7839806936379794,0.2933349508547392,0.0030624245845233,173.1472339045107,95.78519985020122,0.9902,0.8936513423205439,0.0257439013665073,0.0310312906901041,31.909726536633336,28.79839421585928,0.99,0.8903099435418828,0.0,0.0,0.0076,0.0062219149671621,0.0064,0.0115220647540039,1,1557767,True,0.0055714365498819,,,,True,True,OPEN_NONPERIODIC,1.0,,new frozen-seed production,,,,,,,707524,88375,32925,586224,11010048,10390899,10423824,1479496,1372880,13088,73,2945,1734,1,1,1,,31.507087460995532,5.074100191006437,2.134918547992129,2.3575839050026843,41.9295716380002,0.0615272521972656,5000,1,0.999608135454388,0.0115645414649068,5542.815231196571,0.0067968869834369,0.1848839901386405,0.0115600097311204,19.53890660475843,0.8141211085316014,0.8141211085316014,1.0,0.0310312906901041,0.0615272521972656,16.252960505921013,1.0,0.0,0.0134,0.0134,8679,1,0.9998643627573096,0.021176623249126,5639.070076450953,-2.15672005064209,0.6154506775630619,0.021173750910339,33.90694279422867,1.4127892830928612,1.4127892830928612,0.9967738218688788,0.0310312906901041,0.0615272521972656,16.200525560170835,0.9965433805737988,0.0,0.0104850789261435,0.0205092752621269,0.0546615764745305,0.8296110407910621,0.8884124436319258,0.7973054390022298,941441024,20260924.0,numpy.PCG64; deterministic condition-major sequence,PRODUCTION_PENDING,,0.0,24.0,277.0,pair_q7_sigma24_L256_W0.8150_r017,17,"first n by (realization, geometry_seed, orientation_seed, graph_id); frozen before transformed-graph calculation",24
new_q7_sigma24_L256_W0.815_r018,NEW_SCALING_PRODUCTION,SCALING,NEW_SCALING,db486ae8f1f989d27bf8eaa37957ae8eea104b816e45d3a5dee1423490021bb3,7,24.0,256,0.815,5294428945503365300,18062085761282052747,18,1572864,0.9919287363688152,0.00311279296875,0.0047804514567057,1560169,1560169,4896,7519,1.5357434640522876,0.0026181538899739,0.0016676584879557,0.796875,1.2237955729166667,0.4269205729166667,19.125,29.37109375,19.125,29.37109375,255.90040858861747,2.789363480376892,255.90040858861747,2.789363480376892,0.999610971049287,0.0108959510952222,255.95531314962503,4.601742221056327,255.95531314962503,4.601742221056327,0.9998254419907228,0.0179755555510012,74.30079554519938,0.3934410473547043,0.290237482598435,0.0015368790912293,72.64467909514956,0.6938601774403769,0.2837682777154279,0.0027103913181264,188.84861161477636,104.6964236557471,0.9928513071895424,0.9295119031786142,0.0260215399741951,0.0309410095214843,32.088523372197685,30.041421322507045,0.991625816993464,0.926851974996675,0.0,0.0,0.0138888888888888,0.0132996409096954,0.0065359477124183,0.0054528527729751,1,1560169,True,0.0048193496986544,,,,True,True,OPEN_NONPERIODIC,1.0,,new frozen-seed production,,,,,,,706448,88531,32177,585740,11010048,10392131,10424308,1479749,1378198,11842,101,3931,499,1,1,1,,31.30616111200652,5.128013797002495,2.3577729530079523,2.254199367002002,41.94831586501096,0.0618184407552083,4896,1,0.999610971049287,0.0108959510952222,5520.607526634854,-1.9545419548586875,0.1554878724096835,0.0108917122548006,19.132443074253757,0.7971851280939064,0.7971851280939064,1.0,0.0309410095214843,0.0618184407552083,16.176402830343918,1.0,0.0,0.025735294117647,0.0134803921568627,7519,1,0.9998254419907228,0.0179755555510012,5277.249297029934,-0.740112939325293,0.4815457531639698,0.0179724177738086,29.37622160476341,1.224009233531809,1.224009233531809,0.9981380502726428,0.0309410095214843,0.0618184407552083,16.146283181504337,0.9981380502726428,0.0,0.0268652746375847,0.0110387019550472,0.0558843304795826,0.8410048791758601,0.904007441741796,0.8181304399913643,941346816,20260924.0,numpy.PCG64; deterministic condition-major sequence,PRODUCTION_PENDING,,0.0,24.0,278.0,pair_q7_sigma24_L256_W0.8150_r018,18,"first n by (realization, geometry_seed, orientation_seed, graph_id); frozen before transformed-graph calculation",24
new_q7_sigma24_L256_W0.815_r019,NEW_SCALING_PRODUCTION,SCALING,NEW_SCALING,6f0c90642b50ce72fe4bfb6b2309a6d655dedbd3a0873e2447b1576d83afaa7e,7,24.0,256,0.815,2412176353350778410,18436223696195560654,19,1572864,0.9942557017008464,0.0033130645751953,0.0082537333170572,1563829,1563829,5211,12982,2.491268470543082,0.0026620229085286,0.0049406687418619,0.84814453125,2.1129557291666665,1.2648111979166663,20.35546875,50.7109375,20.35546875,50.7109375,255.97275545227345,3.156413588106034,255.97275545227345,3.156413588106034,0.999893575985443,0.0123297405785391,255.97275545227345,7.48875406709837,255.97275545227345,7.48875406709837,0.999893575985443,0.029252945574603,73.77219890799073,0.4587136431864315,0.2881726519843388,0.0017918501686969,75.01678310748443,1.14949840104907,0.293034309013611,0.0044902281290979,160.8240783847976,65.26045015723523,0.9834964498176934,0.7331690032352488,0.0269620271781633,0.0307731628417968,31.95955043275188,23.824947958857205,0.982345039339858,0.7320905869665691,0.0,0.0,0.012281711763577,0.0067786165459867,0.0078679715985415,0.0050069326760129,1,1563829,True,0.008301419144932,,,,True,True,OPEN_NONPERIODIC,1.0,,new frozen-seed production,,,,,,,706439,89201,33178,584060,11010048,10392810,10425988,1478762,1361267,8871,97,6101,18,1,1,1,,31.132995232997928,5.101081068001804,2.2939960020012222,2.292965568994987,41.68367688599392,0.0613663991292317,5211,1,0.999893575985443,0.0123297405785391,5442.334856208591,-3.670428032719451,0.212893718002822,0.0123284283980483,20.357635291274583,0.8482348038031077,0.8482348038031077,1.0,0.0307731628417968,0.0613663991292317,16.29556262367775,1.0,0.0,0.021109192093648,0.0145845327192477,12982,1,0.999893575985443,0.029252945574603,5627.480918924062,14.39462075907933,1.3581754453133688,0.0292498323586973,50.7163349359675,2.113180622331979,2.113180622331979,0.9625635495301186,0.0307731628417968,0.0613663991292317,15.685514600637584,0.9625635495301186,0.0,0.0128639654906794,0.0089354490833461,0.0574046139315743,0.8761539175148694,0.935440481210014,0.7804555519978749,941400064,20260924.0,numpy.PCG64; deterministic condition-major sequence,PRODUCTION_PENDING,,0.0,24.0,279.0,pair_q7_sigma24_L256_W0.8150_r019,19,"first n by (realization, geometry_seed, orientation_seed, graph_id); frozen before transformed-graph calculation",24
new_q7_sigma24_L256_W0.815_r020,NEW_SCALING_PRODUCTION,SCALING,NEW_SCALING,206f6752d24e436c09ea72109c3d366073a8a98e7ac14a66e3818aa3b5919112,7,24.0,256,0.815,18333256895073516301,5523615523928296431,20,1572864,0.9923299153645834,0.0032024383544921,0.0070699055989583,1560800,1560800,5037,11120,2.2076632916418504,0.0026315053304036,0.0038674672444661,0.81982421875,1.8098958333333333,0.9900716145833331,19.67578125,43.4375,19.67578125,43.4375,255.9047093934429,3.5293795397191445,255.9047093934429,3.5293795397191445,0.9996277710681364,0.0137866388270279,255.9522469925087,9.413458054547904,255.9522469925087,9.413458054547904,0.9998134648144872,0.0367713205255777,73.26795393204748,0.4353771398061363,0.2862029450470604,0.0017006919523677,74.24379640081857,1.3612357606579562,0.2900148296906975,0.0053173271900701,168.28617589952484,54.541467794625575,0.9876910859638672,0.7472122302158274,0.026034085084572,0.030835469563802,32.03100520069015,24.23223128383891,0.9876910859638672,0.7472122302158274,0.0,0.0,0.0069485805042684,0.0042266187050359,0.0059559261465157,0.0043165467625899,1,1560800,True,0.0071245515120451,,,,True,True,OPEN_NONPERIODIC,1.0,,new frozen-seed production,,,,,,,707653,89009,32227,586417,11010048,10391404,10423631,1479051,1364662,11531,47,4855,153,1,1,1,,31.59071092600061,5.001714567988529,2.3652946209913357,2.408338035995257,42.2424214269995,0.0614827473958333,5037,1,0.9996277710681364,0.0137866388270279,5368.192539461683,-1.6929623318438232,0.1900871808148452,0.0137815070411833,19.683107872219036,0.820129494675793,0.820129494675793,1.0,0.030835469563802,0.0614827473958333,16.264725347452018,1.0,0.0,0.0146912844947389,0.0111177288068294,11120,1,0.9998134648144872,0.0367713205255777,5511.795567010306,-43.64620262438984,2.1986997919880285,0.0367644613804819,43.445604133826826,1.8102335055761176,1.8102335055761176,0.9241007194244604,0.030835469563802,0.0614827473958333,15.030244394821668,0.9241007194244604,0.0,0.0089928057553956,0.0087230215827338,0.0557790876473603,0.8442902103600057,0.9072315407157692,0.8200608339975588,908189696,20260924.0,numpy.PCG64; deterministic condition-major sequence,PRODUCTION_PENDING,,0.0,24.0,280.0,pair_q7_sigma24_L256_W0.8150_r020,20,"first n by (realization, geometry_seed, orientation_seed, graph_id); frozen before transformed-graph calculation",24
new_q7_sigma24_L256_W0.815_r021,NEW_SCALING_PRODUCTION,SCALING,NEW_SCALING,1efc12fc410419bfe3bdd116e87d301c987ca7254f836930f55874ad0edc7b76,7,24.0,256,0.815,13188209355832384097,8217339527146254008,21,1572864,0.9936205546061198,0.0033206939697265,0.0051759084065755,1562830,1562830,5223,8141,1.5586827493777522,0.0023492177327473,0.0018552144368489,0.85009765625,1.3250325520833333,0.4749348958333332,20.40234375,31.80078125,20.40234375,31.80078125,255.96351332620517,3.4433323202209465,255.96351332620517,3.4433323202209465,0.9998574739304888,0.013450516875863,255.9671522695781,4.252695605725421,255.9671522695781,4.252695605725421,0.9998716885530392,0.0166120922098649,74.53400381899765,0.4532931826897576,0.2911484524179595,0.0017706764948818,74.67366485145337,0.6697277062039337,0.2916940033259897,0.0026161238523591,164.42780669395182,111.4985450948554,0.9879379666858128,0.931580886868935,0.026651011306412,0.0309772491455078,31.892372432594755,30.07306693028386,0.9867892016082712,0.9265446505343324,0.0,0.0,0.0112961899291594,0.0115464930598206,0.0122534941604441,0.012160668222577,1,1562830,True,0.0052091398296679,,,,True,True,OPEN_NONPERIODIC,1.0,,new frozen-seed production,,,,,,,708020,88683,32638,586699,11010048,10390711,10423349,1479302,1372891,9730,75,2347,27,1,1,1,,31.6126454059995,5.143275864000316,2.3565840929950355,2.272933732005185,42.21818614800577,0.0617726643880208,5223,1,0.9998574739304888,0.013450516875863,5555.316978180635,2.0372230629919104,0.2062218191945327,0.0134485998265598,20.405252030369272,0.8502188345987197,0.8502188345987197,1.0,0.0309772491455078,0.0617726643880208,16.188390284067516,1.0,0.0,0.0181887803944093,0.0245069883208883,8141,1,0.9998716885530392,0.0166120922098649,5576.154786850658,2.829117698445056,0.4499706969827189,0.0166099606882764,31.80486217788643,1.3252025907452678,1.3252025907452678,1.0,0.0309772491455078,0.0617726643880208,16.188390284067516,0.9997543299348974,0.0,0.0186709249477951,0.0223559759243336,0.0572173556944773,0.860341445466177,0.926256885004512,0.760959314997308,942723072,20260924.0,numpy.PCG64; deterministic condition-major sequence,PRODUCTION_PENDING,,0.0,24.0,281.0,pair_q7_sigma24_L256_W0.8150_r021,21,"first n by (realization, geometry_seed, orientation_seed, graph_id); frozen before transformed-graph calculation",24
new_q7_sigma24_L256_W0.815_r022,NEW_SCALING_PRODUCTION,SCALING,NEW_SCALING,fceb63b23febdb38b910de8c9cb3f3b109c61f9a1562d35aea1a141dee9bddfb,7,24.0,256,0.815,1782294536176824769,14655088318334980360,22,1572864,0.993549346923828,0.0031108856201171,0.0102519989013671,1562718,1562718,4893,16125,3.2955242182709994,0.0015309651692708,0.00714111328125,0.79638671875,2.62451171875,1.828125,19.11328125,62.98828125,19.11328125,62.98828125,255.9551764048745,3.0353878759419217,255.9551764048745,3.0353878759419217,0.999824907831541,0.0118569838903981,255.9551764048745,9.763008297862228,255.9551764048745,9.763008297862228,0.999824907831541,0.0381367511635243,75.0602473644049,0.4384025073293865,0.2932040912672066,0.0017125097942554,68.59804463238763,1.6549558325742817,0.2679611118452641,0.0064646712209932,171.21308867882368,41.450075755607,0.9895769466584916,0.5865426356589147,0.0266772379917553,0.0308647155761718,32.061754925824204,19.00366242518484,0.9875332107091764,0.5845581395348837,0.0,0.0,0.0141017780502759,0.008,0.0077661966073983,0.0025426356589147,1,1562718,True,0.0103185603544593,,,,True,True,OPEN_NONPERIODIC,1.0,,new frozen-seed production,,,,,,,707253,88985,32513,585755,11010048,10391780,10424293,1479082,1360843,9925,58,3307,27,1,1,1,,31.566291481998636,5.069944565999322,2.435112703999039,2.374964004993672,42.33889761999308,0.0614439646402994,4893,1,0.999824907831541,0.0118569838903981,5634.039803345561,-2.2902948870148445,0.1931278185244413,0.0118549078253773,19.11662842192402,0.7965261842468341,0.7965261842468341,1.0,0.0308647155761718,0.0614439646402994,16.274991463427252,1.0,0.0,0.0239117106069895,0.0138974044553443,16125,1,0.999824907831541,0.0381367511635243,4705.52854144407,-27.702511902552324,2.902064750746775,0.0381300737170651,62.99931193613833,2.6249713306724303,2.6249713306724303,0.8602790697674418,0.0308647155761718,0.0614439646402994,14.001034516630254,0.8602170542635659,0.0,0.0149457364341085,0.0047131782945736,0.0569066203883234,0.8643280034743202,0.926154761032459,0.8212453149899375,907804672,20260924.0,numpy.PCG64; deterministic condition-major sequence,PRODUCTION_PENDING,,0.0,24.0,282.0,pair_q7_sigma24_L256_W0.8150_r022,22,"first n by (realization, geometry_seed, orientation_seed, graph_id); frozen before transformed-graph calculation",24
new_q7_sigma24_L256_W0.815_r023,NEW_SCALING_PRODUCTION,SCALING,NEW_SCALING,a780c138d9aabbf05dda86d039f50bd67d61cea3eb22286945faa221ded60786,7,24.0,256,0.815,14657330166817858683,960444322696908552,23,1572864,0.9931742350260416,0.0032049814860026,0.0063552856445312,1562128,1562128,5041,9996,1.9829398928783968,0.0026137034098307,0.0031503041585286,0.8204752604166666,1.626953125,0.8064778645833334,19.69140625,39.046875,19.69140625,39.046875,255.9246160963404,4.127842174307716,255.9246160963404,4.127842174307716,0.9997055316263296,0.0161243834933895,255.9490627180285,6.689691362548132,255.9490627180285,6.689691362548132,0.9998010262422988,0.0261316068849536,73.34406093684709,0.4528330707614882,0.2865002380345589,0.001768879182662,64.47460007593612,1.048933091222141,0.2518539065466255,0.0040973948875864,161.96710371331986,61.46683769964296,0.9857171196191232,0.819327731092437,0.0267058781354664,0.0310738881429036,31.721718089669825,26.36708117518107,0.9857171196191232,0.8186274509803921,0.0,0.0,0.0069430668518151,0.0043017206882753,0.0075381868676849,0.0062024809923969,1,1562128,True,0.0063989634652218,,,,True,True,OPEN_NONPERIODIC,1.0,,new frozen-seed production,,,,,,,707370,88407,32436,586527,11010048,10391085,10423521,1479648,1375399,10409,92,2535,52,1,1,1,,29.958283446001587,4.834671987002366,2.136402034011553,2.306263313003001,40.033134990007966,0.0614369710286458,5041,1,0.9997055316263296,0.0161243834933895,5379.351175714216,-0.7297271417544279,0.2051567836983977,0.0161196353724057,19.697206454350464,0.820716935597936,0.820716935597936,0.9992065066455068,0.0310738881429036,0.0614369710286458,16.263928541978622,0.9992065066455068,0.0,0.0140845070422535,0.0126958936718904,9996,1,0.9998010262422988,0.0261316068849536,4156.968550256064,4.782968835104975,1.1057653256989337,0.0261264073809369,39.0546458496404,1.6272769104016829,1.6272769104016829,0.974389755902361,0.0310738881429036,0.0614369710286458,15.85999015882535,0.974389755902361,0.0,0.0100040016006402,0.0113045218087234,0.0564960105701965,0.8594314947859308,0.9195767568660652,0.7415167659928557,941441024,20260924.0,numpy.PCG64; deterministic condition-major sequence,PRODUCTION_PENDING,,0.0,24.0,283.0,pair_q7_sigma24_L256_W0.8150_r023,23,"first n by (realization, geometry_seed, orientation_seed, graph_id); frozen before transformed-graph calculation",24
new_q7_sigma24_L256_W0.815_r024,NEW_SCALING_PRODUCTION,SCALING,NEW_SCALING,ea0a1d43c35aa569c44251d14fdf4d02e67d73d5bdcb58b102c35b9df14e3905,7,24.0,256,0.815,17636922915639534617,16166991119983299524,24,1572864,0.991741180419922,0.0032145182291666,0.0059566497802734,1559874,1559874,5056,9369,1.8530458860759491,0.0025844573974609,0.0027421315511067,0.8229166666666666,1.52490234375,0.7019856770833334,19.75,36.59765625,19.75,36.59765625,255.97024069085853,2.9990666249581466,255.97024069085853,2.9990666249581466,0.999883752698666,0.0117151040037427,255.9894921525289,6.527991586008454,255.9894921525289,6.527991586008454,0.999958953720816,0.0254999671328455,72.10689290543267,0.4588763985518099,0.2816675504118464,0.001792485931843,75.25471406110749,0.8547849871325548,0.2939637268012011,0.0033390038559865,157.13794201008872,88.03934930298145,0.9837816455696202,0.8790692710001068,0.0259520961308413,0.0309518178304036,31.7842929601137,28.401216232818683,0.9837816455696202,0.8651937239833494,0.0,0.0,0.0055379746835443,0.0068310385313267,0.0081091772151898,0.0231614900202796,1,1559874,True,0.0060062543513129,,,,True,True,OPEN_NONPERIODIC,1.0,,new frozen-seed production,,,,,,,704523,88826,32367,583330,11010048,10394351,10426718,1479390,1367271,12208,103,5295,234,1,1,1,,29.3763586809946,4.75893876698683,2.231376806012122,2.187189549003961,39.324614850993385,0.0612659454345703,5056,1,0.999883752698666,0.0117151040037427,5199.403996453925,0.2042202554751985,0.2105755707599462,0.0117137421545174,19.752296151122717,0.8230123396301131,0.8230123396301131,1.0,0.0309518178304036,0.0612659454345703,16.32228137355624,1.0,0.0,0.0120648734177215,0.015625,9369,1,0.999958953720816,0.0254999671328455,5663.243369958411,12.7299802508539,0.7592758348669439,0.0254989204540754,36.59915850927807,1.5249649378865864,1.5249649378865864,0.9974383605507524,0.0309518178304036,0.0612659454345703,16.28046957368802,0.9916746717899456,0.0,0.0148361618102252,0.0436546056142597,0.0550435483891647,0.8384675909196153,0.8984362846069057,0.6945680810022168,941400064,20260924.0,numpy.PCG64; deterministic condition-major sequence,PRODUCTION_PENDING,,0.0,24.0,284.0,pair_q7_sigma24_L256_W0.8150_r024,24,"first n by (realization, geometry_seed, orientation_seed, graph_id); frozen before transformed-graph calculation",24
gaussian_iid_L512_q7_W0.815_r1,FROZEN_REPLAY,SCALING,SCALING,2775b46eccdd52921f2553cc9183bdbe1ebc4491d16ec619c3d77cefae6bb713,7,24.0,512,0.815,1322820816163914144,16580808588712520511,1,6291456,0.995936075846354,0.0016053517659505,0.0037816365559895,6265888,6265888,10100,23792,2.3556435643564355,0.0007882118225097,0.002176284790039,0.8219401041666666,1.9361979166666667,1.1142578125,19.7265625,46.46875,19.7265625,46.46875,511.8651608246638,3.5854845031763034,511.8651608246638,3.5854845031763034,0.9997366422356716,0.0070028994202662,511.9368086506919,7.725851477474634,511.9368086506919,7.725851477474634,0.9998765793958826,0.0150895536669426,146.2920195482438,0.4398505873286399,0.2857266006801637,0.0008590831783762,153.69735676019002,1.279496212180723,0.3001901499222461,0.0024990160394154,332.59480324153776,120.12333862109236,0.989009900990099,0.7283960995292535,0.0133462328085021,0.0155018170674641,63.79961114790026,46.987788357923485,0.989009900990099,0.7283120376597175,0.0,0.0,0.0025742574257425,0.0014710827168796,0.004059405940594,0.0026899798251513,1,6265888,True,0.0037970675505211,True,True,True,False,True,OPEN_NONPERIODIC,1.0,gaussian,R7_L512,2819508.0,346400.0,121708.0,5926841.0,5511648.0,41567084.0,2819508,346400,121708,2351400,44040192,41567084,41688792,5926841,5511648,24944,84,4811,77,1,1,1,True,110.46772138300004,1.178862204003963,4.125002305954695e-06,8.51061812399712,123.2902530249994,0.0309920310974121,10100,1,0.9997366422356716,0.0070028994202662,21401.354955283103,-0.7771451249024611,0.1934967598166792,0.007001055152331,19.73175901193965,0.8221566254974855,0.8221566254974855,1.0,0.0155018170674641,0.0309920310974121,32.26635895068851,1.0,0.0,0.0053465346534653,0.0082178217821782,23792,1,0.9998765793958826,0.0150895536669426,23622.85162975984,24.708249533662457,1.6629558662732722,0.0150876913051132,46.47448590912695,1.9364369128802896,1.9364369128802896,0.9421654337592468,0.0155018170674641,0.0309920310974121,30.400248076607,0.9421654337592468,0.0,0.0031523201075991,0.0070191661062542,0.0286083951708042,0.8609463490905042,0.9230887475843124,2.862410745001398,1935962112,,,,,,,,pair_q7_sigma24_L512_W0.8150_r001,1,"first n by (realization, geometry_seed, orientation_seed, graph_id); frozen before transformed-graph calculation",16
new_q7_sigma24_L512_W0.815_r001,NEW_SCALING_PRODUCTION,SCALING,NEW_SCALING,730ed90b6066724aee4279b0a0fbdaec155754c678387c7db07f3c9b18cbdf0f,7,24.0,512,0.815,15519615016510156568,4434735538384364286,1,6291456,0.9954498608907064,0.0015967686971028,0.0028996467590332,6262829,6262829,10046,18243,1.8159466454310171,0.0011757214864095,0.0013028780619303,0.8175455729166666,1.484619140625,0.6670735677083334,19.62109375,35.630859375,19.62109375,35.630859375,511.9214956463745,3.3816658363754755,511.9214956463745,3.3816658363754755,0.9998466711843252,0.0066048160866708,511.9214956463745,5.939387035321545,511.9214956463745,5.939387035321545,0.9998466711843252,0.0116003653033623,144.61655475800825,0.4160898600942689,0.2824542085117348,0.0008126755079966,153.3504010944188,0.8528924622144637,0.2995125021375367,0.0016658055902626,347.5608723683968,179.80039440875976,0.9911407525383236,0.8659759907909883,0.0132657302314976,0.0155747731526692,63.63757229866669,55.60119446379054,0.990543499900458,0.8649893109685907,0.0,0.0,0.0023890105514632,0.0050978457490544,0.0058729842723472,0.0042207970180343,1,6262829,True,0.0029129008631722,,,,True,True,OPEN_NONPERIODIC,1.0,,new frozen-seed production,,,,,,,2820705,347179,121684,2351842,44040192,41566666,41688350,5925455,5495000,27575,180,3788,307,1,1,1,,113.7114230139996,19.06485041801352,9.3887389349984,8.6677748660004,154.0019256749947,0.0310330390930175,10046,1,0.9998466711843252,0.0066048160866708,20913.947604149816,-2.529440870423404,0.1734366978524528,0.0066038033780425,19.6241026904242,0.8176709454343418,0.8176709454343418,1.0,0.0155747731526692,0.0310330390930175,32.22372120895499,1.0,0.0,0.0056739000597252,0.0108500895878956,18243,1,0.9998466711843252,0.0116003653033623,23516.31999497399,-24.497710017955217,0.7529463972330767,0.011598586633089,35.63632345026964,1.4848468104279011,1.4848468104279011,0.9919421147837528,0.0155747731526692,0.0310330390930175,31.96406616221288,0.9919421147837528,0.0,0.0103053225894863,0.0080578852162473,0.0283028644084007,0.8517446836279655,0.9120236121111605,2.872356066989596,2824089600,20260924.0,numpy.PCG64; deterministic condition-major sequence,PRODUCTION_PENDING,,2.0,16.0,407.0,pair_q7_sigma24_L512_W0.8150_r002,2,"first n by (realization, geometry_seed, orientation_seed, graph_id); frozen before transformed-graph calculation",16
new_q7_sigma24_L512_W0.815_r002,NEW_SCALING_PRODUCTION,SCALING,NEW_SCALING,756af0bba2470eb52c8c5d521ad38a9e1a458d1085e9667290f8627982524e0c,7,24.0,512,0.815,4122735263097732371,1898346900019182567,2,6291456,0.9959343274434408,0.001622200012207,0.0037099520365397,6265877,6265877,10206,23341,2.2869880462473056,0.0013098716735839,0.0020877520243326,0.83056640625,1.8994954427083333,1.0689290364583333,19.93359375,45.587890625,19.93359375,45.587890625,511.9096072846835,3.779829169023401,511.9096072846835,3.779829169023401,0.9998234517278974,0.0073824788457488,511.985938297087,9.009588167673598,511.985938297087,9.009588167673598,0.999972535736498,0.0175968518899874,146.8910321961436,0.4318202470048138,0.286896547258093,0.0008433989199312,152.81059812139327,1.499570419232365,0.2984581994558462,0.0029288484750632,340.1670792766373,101.90291576944918,0.9900058788947678,0.7132085172014909,0.0133851973155553,0.0156021118164062,63.453325456476776,45.7123064873515,0.9897119341563786,0.7050683346900304,0.0,0.0,0.0041152263374485,0.0125101752281393,0.0029394473838918,0.0022278394241891,1,6265877,True,0.0037250970614329,,,,True,True,OPEN_NONPERIODIC,1.0,,new frozen-seed production,,,,,,,2814250,345285,119969,2348996,44040192,41571227,41691196,5927706,5530335,25037,64,4473,31,1,1,1,,114.0583350789966,18.87683355300396,9.693817273000604,8.757074601002387,154.52216611499898,0.0309534072875976,10206,1,0.9998234517278974,0.0073824788457488,21576.97532515225,-0.5592695249138204,0.1864832219675532,0.0073811754818647,19.93711361295908,0.8307130672066283,0.8307130672066283,1.0,0.0156021118164062,0.0309534072875976,32.30662106787442,1.0,0.0,0.0071526553008034,0.0058788947677836,23341,1,0.999972535736498,0.0175968518899874,23350.72050121397,-91.47689509939036,2.6071084462192635,0.0175963686054103,45.58914269722786,1.8995476123844943,1.8995476123844943,0.895891349985005,0.0156021118164062,0.0309534072875976,28.943222361952017,0.8900218499635834,0.0,0.0221070219784927,0.0040272481898804,0.028560407425808,0.8579093313175896,0.922690260249688,2.8457246699981624,2825682944,20260924.0,numpy.PCG64; deterministic condition-major sequence,PRODUCTION_PENDING,,2.0,16.0,408.0,pair_q7_sigma24_L512_W0.8150_r003,3,"first n by (realization, geometry_seed, orientation_seed, graph_id); frozen before transformed-graph calculation",16
new_q7_sigma24_L512_W0.815_r003,NEW_SCALING_PRODUCTION,SCALING,NEW_SCALING,0083ec02a1ff3fda8617e70ddf57f4039761372780eace4073309fcb1769f23b,7,24.0,512,0.815,15038304916148375168,13594083121743887217,3,6291456,0.9956558545430502,0.0015848477681477,0.0042152404785156,6264125,6264125,9971,26520,2.6597131681877446,0.0013351440429687,0.0026303927103678,0.8114420572916666,2.158203125,1.3467610677083337,19.474609375,51.796875,19.474609375,51.796875,511.9535934629197,3.2384033427238705,511.9535934629197,3.2384033427238705,0.9999093622322652,0.0063250065287575,511.996543295552,10.577396155560107,511.996543295552,10.577396155560107,0.9999932486241252,0.0206589768663283,146.90705748522126,0.3997456619793577,0.2869278466508227,0.0007807532460534,153.03592863309945,1.6011131795213007,0.2988982981115223,0.0031271741787525,367.50131760731233,95.58095616879125,0.9934810951760104,0.6949095022624434,0.0131153193782052,0.0154706637064615,64.21709591948961,44.91788558316361,0.9933808043325644,0.6804298642533937,0.0,0.0,0.0038110520509477,0.0041855203619909,0.0031090161468257,0.0163650075414781,1,6264125,True,0.0042336319916987,,,,True,True,OPEN_NONPERIODIC,1.0,,new frozen-seed production,,,,,,,2816742,346197,120724,2349821,44040192,41569647,41690371,5927299,5502758,26589,62,4452,73,1,1,1,,111.81509329899563,19.22136983499513,9.648550234996948,9.252422227989882,153.35301594699558,0.0308709144592285,9971,1,0.9999093622322652,0.0063250065287575,21581.683506757072,0.8337385706897595,0.1598288033040779,0.0063244332442848,19.47637467012367,0.8115156112551529,0.8115156112551529,1.0,0.0154706637064615,0.0308709144592285,32.392950371480204,1.0,0.0,0.0080232674756794,0.0064186139805435,26520,1,0.9999932486241252,0.0206589768663283,23419.85601550982,57.14226985985629,2.7030004989196703,0.0206588373898103,51.79722470253324,2.158217695938885,2.158217695938885,0.9116515837104072,0.0154706637064615,0.0308709144592285,29.531084507212555,0.8950603318250377,0.0,0.0099170437405731,0.0307692307692307,0.0281817492467024,0.8477541511504395,0.9128900047299322,3.114319048996549,2814930944,20260924.0,numpy.PCG64; deterministic condition-major sequence,PRODUCTION_PENDING,,2.0,16.0,409.0,pair_q7_sigma24_L512_W0.8150_r004,4,"first n by (realization, geometry_seed, orientation_seed, graph_id); frozen before transformed-graph calculation",16
new_q7_sigma24_L512_W0.815_r004,NEW_SCALING_PRODUCTION,SCALING,NEW_SCALING,206127c83e21b4714130f3ea9674685198cd9f1b289ad40eb4b4d377db318d64,7,24.0,512,0.815,17604453024044977708,7585134236943792333,4,6291456,0.9954056739807128,0.0015597343444824,0.0028467178344726,6262551,6262551,9813,17910,1.825129929685112,0.000673770904541,0.0012869834899902,0.798583984375,1.45751953125,0.658935546875,19.166015625,34.98046875,19.166015625,34.98046875,511.98687141936864,3.1846784460466324,511.98687141936864,3.1846784460466324,0.9999743582409544,0.0062200750899348,511.9924336148299,6.704759879745495,511.9924336148299,6.704759879745495,0.9999852219039648,0.0130952341401279,146.96991688513475,0.4058765038063425,0.2870506189162788,0.0007927275464967,141.58241382272402,0.9331755717063406,0.2765281519975078,0.0018226085384889,362.1050134876965,151.72108884487426,0.9928666055232854,0.8570630932439978,0.0131810503419453,0.0156030654907226,63.632791012357714,54.92914797759417,0.992662794252522,0.8568955890563931,0.0,0.0,0.0040762254152654,0.0029034059184812,0.0031590746968307,0.0021775544388609,1,6262551,True,0.0028598569496679,,,,True,True,OPEN_NONPERIODIC,1.0,,new frozen-seed production,,,,,,,2819750,346913,120555,2352282,44040192,41567355,41687910,5926551,5496996,27932,71,7445,273,1,1,1,,111.56389711498925,19.482251594003174,9.492541983010597,9.422995082000853,153.2557668500085,0.0310589472452799,9813,1,0.9999743582409544,0.0062200750899348,21600.15646014927,-0.4427205396326816,0.1647448104879537,0.0062199155962681,19.166507087956496,0.7986044619981872,0.7986044619981872,1.0,0.0156030654907226,0.0310589472452799,32.19684144806198,1.0,0.0,0.0079486395597676,0.0062162437582798,17910,1,0.9999852219039648,0.0130952341401279,20045.559787889564,20.080302600841357,0.890932627135042,0.0130950406175001,34.98098570236612,1.4575410709319216,1.4575410709319216,0.9847012841987716,0.0156030654907226,0.0310589472452799,31.704271121050876,0.9847012841987716,0.0,0.0059743160245672,0.00536013400335,0.0281663175277933,0.8447731216524451,0.9068664596181328,3.02056275200448,2815246336,20260924.0,numpy.PCG64; deterministic condition-major sequence,PRODUCTION_PENDING,,2.0,16.0,410.0,pair_q7_sigma24_L512_W0.8150_r005,5,"first n by (realization, geometry_seed, orientation_seed, graph_id); frozen before transformed-graph calculation",16
new_q7_sigma24_L512_W0.815_r005,NEW_SCALING_PRODUCTION,SCALING,NEW_SCALING,dc2950b9358becaecae2a5f063b79bde768f37438b5feacdf86a7a161eaaf150,7,24.0,512,0.815,17486356508923326334,9155968679739928319,5,6291456,0.995412826538086,0.0016466776529947,0.003632386525472,6262596,6262596,10360,22853,2.205888030888031,0.0013192494710286,0.0019857088724772,0.8430989583333334,1.8597819010416667,1.0166829427083337,20.234375,44.634765625,20.234375,44.634765625,511.9363112606381,3.666325483298124,511.9363112606381,3.666325483298124,0.9998756079309338,0.0071607919595666,511.9628839426379,8.3155313210479,511.9628839426379,8.3155313210479,0.9999275077004648,0.0162412721114216,144.9512174371943,0.4583793128187792,0.2831078465570201,0.0008952720953491,147.86422147596778,1.1088094936497788,0.2887973075702496,0.0021656435422847,316.2254782961833,133.3540363090282,0.983011583011583,0.7726775478055398,0.0132128912674552,0.0155312220255533,63.29261029133719,49.74995184115326,0.983011583011583,0.7651949415831619,0.0,0.0,0.0035714285714285,0.0117271255415043,0.0027027027027027,0.0017503172450006,1,6262596,True,0.0036491256980332,,,,True,True,OPEN_NONPERIODIC,1.0,,new frozen-seed production,,,,,,,2816019,346148,120514,2349357,44040192,41570321,41690835,5926593,5512973,27402,93,5803,442,1,1,1,,110.95817335500033,19.418082570002294,10.1868083379959,10.556086329001118,154.87582937999105,0.0308459599812825,10360,1,0.9998756079309338,0.0071607919595666,21010.85492721432,3.2712293106699404,0.2106209048815034,0.0071599012138386,20.236892308905777,0.8432038462044074,0.8432038462044074,1.0,0.0155312220255533,0.0308459599812825,32.41915636948255,1.0,0.0,0.0077220077220077,0.0056949806949806,22853,1,0.9999275077004648,0.0162412721114216,21863.79001152046,-28.816066828396814,1.267439666796608,0.0162400947442589,44.638001536378034,1.859916730682418,1.859916730682418,0.9741390627051152,0.0155312220255533,0.0308459599812825,31.580766599458297,0.9666564564827376,0.0,0.0230166717717586,0.0035881503522513,0.0280212870189934,0.8507309499353088,0.9084264855428986,3.4480803590122377,2824089600,20260924.0,numpy.PCG64; deterministic condition-major sequence,PRODUCTION_PENDING,,2.0,16.0,411.0,pair_q7_sigma24_L512_W0.8150_r006,6,"first n by (realization, geometry_seed, orientation_seed, graph_id); frozen before transformed-graph calculation",16
new_q7_sigma24_L512_W0.815_r006,NEW_SCALING_PRODUCTION,SCALING,NEW_SCALING,9bbefb7697bf71c879fc328141b2ff3462e71a0298727cac28819150145e26f1,7,24.0,512,0.815,15812119871021561132,11053735838593413135,6,6291456,0.9956464767456056,0.001590092976888,0.0035281181335449,6264066,6264066,10004,22197,2.218812475009996,0.0009479522705078,0.0019380251566569,0.8141276041666666,1.806396484375,0.9922688802083334,19.5390625,43.353515625,19.5390625,43.353515625,511.9667406889949,3.824671637758229,511.9667406889949,3.824671637758229,0.9999350404081933,0.0074700617924965,511.9667406889949,7.974236475959856,511.9667406889949,7.974236475959856,0.9999350404081933,0.015574680617109,149.64666626225022,0.4151826379724736,0.2922786450434574,0.0008109035897899,151.61964178522635,1.2087172461814792,0.2961321128617702,0.0023607758714482,360.4357518248914,125.43846980277294,0.991203518592563,0.7674460512681894,0.0132383662624244,0.0155847867329915,63.6007111020825,49.2432822095395,0.9911035585765694,0.7668153354056855,0.0,0.0,0.0040983606557377,0.0035139883768076,0.0038984406237505,0.0019371987205478,1,6264066,True,0.0035435450392764,,,,True,True,OPEN_NONPERIODIC,1.0,,new frozen-seed production,,,,,,,2815826,346763,120380,2348683,44040192,41571129,41691509,5926422,5508932,26781,96,5424,52,1,1,1,,111.48234863499238,19.339928171990323,10.63568954000948,10.675592112995218,155.92313185900275,0.0310036341349283,10004,1,0.9999350404081933,0.0074700617924965,22394.12319687721,5.846793563971599,0.1739031509640725,0.0074695765403317,19.54033183197957,0.814180492999149,0.814180492999149,1.0,0.0155847867329915,0.0310036341349283,32.25428334136513,1.0,0.0,0.0075969612155137,0.0079968012794882,22197,1,0.9999350404081933,0.015574680617109,22988.5155989218,-2.012303773763143,1.4611735397783074,0.0155736688922136,43.356332034631215,1.8065138347763003,1.8065138347763003,0.957877190611344,0.0155847867329915,0.0310036341349283,30.8956423122091,0.957877190611344,0.0,0.0077487948821912,0.0051808802991395,0.0283536284579377,0.8494416054086934,0.9145259660381164,3.5131642049964285,2825682944,20260924.0,numpy.PCG64; deterministic condition-major sequence,PRODUCTION_PENDING,,2.0,16.0,412.0,pair_q7_sigma24_L512_W0.8150_r007,7,"first n by (realization, geometry_seed, orientation_seed, graph_id); frozen before transformed-graph calculation",16
new_q7_sigma24_L512_W0.815_r007,NEW_SCALING_PRODUCTION,SCALING,NEW_SCALING,28d183fa48b4230db363dd1d4a72ded91ca48e7e9e3f6c543e0ee4dcd29a513a,7,24.0,512,0.815,5921063102374974740,12775745292319666923,7,6291456,0.9952786763509116,0.0015846888224283,0.0035578409830729,6261752,6261752,9970,22384,2.245135406218656,0.0012652079264322,0.0019731521606445,0.8113606770833334,1.8216145833333333,1.01025390625,19.47265625,43.71875,19.47265625,43.71875,511.8921617241572,3.343873189827889,511.8921617241572,3.343873189827889,0.9997893783674946,0.0065310023238825,511.9690773748073,6.99326927222279,511.9690773748073,6.99326927222279,0.9999396042476704,0.0136587290473101,146.2090569816764,0.4182035066065628,0.2855645644173367,0.0008168037238409,156.4992731124557,1.120538813123399,0.305662642797765,0.0021885523693816,349.61222149489737,139.66430370781032,0.991875626880642,0.7730075053609721,0.0131340238323076,0.015514850616455,63.930723627377816,49.82371564319923,0.9916750250752256,0.7713545389563974,0.0,0.0,0.0039117352056168,0.0044228020014295,0.0022066198595787,0.0026804860614724,1,6261752,True,0.0035747183855253,,,,True,True,OPEN_NONPERIODIC,1.0,,new frozen-seed production,,,,,,,2817690,346709,122119,2348862,44040192,41569211,41691330,5926442,5501019,27992,83,4508,867,1,1,1,,111.40641067900287,19.76753178400395,11.191398835988366,10.894703533995198,156.90813165801228,0.0309069951375325,9970,1,0.9997893783674946,0.0065310023238825,21377.08764859905,3.854117174800957,0.175589044988435,0.0065296267535112,19.47675847666627,0.8115316031944279,0.8115316031944279,1.0,0.015514850616455,0.0309069951375325,32.355134996142965,1.0,0.0,0.0071213640922768,0.0053159478435305,22384,1,0.9999396042476704,0.0136587290473101,24492.019568862284,-8.450547584254364,1.2585230964307768,0.0136579041180934,43.72139058627735,1.8217246077615563,1.8217246077615563,0.966940671908506,0.015514850616455,0.0309069951375325,31.2854959728609,0.9667619728377412,0.0,0.0085775553967119,0.0052716225875625,0.0279835419863322,0.8465452975987836,0.905411278638015,3.380067471996881,2814930944,20260924.0,numpy.PCG64; deterministic condition-major sequence,PRODUCTION_PENDING,,2.0,16.0,413.0,pair_q7_sigma24_L512_W0.8150_r008,8,"first n by (realization, geometry_seed, orientation_seed, graph_id); frozen before transformed-graph calculation",16
new_q7_sigma24_L512_W0.815_r008,NEW_SCALING_PRODUCTION,SCALING,NEW_SCALING,03c4ae3b874655042599c7b8855127d45f32cf10232375e4f08f671102a08429,7,24.0,512,0.815,6831472297825145427,6046323993400448657,8,6291456,0.996073087056478,0.0015764236450195,0.0032203992207845,6266750,6266750,9918,20261,2.0428513813268805,0.0013240178426106,0.0016439755757649,0.80712890625,1.6488444010416667,0.8417154947916667,19.37109375,39.572265625,19.37109375,39.572265625,511.8974460146317,3.6061265010574735,511.8974460146317,3.6061265010574735,0.9997996992473276,0.0070432158223778,511.8974460146317,6.349999096897534,511.8974460146317,6.349999096897534,0.9997996992473276,0.0124023419861279,148.11557834225894,0.4167390741878372,0.2892882389497245,0.0008139435042731,148.5142045427851,0.9542272171804008,0.2900668057476271,0.0018637250335554,355.4156245869536,155.63819797723067,0.9891107078039928,0.8246878238981294,0.013533011529102,0.0156021118164062,63.39595046126403,52.85744863275092,0.9890098810244,0.824441044370959,0.0,0.0,0.004738858640855,0.0031094220423473,0.003831417624521,0.0025665070825724,1,6266750,True,0.0032330953045837,,,,True,True,OPEN_NONPERIODIC,1.0,,new frozen-seed production,,,,,,,2818456,347834,120473,2350149,44040192,41569570,41690043,5925684,5517853,24033,75,6009,209,1,1,1,,111.51610974500365,20.46909601299558,11.52642042399384,10.5440228110092,157.68985861699912,0.0310645103454589,9918,1,0.9997996992473276,0.0070432158223778,21938.22454338029,0.3064784200956033,0.1736757375122414,0.0070418050609474,19.374974571989775,0.8072906071662407,0.8072906071662407,1.0,0.0156021118164062,0.0310645103454589,32.19107556756259,1.0,0.0,0.0095785440613026,0.0081669691470054,20261,1,0.9997996992473276,0.0124023419861279,22056.464414147267,10.003113270866168,0.9150864109500864,0.0123998577876932,39.5801935675625,1.649174731981771,1.649174731981771,0.9866245496273628,0.0156021118164062,0.0310645103454589,31.760505433866847,0.9866245496273628,0.0,0.0071072503825082,0.005823996841222,0.0287803087724897,0.8673833188960676,0.9264690945530012,3.348963009993895,2815246336,20260924.0,numpy.PCG64; deterministic condition-major sequence,PRODUCTION_PENDING,,2.0,16.0,414.0,pair_q7_sigma24_L512_W0.8150_r009,9,"first n by (realization, geometry_seed, orientation_seed, graph_id); frozen before transformed-graph calculation",16
gaussian_iid_L512_q7_W0.815_r9,FROZEN_REPLAY,SCALING,SCALING,e9d53cfb893e7c90487f0ddfd78de8cadeecdfa78df87307e08aad62265c227f,7,24.0,512,0.815,1996468286132413331,16886071266064971954,9,6291456,0.9955137570699056,0.0016047159830729,0.0030919710795084,6263231,6263231,10096,19453,1.926802694136292,0.0013511975606282,0.0014872550964355,0.8216145833333334,1.5830891927083333,0.7614746093749999,19.71875,37.994140625,19.71875,37.994140625,511.95413125920174,2.716832242227156,511.95413125920174,2.716832242227156,0.9999104126156284,0.0053063129730999,511.95413125920174,5.378281125212652,511.95413125920174,5.378281125212652,0.9999104126156284,0.0105044553226809,148.12926033938436,0.4206593790580825,0.2893149616003601,0.0008216003497228,153.06438119641862,0.8493552920654057,0.2989538695242551,0.0016588970548152,352.1358793213343,180.21243009413277,0.9910855784469096,0.8582223821518532,0.013256257034109,0.0155792236328125,63.61585158579498,55.08762197522415,0.9910855784469096,0.8577597285765691,0.0,0.0,0.0041600633914421,0.0043695059887935,0.0027733755942947,0.0016449904898987,1,6263231,True,0.0031059049235131,True,True,True,False,True,OPEN_NONPERIODIC,1.0,gaussian,R7_L512,2821030.0,347504.0,122082.0,5925045.0,5506476.0,41566666.0,2821030,347504,122082,2351444,44040192,41566666,41688748,5925045,5506476,27255,98,3705,279,1,1,1,True,110.01439380999363,1.2232385620009154,4.797999281436205e-06,8.572089337991201,122.72803427299368,0.0311260223388671,10096,1,0.9999104126156284,0.0053063129730999,21942.27772246056,-1.007193819212005,0.1770005457449362,0.0053058375943999,19.720516709510463,0.8216881962296027,0.8216881962296027,1.0,0.0155792236328125,0.0311260223388671,32.12745879036706,1.0,0.0,0.0075277337559429,0.0063391442155309,19453,1,0.9999104126156284,0.0105044553226809,23428.704200771936,3.7187161690412487,0.7219946827801649,0.0105035142560043,37.99754472564452,1.5832310302351882,1.5832310302351882,0.9949108106718758,0.0155792236328125,0.0311260223388671,31.96395606995137,0.9949108106718758,0.0,0.0073510512517349,0.0042666940831748,0.0283661899106068,0.8508933016526662,0.9113335973927472,2.6587631970032817,1935753216,,,,,,,,pair_q7_sigma24_L512_W0.8150_r010,10,"first n by (realization, geometry_seed, orientation_seed, graph_id); frozen before transformed-graph calculation",16
new_q7_sigma24_L512_W0.815_r009,NEW_SCALING_PRODUCTION,SCALING,NEW_SCALING,f64c2e75b59c3d3fce5623c17f31a60f0a4a682c22c399c655056e5900ba9460,7,24.0,512,0.815,12868631184013255958,4244217339255834194,9,6291456,0.9947471618652344,0.0016358693440755,0.0037196477254231,6258408,6258408,10292,23402,2.2738048970073845,0.0013043085734049,0.0020837783813476,0.8375651041666666,1.9044596354166667,1.06689453125,20.1015625,45.70703125,20.1015625,45.70703125,511.9713169043831,4.124964893163849,511.9713169043831,4.124964893163849,0.9999439783288732,0.0080565720569606,511.9713169043831,7.628671004218745,511.9713169043831,7.628671004218745,0.9999439783288732,0.0148997480551147,148.73167562805511,0.4691909710412404,0.2904915539610451,0.0009163886153149,142.86588352256967,1.2085359496236647,0.2790349287550189,0.0023604217766087,316.9960310574307,118.21401222450832,0.9841624562767198,0.7465173916759251,0.0127617119241826,0.0154616038004557,63.652029180033175,48.28201532715006,0.9839681305868636,0.7463464661140073,0.0,0.0,0.0029148853478429,0.0019656439620545,0.0028177225029148,0.0020511067430134,1,6258408,True,0.0037392896084755,,,,True,True,OPEN_NONPERIODIC,1.0,,new frozen-seed production,,,,,,,2819323,346049,120427,2352847,44040192,41566918,41687345,5926852,5520398,31459,104,5481,207,1,1,1,,114.06391436800186,18.58845314399514,9.89798285899451,8.984243330996833,154.81713357398985,0.0308143297831217,10292,1,0.9999439783288732,0.0080565720569606,22121.111263659277,1.2573679144892564,0.2202116370346525,0.0080561207143304,20.102688686214343,0.8376120285922644,0.8376120285922644,0.999902837155072,0.0154616038004557,0.0308143297831217,32.44928071428505,0.999902837155072,0.0,0.0062184220753983,0.0068013991449669,23402,1,0.9999439783288732,0.0148997480551147,20410.650758033848,-14.226412347166072,1.4704757921347449,0.0148989133463293,45.70959197772912,1.90456633240538,1.90456633240538,0.9556875480728144,0.0154616038004557,0.0308143297831217,31.014386968633115,0.9556875480728144,0.0,0.0045722587813007,0.0046149901717801,0.0273312318404297,0.8253808653282453,0.8869649942995069,2.9854578300000867,2824089600,20260924.0,numpy.PCG64; deterministic condition-major sequence,PRODUCTION_PENDING,,2.0,16.0,415.0,pair_q7_sigma24_L512_W0.8150_r011,11,"first n by (realization, geometry_seed, orientation_seed, graph_id); frozen before transformed-graph calculation",16
new_q7_sigma24_L512_W0.815_r010,NEW_SCALING_PRODUCTION,SCALING,NEW_SCALING,157d5d7d4e56d4be3c0320827c9357a5bd34997a0392f3226fd53da1ce6c1666,7,24.0,512,0.815,11884904223860300582,14037127872685741570,10,6291456,0.993962287902832,0.0015702247619628,0.0028247833251953,6253470,6253470,9879,17772,1.7989675068326754,0.0009673436482747,0.0012545585632324,0.803955078125,1.4462890625,0.642333984375,19.294921875,34.7109375,19.294921875,34.7109375,511.9471649442688,3.019568115491893,511.9471649442688,3.019568115491893,0.999896806531775,0.0058975939755701,511.9675259356192,5.739620491802555,511.9675259356192,5.739620491802555,0.9999365740930062,0.0112101962730518,148.73382877472054,0.4135235071045629,0.290495759325626,0.0008076630998135,146.97898923119848,0.7808904417194791,0.2870683383421845,0.0015251766439833,359.6744229031505,188.21973144857373,0.9913958902722948,0.8941030835021382,0.0127310117422806,0.0155561765034993,63.730048964749216,57.47576104584635,0.9911934406316428,0.8932590591942381,0.0,0.0,0.0038465431723858,0.0023069997749268,0.0058710395789047,0.0051204141345937,1,6253470,True,0.0028419421537162,,,,True,True,OPEN_NONPERIODIC,1.0,,new frozen-seed production,,,,,,,2817975,348182,120354,2349439,44040192,41570399,41690753,5925115,5523461,34069,74,4444,2058,1,1,1,,113.65963272699446,18.911312350988737,9.421075221995125,9.12217287099338,154.30578590699588,0.0309845606486002,9879,1,0.999896806531775,0.0058975939755701,22121.751815652013,0.3743788920859656,0.1710080268023342,0.0058969853823935,19.296913190398158,0.8040380495999231,0.8040380495999231,1.0,0.0155561765034993,0.0309845606486002,32.2741384440181,1.0,0.0,0.0074906367041198,0.0095151331106387,17772,1,0.9999365740930062,0.0112101962730518,21602.816775186697,11.849872914644356,0.6162901200319606,0.0112094852561856,34.713139212339144,1.446380800514131,1.446380800514131,0.9967364393427864,0.0155561765034993,0.0309845606486002,32.16880983554674,0.996680171055593,0.0,0.005345487283367,0.0109160477155075,0.0271236609434442,0.8183895148924837,0.8753927883973246,2.925343234994216,2825682944,20260924.0,numpy.PCG64; deterministic condition-major sequence,PRODUCTION_PENDING,,2.0,16.0,416.0,pair_q7_sigma24_L512_W0.8150_r012,12,"first n by (realization, geometry_seed, orientation_seed, graph_id); frozen before transformed-graph calculation",16
new_q7_sigma24_L512_W0.815_r011,NEW_SCALING_PRODUCTION,SCALING,NEW_SCALING,03cca299b183aa410294f24a77514468fb57a15ecb6cea338cacfc63bbd8ef17,7,24.0,512,0.815,4482259486621864108,2923321532566595617,11,6291456,0.9953826268513998,0.0015886624654134,0.0028627713521321,6262406,6262406,9995,18011,1.80200100050025,0.0005265871683756,0.0012741088867187,0.8133951822916666,1.4657389322916667,0.6523437500000001,19.521484375,35.177734375,19.521484375,35.177734375,511.9487529809324,4.099343533662193,511.9487529809324,4.099343533662193,0.9998999081658836,0.0080065303391839,511.9487529809324,6.471314559939742,511.9487529809324,6.471314559939742,0.9998999081658836,0.0126392862498823,146.58921962239796,0.4217160829506141,0.286307069574996,0.0008236642245129,140.10024074613202,0.9142300943460432,0.2736332827072891,0.0017856056530196,347.60168167350776,153.24396080654833,0.9906953476738368,0.8682471822774971,0.0131773634606251,0.0155696868896484,63.62975406605667,55.76523076098302,0.9891945972986492,0.8669146632613403,0.0,0.0,0.0056028014007003,0.0046638165565487,0.0054027013506753,0.0044417300538559,1,6262406,True,0.0028760511535023,,,,True,True,OPEN_NONPERIODIC,1.0,,new frozen-seed production,,,,,,,2815296,346581,120487,2348228,44040192,41571477,41691964,5926415,5509133,27597,61,4817,473,1,1,1,,111.58000655700744,19.53294103499502,9.255972063998342,9.316888515997562,153.08522491899205,0.0309906005859375,9995,1,0.9998999081658836,0.0080065303391839,21488.39921262212,1.442848279672191,0.1779413361210555,0.0080057289508774,19.5234385117689,0.8134766046570375,0.8134766046570375,1.0,0.0155696868896484,0.0309906005859375,32.267848350566226,0.9998999499749875,0.0,0.0102051025512756,0.0084042021010505,18011,1,0.9998999081658836,0.0126392862498823,19628.074126433286,8.08531157849836,0.8391473562718476,0.0126380211605396,35.18125573141268,1.4658856554755282,1.4658856554755282,0.9854533340736216,0.0155696868896484,0.0309906005859375,31.798458740447497,0.9853978124479484,0.0,0.0084948087279995,0.0078840708455943,0.0281198631963497,0.8463473642097591,0.907367481258483,3.120459279001807,2814930944,20260924.0,numpy.PCG64; deterministic condition-major sequence,PRODUCTION_PENDING,,2.0,16.0,417.0,pair_q7_sigma24_L512_W0.8150_r013,13,"first n by (realization, geometry_seed, orientation_seed, graph_id); frozen before transformed-graph calculation",16
new_q7_sigma24_L512_W0.815_r012,NEW_SCALING_PRODUCTION,SCALING,NEW_SCALING,74a34137a7deb5b37174013aedbfc51bced5bb565b3b9bf7723a10c9e0c12c04,7,24.0,512,0.815,17387933154740632739,7699214322499252726,12,6291456,0.9959108034769694,0.0015590985616048,0.0033588409423828,6265729,6265729,9809,21132,2.1543480477112857,0.0013076464335123,0.0017997423807779,0.7982584635416666,1.7197265625,0.9214680989583334,19.158203125,41.2734375,19.158203125,41.2734375,511.9435125215136,2.915522432187288,511.9435125215136,2.915522432187288,0.9998896728935812,0.0056943797503657,511.9435125215136,7.8653519252344495,511.9435125215136,7.8653519252344495,0.9998896728935812,0.0153620154789735,150.46969572194655,0.4197878981641491,0.2938861244569268,0.0008198982386018,147.00804992844593,1.118155554922908,0.2871250975164959,0.0021838975682088,358.4421951656848,131.4737017414196,0.9904169640126416,0.7833144046943025,0.0133751395887054,0.0155817667643229,63.56255866185651,50.27121869696016,0.9896013864818024,0.7827465455233769,0.0,0.0,0.0051993067590987,0.0031232254400908,0.0067285146294219,0.0036437630134393,1,6265729,True,0.0033726322986519,,,,True,True,OPEN_NONPERIODIC,1.0,,new frozen-seed production,,,,,,,2813185,346570,120803,2345812,44040192,41573577,41694380,5926530,5506083,25100,91,4754,56,1,1,1,,112.35435496400169,19.85108652900089,9.642929800000276,9.363306662999094,154.5151440900081,0.0310417811075846,9809,1,0.9998896728935812,0.0056943797503657,22641.12906123649,2.4697967270583474,0.176491298135898,0.005693751505925,19.16031702733569,0.7983465428056538,0.7983465428056538,1.0,0.0155817667643229,0.0310417811075846,32.214646335343936,1.0,0.0,0.0106025079009073,0.0132531348761341,21132,1,0.9998896728935812,0.0153620154789735,21611.320186174577,-31.71928076581184,1.2968294348826843,0.0153603206322569,41.277991581369946,1.7199163158904145,1.7199163158904145,0.9671114896838916,0.0155817667643229,0.0310417811075846,31.1551546070142,0.9671114896838916,0.0,0.0073821692220329,0.0070035964414158,0.0285958744784525,0.8583840196690736,0.9212059829732364,3.03997219199664,2815246336,20260924.0,numpy.PCG64; deterministic condition-major sequence,PRODUCTION_PENDING,,2.0,16.0,418.0,pair_q7_sigma24_L512_W0.8150_r014,14,"first n by (realization, geometry_seed, orientation_seed, graph_id); frozen before transformed-graph calculation",16
new_q7_sigma24_L512_W0.815_r013,NEW_SCALING_PRODUCTION,SCALING,NEW_SCALING,025971e465bcb0bfc2958befe69d15d89b899bdf8f0e4c01169bd575238c424a,7,24.0,512,0.815,4417416506594807661,14937569893736430129,13,6291456,0.995309034983317,0.0016422271728515,0.0029451052347819,6261943,6261943,10332,18529,1.793360433604336,0.0013356208801269,0.0013028780619303,0.8408203125,1.5078938802083333,0.6670735677083333,20.1796875,36.189453125,20.1796875,36.189453125,511.9649309119842,3.078585264686467,511.9649309119842,3.078585264686467,0.9999315056874692,0.0060128618450907,511.9855620325858,6.802930418368703,511.9855620325858,6.802930418368703,0.999971800844894,0.0132869734733763,148.71253319103005,0.4438633228115007,0.2904541663887305,0.0008669205523662,144.91364570588226,0.9189925552719092,0.2830344642693013,0.0017949073345154,335.0412740774824,157.68750777638843,0.9873209446380178,0.8611365966862755,0.0131396916260655,0.0156059265136718,63.26576917897544,55.18010070929528,0.9872241579558652,0.8561174375303578,0.0,0.0,0.0032907471931862,0.009984348858546,0.0036778939217963,0.0034000755572346,1,6261943,True,0.0029589857333418,,,,True,True,OPEN_NONPERIODIC,1.0,,new frozen-seed production,,,,,,,2817841,345925,120661,2351255,44040192,41568276,41688937,5927246,5519932,28329,56,3655,281,1,1,1,,111.09514826899976,18.957886375996168,9.409524078000686,8.713292642001761,151.6500054509961,0.0310495694478352,10332,1,0.9999315056874692,0.0060128618450907,22115.41697834149,3.486815210702398,0.1975644010618048,0.0060124499982523,20.1810697885013,0.8408779078542208,0.8408779078542208,1.0,0.0156059265136718,0.0310495694478352,32.20656575222553,1.0,0.0,0.008130081300813,0.0072590011614401,18529,1,0.999971800844894,0.0132869734733763,20999.941294406468,-22.17528989124751,0.8679646801481739,0.0132865987919505,36.19047366578025,1.507936402740844,1.507936402740844,0.9888283231690864,0.0156059265136718,0.0310495694478352,31.84676440780809,0.9868854228506664,0.0,0.0194829726374871,0.0057207620486804,0.028093516660883,0.8419680571066576,0.9047956915499734,3.1595514419896062,2824089600,20260924.0,numpy.PCG64; deterministic condition-major sequence,PRODUCTION_PENDING,,2.0,16.0,419.0,pair_q7_sigma24_L512_W0.8150_r015,15,"first n by (realization, geometry_seed, orientation_seed, graph_id); frozen before transformed-graph calculation",16
new_q7_sigma24_L512_W0.815_r014,NEW_SCALING_PRODUCTION,SCALING,NEW_SCALING,cba92da67101efdba544a56ce4a76fd29f66a336a9e34b4bbfee4b27420b071d,7,24.0,512,0.815,556492487883545955,4551251595724187543,14,6291456,0.9956916173299154,0.001570701599121,0.0034006436665852,6264350,6264350,9882,21395,2.1650475612224245,0.0007117589314778,0.0018299420674641,0.80419921875,1.7411295572916667,0.9369303385416669,19.30078125,41.787109375,19.30078125,41.787109375,511.9657188274809,2.9865271966247637,511.9657188274809,2.9865271966247637,0.9999330445849236,0.0058330609309077,511.9964621727623,7.605188680739047,511.9964621727623,7.605188680739047,0.9999930901811764,0.0148538841420684,148.66181529983743,0.4087940899910205,0.290355108007495,0.0007984259570137,152.0791402279844,1.146752294601336,0.297029570757782,0.0022397505753932,363.6594044280407,132.6172539125846,0.9920056668690548,0.782612759990652,0.0133930894665847,0.0156944592793782,63.20738097504904,49.86554465237083,0.991297308237199,0.7813975227856976,0.0,0.0,0.0046549281521959,0.0043468100023369,0.0049585104229912,0.0045337695723299,1,6264350,True,0.0034153583372576,,,,True,True,OPEN_NONPERIODIC,1.0,,new frozen-seed production,,,,,,,2820316,347018,121483,2351815,44040192,41566894,41688377,5925891,5488633,26502,92,5060,82,1,1,1,,111.95149415900232,19.256762164004613,9.35837312899821,9.156017633999,152.96480874400004,0.0312399864196777,9882,1,0.9999330445849236,0.0058330609309077,22100.33492873513,-2.9713953533076816,0.167512115853297,0.0058326703758919,19.30207362835162,0.8042530678479842,0.8042530678479842,1.0,0.0156944592793782,0.0312399864196777,32.01025719300923,1.0,0.0,0.0074883626796195,0.0103217972070431,21395,1,0.9999930901811764,0.0148538841420684,23128.041078346607,23.467914413676656,1.338854961512231,0.0148537815044202,41.78739811835011,1.741141588264588,1.741141588264588,0.9630287450338864,0.0156944592793782,0.0312399864196777,30.826797812795625,0.9630287450338864,0.0,0.0083664407571862,0.0087870997896704,0.0286312227126517,0.8533641859316925,0.91649280278231,2.9762082759989426,2825682944,20260924.0,numpy.PCG64; deterministic condition-major sequence,PRODUCTION_PENDING,,2.0,16.0,420.0,pair_q7_sigma24_L512_W0.8150_r016,16,"first n by (realization, geometry_seed, orientation_seed, graph_id); frozen before transformed-graph calculation",16
