graph_id,edge_hash,geometry_seed,disorder_seed,W,realization,L,q,N,ell_over_R,surrogate_edge_hash,changed_edge_fraction,I0_original,I0_reassigned,I0_relative_change,outdegree_exact,orientation_multiset_exact,S_original,A_loc_original,A_loc_reassigned,D_original,D_reassigned,f_up_original,f_up_reassigned,length_KS,length_Wasserstein,relative_angle_KS,relative_angle_Wasserstein,dy_KS,dy_Wasserstein,length_q0.1_original,length_q0.1_reassigned,length_q0.1_change,length_q0.25_original,length_q0.25_reassigned,length_q0.25_change,length_q0.5_original,length_q0.5_reassigned,length_q0.5_change,length_q0.75_original,length_q0.75_reassigned,length_q0.75_change,length_q0.9_original,length_q0.9_reassigned,length_q0.9_change,length_q0.95_original,length_q0.95_reassigned,length_q0.95_change,accepted,fidelity_sha256,S_reassigned,log10_S_ratio,status
S1C_W0.790_r00,5282c6aaa8a8799845813d740745deb1b8e99576b33e5dbfd798be8b075c6a5e,7655837767034734158,934042189007205845,0.79,0,128,7,393216,1,0cf73a945c4636a9723be97d0983373d86b86ed092592ea9a513781440d4d672,0.7452116466703869,1.143745614739263,1.1421862077699814,0.0013634211569302,True,True,0.2595876057942708,0.969535129033092,0.9693253410248088,0.7090709941129016,0.7096119961152426,0.0572971162341889,0.05731201171875,0.0010811941964285,0.0001680681696514,0.001813252766927,0.0005595749274,0.001190185546875,0.0006840316646766,1.79529467371451,1.7948081347907892,-0.0004865389237209,1.85255831513354,1.8523176990837893,-0.0002406160497507,1.9122493450942768,1.9121327282673373,-0.0001166168269395,1.9591914962491224,1.959120448965176,-7.10472839464682e-05,1.9842256001668737,1.9842020081845315,-2.3591982342363597e-05,1.9921964215186068,1.9921874206388424,-9.00087976440922e-06,True,3a89271f7abf4befdf2c42be3c105d5214952b9a588616a576f84f4841b8fbac,0.0010477701822916,-2.394017917880448,ACCEPTED
S1C_W0.790_r00,5282c6aaa8a8799845813d740745deb1b8e99576b33e5dbfd798be8b075c6a5e,7655837767034734158,934042189007205845,0.79,0,128,7,393216,2,2c873e97063707683ac49efe9a35032221db2954cf9a63daf49c8e16688cd562,0.7447408040364583,1.143745614739263,1.130464491000799,0.0116119559868141,True,True,0.2595876057942708,0.969535129033092,0.969007340128246,0.7090709941129016,0.7093023108176395,0.0572971162341889,0.0571514311290922,0.0012592134021577,0.0003790328127409,0.001662118094308,0.0004387343456001,0.0007400512695312,0.0008206228384253,1.79529467371451,1.7946974426252855,-0.0005972310892243,1.85255831513354,1.8523230475308328,-0.0002352676027068,1.9122493450942768,1.912184399741779,-6.494535249790268e-05,1.9591914962491224,1.959136828732031,-5.46675170916e-05,1.9842256001668737,1.9841921335833983,-3.346658347558318e-05,1.9921964215186068,1.992176392477487,-2.0029041119862256e-05,True,fc0e4259c9b28b5b8c1fdc03f509d1b39a0178a6725eacb131a9ee2c7440e917,0.000152587890625,-3.2307638835299386,ACCEPTED
S1C_W0.790_r00,5282c6aaa8a8799845813d740745deb1b8e99576b33e5dbfd798be8b075c6a5e,7655837767034734158,934042189007205845,0.79,0,128,7,393216,4,1d6a152f37b4f2e4691d4f5f045e20e7d516bbf54fec7b71120eb928bd2d9441,0.7440214611235119,1.143745614739263,1.1449907253875589,0.0010886255057508,True,True,0.2595876057942708,0.969535129033092,0.968193272903784,0.7090709941129016,0.7107289418254704,0.0572971162341889,0.056715829031808,0.0028642926897321,0.0010223945421943,0.0023662022181919,0.0007769045150541,0.0023585728236608,0.0014071438069593,1.79529467371451,1.7939580665303243,-0.0013366071841856,1.85255831513354,1.851917178514616,-0.0006411366189242,1.9122493450942768,1.9118525357179836,-0.0003968093762933,1.9591914962491224,1.958999120917253,-0.0001923753318695,1.9842256001668737,1.9841291975190265,-9.640264784738228e-05,1.9921964215186068,1.9921435026958287,-5.291882277802529e-05,True,f3e026616d07c64b4c5315155c572449b8fa5e5f5ae3b9d009812cf6ba08dea1,0.0001017252604166,-3.40685514258562,ACCEPTED
S1C_W0.790_r00,5282c6aaa8a8799845813d740745deb1b8e99576b33e5dbfd798be8b075c6a5e,7655837767034734158,934042189007205845,0.79,0,128,7,393216,8,6b7718d1173c92f283e30912122866d1542d17e20b958cadc793db1f0cf74142,0.744763692220052,1.143745614739263,1.096917021289585,0.040943189504909,True,True,0.2595876057942708,0.969535129033092,0.9674681973801412,0.7090709941129016,0.7076270023627649,0.0572971162341889,0.0569094703311011,0.003936767578125,0.0012757145175094,0.003004891531808,0.0011871838575174,0.0024824596586682,0.0021340162264004,1.79529467371451,1.7932601154407908,-0.0020345582737193,1.85255831513354,1.851554843054311,-0.0010034720792291,1.9122493450942768,1.9117033380410575,-0.000546007053219,1.9591914962491224,1.958867105805265,-0.0003243904438576,1.9842256001668737,1.9841121978460288,-0.0001134023208451,1.9921964215186068,1.9921340431253665,-6.23783932405253e-05,False,4d6dce40f9fa1c40294bb3a7d17c28e3d20e8f2cad97f25ccfb63dcd9dcbae19,,,NO_ACCEPTED_INTERVENTION_UNDER_COMMON_FIDELITY_GATE
S1C_W0.790_r01,7464d40813945a2df154084f204d214e7fa7355d45d16bb849225d61a80a6f05,7138177107724583812,18115717769615187850,0.79,1,128,7,393216,1,97321415bac2489dc2944bb6d4ae438e5b1355a5bc6a02ab67bc37caf812f31b,0.7432643345424107,1.1401870665171066,1.145173104810752,0.0043730002208111,True,True,0.1592737833658854,0.9694856447684892,0.969397404115736,0.7094210864540781,0.7094725427685672,0.0573679606119791,0.057736351376488,0.0006277901785714,0.0001028634415582,0.0013602120535713,0.000401896861179,0.0006165277390252,0.0003892412909918,1.7954259908482788,1.795492139957496,6.61491092173172e-05,1.85265718890964,1.8525030686869035,-0.0001541202227364,1.9122504155945583,1.912216756894373,-3.365870018523509e-05,1.9591389636513612,1.959185449372808,4.648572144638763e-05,1.984158237418798,1.984234037743292,7.580032449405749e-05,1.992169333793936,1.9921826757872123,1.3341993276627662e-05,True,bd58623c7f0b3c7f04cff6a7243a6b204af7f96faf98f1daf1ccc62f3850be60,0.0010630289713541,-2.1755991955825222,ACCEPTED
S1C_W0.790_r01,7464d40813945a2df154084f204d214e7fa7355d45d16bb849225d61a80a6f05,7138177107724583812,18115717769615187850,0.79,1,128,7,393216,2,b82f6fcb71e9af4248e8b4b7fc450af25dd3e48aa0848d5c3df630844123d06c,0.7435927618117559,1.1401870665171066,1.144749290621112,0.004001294382282,True,True,0.1592737833658854,0.9694856447684892,0.9694781928686586,0.7094210864540781,0.7097002036868278,0.0573679606119791,0.0576480683826264,0.0008323306129092,0.0001283447599229,0.0006027221679687,0.0001934093363943,0.0007229759579613,0.0003972158235026,1.7954259908482788,1.795188017126994,-0.0002379737212847,1.85265718890964,1.8524573429894216,-0.0001998459202179,1.9122504155945583,1.9121508271344083,-9.9588460150013e-05,1.9591389636513612,1.959151062847308,1.2099195946690957e-05,1.984158237418798,1.984214016454636,5.577903583753319e-05,1.992169333793936,1.992181489535787,1.2155741851094248e-05,True,90a429480a228ffd475d0be1f174533bb6d164ae9ffd5c42c85bc0c1d10ea082,0.000195821126302,-2.9102847521850754,ACCEPTED
S1C_W0.790_r01,7464d40813945a2df154084f204d214e7fa7355d45d16bb849225d61a80a6f05,7138177107724583812,18115717769615187850,0.79,1,128,7,393216,4,5cea68f8e5b39abbeb3d0f1abd0d64d3477d98ab146003ee091958b21d082e31,0.7431731451125372,1.1401870665171066,1.1384669202800684,0.0015086526479314,True,True,0.1592737833658854,0.9694856447684892,0.9700414849600368,0.7094210864540781,0.7097842606327194,0.0573679606119791,0.0577410743350074,0.0007142566499255,0.0001426854439776,0.0016021728515625,0.0005070831489081,0.0014822823660715,0.0008083181289184,1.7954259908482788,1.795620734772824,0.0001947439245451,1.85265718890964,1.8525383636210169,-0.0001188252886228,1.9122504155945583,1.912184601785758,-6.581380880055221e-05,1.9591389636513612,1.959157827964889,1.886431352726703e-05,1.984158237418798,1.9841757970788447,1.75596600466843e-05,1.992169333793936,1.992176538091072,7.204297136187421e-06,True,8fd01c89685c2da730bfff104dbeaf6e547b5a34830d7f686de4556fa9f6ef99,0.0001068115234375,-3.173526186959657,ACCEPTED
S1C_W0.790_r01,7464d40813945a2df154084f204d214e7fa7355d45d16bb849225d61a80a6f05,7138177107724583812,18115717769615187850,0.79,1,128,7,393216,8,37e55f756236e8cff3a9a598a0896abb2eeff74cf7957894fe27103f01213593,0.7440003894624256,1.1401870665171066,1.1431151375339956,0.0025680619460395,True,True,0.1592737833658854,0.9694856447684892,0.9688967251133932,0.7094210864540781,0.7105697476034841,0.0573679606119791,0.0571819487072172,0.0018179757254464,0.0006232217967163,0.0024130684988839,0.0009905124929778,0.0014535813104538,0.0008288158906312,1.7954259908482788,1.794613717144069,-0.0008122737042097,1.85265718890964,1.852225781949106,-0.0004314069605335,1.9122504155945583,1.912054202931549,-0.0001962126630095,1.9591389636513612,1.9590639497931568,-7.501385820418704e-05,1.984158237418798,1.9841542368901377,-4.000528660341729e-06,1.992169333793936,1.992170887167966,1.5533740300721632e-06,True,5a07f5622b10e3d4a15876b8231c789a83f236a98f431779bb1b67c73cbf9ce2,7.375081380208333e-05,-3.334377479458601,ACCEPTED
S1C_W0.790_r02,3a9ac2647ea98a81b0aa17b58f0be2258081025bdb93e2e65afdfbf2ef9df77a,7301254539265411036,1717762875529522896,0.79,2,128,7,393216,1,bef5c663c1a98f09f2fe89ed9b0b333fc4c87702375a353f47a7ef2a0251cdcd,0.7447364443824405,1.139236250123254,1.1373789264442449,0.0016303235424682,True,True,0.1921844482421875,0.9695228307207828,0.9693251027212424,0.709202176257986,0.7094604161539404,0.0574809483119419,0.0575572422572544,0.0012926374162945,0.0001268767993334,0.001738048735119,0.0003067459199267,0.0007611229306175,0.0003625738292977,1.7955237288992911,1.7949798180714254,-0.0005439108278659,1.8526203567821105,1.85246296833373,-0.0001573884483803,1.9122379045744613,1.912051564949908,-0.0001863396245531,1.959228440606676,1.9590771848146424,-0.0001512557920337,1.9842363294540104,1.9841931658606269,-4.316359338396581e-05,1.9922067689381395,1.9921986476299975,-8.12130814176193e-06,True,77fa028ee8605f80fc3527f3fc9843b0a0e83b277f25b82ea96074f03bde5356,0.000701904296875,-2.4374403401525577,ACCEPTED
S1C_W0.790_r02,3a9ac2647ea98a81b0aa17b58f0be2258081025bdb93e2e65afdfbf2ef9df77a,7301254539265411036,1717762875529522896,0.79,2,128,7,393216,2,812c368f5bc75ad0f55278a8c05b85fdd512f935a22447b870b6a4d9a4cb5eea,0.7436883108956474,1.139236250123254,1.1428342614613802,0.0031582661960914,True,True,0.1921844482421875,0.9695228307207828,0.9696313451855436,0.709202176257986,0.7092489457820047,0.0574809483119419,0.0575634184337797,0.0008973621186756,5.2614572028998064e-05,0.001310802641369,0.000213153097092,0.0007066272553943,0.0003402588323918,1.7955237288992911,1.795394603237524,-0.0001291256617674,1.8526203567821105,1.852639754454316,1.9397672205379024e-05,1.9122379045744613,1.9122133602978528,-2.4544276608695625e-05,1.959228440606676,1.9591550351325304,-7.340547414536047e-05,1.9842363294540104,1.984194320109372,-4.200934463871597e-05,1.9922067689381395,1.992184544182368,-2.2224755771516055e-05,True,9745bd554c92ddb38142537d77783674e333b6563190ef6f029ed362b24e77c8,0.0001322428385416,-3.1623460785829764,ACCEPTED
S1C_W0.790_r02,3a9ac2647ea98a81b0aa17b58f0be2258081025bdb93e2e65afdfbf2ef9df77a,7301254539265411036,1717762875529522896,0.79,2,128,7,393216,4,62066ad791bfc8ffc549d9f1d0b8a461a17812692452a7d2bab735592a14bebb,0.743025643484933,1.139236250123254,1.1460264736625394,0.005960329596737,True,True,0.1921844482421875,0.9695228307207828,0.9703575223507324,0.709202176257986,0.7100295431092342,0.0574809483119419,0.0579205467587425,0.0015338716052827,0.0005168957451958,0.0016730172293527,0.0006595601766824,0.0031890869140625,0.0012690339227951,1.7955237288992911,1.795823256383895,0.0002995274846036,1.8526203567821105,1.852838068677268,0.0002177118951574,1.9122379045744613,1.912300561913978,6.265733951660302e-05,1.959228440606676,1.959212953904732,-1.5486701944400494e-05,1.9842363294540104,1.9842398273510595,3.497897048676535e-06,1.9922067689381395,1.992211036784767,4.267846627437066e-06,True,552b8fa6f94ec1b2ba72886bcc0d0c6f7dd52aaaa1af47ee6682a5f868fa1896,0.0001093546549479,-3.244880966638189,ACCEPTED
S1C_W0.790_r02,3a9ac2647ea98a81b0aa17b58f0be2258081025bdb93e2e65afdfbf2ef9df77a,7301254539265411036,1717762875529522896,0.79,2,128,7,393216,8,79550639ad37aacf7789779fc1fa2374c67ea5529dbed600452d9d53be3e91ee,0.743484133765811,1.139236250123254,1.149204183900462,0.0087496634487619,True,True,0.1921844482421875,0.9695228307207828,0.9702102977224158,0.709202176257986,0.7123307737549404,0.0574809483119419,0.0574562436058407,0.0011760166713169,0.0003154436264463,0.0011393229166667,0.0004359139082388,0.0054423014322916,0.0030692726049299,1.7955237288992911,1.7958361167113102,0.0003123878120188,1.8526203567821105,1.852924743357472,0.0003043865753611,1.9122379045744613,1.912408790328877,0.0001708857544153,1.959228440606676,1.959222196711879,-6.243894796975624e-06,1.9842363294540104,1.984255230378128,1.890092411738209e-05,1.9922067689381395,1.9922392344279585,3.2465489818944704e-05,True,95d76b8f6cf0a1b364d10671163f291bb73f146dbe9bf5a8a365f50526bffb24,5.594889322916666e-05,-3.5359267413955693,ACCEPTED
S1C_W0.790_r03,e86e669451c0dd58efc4b7868173a34c963151de9d3c3bba9bd45747b93b6fa8,10833399783473843663,9514140423465135883,0.79,3,128,7,393216,1,bff04b5e1f905a7b92b3a9ebb5426c94a88ba75f4bc6a5599b01f348b3ea58a3,0.743667965843564,1.146138344223501,1.1424940846570548,0.0031795983310505,True,True,0.0999069213867187,0.969515275598965,0.9694340867481914,0.7099755122997112,0.709854947546668,0.0575060163225446,0.0574213663736979,0.0006019955589657,0.0001412469507403,0.0014568510509672,0.0002600650423753,0.000639415922619,0.0002824819708583,1.7953929421021373,1.7951540712837726,-0.0002388708183647,1.852482211505685,1.8524036404564492,-7.857104923547631e-05,1.912183924736459,1.9121843082944112,3.835579522881716e-07,1.95908000658598,1.959085170364002,5.163778022287957e-06,1.984149106481459,1.9841786196968636,2.9513215404453064e-05,1.9921572164889003,1.992150533053057,-6.683435843646279e-06,True,c2e05b397e5c58d17904263e66a3c1dc8a0fa63f1acc3fa83ddba550271159b2,0.00042724609375,-2.36891747575505,ACCEPTED
S1C_W0.790_r03,e86e669451c0dd58efc4b7868173a34c963151de9d3c3bba9bd45747b93b6fa8,10833399783473843663,9514140423465135883,0.79,3,128,7,393216,2,3842c61e023f1a862c4c3b39858b92b4764974f82e7e31a510f55c45a1e9c6dc,0.7430260067894345,1.146138344223501,1.1359231402608545,0.0089127146073863,True,True,0.0999069213867187,0.969515275598965,0.9692418576306636,0.7099755122997112,0.7095355611115648,0.0575060163225446,0.0577759515671503,0.0008406866164434,0.0001682168328468,0.0014357793898809,0.0003572868441171,0.0006710234142485,0.0004697037645621,1.7953929421021373,1.7950413483976986,-0.0003515937044387,1.852482211505685,1.8523765485062715,-0.0001056629994136,1.912183924736459,1.9121809750041343,-2.9497323246197027e-06,1.95908000658598,1.959105252230539,2.524564455930189e-05,1.984149106481459,1.9841755352201376,2.6428738678863084e-05,1.9921572164889003,1.9921648167509212,7.60026202084596e-06,True,c98d7ed44c9bab5ccab413e6a4085b4675316bf33c46bfae2574a7640b7cd28e,0.0001602172851562,-2.794886208027332,ACCEPTED
S1C_W0.790_r03,e86e669451c0dd58efc4b7868173a34c963151de9d3c3bba9bd45747b93b6fa8,10833399783473843663,9514140423465135883,0.79,3,128,7,393216,4,5572a0c039a257b987fa4af4d0ac39a21cb3a36c9a9187574522562e219bee67,0.744098118373326,1.146138344223501,1.1310482421500063,0.0131660389424609,True,True,0.0999069213867187,0.969515275598965,0.96900891309612,0.7099755122997112,0.7092440663730865,0.0575060163225446,0.0577425275530133,0.0014274233863467,0.0002089507939749,0.0016682942708333,0.0003672077560362,0.0006575811476934,0.0006968972717061,1.7953929421021373,1.7947313355457837,-0.0006616065563538,1.852482211505685,1.8522071698879323,-0.0002750416177523,1.912183924736459,1.9121085060083387,-7.541872812022454e-05,1.95908000658598,1.9590915388031245,1.153221714478292e-05,1.984149106481459,1.984183477774195,3.4371292735757564e-05,1.9921572164889003,1.9921777117210595,2.049523215896798e-05,True,0905f90865465199ebdfff698716f8bd776dd267314f89a4c68d138a8c16ae8b,0.0001068115234375,-2.970977467083013,ACCEPTED
S1C_W0.790_r03,e86e669451c0dd58efc4b7868173a34c963151de9d3c3bba9bd45747b93b6fa8,10833399783473843663,9514140423465135883,0.79,3,128,7,393216,8,a6a7d5b910ed62dbbef99a04a09015db6a867aeb85e57f3f5945f9bcaaaacb97,0.7431655157180059,1.146138344223501,1.1446496402149284,0.0012988868368949,True,True,0.0999069213867187,0.969515275598965,0.9686133804136472,0.7099755122997112,0.7104616145522472,0.0575060163225446,0.0570021129789806,0.0026790073939732,0.000536375288385,0.0043236868722098,0.0012177901001275,0.0012650262741815,0.00043615356767,1.7953929421021373,1.7940193000406706,-0.0013736420614667,1.852482211505685,1.851762791433548,-0.0007194200721369,1.912183924736459,1.9118868113122935,-0.0002971134241651,1.95908000658598,1.958977722886212,-0.0001022836997679,1.984149106481459,1.984107655620984,-4.145086047491198e-05,1.9921572164889003,1.9921480148331387,-9.201655761792438e-06,True,11f39b6df12204357aefdbe54dac2da742ec1385d9157bb61a8698e36e53b492,8.900960286458333e-05,-3.050158713130638,ACCEPTED
S1C_W0.790_r04,cc67adb09c8c2262f64a90b5ce11c7af9be73120ef816660859ae50437f18059,17089777873478898221,16951094302730524563,0.79,4,128,7,393216,1,cc0bbbdfbefad365aa001eb3f738c840d5b246fa0168962923113454540eeacc,0.7444545200892857,1.1345743534443855,1.1322179067783686,0.0020769433566544,True,True,0.1811930338541666,0.9694537744705282,0.9690788982972948,0.7083611666614162,0.7080532349809301,0.0580516996837797,0.0580233619326636,0.0019356863839286,0.0003032469260514,0.0019124348958333,0.0003637439282294,0.0011742001488095,0.0004123778723923,1.795562380765609,1.7947482820339526,-0.0008140987316562,1.852660510155744,1.852093495634316,-0.0005670145214273,1.9122424709960304,1.9119156406318176,-0.0003268303642127,1.9591706441164385,1.9590776486384711,-9.299547796715046e-05,1.984228267122912,1.9841803878470887,-4.78792758225044e-05,1.9921839872506844,1.9921616737130572,-2.2313537626938995e-05,True,3cd21b884757e025ce98cdfa8f8288c725ac54ca5e46085ddd22363ec541c5e4,0.0012893676757812,-2.147764718453812,ACCEPTED
S1C_W0.790_r04,cc67adb09c8c2262f64a90b5ce11c7af9be73120ef816660859ae50437f18059,17089777873478898221,16951094302730524563,0.79,4,128,7,393216,2,2ec20e5439f070a5bcfcc94c45ee0d87cf98187ed69ac5b00a8fe8b8a6d01976,0.7454209100632441,1.1345743534443855,1.1246450480578345,0.0087515686886517,True,True,0.1811930338541666,0.9694537744705282,0.968612477531835,0.7083611666614162,0.7082879409416855,0.0580516996837797,0.05810546875,0.0018266950334821,0.0005815641312234,0.0022913614908853,0.0006589694733159,0.0008497692289806,0.0004716392130617,1.795562380765609,1.7947185087990565,-0.0008438719665526,1.852660510155744,1.8521390202523824,-0.0005214899033614,1.9122424709960304,1.911914697589127,-0.0003277734069035,1.9591706441164385,1.9590181115881535,-0.0001525325282845,1.984228267122912,1.9842040005441588,-2.426657875287397e-05,1.9921839872506844,1.9921861129991096,2.125748425507723e-06,True,bee47272b9e2fce4f3a7af171ee180792c4285afa48993678c2d7df9a3ff6b66,0.0001500447591145,-3.081920666145004,ACCEPTED
S1C_W0.790_r04,cc67adb09c8c2262f64a90b5ce11c7af9be73120ef816660859ae50437f18059,17089777873478898221,16951094302730524563,0.79,4,128,7,393216,4,03527267f2db4ce3ccf5de7a299c39a8bdcad0f16ea16715840a995cbcb4c4a5,0.7451190040225074,1.1345743534443855,1.1219133976539624,0.0111592120445755,True,True,0.1811930338541666,0.9694537744705282,0.9681958745474232,0.7083611666614162,0.7083975185920897,0.0580516996837797,0.0579227265857514,0.0027847290039062,0.000824667850585,0.0038277762276785,0.0012622688874568,0.0014753795805431,0.0009598370196113,1.795562380765609,1.7941334595524154,-0.0014289212131934,1.852660510155744,1.8518648564461588,-0.0007956537095847,1.9122424709960304,1.9118619885040649,-0.0003804824919659,1.9591706441164385,1.95898817675766,-0.000182467358778,1.984228267122912,1.9841643394169748,-6.392770593688368e-05,1.9921839872506844,1.9921636226664532,-2.0364584230936345e-05,True,17908eb4158363a10622c2f3021380ffb36f76a4795665c2cad752dd3fae00cc,8.646647135416667e-05,-3.3212937607448927,ACCEPTED
S1C_W0.790_r04,cc67adb09c8c2262f64a90b5ce11c7af9be73120ef816660859ae50437f18059,17089777873478898221,16951094302730524563,0.79,4,128,7,393216,8,ede7ecfee647ccea68e2d797577f758d53d8d72a7160d170cb0c0f6d5bcf1803,0.7457834879557292,1.1345743534443855,1.1349087450238369,0.0002947286605201,True,True,0.1811930338541666,0.9694537744705282,0.9682687001043996,0.7083611666614162,0.7086109539052455,0.0580516996837797,0.0575892130533854,0.0029968988327752,0.0008295553661996,0.003065926688058,0.0009123693491557,0.0019473121279762,0.000881988204588,1.795562380765609,1.793957392285802,-0.001604988479807,1.852660510155744,1.8518880472182144,-0.0007724629375291,1.9122424709960304,1.9118809369808365,-0.0003615340151941,1.9591706441164385,1.9590731558511711,-9.748826526712052e-05,1.984228267122912,1.9841983808941708,-2.9886228740894083e-05,1.9921839872506844,1.9921663882677456,-1.759898293873796e-05,True,7753feee93cc7262d01b2d106efc41c65d975fd714ff93e6f311102621c66b90,8.392333984375e-05,-3.33425873790926,ACCEPTED
S1C_W0.790_r05,5f567d3452a5f5907b533d717fb68d8a48654603ecb1cdc8929a4f4796fd497f,10737365616079812786,17714141268111472187,0.79,5,128,7,393216,1,713086e44286b9cfd88226ca12bfb0c099c9d981889800ff2811e665e3f38e4b,0.7438754127139137,1.143027009215584,1.1385113170840224,0.0039506434188815,True,True,0.1032892862955729,0.969538646632332,0.969402323605424,0.7098435060436475,0.7095253030427807,0.0573839460100446,0.0576724097842261,0.0013064429873511,0.0001307285192528,0.0012370518275669,0.0002353905139537,0.000684102376302,0.0003076861667044,1.7954742052259325,1.7949248908810609,-0.0005493143448713,1.8525496351473825,1.8523467456408425,-0.00020288950654,1.9122312629725289,1.9122197178174416,-1.1545155087278047e-05,1.9591332956339995,1.959077488129635,-5.580750436462445e-05,1.984213040545608,1.984187789545489,-2.5251000118853284e-05,1.9921629924533748,1.992165086906452,2.094453077416958e-06,True,7ff85ae5dd9ba36437d42d71f98a2d51c953e88d653a07ce0757104bd211fa3b,0.0004730224609375,-2.339173513352447,ACCEPTED
S1C_W0.790_r05,5f567d3452a5f5907b533d717fb68d8a48654603ecb1cdc8929a4f4796fd497f,10737365616079812786,17714141268111472187,0.79,5,128,7,393216,2,610aae7e8805ff1e850bb661a9a2fa6f718ce2e420f626874e4f9c4221c1f43e,0.7439945765904018,1.143027009215584,1.1411952750035592,0.00160252924669,True,True,0.1032892862955729,0.969538646632332,0.9695110682401002,0.7098435060436475,0.710032041894309,0.0573839460100446,0.0574032011486235,0.0005554925827752,0.0001133454772681,0.001309349423363,0.0002301322106909,0.0006481352306547,0.0003368884691363,1.7954742052259325,1.7954092849079992,-6.49203179330371e-05,1.8525496351473825,1.852581729150901,3.209400351877889e-05,1.9122312629725289,1.9122846499675352,5.3386995006343696e-05,1.9591332956339995,1.9591194875815536,-1.380805244588501e-05,1.984213040545608,1.984193485085036,-1.9555460571529792e-05,1.9921629924533748,1.992170724642752,7.73218937744069e-06,True,74aacd9262a6aeeabfc969b8e8e9cb65c9ba7d34f20d7f74c148826c0d4e328d,0.0001475016276041,-2.845258464007426,ACCEPTED
S1C_W0.790_r05,5f567d3452a5f5907b533d717fb68d8a48654603ecb1cdc8929a4f4796fd497f,10737365616079812786,17714141268111472187,0.79,5,128,7,393216,4,a1ce71d81cdd6eca644d22a8604196b9db7146de64147bf25e50b36992b7d23f,0.7446027483258928,1.143027009215584,1.139940805175839,0.0027000272214588,True,True,0.1032892862955729,0.969538646632332,0.9700544045534376,0.7098435060436475,0.7102029552590249,0.0573839460100446,0.0576099214099702,0.0015545799618675,0.0002808497949615,0.0027367728097098,0.0007275547904696,0.0013692946661086,0.0007281512368285,1.7954742052259325,1.7961640929423746,0.0006898877164422,1.8525496351473825,1.8529739936785763,0.000424358531194,1.9122312629725289,1.912479122009896,0.0002478590373669,1.9591332956339995,1.959206984063156,7.368842915611573e-05,1.984213040545608,1.9842379721912948,2.4931645687065185e-05,1.9921629924533748,1.992204589060577,4.1596607202265545e-05,True,8aa9cd75025d5a53b2d389b9e67e85633a85a90ec13efa0f3635134b34ebdcec,0.0001017252604166,-3.006626466242401,ACCEPTED
S1C_W0.790_r05,5f567d3452a5f5907b533d717fb68d8a48654603ecb1cdc8929a4f4796fd497f,10737365616079812786,17714141268111472187,0.79,5,128,7,393216,8,286ed41c15af72dff440454ac2c3db6ab29aa601a76d83606f9bc11aa863fb08,0.7446717761811756,1.143027009215584,1.1396677916795523,0.002938878529508,True,True,0.1032892862955729,0.969538646632332,0.9705076014696888,0.7098435060436475,0.709293586442685,0.0573839460100446,0.0572368076869419,0.0023894537062872,0.0005205930404622,0.0033507574172246,0.0008121282443485,0.0007814679827009,0.0003385376113291,1.7954742052259325,1.796707024135484,0.0012328189095518,1.8525496351473825,1.8531470135563768,0.0005973784089943,1.9122312629725289,1.912542138197182,0.0003108752246532,1.9591332956339995,1.9592190555335507,8.575989955117436e-05,1.984213040545608,1.984239648006049,2.660746044091944e-05,1.9921629924533748,1.9922191660566655,5.617360329090992e-05,True,b199aa79ab15992be336e8c10dc97b7a48310175a04655783ba2c1e415208a3c,7.62939453125e-05,-3.131565202850701,ACCEPTED
S1C_W0.790_r06,a8c3a0d454aba858f64f629adb7a243247d0ac7caf743299a93c6eef1f3bafc8,18392522625926627476,17181666016768037737,0.79,6,128,7,393216,1,c6c169b169559429ef1dca180e4bcf195a55d29a86427a202c12f90c803915a5,0.7442383539109003,1.139614204762676,1.1344608446325202,0.0045220216706837,True,True,0.1892445882161458,0.9695539526599292,0.969703325101666,0.7089325967433254,0.7083996170574286,0.0578656877790178,0.0578467959449404,0.0009075346447172,0.0001805130749346,0.0005765642438616,0.0001448873962735,0.0008021763392856,0.0003672435012934,1.795386889407136,1.7956697005937583,0.0002828111866224,1.852573692648792,1.8527503809301429,0.0001766882813505,1.912301214042436,1.9123816426526328,8.042861019719183e-05,1.9591404561159376,1.959167779051622,2.732293568441513e-05,1.984241539256223,1.9842169469415167,-2.459231470575141e-05,1.992215832891196,1.992210067170216,-5.765720980210887e-06,True,0fcb6e1fb54bb765c9819413b95eae28a5fac4afd6f83f3e562514682ed81ce1,0.0005645751953125,-2.5253016754872277,ACCEPTED
S1C_W0.790_r06,a8c3a0d454aba858f64f629adb7a243247d0ac7caf743299a93c6eef1f3bafc8,18392522625926627476,17181666016768037737,0.79,6,128,7,393216,2,0dba4e7c799560b79639557a20ae52e9d599ec84639daec6c52efdcaf32342f8,0.7446826753162202,1.139614204762676,1.1357798921693174,0.003364570726948,True,True,0.1892445882161458,0.9695539526599292,0.9693862745213854,0.7089325967433254,0.7081861852027342,0.0578656877790178,0.0575772240048363,0.0006375994001116,7.576204483143771e-05,0.0015091668991815,0.0006494442607286,0.0013645717075893,0.0008648169076429,1.795386889407136,1.7956485187888227,0.0002616293816866,1.852573692648792,1.8526802137455531,0.0001065210967612,1.912301214042436,1.9123872557994124,8.604175697679572e-05,1.9591404561159376,1.9591387290660272,-1.7270499104160564e-06,1.984241539256223,1.984207060998928,-3.447825729474552e-05,1.992215832891196,1.9921827672561776,-3.306563501825899e-05,True,3c52c87a32a16c30d50618f28fdc4443f556f1196c93db862d1df031a07b1a85,0.000134785970052,-3.147378780337077,ACCEPTED
S1C_W0.790_r06,a8c3a0d454aba858f64f629adb7a243247d0ac7caf743299a93c6eef1f3bafc8,18392522625926627476,17181666016768037737,0.79,6,128,7,393216,4,da456df44aa88c060fb418016bf0c62dd598b8c563b0a3e458d8c52ca0693bed,0.7437874930245536,1.139614204762676,1.1426087605380664,0.0026276925672525,True,True,0.1892445882161458,0.9695539526599292,0.9694324396083184,0.7089325967433254,0.7086519410922049,0.0578656877790178,0.0577123732793898,0.0007705688476562,0.0001366109785166,0.0005009969075521,0.0001328506690657,0.0015044439406622,0.0006766829595773,1.795386889407136,1.7957025177191988,0.0003156283120626,1.852573692648792,1.8527335067949264,0.000159814146134,1.912301214042436,1.912298775791196,-2.4382512400222822e-06,1.9591404561159376,1.9591199513702016,-2.0504745736005248e-05,1.984241539256223,1.984193101163752,-4.843809247079278e-05,1.992215832891196,1.992176582822742,-3.925006845406642e-05,True,a96e8b992a7fd9f9a8bd6519d7efad265075dd7a965d0619509157f3bf654eeb,0.000104268391927,-3.2588707932181302,ACCEPTED
S1C_W0.790_r06,a8c3a0d454aba858f64f629adb7a243247d0ac7caf743299a93c6eef1f3bafc8,18392522625926627476,17181666016768037737,0.79,6,128,7,393216,8,b9d0473f3502d6767d16c1afd064403630f323924ea8a56da4037cb64799c1d5,0.7435724167596727,1.139614204762676,1.145182744310321,0.0048863374327671,True,True,0.1892445882161458,0.9695539526599292,0.969558689978952,0.7089325967433254,0.7093055921599517,0.0578656877790178,0.0579125540597098,0.0007335117885044,0.0001490642141632,0.0019752865745907,0.0005112502630976,0.0006895519438243,0.0003319208829374,1.795386889407136,1.7954343519278522,4.746252071607948e-05,1.852573692648792,1.8524913710721984,-8.232157659349149e-05,1.912301214042436,1.9121921791009049,-0.0001090349415306,1.9591404561159376,1.9591078558363224,-3.2600279615380146e-05,1.984241539256223,1.984188442622374,-5.309663384878149e-05,1.992215832891196,1.992175688819018,-4.014407217800553e-05,True,81bc4a4203f6a7de72b153603342a5cd82bf369f5ba00eb01667f5b164e4c3e7,5.594889322916666e-05,-3.5292319691156595,ACCEPTED
S1C_W0.790_r07,1f6c6e81bf97e9a06372da328961a524dc6bdb93f9f10e35576ca4894a7fe933,10075112737880425626,882632597237696698,0.79,7,128,7,393216,1,dfda8240c8972fa9e3af8b0f99cbe8ab25034ea03a9c45c826602dd5f55a970a,0.7442169189453125,1.136596598375303,1.135117665408786,0.001301194257163,True,True,0.1592483520507812,0.969531520039456,0.9693460155574126,0.7093292045992863,0.7089413011401432,0.0577883039202008,0.0575928460984003,0.0010601225353422,0.000260525982241,0.0010234287806919,0.0002300544757695,0.0010499500093006,0.0004811068591678,1.7954298068901684,1.795502533846888,7.272695671955987e-05,1.8527254591353368,1.85251561098549,-0.0002098481498464,1.9123252148616152,1.9121769973761853,-0.0001482174854299,1.9591467638273772,1.959068726958392,-7.803686898522066e-05,1.9842025417829547,1.9841952652457184,-7.276537236311498e-06,1.992182507585928,1.9921928622767164,1.0354690788583198e-05,True,7c90903fca8b09a7a3170e20cdbcafd90a51b04a9f4f8ed3c69b3a50e472691c,0.0006256103515625,-2.405771020726389,ACCEPTED
S1C_W0.790_r07,1f6c6e81bf97e9a06372da328961a524dc6bdb93f9f10e35576ca4894a7fe933,10075112737880425626,882632597237696698,0.79,7,128,7,393216,2,f4cffca015e0621bcade7b2e8cc55516abccb3703f32103dba422dc7849d3bc1,0.7442536126999628,1.136596598375303,1.1339318186315293,0.0023445255313828,True,True,0.1592483520507812,0.969531520039456,0.969292713882156,0.7093292045992863,0.7088944425719871,0.0577883039202008,0.057721455891927,0.0017903645833333,0.0002925146505069,0.0009613037109375,0.0003219550733384,0.0010884602864583,0.0005702044596355,1.7954298068901684,1.7951549956986337,-0.0002748111915347,1.8527254591353368,1.852254118080343,-0.0004713410549936,1.9123252148616152,1.9120557995578484,-0.0002694153037667,1.9591467638273772,1.9590851875843929,-6.157624298452902e-05,1.9842025417829547,1.9842096930288335,7.151245879022383e-06,1.992182507585928,1.9922095152745305,2.7007688602642688e-05,True,61b4bfc9f7ce82bb6b83a589277d3cb96662b41dbba91c1e88cb6ca995005a01,0.0001627604166666,-2.9905261538458814,ACCEPTED
S1C_W0.790_r07,1f6c6e81bf97e9a06372da328961a524dc6bdb93f9f10e35576ca4894a7fe933,10075112737880425626,882632597237696698,0.79,7,128,7,393216,4,d675e95a5b2b428ca41a78b4bd9f623478b59f7ef80709be42525b87b37abc62,0.7445260910760789,1.136596598375303,1.136362664741628,0.000205819403304,True,True,0.1592483520507812,0.969531520039456,0.969477774404206,0.7093292045992863,0.7093395584254726,0.0577883039202008,0.057951427641369,0.0013267880394345,0.0001391851299108,0.001080104282924,0.0001534428811854,0.0006724766322545,0.0002683561635412,1.7954298068901684,1.7951855388002005,-0.0002442680899679,1.8527254591353368,1.8523669173575137,-0.0003585417778229,1.9123252148616152,1.9121336396073196,-0.0001915752542958,1.9591467638273772,1.959104445519945,-4.231830743273157e-05,1.9842025417829547,1.984191460124147,-1.1081658807698958e-05,1.992182507585928,1.9921962907418784,1.3783155950353176e-05,True,7827190d7edc34b09e2128bda9e21e4a49f17d009e2f062089139d1466682a1a,9.409586588541668e-05,-3.228504403762773,ACCEPTED
S1C_W0.790_r07,1f6c6e81bf97e9a06372da328961a524dc6bdb93f9f10e35576ca4894a7fe933,10075112737880425626,882632597237696698,0.79,7,128,7,393216,8,fe9ff1877939c0eb0c1678e950491ec231365e96471a82ffd484b6fe8e1963f9,0.7436141967773438,1.136596598375303,1.1478237765710926,0.0098778917795796,True,True,0.1592483520507812,0.969531520039456,0.969258808013434,0.7093292045992863,0.7108456808423208,0.0577883039202008,0.0574791317894345,0.0017910911923363,0.0002227820435865,0.0017311459495907,0.0004854763165582,0.0019934517996652,0.0011754089852502,1.7954298068901684,1.79489191314201,-0.0005378937481583,1.8527254591353368,1.8522149628209896,-0.0005104963143469,1.9123252148616152,1.9120544556528207,-0.0002707592087944,1.9591467638273772,1.9590213393037397,-0.0001254245236379,1.9842025417829547,1.984150947906731,-5.159387622377665e-05,1.992182507585928,1.9922022268136843,1.971922775645396e-05,True,c72ff4f29400deb5b4005eefc63242fd493745874e2d9633d6fa3659514a13e7,6.866455078125e-05,-3.365342363670781,ACCEPTED
S1C_W0.790_r08,89e89a971d9be003487d8a1c3ec05eeb8eba90173b9c2e1dce7ce69d51a02789,4045559426312456630,9351229326151978282,0.79,8,128,7,393216,1,8538624cd88ef5a597e10bc85cc5a5b1a39e6684dc0ec4d1d3637c8efd2c671f,0.7437784104120164,1.1421597286651783,1.1413907132382004,0.0006732993710754,True,True,0.1948496500651041,0.9695871759586858,0.9693329814815418,0.7093582058741812,0.7096880677308646,0.0573428926013764,0.0569694155738467,0.0012915475027902,0.000122236525772,0.0005889165969121,0.0001765597103422,0.0006517682756695,0.0004080047170684,1.7955704211356776,1.7951372482082109,-0.0004331729274666,1.8527261843362133,1.852415767683406,-0.0003104166528073,1.9123391298742776,1.9121594170784224,-0.0001797127958553,1.9591661102202724,1.9590904829701667,-7.562725010568094e-05,1.984175553092379,1.984164458806921,-1.109428545809088e-05,1.992165651529767,1.9921657640914303,1.1256166354556285e-07,True,bfe381aa31d3a6db4a7e3dec224b830963a1ad7c3d967080a3a333aeddded24d,0.0006306966145833,-2.489879130351248,ACCEPTED
S1C_W0.790_r08,89e89a971d9be003487d8a1c3ec05eeb8eba90173b9c2e1dce7ce69d51a02789,4045559426312456630,9351229326151978282,0.79,8,128,7,393216,2,f5d3b3294db1ddeee05b5146119a2af228f1337715e440fb080829121a58bf12,0.7441333589099702,1.1421597286651783,1.1434274426852564,0.0011099270866077,True,True,0.1948496500651041,0.9695871759586858,0.969079758305683,0.7093582058741812,0.7095290708336723,0.0573428926013764,0.0573127383277529,0.001233418782552,0.0002417052335681,0.0017867315383184,0.0005449684708276,0.0008159819103422,0.0002209585195312,1.7955704211356776,1.7950824218605448,-0.0004879992751327,1.8527261843362133,1.8523790041258783,-0.0003471802103349,1.9123391298742776,1.912216342229376,-0.0001227876449019,1.9591661102202724,1.959151667933771,-1.4442286501381574e-05,1.984175553092379,1.984172671881528,-2.8812108507914047e-06,1.992165651529767,1.9921520478679229,-1.360366184433026e-05,True,b11ed5099fa35e929cb8eab858912e8348f7525e9fb2c939923f622033953ca4,0.0001602172851562,-3.084990261723883,ACCEPTED
S1C_W0.790_r08,89e89a971d9be003487d8a1c3ec05eeb8eba90173b9c2e1dce7ce69d51a02789,4045559426312456630,9351229326151978282,0.79,8,128,7,393216,4,ffdc791a14eb59a85612abc55a894e40fdc92dac3e949eb7e264acda81d08b2a,0.7443647838774181,1.1421597286651783,1.1249697031797137,0.0150504566515879,True,True,0.1948496500651041,0.9695871759586858,0.9694206561214944,0.7093582058741812,0.7085362204077592,0.0573428926013764,0.0578518822079613,0.0007760184151785,0.0001196518069249,0.0014546712239583,0.0002971246260145,0.0007048107328869,0.0006819519828059,1.7955704211356776,1.795445018168229,-0.0001254029674482,1.8527261843362133,1.8526142806814383,-0.0001119036547749,1.9123391298742776,1.9122691302246368,-6.999964964116145e-05,1.9591661102202724,1.959147420242361,-1.8689977910879563e-05,1.984175553092379,1.984188534028013,1.2980935633954973e-05,1.992165651529767,1.992172599427128,6.947897360776167e-06,True,c11bab084cf180c8ff2a295b0ec58d1037648f3ad0338f439a31f0c11e6cb75a,9.663899739583332e-05,-3.3045472145606545,ACCEPTED
S1C_W0.790_r08,89e89a971d9be003487d8a1c3ec05eeb8eba90173b9c2e1dce7ce69d51a02789,4045559426312456630,9351229326151978282,0.79,8,128,7,393216,8,4337c8091e529d9c685ac574c1749eae9663bbb0f63a3b9e1fe121253723f57f,0.7442118326822917,1.1421597286651783,1.1296463828164909,0.0109558632953306,True,True,0.1948496500651041,0.9695871759586858,0.9694268145206908,0.7093582058741812,0.7092174224188273,0.0573428926013764,0.05755615234375,0.000530787876674,8.485156140127851e-05,0.003905523390997,0.0012401734509156,0.0006710234142485,0.0005586661119955,1.7955704211356776,1.7956864443209497,0.0001160231852721,1.8527261843362133,1.8526296342631048,-9.655007310893636e-05,1.9123391298742776,1.9123237778948876,-1.5351979390398895e-05,1.9591661102202724,1.9591914479735908,2.5337753318366296e-05,1.984175553092379,1.9842092509148972,3.3697822518385934e-05,1.992165651529767,1.9921811583516416,1.5506821874566867e-05,True,e85189087e352662cde248a3491cb51db181d161238e99976cd2bdfe056aacc1,8.646647135416667e-05,-3.352851894135209,ACCEPTED
S1C_W0.790_r09,4b6e8890e5aed1442a53a6e9fb0947cb3f59a59756c1870ab4dd7cf552352a08,11877919894818629711,2014691400867905938,0.79,9,128,7,393216,1,b883edac24541698c312611b50cf59c4dfbe39b0c144480519950afeaa2f927a,0.7436752319335938,1.1442641887659128,1.1421332197764258,0.0018623050606742,True,True,0.1401392618815104,0.969529716713702,0.9697148352408472,0.709564524838483,0.7094841301231757,0.0574707757859003,0.0576346261160714,0.0011553083147322,0.0001022369850191,0.0015872773670014,0.000358861579338,0.0003941853841145,0.0002195099158394,1.7953786177453122,1.7953633442725194,-1.5273472792731724e-05,1.8525647921570607,1.852701446154326,0.0001366539972653,1.9122105392741495,1.9123504874949209,0.0001399482207711,1.9591149931867635,1.959294861090458,0.0001798679036946,1.9841815945275536,1.9842579865898695,7.639206231613294e-05,1.9921637111539416,1.992200315095255,3.6603941313329e-05,True,0e23ba882f3bf679a18167ee69e0eef3773d956992d32f03f400171d2e1817f6,0.0005060831705729,-2.442337930316694,ACCEPTED
S1C_W0.790_r09,4b6e8890e5aed1442a53a6e9fb0947cb3f59a59756c1870ab4dd7cf552352a08,11877919894818629711,2014691400867905938,0.79,9,128,7,393216,2,5ecddd37e9528633d693f282efd6a19add649e56bcb953fbf3ee82827b0348c5,0.743773687453497,1.1442641887659128,1.1464524936355307,0.0019124122655432,True,True,0.1401392618815104,0.969529716713702,0.9696523817714948,0.709564524838483,0.709646139684199,0.0574707757859003,0.0576520647321428,0.000929696219308,0.0001706711813065,0.002882094610305,0.0006830222922102,0.0009692964099702,0.0003484351219854,1.7953786177453122,1.7952535226769064,-0.0001250950684057,1.8525647921570607,1.8526348338728915,7.004171583058216e-05,1.9122105392741495,1.9123434555706893,0.0001329162965397,1.9591149931867635,1.959252712687594,0.0001377195008307,1.9841815945275536,1.984251210717139,6.961618958545301e-05,1.9921637111539416,1.9922261897911904,6.247863724895275e-05,True,0f551aa00a4537764223b6a87cde47490327d3044eda7896f1e6de1810684b58,0.0001983642578125,-2.84909640403592,ACCEPTED
S1C_W0.790_r09,4b6e8890e5aed1442a53a6e9fb0947cb3f59a59756c1870ab4dd7cf552352a08,11877919894818629711,2014691400867905938,0.79,9,128,7,393216,4,4b4c888839414c8f8147bcc8db9448135116c950cf2140428f82d36bcbb21b53,0.7434837704613095,1.1442641887659128,1.1552359029354244,0.0095884449388777,True,True,0.1401392618815104,0.969529716713702,0.9695075520601844,0.709564524838483,0.7106596910529622,0.0574707757859003,0.0576091948009672,0.0005881899879092,0.0001770626391883,0.0027632940383184,0.0007054144078172,0.0025325956798735,0.0011113527448311,1.7953786177453122,1.7952998318759377,-7.878586937448695e-05,1.8525647921570607,1.85262099122792,5.619907085896436e-05,1.9122105392741495,1.91226564931135,5.511003720037877e-05,1.9591149931867635,1.959181531097837,6.653791107424922e-05,1.9841815945275536,1.9841859196651384,4.325137584748617e-06,1.9921637111539416,1.992189128730053,2.541757611140838e-05,True,ad14ba02cc3a48eced03523ec228a2c6363879c657017c194d8c07605ecb9de3,0.0001246134440104,-3.050994926697887,ACCEPTED
S1C_W0.790_r09,4b6e8890e5aed1442a53a6e9fb0947cb3f59a59756c1870ab4dd7cf552352a08,11877919894818629711,2014691400867905938,0.79,9,128,7,393216,8,ee3f77e1447b7447c324c88aa8643bd864e2437477b287270f4ab0fc09159511,0.7434042067754836,1.1442641887659128,1.157485725435789,0.011554618941746,True,True,0.1401392618815104,0.969529716713702,0.9694558559709316,0.709564524838483,0.712363732265336,0.0574707757859003,0.0572887602306547,0.0006811959402901,0.0002524912401898,0.002655029296875,0.0005797206468942,0.0045035226004463,0.0024949866274722,1.7953786177453122,1.7952456560365917,-0.0001329617087206,1.8525647921570607,1.8525637488195417,-1.0433375190466163e-06,1.9122105392741495,1.912194736635704,-1.5802638445583383e-05,1.9591149931867635,1.959144645246692,2.96520599283312e-05,1.9841815945275536,1.9841745258266112,-7.068700942358674e-06,1.9921637111539416,1.9921766154877172,1.2904333775765052e-05,True,2e7609e19e1304a859bbff7f779db433dbbe24c3e88f3f2c64ea7647418eb459,5.340576171875e-05,-3.4189717119924814,ACCEPTED
S1C_W0.790_r10,a289eec9796abce64bf442422081fb8337784597b162220d1d8a83a6a3282661,12590900716292596139,2117280375500507789,0.79,10,128,7,393216,1,b31d4339189990c9a1f2e52ed854d6161078b43669beadce47041ca0a4dda4f3,0.7438626970563615,1.1415645549474602,1.143432076922427,0.0016359319907694,True,True,0.188140869140625,0.9696586764051064,0.969642513724608,0.7100255845855703,0.7097878493632799,0.0574373517717633,0.0572851271856398,0.0015171595982143,0.0002268585480232,0.0010266985212053,0.0002615942744489,0.0012141636439731,0.0004842637647925,1.795440943175353,1.795847848412817,0.000406905237464,1.8525678749129089,1.8529276723815813,0.0003597974686728,1.9122168727990188,1.9124904880822564,0.0002736152832376,1.9591442748806236,1.9593482330388543,0.0002039581582309,1.984201932698048,1.9842736474257612,7.1714727713168e-05,1.9921931302572615,1.9922332956161275,4.01653588655293e-05,True,631707902ab2b814424f3ad8c0669356bc707857226f81451e42a4da521a8da5,0.0005569458007812,-2.528670212139257,ACCEPTED
S1C_W0.790_r10,a289eec9796abce64bf442422081fb8337784597b162220d1d8a83a6a3282661,12590900716292596139,2117280375500507789,0.79,10,128,7,393216,2,462777ab8d2b5c472f4b13095455f2595bfdde5e8c68048bc30476a2bf5ba061,0.7433573404947917,1.1415645549474602,1.140448413026057,0.0009777300079666,True,True,0.188140869140625,0.9696586764051064,0.969680659539986,0.7100255845855703,0.7098466304900216,0.0574373517717633,0.0571768624441964,0.0010779244559151,0.000168287594821,0.0005587623232886,0.0001043214216208,0.0008138020833332,0.0004303543454539,1.795440943175353,1.7958001215073855,0.0003591783320324,1.8525678749129089,1.852801066517658,0.0002331916047493,1.9122168727990188,1.912401875896002,0.0001850030969832,1.9591442748806236,1.959308761874281,0.0001644869936576,1.984201932698048,1.9842821392553636,8.020655731511006e-05,1.9921931302572615,1.9922106017134555,1.7471456193574042e-05,True,e094424bc3410f3e047525c51b4e7eade2c183e8acbbfde55bf2908586102f9f,0.000152587890625,-3.0909630765957314,ACCEPTED
S1C_W0.790_r10,a289eec9796abce64bf442422081fb8337784597b162220d1d8a83a6a3282661,12590900716292596139,2117280375500507789,0.79,10,128,7,393216,4,f522c676d8d9ea48ff3aa4ddf93857f726db07924943de06c0e14c7872e0bd04,0.7435131981259301,1.1415645549474602,1.1436351004833334,0.001813778753816,True,True,0.188140869140625,0.9696586764051064,0.9699551547128752,0.7100255845855703,0.710094115576587,0.0574373517717633,0.0574249994187128,0.0011382330031622,0.0001614483286394,0.0013932727632068,0.00048654893597,0.000973656063988,0.0003826575479918,1.795440943175353,1.7957966954971525,0.0003557523217991,1.8525678749129089,1.852820005007052,0.0002521300941429,1.9122168727990188,1.9123407146201463,0.0001238418211275,1.9591442748806236,1.9592384827874207,9.420790679781632e-05,1.984201932698048,1.984258295751888,5.636305383949214e-05,1.9921931302572615,1.992189439455566,-3.6908016955994327e-06,True,24e7cde80488f1d3499fb2bf87d9fd56295fa8eb04c2a7485022a4b155361243,9.918212890625e-05,-3.278049719952876,ACCEPTED
S1C_W0.790_r10,a289eec9796abce64bf442422081fb8337784597b162220d1d8a83a6a3282661,12590900716292596139,2117280375500507789,0.79,10,128,7,393216,8,45e6b5b42567b48b6586f04b2f304630a938a045dcef87fa0273a29a3262789e,0.7429584321521577,1.1415645549474602,1.141541167429435,2.048724964696112e-05,True,True,0.188140869140625,0.9696586764051064,0.970181179012671,0.7100255845855703,0.7107416026478429,0.0574373517717633,0.0575427100771949,0.0012167067754836,0.0004054795829055,0.0011066255115327,0.0003965991969561,0.002958025251116,0.0011059720659627,1.795440943175353,1.7958105278594485,0.0003695846840952,1.8525678749129089,1.8528377566039351,0.0002698816910264,1.9122168727990188,1.9123786099379505,0.0001617371389315,1.9591442748806236,1.9592596916582967,0.0001154167776737,1.984201932698048,1.9842708849037365,6.895220568803317e-05,1.9921931302572615,1.992197404044912,4.273787650221905e-06,True,e0415c087dc6e911310bb1501a0354a05620eea63a7448dee235a66847e72ae3,8.646647135416667e-05,-3.33763540993712,ACCEPTED
S1C_W0.790_r11,ee4508a963f4655416b558f0442081e02a849d7021bb6ff668eec9e61a412cab,1962789095212423922,8331814245213072405,0.79,11,128,7,393216,1,3bcabb810052c4f3122b980932c94bdc38a9a671447f1ab24614dbe8aaaa7552,0.7433991205124628,1.140747171760701,1.1416637078313805,0.0008034524155469,True,True,0.1876373291015625,0.9695189973496168,0.96954993956743,0.7095174143130969,0.7093249917349,0.0572440737769717,0.0575510660807291,0.0008138020833333,7.076662808931947e-05,0.0009474981398809,0.0001723195465258,0.0005885532924107,0.0003298745538975,1.795219916971709,1.7954961687262123,0.0002762517545036,1.8525453645051149,1.8526547315312896,0.0001093670261747,1.912237878796916,1.9122604823462448,2.2603549328703565e-05,1.959140566247759,1.959196189854364,5.562360660471555e-05,1.984203024981143,1.984228123352724,2.509837158082284e-05,1.9921729086048243,1.992183993762832,1.1085158007517748e-05,True,e4b003d787b9664aa215f68ed65bf49feb74fff150f6d20b16be623333d74341,0.0008188883463541,-2.360094551723977,ACCEPTED
S1C_W0.790_r11,ee4508a963f4655416b558f0442081e02a849d7021bb6ff668eec9e61a412cab,1962789095212423922,8331814245213072405,0.79,11,128,7,393216,2,3251395ee15bdd65928b3687f30ed1ecdf918de13c359256bf797b342dfa9f85,0.7437504359654018,1.140747171760701,1.1424651412328526,0.0015060037093933,True,True,0.1876373291015625,0.9695189973496168,0.96902922713831,0.7095174143130969,0.709570937128026,0.0572440737769717,0.057431902204241,0.000777108328683,0.0002878856944336,0.0007073538643973,0.0002849346913771,0.00089845203218,0.0003815001138171,1.795219916971709,1.795148126335781,-7.179063592799295e-05,1.8525453645051149,1.8524205785827668,-0.0001247859223481,1.912237878796916,1.9121885432398384,-4.933555707742343e-05,1.959140566247759,1.9591340963870216,-6.469860737157163e-06,1.984203024981143,1.9841824791182616,-2.0545862881471425e-05,1.9921729086048243,1.992151792414724,-2.1116190100478605e-05,True,2ed34069f760d381b1407e464074a1901f04c23de87f65c57a715deed5169907,0.0001907348632812,-2.992889160028108,ACCEPTED
S1C_W0.790_r11,ee4508a963f4655416b558f0442081e02a849d7021bb6ff668eec9e61a412cab,1962789095212423922,8331814245213072405,0.79,11,128,7,393216,4,8b1dec5c47d3a2aaf7b8b81c9c1503e14b29dfe5707df34bfa239431d6663637,0.7428970336914062,1.140747171760701,1.126833715888238,0.012196791906999,True,True,0.1876373291015625,0.9695189973496168,0.9685790958461052,0.7095174143130969,0.7091690618941353,0.0572440737769717,0.0575220017206101,0.0020697457449776,0.0006194287693178,0.0018216087704613,0.0006832362053974,0.0012617565336681,0.0007205441443235,1.795219916971709,1.7941954948655654,-0.0010244221061435,1.8525453645051149,1.8520521084569408,-0.0004932560481742,1.912237878796916,1.9119911644940693,-0.0002467143028463,1.959140566247759,1.9590040723009596,-0.0001364939467995,1.984203024981143,1.9841506781314424,-5.2346849700457554e-05,1.9921729086048243,1.992142117971328,-3.079063349664679e-05,True,9f2e9602bb5ea56670a1e8a368effa1eacfa467a4e6a3a0ba6b64c26f077ca5d,0.0001017252604166,-3.2658904320918456,ACCEPTED
S1C_W0.790_r11,ee4508a963f4655416b558f0442081e02a849d7021bb6ff668eec9e61a412cab,1962789095212423922,8331814245213072405,0.79,11,128,7,393216,8,722311032c0d59a3721e9a83536414609ed88108b652ca4babc3be94d04854a9,0.7438350859142485,1.140747171760701,1.1256046275428169,0.0132742334083652,True,True,0.1876373291015625,0.9695189973496168,0.9686202122656062,0.7095174143130969,0.7088292900551053,0.0572440737769717,0.0578191848028273,0.0021137055896577,0.0004947867826167,0.0025068010602679,0.0007692946940913,0.0021663847423735,0.0009208930544221,1.795219916971709,1.7942595753281558,-0.000960341643553,1.8525453645051149,1.852109257071436,-0.0004361074336791,1.912237878796916,1.9120668815179007,-0.0001709972790147,1.959140566247759,1.959090730376042,-4.983587171691895e-05,1.984203024981143,1.9842246381231596,2.161314201631903e-05,1.9921729086048243,1.992173730348846,8.217440217173078e-07,True,328b9952608079e73fb2d75b594f8248dcb19e9c91d054e46b4861b28ee0914f,7.883707682291667e-05,-3.376588729585535,ACCEPTED
S1C_W0.790_r12,b96ed0437984aa833255048e146393c5da35285c4a8467549b61d9810e759cec,14510932720716503721,3241278375788733931,0.79,12,128,7,393216,1,2587f1d3fd37658d4f93c5414b79a4b7fb31653bfcc7ccee18f7b425e51cabb1,0.7442594255719865,1.1331976129381918,1.1352250409989617,0.0017891213656135,True,True,0.3728179931640625,0.9695656054494964,0.9698681302307806,0.7089733656944297,0.7089174113721137,0.0575147356305803,0.0576513381231398,0.0011153448195684,0.0001506575041799,0.0009820120675223,0.000265657442162,0.0005344209216889,0.0001818106775198,1.7954999264840965,1.7960386063902176,0.0005386799061211,1.8526307394779544,1.852841098571656,0.0002103590937014,1.9122936893522349,1.9123481305399737,5.4441187738785146e-05,1.9591403658435425,1.9592229289814316,8.25631378891245e-05,1.984165431665179,1.9842003707138665,3.493904868756559e-05,1.9921904503213488,1.9922074205544535,1.69702331049848e-05,True,b49e324a8c0e6d5a900f557f9157dcee6ae09c477a53c6ec33cb9ad8ee5c9631,0.000701904296875,-2.7252189633088637,ACCEPTED
S1C_W0.790_r12,b96ed0437984aa833255048e146393c5da35285c4a8467549b61d9810e759cec,14510932720716503721,3241278375788733931,0.79,12,128,7,393216,2,d5576fcba79490db36f9abd3e88e9350b2036a39451bf87fb1d14a9c084d3d40,0.7441126505533855,1.1331976129381918,1.1441762070280914,0.009688154973636,True,True,0.3728179931640625,0.9695656054494964,0.9698032728659732,0.7089733656944297,0.7091210874747143,0.0575147356305803,0.0574675060453869,0.0006303333100818,0.0001431651678144,0.0013631184895833,0.0003631027002006,0.0006648472377233,0.00054598834735,1.7954999264840965,1.795722664012579,0.0002227375284824,1.8526307394779544,1.8526815126502052,5.077317225077316e-05,1.9122936893522349,1.9123013120489905,7.622696755582581e-06,1.9591403658435425,1.9592072588544085,6.689301086626465e-05,1.984165431665179,1.9842203903735425,5.495870836336181e-05,1.9921904503213488,1.99220396660638,1.3516285031434094e-05,True,e8767e3386925bf8a65adc78acd715cd8dfcdfb96e0518a79a124692b4300269,0.0005950927734375,-2.796912187963938,ACCEPTED
S1C_W0.790_r12,b96ed0437984aa833255048e146393c5da35285c4a8467549b61d9810e759cec,14510932720716503721,3241278375788733931,0.79,12,128,7,393216,4,aaeb79020b29f20aeb4be82d8d3ebdee37b12ec58491cef68c01f3e5874dff00,0.7433304559616816,1.1331976129381918,1.1507779142748555,0.0155138884303515,True,True,0.3728179931640625,0.9695656054494964,0.9700237387859733,0.7089733656944297,0.7093801857475129,0.0575147356305803,0.0576451619466145,0.0012781052362351,0.0002925281228361,0.0024523053850446,0.0007908104638145,0.0013071695963541,0.0007184846003309,1.7954999264840965,1.7961496215801596,0.000649695096063,1.8526307394779544,1.8529060803156243,0.0002753408376698,1.9122936893522349,1.912365225180076,7.153582784136248e-05,1.9591403658435425,1.9592654047287683,0.0001250388852263,1.984165431665179,1.9842589673393387,9.3535674159817e-05,1.9921904503213488,1.9922423599961148,5.190967476598196e-05,True,b20d4b7765fe3f612434bf892d693c07c6abb5810c312fb2d3285aa60e3b2cd3,0.0001169840494791,-3.5033702136925067,ACCEPTED
S1C_W0.790_r12,b96ed0437984aa833255048e146393c5da35285c4a8467549b61d9810e759cec,14510932720716503721,3241278375788733931,0.79,12,128,7,393216,8,887abb647ad157ce8233ce9801f7c9191fd72f18568aca45b742ebf5058f8d75,0.7441773187546503,1.1331976129381918,1.1728456881705025,0.0349877856956563,True,True,0.3728179931640625,0.9695656054494964,0.9702689435500204,0.7089733656944297,0.7098239529734132,0.0575147356305803,0.0576451619466145,0.0020515805199032,0.0005752662056132,0.0041478474934896,0.0014354386491704,0.0014009021577381,0.0013003147665255,1.7954999264840965,1.796510282040865,0.0010103555567684,1.8526307394779544,1.853111584668838,0.0004808451908833,1.9122936893522349,1.9125508358104564,0.0002571464582215,1.9591403658435425,1.9593385057763,0.0001981399327575,1.984165431665179,1.9842825752567308,0.0001171435915519,1.9921904503213488,1.9922500712383155,5.962091696654071e-05,False,c684fa67ab3fb6f2c34d9bcccf93779e4a7935d451b461051cddcc7d94ac0fae,,,NO_ACCEPTED_INTERVENTION_UNDER_COMMON_FIDELITY_GATE
S1C_W0.790_r13,13f2ebfd2686e87ddccb154edfe45e110ed5970d04363e7b46c404cec7d71966,6160150824468491629,3559034236000207361,0.79,13,128,7,393216,1,fa75e8998e4c6fb196fbb7b10baebc67ed57450a7167a924b60a768c56acd5af,0.7445475260416667,1.13652936640079,1.136293783940502,0.0002072823344935,True,True,0.2171961466471354,0.9695353691304566,0.969581544377392,0.7091403211635012,0.7091165860252245,0.05804443359375,0.0577403477260044,0.0003556751069568,3.17480786244528e-05,0.0006968180338541,9.762325338263417e-05,0.0004784720284598,0.0002500366524607,1.7953279760664689,1.7953593669131722,3.139084670333858e-05,1.852543533469442,1.852522426046086,-2.1107423356037103e-05,1.912181726718091,1.9121864276093212,4.700891230502435e-06,1.959092521765868,1.9590887080618649,-3.813704003263752e-06,1.9842211942190813,1.9841976397858585,-2.355443322299422e-05,1.9921762734243404,1.9921770633804168,7.899560761082114e-07,True,a40fc20ec5c24f8c73212264604bba920989f46c314e62a6a83b6cd8d747bf97,0.0008595784505208,-2.4025665967444216,ACCEPTED
S1C_W0.790_r13,13f2ebfd2686e87ddccb154edfe45e110ed5970d04363e7b46c404cec7d71966,6160150824468491629,3559034236000207361,0.79,13,128,7,393216,2,3472e601f3ee9078252c6b28d59115db14e4cf026afd037c7e81a25312b4ef02,0.743451436360677,1.13652936640079,1.137192420415282,0.0005834024479205,True,True,0.2171961466471354,0.9695353691304566,0.969348436437767,0.7091403211635012,0.7088725304022212,0.05804443359375,0.0577309018089657,0.0009998139880952,0.0001938648219549,0.001750764392671,0.0004032400095718,0.0010285150437128,0.0006358908926868,1.7953279760664689,1.7950386334527495,-0.0002893426137193,1.852543533469442,1.85234279036512,-0.0002007431043222,1.912181726718091,1.9120703912856527,-0.0001113354324377,1.959092521765868,1.9590138980760612,-7.86236898064896e-05,1.9842211942190813,1.9841364269926305,-8.476722645123225e-05,1.9921762734243404,1.9921542020340568,-2.207139028320704e-05,True,a5d7be0d3aabb02c72a56ffd787ced3aaa7296d13dd91fc05ba9afdc0326ad3a,0.0001780192057291,-3.08638525700782,ACCEPTED
S1C_W0.790_r13,13f2ebfd2686e87ddccb154edfe45e110ed5970d04363e7b46c404cec7d71966,6160150824468491629,3559034236000207361,0.79,13,128,7,393216,4,f709685dd63773b46268308530ab388ba07ffd6c40df720712e5e351313da503,0.7436610630580357,1.13652936640079,1.1386533227065714,0.0018688089974371,True,True,0.2171961466471354,0.9695353691304566,0.9696645870199694,0.7091403211635012,0.7082341141964579,0.05804443359375,0.0581479753766741,0.0007727486746652,0.0001210952376941,0.0016475859142485,0.0004330412233303,0.0021685645693824,0.0012452189815328,1.7953279760664689,1.7951681332295828,-0.000159842836886,1.852543533469442,1.8523750009645703,-0.0001685325048714,1.912181726718091,1.912059765911985,-0.000121960806106,1.959092521765868,1.959012878599828,-7.964316603992216e-05,1.9842211942190813,1.9841484168883623,-7.277733071919812e-05,1.9921762734243404,1.9921734557294883,-2.817694852108588e-06,True,57d4f9b5a14bd4981a269a0bc4a054c6e0eb334be1c4e23164de79c48806d621,0.000104268391927,-3.318699440302341,ACCEPTED
S1C_W0.790_r13,13f2ebfd2686e87ddccb154edfe45e110ed5970d04363e7b46c404cec7d71966,6160150824468491629,3559034236000207361,0.79,13,128,7,393216,8,d81d0c8a6244292ea04ebe6eb52c5cd1ec66a7707b64255154dd205de503660f,0.7446238199869792,1.13652936640079,1.1423424421244972,0.0051147606877209,True,True,0.2171961466471354,0.9695353691304566,0.96900006120996,0.7091403211635012,0.7090518050806843,0.05804443359375,0.0578402564639136,0.00146484375,0.0003029320883412,0.0014252435593377,0.0004402903032743,0.0018107096354166,0.0009599000062208,1.7953279760664689,1.7947209426215087,-0.0006070334449601,1.852543533469442,1.852197730230697,-0.0003458032387453,1.912181726718091,1.9119677551760383,-0.0002139715420526,1.959092521765868,1.9589531723291045,-0.0001393494367634,1.9842211942190813,1.9841361009674112,-8.509325167027626e-05,1.9921762734243404,1.992128460040498,-4.781338384240996e-05,True,e342b5b2e121fc4d9311f1e65147b1fdea7a7534fc068aec938f70bf15f004c5,6.357828776041667e-05,-3.533543288350039,ACCEPTED
S1C_W0.790_r14,e8c569af23e050d8a30d08b79ae77a59a4897ab7b85c80ebfc5c7a8f4460905c,10714398994419119567,2123816966686241028,0.79,14,128,7,393216,1,13d15eabbdeadd57573f4506af5703c25048d2b692be0f46e5dd508968bfc965,0.7428701491582961,1.1423979842207297,1.1443172669574526,0.0016800473768623,True,True,0.108612060546875,0.9695245357461344,0.9698515563902158,0.7101379711957735,0.7103977265167265,0.0572858537946428,0.0573061988467261,0.0008337838309151,0.0002228991580357,0.0009097144717261,0.000210876463665,0.001113528297061,0.0004327598843304,1.7955054567337962,1.7956686055296949,0.0001631487958986,1.8525450986925172,1.8526688253154715,0.0001237266229539,1.9122456121394031,1.912336272116624,9.065997722057516e-05,1.9590827648478064,1.9591934410951928,0.0001106762473859,1.9842184081247731,1.9842177490561368,-6.590686367768939e-07,1.9921756640831132,1.9921809317316816,5.267648568452188e-06,True,04c9f0cb21329d22f5893e050c102d787aab0656e78933ebf67c7948ca0f4400,0.000653584798177,-2.220576110720176,ACCEPTED
S1C_W0.790_r14,e8c569af23e050d8a30d08b79ae77a59a4897ab7b85c80ebfc5c7a8f4460905c,10714398994419119567,2123816966686241028,0.79,14,128,7,393216,2,1a80638c59e73c673430afc5924c366ce327174da3577780d5a5331d5e8cef78,0.743059794108073,1.1423979842207297,1.1464361899930235,0.0035348502256404,True,True,0.108612060546875,0.9695245357461344,0.9698293705923648,0.7101379711957735,0.7107103785528815,0.0572858537946428,0.0573167346772693,0.0008748372395833,0.0002275617325376,0.0008316040039062,0.0002366854656671,0.0013849167596726,0.0006752733911739,1.7955054567337962,1.7957490376566756,0.0002435809228793,1.8525450986925172,1.8526565792652565,0.0001114805727389,1.9122456121394031,1.912258343001612,1.273086220865416e-05,1.9590827648478064,1.9590701795340435,-1.258531376335803e-05,1.9842184081247731,1.9841837716082973,-3.463651647606092e-05,1.9921756640831132,1.9921549383485164,-2.072573459699356e-05,True,63d2b0714da200bccb4ccb01e1ff06e910be2c6f67775a116a3a57413a9ddde5,0.0002009073893229,-2.7328821427610293,ACCEPTED
S1C_W0.790_r14,e8c569af23e050d8a30d08b79ae77a59a4897ab7b85c80ebfc5c7a8f4460905c,10714398994419119567,2123816966686241028,0.79,14,128,7,393216,4,e25fac86c66b314f60bad876de960ad4280c92f9ade1012cb5a5ae1300dc0ab1,0.7437933058965773,1.1423979842207297,1.1318116756069232,0.0092667430790573,True,True,0.108612060546875,0.9695245357461344,0.9698143178856098,0.7101379711957735,0.7094099156418303,0.0572858537946428,0.0572280883789062,0.000761486235119,0.0001333468844519,0.0007640293666294,0.0002110312701822,0.0006078084309895,0.0004581086977284,1.7955054567337962,1.7957405523829637,0.0002350956491674,1.8525450986925172,1.8526435817649185,9.848307240090116e-05,1.9122456121394031,1.9122100900116197,-3.552212778368258e-05,1.9590827648478064,1.9591001913570767,1.742650927050171e-05,1.9842184081247731,1.9842156228302268,-2.7852945465589585e-06,1.9921756640831132,1.9921875978189667,1.193373585328672e-05,True,c9cfcd99d6a68047ad540638fe22c8d2339ac9beb367c91da01ca1379497289f,9.663899739583332e-05,-3.0507256374346605,ACCEPTED
S1C_W0.790_r14,e8c569af23e050d8a30d08b79ae77a59a4897ab7b85c80ebfc5c7a8f4460905c,10714398994419119567,2123816966686241028,0.79,14,128,7,393216,8,9d23a65541934daff89ab868115c9cbe378f2d792b5dce780b62d0c59b8bff4a,0.7435760498046875,1.1423979842207297,1.1387446573883937,0.0031979457971717,True,True,0.108612060546875,0.9695245357461344,0.969438042983735,0.7101379711957735,0.7101110917597596,0.0572858537946428,0.0570435296921503,0.001356215704055,0.0001710497037866,0.0019349597749255,0.0006662148878912,0.0010339646112351,0.0003560705585361,1.7955054567337962,1.7952069794072747,-0.0002984773265215,1.8525450986925172,1.8522785244907083,-0.000266574201809,1.9122456121394031,1.912003197506065,-0.0002424146333381,1.9590827648478064,1.9590310931078725,-5.167173993436691e-05,1.9842184081247731,1.984166206326128,-5.22017986457346e-05,1.9921756640831132,1.9921422589111413,-3.34051719721451e-05,True,880405e7575c30983ba31c17fa26e1d919d1faec7144a4d1738834e143a057ce,8.392333984375e-05,-3.111995294173583,ACCEPTED
S1C_W0.790_r15,9defb3ea47f84ab5b371ab957ebe07731e6c99cb7b213e2d892ac90946856599,3525784381421185546,9728774493767030428,0.79,15,128,7,393216,1,20b58fb894e19befab8c2c6db100604116069cabddbd51c24d62916563e07026,0.743667239234561,1.1424657515608443,1.1366082821754828,0.0051270415567022,True,True,0.2302474975585937,0.9695121949523252,0.9694075731706394,0.7100069625944082,0.7097136357689394,0.0572774977911086,0.0574297223772321,0.0009231567382812,0.0001010341742258,0.0011324201311384,0.0002487286711037,0.0005976359049479,0.00030438868343,1.7953086026556446,1.794886089442128,-0.0004225132135164,1.8524181393380144,1.852239753068942,-0.0001783862690722,1.912113117440908,1.9120993276752225,-1.3789765685334744e-05,1.9590438915805533,1.959056079221714,1.2187641160732454e-05,1.9841975740574171,1.98417747517517,-2.0098882247410188e-05,1.9921673923369172,1.9921644364594684,-2.955877449029032e-06,True,d072694464ead71f36c46bf2f2374f85f5582e3593eff0969f35d017dcec820b,0.0007858276367187,-2.4668676203541096,ACCEPTED
S1C_W0.790_r15,9defb3ea47f84ab5b371ab957ebe07731e6c99cb7b213e2d892ac90946856599,3525784381421185546,9728774493767030428,0.79,15,128,7,393216,2,8ba5d22cac4afe1e61992def354eba9155eb5f2f63f15d70508334d5ef35441f,0.7434735979352678,1.1424657515608443,1.1460053471399618,0.0030982071666321,True,True,0.2302474975585937,0.9695121949523252,0.9692423046273636,0.7100069625944082,0.7099618596561006,0.0572774977911086,0.0571761358351934,0.0010986328125,0.0001420295096756,0.0011563982282366,0.0002963832909064,0.0006612141927083,0.00035725589062,1.7953086026556446,1.7947289530159047,-0.0005796496397398,1.8524181393380144,1.852202254361326,-0.0002158849766882,1.912113117440908,1.9121101081710403,-3.0092698672934404e-06,1.9590438915805533,1.9590469686703524,3.0770897991860835e-06,1.9841975740574171,1.984165754499212,-3.1819558205636866e-05,1.9921673923369172,1.992133602053964,-3.379028295324993e-05,True,7fc14fc5a58b1565c53b5a9edb091779beeeb17484ecad52ca9f0740cc5d936b,0.0002390543619791,-2.9836982461792454,ACCEPTED
S1C_W0.790_r15,9defb3ea47f84ab5b371ab957ebe07731e6c99cb7b213e2d892ac90946856599,3525784381421185546,9728774493767030428,0.79,15,128,7,393216,4,619e5ee5ac817ec11984ac47ec3b9d9940e8b6295064d4ce3c647b190adf70e2,0.7437555222284227,1.1424657515608443,1.1401146762837795,0.0020578956295648,True,True,0.2302474975585937,0.9695121949523252,0.9695983342753858,0.7100069625944082,0.7093964604571128,0.0572774977911086,0.0575016566685267,0.0009206136067708,0.0002352305061087,0.0025652930850074,0.0008256340866213,0.0009932745070684,0.0005736246578668,1.7953086026556446,1.795558848098502,0.0002502454428574,1.8524181393380144,1.8525902391397444,0.00017209980173,1.912113117440908,1.912261759726332,0.0001486422854242,1.9590438915805533,1.9591199021354089,7.601055485562114e-05,1.9841975740574171,1.9841861353003305,-1.1438757087089968e-05,1.9921673923369172,1.9921598548290247,-7.537507892729778e-06,True,0ec6555e7227fd4a12def2a8e8a69a81679fddfd8a359fb6ba4bc06e0b2e37f1,8.900960286458333e-05,-3.4127580554286685,ACCEPTED
S1C_W0.790_r15,9defb3ea47f84ab5b371ab957ebe07731e6c99cb7b213e2d892ac90946856599,3525784381421185546,9728774493767030428,0.79,15,128,7,393216,8,87b27a87cf0d876b5a9115b3648da4ddb4a4ae3dab4bf179f3c838ebb42ad1c4,0.744335719517299,1.1424657515608443,1.1446460201241004,0.0019083885536852,True,True,0.2302474975585937,0.9695121949523252,0.9698035048350028,0.7100069625944082,0.7100004569369769,0.0572774977911086,0.0574442545572916,0.0016112554640996,0.0001956987503747,0.0039436703636531,0.0012519838705409,0.000533694312686,0.0002205350548731,1.7953086026556446,1.7959197665392066,0.0006111638835619,1.8524181393380144,1.85287761185068,0.0004594725126658,1.912113117440908,1.9123535144837296,0.0002403970428219,1.9590438915805533,1.9591777862512765,0.0001338946707232,1.9841975740574171,1.9842168475186448,1.927346122743145e-05,1.9921673923369172,1.9921761726690503,8.78033213291829e-06,True,42ea2c33d6eceeffe36fc4804e9b556fd2c9248c7d73716c7eaa6874ae5729e4,5.340576171875e-05,-3.6346068050450246,ACCEPTED
S1C_W0.800_r00,719b675b7b2b31f2c58d9ebe796d55d1b5f44e56bf57d962275c5e7399613e0a,7655837767034734158,934042189007205845,0.8,0,128,7,393216,1,715690b2f3289a4d602068f7c1cc52474e3ed21b3d591e5c28c6f7f9271d76fa,0.748092288062686,1.1058251824874985,1.1041810733477302,0.0014867712960467,True,True,0.5355148315429688,0.969533073841963,0.9693251637364212,0.7034542368911224,0.7039760354345904,0.06022462390718,0.0602242606026785,0.0011385963076636,0.000176786817304,0.0018666585286458,0.0005789428544436,0.0010953630719865,0.0006635677566266,1.7953001977507477,1.7948348685949695,-0.0004653291557781,1.8525710234606405,1.8523048117332288,-0.0002662117274114,1.9122538405680545,1.912114927763189,-0.0001389128048654,1.9591952667894816,1.9591172685348683,-7.799825461329846e-05,1.9842261078333856,1.9842034237223896,-2.268411099626277e-05,1.9922008770474875,1.9921908509779067,-1.0026069580559849e-05,True,afb438440c8fabd805168a1c00fc970df993c7599dff876bde3c4b456289aef6,0.0010859171549479,-2.692974809475255,ACCEPTED
S1C_W0.800_r00,719b675b7b2b31f2c58d9ebe796d55d1b5f44e56bf57d962275c5e7399613e0a,7655837767034734158,934042189007205845,0.8,0,128,7,393216,2,f1493a673ba50ec628d98d5f6232c2f45884f6b9995dfca3220b56f981c087e1,0.7476486932663691,1.1058251824874985,1.0934709229160609,0.0111719824860988,True,True,0.5355148315429688,0.969533073841963,0.9690093239694628,0.7034542368911224,0.7036769623050416,0.06022462390718,0.060057867140997,0.0013293311709449,0.0003859524346537,0.0016653878348213,0.0004392630727068,0.000823248000372,0.0008201287483723,1.7953001977507477,1.7946802712331664,-0.0006199265175812,1.8525710234606405,1.852312057699029,-0.0002589657616112,1.9122538405680545,1.9121784701299969,-7.537043805783128e-05,1.9591952667894816,1.9591352649817704,-6.000180771104091e-05,1.9842261078333856,1.9841886781564928,-3.742967689301935e-05,1.9922008770474875,1.9921751546525075,-2.5722394979776908e-05,True,d2d125e1797d0781dd3e7032cafceaf6f6246ad5244e48d4232d8231250bc93d,0.0002365112304687,-3.354919735946344,ACCEPTED
S1C_W0.800_r00,719b675b7b2b31f2c58d9ebe796d55d1b5f44e56bf57d962275c5e7399613e0a,7655837767034734158,934042189007205845,0.8,0,128,7,393216,4,cf2d6905b94b1265f3b2eef93442ec373a0349d762be7b86a5be2a9011044919,0.7468886602492559,1.1058251824874985,1.1053876132218488,0.0003956947920694,True,True,0.5355148315429688,0.969533073841963,0.9681738428219308,0.7034542368911224,0.7048968606252262,0.06022462390718,0.0597403390066964,0.0029315040225074,0.0010420594149512,0.0023400442940848,0.0007978005428887,0.0022219703311012,0.0013439145330063,1.7953001977507477,1.793957196034092,-0.0013430017166558,1.8525710234606405,1.8519232740222664,-0.0006477494383738,1.9122538405680545,1.9118654893952447,-0.0003883511728097,1.9591952667894816,1.9590071738205093,-0.0001880929689723,1.9842261078333856,1.984137159331952,-8.894850143392752e-05,1.9922008770474875,1.9921480192745435,-5.285777294372629e-05,True,9f2876934cfdf071d9b74163cb014d50e428667c6735b674b3f985479e06be46,0.0001017252604166,-3.721342693172317,ACCEPTED
S1C_W0.800_r00,719b675b7b2b31f2c58d9ebe796d55d1b5f44e56bf57d962275c5e7399613e0a,7655837767034734158,934042189007205845,0.8,0,128,7,393216,8,f7051aaf9dc18109a292af4f9827a2e81f09e4fb7c35a2e95c3238d0e2ad0c32,0.7476112729027158,1.1058251824874985,1.0621399239815217,0.0395046696329602,True,True,0.5355148315429688,0.969533073841963,0.9674859232159664,0.7034542368911224,0.701896523600893,0.06022462390718,0.0598242623465401,0.0039621988932291,0.0012670457145638,0.0028468540736606,0.0011773265672137,0.0025565737769717,0.0021652539137715,1.7953001977507477,1.7932694869635573,-0.0020307107871904,1.8525710234606405,1.85157574506424,-0.0009952783964006,1.9122538405680545,1.9117232891665084,-0.0005305514015461,1.9591952667894816,1.9588815790082723,-0.0003136877812093,1.9842261078333856,1.9841185338311649,-0.0001075740022209,1.9922008770474875,1.992141284337262,-5.959271022537571e-05,False,a12265c4057c3a82f4bec6a80df930d9767d65559a6e08b2fea0a10c3e038bcc,,,NO_ACCEPTED_INTERVENTION_UNDER_COMMON_FIDELITY_GATE
S1C_W0.800_r01,4d3bda900026b2467a23a751d8f5ef90f49935e0e66e4f14b1e3722c20691db7,7138177107724583812,18115717769615187850,0.8,1,128,7,393216,1,e01503cd99b3191f85353a3435691e33c10275650743987e6117c66fb371a361,0.7461395263671875,1.1029817695862718,1.107229227418407,0.0038508867047987,True,True,0.2586415608723958,0.9694764513520716,0.9694024668463768,0.7038520701435198,0.7038720052210785,0.0602369762602306,0.0606416974748883,0.0007756551106771,0.0001195427917525,0.0015927269345238,0.0004151103310001,0.000577654157366,0.0004032243715767,1.7954575853707826,1.795448866986879,-8.718383903261184e-06,1.8526844703182217,1.8524863976275423,-0.0001980726906793,1.9122574471169476,1.9122073760286904,-5.007108825672013e-05,1.9591383426178468,1.9591848968567651,4.655423891852806e-05,1.9841579978002093,1.9842323455952255,7.434779501647171e-05,1.99216695363997,1.992181449005078,1.4495365108002645e-05,True,c40b71a7ce39c9246cc4edd407948dbf70af92265c19f63782e441c3787963a4,0.0011266072591145,-2.3609257673134727,ACCEPTED
S1C_W0.800_r01,4d3bda900026b2467a23a751d8f5ef90f49935e0e66e4f14b1e3722c20691db7,7138177107724583812,18115717769615187850,0.8,1,128,7,393216,2,91d42be7651812ab627389413ce8b48b0f3d383e442872900b063996bef6d4a8,0.7465195428757441,1.1029817695862718,1.1068492111312365,0.0035063512848587,True,True,0.2586415608723958,0.9694764513520716,0.9694750258501506,0.7038520701435198,0.7040974859719978,0.0602369762602306,0.0605356125604538,0.0009246099562872,0.0001426361042495,0.0005235217866443,0.0001863036119021,0.0007821945917039,0.0004086884721405,1.7954575853707826,1.7951917331316811,-0.0002658522391012,1.8526844703182217,1.852459774814561,-0.0002246955036606,1.9122574471169476,1.9121416081909903,-0.0001158389259567,1.9591383426178468,1.9591529927726823,1.465015483548271e-05,1.9841579978002093,1.9842172122576895,5.921445748047205e-05,1.99216695363997,1.9921822984123627,1.5344772392733574e-05,True,06669abec2f81ff1c349a81d44941c64012a13a048f3ddc52e22b2e1b0c27996,0.000195821126302,-3.1208387683640604,ACCEPTED
S1C_W0.800_r01,4d3bda900026b2467a23a751d8f5ef90f49935e0e66e4f14b1e3722c20691db7,7138177107724583812,18115717769615187850,0.8,1,128,7,393216,4,a2bacecd2623c3e78f46ede3ede6a2e0d9faace280512093e8a015568ad354b1,0.7459876650855655,1.1029817695862718,1.1015092943756102,0.0013349950572745,True,True,0.2586415608723958,0.9694764513520716,0.9700383655284176,0.7038520701435198,0.7042257566034505,0.0602369762602306,0.0606398809523809,0.000701904296875,0.0001402598833025,0.0016257876441592,0.0005309436468073,0.0015640258789062,0.0008291577358218,1.7954575853707826,1.7956506347345005,0.0001930493637176,1.8526844703182217,1.8525733028763427,-0.000111167441879,1.9122574471169476,1.912196780715829,-6.0666401117792645e-05,1.9591383426178468,1.959170502280068,3.215966222103184e-05,1.9841579978002093,1.984188085377298,3.008757708866661e-05,1.99216695363997,1.9921800095149096,1.3055874939604806e-05,True,120f58096c7d384d923c81c49ef87d3bbb93a874c7950afc41eb8efbe67e1361,0.0001144409179687,-3.3541169797611987,ACCEPTED
S1C_W0.800_r01,4d3bda900026b2467a23a751d8f5ef90f49935e0e66e4f14b1e3722c20691db7,7138177107724583812,18115717769615187850,0.8,1,128,7,393216,8,771f95cdd2d84ef070cd6b620e9d33f451dcdfa8cb39055689cc0b7da7e503e5,0.7468189057849702,1.1029817695862718,1.1055986159298596,0.0023725200322843,True,True,0.2586415608723958,0.9694764513520716,0.9688859406522224,0.7038520701435198,0.7049923422832425,0.0602369762602306,0.0600055512927827,0.0019255138578869,0.000646985319917,0.0022840954008556,0.0009524429707989,0.0014034452892485,0.0008530977178849,1.7954575853707826,1.7945820388121223,-0.0008755465586602,1.8526844703182217,1.8522258283425213,-0.0004586419757002,1.9122574471169476,1.912043384424132,-0.0002140626928153,1.9591383426178468,1.9590707999682275,-6.754264961950085e-05,1.9841579978002093,1.9841571898531405,-8.079470690258717e-07,1.99216695363997,1.9921695202352472,2.566595277198047e-06,True,e2b010c63352d4fd00c7f1c33d47d0ff3552d59a0773e41019eb8307148f6be4,7.375081380208333e-05,-3.544931495637586,ACCEPTED
S1C_W0.800_r02,61ae7bf1a97614ead2454371fd56b8563dc458a630ea13534ac244e89c592f6e,7301254539265411036,1717762875529522896,0.8,2,128,7,393216,1,8a99bf9a351844ea08e11aa0f8813b493514e16b67cbf476a75f527a78b356af,0.7476792108444941,1.101233557260603,1.09989193177851,0.001218293315934,True,True,0.3059844970703125,0.9695292166343736,0.9693193535256612,0.7035570575974501,0.7038630041346619,0.060392833891369,0.0604778471447172,0.0012138003394717,0.0001196524679526,0.0018513997395833,0.000309970769546,0.0007429577055432,0.0003760788593629,1.7955124780724183,1.7950010237822789,-0.0005114542901396,1.8526110654590675,1.8524752272405376,-0.0001358382185294,1.9122263926160987,1.912057990685562,-0.0001684019305367,1.959225045002168,1.9590843755496443,-0.0001406694525238,1.9842358313727064,1.984190562811909,-4.526856079722919e-05,1.9922067031095771,1.992196126696533,-1.0576413044471876e-05,True,e3a21e66ff7b51535c3262c66ead4116bd69db6136152a8b90602fadfd0fd949,0.0010121663411458,-2.480447532123157,ACCEPTED
S1C_W0.800_r02,61ae7bf1a97614ead2454371fd56b8563dc458a630ea13534ac244e89c592f6e,7301254539265411036,1717762875529522896,0.8,2,128,7,393216,2,cadd343e4fce4cf33a549692f13d70d2114396f546cec82f20ec0d294ea67b1c,0.7466456095377605,1.101233557260603,1.1055845254446697,0.0039509949141852,True,True,0.3059844970703125,0.9695292166343736,0.9696341530312624,0.7035570575974501,0.7036809390340591,0.060392833891369,0.0604622250511532,0.0008904593331473,5.127968821853688e-05,0.0011850992838542,0.0002063312681882,0.0007854643322172,0.00035785363187,1.7955124780724183,1.795378700473904,-0.0001337775985144,1.8526110654590675,1.8526169791199796,5.91366091207135e-06,1.9122263926160987,1.912195298935972,-3.109368012710334e-05,1.959225045002168,1.9591520480150404,-7.299698712781577e-05,1.9842358313727064,1.9841901617873023,-4.5669585403862456e-05,1.9922067031095771,1.9921822992126448,-2.440389693281197e-05,True,756c271d0b744c22639f09d18f125ed493e3023ca955e2701dcc90e6607ccac8,0.0001373291015625,-3.3479368443738764,ACCEPTED
S1C_W0.800_r02,61ae7bf1a97614ead2454371fd56b8563dc458a630ea13534ac244e89c592f6e,7301254539265411036,1717762875529522896,0.8,2,128,7,393216,4,64fc180edc78ab1612ee9a3c9e007065dd9950fe743874ef228a3b50c58e56c8,0.7459179106212798,1.101233557260603,1.1077368047485088,0.0059054207393419,True,True,0.3059844970703125,0.9695292166343736,0.9703591703137204,0.7035570575974501,0.7044337307156103,0.060392833891369,0.060820079985119,0.0015055338541666,0.0005171270949696,0.0016410464332217,0.0006529477725387,0.0032254173642113,0.0012894993229219,1.7955124780724183,1.7958383846456638,0.0003259065732454,1.8526110654590675,1.8528274427599607,0.0002163773008938,1.9122263926160987,1.9122976801810272,7.128756492846833e-05,1.959225045002168,1.9592054392422813,-1.9605759886687224e-05,1.9842358313727064,1.9842352214045076,-6.099681988391836e-07,1.9922067031095771,1.992208967494347,2.264384769690153e-06,True,96e37724bdb0bfb3ff933da9783f3a3079348ce82d79453bad951b623aa5315b,0.0001093546549479,-3.4468621486172584,ACCEPTED
S1C_W0.800_r02,61ae7bf1a97614ead2454371fd56b8563dc458a630ea13534ac244e89c592f6e,7301254539265411036,1717762875529522896,0.8,2,128,7,393216,8,b5d98a9d4d5c8146f0dedddec62b7fc0c4fd802cb1e6e96fde0458cb8e4ad116,0.7464661371140253,1.101233557260603,1.1104987305840464,0.0084134498647965,True,True,0.3059844970703125,0.9695292166343736,0.9701898502009446,0.7035570575974501,0.7067278557498742,0.060392833891369,0.0603252592540922,0.001216343470982,0.0003042144892018,0.0012835548037574,0.0004393475002855,0.0054244995117187,0.0030906506491159,1.7955124780724183,1.7958193205379909,0.0003068424655725,1.8526110654590675,1.8529235357623184,0.0003124703032508,1.9122263926160987,1.9124020206328052,0.0001756280167066,1.959225045002168,1.95921977096499,-5.274037178315538e-06,1.9842358313727064,1.984253163102423,1.7331729716740796e-05,1.9922067031095771,1.9922373491980967,3.064608851977013e-05,True,8307b69a86ae36b9510f386965e5f1193be1f7d1c3fe7fd50da0c0d4e7a61fa0,5.8492024739583336e-05,-3.718602768179252,ACCEPTED
S1C_W0.800_r03,f42a27e994c7a0a761d35ca1512022340aac932531be385fb4221ef954ccd34d,10833399783473843663,9514140423465135883,0.8,3,128,7,393216,1,96f456ff8f47e2088f63c90b6ea4dc63e7a24f86028229cac8e076490a98f440,0.7465489705403645,1.1079516830195804,1.1044797997108429,0.0031336053385246,True,True,0.1664861043294271,0.969518377860723,0.9694357368047732,0.7044287579503523,0.7042838726939371,0.0604204450334821,0.060331798735119,0.000577654157366,0.0001388963819951,0.0017736525762649,0.0003016490896897,0.0006804693312872,0.0003065263072728,1.795391575483997,1.7951506916591102,-0.0002408838248868,1.8524863390220736,1.852416704080477,-6.963494159628603e-05,1.91217646479238,1.9121794042565137,2.939464133433489e-06,1.95906922388308,1.9590806982548268,1.1474371746533762e-05,1.9841409206011036,1.9841791795818864,3.825898078280154e-05,1.992151592569628,1.9921488605905155,-2.7319791122693005e-06,True,2a277184b6f8562b7589dbbb515df2922b67fc68996e09de2fb204f61b6541c5,0.0004348754882812,-2.583013061821544,ACCEPTED
S1C_W0.800_r03,f42a27e994c7a0a761d35ca1512022340aac932531be385fb4221ef954ccd34d,10833399783473843663,9514140423465135883,0.8,3,128,7,393216,2,c8fa69d2de88fee6870d55114674433d80b48d04a8d2c1aa7fb44554be1fed9b,0.7458187284923735,1.1079516830195804,1.0990743410285733,0.0080123909075285,True,True,0.1664861043294271,0.969518377860723,0.9692468927502498,0.7044287579503523,0.7039441885871927,0.0604204450334821,0.0607030959356398,0.0008588518415178,0.0001671416372857,0.001250494094122,0.0003197986031359,0.0007106236049106,0.0004816760587245,1.795391575483997,1.7950454934776787,-0.0003460820063183,1.8524863390220736,1.85239280737901,-9.353164306369344e-05,1.91217646479238,1.912193109823174,1.6645030793682736e-05,1.95906922388308,1.9591026593223653,3.343543928502335e-05,1.9841409206011036,1.984172399215134,3.147861403074437e-05,1.992151592569628,1.9921637638391003,1.217126947294922e-05,True,f0170d6dee1045dfb89137c6a7499791b5fc16c35a585a02b42522f4709703a1,0.0001602172851562,-3.016668622760116,ACCEPTED
S1C_W0.800_r03,f42a27e994c7a0a761d35ca1512022340aac932531be385fb4221ef954ccd34d,10833399783473843663,9514140423465135883,0.8,3,128,7,393216,4,985e3178722d436c8b6e496bb6cfb7baa73c644e28ced4c8ead3e9e2ebdba740,0.7470245361328125,1.1079516830195804,1.0930553621542345,0.0134449192087041,True,True,0.1664861043294271,0.969518377860723,0.9690103783630444,0.7044287579503523,0.7036068363307232,0.0604204450334821,0.0606747581845238,0.0014056251162574,0.0001943860858076,0.0015916370210193,0.0003558916911565,0.0007069905598958,0.0007760088887576,1.795391575483997,1.794737655398034,-0.0006539200859632,1.8524863390220736,1.8521963165567543,-0.000290022465319,1.91217646479238,1.912121762515084,-5.470227729653665e-05,1.95906922388308,1.9590876962568973,1.847237381702449e-05,1.9841409206011036,1.9841822027517468,4.128215064347352e-05,1.992151592569628,1.992176462394554,2.486982492655443e-05,True,dd1311d80c4976ae4aa891fd0b04621ee9599a12d7695e59c41adf3bac272571,0.0001068115234375,-3.192759881815797,ACCEPTED
S1C_W0.800_r03,f42a27e994c7a0a761d35ca1512022340aac932531be385fb4221ef954ccd34d,10833399783473843663,9514140423465135883,0.8,3,128,7,393216,8,054385b52effaad51199860829436ab8366a89f9e10714eb836f2496a8c4cfad,0.7461046491350447,1.1079516830195804,1.10750108872576,0.0004066912851219,True,True,0.1664861043294271,0.969518377860723,0.9685987366093396,0.7044287579503523,0.7049364344773968,0.0604204450334821,0.0598707653227306,0.0027149745396205,0.0005395069982101,0.004241943359375,0.0011867692386854,0.0012791951497395,0.0004390344643343,1.795391575483997,1.7940020683196771,-0.0013895071643197,1.8524863390220736,1.8517537390585077,-0.0007325999635661,1.91217646479238,1.9118961204090417,-0.0002803443833385,1.95906922388308,1.9589793598503065,-8.986403277400079e-05,1.9841409206011036,1.984110806232372,-3.0114368731570806e-05,1.992151592569628,1.9921519672835732,3.7471394587207385e-07,True,9e0c379db6adb3db0ab63b80b13928140de04aa84e661ce9eaf0d72441086348,8.646647135416667e-05,-3.2845302551714424,ACCEPTED
S1C_W0.800_r04,17aa185709e12c3b0f224037b0a082b9f764ad9675c2115a532cd25ed78b86a1,17089777873478898221,16951094302730524563,0.8,4,128,7,393216,1,3d770612f95bf5e262ede4d29dbda0f4a0a38d8121f21af67a434be15bd0b27c,0.747344244094122,1.0969548770886783,1.0946235964855386,0.0021252292613228,True,True,0.4219258626302083,0.9694589612037884,0.969085089667242,0.702739655820659,0.7023906205367495,0.0609185355050223,0.0609595889136904,0.0019912719726562,0.0003004097382424,0.002152579171317,0.0003983308175356,0.0011197044735862,0.0004066936603126,1.795558180970934,1.7947251349075628,-0.0008330460633712,1.8526540599308063,1.85207159802548,-0.0005824619053265,1.912246143395147,1.9119071227805515,-0.0003390206145956,1.959174107051144,1.9590753590516448,-9.874799949938227e-05,1.984235282311007,1.9841762728297387,-5.900948126824623e-05,1.9921876650500776,1.9921587771193157,-2.8887930762389047e-05,True,671537ef1d483ca66f8845f7a03d79a39cc57ec5719839fc95c23ae9df14753c,0.0014444986979166,-2.465518992278912,ACCEPTED
S1C_W0.800_r04,17aa185709e12c3b0f224037b0a082b9f764ad9675c2115a532cd25ed78b86a1,17089777873478898221,16951094302730524563,0.8,4,128,7,393216,2,2235420034c80148c24cb7d3bd192d561a6bb024604c56117247d9c4be92a2ac,0.7483197166806176,1.0969548770886783,1.0872212406495878,0.0088733243658331,True,True,0.4219258626302083,0.9694589612037884,0.968609481905366,0.702739655820659,0.7026400624622602,0.0609185355050223,0.0610384259905133,0.0017936343238467,0.0005724660707677,0.0024308704194568,0.0006827381148962,0.0008119855608259,0.0004755852110504,1.795558180970934,1.7947475110225726,-0.0008106699483614,1.8526540599308063,1.852138857535599,-0.0005152023952075,1.912246143395147,1.911931548511006,-0.0003145948841409,1.959174107051144,1.9590155847803128,-0.0001585222708315,1.984235282311007,1.984201683464472,-3.359884653542089e-05,1.9921876650500776,1.992188767973664,1.102923586016047e-06,True,1cf06245edf164721731097003fb2acef47d148a60e11d48496aa4f5d9404b05,0.0001475016276041,-3.456439334426993,ACCEPTED
S1C_W0.800_r04,17aa185709e12c3b0f224037b0a082b9f764ad9675c2115a532cd25ed78b86a1,17089777873478898221,16951094302730524563,0.8,4,128,7,393216,4,a8049cd9cc5e090c6604ad9e3c6c8b3b389ce65a8662a1dc32e64d4fec98f286,0.7480094546363467,1.0969548770886783,1.0843698180729593,0.0114727226056187,True,True,0.4219258626302083,0.9694589612037884,0.968179763100024,0.702739655820659,0.702690685016036,0.0609185355050223,0.0608683994838169,0.0026804606119791,0.0008121022622054,0.0039527529761905,0.0012770521264672,0.001434326171875,0.0009528244045053,1.795558180970934,1.7941885457614124,-0.0013696352095216,1.8526540599308063,1.8518913943238784,-0.0007626656069281,1.912246143395147,1.911885529654604,-0.0003606137405434,1.959174107051144,1.9589933758358629,-0.0001807312152812,1.984235282311007,1.9841634650005733,-7.181731043370831e-05,1.9921876650500776,1.992161491563628,-2.6173486449732053e-05,True,fa44f4a8e00ccc2e48c135bcc0db743631970b72cb0d92bfd812c86c9add0d58,8.646647135416667e-05,-3.6883884109476752,ACCEPTED
S1C_W0.800_r04,17aa185709e12c3b0f224037b0a082b9f764ad9675c2115a532cd25ed78b86a1,17089777873478898221,16951094302730524563,0.8,4,128,7,393216,8,cf02f1971cd8b6b4c17036e2f46da5bd2d531cfb80d2c09a9170cd81d15924bb,0.7486815679640997,1.0969548770886783,1.0970215961645904,6.082207874322044e-05,True,True,0.4219258626302083,0.9694589612037884,0.9682558598678888,0.702739655820659,0.7028834915694716,0.0609185355050223,0.0604891095842633,0.0030430385044642,0.0008203130587377,0.003079368954613,0.0009388754371556,0.0019607543945312,0.0008363812038843,1.795558180970934,1.7939649355101597,-0.0015932454607743,1.8526540599308063,1.851898798602436,-0.0007552613283703,1.912246143395147,1.911891966019986,-0.0003541773751609,1.959174107051144,1.959079098929556,-9.500812158802496e-05,1.984235282311007,1.984201178241397,-3.4104069609908194e-05,1.9921876650500776,1.992165394591929,-2.2270458148287983e-05,True,05c9fbbd8aaab02005e04631c07125dcee957d0d14714f1bdadb8fa028784347,8.392333984375e-05,-3.701353388112043,ACCEPTED
S1C_W0.800_r05,e3a3663d18b8500f1309e3e5e8894c5dc8fce4261e16416212f374c67ff6c246,10737365616079812786,17714141268111472187,0.8,5,128,7,393216,1,5c14bc1b717e03d9a628550241c49e3019223c5c2a2fb7605d13301c9e1d9008,0.7468516031901042,1.1059483220338198,1.1011009137110186,0.0043830332993198,True,True,0.4528096516927083,0.9695360781439136,0.9694047844166372,0.7042847258988163,0.7039402039777423,0.0602100917271205,0.0605926513671875,0.0013038998558407,0.000130452683941,0.0011883690243675,0.0002427961064961,0.0006833757672991,0.000316886043275,1.7954691080944996,1.794964198556666,-0.0005049095378335,1.8525604732865577,1.8523360913274975,-0.0002243819590599,1.9122421200448405,1.912216706006276,-2.541403856404223e-05,1.9591293457314147,1.9590811578196865,-4.8187911728225785e-05,1.9842102306933924,1.9841914893438428,-1.8741349549600272e-05,1.992164496709447,1.9921680326946147,3.5359851677796428e-06,True,1c7898129a09117fd4a849bd08c3cd161f43e2baed83e19a1046dacf14670729,0.00067138671875,-2.8289429294560016,ACCEPTED
S1C_W0.800_r05,e3a3663d18b8500f1309e3e5e8894c5dc8fce4261e16416212f374c67ff6c246,10737365616079812786,17714141268111472187,0.8,5,128,7,393216,2,6ed8bde9bd3011000b6ad8461c1cbab3c185624c459b7354c9638c238384a3ee,0.7468032836914062,1.1059483220338198,1.1032901107547657,0.0024035583092758,True,True,0.4528096516927083,0.9695360781439136,0.96951141580983,0.7042847258988163,0.7043842156500331,0.0602100917271205,0.060331798735119,0.0004770188104538,0.0001118118579998,0.0012141636439731,0.0002322259967242,0.0006296067010789,0.0003511542216377,1.7954691080944996,1.7954006035358856,-6.850455861395766e-05,1.8525604732865577,1.8525716198039648,1.1146517406857017e-05,1.9122421200448405,1.91228301433008,4.08942852399008e-05,1.9591293457314147,1.9591153338222176,-1.4011909197142458e-05,1.9842102306933924,1.9841944523756865,-1.577831770593896e-05,1.992164496709447,1.9921701012148487,5.604505401768378e-06,True,6b8bf91ca0381ba56ad40aeca6ee29e4826ee519d601fee1c386550a7d7f9f57,0.0001500447591145,-3.4796948446836886,ACCEPTED
S1C_W0.800_r05,e3a3663d18b8500f1309e3e5e8894c5dc8fce4261e16416212f374c67ff6c246,10737365616079812786,17714141268111472187,0.8,5,128,7,393216,4,13c52c8a8e106b19507939fd01894984107318cd2526936408cbca6c22c691e9,0.7475506010509673,1.1059483220338198,1.1024849154947551,0.0031316169752809,True,True,0.4528096516927083,0.9695360781439136,0.9700589936530576,0.7042847258988163,0.7045858560395977,0.0602100917271205,0.0605501447405133,0.0015567597888764,0.0002819211515874,0.0027371361142112,0.000693512244791,0.0014125279017856,0.000771087537615,1.7954691080944996,1.7961912427464783,0.0007221346519787,1.8525604732865577,1.852983853822256,0.0004233805356981,1.9122421200448405,1.912481497693575,0.0002393776487346,1.9591293457314147,1.959198602693512,6.92569620970307e-05,1.9842102306933924,1.9842310752189671,2.0844525574714723e-05,1.992164496709447,1.9922006400418295,3.614333238277645e-05,True,06c6d2f01f25263b363af6e78d19ac9cc8ae1ed9db382afaa6e5e79578037da2,0.0001017252604166,-3.6484868649978703,ACCEPTED
S1C_W0.800_r05,e3a3663d18b8500f1309e3e5e8894c5dc8fce4261e16416212f374c67ff6c246,10737365616079812786,17714141268111472187,0.8,5,128,7,393216,8,6bd9f43073d6df2622ded075e3fad4136bb7a276f24f6fae364e3bd4b3ef11c5,0.7475956508091518,1.1059483220338198,1.102707286547421,0.0029305487623857,True,True,0.4528096516927083,0.9695360781439136,0.9705235613253912,0.7042847258988163,0.7036768078524143,0.0602100917271205,0.0601446969168526,0.0024933587937128,0.0005260537556065,0.0032450358072916,0.0008047469038847,0.0007716587611607,0.0002940216225593,1.7954691080944996,1.7967299586666694,0.0012608505721698,1.8525604732865577,1.85315743213322,0.0005969588466618,1.9122421200448405,1.912548151938364,0.0003060318935235,1.9591293457314147,1.959220268610476,9.092287906131702e-05,1.9842102306933924,1.9842439428588003,3.371216540792865e-05,1.992164496709447,1.9922175000338451,5.300332439839295e-05,True,cce7ea7d4e9fe512914f4fd740749ad45ca6bd6277cd82c8be8a975135c320e3,7.883707682291667e-05,-3.75918516249156,ACCEPTED
S1C_W0.800_r06,b75a4457b2796a47ac87856871becf6302e1b4557303163b3efa243de25680e0,18392522625926627476,17181666016768037737,0.8,6,128,7,393216,1,4bc13683ed184367b573af5d428c622b86f6b7e79696c39ba989e5b03f40624f,0.7471120925176711,1.1019339250474376,1.0973505353712492,0.004159405180298,True,True,0.3640289306640625,0.9695563997286232,0.96970765336441,0.7033011597936027,0.7027805738196427,0.0607459658668154,0.0607361566452753,0.0009660266694568,0.0001869288690706,0.0005071730840773,0.0001504573821947,0.0007734752836682,0.0003470038768316,1.7953632284144587,1.7957022332387482,0.0003390048242895,1.8525648751475752,1.8527539770145185,0.000189101866943,1.9122973629256717,1.9123816426526328,8.427972696134489e-05,1.9591404179546288,1.9591741761875123,3.375823288354063e-05,1.984241211445254,1.984224720009575,-1.649143567883371e-05,1.9922156595075031,1.9922141322933729,-1.527214130270238e-06,True,0e749d369c53ef866df8d740226d41ea59197bf4c2293ea747441586814b351b,0.0006306966145833,-2.761315400117208,ACCEPTED
S1C_W0.800_r06,b75a4457b2796a47ac87856871becf6302e1b4557303163b3efa243de25680e0,18392522625926627476,17181666016768037737,0.8,6,128,7,393216,2,a508a5bd101469d09c837f80213beec5ce7fef005146bbc7421957c12866bd79,0.7476461501348586,1.1019339250474376,1.0979889283122717,0.0035800665044379,True,True,0.3640289306640625,0.9695563997286232,0.969393288343021,0.7033011597936027,0.7025420293117871,0.0607459658668154,0.0605308896019345,0.000684828985305,7.516907716296044e-05,0.0015415009998139,0.0006526494155431,0.0012871878487722,0.00082411114856,1.7953632284144587,1.795641541490761,0.0002783130763022,1.8525648751475752,1.8526842251089115,0.0001193499613363,1.9122973629256717,1.9123843588565328,8.699593086136659e-05,1.9591404179546288,1.9591363576800385,-4.060274590544921e-06,1.984241211445254,1.9842108258005613,-3.03856446923767e-05,1.9922156595075031,1.992183188754866,-3.2470752637125955e-05,True,15768f4a5c7a577c9aa8b50ce9731f13197223b9cfc811e33076a216ba5e8533,0.0001373291015625,-3.423373321120456,ACCEPTED
S1C_W0.800_r06,b75a4457b2796a47ac87856871becf6302e1b4557303163b3efa243de25680e0,18392522625926627476,17181666016768037737,0.8,6,128,7,393216,4,497a0c535f076ef68a9b2d931fcc294850f82dbfd6b819a917b0a3eab12dc2ca,0.7466561453683036,1.1019339250474376,1.103857571060594,0.0017456999638826,True,True,0.3640289306640625,0.9695563997286232,0.9694369494326716,0.7033011597936027,0.7029767857557436,0.0607459658668154,0.0606471470424107,0.0007360549200148,0.0001386442342872,0.0005184355236235,0.0001327644186394,0.0015019008091518,0.0006290276920114,1.7953632284144587,1.7957038562573333,0.0003406278428745,1.8525648751475752,1.852712678799293,0.0001478036517177,1.9122973629256717,1.9122939554927163,-3.407432955127021e-06,1.9591404179546288,1.9591182031843264,-2.2214770302397824e-05,1.984241211445254,1.98419796231604,-4.324912921371826e-05,1.9922156595075031,1.992178545878799,-3.711362870406632e-05,True,73d8947b29ee8062de8ce7165a737779449d02f6cd2168f9e5f85d2eb28c473e,0.0001068115234375,-3.532517790545524,ACCEPTED
S1C_W0.800_r06,b75a4457b2796a47ac87856871becf6302e1b4557303163b3efa243de25680e0,18392522625926627476,17181666016768037737,0.8,6,128,7,393216,8,10812f0a84b71d7581bc04551d92854fa0d4ac7883fb6b7f1728ebe2ce96bc33,0.746417454310826,1.1019339250474376,1.1064763678878542,0.0041222461140045,True,True,0.3640289306640625,0.9695563997286232,0.9695543138448928,0.7033011597936027,0.703750886473812,0.0607459658668154,0.0608182634626116,0.0007771083286829,0.0001436587447606,0.0020788283575148,0.0005120119058262,0.0008479527064731,0.000372268629132,1.7953632284144587,1.7954094572196595,4.622880520099848e-05,1.8525648751475752,1.8524973038659176,-6.75712816573526e-05,1.9122973629256717,1.9121848262972752,-0.0001125366283962,1.9591404179546288,1.959098114056534,-4.230389809478652e-05,1.984241211445254,1.9841838178887088,-5.739355654532652e-05,1.9922156595075031,1.992173583346322,-4.207616118101498e-05,True,ca5b63f18be59668d28130d0164e0c29a1f6478c957d5cf5f6dc087fc40a645f,5.594889322916666e-05,-3.813344400121218,ACCEPTED
S1C_W0.800_r07,ca2622555d2ac6788f1c9249d64fef19af991da95c250fab25fa940f79a579d8,10075112737880425626,882632597237696698,0.8,7,128,7,393216,1,f2479e3e92de3cdc18d820ae96ff8c3dd9f04841ddd94f4a4c92ecc382979d6b,0.7470623198009673,1.0995312577590388,1.097317962757689,0.0020129441393605,True,True,0.32666015625,0.9695384177178276,0.9693472499393672,0.7037566351717554,0.7033125011140198,0.0606852940150669,0.0605127243768601,0.0009042649042039,0.0002496651886039,0.0010405040922618,0.000231082206714,0.0011062622070312,0.0004906448683372,1.7953942699549297,1.795461690625579,6.742067064946511e-05,1.852680593053398,1.85251561098549,-0.0001649820679079,1.912303112781021,1.912187129605758,-0.000115983175263,1.9591353318837252,1.959083008644597,-5.232323912851555e-05,1.98419737675802,1.984194305260968,-3.071497052031802e-06,1.992182036664604,1.9921922178491132,1.0181184509239216e-05,True,291ca1ff87f50fcf2aaccfc4caa09bd3dd0352709156deefe601bfb014413bcb,0.0006764729817708,-2.683845709840306,ACCEPTED
S1C_W0.800_r07,ca2622555d2ac6788f1c9249d64fef19af991da95c250fab25fa940f79a579d8,10075112737880425626,882632597237696698,0.8,7,128,7,393216,2,aa1428e5c09acffd41cc84d4256ca6652bcaf765440fad656b7d3b583721e5af,0.7471255347842262,1.0995312577590388,1.0964860044520304,0.0027695923017368,True,True,0.32666015625,0.9695384177178276,0.9692895519329487,0.7037566351717554,0.70325035372333,0.0606852940150669,0.0606442406063988,0.0015949067615327,0.0002766015152854,0.0010975428989955,0.0003453478485331,0.0010732014973958,0.0006115234226568,1.7953942699549297,1.795199527056828,-0.0001947428981015,1.852680593053398,1.852292122018048,-0.0003884710353503,1.912303112781021,1.912071608965943,-0.0002315038150779,1.9591353318837252,1.9590897279740496,-4.560390967589534e-05,1.98419737675802,1.9842106701701097,1.3293412089998569e-05,1.992182036664604,1.992207777703101,2.5741038497173463e-05,True,45ee2c706e81a998fbd5bcc9f572a3b32417bc1ae074e303cf597d9f575a43b3,0.0001627604166666,-3.3025473724874854,ACCEPTED
S1C_W0.800_r07,ca2622555d2ac6788f1c9249d64fef19af991da95c250fab25fa940f79a579d8,10075112737880425626,882632597237696698,0.8,7,128,7,393216,4,0317fa58f2b669eee45ca2bc97fb56f976e492d9939766764bfbf88fb34dc90e,0.7474147251674107,1.0995312577590388,1.099176688477229,0.0003224731259869,True,True,0.32666015625,0.9695384177178276,0.9694713249155744,0.7037566351717554,0.7036990874278849,0.0606852940150669,0.0608197166806175,0.0010902768089657,0.0001268860307635,0.0009318760463169,0.0001374528421706,0.0006830124627976,0.0002799011282949,1.7953942699549297,1.7952549062254084,-0.000139363729521,1.852680593053398,1.8523866100332331,-0.0002939830201647,1.912303112781021,1.9121379722112648,-0.0001651405697562,1.9591353318837252,1.9591093344194963,-2.59974642289329e-05,1.98419737675802,1.98419775630942,3.79551399865008e-07,1.992182036664604,1.992199460198273,1.7423533669180813e-05,True,b965286fd9b80ce08479e854bc7d771999527d54d2446f7ffc7a335674b98514,9.663899739583332e-05,-3.5289437498545624,ACCEPTED
S1C_W0.800_r07,ca2622555d2ac6788f1c9249d64fef19af991da95c250fab25fa940f79a579d8,10075112737880425626,882632597237696698,0.8,7,128,7,393216,8,1b9a7a431b03b3d5d0bb3c49163a10a67611e35d3dc502cf1dc8b242afd9329f,0.7465362548828125,1.0995312577590388,1.1101058178361545,0.0096173346619244,True,True,0.32666015625,0.9695384177178276,0.9692413155712506,0.7037566351717554,0.705290729948591,0.0606852940150669,0.0603110903785342,0.0017907278878348,0.0002214999331667,0.0017227899460565,0.000497040601581,0.001921154203869,0.0011874374702378,1.7953942699549297,1.794834752349335,-0.0005595176055941,1.852680593053398,1.8521843872377148,-0.0004962058156832,1.912303112781021,1.912044459576192,-0.0002586532048289,1.9591353318837252,1.9590125586434293,-0.0001227732402961,1.98419737675802,1.984148624851415,-4.875190660480477e-05,1.992182036664604,1.992200115457626,1.807879302195836e-05,True,9d724606b9a1d0d2c86cdf73404c7e6ab60b38cfb20b485f2e06ec6e8b2599cf,6.866455078125e-05,-3.6773635823123856,ACCEPTED
S1C_W0.800_r08,335e4f7b04354b36a04a40c34df5a45b26933532dec6bd213302db654731ca34,4045559426312456630,9351229326151978282,0.8,8,128,7,393216,1,161b1e29c1582c7d4211c06863550cdf057da07c04d6a69aa53854ca11d242aa,0.7466238112676711,1.104713332747023,1.103924903423076,0.0007136958526485,True,True,0.6989288330078125,0.969585189498986,0.9693199859139168,0.7037560948092934,0.7040804930458805,0.0602456955682663,0.059859866187686,0.0012690226236979,0.0001181732824726,0.0006274268740699,0.0001899698221399,0.0006880987258184,0.0004160645131495,1.7955704211356776,1.795181387856814,-0.0003890332788634,1.852736660369488,1.852426005888508,-0.0003106544809798,1.9123400697291204,1.9121680401290344,-0.0001720296000862,1.9591692825249023,1.9591012251612467,-6.805736365556037e-05,1.9841824702082635,1.9841691311070349,-1.3339101228693195e-05,1.992168204812177,1.9921686064215127,4.0160933623134564e-07,True,2c7cfac57e7e3a00189b6ec631530b71d6376573c24b23f4092c5f0bb6e27e85,0.0006434122721354,-3.035943616685232,ACCEPTED
S1C_W0.800_r08,335e4f7b04354b36a04a40c34df5a45b26933532dec6bd213302db654731ca34,4045559426312456630,9351229326151978282,0.8,8,128,7,393216,2,c3918f7cf2eceef8c8992cafc02b1ab5d5f5d7098c4a12452a9144ef938e6a2f,0.7470634097144717,1.104713332747023,1.1058382038507464,0.0010182470604624,True,True,0.6989288330078125,0.969585189498986,0.969076041540476,0.7037560948092934,0.7039157908642306,0.0602456955682663,0.0602209908621651,0.001295907156808,0.0002463599037029,0.0017769223167782,0.0005220143530071,0.0008570353190104,0.0002247687992344,1.7955704211356776,1.79509433539717,-0.0004760857385075,1.852736660369488,1.852372741628041,-0.0003639187414463,1.9123400697291204,1.9122281798672969,-0.0001118898618235,1.9591692825249023,1.9591598086731852,-9.473851716901294e-06,1.9841824702082635,1.98418268317378,2.1296551633298577e-07,1.992168204812177,1.9921554493359672,-1.2755476209713734e-05,True,6c454b240b0f2061803aeb0ab3b5e4b6ad507a7780b25bb519d6a3653f7d7968,0.0001627604166666,-3.6328841638771623,ACCEPTED
S1C_W0.800_r08,335e4f7b04354b36a04a40c34df5a45b26933532dec6bd213302db654731ca34,4045559426312456630,9351229326151978282,0.8,8,128,7,393216,4,7ebc2c0f29546ee6a384974c774a9063b4361cb3ebce9082b8f44384973a2dff,0.7473424275716145,1.104713332747023,1.0870666480225646,0.0159739945208931,True,True,0.6989288330078125,0.969585189498986,0.969429784168164,0.7037560948092934,0.702797447675089,0.0602456955682663,0.0608030046735491,0.0007742018926711,0.0001111840373433,0.0014484950474329,0.0002962765340723,0.0007694789341518,0.0007523770982475,1.7955704211356776,1.7954838436942653,-8.65774414122722e-05,1.852736660369488,1.8526189913406128,-0.0001176690288751,1.9123400697291204,1.912266826965344,-7.324276377640437e-05,1.9591692825249023,1.959149381964378,-1.9900560524366284e-05,1.9841824702082635,1.9841924384439011,9.968235637813905e-06,1.992168204812177,1.9921763818158973,8.177003720355458e-06,True,d27ad249ccfad107de59b3fb9412aa89e28876c999d407f15cbabb23153358a8,0.0001169840494791,-3.776306306179476,ACCEPTED
S1C_W0.800_r08,335e4f7b04354b36a04a40c34df5a45b26933532dec6bd213302db654731ca34,4045559426312456630,9351229326151978282,0.8,8,128,7,393216,8,cd2999fbfcc543c79451fc08e5cd5f3fdea50cf418c0dbdca87e958b5f5384b1,0.747114998953683,1.104713332747023,1.093596437819195,0.0100631490526003,True,True,0.6989288330078125,0.969585189498986,0.9694365603333976,0.7037560948092934,0.7035979482642963,0.0602456955682663,0.0604705810546875,0.000564211890811,8.958893580307278e-05,0.0037928989955357,0.0012140817030969,0.0006851922898065,0.0005423051070584,1.7955704211356776,1.7956893164361385,0.0001188953004609,1.852736660369488,1.8526353268423532,-0.0001013335271342,1.9123400697291204,1.9123391032111583,-9.66517961886737e-07,1.9591692825249023,1.9591943977104933,2.511518559122905e-05,1.9841824702082635,1.9842072347439668,2.4764535703214463e-05,1.992168204812177,1.992182320343504,1.4115531326908126e-05,True,80a9cc4c779f190305360f3a8517cffe1ca137110b7a0fda80b10c8e3755e584,8.138020833333333e-05,-3.933914159541144,ACCEPTED
S1C_W0.800_r09,8baf8db55f4c3acfecfe05496dddf48dacac196b7bf164974b1d996297cb6c84,11877919894818629711,2014691400867905938,0.8,9,128,7,393216,1,0b2823d0044f729df71f96218d3dbb15dbea3ccb38d84e53e29a6ef89c001d53,0.7466067359561012,1.1066105158233404,1.1045224102617477,0.0018869381157464,True,True,0.261975606282552,0.9695246742832848,0.969726379396208,0.703947613579335,0.7038742229797242,0.0603957403273809,0.0605101812453497,0.0011792864118302,9.608559933771411e-05,0.0016028994605654,0.0003685886030312,0.0004504975818452,0.0002374177788725,1.7954075664052047,1.79534782417701,-5.974222819471464e-05,1.8525944975700783,1.852697034870177,0.0001025373000986,1.9122132737351047,1.9123415142607327,0.0001282405256275,1.9591124612216413,1.9592960767546157,0.0001836155329739,1.9841855236248875,1.984256344137643,7.082051275575374e-05,1.992168724701876,1.9921986236474185,2.9898945542727876e-05,True,8f200507b93116513d92e08b5354058b11ad41a163f8f6c16470a96f4feb2f9e,0.000562032063802,-2.668499761427873,ACCEPTED
S1C_W0.800_r09,8baf8db55f4c3acfecfe05496dddf48dacac196b7bf164974b1d996297cb6c84,11877919894818629711,2014691400867905938,0.8,9,128,7,393216,2,eb948702aef44fa8cd10c66e4e602bcaa7009f95922c8d58ee78b0dea928256e,0.7466318039667039,1.1066105158233404,1.1084739867363895,0.0016839446999676,True,True,0.261975606282552,0.9695246742832848,0.9696483587181473,0.703947613579335,0.704064187798589,0.0603957403273809,0.060592288062686,0.0010005405970981,0.0001683302626391,0.0027556646437871,0.0006647927941309,0.000991457984561,0.0003307128746189,1.7954075664052047,1.795262265096131,-0.0001453013090737,1.8525944975700783,1.8526560565386805,6.155896860216004e-05,1.9122132737351047,1.9123463818234856,0.0001331080883806,1.9591124612216413,1.9592614292596464,0.0001489680380051,1.9841855236248875,1.98424514465512,5.962103023282594e-05,1.992168724701876,1.9922210418961697,5.231719429388271e-05,True,a6f056cdf57831174b2355ad5f390787a4e009c8b2dcdbc127da4762ebb4c686,0.0001983642578125,-3.120797432422503,ACCEPTED
S1C_W0.800_r09,8baf8db55f4c3acfecfe05496dddf48dacac196b7bf164974b1d996297cb6c84,11877919894818629711,2014691400867905938,0.8,9,128,7,393216,4,4f6aeb2b97bde680cf00a007d24793065d17d7b1904b6c54392e067ec38f0111,0.7463644118536086,1.1066105158233404,1.1172792842628372,0.0096409425782105,True,True,0.261975606282552,0.9695246742832848,0.96950345765398,0.703947613579335,0.7050727955158939,0.0603957403273809,0.0604974655877976,0.0005965459914434,0.0001674810390964,0.0026884533110119,0.0006867885980018,0.0024617513020833,0.0011125054780012,1.7954075664052047,1.7952570653146624,-0.0001505010905422,1.8525944975700783,1.8525923140071523,-2.18356292602806e-06,1.9122132737351047,1.912251806650119,3.853291501387801e-05,1.9591124612216413,1.95917508481634,6.262359469855205e-05,1.9841855236248875,1.9841841314502384,-1.392174648673361e-06,1.992168724701876,1.9921880783348669,1.935363299110371e-05,True,4b81cd24c66bce5f3df42f0daaf76c20d90c3b78c8ebdc03026381da236c0ebf,0.0001246134440104,-3.32269595508447,ACCEPTED
S1C_W0.800_r09,8baf8db55f4c3acfecfe05496dddf48dacac196b7bf164974b1d996297cb6c84,11877919894818629711,2014691400867905938,0.8,9,128,7,393216,8,0ca44999c4bb605f2d5a8a914acffd6f6a99e64850330e64da311a623e7d9273,0.7463019234793526,1.1066105158233404,1.1189514133569736,0.011151979271091,True,True,0.261975606282552,0.9695246742832848,0.9694262525773876,0.703947613579335,0.7068236941643572,0.0603957403273809,0.0602220807756696,0.0006477719261532,0.0002469227026539,0.0024127051943824,0.0005344622220068,0.0045907156808036,0.0025423429435638,1.7954075664052047,1.7952186014516285,-0.0001889649535762,1.8525944975700783,1.8525532428650129,-4.125470506566309e-05,1.9122132737351047,1.9121742709933711,-3.900274173407325e-05,1.9591124612216413,1.959136606200075,2.414497843372665e-05,1.9841855236248875,1.984173050727868,-1.2472897019666362e-05,1.992168724701876,1.9921783740460777,9.649344201889676e-06,True,9d4896705c9b33d80c981e2455fe6699ebf64bcd8936dedd801ebdf90f545fc2,5.340576171875e-05,-3.690672740379065,ACCEPTED
S1C_W0.800_r10,aa470db227c164cc2e8419853b05848fd8553918247e237cb1160969656d49c5,12590900716292596139,2117280375500507789,0.8,10,128,7,393216,1,3ddd1b3b75d999686d73390dbeafd4e2eba661947b63ed0535d3b11b3619f2fb,0.746782938639323,1.1039150394587196,1.1052696362503251,0.0012270842802085,True,True,0.451520284016927,0.969659694562558,0.9696441805378884,0.7044055520818497,0.7041979556033456,0.0603517804827008,0.0601911998930431,0.0014397757393973,0.0002186201541719,0.001158214750744,0.0002754584092017,0.0012029012044271,0.0004742880122078,1.7954295718325526,1.795869539805303,0.0004399679727504,1.8525743205858851,1.8529216092911105,0.0003472887052249,1.9122277591636767,1.9124844047749436,0.0002566456112662,1.959149728274333,1.9593435395969416,0.0001938113226085,1.984202029474196,1.9842680971711628,6.606769696682058e-05,1.9921950704436573,1.9922280456019903,3.297515833300402e-05,True,8b64e7d4d2d8ed71e7f2f99fbca259bb0c59cebff23f91a371a25d2212dd74f2,0.0006103515625,-2.869097204551567,ACCEPTED
S1C_W0.800_r10,aa470db227c164cc2e8419853b05848fd8553918247e237cb1160969656d49c5,12590900716292596139,2117280375500507789,0.8,10,128,7,393216,2,edd1f786c48c3443de17cf6564e97c7732c027b2869e54f6541bb2d7b32da090,0.7462957473028273,1.1039150394587196,1.1033634596914768,0.0004996578065584,True,True,0.451520284016927,0.969659694562558,0.9696890919325364,0.7044055520818497,0.7042680010895096,0.0603517804827008,0.0600418817429315,0.0010386875697544,0.000154436416341,0.0005504063197544,0.0001052373788376,0.0008559454055059,0.0004617595731386,1.7954295718325526,1.7957485363291936,0.000318964496641,1.8525743205858851,1.8527785775742,0.0002042569883142,1.9122277591636767,1.912385081635132,0.0001573224714548,1.959149728274333,1.959306830523516,0.0001571022491828,1.984202029474196,1.984280535465404,7.850599120806656e-05,1.9921950704436573,1.9922072500578676,1.2179614209850698e-05,True,9aefb81de1fe7c44a32e8f8fe1307f59075717cb69f24748aeb176dbcdc4763b,0.000152587890625,-3.4711571958795293,ACCEPTED
S1C_W0.800_r10,aa470db227c164cc2e8419853b05848fd8553918247e237cb1160969656d49c5,12590900716292596139,2117280375500507789,0.8,10,128,7,393216,4,2538ea0ac02d517cbc4a52256396e1aede00c19a182553c3dc3be0bc7243d6c8,0.7463822137741816,1.1039150394587196,1.1054994013642745,0.0014352208720079,True,True,0.451520284016927,0.969659694562558,0.9699584649831372,0.7044055520818497,0.704491314952539,0.0603517804827008,0.0603063674200148,0.0010619390578497,0.0001583815890436,0.0013834635416666,0.0004589564264578,0.0009678431919643,0.0003580937198813,1.7954295718325526,1.7957742096039409,0.0003446377713882,1.8525743205858851,1.85281591740244,0.0002415968165545,1.9122277591636767,1.9123265333973676,9.8774233690202e-05,1.959149728274333,1.9592350660419255,8.533776759245271e-05,1.984202029474196,1.984254713355707,5.268388151091763e-05,1.9921950704436573,1.9921869870529063,-8.083390751201236e-06,True,695fb81b495f59a9d8d9718d41cf71609dab1f8d1776fd59c359c7f051713164,0.0001017252604166,-3.64724845493521,ACCEPTED
S1C_W0.800_r10,aa470db227c164cc2e8419853b05848fd8553918247e237cb1160969656d49c5,12590900716292596139,2117280375500507789,0.8,10,128,7,393216,8,3e9b4e356026b4dda41aa9a0df1bc40153d5182b46d08d71b4c9c38a80c3686e,0.745879400344122,1.1039150394587196,1.1035681432214632,0.0003142417893196,True,True,0.451520284016927,0.969659694562558,0.9701865117670072,0.7044055520818497,0.7051755676222887,0.0603517804827008,0.0604720342726934,0.0011952718098958,0.0003958735972616,0.0010695684523809,0.0003823969118487,0.002928960890997,0.0011830139166908,1.7954295718325526,1.7957874025640532,0.0003578307315006,1.8525743205858851,1.852840904786192,0.0002665842003068,1.9122277591636767,1.9123631147475164,0.0001353555838392,1.959149728274333,1.9592383187053013,8.859043096798302e-05,1.984202029474196,1.9842646265856696,6.25971114736057e-05,1.9921950704436573,1.9921969540505728,1.8836069151095811e-06,True,f38f39054550455faff723a914e36e0a4c58f9e21906b015cfd425c1feb1ef5c,8.646647135416667e-05,-3.717829529220918,ACCEPTED
S1C_W0.800_r11,163088283be86a4b4f1d31791f1ceb647c7b8afdda02ae68360d5d2171ae6d6d,1962789095212423922,8331814245213072405,0.8,11,128,7,393216,1,a136c165acb5dd3d7ca70a1f7596a42717adc96b741e29063a157f53cd6ba932,0.7462536039806548,1.103089177105281,1.103444844267619,0.0003224282947558,True,True,0.9890416463216146,0.9695251555655952,0.9695467552084216,0.7038775719997034,0.70371824328207,0.0601781209309895,0.0604593186151413,0.0008701142810639,7.493435019181833e-05,0.0008395967029389,0.0001716016393846,0.000640869140625,0.0002759183934175,1.7952048118379904,1.7955006309293404,0.00029581909135,1.852545446117339,1.852666458847288,0.0001210127299491,1.912232506485452,1.9122691969434875,3.669045803533777e-05,1.959134558050772,1.9591876033163789,5.30452656071212e-05,1.9842015582199024,1.9842252728452152,2.371462531303159e-05,1.992174099471156,1.9921828075478971,8.708076741692494e-06,True,dfd308a4e71cc2f9c8b98a564c2aee33b0ec57a69dca50ef7d2ec0adde99e1d2,0.000867207845052,-3.0570913811619405,ACCEPTED
S1C_W0.800_r11,163088283be86a4b4f1d31791f1ceb647c7b8afdda02ae68360d5d2171ae6d6d,1962789095212423922,8331814245213072405,0.8,11,128,7,393216,2,9bf1669358ea8870fdd5422378f01e49a029b7e46989868afe5f3d8113055bd2,0.7466092790876115,1.103089177105281,1.1046637360521023,0.0014274085717647,True,True,0.9890416463216146,0.9695251555655952,0.9690249564876224,0.7038775719997034,0.7039891897637621,0.0601781209309895,0.0602656773158482,0.0008032662527901,0.0002902742678737,0.0007912772042409,0.0002998027208595,0.0010016305106027,0.0003869214847869,1.7952048118379904,1.7951142290919837,-9.058274600670656e-05,1.852545446117339,1.8524169632070668,-0.0001284829102721,1.912232506485452,1.912189854506384,-4.265197906838658e-05,1.959134558050772,1.959126023488737,-8.534562034645532e-06,1.9842015582199024,1.9841784152299016,-2.3142990000390995e-05,1.992174099471156,1.9921489045814116,-2.519488974428441e-05,True,92714de76f052e1bf491ceabd517ac1d4bba991de7209339972fd4bcbc37cd49,0.0001907348632812,-3.714784496762738,ACCEPTED
S1C_W0.800_r11,163088283be86a4b4f1d31791f1ceb647c7b8afdda02ae68360d5d2171ae6d6d,1962789095212423922,8331814245213072405,0.8,11,128,7,393216,4,006a729df111b9d6efc3eb8302ebbf3e234e9c6bc5264db3a6678116ce52a7d6,0.7457751319521949,1.103089177105281,1.0899730436499695,0.0118903654641332,True,True,0.9890416463216146,0.9695251555655952,0.968569737276757,0.7038775719997034,0.7035097464602462,0.0601781209309895,0.0604062761579241,0.0020323253813244,0.0006012310148386,0.0017271496000743,0.0006547138008248,0.0012973603748139,0.0007267315153379,1.7952048118379904,1.7942444072434336,-0.0009604045945568,1.852545446117339,1.8520737722161305,-0.0004716739012085,1.912232506485452,1.912001915856199,-0.000230590629253,1.959134558050772,1.9590048626892709,-0.0001296953615008,1.9842015582199024,1.9841511938057024,-5.036441419958848e-05,1.992174099471156,1.9921423558315217,-3.174363963398541e-05,True,a13cd834e30f0c6ef081745b807758046b3a7ac8daf0339eb4945dea11573a57,0.0001017252604166,-3.987785768826476,ACCEPTED
S1C_W0.800_r11,163088283be86a4b4f1d31791f1ceb647c7b8afdda02ae68360d5d2171ae6d6d,1962789095212423922,8331814245213072405,0.8,11,128,7,393216,8,04d01e78a788668c33e0bb75f93427e884303443e53dcb128f285635b604f89d,0.746704828171503,1.103089177105281,1.0898315897958142,0.012018599751162,True,True,0.9890416463216146,0.9695251555655952,0.9686206847185116,0.7038775719997034,0.7032215176045139,0.0601781209309895,0.0607492356073288,0.0020475841703869,0.0004799166674516,0.0025195167178199,0.0007659597719149,0.002194359188988,0.0008996886556897,1.7952048118379904,1.7942521757645606,-0.0009526360734297,1.852545446117339,1.8521308395432516,-0.0004146065740875,1.912232506485452,1.9120706254288964,-0.0001618810565555,1.959134558050772,1.9590906143655311,-4.3943685240632746e-05,1.9842015582199024,1.98422234518904,2.0786969137986944e-05,1.992174099471156,1.992173649342721,-4.501284349700541e-07,True,fa3f0d63dcd0066b451b47ad99758633a3def4bac8c056bbd10bd16e61bf02ae,6.866455078125e-05,-4.158481995995451,ACCEPTED
S1C_W0.800_r12,4e6301523bba10b7d40ce030369cb23565cb6538d429b0c2f0584b4a76c08d81,14510932720716503721,3241278375788733931,0.8,12,128,7,393216,1,4e8cb0c93fb6346d6a279376f36ec5889baea198dd537709ef6f5ececeeb567d,0.7472327096121651,1.0956462467240913,1.0977159501616385,0.0018890252613334,True,True,0.5618871053059896,0.9695620297880152,0.969876022187502,0.7033344040673664,0.7033465144040625,0.0604767572312128,0.060516357421875,0.001080104282924,0.0001396137055116,0.0011000860305059,0.0002878468430653,0.0004486810593378,0.0001781852840613,1.795569413812398,1.796016148724625,0.0004467349122267,1.8526128297118,1.852822365253651,0.0002095355418512,1.9122973392868152,1.912329765275232,3.242598841679545e-05,1.9591440341325204,1.9592130692782412,6.903514572109692e-05,1.9841658311040915,1.9841913443484835,2.551324439226121e-05,1.9921897216531528,1.9921997943218352,1.0072668682470365e-05,True,7ea13471a7faf6b5fddcaa54960853827a8cf3ac3c3d308fa2170ff5477ecc26,0.000714619954427,-2.8955739267285523,ACCEPTED
S1C_W0.800_r12,4e6301523bba10b7d40ce030369cb23565cb6538d429b0c2f0584b4a76c08d81,14510932720716503721,3241278375788733931,0.8,12,128,7,393216,2,02f14cf44271a22602471d9f516161657b00f80ec560868ac35498794fda8fb5,0.7470663161504836,1.0956462467240913,1.1061135844690888,0.0095535742273513,True,True,0.5618871053059896,0.9695620297880152,0.9697978628789544,0.7033344040673664,0.7034516154859684,0.0604767572312128,0.0603833879743303,0.0007375081380208,0.0001381481291652,0.0015091668991815,0.0003893048018647,0.0007117135184152,0.0005804038571617,1.795569413812398,1.7957327118100062,0.000163297997608,1.8526128297118,1.8526822160211989,6.938630939901103e-05,1.9122973392868152,1.912313821544208,1.6482257392702593e-05,1.9591440341325204,1.959204808974928,6.077484240751829e-05,1.9841658311040915,1.9842207299416377,5.489883754639102e-05,1.9921897216531528,1.992204014002936,1.4292349783451286e-05,True,0af0ea626705ba656f8fd27ee38c2885be9cfe9bab0693d07bfc2a0332c4633c,0.0006256103515625,-2.953345139530253,ACCEPTED
S1C_W0.800_r12,4e6301523bba10b7d40ce030369cb23565cb6538d429b0c2f0584b4a76c08d81,14510932720716503721,3241278375788733931,0.8,12,128,7,393216,4,8a553ec595e82663467929df3bc36ccccb26b33122f0505f1e8b38d886b9b4e9,0.7462572370256697,1.0956462467240913,1.1119966751308707,0.0149230907837873,True,True,0.5618871053059896,0.9695620297880152,0.9700122092580094,0.7033344040673664,0.7037629123089737,0.0604767572312128,0.0605817522321428,0.0012087140764508,0.0002912373521513,0.002532232375372,0.0007878191033104,0.0012682960146949,0.0007317151887231,1.795569413812398,1.7961535775314703,0.0005841637190724,1.8526128297118,1.8529184216323475,0.0003055919205476,1.9122973392868152,1.912380568438512,8.322915169634015e-05,1.9591440341325204,1.9592701053851969,0.0001260712526762,1.9841658311040915,1.984261509411372,9.567830728074432e-05,1.9921897216531528,1.9922445024841804,5.478083102761211e-05,True,f87764bcf8eaae20b7bf51b511f011741d08aab194deb759282def765ab15366,0.0001195271809895,-3.672182388697915,ACCEPTED
S1C_W0.800_r12,4e6301523bba10b7d40ce030369cb23565cb6538d429b0c2f0584b4a76c08d81,14510932720716503721,3241278375788733931,0.8,12,128,7,393216,8,1ec61396b20c4f3b8632079ffd0290b8748527111d2b914043d13c83c10575a0,0.7470968337286086,1.0956462467240913,1.134176332823337,0.0351665386656031,True,True,0.5618871053059896,0.9695620297880152,0.9702515822869848,0.7033344040673664,0.7042942784643981,0.0604767572312128,0.0605090913318452,0.0019574846540178,0.0005675681596747,0.0041761852446056,0.0014520023030624,0.0013860066731771,0.0013340794434305,1.795569413812398,1.7965392280800565,0.0009698142676584,1.8526128297118,1.85312723123748,0.0005144015256799,1.9122973392868152,1.9125592530353013,0.0002619137484862,1.9591440341325204,1.9593397821057907,0.0001957479732703,1.9841658311040915,1.984280365170007,0.0001145340659156,1.9921897216531528,1.992249783379979,6.006172682626598e-05,False,6d8055f7cf8e9329c6c245f89b6ae77f839b6a9e1853006110d24039f5b2f7d3,,,NO_ACCEPTED_INTERVENTION_UNDER_COMMON_FIDELITY_GATE
S1C_W0.800_r13,e940cac7afad135f65e236cfc77ae147180e558ab8accbb1b5ef32ac322c317b,6160150824468491629,3559034236000207361,0.8,13,128,7,393216,1,cf45d07d1107a0a197ec7634392f160cdfdaabe77364814399623a88a9f8a349,0.7474416097005208,1.098888840541445,1.0990818225216783,0.0001756155610227,True,True,0.9088236490885416,0.9695317708868944,0.9695960855988104,0.7035015593053996,0.7035020735559785,0.060927254813058,0.0606282552083333,0.0004196166992187,3.921251371580014e-05,0.0005068097795758,9.949917015851649e-05,0.0004690261114211,0.0002410466153951,1.7953500476421451,1.795338800044603,-1.124759754245197e-05,1.852560372967467,1.8524983520826137,-6.202088485318669e-05,1.9121866678619024,1.912161019694336,-2.5648167566671987e-05,1.95909331089614,1.959073192255744,-2.0118640396304958e-05,1.984221364178584,1.9841903234420055,-3.104073657844708e-05,1.992177986929032,1.9921736080934245,-4.378835607665721e-06,True,92d2389f13525d9b2dd8de9328af920bdbfbdfb8d8cea18552b2bda83e60849a,0.0009841918945312,-2.965399835560288,ACCEPTED
S1C_W0.800_r13,e940cac7afad135f65e236cfc77ae147180e558ab8accbb1b5ef32ac322c317b,6160150824468491629,3559034236000207361,0.8,13,128,7,393216,2,63685e479b71fa07af77aa90faaedf68428d3501b93674ed49c886b61549559b,0.7464014689127605,1.098888840541445,1.0999738680111315,0.0009873860118118,True,True,0.9088236490885416,0.9695317708868944,0.9693469241227092,0.7035015593053996,0.7032909643021946,0.060927254813058,0.0606264386858258,0.0009620303199404,0.00019612133087,0.0017776489257812,0.0004099996063691,0.0010088966006324,0.0006158757234946,1.7953500476421451,1.795041693821684,-0.0003083538204613,1.852560372967467,1.85234279036512,-0.0002175826023471,1.9121866678619024,1.912066408431732,-0.0001202594301705,1.95909331089614,1.9590150703816096,-7.824051453053649e-05,1.984221364178584,1.9841352440561688,-8.612012241560052e-05,1.992177986929032,1.9921525698658469,-2.541706318526238e-05,True,1329e5aecad8acaf1de5f1cb0d201da46812cbea2bb1271f657ec9379591ada4,0.0001780192057291,-3.7080127605649422,ACCEPTED
S1C_W0.800_r13,e940cac7afad135f65e236cfc77ae147180e558ab8accbb1b5ef32ac322c317b,6160150824468491629,3559034236000207361,0.8,13,128,7,393216,4,27280d775708290f60eaf528c1382dcf7d07ada4887dbeabd0b560d7cb6b9d2e,0.7465377081008184,1.098888840541445,1.1010932499905186,0.0020060349761923,True,True,0.9088236490885416,0.9695317708868944,0.9696721259638204,0.7035015593053996,0.7026987762287944,0.060927254813058,0.0610020955403645,0.0009823753720238,0.0001418706429327,0.0015236990792411,0.0004179635665677,0.0021449497767858,0.0011802687178172,1.7953500476421451,1.795182020939219,-0.0001680267029262,1.852560372967467,1.8523456191100496,-0.000214753857417,1.9121866678619024,1.912035489383884,-0.0001511784780188,1.95909331089614,1.9590066561337027,-8.665476243741033e-05,1.984221364178584,1.9841469140719703,-7.445010661388807e-05,1.992177986929032,1.99216914982987,-8.837099161773665e-06,True,4bbcee1abc25612603b87b856013a2541a4d22523af9a91849419c5284e30ed9,0.000104268391927,-3.940326943859464,ACCEPTED
S1C_W0.800_r13,e940cac7afad135f65e236cfc77ae147180e558ab8accbb1b5ef32ac322c317b,6160150824468491629,3559034236000207361,0.8,13,128,7,393216,8,5be55eff369fa4200b4b3aa6e4a5e055ddd9a049029d65de09bef24c005bb751,0.7474750337146577,1.098888840541445,1.104267808406302,0.0048949153603258,True,True,0.9088236490885416,0.9695317708868944,0.9689861328987636,0.7035015593053996,0.7035174880510657,0.060927254813058,0.0607565016973586,0.0015266055152529,0.0003059655201054,0.0014375959123883,0.0004362961687622,0.0017180669875371,0.0008674938469117,1.7953500476421451,1.7947148943312947,-0.0006351533108506,1.852560372967467,1.8521993998083215,-0.0003609731591451,1.9121866678619024,1.9119643046919987,-0.0002223631699036,1.95909331089614,1.958939729745234,-0.0001535811509061,1.984221364178584,1.984135612575442,-8.575160314228114e-05,1.992177986929032,1.9921259401993403,-5.204672969139068e-05,True,c82094a8171945469a3a8941fc628da18d5acf8a93b4b682773a0fe6574d132b,6.357828776041667e-05,-4.155170791907161,ACCEPTED
S1C_W0.800_r14,942c58a2986a68f734e2d4730d0375a4dfe12df3496566ecc073fd0fd41cc0a6,10714398994419119567,2123816966686241028,0.8,14,128,7,393216,1,d0e0b8bc07e57624810ddc5e91e46f4b7602e14373c1cf319323adc895828f49,0.7457805815197173,1.1045706711517616,1.1066869504108814,0.0019159292514195,True,True,0.4386240641276042,0.9695259014063452,0.9698537968052412,0.7045220930340909,0.7048186405357763,0.0602031889415922,0.0602177211216517,0.0008188883463542,0.0002210701690926,0.0008123488653274,0.0002142919447188,0.0011229742140996,0.0004542203364321,1.795480539272594,1.79567211463945,0.0001915753668562,1.852545140507043,1.8526578675815848,0.0001127270745417,1.912252243978954,1.912332715832627,8.047185367310306e-05,1.9590829992677643,1.959192312556372,0.0001093132886078,1.9842129009181289,1.9842148501205052,1.9492023766165545e-06,1.9921750434913053,1.9921800718376128,5.028346307334175e-06,True,d00ed7cb7c803583c951575feea038f56f626ba0527b6e38285c3553de5f72c1,0.0006612141927083,-2.8217502876264144,ACCEPTED
S1C_W0.800_r14,942c58a2986a68f734e2d4730d0375a4dfe12df3496566ecc073fd0fd41cc0a6,10714398994419119567,2123816966686241028,0.8,14,128,7,393216,2,664715fd98985fa939a11211c695906a47f1e600e212d5f020a1c3dded6f9425,0.7459916614350819,1.1045706711517616,1.1075211563260376,0.002671160163251,True,True,0.4386240641276042,0.9695259014063452,0.9698254974552932,0.7045220930340909,0.7051003094257231,0.0602031889415922,0.0602093651181175,0.0009180704752604,0.0002231733830068,0.0008312406994047,0.0002332491591268,0.0013987223307292,0.000650111149824,1.795480539272594,1.7957361197814143,0.0002555805088204,1.852545140507043,1.8526632509673835,0.0001181104603404,1.912252243978954,1.9122612365735807,8.992594626722195e-06,1.9590829992677643,1.959068593120906,-1.440614685832564e-05,1.9842129009181289,1.9841838079218672,-2.9092996261637083e-05,1.9921750434913053,1.9921574549732493,-1.7588518056221858e-05,True,cea5424c5677d1b706dde58c75550b9e632eff6f02d9e95802f61c16c9df769a,0.0002059936523437,-3.3282386167185827,ACCEPTED
S1C_W0.800_r14,942c58a2986a68f734e2d4730d0375a4dfe12df3496566ecc073fd0fd41cc0a6,10714398994419119567,2123816966686241028,0.8,14,128,7,393216,4,29f1a223a9831d5c7dc69e70d6cedc348eae8bd5d4da28b247eb685c117567df,0.7467698596772694,1.1045706711517616,1.0944097518666511,0.0091989761728103,True,True,0.4386240641276042,0.9695259014063452,0.9698296747796964,0.7045220930340909,0.7037410903165339,0.0602031889415922,0.0601904732840401,0.0007567632765997,0.0001443882205919,0.0007244291759672,0.0002217926046793,0.0006230672200521,0.0004742329067443,1.795480539272594,1.7957541363578988,0.0002735970853049,1.852545140507043,1.8526547467534893,0.0001096062464465,1.912252243978954,1.912199862494632,-5.238148432207268e-05,1.9590829992677643,1.959096069865075,1.3070597310704812e-05,1.9842129009181289,1.9842128863782635,-1.4539865311746782e-08,1.9921750434913053,1.9921840210280863,8.977536780863105e-06,True,df7c63695de16ed0777398ac9a0d70996aff3396536331e33fd787cd4942bd85,9.663899739583332e-05,-3.6569400389804234,ACCEPTED
S1C_W0.800_r14,942c58a2986a68f734e2d4730d0375a4dfe12df3496566ecc073fd0fd41cc0a6,10714398994419119567,2123816966686241028,0.8,14,128,7,393216,8,d2ef412e73b5567e4a49c1e68799dcee07a9f08a79bb3d2c1b76fd3243ecad09,0.7465384347098214,1.1045706711517616,1.1014397545043568,0.0028345100310693,True,True,0.4386240641276042,0.9695259014063452,0.9694472677457704,0.7045220930340909,0.7044863487606325,0.0602031889415922,0.0600113641648065,0.0013177054268973,0.0001769730026957,0.0018931797572544,0.0006782733884258,0.0009613037109375,0.000320466602689,1.795480539272594,1.7952177002384306,-0.0002628390341632,1.852545140507043,1.8522959005908195,-0.0002492399162234,1.912252243978954,1.9120116292619564,-0.0002406147169975,1.9590829992677643,1.9590298982024568,-5.3101065307537e-05,1.9842129009181289,1.9841660640815129,-4.683683661599325e-05,1.9921750434913053,1.992142868910177,-3.21745811284746e-05,True,25f89aafce47565ffebd6dc710206d00ef1fb20acd124b1d72596cdaac643186,8.392333984375e-05,-3.718209695719345,ACCEPTED
S1C_W0.800_r15,0280a515025bcc95c41ef7aaa5ae0dd1270c0cd0551b0dd2b0c3245c1135f9ec,3525784381421185546,9728774493767030428,0.8,15,128,7,393216,1,39258c48741d748f9a89916be67ab3e349dc4dadea585d718bc48028a8b38317,0.7465980166480655,1.105042502208951,1.099748928629631,0.0047903800702129,True,True,0.4211502075195312,0.9695165260184482,0.9694072792128392,0.7044325673968266,0.7041418113850152,0.0601712181454613,0.0602907453264508,0.0008250645228794,9.475011736778956e-05,0.0011077154250372,0.0002249369954416,0.0006368727911086,0.0003059279542224,1.7952708585482928,1.7949089227611228,-0.00036193578717,1.8524194618508452,1.8522587845681933,-0.0001606772826521,1.912105739129168,1.912112643964136,6.904834968013418e-06,1.959041090533392,1.9590627576055384,2.1667072146458463e-05,1.984198589143805,1.9841862408660829,-1.234827772211844e-05,1.9921715085535336,1.9921699139620688,-1.5945914648707316e-06,True,9b4ffa1b402882436607767fb98779b29cbc993afc889ab465a8af59da70252f,0.0008112589518229,-2.7152775169740737,ACCEPTED
S1C_W0.800_r15,0280a515025bcc95c41ef7aaa5ae0dd1270c0cd0551b0dd2b0c3245c1135f9ec,3525784381421185546,9728774493767030428,0.8,15,128,7,393216,2,eceea75a4259e528c443e853a5c206527ad6dc8c7afd66dca85f0cf55f6317f2,0.746386936732701,1.105042502208951,1.108210064050418,0.0028664615479813,True,True,0.4211502075195312,0.9695165260184482,0.9692397418681358,0.7044325673968266,0.7044042498345774,0.0601712181454613,0.0600898379371279,0.0010445004417782,0.0001422831812634,0.0012824648902529,0.0003254951769486,0.0006306966145832,0.0003302203114831,1.7952708585482928,1.7947220961987498,-0.000548762349543,1.8524194618508452,1.8521882255689457,-0.0002312362818996,1.912105739129168,1.9121067459653256,1.006836158223834e-06,1.959041090533392,1.9590419094620264,8.189286344606472e-07,1.984198589143805,1.9841662685060544,-3.232063775082672e-05,1.9921715085535336,1.992135033796192,-3.6474757341586894e-05,True,1190e540d7402169c4a41e5eed0ad224c01b1b4695412e012be9bda8a3dd5d06,0.000256856282552,-3.2147468262486125,ACCEPTED
S1C_W0.800_r15,0280a515025bcc95c41ef7aaa5ae0dd1270c0cd0551b0dd2b0c3245c1135f9ec,3525784381421185546,9728774493767030428,0.8,15,128,7,393216,4,e6914ea9aed2ef34abf5d1ba1428c5c8d2b9e11107ee5fa9e293ff8db43798cc,0.7466517857142857,1.105042502208951,1.1028324545621562,0.0019999661934965,True,True,0.4211502075195312,0.9695165260184482,0.9696131759950274,0.7044325673968266,0.7038252849441664,0.0601712181454613,0.0604011898949032,0.0008552187965029,0.0002335667932328,0.0026186988467262,0.0008214518273684,0.0009623936244419,0.0005793543725925,1.7952708585482928,1.7955409673571876,0.0002701088088947,1.8524194618508452,1.8525750003798012,0.000155538528956,1.912105739129168,1.9122413416522623,0.0001356025230947,1.959041090533392,1.959104724192526,6.363365913419905e-05,1.984198589143805,1.9841805941783095,-1.7994965495260473e-05,1.9921715085535336,1.9921567847745127,-1.472377902089761e-05,True,bf34c968e7b92845ef86a48e12908475530a74681f9c32987ba8c963e14cb70e,8.900960286458333e-05,-3.67500015568098,ACCEPTED
S1C_W0.800_r15,0280a515025bcc95c41ef7aaa5ae0dd1270c0cd0551b0dd2b0c3245c1135f9ec,3525784381421185546,9728774493767030428,0.8,15,128,7,393216,8,68b290ec1a63476166bec03075bb30cd79bf15a43ced8ea227306e49825a1c6a,0.7472792125883556,1.105042502208951,1.1060186290507454,0.0008833387311739,True,True,0.4211502075195312,0.9695165260184482,0.969805301204258,0.7044325673968266,0.7043568144958694,0.0601712181454613,0.0603743053617931,0.0017384120396205,0.0002115335107872,0.0037391299293154,0.0011787694297648,0.0005391438802083,0.0002066618350637,1.7952708585482928,1.7959635217888013,0.0006926632405084,1.8524194618508452,1.8529024422118048,0.0004829803609593,1.912105739129168,1.9123668217568184,0.0002610826276507,1.959041090533392,1.9591875733569128,0.0001464828235209,1.984198589143805,1.9842197379872264,2.114884342119261e-05,1.9921715085535336,1.9921752274701088,3.718916575135012e-06,True,13bb6e15cb92dd8fe03f86cfd4487ad13001e413b7c96bcd2614fc4774cd6c3c,5.8492024739583336e-05,-3.857340364013662,ACCEPTED
S1C_W0.810_r00,04d17a8bdaa42b5ab786e94b4a7a1ca63d0102a685ceac53952fe8769c9066be,7655837767034734158,934042189007205845,0.81,0,128,7,393216,1,a92994b113b24ce8cd1a21903290e49bb5d5857165eb2a0c889b685f3795ce79,0.7509682064964658,1.0692752812693271,1.0665469624074069,0.0025515589013537,True,True,0.9801712036132812,0.969531665583211,0.969325486528213,0.6978528415089662,0.6982501667920418,0.0631390526181175,0.0632520403180803,0.0011676606677827,0.0001834816081924,0.0019167945498511,0.0005936593275653,0.0010001772925967,0.0006504613350889,1.7953238729197871,1.7948382200533946,-0.0004856528663925,1.8525757611405176,1.8522891997425648,-0.0002865613979532,1.912247098826484,1.912111784984023,-0.0001353138424606,1.959192340178516,1.9591155356609824,-7.680451753344641e-05,1.984227040441635,1.9842073353554053,-1.9705086229393487e-05,1.9921999942627209,1.9921933132989684,-6.680963752225821e-06,True,c97e8e4635d69d77f366db8aa71a0eb93e1193b4bf4db7b68e6157431ab1abd2,0.0010884602864583,-2.9544893512485646,ACCEPTED
S1C_W0.810_r00,04d17a8bdaa42b5ab786e94b4a7a1ca63d0102a685ceac53952fe8769c9066be,7655837767034734158,934042189007205845,0.81,0,128,7,393216,2,77c93ca29260825b383f0ee4d9c099bd18133cd8fa85fd65c4a6061c1b9dec84,0.750442868187314,1.0692752812693271,1.0584014991830657,0.0101693009057064,True,True,0.9801712036132812,0.969531665583211,0.9690026999315888,0.6978528415089662,0.6980998230489819,0.0631390526181175,0.0629610334123883,0.0013504028320312,0.0003836794377836,0.0017427716936384,0.0004239645054606,0.0009278796968006,0.0008441129316064,1.7953238729197871,1.7946996110147069,-0.0006242619050804,1.8525757611405176,1.8523380927916504,-0.0002376683488671,1.912247098826484,1.9121890542700977,-5.804455638602768e-05,1.959192340178516,1.9591290613225647,-6.327885595114324e-05,1.984227040441635,1.9841884645157728,-3.857592586165026e-05,1.9921999942627209,1.9921793881534005,-2.060610932019813e-05,True,eb735165f00f7b09358d89705e35231351601db4be14a54b18e98e83b90770be,0.0002365112304687,-3.6174501717078016,ACCEPTED
S1C_W0.810_r00,04d17a8bdaa42b5ab786e94b4a7a1ca63d0102a685ceac53952fe8769c9066be,7655837767034734158,934042189007205845,0.81,0,128,7,393216,4,90b003262d6ffbf0ca28efff5402b609f722c75899901ca75301690e33e64bca,0.7497387840634301,1.0692752812693271,1.0668552744302868,0.0022632215309116,True,True,0.9801712036132812,0.969531665583211,0.9681564203261328,0.6978528415089662,0.6991275841197228,0.0631390526181175,0.0627474103655133,0.0029827299572172,0.0010528696755514,0.0023349580310639,0.0007976467569604,0.0021434965587797,0.0013525090306474,1.7953238729197871,1.7939477845986236,-0.0013760883211635,1.8525757611405176,1.8519070832890447,-0.000668677851473,1.912247098826484,1.9118524282772245,-0.0003946705492592,1.959192340178516,1.9590032661516343,-0.0001890740268815,1.984227040441635,1.9841318361497775,-9.520429185716496e-05,1.9921999942627209,1.9921444668585115,-5.552740420933233e-05,True,ba4820ccc2fc95d60c5f817ca756c6e06a8bbef3eaea7194e851274ed285b761,0.0001017252604166,-3.9838731289337743,ACCEPTED
S1C_W0.810_r00,04d17a8bdaa42b5ab786e94b4a7a1ca63d0102a685ceac53952fe8769c9066be,7655837767034734158,934042189007205845,0.81,0,128,7,393216,8,2779d67155307f771150c9268a3a31001ccbf339e35a9a5efd60c71b19914173,0.750354221888951,1.0692752812693271,1.0291567383692728,0.0375193774725905,True,True,0.9801712036132812,0.969531665583211,0.9675080414346272,0.6978528415089662,0.6962265754266372,0.0631390526181175,0.0627612159365699,0.0038466680617559,0.0012563228690327,0.0028461274646577,0.0011758823122753,0.0026575724283853,0.0021379148420485,1.7953238729197871,1.7933387764430306,-0.0019850964767564,1.8525757611405176,1.8515969577508575,-0.00097880338966,1.912247098826484,1.9117209583643773,-0.0005261404621061,1.959192340178516,1.958890243719095,-0.0003020964594209,1.984227040441635,1.984126818977152,-0.0001002214644831,1.9921999942627209,1.9921461223639647,-5.387189875549758e-05,False,6ba9e89c96e508a700f0aca64aa09acc0b9b4cb4ebfc6e870147b7cf12baeb02,,,NO_ACCEPTED_INTERVENTION_UNDER_COMMON_FIDELITY_GATE
S1C_W0.810_r01,4bcbbc2ff658c9485283bbbcd1fd00120b13c5fb07fa08812029ef846fd99621,7138177107724583812,18115717769615187850,0.81,1,128,7,393216,1,92c2d1150712dfabbbed4c66765df3fa27a05e8846b155bc4b21c09f0ed48d88,0.7489812941778273,1.0667980815005391,1.0701335443385167,0.0031266112077048,True,True,0.7990849812825521,0.9694769399817332,0.9694058499585624,0.6981916841766591,0.6982428319977727,0.0631346929640997,0.0635652087983631,0.000789097377232,0.0001195403344683,0.0017707461402529,0.0004175263496843,0.000640142531622,0.0003973981918913,1.795419730901947,1.7954366103741326,1.687947218553809e-05,1.8526815632565248,1.8524793177185117,-0.0002022455380139,1.9122469376094355,1.9121966512920392,-5.028631739611989e-05,1.9591394890314893,1.9591752180919209,3.572906043136648e-05,1.984160464490831,1.9842256410582584,6.517656742732747e-05,1.992166539071584,1.992179977909113,1.3438837529244909e-05,True,166af70e7b3aeb426fcb9d90ec498cfacf0de5dbb3321d73261868b06a3a5ad6,0.0012105305989583,-2.819617196511374,ACCEPTED
S1C_W0.810_r01,4bcbbc2ff658c9485283bbbcd1fd00120b13c5fb07fa08812029ef846fd99621,7138177107724583812,18115717769615187850,0.81,1,128,7,393216,2,00b42f13a3ca7fe5183d7492d5d60868c269f7d3077276e638cabb46a179e37f,0.7493969145275298,1.0667980815005391,1.0700735189019497,0.0030703442930862,True,True,0.7990849812825521,0.9694769399817332,0.9694611153270516,0.6981916841766591,0.6983769734124262,0.0631346929640997,0.0635350545247395,0.0008584885370163,0.0001348542103113,0.0006503150576637,0.0001796338241174,0.0007781982421875,0.0004515639697095,1.795419730901947,1.795248767530832,-0.0001709633711151,1.8526815632565248,1.852474465046416,-0.0002070982101096,1.9122469376094355,1.912156111393673,-9.082621576239625e-05,1.9591394890314893,1.9591561199415524,1.6630910063097915e-05,1.984160464490831,1.9842162005108124,5.5736019981322826e-05,1.992166539071584,1.9921826396217248,1.6100550140896175e-05,True,c6820e9d4684c74948f83cfb465f99f5f8e591e190435c0c1a8fab8d48de4e37,0.0001983642578125,-3.6051295465413866,ACCEPTED
S1C_W0.810_r01,4bcbbc2ff658c9485283bbbcd1fd00120b13c5fb07fa08812029ef846fd99621,7138177107724583812,18115717769615187850,0.81,1,128,7,393216,4,d63b1ef4c6685a523247f5c3caf03bf4531817cd1dd76e3860b1dcf382d45b3c,0.7488345191592262,1.0667980815005391,1.0659623016881374,0.0007834470523476,True,True,0.7990849812825521,0.9694769399817332,0.9700385986780734,0.6981916841766591,0.698624796125304,0.0631346929640997,0.063550313313802,0.0006910051618303,0.0001407219847584,0.0014757428850445,0.0004881663402017,0.0016217912946429,0.0008629235179765,1.795419730901947,1.7956413116872394,0.0002215807852923,1.8526815632565248,1.8525655291953744,-0.000116034061151,1.9122469376094355,1.9122088572923,-3.808031713536941e-05,1.9591394890314893,1.9591782437800127,3.875474852343963e-05,1.984160464490831,1.9841922301225936,3.17656317625481e-05,1.992166539071584,1.9921820832529669,1.5544181383164712e-05,True,173a22cb38c784177d90d7bec3e8f8459e98bf11f86e284f54931a5e58005aec,0.0001195271809895,-3.8251262912961495,ACCEPTED
S1C_W0.810_r01,4bcbbc2ff658c9485283bbbcd1fd00120b13c5fb07fa08812029ef846fd99621,7138177107724583812,18115717769615187850,0.81,1,128,7,393216,8,b00ce27964197bb8f2b966a071cb1e9f3cb29ecd33ffbdbd30a994f4719f5aaa,0.7497874668666294,1.0667980815005391,1.068784405822603,0.0018619496571178,True,True,0.7990849812825521,0.9694769399817332,0.9688751012286017,0.6981916841766591,0.6993236658684678,0.0631346929640997,0.0629232497442336,0.0019316900344122,0.0006609796019619,0.0023200625465029,0.0009262368512313,0.00144776843843,0.0008734004818568,1.795419730901947,1.794572783219222,-0.000846947682725,1.8526815632565248,1.8522361893824264,-0.000445373874099,1.9122469376094355,1.9120403519806688,-0.0002065856287665,1.9591394890314893,1.959068433404376,-7.105562711351432e-05,1.984160464490831,1.9841579784286865,-2.486062144591017e-06,1.992166539071584,1.9921686628825224,2.1238109388921345e-06,True,aa73a1113e32bf095d4322ca7b28b50b570ae081ee83e310c65aa496e82b061a,7.375081380208333e-05,-4.034826151332911,ACCEPTED
S1C_W0.810_r02,de1cc6f702c1294287f51882fafb282311ecce9be66ce86769a743006dacf365,7301254539265411036,1717762875529522896,0.81,2,128,7,393216,1,6ede76d875c20be0ef61c3a35ac28f7612ab13490c5d69c4ecc0a7c57a3c4977,0.7505035400390625,1.0653239848231912,1.0640338772444222,0.0012110002188518,True,True,0.9857457478841146,0.9695277112584156,0.9693183466171992,0.6979445480265692,0.6982004945984923,0.0633385067894345,0.0634482247488839,0.0012443179175967,0.0001223260349255,0.0018078031994047,0.0003097492377346,0.0006997244698659,0.0003421300510107,1.7955276972461074,1.7950186321438075,-0.0005090651022998,1.852625477579276,1.8524619649338805,-0.0001635126453953,1.9122305138283489,1.912045929839862,-0.0001845839884868,1.9592335424014136,1.9590858067504056,-0.0001477356510077,1.98423575816921,1.9841927827887456,-4.297538046427185e-05,1.9922060384185631,1.992199118979176,-6.919439387020887e-06,True,25db9c1dc763a3ce23c146e7601a92a60858652bf0b8b174015d1ac4a12e7dfe,0.0010350545247395,-2.978801684157413,ACCEPTED
S1C_W0.810_r02,de1cc6f702c1294287f51882fafb282311ecce9be66ce86769a743006dacf365,7301254539265411036,1717762875529522896,0.81,2,128,7,393216,2,aa63e29a63c2dc4a0f66b6a1387412c3dc891d5abd5b9223f8fd257b256016c4,0.7494815644763765,1.0653239848231912,1.0687908952814444,0.0032543249824874,True,True,0.9857457478841146,0.9695277112584156,0.9696303596559191,0.6979445480265692,0.6981018662072441,0.0633385067894345,0.0634009951636904,0.0008930024646577,5.3047956468621273e-05,0.0010637555803572,0.0001778054314616,0.0007978166852679,0.0003387946138607,1.7955276972461074,1.7953829209360967,-0.0001447763100106,1.852625477579276,1.8526191406721837,-6.336907092396871e-06,1.9122305138283489,1.91220243729352,-2.807653482905792e-05,1.9592335424014136,1.9591558004784853,-7.774192292808735e-05,1.98423575816921,1.984196816843331,-3.8941325879005007e-05,1.9922060384185631,1.9921847210823496,-2.131733621335563e-05,True,47b1546961cf0afc628f2372e62f0d7511b629a9d26dc4389cf3de8517013d70,0.0001373291015625,-3.856002333559665,ACCEPTED
S1C_W0.810_r02,de1cc6f702c1294287f51882fafb282311ecce9be66ce86769a743006dacf365,7301254539265411036,1717762875529522896,0.81,2,128,7,393216,4,51cfe2ad6a87f2aebd3c14ebb7d8d8ab40569b9ab47d9bd424655a2c559700c0,0.748841058640253,1.0653239848231912,1.0714185845789954,0.0057208885208903,True,True,0.9857457478841146,0.9695277112584156,0.9703531009825992,0.6979445480265692,0.6988544302949965,0.0633385067894345,0.0637501307896205,0.0015091668991815,0.0005164861221407,0.0015480404808407,0.0006289707391871,0.0032290504092261,0.0012936290057984,1.7955276972461074,1.7958635247461168,0.0003358275000093,1.852625477579276,1.8528294333799264,0.0002039558006503,1.9122305138283489,1.9123123281946743,8.181436632570538e-05,1.9592335424014136,1.959215958183282,-1.7584218131583285e-05,1.98423575816921,1.9842382501206957,2.4919514853838365e-06,1.9922060384185631,1.992207006974999,9.685564359429577e-07,True,96fdbe45867646694db6a831b67bcbcdfefca8e64e592ec1e1efdac10a9a2058,0.0001093546549479,-3.9549276378030473,ACCEPTED
S1C_W0.810_r02,de1cc6f702c1294287f51882fafb282311ecce9be66ce86769a743006dacf365,7301254539265411036,1717762875529522896,0.81,2,128,7,393216,8,596a64eea711e552e84f8b275ae7e7ac064670865ade333ad4bddc0dc07c4578,0.7492813836960566,1.0653239848231912,1.073969213844304,0.0081151172265661,True,True,0.9857457478841146,0.9695277112584156,0.9701719286820067,0.6979445480265692,0.7011640081201584,0.0633385067894345,0.0632102603004092,0.0011407761346726,0.0002853775703945,0.0012421380905878,0.0004274234933431,0.0054746355329241,0.0031307654346154,1.7955276972461074,1.7957856509096275,0.0002579536635203,1.852625477579276,1.8529055423181984,0.0002800647389225,1.9122305138283489,1.9123888229108528,0.0001583090825043,1.9592335424014136,1.9592186256781488,-1.491672326481286e-05,1.98423575816921,1.9842552890861855,1.9530916975707413e-05,1.9922060384185631,1.992237951292187,3.191287362391826e-05,True,8be2ba2e9b986151283b2ddb0241c7fc4aec74e8815c30759424a8f639a0fe16,6.357828776041667e-05,-4.190456084710595,ACCEPTED
S1C_W0.810_r03,e8ffe1cae5cf5103a84c9bf022a0c7ab824c1235c2cb6b542808a77872cbdceb,10833399783473843663,9514140423465135883,0.81,3,128,7,393216,1,df209116e02f0bbfa7cb70ac7df05732aa7c7e53425148b41ce3e62901cf8f8a,0.7493522280738467,1.0710561198387234,1.0683779862675742,0.0025004605468782,True,True,0.8165232340494791,0.969508269292536,0.9694354291622752,0.6987908138126118,0.6987002223800606,0.0634329659598214,0.0632811046781994,0.0006688435872395,0.0001392265035602,0.0015524001348586,0.0002515810631399,0.0006285167875743,0.0003159460507578,1.795445346831232,1.7951647349865354,-0.0002806118446965,1.8524960075084809,1.8524208343703457,-7.517313813520943e-05,1.91218537338702,1.91218661737339,1.243986369914296e-06,1.9590759357686256,1.9590799647049728,4.028936347211243e-06,1.9841388349345517,1.9841761636709585,3.7328736406827545e-05,1.9921524891783853,1.9921466392280864,-5.849950299063877e-06,True,357d0491b61e79a0770dae0f60af7d4ff5252a9b06b7dd7688e5302781766333,0.0004679361979166,-3.2417819050324272,ACCEPTED
S1C_W0.810_r03,e8ffe1cae5cf5103a84c9bf022a0c7ab824c1235c2cb6b542808a77872cbdceb,10833399783473843663,9514140423465135883,0.81,3,128,7,393216,2,4c1011c2547358bb468351963ed235aff8cfe86a264c41ad6b6b0222059fb3ea,0.7486601329985119,1.0710561198387234,1.0628793650651014,0.0076342916324993,True,True,0.8165232340494791,0.969508269292536,0.9692507990407084,0.6987908138126118,0.6982995563220651,0.0634329659598214,0.0636803763253348,0.0008926391601562,0.0001698639322355,0.0012813749767485,0.0003424023084318,0.0007008143833705,0.0004793214173697,1.795445346831232,1.7950818617655422,-0.0003634850656897,1.8524960075084809,1.85240271287569,-9.329463279073023e-05,1.91218537338702,1.9121984596306496,1.3086243629611973e-05,1.9590759357686256,1.959108507579292,3.257181066618209e-05,1.9841388349345517,1.9841762417253697,3.740679081842835e-05,1.9921524891783853,1.9921658792358743,1.3390057488793516e-05,True,12fcaa30812b3f7873b2d2d1ed5d9e6d9e53df84489e77ed9572e0e5b90fc6aa,0.0001602172851562,-3.707259178588382,ACCEPTED
S1C_W0.810_r03,e8ffe1cae5cf5103a84c9bf022a0c7ab824c1235c2cb6b542808a77872cbdceb,10833399783473843663,9514140423465135883,0.81,3,128,7,393216,4,3cff2d338c76bdc6184f3057b54c8bbccc6bb270eb01c1eade2b325be763aa37,0.7498092651367188,1.0710561198387234,1.057443623990661,0.0127094141902779,True,True,0.8165232340494791,0.969508269292536,0.9690178559652493,0.6987908138126118,0.6980565369887785,0.0634329659598214,0.0635848272414434,0.0014899117606026,0.00019915889037,0.001417977469308,0.0003457534659379,0.0006688435872396,0.0007013289945945,1.795445346831232,1.794735343378373,-0.0007100034528588,1.8524960075084809,1.8521929012866851,-0.0003031062217955,1.91218537338702,1.9121204266709264,-6.494671609358349e-05,1.9590759357686256,1.959091504976484,1.55692078582792e-05,1.9841388349345517,1.9841897863630824,5.095142853117629e-05,1.9921524891783853,1.9921813090479492,2.881986956393412e-05,True,99a1fec52b179c0013ef8dbf310c2096ecbcdc2d12d297ea5e27fc9ad048890e,0.0001068115234375,-3.8833504376440633,ACCEPTED
S1C_W0.810_r03,e8ffe1cae5cf5103a84c9bf022a0c7ab824c1235c2cb6b542808a77872cbdceb,10833399783473843663,9514140423465135883,0.81,3,128,7,393216,8,54c1f7a9171fec374a9bd04e6fe82c8d654b81cf3ca22c15d0e4e66ad2b9e795,0.7489838373093378,1.0710561198387234,1.0712741244316175,0.0002035417088389,True,True,0.8165232340494791,0.969508269292536,0.9685950955924364,0.6987908138126118,0.6993495078269626,0.0634329659598214,0.062833513532366,0.002881368001302,0.000562576269486,0.0041031610398065,0.0011863203951337,0.0013111659458705,0.0004683449213179,1.795445346831232,1.7939438479516558,-0.001501498879576,1.8524960075084809,1.8517358576798708,-0.00076014982861,1.91218537338702,1.911872544878235,-0.000312828508785,1.9590759357686256,1.958973852769529,-0.0001020829990965,1.9841388349345517,1.9841155220946105,-2.3312839940947683e-05,1.9921524891783853,1.9921564569174857,3.96773910016357e-06,True,77cbb5167ab55132da910fbcd45f8950d5d1d9a3e3bafead58e99fbaf99cd8b5,8.392333984375e-05,-3.988085788164076,ACCEPTED
S1C_W0.810_r04,3a2e21b182f92e40d46ced8f61f1060129252019d9a7a08d301fdb01b943a2d0,17089777873478898221,16951094302730524563,0.81,4,128,7,393216,1,6d5d55fde29c8269f9713388301fb6d749d81ede1a2664d43d0b6c4660c19bde,0.7501787458147322,1.0607973161219055,1.0582223398915431,0.0024273970071644,True,True,0.9863179524739584,0.9694598602421254,0.9690801782025996,0.6971113009365327,0.6966794549882727,0.0638674781436011,0.0639786493210565,0.001860119047619,0.0002871868322904,0.002239772251674,0.0004156513467823,0.0010742914109003,0.0004666229896834,1.795525679802951,1.794748828806214,-0.0007768509967371,1.852644558299667,1.8521031779550368,-0.0005413803446294,1.9122638831200045,1.911927088598114,-0.0003367945218903,1.959180246586511,1.9590810978782265,-9.914870828442446e-05,1.9842427141935624,1.9841857502456477,-5.696394791510073e-05,1.9921882269211872,1.9921633141174675,-2.4912803719967517e-05,True,e88456551cfa82ea75d23c96b9efd269c97f589ce736f3727ff3befef010ecd4,0.0015869140625,-2.793463529334896,ACCEPTED
S1C_W0.810_r04,3a2e21b182f92e40d46ced8f61f1060129252019d9a7a08d301fdb01b943a2d0,17089777873478898221,16951094302730524563,0.81,4,128,7,393216,2,f4dfc3787973c31d3cade31c0be95bd200abd59247649d00fdcb21744f9a0532,0.751129876999628,1.0607973161219055,1.0520273921007304,0.0082672946922947,True,True,0.9863179524739584,0.9694598602421254,0.9686115205284764,0.6971113009365327,0.6969898560908,0.0638674781436011,0.0640273321242559,0.0018103463309151,0.0005680980850145,0.0024170648484003,0.0006868879618057,0.0007375081380208,0.000468198347457,1.795525679802951,1.7947461794583246,-0.0007795003446264,1.852644558299667,1.8521325641266424,-0.0005119941730242,1.9122638831200045,1.9119436728448147,-0.0003202102751898,1.959180246586511,1.9590242071106467,-0.0001560394758639,1.9842427141935624,1.9842059473521223,-3.676684143982811e-05,1.9921882269211872,1.992190957631612,2.7307104244478357e-06,True,73a18acb03daf19276f677515ca1d81123f75c396f110555c91b4a060ec541f7,0.0001475016276041,-3.825220125454383,ACCEPTED
S1C_W0.810_r04,3a2e21b182f92e40d46ced8f61f1060129252019d9a7a08d301fdb01b943a2d0,17089777873478898221,16951094302730524563,0.81,4,128,7,393216,4,bca54406c9e76cf95daa1a857372cdea790412d3255eda6bdd4c722c0d7be162,0.7508911859421503,1.0607973161219055,1.0488184894815928,0.0112922859610026,True,True,0.9863179524739584,0.9694598602421254,0.9681663622659388,0.6971113009365327,0.6969988422276256,0.0638674781436011,0.0638169788178943,0.0025663829985119,0.0008000385460839,0.0038648332868304,0.0012429328712282,0.0013634817940848,0.0009209286248117,1.795525679802951,1.7942101328827609,-0.0013155469201904,1.852644558299667,1.8519174815444868,-0.0007270767551799,1.9122638831200045,1.9118849757940688,-0.0003789073259357,1.959180246586511,1.958990004374057,-0.0001902422124535,1.9842427141935624,1.9841647763163603,-7.793787720200562e-05,1.9921882269211872,1.992164946941399,-2.327997978834873e-05,True,e128676a9b71e3f287c49f7c8152ec0a28a2c526c00dc9b3049a672dcbde32aa,8.646647135416667e-05,-4.057169201975065,ACCEPTED
S1C_W0.810_r04,3a2e21b182f92e40d46ced8f61f1060129252019d9a7a08d301fdb01b943a2d0,17089777873478898221,16951094302730524563,0.81,4,128,7,393216,8,43e1d0604bcb891c502aefe0feac638af8e147ea0d8562136b0423b8c016c3ea,0.751507350376674,1.0607973161219055,1.0608868736546642,8.44247354301762e-05,True,True,0.9863179524739584,0.9694598602421254,0.9682419752568692,0.6971113009365327,0.697185685278195,0.0638674781436011,0.0634656633649553,0.0029787336077008,0.0008139200294644,0.0029874529157365,0.0009535093893723,0.001967293875558,0.0008171185953101,1.795525679802951,1.7939468044376017,-0.0015788753653496,1.852644558299667,1.851894324057913,-0.0007502342417531,1.9122638831200045,1.91188633344554,-0.0003775496744644,1.959180246586511,1.9590755337004264,-0.0001047128860844,1.9842427141935624,1.984200169793119,-4.254440044326735e-05,1.9921882269211872,1.992163381153544,-2.484576764327784e-05,True,4697f3f0aa61c18cffe52b8c0ba835ee5f08d4e4ff9af602faede6eae903fd6d,8.392333984375e-05,-4.0701341791394325,ACCEPTED
S1C_W0.810_r05,d4e32e1e06ea1e2e070b52ed781a3560010fb4ea3546a152b8e0ff8812f0e6f7,10737365616079812786,17714141268111472187,0.81,5,128,7,393216,1,763e6fab5d5e4b77fab43aec9a6808170c5668ec7b0998411dba07573a1d70da,0.7496617635091145,1.0696855713865752,1.065309444081234,0.004091040790303,True,True,0.9802042643229166,0.9695320278303734,0.9694101879033225,0.6986621759553374,0.6983298036974832,0.0631797427222842,0.0635797409784226,0.001280285063244,0.0001331692379002,0.0012730189732142,0.0002475295859455,0.0006285167875743,0.0003180283874979,1.7954707604580806,1.794972053985393,-0.0004987064726875,1.852578288337322,1.8523470412822256,-0.0002312470550964,1.912243109256196,1.912210800701334,-3.230855486169304e-05,1.959127174535392,1.9590812646366011,-4.590989879083018e-05,1.9842131314136884,1.984202272130881,-1.0859282807418325e-05,1.9921655975904955,1.9921736812081847,8.083617689669254e-06,True,6aa606a40a2b6ee1a52a4eff0e0cf38a5d19ba703e4eca0d12a4fe6b84741225,0.0006790161132812,-3.159436507196937,ACCEPTED
S1C_W0.810_r05,d4e32e1e06ea1e2e070b52ed781a3560010fb4ea3546a152b8e0ff8812f0e6f7,10737365616079812786,17714141268111472187,0.81,5,128,7,393216,2,7cbcbf33b87e5c685afd14fe3b8380da5dc600705de09e2a004367f19317aac6,0.7496257963634673,1.0696855713865752,1.0672900379174468,0.002239474414919,True,True,0.9802042643229166,0.9695320278303734,0.9695144182900934,0.6986621759553374,0.6987280583132611,0.0631797427222842,0.0632625761486235,0.0005020868210565,0.0001110610822688,0.0010677519298735,0.0002199698790487,0.0006234305245536,0.0003317181887941,1.7954707604580806,1.7954027923890408,-6.796806903985875e-05,1.852578288337322,1.852566617580834,-1.1670756488113554e-05,1.912243109256196,1.912291353223329,4.824396713321022e-05,1.959127174535392,1.9591218054859727,-5.369049419057248e-06,1.9842131314136884,1.984190604201559,-2.252721212947506e-05,1.9921655975904955,1.9921653122147107,-2.8537578478093906e-07,True,ed54adfab0d4f7357937a87321a4261103f923758fa681710b9edc4967eab3ed,0.0001500447591145,-3.815095756919368,ACCEPTED
S1C_W0.810_r05,d4e32e1e06ea1e2e070b52ed781a3560010fb4ea3546a152b8e0ff8812f0e6f7,10737365616079812786,17714141268111472187,0.81,5,128,7,393216,4,97ebfa306c69d35e36d8f020eb5d4576233d8bd67a6c05818141bb035dc6bd51,0.7504290626162574,1.0696855713865752,1.0656325759011027,0.0037889596661743,True,True,0.9802042643229166,0.9695320278303734,0.9700652684723132,0.6986621759553374,0.6988763048005361,0.0631797427222842,0.0635118030366443,0.0014761061895461,0.000280166376765,0.0028058006649925,0.0006746387173366,0.0012999035063243,0.0007580633421631,1.7954707604580806,1.7961945575057152,0.0007237970476345,1.852578288337322,1.8529826015485655,0.0004043132112436,1.912243109256196,1.912492328222392,0.0002492189661964,1.959127174535392,1.9592092928865183,8.211835112637011e-05,1.9842131314136884,1.98423431062341,2.1179209721555736e-05,1.9921655975904955,1.9921995451459464,3.394755545094164e-05,True,2bd3436970394690979d03d092925258d8ca6429b372bb071796f617944b831b,0.0001017252604166,-3.98388777723355,ACCEPTED
S1C_W0.810_r05,d4e32e1e06ea1e2e070b52ed781a3560010fb4ea3546a152b8e0ff8812f0e6f7,10737365616079812786,17714141268111472187,0.81,5,128,7,393216,8,1e533096cc79e42eb8160d04111872fb3e3f46747d921c66ab252b09be6d093b,0.7504254295712426,1.0696855713865752,1.066975010867912,0.0025339787608329,True,True,0.9802042643229166,0.9695320278303734,0.9705355585304356,0.6986621759553374,0.698063973402572,0.0631797427222842,0.0631085350399925,0.0025692894345238,0.0005347167509612,0.0034637451171875,0.0008270230495953,0.0008134387788318,0.0003317483480996,1.7954707604580806,1.7967768496932817,0.001306089235201,1.852578288337322,1.8531785461300812,0.0006002577927592,1.912243109256196,1.9125453512148929,0.0003022419586971,1.959127174535392,1.9592132415550312,8.606701963898011e-05,1.9842131314136884,1.9842419596862853,2.8828272597092308e-05,1.9921655975904955,1.9922187942165563,5.319662606084741e-05,True,3cbca7fbfdc4d9e04c139934c6616d432a4cb9c3a5f9efa5688fd112167e9b7f,7.62939453125e-05,-4.1088265138418505,ACCEPTED
S1C_W0.810_r06,855e51a2f4308151d41d8c0ecf454ceb8636224724c373869ab239bc83074106,18392522625926627476,17181666016768037737,0.81,6,128,7,393216,1,27a18f49298f7f5205ef86e96f1c4485734d7ace822c62c3771a8589335ecc6f,0.749939691452753,1.0654445889338344,1.0615553785100005,0.0036503169326954,True,True,0.5176773071289062,0.9695598045971964,0.9697223598242924,0.6976703069433966,0.6971310404994965,0.0637076241629464,0.0637079874674479,0.0009950910295759,0.0001889379842703,0.0005155290876116,0.0001483832984716,0.0007905505952381,0.0003542272730744,1.7953631487923811,1.7957055911990314,0.0003424424066502,1.8525587873843608,1.852769028240517,0.0002102408561561,1.9122873658207435,1.912385261169415,9.78953486716616e-05,1.9591360248404357,1.959174814612767,3.878977233173764e-05,1.984238660942805,1.984223991039122,-1.466990368315102e-05,1.99221833758276,1.9922166675499444,-1.6700328153707034e-06,True,8cabadb96ec0e374b8aa774bc7bccf17842bf51ee4a21574cb1212976421b120,0.0007095336914062,-2.863086105426241,ACCEPTED
S1C_W0.810_r06,855e51a2f4308151d41d8c0ecf454ceb8636224724c373869ab239bc83074106,18392522625926627476,17181666016768037737,0.81,6,128,7,393216,2,db661d9ce31296a13779027ec16bcd5faffecbb12502d61e84b39591a7ccba1d,0.7504755655924479,1.0654445889338344,1.0623047605968257,0.0029469653979384,True,True,0.5176773071289062,0.9695598045971964,0.9693974356573904,0.6976703069433966,0.6969114378212613,0.0637076241629464,0.0634860084170386,0.0006939115978422,7.5914397381924e-05,0.0015269688197545,0.0006474181886643,0.0012450445265996,0.0008218097726041,1.7953631487923811,1.7956447024962494,0.0002815537038682,1.8525587873843608,1.8526872594367527,0.0001284720523919,1.9122873658207435,1.912377701742881,9.033592213758546e-05,1.9591360248404357,1.9591416309132876,5.606072852160082e-06,1.984238660942805,1.9842066325324696,-3.2028410335449564e-05,1.99221833758276,1.9921824630860288,-3.587449673103649e-05,True,6bba32701d91e415c8d451bc32df2d77ddfc73db2cf0e0a1ffbf6651b724776b,0.0001424153645833,-3.5605022816936387,ACCEPTED
S1C_W0.810_r06,855e51a2f4308151d41d8c0ecf454ceb8636224724c373869ab239bc83074106,18392522625926627476,17181666016768037737,0.81,6,128,7,393216,4,a1c8de60f0cf135a9fcf9049dad5c0803ecb287f9ebe236e5dc853891b336b8d,0.7495160784040178,1.0654445889338344,1.0671479297521111,0.0015987136599766,True,True,0.5176773071289062,0.9695598045971964,0.9694390462654529,0.6976703069433966,0.697312314769805,0.0637076241629464,0.0636229742140997,0.0007774716331845,0.0001410270331569,0.000520978655134,0.0001244349097412,0.0014822823660714,0.0006271975087831,1.7953631487923811,1.7957167709997277,0.0003536222073463,1.8525587873843608,1.8527141714789832,0.0001553840946224,1.9122873658207435,1.9122980941368275,1.072831608417424e-05,1.9591360248404357,1.9591198759421324,-1.614889830281463e-05,1.984238660942805,1.9841998336267528,-3.88273160518704e-05,1.99221833758276,1.9921783631815773,-3.997440118230777e-05,True,a9d1620459236b48049b9f87be162c3822915db3c4d77b3de3c3204e6f50b5a2,0.0001068115234375,-3.6854410183019386,ACCEPTED
S1C_W0.810_r06,855e51a2f4308151d41d8c0ecf454ceb8636224724c373869ab239bc83074106,18392522625926627476,17181666016768037737,0.81,6,128,7,393216,8,65093853c5954564c0fd3783ccf783f17ee37467476b12624ac696a3ab0604ad,0.7492505028134301,1.0654445889338344,1.0698053900123945,0.0040929402841341,True,True,0.5176773071289062,0.9695598045971964,0.9695450691857576,0.6976703069433966,0.6981343068249006,0.0637076241629464,0.0637948172433035,0.000791277204241,0.0001437719970784,0.0021038963681174,0.000495080660598,0.0009060814267112,0.0003984475879072,1.7953631487923811,1.7954219904466475,5.884165426661703e-05,1.8525587873843608,1.8524914549180864,-6.733246627432798e-05,1.9122873658207435,1.9121775614277037,-0.0001098043930398,1.9591360248404357,1.9590914236096757,-4.460123075999967e-05,1.984238660942805,1.984180748834419,-5.7912108386126704e-05,1.99221833758276,1.9921702852824823,-4.805230027726815e-05,True,d04c5ae66bfddccf20453fcfb9cbdfc8c288a50c4ca7ed3ca895b81f36e66bc2,5.594889322916666e-05,-3.9662676278776328,ACCEPTED
S1C_W0.810_r07,0b732a69cd77e165c2a2937193fa572618581d4625bef42d2149d676ffba2bd2,10075112737880425626,882632597237696698,0.81,7,128,7,393216,1,41b9f67fe0aa726694b39fa561e48359f606d15e66e8dc072f4eb905c83ce9db,0.7500130789620536,1.0633416342603752,1.0611098137067438,0.0020988744178946,True,True,0.4445648193359375,0.9695417315549928,0.9693520910340676,0.6981524212110358,0.6976596829591036,0.0636462257021949,0.0634805588495163,0.0008283342633929,0.0002441752958497,0.0011683872767856,0.000254163786763,0.0011367797851562,0.0005162795845368,1.7953935332226303,1.7954646086986947,7.107547606444165e-05,1.8526755906384051,1.852519117552547,-0.0001564730858583,1.9122996324137256,1.9121953473057869,-0.0001042851079389,1.959130370649165,1.9590862107327636,-4.415991640160932e-05,1.9841938206074892,1.9841911338265272,-2.6867809621577976e-06,1.9921805735386284,1.9921916929911527,1.1119452524299687e-05,True,2aa071fb2cb73483ed8fe6d7605738b833c593a8850ab84781f5ab9bf16b916c,0.0006917317708333,-2.807997368775614,ACCEPTED
S1C_W0.810_r07,0b732a69cd77e165c2a2937193fa572618581d4625bef42d2149d676ffba2bd2,10075112737880425626,882632597237696698,0.81,7,128,7,393216,2,012599fe26e710e662823c84deee6dd214a758136ab170aed0a1cbf6d799b2ca,0.7498274303617931,1.0633416342603752,1.060650943598917,0.0025304103354606,True,True,0.4445648193359375,0.9695417315549928,0.9692866792962496,0.6981524212110358,0.6976076908319415,0.0636462257021949,0.0636084420340401,0.001477559407552,0.0002637123216277,0.0011545817057291,0.0003529758343463,0.0011407761346726,0.0006317402019446,1.7953935332226303,1.7952588273248324,-0.0001347058977978,1.8526755906384051,1.8523220621275875,-0.0003535285108178,1.9122996324137256,1.9120909663514976,-0.0002086660622278,1.959130370649165,1.959095559856885,-3.481079227962702e-05,1.9841938206074892,1.9842144284433456,2.0607835856445437e-05,1.9921805735386284,1.992210345898352,2.9772359723789776e-05,True,2bccbb56d52cd89a3bc86d10987dae5724547b89a2986829b9c9643065a4dae6,0.0001627604166666,-3.436386298825925,ACCEPTED
S1C_W0.810_r07,0b732a69cd77e165c2a2937193fa572618581d4625bef42d2149d676ffba2bd2,10075112737880425626,882632597237696698,0.81,7,128,7,393216,4,6ebf4f5cc97b1e4711df45251484a09be8f88f8662f37f3e4d9a676e0650b513,0.7502492268880209,1.0633416342603752,1.0625371069547018,0.0007566028449859,True,True,0.4445648193359375,0.9695417315549928,0.9694668387967832,0.6981524212110358,0.6980728294839375,0.0636462257021949,0.0637813749767485,0.0010928199404762,0.0001210483270487,0.0009224301292782,0.000131321455344,0.0006575811476934,0.0002891230159333,1.7953935332226303,1.795248400990589,-0.0001451322320413,1.8526755906384051,1.8523789760623572,-0.0002966145760479,1.9122996324137256,1.91214411940882,-0.0001555130049055,1.959130370649165,1.9591111515847797,-1.921906438551169e-05,1.9841938206074892,1.984194734569054,9.1396156465251e-07,1.9921805735386284,1.992199051916938,1.847837830948329e-05,True,86eac5cfd470fdc3978de557ac3952201e23cff98c5e313cfeeb80e78e5343b0,9.409586588541668e-05,-3.6743645487428176,ACCEPTED
S1C_W0.810_r07,0b732a69cd77e165c2a2937193fa572618581d4625bef42d2149d676ffba2bd2,10075112737880425626,882632597237696698,0.81,7,128,7,393216,8,a7cc246ee32097e89c21cad4e65e2230028081aa56146e40e81b18b0b5a641a6,0.7493827456519717,1.0633416342603752,1.0739252263014327,0.0099531436558666,True,True,0.4445648193359375,0.9695417315549928,0.9692103625406384,0.6981524212110358,0.6996895616176607,0.0636462257021949,0.0632157098679315,0.0017177036830356,0.0002211951385451,0.0018368675595238,0.0005281817956225,0.0018550327845981,0.0011828577063981,1.7953935332226303,1.794842910131767,-0.0005506230908631,1.8526755906384051,1.8521954525250235,-0.0004801381133818,1.9122996324137256,1.9120380829518755,-0.00026154946185,1.959130370649165,1.959003476071865,-0.0001268945772998,1.9841938206074892,1.9841479648463864,-4.585576110294198e-05,1.9921805735386284,1.9921990124780455,1.8438939417331213e-05,True,5214d8166388bee65d378f412e735e81165748a84f548163f86fa011c1be5194,6.866455078125e-05,-3.811202508650825,ACCEPTED
S1C_W0.810_r08,7186734c1255812988126c0a93879f3b5396f0a0c77387268887f2595a6ea141,4045559426312456630,9351229326151978282,0.81,8,128,7,393216,1,53b91b282961cb7f7e5c375d88e8375f4a55c47922317c5b6c674919b5b9259c,0.7494205293201265,1.0677704442014164,1.068082773934366,0.0002925064414786,True,True,0.6993560791015625,0.969575106346462,0.9693159110667828,0.6981205669100063,0.6984561790394171,0.0631870088123139,0.0628538585844494,0.0013195219494047,0.0001304282601367,0.0007680257161458,0.0001959336935326,0.0007593064081101,0.0004068297966067,1.795601508040651,1.7951814528353438,-0.0004200552053073,1.852766590626189,1.852426990833108,-0.0003395997930812,1.9123640725360649,1.9121664654379331,-0.0001976070981315,1.959175374643651,1.9590997641072192,-7.561053643190263e-05,1.9841874976278264,1.9841623909526491,-2.510667517729992e-05,1.992172686805589,1.992164629941091,-8.056864498229288e-06,True,df14b9def395fed1be1fff8d956cecf8d309248b0b1563157ca64845accdfe35,0.0006663004557291,-3.0210282439937086,ACCEPTED
S1C_W0.810_r08,7186734c1255812988126c0a93879f3b5396f0a0c77387268887f2595a6ea141,4045559426312456630,9351229326151978282,0.81,8,128,7,393216,2,76f530b6516c2bc2e1fbc544def9460000abc90f6fffce2741cddc7b3fe205f4,0.7498561314174107,1.0677704442014164,1.0695085672833446,0.0016278059496469,True,True,0.6993560791015625,0.969575106346462,0.9690671492633802,0.6981205669100063,0.6983130360960226,0.0631870088123139,0.0631746564592633,0.0013947259812127,0.0002540730255718,0.0018237885974702,0.000506766570949,0.0008199782598586,0.0002516395180996,1.795601508040651,1.7951113775347018,-0.0004901305059492,1.852766590626189,1.852380388158076,-0.0003862024681131,1.9123640725360649,1.9122303770110212,-0.0001336955250434,1.959175374643651,1.9591659481168504,-9.42652680047118e-06,1.9841874976278264,1.984182306151636,-5.191476190491429e-06,1.992172686805589,1.9921550372167756,-1.7649588813561934e-05,True,c4c3873d9b83f53f214ffb97180d1514a70f5002b0e50dc7e5bf81971145fbc6,0.0001627604166666,-3.6331495613295672,ACCEPTED
S1C_W0.810_r08,7186734c1255812988126c0a93879f3b5396f0a0c77387268887f2595a6ea141,4045559426312456630,9351229326151978282,0.81,8,128,7,393216,4,871f655092be0a972f807c52623581c9681577e4092e2aedc2ebc7e47fa6469e,0.7500995454334077,1.0677704442014164,1.0501932099283549,0.0164616227846684,True,True,0.6993560791015625,0.969575106346462,0.9694407398987552,0.6981205669100063,0.6969836061383996,0.0631870088123139,0.0638674781436011,0.0008392333984375,0.0001032708040354,0.001234145391555,0.0002529232512631,0.0007999965122768,0.0008842358302436,1.795601508040651,1.7955139972823526,-8.751075829849242e-05,1.852766590626189,1.852630956938695,-0.000135633687494,1.9123640725360649,1.9122699558977103,-9.41166383543468e-05,1.959175374643651,1.9591600916613257,-1.5282982325448558e-05,1.9841874976278264,1.9841923583868115,4.860758984648328e-06,1.992172686805589,1.992176019681104,3.3328755153494427e-06,True,6909f81d470e7ebcfce4202776c20188edd9c5bfdff423d39cae1bb596c15ead,0.0001093546549479,-3.805861079733868,ACCEPTED
S1C_W0.810_r08,7186734c1255812988126c0a93879f3b5396f0a0c77387268887f2595a6ea141,4045559426312456630,9351229326151978282,0.81,8,128,7,393216,8,99615ad7359882885fbe67f15f236226f96b4e9ce259d99a5c2e1d55797ae7ce,0.7498717535109747,1.0677704442014164,1.0583267010402446,0.0088443571485393,True,True,0.6993560791015625,0.969575106346462,0.969446063516981,0.6981205669100063,0.6980081068465197,0.0631870088123139,0.0633871895926339,0.0005852835518973,8.579400475415685e-05,0.0037376767113095,0.0011841425341444,0.0006702968052454,0.0005320588629414,1.795601508040651,1.795705651434772,0.0001041433941209,1.852766590626189,1.8526484228309277,-0.0001181677952615,1.9123640725360649,1.9123479534384853,-1.6119097579370134e-05,1.959175374643651,1.959197287592637,2.1912948985791655e-05,1.9841874976278264,1.984212520463242,2.502283541527817e-05,1.992172686805589,1.9921855469891052,1.2860183516538726e-05,True,20775978dc49a48ee6c4c130d287570a5d3264bd1d6aae193939f06628e2e292,8.392333984375e-05,-3.920815595435567,ACCEPTED
S1C_W0.810_r09,ae68a56ad596f403f18d7708229b64ab2b860cdb82fd4f800356d92b2700e6ce,11877919894818629711,2014691400867905938,0.81,9,128,7,393216,1,c39fe4f66e64c30c76aa9b5ac391fb4aa94c97379fb79f927c75350475affbf8,0.7495534987676711,1.0700314032500993,1.0680956262093997,0.001809084326703,True,True,0.3490015665690104,0.969529032944796,0.9697270553702766,0.698293577549397,0.6982117985276004,0.0633697509765625,0.0635190691266741,0.001188732328869,0.0001006237419234,0.001602536156064,0.000375180704432,0.0004127139136904,0.0002210488681821,1.795380504991328,1.7953528923216944,-2.7612669633692025e-05,1.8525753793744464,1.852708765000504,0.0001333856260579,1.912204835377606,1.912350971469079,0.0001461360914729,1.9591146399650887,1.959300456144415,0.0001858161793262,1.9841869264104397,1.984258238845432,7.131243499247653e-05,1.992167803569221,1.992199608987617,3.180541839609141e-05,True,c495fe8164c145433c8e6ee1935cb818fb727b5df09930b20ad804b66868af07,0.000562032063802,-2.7930662837104943,ACCEPTED
S1C_W0.810_r09,ae68a56ad596f403f18d7708229b64ab2b860cdb82fd4f800356d92b2700e6ce,11877919894818629711,2014691400867905938,0.81,9,128,7,393216,2,8d510d619cff5bc8502d85017b38bfbeb9753d3c40f17c73195d21139304c3fb,0.7495022728329613,1.0700314032500993,1.0714749213115082,0.0013490427075546,True,True,0.3490015665690104,0.969529032944796,0.9696520352034472,0.698293577549397,0.6983805701235727,0.0633697509765625,0.0635957263764881,0.0009580339704241,0.000168053543674,0.0026452200753348,0.0006728438899587,0.0009940011160713,0.0003524637666159,1.795380504991328,1.7952521972941151,-0.0001283076972129,1.8525753793744464,1.8526570971513088,8.171777686261095e-05,1.912204835377606,1.912330379888172,0.0001255445105659,1.9591146399650887,1.9592549696858708,0.000140329720782,1.9841869264104397,1.9842411305962,5.420418576074226e-05,1.992167803569221,1.9922194452818291,5.1641712608407886e-05,True,24c5e763b637aae8b8a74ac756af2f134d4cb486cd0cb344ff238f91afa23a12,0.0002059936523437,-3.228973538516956,ACCEPTED
S1C_W0.810_r09,ae68a56ad596f403f18d7708229b64ab2b860cdb82fd4f800356d92b2700e6ce,11877919894818629711,2014691400867905938,0.81,9,128,7,393216,4,a5fadcfcff8fdd3f545abab651360be37dd926e4409cede588a177c22d61c97d,0.7492337908063615,1.0700314032500993,1.0803584072759147,0.009651122382435,True,True,0.3490015665690104,0.969529032944796,0.9694982598775722,0.698293577549397,0.6994656993659477,0.0633697509765625,0.0634493146623883,0.0006074451264881,0.0001663132105329,0.0025692894345238,0.0006801122767102,0.0025318690708705,0.0011479698379115,1.795380504991328,1.795197448130185,-0.0001830568611433,1.8525753793744464,1.852560450087025,-1.4929287421194816e-05,1.912204835377606,1.912241180767516,3.634538990993086e-05,1.9591146399650887,1.9591723936934675,5.775372837879544e-05,1.9841869264104397,1.9841750521432384,-1.1874267201283928e-05,1.992167803569221,1.9921857521240944,1.7948554873470357e-05,True,babab48882d36dffedea699755415eab460b16fb0a8c52909998dd87739e2461,0.0001246134440104,-3.4472624773670915,ACCEPTED
S1C_W0.810_r09,ae68a56ad596f403f18d7708229b64ab2b860cdb82fd4f800356d92b2700e6ce,11877919894818629711,2014691400867905938,0.81,9,128,7,393216,8,c88f110b33057918b6a93ba79b1330641534276df89e5a9b03e1894b7daa55cc,0.7491346086774553,1.0700314032500993,1.0817228650166315,0.0109262791082775,True,True,0.3490015665690104,0.969529032944796,0.9693940743682438,0.698293577549397,0.7012560352470543,0.0633697509765625,0.0631786528087797,0.000623067220052,0.0002354255800873,0.0023985363188244,0.000535146561997,0.0046335856119792,0.0026092317168219,1.795380504991328,1.79519468911474,-0.0001858158765881,1.8525753793744464,1.8525342265644755,-4.115280997085691e-05,1.912204835377606,1.9121725201943969,-3.2315183209119525e-05,1.9591146399650887,1.9591388279268005,2.418796171155257e-05,1.9841869264104397,1.984174502613968,-1.2423796471816573e-05,1.992167803569221,1.992180883375999,1.307980677811571e-05,True,3e5cbe789c86d8e8e261fd72b4512bbb3430d596c88daa8e91773d913de8c724,5.340576171875e-05,-3.815239262661686,ACCEPTED
S1C_W0.810_r10,76f0c452a740687d5a751e6cd611a1194a0599d5320852f13f510b9872926139,12590900716292596139,2117280375500507789,0.81,10,128,7,393216,1,befdabf0b7861f530ce5b41ec4c32a51601595c5398c01ced977d7e42010ccc1,0.7496145339239211,1.0676648620067557,1.0685579832628047,0.0008365183568657,True,True,0.8611729939778646,0.9696493058729307,0.969648043713653,0.6988109869143015,0.6985325024344894,0.0632807413736979,0.0632022676013764,0.0013518560500372,0.0002143173655728,0.0011516752697172,0.0002742430342477,0.0012882777622768,0.0004984843937875,1.795453183073044,1.795843292518328,0.0003901094452838,1.8526264131789631,1.8529108442824211,0.0002844311034582,1.9122380751740469,1.912487490357276,0.0002494151832292,1.9591411093841,1.9593382361170395,0.0001971267329397,1.9841997504734967,1.9842666117076275,6.686123413079947e-05,1.9921945997234711,1.9922297942141376,3.519449066646807e-05,True,c919e91a818f557778429952ab2f3a67708cfc4c0ab7858a9df8c538fb89c690,0.0006205240885416,-3.142331756741694,ACCEPTED
S1C_W0.810_r10,76f0c452a740687d5a751e6cd611a1194a0599d5320852f13f510b9872926139,12590900716292596139,2117280375500507789,0.81,10,128,7,393216,2,ef90564567ce97e5347aa2165e4270d61ddf978b0f32b73de3de9a5927d74e8e,0.7490775698707217,1.0676648620067557,1.0665298290188954,0.0010630985698327,True,True,0.8611729939778646,0.9696493058729307,0.9696862264973264,0.6988109869143015,0.6985994450713867,0.0632807413736979,0.0630046299525669,0.0010997227260045,0.0001483704417625,0.0005678449358259,0.0001118777754215,0.0009122576032366,0.0004992961545052,1.795453183073044,1.7957418691802327,0.0002886861071886,1.8526264131789631,1.8527732671576067,0.0001468539786435,1.9122380751740469,1.9123828860512129,0.000144810877166,1.9591411093841,1.9593104114118804,0.0001693020277806,1.9841997504734967,1.984288193153652,8.844268015528733e-05,1.9921945997234711,1.9922127310540685,1.8131330597359607e-05,True,848922808971b58d6843209cc9b38b4569d2d4c9a580f2ff1ca15768bf3b1573,0.0001576741536458,-3.73732989358217,ACCEPTED
S1C_W0.810_r10,76f0c452a740687d5a751e6cd611a1194a0599d5320852f13f510b9872926139,12590900716292596139,2117280375500507789,0.81,10,128,7,393216,4,f2cf60e98a3bb547998075c478da81c104abadfecfa0410ec6de8622c32744e9,0.7492050897507441,1.0676648620067557,1.0687455844728715,0.0010122300588641,True,True,0.8611729939778646,0.9696493058729307,0.9699596073334394,0.6988109869143015,0.6988035345404834,0.0632807413736979,0.0633207048688616,0.000914800734747,0.0001486459572297,0.0013674781436011,0.0004303049152309,0.0008875528971353,0.0003821339378714,1.795453183073044,1.7957694406816145,0.0003162576085702,1.8526264131789631,1.8528243629071963,0.0001979497282333,1.9122380751740469,1.9123346589383647,9.65837643178702e-05,1.9591411093841,1.9592366999733948,9.559058929498045e-05,1.9841997504734967,1.984248541878154,4.879140465718912e-05,1.9921945997234711,1.9921850503415328,-9.54938193853394e-06,True,3e893a4d70f482837ea14df1ec3787f8e3278126622c6ec33125e63ef34c9f37,0.0001017252604166,-3.927661591752461,ACCEPTED
S1C_W0.810_r10,76f0c452a740687d5a751e6cd611a1194a0599d5320852f13f510b9872926139,12590900716292596139,2117280375500507789,0.81,10,128,7,393216,8,36a14f4d5ff901d38f2ad8b8c304087d447210485c3eb00371010c5a7761e58a,0.7487498692103794,1.0676648620067557,1.0668253233648732,0.0007863316212395,True,True,0.8611729939778646,0.9696493058729307,0.9701841836872382,0.6988109869143015,0.69952864312659,0.0632807413736979,0.0634380522228422,0.0010343279157366,0.0003863233492631,0.0010561261858259,0.00037850754091,0.0028701055617559,0.0011501933830281,1.795453183073044,1.795762213015876,0.0003090299428321,1.8526264131789631,1.852827611048702,0.0002011978697389,1.9122380751740469,1.9123586338396827,0.0001205586656358,1.9591411093841,1.9592400520149449,9.894263084508914e-05,1.9841997504734967,1.984267986503826,6.823603032923842e-05,1.9921945997234711,1.9921997048605689,5.105137097505264e-06,True,0d46726c1a43f713b93db2edc848b112f34b279b5ffa66f826760b6554ee5fc4,8.646647135416667e-05,-3.998242666038169,ACCEPTED
S1C_W0.810_r11,a15dc61e072870ed53c08c107765c1ab2816acf72ec4e9f39b44745b7e3360c7,1962789095212423922,8331814245213072405,0.81,11,128,7,393216,1,2dc259154b4d4555a2e887b9684d438d4994f455b484d8df176e369715050795,0.7490495954241072,1.0670771191605777,1.0674623637377207,0.0003610278678321,True,True,0.989293416341146,0.9695215274039322,0.969556233885038,0.6982774217054702,0.6981076042361656,0.0631114414760044,0.0633781069800967,0.0007999965122767,6.678626127616319e-05,0.0008722941080729,0.0001814520967632,0.0006259736560639,0.000286997034659,1.7951916649098,1.795474066776423,0.0002824018666229,1.8525462969308109,1.8526624716096756,0.0001161746788644,1.91223736671808,1.91225196970554,1.4602987460587968e-05,1.9591460221788903,1.95917744921767,3.142703877934139e-05,1.9842112770579707,1.9842176577590067,6.380701035979541e-06,1.9921809091854576,1.9921782475456544,-2.661639803225313e-06,True,dc7d7a077d40618a8ddcf8beae888267e6068d56751e88002c38fdececc76076,0.0008824666341145,-3.049626825112715,ACCEPTED
S1C_W0.810_r11,a15dc61e072870ed53c08c107765c1ab2816acf72ec4e9f39b44745b7e3360c7,1962789095212423922,8331814245213072405,0.81,11,128,7,393216,2,7437c2990be0e8ed483a760a73553f91c0401a0b706a55f24f4c128a00bef28d,0.7493921915690105,1.0670771191605777,1.0683210818185351,0.0011657664058395,True,True,0.989293416341146,0.9695215274039322,0.9690053160761776,0.6982774217054702,0.6984288735135421,0.0631114414760044,0.0631710234142485,0.000821068173363,0.0002842807078457,0.0007157098679315,0.0002947496453052,0.0009620303199404,0.0003774234037143,1.7951916649098,1.7951543206991023,-3.734421069778726e-05,1.8525462969308109,1.8524663719304997,-7.992500031139826e-05,1.91223736671808,1.91219812657854,-3.924013953993111e-05,1.9591460221788903,1.9591297488465504,-1.627333234011097e-05,1.9842112770579707,1.984180275967229,-3.100109074183344e-05,1.9921809091854576,1.9921480278403096,-3.288134514778385e-05,True,871309eb4943365e73f02833770e196d92fef6d145e5321658ba522101205c46,0.0001932779947916,-3.7091427076227976,ACCEPTED
S1C_W0.810_r11,a15dc61e072870ed53c08c107765c1ab2816acf72ec4e9f39b44745b7e3360c7,1962789095212423922,8331814245213072405,0.81,11,128,7,393216,4,5bd1abffcc2c8c8535d03e022289fcc1387aa1ac3889bd1d72e99e3da359cfca,0.7485631306966145,1.0670771191605777,1.0534807154584644,0.0127417254647995,True,True,0.989293416341146,0.9695215274039322,0.9685635898702551,0.6982774217054702,0.6977768793200846,0.0631114414760044,0.0634256998697916,0.0019916352771577,0.0005947152704279,0.0016817365373884,0.000645271826131,0.0013384137834821,0.0008004490320128,1.7951916649098,1.7942399113284728,-0.0009517535813272,1.8525462969308109,1.85207956346254,-0.000466733468271,1.91223736671808,1.912006875740413,-0.0002304909776666,1.9591460221788903,1.9590038536051435,-0.0001421685737472,1.9842112770579707,1.9841532823073789,-5.799475059187209e-05,1.9921809091854576,1.9921442635492683,-3.664563618932526e-05,True,8afdabd3d95a5b6909907e0d7328f458bd8ef82bdf9ebff9b5c2b52c4c73f7c6,9.663899739583332e-05,-4.010172703286779,ACCEPTED
S1C_W0.810_r11,a15dc61e072870ed53c08c107765c1ab2816acf72ec4e9f39b44745b7e3360c7,1962789095212423922,8331814245213072405,0.81,11,128,7,393216,8,65ae191bfde5ea141d0fb8d88926f94afcf53cf87dcd372c1aab33fe8296beca,0.7494772048223586,1.0670771191605777,1.05553926977601,0.0108125731284014,True,True,0.989293416341146,0.9695215274039322,0.9686180893412962,0.6982774217054702,0.6976331267449021,0.0631114414760044,0.0636462257021949,0.00199708484468,0.0004706164989308,0.0025107974097842,0.00076656138714,0.0022212437220981,0.0008892087807269,1.7951916649098,1.7942817819168555,-0.0009098829929443,1.8525462969308109,1.8521487605995457,-0.0003975363312651,1.91223736671808,1.9120791123179357,-0.0001582544001443,1.9591460221788903,1.9590938335266088,-5.218865228173719e-05,1.9842112770579707,1.9842213863167188,1.0109258748114414e-05,1.9921809091854576,1.9921738825861195,-7.0265993383777925e-06,True,2dbe251eb7582f7556d9d299b593a51123ddfa2ea5b3c8a521a9e00f3e9bb263,6.866455078125e-05,-4.158592535744601,ACCEPTED
S1C_W0.810_r12,ec92a192a2c485c9bf62ea7b0128190a4a00d0f2601215a36a66505fcd204d5e,14510932720716503721,3241278375788733931,0.81,12,128,7,393216,1,d277d0d4d6bde3b9f4b826f8c5af0c47364d31f3f6c6ae24671bcd0fc8c27c00,0.7500192551385789,1.0600951418765767,1.0613862121259698,0.0012178814885498,True,True,0.9859848022460938,0.9695605681199456,0.9698815490402436,0.6977726866606547,0.6977002028147972,0.063353765578497,0.0634405953543526,0.0010935465494791,0.000142936293726,0.0011251540411086,0.0002854466896273,0.0004773821149554,0.0001944432811016,1.7955453730204154,1.795989640000912,0.0004442669804964,1.852609697391768,1.8528141337565172,0.0002044363647497,1.912304085502115,1.912322059203862,1.7973701746942794e-05,1.959146145566321,1.9592020718723453,5.5926306024467465e-05,1.984168561687222,1.9842003707138665,3.180902664445817e-05,1.9921906716423876,1.9922043335312087,1.366188882179209e-05,True,d4d6e733f77e70350a5d879012efd1d54ac690a41a595168c76b5f472edf1f27,0.0007222493489583,-3.135183061833031,ACCEPTED
S1C_W0.810_r12,ec92a192a2c485c9bf62ea7b0128190a4a00d0f2601215a36a66505fcd204d5e,14510932720716503721,3241278375788733931,0.81,12,128,7,393216,2,2d61948fd3cba4519e42631bf87afff557a09bd23a9186c6087074f07f76c0dd,0.7498695736839658,1.0600951418765767,1.0699106099199724,0.0092590444533312,True,True,0.9859848022460938,0.9695605681199456,0.9697985311388234,0.6977726866606547,0.6978635233959091,0.063353765578497,0.0632945469447544,0.0006194341750371,0.0001321052804238,0.001615978422619,0.0004159343399427,0.0007088070824032,0.0005894606045284,1.7955453730204154,1.7956994378269275,0.0001540648065121,1.852609697391768,1.8526601064157917,5.040902402386749e-05,1.912304085502115,1.9122991492315389,-4.9362705762945325e-06,1.959146145566321,1.95919930216976,5.315660343896411e-05,1.984168561687222,1.98422139495508,5.2833267858209965e-05,1.9921906716423876,1.9922042479203887,1.35762780013593e-05,True,2d62a576ed6f08b5f8ba874ce6d92fce1819a007dae97d6b4e49ffc6e7a44d46,0.0006510416666666,-3.180261436568219,ACCEPTED
S1C_W0.810_r12,ec92a192a2c485c9bf62ea7b0128190a4a00d0f2601215a36a66505fcd204d5e,14510932720716503721,3241278375788733931,0.81,12,128,7,393216,4,2e71e8835431e38c3237cdf839414b51d3e3508d2a6e2162c7013dbbe3825dba,0.7491226196289062,1.0600951418765767,1.0749461735891377,0.0140091498639183,True,True,0.9859848022460938,0.9695605681199456,0.970015846127856,0.6977726866606547,0.6981113154062218,0.063353765578497,0.0635350545247395,0.0012232462565104,0.0002835149707439,0.0024824596586681,0.0007663780619934,0.0012025378999256,0.000721407314156,1.7955453730204154,1.796134926517625,0.0005895534972095,1.852609697391768,1.8528984989713757,0.0002888015796078,1.912304085502115,1.9123690188214355,6.493331932033719e-05,1.959146145566321,1.9592616392736035,0.0001154937072822,1.984168561687222,1.984255312057881,8.675037065897229e-05,1.9921906716423876,1.992241934710281,5.1263067894158354e-05,True,81ff67cc6ac9e672bbfdedb113032fd04b9dcca0ad30cef3ec16507f9af06b43,0.0001195271809895,-3.916403543944351,ACCEPTED
S1C_W0.810_r12,ec92a192a2c485c9bf62ea7b0128190a4a00d0f2601215a36a66505fcd204d5e,14510932720716503721,3241278375788733931,0.81,12,128,7,393216,8,49364fbe9d6ae6e45ae90cf5e9c9715447559acf2113027387799d029a8c5a45,0.7498877389090401,1.0600951418765767,1.0971097154217384,0.0349162750426708,True,True,0.9859848022460938,0.9695605681199456,0.9702472009544668,0.6977726866606547,0.6987862595341529,0.063353765578497,0.0634253365652901,0.0019255138578869,0.0005470389990893,0.0043102446056547,0.0014667915616511,0.0014608474004836,0.0013856391005163,1.7955453730204154,1.7964932708126764,0.000947897792261,1.852609697391768,1.8530796163400416,0.0004699189482741,1.912304085502115,1.9125387931011928,0.0002347075990782,1.959146145566321,1.959335211305535,0.0001890657392136,1.984168561687222,1.9842789576632387,0.0001103959760166,1.9921906716423876,1.992246466250539,5.579460815163806e-05,False,af2c33b292faf732530151ca4f251d66449d94bf849e7e350b8c4090e466adc9,,,NO_ACCEPTED_INTERVENTION_UNDER_COMMON_FIDELITY_GATE
S1C_W0.810_r13,26b62ec884ad7ced32fb1cc3efcd18892d9fe73db512cd43d4bc262e78353808,6160150824468491629,3559034236000207361,0.81,13,128,7,393216,1,b23cfcb2cc7ae7fef8656b2b99b827963fbee1f3498d2a7b862b414e396e2a57,0.7502808343796503,1.062131547820809,1.0630408062404708,0.0008560694967843,True,True,0.9571762084960938,0.969538835409364,0.9695955044691243,0.697828041771177,0.6979397286964318,0.0639375959123883,0.0635982695079985,0.0003636678059895,3.4299642827911234e-05,0.000517345610119,9.500453441479062e-05,0.000457763671875,0.000237651528792,1.7953413282250874,1.7953446966625812,3.3684374938225403e-06,1.8525661484434173,1.8524901916748289,-7.595676858862532e-05,1.9121749574949507,1.9121542770851416,-2.068040980907071e-05,1.959088630228772,1.9590692451682967,-1.93850604746082e-05,1.984223101907053,1.9841915723093528,-3.152959770047481e-05,1.992180196607698,1.99217554029384,-4.6563138582644825e-06,True,a45fbef9452f40ea1bb97f3564c2a7758e94351ff1a41fed295aac51d1eec10c,0.0009867350260416,-2.9867913506958708,ACCEPTED
S1C_W0.810_r13,26b62ec884ad7ced32fb1cc3efcd18892d9fe73db512cd43d4bc262e78353808,6160150824468491629,3559034236000207361,0.81,13,128,7,393216,2,2d65406fe82a670188785ee2f897d763f2c491c6596b285c7a0bd20916ee8ad0,0.7492406935918898,1.062131547820809,1.0636085714077863,0.0013906220844373,True,True,0.9571762084960938,0.969538835409364,0.969349142213136,0.697828041771177,0.6976250533511944,0.0639375959123883,0.0635935465494791,0.0009936378115699,0.0001928368248504,0.0018354143415179,0.0004148768736882,0.000991457984561,0.0006364998784744,1.7953413282250874,1.795031883795944,-0.0003094444291433,1.8525661484434173,1.8523255364734816,-0.0002406119699358,1.9121749574949507,1.9120656324925116,-0.0001093250024393,1.959088630228772,1.959014194106745,-7.443612202684413e-05,1.984223101907053,1.98413700823834,-8.609366871348278e-05,1.992180196607698,1.992154247960373,-2.59486473246362e-05,True,fc77465aa071dae6110518e48b3740e4dce1876e26ee5ca06d69e17a648ce64f,0.0001780192057291,-3.730525036275821,ACCEPTED
S1C_W0.810_r13,26b62ec884ad7ced32fb1cc3efcd18892d9fe73db512cd43d4bc262e78353808,6160150824468491629,3559034236000207361,0.81,13,128,7,393216,4,fca87ed7981934b27833811c1899612f0f666226b89b6b151cd1f9d27a502575,0.7493522280738467,1.062131547820809,1.0644540749493032,0.0021866661745047,True,True,0.9571762084960938,0.969538835409364,0.9696808400500474,0.697828041771177,0.6970788758402048,0.0639375959123883,0.0639844621930803,0.0010306948707217,0.0001516433501857,0.0014735630580357,0.0004298668090309,0.002090090797061,0.0011744607129033,1.7953413282250874,1.7951237725746725,-0.0002175556504149,1.8525661484434173,1.8523328337778584,-0.000233314665559,1.9121749574949507,1.9120252088081449,-0.000149748686806,1.959088630228772,1.958999156374767,-8.947385400470687e-05,1.984223101907053,1.984148516443208,-7.45854638453114e-05,1.992180196607698,1.9921717680061488,-8.428601549148595e-06,True,6d8db4c3b27aec0f004e9ac3fac2d1d9d576ccac1887f0dc6e1d5aa1bc4579a1,0.000104268391927,-3.962839219570343,ACCEPTED
S1C_W0.810_r13,26b62ec884ad7ced32fb1cc3efcd18892d9fe73db512cd43d4bc262e78353808,6160150824468491629,3559034236000207361,0.81,13,128,7,393216,8,c3bf48f2832cc4c9498ef1cfd5a7d03e3de342cbef85f702dd1d4cd82356ddb3,0.7503843761625744,1.062131547820809,1.0674912344966554,0.0050461608892446,True,True,0.9571762084960938,0.969538835409364,0.9689768778646832,0.697828041771177,0.6979058460769059,0.0639375959123883,0.0636818295433407,0.0015353248232886,0.0003046985461645,0.0014742896670386,0.0004462383194427,0.0016708374023437,0.0008799287598394,1.7953413282250874,1.7947051200526396,-0.0006362081724478,1.8525661484434173,1.8522017883995692,-0.000364360043848,1.9121749574949507,1.9119510230458827,-0.0002239344490679,1.959088630228772,1.9589246516213377,-0.0001639786074338,1.984223101907053,1.984130260340428,-9.284156662525687e-05,1.992180196607698,1.9921214263286595,-5.8770279038444784e-05,True,38e4a17b259ed51708ca1c41bdb3d1bf80bcec363080ef3d157621bcfc43e26f,6.357828776041667e-05,-4.17768306761804,ACCEPTED
S1C_W0.810_r14,67568e847e40756b7c9c1a986057e308d30f1a039bc73f88b783fe78e083477f,10714398994419119567,2123816966686241028,0.81,14,128,7,393216,1,76a5a74bcb96a0e3c48f555158626d0cc49bd8715a6aabbc1fb53aadebceb55a,0.7486107235863095,1.0685281107613855,1.0705299545181486,0.0018734591412261,True,True,0.8970387776692709,0.9695221833893548,0.9698488272326052,0.6989358377331071,0.6992036788037338,0.0630943661644345,0.063169933500744,0.0007738385881695,0.0002251298383028,0.0008159819103422,0.0002067231657147,0.0011651175362723,0.0004684832607393,1.795483278349186,1.7957123033619748,0.0002290250127889,1.8525371878136467,1.852664184529026,0.0001269967153791,1.9122550664152835,1.912337718265368,8.265185008449194e-05,1.9590895545654547,1.9591884074760573,9.885291060252044e-05,1.984214199184462,1.9842173759601496,3.176775687840916e-06,1.9921764511033648,1.992179548520421,3.0974170561748338e-06,True,f7eef6f99fb30224b16e185e28e2508a2ad0aa8847e023eb112607ab19e9eb0c,0.0008646647135416,-3.0159634813277703,ACCEPTED
S1C_W0.810_r14,67568e847e40756b7c9c1a986057e308d30f1a039bc73f88b783fe78e083477f,10714398994419119567,2123816966686241028,0.81,14,128,7,393216,2,e5db9cc2b1378d9d3f4450b5c688d1ac5ca71ca2b2fc2c08c0a039bffa6779a2,0.7488381522042411,1.0685281107613855,1.0715802835248676,0.0028564272036859,True,True,0.8970387776692709,0.9695221833893548,0.9698308129122796,0.6989358377331071,0.6995429445921088,0.0630943661644345,0.0631306966145833,0.0008853730701264,0.0002100432059158,0.0009220668247768,0.0002374254018628,0.0014296032133556,0.0006812610550364,1.795483278349186,1.7957004876461264,0.0002172092969405,1.8525371878136467,1.8526553510946349,0.0001181632809881,1.9122550664152835,1.9122408889807163,-1.4177434567219647e-05,1.9590895545654547,1.959063880611088,-2.5673954366700613e-05,1.984214199184462,1.9841795518104848,-3.464737397718132e-05,1.9921764511033648,1.9921562551430592,-2.0195960305668947e-05,True,af38597ba83ffcd9dba2196aacbd72fa92150bb764643b77896c4e730f3637cc,0.0002085367838541,-3.633628545986309,ACCEPTED
S1C_W0.810_r14,67568e847e40756b7c9c1a986057e308d30f1a039bc73f88b783fe78e083477f,10714398994419119567,2123816966686241028,0.81,14,128,7,393216,4,2c495d727c17cc233cb9659439e9ba386c5d5e478d426b5d9ea25b5ba6fcd890,0.7496672130766369,1.0685281107613855,1.059249457835679,0.0086835833631882,True,True,0.8970387776692709,0.9695221833893548,0.969842376690632,0.6989358377331071,0.6981037705310282,0.0630943661644345,0.0631655738467261,0.0008101690383184,0.0001528688668413,0.000732421875,0.000249107440181,0.0006775628952753,0.0004953300722076,1.795483278349186,1.7957749660824651,0.0002916877332794,1.8525371878136467,1.8526787964767768,0.00014160866313,1.9122550664152835,1.9122213499009333,-3.371651435024603e-05,1.9590895545654547,1.959103105479806,1.3550914351290189e-05,1.984214199184462,1.9842185717683003,4.372583838563315e-06,1.9921764511033648,1.9921806876105124,4.236507147536983e-06,True,f692d4c16ccfa6cfe74b5cee52f09e4daf6db6ca27c391fbe02aecc2d5e0164c,9.663899739583332e-05,-3.967658801753216,ACCEPTED
S1C_W0.810_r14,67568e847e40756b7c9c1a986057e308d30f1a039bc73f88b783fe78e083477f,10714398994419119567,2123816966686241028,0.81,14,128,7,393216,8,6dc2a7a52415746496f155a4e0f10144987bd4b21badc4ff5379f1336fa3d34d,0.7494259788876488,1.0685281107613855,1.065463979039328,0.0028676191961614,True,True,0.8970387776692709,0.9695221833893548,0.969462605085276,0.6989358377331071,0.6988054316729191,0.0630943661644345,0.062926519484747,0.0012523106166295,0.0001891981725251,0.0019458589099702,0.0006788946952028,0.0009849185035342,0.0003164538933903,1.795483278349186,1.7951938265031695,-0.0002894518460161,1.8525371878136467,1.8522904978274464,-0.0002466899862003,1.9122550664152835,1.9120115938600424,-0.0002434725552409,1.9590895545654547,1.9590281134970429,-6.144106841188268e-05,1.984214199184462,1.9841670843268475,-4.711485761443868e-05,1.9921764511033648,1.9921400890172425,-3.636208612256553e-05,True,5772c5e8895c783d3c21ca39d204849246c36c8c96454c50ed7c6bb20a578033,8.392333984375e-05,-4.028928458492138,ACCEPTED
S1C_W0.810_r15,909c4923d91ec60233627f492571756523ed432b35015264956202a9e57c1526,3525784381421185546,9728774493767030428,0.81,15,128,7,393216,1,a1289e38c44dacd3fe79452baad8a42e08b533e15f5bed60ab6e65dcca978dd1,0.7493787493024553,1.0694373995812008,1.0635417090064907,0.00551288984004,True,True,0.4683278401692708,0.9695119087745888,0.9694075400278436,0.6988151805944822,0.6985077406217957,0.0630732945033482,0.0632356916155133,0.0008773803710937,9.702919604634507e-05,0.0011760166713169,0.0002471237173212,0.00065431140718,0.0003508140574317,1.7952908205201914,1.7948904727034336,-0.0004003478167577,1.8524288635607888,1.8522696263592144,-0.0001592372015744,1.912106026011452,1.9121153149041852,9.288892733660958e-06,1.9590401207372568,1.9590791948201571,3.907408290015901e-05,1.9841986178558184,1.9841927445662408,-5.873289577573715e-06,1.9921708685613828,1.992175139379788,4.270818404927823e-06,True,f0e9cffa157d8ca34d9d59caf6cf4c4f94223f24a5f9fa1a3384e45751284423,0.0017547607421875,-2.4263320658452643,ACCEPTED
S1C_W0.810_r15,909c4923d91ec60233627f492571756523ed432b35015264956202a9e57c1526,3525784381421185546,9728774493767030428,0.81,15,128,7,393216,2,63fe3ff131049e5ebb80d65a4086027e58413dd171b6b70f4a0981badf3cb1fa,0.7492875598725819,1.0694373995812008,1.0708835943785244,0.0013522949523646,True,True,0.4683278401692708,0.9695119087745888,0.969240165320272,0.6988151805944822,0.698754944556376,0.0630732945033482,0.0630409604027157,0.0011171613420758,0.000150628376009,0.0013311476934523,0.0003459308651931,0.0006197974795387,0.0002849241998214,1.7952908205201914,1.79468790175385,-0.0006029187663414,1.8524288635607888,1.852183254982665,-0.0002456085781241,1.912106026011452,1.9121011521986688,-4.873812782912879e-06,1.9590401207372568,1.9590380861553327,-2.0345819244926844e-06,1.9841986178558184,1.9841656842314632,-3.2933624355191427e-05,1.9921708685613828,1.9921296239328536,-4.124462852894695e-05,True,afb4c8b42d08e28294eab3c1720dd60d6d1418d96ef30310585e5fcb8ee43562,0.0002950032552083,-3.200723167355601,ACCEPTED
S1C_W0.810_r15,909c4923d91ec60233627f492571756523ed432b35015264956202a9e57c1526,3525784381421185546,9728774493767030428,0.81,15,128,7,393216,4,4ee85af0083cec8170b46ad4db47e4492bb52668d27580534ad43b69a9274575,0.7494793846493676,1.0694373995812008,1.0666154852919574,0.0026386904837519,True,True,0.4683278401692708,0.9695119087745888,0.96961860314512,0.6988151805944822,0.6982203042493589,0.0630732945033482,0.0633265177408854,0.0009097144717262,0.0002310908858522,0.0028206961495535,0.0008436064577956,0.0008900960286458,0.0005761015205167,1.7952908205201914,1.7955376910206018,0.0002468705004103,1.8524288635607888,1.852598507650744,0.000169644089955,1.912106026011452,1.91225377908629,0.0001477530748381,1.9590401207372568,1.9591100097729917,6.988903573423855e-05,1.9841986178558184,1.9841824911353565,-1.6126720462139588e-05,1.9921708685613828,1.9921582671059288,-1.2601455454008814e-05,True,3f83c69742c0591e61b92b612d674afcba81878cf8d186517fea05161e82788e,9.1552734375e-05,-3.708878655815232,ACCEPTED
S1C_W0.810_r15,909c4923d91ec60233627f492571756523ed432b35015264956202a9e57c1526,3525784381421185546,9728774493767030428,0.81,15,128,7,393216,8,87d194b44d411b12be1161af4be04ee6c24d3be26763f9c49471e29e9fee7a13,0.7500722975957961,1.0694373995812008,1.0692989590098492,0.0001294517766124,True,True,0.4683278401692708,0.9695119087745888,0.9698293401200334,0.6988151805944822,0.6986931060277267,0.0630732945033482,0.0632738385881696,0.0015814644949776,0.000202029556016,0.0038568405877976,0.0011514518290129,0.0005594889322916,0.0002072243739725,1.7952908205201914,1.7959247472577504,0.000633926737559,1.8524288635607888,1.852857459955332,0.0004285963945427,1.912106026011452,1.912344557436088,0.0002385314246364,1.9590401207372568,1.959184163418174,0.0001440426809169,1.9841986178558184,1.984212226746238,1.360889041968072e-05,1.9921708685613828,1.992174533508958,3.6649475751993066e-06,True,18232e43761034280da6240665ce9580b608a2875e0d4fe9f675a5974462b69c,5.340576171875e-05,-3.9429618618486,ACCEPTED
