distribution,correlation_family,control_name,direction,q,sigma,L,ell_x,ell_y,control,realization,S,edge_sha256,geometry_seed,disorder_seed
gaussian,iid,W,1.0,5.0,24.0,128.0,0.0,0.0,0.82,0.0,0.0189768473307291,70471fa74c887d4404e0eea167008d49d575f01d62ab56f4858b21572d645fbf,,
gaussian,iid,W,1.0,5.0,24.0,128.0,0.0,0.0,0.82,1.0,0.0154876708984375,71fdfc25a4414faeead031acede1e46bf468cb837ea6afe8c82b3691ec2178f4,,
gaussian,iid,W,1.0,5.0,24.0,128.0,0.0,0.0,0.82,2.0,0.0115203857421875,8c83571b18f779d5891cc1bbdbca583458cf70ce510a64025fc870e8e22f875f,,
gaussian,iid,W,1.0,5.0,24.0,128.0,0.0,0.0,0.82,3.0,0.0295054117838541,45bfab4008f52b91ae6b218431360e3eb3364b4528e52d5d01dd35d70d6be4a3,,
gaussian,iid,W,1.0,5.0,24.0,128.0,0.0,0.0,0.82,4.0,0.009033203125,1343d6013883bbf51ad7892bff9b542e9056f86097e972e9262a7cd21e18badd,,
gaussian,iid,W,1.0,5.0,24.0,128.0,0.0,0.0,0.82,5.0,0.0181248982747395,ec3d54b58eae127c8465a046d0f0305e4a357500e19a66a1785cc7bf9524abe4,,
gaussian,iid,W,1.0,5.0,24.0,128.0,0.0,0.0,0.82,6.0,0.01513671875,667cbd49cdb3eeaec2e54280ed9a6ea5fd4f1a418f7f49bd303410686e778dfb,,
gaussian,iid,W,1.0,5.0,24.0,128.0,0.0,0.0,0.82,7.0,0.0161285400390625,c8eeed7f1eeef18564329dad48071e02de82528a3ff574309fb09cd510af0326,,
gaussian,iid,W,1.0,5.0,24.0,128.0,0.0,0.0,0.82,8.0,0.0162938435872395,f3caf029eab259a7df6157c994cd2cec43da2b6576254cbd14e531e9d846ce32,,
gaussian,iid,W,1.0,5.0,24.0,128.0,0.0,0.0,0.82,9.0,0.0141169230143229,7290466f0ca8139d539b9dc24088bb40cc403e6f3609833d15eefd7cdf749e17,,
gaussian,iid,W,1.0,5.0,24.0,128.0,0.0,0.0,0.82,10.0,0.0158055623372395,70053ba3f60efe75a837f41a41d032c3a101e7cc2f7a74af93cf06695c3382ee,,
gaussian,iid,W,1.0,5.0,24.0,128.0,0.0,0.0,0.82,11.0,0.0287221272786458,3dbef3753861ba0fcf6613040fca415c522e6ee9cfb0083f94b372f74297bf5a,,
gaussian,iid,W,1.0,5.0,24.0,128.0,0.0,0.0,0.82,12.0,0.0289840698242187,eb60946cce11075c74dcbca987057c8a3ff8468f0ecc7a8b97192d8bfa92ab30,,
gaussian,iid,W,1.0,5.0,24.0,128.0,0.0,0.0,0.82,13.0,0.0209070841471354,d84e6090b9421eea0f7201b3d5decbb0b03b1d6903923fc79cca223e31b210c6,,
gaussian,iid,W,1.0,5.0,24.0,128.0,0.0,0.0,0.82,14.0,0.051099141438802,790d048a3196b8a8fcdb55f90778a294eac7e03e664ad79c6e1474fae189470c,,
gaussian,iid,W,1.0,5.0,24.0,128.0,0.0,0.0,0.82,15.0,0.015088399251302,2a45f51b5ada9ee3e587d6b08a76045782e13c6b80a084ace2be586c025a6bbb,,
gaussian,iid,W,1.0,5.0,24.0,128.0,0.0,0.0,0.82,16.0,0.0596694946289062,9f871f7e5a708763b090fdf68ee8cf7c49c61e1fd8ca23ff6e5906e857094fbc,,
gaussian,iid,W,1.0,5.0,24.0,128.0,0.0,0.0,0.82,17.0,0.0156478881835937,a812b224dd51ed7d5e5e9951fbfdf9979f9075389f70a0f2209f9d44e49338f6,,
gaussian,iid,W,1.0,5.0,24.0,128.0,0.0,0.0,0.82,18.0,0.03057861328125,8c5e2180b2c0ad23ef4c64f5d182945ed58537836aa8f2010539b243a9da4b62,,
gaussian,iid,W,1.0,5.0,24.0,128.0,0.0,0.0,0.82,19.0,0.0306040445963541,cc89ba93bfbab6121d12a065375a14ee8bca762762607e1d28f04b9c48a0da8b,,
gaussian,iid,W,1.0,5.0,24.0,128.0,0.0,0.0,0.82,20.0,0.0180994669596354,2266687642323de08de30e40b3ac7a7eb9f77d05a3f83eca1f7eab966cf07fd8,,
gaussian,iid,W,1.0,5.0,24.0,128.0,0.0,0.0,0.82,21.0,0.0135828653971354,df8e468f5fcfaca7ffa444260d0ba7bdac4aff34f100dc02e02377e26c8e0665,,
gaussian,iid,W,1.0,5.0,24.0,128.0,0.0,0.0,0.82,22.0,0.0414886474609375,c60e16c17040e4066bd6cc06529e6e2e26f0611c9b27e084500613a24da86e00,,
gaussian,iid,W,1.0,5.0,24.0,128.0,0.0,0.0,0.82,23.0,0.0106226603190104,302034d94f2ea6e128830a96be87171d92501fbe58c76cbdd1e67611d9fce21c,,
gaussian,iid,W,1.0,5.0,24.0,128.0,0.0,0.0,0.83,0.0,0.021924336751302,44599eec2ae1339c990ce550e2e6988c49040a9abeebb4836d65d0fc3aac0b72,,
gaussian,iid,W,1.0,5.0,24.0,128.0,0.0,0.0,0.83,1.0,0.0171305338541666,4b4a1da82881b6d6bce7e065d2c5b2cb93875e38d6899fa3bc9cbf6d5fb4bf0d,,
gaussian,iid,W,1.0,5.0,24.0,128.0,0.0,0.0,0.83,2.0,0.0142313639322916,f34dfeee97d1f4302166b6c5343222b943ce040c86df011c59a1578cebd6837d,,
gaussian,iid,W,1.0,5.0,24.0,128.0,0.0,0.0,0.83,3.0,0.02587890625,64bbd62e84e70e4622c0bbfada0623786d3576266a822e83dc72298ef76f6f9f,,
gaussian,iid,W,1.0,5.0,24.0,128.0,0.0,0.0,0.83,4.0,0.0224177042643229,aee9d947084532b16a0b9bb1bae0af29932f8ebd6ef51c49ddcd46846015bba0,,
gaussian,iid,W,1.0,5.0,24.0,128.0,0.0,0.0,0.83,5.0,0.021161397298177,b02ee5b982baeecb908d6074b9e33a7f6fab69da385c1d31a9e943caae98b28e,,
gaussian,iid,W,1.0,5.0,24.0,128.0,0.0,0.0,0.83,6.0,0.0336278279622395,fc8a3e26037ed44740e4ffa00b473e00d9469be4e8d0889152277dded83628e7,,
gaussian,iid,W,1.0,5.0,24.0,128.0,0.0,0.0,0.83,7.0,0.0208053588867187,24ee9710e5d9037dc69869ce0000c1ddff64cea3fbc7fe4701d923599dd72814,,
gaussian,iid,W,1.0,5.0,24.0,128.0,0.0,0.0,0.83,8.0,0.0225499471028645,7094b03c738e04933803a37f3e52c5fbd34595cc31ffea5d95bffe2a9cc5e5f9,,
gaussian,iid,W,1.0,5.0,24.0,128.0,0.0,0.0,0.83,9.0,0.02825927734375,0876ad2de9042cbff479b65b69851f0ac01d98a5db19d3657a0bdc1e1c3d3e9a,,
gaussian,iid,W,1.0,5.0,24.0,128.0,0.0,0.0,0.83,10.0,0.0161972045898437,5aa76dc55ffca4b0aa6e82dcc425dd648c6e35c67b9c74cdee00b6c3deb5ca54,,
gaussian,iid,W,1.0,5.0,24.0,128.0,0.0,0.0,0.83,11.0,0.0333938598632812,38200b0aac5dd93a9912ff21d80c10bf4088eadb4be1c7e5cca7dbb61dce853f,,
gaussian,iid,W,1.0,5.0,24.0,128.0,0.0,0.0,0.83,12.0,0.0470504760742187,f1ee73d40a7023d7ff5db9c1d57ed3ff05a54272d4709b37a943cf5b05537d75,,
gaussian,iid,W,1.0,5.0,24.0,128.0,0.0,0.0,0.83,13.0,0.0276463826497395,d02273df219744677981bb736014c9512eab2e8dfbef33b76cf671608b9bd688,,
gaussian,iid,W,1.0,5.0,24.0,128.0,0.0,0.0,0.83,14.0,0.0533065795898437,dc2756d3d89cff531a1394645c3b69b89048cd331edc2b2d4dc19690721d7217,,
gaussian,iid,W,1.0,5.0,24.0,128.0,0.0,0.0,0.83,15.0,0.042554219563802,85352b49d4654a7b69dd3238aadb929fbd7379bf54274d492c6afd2f2bf9b20d,,
gaussian,iid,W,1.0,5.0,24.0,128.0,0.0,0.0,0.83,16.0,0.0697174072265625,6ce234c2159cca3f741f50c2f530c009ba1de8856e7ce8a99c38f646255bd89c,,
gaussian,iid,W,1.0,5.0,24.0,128.0,0.0,0.0,0.83,17.0,0.0238749186197916,251bfd3c516befdb7f9267e1174515a646ef38c8f8730f3f979ea77d81556475,,
gaussian,iid,W,1.0,5.0,24.0,128.0,0.0,0.0,0.83,18.0,0.0398661295572916,0660ff330ab8c48a6de3d87c058e26d5bf885f014d6ed2c5f762d12302dc7976,,
gaussian,iid,W,1.0,5.0,24.0,128.0,0.0,0.0,0.83,19.0,0.0314559936523437,e5d8208e3e4010ee3e7f308833a886cc02db1e71cf1e388e5ddda26c5d677f8b,,
gaussian,iid,W,1.0,5.0,24.0,128.0,0.0,0.0,0.83,20.0,0.0458145141601562,7d16edf59223beb0c5b5c170e658c1eac0f8848cc2da762c7b8ab8ce63d7086e,,
gaussian,iid,W,1.0,5.0,24.0,128.0,0.0,0.0,0.83,21.0,0.0414581298828125,d0b383c179a446beb7467b367d3b0717e03998c69da88274bec7c297314aa201,,
gaussian,iid,W,1.0,5.0,24.0,128.0,0.0,0.0,0.83,22.0,0.0445226033528645,a6d18c64be7c4e112540e3c4095e2d6de6b306cc8b1b1ac1f483bfab4b91389f,,
gaussian,iid,W,1.0,5.0,24.0,128.0,0.0,0.0,0.83,23.0,0.0164515177408854,a6dfbf59a7dde656039520e1ee30e5fd84ab4ebbecd0b7b03fe05b00b0ae2570,,
gaussian,iid,W,1.0,5.0,24.0,128.0,0.0,0.0,0.84,0.0,0.0480702718098958,a629913ff25ec96df17f1e1880869d90327d167c135847468e3d8af45301359a,,
gaussian,iid,W,1.0,5.0,24.0,128.0,0.0,0.0,0.84,1.0,0.016082763671875,74896544e26323b2771eb9f379ea7762326773a13c67ae924d45f4d71fba0af3,,
gaussian,iid,W,1.0,5.0,24.0,128.0,0.0,0.0,0.84,2.0,0.0383834838867187,e4ad85c279dd60ea32ed4f597d4b2d338da83facb3bb78c532edd112281381a4,,
gaussian,iid,W,1.0,5.0,24.0,128.0,0.0,0.0,0.84,3.0,0.0432052612304687,3a6d317a36c4a6fc3e2e2df7962649e755bfa56f6e8d66eda4899301b27807d3,,
gaussian,iid,W,1.0,5.0,24.0,128.0,0.0,0.0,0.84,4.0,0.0987167358398437,4389f648abc4dbb39f3e28c5544d2ce50ddd228cced6adf29e254488c9a8c315,,
gaussian,iid,W,1.0,5.0,24.0,128.0,0.0,0.0,0.84,5.0,0.0540440877278645,5e3266c1b4d0358fb36fd482c3fc82d0e5aceebccd58e0b70b70c4f33fe3bc55,,
gaussian,iid,W,1.0,5.0,24.0,128.0,0.0,0.0,0.84,6.0,0.1325912475585937,83c9daf2d8915c743f027ba5f72d17b468587012ed40ef1c7c0196cbd151a4b7,,
gaussian,iid,W,1.0,5.0,24.0,128.0,0.0,0.0,0.84,7.0,0.0928014119466145,321fe1bc3797ca3744d6d7857419f8917e907115a4718f54023e1f71b628eba3,,
gaussian,iid,W,1.0,5.0,24.0,128.0,0.0,0.0,0.84,8.0,0.0471471150716145,cd7a1689b31f196ef945c6c9b78e4092b851c733b420562a715ed5e85f7916c0,,
gaussian,iid,W,1.0,5.0,24.0,128.0,0.0,0.0,0.84,9.0,0.0886154174804687,b1d11121bec28510cfcc1f02f93fd5c63faa033ab6b919a1e01982524314f1bf,,
gaussian,iid,W,1.0,5.0,24.0,128.0,0.0,0.0,0.84,10.0,0.0423940022786458,5e609519825863fe60f8a0b9a06eebf6c67d7698bc651bd05e0e0820a83fb6a7,,
gaussian,iid,W,1.0,5.0,24.0,128.0,0.0,0.0,0.84,11.0,0.0754852294921875,ca9e09fb0de32468f0bcf1addce7f2b631963fedab2c74c622b2c2234dff78d6,,
gaussian,iid,W,1.0,5.0,24.0,128.0,0.0,0.0,0.84,12.0,0.0816726684570312,1271279c19b3182689810364283bcf64881e2113e6190d1e60e3df16e41561ae,,
gaussian,iid,W,1.0,5.0,24.0,128.0,0.0,0.0,0.84,13.0,0.0624771118164062,a40785aad3584e4ec1627bd193a24deee26ba10936617fac5f4f26a31bf60282,,
gaussian,iid,W,1.0,5.0,24.0,128.0,0.0,0.0,0.84,14.0,0.1501948038736979,7c01e979a08bfb7f198c418994b244d88dde8a63b0fa2a422f5ad438060a77a8,,
gaussian,iid,W,1.0,5.0,24.0,128.0,0.0,0.0,0.84,15.0,0.0608495076497395,2ccb65778c2b132051e80729d101cc163aceca293f95c60990cfed12eb405d53,,
gaussian,iid,W,1.0,5.0,24.0,128.0,0.0,0.0,0.84,16.0,0.0758158365885416,c0a39d8ed38a8debc041cc085a82b3c969cae194586371f75b273af21c41bb83,,
gaussian,iid,W,1.0,5.0,24.0,128.0,0.0,0.0,0.84,17.0,0.1012369791666666,79b6f4f2257ffb206ada09adcaff213833de6c05fd066b51273103f41d99301b,,
gaussian,iid,W,1.0,5.0,24.0,128.0,0.0,0.0,0.84,18.0,0.0307261149088541,7850cb307e579fa4eba120246bb5e8669f1d24f17fac67e6c62e4810e5e423c1,,
gaussian,iid,W,1.0,5.0,24.0,128.0,0.0,0.0,0.84,19.0,0.0877151489257812,37794bf037cd4f290fe5687fb8b61fc4974d4410b23a678fd6949154916f5830,,
gaussian,iid,W,1.0,5.0,24.0,128.0,0.0,0.0,0.84,20.0,0.1171925862630208,bf8ff3f9171bc73e608d5647bf5577093f6353eb4c6e2949c283284c46eb9e10,,
gaussian,iid,W,1.0,5.0,24.0,128.0,0.0,0.0,0.84,21.0,0.08514404296875,3bb78f6b90431eb77c8d6341e05d2d6fc0d038918cf4840e1e1376e475d7c0eb,,
gaussian,iid,W,1.0,5.0,24.0,128.0,0.0,0.0,0.84,22.0,0.1007130940755208,28eacd5ca30bd5af87e78e032bc448dfdd70857dde322378924e9e2669a95d2b,,
gaussian,iid,W,1.0,5.0,24.0,128.0,0.0,0.0,0.84,23.0,0.0173873901367187,718ce33117b8e3bd2cee93db7a9e040cf3610bba2c8b33c72367a500cb8e1589,,
gaussian,iid,W,1.0,5.0,24.0,128.0,0.0,0.0,0.85,0.0,0.1882553100585937,a8892e27f594cd448bf5ea1e0fc047d09b495b9ad72517b1caca7a4f047a83db,,
gaussian,iid,W,1.0,5.0,24.0,128.0,0.0,0.0,0.85,1.0,0.0637893676757812,bbeadb1c0f7e10996b9577d06155a21ec4b1e450adf5c3def6e8e07b43e91abf,,
gaussian,iid,W,1.0,5.0,24.0,128.0,0.0,0.0,0.85,2.0,0.1277084350585937,88d71a8d993c0d6535d24096a3edace06ef86bf87a7d3ccebbb215657ce1631a,,
gaussian,iid,W,1.0,5.0,24.0,128.0,0.0,0.0,0.85,3.0,0.0694376627604166,09e0789cf72e9a8a1d2dba14fa3a354ffefd9d89463ab8a47c053ecfaea24cd6,,
gaussian,iid,W,1.0,5.0,24.0,128.0,0.0,0.0,0.85,4.0,0.5271021525065104,136de431e74b65a5e5a583b925fad3a0c9ced70b6ef04536e3dcf339b84d6790,,
gaussian,iid,W,1.0,5.0,24.0,128.0,0.0,0.0,0.85,5.0,0.1751632690429687,ea516dfd6d0d4fc0cc0612a90659e523b71e0bfa506f16d4fcee3c7ad81568d3,,
gaussian,iid,W,1.0,5.0,24.0,128.0,0.0,0.0,0.85,6.0,0.2489115397135416,3368f11c4fe9f282414095ba7af0a0e4b179e2ea3b7817477c20fb334fa0b046,,
gaussian,iid,W,1.0,5.0,24.0,128.0,0.0,0.0,0.85,7.0,0.1739730834960937,75c2536fcd33ac09ed17c93cf96a6cd2f10cb57887486acf31d55dfa0e86d8e7,,
gaussian,iid,W,1.0,5.0,24.0,128.0,0.0,0.0,0.85,8.0,0.1318537394205729,af3e2e34dae7f7783352eb63153b48aaa76fbee9506f7f99f8a5fd368855e8e1,,
gaussian,iid,W,1.0,5.0,24.0,128.0,0.0,0.0,0.85,9.0,0.1246922810872395,9de0b5d6de288c2a967c7dcda0b79550b18b0a6554a3287a49937d7850126d88,,
gaussian,iid,W,1.0,5.0,24.0,128.0,0.0,0.0,0.85,10.0,0.1160074869791666,d232bf0f3811cfdc51ffaf0ea80907d3053f3b353474b5574df11b4afba4aa8b,,
gaussian,iid,W,1.0,5.0,24.0,128.0,0.0,0.0,0.85,11.0,0.3206507364908854,9d86667e26cc1fb835831e4e817f5f607e48fd2883bc8990c0ac084b7bc4f3d7,,
gaussian,iid,W,1.0,5.0,24.0,128.0,0.0,0.0,0.85,12.0,0.1816762288411458,e4b798bd998f50756e4c2ac02658f44800106ee0895a474daffe0bda28702b42,,
gaussian,iid,W,1.0,5.0,24.0,128.0,0.0,0.0,0.85,13.0,0.1125691731770833,629c24fee5b2aefe7f426ee0281d045ea61502bc954257d84d4937d88ccc98a6,,
gaussian,iid,W,1.0,5.0,24.0,128.0,0.0,0.0,0.85,14.0,0.2085393269856771,d17cf36d72e13b22b9c92ed1646f0a17f3cd157b508ecfaa52ecced5cda3d399,,
gaussian,iid,W,1.0,5.0,24.0,128.0,0.0,0.0,0.85,15.0,0.0915120442708333,009ba655d188d936a7b6cd6a9f0bd73431fcfe1b1bc0843bc2057800e7857ac9,,
gaussian,iid,W,1.0,5.0,24.0,128.0,0.0,0.0,0.85,16.0,0.1426951090494791,1b230a8a9d62235e47b3a81734d6c0f4fd95df46a8e57be6f4b53fe2809d790c,,
gaussian,iid,W,1.0,5.0,24.0,128.0,0.0,0.0,0.85,17.0,0.1763559977213541,c94555dfe389a59d812c93e716588552be75e3fd41dd0def05b972009e594bd0,,
gaussian,iid,W,1.0,5.0,24.0,128.0,0.0,0.0,0.85,18.0,0.1222152709960937,2e736ff79a0ef19ac662e79001b1d4d38a63c23fbd6f24e2d00693af41faefde,,
gaussian,iid,W,1.0,5.0,24.0,128.0,0.0,0.0,0.85,19.0,0.1806844075520833,36285ce8945f18b4d006ce7b0feb589fa9b8f24b64184ba879593e3c12d7dda4,,
gaussian,iid,W,1.0,5.0,24.0,128.0,0.0,0.0,0.85,20.0,0.182373046875,38d4d65460abc145b9c11365e4c10f4e10dfdce9e88341aee5166b6d58818b8e,,
gaussian,iid,W,1.0,5.0,24.0,128.0,0.0,0.0,0.85,21.0,0.3314768473307292,cf72ea0e2b18a207b0c4ec30406a3c444e2d4a5ea438615cc832aa62a11ac88e,,
gaussian,iid,W,1.0,5.0,24.0,128.0,0.0,0.0,0.85,22.0,0.105682373046875,cccdfbee86a582657c2221475caaff72e3c40381457f7a14c0ff836f91b1c2d3,,
gaussian,iid,W,1.0,5.0,24.0,128.0,0.0,0.0,0.85,23.0,0.0597000122070312,7a314fb469fc187b7ef9d88b1fbaf332346d61f579b7cbef0766f30535315a70,,
gaussian,iid,W,1.0,5.0,24.0,128.0,0.0,0.0,0.86,0.0,0.2212244669596354,679023688b63ecb149793ef14f1115fdfcbc3b2afef5c443bbbc6cb805cab459,,
gaussian,iid,W,1.0,5.0,24.0,128.0,0.0,0.0,0.86,1.0,0.2902577718098958,4352a62513d65fdf61b1f23eba90c9cd77d4c46301014658944cb6f3d04867cb,,
gaussian,iid,W,1.0,5.0,24.0,128.0,0.0,0.0,0.86,2.0,0.2739156087239583,6fa3e0c188048132960aa4fb0a6b1e0a07c128fdc75a0fb8a884b388be04c442,,
gaussian,iid,W,1.0,5.0,24.0,128.0,0.0,0.0,0.86,3.0,0.2722676595052083,81874f684af0d18a793b170f5baa3b3baafabc54581736112f17dff309fcad7f,,
gaussian,iid,W,1.0,5.0,24.0,128.0,0.0,0.0,0.86,4.0,0.5951995849609375,273d9ef1ccbfa4f48498d9bf730bc0caa737a896c5e0ab9432e3be2d21bb0996,,
gaussian,iid,W,1.0,5.0,24.0,128.0,0.0,0.0,0.86,5.0,0.3360621134440104,c5c7c2151a5153d2f31d779c15b64e89022902b4b0783f4fc8d5b653f7cbde35,,
gaussian,iid,W,1.0,5.0,24.0,128.0,0.0,0.0,0.86,6.0,0.2687428792317708,a1b1481238d2bcf5fdcf11bcd3770d6a46691f9a6aaec1bcc9d9351298e8ea0b,,
gaussian,iid,W,1.0,5.0,24.0,128.0,0.0,0.0,0.86,7.0,0.2226994832356771,42f02d7b06920838d251a02ab59a0400b94cac13aee947e83194ee17a3733df3,,
gaussian,iid,W,1.0,5.0,24.0,128.0,0.0,0.0,0.86,8.0,0.3157679239908854,8264f9c619bf3896d4bddf9cbad406a1c9dc9c75717279e0a285a43b4134e1a8,,
gaussian,iid,W,1.0,5.0,24.0,128.0,0.0,0.0,0.86,9.0,0.3287836710611979,9f9791e3431f07b5c389f439840391653318bb12794cec187cabb4b2579e3fef,,
gaussian,iid,W,1.0,5.0,24.0,128.0,0.0,0.0,0.86,10.0,0.5045166015625,829119469ae4b398e65c455b33627ee9b751bb23fce75d5a8f86d6d56615063a,,
gaussian,iid,W,1.0,5.0,24.0,128.0,0.0,0.0,0.86,11.0,0.3285751342773437,2fe7abdd55709a1a1965e5402b4f783b68c33d379af3a047d427c861a15ee63e,,
gaussian,iid,W,1.0,5.0,24.0,128.0,0.0,0.0,0.86,12.0,0.2622934977213542,3373ad241e0d3fa19e7c9353ad8e7fcbe63450fcf416506de1ba938cd9374403,,
gaussian,iid,W,1.0,5.0,24.0,128.0,0.0,0.0,0.86,13.0,0.2977244059244792,ba9e2fecaf6b451de5734deae196ecc9376101f0fddb3bb29fa848ea13831f30,,
gaussian,iid,W,1.0,5.0,24.0,128.0,0.0,0.0,0.86,14.0,0.41766357421875,ef4141e0ae31527c61ace5ab22641255f7cb0bc27cad438810f2ccb2c7eec389,,
gaussian,iid,W,1.0,5.0,24.0,128.0,0.0,0.0,0.86,15.0,0.2555262247721354,31f7f29eb6f31d6b8ad3fd0c92e05a0677af31486bb6820d19ae0df334eaea90,,
gaussian,iid,W,1.0,5.0,24.0,128.0,0.0,0.0,0.86,16.0,0.2571461995442708,a677ae6163a526ccfbe727639c1c761cbae857f28cd08bdd7cbc9700bf190888,,
gaussian,iid,W,1.0,5.0,24.0,128.0,0.0,0.0,0.86,17.0,0.3175862630208333,d5f70e0ad181bc40e792331e1bb10f273388874a78a32e554319cae1a794b82a,,
gaussian,iid,W,1.0,5.0,24.0,128.0,0.0,0.0,0.86,18.0,0.1928202311197916,56a80bc378145af6dd683f46b0fc8c51a237e5419c2b48320bb18e5ff06aff81,,
gaussian,iid,W,1.0,5.0,24.0,128.0,0.0,0.0,0.86,19.0,0.3674723307291667,4d142d901febe6de8be9de06aee2aa8e036872687ee0380151b9c7d3c5d3f93a,,
gaussian,iid,W,1.0,5.0,24.0,128.0,0.0,0.0,0.86,20.0,0.3120193481445312,11728ed249dc82b7928b09fda1c65fcdf273afa0ac868cdde590784b76879e81,,
gaussian,iid,W,1.0,5.0,24.0,128.0,0.0,0.0,0.86,21.0,0.3965632120768229,7f0a1383fd80ea6d2375b1915075403f62816245b06031986b61a9606677338a,,
gaussian,iid,W,1.0,5.0,24.0,128.0,0.0,0.0,0.86,22.0,0.3170700073242187,eed1902af670b36215d1a8a279cd7c432c24f25597f05d3ffbd2f52f17588719,,
gaussian,iid,W,1.0,5.0,24.0,128.0,0.0,0.0,0.86,23.0,0.2216415405273437,23f9240057a8e79cc2c7ea5521ecfd879bf234ddf79136a79e25b012fefedd43,,
gaussian,iid,W,1.0,5.0,24.0,128.0,0.0,0.0,0.87,0.0,0.4392369588216145,f7cbaaf02667e59ea9fd0dbb4cf65286b08d0a3bc57ba9a013ceeff4ca9bc386,,
gaussian,iid,W,1.0,5.0,24.0,128.0,0.0,0.0,0.87,1.0,0.3579788208007812,50cae05b90f31aca42278610b5c2a48bdd88375fda192acc754057845b365279,,
gaussian,iid,W,1.0,5.0,24.0,128.0,0.0,0.0,0.87,2.0,0.9690119425455728,e1e651f2589afb0f28a6c311d91a5570c2fa1d97310a8e31a8c7de6c41fdddf9,,
gaussian,iid,W,1.0,5.0,24.0,128.0,0.0,0.0,0.87,3.0,0.5890121459960938,56f9751635401a32d799ed8acd2e092af23a5a90db811f8009f6c43d9fd5fdb2,,
gaussian,iid,W,1.0,5.0,24.0,128.0,0.0,0.0,0.87,4.0,0.8730265299479166,c45e3e717dfdc56127f2a98219d4bb67d7c9c353fe4d6cf25def81a23e5214fc,,
gaussian,iid,W,1.0,5.0,24.0,128.0,0.0,0.0,0.87,5.0,0.5888214111328125,6a4f240674bbd0dd865807f4c38d9a805085fb3e6d6739ea9493fb19cb6994a6,,
gaussian,iid,W,1.0,5.0,24.0,128.0,0.0,0.0,0.87,6.0,0.6823654174804688,83d44290e1b5ce6e1bb05b3100b072fb6645b58ed07682a379885665faa86b99,,
gaussian,iid,W,1.0,5.0,24.0,128.0,0.0,0.0,0.87,7.0,0.429931640625,834fdeacce13e9ff39431066ca013212931092f4135d18ed0666b0e8e821bbe1,,
gaussian,iid,W,1.0,5.0,24.0,128.0,0.0,0.0,0.87,8.0,0.6966654459635416,f83674d0478af99908cf51e9681eadb7acfbf44081cbe13e71d10632d509835e,,
gaussian,iid,W,1.0,5.0,24.0,128.0,0.0,0.0,0.87,9.0,0.6350911458333334,76eed180719021f4b0a472cdf6291a6abc497a1c7419bd225d73776c6b2eae8c,,
gaussian,iid,W,1.0,5.0,24.0,128.0,0.0,0.0,0.87,10.0,0.7803522745768229,7e00b246caf3e4f5ddae1689b5d664f51311204ffb9ddddc9349e3571b60e699,,
gaussian,iid,W,1.0,5.0,24.0,128.0,0.0,0.0,0.87,11.0,0.2428436279296875,6f366c971cc8b645a09e7b5bbe8ba03ca004970b619b7a392709095842b2da54,,
gaussian,iid,W,1.0,5.0,24.0,128.0,0.0,0.0,0.87,12.0,0.7934697469075521,6ccc392d3c650b842f1f3335302ef7d5d43811b46ebc8ab6d6051267515c7f91,,
gaussian,iid,W,1.0,5.0,24.0,128.0,0.0,0.0,0.87,13.0,0.4095993041992187,7e35d0c2c1b906aaae705e6440bc6c521c06f26f6ecfad9e7a429f43c5d13131,,
gaussian,iid,W,1.0,5.0,24.0,128.0,0.0,0.0,0.87,14.0,0.8598709106445312,9ed841bf2379eccde1629166bfdb772f333cf1e89bc52d5838c454eb4cd65342,,
gaussian,iid,W,1.0,5.0,24.0,128.0,0.0,0.0,0.87,15.0,0.3021291097005208,b9db7a5573e6cfb8b778c5c0dffd22da92024bb90460e8b3b9b5abc5bab669d9,,
gaussian,iid,W,1.0,5.0,24.0,128.0,0.0,0.0,0.87,16.0,0.6695607503255209,866654e813194b043535376bc7aa6161ea3480bceba3fe11793f2aca25c8c7df,,
gaussian,iid,W,1.0,5.0,24.0,128.0,0.0,0.0,0.87,17.0,0.7232157389322916,4e3d374fa12936cb3aec4c0dfddcd0fcfdc03402e7cac1848f4aa86c4ad459a9,,
gaussian,iid,W,1.0,5.0,24.0,128.0,0.0,0.0,0.87,18.0,0.3895111083984375,ce5a205702e6a24821b105782bb8e897c629ba59ad6115a568ed15db1cab9c90,,
gaussian,iid,W,1.0,5.0,24.0,128.0,0.0,0.0,0.87,19.0,0.6131769816080729,cad6c2ac145ca699941a886ea8cac3a067d6ca805751a83d21922e7119e50d17,,
gaussian,iid,W,1.0,5.0,24.0,128.0,0.0,0.0,0.87,20.0,0.3890787760416667,0e60d2338c05cde6c7a9c2d381631531feb5cb83fd8ffad3f58ab548d0bb7b87,,
gaussian,iid,W,1.0,5.0,24.0,128.0,0.0,0.0,0.87,21.0,0.6850204467773438,7360a14802a047c8915bcd72341bab9a8c5e977d5ce495ba7c19491d3d09e13e,,
gaussian,iid,W,1.0,5.0,24.0,128.0,0.0,0.0,0.87,22.0,0.4965540568033854,0c957231a18cd3286af2c807929f19926bc4f86be83be8b226462fefa01705dc,,
gaussian,iid,W,1.0,5.0,24.0,128.0,0.0,0.0,0.87,23.0,0.7437388102213541,be105349dd4e986e7404b3effb5cee7e2a0a26bfd03457fdb59165e3c3ed8286,,
gaussian,iid,W,1.0,5.0,24.0,128.0,0.0,0.0,0.88,0.0,0.9727071126302084,aa168191abc53cc0e97dbc856e4533acce1dc8173382860cd2422223769edece,,
gaussian,iid,W,1.0,5.0,24.0,128.0,0.0,0.0,0.88,1.0,0.9767888387044272,697c9b142767a0306b32902ecb89d501261ff566005f2d293778e7b1dbe7cca2,,
gaussian,iid,W,1.0,5.0,24.0,128.0,0.0,0.0,0.88,2.0,0.9710184733072916,c13513110bf5221dcd554a5983e4e772179e9751388b63eef3a42dad48820b25,,
gaussian,iid,W,1.0,5.0,24.0,128.0,0.0,0.0,0.88,3.0,0.9785308837890624,4a6d30768728ccc9314a837779d5523761aa13cb70a72a8db62e30011b5baa79,,
gaussian,iid,W,1.0,5.0,24.0,128.0,0.0,0.0,0.88,4.0,0.6747411092122396,9d065d637eace46fcb2ebb23913f161a3aed75818ab719e45f1a5984d99b62f4,,
gaussian,iid,W,1.0,5.0,24.0,128.0,0.0,0.0,0.88,5.0,0.9781773885091146,25bdc4b0f91572b95713c0fb2bf72b0ad1e59c6d595695d27339f015c4a4ab8a,,
gaussian,iid,W,1.0,5.0,24.0,128.0,0.0,0.0,0.88,6.0,0.959131876627604,2741e4cff2ae73fb7f6d86517c26fe7952cccbcaf8d9175147922e1186d6e17e,,
gaussian,iid,W,1.0,5.0,24.0,128.0,0.0,0.0,0.88,7.0,0.9752629597981772,ac91f31df5f5b78c5744de3b5b4579625fb062e3f38e715dc015ecf534deea94,,
gaussian,iid,W,1.0,5.0,24.0,128.0,0.0,0.0,0.88,8.0,0.9734573364257812,8d255bce14918314df08bbeb656691e581904c81db6fc042e39d8647ad04ebbb,,
gaussian,iid,W,1.0,5.0,24.0,128.0,0.0,0.0,0.88,9.0,0.9749959309895834,fc65eb241d3d6b8e8d0e76075c3a30e2d477ff5b83e44d33b0bf8b52338f6553,,
gaussian,iid,W,1.0,5.0,24.0,128.0,0.0,0.0,0.88,10.0,0.9736124674479166,7db80baa4530697b210a92d5aa9083373d6daa58cea33e3cd7d0905b2f6a39d5,,
gaussian,iid,W,1.0,5.0,24.0,128.0,0.0,0.0,0.88,11.0,0.976977030436198,46f51be76b62437270c8a5464918e79f5d4a32fdac2d5a31b796fac06c7c44ea,,
gaussian,iid,W,1.0,5.0,24.0,128.0,0.0,0.0,0.88,12.0,0.974268595377604,4d2cde01ac821c693bbdc6ed6e90d6f6bd7923490d75b1fef3161f628d367673,,
gaussian,iid,W,1.0,5.0,24.0,128.0,0.0,0.0,0.88,13.0,0.9737141927083334,32d84e3b053d97a6abf516db315e71f687fff3bb0f0df17641ec21db058d8577,,
gaussian,iid,W,1.0,5.0,24.0,128.0,0.0,0.0,0.88,14.0,0.973902384440104,4a68beecff1b7640dc16b6dbf14b74f7c774fa35464c22f4732d5c49efa44c99,,
gaussian,iid,W,1.0,5.0,24.0,128.0,0.0,0.0,0.88,15.0,0.4734878540039062,a550825130aa79f3b5b59f106bad9a5e4c05f1943eeb7b2dd86ee76fe3993452,,
gaussian,iid,W,1.0,5.0,24.0,128.0,0.0,0.0,0.88,16.0,0.976720174153646,123201a09150b04b802cb72ae42055747d084aed60b5126e538773531a9b8d24,,
gaussian,iid,W,1.0,5.0,24.0,128.0,0.0,0.0,0.88,17.0,0.9763997395833334,28811984b47dfc37366dcd20b2e9cfcffc5a4df93f7493a8be29c0d919d55315,,
gaussian,iid,W,1.0,5.0,24.0,128.0,0.0,0.0,0.88,18.0,0.9773763020833334,e6a7dd18330c7c7b13b43c339ab9fe243a794ce214f896e6d6bf3574c0b0a74e,,
gaussian,iid,W,1.0,5.0,24.0,128.0,0.0,0.0,0.88,19.0,0.6888605753580729,37206a689b04c2cfaa00ccec16e82c236b23ce56840aba7b628fd3c25b611f64,,
gaussian,iid,W,1.0,5.0,24.0,128.0,0.0,0.0,0.88,20.0,0.5549545288085938,502f159879166bac9ff0a7c7edf73e568608882eddbcf216f60ad17826a3ff37,,
gaussian,iid,W,1.0,5.0,24.0,128.0,0.0,0.0,0.88,21.0,0.9705607096354166,4c0fa5f883bae649f7ffd2ae10dc86f9f52c7fd1f0c9434ef94f1a438cb48179,,
gaussian,iid,W,1.0,5.0,24.0,128.0,0.0,0.0,0.88,22.0,0.9757919311523438,ae23393d9a092f90b88956c60fa94b4fe85dab3a65aa18da95a157e28f86c808,,
gaussian,iid,W,1.0,5.0,24.0,128.0,0.0,0.0,0.88,23.0,0.976392110188802,9f5517048c47d24df135ff7986060d050772d0c65449c5da7807671bcc631a6a,,
gaussian,iid,W,1.0,5.0,24.0,128.0,0.0,0.0,0.89,0.0,0.973541259765625,b6cf90a7dffbae36e5d55cee435d7c5f6eb091be44af397aaa6e69cb7030ff8e,,
gaussian,iid,W,1.0,5.0,24.0,128.0,0.0,0.0,0.89,1.0,0.9788869222005208,a3911f62dd21990627230bcad039c6aaa9a89e175ab905e9d6dcff78877e9f33,,
gaussian,iid,W,1.0,5.0,24.0,128.0,0.0,0.0,0.89,2.0,0.9788589477539062,867c5dce14ad93bb2a81d0654e61de6bdbaa3d1a57eb51aeb605714778033110,,
gaussian,iid,W,1.0,5.0,24.0,128.0,0.0,0.0,0.89,3.0,0.9795099894205728,d7a2ad013b906bc64e2d187d1239ade0a545df2ed59300ed6723293145163eef,,
gaussian,iid,W,1.0,5.0,24.0,128.0,0.0,0.0,0.89,4.0,0.9785232543945312,d1fc56d95bc1afc2b5471be540a9f4ba8e5a115191aa299982a7308ada581989,,
gaussian,iid,W,1.0,5.0,24.0,128.0,0.0,0.0,0.89,5.0,0.9786656697591146,190dabbf262b5b0379f208ad74386974465e2946045bbfb47cda19a40cce24e4,,
gaussian,iid,W,1.0,5.0,24.0,128.0,0.0,0.0,0.89,6.0,0.971753438313802,14c2add765230995baecc1e93d8b820e5266687c9563016c79fd36b28434373a,,
gaussian,iid,W,1.0,5.0,24.0,128.0,0.0,0.0,0.89,7.0,0.9779815673828124,01a62046d5b848aa4067b5ec43a1956353123fb56e53b1d86b58c8f587a9094a,,
gaussian,iid,W,1.0,5.0,24.0,128.0,0.0,0.0,0.89,8.0,0.976366678873698,3e7c2e07389705d660dc414d8abe02215bfd85de6d3b5b03c215b6deb0619b0d,,
gaussian,iid,W,1.0,5.0,24.0,128.0,0.0,0.0,0.89,9.0,0.9766057332356772,7e0adf517d3a3c3ac5c85bccc7bdd310e6b02d18375ad3e5948a0cad90bcefc5,,
gaussian,iid,W,1.0,5.0,24.0,128.0,0.0,0.0,0.89,10.0,0.9776662190755208,d73ae67f90c8709a57c9e0c019dc60860e14b1bf0603015a4ffd525e09a2619f,,
gaussian,iid,W,1.0,5.0,24.0,128.0,0.0,0.0,0.89,11.0,0.9792912801106772,75d85ab10758217828444de475ac40e05398ac431407880e27e2060e78345c29,,
gaussian,iid,W,1.0,5.0,24.0,128.0,0.0,0.0,0.89,12.0,0.9788767496744792,a8a1312b5d4b3d7f0d81e625329357420a9afc96f4e18c41e93ac48887f00b9f,,
gaussian,iid,W,1.0,5.0,24.0,128.0,0.0,0.0,0.89,13.0,0.9763031005859376,c8fa16e9f61946b5ee92dab642072519b1e198ba56e508ccdcc6affd4e001cea,,
gaussian,iid,W,1.0,5.0,24.0,128.0,0.0,0.0,0.89,14.0,0.97564697265625,aa37b901cb18624c776fdb9d8ed6ba9141739ac6ba295b3dab474d26390205d0,,
gaussian,iid,W,1.0,5.0,24.0,128.0,0.0,0.0,0.89,15.0,0.9764785766601562,923507e2cda70523dad17846ed1599db80be440d381db6aac9074b6559ab0a35,,
gaussian,iid,W,1.0,5.0,24.0,128.0,0.0,0.0,0.89,16.0,0.9772288004557292,acb61caaf639885cdbf038beda8a33c081f77a0485c67cdad176cb75c9da097a,,
gaussian,iid,W,1.0,5.0,24.0,128.0,0.0,0.0,0.89,17.0,0.9777781168619792,9dcd80213d4b20ffc5ee09e74ab7fe235eed94763f6f2076c3ff11cade8d61e4,,
gaussian,iid,W,1.0,5.0,24.0,128.0,0.0,0.0,0.89,18.0,0.9780197143554688,0caaad8985b4802924dad79d2b4050561f255cb23716b79e4c16b4fb9c3141d6,,
gaussian,iid,W,1.0,5.0,24.0,128.0,0.0,0.0,0.89,19.0,0.9810129801432292,80abd3821e0be8cf7d399655ce1d29547f76385fc7231c6ea439291aa0f4cdc2,,
gaussian,iid,W,1.0,5.0,24.0,128.0,0.0,0.0,0.89,20.0,0.5531641642252604,726cfc413eef7029788e889b0f24c5f3a5f284dfb71590c3b735499e9c3fd61e,,
gaussian,iid,W,1.0,5.0,24.0,128.0,0.0,0.0,0.89,21.0,0.977081298828125,4ac789379d2dd6f88e0cc4ba908c4679e1444393a81c3780b085484690a3c312,,
gaussian,iid,W,1.0,5.0,24.0,128.0,0.0,0.0,0.89,22.0,0.9760843912760416,b3171118433e5f59d57c6df3413efcdcd7cf1ecb67af1994c34e07ca5157ae30,,
gaussian,iid,W,1.0,5.0,24.0,128.0,0.0,0.0,0.89,23.0,0.9771804809570312,68ff01a94567572cf0930ddacd546de4d92d9fe2c28d997d4c9d93927baf7231,,
gaussian,iid,W,1.0,5.0,24.0,128.0,0.0,0.0,0.9,0.0,0.9771194458007812,7efd407567773f73d55c463cf146df87621e11b0e55f5aae8c52c3add0abb0b4,,
gaussian,iid,W,1.0,5.0,24.0,128.0,0.0,0.0,0.9,1.0,0.9794336954752604,df92aae1a38d1bdbd405a755d77218095ef09b1ee3920894d133b050c0fc7294,,
gaussian,iid,W,1.0,5.0,24.0,128.0,0.0,0.0,0.9,2.0,0.979784647623698,10ebe29e883e16cf79bbaba5a7979e16e42346560736fced4ff5fab074c7547b,,
gaussian,iid,W,1.0,5.0,24.0,128.0,0.0,0.0,0.9,3.0,0.9817682902018228,6925a1de91981e3f7c4cea65dbbfbeff600b50c5688f88d0e3b8644a6f4bfa66,,
gaussian,iid,W,1.0,5.0,24.0,128.0,0.0,0.0,0.9,4.0,0.9806543986002604,7a2274315a10eb3cc97f0372a974d3163eab14e9eddd4cfa5d78efa1690ab9fe,,
gaussian,iid,W,1.0,5.0,24.0,128.0,0.0,0.0,0.9,5.0,0.979039510091146,d37dedc441bb9416e62323f1d67585faed5edb7676340a22b432ce3ae7cd287b,,
gaussian,iid,W,1.0,5.0,24.0,128.0,0.0,0.0,0.9,6.0,0.976270039876302,0dc9b4b4f7ef510d199e2554dde2bd2c45e8d23c7ba314613fbbcc6559165f0b,,
gaussian,iid,W,1.0,5.0,24.0,128.0,0.0,0.0,0.9,7.0,0.9794921875,f10dd33ca9704cd7c7431a1328e027e7bd501fa4d3ecc76b65b4893faf58ee40,,
gaussian,iid,W,1.0,5.0,24.0,128.0,0.0,0.0,0.9,8.0,0.9777399698893228,d6ee499cff68cbe25291c56c278e57f0cb40216c8cf90e1f659faad79a2c9f0b,,
gaussian,iid,W,1.0,5.0,24.0,128.0,0.0,0.0,0.9,9.0,0.9797465006510416,b268d9d6dc287312957828b1d0dcdf802ed76f6abb52763838b51aacb5a81d49,,
gaussian,iid,W,1.0,5.0,24.0,128.0,0.0,0.0,0.9,10.0,0.975695292154948,47e5afc717f1f13c6851dd912c3fe9315e91bc7c6c153419b24f320254895a6e,,
gaussian,iid,W,1.0,5.0,24.0,128.0,0.0,0.0,0.9,11.0,0.9804534912109376,c7b23472023ecf830fa5e378505a93080422500bca6cb076ce4289011d21254b,,
gaussian,iid,W,1.0,5.0,24.0,128.0,0.0,0.0,0.9,12.0,0.9793930053710938,3f65e469076fb0689f6427b91dec4fdf9ead78c632d48742fb65e723c106f981,,
gaussian,iid,W,1.0,5.0,24.0,128.0,0.0,0.0,0.9,13.0,0.9788792928059896,212687b5bb48dab3a9d86ffa78ea62f09fa651196b46fb17cb1c3a70584d1b3d,,
gaussian,iid,W,1.0,5.0,24.0,128.0,0.0,0.0,0.9,14.0,0.978307088216146,a6a77aca1fdfc110c12155853cae6bc6e01cc3bbaa35b6bc7c6050fb0a0b6239,,
gaussian,iid,W,1.0,5.0,24.0,128.0,0.0,0.0,0.9,15.0,0.9796066284179688,1e984e73b5118ca9d2b70160d961c7f21dd91ec4a4e4c89b07ae9a8fb3ad2f5c,,
gaussian,iid,W,1.0,5.0,24.0,128.0,0.0,0.0,0.9,16.0,0.9777043660481772,bc05dc7d1dbc64ff0bf952eae0388b556d95c7ddd5d12cc763c1838cb2c7e18e,,
gaussian,iid,W,1.0,5.0,24.0,128.0,0.0,0.0,0.9,17.0,0.9797286987304688,6fed0e0eb0fcf87b3788b3ad1cd94d56df1aa4148106d4437cbceeacd0e6e41d,,
gaussian,iid,W,1.0,5.0,24.0,128.0,0.0,0.0,0.9,18.0,0.9797032674153646,0eb93e8ce2d22517503bd1cb05a6406108c59b91c59a4aefa3648221185d6421,,
gaussian,iid,W,1.0,5.0,24.0,128.0,0.0,0.0,0.9,19.0,0.9811503092447916,746610799cdd2ed84f9aa77acf68a8fb9411ed09e086ce3b52cfd9761a62fec1,,
gaussian,iid,W,1.0,5.0,24.0,128.0,0.0,0.0,0.9,20.0,0.9811503092447916,e2bc80791f35d42ad1e97d0b6b475d770d18b4bba6575634833bed977ca70c03,,
gaussian,iid,W,1.0,5.0,24.0,128.0,0.0,0.0,0.9,21.0,0.979052225748698,0374f71ddb7075bf0cdc66c89f8359d0c9ff196f6c962360d550351ea2e6db81,,
gaussian,iid,W,1.0,5.0,24.0,128.0,0.0,0.0,0.9,22.0,0.977404276529948,5efc26fe6d9b23614d0259cec4113e4ad2fb235d2d4f4242599c3bb537cb68cc,,
gaussian,iid,W,1.0,5.0,24.0,128.0,0.0,0.0,0.9,23.0,0.9784215291341146,f180bbbea36f423c5a83f57647b5b6b7d41c276cc44d5c402762a8d8ff8fd132,,
gaussian,iid,W,1.0,5.0,24.0,128.0,0.0,0.0,0.94,0.0,0.9825617472330728,82d461744ed36d5fd31c062e7028ccf983e1b17ee6862ea970bd58d008cc1661,,
gaussian,iid,W,1.0,5.0,24.0,128.0,0.0,0.0,0.94,1.0,0.9821980794270834,6aef740ae3ff63105079e92cb6e9fa34623e2465baafbe788dafcbf819518694,,
gaussian,iid,W,1.0,5.0,24.0,128.0,0.0,0.0,0.94,2.0,0.9832331339518228,15e1750571215f156baacd5c16b481d21e6496bfd9bc7e6a26658448c7034cce,,
gaussian,iid,W,1.0,5.0,24.0,128.0,0.0,0.0,0.94,3.0,0.9838282267252604,14d2a120e051cdb8abd7c5b3f0c55b98ee25d6b5aa90ebde382afee73a88b16d,,
gaussian,iid,W,1.0,5.0,24.0,128.0,0.0,0.0,0.94,4.0,0.983739217122396,a265ccc0239018a025385ba6fd81e7c9722db3d1db01ae86ae414053bdcb1e1d,,
gaussian,iid,W,1.0,5.0,24.0,128.0,0.0,0.0,0.94,5.0,0.9820175170898438,828cc46f94ee77fa40954a4688b16c73b9f96f76e4efcb9be73517ab74c0d572,,
gaussian,iid,W,1.0,5.0,24.0,128.0,0.0,0.0,0.94,6.0,0.9817225138346354,427e5d2cdc38cee25d1578440016cf3437473b5b6ac65be8b9254fef941cee0c,,
gaussian,iid,W,1.0,5.0,24.0,128.0,0.0,0.0,0.94,7.0,0.9821929931640624,0f2b5fb1ae95683763c821ec2231e82b24d33a89603b47a666c3961b319a0471,,
gaussian,iid,W,1.0,5.0,24.0,128.0,0.0,0.0,0.94,8.0,0.9810384114583334,7d61b22cfd7224816c3e470f02aa122b1abf66de3d53a0dd9df18f95d28147f7,,
gaussian,iid,W,1.0,5.0,24.0,128.0,0.0,0.0,0.94,9.0,0.9828262329101562,d89ea14d8ba9de208d56e37cc76dbc642a5a9fd7eed811afcd3b3e326ff34b27,,
gaussian,iid,W,1.0,5.0,24.0,128.0,0.0,0.0,0.94,10.0,0.982391357421875,5f057c637d641cf118ec165b0b45348f9575065bc44ded096226b87f4fcccf7b,,
gaussian,iid,W,1.0,5.0,24.0,128.0,0.0,0.0,0.94,11.0,0.9821192423502604,f955f7b9a545f05e8b8713a4a43b46169458934b54acf62876199ca908273b5e,,
gaussian,iid,W,1.0,5.0,24.0,128.0,0.0,0.0,0.98,0.0,0.9844182332356772,d023cac6119e6d54d77e5a69a5265f9659339ca544147fa006182b0587bf0fa7,,
gaussian,iid,W,1.0,5.0,24.0,128.0,0.0,0.0,0.98,1.0,0.9839859008789062,54060896992a1c138ff9d0a40269bbb604439dd448b196453363bb2d7e997d4e,,
gaussian,iid,W,1.0,5.0,24.0,128.0,0.0,0.0,0.98,2.0,0.9848810831705728,bbf5d86a62e1158b0999eb6d57ce51d0f343b1f40b269fe1361287b2e035adc2,,
gaussian,iid,W,1.0,5.0,24.0,128.0,0.0,0.0,0.98,3.0,0.9851303100585938,407c823c5f01fe57760f9985dcaa04afee41b0f5ec372db96439b2ab428054b6,,
gaussian,iid,W,1.0,5.0,24.0,128.0,0.0,0.0,0.98,4.0,0.9850896199544272,2912f6c609c6544ad93ddca667796d1a501cf31ce72e566e5aadc521193aad37,,
gaussian,iid,W,1.0,5.0,24.0,128.0,0.0,0.0,0.98,5.0,0.9841690063476562,c0e3555144c7de083df6780d6c6ddcb28e202585d55c7e012e27eb96f325e47c,,
gaussian,iid,W,1.0,5.0,24.0,128.0,0.0,0.0,0.98,6.0,0.9841359456380208,77fe7cb9f19d8b86b789c8a74ebb55d51d64ddfe90e234521611ba0c8acc5dc8,,
gaussian,iid,W,1.0,5.0,24.0,128.0,0.0,0.0,0.98,7.0,0.9844818115234376,73e482de925abe03340457832b6053f1d041856283904f27ee27466a91f442ae,,
gaussian,iid,W,1.0,5.0,24.0,128.0,0.0,0.0,0.98,8.0,0.983851114908854,411c7797965eabdb629ab6c4eda09e309bb6fc71594f5a7f893bd448b3b3674b,,
gaussian,iid,W,1.0,5.0,24.0,128.0,0.0,0.0,0.98,9.0,0.9843317667643228,39eb851ec2f73a691b5b559c1bdaab6351b765ffd9c8959a55f449e08ad9cfbb,,
gaussian,iid,W,1.0,5.0,24.0,128.0,0.0,0.0,0.98,10.0,0.984522501627604,620a37ed9976c5c271c129b70541a4822d1b48aae4651447305dbcd69fce8bcb,,
gaussian,iid,W,1.0,5.0,24.0,128.0,0.0,0.0,0.98,11.0,0.9846471150716146,133f4eb98c31ff22d868c035be56939bca268ea2ebf2182239761a490d87a789,,
gaussian,iid,W,1.0,7.0,24.0,128.0,0.0,0.0,0.75,0.0,0.0211207071940104,dcd37b7f686a055fe0ca250598ccac208141ebc5ce9284e3b033167a9b9e2522,,
gaussian,iid,W,1.0,7.0,24.0,128.0,0.0,0.0,0.75,1.0,0.0213826497395833,1754c621ec4dbca02c7a0362e0093ebc4e0a2300d456242831fdfaae1fab99a7,,
gaussian,iid,W,1.0,7.0,24.0,128.0,0.0,0.0,0.75,2.0,0.0182240804036458,aef7f6bdfc046c342cfcc18b978501ada196d0422c85d81216e326c99383d1a5,,
gaussian,iid,W,1.0,7.0,24.0,128.0,0.0,0.0,0.75,3.0,0.0080490112304687,e14c61f9f4a6c1ee6188e897147103727dee7daf63a256bb555f31eb7e72996f,,
gaussian,iid,W,1.0,7.0,24.0,128.0,0.0,0.0,0.75,4.0,0.0124181111653645,3ac34b17d8f064e8352876da6f6c45938b6f923190fdcf3e3b851a94cf2d3975,,
gaussian,iid,W,1.0,7.0,24.0,128.0,0.0,0.0,0.75,5.0,0.0117721557617187,16cc329cc118c611ddffb18b8ca5ace50c0eb8a89cc32258e7cd55c45d4a5a39,,
gaussian,iid,W,1.0,7.0,24.0,128.0,0.0,0.0,0.75,6.0,0.0139541625976562,563f7defc7092e3b65ce85d82ef14e9f914401ed1cb766df90cad0782b96402f,,
gaussian,iid,W,1.0,7.0,24.0,128.0,0.0,0.0,0.75,7.0,0.0156300862630208,95b338d4ec1c4f8c4765891cfd1faaf1bafa0ba978a1041ef579659a37e475ce,,
gaussian,iid,W,1.0,7.0,24.0,128.0,0.0,0.0,0.75,8.0,0.0160776774088541,01f6f107b3051ab667d3b8d16b4b0b682d4464197ee18e6cc972f046316ea738,,
gaussian,iid,W,1.0,7.0,24.0,128.0,0.0,0.0,0.75,9.0,0.0130488077799479,e1b0082dec2b5612222c603269adb3149b625373088e65f224832056dde0d69c,,
gaussian,iid,W,1.0,7.0,24.0,128.0,0.0,0.0,0.75,10.0,0.01275634765625,e456d7e04a3aa759f99ac8b64a7823ec31e52c601cb7f63577a4cd310b01e79f,,
gaussian,iid,W,1.0,7.0,24.0,128.0,0.0,0.0,0.75,11.0,0.0189768473307291,dbee3737e3c59b7b18171714436c5e1496d7c2225e325dd5eb79f4a5a2dd948d,,
gaussian,iid,W,1.0,7.0,24.0,128.0,0.0,0.0,0.75,12.0,0.0297495524088541,57fd5463744cfdc2637c67425e3e43965d0fed3a33e3527c0162343a229c4886,,
gaussian,iid,W,1.0,7.0,24.0,128.0,0.0,0.0,0.75,13.0,0.0272013346354166,630afec8da159fae0a83a1bd2b9a93fe69ed12087a2c61d37cb891aa34d96e7f,,
gaussian,iid,W,1.0,7.0,24.0,128.0,0.0,0.0,0.75,14.0,0.0114796956380208,91524f8499c980938fe4b0161d980162ed83f99e7d890410e978285aa4c56161,,
gaussian,iid,W,1.0,7.0,24.0,128.0,0.0,0.0,0.75,15.0,0.0130894978841145,30e4df8060a3d74c7db3f596d04fadf9f21eb37a5c2e620834b315e2f40fd24c,,
gaussian,iid,W,1.0,7.0,24.0,128.0,0.0,0.0,0.75,16.0,0.0232518513997395,bc49ffa7bdd2c192330b446a7c9a98086d19e03c982f3add490d95328d7ef2db,,
gaussian,iid,W,1.0,7.0,24.0,128.0,0.0,0.0,0.75,17.0,0.0112711588541666,f5f54adfd748ed92d05d041094850e03c0285cf828f09fb833d309928e9b9991,,
gaussian,iid,W,1.0,7.0,24.0,128.0,0.0,0.0,0.75,18.0,0.0258839925130208,d5788a0c9bc56b4c48ff23328801e5888c5708a7eba24e55934fe97d984ab7a1,,
gaussian,iid,W,1.0,7.0,24.0,128.0,0.0,0.0,0.75,19.0,0.0201950073242187,578f23cda77253431e44485cdbe05786cf51f4a00f5ff4dd028a1efa9e508c8e,,
gaussian,iid,W,1.0,7.0,24.0,128.0,0.0,0.0,0.75,20.0,0.0154902140299479,ce896b26485fb6b0e7064a895ef9f7352281915cbcf3ff2a6e07ede3993a3eab,,
gaussian,iid,W,1.0,7.0,24.0,128.0,0.0,0.0,0.75,21.0,0.0129979451497395,c6e6231b1db4f6467a217ccf4ce0a6682e744cb66c89ee5202a1d0bf5773b426,,
gaussian,iid,W,1.0,7.0,24.0,128.0,0.0,0.0,0.75,22.0,0.0255610148111979,779f4cefb1cb04209c16de223a28e0d5fa28fffe7e2472aed8243bfe104709b2,,
gaussian,iid,W,1.0,7.0,24.0,128.0,0.0,0.0,0.75,23.0,0.0176900227864583,7f0614dd9a07fb3ee45c1d613a1a129765e20687cb812bd4b733afb4f7898fa8,,
gaussian,iid,W,1.0,7.0,24.0,128.0,0.0,0.0,0.76,0.0,0.026519775390625,97966bd3af912fde9ea43aa037738b782aa267c693d239520361e064d9fa6993,,
gaussian,iid,W,1.0,7.0,24.0,128.0,0.0,0.0,0.76,1.0,0.035352071126302,da97dd250922aed0afdfdcef1afb871ba80a3c1e8ad8ac4ff5232b70632d748e,,
gaussian,iid,W,1.0,7.0,24.0,128.0,0.0,0.0,0.76,2.0,0.0327479044596354,22bd9dc02ab9b3954118ed28d13a698abff1cc8d5a69fb7f07cf9501b7212ac6,,
gaussian,iid,W,1.0,7.0,24.0,128.0,0.0,0.0,0.76,3.0,0.0271326700846354,ed677fd59718be466a7d6a307871bb1a18bba0d005c8cca57e778216d1d146a8,,
gaussian,iid,W,1.0,7.0,24.0,128.0,0.0,0.0,0.76,4.0,0.0129877726236979,aebf72703a09e6f9b1d0437f5e084b92b5806d6b94b32b76f530ffafa3ace165,,
gaussian,iid,W,1.0,7.0,24.0,128.0,0.0,0.0,0.76,5.0,0.0183792114257812,9fda0b5129405b349f1249b41c91d8ee2cf222bceac7148f4a60ee3d3c3a9123,,
gaussian,iid,W,1.0,7.0,24.0,128.0,0.0,0.0,0.76,6.0,0.0206883748372395,56811e9284031a8991729b203bf40b64b86e1dec6e6a18da2d0a6484df5b4113,,
gaussian,iid,W,1.0,7.0,24.0,128.0,0.0,0.0,0.76,7.0,0.0272089640299479,1ca018272e1c83e3d198e5bca3b3916701694c04b95c02101b2be6f5d3ba0cf9,,
gaussian,iid,W,1.0,7.0,24.0,128.0,0.0,0.0,0.76,8.0,0.0214996337890625,e334dbd09207e94d76fdbb7f48b7959a7fea4c9592d77a577c4d0e4a5beac22d,,
gaussian,iid,W,1.0,7.0,24.0,128.0,0.0,0.0,0.76,9.0,0.0251108805338541,d214e3c5b31ffb4a2f86090eab2bd124c8d18f4e99002346551bd6b263a5d619,,
gaussian,iid,W,1.0,7.0,24.0,128.0,0.0,0.0,0.76,10.0,0.016309102376302,cc753abd9b02bed16a385f680db452a964ca9f4f4b3074c38073389130967183,,
gaussian,iid,W,1.0,7.0,24.0,128.0,0.0,0.0,0.76,11.0,0.0293833414713541,7071386f827be6303d1b29f805112384cbb9b45a0740dcafca9be3ef021dad8c,,
gaussian,iid,W,1.0,7.0,24.0,128.0,0.0,0.0,0.76,12.0,0.0460230509440104,b5093c5dba495f2cac14c3d2bf68b213d548d12f08f446643145c25dda9ee94e,,
gaussian,iid,W,1.0,7.0,24.0,128.0,0.0,0.0,0.76,13.0,0.0318756103515625,0267d638081afc8de63779cd2e8a17cdf6764b707a2efdb22bb518a545786f5f,,
gaussian,iid,W,1.0,7.0,24.0,128.0,0.0,0.0,0.76,14.0,0.0124613444010416,aa756f28c24270fcf5da7fe074b509d3ef8090e2cd882bca741a40a00a68a4a9,,
gaussian,iid,W,1.0,7.0,24.0,128.0,0.0,0.0,0.76,15.0,0.0209986368815104,d9c85ce08c4e77834824b1d46d21e68ba465a2a617a8d9cbf7bbef5c928701d5,,
gaussian,iid,W,1.0,7.0,24.0,128.0,0.0,0.0,0.78,0.0,0.1247304280598958,33692d5668101f4bab659eaf173e93dc525b5eb8d04537dd6d651e485a09430a,,
gaussian,iid,W,1.0,7.0,24.0,128.0,0.0,0.0,0.78,1.0,0.0549341837565104,bb0cd79a8fdfa1efa8a3c06cee47e7b192fd4ca768382a90f3303bacd4db83b2,,
gaussian,iid,W,1.0,7.0,24.0,128.0,0.0,0.0,0.78,2.0,0.0567652384440104,aa3ff39d5185df3acdd4c7afed92c671b1c389e1230eb9b9b3a651fce278c2dc,,
gaussian,iid,W,1.0,7.0,24.0,128.0,0.0,0.0,0.78,3.0,0.0387039184570312,232afa72f6961a5aa8926dfa513b72d029b9d7dc1204010277816d6562c84255,,
gaussian,iid,W,1.0,7.0,24.0,128.0,0.0,0.0,0.78,4.0,0.0711441040039062,0c066ea82eb09df27065ff37b065452abb56f29aee7f801fc0602200cb1ff7be,,
gaussian,iid,W,1.0,7.0,24.0,128.0,0.0,0.0,0.78,5.0,0.0629959106445312,db539f9b4e9cd11680d9d4421dd40c4d53ab337816470797f817b22a3f761ea0,,
gaussian,iid,W,1.0,7.0,24.0,128.0,0.0,0.0,0.78,6.0,0.0691019694010416,a9970cab0665f75f39d0f972c106810141af3dbad64f1a0dde8cb78bc51411e1,,
gaussian,iid,W,1.0,7.0,24.0,128.0,0.0,0.0,0.78,7.0,0.1324996948242187,f7eaf41bae842abb7ec1120722e60b4d2c9df1937802d511c4a30764c7af46c4,,
gaussian,iid,W,1.0,7.0,24.0,128.0,0.0,0.0,0.78,8.0,0.1146316528320312,7553f558c13f5f51ca256862d67adb880b2457649ff591eaa2c12366df2f333e,,
gaussian,iid,W,1.0,7.0,24.0,128.0,0.0,0.0,0.78,9.0,0.0838775634765625,c212dc357e515f043908a2d55eb0f0498f956b0fa5ebc66076b2bb71b52cef93,,
gaussian,iid,W,1.0,7.0,24.0,128.0,0.0,0.0,0.78,10.0,0.0921503702799479,dad8be6020b514a80b424fc1479d8c9043ce62959ab0449cdc8cc864468282f3,,
gaussian,iid,W,1.0,7.0,24.0,128.0,0.0,0.0,0.78,11.0,0.1354141235351562,bebb9b1f29008dd2e936f8d4daa5213807151c8eb8de94a380cc7b608bb3b712,,
gaussian,iid,W,1.0,7.0,24.0,128.0,0.0,0.0,0.78,12.0,0.2107721964518229,6480c4ab4bc87c4d5fddc9f3c4259f70be99c83c791727b31175b51c62932630,,
gaussian,iid,W,1.0,7.0,24.0,128.0,0.0,0.0,0.78,13.0,0.2016321818033854,bf9d3597dcc6aaaf66b9989d5974ced2d380d6606a32de39e4f0a9d5ee853598,,
gaussian,iid,W,1.0,7.0,24.0,128.0,0.0,0.0,0.78,14.0,0.0918629964192708,da7252ae3cdeef64451665b1b898497ac15d6f661d382afa119188e042122391,,
gaussian,iid,W,1.0,7.0,24.0,128.0,0.0,0.0,0.78,15.0,0.2281748453776041,bf860f69db80193cffc5478588b59c9f62ad7052991e464739a2812547d0a421,,
gaussian,iid,W,1.0,7.0,24.0,128.0,0.0,0.0,0.7825,0.0,0.1872736612955729,a792df9d281741df72e8cc0b23fdde7d86dcb92982a818771c3ba2ed87efb9e1,,
gaussian,iid,W,1.0,7.0,24.0,128.0,0.0,0.0,0.7825,1.0,0.0595296223958333,8a1eb7e4d20162e74d58e210f0b95da9e868a0220366cf02e61161b84591fa7f,,
gaussian,iid,W,1.0,7.0,24.0,128.0,0.0,0.0,0.7825,2.0,0.0664698282877604,d53e1f9f3552756cd7b35c4a366f11c89b82b54d809b95ac23249cace566b0ce,,
gaussian,iid,W,1.0,7.0,24.0,128.0,0.0,0.0,0.7825,3.0,0.039075215657552,4104336b537e7913197363ac5c152dca5dd6c805f1a57dd878345bdca22a0605,,
gaussian,iid,W,1.0,7.0,24.0,128.0,0.0,0.0,0.7825,4.0,0.071563720703125,59f573598bcc71a7fc222dba217254f5f14e10fac7cc957afbc86085bc764705,,
gaussian,iid,W,1.0,7.0,24.0,128.0,0.0,0.0,0.7825,5.0,0.0642293294270833,9c293627cfab72fea7484165e8d9cc706ca3f6c82f5111365a9bc08631ec1149,,
gaussian,iid,W,1.0,7.0,24.0,128.0,0.0,0.0,0.7825,6.0,0.0694376627604166,2cf0da5b28c129fc8a4a83fbfd3fa41476b04fb4b6dd89ef765e51a9a6e7cb18,,
gaussian,iid,W,1.0,7.0,24.0,128.0,0.0,0.0,0.7825,7.0,0.1327463785807291,2912b00efc4f501a40fc6eeb95756f2bb55faa5be1e1ee322346a8b671c37397,,
gaussian,iid,W,1.0,7.0,24.0,128.0,0.0,0.0,0.7825,8.0,0.0746180216471354,8437fc8baa9450e7392f05105d4b6350aa69f7eec387c8520200cda66a94ec92,,
gaussian,iid,W,1.0,7.0,24.0,128.0,0.0,0.0,0.7825,9.0,0.096906026204427,0b9c4d72bc3c3622bb1522e34aea2be43278a025a222e3ad3f0aaaf1f13f4940,,
gaussian,iid,W,1.0,7.0,24.0,128.0,0.0,0.0,0.7825,10.0,0.0946985880533854,aade5c2f211d9949b14a2ec7d7fd6d4bcda2bce8036a3c1f35fc2657ed9246a5,,
gaussian,iid,W,1.0,7.0,24.0,128.0,0.0,0.0,0.7825,11.0,0.1360727945963541,41ecdd35b69ebb30a74972c2f8bf997c283c44f1317070ed5df46ba246392c27,,
gaussian,iid,W,1.0,7.0,24.0,128.0,0.0,0.0,0.7825,12.0,0.2225138346354166,332058514b92e1099ac92a058bd8f372a35714d1fe118974a2b40000ec77b06a,,
gaussian,iid,W,1.0,7.0,24.0,128.0,0.0,0.0,0.7825,13.0,0.2031046549479166,5604dabde15e8048c3d92f563f4dfb20c3f3d09eb9045fa393b0bc35c27f737e,,
gaussian,iid,W,1.0,7.0,24.0,128.0,0.0,0.0,0.7825,14.0,0.0916722615559895,8ef083a48be522afd58828815ce52f4def6905eee4a7cfa9b01e5c025e690cc4,,
gaussian,iid,W,1.0,7.0,24.0,128.0,0.0,0.0,0.7825,15.0,0.2301534016927083,3f6b5e315ba373ed96510c9afb456330e61fe9b13245c9c1a9d70d42aa2afff0,,
gaussian,iid,W,1.0,7.0,24.0,128.0,0.0,0.0,0.7825,16.0,0.1290435791015625,cedcb4f8a31aa3111ec30ca7cc92d66e955eed13bba61062afef2ed68ba35556,,
gaussian,iid,W,1.0,7.0,24.0,128.0,0.0,0.0,0.7825,17.0,0.0926310221354166,f128a3196598146f93116dd899a540007952b484fece9304cfb6bcdfb8357493,,
gaussian,iid,W,1.0,7.0,24.0,128.0,0.0,0.0,0.7825,18.0,0.0683975219726562,2c717dfdfe2556d8158d942d835c2e8b69b26ba5139d5c1496163dc089c1c53d,,
gaussian,iid,W,1.0,7.0,24.0,128.0,0.0,0.0,0.7825,19.0,0.1259638468424479,91fcfaa5df2a5a24618d90cd8e475dac7caf42572badae6548ece0de5455abf7,,
gaussian,iid,W,1.0,7.0,24.0,128.0,0.0,0.0,0.7825,20.0,0.0748748779296875,e459a3cfc54d8b3539d4837ef130b5cb5b3a39997d1076909dd4e242710567eb,,
gaussian,iid,W,1.0,7.0,24.0,128.0,0.0,0.0,0.7825,21.0,0.1840235392252604,93c5be9bc4efa1dae53485ab6aab4cf8b444b982a9fd2ee37c4dccef37d55cce,,
gaussian,iid,W,1.0,7.0,24.0,128.0,0.0,0.0,0.7825,22.0,0.095715840657552,08d12946b96256875b9c902d19bf397c19491f029ad0bd5823102ba070a0bb4e,,
gaussian,iid,W,1.0,7.0,24.0,128.0,0.0,0.0,0.7825,23.0,0.104827880859375,f88e82701b628095f71a41ab3356cd694df617777daf43c4834a19935430cb15,,
gaussian,iid,W,1.0,7.0,24.0,128.0,0.0,0.0,0.7825,24.0,0.2135391235351562,188a46e48ff0648a3b1040a8895eec28492c512f00c0c7f23f8a2e89ef52258b,,
gaussian,iid,W,1.0,7.0,24.0,128.0,0.0,0.0,0.7825,25.0,0.1378351847330729,e29601d1edd2dc647372c94909fddcd6287781a1fae1eb7622821bcf55ab1a6f,,
gaussian,iid,W,1.0,7.0,24.0,128.0,0.0,0.0,0.7825,26.0,0.1700617472330729,e4db7a22cb5dba433534715772accece81e6bac33866b987803e3a8a37eabbdf,,
gaussian,iid,W,1.0,7.0,24.0,128.0,0.0,0.0,0.7825,27.0,0.1768925984700521,db565aef9eb21a1a24ed69827702ab4ba72b70b48b70c0c25354780154e1bedc,,
gaussian,iid,W,1.0,7.0,24.0,128.0,0.0,0.0,0.7825,28.0,0.1388371785481771,370a57bf225974a7d28305d64590189bf29b4bcbf9ae6a61b18a3a4706821b0f,,
gaussian,iid,W,1.0,7.0,24.0,128.0,0.0,0.0,0.7825,29.0,0.0830739339192708,db13b264fb8f614b469b308434483216dabc7328c2bb35dd63c17e602510f472,,
gaussian,iid,W,1.0,7.0,24.0,128.0,0.0,0.0,0.7825,30.0,0.0785369873046875,7e871e8f99c52e5b3e7b1b614c137bb228d434856d2879eae1b6e2de55605fcd,,
gaussian,iid,W,1.0,7.0,24.0,128.0,0.0,0.0,0.7825,31.0,0.1791814168294271,8c1e872a63878884c04f2bd0858a73b87ff927f099c88532945ee82766d8205d,,
gaussian,iid,W,1.0,7.0,24.0,128.0,0.0,0.0,0.7825,32.0,0.1034622192382812,36505bcabf59afeaad339c11a080e0f5193e7c7abd3a10d0be32cf1a5f3155fb,,
gaussian,iid,W,1.0,7.0,24.0,128.0,0.0,0.0,0.7825,33.0,0.1295572916666666,037a9b5e35067cf5bee9122e497ba387214663229eb04149e0c0edbf08f9ce50,,
gaussian,iid,W,1.0,7.0,24.0,128.0,0.0,0.0,0.7825,34.0,0.1555608113606771,9fab4dd2339b6d3f6f15fa66a0efedebea87d230ee2b53b5fbd5ec5c880fdd96,,
gaussian,iid,W,1.0,7.0,24.0,128.0,0.0,0.0,0.7825,35.0,0.1078516642252604,fcfef48f749381a9578a3f6db9dc0a3ec6e3725a100f8c6ebd5c1e263a91720a,,
gaussian,iid,W,1.0,7.0,24.0,128.0,0.0,0.0,0.7825,36.0,0.2671127319335937,298f20f3d0443e3a771a1185dca4d26e5477cd19e19061301424503c178cac0b,,
gaussian,iid,W,1.0,7.0,24.0,128.0,0.0,0.0,0.7825,37.0,0.1002883911132812,407087d5ec7c9ed27ccfe6eeea4e366e5ceae0909358c13b4c4bd1d3ff60ff6d,,
gaussian,iid,W,1.0,7.0,24.0,128.0,0.0,0.0,0.7825,38.0,0.1042963663736979,908f8120f0f55ab5be1a188055f1248bd348dcfd8b37a312e24d5b9e66bd2d6b,,
gaussian,iid,W,1.0,7.0,24.0,128.0,0.0,0.0,0.7825,39.0,0.0989100138346354,e62a152ee6463137fcaf4b4057653b868f1a8a98dab7ebafac1a8d1752ba584d,,
gaussian,iid,W,1.0,7.0,24.0,128.0,0.0,0.0,0.7825,40.0,0.0894749959309895,574c5337c1d17322e94c5be3aca5a0edd7d490dd65bfe6ebc08177a3ad0d15f0,,
gaussian,iid,W,1.0,7.0,24.0,128.0,0.0,0.0,0.7825,41.0,0.1389134724934896,74ec47900c02a26352ea36ac32adc7d4cf7c6b9058f3d27d8bf62afe9b66a7ea,,
gaussian,iid,W,1.0,7.0,24.0,128.0,0.0,0.0,0.7825,42.0,0.1323776245117187,7cca30f4dab80ffc11f419d45aa61298abe887e92be582c77dc0cc21a9fd3d1e,,
gaussian,iid,W,1.0,7.0,24.0,128.0,0.0,0.0,0.7825,43.0,0.176544189453125,ba984b245fb98419128b7e7301424fda8730e1b99d61844190a19e8ce65ce3a3,,
gaussian,iid,W,1.0,7.0,24.0,128.0,0.0,0.0,0.7825,44.0,0.1748987833658854,9edc76a4118684cc09cc1933e7e8cc706020f11c304248e034e3a2e0da95e0fb,,
gaussian,iid,W,1.0,7.0,24.0,128.0,0.0,0.0,0.7825,45.0,0.0776265462239583,7f5ebf52150e944292b7fec5816327f13198fb9cdc4ce3c80ce77a9a7bf10fb3,,
gaussian,iid,W,1.0,7.0,24.0,128.0,0.0,0.0,0.7825,46.0,0.1302261352539062,c87c642e99a08083b0dea43b035eee7422a39ad33c2b4247734bf3d637f40212,,
gaussian,iid,W,1.0,7.0,24.0,128.0,0.0,0.0,0.7825,47.0,0.1056747436523437,a602d37b6e8000fe4c433c061e39ff163a33c689d827a4aa8153d06163a47049,,
gaussian,iid,W,1.0,7.0,24.0,128.0,0.0,0.0,0.7825,48.0,0.0912399291992187,58221877dfe1e86bfc1c8033bec4835d135ff5e9e71cab28a5d3d9470cb09c78,,
gaussian,iid,W,1.0,7.0,24.0,128.0,0.0,0.0,0.7825,49.0,0.0991694132486979,206f23da75d51305a911b9d20dd493e3252aa1dc69a4405c79df90de5821388c,,
gaussian,iid,W,1.0,7.0,24.0,128.0,0.0,0.0,0.7825,50.0,0.1622797648111979,b2460b55ee58151d5c6b74fdf4e38d690d888a0bd2f96f14275915cf836107ef,,
gaussian,iid,W,1.0,7.0,24.0,128.0,0.0,0.0,0.7825,51.0,0.1501363118489583,33abb50426df257e84035ff32358ad0fc32d410f39b0dcf84a3e7d2e9143da22,,
gaussian,iid,W,1.0,7.0,24.0,128.0,0.0,0.0,0.7825,52.0,0.2951812744140625,3441d48de5989ae6731a6f670158d4227001e7608a629a91f617e784951afcae,,
gaussian,iid,W,1.0,7.0,24.0,128.0,0.0,0.0,0.7825,53.0,0.0971272786458333,d17f93852735ca7ba92285fa60dc216fe4783f4ed4f40ea031c54ef04967beb0,,
gaussian,iid,W,1.0,7.0,24.0,128.0,0.0,0.0,0.7825,54.0,0.0472208658854166,38dee955a620787e153e92b06e6f412f1e858726e9c16f1ac640e87ef3f9f72b,,
gaussian,iid,W,1.0,7.0,24.0,128.0,0.0,0.0,0.7825,55.0,0.29901123046875,ab20f4e2124cc01505d90a6fadfa7f1e9423673587ae2155cd4a3ae17d89e76b,,
gaussian,iid,W,1.0,7.0,24.0,128.0,0.0,0.0,0.7825,56.0,0.113983154296875,1ae5bc2cda83815c573c19dc2ed61c6a6f8abb66af348c19ddf712c57d4f8179,,
gaussian,iid,W,1.0,7.0,24.0,128.0,0.0,0.0,0.7825,57.0,0.2918624877929687,33ed79051867b667688820911f087ab59b58df1079297243fd55be503029ea6e,,
gaussian,iid,W,1.0,7.0,24.0,128.0,0.0,0.0,0.7825,58.0,0.0668716430664062,2992ac0503d4a83345526486e5a8b083cacb21b1b18bf0bf163dab02da516e3b,,
gaussian,iid,W,1.0,7.0,24.0,128.0,0.0,0.0,0.7825,59.0,0.1307474772135416,ab7f7683b070dea7cc9067730ff7880a5dedc177e830f6de833756f7727180de,,
gaussian,iid,W,1.0,7.0,24.0,128.0,0.0,0.0,0.7825,60.0,0.0987192789713541,0538d172a1433d6bdbddabc257934255606a94ee39162a5723c16075d23d50ee,,
gaussian,iid,W,1.0,7.0,24.0,128.0,0.0,0.0,0.7825,61.0,0.1819966634114583,e22ca90a04600a7c43e39404ceb1defa20eb93fe5051b0f35c80a3c39006f0a0,,
gaussian,iid,W,1.0,7.0,24.0,128.0,0.0,0.0,0.7825,62.0,0.0918248494466145,c85787c6bb60d9fa46c9cb65482a3fc675aa0aa9dbbc139f20ee7208e652b040,,
gaussian,iid,W,1.0,7.0,24.0,128.0,0.0,0.0,0.7825,63.0,0.0442097981770833,69b5ff5d0df5e37fb3deacb431714a9371ecfbec4608dcd8c6a8609c7fa202f9,,
gaussian,iid,W,1.0,7.0,24.0,128.0,0.0,0.0,0.7825,64.0,0.0740254720052083,234bd619377249e55a17539b4a7d274f7295fcff1419032c49d3a017f2de68f5,,
gaussian,iid,W,1.0,7.0,24.0,128.0,0.0,0.0,0.7825,65.0,0.0864893595377604,188f07d9a8353727d04d2553e2f6a412de94d683a1b2540ebc759e5e8106f524,,
gaussian,iid,W,1.0,7.0,24.0,128.0,0.0,0.0,0.7825,66.0,0.0815684000651041,0c385d01e0bc4c6eb60fee3584fe88d846d9cd1a6fd492fdf56ea36bea5faf60,,
gaussian,iid,W,1.0,7.0,24.0,128.0,0.0,0.0,0.7825,67.0,0.0704345703125,c63110dcbc3c4838a39d37fb84cf3d10f52c04883d42637ef7e9de6f2b10e049,,
gaussian,iid,W,1.0,7.0,24.0,128.0,0.0,0.0,0.7825,68.0,0.1385752360026041,89b1195f83fb8de26e416334665576d80f137f090b9db2413a32e65ce953a942,,
gaussian,iid,W,1.0,7.0,24.0,128.0,0.0,0.0,0.7825,69.0,0.0895716349283854,ce87d78bac0a9ad564b42f6b466046402f4396aea2dd375a54d2ca701004a9d0,,
gaussian,iid,W,1.0,7.0,24.0,128.0,0.0,0.0,0.7825,70.0,0.1187515258789062,6ebfdee06190f94215a915fec4ee72b7e44b795e15a5e631bb1b75ea6cb996f8,,
gaussian,iid,W,1.0,7.0,24.0,128.0,0.0,0.0,0.7825,71.0,0.122235616048177,c2bd3fde3aafe25138e4cc839fd07989233e3898f17ee30b6cba546557b1e796,,
gaussian,iid,W,1.0,7.0,24.0,128.0,0.0,0.0,0.7825,72.0,0.086133321126302,74b7f4c7fd6bcde09498ee9760b752cd2556f97a4bc34f71ba701e5368f96481,,
gaussian,iid,W,1.0,7.0,24.0,128.0,0.0,0.0,0.7825,73.0,0.0759531656901041,175f28f1705b722923e5b9cb95fa5fefb650a259260ab629a6098536c32369cd,,
gaussian,iid,W,1.0,7.0,24.0,128.0,0.0,0.0,0.7825,74.0,0.0851694742838541,8f6acb1c1afd1161f9afcc80bef0134e9b482859dbfe0cd4699fe93710119227,,
gaussian,iid,W,1.0,7.0,24.0,128.0,0.0,0.0,0.7825,75.0,0.0775960286458333,2bc8d7c71d7666bc76b4c52521f21f82dc3cc510e9b83d928757a8935a99447d,,
gaussian,iid,W,1.0,7.0,24.0,128.0,0.0,0.0,0.7825,76.0,0.2102076212565104,b358803874f29652e4830fed934245cc5e012e50298d26386cdbdd3d007f33d4,,
gaussian,iid,W,1.0,7.0,24.0,128.0,0.0,0.0,0.7825,77.0,0.0760243733723958,548284687ce91cc014ed3c262a7717e9e5b2ca7137b0bc2e3f1c8bd0d66f96b6,,
gaussian,iid,W,1.0,7.0,24.0,128.0,0.0,0.0,0.7825,78.0,0.1429519653320312,880c8d199bf671757b5ba661d416ece47ccb78a06ad104564854e508c5d206fa,,
gaussian,iid,W,1.0,7.0,24.0,128.0,0.0,0.0,0.7825,79.0,0.1689707438151041,026629b0c3017e53dbc87a125edef7be35ce5a8ba390592296ae2da999ff67ce,,
gaussian,iid,W,1.0,7.0,24.0,128.0,0.0,0.0,0.7825,80.0,0.080151875813802,797b3fc7235d30365a78f6ece6e5047889b9423bd7d135c6020a5a049f53f7c8,,
gaussian,iid,W,1.0,7.0,24.0,128.0,0.0,0.0,0.7825,81.0,0.1529744466145833,1d2e0e77745bca543f393c53f04109e180b410685ffbe1a60e2a06777ee16e25,,
gaussian,iid,W,1.0,7.0,24.0,128.0,0.0,0.0,0.7825,82.0,0.1372858683268229,c16728b47a8bdb23c791161f07a464ec555a9ff2536ebf8dee9b88f18bb2c6e8,,
gaussian,iid,W,1.0,7.0,24.0,128.0,0.0,0.0,0.7825,83.0,0.1317189534505208,dbf539ee4543696e76bf9b2d436757229cfed6e80cf1fbe7ec52b544f3439a43,,
gaussian,iid,W,1.0,7.0,24.0,128.0,0.0,0.0,0.7825,84.0,0.0678304036458333,c8886d005e9a264775f9c93a16f55385e8a06d555485406a3d86abe5a2f5a06a,,
gaussian,iid,W,1.0,7.0,24.0,128.0,0.0,0.0,0.7825,85.0,0.0473734537760416,03085cb0dc0c0d1f30bafcb2b3a44f7fddd68f935c8c2b8454575618128578f7,,
gaussian,iid,W,1.0,7.0,24.0,128.0,0.0,0.0,0.7825,86.0,0.2230478922526041,334e362380eef36e4a3f12e67ce4df211c3d775468c716b14cfac7a51182ab97,,
gaussian,iid,W,1.0,7.0,24.0,128.0,0.0,0.0,0.7825,87.0,0.0972340901692708,c6a9001e7e2f9fbec1a689cf0a378cba4098fdac5130a61b534d14c94c976959,,
gaussian,iid,W,1.0,7.0,24.0,128.0,0.0,0.0,0.7825,88.0,0.0885848999023437,de907471cd71c74f1b220ac79037cc62711570d4cf51f130d795e401ec62e7be,,
gaussian,iid,W,1.0,7.0,24.0,128.0,0.0,0.0,0.7825,89.0,0.1550776163736979,9bba65b8b1a71ecd68b2665e857fa73248830617137e6df0e00dcc6c3a54970b,,
gaussian,iid,W,1.0,7.0,24.0,128.0,0.0,0.0,0.7825,90.0,0.0617294311523437,0dd9573998bcbf9e4ada12123cbe043889f1623dc0d1d5a3f33203818a48022e,,
gaussian,iid,W,1.0,7.0,24.0,128.0,0.0,0.0,0.7825,91.0,0.0935211181640625,a269f3eae62f0c9f09b2448196933a7a6c017dc475627cb2c995084a563e76d1,,
gaussian,iid,W,1.0,7.0,24.0,128.0,0.0,0.0,0.7825,92.0,0.1226374308268229,e5a393abf9477eaa76dcf7494388bb89113b8f9ae3d9e24d9d67821acdc309f5,,
gaussian,iid,W,1.0,7.0,24.0,128.0,0.0,0.0,0.7825,93.0,0.0959320068359375,733e5ac4597023fcc2af4b7ef40e906cd6162c8064714e864412c9f4d8f4dfb4,,
gaussian,iid,W,1.0,7.0,24.0,128.0,0.0,0.0,0.7825,94.0,0.0809529622395833,ca51b71fd00f6599ea0da0ca20fe07cf4aba04d5e506bcdbe3060816bd674b0b,,
gaussian,iid,W,1.0,7.0,24.0,128.0,0.0,0.0,0.7825,95.0,0.1695048014322916,28c1ff56b95bf11147a29bd7ce8b974db6fce46d88dc24b0c61e228586d7113d,,
gaussian,iid,W,1.0,7.0,24.0,128.0,0.0,0.0,0.7875,0.0,0.2535807291666667,811890ce9de309f97986ac5c65c234ffdf47892a57b4f42f2f3b1569eca8368b,,
gaussian,iid,W,1.0,7.0,24.0,128.0,0.0,0.0,0.7875,1.0,0.0740152994791666,c432deaeba89e3d9ac519a5b044e40364d787df009682089ee2233d5d79a7c1b,,
gaussian,iid,W,1.0,7.0,24.0,128.0,0.0,0.0,0.7875,2.0,0.0818684895833333,4c5d4c222759df59346aa6483e1cc1602a76fa0886986958bbf27bef12adf6ea,,
gaussian,iid,W,1.0,7.0,24.0,128.0,0.0,0.0,0.7875,3.0,0.0558217366536458,1184128cbf8b015ff3fd31b99a117f0384eefecbfcf6d6f4fe88e342b62f0ec1,,
gaussian,iid,W,1.0,7.0,24.0,128.0,0.0,0.0,0.7875,4.0,0.1316986083984375,f02e628eb1426545a6eeae033427411daa50830e61ae799248309e15cdd5c3f9,,
gaussian,iid,W,1.0,7.0,24.0,128.0,0.0,0.0,0.7875,5.0,0.0952606201171875,997292ad018ecd3bac9a706e3850c8aedcb37536b60725cc3571b1328d94c475,,
gaussian,iid,W,1.0,7.0,24.0,128.0,0.0,0.0,0.7875,6.0,0.1876602172851562,4598d690e678bcd8638309c78d74c44c8a7c4b02af4de6b2bab83df7e634f359,,
gaussian,iid,W,1.0,7.0,24.0,128.0,0.0,0.0,0.7875,7.0,0.1587320963541666,b9c3f3b0d1d07efa31dfcebbd47eb983098ba3129abc0f59e18e6ee871f5e461,,
gaussian,iid,W,1.0,7.0,24.0,128.0,0.0,0.0,0.7875,8.0,0.1650797526041666,d7a4cfd8fedae33eb77e450cf83583d654c4a667eb3e248115b53bbe352291fc,,
gaussian,iid,W,1.0,7.0,24.0,128.0,0.0,0.0,0.7875,9.0,0.1391754150390625,b27aca3bbf4ed258be9c723d98370287c8dcfbd1a83fa7cafa499abc04d54d48,,
gaussian,iid,W,1.0,7.0,24.0,128.0,0.0,0.0,0.7875,10.0,0.1633173624674479,70a52c7707ead84221c1fb2ba1bc2a85a14436ada2ae34b27e3677e6a1c5126a,,
gaussian,iid,W,1.0,7.0,24.0,128.0,0.0,0.0,0.7875,11.0,0.1427663167317708,c027df91ab891a8d750b6f765d7e718d4131673a5ca44e1a7f4c22c4be754321,,
gaussian,iid,W,1.0,7.0,24.0,128.0,0.0,0.0,0.7875,12.0,0.3670628865559895,2b0cf9e6af2114f30420c30a0c8bb47aae257ab6b57c6d55ea324b69c464864e,,
gaussian,iid,W,1.0,7.0,24.0,128.0,0.0,0.0,0.7875,13.0,0.3063812255859375,ac6bbaf4f32f3be6bf4aac4524ce5b746907d9accf1fd9d1bd024222d9ce8be8,,
gaussian,iid,W,1.0,7.0,24.0,128.0,0.0,0.0,0.7875,14.0,0.093671162923177,0ae57290aa1885bdcb5b41d75a9cda283665b520fb9d2fe6f566677865e262f8,,
gaussian,iid,W,1.0,7.0,24.0,128.0,0.0,0.0,0.7875,15.0,0.2303873697916666,5adf1d30f73af4a5c0c215e776913a9fc993a47f4dc9bbb84b9fa395ba03c4b1,,
gaussian,iid,W,1.0,7.0,24.0,128.0,0.0,0.0,0.7875,16.0,0.1814320882161458,200db7b9bbc444169b4b1de3d87fbd61480c7f25ce10a618c7e24a7f3e0914cd,,
gaussian,iid,W,1.0,7.0,24.0,128.0,0.0,0.0,0.7875,17.0,0.1128336588541666,981aaaa7e9534036905ad095d8d79185137949d4184014db3d23ee8c2ca01a25,,
gaussian,iid,W,1.0,7.0,24.0,128.0,0.0,0.0,0.7875,18.0,0.0855280558268229,21b80eec6e1ab21fcb4449c445988f973ecf8aae051ac81ffee917610d35a47f,,
gaussian,iid,W,1.0,7.0,24.0,128.0,0.0,0.0,0.7875,19.0,0.1380615234375,87577c173542023f51af8c6b4b4dcf75a38eb3c481cf90f582a689514dbca9ce,,
gaussian,iid,W,1.0,7.0,24.0,128.0,0.0,0.0,0.7875,20.0,0.0875803629557291,7d737c38b8932ec9b134d91a2222737621a3117b4759c08649abfa67add6453b,,
gaussian,iid,W,1.0,7.0,24.0,128.0,0.0,0.0,0.7875,21.0,0.1987889607747396,5a21e2dab92eb9398bf836ad449f050dc73f437c7c3c45d55572899ae4017d9f,,
gaussian,iid,W,1.0,7.0,24.0,128.0,0.0,0.0,0.7875,22.0,0.3489888509114583,53f8960026138247fc7a04e96ea65711b480aa932fb40370a00245a1bb2adde7,,
gaussian,iid,W,1.0,7.0,24.0,128.0,0.0,0.0,0.7875,23.0,0.1817474365234375,1e53efa6ba54dfce04badef353a9fe544d11189644232426622787343b36fca6,,
gaussian,iid,W,1.0,7.0,24.0,128.0,0.0,0.0,0.7875,24.0,0.4292831420898437,9996f181370ca658bd78303ca25abaad09839881abff54eca7313725937633f1,,
gaussian,iid,W,1.0,7.0,24.0,128.0,0.0,0.0,0.7875,25.0,0.2099812825520833,24e8a85d9f48cd4f6cf6132c65b3ed0ca120dcf6988506309d60d66aaa00b83d,,
gaussian,iid,W,1.0,7.0,24.0,128.0,0.0,0.0,0.7875,26.0,0.282727559407552,c85b2ae01e35609110dfa148d794d0345df9432f87f7fc555f7828d50586e579,,
gaussian,iid,W,1.0,7.0,24.0,128.0,0.0,0.0,0.7875,27.0,0.2271652221679687,1c8828c27e6bb3818e6712651719ae9066f8aadb4a787f78e0bb75ccf3b682a7,,
gaussian,iid,W,1.0,7.0,24.0,128.0,0.0,0.0,0.7875,28.0,0.1482747395833333,0df635728207944e1cc4dac0b1b7ea1e48bbf9a6b7fc37d093d00415729df9d8,,
gaussian,iid,W,1.0,7.0,24.0,128.0,0.0,0.0,0.7875,29.0,0.0932337443033854,c01b522ad46747ed7284fcf1e938732a5008b9686f6e31961054f99352f8e6b4,,
gaussian,iid,W,1.0,7.0,24.0,128.0,0.0,0.0,0.7875,30.0,0.1188125610351562,e56535cf7076c3e4e9c76329bf6cad7e4e8275a7d0fedcc198eebeac9f40f18a,,
gaussian,iid,W,1.0,7.0,24.0,128.0,0.0,0.0,0.7875,31.0,0.21630859375,0cd14906e2b65aa4488ac6dfe6e7e2ada0608c2faf7c4c6a8fc0c72a2792e764,,
gaussian,iid,W,1.0,7.0,24.0,128.0,0.0,0.0,0.7875,32.0,0.1115646362304687,58a7e8e098448ef01b1f27752cdde10519e6169bdbceb5bbb7fc3137c8f4d246,,
gaussian,iid,W,1.0,7.0,24.0,128.0,0.0,0.0,0.7875,33.0,0.1547622680664062,8798ae439b5cf9a084d3e603c6e3c6f1eef5ebdc84edc62335accaa170f190fb,,
gaussian,iid,W,1.0,7.0,24.0,128.0,0.0,0.0,0.7875,34.0,0.1717351277669271,138f61f74eeab13985966c19165993e77a882e6cc0b0e1c9827fb75cfd89ce1e,,
gaussian,iid,W,1.0,7.0,24.0,128.0,0.0,0.0,0.7875,35.0,0.2543894449869792,8e294a89d6b4845bfd06521f66e3d7c03bd2d629f5b241308fff70a4308e517c,,
gaussian,iid,W,1.0,7.0,24.0,128.0,0.0,0.0,0.7875,36.0,0.2685953776041667,4365a50e195fd1d469d99c8ec6dde79c888b7fec22cc7a58387a2c91cb767ee8,,
gaussian,iid,W,1.0,7.0,24.0,128.0,0.0,0.0,0.7875,37.0,0.1680145263671875,03a2f0fb3e27a6ce62bba3718ffa453fae79dd1fcdca7d79a29b75db44dfd6c5,,
gaussian,iid,W,1.0,7.0,24.0,128.0,0.0,0.0,0.7875,38.0,0.1775843302408854,2bec4a9ac147f3ca8beacc5dc172341fc8d63248fc05e9e396bb9603bdd85d80,,
gaussian,iid,W,1.0,7.0,24.0,128.0,0.0,0.0,0.7875,39.0,0.1695073445638021,ed275ff266f82e4dd24d012b25f05a1052975ef9a596546c943b496808d902f6,,
gaussian,iid,W,1.0,7.0,24.0,128.0,0.0,0.0,0.7875,40.0,0.1487350463867187,7d3d15ab5c067cba70a011a659cdddb7c851eade8fdb5378a89a1bf1508db54e,,
gaussian,iid,W,1.0,7.0,24.0,128.0,0.0,0.0,0.7875,41.0,0.1470692952473958,24b8bca43c1a49fe6ec6329f2a3bbb626dfd0c983f16b4e91ec3bc84c670f685,,
gaussian,iid,W,1.0,7.0,24.0,128.0,0.0,0.0,0.7875,42.0,0.1699447631835937,57a6607a4accbdcf2aaa287d028984360bebf91aaffdf732787f747b7c66af1b,,
gaussian,iid,W,1.0,7.0,24.0,128.0,0.0,0.0,0.7875,43.0,0.2252019246419271,b3c42611780277480c46c4a293fdbc1627e137c76bbb625a51dcf676873d0415,,
gaussian,iid,W,1.0,7.0,24.0,128.0,0.0,0.0,0.7875,44.0,0.1850662231445312,1819fae3d67cca23c29dd3122099b8ddbde377a59ea7d2af0c7d865c749de6b0,,
gaussian,iid,W,1.0,7.0,24.0,128.0,0.0,0.0,0.7875,45.0,0.106353759765625,5d7536d9809f9c3938d5b7f7219edc38ba944f684c9e62b30a7a25c5009ffc24,,
gaussian,iid,W,1.0,7.0,24.0,128.0,0.0,0.0,0.7875,46.0,0.1466827392578125,682b8603154902e7a9f3e68445411c41cef9b049e720841bb4003b3e45884c6f,,
gaussian,iid,W,1.0,7.0,24.0,128.0,0.0,0.0,0.7875,47.0,0.1289418538411458,22dfbe16ef14fba061210fa05010ce60f4c4393d74941d05695860e1010cabfe,,
gaussian,iid,W,1.0,7.0,24.0,128.0,0.0,0.0,0.7875,48.0,0.1015268961588541,3b085ad88556ef49ef64c02cc71fdc715be6a3f298168f83f77a3430ef841d60,,
gaussian,iid,W,1.0,7.0,24.0,128.0,0.0,0.0,0.7875,49.0,0.222381591796875,0d66cb4a4268d9a0e005e6ebc53f8e080d4d0e17954b7644d6df27510a168e42,,
gaussian,iid,W,1.0,7.0,24.0,128.0,0.0,0.0,0.7875,50.0,0.2015457153320312,6f812e611f6e6caaee46dc61c6a1c7f18b5cc04676708a8409c1cf4e8a8f0007,,
gaussian,iid,W,1.0,7.0,24.0,128.0,0.0,0.0,0.7875,51.0,0.1204579671223958,8aa0182971b367a944c9556877c39b58ee63ce8ec0192261fe9721b37da21bca,,
gaussian,iid,W,1.0,7.0,24.0,128.0,0.0,0.0,0.7875,52.0,0.449676513671875,9d6b3a499428c93ab2bdc1586bab3d7040ba2a0ad4566ce594c5cf4bd1dd3fd4,,
gaussian,iid,W,1.0,7.0,24.0,128.0,0.0,0.0,0.7875,53.0,0.1162948608398437,a828869e76fafb1fe99f3c2cef0005087590c6d340937c35e96cd227942542b3,,
gaussian,iid,W,1.0,7.0,24.0,128.0,0.0,0.0,0.7875,54.0,0.1216150919596354,4378f167bd59123f923c464e6a1efcbd4a1f3e81c604707c8a9d51d736b9552d,,
gaussian,iid,W,1.0,7.0,24.0,128.0,0.0,0.0,0.7875,55.0,0.2411626180013021,fe009c4788d452c9b571d6ca84beb7004fa05f5dce2130056de3dc7f232f977b,,
gaussian,iid,W,1.0,7.0,24.0,128.0,0.0,0.0,0.7875,56.0,0.337170918782552,2b0ede8624b491e39dd76c633f732a09148afa42949735bb230d45288051b1c2,,
gaussian,iid,W,1.0,7.0,24.0,128.0,0.0,0.0,0.7875,57.0,0.4082285563151042,eb5f507147db4e046e99a93c1aecbe6d54f9e3d3583301ed536c8ff74f591e3d,,
gaussian,iid,W,1.0,7.0,24.0,128.0,0.0,0.0,0.7875,58.0,0.0915400187174479,6f16b954929c7214f56c0704632a62178ecaeba3ebf668ee93c98a1ee298756f,,
gaussian,iid,W,1.0,7.0,24.0,128.0,0.0,0.0,0.7875,59.0,0.1591720581054687,a38bed219a9b0e1b28efc3058d6b357239a9474306eaeb42f2f09677ae08e370,,
gaussian,iid,W,1.0,7.0,24.0,128.0,0.0,0.0,0.7875,60.0,0.1554896036783854,f5bc839abd3d1e49bd467f7ace5662fb3c49067d3f4f6806c02667b518c39e2d,,
gaussian,iid,W,1.0,7.0,24.0,128.0,0.0,0.0,0.7875,61.0,0.181640625,4f7cfb658301779397f04fec8bcdcd944c88494fb6ab3d2aefb285e91c03c414,,
gaussian,iid,W,1.0,7.0,24.0,128.0,0.0,0.0,0.7875,62.0,0.110595703125,accb131f2a4ccf280b225ef54941ce19c2c574e3e396852a20028f64b9291ce6,,
gaussian,iid,W,1.0,7.0,24.0,128.0,0.0,0.0,0.7875,63.0,0.0835316975911458,abebb7ce0e9096c44aa3f49d5016bf138a14a89ed69a060e34ab9a868e835dc3,,
gaussian,iid,W,1.0,7.0,24.0,128.0,0.0,0.0,0.7875,64.0,0.1572087605794271,a99c8cb05fa93b53c14658d35f80337da3b1cbe48ccc9a254b877f9ba3a8b2be,,
gaussian,iid,W,1.0,7.0,24.0,128.0,0.0,0.0,0.7875,65.0,0.2326736450195312,66b6de220d28e5d14012ca2a3dcf5be896a6cb432413af703ee89abd37b3d6db,,
gaussian,iid,W,1.0,7.0,24.0,128.0,0.0,0.0,0.7875,66.0,0.1114654541015625,010218def3b01f53b78220b2d632d6b74a0986a5c60c0bbdc8947a1f550e97de,,
gaussian,iid,W,1.0,7.0,24.0,128.0,0.0,0.0,0.7875,67.0,0.1235758463541666,30b7fdfc09a1f062aa1b5d1898610e72aab738d5e4dd45c117ba8c59745db7ff,,
gaussian,iid,W,1.0,7.0,24.0,128.0,0.0,0.0,0.7875,68.0,0.0978546142578125,3bfdb4e4ef9c8783561ad3f7c4a7ea923364b3bd9e21f7d574d03f41451e2045,,
gaussian,iid,W,1.0,7.0,24.0,128.0,0.0,0.0,0.7875,69.0,0.1798273722330729,9089edb976f6c8f346fbc38dd64ff5f7a9a7aee045e560ab657eb6a40ebaaea1,,
gaussian,iid,W,1.0,7.0,24.0,128.0,0.0,0.0,0.7875,70.0,0.1192220052083333,12c6177f0e80d16f1c4b180127c53078409b4b824ff2f232ac800d6bd02d92f3,,
gaussian,iid,W,1.0,7.0,24.0,128.0,0.0,0.0,0.7875,71.0,0.4494908650716145,750bf56be5205817c6598bb67df35b34441e1e26afbef3e0fc544e3ec6531d4d,,
gaussian,iid,W,1.0,7.0,24.0,128.0,0.0,0.0,0.7875,72.0,0.1442743937174479,780a9579ce714e6982911e3c2036dc00d52cf519eed0923ef83034eaf6642c91,,
gaussian,iid,W,1.0,7.0,24.0,128.0,0.0,0.0,0.7875,73.0,0.1603902180989583,69f9fb79f39bea15f6fd87ee8d938bdeeee90203ce15a1548544a5334bec4e2a,,
gaussian,iid,W,1.0,7.0,24.0,128.0,0.0,0.0,0.7875,74.0,0.087628682454427,214e51f2c0607701d7541bb7ab64377fca0f8d8de0c87e2cec3cde6ae07b57c2,,
gaussian,iid,W,1.0,7.0,24.0,128.0,0.0,0.0,0.7875,75.0,0.1425374348958333,78c23b4726b5eadc5cb454239392456bbd3c8990b0d68371e4c6326bcefe8e79,,
gaussian,iid,W,1.0,7.0,24.0,128.0,0.0,0.0,0.7875,76.0,0.2435251871744791,b01eb0a7ec7655344f4da1553d9a887d3c048f63faad795443239689a4fb8682,,
gaussian,iid,W,1.0,7.0,24.0,128.0,0.0,0.0,0.7875,77.0,0.3302637736002604,214c2b85f9c8a3553965395f755e78458948289b92fd279f0c795571aad24a06,,
gaussian,iid,W,1.0,7.0,24.0,128.0,0.0,0.0,0.7875,78.0,0.1442438761393229,1c2d6a1d891607a4ea16acdddcac487132b993a8d2925b46d39cdc9ec791ac83,,
gaussian,iid,W,1.0,7.0,24.0,128.0,0.0,0.0,0.7875,79.0,0.1738357543945312,a04262fa80a27ecb9ce095a64aad15e95e6428ed2a1edb7fb2857fc6cfbbfc76,,
gaussian,iid,W,1.0,7.0,24.0,128.0,0.0,0.0,0.7875,80.0,0.0786056518554687,88ad432dd814d1ceee0ec01f1160785888701413581db0ba3c69550f2614299e,,
gaussian,iid,W,1.0,7.0,24.0,128.0,0.0,0.0,0.7875,81.0,0.3233286539713542,319eff8233ae1d4f2fcd6737a2516a156740b6205439297e6116ed902bda3c83,,
gaussian,iid,W,1.0,7.0,24.0,128.0,0.0,0.0,0.7875,82.0,0.2152608235677083,7469c7af80757fa8fe034e724005e68ffc35b1cbf1eddcbdca42712d2015247c,,
gaussian,iid,W,1.0,7.0,24.0,128.0,0.0,0.0,0.7875,83.0,0.1507670084635416,3fed5e74d95ccc65f82ccd60cc7ea781506ef6bd0ebaf5094aec2906d9825775,,
gaussian,iid,W,1.0,7.0,24.0,128.0,0.0,0.0,0.7875,84.0,0.1169459025065104,7b9bd53b93e356ab68f0d2970f841654845d8332a143a94d42676eceb0d311f7,,
gaussian,iid,W,1.0,7.0,24.0,128.0,0.0,0.0,0.7875,85.0,0.09661865234375,0fed5b8325554d41371af6d6a0eed1bc10858f912493c215d7460916f603a87c,,
gaussian,iid,W,1.0,7.0,24.0,128.0,0.0,0.0,0.7875,86.0,0.2253545125325521,2c5d12a666783a2929f3630454d107ab475817ad23bc37399c0122e8397246b4,,
gaussian,iid,W,1.0,7.0,24.0,128.0,0.0,0.0,0.7875,87.0,0.0985438028971354,8df285c6935bc675a75134dca0fbd39e61e047f851cf37bbbdc8b3ae4199e6f4,,
gaussian,iid,W,1.0,7.0,24.0,128.0,0.0,0.0,0.7875,88.0,0.1878077189127604,313619b3b65dcdab36ffe18e4e9a8f15ed53758bfd47a59c5bd8395d1c060097,,
gaussian,iid,W,1.0,7.0,24.0,128.0,0.0,0.0,0.7875,89.0,0.1084340413411458,f9165b1aa0a4a9d9dc56f4281f694bcab08b7b1e5ef6964724f0af88433e20db,,
gaussian,iid,W,1.0,7.0,24.0,128.0,0.0,0.0,0.7875,90.0,0.0744883219401041,fa8b9c5b594059d24c027727d2557b7d85c0235bf86d3213a95e252e560f0af9,,
gaussian,iid,W,1.0,7.0,24.0,128.0,0.0,0.0,0.7875,91.0,0.1626637776692708,da156cd3453472de79c1b3499e2e32d3f0d4b01c4a95d2d090ec1e918a5809b7,,
gaussian,iid,W,1.0,7.0,24.0,128.0,0.0,0.0,0.7875,92.0,0.1501795450846354,8d895e3c7c6ee68875e050fa8a6adc30ace9b4be1f4a4d5695baae0f76e23c69,,
gaussian,iid,W,1.0,7.0,24.0,128.0,0.0,0.0,0.7875,93.0,0.14666748046875,a3478738d4bfb9945c19d92c2b3a08afc2ec014ad8ddc205232ea54911cf3440,,
gaussian,iid,W,1.0,7.0,24.0,128.0,0.0,0.0,0.7875,94.0,0.0968195597330729,570116e460be924677435c26678df7cbd646505f5a2f3763574a6d1592c75cc8,,
gaussian,iid,W,1.0,7.0,24.0,128.0,0.0,0.0,0.7875,95.0,0.1852773030598958,d134596e923180fc2be8f84cae6f442e60c39feeb54ecabbb20a4e34aa90895e,,
gaussian,iid,W,1.0,7.0,24.0,128.0,0.0,0.0,0.79,0.0,0.2595876057942708,5282c6aaa8a8799845813d740745deb1b8e99576b33e5dbfd798be8b075c6a5e,,
gaussian,iid,W,1.0,7.0,24.0,128.0,0.0,0.0,0.79,1.0,0.1592737833658854,7464d40813945a2df154084f204d214e7fa7355d45d16bb849225d61a80a6f05,,
gaussian,iid,W,1.0,7.0,24.0,128.0,0.0,0.0,0.79,2.0,0.1921844482421875,3a9ac2647ea98a81b0aa17b58f0be2258081025bdb93e2e65afdfbf2ef9df77a,,
gaussian,iid,W,1.0,7.0,24.0,128.0,0.0,0.0,0.79,3.0,0.0999069213867187,e86e669451c0dd58efc4b7868173a34c963151de9d3c3bba9bd45747b93b6fa8,,
gaussian,iid,W,1.0,7.0,24.0,128.0,0.0,0.0,0.79,4.0,0.1811930338541666,cc67adb09c8c2262f64a90b5ce11c7af9be73120ef816660859ae50437f18059,,
gaussian,iid,W,1.0,7.0,24.0,128.0,0.0,0.0,0.79,5.0,0.1032892862955729,5f567d3452a5f5907b533d717fb68d8a48654603ecb1cdc8929a4f4796fd497f,,
gaussian,iid,W,1.0,7.0,24.0,128.0,0.0,0.0,0.79,6.0,0.1892445882161458,a8c3a0d454aba858f64f629adb7a243247d0ac7caf743299a93c6eef1f3bafc8,,
gaussian,iid,W,1.0,7.0,24.0,128.0,0.0,0.0,0.79,7.0,0.1592483520507812,1f6c6e81bf97e9a06372da328961a524dc6bdb93f9f10e35576ca4894a7fe933,,
gaussian,iid,W,1.0,7.0,24.0,128.0,0.0,0.0,0.79,8.0,0.1948496500651041,89e89a971d9be003487d8a1c3ec05eeb8eba90173b9c2e1dce7ce69d51a02789,,
gaussian,iid,W,1.0,7.0,24.0,128.0,0.0,0.0,0.79,9.0,0.1401392618815104,4b6e8890e5aed1442a53a6e9fb0947cb3f59a59756c1870ab4dd7cf552352a08,,
gaussian,iid,W,1.0,7.0,24.0,128.0,0.0,0.0,0.79,10.0,0.188140869140625,a289eec9796abce64bf442422081fb8337784597b162220d1d8a83a6a3282661,,
gaussian,iid,W,1.0,7.0,24.0,128.0,0.0,0.0,0.79,11.0,0.1876373291015625,ee4508a963f4655416b558f0442081e02a849d7021bb6ff668eec9e61a412cab,,
gaussian,iid,W,1.0,7.0,24.0,128.0,0.0,0.0,0.79,12.0,0.3728179931640625,b96ed0437984aa833255048e146393c5da35285c4a8467549b61d9810e759cec,,
gaussian,iid,W,1.0,7.0,24.0,128.0,0.0,0.0,0.79,13.0,0.2171961466471354,13f2ebfd2686e87ddccb154edfe45e110ed5970d04363e7b46c404cec7d71966,,
gaussian,iid,W,1.0,7.0,24.0,128.0,0.0,0.0,0.79,14.0,0.108612060546875,e8c569af23e050d8a30d08b79ae77a59a4897ab7b85c80ebfc5c7a8f4460905c,,
gaussian,iid,W,1.0,7.0,24.0,128.0,0.0,0.0,0.79,15.0,0.2302474975585937,9defb3ea47f84ab5b371ab957ebe07731e6c99cb7b213e2d892ac90946856599,,
gaussian,iid,W,1.0,7.0,24.0,128.0,0.0,0.0,0.79,16.0,0.1816279093424479,1c05f053a05ca2df17f7cc86fbcc53e825e357c2b06fcbceb1eafe28ff041940,,
gaussian,iid,W,1.0,7.0,24.0,128.0,0.0,0.0,0.79,17.0,0.1131464640299479,a3daf99f4cb47ab445736522ae2f016b77284fd46a349befee9c289aab5d0448,,
gaussian,iid,W,1.0,7.0,24.0,128.0,0.0,0.0,0.79,18.0,0.1643524169921875,14858385a17f84b19128c062614e37dfcfb096fc94ea4bf73c3befaffdd08ffd,,
gaussian,iid,W,1.0,7.0,24.0,128.0,0.0,0.0,0.79,19.0,0.3275934855143229,1599f6bb974054bc9818d63f0fe37392f128f79d8a23afa2c0fa4bb3f07d695b,,
gaussian,iid,W,1.0,7.0,24.0,128.0,0.0,0.0,0.79,20.0,0.1216303507486979,cdcd1bcbed0b2fe63047881dd347bb46d86ea5fb8adaa686a11e3770f9267969,,
gaussian,iid,W,1.0,7.0,24.0,128.0,0.0,0.0,0.79,21.0,0.2287419637044271,a76a0cbebe76c14bb3af8dcb82acb14dbed6a8d4113c7527c5e454cf2e3eeae2,,
gaussian,iid,W,1.0,7.0,24.0,128.0,0.0,0.0,0.79,22.0,0.3580347696940104,215190b90f89c815bb4a56c1b41dd0e673d8a342e816f66aa9591359ca7e73ba,,
gaussian,iid,W,1.0,7.0,24.0,128.0,0.0,0.0,0.79,23.0,0.0913187662760416,20d803b19848267c7fb41e12eb6135841f48b58b162e11ae91f116f263aa0d91,,
gaussian,iid,W,1.0,7.0,24.0,128.0,0.0,0.0,0.79,24.0,0.4413553873697917,9c0652ea485080cb36857839f7a74f0b43fccf7a839908be46b39c33080b3d64,,
gaussian,iid,W,1.0,7.0,24.0,128.0,0.0,0.0,0.79,25.0,0.4184417724609375,202e49f3ddbebbfcb2e5aab66568a321526e5ade7d7fba664048b593ed679622,,
gaussian,iid,W,1.0,7.0,24.0,128.0,0.0,0.0,0.79,26.0,0.5716985066731771,342fc0512b98038827e34d9f79d6d5cb2c3767907b277633834b8d7d0ada0e4f,,
gaussian,iid,W,1.0,7.0,24.0,128.0,0.0,0.0,0.79,27.0,0.2281621297200521,7df4e192e6d8c2b1b5275f3fbf2c69135d7078ab449ef24b0387da7370f5cd67,,
gaussian,iid,W,1.0,7.0,24.0,128.0,0.0,0.0,0.79,28.0,0.2580922444661458,3eba38c4d2df89309d6bed64b9e286830be4d03a5741e1cbf47e8bed638b9710,,
gaussian,iid,W,1.0,7.0,24.0,128.0,0.0,0.0,0.79,29.0,0.1113077799479166,783dc20623c8ef3d55326bb6e9163b3da0b0320e9a44bcd82ff4cb5eb5c7119f,,
gaussian,iid,W,1.0,7.0,24.0,128.0,0.0,0.0,0.79,30.0,0.1193873087565104,c1808c14f58507088902632a28e18e7fe79fd4032e38478b217857dcd5dce00d,,
gaussian,iid,W,1.0,7.0,24.0,128.0,0.0,0.0,0.79,31.0,0.2167816162109375,b52101c49b653226c9b0b921b7b76c64411a9a91cd0b5d5da4c6836b743c5440,,
gaussian,iid,W,1.0,7.0,24.0,128.0,0.0,0.0,0.79,32.0,0.1464691162109375,6a7ffaf601ee881b5d0f25ebdcb6f85e24d201730f4d9514fcf4790aaef2d341,,
gaussian,iid,W,1.0,7.0,24.0,128.0,0.0,0.0,0.79,33.0,0.3332722981770833,2c769e13a6f30b687f0f1936e6f6fcc8af3f4cfdcb6e06b33b0806356893e034,,
gaussian,iid,W,1.0,7.0,24.0,128.0,0.0,0.0,0.79,34.0,0.2467625935872396,06c3c1bf28eb6706372125f50ac2361aab5359a42dc4a570bdefb445fe9acac0,,
gaussian,iid,W,1.0,7.0,24.0,128.0,0.0,0.0,0.79,35.0,0.2809117635091145,e47c2e55159dbbe2c3a8cf00364c608be720d26d66af66651237a0f6aab23972,,
gaussian,iid,W,1.0,7.0,24.0,128.0,0.0,0.0,0.79,36.0,0.2702229817708333,affce23ddc4f14e7fb779569a689a4bcc696fa9c9ddddf57e353c446640273fb,,
gaussian,iid,W,1.0,7.0,24.0,128.0,0.0,0.0,0.79,37.0,0.1713612874348958,12fe78438c1cd09369791f4d06e3eaaee3ba67542f38e44338fea810f9c0d98e,,
gaussian,iid,W,1.0,7.0,24.0,128.0,0.0,0.0,0.79,38.0,0.2600021362304687,cf8b3e2dd43b351df552eddceda0152e024d1a369d947149dcd447830a968941,,
gaussian,iid,W,1.0,7.0,24.0,128.0,0.0,0.0,0.79,39.0,0.1859639485677083,92e7805e70647e94aad068a2a4fad375d1a3074bdb23ac2845b489135003d99d,,
gaussian,iid,W,1.0,7.0,24.0,128.0,0.0,0.0,0.79,40.0,0.1252873738606771,84b1ca24f7d2258317ccc50ffbfbe190c1ed03625554191f9192e27463a6e7e8,,
gaussian,iid,W,1.0,7.0,24.0,128.0,0.0,0.0,0.79,41.0,0.14947509765625,ad3bd9772d3f8609c293fdef7a315ec61c8937f50c9302daeb8acbd7a5105fce,,
gaussian,iid,W,1.0,7.0,24.0,128.0,0.0,0.0,0.79,42.0,0.1709009806315104,9c867797b719a4526064a2166b7c27d0abecac6bd32048a9ffe78fcbbbc908b5,,
gaussian,iid,W,1.0,7.0,24.0,128.0,0.0,0.0,0.79,43.0,0.257703145345052,f3d31257bf99ba0993936ce9119e0fd908a314f783b70253c8430cf759112672,,
gaussian,iid,W,1.0,7.0,24.0,128.0,0.0,0.0,0.79,44.0,0.1706975301106771,63e4ee968f680de9ab35f9d6c6ecbb91fc0b6127a00b91c99309bfdbfcec4961,,
gaussian,iid,W,1.0,7.0,24.0,128.0,0.0,0.0,0.79,45.0,0.1041641235351562,9e0cf0a8f6a060626362d26f639b1cd943f0fbe94f025b9eb82fd6c0f2321e2c,,
gaussian,iid,W,1.0,7.0,24.0,128.0,0.0,0.0,0.79,46.0,0.1165517171223958,f80960675a0d59397fa5f6c2b182e222fc2dacd704df1d4dc4040e84299021e7,,
gaussian,iid,W,1.0,7.0,24.0,128.0,0.0,0.0,0.79,47.0,0.5352554321289062,aaf0a52a27c939e68ea41485a2eb4f87c8401bf18aafdd79174d81b0fc82e2ed,,
gaussian,iid,W,1.0,7.0,24.0,128.0,0.0,0.0,0.7925,0.0,0.2296269734700521,fde4d6ecf10bec2b62530fb97644a7de0090d985b767af9542b099b8775a0e55,,
gaussian,iid,W,1.0,7.0,24.0,128.0,0.0,0.0,0.7925,1.0,0.2577590942382812,4166b6750dbb2cd174d31ecf58cd27fc20ce56a432bdafdf27e68a65b3eb6215,,
gaussian,iid,W,1.0,7.0,24.0,128.0,0.0,0.0,0.7925,2.0,0.1928253173828125,db14f33b02e0e2550bd37b542b3d422cb27922c7fdd9256f1cdc3b0db21e8022,,
gaussian,iid,W,1.0,7.0,24.0,128.0,0.0,0.0,0.7925,3.0,0.0999628702799479,1863e748639007032e884e382caa31572c0d3c04b86c4c52e1b82a88cd7fb68c,,
gaussian,iid,W,1.0,7.0,24.0,128.0,0.0,0.0,0.7925,4.0,0.19287109375,4a3ba7a5eee80143ffd3076e11d3bbed10f0b2294ab4abb9406dbe8a96cbfb09,,
gaussian,iid,W,1.0,7.0,24.0,128.0,0.0,0.0,0.7925,5.0,0.4152297973632812,ae07d869ea64b26944cdf050287d0261fc5a8284dd3b14cee8c4b57c5d146f62,,
gaussian,iid,W,1.0,7.0,24.0,128.0,0.0,0.0,0.7925,6.0,0.1916834513346354,f815dc1828c8ae66db7fb52ca4866ee97eb1854f5e0ce80c67a8a929864b7e3f,,
gaussian,iid,W,1.0,7.0,24.0,128.0,0.0,0.0,0.7925,7.0,0.1904576619466146,a17f83f202a9131dd8c6ccd51a0290e8a9e71bbbfdcbe8b9f92edbe09c014c70,,
gaussian,iid,W,1.0,7.0,24.0,128.0,0.0,0.0,0.7925,8.0,0.1984380086263021,c70ba3a94ee65d5d454a966e88d16790932b5bdcb1890fa7ca1ebb5d62820b10,,
gaussian,iid,W,1.0,7.0,24.0,128.0,0.0,0.0,0.7925,9.0,0.2002588907877604,1d1b091369820584377dec20417c4e4db1b5089b038af0435693d6b0692c7181,,
gaussian,iid,W,1.0,7.0,24.0,128.0,0.0,0.0,0.7925,10.0,0.2037455240885416,338d79941d5f6755a4b5a6a290f62e36e4fad097bce1b87fb885cf487553f63c,,
gaussian,iid,W,1.0,7.0,24.0,128.0,0.0,0.0,0.7925,11.0,0.4307301839192708,d0a7c40b98423083ce9e2d270d273ffb92d9c05cad924bc300b2649e665b3b15,,
gaussian,iid,W,1.0,7.0,24.0,128.0,0.0,0.0,0.7925,12.0,0.4464492797851562,f4e63e21f4e78a313087436e5c0d0d91054c9ce0743413df115db1221ba34813,,
gaussian,iid,W,1.0,7.0,24.0,128.0,0.0,0.0,0.7925,13.0,0.3165435791015625,d39be1dde8fc1f869722ae7d9a7725a78773c67a05b3e81d7784fb8dc4ae9392,,
gaussian,iid,W,1.0,7.0,24.0,128.0,0.0,0.0,0.7925,14.0,0.1739247639973958,0650fe06999b1961e1121614a53699dabb8ab94d31edaf825487da18aef0db70,,
gaussian,iid,W,1.0,7.0,24.0,128.0,0.0,0.0,0.7925,15.0,0.2899246215820312,995a2af8a7aa2e92860e396d1e7f8eddab68224760bfc9c81ccd6ae7393511aa,,
gaussian,iid,W,1.0,7.0,24.0,128.0,0.0,0.0,0.7925,16.0,0.2798817952473958,b87904f81395cd53e245e188cf8ae58635b8baa27d4eb9e91ab24747f315d316,,
gaussian,iid,W,1.0,7.0,24.0,128.0,0.0,0.0,0.7925,17.0,0.1309611002604166,0ba6c66aebd0ecdb599b092470e2ee7492da635c43cedee86ca4eb4306fe513d,,
gaussian,iid,W,1.0,7.0,24.0,128.0,0.0,0.0,0.7925,18.0,0.1655120849609375,4be6dee2d2d165040568ea8aa93bf9c0ab83ed9b7117bd5b82ca4da9beb41b0c,,
gaussian,iid,W,1.0,7.0,24.0,128.0,0.0,0.0,0.7925,19.0,0.3283411661783854,f3be075d59b7035fb0c52203f4e21fd353e0af296796c85cfc59b98049081052,,
gaussian,iid,W,1.0,7.0,24.0,128.0,0.0,0.0,0.7925,20.0,0.1436614990234375,67a094e48a502a510c18566f6c924d28f874b7fff6ca8a193eb41ec6ad7fd52b,,
gaussian,iid,W,1.0,7.0,24.0,128.0,0.0,0.0,0.7925,21.0,0.2289479573567708,8b5d873ceb6a687186b7310970c76dac951d9815035a4956167a0ee248b26e25,,
gaussian,iid,W,1.0,7.0,24.0,128.0,0.0,0.0,0.7925,22.0,0.3631820678710937,f0b7763f9f007f792d85f6e72c712bc1855f74254243632695be185b6ff21dd1,,
gaussian,iid,W,1.0,7.0,24.0,128.0,0.0,0.0,0.7925,23.0,0.091473897298177,7ffd5d18be8c65f2af99f814c0d4c521a1080a8a80a2aa43073aa1da566e725f,,
gaussian,iid,W,1.0,7.0,24.0,128.0,0.0,0.0,0.7925,24.0,0.5086390177408854,cd4094e9c901845112d85dc3cb8ca37dd02a7e32a15c94b4423d5b5874bcc771,,
gaussian,iid,W,1.0,7.0,24.0,128.0,0.0,0.0,0.7925,25.0,0.423749287923177,2a33cf131ac63b8db9a27cdeb4818ce87b7e9486e2bb29b89646ee20f83ba1da,,
gaussian,iid,W,1.0,7.0,24.0,128.0,0.0,0.0,0.7925,26.0,0.3277231852213542,6509d0d0d99a05b8354e537db07207e44f8225792911992906187f919baa514b,,
gaussian,iid,W,1.0,7.0,24.0,128.0,0.0,0.0,0.7925,27.0,0.2545547485351562,5e47abdbb344faa7cfcfb3fb7dbd834f9c3b72ec3bc40bd09c9607efdfcd81cc,,
gaussian,iid,W,1.0,7.0,24.0,128.0,0.0,0.0,0.7925,28.0,0.2611160278320312,9cda52aa0102d8cab329368bd040c9cd611f609a4bd8dafd2af95e1cd6aa008a,,
gaussian,iid,W,1.0,7.0,24.0,128.0,0.0,0.0,0.7925,29.0,0.114148457845052,f47a86fb6a378ee99ebf081960d828629fe0517abd27ef9256b61c7f3361d3be,,
gaussian,iid,W,1.0,7.0,24.0,128.0,0.0,0.0,0.7925,30.0,0.2628885904947917,7c9011c0e451ad63251c05f2f0fddbe5fdf9ced8ff47df75d81c47aa861b20d9,,
gaussian,iid,W,1.0,7.0,24.0,128.0,0.0,0.0,0.7925,31.0,0.2170791625976562,635311d166c7f39c3940aee7cbf5322369323fbd5528e16d6fcab070477e20fe,,
gaussian,iid,W,1.0,7.0,24.0,128.0,0.0,0.0,0.7925,32.0,0.2022883097330729,498af0dd632f4b3f0b38c311dcc884ab6cc3559a584e919fe134d5399b1b4563,,
gaussian,iid,W,1.0,7.0,24.0,128.0,0.0,0.0,0.7925,33.0,0.3852310180664062,3777f3183d94477ee2e445959c7a6a171ddb7246eb1faf744a07908ded4cc87c,,
gaussian,iid,W,1.0,7.0,24.0,128.0,0.0,0.0,0.7925,34.0,0.2878189086914062,52894246b19905671ebc406fa8a8dc98f6cf63fe3dbc04ae38824622709ff14b,,
gaussian,iid,W,1.0,7.0,24.0,128.0,0.0,0.0,0.7925,35.0,0.2842000325520833,c1a8bfe668702ac1d3f33cedfd96f9ffa539e64d8487a838180cac86727e32b3,,
gaussian,iid,W,1.0,7.0,24.0,128.0,0.0,0.0,0.7925,36.0,0.270782470703125,8b779e816731bf0f73d0e461a2cbab89b8362ca442e54c0e79e6c9ed499ffd8c,,
gaussian,iid,W,1.0,7.0,24.0,128.0,0.0,0.0,0.7925,37.0,0.2096328735351562,35b363f0f0eef3029f046d984f49138dda97ace33f35498660fa4e2927e3c3a1,,
gaussian,iid,W,1.0,7.0,24.0,128.0,0.0,0.0,0.7925,38.0,0.1866073608398437,fadadd1ffb704ea1f9cf195040390217fcfd243f75eb6c2fe749379b4fbdf749,,
gaussian,iid,W,1.0,7.0,24.0,128.0,0.0,0.0,0.7925,39.0,0.1856333414713541,c1adad71f84d7e0d8824e49825d91c43ca982ca4ad6ae56dcbfd6c1dda2f3bfe,,
gaussian,iid,W,1.0,7.0,24.0,128.0,0.0,0.0,0.7925,40.0,0.3797581990559895,b4094fa4bc68221b88bd0878309ec6efefe0c33e233441dee6a83ada2ed12b5b,,
gaussian,iid,W,1.0,7.0,24.0,128.0,0.0,0.0,0.7925,41.0,0.3108189900716145,2b3af7a5f6a2253ece8c332a5b6530b7cb1a600e2196a0b5700bb2dfd8e5e3d2,,
gaussian,iid,W,1.0,7.0,24.0,128.0,0.0,0.0,0.7925,42.0,0.1540654500325521,188418f2c947db52e1009fe8f831d6ee5e107ee01f6fd7284dbc2c2485ada67a,,
gaussian,iid,W,1.0,7.0,24.0,128.0,0.0,0.0,0.7925,43.0,0.3197021484375,dd06c5177392a2f633251a71ff33c447e9e0f77e41d6e6dc837226733347ed5a,,
gaussian,iid,W,1.0,7.0,24.0,128.0,0.0,0.0,0.7925,44.0,0.2587941487630208,f98919ed5d9f70c3660394a5a7fad1fdeff1d81f264efbf40d3b4f7d64a70f61,,
gaussian,iid,W,1.0,7.0,24.0,128.0,0.0,0.0,0.7925,45.0,0.1538798014322916,d660c8bbc91f861a53dae908dbf4b0ed78e1bb0424d3462b7c989f05078ea05c,,
gaussian,iid,W,1.0,7.0,24.0,128.0,0.0,0.0,0.7925,46.0,0.1166432698567708,155cecaa2f178595fac8e9deec179b7a3b504ef8023931f6fc12a77210ecfc90,,
gaussian,iid,W,1.0,7.0,24.0,128.0,0.0,0.0,0.7925,47.0,0.5413487752278646,2d4f0d8f14280865b23a774318751b5f2e940ac071de2696b2a6771eed5c719f,,
gaussian,iid,W,1.0,7.0,24.0,128.0,0.0,0.0,0.7925,48.0,0.2154184977213541,eb568218c18ed21f8c020a0f83bd0059fa0b6344bf13f8ad2f997a172561ff04,,
gaussian,iid,W,1.0,7.0,24.0,128.0,0.0,0.0,0.7925,49.0,0.2359441121419271,d021f8e1e83f27eb50ae417b1c56a739eb49c9e0765780d19077cb8a9d82a476,,
gaussian,iid,W,1.0,7.0,24.0,128.0,0.0,0.0,0.7925,50.0,0.2724049886067708,68f66fc6dd84698b3a8bdce7480a01371a530206ad9222847f4b789be9d889a8,,
gaussian,iid,W,1.0,7.0,24.0,128.0,0.0,0.0,0.7925,51.0,0.2618637084960937,c8a36eba948967b3392b5bcb1ff6cc5ac8a240292a23cf77e0b5ea862fc6b598,,
gaussian,iid,W,1.0,7.0,24.0,128.0,0.0,0.0,0.7925,52.0,0.4499003092447917,97ac47f7ed2b3b7665e7d9c7a38807c37ccd45d8c56057abe6823dcefa174996,,
gaussian,iid,W,1.0,7.0,24.0,128.0,0.0,0.0,0.7925,53.0,0.171905517578125,a635043335009d3ac8cb60896caed4ac0b707b690f215e58ad6ffa7e2da64141,,
gaussian,iid,W,1.0,7.0,24.0,128.0,0.0,0.0,0.7925,54.0,0.1329549153645833,9d22f89d2273bba5bb2103b2a331a1cb70874f045714ca568a8e72a5e5cbac2d,,
gaussian,iid,W,1.0,7.0,24.0,128.0,0.0,0.0,0.7925,55.0,0.3399429321289062,1ee596cec49d89bb5bafb99fd7d07496e8cefb6e405b0a9b755596fc22d27d5e,,
gaussian,iid,W,1.0,7.0,24.0,128.0,0.0,0.0,0.7925,56.0,0.2745997111002604,0010bbcdb17fc319eabe02178366b60b80fc08be3d1d16349e0a5084c0404a7c,,
gaussian,iid,W,1.0,7.0,24.0,128.0,0.0,0.0,0.7925,57.0,0.4195302327473958,0152fcfdd096ca419c0d478c1779edf4a7f5f6a8ac2b122fd0616c15fefdafb0,,
gaussian,iid,W,1.0,7.0,24.0,128.0,0.0,0.0,0.7925,58.0,0.2847340901692708,45c29a336cca5976b00e5f4b31a06eb9dd94163c4766b287e7af9fa5fcee2598,,
gaussian,iid,W,1.0,7.0,24.0,128.0,0.0,0.0,0.7925,59.0,0.3139012654622395,e4a14f7ea975dd23ad3cd14380c6ed54064107c49d8611a307f5562f9c2ac874,,
gaussian,iid,W,1.0,7.0,24.0,128.0,0.0,0.0,0.7925,60.0,0.49761962890625,b906479bc82d1697f23ef22257a2df400459654d9ab72626e9bf6387ece4d736,,
gaussian,iid,W,1.0,7.0,24.0,128.0,0.0,0.0,0.7925,61.0,0.1944224039713541,ada950a5451cab20aa8c150af6ad5385a76004325ba8f01026fafae7dc3dce20,,
gaussian,iid,W,1.0,7.0,24.0,128.0,0.0,0.0,0.7925,62.0,0.1644159952799479,2ed432a25c31c89624c19cd9705e6dae4ded94a14baa8391f2d0d2dd98a67778,,
gaussian,iid,W,1.0,7.0,24.0,128.0,0.0,0.0,0.7925,63.0,0.1754023234049479,3b368bb4df4810bce151729a8baf167720579a0580d5880de7669c17591c2290,,
gaussian,iid,W,1.0,7.0,24.0,128.0,0.0,0.0,0.7925,64.0,0.1960322062174479,c2b3900d722a03f28db5d282ec9cb48dcb61fe698ec2cfd461f271d6b468f40f,,
gaussian,iid,W,1.0,7.0,24.0,128.0,0.0,0.0,0.7925,65.0,0.4721043904622395,51aeac668e84d04accd4ad433c41249f313052ab55042cc9b4a4022b8defa5f7,,
gaussian,iid,W,1.0,7.0,24.0,128.0,0.0,0.0,0.7925,66.0,0.1583353678385416,5cbd29412bc4f08cbab20b32ce1f76ff783d842f9463a8c6f0e8e129cbeb5f89,,
gaussian,iid,W,1.0,7.0,24.0,128.0,0.0,0.0,0.7925,67.0,0.2944895426432292,09b6a2f75eb08b67a53dd9d558cdde1896f4f592315acc8c90f1cbea4f1dde1d,,
gaussian,iid,W,1.0,7.0,24.0,128.0,0.0,0.0,0.7925,68.0,0.1384379069010416,704ccebf210ccc64f63074efd93f7227671e9cf6a5a222b14a1c4fa2c1a7ecce,,
gaussian,iid,W,1.0,7.0,24.0,128.0,0.0,0.0,0.7925,69.0,0.3665491739908854,132ce97c344e7b08825efb94a9c98106f36887c4fba7b4e0501d4198fe9e84b9,,
gaussian,iid,W,1.0,7.0,24.0,128.0,0.0,0.0,0.7925,70.0,0.3790461222330729,8d01058fbe2571d8d6604cbd0b14d236a555e7e4b1e2ba8912eee001eeb8a173,,
gaussian,iid,W,1.0,7.0,24.0,128.0,0.0,0.0,0.7925,71.0,0.5581741333007812,e6b794c093818f10bd21a89ae68617c040087a3d91717c7203fcc5b1e581d033,,
gaussian,iid,W,1.0,7.0,24.0,128.0,0.0,0.0,0.7925,72.0,0.1801172892252604,7abf4478000022668742e656beab70f49dc71697250358aae02102af765186ac,,
gaussian,iid,W,1.0,7.0,24.0,128.0,0.0,0.0,0.7925,73.0,0.1913096110026041,d2987a07586d8d6e406e9397855c89d29d2c2f35b6730a9e289cd672a4290d70,,
gaussian,iid,W,1.0,7.0,24.0,128.0,0.0,0.0,0.7925,74.0,0.1875661214192708,576a0a1d813274eefa7f3afc83dbde23ec3364e876557ad1d0f403f870a8b2cb,,
gaussian,iid,W,1.0,7.0,24.0,128.0,0.0,0.0,0.7925,75.0,0.1612040201822916,8084bac60bf8abda2d0e78f4e425a9890c53af40756e7ee776777d309922adbc,,
gaussian,iid,W,1.0,7.0,24.0,128.0,0.0,0.0,0.7925,76.0,0.2440338134765625,dac434e95d97977727ae2cfe05dd9367088afbe851da5ba22618bc40ff8e7a00,,
gaussian,iid,W,1.0,7.0,24.0,128.0,0.0,0.0,0.7925,77.0,0.3635152180989583,2c9b061d13ddcfc3018e6edafa45af0fb0dd223dccf2a77bdd987f61005b2e95,,
gaussian,iid,W,1.0,7.0,24.0,128.0,0.0,0.0,0.7925,78.0,0.2323455810546875,22a5fa8c83ebb25286a50fdcf2a00008091fd565f47cfdebdd48219fc2fcab94,,
gaussian,iid,W,1.0,7.0,24.0,128.0,0.0,0.0,0.7925,79.0,0.1751988728841146,83aabd7601aededdf5e01fd8030fea627568cac7d152be9a27943624a6464101,,
gaussian,iid,W,1.0,7.0,24.0,128.0,0.0,0.0,0.7925,80.0,0.1965967814127604,b39bdd82234bcb58438de00465909c0ce40c3d8736d3348fbff7b73ab2ef8a5d,,
gaussian,iid,W,1.0,7.0,24.0,128.0,0.0,0.0,0.7925,81.0,0.3867823282877604,2efc4903406c0512494e16fb6a9bc2c0539ce37156a4ba0bf92fc7d0ab38cbff,,
gaussian,iid,W,1.0,7.0,24.0,128.0,0.0,0.0,0.7925,82.0,0.2179438273111979,2909d1946b50b7549268930e819e1c2133dd89daf85769272d8376f0086cb8ab,,
gaussian,iid,W,1.0,7.0,24.0,128.0,0.0,0.0,0.7925,83.0,0.2444661458333333,e9b7c913dbaf89e9b58987ff2121d147b697b11550d4af9a7e2f317f387999ee,,
gaussian,iid,W,1.0,7.0,24.0,128.0,0.0,0.0,0.7925,84.0,0.1727549235026041,85306b2be7b7b09a4059c553f428fe35edc22e66a85ea2a5f4f928cd5aa2850a,,
gaussian,iid,W,1.0,7.0,24.0,128.0,0.0,0.0,0.7925,85.0,0.2019856770833333,63fdae3a92501a3a0695f803a7d9180879f8c1ce8a3cd41cf72632c83b6c1c4f,,
gaussian,iid,W,1.0,7.0,24.0,128.0,0.0,0.0,0.7925,86.0,0.2826894124348958,7e069ea22cb84f50171d2363e1a0763726db382e2c8a78de54165f57152e9229,,
gaussian,iid,W,1.0,7.0,24.0,128.0,0.0,0.0,0.7925,87.0,0.1533025105794271,3a0e4ad59a192e2c78d6054ca4b39bcb426d137f77307e68a04b59115b471c7f,,
gaussian,iid,W,1.0,7.0,24.0,128.0,0.0,0.0,0.7925,88.0,0.2226409912109375,2cade3e572887d8bf376ff9309c047e5d235aec223cdcbb4f14d7c9a6f714aed,,
gaussian,iid,W,1.0,7.0,24.0,128.0,0.0,0.0,0.7925,89.0,0.2588221232096354,4c0747eb5bce52f79f8b8f5445eb30d1044d330ea13d7b5d68809bf1308606fa,,
gaussian,iid,W,1.0,7.0,24.0,128.0,0.0,0.0,0.7925,90.0,0.14031982421875,b412ba4593d40ed823849f68f5c7d0d89590c575e9650ed24d7e1f740e7cedcb,,
gaussian,iid,W,1.0,7.0,24.0,128.0,0.0,0.0,0.7925,91.0,0.3009312947591145,02f16fd4ac14b3f13640cfc4f973aa0cd6b1b0986628f6425ac06c7f733b439a,,
gaussian,iid,W,1.0,7.0,24.0,128.0,0.0,0.0,0.7925,92.0,0.1870803833007812,f215fd38c69d210ef840e8a61dfecda84ec608800d439d70542381e5e4df16e9,,
gaussian,iid,W,1.0,7.0,24.0,128.0,0.0,0.0,0.7925,93.0,0.2912368774414062,7f09223d249279e2f9b8d9649a98a5039a5dba7a3858f927603ef86a69032786,,
gaussian,iid,W,1.0,7.0,24.0,128.0,0.0,0.0,0.7925,94.0,0.2990010579427083,77fd9738fbbbb6ac088c037602af67e8464ef77c734c77aacfe95106d074ac05,,
gaussian,iid,W,1.0,7.0,24.0,128.0,0.0,0.0,0.7925,95.0,0.2222010294596354,fe23311e06706974d3e573c2f211e3d66951967573e4e88764822ebc757cfb03,,
gaussian,iid,W,1.0,7.0,24.0,128.0,0.0,0.0,0.795,0.0,0.2380828857421875,cba6ac6e48b343d4ab0cae5d7d6a5507fabb2d13b18d45ff6db3c5a0cf7adfcf,,
gaussian,iid,W,1.0,7.0,24.0,128.0,0.0,0.0,0.795,1.0,0.2580312093098958,19b61f6493e940d315101ba7229f8bd2fae20ad292d9eba41d45dd7493a5836b,,
gaussian,iid,W,1.0,7.0,24.0,128.0,0.0,0.0,0.795,2.0,0.2172215779622396,4e324f9caba12603777035a0e232d9198da2a6cc883d6470ee697871de7be79c,,
gaussian,iid,W,1.0,7.0,24.0,128.0,0.0,0.0,0.795,3.0,0.1002400716145833,4b74d5f24d017fce830d5e65a8cf5a2e52fffab0a602c260a1631cdf1e34c07f,,
gaussian,iid,W,1.0,7.0,24.0,128.0,0.0,0.0,0.795,4.0,0.4181798299153645,2f4f3816150aa6694143a18f4ec41e76581f6290ec22fcbba7f10c7c593e89e9,,
gaussian,iid,W,1.0,7.0,24.0,128.0,0.0,0.0,0.795,5.0,0.41119384765625,14a8d39d46603f65181c095dee6a8a595bd3da3d7c9654e1d2677238a3573f2d,,
gaussian,iid,W,1.0,7.0,24.0,128.0,0.0,0.0,0.795,6.0,0.1939570109049479,702bc3709502fb5715097c0ef10a5af181959cd11fdf3fd357a04a82db2c608f,,
gaussian,iid,W,1.0,7.0,24.0,128.0,0.0,0.0,0.795,7.0,0.1986541748046875,0db04bf1c0e186e7c2e90c6e8c71979bf0cdc1a0f65829527a5c1bc65883020c,,
gaussian,iid,W,1.0,7.0,24.0,128.0,0.0,0.0,0.795,8.0,0.2377370198567708,a3c9af3fc5e41f8d6b2b23b838f4e865a3fbb39813b0119cf98bba62abb00c77,,
gaussian,iid,W,1.0,7.0,24.0,128.0,0.0,0.0,0.795,9.0,0.2552235921223958,41f0c62446753285f77a31c3c0d8d49df2c6295ccd4a6f623cf553c626d322e2,,
gaussian,iid,W,1.0,7.0,24.0,128.0,0.0,0.0,0.795,10.0,0.3124262491861979,4bee2c0dc77abd68ba5f7f5992959ef03fbea7f6b64e146e71383126c53b8e0d,,
gaussian,iid,W,1.0,7.0,24.0,128.0,0.0,0.0,0.795,11.0,0.6464640299479166,6627dd01a2215c25a7977496723ee36d71f590978e92045f62051b29b868f790,,
gaussian,iid,W,1.0,7.0,24.0,128.0,0.0,0.0,0.795,12.0,0.4469960530598958,1aa9fa1bbed2b2f12aefef5b395bd3db9f8018be1937c5edd9713523f45cd2d9,,
gaussian,iid,W,1.0,7.0,24.0,128.0,0.0,0.0,0.795,13.0,0.4830093383789062,b36de626bb186660acd09263bee827300e4e89773d558582f57fe8d719e80968,,
gaussian,iid,W,1.0,7.0,24.0,128.0,0.0,0.0,0.795,14.0,0.1908671061197916,b2984a42a494668936a5032bf0c72f122b4ce00880f84c0477b81e7ddb301b6e,,
gaussian,iid,W,1.0,7.0,24.0,128.0,0.0,0.0,0.795,15.0,0.2902933756510417,d38176922726392ecb8233674f1ad568fbefa18b60bcbf972ee09f11db86da86,,
gaussian,iid,W,1.0,7.0,24.0,128.0,0.0,0.0,0.795,16.0,0.2802658081054687,afff9f1017e2667ca767e97bd3ef13353ef6a93a81f390a929e14e626db840b0,,
gaussian,iid,W,1.0,7.0,24.0,128.0,0.0,0.0,0.795,17.0,0.1316808064778646,13644a1691faa0eb3708c93c5637b5d43dae2c92ff423353d7ff5e1dce3ecb64,,
gaussian,iid,W,1.0,7.0,24.0,128.0,0.0,0.0,0.795,18.0,0.2793604532877604,60a7c7ebcc7b9c1037b61b4219752a6420b3f9a748df506a21f2d3cdc5f490cd,,
gaussian,iid,W,1.0,7.0,24.0,128.0,0.0,0.0,0.795,19.0,0.5919367472330729,5deba65f1962f468657c1962036aa4be3e7a3b5251d6ccf219a776eb6a43a582,,
gaussian,iid,W,1.0,7.0,24.0,128.0,0.0,0.0,0.795,20.0,0.1439005533854166,4b450f2827c704d140d5ebed2d1259ee6d80b144d4c128457540adb89acbfc65,,
gaussian,iid,W,1.0,7.0,24.0,128.0,0.0,0.0,0.795,21.0,0.3219757080078125,406f8b3424d76755997a25879bc0ea620f8871d1b6129ec85380dee17c20361a,,
gaussian,iid,W,1.0,7.0,24.0,128.0,0.0,0.0,0.795,22.0,0.3633753458658854,0bf5a21b4f749ea508d8d7355ebf76c07e5a8529c727b27b4ac43c2b2c90615e,,
gaussian,iid,W,1.0,7.0,24.0,128.0,0.0,0.0,0.795,23.0,0.1513544718424479,65e52c3daf00fb19b5514e334536656b888468727a5fef63a61774c299372fb8,,
gaussian,iid,W,1.0,7.0,24.0,128.0,0.0,0.0,0.795,24.0,0.5197168986002604,29aa176c545692678619134dc9e35e4f8cb6ac530fbf9bfca5bb4a7a7c7a144f,,
gaussian,iid,W,1.0,7.0,24.0,128.0,0.0,0.0,0.795,25.0,0.4257278442382812,66314e3b111037d62b96e282b5acfe9d0cfeb5e3b82ba98e2193b4087907ac90,,
gaussian,iid,W,1.0,7.0,24.0,128.0,0.0,0.0,0.795,26.0,0.3276926676432292,52af305cb528883323b3df57672a34acc6a9222294d45b079f721d80990cb618,,
gaussian,iid,W,1.0,7.0,24.0,128.0,0.0,0.0,0.795,27.0,0.2721405029296875,16eea771f84f91e7b8e715624178b77f94105fa8b30077214fa9a77cedea0d45,,
gaussian,iid,W,1.0,7.0,24.0,128.0,0.0,0.0,0.795,28.0,0.3532002766927083,1261bf069df205f104195e69f799bd678f72a66785f799246c2b115fc0e14aae,,
gaussian,iid,W,1.0,7.0,24.0,128.0,0.0,0.0,0.795,29.0,0.1231180826822916,e6ac296414c798e350a9b7a471dc427ed7742d677e119c36051e0ee3304f8d9a,,
gaussian,iid,W,1.0,7.0,24.0,128.0,0.0,0.0,0.795,30.0,0.431549072265625,55e41f171f90ce848333c4f14ec6baabe4de718e34ba287ed645b418243e273d,,
gaussian,iid,W,1.0,7.0,24.0,128.0,0.0,0.0,0.795,31.0,0.3743998209635417,4c43ba3e76bb4cf9d1068f38ceca1f74ed436180e95bfa5e6a033087ebab4956,,
gaussian,iid,W,1.0,7.0,24.0,128.0,0.0,0.0,0.795,32.0,0.2121200561523437,0ae59ede33042b953ab2ad299ca0ff6a81b93ebf99868f28feb10f3d44ac4dab,,
gaussian,iid,W,1.0,7.0,24.0,128.0,0.0,0.0,0.795,33.0,0.3861083984375,80278af95ab8205be94b7b0617608e882873786bf89d455b8c72908be1e73449,,
gaussian,iid,W,1.0,7.0,24.0,128.0,0.0,0.0,0.795,34.0,0.2880884806315104,1f118df1cf9c44095a3f8fd0298c322c06db7213ff6e05869ca74dff0c0c40b2,,
gaussian,iid,W,1.0,7.0,24.0,128.0,0.0,0.0,0.795,35.0,0.3034108479817708,fbea649cd92061a4293f4e8b9af9179dff785a27b715bf2daced34cf0ac99d33,,
gaussian,iid,W,1.0,7.0,24.0,128.0,0.0,0.0,0.795,36.0,0.2731984456380208,9a755129693f76a7931acb9e627f711af07e232fda8d62e44647af950ccd8ac7,,
gaussian,iid,W,1.0,7.0,24.0,128.0,0.0,0.0,0.795,37.0,0.2227910359700521,cb1c89e33e08a47c8f89b37919a2c23d64d1b34501c180188b53e56ed025016d,,
gaussian,iid,W,1.0,7.0,24.0,128.0,0.0,0.0,0.795,38.0,0.3766454060872395,d7ba1fe1e69572ca673399c54d9e887799dc74d994c8ced6f61047ec57dcdffc,,
gaussian,iid,W,1.0,7.0,24.0,128.0,0.0,0.0,0.795,39.0,0.2262725830078125,80f01824472c86f83e3326e0827131588bc450f6f639a9ed38d0c7605bb9096c,,
gaussian,iid,W,1.0,7.0,24.0,128.0,0.0,0.0,0.795,40.0,0.3806864420572917,d99ddc0e2b436c32905429ec73582672908460aa9f07a4c7724f8dd700989138,,
gaussian,iid,W,1.0,7.0,24.0,128.0,0.0,0.0,0.795,41.0,0.5240122477213541,0eb03c2102b27758caf3d5a87442a228bdfb3aea1f810aa1ff56c51e31289490,,
gaussian,iid,W,1.0,7.0,24.0,128.0,0.0,0.0,0.795,42.0,0.1541951497395833,73f343e120c454536dc0a90205e41dd7f245c9c8f7feed5d362f98a53a95281b,,
gaussian,iid,W,1.0,7.0,24.0,128.0,0.0,0.0,0.795,43.0,0.3300857543945312,7e7c3cde74d76bbd0c92e4bd152ea32690fb64503ddd2f07d92fb1ffb438ad80,,
gaussian,iid,W,1.0,7.0,24.0,128.0,0.0,0.0,0.795,44.0,0.4090906778971354,9ec0316fba353b9d490210c7339f6c454606c0912007f1364e08da81f20d8b7d,,
gaussian,iid,W,1.0,7.0,24.0,128.0,0.0,0.0,0.795,45.0,0.2486852010091146,e7eb14fcee994bf54786bd28019ae8fdb606a54ae6c66125a61670fad6d513ea,,
gaussian,iid,W,1.0,7.0,24.0,128.0,0.0,0.0,0.795,46.0,0.1203282674153645,f928cc2b027d7e79dd843f58da69cce3f238a2f09b700956045c4a9237dbe175,,
gaussian,iid,W,1.0,7.0,24.0,128.0,0.0,0.0,0.795,47.0,0.55584716796875,054e53518c986f814a1934d63a7e25766e113ca5d7739ad31c796aac81e65b23,,
gaussian,iid,W,1.0,7.0,24.0,128.0,0.0,0.0,0.795,48.0,0.2204691569010416,24e25cac1002cc800cad936daf515ba1390b8032fc8dc2d6a527e7dc339fc82d,,
gaussian,iid,W,1.0,7.0,24.0,128.0,0.0,0.0,0.795,49.0,0.2893320719401042,ffcd1fb5b98d5ac6b1c862cd670654cd201e8d81f369009357496b927db7b0c9,,
gaussian,iid,W,1.0,7.0,24.0,128.0,0.0,0.0,0.795,50.0,0.5417455037434896,c5aec79365453fa38557832db8f82ca79004e264349dda289503daff782fe504,,
gaussian,iid,W,1.0,7.0,24.0,128.0,0.0,0.0,0.795,51.0,0.281567891438802,39b5dc82b353642307beddb85075caaece37853064e5c093116e9063d6ca4344,,
gaussian,iid,W,1.0,7.0,24.0,128.0,0.0,0.0,0.795,52.0,0.5879389444986979,bd0c6c7f565b6de838018811e5f478aaf5947aa3ace9a0ee5e49ec78a959b956,,
gaussian,iid,W,1.0,7.0,24.0,128.0,0.0,0.0,0.795,53.0,0.1940333048502604,868114ae59367da2b3a695d27a54ccc606f575095905467d4c7e1a815fc3eefc,,
gaussian,iid,W,1.0,7.0,24.0,128.0,0.0,0.0,0.795,54.0,0.2223637898763021,dae8638d7cf5d7e06a58c331acf2473b8a3e896c62263d2d9119545372bd652a,,
gaussian,iid,W,1.0,7.0,24.0,128.0,0.0,0.0,0.795,55.0,0.6053899129231771,c104ba657be1645071e4c0095217cfe00e174791933ac17c9a10d33f85bf08f3,,
gaussian,iid,W,1.0,7.0,24.0,128.0,0.0,0.0,0.795,56.0,0.276031494140625,383dedb639767bee094e2690fa9c9d8ece1a8ba37727da5d0f35ef7ad00eb1d2,,
gaussian,iid,W,1.0,7.0,24.0,128.0,0.0,0.0,0.795,57.0,0.4853744506835937,6f20805087ddfbaed72e69b2a899a264709713ea085102fda71eaadd9c5bc569,,
gaussian,iid,W,1.0,7.0,24.0,128.0,0.0,0.0,0.795,58.0,0.4214274088541667,eb6416c7e61c08e4893dfbef2be58c7328c71d74602e12286e25fe26caffa0de,,
gaussian,iid,W,1.0,7.0,24.0,128.0,0.0,0.0,0.795,59.0,0.3214492797851562,fdd87e4633b997a561e8e087291c9aad4efb37bb7eeafb0e8d9c0c7d29228640,,
gaussian,iid,W,1.0,7.0,24.0,128.0,0.0,0.0,0.795,60.0,0.4993642171223958,8ae5e503da3fdc1d341b13f9a8b9b39865bcfab0afe188f58878a31fa5da8c2a,,
gaussian,iid,W,1.0,7.0,24.0,128.0,0.0,0.0,0.795,61.0,0.1286977132161458,7e015221319d13b075aca5e5dab37ef52045cd37d67d0bc78f98a2e49339ffc3,,
gaussian,iid,W,1.0,7.0,24.0,128.0,0.0,0.0,0.795,62.0,0.1659317016601562,9bb064957d6d02a9f3889f1095fc772fac9ed397920bba69fb2de8444903130c,,
gaussian,iid,W,1.0,7.0,24.0,128.0,0.0,0.0,0.795,63.0,0.354810078938802,9585698de3951f7a35b389818bb53b9b4d6687b850e91f965e37d2f6b6f89940,,
gaussian,iid,W,1.0,7.0,24.0,128.0,0.0,0.0,0.795,64.0,0.2890065511067708,d7fb2b9c1fced533cbbc69747c67299faa61a690b06a7d81f378aa593501500c,,
gaussian,iid,W,1.0,7.0,24.0,128.0,0.0,0.0,0.795,65.0,0.5750300089518229,58824916e0ca11b2a6b199442fe4db4efe87bf52e5756aa9379583d6ce41a3d1,,
gaussian,iid,W,1.0,7.0,24.0,128.0,0.0,0.0,0.795,66.0,0.2568817138671875,c1d34e720187ca403997b123abbbe6ed13bafd34c988a9f68a1d014743433152,,
gaussian,iid,W,1.0,7.0,24.0,128.0,0.0,0.0,0.795,67.0,0.2950897216796875,a690119021d078fd3968772f5525f1bda5fe1f15a4bc653fc391ff9ae97dbd17,,
gaussian,iid,W,1.0,7.0,24.0,128.0,0.0,0.0,0.795,68.0,0.138702392578125,3df2c5baa54151702b11157602fba000a20add1f39527fe8ecb6b40a44c80237,,
gaussian,iid,W,1.0,7.0,24.0,128.0,0.0,0.0,0.795,69.0,0.3694992065429687,3ef39fdde32f712594e551b8e98683c67883258e8b54fc07e88b24d89a993a9d,,
gaussian,iid,W,1.0,7.0,24.0,128.0,0.0,0.0,0.795,70.0,0.3858566284179687,97c1970ffa98d8438153204729510a1d07b51e937ad46f9129b297812e215df5,,
gaussian,iid,W,1.0,7.0,24.0,128.0,0.0,0.0,0.795,71.0,0.5623321533203125,17903a33cca7dd9b72981879ab679c0514eb55a7d31f1428c84d35cc85c70d9b,,
gaussian,iid,W,1.0,7.0,24.0,128.0,0.0,0.0,0.795,72.0,0.3150482177734375,0c7904e74f45dd35ddee2103fb9d455e5b99154e8b57058c0d28975399b48161,,
gaussian,iid,W,1.0,7.0,24.0,128.0,0.0,0.0,0.795,73.0,0.1938578287760416,e785bc880454f8c8bf06bb02f3bc43d9e1661f9015cc1f8c480b46a487f38eed,,
gaussian,iid,W,1.0,7.0,24.0,128.0,0.0,0.0,0.795,74.0,0.1988169352213541,d6f4a9e305652c3572882ec9ad0786338d48b1f4e06fdf58ef29b08115e7d2f3,,
gaussian,iid,W,1.0,7.0,24.0,128.0,0.0,0.0,0.795,75.0,0.3671137491861979,701fbd1872b548a24996ac4428b4729255364bf373993d49ede7e282c70d8755,,
gaussian,iid,W,1.0,7.0,24.0,128.0,0.0,0.0,0.795,76.0,0.2666091918945312,3a24fedb08d4cc6e4e8b2cc69a58fdd06ed3116ef1df9e85b125594e1facc68a,,
gaussian,iid,W,1.0,7.0,24.0,128.0,0.0,0.0,0.795,77.0,0.4159469604492187,04fbf63950e8813434bee0efe4bb420b530d80e727cac2f207fe129e7f29882a,,
gaussian,iid,W,1.0,7.0,24.0,128.0,0.0,0.0,0.795,78.0,0.5111668904622396,63f1e8cb14284a94284999f967e3d652d9f02c0f2a3f38d52b92526bef68c6c2,,
gaussian,iid,W,1.0,7.0,24.0,128.0,0.0,0.0,0.795,79.0,0.2146504720052083,a820c47d29ebdf9aa56a71f0e10e30f7fc3fc910475c7011b80d93f3e96150b0,,
gaussian,iid,W,1.0,7.0,24.0,128.0,0.0,0.0,0.795,80.0,0.2593129475911458,3d40514bc2985000da2ab3e2d80f71820af7efb39906fa6777eba80e40a7256a,,
gaussian,iid,W,1.0,7.0,24.0,128.0,0.0,0.0,0.795,81.0,0.3870519002278645,3f987a668791996b5c9bb2d9b817ec45d5f29c4b2f391e6005dc3df7647e952b,,
gaussian,iid,W,1.0,7.0,24.0,128.0,0.0,0.0,0.795,82.0,0.2207717895507812,43f47811f2f0a5babf39d6b8f56791ab5c234ed04639f93d9d3a9619520c91a6,,
gaussian,iid,W,1.0,7.0,24.0,128.0,0.0,0.0,0.795,83.0,0.2454630533854166,c452987086862ed3fa432f751ccb95ba198730d5d5cf87023a9a9f202aabfa3c,,
gaussian,iid,W,1.0,7.0,24.0,128.0,0.0,0.0,0.795,84.0,0.1735865275065104,dade055a10b01f93477d946acb02b32d0cd90eb6537cfdea9c9a0654995ec63c,,
gaussian,iid,W,1.0,7.0,24.0,128.0,0.0,0.0,0.795,85.0,0.2881927490234375,609dda7ccc305020d439ec1768d94ddde743eab57572e31419ca2f25f4a3e570,,
gaussian,iid,W,1.0,7.0,24.0,128.0,0.0,0.0,0.795,86.0,0.2836151123046875,6c2c02336547f35aa76c25a53bc479d43c196a18c95f12650721cfe108c05a4f,,
gaussian,iid,W,1.0,7.0,24.0,128.0,0.0,0.0,0.795,87.0,0.1533864339192708,43d98e7950430d640924902382d158ae590b4dcb17cd3ec1762808096874a0e8,,
gaussian,iid,W,1.0,7.0,24.0,128.0,0.0,0.0,0.795,88.0,0.1980819702148437,6d950ae75febfed3e091af76a7e8d0b74bed6f6d4cc2addd5fca976d2a6ac438,,
gaussian,iid,W,1.0,7.0,24.0,128.0,0.0,0.0,0.795,89.0,0.3043263753255208,7d625f6fc2f08757c8bbdb68c6840dbd167787f6291b019c2c9403d79c38a7b5,,
gaussian,iid,W,1.0,7.0,24.0,128.0,0.0,0.0,0.795,90.0,0.1673405965169271,a8edaf52b9e47fd5dc0ddccf84bed473c5b3223cd6190b45fb46a0b3dc8c75d7,,
gaussian,iid,W,1.0,7.0,24.0,128.0,0.0,0.0,0.795,91.0,0.407562255859375,a68ccbac8dcf3b3d078ec5a2c2bedad25ce3a894e2f2e3c453915943f98f1ddd,,
gaussian,iid,W,1.0,7.0,24.0,128.0,0.0,0.0,0.795,92.0,0.1918538411458333,6a69986c13568d9bc80b22ce1645d0b1c8d597172177262d92dcce2ce143c3e9,,
gaussian,iid,W,1.0,7.0,24.0,128.0,0.0,0.0,0.795,93.0,0.6070226033528646,de1ee9be12af053b22fd156fb68c55dd663eb415daca172e5d17b616ec4e4241,,
gaussian,iid,W,1.0,7.0,24.0,128.0,0.0,0.0,0.795,94.0,0.3302383422851562,e0321db0f989fe8f23851f55f418e57522aea423e554835e0858910d171f956e,,
gaussian,iid,W,1.0,7.0,24.0,128.0,0.0,0.0,0.795,95.0,0.2364374796549479,d4513174a23772876e15dade5449de50e3555316a780b93c13e9a4c3e519a17d,,
gaussian,iid,W,1.0,7.0,24.0,128.0,0.0,0.0,0.7975,0.0,0.2765553792317708,395ceb965bb84a9dadd1d9728558d10c5d63dfdfbfc5b64801dcecafaaba4af0,,
gaussian,iid,W,1.0,7.0,24.0,128.0,0.0,0.0,0.7975,1.0,0.2582956949869792,a362dc4bc6ca10b867018cfc38a028bb9fe65412f6819b10f98875c4936d46a3,,
gaussian,iid,W,1.0,7.0,24.0,128.0,0.0,0.0,0.7975,2.0,0.2697168986002604,a16d4cea61aa9b849986dae0611fc168d011614a76a79a9cd2497fd7a6de8071,,
gaussian,iid,W,1.0,7.0,24.0,128.0,0.0,0.0,0.7975,3.0,0.1662775675455729,6b7ae1e49347590bbe30cb9648319abb93f5fef1eed9f75b243263910d78d363,,
gaussian,iid,W,1.0,7.0,24.0,128.0,0.0,0.0,0.7975,4.0,0.4209518432617187,b491e5e3d55334248155473b8185f51a24a648b65a212721bd38801f073cfc0a,,
gaussian,iid,W,1.0,7.0,24.0,128.0,0.0,0.0,0.7975,5.0,0.4511184692382812,e352c508d97f65adfccfb91311b7ddffae12487c8ba9316bf99b3a5d4a877f48,,
gaussian,iid,W,1.0,7.0,24.0,128.0,0.0,0.0,0.7975,6.0,0.2584126790364583,e79c625b3b4051679975decf5f799d0d794e565f2df75b4983f45ae3fc653d2a,,
gaussian,iid,W,1.0,7.0,24.0,128.0,0.0,0.0,0.7975,7.0,0.3029657999674479,90b78bf1ba7df556c86a06e4d02eef0ce910ce79506d05590d7f725c1e0158ce,,
gaussian,iid,W,1.0,7.0,24.0,128.0,0.0,0.0,0.7975,8.0,0.388623555501302,94bb017d38d291d38aa7085e68773f2c67102f9b4ed5829dc7c4c17d0b8ed0e1,,
gaussian,iid,W,1.0,7.0,24.0,128.0,0.0,0.0,0.7975,9.0,0.3084309895833333,38a56a54a3f5eb5808c138bb8e80ac9f5ac71f64430a885d2c9d8aeef3568883,,
gaussian,iid,W,1.0,7.0,24.0,128.0,0.0,0.0,0.7975,10.0,0.3570531209309895,eef48a11cbc88737b829fb8ba0f609b5c006d276e14a1bfbcf6544e6e0a70f6c,,
gaussian,iid,W,1.0,7.0,24.0,128.0,0.0,0.0,0.7975,11.0,0.8247604370117188,4166a4704850343624e6b63f6b494f3df1c5fc0928e48b6e14abb805a7d1b70c,,
gaussian,iid,W,1.0,7.0,24.0,128.0,0.0,0.0,0.7975,12.0,0.5616607666015625,00a752c2fe979b66a45414de59935e151441309c7b3bb1e567325b87de1fcc9b,,
gaussian,iid,W,1.0,7.0,24.0,128.0,0.0,0.0,0.7975,13.0,0.7869110107421875,6ba035ad419b5b598edfbc86a59593721e4c0c099fc81decc0245479e2f145c0,,
gaussian,iid,W,1.0,7.0,24.0,128.0,0.0,0.0,0.7975,14.0,0.4357020060221354,a4fa9260eb2d07e056e8a505b67a48e26e63aa6c58cd48825d6589d95f5180e9,,
gaussian,iid,W,1.0,7.0,24.0,128.0,0.0,0.0,0.7975,15.0,0.2920608520507812,f2f123d389f282b49328825efa661cfc3482f03c587cd2d05b2435db2efd9fba,,
gaussian,iid,W,1.0,7.0,24.0,128.0,0.0,0.0,0.7975,16.0,0.2803395589192708,73843052699d37f2f6cd838243136005325d8393ac06de0239ab6ccc8331b34c,,
gaussian,iid,W,1.0,7.0,24.0,128.0,0.0,0.0,0.7975,17.0,0.2824910481770833,4d71d3d8c768fa0009894ec719aa3973899dbc75ac2e03e5f98d1d7e80c91c5d,,
gaussian,iid,W,1.0,7.0,24.0,128.0,0.0,0.0,0.7975,18.0,0.280896504720052,f24debd4d3b4351ab185caeb003f88bf4dbcea86b3f44a81b6cd435cb181ae86,,
gaussian,iid,W,1.0,7.0,24.0,128.0,0.0,0.0,0.7975,19.0,0.633453369140625,53439d09b9fc3d613bd39c7a2b5a2e740403f4e318fbdee530a629227fe4011e,,
gaussian,iid,W,1.0,7.0,24.0,128.0,0.0,0.0,0.7975,20.0,0.1440226236979166,e0e78a344a8657f3875cc8501435732834b4507f7a2e0233a25a2e4d8e9f5b0e,,
gaussian,iid,W,1.0,7.0,24.0,128.0,0.0,0.0,0.7975,21.0,0.4423700968424479,509d2c67fda83750b75f7c68c503e410e2b57085253946a900b4330d5a43c1cf,,
gaussian,iid,W,1.0,7.0,24.0,128.0,0.0,0.0,0.7975,22.0,0.5703150431315104,a2a751b79538c8faaebb9fc5104565d835e99d556147b40088bd9eee24cf2457,,
gaussian,iid,W,1.0,7.0,24.0,128.0,0.0,0.0,0.7975,23.0,0.1514307657877604,fd669119333eb470de78191e716810699d35212c85b250f22b7991e8bac2f9d9,,
gaussian,iid,W,1.0,7.0,24.0,128.0,0.0,0.0,0.7975,24.0,0.53204345703125,c62027f978286925584e7e46c33790f9bc3f8688b688ec476aff92ff9a604855,,
gaussian,iid,W,1.0,7.0,24.0,128.0,0.0,0.0,0.7975,25.0,0.5256093343098959,aa17327ac213acb092223cd0d19360d74f5f048b11b05eeae083d053bc6df258,,
gaussian,iid,W,1.0,7.0,24.0,128.0,0.0,0.0,0.7975,26.0,0.328033447265625,cf40b0214fb4389941915cd3cebb11ef78fba2aa2324000a458e3fa9ad021515,,
gaussian,iid,W,1.0,7.0,24.0,128.0,0.0,0.0,0.7975,27.0,0.2772674560546875,ea752db7710217b6c39bb2339092dd23fa9299e3632e2d0ba4f6046a0e43614a,,
gaussian,iid,W,1.0,7.0,24.0,128.0,0.0,0.0,0.7975,28.0,0.2130177815755208,a7bffcd2209a968c2b888974803bfbcc7491511a8c0865b613f3c27803e155d5,,
gaussian,iid,W,1.0,7.0,24.0,128.0,0.0,0.0,0.7975,29.0,0.3204269409179687,b04a27386cce7134daa47f07479d2b360d21f114f8bbf651f8af79afe652f98f,,
gaussian,iid,W,1.0,7.0,24.0,128.0,0.0,0.0,0.7975,30.0,0.4340591430664062,691a67f8e6070e7916a6d762baae549f70bf2455fd393f4fb1ce4c9096367c27,,
gaussian,iid,W,1.0,7.0,24.0,128.0,0.0,0.0,0.7975,31.0,0.3746185302734375,b9466352d62f54b3621acce0027d9ccb978638a9cef19e539909248b0477db4b,,
gaussian,iid,W,1.0,7.0,24.0,128.0,0.0,0.0,0.7975,32.0,0.3678538004557292,d34e371e84aa30e6cff75344070acf8d9c04e4bc1269c4cec523bb08c4dade49,,
gaussian,iid,W,1.0,7.0,24.0,128.0,0.0,0.0,0.7975,33.0,0.387006123860677,180339b9e958207e2ec960bdecf902ce40e8df82a0d1b463c6a6ff3eef649097,,
gaussian,iid,W,1.0,7.0,24.0,128.0,0.0,0.0,0.7975,34.0,0.3131510416666667,10f372d4f69b780e682f9b7c0ffda18e212010672a1f1c6c9908b66d09748fd1,,
gaussian,iid,W,1.0,7.0,24.0,128.0,0.0,0.0,0.7975,35.0,0.6099904378255209,11231dd22252c2f465a6c008975b52dbb1da7c43b0a510ef5c4ed7559c3c8212,,
gaussian,iid,W,1.0,7.0,24.0,128.0,0.0,0.0,0.7975,36.0,0.2741928100585937,0fe06c3a0bdb9073ee08b40796388ef4326884bda0917fb6cbafccf85ad151eb,,
gaussian,iid,W,1.0,7.0,24.0,128.0,0.0,0.0,0.7975,37.0,0.3647054036458333,5238d74219de13736563adffc3efa5c377bfd7392d387d003f15ff1204d7daa4,,
gaussian,iid,W,1.0,7.0,24.0,128.0,0.0,0.0,0.7975,38.0,0.4342905680338542,0a76d7255a4a0f20c08bb171400e00bfd149f56e11d2b69a1d89d4c69c6b8c52,,
gaussian,iid,W,1.0,7.0,24.0,128.0,0.0,0.0,0.7975,39.0,0.235992431640625,d1993687181f39c6716c81ca7df74658dc6e01b1c96e6e7298bf26ce8ab759c0,,
gaussian,iid,W,1.0,7.0,24.0,128.0,0.0,0.0,0.7975,40.0,0.3788833618164062,17823cdd60ce1d9f4caa1e9f68d9bfd6c56da142d2215be6bd4ef4c568280de2,,
gaussian,iid,W,1.0,7.0,24.0,128.0,0.0,0.0,0.7975,41.0,0.5245208740234375,2512adbb4c3a1dea5cb7f485e365300faba995b0641d41b8433fae2954e65a23,,
gaussian,iid,W,1.0,7.0,24.0,128.0,0.0,0.0,0.7975,42.0,0.1543172200520833,885e7f9af658af47cf9477898e2ce19df28d2b63d4f9aeea9433748340b54003,,
gaussian,iid,W,1.0,7.0,24.0,128.0,0.0,0.0,0.7975,43.0,0.3300730387369792,24ceb211799d87b94ddb6e7a1db16855892385d14b64b2da8b6862a400361f6f,,
gaussian,iid,W,1.0,7.0,24.0,128.0,0.0,0.0,0.7975,44.0,0.4402821858723958,e64e13ae19084c9978f2e94a2adf7d9c73835e66a0911f982ac1841776af9075,,
gaussian,iid,W,1.0,7.0,24.0,128.0,0.0,0.0,0.7975,45.0,0.2794672648111979,905febb0425ec0da7a7c002f36480b68eb73961fa4e473d34a9267a038435cc4,,
gaussian,iid,W,1.0,7.0,24.0,128.0,0.0,0.0,0.7975,46.0,0.1634165445963541,d7416b2e0d5791f2058c2f75d43a8025d55fc5b82fff9ac07be0f76b942b227e,,
gaussian,iid,W,1.0,7.0,24.0,128.0,0.0,0.0,0.7975,47.0,0.5737508138020834,09f353f4043139954c99aa8070cd3c323de2cf1012d1bddb44924fca6e1cf0da,,
gaussian,iid,W,1.0,7.0,24.0,128.0,0.0,0.0,0.7975,48.0,0.1925837198893229,d067768febd47ace658711614abefbd6cc4ff708e7f03fadc48bf8cd07a69965,,
gaussian,iid,W,1.0,7.0,24.0,128.0,0.0,0.0,0.7975,49.0,0.2904078165690104,57db0889c7a87064394a60c3bbff5b8a99e4171a6c3ae103b490154980b0ee48,,
gaussian,iid,W,1.0,7.0,24.0,128.0,0.0,0.0,0.7975,50.0,0.6763356526692709,4a5cffdaa90a3a423c3a170502aef26d6a8a2bed5aafcd442190a49302a5c544,,
gaussian,iid,W,1.0,7.0,24.0,128.0,0.0,0.0,0.7975,51.0,0.3138402303059895,9a00f83dfac910121a8115844acb996a665c561bd1bd44c914aef869ee4a3d00,,
gaussian,iid,W,1.0,7.0,24.0,128.0,0.0,0.0,0.7975,52.0,0.5879999796549479,d4fc5671806c7754699d2f00a64b967f5ce175905894878cb3a109459e61b2a0,,
gaussian,iid,W,1.0,7.0,24.0,128.0,0.0,0.0,0.7975,53.0,0.6583429972330729,0256c11725d0128f8727fd060e491bf3dc2c2e8930dbcc4d70c88ff65892f0b6,,
gaussian,iid,W,1.0,7.0,24.0,128.0,0.0,0.0,0.7975,54.0,0.2477620442708333,e992fd4a6655078f6355562f1eb13d976bb8f8cad3cfabf5f7d65d47a57bd8d5,,
gaussian,iid,W,1.0,7.0,24.0,128.0,0.0,0.0,0.7975,55.0,0.6106287638346354,e4bfc42250b1ba9a3ccd8e3840a85a952117186b39073d25809ed5e056e7afda,,
gaussian,iid,W,1.0,7.0,24.0,128.0,0.0,0.0,0.7975,56.0,0.277130126953125,772cb46dcbd123ee0b8b1f8ff66b70c84d2bc549cc5bad20ca7b79065a14c243,,
gaussian,iid,W,1.0,7.0,24.0,128.0,0.0,0.0,0.7975,57.0,0.7441355387369791,20d53961901d682219f09b18c4f0c63cb855b7331408ca594ca81a275e670df2,,
gaussian,iid,W,1.0,7.0,24.0,128.0,0.0,0.0,0.7975,58.0,0.4217732747395833,3b87c455ac850537d7c5f0c24f07a7c3759023793f9bbb3ac8565db30211dc37,,
gaussian,iid,W,1.0,7.0,24.0,128.0,0.0,0.0,0.7975,59.0,0.3216196695963542,cba0e83117c16ab2730247f2df7fa775d9c519c6a3a1a8c54d7b182edcf52095,,
gaussian,iid,W,1.0,7.0,24.0,128.0,0.0,0.0,0.7975,60.0,0.3089472452799479,82a8d23110146ee870a08cf053f7466597ce9183fdd221ad15bab4b6a4751de6,,
gaussian,iid,W,1.0,7.0,24.0,128.0,0.0,0.0,0.7975,61.0,0.1992594401041666,535eb9ecb2c9f016c201a47bd37c8fdc36f9401eb18477a668af0c342ce7427d,,
gaussian,iid,W,1.0,7.0,24.0,128.0,0.0,0.0,0.7975,62.0,0.1611989339192708,ad8c29b647e91217a855e656c5f836920b6631fe01ddc9af91ac61037f9f8730,,
gaussian,iid,W,1.0,7.0,24.0,128.0,0.0,0.0,0.7975,63.0,0.3595352172851562,46eac87797e72083e896af8bdb55a872075c86f6137ad508ec0ef3f7866f7519,,
gaussian,iid,W,1.0,7.0,24.0,128.0,0.0,0.0,0.7975,64.0,0.289197285970052,64aad0c4c43f492244c01fef9dc2d792df484712206f1fe325d8f84d5464378b,,
gaussian,iid,W,1.0,7.0,24.0,128.0,0.0,0.0,0.7975,65.0,0.5751927693684896,07cc0319f762bb0957c52b417ed6f0af7641d8dff404af20e42efb9324c0dd05,,
gaussian,iid,W,1.0,7.0,24.0,128.0,0.0,0.0,0.7975,66.0,0.3859176635742187,776cbdabca9c39520ce90b4da8d3ad69287a134aaf9844ad898de573b5663f1b,,
gaussian,iid,W,1.0,7.0,24.0,128.0,0.0,0.0,0.7975,67.0,0.3857218424479167,beff60d706d34cca1f847e26b6fbaaa865a6f8a6841d79b015a32c5ae212ae31,,
gaussian,iid,W,1.0,7.0,24.0,128.0,0.0,0.0,0.7975,68.0,0.1962509155273437,de4f8009e356922d8733adb515b37b60f366f38b7aed89eae8505699a49f959e,,
gaussian,iid,W,1.0,7.0,24.0,128.0,0.0,0.0,0.7975,69.0,0.3698221842447917,9688b489ea882fb7697923bfcf301107ac47e517c498ffc5110cd64641bacb1b,,
gaussian,iid,W,1.0,7.0,24.0,128.0,0.0,0.0,0.7975,70.0,0.3875579833984375,305bea78b40ab787174d7cfdc8553cbe085ada7f3661a898dd4cc1b7ec226e9c,,
gaussian,iid,W,1.0,7.0,24.0,128.0,0.0,0.0,0.7975,71.0,0.2786432902018229,cf9b1e55b92009b11aa1127209e4441b1bf39c913f6a4f804e440302d56e6d5c,,
gaussian,iid,W,1.0,7.0,24.0,128.0,0.0,0.0,0.7975,72.0,0.315533955891927,3ed27d47be3ba6073efc3a44b258ab92f38885f0d4a636f2c5f3d8d61cc96913,,
gaussian,iid,W,1.0,7.0,24.0,128.0,0.0,0.0,0.7975,73.0,0.6651255289713541,f4181683508ae5eafb918dad91d4f47d875982ecfaaec347351a514ef6c3bcab,,
gaussian,iid,W,1.0,7.0,24.0,128.0,0.0,0.0,0.7975,74.0,0.4258982340494792,6a9088be0eab41757ba712c2ec690bc6d8b1a0231b147bb4d9cf53e084f7b786,,
gaussian,iid,W,1.0,7.0,24.0,128.0,0.0,0.0,0.7975,75.0,0.3713048299153645,2e4ef97d822129f3b4880e08c41c122e9bceb04eae4612bbd2809c365b29f04b,,
gaussian,iid,W,1.0,7.0,24.0,128.0,0.0,0.0,0.7975,76.0,0.3475341796875,1862150aec9fd5dfb62fa3e7ce75050a2018dbcb74129c0297f338e25280f808,,
gaussian,iid,W,1.0,7.0,24.0,128.0,0.0,0.0,0.7975,77.0,0.4254252115885417,967f2769d1f014095a9d9dc917c1daddae2e9f62d214f3327a6702a94d3fe74f,,
gaussian,iid,W,1.0,7.0,24.0,128.0,0.0,0.0,0.7975,78.0,0.5122629801432291,39d0a3bc457a6ddcb0bcefa38f8ac25cbac1a9a327e4e7707f64a7561867d2c1,,
gaussian,iid,W,1.0,7.0,24.0,128.0,0.0,0.0,0.7975,79.0,0.3489049275716145,3333ffc6c445c8d6ce1b59cb45b2722c0ee6f4b853d7f6f870fa1e76ca62321f,,
gaussian,iid,W,1.0,7.0,24.0,128.0,0.0,0.0,0.7975,80.0,0.2595850626627604,6e3b4d8a5dffd37d86e97f46710828f29cd73668884a19c35b8d26b82e4892d2,,
gaussian,iid,W,1.0,7.0,24.0,128.0,0.0,0.0,0.7975,81.0,0.3896509806315104,6271cc38fbff80ce00b55c50cb8484d8dd5d4b50e2a5d664400af72c28467072,,
gaussian,iid,W,1.0,7.0,24.0,128.0,0.0,0.0,0.7975,82.0,0.2520802815755208,2800806bead17704737dbd9bd91fdba4e9da2b52f36bae1c35c3af1bd817f893,,
gaussian,iid,W,1.0,7.0,24.0,128.0,0.0,0.0,0.7975,83.0,0.2884063720703125,989fc485bb91824e4c0ae037ed20bd9a0a7f1305d00a895f93e87d6a172cb2fe,,
gaussian,iid,W,1.0,7.0,24.0,128.0,0.0,0.0,0.7975,84.0,0.4997736612955729,2aba5b1ea4b7cc208404c3636eb6793a02f438beeacede6aa3ac64f9fbb0a1f6,,
gaussian,iid,W,1.0,7.0,24.0,128.0,0.0,0.0,0.7975,85.0,0.3685404459635417,abca65673df40077ab65562c92a87ee94f626ab0b91e04054bd553012cddcfc6,,
gaussian,iid,W,1.0,7.0,24.0,128.0,0.0,0.0,0.7975,86.0,0.5520909627278646,3ae6c7dd96aeb759dd206d3fc80b71a44511f7fd9474da1b83679d2aaee57c69,,
gaussian,iid,W,1.0,7.0,24.0,128.0,0.0,0.0,0.7975,87.0,0.1536839803059896,418238843a9cda66d58f8bb8572d17dcf47e1d8d890c9da92850d7ee86aec94f,,
gaussian,iid,W,1.0,7.0,24.0,128.0,0.0,0.0,0.7975,88.0,0.2003199259440104,b0bb9f522bda96a8f2171f47889a4affd50dfd416b1b99b8542e9d7208f87b3a,,
gaussian,iid,W,1.0,7.0,24.0,128.0,0.0,0.0,0.7975,89.0,0.3105036417643229,150bd35e631ae99447dc4d07115aaa2c4b779db30e6f27519a491964c288433b,,
gaussian,iid,W,1.0,7.0,24.0,128.0,0.0,0.0,0.7975,90.0,0.4172770182291667,bd49e3dfb8677247ab3d6b46d77318a25ec2e6cca1b4471180698795db0b0a7c,,
gaussian,iid,W,1.0,7.0,24.0,128.0,0.0,0.0,0.7975,91.0,0.2348403930664062,72e90992221887602af0aae92aef4494a42ae4b226265c24cf77ca52fb75b466,,
gaussian,iid,W,1.0,7.0,24.0,128.0,0.0,0.0,0.7975,92.0,0.3255386352539062,8186ec70d3e9cfdf15286b3513e5b12757790127ac90fd613bf747d59cee9930,,
gaussian,iid,W,1.0,7.0,24.0,128.0,0.0,0.0,0.7975,93.0,0.6071904500325521,6f25b296b588127412bcd1cb392001a1f2ad5f0d1d83b56b4c581a20da2a8b07,,
gaussian,iid,W,1.0,7.0,24.0,128.0,0.0,0.0,0.7975,94.0,0.46099853515625,5c05609386e2b4501ca529c9e4445fa0d2d6e72838acaa63e0188cb8bc3358d2,,
gaussian,iid,W,1.0,7.0,24.0,128.0,0.0,0.0,0.7975,95.0,0.2377421061197916,d94ccf5d11baf57a6f366a0a949613b1f13bed02e27ca271b3b709949afdeabe,,
gaussian,iid,W,1.0,7.0,24.0,128.0,0.0,0.0,0.8,0.0,0.5355148315429688,719b675b7b2b31f2c58d9ebe796d55d1b5f44e56bf57d962275c5e7399613e0a,,
gaussian,iid,W,1.0,7.0,24.0,128.0,0.0,0.0,0.8,1.0,0.2586415608723958,4d3bda900026b2467a23a751d8f5ef90f49935e0e66e4f14b1e3722c20691db7,,
gaussian,iid,W,1.0,7.0,24.0,128.0,0.0,0.0,0.8,2.0,0.3059844970703125,61ae7bf1a97614ead2454371fd56b8563dc458a630ea13534ac244e89c592f6e,,
gaussian,iid,W,1.0,7.0,24.0,128.0,0.0,0.0,0.8,3.0,0.1664861043294271,f42a27e994c7a0a761d35ca1512022340aac932531be385fb4221ef954ccd34d,,
gaussian,iid,W,1.0,7.0,24.0,128.0,0.0,0.0,0.8,4.0,0.4219258626302083,17aa185709e12c3b0f224037b0a082b9f764ad9675c2115a532cd25ed78b86a1,,
gaussian,iid,W,1.0,7.0,24.0,128.0,0.0,0.0,0.8,5.0,0.4528096516927083,e3a3663d18b8500f1309e3e5e8894c5dc8fce4261e16416212f374c67ff6c246,,
gaussian,iid,W,1.0,7.0,24.0,128.0,0.0,0.0,0.8,6.0,0.3640289306640625,b75a4457b2796a47ac87856871becf6302e1b4557303163b3efa243de25680e0,,
gaussian,iid,W,1.0,7.0,24.0,128.0,0.0,0.0,0.8,7.0,0.32666015625,ca2622555d2ac6788f1c9249d64fef19af991da95c250fab25fa940f79a579d8,,
gaussian,iid,W,1.0,7.0,24.0,128.0,0.0,0.0,0.8,8.0,0.6989288330078125,335e4f7b04354b36a04a40c34df5a45b26933532dec6bd213302db654731ca34,,
gaussian,iid,W,1.0,7.0,24.0,128.0,0.0,0.0,0.8,9.0,0.261975606282552,8baf8db55f4c3acfecfe05496dddf48dacac196b7bf164974b1d996297cb6c84,,
gaussian,iid,W,1.0,7.0,24.0,128.0,0.0,0.0,0.8,10.0,0.451520284016927,aa470db227c164cc2e8419853b05848fd8553918247e237cb1160969656d49c5,,
gaussian,iid,W,1.0,7.0,24.0,128.0,0.0,0.0,0.8,11.0,0.9890416463216146,163088283be86a4b4f1d31791f1ceb647c7b8afdda02ae68360d5d2171ae6d6d,,
gaussian,iid,W,1.0,7.0,24.0,128.0,0.0,0.0,0.8,12.0,0.5618871053059896,4e6301523bba10b7d40ce030369cb23565cb6538d429b0c2f0584b4a76c08d81,,
gaussian,iid,W,1.0,7.0,24.0,128.0,0.0,0.0,0.8,13.0,0.9088236490885416,e940cac7afad135f65e236cfc77ae147180e558ab8accbb1b5ef32ac322c317b,,
gaussian,iid,W,1.0,7.0,24.0,128.0,0.0,0.0,0.8,14.0,0.4386240641276042,942c58a2986a68f734e2d4730d0375a4dfe12df3496566ecc073fd0fd41cc0a6,,
gaussian,iid,W,1.0,7.0,24.0,128.0,0.0,0.0,0.8,15.0,0.4211502075195312,0280a515025bcc95c41ef7aaa5ae0dd1270c0cd0551b0dd2b0c3245c1135f9ec,,
gaussian,iid,W,1.0,7.0,24.0,128.0,0.0,0.0,0.8,16.0,0.2808303833007812,8a147ff884db94363496a08d0c9d773fc43a03daf6c7c929868aa25cbf04bf25,,
gaussian,iid,W,1.0,7.0,24.0,128.0,0.0,0.0,0.8,17.0,0.5030263264973959,1bea56fa590710c6cd6e4b9cd21490c4751cf6d8dfb443572f8f836d245a915f,,
gaussian,iid,W,1.0,7.0,24.0,128.0,0.0,0.0,0.8,18.0,0.2800521850585937,7c01a48b48892cdb30ea93293f3bb204700eede63101764d167e75c948d8761d,,
gaussian,iid,W,1.0,7.0,24.0,128.0,0.0,0.0,0.8,19.0,0.670257568359375,2848a06f65dcf2279945c04129b4d44673760cd1bf1b1115422b3a0581f9683a,,
gaussian,iid,W,1.0,7.0,24.0,128.0,0.0,0.0,0.8,20.0,0.2376174926757812,e16acfb92be83e5aa2247093ee429d58c1904d28169d23c3d28b1b4180821b35,,
gaussian,iid,W,1.0,7.0,24.0,128.0,0.0,0.0,0.8,21.0,0.4567769368489583,eb1a85b13db291455f01a69a256047fe1e015a894361678b335fbbee185ef737,,
gaussian,iid,W,1.0,7.0,24.0,128.0,0.0,0.0,0.8,22.0,0.6479110717773438,8096e444ace2b7ca96ad3f05b551dfdb2e29450fb6b50d48fecfcf66453624d6,,
gaussian,iid,W,1.0,7.0,24.0,128.0,0.0,0.0,0.8,23.0,0.2364120483398437,4b33eec74dfbabc8f7a2bcdd549a13fb208201d0eaa5f6c4399396275f55a14e,,
gaussian,iid,W,1.0,7.0,24.0,128.0,0.0,0.0,0.8,24.0,0.5331166585286459,ce6c3393be608c5824718398121c3663e3662a9b628d90b24f30f01696fa9a21,,
gaussian,iid,W,1.0,7.0,24.0,128.0,0.0,0.0,0.8,25.0,0.5260721842447916,6853bb1a064fb306807695bff980629490a60c308c6250efe2a7663b0396e26e,,
gaussian,iid,W,1.0,7.0,24.0,128.0,0.0,0.0,0.8,26.0,0.3333689371744792,1e7426bb71f1143a3da520b90dc89bc23a698821f3a8d79018b36356b68390f7,,
gaussian,iid,W,1.0,7.0,24.0,128.0,0.0,0.0,0.8,27.0,0.2775675455729167,0f8fc03288cfb36d386797009fccc555026c5b905d1225e782128381c87eabbc,,
gaussian,iid,W,1.0,7.0,24.0,128.0,0.0,0.0,0.8,28.0,0.3539148966471354,2ec46c986faa8fff6ce6d480a5ad6cec43bccc7172ef0779ed84bbc176b491e8,,
gaussian,iid,W,1.0,7.0,24.0,128.0,0.0,0.0,0.8,29.0,0.4168701171875,9469e191e75fec147af657bd272d2dfe3aaa438bbc96b058899d39808f545d2e,,
gaussian,iid,W,1.0,7.0,24.0,128.0,0.0,0.0,0.8,30.0,0.4368235270182292,0f2774cc6e43bf76dfa3723327cb472f707f7cb8b695e25e325e733eb4c05952,,
gaussian,iid,W,1.0,7.0,24.0,128.0,0.0,0.0,0.8,31.0,0.7053426106770834,8e667cf191d8d29df1bdeda9553cd76e165eab91e7e2bf395f702c3303581269,,
gaussian,iid,W,1.0,7.0,24.0,128.0,0.0,0.0,0.8,32.0,0.3677571614583333,c610e0502ed60e3a9f13c12986a11b188178dfc54648e657c3f3d86f683346cf,,
gaussian,iid,W,1.0,7.0,24.0,128.0,0.0,0.0,0.8,33.0,0.3870900472005208,7684a37f1ebf09aed37244ec7bfcacc02b5193e4b8834f122ae90daf7da308e8,,
gaussian,iid,W,1.0,7.0,24.0,128.0,0.0,0.0,0.8,34.0,0.3351771036783854,bce6142368f88872dcb5b4b653b811a73816dfbf855c1f12ceaa03d44e44298f,,
gaussian,iid,W,1.0,7.0,24.0,128.0,0.0,0.0,0.8,35.0,0.6124521891276041,54f92d35bed6b172c6ddbaee60df6d3c729d864525d76b9920ebaf4a71ddd879,,
gaussian,iid,W,1.0,7.0,24.0,128.0,0.0,0.0,0.8,36.0,0.2829844156901042,a93944b61e39b285b69ba2ad85a862e454df2e280389871bd4846d8973999644,,
gaussian,iid,W,1.0,7.0,24.0,128.0,0.0,0.0,0.8,37.0,0.3620961507161458,0d528bfaecbd738f38eb53ef3f1f423c0c7ae1af055586c25263c8e311fb3f07,,
gaussian,iid,W,1.0,7.0,24.0,128.0,0.0,0.0,0.8,38.0,0.760986328125,982e2705a7c628c04daef0c34a864f51c65408bf427d819d7c01e20f6cc23370,,
gaussian,iid,W,1.0,7.0,24.0,128.0,0.0,0.0,0.8,39.0,0.3565572102864583,6abc269ac828b7126e21b5bab5fef9d1ab1670d2f4879275769f511c6569c4cb,,
gaussian,iid,W,1.0,7.0,24.0,128.0,0.0,0.0,0.8,40.0,0.5155385335286459,2b55b2f9a8d6ccc7ccf71d6f2d6e67ddb9a4fbf6312c4224c480be739e9f6ba1,,
gaussian,iid,W,1.0,7.0,24.0,128.0,0.0,0.0,0.8,41.0,0.5273488362630209,84a9e0122c2ee5c8233378bd8b122eb146455df5e8787e9b93c5d6840f74af1a,,
gaussian,iid,W,1.0,7.0,24.0,128.0,0.0,0.0,0.8,42.0,0.1796061197916666,e5833304b5f32b90e0a64793913cc4396d18ed05d145c3e217c96e51d0015f41,,
gaussian,iid,W,1.0,7.0,24.0,128.0,0.0,0.0,0.8,43.0,0.3684565226236979,6f523ecea5afc2acf18007ff7d0f12b34e375d7f0e36efac75e617b0f245eb7d,,
gaussian,iid,W,1.0,7.0,24.0,128.0,0.0,0.0,0.8,44.0,0.4409840901692708,47928f4cba6352b125a92ea0d3003b5a9394473b6323a2ee1e089241e0f223be,,
gaussian,iid,W,1.0,7.0,24.0,128.0,0.0,0.0,0.8,45.0,0.5074386596679688,5b596387bef1ec95861a4e5dd8a61e303d8b092128f100709477dc70b4341e38,,
gaussian,iid,W,1.0,7.0,24.0,128.0,0.0,0.0,0.8,46.0,0.20013427734375,2cc513ae44ce9b12eedcd566a624b9b9b92ae4ea083d721d76b9b43d28e36035,,
gaussian,iid,W,1.0,7.0,24.0,128.0,0.0,0.0,0.8,47.0,0.5751012166341146,d59519e5a3f0d0eef8e7c89e336b3bf541c53c08fa5f6b6a4f708428db961fa7,,
gaussian,iid,W,1.0,7.0,24.0,128.0,0.0,0.0,0.8,48.0,0.258038838704427,5f60f222194c51b9bb2e84c19a28fe9559b57b0175870e9eec80bb28135719e7,,
gaussian,iid,W,1.0,7.0,24.0,128.0,0.0,0.0,0.8,49.0,0.677490234375,bcaed389f2b31f810deefd595645430e2cd2c4ce1c1e6348fcab29010280e821,,
gaussian,iid,W,1.0,7.0,24.0,128.0,0.0,0.0,0.8,50.0,0.7551320393880209,a0cae42e47d76bc0b44321985c91207fc710d7e50d7be3b1f84ee31c062a6756,,
gaussian,iid,W,1.0,7.0,24.0,128.0,0.0,0.0,0.8,51.0,0.3144124348958333,257d321ee25a38f516b5468f30925270eeb30b2fa67a34e7e53e69c562e9badd,,
gaussian,iid,W,1.0,7.0,24.0,128.0,0.0,0.0,0.8,52.0,0.5880584716796875,6ad3d7adc96995f96f84dcda129c1b1de73cc88eb532edc1b1085ed019b3640b,,
gaussian,iid,W,1.0,7.0,24.0,128.0,0.0,0.0,0.8,53.0,0.6569112141927084,e0f22441e775c5854dc44d756e70b0e4d5d2f9a76e5815a46e75a9ff5748fa2c,,
gaussian,iid,W,1.0,7.0,24.0,128.0,0.0,0.0,0.8,54.0,0.3449885050455729,a031b7890b47db1e3d2e24c90b9cd17bd08c28d4953959dd9ba185e6e7be95d7,,
gaussian,iid,W,1.0,7.0,24.0,128.0,0.0,0.0,0.8,55.0,0.7754033406575521,4236adf499b10d1de60f846be21c72c392769679c5b9c752d3e2697deb65eac0,,
gaussian,iid,W,1.0,7.0,24.0,128.0,0.0,0.0,0.8,56.0,0.5836257934570312,c5a151ab97e58fc1cdd40829a2fa6ce6bb415759b55a0f6c572a75291bb7563b,,
gaussian,iid,W,1.0,7.0,24.0,128.0,0.0,0.0,0.8,57.0,0.7527033487955729,efae5c711e5f359ac9ac58239084a201dc646203ada63f1c376c6f72c1bf5401,,
gaussian,iid,W,1.0,7.0,24.0,128.0,0.0,0.0,0.8,58.0,0.6422653198242188,25c311e285e93ffdeac753d1eae03445f5beabca64b886ba2aaeea226bb2ee75,,
gaussian,iid,W,1.0,7.0,24.0,128.0,0.0,0.0,0.8,59.0,0.9796574910481772,dedddf8193e37107a09e25beb8cdb63db5854e488b7789acd9aff0f98f85a295,,
gaussian,iid,W,1.0,7.0,24.0,128.0,0.0,0.0,0.8,60.0,0.5010325113932291,c25f2758359b1463305cb37d56735b3804dada366e74663a62f0faf9d41d776f,,
gaussian,iid,W,1.0,7.0,24.0,128.0,0.0,0.0,0.8,61.0,0.2510859171549479,2e995928915ae191fa2e396a4b461f686b237084f5802f462819b03de86d6029,,
gaussian,iid,W,1.0,7.0,24.0,128.0,0.0,0.0,0.8,62.0,0.2500178019205729,203b22edb8f3a4a6f60319459f3a28f449aca9669dd84e13e0cf1606f3f89126,,
gaussian,iid,W,1.0,7.0,24.0,128.0,0.0,0.0,0.8,63.0,0.4230728149414062,6101293c04bfee3c5e1a11e629d96728782f9171a7a0bea1ffd605ef5f23ebdf,,
gaussian,iid,W,1.0,7.0,24.0,128.0,0.0,0.0,0.8,64.0,0.2951532999674479,d691e852b1af78ecc7e37d03373ad7cedeee9b4a1fc85e0a6ae4fdef8ec31177,,
gaussian,iid,W,1.0,7.0,24.0,128.0,0.0,0.0,0.8,65.0,0.5763422648111979,401f730e7e0265b111520e5cb334d56dc51ab8240f9c20b2a1651950c11e2c25,,
gaussian,iid,W,1.0,7.0,24.0,128.0,0.0,0.0,0.8,66.0,0.3871536254882812,1f882f06c10ff92622b9625bcc16e2fa4a32c5a33c896cb2f7259f41ce654ecf,,
gaussian,iid,W,1.0,7.0,24.0,128.0,0.0,0.0,0.8,67.0,0.4285507202148437,3896c4f3b745eea80fda6b33c4742dcac7251528c293519eefb24b083ded8bc5,,
gaussian,iid,W,1.0,7.0,24.0,128.0,0.0,0.0,0.8,68.0,0.381146748860677,a543795fb7778af71a822c9a1c187bfc30937585e875edb186c4d3c8bba64702,,
gaussian,iid,W,1.0,7.0,24.0,128.0,0.0,0.0,0.8,69.0,0.4271519978841145,d6fe97dbae0bd47a65803edbeabd708d4e835de65001e53bd3c7528340a97bac,,
gaussian,iid,W,1.0,7.0,24.0,128.0,0.0,0.0,0.8,70.0,0.4042460123697917,79a59ff205f6069485c68ea69be3126681018388576f35d57d3bdc56b87bd12f,,
gaussian,iid,W,1.0,7.0,24.0,128.0,0.0,0.0,0.8,71.0,0.278778076171875,b8b73965b42bd766b4a7910bfaa857ace27782e585661b81f8863de8e1145024,,
gaussian,iid,W,1.0,7.0,24.0,128.0,0.0,0.0,0.8,72.0,0.3157246907552083,6fe5cbfad1cfd253d5cf57ee8c8e04a4a72fcb3077667b5baade5cb10e540900,,
gaussian,iid,W,1.0,7.0,24.0,128.0,0.0,0.0,0.8,73.0,0.6664505004882812,83d1d8794a6ce291a1121d652f5b343d77cc9bcce2a4b4b22752455a2fd1969b,,
gaussian,iid,W,1.0,7.0,24.0,128.0,0.0,0.0,0.8,74.0,0.7295379638671875,3693dcf526b51f2cfa6360d6a354f12ab9b807fae04da2dab9724603f97fd348,,
gaussian,iid,W,1.0,7.0,24.0,128.0,0.0,0.0,0.8,75.0,0.7482325236002604,f8e44aeb20b672366cc966b815d65e6d64b994e2cc354423eb71be07ddf62cfa,,
gaussian,iid,W,1.0,7.0,24.0,128.0,0.0,0.0,0.8,76.0,0.6035385131835938,84adec602f632302c537c321aa1591d63f79d855b55c15779be3bba99b518959,,
gaussian,iid,W,1.0,7.0,24.0,128.0,0.0,0.0,0.8,77.0,0.4622802734375,694dd9d0eda9b81a634693860b4aa29eca601089c09a2bc8ed2a7625957d9136,,
gaussian,iid,W,1.0,7.0,24.0,128.0,0.0,0.0,0.8,78.0,0.6913731892903646,b64bc9ef776c88bea019fd1dcb02917fe5939a16151f7b0d035fe4e05b040fb9,,
gaussian,iid,W,1.0,7.0,24.0,128.0,0.0,0.0,0.8,79.0,0.4320424397786458,7d01c79307a651777e7aac510d5c6312a87a98842060caeae71e57588ddf9887,,
gaussian,iid,W,1.0,7.0,24.0,128.0,0.0,0.0,0.8,80.0,0.2791366577148437,d7065cc26b9ec0edb6ba75d2f187ae461c8b05b7e77f304d8eaae866065e911b,,
gaussian,iid,W,1.0,7.0,24.0,128.0,0.0,0.0,0.8,81.0,0.3898417154947917,39c0ecfa4110541c97ab9946e7001a41ed4bc48c7b983ab776360fce8ce58267,,
gaussian,iid,W,1.0,7.0,24.0,128.0,0.0,0.0,0.8,82.0,0.2564875284830729,04e3bc051db98c6cab77da5f1c17811afdc2725e0028d04357623153926a893e,,
gaussian,iid,W,1.0,7.0,24.0,128.0,0.0,0.0,0.8,83.0,0.49078369140625,a1c6ed96800e635c380b662180105499943c7a2a0c07d132862190fc758f3bec,,
gaussian,iid,W,1.0,7.0,24.0,128.0,0.0,0.0,0.8,84.0,0.5601730346679688,ba0b37937f1834d910c802761e8444c283f76bdc44708a2c3a3aaae7aba83c53,,
gaussian,iid,W,1.0,7.0,24.0,128.0,0.0,0.0,0.8,85.0,0.5108388264973959,58d6f2c0dd0812037becfb727a560f63daaaa85186c3abd864f138b8f6d30a4c,,
gaussian,iid,W,1.0,7.0,24.0,128.0,0.0,0.0,0.8,86.0,0.5523707071940104,9aec6e446b9908057cbd7873b068425e5d57da9d988a3c97fe3a08f93b290245,,
gaussian,iid,W,1.0,7.0,24.0,128.0,0.0,0.0,0.8,87.0,0.2491658528645833,836f5c1d735455f723b3e85c0ab38ad52559269ca428de52c9a9ee24655da5e5,,
gaussian,iid,W,1.0,7.0,24.0,128.0,0.0,0.0,0.8,88.0,0.3859456380208333,feefad15862bf60c69ef37c35027e7fa48f0ed00004da8bc1c2e55c113a18ef9,,
gaussian,iid,W,1.0,7.0,24.0,128.0,0.0,0.0,0.8,89.0,0.5830713907877604,14c904e6136b8dcde268040df2e0ebd02cfded3f4b314c4d3133db2c9963a304,,
gaussian,iid,W,1.0,7.0,24.0,128.0,0.0,0.0,0.8,90.0,0.4171473185221354,845af92a890461fe132e1805ce9578185d3d3340ab060e5d3c99334c37d2ab42,,
gaussian,iid,W,1.0,7.0,24.0,128.0,0.0,0.0,0.8,91.0,0.3070297241210937,12dc005c313410fb80a00b3ea66a8f5171f870eb3718ba2df9b574e3c3a0feda,,
gaussian,iid,W,1.0,7.0,24.0,128.0,0.0,0.0,0.8,92.0,0.3387629191080729,6c5ed97393fec00c0fdb2f3ae04103dd61112e45a8a602e383c20c2cf5619342,,
gaussian,iid,W,1.0,7.0,24.0,128.0,0.0,0.0,0.8,93.0,0.6121953328450521,8d0ca1721e46a72871d56e28dfb4429e77cd40168afb094166cef723ddb18f1c,,
gaussian,iid,W,1.0,7.0,24.0,128.0,0.0,0.0,0.8,94.0,0.7529347737630209,b11d145f73fd7bca613749f115bf88d313af922b83bb120949cc5fee11bf73dd,,
gaussian,iid,W,1.0,7.0,24.0,128.0,0.0,0.0,0.8,95.0,0.3253657023111979,c7a2fd6dbc9934d1228fbc2f89a0d09b1f80ca08427213a4ff6f6e80cdee3af5,,
gaussian,iid,W,1.0,7.0,24.0,128.0,0.0,0.0,0.8025,0.0,0.5371551513671875,50eb2eb2a1661fa0244f5e04988b6499a3f68716f1a517a6cfedd8ede46aa608,,
gaussian,iid,W,1.0,7.0,24.0,128.0,0.0,0.0,0.8025,1.0,0.2608922322591145,fd8a2497644b9a3611c10c5b18f9746d2c304e1b28875218c98ed38959137d96,,
gaussian,iid,W,1.0,7.0,24.0,128.0,0.0,0.0,0.8025,2.0,0.4995447794596354,1f29ceed27b7777bcb3e0fe683545716fb8e8c13e7633a6ae77c668d876d6259,,
gaussian,iid,W,1.0,7.0,24.0,128.0,0.0,0.0,0.8025,3.0,0.1661529541015625,a5ba4d5f6ec9f31f3ed590a41a7bf838eb26d0b36b33e2efe60c69634ea7e4d9,,
gaussian,iid,W,1.0,7.0,24.0,128.0,0.0,0.0,0.8025,4.0,0.5970280965169271,5df39792e5f1e30cacd39816a7cd5b701583f5fe61729430be30a957a81ec55e,,
gaussian,iid,W,1.0,7.0,24.0,128.0,0.0,0.0,0.8025,5.0,0.4533564249674479,dba90010c8142d300c09fddcd183f444334ac6f338f54a306cc40ed2bff8ead5,,
gaussian,iid,W,1.0,7.0,24.0,128.0,0.0,0.0,0.8025,6.0,0.5056432088216146,437b711da2ebb19276c5cd434a9831cae749ec725661cb6b1c8f561c80a75b99,,
gaussian,iid,W,1.0,7.0,24.0,128.0,0.0,0.0,0.8025,7.0,0.4377797444661458,c60feb892f4bf4f84d03dccc7a70976f7e6403e37f4c0462a5920c0b2812fd52,,
gaussian,iid,W,1.0,7.0,24.0,128.0,0.0,0.0,0.8025,8.0,0.6990534464518229,8288cc83e138c544d942790e0f739575632d6e83dbe309ea7e001a7178899586,,
gaussian,iid,W,1.0,7.0,24.0,128.0,0.0,0.0,0.8025,9.0,0.264569600423177,305d121d9d92ffea35231f51fd88adbcc4ad5294c74cdf2e95cc5cf2d25c586e,,
gaussian,iid,W,1.0,7.0,24.0,128.0,0.0,0.0,0.8025,10.0,0.2923126220703125,3d151e7c707b2a16ed2dfa72f91d1a94b71db8ddba3026c9f57045d5a59ebae6,,
gaussian,iid,W,1.0,7.0,24.0,128.0,0.0,0.0,0.8025,11.0,0.9892527262369792,66743541cbf29324efb9cda98895651fef50ff05ca9955306acf8c23f629f2e6,,
gaussian,iid,W,1.0,7.0,24.0,128.0,0.0,0.0,0.8025,12.0,0.5784810384114584,e29883f73b6ed5de84aba06ddc27a483c4b8d0e278b2c296a7491e661bc9ba2e,,
gaussian,iid,W,1.0,7.0,24.0,128.0,0.0,0.0,0.8025,13.0,0.9089024861653646,39b9c4d6e589c9a635d97649a368e7b2d1b706cf96f3b442350b68e61009f92a,,
gaussian,iid,W,1.0,7.0,24.0,128.0,0.0,0.0,0.8025,14.0,0.4387690226236979,3dd5bf8689088eae898c8c74ae14cb110c3388449f9be677d26881f59f341270,,
gaussian,iid,W,1.0,7.0,24.0,128.0,0.0,0.0,0.8025,15.0,0.42083740234375,66e3a1831ab72f3c244da3707b284999b13e7c7484a2773c0a16265d111d3f3f,,
gaussian,iid,W,1.0,7.0,24.0,128.0,0.0,0.0,0.8025,16.0,0.3650258382161458,876db8c405a2477eff345e620be88f1aaa737db6ce432c2250b4bcdda5bc801c,,
gaussian,iid,W,1.0,7.0,24.0,128.0,0.0,0.0,0.8025,17.0,0.5182367960611979,3b928cecc838ff2c6b22749a4e0df057719a1429cfff8251f4e86b160acbc8c1,,
gaussian,iid,W,1.0,7.0,24.0,128.0,0.0,0.0,0.8025,18.0,0.317944844563802,eb0c1a4b2d87b45658078c32a3646947fc485712896afb7dd2566d130fa02677,,
gaussian,iid,W,1.0,7.0,24.0,128.0,0.0,0.0,0.8025,19.0,0.6667556762695312,3612f22fe4d865b4c55dfe32b505cef1479adda1564373b61b05c45f268dbccc,,
gaussian,iid,W,1.0,7.0,24.0,128.0,0.0,0.0,0.8025,20.0,0.2380294799804687,704afa9f190fd3af5304a701829424ddc39febe56b52116a34bcf9dac3477a14,,
gaussian,iid,W,1.0,7.0,24.0,128.0,0.0,0.0,0.8025,21.0,0.8111572265625,56a77567a0e5374154f732e5bc815894e39251c961ba866e037b038bf86545e2,,
gaussian,iid,W,1.0,7.0,24.0,128.0,0.0,0.0,0.8025,22.0,0.6487757364908854,ae840402ee94c45b6fd8c7ebeec5ed8137e6d40acdf77ad123447e9704267eec,,
gaussian,iid,W,1.0,7.0,24.0,128.0,0.0,0.0,0.8025,23.0,0.349395751953125,bf8f3574d86f337b9e0f1da9aba825155be8ef3d78c80ffcaf734ec06efb06e6,,
gaussian,iid,W,1.0,7.0,24.0,128.0,0.0,0.0,0.8025,24.0,0.7792867024739584,847381784c9a56c192218c8004f8065ce9cfffc600edcddfeb9ce16170419f2b,,
gaussian,iid,W,1.0,7.0,24.0,128.0,0.0,0.0,0.8025,25.0,0.5261789957682291,96e546d4b6fa6f41e9a00d126ef88197b45f4408f28116e3ccdcf6172f1be327,,
gaussian,iid,W,1.0,7.0,24.0,128.0,0.0,0.0,0.8025,26.0,0.6176630655924479,909fd9969649c620a1b79350938dbbf0ab01f8fbfabbffc2d7710ddd7a8d6472,,
gaussian,iid,W,1.0,7.0,24.0,128.0,0.0,0.0,0.8025,27.0,0.2781168619791667,d8187e732c4a5b0b63a575abf347ec50281bf3d9e693ac4432e918e80d933e2b,,
gaussian,iid,W,1.0,7.0,24.0,128.0,0.0,0.0,0.8025,28.0,0.3554636637369792,8be19b89e6f8ad4b685a4fe0aab829d40df35406b160a1ccc34877961034b86a,,
gaussian,iid,W,1.0,7.0,24.0,128.0,0.0,0.0,0.8025,29.0,0.4171066284179687,7ceed567eaad3f36c88fd28c15d3a2a85cd4ddb45c6229ef4ce60ecd376ea6a8,,
gaussian,iid,W,1.0,7.0,24.0,128.0,0.0,0.0,0.8025,30.0,0.4371439615885417,a393c121aa82e557cb06e5b793dc8c8587fd2c5b0b829a010cc87be6e172cd70,,
gaussian,iid,W,1.0,7.0,24.0,128.0,0.0,0.0,0.8025,31.0,0.7054926554361979,111b1fae98dfd851f43905c9d62c1708e736a0455fa5dbc40d4335c0d0195e82,,
gaussian,iid,W,1.0,7.0,24.0,128.0,0.0,0.0,0.8025,32.0,0.4994430541992187,ae607ed1b4f8c035616537144d6b86e96d5f0dddd0a294e1822b303191dd913b,,
gaussian,iid,W,1.0,7.0,24.0,128.0,0.0,0.0,0.8025,33.0,0.3875096638997395,002841c174da99c881163837380a3244350ca7b046648e342ecdb19503b80b0c,,
gaussian,iid,W,1.0,7.0,24.0,128.0,0.0,0.0,0.8025,34.0,0.7092514038085938,e6dd01031f5d0988cba389326c127dbfed7573191054346dcf8d79101073cab2,,
gaussian,iid,W,1.0,7.0,24.0,128.0,0.0,0.0,0.8025,35.0,0.6131464640299479,68e822619a109130fd5529fc3fb4121b172f002d85430efa594527da07e48bad,,
gaussian,iid,W,1.0,7.0,24.0,128.0,0.0,0.0,0.8025,36.0,0.2832692464192708,4f8976514f4868bd27aa4d2034cd877c4a8743bd4eb872aa5159ac08fd9ffbdd,,
gaussian,iid,W,1.0,7.0,24.0,128.0,0.0,0.0,0.8025,37.0,0.6217193603515625,de08c7274dfcd2379fcf50f6e5151d885c2699e71af7851718aae58935324d13,,
gaussian,iid,W,1.0,7.0,24.0,128.0,0.0,0.0,0.8025,38.0,0.7618204752604166,16fb6fd32dbaba6e3f3c97f15d397f6c81c96245f6ec6529dcef0f749f94a87a,,
gaussian,iid,W,1.0,7.0,24.0,128.0,0.0,0.0,0.8025,39.0,0.3622233072916667,688871937607d830d123af89521147dea054946c8925c08f58428d66c1b1d420,,
gaussian,iid,W,1.0,7.0,24.0,128.0,0.0,0.0,0.8025,40.0,0.5157419840494791,b9d66618c0a725e8807d198960b83c554c3e5a60598527e8743d2ea7d4e03c03,,
gaussian,iid,W,1.0,7.0,24.0,128.0,0.0,0.0,0.8025,41.0,0.6770502726236979,59436bfeb2e0345b1e1e1255c193d502b5b846b1bef3ea32d895a9f6c108ef58,,
gaussian,iid,W,1.0,7.0,24.0,128.0,0.0,0.0,0.8025,42.0,0.185546875,60065521774b89c1c8d2e6e0ed8d175a30889ce3bcc3cecfd5240e90024fd76f,,
gaussian,iid,W,1.0,7.0,24.0,128.0,0.0,0.0,0.8025,43.0,0.3367182413736979,7861268abf12fdb0aa8cba5da3ea013bc87d941cffc327a4fcf4c3781fc4bae7,,
gaussian,iid,W,1.0,7.0,24.0,128.0,0.0,0.0,0.8025,44.0,0.4476216634114583,4e121fd5f10fda81c327af431204ca9d0a36ed51b0fda93c8ba95d8e4d101168,,
gaussian,iid,W,1.0,7.0,24.0,128.0,0.0,0.0,0.8025,45.0,0.4572957356770833,2593fb113340a0d6a996dc09551168de5edb8fa3df5ee416af5a8b8ca8671bae,,
gaussian,iid,W,1.0,7.0,24.0,128.0,0.0,0.0,0.8025,46.0,0.3381754557291667,eb3615f5023eded2fd0bb14ffac415f71d02a88e59314e8deead7f754ebb3230,,
gaussian,iid,W,1.0,7.0,24.0,128.0,0.0,0.0,0.8025,47.0,0.5758590698242188,eb15040056e084c4a5891b6bcc81c511beb2c7cad576d5fc85580f90963c77d8,,
gaussian,iid,W,1.0,7.0,24.0,128.0,0.0,0.0,0.8025,48.0,0.482892354329427,0cc6d338fb1ebd8672d64ae3da800dd4a44b5fc69bdf3dc0294a0e1ce5ca7a99,,
gaussian,iid,W,1.0,7.0,24.0,128.0,0.0,0.0,0.8025,49.0,0.6775487263997396,dd93a7521a2c859ccca6729734460ca4de97742d432e36edc9215ef77c04addc,,
gaussian,iid,W,1.0,7.0,24.0,128.0,0.0,0.0,0.8025,50.0,0.7555567423502604,b1fd5077a6a68892f0a550fdf97d79303f6d442056c691b29c7074cb0213eab2,,
gaussian,iid,W,1.0,7.0,24.0,128.0,0.0,0.0,0.8025,51.0,0.3146413167317708,15521baa27a1f9edb077c790ae4a90d9a85a8242971eb3d0bfd79673b9c3c8e2,,
gaussian,iid,W,1.0,7.0,24.0,128.0,0.0,0.0,0.8025,52.0,0.5900675455729166,aec316a944fdf1975371333e9f41cc6b67e9fa9c5c8c6de369ffd0dda18d548b,,
gaussian,iid,W,1.0,7.0,24.0,128.0,0.0,0.0,0.8025,53.0,0.6248143513997396,2b904e61c061f3df7aea44722b045b83063cfa88fb86957c39ab0182accf7c0c,,
gaussian,iid,W,1.0,7.0,24.0,128.0,0.0,0.0,0.8025,54.0,0.3678080240885417,63fadad208d03d833ede8d5110338e1cdc07ed3e2dbbd9bda46cf9afe2da00d7,,
gaussian,iid,W,1.0,7.0,24.0,128.0,0.0,0.0,0.8025,55.0,0.973419189453125,c95748d95b0aa9ad4454644790f53a2e85fdb175d84e474b1226a2cb60cf2419,,
gaussian,iid,W,1.0,7.0,24.0,128.0,0.0,0.0,0.8025,56.0,0.8578592936197916,b21cbe9406c78d89cc7db605985562454ebae889ae71556901888adc3566e948,,
gaussian,iid,W,1.0,7.0,24.0,128.0,0.0,0.0,0.8025,57.0,0.985277811686198,ee8860beb62426f188347433d1b19a7c06c5e365363aae4a16c17ab526a3759e,,
gaussian,iid,W,1.0,7.0,24.0,128.0,0.0,0.0,0.8025,58.0,0.9765243530273438,6f45cef2f9feaf47ef10da760400b1a6ba547890790ff4ec1c03218052c9a703,,
gaussian,iid,W,1.0,7.0,24.0,128.0,0.0,0.0,0.8025,59.0,0.5787607828776041,9e68acf37078df6bb51bf65840cc4a151332c0b4e25d5350a32811a9fae333dd,,
gaussian,iid,W,1.0,7.0,24.0,128.0,0.0,0.0,0.8025,60.0,0.5011825561523438,ef9ced6e2b3d99840d691088cb63cf4185957ebde888c023823895b9e5fc615a,,
gaussian,iid,W,1.0,7.0,24.0,128.0,0.0,0.0,0.8025,61.0,0.2638778686523437,33a1c99a37f7bb042c55b1096353c1ce1cc9ce51921ee5abbd6d9602d2cadc3d,,
gaussian,iid,W,1.0,7.0,24.0,128.0,0.0,0.0,0.8025,62.0,0.2497075398763021,4465fc8681c37a0a2f9b7ecef653e18e5e0f69dc6d1982fbad8e5404f657d98d,,
gaussian,iid,W,1.0,7.0,24.0,128.0,0.0,0.0,0.8025,63.0,0.5074513753255209,fc85b0b7f5576e6ccdf3a2bd2c4071bf7379196c155c99cc8e6970cc33f4abe0,,
gaussian,iid,W,1.0,7.0,24.0,128.0,0.0,0.0,0.8025,64.0,0.2890116373697917,36cd9d8c06581298d51fbf9413b2c845a6631b6a64c44428371428499ceec75a,,
gaussian,iid,W,1.0,7.0,24.0,128.0,0.0,0.0,0.8025,65.0,0.7607320149739584,21d06f7ddbf3933f39f9c81d72ebd1f535d06b147f20cec0c45e67c0d6959a7c,,
gaussian,iid,W,1.0,7.0,24.0,128.0,0.0,0.0,0.8025,66.0,0.2508824666341145,0c10cc6173d3b7c7e4ccc32cffce34302f7801a2e672a126798139f351ea7f63,,
gaussian,iid,W,1.0,7.0,24.0,128.0,0.0,0.0,0.8025,67.0,0.4777450561523437,17a46369306aba9eb1a9a007668e10fe593e58438b726916b58819794ff6f08a,,
gaussian,iid,W,1.0,7.0,24.0,128.0,0.0,0.0,0.8025,68.0,0.4394785563151042,be1b240913d563a837986172df59334f001d04223e7b2d0005e7b68d9ac92aa2,,
gaussian,iid,W,1.0,7.0,24.0,128.0,0.0,0.0,0.8025,69.0,0.4490610758463542,fab3ac97e4460f134c82e3d25023b240015f9650634f662ef3e2455b312a638b,,
gaussian,iid,W,1.0,7.0,24.0,128.0,0.0,0.0,0.8025,70.0,0.4731597900390625,eb5f0ed5be503bf3a29d4af662413338e9dd3ad0e7c9bf98a969a3202c73ef6c,,
gaussian,iid,W,1.0,7.0,24.0,128.0,0.0,0.0,0.8025,71.0,0.396087646484375,ac7db85d735829b4c600e04f02b4f90f08e4b51c85130528893044f7dc31d71a,,
gaussian,iid,W,1.0,7.0,24.0,128.0,0.0,0.0,0.8025,72.0,0.3161824544270833,3fe490b1ee3a861b711bc23df72511c005dc01b3ae2dc8d0e480d7a622ac4dac,,
gaussian,iid,W,1.0,7.0,24.0,128.0,0.0,0.0,0.8025,73.0,0.6704126993815104,3d540edc05d04035eb2ea3c95abe6b601584b360594ff2f3fd67870b7ce3f2af,,
gaussian,iid,W,1.0,7.0,24.0,128.0,0.0,0.0,0.8025,74.0,0.4756622314453125,89ddf46717742991d15d20e80b793fc754206948277668dca1c59852a3398743,,
gaussian,iid,W,1.0,7.0,24.0,128.0,0.0,0.0,0.8025,75.0,0.7504094441731771,d59e429b2f86e699efdf7db9141be9f9a6b97610e866e1331400f36d70ba5a56,,
gaussian,iid,W,1.0,7.0,24.0,128.0,0.0,0.0,0.8025,76.0,0.6176579793294271,23eb3308bc8e41b9dd282a38c616415eafeef73e934b032795b81604251da224,,
gaussian,iid,W,1.0,7.0,24.0,128.0,0.0,0.0,0.8025,77.0,0.5530014038085938,d3f6f7651f2a59270e386c42c7ee0b6d37dbf14aa6c0a268a2a1755616047766,,
gaussian,iid,W,1.0,7.0,24.0,128.0,0.0,0.0,0.8025,78.0,0.6945444742838541,baf1a06158cdef95f82867e61b31b9674eb89dd36f18b779b9d785e5cfacd2e0,,
gaussian,iid,W,1.0,7.0,24.0,128.0,0.0,0.0,0.8025,79.0,0.4326858520507812,8fd3f1031ea678f9fa1eebecbbf195354a662123e82fdbdbb65e624ec37aebd6,,
gaussian,iid,W,1.0,7.0,24.0,128.0,0.0,0.0,0.8025,80.0,0.2805023193359375,53c8ef49a44c180ac527b404bc8c2c1503432191c4840951cc31f7741521b815,,
gaussian,iid,W,1.0,7.0,24.0,128.0,0.0,0.0,0.8025,81.0,0.4924697875976562,367afc89bdcd93028107e8c5caa0679817fe463c4a9af4c60bed701f5a6f2406,,
gaussian,iid,W,1.0,7.0,24.0,128.0,0.0,0.0,0.8025,82.0,0.2686920166015625,9248be054f4e1432981bc176d12bfc4a031d1d75ac6b4c4d03d126194f210645,,
gaussian,iid,W,1.0,7.0,24.0,128.0,0.0,0.0,0.8025,83.0,0.4922815958658854,96c657cc551063f34e718a8bb039ba64181757d487eddd39fba7bddc6887face,,
gaussian,iid,W,1.0,7.0,24.0,128.0,0.0,0.0,0.8025,84.0,0.6736628214518229,c7dc8c84517d4bdcc97851b0e4ff335d13e09ee7ac1110ffa23ae727dfc34ed5,,
gaussian,iid,W,1.0,7.0,24.0,128.0,0.0,0.0,0.8025,85.0,0.511810302734375,3aaa6f4df25f4e40b6f3d926fcec3d7269d98ec4aff12d060591daf8dfe2bb35,,
gaussian,iid,W,1.0,7.0,24.0,128.0,0.0,0.0,0.8025,86.0,0.5525258382161459,104fa43f4667945e5f556179810bc9497bc0937e2f0006d863c81dd5abc7c370,,
gaussian,iid,W,1.0,7.0,24.0,128.0,0.0,0.0,0.8025,87.0,0.259307861328125,a18ca67f77ba8f15c198dcf676732cddee66db5a8111c16f90151fb6976295ca,,
gaussian,iid,W,1.0,7.0,24.0,128.0,0.0,0.0,0.8025,88.0,0.5764312744140625,f8b2ad3595e66e9a982b23877d7394ccc700317227de846a6c2d57bed75611a5,,
gaussian,iid,W,1.0,7.0,24.0,128.0,0.0,0.0,0.8025,89.0,0.5874354044596354,9573f96d517a4f09577cd81cd9bd00ecb119fbb082d1c4ad695ee61eb361f173,,
gaussian,iid,W,1.0,7.0,24.0,128.0,0.0,0.0,0.8025,90.0,0.4181009928385417,90a538b93b9600c4094baba537994eec7eb9c1ec77bc91dcee5714a74c082179,,
gaussian,iid,W,1.0,7.0,24.0,128.0,0.0,0.0,0.8025,91.0,0.6026077270507812,1557947bb970967ce749723e6e3e9fe2e021737f24564237b8c03deafe13bbcb,,
gaussian,iid,W,1.0,7.0,24.0,128.0,0.0,0.0,0.8025,92.0,0.5535252888997396,8cbf546188ea8a085050fe0e1f57dc0a4fb55a0d62aee3ad340265ae67c715d8,,
gaussian,iid,W,1.0,7.0,24.0,128.0,0.0,0.0,0.8025,93.0,0.6122309366861979,91f482ad77488460f4fd2c8b09e6497a5004d788df6f743238d63337fa9a90de,,
gaussian,iid,W,1.0,7.0,24.0,128.0,0.0,0.0,0.8025,94.0,0.9874471028645834,3628402959a1830c89bbe0103cf48108e264f0be6cbdb05796e3bfc903157100,,
gaussian,iid,W,1.0,7.0,24.0,128.0,0.0,0.0,0.8025,95.0,0.830474853515625,d572e649167e767d89b5b8e4b547fd424ef78891c9e05c7fc403522113812f59,,
gaussian,iid,W,1.0,7.0,24.0,128.0,0.0,0.0,0.805,0.0,0.8984298706054688,5671ec7c8ba883e8747131007395031cde599a32ab44506630e94ff04103ba56,,
gaussian,iid,W,1.0,7.0,24.0,128.0,0.0,0.0,0.805,1.0,0.7943445841471354,8030849c1127859658cb347b68b7acb11e28b402078be1fc3ca2d4a26f889fd1,,
gaussian,iid,W,1.0,7.0,24.0,128.0,0.0,0.0,0.805,2.0,0.7748591105143229,a704a1bb801effb5c3b8e1c9df2f177aa0fd5dbf065f1a63e27e84227854a6ea,,
gaussian,iid,W,1.0,7.0,24.0,128.0,0.0,0.0,0.805,3.0,0.2506434122721354,17e3571321cc3890cfba372609f86d7a54a46d0dfd27d7d6c2a56a7dea1aaa8b,,
gaussian,iid,W,1.0,7.0,24.0,128.0,0.0,0.0,0.805,4.0,0.8832448323567709,deaf3ad0bf4eee9e7c717a9a2e4603cfa66da8516cd30f427d2ca2630a9580a1,,
gaussian,iid,W,1.0,7.0,24.0,128.0,0.0,0.0,0.805,5.0,0.9778467814127604,411a6a7521a10787617b798805c7fcc78e39c70dd3c70f775b4493eba7e0df2f,,
gaussian,iid,W,1.0,7.0,24.0,128.0,0.0,0.0,0.805,6.0,0.5159530639648438,4bd1edfd1f7f8323ed3d7944a8f40df217db6333be4be9ebd998319f3e0b3e59,,
gaussian,iid,W,1.0,7.0,24.0,128.0,0.0,0.0,0.805,7.0,0.3336715698242187,bdfbbd4ffc9c385131fd70ae7d349898bf186255e16bfdadacf6b3ea03d576a2,,
gaussian,iid,W,1.0,7.0,24.0,128.0,0.0,0.0,0.805,8.0,0.85888671875,f871bcafae1169df9259e38bb2b56a87c75aebcccf085962baff63f7c7d93518,,
gaussian,iid,W,1.0,7.0,24.0,128.0,0.0,0.0,0.805,9.0,0.2645543416341145,21161a15d4ff8194bea20a6dfd20d0cd5e243cce96328b2d201f1f0d53dbebf4,,
gaussian,iid,W,1.0,7.0,24.0,128.0,0.0,0.0,0.805,10.0,0.3694864908854167,7e73851c3cc361aa131694bc5f362e95af9ba2e4cc4ec6522827d5cefa5acc7b,,
gaussian,iid,W,1.0,7.0,24.0,128.0,0.0,0.0,0.805,11.0,0.989405314127604,9fd252738397db63df45a8d351ea39cbc9840f64fee573a25c8cfac2498991f4,,
gaussian,iid,W,1.0,7.0,24.0,128.0,0.0,0.0,0.805,12.0,0.5856831868489584,c60b73396e48493b094ba4ddb340962d52c792b2581f2f21821bc3a8007b2f87,,
gaussian,iid,W,1.0,7.0,24.0,128.0,0.0,0.0,0.805,13.0,0.95703125,7783e8b53f431c7f2b809fe072c4cce1b6474c1748c6e6e9abad806523f5bc5e,,
gaussian,iid,W,1.0,7.0,24.0,128.0,0.0,0.0,0.805,14.0,0.4398523966471354,06ca4b2415d3d1e8701ad2e655bce767bb363deb1d4822edebdca72478ff3aa2,,
gaussian,iid,W,1.0,7.0,24.0,128.0,0.0,0.0,0.805,15.0,0.354217529296875,65a5a9a78bcbde3a3e39ff3ae183ac5de8addc6ca04c1cc9cd7154e140d245dd,,
gaussian,iid,W,1.0,7.0,24.0,128.0,0.0,0.0,0.805,16.0,0.9839757283528646,9395e138780b913f27876e7917fcf37e470f371bd9ded9159b401abc386b5970,,
gaussian,iid,W,1.0,7.0,24.0,128.0,0.0,0.0,0.805,17.0,0.5252558390299479,c55adc1884097cfec6e84a9a4216b97fe644408da40f9f3c1dbdee1a7e405ae8,,
gaussian,iid,W,1.0,7.0,24.0,128.0,0.0,0.0,0.805,18.0,0.3192316691080729,ca42c7c08a02c5b458f50335ff9c48149de4bec1418c470531534fde5df4c44d,,
gaussian,iid,W,1.0,7.0,24.0,128.0,0.0,0.0,0.805,19.0,0.6755498250325521,a7234ff26364eb6665741e2ceaab6c7136d0c40e734abcf3aabada49491844e6,,
gaussian,iid,W,1.0,7.0,24.0,128.0,0.0,0.0,0.805,20.0,0.6377817789713541,164d94778db9e8e97ab806bb293180a8f771f441355920e3180c2f31f587cbe4,,
gaussian,iid,W,1.0,7.0,24.0,128.0,0.0,0.0,0.805,21.0,0.8185246785481771,4c93e12535e90b1359ca1f72dd21fdea3c6558747871251462cd5b644eb31253,,
gaussian,iid,W,1.0,7.0,24.0,128.0,0.0,0.0,0.805,22.0,0.8730112711588541,9f6940bab62f9b06678516adcb5aba6daa62625d374ed963832a7fda8468e8e6,,
gaussian,iid,W,1.0,7.0,24.0,128.0,0.0,0.0,0.805,23.0,0.45611572265625,8b89adcf83f98d559116bbccaf0c5a1125a667c0fa1d98badde4ae5da3949f46,,
gaussian,iid,W,1.0,7.0,24.0,128.0,0.0,0.0,0.805,24.0,0.7839380900065104,c88fe4f38f3f1ec1cc61b29f0525bdcbce49ba418d426c34a64067afa64b6a08,,
gaussian,iid,W,1.0,7.0,24.0,128.0,0.0,0.0,0.805,25.0,0.5262858072916666,4b500b979ecaef9dc1d9b7840fbefe21580853ef356e4e76aa5838531f768734,,
gaussian,iid,W,1.0,7.0,24.0,128.0,0.0,0.0,0.805,26.0,0.6182861328125,09e181aff604acd1c00b98033b7ef5bc989337aa08ca326067653f0d502675ad,,
gaussian,iid,W,1.0,7.0,24.0,128.0,0.0,0.0,0.805,27.0,0.4842427571614583,48b37cbca31c04cdb3a1b9a6a201241712388a31a9d4d407abe4eb6c335b958c,,
gaussian,iid,W,1.0,7.0,24.0,128.0,0.0,0.0,0.805,28.0,0.3644307454427083,7ade1445a9c64d5e1c3dd2725eff81f20bf41d109ea51ba6cfd66285cd43fb14,,
gaussian,iid,W,1.0,7.0,24.0,128.0,0.0,0.0,0.805,29.0,0.7395248413085938,2ac6a8031d0f3b762714450cb11d35b7f830e44b8a8e7f393c26651afc748a73,,
gaussian,iid,W,1.0,7.0,24.0,128.0,0.0,0.0,0.805,30.0,0.496899922688802,9244b9d33de373221addaf3b22d8fd46101f1594596a9b15d74e64fa83ce2cc2,,
gaussian,iid,W,1.0,7.0,24.0,128.0,0.0,0.0,0.805,31.0,0.3965530395507812,95130cd919c1f3d41fa0614f7d101743d5ed479e24a2f7dbf290c38a1f770ec2,,
gaussian,iid,W,1.0,7.0,24.0,128.0,0.0,0.0,0.805,32.0,0.4995142618815104,4274d4dbdd1bbab51131ab380ac5b0ad6ec246c706393c467f841dfeb2ccb2df,,
gaussian,iid,W,1.0,7.0,24.0,128.0,0.0,0.0,0.805,33.0,0.4821624755859375,a0437c23358fcd1c5cdbe0da26ec4cd3529473209f30b6f5e625196eaf337019,,
gaussian,iid,W,1.0,7.0,24.0,128.0,0.0,0.0,0.805,34.0,0.7107976277669271,37d5ec61675f36d125ff7d47021ccbbeaf7cdc22896578f0db30008dd972ef78,,
gaussian,iid,W,1.0,7.0,24.0,128.0,0.0,0.0,0.805,35.0,0.6469650268554688,cf1860e7732f301da1ae7b886090bc9777058e63449a9594c1a151709aaa14ff,,
gaussian,iid,W,1.0,7.0,24.0,128.0,0.0,0.0,0.805,36.0,0.2833124796549479,2bf652e10a21cef0f0970d63b68d3ab5d9ed44bfeaf3f7626c5bd361b5314f34,,
gaussian,iid,W,1.0,7.0,24.0,128.0,0.0,0.0,0.805,37.0,0.9836374918619792,40101b23241510400e7380b7da10c5bd1524d67d052c8da93d138c0d84d39ead,,
gaussian,iid,W,1.0,7.0,24.0,128.0,0.0,0.0,0.805,38.0,0.982996622721354,0b18c8b30bff9754505dd9766702d55f93b598607eb4a465559acbaf3a0e4308,,
gaussian,iid,W,1.0,7.0,24.0,128.0,0.0,0.0,0.805,39.0,0.3718312581380208,e434258601609bb67b1990efa4291f1ca8a52ff459d62c222fe75cd59ba464d8,,
gaussian,iid,W,1.0,7.0,24.0,128.0,0.0,0.0,0.805,40.0,0.5176264444986979,93d4292a8c6b316e5f52d43ef116e6bfa144a5a75e164256faac92efbba034f5,,
gaussian,iid,W,1.0,7.0,24.0,128.0,0.0,0.0,0.805,41.0,0.677703857421875,2cec1c3a39bbd4807360ff1a6e251776aa676229638a9766fcc4a144e57d2a39,,
gaussian,iid,W,1.0,7.0,24.0,128.0,0.0,0.0,0.805,42.0,0.4021631876627604,7fd1c4f5e81b4a1ee64051d69f02f026917943c699fddb34326e35860bee4fb9,,
gaussian,iid,W,1.0,7.0,24.0,128.0,0.0,0.0,0.805,43.0,0.4144668579101562,a6e55d95f5e35d7f837c854aa8c2b7b8f17123205aa3490c7acd97dedd11e106,,
gaussian,iid,W,1.0,7.0,24.0,128.0,0.0,0.0,0.805,44.0,0.7881113688151041,5b737f9074784a5203ab2c9805abab9fa3a6036bd701c5ef135f980e61ec3567,,
gaussian,iid,W,1.0,7.0,24.0,128.0,0.0,0.0,0.805,45.0,0.4584426879882812,3322c4cc328b1e2091c193029de60b3d5b8560a26d8ae4087da84a1e59721252,,
gaussian,iid,W,1.0,7.0,24.0,128.0,0.0,0.0,0.805,46.0,0.3453114827473958,8c8cd14aa5ad4a3ffc1ecbd5a8e7e0d25b678fc393948818e0d9383ee117ff66,,
gaussian,iid,W,1.0,7.0,24.0,128.0,0.0,0.0,0.805,47.0,0.9685948689778646,c8b6c003f0bbe5fe01f9a65c966f712362b4b3e87f028f4b0ee098c5ac929f64,,
gaussian,iid,W,1.0,7.0,24.0,128.0,0.0,0.0,0.805,48.0,0.7791849772135416,dc77b1031361a6af70207a1a4129a19bf3cbee5115806774b441889a3077424c,,
gaussian,iid,W,1.0,7.0,24.0,128.0,0.0,0.0,0.805,49.0,0.974683125813802,afb301139d424acadddcce966a1ce9a5d59e87bd8b81c0cde89d958531caa711,,
gaussian,iid,W,1.0,7.0,24.0,128.0,0.0,0.0,0.805,50.0,0.7558492024739584,c10f9bb7cbddb004303ca6ed25d56ae3db5177a835e2ec74aee96f72799f5264,,
gaussian,iid,W,1.0,7.0,24.0,128.0,0.0,0.0,0.805,51.0,0.398406982421875,905b0bd02e6bb82b0bf3bda2c1066b78ac81a822843a6580364744171c52a07c,,
gaussian,iid,W,1.0,7.0,24.0,128.0,0.0,0.0,0.805,52.0,0.5918833414713541,075d4eaaba54e34f9ef628dd1d3d7d8a63844f04b7114f2d8a56efdd6b584ada,,
gaussian,iid,W,1.0,7.0,24.0,128.0,0.0,0.0,0.805,53.0,0.422253926595052,819bb86f8f91cd6d85aa688fe66ffb8b1a8fd507cfb00ab52f2ec5a9301a5a37,,
gaussian,iid,W,1.0,7.0,24.0,128.0,0.0,0.0,0.805,54.0,0.3775126139322917,fa996835b7c637ffeeca41b8857a7ebf2c81ac17d0e4016dedf1179f9e2e7f1d,,
gaussian,iid,W,1.0,7.0,24.0,128.0,0.0,0.0,0.805,55.0,0.9741007486979166,9f5ee6b51e848c6323dfc5900a348ceaf7ab04725ee7adf38875a03fc514efe3,,
gaussian,iid,W,1.0,7.0,24.0,128.0,0.0,0.0,0.805,56.0,0.8810043334960938,f4ad9b12ddc3f998f474365522a54693a914107fb2fff4ac166f0401e333754b,,
gaussian,iid,W,1.0,7.0,24.0,128.0,0.0,0.0,0.805,57.0,0.9853846232096354,1a519ca033ca14266808cb731fb406ef48e8c3b544ffad893601f0190570707f,,
gaussian,iid,W,1.0,7.0,24.0,128.0,0.0,0.0,0.805,58.0,0.9767252604166666,99341b0602b7cd01bb132a77512dd8d6fa4e7f3aaa46ad7225982896417daca4,,
gaussian,iid,W,1.0,7.0,24.0,128.0,0.0,0.0,0.805,59.0,0.5768839518229166,2960a5912e037a47bd421134633efe1cbc449a748fa903c480d501515bb583e3,,
gaussian,iid,W,1.0,7.0,24.0,128.0,0.0,0.0,0.805,60.0,0.5406341552734375,7b731450221086a51fe0ca77d3298fc554903c0e7d85bd6a2730f05977415804,,
gaussian,iid,W,1.0,7.0,24.0,128.0,0.0,0.0,0.805,61.0,0.3726298014322917,2ad1ea959bc4d0b52a389d8ded5950d8f2a0c8ea8b512f970c867393243699d4,,
gaussian,iid,W,1.0,7.0,24.0,128.0,0.0,0.0,0.805,62.0,0.6076736450195312,2f36070aa0fb030734309132ff44c27df3ddd6480e0d8fdc7a41c978f7af043c,,
gaussian,iid,W,1.0,7.0,24.0,128.0,0.0,0.0,0.805,63.0,0.5072987874348959,fbf886097129b6e5df1df8e6bcba44235250ea2911976f5c0d8e8309121631da,,
gaussian,iid,W,1.0,7.0,24.0,128.0,0.0,0.0,0.805,64.0,0.289337158203125,401970d5cd5433dacf2ef6735db1553eaac6dddaa2dc8aab7434113bc1291637,,
gaussian,iid,W,1.0,7.0,24.0,128.0,0.0,0.0,0.805,65.0,0.7623011271158854,903c43f016107317173d345a2523920a7005e31ed59d0a64a0dbbe7e0ae72c29,,
gaussian,iid,W,1.0,7.0,24.0,128.0,0.0,0.0,0.805,66.0,0.2518285115559895,d62e2144811f6ae1ddd7d60aff675a123a195fd09959a1ab92f7d3c06c1e0ca8,,
gaussian,iid,W,1.0,7.0,24.0,128.0,0.0,0.0,0.805,67.0,0.5310236612955729,63bb9bd3b489747cdf573d66fedb7c7376922061637abfa9c275084675058cae,,
gaussian,iid,W,1.0,7.0,24.0,128.0,0.0,0.0,0.805,68.0,0.4397379557291667,533da9dd8521909c3b67b6bef8ddc18fd54a2f6b6ed99af1fce24a7348e1a69d,,
gaussian,iid,W,1.0,7.0,24.0,128.0,0.0,0.0,0.805,69.0,0.5849787394205729,3174407ad232418ccfd188ea4444d8135ccc8f21ff4f7990d79f6aefb7d7e1c2,,
gaussian,iid,W,1.0,7.0,24.0,128.0,0.0,0.0,0.805,70.0,0.4737014770507812,d9f40994977fec044398ac443b6e4bd9431f65319dc4a7670b1cb49e3768c208,,
gaussian,iid,W,1.0,7.0,24.0,128.0,0.0,0.0,0.805,71.0,0.4308446248372395,f748abe5fcffe3a6ab545b6a2680cec95540625f654c3f429149ad185c632f17,,
gaussian,iid,W,1.0,7.0,24.0,128.0,0.0,0.0,0.805,72.0,0.5044784545898438,152f2bb04064c4d811a145af16d3bc7f01ae4e84c7034c2a9da30c97e00af3e5,,
gaussian,iid,W,1.0,7.0,24.0,128.0,0.0,0.0,0.805,73.0,0.5831171671549479,752ab5cf17212fd3d10bbbd4c7c45347c5ce2eb3b41641885c1888d73995d812,,
gaussian,iid,W,1.0,7.0,24.0,128.0,0.0,0.0,0.805,74.0,0.7462793986002604,ecafc2e8fd825f76d608393797b837bfb64cce3711490dd7a6f0649ed8749c0f,,
gaussian,iid,W,1.0,7.0,24.0,128.0,0.0,0.0,0.805,75.0,0.7679621378580729,106ca7f9725091a5098a398058b1b5f9bf54216080e5961ccfcf613d25510d0e,,
gaussian,iid,W,1.0,7.0,24.0,128.0,0.0,0.0,0.805,76.0,0.9863815307617188,980adcfd84e3f062e0b3f74c0f96fa454bc739d562cf4aacd2ad75e4dbbdfb12,,
gaussian,iid,W,1.0,7.0,24.0,128.0,0.0,0.0,0.805,77.0,0.7628300984700521,4d04c59fb403f0b36a35bf2c61f5bdc87ae99db950f1e63c69090e2d30aa5695,,
gaussian,iid,W,1.0,7.0,24.0,128.0,0.0,0.0,0.805,78.0,0.968414306640625,b130626cc6ecd69ddb61e41918238559c930e3576069b5517a6a0a513ac2f7c9,,
gaussian,iid,W,1.0,7.0,24.0,128.0,0.0,0.0,0.805,79.0,0.8478418986002604,2c4b6f53334782e345df87a28101aaa2288ac44d390901df19fe3eea6a244470,,
gaussian,iid,W,1.0,7.0,24.0,128.0,0.0,0.0,0.805,80.0,0.2806472778320312,544483176a615371fe369fad1dc094c3dc038bc970ab622ba2f53c9dffefc640,,
gaussian,iid,W,1.0,7.0,24.0,128.0,0.0,0.0,0.805,81.0,0.4930191040039062,bac6139b556fd94f5ada7c55efaa6e26a68ddea5e0620098c1de19ae3073d23a,,
gaussian,iid,W,1.0,7.0,24.0,128.0,0.0,0.0,0.805,82.0,0.3161671956380208,caf7ba185288b93bbcd337f29f2ce1dce2fd293b8a85a045a77d9f7ced0f82da,,
gaussian,iid,W,1.0,7.0,24.0,128.0,0.0,0.0,0.805,83.0,0.4921468098958333,7a9072d9a359c508ea3f5e601e9bd40951de390333c02ca41fba828eee5e0a3f,,
gaussian,iid,W,1.0,7.0,24.0,128.0,0.0,0.0,0.805,84.0,0.6114018758138021,9c5730ddae9010ccb5b18ef65f25ce0193a6d9c95429d66e577e4207e48366bb,,
gaussian,iid,W,1.0,7.0,24.0,128.0,0.0,0.0,0.805,85.0,0.5134201049804688,d376633753be4da8f714b6a05d7bac9ea86f33821f75d74f6b153b3701a85fbb,,
gaussian,iid,W,1.0,7.0,24.0,128.0,0.0,0.0,0.805,86.0,0.9747899373372396,9e3e1e4c29dad7781e3a2ec497c934de6ecdd00adfcbadc53eadd75c126f123c,,
gaussian,iid,W,1.0,7.0,24.0,128.0,0.0,0.0,0.805,87.0,0.5945943196614584,07c3c423101169697471692d51d49b8fba6776bc8d24c6c7cabd5fd482b47da5,,
gaussian,iid,W,1.0,7.0,24.0,128.0,0.0,0.0,0.805,88.0,0.5791447957356771,81a6042a2598bf713b4131dd769edc433c2d5c3899908b92a522891fcd6a21f7,,
gaussian,iid,W,1.0,7.0,24.0,128.0,0.0,0.0,0.805,89.0,0.58782958984375,035f4d559696f646a377cfd70c0307005454f286521b3c4bde30bfc3d2b20c79,,
gaussian,iid,W,1.0,7.0,24.0,128.0,0.0,0.0,0.805,90.0,0.3729349772135417,6171109481f4cfdea0d23d00e1ed4f1212400d7430ca71a09637de322806a9bc,,
gaussian,iid,W,1.0,7.0,24.0,128.0,0.0,0.0,0.805,91.0,0.9837671915690104,5fc05b019119c0808b358c3e911167372d8508cb9a63932caeb5a2138f011e16,,
gaussian,iid,W,1.0,7.0,24.0,128.0,0.0,0.0,0.805,92.0,0.7372945149739584,3aa50913d9c2de4f4c16723ec076d0856c0ab7ad68e3cf1127cc03066f15d8e8,,
gaussian,iid,W,1.0,7.0,24.0,128.0,0.0,0.0,0.805,93.0,0.612091064453125,2a7320fd967b025a1f71131344ae0f7dd8c5226d3dc278d571d1752b21624ac9,,
gaussian,iid,W,1.0,7.0,24.0,128.0,0.0,0.0,0.805,94.0,0.988599141438802,7e319169b69139330412eaa420347d9534e4b9fb31d0b396f123eb0c5cacc198,,
gaussian,iid,W,1.0,7.0,24.0,128.0,0.0,0.0,0.805,95.0,0.8320490519205729,329565c6603b0fc7f8b1675ac6c39110bec52c672b76aadc10a9f4ca329602dc,,
gaussian,iid,W,1.0,7.0,24.0,128.0,0.0,0.0,0.8075,0.0,0.8994928995768229,936e3f511ea15490862f15881ed09a34f95d244217d3822ecad806f1ec452262,,
gaussian,iid,W,1.0,7.0,24.0,128.0,0.0,0.0,0.8075,1.0,0.7945327758789062,f61f580a5488f8c2e3db9db68d5b4397ea16738ba14d76f58ab3c0a55a343e68,,
gaussian,iid,W,1.0,7.0,24.0,128.0,0.0,0.0,0.8075,2.0,0.9782867431640624,1453b938fefbe3fa05199cd524c57119e0d56b072fb30d088679b68637013bca,,
gaussian,iid,W,1.0,7.0,24.0,128.0,0.0,0.0,0.8075,3.0,0.428192138671875,de625f901fe664c69aae5023eac7713b423ce8b9819566a166e5dbdcf39d479d,,
gaussian,iid,W,1.0,7.0,24.0,128.0,0.0,0.0,0.8075,4.0,0.8850123087565104,3e7eaac3b2d0f36192f213764263c3d8658dc9d2edfea7c37130aa22be064d6d,,
gaussian,iid,W,1.0,7.0,24.0,128.0,0.0,0.0,0.8075,5.0,0.9794413248697916,14080680995ca689c66db24ba0c7621fd36a32b7d57ef926ab5f674c997a706b,,
gaussian,iid,W,1.0,7.0,24.0,128.0,0.0,0.0,0.8075,6.0,0.5047607421875,ad18025308f9d2e1ff10658d21fab38dfde5d0b41c4721244c4cda05cfe42634,,
gaussian,iid,W,1.0,7.0,24.0,128.0,0.0,0.0,0.8075,7.0,0.4385630289713542,011ac29a43b265f4da91c337dcefb9de5ded348fa2ae3cbd7635d9defef1b49e,,
gaussian,iid,W,1.0,7.0,24.0,128.0,0.0,0.0,0.8075,8.0,0.6992645263671875,c913450d74b9fe9d58eff520eec52d336b2806a95eb70a804e279869279d300d,,
gaussian,iid,W,1.0,7.0,24.0,128.0,0.0,0.0,0.8075,9.0,0.2587127685546875,64021ebdcaa42bf3333d0c5e1ee48a25363ba48c38b62a2e3dca04486a2a1c17,,
gaussian,iid,W,1.0,7.0,24.0,128.0,0.0,0.0,0.8075,10.0,0.4708302815755208,40ed0df3169f670f8bec40260a7104ab156725e0572e6b41846e8394a378d1ca,,
gaussian,iid,W,1.0,7.0,24.0,128.0,0.0,0.0,0.8075,11.0,0.9895782470703124,3d8e957466de2b51bb0f80a44321f3b6bb5a2a1ec8ff61e9283b7fb30a2decbe,,
gaussian,iid,W,1.0,7.0,24.0,128.0,0.0,0.0,0.8075,12.0,0.9854532877604166,8edb6f303bc178e9d4ad7dde0bca651851f993731c5f1a3c07fc391a3b34c9f4,,
gaussian,iid,W,1.0,7.0,24.0,128.0,0.0,0.0,0.8075,13.0,0.9376042683919272,d14bd001190c2ca1c195e89679a8ad7a3604fbf0a44ad2ea305b32368ab0f485,,
gaussian,iid,W,1.0,7.0,24.0,128.0,0.0,0.0,0.8075,14.0,0.4416961669921875,3188327c34ea3123210136f358607490d6315ff54d692140f18235058d0dec60,,
gaussian,iid,W,1.0,7.0,24.0,128.0,0.0,0.0,0.8075,15.0,0.4659194946289062,1bcba8fb4a8739add09246c0678c9c31f70be8f7ca7598706c8f603674a91f49,,
gaussian,iid,W,1.0,7.0,24.0,128.0,0.0,0.0,0.8075,16.0,0.9856465657552084,fa39fdee5ef6485d26f7fa57d6647901d06449a4825cc91c849d58e8d0297849,,
gaussian,iid,W,1.0,7.0,24.0,128.0,0.0,0.0,0.8075,17.0,0.534698486328125,01ffe21419540e1e36f30dc8f4cc2eb07f69aa554fb227f459a5431d29fdb53a,,
gaussian,iid,W,1.0,7.0,24.0,128.0,0.0,0.0,0.8075,18.0,0.3193715413411458,40bf093d442cda5924c082df2c68c0b3c3aa744089ec23fa27c1788ad11ba8f6,,
gaussian,iid,W,1.0,7.0,24.0,128.0,0.0,0.0,0.8075,19.0,0.6875254313151041,4c7238ec1ba901c279999835d0224d2178ab4e92b502fc9f15f5e03472682991,,
gaussian,iid,W,1.0,7.0,24.0,128.0,0.0,0.0,0.8075,20.0,0.6389617919921875,55a36f8d6d923002ef7a7e3816a51ab5b6c1da6c031d44a3427a5e76cd87d833,,
gaussian,iid,W,1.0,7.0,24.0,128.0,0.0,0.0,0.8075,21.0,0.8193639119466146,ceef6f0b536cf0bf586c9d721f4f47c73ba42334f5b4eba76740dc2f3b9486c4,,
gaussian,iid,W,1.0,7.0,24.0,128.0,0.0,0.0,0.8075,22.0,0.8733113606770834,7083d8732ac15f0e799a070462fadb1b3334b909c4ae1d1b6a6a102ccd2daebb,,
gaussian,iid,W,1.0,7.0,24.0,128.0,0.0,0.0,0.8075,23.0,0.4544754028320312,555323e85aa9200802550729d18ca2f712ed5c567be046a1c304fc4d0b4a379c,,
gaussian,iid,W,1.0,7.0,24.0,128.0,0.0,0.0,0.8075,24.0,0.78094482421875,7bb904b9e6aa99a75bd23ae0de88dd8122d202b67b619f830b5cd66ce804f4ea,,
gaussian,iid,W,1.0,7.0,24.0,128.0,0.0,0.0,0.8075,25.0,0.5263595581054688,40a083f9d5c64435ec75bc9312a66b4b160375b760c79a8b010ef41a26ad9742,,
gaussian,iid,W,1.0,7.0,24.0,128.0,0.0,0.0,0.8075,26.0,0.6179351806640625,1922d1c297bd6a0990b192db362f0f6ecc35c9e3aaca07b6b64d9efe648f0362,,
gaussian,iid,W,1.0,7.0,24.0,128.0,0.0,0.0,0.8075,27.0,0.484509785970052,6ec891d5886a23a376edfbb2fb6650bb01e6ce6bdd205b892338221b6740d6bf,,
gaussian,iid,W,1.0,7.0,24.0,128.0,0.0,0.0,0.8075,28.0,0.5982106526692709,f8c0ea09b5724297f683bc73643e30acb44985f7a39c2a8b13fa3900abf8ef8f,,
gaussian,iid,W,1.0,7.0,24.0,128.0,0.0,0.0,0.8075,29.0,0.7666880289713541,f9c9d24f22f7b1c7c836599b3cbf53dab68dd3460461f3edc7e1dd2af6241a46,,
gaussian,iid,W,1.0,7.0,24.0,128.0,0.0,0.0,0.8075,30.0,0.4990463256835937,0f732c27c3f3a7dc019e9049dfbcb080fb80d511fa42162fe9ffcc11fb876ff8,,
gaussian,iid,W,1.0,7.0,24.0,128.0,0.0,0.0,0.8075,31.0,0.5393015543619791,8e852f47a07fbf6fe48996fd158212009a456c217e78d5cbc68f1f8feea34048,,
gaussian,iid,W,1.0,7.0,24.0,128.0,0.0,0.0,0.8075,32.0,0.5006739298502604,e000c8bfbbbab9ec631ae8e6dfceccde84069f522d74a60f7feb9cd48d2760cc,,
gaussian,iid,W,1.0,7.0,24.0,128.0,0.0,0.0,0.8075,33.0,0.4823811848958333,5e384e13540b01309362371f3b5202244d3e1cf81cce57583967710174374b48,,
gaussian,iid,W,1.0,7.0,24.0,128.0,0.0,0.0,0.8075,34.0,0.7884419759114584,777527d4d8c97b3f7e3f98877447db66291bcdd593f6f1cf592e9558a5e94f14,,
gaussian,iid,W,1.0,7.0,24.0,128.0,0.0,0.0,0.8075,35.0,0.6477686564127604,b327bda0a73dc511bd3a0fc7d133cbaeadfc9f0fc5f1c083c641ddff288d2c34,,
gaussian,iid,W,1.0,7.0,24.0,128.0,0.0,0.0,0.8075,36.0,0.2849095662434895,fcc16068b91a81db9337c2cdbd1860e8a514633fcdef83dcd463e8842cb8fe17,,
gaussian,iid,W,1.0,7.0,24.0,128.0,0.0,0.0,0.8075,37.0,0.983673095703125,24317db1dc9b5b1d8627152480edbd15d239e1a78889e315b93b7ad0ee34b9a7,,
gaussian,iid,W,1.0,7.0,24.0,128.0,0.0,0.0,0.8075,38.0,0.4947052001953125,1177808c8d3ccbc8bfa75e6fccea4985f761deba578e3e9466cc0a3a08b759f3,,
gaussian,iid,W,1.0,7.0,24.0,128.0,0.0,0.0,0.8075,39.0,0.3719863891601562,639a67da0f699dda72d64bf8f787ac755978fab709bc93f683a02d3e6229c2fa,,
gaussian,iid,W,1.0,7.0,24.0,128.0,0.0,0.0,0.8075,40.0,0.8358612060546875,900a7dc49b7ce58cfe9b22db0f6df5d8ceeda2b5b75e94f7bf40de977a7a4466,,
gaussian,iid,W,1.0,7.0,24.0,128.0,0.0,0.0,0.8075,41.0,0.6793314615885416,54a37b7159ab2c8f6401968a95c49a0d234747139bd931738b356d4c3621bd07,,
gaussian,iid,W,1.0,7.0,24.0,128.0,0.0,0.0,0.8075,42.0,0.4022318522135417,e3ad31729e4cffb99d7ae49f162495999011a5556fe971622f46b5114843b2f4,,
gaussian,iid,W,1.0,7.0,24.0,128.0,0.0,0.0,0.8075,43.0,0.4147389729817708,f598d24b9574f02740aad575d1bfec465bad8f3e44b05b9596d8d6e23cca35d3,,
gaussian,iid,W,1.0,7.0,24.0,128.0,0.0,0.0,0.8075,44.0,0.9814503987630208,09c1a5d644f0fdd9e67c6dc866f8e281c0711f2ef0ebea8bcf9094ca55cd3456,,
gaussian,iid,W,1.0,7.0,24.0,128.0,0.0,0.0,0.8075,45.0,0.4613418579101562,1515aaaf65a1207a2e0ee1152d2f2f52d0da8f6386a21fe5ed4595a9a889ff51,,
gaussian,iid,W,1.0,7.0,24.0,128.0,0.0,0.0,0.8075,46.0,0.5578664143880209,ea0f8abe1d6f274dc30df3d76d5265b28d59ea0ed0de5c43b7b6ed2172de33e0,,
gaussian,iid,W,1.0,7.0,24.0,128.0,0.0,0.0,0.8075,47.0,0.9687525431315104,05d15cb29c30a077f6ac35c4dea53018c11ccbf91c41ff2e69c2a50b7a6c4b3d,,
gaussian,iid,W,1.0,7.0,24.0,128.0,0.0,0.0,0.8075,48.0,0.7804133097330729,84ec80d46a3a8f703cb1b3e13df69caf3bff2b6d591d944324cb1409fb48f1f6,,
gaussian,iid,W,1.0,7.0,24.0,128.0,0.0,0.0,0.8075,49.0,0.6768213907877604,ab2ee34735593b40abf7fc2394b1a3151d4b5418cc08aff280713b1a34f4b22f,,
gaussian,iid,W,1.0,7.0,24.0,128.0,0.0,0.0,0.8075,50.0,0.7561798095703125,1589813c3d7e15504072771d0b6f70cf7b81a92ad59d33e1fd5a4ae66b49cb76,,
gaussian,iid,W,1.0,7.0,24.0,128.0,0.0,0.0,0.8075,51.0,0.4033533732096354,ed6b1a3d3a6890b654c6b3415195d305e5cf32828560324a03fd0916372c95fd,,
gaussian,iid,W,1.0,7.0,24.0,128.0,0.0,0.0,0.8075,52.0,0.62579345703125,4d80987b3bbdc1c884452cd2b4a5f8746659bee536a2553061805163f52e63b0,,
gaussian,iid,W,1.0,7.0,24.0,128.0,0.0,0.0,0.8075,53.0,0.740386962890625,bb5b102fdd40a988b837b5b8eded644f198750586a49d604b7bea6fabed740f8,,
gaussian,iid,W,1.0,7.0,24.0,128.0,0.0,0.0,0.8075,54.0,0.4669036865234375,e301da1ce16b73069334ada80eb2e67bbb2922f15c8e9d2495e8ece352fcb594,,
gaussian,iid,W,1.0,7.0,24.0,128.0,0.0,0.0,0.8075,55.0,0.9759445190429688,222bea3a7ec25623b5e11e91796a96d0e0959dcd84bb095ad996d09c85ffd79f,,
gaussian,iid,W,1.0,7.0,24.0,128.0,0.0,0.0,0.8075,56.0,0.8811060587565104,a078c058a07acd8b9df0cb590a481b10e405d975bf8ddec75171bd7d6573137f,,
gaussian,iid,W,1.0,7.0,24.0,128.0,0.0,0.0,0.8075,57.0,0.9854660034179688,7e6e781e06d0031f5781bd7344f7520c1a2ae7d87ff415abe48f3056b6f003f2,,
gaussian,iid,W,1.0,7.0,24.0,128.0,0.0,0.0,0.8075,58.0,0.9771652221679688,76a073c6eeaab11f2bb07c7482c71fd3038fd6d1c12464d6638379ec5e149193,,
gaussian,iid,W,1.0,7.0,24.0,128.0,0.0,0.0,0.8075,59.0,0.57696533203125,8eca566e84191c17f3859ee1077b376c4e8a43bf31f8364adab6875755f652a4,,
gaussian,iid,W,1.0,7.0,24.0,128.0,0.0,0.0,0.8075,60.0,0.5410893758138021,729dfa8fbae660d62e2c09c105cc790d154514d4196872c1bc6dee9ecda8f59c,,
gaussian,iid,W,1.0,7.0,24.0,128.0,0.0,0.0,0.8075,61.0,0.378278096516927,027afb11da72f74237fa0786ccbba090935f0f0f955bcb7dea8dec52dbdc4989,,
gaussian,iid,W,1.0,7.0,24.0,128.0,0.0,0.0,0.8075,62.0,0.8872629801432291,85dca79a8bb2c99e769332f82ebeabaab59a0468113f41ab450c536849e04da9,,
gaussian,iid,W,1.0,7.0,24.0,128.0,0.0,0.0,0.8075,63.0,0.5107065836588541,611b01dae0cffbfa87179157781ba317de9d751c4872a40c0964cf34922bf6bd,,
gaussian,iid,W,1.0,7.0,24.0,128.0,0.0,0.0,0.8075,64.0,0.7720006306966146,2791b1b42f07a8c805b0cd9506f85c2feee6f86a468449b5c6e939d2d518e18b,,
gaussian,iid,W,1.0,7.0,24.0,128.0,0.0,0.0,0.8075,65.0,0.9881540934244792,bcfea796cd3922c7091d95eae0f7f14fff589aa2eaab8b39cccb293d7e215a83,,
gaussian,iid,W,1.0,7.0,24.0,128.0,0.0,0.0,0.8075,66.0,0.3661956787109375,b1dcbfa7d4028791edbaeeaa35217ca97b166c23373fb99205efb3efc17ffdef,,
gaussian,iid,W,1.0,7.0,24.0,128.0,0.0,0.0,0.8075,67.0,0.9878005981445312,8f65e6b3d9eb9b30707678dc1da3670616e775225b2fad2940a5878d1ef2d248,,
gaussian,iid,W,1.0,7.0,24.0,128.0,0.0,0.0,0.8075,68.0,0.5374120076497396,25f2262e3a45d4111cf4e1e0945fdc425932245cc5df3055a54b317773389306,,
gaussian,iid,W,1.0,7.0,24.0,128.0,0.0,0.0,0.8075,69.0,0.7795817057291666,082027515de1a263c69052f5e8e479a0684061e7d4e7e519329b7be91e8c2013,,
gaussian,iid,W,1.0,7.0,24.0,128.0,0.0,0.0,0.8075,70.0,0.4827016194661458,7c5ab2bf2ef460d608ff4e60a22edefa120edead1fddd45ccb0093a8e4744439,,
gaussian,iid,W,1.0,7.0,24.0,128.0,0.0,0.0,0.8075,71.0,0.7487284342447916,9d5e9273832bfdf6bf16335efeed890b2fc3959ab761e82569c2eca5a4a47465,,
gaussian,iid,W,1.0,7.0,24.0,128.0,0.0,0.0,0.8075,72.0,0.5046208699544271,034bc71a3749a575ae2b2fafbee7f3638299b0e95d92e34581c917046c2aa4e1,,
gaussian,iid,W,1.0,7.0,24.0,128.0,0.0,0.0,0.8075,73.0,0.7750803629557291,2d797373dd34b3023ff254506188c4bc50a76488072e193bd9078577965910a9,,
gaussian,iid,W,1.0,7.0,24.0,128.0,0.0,0.0,0.8075,74.0,0.7476679484049479,48f2b023c0fad6dfd1848fc43b1e5aed5dd1924e20882a78c2db06a5f941d383,,
gaussian,iid,W,1.0,7.0,24.0,128.0,0.0,0.0,0.8075,75.0,0.7686614990234375,a67943b379b2df74ab9ba687c759296b0397f566a1af818640b8565c1c2db8e7,,
gaussian,iid,W,1.0,7.0,24.0,128.0,0.0,0.0,0.8075,76.0,0.7037633260091146,e456646534e12bd4d65c461176b689a23c923fd0c05c12f562b349375a128b61,,
gaussian,iid,W,1.0,7.0,24.0,128.0,0.0,0.0,0.8075,77.0,0.7636184692382812,d6242887971e8d9690cef301a303cb793de26a65b41a3ca8d8d85f9dff44f276,,
gaussian,iid,W,1.0,7.0,24.0,128.0,0.0,0.0,0.8075,78.0,0.9694137573242188,5bf47caca283eca720bb5881b8ce7292951297db716d14b07563d3728d2b4efb,,
gaussian,iid,W,1.0,7.0,24.0,128.0,0.0,0.0,0.8075,79.0,0.9866867065429688,b97d066c69d0ebb0bbbfeee3229abb20d71fa40c54e83e0a455603d65dce6ce2,,
gaussian,iid,W,1.0,7.0,24.0,128.0,0.0,0.0,0.8075,80.0,0.553985595703125,2fbdef631195b9f6c938bf7ff866a3e25b738bc795e26d63406910d6fe0587e1,,
gaussian,iid,W,1.0,7.0,24.0,128.0,0.0,0.0,0.8075,81.0,0.8578389485677084,ebb49552cc004bceb32783873fc7fb96bff5b8a708604129f05d5adcd2b163e2,,
gaussian,iid,W,1.0,7.0,24.0,128.0,0.0,0.0,0.8075,82.0,0.3170928955078125,f91c16de85e4cc7687c8ba2e2069d69f4fdec7a6a36b64112f1d136b78a916d7,,
gaussian,iid,W,1.0,7.0,24.0,128.0,0.0,0.0,0.8075,83.0,0.4935658772786458,58dcd60405950a4634741d278e6674aad8157c7792f0b6ab5047950edbae8ac9,,
gaussian,iid,W,1.0,7.0,24.0,128.0,0.0,0.0,0.8075,84.0,0.6195424397786459,bee42867189c27908c91188a203d477c57ae30abc0bc65d9b083c1a93e6734a9,,
gaussian,iid,W,1.0,7.0,24.0,128.0,0.0,0.0,0.8075,85.0,0.5141525268554688,f2d43e09a5edeff51ff3701e61a5d969045626ba89ee4b83f027bbe42bc13f0c,,
gaussian,iid,W,1.0,7.0,24.0,128.0,0.0,0.0,0.8075,86.0,0.983301798502604,e342c7be26b2b9d2ab5fb8104b68b71f8ac2f40dd7cd81f641e7f58d7b9936e4,,
gaussian,iid,W,1.0,7.0,24.0,128.0,0.0,0.0,0.8075,87.0,0.8566335042317709,794158c55b10c1998c31cceccc4b2c317b0e9e331b2a78aeb66edceed1aca362,,
gaussian,iid,W,1.0,7.0,24.0,128.0,0.0,0.0,0.8075,88.0,0.6587778727213541,08d4e85632afe7a0c6285ad0889f6f1c476ebeee4bfbacda721a3ceebf39cad0,,
gaussian,iid,W,1.0,7.0,24.0,128.0,0.0,0.0,0.8075,89.0,0.9737319946289062,4c0408e049dcc4a661f9898b50e5a8e0fbd411738cab627279c962f17b1c44c2,,
gaussian,iid,W,1.0,7.0,24.0,128.0,0.0,0.0,0.8075,90.0,0.3730138142903645,9fff12b1e25ca6d64fe5da7d70a82d2ffa043cbec89952e60cc2e5bf7de7c0c4,,
gaussian,iid,W,1.0,7.0,24.0,128.0,0.0,0.0,0.8075,91.0,0.9839274088541666,2d755d66f258c966f5e2b3e35651f36942a19dbdac2ea8baab18619ee89a54d1,,
gaussian,iid,W,1.0,7.0,24.0,128.0,0.0,0.0,0.8075,92.0,0.5685628255208334,08c7c89d19dbb4ff91b6ac72264d840cda92a81fa972b930ee189f6542cd3a65,,
gaussian,iid,W,1.0,7.0,24.0,128.0,0.0,0.0,0.8075,93.0,0.6121851603190104,08aa50556a0581f624cd947a5c26999d65a1210fe0143f0028199d0c199991a0,,
gaussian,iid,W,1.0,7.0,24.0,128.0,0.0,0.0,0.8075,94.0,0.9888076782226562,6624d64cf2810a8e50ace97e7c3e1e0f0c9c3f1d8a96e5c4b1de39bfefd23d82,,
gaussian,iid,W,1.0,7.0,24.0,128.0,0.0,0.0,0.8075,95.0,0.8300755818684896,b6ad10e70ecdffb960802f0fe6feb3021c73fc4d4bf818b16bc5474a211822c5,,
gaussian,iid,W,1.0,7.0,24.0,128.0,0.0,0.0,0.81,0.0,0.9801712036132812,04d17a8bdaa42b5ab786e94b4a7a1ca63d0102a685ceac53952fe8769c9066be,,
gaussian,iid,W,1.0,7.0,24.0,128.0,0.0,0.0,0.81,1.0,0.7990849812825521,4bcbbc2ff658c9485283bbbcd1fd00120b13c5fb07fa08812029ef846fd99621,,
gaussian,iid,W,1.0,7.0,24.0,128.0,0.0,0.0,0.81,2.0,0.9857457478841146,de1cc6f702c1294287f51882fafb282311ecce9be66ce86769a743006dacf365,,
gaussian,iid,W,1.0,7.0,24.0,128.0,0.0,0.0,0.81,3.0,0.8165232340494791,e8ffe1cae5cf5103a84c9bf022a0c7ab824c1235c2cb6b542808a77872cbdceb,,
gaussian,iid,W,1.0,7.0,24.0,128.0,0.0,0.0,0.81,4.0,0.9863179524739584,3a2e21b182f92e40d46ced8f61f1060129252019d9a7a08d301fdb01b943a2d0,,
gaussian,iid,W,1.0,7.0,24.0,128.0,0.0,0.0,0.81,5.0,0.9802042643229166,d4e32e1e06ea1e2e070b52ed781a3560010fb4ea3546a152b8e0ff8812f0e6f7,,
gaussian,iid,W,1.0,7.0,24.0,128.0,0.0,0.0,0.81,6.0,0.5176773071289062,855e51a2f4308151d41d8c0ecf454ceb8636224724c373869ab239bc83074106,,
gaussian,iid,W,1.0,7.0,24.0,128.0,0.0,0.0,0.81,7.0,0.4445648193359375,0b732a69cd77e165c2a2937193fa572618581d4625bef42d2149d676ffba2bd2,,
gaussian,iid,W,1.0,7.0,24.0,128.0,0.0,0.0,0.81,8.0,0.6993560791015625,7186734c1255812988126c0a93879f3b5396f0a0c77387268887f2595a6ea141,,
gaussian,iid,W,1.0,7.0,24.0,128.0,0.0,0.0,0.81,9.0,0.3490015665690104,ae68a56ad596f403f18d7708229b64ab2b860cdb82fd4f800356d92b2700e6ce,,
gaussian,iid,W,1.0,7.0,24.0,128.0,0.0,0.0,0.81,10.0,0.8611729939778646,76f0c452a740687d5a751e6cd611a1194a0599d5320852f13f510b9872926139,,
gaussian,iid,W,1.0,7.0,24.0,128.0,0.0,0.0,0.81,11.0,0.989293416341146,a15dc61e072870ed53c08c107765c1ab2816acf72ec4e9f39b44745b7e3360c7,,
gaussian,iid,W,1.0,7.0,24.0,128.0,0.0,0.0,0.81,12.0,0.9859848022460938,ec92a192a2c485c9bf62ea7b0128190a4a00d0f2601215a36a66505fcd204d5e,,
gaussian,iid,W,1.0,7.0,24.0,128.0,0.0,0.0,0.81,13.0,0.9571762084960938,26b62ec884ad7ced32fb1cc3efcd18892d9fe73db512cd43d4bc262e78353808,,
gaussian,iid,W,1.0,7.0,24.0,128.0,0.0,0.0,0.81,14.0,0.8970387776692709,67568e847e40756b7c9c1a986057e308d30f1a039bc73f88b783fe78e083477f,,
gaussian,iid,W,1.0,7.0,24.0,128.0,0.0,0.0,0.81,15.0,0.4683278401692708,909c4923d91ec60233627f492571756523ed432b35015264956202a9e57c1526,,
gaussian,iid,W,1.0,7.0,24.0,128.0,0.0,0.0,0.81,16.0,0.5109608968098959,9da3c6989fdfa299800c98b113dbd8d67cd6eec91847ecc07a7a6a89ed49f1f7,,
gaussian,iid,W,1.0,7.0,24.0,128.0,0.0,0.0,0.81,17.0,0.9846878051757812,40228620ad59647c0c8885a44a5b7e06d6c7b18a88b802c7125b060cb4161f32,,
gaussian,iid,W,1.0,7.0,24.0,128.0,0.0,0.0,0.81,18.0,0.5712153116861979,bb5d02b68f471418902d0193f0b90328c63916ea32b6df0ffdd5670ffc31f71e,,
gaussian,iid,W,1.0,7.0,24.0,128.0,0.0,0.0,0.81,19.0,0.6887232462565104,9a606df71f80c0a992ed44583475573a71dda02dd0557b2539025b5ea4626f07,,
gaussian,iid,W,1.0,7.0,24.0,128.0,0.0,0.0,0.81,20.0,0.8159891764322916,da91f1887e72f8ced43752150fb0b546dd2e02918a07c80d4e44a51bd59e6eda,,
gaussian,iid,W,1.0,7.0,24.0,128.0,0.0,0.0,0.81,21.0,0.8305867513020834,5b820bc267abbb0793e58a68777cd959216cfdff6dd1f24a087f8cbac3f06681,,
gaussian,iid,W,1.0,7.0,24.0,128.0,0.0,0.0,0.81,22.0,0.8691075642903646,0046f9959cd2c6f738477353bd12a71356ee195cc0e1921ef71249af6336b856,,
gaussian,iid,W,1.0,7.0,24.0,128.0,0.0,0.0,0.81,23.0,0.4090423583984375,9fcaa1af6d613e6c56ff51316af1a252719a5001648e5711b046e2b3b166b156,,
gaussian,iid,W,1.0,7.0,24.0,128.0,0.0,0.0,0.81,24.0,0.786102294921875,36bbc52cd1c1d9f28cc232e4db9e8b47cb889d8dd468fa89b335cd78ce42a449,,
gaussian,iid,W,1.0,7.0,24.0,128.0,0.0,0.0,0.81,25.0,0.5331217447916666,169461c219493acf87197229d9ed6766f5f1cef3f91e6eb03a59fd9b8e1ae4e2,,
gaussian,iid,W,1.0,7.0,24.0,128.0,0.0,0.0,0.81,26.0,0.9832534790039062,07706502095210cc23a8747eb2439e94f5afcc67a74987777a8e16e3de926147,,
gaussian,iid,W,1.0,7.0,24.0,128.0,0.0,0.0,0.81,27.0,0.4880549112955729,8de728fe8f71e305489ee00f653f7906a5795a6bcc989a949d78e74adc08ed7a,,
gaussian,iid,W,1.0,7.0,24.0,128.0,0.0,0.0,0.81,28.0,0.9878082275390624,1a28e90d9e1c5e1db270f367b87b7e3b5aa5e6e038991f2473036cc3941f991f,,
gaussian,iid,W,1.0,7.0,24.0,128.0,0.0,0.0,0.81,29.0,0.9006856282552084,4707bb8569dc7011699c3a9bf17ffb0713bfdd19e8a7e1f939249018d58d5b4a,,
gaussian,iid,W,1.0,7.0,24.0,128.0,0.0,0.0,0.81,30.0,0.4996210734049479,a7b298f65fadfac9de79e511a8c4bdf104b8e8879522059c8994899cfe050cd0,,
gaussian,iid,W,1.0,7.0,24.0,128.0,0.0,0.0,0.81,31.0,0.988983154296875,4f5f377882c9437fe243bc72eeb2ba03d6dd30813d81ae36586db56bcd85b30d,,
gaussian,iid,W,1.0,7.0,24.0,128.0,0.0,0.0,0.81,32.0,0.9848785400390624,cb6c9e904dfdbc378c6cec50bb2b3e9f41a53d2e410223cf7e0d17e5c4ff1c19,,
gaussian,iid,W,1.0,7.0,24.0,128.0,0.0,0.0,0.81,33.0,0.4825820922851562,649598dbf448775333796829a5c495438792a705aaa504be9237a6fadb14598c,,
gaussian,iid,W,1.0,7.0,24.0,128.0,0.0,0.0,0.81,34.0,0.9880956013997396,bd26763d15c6e6c32dd6634303ad3854e4ed399719720a697bab8b06d1ba7f00,,
gaussian,iid,W,1.0,7.0,24.0,128.0,0.0,0.0,0.81,35.0,0.6481424967447916,39b49b682b103b0acce0c83397f81b72531c28e6e6fe5cb2b70887e78ac8aafd,,
gaussian,iid,W,1.0,7.0,24.0,128.0,0.0,0.0,0.81,36.0,0.8832346598307291,37aeb7cee231b0668fd640aa5d2a9a2f17621d687b02d7f7ab0fdb2c85ac3740,,
gaussian,iid,W,1.0,7.0,24.0,128.0,0.0,0.0,0.81,37.0,0.9845733642578124,37ce39ef7241c6766e2122bd162e11e56d8896017f4ccdcab566a4c737779011,,
gaussian,iid,W,1.0,7.0,24.0,128.0,0.0,0.0,0.81,38.0,0.4956588745117187,52f932595daee0534b04e318371b8399e8ef08cc09dddf0875d469b19d4be973,,
gaussian,iid,W,1.0,7.0,24.0,128.0,0.0,0.0,0.81,39.0,0.3911946614583333,46bd8318d26f2819ee261fc3b6b87bc9c0140570b021b7b2f04b99662368cc84,,
gaussian,iid,W,1.0,7.0,24.0,128.0,0.0,0.0,0.81,40.0,0.9685134887695312,1d9ee35330593864bec15645de989c35bc8c47a3335e387d94848094ce534b9f,,
gaussian,iid,W,1.0,7.0,24.0,128.0,0.0,0.0,0.81,41.0,0.9682566324869792,6bcfb43c2a9d6a781ee1f220e5430e20e17a5f31d1729b172b9b9dac396174f2,,
gaussian,iid,W,1.0,7.0,24.0,128.0,0.0,0.0,0.81,42.0,0.5868504842122396,fe065bc81caabe616e25ccf1cb496102d3b188fec577af06211c83c691536427,,
gaussian,iid,W,1.0,7.0,24.0,128.0,0.0,0.0,0.81,43.0,0.5879338582356771,e9c52b6275968a7cb043214f162e1583e1414b6dd4914828bfdb88ae048475ae,,
gaussian,iid,W,1.0,7.0,24.0,128.0,0.0,0.0,0.81,44.0,0.7290878295898438,1f9da0087b52f2188041d24af69bb249dd18760c284b26436043703f38f1d40a,,
gaussian,iid,W,1.0,7.0,24.0,128.0,0.0,0.0,0.81,45.0,0.8211212158203125,0c6256d1f725b786a0dcc40c67b8ecac5d8202ef3e6218c528935a48f7dc9158,,
gaussian,iid,W,1.0,7.0,24.0,128.0,0.0,0.0,0.81,46.0,0.5622736612955729,43b2379735df823dc404489f74406965aff1b5c26c37519922cf8cc9577efcd4,,
gaussian,iid,W,1.0,7.0,24.0,128.0,0.0,0.0,0.81,47.0,0.9837697347005208,968dd8504388d11946505f716a2a2983b144ce117c61373280552cad96da2155,,
gaussian,iid,W,1.0,7.0,24.0,128.0,0.0,0.0,0.81,48.0,0.972607930501302,03fb6a9e7c1107ccdfba65bbc43f98dd30a29beb5c3c73aa0630efcb6f00b4b8,,
gaussian,iid,W,1.0,7.0,24.0,128.0,0.0,0.0,0.81,49.0,0.975438435872396,936b93439910e0871bb0de408ec151904bc49dbb5426eda1eaaf5272b64d335a,,
gaussian,iid,W,1.0,7.0,24.0,128.0,0.0,0.0,0.81,50.0,0.9851226806640624,d2d08b669dc21587aee38547d75190abf6cc24464f992a936195b54c435f073b,,
gaussian,iid,W,1.0,7.0,24.0,128.0,0.0,0.0,0.81,51.0,0.988451639811198,5505902e156a1cccb940ba3420dc0dcecae017dae18616ba88176effa997f30f,,
gaussian,iid,W,1.0,7.0,24.0,128.0,0.0,0.0,0.81,52.0,0.6260197957356771,2182a630ca303c8fbc9c2ba35e20a8f543ea4573d73858de12b3b6bf73ee997c,,
gaussian,iid,W,1.0,7.0,24.0,128.0,0.0,0.0,0.81,53.0,0.740570068359375,96b9289a53a4f1dada18c3af8c6dc260c857a7593891a9140c39efb59d95315a,,
gaussian,iid,W,1.0,7.0,24.0,128.0,0.0,0.0,0.81,54.0,0.4674173990885417,ad6c1a249305cca43a652d553454ee5eda7cd07ce9f334eec29c627a418b57ba,,
gaussian,iid,W,1.0,7.0,24.0,128.0,0.0,0.0,0.81,55.0,0.9760793050130208,37f5270f112c3a8d1613bb63a64bc42e90be6deab061877d957add6a9b4dafa7,,
gaussian,iid,W,1.0,7.0,24.0,128.0,0.0,0.0,0.81,56.0,0.8874638875325521,290683a5a68c7aab78eb8ee9d229f61b456b63238bc00b2477d8a313432a51bb,,
gaussian,iid,W,1.0,7.0,24.0,128.0,0.0,0.0,0.81,57.0,0.9343694051106772,8886d9fcc627abd70efe7fbcbd619cae832be37bd8b212f9a78e8a58394ad223,,
gaussian,iid,W,1.0,7.0,24.0,128.0,0.0,0.0,0.81,58.0,0.9857508341471354,e92a176933f07e4c245b10a673115f4c9e6116b1fba6f8a74cc63453d6611e6c,,
gaussian,iid,W,1.0,7.0,24.0,128.0,0.0,0.0,0.81,59.0,0.981109619140625,12bec574b5d79f6bd2624ff96f2435c35ef5b353c09506f0195294b23217afea,,
gaussian,iid,W,1.0,7.0,24.0,128.0,0.0,0.0,0.81,60.0,0.5498809814453125,fe89faa1b60fb0c9c333112a13bd712b7dc132565bb2bc403350d65848ccdd08,,
gaussian,iid,W,1.0,7.0,24.0,128.0,0.0,0.0,0.81,61.0,0.3875020345052083,ae8d2572246a3aedbb1630ac0228332b9c7ee59c653cec01ddd870db3ea6da84,,
gaussian,iid,W,1.0,7.0,24.0,128.0,0.0,0.0,0.81,62.0,0.887603759765625,6b933f83e95890478084d466bee4ffa32563e47f0030fa2af6b1c0987dc1a53b,,
gaussian,iid,W,1.0,7.0,24.0,128.0,0.0,0.0,0.81,63.0,0.979222615559896,9c8958677534e5479113e083fc2a64679971cdd2bfe84200fc8738b78ecf9239,,
gaussian,iid,W,1.0,7.0,24.0,128.0,0.0,0.0,0.81,64.0,0.7729390462239584,5d3b1aaa313f9563d08f97b320c4396b2df2d2b1b153f96e20b6ca14018ceb69,,
gaussian,iid,W,1.0,7.0,24.0,128.0,0.0,0.0,0.81,65.0,0.9885330200195312,cc176cd4d1986aac9de334a6e8246c7910be8b1e4aaea50c7711ddfe2caf2e63,,
gaussian,iid,W,1.0,7.0,24.0,128.0,0.0,0.0,0.81,66.0,0.5647354125976562,9b720e63ec88ab961cd5a4ad70abcd4b677cd4c71b311f592b5e103afd734a5f,,
gaussian,iid,W,1.0,7.0,24.0,128.0,0.0,0.0,0.81,67.0,0.9878590901692708,c76566f26ddb505a5706033e8ce545e6baee8048110506479617f395f3f1da17,,
gaussian,iid,W,1.0,7.0,24.0,128.0,0.0,0.0,0.81,68.0,0.5379079182942709,fb47e73d2f14c274d03a40e06d9d150b3652014eae66174c66788ef279d3ee09,,
gaussian,iid,W,1.0,7.0,24.0,128.0,0.0,0.0,0.81,69.0,0.9845148722330728,d8430dac7626c49b98d647b4f0ba357b9a50b3c48cdb954fc890c9e2e3d7f342,,
gaussian,iid,W,1.0,7.0,24.0,128.0,0.0,0.0,0.81,70.0,0.4828872680664062,21341d17b8ccbfb53837eace2a296df7e817af81674b6aa373f6f7a8b68ed40e,,
gaussian,iid,W,1.0,7.0,24.0,128.0,0.0,0.0,0.81,71.0,0.7511393229166666,50cab53438f2a2208ad050626ca01c21435f06d2f255eb0d5536912c360bf1f9,,
gaussian,iid,W,1.0,7.0,24.0,128.0,0.0,0.0,0.81,72.0,0.5047098795572916,5ac64d1f3deb04d4026cfb61bfdcd8995b3efefbe7cbb162835ac6e43ffe6d19,,
gaussian,iid,W,1.0,7.0,24.0,128.0,0.0,0.0,0.81,73.0,0.8631846110026041,d1349bd1833a54379e0467ae55a2dc78ea8e995c2f4ddcaf1b96c3386dac8b3d,,
gaussian,iid,W,1.0,7.0,24.0,128.0,0.0,0.0,0.81,74.0,0.748046875,dc54e52356e88fcb6dcf16122e1957e5e34561fe4b418a8b3a5a8285f2d40be2,,
gaussian,iid,W,1.0,7.0,24.0,128.0,0.0,0.0,0.81,75.0,0.9749094645182292,45351fe516554dda8417d21f701eaa858a693350f53e25c43aa54394fdd8ec17,,
gaussian,iid,W,1.0,7.0,24.0,128.0,0.0,0.0,0.81,76.0,0.986546834309896,2c87327eb05265e047a6eeb05497c3a798edb61c09be735ab782a18e12f60048,,
gaussian,iid,W,1.0,7.0,24.0,128.0,0.0,0.0,0.81,77.0,0.9844385782877604,7fdf33d2d9931098238726d9e0650a67e9172dec32663d9d7442319a176fe34a,,
gaussian,iid,W,1.0,7.0,24.0,128.0,0.0,0.0,0.81,78.0,0.9868316650390624,c1d5f3a3a43cfddcd738e7ef20e9e401b7f8d8bf1cc5e112ed1727521ee28566,,
gaussian,iid,W,1.0,7.0,24.0,128.0,0.0,0.0,0.81,79.0,0.986829121907552,9eb6aff12d799eeab02829a0ffb157ee7fa40f5551de46600d7df546fe2ec047,,
gaussian,iid,W,1.0,7.0,24.0,128.0,0.0,0.0,0.81,80.0,0.9692586263020834,4ba8164e29d720a5134c9c8317186b9f482c92d105fa03c227b9bb6c0b61ac22,,
gaussian,iid,W,1.0,7.0,24.0,128.0,0.0,0.0,0.81,81.0,0.98565673828125,e0fd241199be5c7f62a20d568e9c5b4bd2ae8e3d587eb408ee79f14fe75a43d1,,
gaussian,iid,W,1.0,7.0,24.0,128.0,0.0,0.0,0.81,82.0,0.3453572591145833,7f19883269976ab29e1dc74eb6b9bbebb2138d1280934ecec48971833ff42aa1,,
gaussian,iid,W,1.0,7.0,24.0,128.0,0.0,0.0,0.81,83.0,0.4863230387369792,1c1fb55d9946db54f1594eed8bfed25922b1f18513777a48b3f40b6f64ae9cef,,
gaussian,iid,W,1.0,7.0,24.0,128.0,0.0,0.0,0.81,84.0,0.9884084065755208,a27fa33c26cea2e0f0a389c67b6ae0ab18e6b8907789f9836db5f02b412d60eb,,
gaussian,iid,W,1.0,7.0,24.0,128.0,0.0,0.0,0.81,85.0,0.5143915812174479,c07a2cfd4a8d4b943080b128b52118e3003e1b56e0d7c76386b8b9e33e39736d,,
gaussian,iid,W,1.0,7.0,24.0,128.0,0.0,0.0,0.81,86.0,0.9763565063476562,18577d06c08d7851c4984fc3ee1baf8f5e8d71d52b803430586863314cc2b455,,
gaussian,iid,W,1.0,7.0,24.0,128.0,0.0,0.0,0.81,87.0,0.8571141560872396,245f0e18c53de5643d70497425ac64994b231be391a6b23d7e820b8f750e8f6a,,
gaussian,iid,W,1.0,7.0,24.0,128.0,0.0,0.0,0.81,88.0,0.659088134765625,118cd821bbcf47b186c1a8ffb3fc4c5ce98cbe9980b0ef982a8c8fe899de9c17,,
gaussian,iid,W,1.0,7.0,24.0,128.0,0.0,0.0,0.81,89.0,0.9859466552734376,029d399a615b2708d43dfe398b46c9ff84b796b3c6adc92b03a5076b5c8dbb74,,
gaussian,iid,W,1.0,7.0,24.0,128.0,0.0,0.0,0.81,90.0,0.9873199462890624,f66eb8da00a0a5d9351b0bd74973f3d22848ce1ac0760968213f99efc2bdde9b,,
gaussian,iid,W,1.0,7.0,24.0,128.0,0.0,0.0,0.81,91.0,0.9840850830078124,8c3f404154a3c906db0db6d8e17f3b8b631cf4daeb0a09f23adec9471d888464,,
gaussian,iid,W,1.0,7.0,24.0,128.0,0.0,0.0,0.81,92.0,0.7600809733072916,e10005e208b505a79d400e8e3aa473f7ab3e54e553683f5b869546e21679bf2c,,
gaussian,iid,W,1.0,7.0,24.0,128.0,0.0,0.0,0.81,93.0,0.6132965087890625,63d3d36d186a7360118b80030c5910101dbe496a36eaad7138b9242f14dfd58a,,
gaussian,iid,W,1.0,7.0,24.0,128.0,0.0,0.0,0.81,94.0,0.989110310872396,325f9abbe339e3b7e96cd7e73432aeb55f8bc068bf48506b50ec5c4e7e09c425,,
gaussian,iid,W,1.0,7.0,24.0,128.0,0.0,0.0,0.81,95.0,0.9885279337565104,6eddbb81cf5f771b60b8fba0fbe2290b5a15524c62b5307d792c492858e15b26,,
gaussian,iid,W,1.0,7.0,24.0,128.0,0.0,0.0,0.8125,0.0,0.9818547566731772,0460477253f565c46f6fdd5e73f5d46504e36ef4c81fda9ee9e628ef84c6e3bf,,
gaussian,iid,W,1.0,7.0,24.0,128.0,0.0,0.0,0.8125,1.0,0.7991663614908854,c0f4700851153b150d94ed3178610cabec74d72c529866da1e540e9c46b2b5b6,,
gaussian,iid,W,1.0,7.0,24.0,128.0,0.0,0.0,0.8125,2.0,0.9861373901367188,4d8897406b835ca35730c81ffdfdc1476be9d9b4e37c6363d4f7dd509578368e,,
gaussian,iid,W,1.0,7.0,24.0,128.0,0.0,0.0,0.8125,3.0,0.8167368570963541,8af640b0f5279bc4ec41d6f2853e2bf356a859a0c8e73b23757861298daf2f27,,
gaussian,iid,W,1.0,7.0,24.0,128.0,0.0,0.0,0.8125,4.0,0.986462910970052,24a857634c446b81831bc651da6c3447db58c61330398d0a6415631fcbb1f34f,,
gaussian,iid,W,1.0,7.0,24.0,128.0,0.0,0.0,0.8125,5.0,0.9843088785807292,010bdd9c313540760308feb57e5d9a64fa4b4a5c1baeb685934ee0fbdcf58812,,
gaussian,iid,W,1.0,7.0,24.0,128.0,0.0,0.0,0.8125,6.0,0.5180282592773438,e80d7d6c11d60c60c664f95ab01828e841c5ce5187ab2e28d68b3f7b46a3d500,,
gaussian,iid,W,1.0,7.0,24.0,128.0,0.0,0.0,0.8125,7.0,0.614990234375,d6b3ae1e35d4debff02c18391636313118a7c28d30e24104c5c1bca0dbfb56b5,,
gaussian,iid,W,1.0,7.0,24.0,128.0,0.0,0.0,0.8125,8.0,0.8639399210611979,33d46a1bda3bd6b5189eae7bc6e6bc261eb5ef2ae38640801c6b950cc6cdd3d5,,
gaussian,iid,W,1.0,7.0,24.0,128.0,0.0,0.0,0.8125,9.0,0.7038904825846354,979d2a9f6ab2d58536b7e8fec58572070c0536b0e99af0cfe6dda37225c6f823,,
gaussian,iid,W,1.0,7.0,24.0,128.0,0.0,0.0,0.8125,10.0,0.9801457722981772,0bd4acd025a412eafb9ec78d87609e9f9974ff03646f3639516287fd95fd4565,,
gaussian,iid,W,1.0,7.0,24.0,128.0,0.0,0.0,0.8125,11.0,0.9894078572591146,6423c9903bb258065289bc953fe79b09ccfb298a919408509380b8479c18d455,,
gaussian,iid,W,1.0,7.0,24.0,128.0,0.0,0.0,0.8125,12.0,0.8184102376302084,39d48fdf97a22a4eee997ddcdd6c72cc5ad621d4a6f7592708d44910774b5217,,
gaussian,iid,W,1.0,7.0,24.0,128.0,0.0,0.0,0.8125,13.0,0.9576644897460938,abfcbf07d6504beb7f4b153f50bb37604c81aeeba2386853e3215f4043cd31b8,,
gaussian,iid,W,1.0,7.0,24.0,128.0,0.0,0.0,0.8125,14.0,0.977869669596354,bd5590d79a66194e44a98f95f8d011b9586c2080606c955b3a652f960d4849bb,,
gaussian,iid,W,1.0,7.0,24.0,128.0,0.0,0.0,0.8125,15.0,0.9720255533854166,c65f9b4f04e3ca8fa0ea892042b529f0fcb765b4d6c11bf9d94d2204a6c0e66b,,
gaussian,iid,W,1.0,7.0,24.0,128.0,0.0,0.0,0.8125,16.0,0.986096700032552,887d9ee623948024002599d4c8623a14220e46a1edfa961a3542bc3d942755dc,,
gaussian,iid,W,1.0,7.0,24.0,128.0,0.0,0.0,0.8125,17.0,0.9840418497721354,ecb461ee9c048b890ad08ef751ebd57f454bc7c0e7eb52e54e664de2bc6d75b7,,
gaussian,iid,W,1.0,7.0,24.0,128.0,0.0,0.0,0.8125,18.0,0.915026346842448,46cce204c79e136fa31a9e13febb9abcaaf9357e2d169a8f2e9eeef5e90c1b58,,
gaussian,iid,W,1.0,7.0,24.0,128.0,0.0,0.0,0.8125,19.0,0.9908905029296876,58c39ae414874a0223d6e13ba557a9a01484026736feb169f457ffe6bc2fdd46,,
gaussian,iid,W,1.0,7.0,24.0,128.0,0.0,0.0,0.8125,20.0,0.8165232340494791,80ad227a54136a75e3e258da989cb6ec01a7352e14e43e4c7e7e313c53077cf4,,
gaussian,iid,W,1.0,7.0,24.0,128.0,0.0,0.0,0.8125,21.0,0.83099365234375,95f03f23e1b4f08b0d267f2daf67dcb90330a8a3347cd413d61faec381da6b4d,,
gaussian,iid,W,1.0,7.0,24.0,128.0,0.0,0.0,0.8125,22.0,0.8773244222005209,f4b4434b15e3ddb20cb0468ff2177a60b4ccddad6e13c5c02839ac60d392cbab,,
gaussian,iid,W,1.0,7.0,24.0,128.0,0.0,0.0,0.8125,23.0,0.7361043294270834,0da72c8e546b79a59df46f8d75d7a12c9c631c8ff6be95e0e3efefd7f01965ca,,
gaussian,iid,W,1.0,7.0,24.0,128.0,0.0,0.0,0.8125,24.0,0.7864863077799479,90f97ecd0efe581fcaa5e16653f8c7983894286326e8bc823c173c389d5e6623,,
gaussian,iid,W,1.0,7.0,24.0,128.0,0.0,0.0,0.8125,25.0,0.9878718058268228,dab4cb204b065b4eecf4b2b1b9e0f3a5279131afe1ada66aebe364afbbe9da89,,
gaussian,iid,W,1.0,7.0,24.0,128.0,0.0,0.0,0.8125,26.0,0.9833526611328124,79cdbf8eb13aac060a2206de4ef739f7509fb5319a56f09ffc39b8b1041c6962,,
gaussian,iid,W,1.0,7.0,24.0,128.0,0.0,0.0,0.8125,27.0,0.4883906046549479,145ef2ba5a24986e9e522d648f8b5b7b638877580f6f5f392b03d4f274f05bd5,,
gaussian,iid,W,1.0,7.0,24.0,128.0,0.0,0.0,0.8125,28.0,0.6038589477539062,224352874b0dc22d23fd969b303150603651bae24edb7ca71a08e41539cb5861,,
gaussian,iid,W,1.0,7.0,24.0,128.0,0.0,0.0,0.8125,29.0,0.905186971028646,e94f7da8dabf5fb27d8994e847eae8190c4af3376c5ec50f6d49f01fefd414d1,,
gaussian,iid,W,1.0,7.0,24.0,128.0,0.0,0.0,0.8125,30.0,0.990125020345052,8e8e16ff4263db883e4e690db9aa9b7efbb3b3c5ad0599cb95c99fd33360d3c9,,
gaussian,iid,W,1.0,7.0,24.0,128.0,0.0,0.0,0.8125,31.0,0.9890848795572916,c2b58380273438803cfa0751ff40c2adc4af0a8b0748121f7713af9e76f2bdfa,,
gaussian,iid,W,1.0,7.0,24.0,128.0,0.0,0.0,0.8125,32.0,0.98504638671875,1c133948f02f3b9d8cc9862a5e35c503ea8ff507f0ea13a3204d8b63ac0bd68b,,
gaussian,iid,W,1.0,7.0,24.0,128.0,0.0,0.0,0.8125,33.0,0.9842758178710938,e93b3d16c86a7a88d316287624fefa61185fbecc0ba5f4cde9d44ec42245c694,,
gaussian,iid,W,1.0,7.0,24.0,128.0,0.0,0.0,0.8125,34.0,0.9882481892903646,6800587912253c1514c00054ec98ce9cdb304164dd2569ed1f711224de74e1b9,,
gaussian,iid,W,1.0,7.0,24.0,128.0,0.0,0.0,0.8125,35.0,0.6528218587239584,45e0efcc7d2f19ed58e54a6960f6a05fa563e8eb95ac12f61004f51467c4586b,,
gaussian,iid,W,1.0,7.0,24.0,128.0,0.0,0.0,0.8125,36.0,0.5486373901367188,880286a45b23824fac87acdb010080305fb8d26d0f2b15565f8a106bae5cebb2,,
gaussian,iid,W,1.0,7.0,24.0,128.0,0.0,0.0,0.8125,37.0,0.9879252115885416,64544fb10f3728b21b1df4626f4e15649865db9732c4168e0cb3ed43b68fc043,,
gaussian,iid,W,1.0,7.0,24.0,128.0,0.0,0.0,0.8125,38.0,0.986297607421875,cd2f94adca933d85faaecfd1bef816fa826c9ec51d2bee56e57f6907ab51791e,,
gaussian,iid,W,1.0,7.0,24.0,128.0,0.0,0.0,0.8125,39.0,0.5832722981770834,0fcac71f57323ec90d1fca00868170613a5830f4b2e18f56ac7f9dbe153bf123,,
gaussian,iid,W,1.0,7.0,24.0,128.0,0.0,0.0,0.8125,40.0,0.9685643513997396,89026c9e463c6718d4dc2d2b6820efc01e96eeda65e5f8acabb2e82c15f21e20,,
gaussian,iid,W,1.0,7.0,24.0,128.0,0.0,0.0,0.8125,41.0,0.968419392903646,2d3ac5b688a83e604e427e2e862b83e2538c48953629a02afcf72e297cb7d352,,
gaussian,iid,W,1.0,7.0,24.0,128.0,0.0,0.0,0.8125,42.0,0.5868174235026041,b91cea25c93e4d673b9c61340d040afb89449472ba4cfb7d5f5dd135264d3875,,
gaussian,iid,W,1.0,7.0,24.0,128.0,0.0,0.0,0.8125,43.0,0.5884043375651041,e59d81684d94ac2ac21ae54b054f2d2191987e0dc38b35147ad787fc93440cfa,,
gaussian,iid,W,1.0,7.0,24.0,128.0,0.0,0.0,0.8125,44.0,0.98297119140625,bb47392cf672129f72e608e4a1d021b99b737dd1680fefd7a7c6e6ac9ad13145,,
gaussian,iid,W,1.0,7.0,24.0,128.0,0.0,0.0,0.8125,45.0,0.919263203938802,e96d9177e5701c1ec086678691774a21b8622559a816c36d3a0deaaae8c51b70,,
gaussian,iid,W,1.0,7.0,24.0,128.0,0.0,0.0,0.8125,46.0,0.5663604736328125,ce29c8f97bc27ff9ba36a9c91f3887df45b14cff76ac55c32e95ddd0808ce3da,,
gaussian,iid,W,1.0,7.0,24.0,128.0,0.0,0.0,0.8125,47.0,0.9838027954101562,287ebf5c46f7bc20ec8c3ca1480b3a834470aa2875347c8d96825be8eff36db7,,
gaussian,iid,W,1.0,7.0,24.0,128.0,0.0,0.0,0.8125,48.0,0.9726969401041666,ca56fb2871095ea265787ea0dcbe88fff052813480db1d4fa40449698bd02cf4,,
gaussian,iid,W,1.0,7.0,24.0,128.0,0.0,0.0,0.8125,49.0,0.9755833943684896,5b14d876ca6e47607802b4d16214efb3aa39e31897530b85ca89acf0a8169b75,,
gaussian,iid,W,1.0,7.0,24.0,128.0,0.0,0.0,0.8125,50.0,0.9853337605794272,4a7430d0e8b09a9ba2042ea71eece4a28d41c06738599d59f338f893c9b40de0,,
gaussian,iid,W,1.0,7.0,24.0,128.0,0.0,0.0,0.8125,51.0,0.9886576334635416,dea25f3461bdca2a724db2f6a18c4b8ccf99821841d13c427a5872bd144dfd3a,,
gaussian,iid,W,1.0,7.0,24.0,128.0,0.0,0.0,0.8125,52.0,0.6291910807291666,c6a6738a71e7881e86f76a1ef6d074bf935a81b83c7a333afaa2ee762e3cf428,,
gaussian,iid,W,1.0,7.0,24.0,128.0,0.0,0.0,0.8125,53.0,0.4460220336914062,55a2957553e417f260f49f29d215447e912138af1775964a07ba23e64fbd9478,,
gaussian,iid,W,1.0,7.0,24.0,128.0,0.0,0.0,0.8125,54.0,0.4740142822265625,1758abb167738c751e0745891b12dbe4e0c135571f8d71f5e52072cf800dab89,,
gaussian,iid,W,1.0,7.0,24.0,128.0,0.0,0.0,0.8125,55.0,0.9759521484375,d82f82713d1eb9f8ba19f69fd67b4cc5964cee908df65923e08dacf772340f3e,,
gaussian,iid,W,1.0,7.0,24.0,128.0,0.0,0.0,0.8125,56.0,0.982007344563802,585d495991d2797ce783a5714750c5fbf71bb667eb3b4c3c667af0c09c2bc755,,
gaussian,iid,W,1.0,7.0,24.0,128.0,0.0,0.0,0.8125,57.0,0.9856643676757812,d9a6e059d081ece91f7cac8a2e2405219588ca7a1f89d18b89566b41e0c45502,,
gaussian,iid,W,1.0,7.0,24.0,128.0,0.0,0.0,0.8125,58.0,0.9860687255859376,991f5717430f102b5a4d06466a7d298e0cd3dbff67e2dfc70b9878ef03a200ee,,
gaussian,iid,W,1.0,7.0,24.0,128.0,0.0,0.0,0.8125,59.0,0.9811909993489584,0329b42e7ce861ccd1b83ac7669ff38ee7ac3751ab79bd821c8beb526c8649ca,,
gaussian,iid,W,1.0,7.0,24.0,128.0,0.0,0.0,0.8125,60.0,0.5505498250325521,15ad7aa039608a6747e9a0548ee84734bdf5706e2fc35fe2142c9ee66f4aeecc,,
gaussian,iid,W,1.0,7.0,24.0,128.0,0.0,0.0,0.8125,61.0,0.3926010131835937,4278c6f48beb33c4900d6279cff6468f18ff9407098e625d4a31a446cfa77e37,,
gaussian,iid,W,1.0,7.0,24.0,128.0,0.0,0.0,0.8125,62.0,0.88909912109375,2a03793e334e73f660ab1891b414831ae62999177be0e52687399c8947410e21,,
gaussian,iid,W,1.0,7.0,24.0,128.0,0.0,0.0,0.8125,63.0,0.984278361002604,76e5b56d6e54dd73eba7dfc9b61290f3ea12276732898785b35b68b49def2e73,,
gaussian,iid,W,1.0,7.0,24.0,128.0,0.0,0.0,0.8125,64.0,0.7730458577473959,3f0d67f61cb05bdabf3303cae69af9cb2226949ac57977a414dca2ddc30b7943,,
gaussian,iid,W,1.0,7.0,24.0,128.0,0.0,0.0,0.8125,65.0,0.9878997802734376,6ba5e74c8a7bbf583293e0be5e100b3f736278f8dea2ac545924c0e78b41587e,,
gaussian,iid,W,1.0,7.0,24.0,128.0,0.0,0.0,0.8125,66.0,0.5652669270833334,8a148a5ef95ed9af8b88b2c92fe401f0bc2891beda76c024edc3e8729322ea99,,
gaussian,iid,W,1.0,7.0,24.0,128.0,0.0,0.0,0.8125,67.0,0.988085428873698,28c5e11f945b08d8aed21205a94f00d6a8c99a884f7c603ae03f130027cbe809,,
gaussian,iid,W,1.0,7.0,24.0,128.0,0.0,0.0,0.8125,68.0,0.6992670694986979,efd3a2c5c2a3a039cc356b5ab3eeed9198810ca9570acce9dcee9bc0f18d6eeb,,
gaussian,iid,W,1.0,7.0,24.0,128.0,0.0,0.0,0.8125,69.0,0.9808171590169272,5e72b72c3b11f5ccd53de2411b40f2a5da4af71aee92c0e4d1a6929deb58fd7d,,
gaussian,iid,W,1.0,7.0,24.0,128.0,0.0,0.0,0.8125,70.0,0.4831314086914062,01432b9d38d0e5b9fbdd1be245b2d770b3d67cd87f33e9dcbf523c7d32690e50,,
gaussian,iid,W,1.0,7.0,24.0,128.0,0.0,0.0,0.8125,71.0,0.7785212198893229,12f91578224d3060e4a61f39204ead7451065476f968a0a95206d6c1cbfc4c5e,,
gaussian,iid,W,1.0,7.0,24.0,128.0,0.0,0.0,0.8125,72.0,0.8502655029296875,3dc33ca4bb9bb43a7aedc1224e0b525b17c5ce523b670ded98d7bc0f2fd3f55c,,
gaussian,iid,W,1.0,7.0,24.0,128.0,0.0,0.0,0.8125,73.0,0.8634262084960938,75c781b577a4bf9631494afa43dee8d7f35aac4fe1f04e798c2e463955911d80,,
gaussian,iid,W,1.0,7.0,24.0,128.0,0.0,0.0,0.8125,74.0,0.9878463745117188,920a9d7e8927de35cb38475d1a9273b40d4d219c847141f4c3f8bb0901c4057e,,
gaussian,iid,W,1.0,7.0,24.0,128.0,0.0,0.0,0.8125,75.0,0.9768498738606772,40ab92cef420e759b3ae62fe61ca2951b3670a3ba7bf74b0c09dc88d9a73d51e,,
gaussian,iid,W,1.0,7.0,24.0,128.0,0.0,0.0,0.8125,76.0,0.986913045247396,9b8c428c8f0f7eab2c0f000b6c6b08aa64a2bc3579b46eb8b11d50f6f7967fda,,
gaussian,iid,W,1.0,7.0,24.0,128.0,0.0,0.0,0.8125,77.0,0.9848658243815104,666dcd45186e51c3f2a1e2c1b86abccc1f575db6eac6be168eab0712031b3ae6,,
gaussian,iid,W,1.0,7.0,24.0,128.0,0.0,0.0,0.8125,78.0,0.8086573282877604,83a2e700b4edee63300c16e1d95d387771ef35c75f9453cd07371940dee3bf31,,
gaussian,iid,W,1.0,7.0,24.0,128.0,0.0,0.0,0.8125,79.0,0.9869817097981772,5c3fcbff38228ec4d54d59a4c0e9ed40337434d9bb77d21f6f49220d566e4149,,
gaussian,iid,W,1.0,7.0,24.0,128.0,0.0,0.0,0.8125,80.0,0.9867884318033854,f1cb4e861e6c009ac01e817683dd6b7e8d4d9f5e5afb96fd69241558f992e717,,
gaussian,iid,W,1.0,7.0,24.0,128.0,0.0,0.0,0.8125,81.0,0.986170450846354,5b2d3a04899fcfd3a0ab0e9a4ad52097dd03fe3f7814a7911ff91d26ce56da61,,
gaussian,iid,W,1.0,7.0,24.0,128.0,0.0,0.0,0.8125,82.0,0.6430892944335938,dd8b74e517723f2c08eaec42bfe0981fffbb07966f3e6aefa4c443a886044484,,
gaussian,iid,W,1.0,7.0,24.0,128.0,0.0,0.0,0.8125,83.0,0.4944330851236979,40758c62249bc2638e5dd75ebf871dd7dde82638fd0edd804c42cb3df4e53ecc,,
gaussian,iid,W,1.0,7.0,24.0,128.0,0.0,0.0,0.8125,84.0,0.5668792724609375,17a05504260bd64ac93892ee3b9c8ac23279d00da7e00d14ff58bdd4e660e7dd,,
gaussian,iid,W,1.0,7.0,24.0,128.0,0.0,0.0,0.8125,85.0,0.9854532877604166,c9d3cdc62dcec3f6a8c99c4cde03ab355e2c7a98a59621c9d1363860778f5cc9,,
gaussian,iid,W,1.0,7.0,24.0,128.0,0.0,0.0,0.8125,86.0,0.981043497721354,a67fcee8d67f79c9a43854d3b9ef779c5f355c9f03e0ae227465ddfcf52aff13,,
gaussian,iid,W,1.0,7.0,24.0,128.0,0.0,0.0,0.8125,87.0,0.9892400105794272,cf6ccea8c971e26597382bed4277283277f525df0ba5fac87f5e54d34b4a332d,,
gaussian,iid,W,1.0,7.0,24.0,128.0,0.0,0.0,0.8125,88.0,0.8217722574869791,53641caac202675b13c4b63c396065370873820afe14bb3a01cc683d539b06ae,,
gaussian,iid,W,1.0,7.0,24.0,128.0,0.0,0.0,0.8125,89.0,0.987719217936198,167ac7b5b87ec12d9e5a13b32c73393e1cb190ecf5fcb66e5ef22038fee206dd,,
gaussian,iid,W,1.0,7.0,24.0,128.0,0.0,0.0,0.8125,90.0,0.9877141316731772,7fcc568a8c637c31b080e8ddbce5d6492799012adbb78ffde3650a55e5874d41,,
gaussian,iid,W,1.0,7.0,24.0,128.0,0.0,0.0,0.8125,91.0,0.984344482421875,783867d1098a5ee0d990193832501e0333aa62094f4ad0316384a509dc76d5f5,,
gaussian,iid,W,1.0,7.0,24.0,128.0,0.0,0.0,0.8125,92.0,0.9729792277018228,1d562704a696a4a7e912003bc2e8583bc8b0ef5ec32e3ef95318c53d36c482a5,,
gaussian,iid,W,1.0,7.0,24.0,128.0,0.0,0.0,0.8125,93.0,0.9761555989583334,5166d8722480d59e1edbae2a6c7dddd458334662712f86da6676c4f7542ce00c,,
gaussian,iid,W,1.0,7.0,24.0,128.0,0.0,0.0,0.8125,94.0,0.9892985026041666,53dbfeb3aa32256d91a22e3d67382c1a2e0c076f79c499126e2de9de4cc95b80,,
gaussian,iid,W,1.0,7.0,24.0,128.0,0.0,0.0,0.8125,95.0,0.988560994466146,3e28eb363fe59bb7b2fe5e48dda938d8a46a140d5613a68f5ec6178e53ad0265,,
gaussian,iid,W,1.0,7.0,24.0,128.0,0.0,0.0,0.815,0.0,0.9819412231445312,9204ddc03de6b842503315277eb7b25545893ecb0d97b2fc09a648a5ac6bd50a,,
gaussian,iid,W,1.0,7.0,24.0,128.0,0.0,0.0,0.815,1.0,0.9856796264648438,a62c28ccfe9f95bd38f9c34c5f19944968859324be962a777ed1c17efd3729f3,,
gaussian,iid,W,1.0,7.0,24.0,128.0,0.0,0.0,0.815,2.0,0.989344278971354,20a25e612b3114c600dbc57596f2d90e0aff81928d455699b366ab67928ca9c0,,
gaussian,iid,W,1.0,7.0,24.0,128.0,0.0,0.0,0.815,3.0,0.990198771158854,822ee548ec76a5a286da39be5da7e9592833272b085cf355f0a10645996afd4e,,
gaussian,iid,W,1.0,7.0,24.0,128.0,0.0,0.0,0.815,4.0,0.988489786783854,1ace8192b58ad0063ac4bece20b0f8658ed28003418703882ad0b67d874e1cd6,,
gaussian,iid,W,1.0,7.0,24.0,128.0,0.0,0.0,0.815,5.0,0.9845606486002604,984658cc42b9cec3af46f352792a596493b31b8066950ad784ae9d9620caa001,,
gaussian,iid,W,1.0,7.0,24.0,128.0,0.0,0.0,0.815,6.0,0.5181299845377604,4c4a28ae82d4cb40fc8c419811df8deefabe46d362aeb73e8bf5293f0a9cf299,,
gaussian,iid,W,1.0,7.0,24.0,128.0,0.0,0.0,0.815,7.0,0.984532674153646,210f3436f75f31718c87a13b20fe4874821a517543b2a5f4d3aca982efb6db40,,
gaussian,iid,W,1.0,7.0,24.0,128.0,0.0,0.0,0.815,8.0,0.986254374186198,ab25f3f81ccf25d06e0c0a7dfb8dd8bf70a3cc7a4b8b007275bf2c2a68116a98,,
gaussian,iid,W,1.0,7.0,24.0,128.0,0.0,0.0,0.815,9.0,0.9845809936523438,adcce6e7546f301e4416379afdf93c5d700ba3f8a39bb540884abd7a1e018a6c,,
gaussian,iid,W,1.0,7.0,24.0,128.0,0.0,0.0,0.815,10.0,0.9801864624023438,6fdf14ca7344d60f8c1f0e022bbba9556a0d425cf1aaa0f35b0a203f7d6cddea,,
gaussian,iid,W,1.0,7.0,24.0,128.0,0.0,0.0,0.815,11.0,0.989903767903646,585ec51dc3bebb2e6c876675c82a00821e6e403710c424f3ebe2cc72ad9dba72,,
gaussian,iid,W,1.0,7.0,24.0,128.0,0.0,0.0,0.815,12.0,0.9884821573893228,a061b1fcdf3e47e23532747e1eb98388b47d30b993df018c26842a5345606053,,
gaussian,iid,W,1.0,7.0,24.0,128.0,0.0,0.0,0.815,13.0,0.968775431315104,29bb9dca5286baff766325a0965d178858d268c246293129f1960faa925c85ea,,
gaussian,iid,W,1.0,7.0,24.0,128.0,0.0,0.0,0.815,14.0,0.9780095418294272,67aaa0f61c038c814b9457080b200d2d59b766cdf041e3d9a5c3f489cbdc80d6,,
gaussian,iid,W,1.0,7.0,24.0,128.0,0.0,0.0,0.815,15.0,0.9725519816080728,5149891034d9f4a8111b7ef2054bac1eff0381633f2b5fd64b10cd8801368a8c,,
gaussian,iid,W,1.0,7.0,24.0,128.0,0.0,0.0,0.815,16.0,0.986175537109375,9ca55e84e39131c1293eb803572dd5b088e2e23134bf707ff8283244240c29ac,,
gaussian,iid,W,1.0,7.0,24.0,128.0,0.0,0.0,0.815,17.0,0.9852294921875,38d93cdb242b5a3cb5019a7d600bf956c6fa2bbb3298acb8f1dca74de58b88f7,,
gaussian,iid,W,1.0,7.0,24.0,128.0,0.0,0.0,0.815,18.0,0.9175237019856772,401860221bbb2d63e1e423ebbd87833506aaeea5fe3d4c8704b77b2d41a3658c,,
gaussian,iid,W,1.0,7.0,24.0,128.0,0.0,0.0,0.815,19.0,0.9909693400065104,1b8a6492385489c22a2c32ae6ba12730a3e874b77f67c8153de58b7de60abc23,,
gaussian,iid,W,1.0,7.0,24.0,128.0,0.0,0.0,0.815,20.0,0.9820531209309896,870adc3a52882bc2ccdbf307c6e2371c1feb88e9310998f20f14e046adfb77dd,,
gaussian,iid,W,1.0,7.0,24.0,128.0,0.0,0.0,0.815,21.0,0.9899571736653646,fc7f5ecd40a6decd441b45272577b325eea62d6ade7ba37df69172943d59be64,,
gaussian,iid,W,1.0,7.0,24.0,128.0,0.0,0.0,0.815,22.0,0.5367101033528646,015c028500fea2125083fd3749ae69bf4a38abc7ebb21af81fe7802cb17a5ba7,,
gaussian,iid,W,1.0,7.0,24.0,128.0,0.0,0.0,0.815,23.0,0.9856363932291666,456ec3fb4caeb3a02376f2cd7d5075e7c9fa03fa93f3944b34704b9f82959f47,,
gaussian,iid,W,1.0,7.0,24.0,128.0,0.0,0.0,0.815,24.0,0.9821497599283854,68a4d3d200a728a3bb83c2967e92fa03065e53d4a37d7b943cafd60bc2514509,,
gaussian,iid,W,1.0,7.0,24.0,128.0,0.0,0.0,0.815,25.0,0.9885533650716146,5ee31ff6cb4c3b7a82b869c756bf0677b2726c47541d6820f2dda8366ed89a0c,,
gaussian,iid,W,1.0,7.0,24.0,128.0,0.0,0.0,0.815,26.0,0.98504638671875,2e1c9a41313071d5523c54e981bb431156b0b6a095ab3374829f76a296a507e4,,
gaussian,iid,W,1.0,7.0,24.0,128.0,0.0,0.0,0.815,27.0,0.9829305013020834,a7b1e3a8c35d59c5009827e2a5d209133207ed52c5db7acc2befc7d8b6274bde,,
gaussian,iid,W,1.0,7.0,24.0,128.0,0.0,0.0,0.815,28.0,0.9881388346354166,77a469609837f92b2c1ebc53266dde5d1a04d7294a157c242c114ba753521ee3,,
gaussian,iid,W,1.0,7.0,24.0,128.0,0.0,0.0,0.815,29.0,0.9766515096028646,e46d30ca9963ce8802eddc9b81b84ea3a69b6cb161d3ac053fb12df8f2650d74,,
gaussian,iid,W,1.0,7.0,24.0,128.0,0.0,0.0,0.815,30.0,0.9903996785481772,eef6a3a515d4536ef1d9a6c7cd5cd2eebda3bcceef370a7624f2637f78cbeca8,,
gaussian,iid,W,1.0,7.0,24.0,128.0,0.0,0.0,0.815,31.0,0.989331563313802,46df9e5b3fc98fdc1b11fae7429ad8f3d79ed6ef210b8e1feb2df5b09d1292c0,,
gaussian,iid,W,1.0,7.0,24.0,128.0,0.0,0.0,0.815,32.0,0.9853363037109376,ec695363b293552934c9a052643bad6c3225c73161ad92fcf29fa8e5e2c6bffd,,
gaussian,iid,W,1.0,7.0,24.0,128.0,0.0,0.0,0.815,33.0,0.987780253092448,e4b9c6854581569044022c27be3fdd00fd29b26b3ef273cb29cccbbdf43df490,,
gaussian,iid,W,1.0,7.0,24.0,128.0,0.0,0.0,0.815,34.0,0.98846435546875,c389b88b541c1c9488b4ef0e1900b2c633aacc6483a0b8090fd08a1f6a0cca94,,
gaussian,iid,W,1.0,7.0,24.0,128.0,0.0,0.0,0.815,35.0,0.6541315714518229,04aca21a6c547873713b9cf6f56b7a123f5a0ac56cd84f8538d20852495c8d62,,
gaussian,iid,W,1.0,7.0,24.0,128.0,0.0,0.0,0.815,36.0,0.9888331095377604,0d708312dff7044ecc3883a86101c0cc281fb8344fdf3c324b5c9127ca940b6e,,
gaussian,iid,W,1.0,7.0,24.0,128.0,0.0,0.0,0.815,37.0,0.988024393717448,c70d04a629415817a05b5148a743b39b19587c97675186fc16ec178cbb12a1d5,,
gaussian,iid,W,1.0,7.0,24.0,128.0,0.0,0.0,0.815,38.0,0.9863739013671876,5fb069b2cd8fb89d950cd0b552c54d34b9da032e1b0c9c4801721448d0f3f007,,
gaussian,iid,W,1.0,7.0,24.0,128.0,0.0,0.0,0.815,39.0,0.9875590006510416,853c07059f49e671e3755f786bbeba8be3af9b68ad6f153a0d2e8809b4bf9008,,
gaussian,iid,W,1.0,7.0,24.0,128.0,0.0,0.0,0.815,40.0,0.9686787923177084,62e83524ccf08a01be334c4799e13bb04f64dd0977b5dde751c16b916c6ac2db,,
gaussian,iid,W,1.0,7.0,24.0,128.0,0.0,0.0,0.815,41.0,0.9738820393880208,544d707770e0347f1e9365e92c4c05e53ea534e72ebcc39b7ba4cb0bd2f53c6d,,
gaussian,iid,W,1.0,7.0,24.0,128.0,0.0,0.0,0.815,42.0,0.5876719156901041,8fe6b34f138b98a648a0cec57e44c9359120e1110b699a05ed8a35fa5084cadb,,
gaussian,iid,W,1.0,7.0,24.0,128.0,0.0,0.0,0.815,43.0,0.989367167154948,f2483df612eb7a59304a40bfd1baffc3409dabbe618dc88a0b0230defa90b7eb,,
gaussian,iid,W,1.0,7.0,24.0,128.0,0.0,0.0,0.815,44.0,0.9831949869791666,366a6638548aeff050c3465229b4e80fd3077a2510f1e4d636cb2c3a9ae3e83c,,
gaussian,iid,W,1.0,7.0,24.0,128.0,0.0,0.0,0.815,45.0,0.8177820841471354,36ccaf14f475fc56c4dfbca51b44884e16e8a9a38d69a3f2be3e1891b5bbf2d5,,
gaussian,iid,W,1.0,7.0,24.0,128.0,0.0,0.0,0.815,46.0,0.5724309285481771,88b78608eca84acfa72417355b2c3fe519d0f6e116bb8dc310cacc112a696aa3,,
gaussian,iid,W,1.0,7.0,24.0,128.0,0.0,0.0,0.815,47.0,0.9844818115234376,c9a98582ac0915c260ffc92873b6ccf21936242b95254ce89d02b1289dee1648,,
gaussian,iid,W,1.0,7.0,24.0,128.0,0.0,0.0,0.8175,0.0,0.9822718302408854,747a526d4960aa790928d49902d521fa74bcd3e26e2510723b0c718efcf8b5d3,,
gaussian,iid,W,1.0,7.0,24.0,128.0,0.0,0.0,0.8175,1.0,0.9870707194010416,6fd97f3c7e2b8a5906ac2be9a0c22095259de32f9a3571c2eade252fca568fe3,,
gaussian,iid,W,1.0,7.0,24.0,128.0,0.0,0.0,0.8175,2.0,0.9895070393880208,06a148014da97922ba6265796d46a484440f34b6209409a0739a2c188c8e89ed,,
gaussian,iid,W,1.0,7.0,24.0,128.0,0.0,0.0,0.8175,3.0,0.9905115763346354,56c2ab8ed63ad0575f1d39a1e52df7153db70639b93b72df615da6059a1f46a4,,
gaussian,iid,W,1.0,7.0,24.0,128.0,0.0,0.0,0.8175,4.0,0.988739013671875,b1c052e4e196b1a48f1dcd336937f5b51ada38c79ffc9fec6d17c2cafb81638d,,
gaussian,iid,W,1.0,7.0,24.0,128.0,0.0,0.0,0.8175,5.0,0.9846725463867188,888e9dd20061d2cc11351f59a41fded4e93e2e288265e05b0e1eeaf8576c7e3e,,
gaussian,iid,W,1.0,7.0,24.0,128.0,0.0,0.0,0.8175,6.0,0.5490519205729166,e025fa7d14aac87eba52ee09a710c6b5a4bc74923e40ca210d71221cbac94b85,,
gaussian,iid,W,1.0,7.0,24.0,128.0,0.0,0.0,0.8175,7.0,0.9835840861002604,fd5dbd3d9166fa46fa42996b0c05d12d535a028c7204eedccd49b008afbdb9f1,,
gaussian,iid,W,1.0,7.0,24.0,128.0,0.0,0.0,0.8175,8.0,0.9864323933919272,e269e30f2774a858c203763091a5cd499305583574cafe0922d31561f134bb89,,
gaussian,iid,W,1.0,7.0,24.0,128.0,0.0,0.0,0.8175,9.0,0.9856847127278646,253be2d7163d658eae03ad225e17b018665d0d78d20d37454152953d2dbf4b4e,,
gaussian,iid,W,1.0,7.0,24.0,128.0,0.0,0.0,0.8175,10.0,0.9805577596028646,557dff75c1dc662a31cd233c756e6330ecfccfc44c8c87cfe7d1bbded00cb48a,,
gaussian,iid,W,1.0,7.0,24.0,128.0,0.0,0.0,0.8175,11.0,0.989959716796875,2f1a3e1a6eb7b861a20a7597d98d186ead116cee99a0232ec476600a0c2e27c4,,
gaussian,iid,W,1.0,7.0,24.0,128.0,0.0,0.0,0.8175,12.0,0.989245096842448,d49880af3cb078dd9e4cbbe16a38752218879a4e941f7629607d79fb90b210ec,,
gaussian,iid,W,1.0,7.0,24.0,128.0,0.0,0.0,0.8175,13.0,0.9860051472981772,1db5d0843a0e9e0190b1637edeb8460c6e5afe6e5d68571fc1ec4c36203b9894,,
gaussian,iid,W,1.0,7.0,24.0,128.0,0.0,0.0,0.8175,14.0,0.9783477783203124,8253f7a0ce23c5f418924618f1eea67c908cf9dcfe40454ca49ef16a08f38704,,
gaussian,iid,W,1.0,7.0,24.0,128.0,0.0,0.0,0.8175,15.0,0.9869105021158854,00b0d4f487bcd2fd5436265e2aa3c60a580f1de82a170565ebdf64fa180a756e,,
gaussian,iid,W,1.0,7.0,24.0,128.0,0.0,0.0,0.8175,16.0,0.9863332112630208,54628a321be3fdb96b6ee906fdf4134c869dd907dd50b91bd9603c9019819e23,,
gaussian,iid,W,1.0,7.0,24.0,128.0,0.0,0.0,0.8175,17.0,0.9863917032877604,741c417bca7aef0ccbb3d0c6ced71ae69ae5122e35efd8cee56058fe42c71edb,,
gaussian,iid,W,1.0,7.0,24.0,128.0,0.0,0.0,0.8175,18.0,0.9892425537109376,0f7175bf9849c8ddcd7a5eebe37383438a049171e16b42fb4bbc725fd0fad6de,,
gaussian,iid,W,1.0,7.0,24.0,128.0,0.0,0.0,0.8175,19.0,0.9916483561197916,184815875a0fee2ae2611275c90d5d8578ebe118037ae238b089693886b06951,,
gaussian,iid,W,1.0,7.0,24.0,128.0,0.0,0.0,0.8175,20.0,0.9821345011393228,072b3bade2d4455bb4bafbd08ca9e1f56fcf8a8d1884d1fae60d9e04dc8fadca,,
gaussian,iid,W,1.0,7.0,24.0,128.0,0.0,0.0,0.8175,21.0,0.9900105794270834,9e4ee56b424fe1ec58b09ed1ac4cc36eea79b8ca90e69597e557f953f5b51a3c,,
gaussian,iid,W,1.0,7.0,24.0,128.0,0.0,0.0,0.8175,22.0,0.966601053873698,28669e1e90cfeecb56646d69df41b7eda020be116899d41ea4cc27c67bb8da4e,,
gaussian,iid,W,1.0,7.0,24.0,128.0,0.0,0.0,0.8175,23.0,0.9870707194010416,1a03e29d43ea852a91f246c1aadfbe5aa6aa284a8ddf239affba179cc3530789,,
gaussian,iid,W,1.0,7.0,24.0,128.0,0.0,0.0,0.8175,24.0,0.9827372233072916,712abc2df1ca50e729b662896ec7bc088d351f7c4c7915b05e9ef56a06284732,,
gaussian,iid,W,1.0,7.0,24.0,128.0,0.0,0.0,0.8175,25.0,0.988861083984375,6ca8bffee3a6b31fe504d487aa4fddc4e45c00c00229965600a8654ce0a697e2,,
gaussian,iid,W,1.0,7.0,24.0,128.0,0.0,0.0,0.8175,26.0,0.9853591918945312,ea2763aff874622ada0ba3da50de27c31bb9e8c8af2b547cbd4fce293b424af5,,
gaussian,iid,W,1.0,7.0,24.0,128.0,0.0,0.0,0.8175,27.0,0.9837799072265624,fb8cfd923e66f062944007c9901323189199182ba3221224fc49701586b7bee7,,
gaussian,iid,W,1.0,7.0,24.0,128.0,0.0,0.0,0.8175,28.0,0.9897130330403646,92d1b0794a427af45e239233d77f33edc45beb3ac6d8cdaa3fc659c572c11515,,
gaussian,iid,W,1.0,7.0,24.0,128.0,0.0,0.0,0.8175,29.0,0.9842376708984376,418372325146ccedb5b33b62d8e8e4bd4cc72a612dba1f4c66477f0b0e1e6518,,
gaussian,iid,W,1.0,7.0,24.0,128.0,0.0,0.0,0.8175,30.0,0.9904886881510416,cae63bf201fd3ccf167db4513e4252e55f247dd9d16aefb79cb59cd94080665d,,
gaussian,iid,W,1.0,7.0,24.0,128.0,0.0,0.0,0.8175,31.0,0.9894561767578124,3ebd4e55f5b272dbb8b47d6b203a31e35f419199c2d4f06c5310c7e310873845,,
gaussian,iid,W,1.0,7.0,24.0,128.0,0.0,0.0,0.8175,32.0,0.985399881998698,85412a34b7726d9ff2a7df7d722db07f9ae82a1b57a586029b450d0ae2b096af,,
gaussian,iid,W,1.0,7.0,24.0,128.0,0.0,0.0,0.8175,33.0,0.9879684448242188,5408581747877ca53ecd29540a1563fd3744de917e0cec568c8f0a540520a151,,
gaussian,iid,W,1.0,7.0,24.0,128.0,0.0,0.0,0.8175,34.0,0.9884745279947916,5649aeb2d5da880412aef224a064227f625ad55e0f95f887a68736a22e9732f8,,
gaussian,iid,W,1.0,7.0,24.0,128.0,0.0,0.0,0.8175,35.0,0.987230936686198,01fc7276bd89d67f0ab73555588b92a733e1fb6ca07d229d66c0ff66b8078c47,,
gaussian,iid,W,1.0,7.0,24.0,128.0,0.0,0.0,0.8175,36.0,0.9888992309570312,f3faf7c3f16dd909eddff0e21e9a70767971e23f31d253fd6a5a0a99d4a04cb3,,
gaussian,iid,W,1.0,7.0,24.0,128.0,0.0,0.0,0.8175,37.0,0.9881871541341146,c3a75d5c8e684f874389db8f7fa10e0b94958e5c2d1775ae39beef7d1fc322bc,,
gaussian,iid,W,1.0,7.0,24.0,128.0,0.0,0.0,0.8175,38.0,0.9867172241210938,790932756bc996625ad2ebb49e1e1e7cb5001893d541f3247beb63634b6a1c18,,
gaussian,iid,W,1.0,7.0,24.0,128.0,0.0,0.0,0.8175,39.0,0.9894994099934896,4b8cef57ea654421d254008c514e070dc7aaed68cb6efb418f948946217f4600,,
gaussian,iid,W,1.0,7.0,24.0,128.0,0.0,0.0,0.8175,40.0,0.9685618082682292,f1add267789618a756f4278367a263752b677513cf9667c1b70d995feae6f188,,
gaussian,iid,W,1.0,7.0,24.0,128.0,0.0,0.0,0.8175,41.0,0.9740269978841146,0eb432ce853dd02b3100d20a8b20bbd077fd596eefe2c9d129fd1be6c57e21c0,,
gaussian,iid,W,1.0,7.0,24.0,128.0,0.0,0.0,0.8175,42.0,0.9847564697265624,accab308b68d705690b413194c201352039c41344324d1231cf3ab84c842469e,,
gaussian,iid,W,1.0,7.0,24.0,128.0,0.0,0.0,0.8175,43.0,0.989349365234375,1d31d4ff27a0e98ab3ee915817348f7e777304204edf6b9daac8e9e1ec4dfe23,,
gaussian,iid,W,1.0,7.0,24.0,128.0,0.0,0.0,0.8175,44.0,0.9857152303059896,d74e37ba039c9ca763d7021555de52c9977e14ec4fb0a72a44b2261aded876a0,,
gaussian,iid,W,1.0,7.0,24.0,128.0,0.0,0.0,0.8175,45.0,0.9839375813802084,424e49dc8ae943d583590ef237b01c6c6041578ceb5c4dbaac3e9898f3d182d5,,
gaussian,iid,W,1.0,7.0,24.0,128.0,0.0,0.0,0.8175,46.0,0.989123026529948,4a7f8332a5474cdc969c3ecab36b314f94b874d1d9fb123de9c5a21da1dcd8aa,,
gaussian,iid,W,1.0,7.0,24.0,128.0,0.0,0.0,0.8175,47.0,0.9872055053710938,4c6770423aa43fe8f9a352ecf627bfee29bbd981a6cbbd51c71fd14256029c5e,,
gaussian,iid,W,1.0,7.0,24.0,128.0,0.0,0.0,0.8175,48.0,0.9832483927408854,bb516c45621575933008c434f5f742dce508938ba658cef1d5b13ac9976a8120,,
gaussian,iid,W,1.0,7.0,24.0,128.0,0.0,0.0,0.8175,49.0,0.9760843912760416,8b0eaa5559ca1415d69640949072537a0bea02257050b1eb97ad89b92c632164,,
gaussian,iid,W,1.0,7.0,24.0,128.0,0.0,0.0,0.8175,50.0,0.9854354858398438,273dcbc6cdfa43f02c98a7c75167403a8e3b0665208db28925fd6e41deeffab9,,
gaussian,iid,W,1.0,7.0,24.0,128.0,0.0,0.0,0.8175,51.0,0.9887008666992188,1aec3f7df4ac4ac3b73b71536a6b3d3318438343f52926271401e8778eadc518,,
gaussian,iid,W,1.0,7.0,24.0,128.0,0.0,0.0,0.8175,52.0,0.9832102457682292,9adb48977b7658f279f95da0d99a6733b38925e947684d312e45ec035733730a,,
gaussian,iid,W,1.0,7.0,24.0,128.0,0.0,0.0,0.8175,53.0,0.7413304646809896,64038d1eb77d1f904edc22a89e771a88963c883b6a6e634108d367be38606740,,
gaussian,iid,W,1.0,7.0,24.0,128.0,0.0,0.0,0.8175,54.0,0.4830423990885417,c96d528b6fb325f580aa56364de4c8b05d661b7491b9d42212173d60862625e4,,
gaussian,iid,W,1.0,7.0,24.0,128.0,0.0,0.0,0.8175,55.0,0.977137247721354,6c713ffd345cabd18ad8855b2cb4726058d5ffbba22d98006b7f26a00baf96e3,,
gaussian,iid,W,1.0,7.0,24.0,128.0,0.0,0.0,0.8175,56.0,0.9817225138346354,e76b911bb078818bf0d798b458417c75fd3bbf0346051527974fe30916e458c6,,
gaussian,iid,W,1.0,7.0,24.0,128.0,0.0,0.0,0.8175,57.0,0.9883880615234376,e5fc52f275ed0128663a4db6a2a77089842c7c12595f4363119c89615e30df87,,
gaussian,iid,W,1.0,7.0,24.0,128.0,0.0,0.0,0.8175,58.0,0.9864552815755208,70902ca04ef748ef897e2d941f2c5fa094de8a59f485f89405550bc9b702f41b,,
gaussian,iid,W,1.0,7.0,24.0,128.0,0.0,0.0,0.8175,59.0,0.9847920735677084,a0637af8be02054b00fd95f8ff65f0589a8f2ab5e01bae123e63f0b6aa7f2a9a,,
gaussian,iid,W,1.0,7.0,24.0,128.0,0.0,0.0,0.8175,60.0,0.5512822469075521,8c7664633c828447e9ba27e51fa82c98e1a089de281a9ba6d62aea6f032f0929,,
gaussian,iid,W,1.0,7.0,24.0,128.0,0.0,0.0,0.8175,61.0,0.98541259765625,3334ae4e8d414b5bdc589f0244f93d8cef464ca213901add092c1866df0da798,,
gaussian,iid,W,1.0,7.0,24.0,128.0,0.0,0.0,0.8175,62.0,0.989227294921875,ae8ab54e1ea102df5cac4d36d217d128db21f6963c8a992107720c5a92dd0b64,,
gaussian,iid,W,1.0,7.0,24.0,128.0,0.0,0.0,0.8175,63.0,0.9869232177734376,590742e60d90b452e49ecf5fbcad06de4c183af5500e13e11d91f5ea7bde9454,,
gaussian,iid,W,1.0,7.0,24.0,128.0,0.0,0.0,0.8175,64.0,0.9847920735677084,5b2458c967999e44b7ebb911f5e6646f38c4d8646deda53e756d66ccc44c5391,,
gaussian,iid,W,1.0,7.0,24.0,128.0,0.0,0.0,0.8175,65.0,0.9888814290364584,0232e4549161343ee0c14d22a559fcbfc13ac8a7ded5b5d387fbef2558ca03d0,,
gaussian,iid,W,1.0,7.0,24.0,128.0,0.0,0.0,0.8175,66.0,0.5646260579427084,d91410a0b9caac0ba0837998a80d9420d7f4ecedc212dbdca2f8b079f19e16a9,,
gaussian,iid,W,1.0,7.0,24.0,128.0,0.0,0.0,0.8175,67.0,0.9884974161783854,9a2fb18e62610786683b15b7930e3ae192d8f0c98e57b29eef128807178383ca,,
gaussian,iid,W,1.0,7.0,24.0,128.0,0.0,0.0,0.8175,68.0,0.70086669921875,3138a9a6e862f0977572b5a061db8a48c7a0972e443491024efbf1f32fd833cc,,
gaussian,iid,W,1.0,7.0,24.0,128.0,0.0,0.0,0.8175,69.0,0.985692342122396,d3f9d74657bd86015e3e56a3dc6a0b44130e6112c263fdaeeb4cbcc04a3274a5,,
gaussian,iid,W,1.0,7.0,24.0,128.0,0.0,0.0,0.8175,70.0,0.9892018636067708,cd7ed0bfcd18a9f630c185cc4bd557ae793e71ba4f77bd5d0da249bcfb966d78,,
gaussian,iid,W,1.0,7.0,24.0,128.0,0.0,0.0,0.8175,71.0,0.9847691853841146,b904255ecdc8d87857ca5c427cd53dd1ad85ccb9ba785be66882697cb4cc3b36,,
gaussian,iid,W,1.0,7.0,24.0,128.0,0.0,0.0,0.8175,72.0,0.9870198567708334,5335e4eba005710ef6a4d1e3c527655cbf5c68773690287410716a1f20ac84e9,,
gaussian,iid,W,1.0,7.0,24.0,128.0,0.0,0.0,0.8175,73.0,0.990221659342448,9db3f3122f372b7d2962c5be67a0217f1d568f8ba8b27ea5f869b655468e6d49,,
gaussian,iid,W,1.0,7.0,24.0,128.0,0.0,0.0,0.8175,74.0,0.988683064778646,8382e4afcc7e246b3a0bb151f0ba94bfe581db5d9dc5c87523fe9c3ca6df674c,,
gaussian,iid,W,1.0,7.0,24.0,128.0,0.0,0.0,0.8175,75.0,0.9875335693359376,a69a76c62e84ae73b8030f3b0a2f71334c2b2ccdebbf108a1c9b43ea9c659972,,
gaussian,iid,W,1.0,7.0,24.0,128.0,0.0,0.0,0.8175,76.0,0.9882659912109376,86ce81f757187409f1eca8631b5feb95d84c54c9b9ee37ec0275889d51a31326,,
gaussian,iid,W,1.0,7.0,24.0,128.0,0.0,0.0,0.8175,77.0,0.9850896199544272,05942effaae24b43cfe925105fe8e78e873da5668049232390ac09fdcf001972,,
gaussian,iid,W,1.0,7.0,24.0,128.0,0.0,0.0,0.8175,78.0,0.989184061686198,ea73d252b45c64ff8ec60ca44410ce98bbd97c97784a8bce694f9f85b3fdad67,,
gaussian,iid,W,1.0,7.0,24.0,128.0,0.0,0.0,0.8175,79.0,0.9879430135091146,8744b74ff8e3babda1cf36bac5b9ea9a798f3a1810c14af1f44e1ee86e2a9320,,
gaussian,iid,W,1.0,7.0,24.0,128.0,0.0,0.0,0.8175,80.0,0.9881693522135416,0d94acb3a75c9fa8def6376e97d7e8f4ce327f95e5267012965a9f1e2ebbf2fb,,
gaussian,iid,W,1.0,7.0,24.0,128.0,0.0,0.0,0.8175,81.0,0.9870554606119792,b64dc82c59623445705c0b371390bd6a4ad4bf9331585496c4acf4ccb77b9bce,,
gaussian,iid,W,1.0,7.0,24.0,128.0,0.0,0.0,0.8175,82.0,0.9866180419921876,9ada25693ebb1969ac595219a61fbf30572b7cca507513b69e04e531f72eb956,,
gaussian,iid,W,1.0,7.0,24.0,128.0,0.0,0.0,0.8175,83.0,0.5029525756835938,1d9c5f84c5eb8b43e403de487fc6dd3b3bf4f1d29fa0644c76dc54145ffcd9d2,,
gaussian,iid,W,1.0,7.0,24.0,128.0,0.0,0.0,0.8175,84.0,0.9864959716796876,d40052d9c2f1a9e64dc3448c69c50a1a4d62551e0dbf4751b9804f66f9f37c24,,
gaussian,iid,W,1.0,7.0,24.0,128.0,0.0,0.0,0.8175,85.0,0.9871775309244792,ae6b15d2ba0e48ebc2ad71a47221199b5562014edc61dbe793733d5adeeb62b8,,
gaussian,iid,W,1.0,7.0,24.0,128.0,0.0,0.0,0.8175,86.0,0.9850031534830728,dcbe9c228aca740eb4fed9bed8eadd92d891fdb0c60ca491b770018b459637e2,,
gaussian,iid,W,1.0,7.0,24.0,128.0,0.0,0.0,0.8175,87.0,0.9897486368815104,5547dcde7ed1b29c87b949b5af215d33069daa8e3ea58279971a2471666bf43b,,
gaussian,iid,W,1.0,7.0,24.0,128.0,0.0,0.0,0.8175,88.0,0.9894485473632812,c9b56ad0d72e20eabd8567ace8af735dcb4dbde001ae8f6b6c3b9ceadcd063a2,,
gaussian,iid,W,1.0,7.0,24.0,128.0,0.0,0.0,0.8175,89.0,0.9884312947591146,7ed2bdf52254c487b4adfe7908f143311715ecd9ce482039e76d553b4f414417,,
gaussian,iid,W,1.0,7.0,24.0,128.0,0.0,0.0,0.8175,90.0,0.9880777994791666,41a178ee9315cf87c6399bfa12d8d86b952cb7e9d05032250364cbc7073b4a42,,
gaussian,iid,W,1.0,7.0,24.0,128.0,0.0,0.0,0.8175,91.0,0.9846267700195312,d76ee7555ae5df608f2fbd090208e314c8a892f30dbddfb5e7bebb90b57e7b81,,
gaussian,iid,W,1.0,7.0,24.0,128.0,0.0,0.0,0.8175,92.0,0.9807662963867188,932646fa825f9984761f223b04d0977148b2e5c558cd5b761f7412e475e3e7e4,,
gaussian,iid,W,1.0,7.0,24.0,128.0,0.0,0.0,0.8175,93.0,0.978808085123698,fce849296815c2ebbaa0af8b015e05f4a65bcfe7b88323e6e395525526ce4348,,
gaussian,iid,W,1.0,7.0,24.0,128.0,0.0,0.0,0.8175,94.0,0.9895299275716146,5bff1cb372749899b678ac99f705f56daa07545c3d577aed7f2588ffe78c18b1,,
gaussian,iid,W,1.0,7.0,24.0,128.0,0.0,0.0,0.8175,95.0,0.9890416463216146,55945d5d42cd9622d8bff71bcf5c0648bc64f3dd232aa7b43dec050b624a78a6,,
gaussian,iid,W,1.0,7.0,24.0,128.0,0.0,0.0,0.82,0.0,0.9879557291666666,3fdb3123544094752fe6474fbf2812b2d91a6f07fed76d49adfee82c20ee6ccd,,
gaussian,iid,W,1.0,7.0,24.0,128.0,0.0,0.0,0.82,1.0,0.9871190388997396,1faff28c3b55faefb13740a543488a7f6a5dbc66e402da1c6bfcb7afa09a53ba,,
gaussian,iid,W,1.0,7.0,24.0,128.0,0.0,0.0,0.82,2.0,0.9896418253580728,3400043a84f9c85fc964bad51ba1464e77a2fc9c8f31aa92211aae966f880e89,,
gaussian,iid,W,1.0,7.0,24.0,128.0,0.0,0.0,0.82,3.0,0.991119384765625,a88a8e493154dfe31d22b8790702fffe397b14d552783050c21d0be5d16ba16c,,
gaussian,iid,W,1.0,7.0,24.0,128.0,0.0,0.0,0.82,4.0,0.9887847900390624,821cb32edb2b8c6026c4481e9e1e050f7bfe7c53cded5d438e46a7237eec6cb1,,
gaussian,iid,W,1.0,7.0,24.0,128.0,0.0,0.0,0.82,5.0,0.9847564697265624,9419e3390d5e8b8db13cbb9a8004a997e783a51b1cda86b1e64f32f9f394d8e9,,
gaussian,iid,W,1.0,7.0,24.0,128.0,0.0,0.0,0.82,6.0,0.9804407755533854,af824a2cc48ef5e5d07c95ede06b1d1a6d59c241a9cfd8970fe647ce921078a6,,
gaussian,iid,W,1.0,7.0,24.0,128.0,0.0,0.0,0.82,7.0,0.983935038248698,e0c7380f5c3cd90b1035e5ee511bf3b084e4c6600f52bc1f89a35468ca51df73,,
gaussian,iid,W,1.0,7.0,24.0,128.0,0.0,0.0,0.82,8.0,0.9865646362304688,b249f37d4388abb4c9816b0384f8b4188fbd7ab10ad4106d14e7cff475b0906f,,
gaussian,iid,W,1.0,7.0,24.0,128.0,0.0,0.0,0.82,9.0,0.9857940673828124,15a00cb094ffa281824ec228c486445c194bb093921477a237609d2975ae62cb,,
gaussian,iid,W,1.0,7.0,24.0,128.0,0.0,0.0,0.82,10.0,0.9825414021809896,271d40c608d6049ac40394f0042cfd2f3c78513e035cd9964538fe645221345d,,
gaussian,iid,W,1.0,7.0,24.0,128.0,0.0,0.0,0.82,11.0,0.9898351033528646,efb83791b519a85eb9a38efa33d4e0dc8d42172ffe3e8b1c2b8f714f6776e5fa,,
gaussian,iid,W,1.0,7.0,24.0,128.0,0.0,0.0,0.82,12.0,0.9891357421875,ec802791986177026119e64fa130f278ffcdc51a79ed7c4a0f3b29bdcf386986,,
gaussian,iid,W,1.0,7.0,24.0,128.0,0.0,0.0,0.82,13.0,0.9860610961914062,aff2097e96c323b9bc78e54ccdf37c6cbd841dd3c3eccf746e40aa77c1283f75,,
gaussian,iid,W,1.0,7.0,24.0,128.0,0.0,0.0,0.82,14.0,0.9788487752278646,007477e577d22c63d99712f473703ce3f12e0ae65431110a3b9153a8953c0d9f,,
gaussian,iid,W,1.0,7.0,24.0,128.0,0.0,0.0,0.82,15.0,0.9872639973958334,78154ac229f817a70777cc8fd7da4f673f3cc5cf120ed936098c1702c951feeb,,
gaussian,iid,W,1.0,7.0,24.0,128.0,0.0,0.0,0.82,16.0,0.9868443806966146,1141b5f6c3bf816b15dc8eefbfcb914e52159529e0d2fe586fe37cb82f12f799,,
gaussian,iid,W,1.0,7.0,24.0,128.0,0.0,0.0,0.82,17.0,0.986719767252604,0994d34478983efcc7a0de4371d67bbdb101d16c917fa28a1fdbbd454e6ccad8,,
gaussian,iid,W,1.0,7.0,24.0,128.0,0.0,0.0,0.82,18.0,0.9892578125,76a3117f0d06cdb100c6914cb86bc2527b5526a8e767d1d0bfa01c250b7ae45c,,
gaussian,iid,W,1.0,7.0,24.0,128.0,0.0,0.0,0.82,19.0,0.9917424519856772,33313bca0245fc2ee301e47fd93334ca7418aabc225697d09e46ae708d6f9668,,
gaussian,iid,W,1.0,7.0,24.0,128.0,0.0,0.0,0.82,20.0,0.9822972615559896,c1edd4d4be21d10371a1b531aff86500b0117b37bfd7098cc53440d68d7a6f1f,,
gaussian,iid,W,1.0,7.0,24.0,128.0,0.0,0.0,0.82,21.0,0.9904403686523438,c56738a8f355e63395199189db7d024656ff2bbf0fe409f074e70f43afe8deed,,
gaussian,iid,W,1.0,7.0,24.0,128.0,0.0,0.0,0.82,22.0,0.6463521321614584,8216184786e1d0dfdc47761c41642f32781a1d2ed069052be16c307d0bd5f898,,
gaussian,iid,W,1.0,7.0,24.0,128.0,0.0,0.0,0.82,23.0,0.987889607747396,3a7035fea2378b45963b3c308c03b40b4221aaaf7b78effb38b5e89e4d664eb8,,
gaussian,iid,W,1.0,7.0,24.0,128.0,0.0,0.0,0.82,24.0,0.9827702840169272,cacb88b65ba66cb82c70bb8c174c12521badbb222c5a90fd6dd673c6b1907c77,,
gaussian,iid,W,1.0,7.0,24.0,128.0,0.0,0.0,0.82,25.0,0.988978068033854,087d51ad31f5c903b729c1767a258f68f33013f5746095f15bf4992cd69fb7c1,,
gaussian,iid,W,1.0,7.0,24.0,128.0,0.0,0.0,0.82,26.0,0.9859085083007812,ae9a650aa38032aba22d8dccfd9d91cb1cec906a3fab509fed06b9ae9f756d83,,
gaussian,iid,W,1.0,7.0,24.0,128.0,0.0,0.0,0.82,27.0,0.9878387451171876,7efabf2d61a44cc3b1460b7c9c802372e5ad5b820690a2c99622dbccba0bc8c6,,
gaussian,iid,W,1.0,7.0,24.0,128.0,0.0,0.0,0.82,28.0,0.9509048461914062,e0ebf619a93f704ab5426f72032480aad08ab5dbe503aaa3aa352b2f40fdd34f,,
gaussian,iid,W,1.0,7.0,24.0,128.0,0.0,0.0,0.82,29.0,0.9845682779947916,17a1902e8009754f759c7006282255cd24afe89a8fa9d0e799c1f17e0590e427,,
gaussian,iid,W,1.0,7.0,24.0,128.0,0.0,0.0,0.82,30.0,0.9906183878580728,ff89e5245d6cc863a75d304095df7d4c1d64feb8cb934b37fbcd895824dcca77,,
gaussian,iid,W,1.0,7.0,24.0,128.0,0.0,0.0,0.82,31.0,0.9895197550455728,72aecc0883a863683ec9df67ed1fd1826ef508c83c66594d474b33645991d350,,
gaussian,iid,W,1.0,7.0,24.0,128.0,0.0,0.0,0.82,32.0,0.9860000610351562,a3b032294ed84742fa7bf87c60b8d12cd4842528ee30b1c3fcc0ea957a0bb829,,
gaussian,iid,W,1.0,7.0,24.0,128.0,0.0,0.0,0.82,33.0,0.9881006876627604,4953646c6d6a50c0965879416bdf6f946ad3417e2c65e0b033b52cf9b9f61028,,
gaussian,iid,W,1.0,7.0,24.0,128.0,0.0,0.0,0.82,34.0,0.9887364705403646,b16ae1d2833614d354c2d4821a0cc2d3e810afba420fcec49939e3f530d24f0f,,
gaussian,iid,W,1.0,7.0,24.0,128.0,0.0,0.0,0.82,35.0,0.9887059529622396,e51474760f3997e321896f5acb9a091ba75759d264bc7ce6a0b26f1461575718,,
gaussian,iid,W,1.0,7.0,24.0,128.0,0.0,0.0,0.82,36.0,0.988904317220052,ad69ac842bf4b972574a5846480d398ce8433b1e99d27cd3304bb679fef71fec,,
gaussian,iid,W,1.0,7.0,24.0,128.0,0.0,0.0,0.82,37.0,0.9882787068684896,0a4c2cf67aa352426102ffcfd5ee3ae0876fbeac9c9f5aced891af4d6bdfa68d,,
gaussian,iid,W,1.0,7.0,24.0,128.0,0.0,0.0,0.82,38.0,0.9869384765625,3c455c9352ca077daa9c062afa646031ef5402ae2008b269ca009e51cc2757ab,,
gaussian,iid,W,1.0,7.0,24.0,128.0,0.0,0.0,0.82,39.0,0.9897537231445312,0f5d04127de48e0d9fe2f9e722d0c09ec07abcd923c3aa1e3e52bf3bae032c01,,
gaussian,iid,W,1.0,7.0,24.0,128.0,0.0,0.0,0.82,40.0,0.9859542846679688,f99ec41e5e154b914cec03ae033bde878e8ca160643f01d8f0800abc99ea146a,,
gaussian,iid,W,1.0,7.0,24.0,128.0,0.0,0.0,0.82,41.0,0.988390604654948,b80f382b3ef340797b4f3c85fd748cc8247d7cf90e72f81ce8e51098507d4498,,
gaussian,iid,W,1.0,7.0,24.0,128.0,0.0,0.0,0.82,42.0,0.9847564697265624,c0e4460a7eb5e0d9d8796176f928ff6a75a3533a7771c68211c731033cf12440,,
gaussian,iid,W,1.0,7.0,24.0,128.0,0.0,0.0,0.82,43.0,0.9895095825195312,bffdac1ba4fcf139f1513a3851ac8a4e8f2216906ddfa17ed1f3e5f80963f06a,,
gaussian,iid,W,1.0,7.0,24.0,128.0,0.0,0.0,0.82,44.0,0.9862213134765624,9f357fe0f76ad86bd92fbe739af8bc1314722b13b58c945b554f4a78c7482093,,
gaussian,iid,W,1.0,7.0,24.0,128.0,0.0,0.0,0.82,45.0,0.9840621948242188,3196f4bbe5c1e134295fc914aa3cc328efeacd97ce87a54223773dff0cbd6324,,
gaussian,iid,W,1.0,7.0,24.0,128.0,0.0,0.0,0.82,46.0,0.989100138346354,6c7574de27631d09aa8e9ed166d453ba5ad9d44548d0289682c8c84a259096b5,,
gaussian,iid,W,1.0,7.0,24.0,128.0,0.0,0.0,0.82,47.0,0.9874827067057292,2fa238ea49d5db1732fe0f1c0333925d39d0264c2ee1e4ae20074054c19f7577,,
gaussian,iid,W,1.0,7.0,24.0,128.0,0.0,0.0,0.8225,0.0,0.9881617228190104,4c0a499213f9fe2b1a20320db387f2b531b0282750dbf9ae241d71db389c50f5,,
gaussian,iid,W,1.0,7.0,24.0,128.0,0.0,0.0,0.8225,1.0,0.987208048502604,232e106cf509878b0c5e1d5b9bf99a811c7a1310bcdc5be6ce22c6f55d08789f,,
gaussian,iid,W,1.0,7.0,24.0,128.0,0.0,0.0,0.8225,2.0,0.9898173014322916,f0e1701521f2d2ffbe6d5d828ee1784ca9a08600beddb2d33b0081b8d29480de,,
gaussian,iid,W,1.0,7.0,24.0,128.0,0.0,0.0,0.8225,3.0,0.9913253784179688,9a490fe3934434a8fbefd9c76fb8f705590fa5843e9887c31f0ae89b908fb3af,,
gaussian,iid,W,1.0,7.0,24.0,128.0,0.0,0.0,0.8225,4.0,0.9891535441080728,fffb410c403255086b1969f66303da2c15966932b24945f818c1f13a9b33d543,,
gaussian,iid,W,1.0,7.0,24.0,128.0,0.0,0.0,0.8225,5.0,0.986742655436198,4958731fc3eec5fae0113b513f315f451306839e01e502571a942048f9709054,,
gaussian,iid,W,1.0,7.0,24.0,128.0,0.0,0.0,0.8225,6.0,0.9816818237304688,c61803a57b3bc2443a96ad019cd679cdf1d32ebee3b6ba021c08263af6132015,,
gaussian,iid,W,1.0,7.0,24.0,128.0,0.0,0.0,0.8225,7.0,0.9864349365234376,ab851dabc16211663d54b759e391807e6bfe7d82bc7c418f16acacc84dde9f71,,
gaussian,iid,W,1.0,7.0,24.0,128.0,0.0,0.0,0.8225,8.0,0.9872156778971354,1699b66de9fc85f0f76eab310a332d2bc4e304989bedada7869fe3d4ee8457f9,,
gaussian,iid,W,1.0,7.0,24.0,128.0,0.0,0.0,0.8225,9.0,0.987157185872396,6bcae8eb9fa4c3e77df146fba1c492709685f88fc55e29926a12b491c0aa2e6a,,
gaussian,iid,W,1.0,7.0,24.0,128.0,0.0,0.0,0.8225,10.0,0.984570821126302,061f0b31498dd5ef60d4338294f27cff4fe172090215ec6821d147709904fa2b,,
gaussian,iid,W,1.0,7.0,24.0,128.0,0.0,0.0,0.8225,11.0,0.9899571736653646,25d57143f39b2e52f84990035f9be053ebcc15d4c11098cc784025d484d61dd5,,
gaussian,iid,W,1.0,7.0,24.0,128.0,0.0,0.0,0.8225,12.0,0.9893519083658854,edaaf7805bb806b43bec71927f608b6c21ce3de479277f0e1713e01de40be40c,,
gaussian,iid,W,1.0,7.0,24.0,128.0,0.0,0.0,0.8225,13.0,0.986119588216146,c9aceaee64e06d8c8672bdfdc636b04670e0abc3c0ba66ec25117f33c4a31374,,
gaussian,iid,W,1.0,7.0,24.0,128.0,0.0,0.0,0.8225,14.0,0.979810078938802,58bf90c5f0f5858f43ae7723d0c14c74acb78f8229ea3ad645c5a7f2c51629ec,,
gaussian,iid,W,1.0,7.0,24.0,128.0,0.0,0.0,0.8225,15.0,0.9879786173502604,8d9c5e500789d96ba3bc9a040a7f9f0abd06923ff5054f2c1f703f6bbf29c978,,
gaussian,iid,W,1.0,7.0,24.0,128.0,0.0,0.0,0.8225,16.0,0.9868570963541666,0d30a49c0c70ad1564f7e8c4a1c6b2c1c1a3818cfd722f0844015c2cd57f0f63,,
gaussian,iid,W,1.0,7.0,24.0,128.0,0.0,0.0,0.8225,17.0,0.987091064453125,8e5cfd5a9321d036a8c0fb4df3372b86f8094e4d727bd5e3d6d543fde8781378,,
gaussian,iid,W,1.0,7.0,24.0,128.0,0.0,0.0,0.8225,18.0,0.9897003173828124,54120e9c494f02c025a40c20e16a794707983a6977a2a857b7f4a31ac46d07ce,,
gaussian,iid,W,1.0,7.0,24.0,128.0,0.0,0.0,0.8225,19.0,0.9917933146158854,0e59c04ab8b0c42cda5aeb3c1eeb0a3801bc5dbfa7b024b5bd5d5220f469c645,,
gaussian,iid,W,1.0,7.0,24.0,128.0,0.0,0.0,0.8225,20.0,0.9825642903645834,825871438418dd699d1f22203d3dc62a0454ddbb3dbf96e4fc387c58bdc7b7bb,,
gaussian,iid,W,1.0,7.0,24.0,128.0,0.0,0.0,0.8225,21.0,0.990430196126302,010d835f8ad5e300aa87737cf1ecacfde8e8fbd89a7947a0d8ff5c7950b66f34,,
gaussian,iid,W,1.0,7.0,24.0,128.0,0.0,0.0,0.8225,22.0,0.9878387451171876,89fca33e49cc075e4ffca7ca9af4318bd2c913d560454b48987606aebe0498fc,,
gaussian,iid,W,1.0,7.0,24.0,128.0,0.0,0.0,0.8225,23.0,0.9875030517578124,2c13b6ec28066e3ef1df094e273a6929c69ca01a02d9637faccb793b53a8d461,,
gaussian,iid,W,1.0,7.0,24.0,128.0,0.0,0.0,0.8225,24.0,0.9852142333984376,e297a0b79ff75d8ed5b1dd37a52954ccce33ec0d517427f47802d7fcbefaf4ce,,
gaussian,iid,W,1.0,7.0,24.0,128.0,0.0,0.0,0.8225,25.0,0.9891408284505208,f644524d4dadbd2271f9d670ac30b69acc3e139f60ff39a0f7a85379f2747ada,,
gaussian,iid,W,1.0,7.0,24.0,128.0,0.0,0.0,0.8225,26.0,0.9861475626627604,01c992c513155c1990432f75eb8dc312c8b6bd6d1d5d8c05af7913b27b0047b2,,
gaussian,iid,W,1.0,7.0,24.0,128.0,0.0,0.0,0.8225,27.0,0.990430196126302,96c0a85a49dd9c07606e26339570b06c94a2bfb00688afbf237e44aa88a820fd,,
gaussian,iid,W,1.0,7.0,24.0,128.0,0.0,0.0,0.8225,28.0,0.9887034098307292,e2deef2735522a489709db77f2c1241d038061b448b1163c0a1152bacdf6b901,,
gaussian,iid,W,1.0,7.0,24.0,128.0,0.0,0.0,0.8225,29.0,0.9846623738606772,4be25a7015d1e22e9eefe5b0a27a7082dcd2369254ea6f7d7af9990db5f1c7b7,,
gaussian,iid,W,1.0,7.0,24.0,128.0,0.0,0.0,0.8225,30.0,0.9907328287760416,0d7fb61cb0d8825afcaa3acc66aefd9b1c5e5e307ba0a086ae1f5ead3d1eb549,,
gaussian,iid,W,1.0,7.0,24.0,128.0,0.0,0.0,0.8225,31.0,0.9896876017252604,5586d280d21a4182db914e140628da2c91110699c4da1f2dda061a833ddde90c,,
gaussian,iid,W,1.0,7.0,24.0,128.0,0.0,0.0,0.8225,32.0,0.9863230387369792,a78ac1fd4aa67adea0ce3254d54b3681a7d7635192449c360a5e3aa519af2179,,
gaussian,iid,W,1.0,7.0,24.0,128.0,0.0,0.0,0.8225,33.0,0.9880396525065104,02adb9d9d4faf22c0324553315c25ca83e4cbf6420ffb88c64fc8d231700dd29,,
gaussian,iid,W,1.0,7.0,24.0,128.0,0.0,0.0,0.8225,34.0,0.9887873331705728,d343582672959b58b72910b39d2e0f13218e25ba7da8e0c15810dfe3efca33d0,,
gaussian,iid,W,1.0,7.0,24.0,128.0,0.0,0.0,0.8225,35.0,0.9889094034830728,145620694a4b9bfbcdb93a5dc6d0f0ad3440a075808d99ca39aebdce63574599,,
gaussian,iid,W,1.0,7.0,24.0,128.0,0.0,0.0,0.8225,36.0,0.9893264770507812,eb09eafd48083253b922378d580cdba773970dc31e069680a4d7fc3ca8792256,,
gaussian,iid,W,1.0,7.0,24.0,128.0,0.0,0.0,0.8225,37.0,0.9883193969726562,e36ea12a0ee5d7e5e7e7b1eae51c193a9881391a201a2bbe5304ff8d02a2f404,,
gaussian,iid,W,1.0,7.0,24.0,128.0,0.0,0.0,0.8225,38.0,0.986974080403646,5dcc1a3e7f221de523fcd3434631f696683c5ffc5303897a641370d7eab40591,,
gaussian,iid,W,1.0,7.0,24.0,128.0,0.0,0.0,0.8225,39.0,0.9902572631835938,47e4c6a473ee53c564f8b5d27b6eb4393464a28e59bbb844193431f19720d789,,
gaussian,iid,W,1.0,7.0,24.0,128.0,0.0,0.0,0.8225,40.0,0.9897664388020834,01f87781d618e0a5825c915bced50a128cab8ba7cf731d35ab5285d89cc45664,,
gaussian,iid,W,1.0,7.0,24.0,128.0,0.0,0.0,0.8225,41.0,0.9886398315429688,ec8b06c25768be15437245fd97ff71f4e804050b46ffeab1445767b10aa8e7be,,
gaussian,iid,W,1.0,7.0,24.0,128.0,0.0,0.0,0.8225,42.0,0.9873275756835938,8ea4917dec34f26045a00dfd73e11284c0d33e17aafe64fc4b068ce7c1cba1b8,,
gaussian,iid,W,1.0,7.0,24.0,128.0,0.0,0.0,0.8225,43.0,0.989636739095052,fe33c0f020970c337f28c46fbccb492a5d6dde78b1096fc5f91db014b13be3b7,,
gaussian,iid,W,1.0,7.0,24.0,128.0,0.0,0.0,0.8225,44.0,0.9885228474934896,6bc199b8940685bfdc9ea58382527163df855ca49fd74a4ffad4441f6d612e62,,
gaussian,iid,W,1.0,7.0,24.0,128.0,0.0,0.0,0.8225,45.0,0.9891433715820312,758a73b58de32001c7c0163166ae3b4bd59252ed1eeb4c38cdf1662f34960e55,,
gaussian,iid,W,1.0,7.0,24.0,128.0,0.0,0.0,0.8225,46.0,0.9902165730794272,9aee6258dda2c4bdc2587bcd525146665d04d0e1a791c03a3fa18d121fa43148,,
gaussian,iid,W,1.0,7.0,24.0,128.0,0.0,0.0,0.8225,47.0,0.9872614542643228,aa7e1105b679eea9aeacd7ddf252d172efb1edfe8207093c5c52b0626d7cf5bc,,
gaussian,iid,W,1.0,7.0,24.0,128.0,0.0,0.0,0.8225,48.0,0.9859619140625,c2e7046cb706ead642fdf92a0bcc2166c9c519fcf9f9f0b2a7cb450cf7a04c2e,,
gaussian,iid,W,1.0,7.0,24.0,128.0,0.0,0.0,0.8225,49.0,0.9759140014648438,af5a63e25cc79fdc74c5e8f894e3e07225b26560336490957bbaaa40fbbef0cf,,
gaussian,iid,W,1.0,7.0,24.0,128.0,0.0,0.0,0.8225,50.0,0.9856745402018228,2331f6ca9e204e9e3b584270b0942475ebda522b3e70c4ca4e8a37d30429f4b4,,
gaussian,iid,W,1.0,7.0,24.0,128.0,0.0,0.0,0.8225,51.0,0.9889984130859376,567ef3eb9c415fc8acfd0531976d517a7392d5b264ad3f602cc3f2b0bdaf5780,,
gaussian,iid,W,1.0,7.0,24.0,128.0,0.0,0.0,0.8225,52.0,0.9906438191731772,6b46f5fd772a2b72ea6a135d950cd91bd1d33aa438183fcc6078449254c59000,,
gaussian,iid,W,1.0,7.0,24.0,128.0,0.0,0.0,0.8225,53.0,0.9807815551757812,842418f24dc5b2d5cf2882aec33421003900074c42cb653f9c87dde159f8ccc4,,
gaussian,iid,W,1.0,7.0,24.0,128.0,0.0,0.0,0.8225,54.0,0.9886500040690104,a2979e79a46998df5f75c7c3da04f083d6ff8089b5420102af1c9abf8bfd4f2d,,
gaussian,iid,W,1.0,7.0,24.0,128.0,0.0,0.0,0.8225,55.0,0.9773839314778646,aacbb1401ad93d81cea012435bd20e8191c4896a19bac07ef94aba2fd258fecd,,
gaussian,iid,W,1.0,7.0,24.0,128.0,0.0,0.0,0.8225,56.0,0.9821268717447916,ef5c0c0dc26ba411022e34a4c50c5e0c0ded3b36813c22bdcb5fd7c67e88adca,,
gaussian,iid,W,1.0,7.0,24.0,128.0,0.0,0.0,0.8225,57.0,0.990038553873698,6b65663dab9910d1eed7f17bab51474eb620c0f73bda010e3fa43480d5c47fab,,
gaussian,iid,W,1.0,7.0,24.0,128.0,0.0,0.0,0.8225,58.0,0.9876073201497396,cda0e513de779cec342394005752470c109ecdc819115a4ed699da17e502600e,,
gaussian,iid,W,1.0,7.0,24.0,128.0,0.0,0.0,0.8225,59.0,0.9858169555664062,8a3fa7882d448a5b55f68a7c1681161f9b10f48a989dd82649ec3d8e85d3c2ff,,
gaussian,iid,W,1.0,7.0,24.0,128.0,0.0,0.0,0.8225,60.0,0.9900690714518228,e8b1cdf618194550b10dd441af80731a351a63c5d1a6e50d81bc2d878371b408,,
gaussian,iid,W,1.0,7.0,24.0,128.0,0.0,0.0,0.8225,61.0,0.985804239908854,a706ce43349f393da334b98d8cc0110fa4e09aafd0102cb9edbf07e07cb6c032,,
gaussian,iid,W,1.0,7.0,24.0,128.0,0.0,0.0,0.8225,62.0,0.9891891479492188,9cfbe1215481e7bd367aa1adc89b4fb50d6a6b2a70e139adff8a67949cd8ec22,,
gaussian,iid,W,1.0,7.0,24.0,128.0,0.0,0.0,0.8225,63.0,0.987157185872396,7a76634f8709bf9272b228fa71425e540fc8ec64f6d6f79f4b05288c4f393a19,,
gaussian,iid,W,1.0,7.0,24.0,128.0,0.0,0.0,0.8225,64.0,0.9876759847005208,0bc174f8c545fe8133bba6a8157d690ed2647542a90e411538da2baf78827be3,,
gaussian,iid,W,1.0,7.0,24.0,128.0,0.0,0.0,0.8225,65.0,0.989123026529948,1775c6508c2631ae13161ea527d3b10639cf31fb0560326a55134b7e199cefe8,,
gaussian,iid,W,1.0,7.0,24.0,128.0,0.0,0.0,0.8225,66.0,0.96954345703125,5a647d44c54554459fa0095b5d55820446915c4fbe48942729f2ae2cb49a4c8c,,
gaussian,iid,W,1.0,7.0,24.0,128.0,0.0,0.0,0.8225,67.0,0.9889958699544272,f84356f4fe558b7cc2933ace74985191339ec7d65d1bc04e23979c25b2f7fd4a,,
gaussian,iid,W,1.0,7.0,24.0,128.0,0.0,0.0,0.8225,68.0,0.9872004191080728,7d87910aa1ca50703301a31d0a5e96221606c0b66ea3d4be30424b20da551d10,,
gaussian,iid,W,1.0,7.0,24.0,128.0,0.0,0.0,0.8225,69.0,0.9864883422851562,597badde010a4e678d6b4552caab8dc32a88d5154d87294adc5199cbb18aad01,,
gaussian,iid,W,1.0,7.0,24.0,128.0,0.0,0.0,0.8225,70.0,0.9899749755859376,3282afdfee28c8bb429c56970c02b8789dcff9e1b29636014c21d69eb5190e8c,,
gaussian,iid,W,1.0,7.0,24.0,128.0,0.0,0.0,0.8225,71.0,0.9853439331054688,3ff13651a9925c0b1679847d58d381b0e08d063f5b60e485121c1437d1209033,,
gaussian,iid,W,1.0,7.0,24.0,128.0,0.0,0.0,0.8225,72.0,0.9872156778971354,cb8fe7563716818ca9f402fb1d6403d1f2edff2971536c0efadc43517f8cddbc,,
gaussian,iid,W,1.0,7.0,24.0,128.0,0.0,0.0,0.8225,73.0,0.9906107584635416,f2002858b9a75e1233bfe8b1d16b66d5eb10f42ca05963ef6c2bee893c0525ab,,
gaussian,iid,W,1.0,7.0,24.0,128.0,0.0,0.0,0.8225,74.0,0.9889958699544272,57b7a21e13b4adf1773b6763852c0486e8128c5258c578f90defd206135fed68,,
gaussian,iid,W,1.0,7.0,24.0,128.0,0.0,0.0,0.8225,75.0,0.9893163045247396,be229773ae8cd74f5517f7d8caf640116777e769df177bee9336d6754970c9f3,,
gaussian,iid,W,1.0,7.0,24.0,128.0,0.0,0.0,0.8225,76.0,0.9884541829427084,0bfa4d4913e4e42da9ff7d9a29f2d6d17e602086aaac9ba844b1a8e75d1ef541,,
gaussian,iid,W,1.0,7.0,24.0,128.0,0.0,0.0,0.8225,77.0,0.9871063232421876,4cb397cd817fc4a604e3f4ada670bff2788c79c039a9a4c5248aa73f702107a9,,
gaussian,iid,W,1.0,7.0,24.0,128.0,0.0,0.0,0.8225,78.0,0.990025838216146,ebdc9864488dd469e5258c0a87ea3003fbeef6cdcd2b9ea227d918cb9bafcbc9,,
gaussian,iid,W,1.0,7.0,24.0,128.0,0.0,0.0,0.8225,79.0,0.9886881510416666,91d5c4341e39333dca982073d7c4bd0980eab38cef4df137aad726e468c94ae5,,
gaussian,iid,W,1.0,7.0,24.0,128.0,0.0,0.0,0.8225,80.0,0.9893722534179688,9247f587293a6558c6f75164af2395341fb4cb51fe08eac7b100e70de41daddb,,
gaussian,iid,W,1.0,7.0,24.0,128.0,0.0,0.0,0.8225,81.0,0.9872258504231772,a42f606f5262e9d5a491720fa223b31b524d383fee46ed90a51f9196d23a3886,,
gaussian,iid,W,1.0,7.0,24.0,128.0,0.0,0.0,0.8225,82.0,0.98724365234375,b956f7415b4c40ee649d197bc4f681fa45b2f20615ef212125697df06725de74,,
gaussian,iid,W,1.0,7.0,24.0,128.0,0.0,0.0,0.8225,83.0,0.5049336751302084,2a4c1ccf315c5b418e53894fd184914185d5cd2f4dd730d8a1e41a2ee25a8ad7,,
gaussian,iid,W,1.0,7.0,24.0,128.0,0.0,0.0,0.8225,84.0,0.9876174926757812,c4638382a19174a8f2640085b9baf3a0388483f7e25f5897e1af77956bdf15c4,,
gaussian,iid,W,1.0,7.0,24.0,128.0,0.0,0.0,0.8225,85.0,0.9873224894205728,a01c74c6548efe0db9f227efaba13cc55c97d02ee75422bafd817484c5405b32,,
gaussian,iid,W,1.0,7.0,24.0,128.0,0.0,0.0,0.8225,86.0,0.9843597412109376,b3537791c0708ccb5c8ca80eab1a380a2d204d75d225cd698debd5ea1be2ef25,,
gaussian,iid,W,1.0,7.0,24.0,128.0,0.0,0.0,0.8225,87.0,0.9904963175455728,cefb528ad99de60f3c01370a7782cb56cb5db96d04b9cf939c32a4475fdd8b21,,
gaussian,iid,W,1.0,7.0,24.0,128.0,0.0,0.0,0.8225,88.0,0.989819844563802,a737a53b8da0abf6f6b88ce0e684591d8538457ec5eb6ef98e5ac8441b6867b9,,
gaussian,iid,W,1.0,7.0,24.0,128.0,0.0,0.0,0.8225,89.0,0.9889958699544272,f328d97f5065f8103077ddc913e4de01ff4e0bcedbdfd21b0fb9596894c85a6b,,
gaussian,iid,W,1.0,7.0,24.0,128.0,0.0,0.0,0.8225,90.0,0.98828125,cc8694778d0a12f1822ec3f4d3e908202ba8eba0e6826a9c944fc44ac685ed8f,,
gaussian,iid,W,1.0,7.0,24.0,128.0,0.0,0.0,0.8225,91.0,0.9903717041015624,1cb207a85a3797616862de7e0060fde4776ee3eba07d4651a13e436b0284f4a8,,
gaussian,iid,W,1.0,7.0,24.0,128.0,0.0,0.0,0.8225,92.0,0.9813741048177084,7cb9936b12f981a4dcd538a272dd19c5768fb80ae89b0e755a344bbb64dd5a0e,,
gaussian,iid,W,1.0,7.0,24.0,128.0,0.0,0.0,0.8225,93.0,0.9794820149739584,c653f1b2c6aca0e87737bbe1320c390eef9e79da90d2ffddf859de4b7c4f2096,,
gaussian,iid,W,1.0,7.0,24.0,128.0,0.0,0.0,0.8225,94.0,0.9900054931640624,71b670ce49786e9991ef19afc6affe6253dc5f234bd36b8faedf11ce008cc879,,
gaussian,iid,W,1.0,7.0,24.0,128.0,0.0,0.0,0.8225,95.0,0.9895782470703124,94d1d41a6b5a2dc2adae23c5d305dc513f64dfe53598ff59ec0cfe67216a4e03,,
gaussian,iid,W,1.0,7.0,24.0,128.0,0.0,0.0,0.83,0.0,0.988494873046875,e8a37dd97ac06d68afe55d8a5aa82195a64557128950d65d44d6df2b853b59c0,,
gaussian,iid,W,1.0,7.0,24.0,128.0,0.0,0.0,0.83,1.0,0.989000956217448,43cc15e812fe922a5a4492761a4caf40e6740b65da0709eb9912b97cb0d2d8a1,,
gaussian,iid,W,1.0,7.0,24.0,128.0,0.0,0.0,0.83,2.0,0.9904759724934896,e9b365968934847c1e1991c727626bdef8da5bb46f09c7eb87e891cebba32886,,
gaussian,iid,W,1.0,7.0,24.0,128.0,0.0,0.0,0.83,3.0,0.9918034871419272,494b230403c802d0dad4f67acb3b59886dff50e19654255d0bcc7905908d5373,,
gaussian,iid,W,1.0,7.0,24.0,128.0,0.0,0.0,0.83,4.0,0.989954630533854,a168828b0f5341b3b456b6e4f4ff6b4c54af509424390c90ba9ffa6746039a79,,
gaussian,iid,W,1.0,7.0,24.0,128.0,0.0,0.0,0.83,5.0,0.9902445475260416,407564c2c827c3a50ddcad243a394b741d6357857ec872bf118e7c3cba7bee68,,
gaussian,iid,W,1.0,7.0,24.0,128.0,0.0,0.0,0.83,6.0,0.983861287434896,869ae5c2e6f380531621b78b9dc7ae39db14748c4b40948508a8ecbaee47b766,,
gaussian,iid,W,1.0,7.0,24.0,128.0,0.0,0.0,0.83,7.0,0.9865951538085938,8b1876075c5f3740b7fb66d6dc41612f4519dc2fb6b498ad747c54f69dae127a,,
gaussian,iid,W,1.0,7.0,24.0,128.0,0.0,0.0,0.83,8.0,0.9880193074544272,a12b55548c06651cfc453aebb789f76f40066bff9f1d253a9591ccea2b868d5e,,
gaussian,iid,W,1.0,7.0,24.0,128.0,0.0,0.0,0.83,9.0,0.9877471923828124,8f23c7a7a27d698607980bbfe42976fd030a2f485e6176f68a1d68fe92e3df77,,
gaussian,iid,W,1.0,7.0,24.0,128.0,0.0,0.0,0.83,10.0,0.9881083170572916,e19f59fb34e3bd80b7fd8aae1ef40ae301bcb1f9e022d652869128eeea46a055,,
gaussian,iid,W,1.0,7.0,24.0,128.0,0.0,0.0,0.83,11.0,0.9903742472330728,85791a672ee7b23f8bfc998758cc52df61949ac59bf9c82541a816ad08a8033c,,
gaussian,iid,W,1.0,7.0,24.0,128.0,0.0,0.0,0.83,12.0,0.9903335571289062,301ca5f79e6fe2f33e2f48e1db5c3fffa6a9790e9e7b50cac58f0ff38eed8ae4,,
gaussian,iid,W,1.0,7.0,24.0,128.0,0.0,0.0,0.83,13.0,0.9891255696614584,63997e4f19bc26f373b72bdb9e64b532663354c66415dd844a7304969f1b8647,,
gaussian,iid,W,1.0,7.0,24.0,128.0,0.0,0.0,0.83,14.0,0.98590087890625,1efdd9a0fc4e719458789976b775446bfdecc4ebdc6cc74c14690c7fc02e3168,,
gaussian,iid,W,1.0,7.0,24.0,128.0,0.0,0.0,0.83,15.0,0.9885965983072916,8130fe25cc6958d66e10c1c433bcac87d8fac5b5840f969220af04c0c8952b4f,,
gaussian,iid,W,1.0,7.0,24.0,128.0,0.0,0.0,0.84,0.0,0.9905980428059896,89cbc8c3c0be4ba4d02aff17db3fa223b6aa52bd12df38fe6d01f2a53d5c7ab5,,
gaussian,iid,W,1.0,7.0,24.0,128.0,0.0,0.0,0.84,1.0,0.990636189778646,2e73ca9a00c6fd0591b44f44e190ba22e96f363c03c4b0ef7737b7722dfe3330,,
gaussian,iid,W,1.0,7.0,24.0,128.0,0.0,0.0,0.84,2.0,0.991236368815104,273996bcce96fff5a31330df73e6d0e0884d1b76f93371927061b13d702bda6f,,
gaussian,iid,W,1.0,7.0,24.0,128.0,0.0,0.0,0.84,3.0,0.992101033528646,e4d1a2afad30a67b622f7f74ce59bc7310020459ae3ed89dafe33f1555cfe068,,
gaussian,iid,W,1.0,7.0,24.0,128.0,0.0,0.0,0.84,4.0,0.99163818359375,34bff3f68af35ddd158d620f56e2f288488a0c8890085a0ec40b962f6f125d3c,,
gaussian,iid,W,1.0,7.0,24.0,128.0,0.0,0.0,0.84,5.0,0.9910990397135416,a8d2fc1ae747cfe6270799afc77c4d78950c074bc54d9fe1d787cd1138d464c2,,
gaussian,iid,W,1.0,7.0,24.0,128.0,0.0,0.0,0.84,6.0,0.987452189127604,e5299f384deb07fa59f85d9b8af1f6106816ea9c92ef8d4fb6c4e4e081ece84d,,
gaussian,iid,W,1.0,7.0,24.0,128.0,0.0,0.0,0.84,7.0,0.9892374674479166,92852a87dec5768b5a300f4bd294702a008e407b5339b8ce22f0c0d28439a35a,,
gaussian,iid,W,1.0,7.0,24.0,128.0,0.0,0.0,0.84,8.0,0.9888737996419272,b2de12d5a8930646856a6485727371fcc70b5f7e05f58f336333ab5964c1ba0e,,
gaussian,iid,W,1.0,7.0,24.0,128.0,0.0,0.0,0.84,9.0,0.9910837809244792,fe214cf025cbbc8e8d57e76552b17048848309be48fa15d532363ff8b79a8a3f,,
gaussian,iid,W,1.0,7.0,24.0,128.0,0.0,0.0,0.84,10.0,0.9900309244791666,54a0dc50b7dcd8562f16df24d2f8695ca5621850d4b7292d52a1d97b776ebd93,,
gaussian,iid,W,1.0,7.0,24.0,128.0,0.0,0.0,0.84,11.0,0.9909032185872396,d06d81c374661b929a19cf4f95b6dfd5115569a291dd721e2073780940b981c8,,
gaussian,iid,W,1.0,7.0,24.0,128.0,0.0,0.0,0.84,12.0,0.990687052408854,f9dc7877b9ee905136b47320476aaa050398caaa782df4561a31e7baacbfef09,,
gaussian,iid,W,1.0,7.0,24.0,128.0,0.0,0.0,0.84,13.0,0.9897028605143228,d9536e2259b1f2ee289b70a4725b5672ad249620391318429b16b46a53dfc52a,,
gaussian,iid,W,1.0,7.0,24.0,128.0,0.0,0.0,0.84,14.0,0.9898656209309896,8729b57bdff852a37514b5016c146bee3a42481de02715094b8cbe3b8cde68bf,,
gaussian,iid,W,1.0,7.0,24.0,128.0,0.0,0.0,0.84,15.0,0.9895782470703124,7bc25d330675f6f1affa955c07ad825cc8e720e14019a173948fa971bab860ce,,
gaussian,iid,W,1.0,7.0,24.0,128.0,0.0,0.0,0.85,0.0,0.9911677042643228,9630688f35df4bc400aa5ba121f3d6c386189349a0a80af8e340352afd983712,,
gaussian,iid,W,1.0,7.0,24.0,128.0,0.0,0.0,0.85,1.0,0.9913660685221354,af7e9079a64e6bed0ea42015872ab66fc9fdcda3fbeaff4a9d55cc47ecd3c36a,,
gaussian,iid,W,1.0,7.0,24.0,128.0,0.0,0.0,0.85,2.0,0.992566426595052,07cdf2e38059611d97bedca25d903fd7c14384108a056e98b23720a027be46e2,,
gaussian,iid,W,1.0,7.0,24.0,128.0,0.0,0.0,0.85,3.0,0.9924036661783854,fd3e7c3625e00eb3de2e7295d060db7cb1162dfcca6df19dbbc243363981f633,,
gaussian,iid,W,1.0,7.0,24.0,128.0,0.0,0.0,0.85,4.0,0.9922256469726562,91eb3ed3424057dae51b64d1f97aecf791750a252389cb9ac3051730106b4f08,,
gaussian,iid,W,1.0,7.0,24.0,128.0,0.0,0.0,0.85,5.0,0.9910888671875,b0a163bb6e884b746825c6cd65fc0fe64c03f58ea6b9b5c49fb10e99ea223020,,
gaussian,iid,W,1.0,7.0,24.0,128.0,0.0,0.0,0.85,6.0,0.989697774251302,7d35433b7c7425104a16525f4081944dd856a4c55e6ea7ae9c2acdefe3d177a5,,
gaussian,iid,W,1.0,7.0,24.0,128.0,0.0,0.0,0.85,7.0,0.990674336751302,a5f6101b6cccc178645a3639bb9b8c713c94173806317c35e56c225bbccb1a68,,
gaussian,iid,W,1.0,7.0,24.0,128.0,0.0,0.0,0.85,8.0,0.9896316528320312,a698eaee423daaf10ab6e36edadb3f571c1e46421fb372dd5e9d0ce2b536033d,,
gaussian,iid,W,1.0,7.0,24.0,128.0,0.0,0.0,0.85,9.0,0.991856892903646,36f48d3a2fdc10cc0b9ee0f3e7d1f901c0bbcfc0981582d26d89b9e7e355b7cf,,
gaussian,iid,W,1.0,7.0,24.0,128.0,0.0,0.0,0.85,10.0,0.9906005859375,ca6754db2066caab8b4272b3d790bd148c26a173ed6eee34c6a42afe6a5c251e,,
gaussian,iid,W,1.0,7.0,24.0,128.0,0.0,0.0,0.85,11.0,0.9919815063476562,7979cbaefbf477239e14fed9c31c48b341957f3c9a721db4740746b834e31102,,
gaussian,iid,W,1.0,7.0,24.0,128.0,0.0,0.0,0.85,12.0,0.9918721516927084,00405f01e7b2e5a11d7dfab5e4bf6000bcff5f950912e1d9352f1c3fd4eea4a6,,
gaussian,iid,W,1.0,7.0,24.0,128.0,0.0,0.0,0.85,13.0,0.990369160970052,f6fd55a2aa683cee6bf78e69a9aeacffd2d750a304b575ce500e2434a5b96933,,
gaussian,iid,W,1.0,7.0,24.0,128.0,0.0,0.0,0.85,14.0,0.9906845092773438,a9376d0a96bb5cc76b1d913ac94a745a5070b1d1c1fd4cf142d30ac4643f4331,,
gaussian,iid,W,1.0,7.0,24.0,128.0,0.0,0.0,0.85,15.0,0.9904403686523438,8c4118643076c5c06cfdfd8e4060737373a2fa3d6e308ec11bd54770afb4d899,,
gaussian,iid,W,1.0,7.0,24.0,128.0,0.0,0.0,0.85,16.0,0.9913253784179688,0172fde4f45ef61774af82c0d35ee6619b1c23332519856fcb58a4728c36bb35,,
gaussian,iid,W,1.0,7.0,24.0,128.0,0.0,0.0,0.85,17.0,0.9910837809244792,0b3a8e8fc85e7f523f2ec33799044473959970bc1df64aff00d2528a07bbd1fb,,
gaussian,iid,W,1.0,7.0,24.0,128.0,0.0,0.0,0.85,18.0,0.9915186564127604,ab99654908d7975c09b6b6ffdfae08b4da37f213c69bfd0708911bb3454dd64b,,
gaussian,iid,W,1.0,7.0,24.0,128.0,0.0,0.0,0.85,19.0,0.993115743001302,8ffcbfd51b2adb40f7f05c01ec5463216b7f0b3a81ad6b8e75eb69ce13182125,,
gaussian,iid,W,1.0,7.0,24.0,128.0,0.0,0.0,0.85,20.0,0.991368611653646,c7d591929cc2e0711098804e7ae5dcc7d76e68ba45eaf1a9c4af71b1b1357596,,
gaussian,iid,W,1.0,7.0,24.0,128.0,0.0,0.0,0.85,21.0,0.9917399088541666,cbef883a5281199f9367b70532785f2714fc465841a8d3c8d30f0fcb33a54d2c,,
gaussian,iid,W,1.0,7.0,24.0,128.0,0.0,0.0,0.85,22.0,0.990343729654948,25a5371ab76b6c367cd8503cf570b1850bb1c76f7ce150d31d4e9163ba98aeaf,,
gaussian,iid,W,1.0,7.0,24.0,128.0,0.0,0.0,0.85,23.0,0.9906234741210938,b140f63b70994bbc22887a5c347918e83c50cea3165fd763b9dd20411a13b00f,,
gaussian,iid,W,1.0,7.0,24.0,128.0,0.0,0.0,0.86,0.0,0.9920628865559896,12880612526cf2813d6de14482d1fbc9c049457471199b7d9326cf3941889e0e,,
gaussian,iid,W,1.0,7.0,24.0,128.0,0.0,0.0,0.86,1.0,0.9922765096028646,63d33b056ad2397c9558fa18ccde476b7e71c9541929309b5f6fb51b29db01d7,,
gaussian,iid,W,1.0,7.0,24.0,128.0,0.0,0.0,0.86,2.0,0.992993672688802,af3aa0ce2b2561e960e4d81593a4ecff58ade5c3347c34080ba3ca1c7aa1080a,,
gaussian,iid,W,1.0,7.0,24.0,128.0,0.0,0.0,0.86,3.0,0.992828369140625,22435d0824a644bcc138707414128b5ddd726425cb8b051f8754a3311f7503a2,,
gaussian,iid,W,1.0,7.0,24.0,128.0,0.0,0.0,0.86,4.0,0.992950439453125,ef1f4cecbd133c3af082163344a3adf704f241923c8db1588bf662f5b7112906,,
gaussian,iid,W,1.0,7.0,24.0,128.0,0.0,0.0,0.86,5.0,0.99163818359375,3285cc4b7afdf0e668be797cb0818a8ea8f5a4b2ca7c2b0908e47d3fbd173ff2,,
gaussian,iid,W,1.0,7.0,24.0,128.0,0.0,0.0,0.86,6.0,0.9903182983398438,56a748486ca86edf146d3c25ba80bfe083f717ee13e85d0c4c9ac3af8e39347e,,
gaussian,iid,W,1.0,7.0,24.0,128.0,0.0,0.0,0.86,7.0,0.991912841796875,1c9e750b72bad9a6512fff352c2f1db5a818d25c3f818ea6ffbca20455305f64,,
gaussian,iid,W,1.0,7.0,24.0,128.0,0.0,0.0,0.86,8.0,0.9903182983398438,742e1a176856022ada3bc60acdfb083ed1dc6c8682567dde95c0f6909828c98a,,
gaussian,iid,W,1.0,7.0,24.0,128.0,0.0,0.0,0.86,9.0,0.9924265543619792,742eba760c241d8df05160c2996a059f3831c30bf87347495d1b12a4a27e5602,,
gaussian,iid,W,1.0,7.0,24.0,128.0,0.0,0.0,0.86,10.0,0.9921849568684896,5b32c891e4c40d2685902aa77e12b7507f90954d8723a865678a0f0a233e0d02,,
gaussian,iid,W,1.0,7.0,24.0,128.0,0.0,0.0,0.86,11.0,0.9923502604166666,e364d0f4c1095730ad695551cdefa9f59f15c8e26bf680a8a18fad2d1d93a691,,
gaussian,iid,W,1.0,7.0,24.0,128.0,0.0,0.0,0.86,12.0,0.9921315511067708,64a8cac6f4a4e5cdaa0526c2cee518d64cc2481c48b35afd0013720b2674872e,,
gaussian,iid,W,1.0,7.0,24.0,128.0,0.0,0.0,0.86,13.0,0.990832010904948,6a4d62c3867543d138748c6b2a3aa5d4e9a04e3c091a3e710a50ce0400b436af,,
gaussian,iid,W,1.0,7.0,24.0,128.0,0.0,0.0,0.86,14.0,0.9915084838867188,642f37c7114b5428374da0d23eb9b8360fa772059c314a39aa8f3d1e8ffd1a96,,
gaussian,iid,W,1.0,7.0,24.0,128.0,0.0,0.0,0.86,15.0,0.991236368815104,66c32cc6438ecf79e06e5b5461dfe90ac5d14b97800d94b99914c4e8d96530df,,
gaussian,iid,W,1.0,7.0,24.0,128.0,0.0,0.0,0.9,0.0,0.9937947591145834,4200cbabafc6d3c61acba2327bab721ef7152938da12ade0c30289cf77a55f76,,
gaussian,iid,W,1.0,7.0,24.0,128.0,0.0,0.0,0.9,1.0,0.9936091105143228,c76114432689e4749d5ad9551356b16c75a33ba44ea0f3275788f91d0a7aad58,,
gaussian,iid,W,1.0,7.0,24.0,128.0,0.0,0.0,0.9,2.0,0.9942398071289062,4336495c6e4d7c82c87d818bcc60ada981a556006bc9c8f9195f9afc1081cf17,,
gaussian,iid,W,1.0,7.0,24.0,128.0,0.0,0.0,0.9,3.0,0.994433085123698,e2b348c07c48e027a40da8503acd68bf4a75ebf438a393c4c5786fe3b6c39153,,
gaussian,iid,W,1.0,7.0,24.0,128.0,0.0,0.0,0.9,4.0,0.994847615559896,999089f6bf1fde2022dbfdc70cb20e770479a1b19abb266431cf60bc44691402,,
gaussian,iid,W,1.0,7.0,24.0,128.0,0.0,0.0,0.9,5.0,0.9939295450846354,3ceb9e08ba63798fab81023cc2473245f0629a520e978b72ccf7ab0f00a38ece,,
gaussian,iid,W,1.0,7.0,24.0,128.0,0.0,0.0,0.9,6.0,0.9934514363606772,fecf8ef2050ea55d22a670d419af53326d8caf57e294af430d5e9d3d6d0a96f8,,
gaussian,iid,W,1.0,7.0,24.0,128.0,0.0,0.0,0.9,7.0,0.9939066569010416,44983cb8fbd8d2de17720c1d45b513c215e1a864c9edddf3b7f6a38d03f4af48,,
gaussian,iid,W,1.0,10.0,24.0,128.0,0.0,0.0,0.65,0.0,0.0141779581705729,d37f1d29a619e4af651039a9f847b8ad023bc87d34445ca5b5ca7faa9aff1cd2,,
gaussian,iid,W,1.0,10.0,24.0,128.0,0.0,0.0,0.65,1.0,0.008331298828125,3c92816ec7b0b4febd2bdd6e6714116b92c336a9397d61112ebd5f710e85362f,,
gaussian,iid,W,1.0,10.0,24.0,128.0,0.0,0.0,0.65,2.0,0.0112177530924479,a4eb4f1cfb4f4fbb5e9b8546f2309421117da0e04fbb9c3e23611fc4c04dc68c,,
gaussian,iid,W,1.0,10.0,24.0,128.0,0.0,0.0,0.65,3.0,0.0085601806640625,08276b8e57ccbf7ead5eb007c6421758c5c72b5b00724bd69e8cdedc01822983,,
gaussian,iid,W,1.0,10.0,24.0,128.0,0.0,0.0,0.65,4.0,0.0087610880533854,a6019c3c0a307ef0f8c622e7b83c71883760cd0d057de4808d34ce836c8b265f,,
gaussian,iid,W,1.0,10.0,24.0,128.0,0.0,0.0,0.65,5.0,0.010724385579427,cc0b4295b9725d6ff696f99911eace6fd2f92ed237cb5097b5290bb7ddc5a7ce,,
gaussian,iid,W,1.0,10.0,24.0,128.0,0.0,0.0,0.65,6.0,0.0095011393229166,ddf58836424e43a19e3c616205cf792cda15b332192e9a46a44afb3cb12a0552,,
gaussian,iid,W,1.0,10.0,24.0,128.0,0.0,0.0,0.65,7.0,0.0098164876302083,cda742aa2208dcf0142edc58540831aed18275972edcce18e0cd02bbc3526b85,,
gaussian,iid,W,1.0,10.0,24.0,128.0,0.0,0.0,0.65,8.0,0.0089289347330729,efa1d725503d7a9e939ef48494287d0016897afd383cae0c97766064c48e4ca9,,
gaussian,iid,W,1.0,10.0,24.0,128.0,0.0,0.0,0.65,9.0,0.0104649861653645,ac828f02a2d0433192168c7dc4b4f5696346a4439e330e1ee70ed97ac0ecba0f,,
gaussian,iid,W,1.0,10.0,24.0,128.0,0.0,0.0,0.65,10.0,0.0099360148111979,bbe07f4820f1907fb1c235820630533adfdabd5736a74736111e8d8f3072d5c0,,
gaussian,iid,W,1.0,10.0,24.0,128.0,0.0,0.0,0.65,11.0,0.0105361938476562,be9d34c9b23f0aad815607af9e5ee6fa07cfa136beb976fcbfc00a15af3125f9,,
gaussian,iid,W,1.0,10.0,24.0,128.0,0.0,0.0,0.7,0.0,0.0296783447265625,2494702db97619b7df7a4490d8036f207e9fea9b395061349526bb4847837bfc,,
gaussian,iid,W,1.0,10.0,24.0,128.0,0.0,0.0,0.7,1.0,0.0283737182617187,9c41541412f3f28436be117afa85f7201996ddb8d19fbd4d93cbc41dda0d5f11,,
gaussian,iid,W,1.0,10.0,24.0,128.0,0.0,0.0,0.7,2.0,0.0686747233072916,d55bfffff02078956d0739da805dd8b1f2632aa3e11f0fb82303791600f5ea18,,
gaussian,iid,W,1.0,10.0,24.0,128.0,0.0,0.0,0.7,3.0,0.0225194295247395,b252a683c4d23d0a6216b8f36b98438cba0a13747df608eb6744840a8c4f511e,,
gaussian,iid,W,1.0,10.0,24.0,128.0,0.0,0.0,0.7,4.0,0.0133031209309895,baf80224349f556b33eaddd0888db8f00a01c2da405b855dc300c1f2b158a689,,
gaussian,iid,W,1.0,10.0,24.0,128.0,0.0,0.0,0.7,5.0,0.0489730834960937,27850acb8a262f3fd3bc2b47562ac127a6e3dc1459566aba50080b00a60d3112,,
gaussian,iid,W,1.0,10.0,24.0,128.0,0.0,0.0,0.7,6.0,0.0192947387695312,87ed3fa3dff5b1c0c43920963a8ff33f4142e7a923ea3db8441d019fd61dc421,,
gaussian,iid,W,1.0,10.0,24.0,128.0,0.0,0.0,0.7,7.0,0.0159810384114583,91b89fb78d10b29a55c6cba19c6247dd9ec69f38dd8c5bb79e77f220ffcb4ec9,,
gaussian,iid,W,1.0,10.0,24.0,128.0,0.0,0.0,0.7,8.0,0.0172576904296875,8a9077b07162b40f69aa836d2d4f9cd0ae6abc726865b1a2e087b18723b67f06,,
gaussian,iid,W,1.0,10.0,24.0,128.0,0.0,0.0,0.7,9.0,0.0155512491861979,68b5b5d8ca5c898bcda11987ab20ff3f0f929d46f83b1b4e0cb262ced56fc869,,
gaussian,iid,W,1.0,10.0,24.0,128.0,0.0,0.0,0.7,10.0,0.0205128987630208,caa4e2c32a00775b23c567464a58b104380a2ccf04698fe8254afacaea885133,,
gaussian,iid,W,1.0,10.0,24.0,128.0,0.0,0.0,0.7,11.0,0.0206527709960937,02dd956aeb171590cfb22647a6846a6a7b06c7bdc849161eeb0ed8ea0d2e3d9a,,
gaussian,iid,W,1.0,10.0,24.0,128.0,0.0,0.0,0.7,12.0,0.0291188557942708,e54f1159854fb4fdf34acc13f67c0523bcd59a58ed0c93d008d45f6eb0753595,,
gaussian,iid,W,1.0,10.0,24.0,128.0,0.0,0.0,0.7,13.0,0.031689961751302,86ffe2765ffbf52664828d031a6a50785ee1d5e8bd99c05470eb305f9dd36873,,
gaussian,iid,W,1.0,10.0,24.0,128.0,0.0,0.0,0.7,14.0,0.0150019327799479,e04e14af003a4f1458245417e3c15b7ba9be25501711a68a65ca502f9df23ccd,,
gaussian,iid,W,1.0,10.0,24.0,128.0,0.0,0.0,0.7,15.0,0.0167795817057291,7560f1a66c0da2326992795967873423468d7cfcfa1e3d33a76eca0c5240b95a,,
gaussian,iid,W,1.0,10.0,24.0,128.0,0.0,0.0,0.7,16.0,0.0296986897786458,1edec1bfcb19e670ca1ffb4434be28bfd1326136b7c4a3987d835156bc0b1ff0,,
gaussian,iid,W,1.0,10.0,24.0,128.0,0.0,0.0,0.7,17.0,0.0150629679361979,c2a03d03debc20a436ebb0b045d57d9a79989d218f2452fc8596b3533aa5dc9e,,
gaussian,iid,W,1.0,10.0,24.0,128.0,0.0,0.0,0.7,18.0,0.0186030069986979,ba3277ef46f799ae470ca6a30aef59b75bb98ac0fc746860ad9760b0091ac8be,,
gaussian,iid,W,1.0,10.0,24.0,128.0,0.0,0.0,0.7,19.0,0.0206858317057291,dd687c88ffdd32311006756b78a75dfcf97797c39f2a99590c724be9d03791c1,,
gaussian,iid,W,1.0,10.0,24.0,128.0,0.0,0.0,0.7,20.0,0.0265274047851562,6531dd0219cc386ce4f1ce57088666bc0a8b9a57031483474c3e07fe2107f2b0,,
gaussian,iid,W,1.0,10.0,24.0,128.0,0.0,0.0,0.7,21.0,0.0166854858398437,e03358f4a8aa2e4988b9ca0d8aca4c4e0d8fbfb0d2450b1267dbbbab3726d753,,
gaussian,iid,W,1.0,10.0,24.0,128.0,0.0,0.0,0.7,22.0,0.0167948404947916,f7d29709e49aebcc90d993e2a101ddd0ed21bcd67b7098e9bf3c1f6d36dd968b,,
gaussian,iid,W,1.0,10.0,24.0,128.0,0.0,0.0,0.7,23.0,0.0184682210286458,8fdfcfaaa235902dd63041ca48b6c21e27302bf23820cc8a963813627c7d21e9,,
gaussian,iid,W,1.0,10.0,24.0,128.0,0.0,0.0,0.71,0.0,0.0310999552408854,9406b1c184615ef58bb03abc9c97c57170a04c8c626528d3fd60c45f2357b75a,,
gaussian,iid,W,1.0,10.0,24.0,128.0,0.0,0.0,0.71,1.0,0.0237884521484375,66dde503c119357ddf417bfae6f87018f1f54be9dc2899a4fcc1bd993a24b566,,
gaussian,iid,W,1.0,10.0,24.0,128.0,0.0,0.0,0.71,2.0,0.0913772583007812,5aa10a7fc8d4d5688618a378b6490be7e73747124e8c36fc1ed42ab6cbf8ba94,,
gaussian,iid,W,1.0,10.0,24.0,128.0,0.0,0.0,0.71,3.0,0.0255279541015625,4389d72ea48fcad8d7b856a2ad3666ce4c8dd5697185dba029c8c6db745189a7,,
gaussian,iid,W,1.0,10.0,24.0,128.0,0.0,0.0,0.71,4.0,0.0219294230143229,6821144db3839ebf9d4a89fea533efd9b6c8c5a5114b662d43adc487082c1d46,,
gaussian,iid,W,1.0,10.0,24.0,128.0,0.0,0.0,0.71,5.0,0.0946807861328125,244349e037d29aec02e81e53b1869daad0177b0e96f834acd9bb9c71300937cf,,
gaussian,iid,W,1.0,10.0,24.0,128.0,0.0,0.0,0.71,6.0,0.0251134236653645,439d4f2a531283b6818aee978585f549b98462e39c4190c0414e21e9cf260462,,
gaussian,iid,W,1.0,10.0,24.0,128.0,0.0,0.0,0.71,7.0,0.0294570922851562,8d20a7a1b3408b138a311ff2be0e90870c86057a67b58e523f71d7f48d5d73c8,,
gaussian,iid,W,1.0,10.0,24.0,128.0,0.0,0.0,0.71,8.0,0.0218963623046875,c874a69ed7e2db9b0d2faf7774102ebf22ad09bc5d75a176c9be2b3a95f19f43,,
gaussian,iid,W,1.0,10.0,24.0,128.0,0.0,0.0,0.71,9.0,0.0237960815429687,35437980b4bba81b8ea3b91cfd0abfdd77f19f5cfe4b8ca6ee9ca16e52922d5d,,
gaussian,iid,W,1.0,10.0,24.0,128.0,0.0,0.0,0.71,10.0,0.0437978108723958,b907c76a74417fe98614ca8a96a1e1f5e07bda550bd37392fb1e5932d56a5b62,,
gaussian,iid,W,1.0,10.0,24.0,128.0,0.0,0.0,0.71,11.0,0.0485560099283854,1d185704e06b24bbe2f6c5109e1753dcef8cd73a9f8135bdc3428dc4dae661e0,,
gaussian,iid,W,1.0,10.0,24.0,128.0,0.0,0.0,0.71,12.0,0.0644404093424479,abcb37828a447ffe509fec8d82dc146e168cf4d6d9b829a5a7d96bba1f4b1622,,
gaussian,iid,W,1.0,10.0,24.0,128.0,0.0,0.0,0.71,13.0,0.0371475219726562,61aa2fea9971db98404efeedf500384298f386336fa7bb622d0d0bd0e4ef32f0,,
gaussian,iid,W,1.0,10.0,24.0,128.0,0.0,0.0,0.71,14.0,0.0424397786458333,381336ab0092bc70d80c84fb3b2b9f85bc0aae055b5dbd3232015aa20f885717,,
gaussian,iid,W,1.0,10.0,24.0,128.0,0.0,0.0,0.71,15.0,0.0247090657552083,aa03d11508331687f83f826feb8e653d7dd922d7876c636b19486965b9460f59,,
gaussian,iid,W,1.0,10.0,24.0,128.0,0.0,0.0,0.71,16.0,0.0912246704101562,b2eec218dc541f82753000d7271a92a43470d2b69ef349737c4f7fbaff02cc36,,
gaussian,iid,W,1.0,10.0,24.0,128.0,0.0,0.0,0.71,17.0,0.0222956339518229,db8c015d69e409b7b495c51de259009eff1fe4f659decb4a71341c4d021e4aa5,,
gaussian,iid,W,1.0,10.0,24.0,128.0,0.0,0.0,0.71,18.0,0.0225601196289062,e851c26db1f8d112f2ccb44ee878ab2aaa8f0be17fcb9fb1b1a239326b73bd4f,,
gaussian,iid,W,1.0,10.0,24.0,128.0,0.0,0.0,0.71,19.0,0.0443878173828125,0710671abfd042dc6e862c04222d70060334ef6745cc572de3456968a68c722d,,
gaussian,iid,W,1.0,10.0,24.0,128.0,0.0,0.0,0.71,20.0,0.024854024251302,abb8ec43dde8ed260b751cc5b5322fa2cd0990bae1b7ef7fa6ec3bca6a6c9122,,
gaussian,iid,W,1.0,10.0,24.0,128.0,0.0,0.0,0.71,21.0,0.0428975423177083,3ded8c252b85c8a3ecd4e3b9af814eef4f8b812b7000f3932f6e33089c2bf026,,
gaussian,iid,W,1.0,10.0,24.0,128.0,0.0,0.0,0.71,22.0,0.0229415893554687,673930ce4b9ecee064bf3a9c8c836b37b1b19d7227584d4d18926059ba63a187,,
gaussian,iid,W,1.0,10.0,24.0,128.0,0.0,0.0,0.71,23.0,0.0429000854492187,fc03e559ddbeb187b79e8094d0860011685e6d1719f9cbb7ceb13960a5bf601f,,
gaussian,iid,W,1.0,10.0,24.0,128.0,0.0,0.0,0.72,0.0,0.08013916015625,8095bfb25a361c6075bc8e170c39a954d3b6c3f1b2f429e642bc6d6e46b85dbe,,
gaussian,iid,W,1.0,10.0,24.0,128.0,0.0,0.0,0.72,1.0,0.064422607421875,0570c50ffe14e7c0da6df121985c9e3f030f239b99c4965ebf8684bfb39f40b3,,
gaussian,iid,W,1.0,10.0,24.0,128.0,0.0,0.0,0.72,2.0,0.0431874593098958,dc6d99acc023b348cd143f9dc9d6756813783f8ab67c92553ecbd56ebb8fe677,,
gaussian,iid,W,1.0,10.0,24.0,128.0,0.0,0.0,0.72,3.0,0.0439453125,3ee4eb8fcb94db9d782199ced14646790d8f1ff74654a2f0f3794e6d34932f5e,,
gaussian,iid,W,1.0,10.0,24.0,128.0,0.0,0.0,0.72,4.0,0.0832087198893229,e71d191889f8ae5aeeda2aca7f9c0a6d12f61d6347f1a0556eba1863f786a163,,
gaussian,iid,W,1.0,10.0,24.0,128.0,0.0,0.0,0.72,5.0,0.1016565958658854,d4bc038e54c4f006bdcb4d66772d81217b10fae7f6bde0aa564b8253a237b3a0,,
gaussian,iid,W,1.0,10.0,24.0,128.0,0.0,0.0,0.72,6.0,0.0860315958658854,51c5f15a8851703615704e41f9f93d8ad73d3131a8e7c8f5ddce77974fa9b36e,,
gaussian,iid,W,1.0,10.0,24.0,128.0,0.0,0.0,0.72,7.0,0.1146316528320312,52f5947f3da8be795f4f4a88162616b3945e82cf5aeca0fe4a8ee2d797361d21,,
gaussian,iid,W,1.0,10.0,24.0,128.0,0.0,0.0,0.72,8.0,0.0863800048828125,741d1b2132224646f9d8bee2ce147cb99c5ab7b474900adcd8033de65f6c2c7b,,
gaussian,iid,W,1.0,10.0,24.0,128.0,0.0,0.0,0.72,9.0,0.1522903442382812,8f3b64467d46938db1308fa4874e887e6a24f7ab6ae7ef36c2e1bc25ed34510b,,
gaussian,iid,W,1.0,10.0,24.0,128.0,0.0,0.0,0.72,10.0,0.0443751017252604,e0fb69e1d19d09c350cb1a60d0b6ccf8fbc3fe76d0d7a19cb518c9c0fadac239,,
gaussian,iid,W,1.0,10.0,24.0,128.0,0.0,0.0,0.72,11.0,0.0773798624674479,8dfc549eff6a14bef9e1ba9b5c2ea932101d91956e3310b1378891637b1cd8df,,
gaussian,iid,W,1.0,10.0,24.0,128.0,0.0,0.0,0.72,12.0,0.1231765747070312,6db81563c2369e1cfdc82ed85f5ad8a0e0d5e8692f3dd82d182153213400f45f,,
gaussian,iid,W,1.0,10.0,24.0,128.0,0.0,0.0,0.72,13.0,0.1340204874674479,e82ad9f495e91d1630395ba536e82824ed8415b9ad552576605e83db92c40913,,
gaussian,iid,W,1.0,10.0,24.0,128.0,0.0,0.0,0.72,14.0,0.0799026489257812,e018a3a29de36fa2d6340a4c726f7080aee3869f31775afae9b154b3f18c4e15,,
gaussian,iid,W,1.0,10.0,24.0,128.0,0.0,0.0,0.72,15.0,0.0698115030924479,60af80f2774e9032e8238a9cc6a8b03037bec3a735d947f28415863d100d20af,,
gaussian,iid,W,1.0,10.0,24.0,128.0,0.0,0.0,0.72,16.0,0.0950419108072916,6e9ac3159bce442199f77eeefef2dee1cc42f23df01c0165a99c75e584883b80,,
gaussian,iid,W,1.0,10.0,24.0,128.0,0.0,0.0,0.72,17.0,0.1043472290039062,a98bd87b0e1fb862c1e2b70c1d109fc092e14997cab74fce6fd5b58288051de9,,
gaussian,iid,W,1.0,10.0,24.0,128.0,0.0,0.0,0.72,18.0,0.098340352376302,8a8aacaf098c3197001a16f2b0d074c1d07a7dde5feccf2750a7a8c9af60336d,,
gaussian,iid,W,1.0,10.0,24.0,128.0,0.0,0.0,0.72,19.0,0.1149037679036458,235c9a41d27be0aff23142f8f08eaa651b1dfaa1c50886aa7cc54aef527bb4c3,,
gaussian,iid,W,1.0,10.0,24.0,128.0,0.0,0.0,0.72,20.0,0.0773264567057291,8970af2d8e63ca9c21d008e0a39b26c46d7655c94efeba95237450f5bcde2537,,
gaussian,iid,W,1.0,10.0,24.0,128.0,0.0,0.0,0.72,21.0,0.1205113728841145,9a546f96fd6b666b94d14534c2245012a7895bd60569a685980610ec56bba53f,,
gaussian,iid,W,1.0,10.0,24.0,128.0,0.0,0.0,0.72,22.0,0.0594685872395833,6265b2334489014b853c48bfa6d1a9c9d57ee60319caa33a856e5ef48b6acf40,,
gaussian,iid,W,1.0,10.0,24.0,128.0,0.0,0.0,0.72,23.0,0.0661544799804687,ed20e16d7781f45f44c81063fd7493c0d667749f105efdb666b545924306f7a0,,
gaussian,iid,W,1.0,10.0,24.0,128.0,0.0,0.0,0.73,0.0,0.1711171468098958,2c99e433d6f8887b978ddb8e23b55b7c51ed21c8427a3a5aadc41e7f206d7ca1,,
gaussian,iid,W,1.0,10.0,24.0,128.0,0.0,0.0,0.73,1.0,0.13250732421875,8fcb366b08770415a2b78737e5d9b9c87d3b063173fcc2da75d612c85a534c06,,
gaussian,iid,W,1.0,10.0,24.0,128.0,0.0,0.0,0.73,2.0,0.2705052693684895,f78ec891baf5a377ccfb520a708f4e2a6aab7606c61b9454e0891cfd075eb999,,
gaussian,iid,W,1.0,10.0,24.0,128.0,0.0,0.0,0.73,3.0,0.0808207194010416,8747feac25e65b266552546b78f4a47bb12d45cf5b37b6d63b00adaa4958c493,,
gaussian,iid,W,1.0,10.0,24.0,128.0,0.0,0.0,0.73,4.0,0.2818959554036458,03b6bca41c9af4b1f126b84d127eff6a143d2c640d3a93c95966fb5de35c04fc,,
gaussian,iid,W,1.0,10.0,24.0,128.0,0.0,0.0,0.73,5.0,0.2553660074869792,2cfb379d73cda8032580d00493420edb46043e5294fdd0d0dbfc9f4308b18e86,,
gaussian,iid,W,1.0,10.0,24.0,128.0,0.0,0.0,0.73,6.0,0.179534912109375,5dafc7779ac2b8b2fbd6e9eca1f816644fa7469eba70c21cafa42eee3e09a748,,
gaussian,iid,W,1.0,10.0,24.0,128.0,0.0,0.0,0.73,7.0,0.2189051310221354,dd33e9ea1ee63656cd82eca3669ffb153a76eaf257193570d4dd254b52d038c1,,
gaussian,iid,W,1.0,10.0,24.0,128.0,0.0,0.0,0.73,8.0,0.1359202067057291,0c58af509580a2a4f5b389062358219094a62661552e29c0029cd1a6dfc51abc,,
gaussian,iid,W,1.0,10.0,24.0,128.0,0.0,0.0,0.73,9.0,0.3763478597005208,e30acac09713198eba8c65f43e7f815258906e6ad0dd7815a8760b7105c2878b,,
gaussian,iid,W,1.0,10.0,24.0,128.0,0.0,0.0,0.73,10.0,0.1111017862955729,73ffde476203e84ac7bb9ea1388954cac55a8cf77681c697ae6654370b56343b,,
gaussian,iid,W,1.0,10.0,24.0,128.0,0.0,0.0,0.73,11.0,0.231842041015625,b7c4ec2b6b65cba331b10049a6069f217345d6a148f7bd0a52c1bcd33a05901a,,
gaussian,iid,W,1.0,10.0,24.0,128.0,0.0,0.0,0.73,12.0,0.3705393473307292,0fd8faea6f6ea49229758a22b14f77846ee9d495205e050d841769fc5628cfde,,
gaussian,iid,W,1.0,10.0,24.0,128.0,0.0,0.0,0.73,13.0,0.3500747680664062,e1400a2ef15159ce43bc72c1415d704ef85ad8b6d89fa8434e056877cd53c39e,,
gaussian,iid,W,1.0,10.0,24.0,128.0,0.0,0.0,0.73,14.0,0.1301676432291666,2a9a239d5e9ac7d4693a83ea269cbbab95853c46a30d6db88810fc0fc95bda1a,,
gaussian,iid,W,1.0,10.0,24.0,128.0,0.0,0.0,0.73,15.0,0.1052093505859375,8cc18ed88a05f3e87e04b8148e109f5ef36f1d8d1db801dce8f5a94a8f42ea6f,,
gaussian,iid,W,1.0,10.0,24.0,128.0,0.0,0.0,0.73,16.0,0.2542292277018229,9d447f2ce0060520411d5cd21f2a9d65e73c402812edab0b2445993d8db15fc2,,
gaussian,iid,W,1.0,10.0,24.0,128.0,0.0,0.0,0.73,17.0,0.1217854817708333,c784b56f2e765f79b06160d834e3af00d25067102d4d82d2d3573ab168f27dc2,,
gaussian,iid,W,1.0,10.0,24.0,128.0,0.0,0.0,0.73,18.0,0.1438852945963541,c53e44171bf0ef7ae5ac4ddc84e2a59ba1a12b21516bb3eb2fe5e05f4de39779,,
gaussian,iid,W,1.0,10.0,24.0,128.0,0.0,0.0,0.73,19.0,0.2496770222981771,fce0c74a25d8a9437785774bd3d7e98ab601a5cba9467036b24dd499efc71a66,,
gaussian,iid,W,1.0,10.0,24.0,128.0,0.0,0.0,0.73,20.0,0.1330718994140625,4153683d984f740beb9d3c0e8bba2ce7d53bd00d40a7b8467744c95a453adb75,,
gaussian,iid,W,1.0,10.0,24.0,128.0,0.0,0.0,0.73,21.0,0.2160085042317708,e64f79fe3be13c0553ad74e17583ce0e7baed014c8e2451df7245814d32d1798,,
gaussian,iid,W,1.0,10.0,24.0,128.0,0.0,0.0,0.73,22.0,0.3726577758789062,9c2df27fb159cb7051f87467a83e3efdead4d265f59cb27fa3319ac784c80245,,
gaussian,iid,W,1.0,10.0,24.0,128.0,0.0,0.0,0.73,23.0,0.117950439453125,37475a00dda8ecff540382e95e934c6f2efad86d6f0000ce890a23a70e5ef79f,,
gaussian,iid,W,1.0,10.0,24.0,128.0,0.0,0.0,0.74,0.0,0.5511856079101562,8408847175dc57fedc86e87916868d5d206f815106be5a7b7ebc02af130908f3,,
gaussian,iid,W,1.0,10.0,24.0,128.0,0.0,0.0,0.74,1.0,0.5156733194986979,516765102a99d3d3b3e2003b53d43285a43dd2ab6b7137333f5534830e83f1a6,,
gaussian,iid,W,1.0,10.0,24.0,128.0,0.0,0.0,0.74,2.0,0.4626413981119792,a919e773443424b14b7a6e140349eea84dc5bc43c60bd912ed7dad087975af63,,
gaussian,iid,W,1.0,10.0,24.0,128.0,0.0,0.0,0.74,3.0,0.3324330647786458,6c8aed950a2315cb01162a24daa9af4bfba98bc551a698f2a5bf3c14e891f041,,
gaussian,iid,W,1.0,10.0,24.0,128.0,0.0,0.0,0.74,4.0,0.6460800170898438,1d58f8d3f53d30d131bc440e7ecef7816416535d5afbbfe04ab87ebae71141b9,,
gaussian,iid,W,1.0,10.0,24.0,128.0,0.0,0.0,0.74,5.0,0.6492156982421875,c900a636911e7af3dd4b7e55ad4d9fc2ff6e87582a00ab2dc243a539c8ce5cd5,,
gaussian,iid,W,1.0,10.0,24.0,128.0,0.0,0.0,0.74,6.0,0.5066579182942709,feee9ef02b0056b7ae02cc45413d6d43bbb0e778c10ffdee75d273b2dcb7515d,,
gaussian,iid,W,1.0,10.0,24.0,128.0,0.0,0.0,0.74,7.0,0.4317830403645833,654dcb606d5d7aec3cfd788e2d4946dfc162837bf034e632a9673917482bb089,,
gaussian,iid,W,1.0,10.0,24.0,128.0,0.0,0.0,0.74,8.0,0.2833251953125,2169fde1551b213aab6e7b4ba96334d542bdbffd702d36cfe4ffcbd6c148eb37,,
gaussian,iid,W,1.0,10.0,24.0,128.0,0.0,0.0,0.74,9.0,0.3838729858398437,8d9e3c492e44191b82266fcd942ed446af10f54045d4bd1c182b9984ee48c780,,
gaussian,iid,W,1.0,10.0,24.0,128.0,0.0,0.0,0.74,10.0,0.1967188517252604,305699b1463c03d47e471e8bbd26b652a8027cc416c294eb316b434680787094,,
gaussian,iid,W,1.0,10.0,24.0,128.0,0.0,0.0,0.74,11.0,0.435333251953125,eb17ad9e04c18c00123496144a83c64fce1a65a2fbd30cb5ffeb30c9c7261201,,
gaussian,iid,W,1.0,10.0,24.0,128.0,0.0,0.0,0.74,12.0,0.386810302734375,a140c3f6ba6d8d81cf85b7cafa2cae213700d826f737e1a1753ae3f5b05b9f8b,,
gaussian,iid,W,1.0,10.0,24.0,128.0,0.0,0.0,0.74,13.0,0.4726435343424479,59d0a76829f0408ac0435214813e4445609aee8c98ac0fbc4b5afd1f4695b144,,
gaussian,iid,W,1.0,10.0,24.0,128.0,0.0,0.0,0.74,14.0,0.4271774291992187,19cf369e6d9c3d5b5efe1488e6d3e4c3e5312c8049df8eaee09d01c67e572d49,,
gaussian,iid,W,1.0,10.0,24.0,128.0,0.0,0.0,0.74,15.0,0.1973317464192708,9a3c80397ce297903d239d2ce123134588b44c1a6c7fb902323fa51d5a0cb5c2,,
gaussian,iid,W,1.0,10.0,24.0,128.0,0.0,0.0,0.74,16.0,0.5759124755859375,93f102e3d07069749439a76f8a3bc5beed187b7305b0823a66a0f2da1ce16196,,
gaussian,iid,W,1.0,10.0,24.0,128.0,0.0,0.0,0.74,17.0,0.48388671875,a2033f7c5fa4f783031e2260c297728d3aedfb62a0177cee95b31c9bb1c666e2,,
gaussian,iid,W,1.0,10.0,24.0,128.0,0.0,0.0,0.74,18.0,0.1970036824544271,0aa9e2071ff49dbe7866e97ec7e077d265b41092b86bf222a8effbd2af032f4a,,
gaussian,iid,W,1.0,10.0,24.0,128.0,0.0,0.0,0.74,19.0,0.7219772338867188,0ae93d934014a1cc23554da8e122ad774548911e3af8437492247341b5d909a5,,
gaussian,iid,W,1.0,10.0,24.0,128.0,0.0,0.0,0.74,20.0,0.3443450927734375,5607ad1d43ab6bd4c96effdcbf1470584254d06c624e081ee2431a7cdfcf6c6f,,
gaussian,iid,W,1.0,10.0,24.0,128.0,0.0,0.0,0.74,21.0,0.2749964396158854,5d791f2c7bc733ce50b15919bb46c1914bddab90f452ce913d72fd30a6cf6b27,,
gaussian,iid,W,1.0,10.0,24.0,128.0,0.0,0.0,0.74,22.0,0.2781931559244792,f80b732385e638f5cd7647b24bb40a1e5cd56a71c22b217a639310a6478cd3ae,,
gaussian,iid,W,1.0,10.0,24.0,128.0,0.0,0.0,0.74,23.0,0.3503367106119792,0468f2027b838f4bc71f9195ad13b42a679b11d0d1dd0a5dcae723012cb1e3bf,,
gaussian,iid,W,1.0,10.0,24.0,128.0,0.0,0.0,0.75,0.0,0.8958689371744791,d518f5a52232a813b15fb7a0ed618d97c4418137258435b95dfe626b082fb99f,,
gaussian,iid,W,1.0,10.0,24.0,128.0,0.0,0.0,0.75,1.0,0.7343928019205729,3e5b6cb942dc0c3d115c7eaacbac9f0c5425a6c5fa69933248c08e0a6ef9c46f,,
gaussian,iid,W,1.0,10.0,24.0,128.0,0.0,0.0,0.75,2.0,0.4609934488932292,04310384bf5b434a28d400fcac92a02521a43bcd852ab8e0acb4a89d21394c37,,
gaussian,iid,W,1.0,10.0,24.0,128.0,0.0,0.0,0.75,3.0,0.8689193725585938,d5f8c41cdae9f58c38a12d1402e8afa3d28048fc7c3b6bd6cc7d47581bf07712,,
gaussian,iid,W,1.0,10.0,24.0,128.0,0.0,0.0,0.75,4.0,0.9777043660481772,1541cfce4858ffa5cc8a417455eeef0a83ca9b0981447a2e81666b41fca5d09e,,
gaussian,iid,W,1.0,10.0,24.0,128.0,0.0,0.0,0.75,5.0,0.9931844075520834,5008fdb45aeecb05a59adbbaff688aff1f5709beba173f1a88e29f307561fe26,,
gaussian,iid,W,1.0,10.0,24.0,128.0,0.0,0.0,0.75,6.0,0.9751968383789062,6880e4b7056f7f572245a523fb39436f18e3ef483e12488bd4742e20d2b18b16,,
gaussian,iid,W,1.0,10.0,24.0,128.0,0.0,0.0,0.75,7.0,0.984875996907552,30bc81f0800f3a890552c980bd4df052f8c559c9f22e3ac86c4e494b06f582ff,,
gaussian,iid,W,1.0,10.0,24.0,128.0,0.0,0.0,0.75,8.0,0.5722783406575521,1305556af4ef06ce38db4a52940818e7a1f2fd3e927e37b14350281f5d19cdfa,,
gaussian,iid,W,1.0,10.0,24.0,128.0,0.0,0.0,0.75,9.0,0.6762288411458334,1999d7af3f1a4e7a4935157c0f77509710915bd2139b6646b9e996af35b15e9a,,
gaussian,iid,W,1.0,10.0,24.0,128.0,0.0,0.0,0.75,10.0,0.6049830118815104,194a9f0b0f5c762fcb0333b425d380a03ad3bcf09ac83a1619be42a2a229fe4e,,
gaussian,iid,W,1.0,10.0,24.0,128.0,0.0,0.0,0.75,11.0,0.9872996012369792,bb0d14cdf0df112a0b80949a25cc22fecbec36eded9a69458a606d8747a715bd,,
gaussian,iid,W,1.0,10.0,24.0,128.0,0.0,0.0,0.75,12.0,0.9914449055989584,433991b68bf68701ee5ffde375ad186a1a68f3dd561af45f59c6d150fbbb4282,,
gaussian,iid,W,1.0,10.0,24.0,128.0,0.0,0.0,0.75,13.0,0.4761988321940104,2dbd10ed5c1e1cdac534f83111a8baf37f0099f7ab432d4985df5ba1ada057ad,,
gaussian,iid,W,1.0,10.0,24.0,128.0,0.0,0.0,0.75,14.0,0.980272928873698,f822f0a777ec18e006172a5eb33b67a4e044b45d37ae3752eb28d40aa0185407,,
gaussian,iid,W,1.0,10.0,24.0,128.0,0.0,0.0,0.75,15.0,0.4724807739257812,55ff25b7e5eb4e7ca97c6a0c51a1e0f2a951ee3ee192bf59596472ed14357f24,,
gaussian,iid,W,1.0,10.0,24.0,128.0,0.0,0.0,0.75,16.0,0.6400222778320312,0129ffda25632d96edfe02d0c0d8b5982aff5ad88c1dd0e3f43773a7287220cc,,
gaussian,iid,W,1.0,10.0,24.0,128.0,0.0,0.0,0.75,17.0,0.9695968627929688,dda4147f81f6354f66ca1683ee434bc676794aeb78c2d6313b52ba8175d19034,,
gaussian,iid,W,1.0,10.0,24.0,128.0,0.0,0.0,0.75,18.0,0.9797795613606772,d28d80c2896ffc36deb28e62d18a5e2f9bf10b968f7e13e2bb5cede4a3d02020,,
gaussian,iid,W,1.0,10.0,24.0,128.0,0.0,0.0,0.75,19.0,0.9928665161132812,4b7d68f685b7651fd4f889cdc1952c0d8b4034a188c327264b4e30c9828b4cd1,,
gaussian,iid,W,1.0,10.0,24.0,128.0,0.0,0.0,0.75,20.0,0.4352645874023437,8d8603cf2a59270114739c8e417d948dedca1b0f263f46e5e89d3baecd84a2d1,,
gaussian,iid,W,1.0,10.0,24.0,128.0,0.0,0.0,0.75,21.0,0.7759145100911459,c7bfafa9cf8a3bfd20ce6065ffacf060be3af74c1e9c8eb3232283675eeb9f3d,,
gaussian,iid,W,1.0,10.0,24.0,128.0,0.0,0.0,0.75,22.0,0.8592631022135416,be0cc3628423c7a21177a7d222f8ed761e797e1031f638a2fb4ee320be3fec17,,
gaussian,iid,W,1.0,10.0,24.0,128.0,0.0,0.0,0.75,23.0,0.5138727823893229,887a5538d680f40b92baf7506e0574f0f5f798746f7cd8a7b78ab2575f366a50,,
gaussian,iid,W,1.0,10.0,24.0,128.0,0.0,0.0,0.8,0.0,0.995574951171875,c3e434dadee1abc058b0c6c22e0ec38c97d23fba9e6f76fb3065629e053575db,,
gaussian,iid,W,1.0,10.0,24.0,128.0,0.0,0.0,0.8,1.0,0.995287577311198,8986fe9a6ffd1e7657b8069031a753b5c2406617ade52979818793ecd0949527,,
gaussian,iid,W,1.0,10.0,24.0,128.0,0.0,0.0,0.8,2.0,0.9950230916341146,0790916bca5ac6c0af85d1a2d90cabc0ecb8ac9d941952ca58ab1f2a71169883,,
gaussian,iid,W,1.0,10.0,24.0,128.0,0.0,0.0,0.8,3.0,0.9957071940104166,42cc056979872ee752d98e9b59d8400e031ddd51527fe152b098f36152b33880,,
gaussian,iid,W,1.0,10.0,24.0,128.0,0.0,0.0,0.8,4.0,0.99432373046875,c451a48a0ad8dea8a41345ba86c212769d2f01ef423c228d5ff43feec5c23380,,
gaussian,iid,W,1.0,10.0,24.0,128.0,0.0,0.0,0.8,5.0,0.995447794596354,b8159631a80c0f22ae87ec3f74fbd00ba9936152eb5a0f7b612433eebbf3e3da,,
gaussian,iid,W,1.0,10.0,24.0,128.0,0.0,0.0,0.8,6.0,0.9932454427083334,8d2b515c801ea5f9f4c79fc55b9415147ef59f0efb13bea703bc3dc89ec34bb7,,
gaussian,iid,W,1.0,10.0,24.0,128.0,0.0,0.0,0.8,7.0,0.9943644205729166,950e22970b1d709f2342a0c937fb389a553405c6324deff4db1592cd6f053148,,
gaussian,iid,W,1.0,10.0,24.0,128.0,0.0,0.0,0.8,8.0,0.9945017496744792,3bb162dee7f69142eb9d8a77a20c5a2e2c050ae4765e74a6e20a66f9a60b8d95,,
gaussian,iid,W,1.0,10.0,24.0,128.0,0.0,0.0,0.8,9.0,0.9947306315104166,5e6a6faa107be6079699c16d8590782af4c1be97dab3d575816439dfc7856049,,
gaussian,iid,W,1.0,10.0,24.0,128.0,0.0,0.0,0.8,10.0,0.9950358072916666,2a4ff178f493446ba96444b828e9372b46055e59eae76e5c3adb91ee50a9f6e8,,
gaussian,iid,W,1.0,10.0,24.0,128.0,0.0,0.0,0.8,11.0,0.995557149251302,f62ab8437509b5b5e668e73ae5976475d15f1ab39d45bbc193f1d1d07da91670,,
gaussian,iid,W,1.0,10.0,24.0,128.0,0.0,0.0,0.85,0.0,0.9970906575520834,e8e8acb1c700178c627af0ee3b0384a806e259661e86c39e13ac1958ce2dafc5,,
gaussian,iid,W,1.0,10.0,24.0,128.0,0.0,0.0,0.85,1.0,0.9973475138346354,c45cc9aa8bb809cda82c714f941949261700d94ee36f6c09f7df0ea2ec914cdf,,
gaussian,iid,W,1.0,10.0,24.0,128.0,0.0,0.0,0.85,2.0,0.9974772135416666,7454972fbeab49723f8852b73adb81dc533dc881baedadc303eb0112f312cf3d,,
gaussian,iid,W,1.0,10.0,24.0,128.0,0.0,0.0,0.85,3.0,0.9972763061523438,ccfbe023828ed23ad23481f0beca0719e8b50e9e6a82c500929a05318c9cfe01,,
gaussian,iid,W,1.0,10.0,24.0,128.0,0.0,0.0,0.85,4.0,0.9977798461914062,213b15eb194d1723f30f07674192dafb2ebd559881dad40bbb1407ad61894eb9,,
gaussian,iid,W,1.0,10.0,24.0,128.0,0.0,0.0,0.85,5.0,0.99700927734375,11dad15b5a5d3511707700c80f37be63fdd2aae78c3373b23dca81f347054be4,,
gaussian,iid,W,1.0,10.0,24.0,128.0,0.0,0.0,0.85,6.0,0.9966328938802084,51527603511143dd65c2b78478e381bb603d30c08d9f2c746fed4b776bda3dd5,,
gaussian,iid,W,1.0,10.0,24.0,128.0,0.0,0.0,0.85,7.0,0.9973373413085938,92e2ee6a1a9bc5117e68caf2f0d898b48ce419d36cbe69fa934cc12e7bc64ee0,,
gaussian,iid,W,1.0,10.0,24.0,128.0,0.0,0.0,0.85,8.0,0.9971033732096354,245645329cbdc151b03abcf0694de2d525b6c8e0b997b1d59d628bcdf6575375,,
gaussian,iid,W,1.0,10.0,24.0,128.0,0.0,0.0,0.85,9.0,0.9969685872395834,80355197b80e32fc81cd4eb673ff65ff22e9b3c79843523a1cd0ec86ea381154,,
gaussian,iid,W,1.0,10.0,24.0,128.0,0.0,0.0,0.85,10.0,0.997589111328125,284ca29f09a2ff38a326b3763f955013d9007a00006199656765bbab9252ed17,,
gaussian,iid,W,1.0,10.0,24.0,128.0,0.0,0.0,0.85,11.0,0.997423807779948,aa05f50b51cb4f986e09fb9b566bf1f78806f4476b71ba6bc4e3864b07a60999,,
gaussian,iid,W,1.0,6.0,24.0,128.0,0.0,0.0,0.79,0.0,0.0267206827799479,cf02d69ae6d1cdd053e0eb8d8bfaf434b8fd09a3c71596d9743e6e0588b1e076,,
gaussian,iid,W,1.0,6.0,24.0,128.0,0.0,0.0,0.8,0.0,0.119720458984375,ed21df857cbc1fcc3b9f60e3eb1d571093f04b2a90c1824602b74aa6e9247d16,,
gaussian,iid,W,1.0,6.0,24.0,128.0,0.0,0.0,0.81,0.0,0.1348317464192708,b2e0d4a464e67c42c12d6dc8a5c28b84807ff519bb45c90a485fc6761f48ebd7,,
gaussian,iid,W,1.0,6.0,24.0,128.0,0.0,0.0,0.82,0.0,0.3822123209635417,5c428c8dd570aa3d84bdd0cf7ea5146b2fa14255670e068ec8f79cd60ca91903,,
gaussian,iid,W,1.0,6.0,24.0,128.0,0.0,0.0,0.83,0.0,0.4385223388671875,37176227d8182159853ed17cd8ef0d9dc9a0471f25f0cbde1b5de3bd215f74a9,,
gaussian,iid,W,1.0,6.0,24.0,128.0,0.0,0.0,0.84,0.0,0.6837209065755209,6d2a54be2dc7f41bab8b88c50f007e1a4213337b59706b4e655413e29ba113c9,,
gaussian,iid,W,1.0,6.0,24.0,128.0,0.0,0.0,0.85,0.0,0.9827194213867188,799f3e134f75f91273306c06d2d5988adc6a23c8e352f5af3c9a7d3291a6e393,,
gaussian,iid,W,1.0,6.0,24.0,128.0,0.0,0.0,0.86,0.0,0.986462910970052,34aa8480cbf7b87b6dd9de7a5962139c62321208a34bf726d1a963d9f522fd11,,
gaussian,iid,W,1.0,6.0,24.0,128.0,0.0,0.0,0.87,0.0,0.9870707194010416,eeeaa00404824658b9d7afeca67434a16f2b089ab544edd39d033524b5d5d41e,,
gaussian,iid,W,1.0,6.0,24.0,128.0,0.0,0.0,0.815,0.0,0.1398595174153646,3391129311064b055f5de71f2bca718d6ccbafa0c9ef2613ca8e5a0f4a690756,,
gaussian,iid,W,1.0,6.0,24.0,128.0,0.0,0.0,0.825,0.0,0.3842976888020833,79350e76ef029ea04f32001ce90aac08da74951a0a17c00cde6e0b7b13a170d0,,
gaussian,iid,W,1.0,6.0,24.0,128.0,0.0,0.0,0.835,0.0,0.6804173787434896,30ac0f1603ffa5882a04d6f0c540c07a6a595303b97119cabff75395ad999cde,,
gaussian,iid,W,1.0,6.0,24.0,128.0,0.0,0.0,0.845,0.0,0.6842320760091146,ccabd1a22f1aa4334168afd5301dc6d8f5a284a40c15afe3771f3412bfa02bcf,,
gaussian,iid,W,1.0,6.0,24.0,128.0,0.0,0.0,0.79,1.0,0.0358327229817708,af987cf19cc92189f9a13b98e6e7ab3ce0a84c1db55870f1305f0d11fa77d8ce,,
gaussian,iid,W,1.0,6.0,24.0,128.0,0.0,0.0,0.8,1.0,0.061065673828125,8526ae195591aebd4ace1401a16dd3a7c019cb686eb2b869f362af884beed1ea,,
gaussian,iid,W,1.0,6.0,24.0,128.0,0.0,0.0,0.81,1.0,0.0660196940104166,ff2dbb53398bbabea188a81954274be0fc2872c5f5bc5187cec20b164206c782,,
gaussian,iid,W,1.0,6.0,24.0,128.0,0.0,0.0,0.82,1.0,0.399823506673177,2825e04bbe937c9a343ebb97bf4f911151d0f91394a1f42a014c4c666c88b7ce,,
gaussian,iid,W,1.0,6.0,24.0,128.0,0.0,0.0,0.83,1.0,0.6061375935872396,a0a612d0caafea165e6c6ac543d03a1a476ca901564e5f92883ad2d8fcab307b,,
gaussian,iid,W,1.0,6.0,24.0,128.0,0.0,0.0,0.84,1.0,0.8513844807942709,dceff72923fcc0b709df6e12b9500337df290d5096a1c1c427b65d6699232c5b,,
gaussian,iid,W,1.0,6.0,24.0,128.0,0.0,0.0,0.85,1.0,0.985926310221354,0e83bcd358016f85384c4886bf9a10f91017399ec6957f97470de2de45dd2e9a,,
gaussian,iid,W,1.0,6.0,24.0,128.0,0.0,0.0,0.86,1.0,0.9875590006510416,bcb3518090a10f6f678fe3b8d7e8e1613310ebdc1e719ca5d5e00519034a6466,,
gaussian,iid,W,1.0,6.0,24.0,128.0,0.0,0.0,0.87,1.0,0.9884745279947916,ca4d63810967f341382db73db8ea500aee9fdd46866d65b0563ded40d78dcd4f,,
gaussian,iid,W,1.0,6.0,24.0,128.0,0.0,0.0,0.815,1.0,0.1578038533528646,81a7949232af693994ffe829f823aca6590923308ee4b0dc495a9bfabb5171b2,,
gaussian,iid,W,1.0,6.0,24.0,128.0,0.0,0.0,0.825,1.0,0.6039098103841146,842d8433a17ed0e6ec77e2b228debd88b461f914de5bf303f9edd09d0a4a0240,,
gaussian,iid,W,1.0,6.0,24.0,128.0,0.0,0.0,0.835,1.0,0.8499577840169271,f3fc2f919f77cb818603f6b298ebc511375c7f84a3e63b4829f8e507c5af8455,,
gaussian,iid,W,1.0,6.0,24.0,128.0,0.0,0.0,0.845,1.0,0.8999786376953125,98374154661d53e2c3eec2a3beff627685b456f20fb53d86ee11580f7ecd8973,,
gaussian,iid,W,1.0,6.0,24.0,128.0,0.0,0.0,0.79,2.0,0.0216445922851562,84b969cab0c44b6c0f5e3c294a5726eaebf576e4563deece049dca0fa13ce61f,,
gaussian,iid,W,1.0,6.0,24.0,128.0,0.0,0.0,0.8,2.0,0.0830027262369791,82e48ea9451845d9d8cc9d122af05b695e1b6efb315ebb16417641fa0ee005a4,,
gaussian,iid,W,1.0,6.0,24.0,128.0,0.0,0.0,0.81,2.0,0.0964431762695312,b21e19a4599dfe27522c53786f3010a10b06df3a648cf86fe7e853fecc8a2828,,
gaussian,iid,W,1.0,6.0,24.0,128.0,0.0,0.0,0.82,2.0,0.2601826985677083,9dc83f56a5d3d23a984db01cfb65fe24724638940d380bd3dbc8df8ccffc4dba,,
gaussian,iid,W,1.0,6.0,24.0,128.0,0.0,0.0,0.83,2.0,0.5035552978515625,78889a5b4d48210822efb09f5b1d8cc05833cd2629349d338f19c1392946d01d,,
gaussian,iid,W,1.0,6.0,24.0,128.0,0.0,0.0,0.84,2.0,0.6475550333658854,70a00dac8f3f18084a1c7ddc33d9fec94d9cf66981f4223216c4edac19f7c1fc,,
gaussian,iid,W,1.0,6.0,24.0,128.0,0.0,0.0,0.85,2.0,0.9806009928385416,864c3a4a40360cc03549194c67fb8bc4e5cbd833a0f8bc13d26f46942592f021,,
gaussian,iid,W,1.0,6.0,24.0,128.0,0.0,0.0,0.86,2.0,0.9850692749023438,7f1c31d7b5d6195672ada69ef152f2b664febd543de6cabbaa1191d5f60e0dbb,,
gaussian,iid,W,1.0,6.0,24.0,128.0,0.0,0.0,0.87,2.0,0.9871164957682292,fb50a22a1f0883165245f5808233725d4c09b3a202476a753427bdc0ea21e5a0,,
gaussian,iid,W,1.0,6.0,24.0,128.0,0.0,0.0,0.815,2.0,0.0907541910807291,e38d03d43c61c4640ceb936935f923e3e95044cfcb9e9dd10cd644c2942a4bec,,
gaussian,iid,W,1.0,6.0,24.0,128.0,0.0,0.0,0.825,2.0,0.366956075032552,d4861842bedd1143406e364afef3a0d937a080f355fb3a0df8b5eb41d946a886,,
gaussian,iid,W,1.0,6.0,24.0,128.0,0.0,0.0,0.835,2.0,0.6016108194986979,a4d1a9e7795d0eeb516b2520b1241d50db79e3a1a55c5d123a46b879e9e14702,,
gaussian,iid,W,1.0,6.0,24.0,128.0,0.0,0.0,0.845,2.0,0.9791081746419272,cf397941d9924acd3e61dce83e1bbe1a8fe1279ff5bb3337e7e2d6173f95742b,,
gaussian,iid,W,1.0,6.0,24.0,128.0,0.0,0.0,0.79,3.0,0.0106175740559895,22a5117293393f6df24e93252b1ca487f87c75a09f2cd952264da6ab99a489d4,,
gaussian,iid,W,1.0,6.0,24.0,128.0,0.0,0.0,0.8,3.0,0.0386021931966145,26d4ad1d7592a1f467c8fe0d37e0024ee9ebdb8597381c84361e207dfeaceaf3,,
gaussian,iid,W,1.0,6.0,24.0,128.0,0.0,0.0,0.81,3.0,0.0667343139648437,e72d0f5e95d6c01244fe1a6f98f7096953ed253c9a751e3cb7b03b3ab08b505e,,
gaussian,iid,W,1.0,6.0,24.0,128.0,0.0,0.0,0.82,3.0,0.1418482462565104,602f6477d0efb7042dab9c76b464d7ee2653bacc80a941d03afd1b81284527f4,,
gaussian,iid,W,1.0,6.0,24.0,128.0,0.0,0.0,0.83,3.0,0.2576980590820312,aa07af9fe17cc734a5d71b028dca512602ebb2d95adcd025a949219b9e3cb893,,
gaussian,iid,W,1.0,6.0,24.0,128.0,0.0,0.0,0.84,3.0,0.8415603637695312,61701a48e740f42ce753eb2a93a5b0569ff40a509809c58e4ef8f116604f88a4,,
gaussian,iid,W,1.0,6.0,24.0,128.0,0.0,0.0,0.85,3.0,0.98577880859375,9d1e8d21505a8ba675b0aa31faf48934bb0b1c15aa3a73f61b980b926c0e6fc3,,
gaussian,iid,W,1.0,6.0,24.0,128.0,0.0,0.0,0.86,3.0,0.987396240234375,16fb9cb59bd5c8f17992ff1fe04b448cbc0137b73b76b333ad0d2cbd63eea1db,,
gaussian,iid,W,1.0,6.0,24.0,128.0,0.0,0.0,0.87,3.0,0.9878387451171876,521572e543e8cd1ba00b35d6167a222d857ee401f8a5021d9b4ac478a1b5ac90,,
gaussian,iid,W,1.0,6.0,24.0,128.0,0.0,0.0,0.815,3.0,0.0847091674804687,5ebf0d22b70fc54c8a8db3f00cfbb6837971f42966215ed3a48b991e38c95e60,,
gaussian,iid,W,1.0,6.0,24.0,128.0,0.0,0.0,0.825,3.0,0.1872177124023437,4e32f49bc19c465d80842e1474b80ac53c33f55638294f44d7a2f5ede9672907,,
gaussian,iid,W,1.0,6.0,24.0,128.0,0.0,0.0,0.835,3.0,0.7094879150390625,b4d697e21211d14cf795f4bca7f9d2918f257a41d66cbd18d5ac2fec6f0147cd,,
gaussian,iid,W,1.0,6.0,24.0,128.0,0.0,0.0,0.845,3.0,0.984893798828125,3e26a360f91318a0370b888e706416126244db39e2b8344494e41afdc5164578,,
gaussian,iid,W,1.0,6.0,24.0,128.0,0.0,0.0,0.79,4.0,0.0250218709309895,7d98a6a838138a0907739e691f1746d20508fd7c12493f05362552f94fe8eba7,,
gaussian,iid,W,1.0,6.0,24.0,128.0,0.0,0.0,0.8,4.0,0.0696131388346354,84ced7f4733c0503fb29405872c59d0cb49f0c3b60c61ab14c40f015ad4d6e06,,
gaussian,iid,W,1.0,6.0,24.0,128.0,0.0,0.0,0.81,4.0,0.0595881144205729,0ea76e4989a4d1b18757829f2de162619501d6621d5014b80575e0e39c623ae7,,
gaussian,iid,W,1.0,6.0,24.0,128.0,0.0,0.0,0.82,4.0,0.3382619222005208,367275bee5777ef4f82d0aee80c5073933c93da189182b01f1f6e3e4e70223a7,,
gaussian,iid,W,1.0,6.0,24.0,128.0,0.0,0.0,0.83,4.0,0.7760162353515625,7743a849b8b0140ab9a650afc4ede614a31b54f19e2811be5fc7026b62ff50af,,
gaussian,iid,W,1.0,6.0,24.0,128.0,0.0,0.0,0.84,4.0,0.7792282104492188,4ad621a2ca787c0288862cad67905df3aa4296d6942361073caa2186f36059d6,,
gaussian,iid,W,1.0,6.0,24.0,128.0,0.0,0.0,0.85,4.0,0.986302693684896,33015cc46e5b35c7e4a5caa21b7cd7b85e40fbf0a681a68f6f748712da049d85,,
gaussian,iid,W,1.0,6.0,24.0,128.0,0.0,0.0,0.86,4.0,0.9870529174804688,454f403426582d03f45a37106ed22f48fe5aed9d226cf1add777e6b1b719c1d1,,
gaussian,iid,W,1.0,6.0,24.0,128.0,0.0,0.0,0.87,4.0,0.9888076782226562,acd2856c1b9b233057ec5e32f9de77761adb570bd935da183c86c4a7aa45adf6,,
gaussian,iid,W,1.0,6.0,24.0,128.0,0.0,0.0,0.815,4.0,0.1998748779296875,b514f023f067906266ee9be0e6bf8b023ecb8336e32b2f82ae73e5888e002f52,,
gaussian,iid,W,1.0,6.0,24.0,128.0,0.0,0.0,0.825,4.0,0.4867808024088542,b6c12f0bb73f56e6c07d780189bb79a52e37b4dbeb1b14cac1b479e333e6bf11,,
gaussian,iid,W,1.0,6.0,24.0,128.0,0.0,0.0,0.835,4.0,0.7783788045247396,f72533fa05655ac4c6ebf4586261b662ee878621c3da338057e6fdda2c2dd978,,
gaussian,iid,W,1.0,6.0,24.0,128.0,0.0,0.0,0.845,4.0,0.7743453979492188,d12fc271e9cd21862dab1131644c20eec5ece561043743e4ef8a2751f2711808,,
gaussian,iid,W,1.0,6.0,24.0,128.0,0.0,0.0,0.79,5.0,0.0307083129882812,695f71570e10d0e90dd2e6b43b1ce93aa422ef7058264c341b3454491c9e9e63,,
gaussian,iid,W,1.0,6.0,24.0,128.0,0.0,0.0,0.8,5.0,0.043487548828125,0c8c7a3d949785a9246af43a130eab8fafce42dcd19e31bf3558a8442a08a20b,,
gaussian,iid,W,1.0,6.0,24.0,128.0,0.0,0.0,0.81,5.0,0.1287994384765625,da86674b5c0d9d514bb49e1946d4bc2d596f90edfe5b6cf52f54fb0d7ea883bb,,
gaussian,iid,W,1.0,6.0,24.0,128.0,0.0,0.0,0.82,5.0,0.2229639689127604,808eeeb63f82e828b43bbd62093b1f22d0c7d4b6eee6bb339e12ad98a615a8ff,,
gaussian,iid,W,1.0,6.0,24.0,128.0,0.0,0.0,0.83,5.0,0.3910090128580729,a253690ffce3b7209998dd9cb52a58a63c185760873f99e4dfbe5131e68246dd,,
gaussian,iid,W,1.0,6.0,24.0,128.0,0.0,0.0,0.84,5.0,0.9739456176757812,7f50ec26f47ed1a07e0180a88e50b4d9c84fa39d56c68b6d0beb85f9972327c3,,
gaussian,iid,W,1.0,6.0,24.0,128.0,0.0,0.0,0.85,5.0,0.9763819376627604,6f9dcc9e47a88933f1732ccdad30e4d7c0b362ff143f21589bfbb3c33836e876,,
gaussian,iid,W,1.0,6.0,24.0,128.0,0.0,0.0,0.86,5.0,0.9825032552083334,96bf9ea4588999ca5afec0d588e441619ba12c6a53efc7f3e29f5773bd01c634,,
gaussian,iid,W,1.0,6.0,24.0,128.0,0.0,0.0,0.87,5.0,0.9829483032226562,5b17c0dfad1a982c93fa4c6bf5e06b63617aec2b32c1ad1ceca7c04035f63411,,
gaussian,iid,W,1.0,6.0,24.0,128.0,0.0,0.0,0.815,5.0,0.2168401082356771,055a7c5cebdebc651fd3a8f40bb94335ff0ed57d3b3efa1b7a1e8b9173a5a1a2,,
gaussian,iid,W,1.0,6.0,24.0,128.0,0.0,0.0,0.825,5.0,0.2449798583984375,cc0a56ab263a3fb959b0cb2db6a69e6da3b868bd50f8167d35d4efd1a567122f,,
gaussian,iid,W,1.0,6.0,24.0,128.0,0.0,0.0,0.835,5.0,0.977160135904948,f283f096f09660f4c9d7bcb0a127470f5dc111d6ce8b4290444ac63668b08528,,
gaussian,iid,W,1.0,6.0,24.0,128.0,0.0,0.0,0.845,5.0,0.979174296061198,1adce34044a8bab533fde0b93bed6cf17a003cd984f87a1e01a88b9ba0eb0ae2,,
gaussian,iid,W,1.0,6.0,24.0,128.0,0.0,0.0,0.79,6.0,0.0320180257161458,18565c452ce9b0d5576e6ab06d94be4efbac5db741d5d18264dd16acb86176cc,,
gaussian,iid,W,1.0,6.0,24.0,128.0,0.0,0.0,0.8,6.0,0.0547866821289062,f20856e682d8b5b1deb069855022bcdbc21601dfe18b1baadcd90787efa0f17e,,
gaussian,iid,W,1.0,6.0,24.0,128.0,0.0,0.0,0.81,6.0,0.0920944213867187,5b2348b0d710a6d818c2609b9f6e6eee19786d8c17b64af3f0395cdfb31ae9ec,,
gaussian,iid,W,1.0,6.0,24.0,128.0,0.0,0.0,0.82,6.0,0.1734034220377604,2020d5c9dd9b1a042327d996c335ac7e523c5bb9a6fd99f6e021adb88a4e4b8a,,
gaussian,iid,W,1.0,6.0,24.0,128.0,0.0,0.0,0.83,6.0,0.4932123819986979,bb13356d4dd44ad1468f42d411f6e83599561acf19a9ba2fec018f1d96da325a,,
gaussian,iid,W,1.0,6.0,24.0,128.0,0.0,0.0,0.84,6.0,0.9689839680989584,51c458f05afe74dd66ed281aeed73db606cc4d50f1e8a056d29e33fd70225ed5,,
gaussian,iid,W,1.0,6.0,24.0,128.0,0.0,0.0,0.85,6.0,0.9705225626627604,7d93f6da42c687b62cae0358e66c7ac4112c4f881de9a3d2966872d45c621aea,,
gaussian,iid,W,1.0,6.0,24.0,128.0,0.0,0.0,0.86,6.0,0.9786580403645834,cd1ca195e24c99c70157535e1c897a69df750c2d25377a165e06e263592ab395,,
gaussian,iid,W,1.0,6.0,24.0,128.0,0.0,0.0,0.87,6.0,0.9796778361002604,b9afdff835c72970599d80957011b21164ca8fc198b2acae67361ee8f2c749dc,,
gaussian,iid,W,1.0,6.0,24.0,128.0,0.0,0.0,0.815,6.0,0.0907007853190104,839c6783f36ffad576d825409afecc617f28ea7ab48d17a84a28fea9fcac75f4,,
gaussian,iid,W,1.0,6.0,24.0,128.0,0.0,0.0,0.825,6.0,0.1585311889648437,c4b82c50b8cba72fee8b16becff6f60ef035067d735a3e8595482b46a39aef2f,,
gaussian,iid,W,1.0,6.0,24.0,128.0,0.0,0.0,0.835,6.0,0.7750625610351562,bbc7b139fad9eccc6ff604e01ad0ceb93a0d424eded23e9e0f611e61f3242fc3,,
gaussian,iid,W,1.0,6.0,24.0,128.0,0.0,0.0,0.845,6.0,0.9685592651367188,76709c4fc7fb8eea83e9e044b721e7c9c188e297a17ad65add021cf47e2b489f,,
gaussian,iid,W,1.0,6.0,24.0,128.0,0.0,0.0,0.79,7.0,0.0191446940104166,d02b63892314f7e263dfb8c0bc64b842243dbc8ae17c984c530b5a5a1476ef0a,,
gaussian,iid,W,1.0,6.0,24.0,128.0,0.0,0.0,0.8,7.0,0.03369140625,04ba4915f24e6544cc00d2e1cb08ee90acf808dba18f0d12291d663afa8d0d1b,,
gaussian,iid,W,1.0,6.0,24.0,128.0,0.0,0.0,0.81,7.0,0.0718104044596354,45b78e35379c91b1d1b16bdde2d3862f67b68bda26eed67e42681df05e8b0afc,,
gaussian,iid,W,1.0,6.0,24.0,128.0,0.0,0.0,0.82,7.0,0.1324132283528646,1dc9259a23b346ad05841bab28ef837b6d5830584a8a5b1adb4341be8a60e61d,,
gaussian,iid,W,1.0,6.0,24.0,128.0,0.0,0.0,0.83,7.0,0.3437728881835937,8f9d1774d377811e0f6b62c7ea6041392a853a79018f0ff7cb2141fe53b48c15,,
gaussian,iid,W,1.0,6.0,24.0,128.0,0.0,0.0,0.84,7.0,0.968287150065104,f755541cb2d917d88602a61a4fafec64a47836382646beab7768478f96b1e477,,
gaussian,iid,W,1.0,6.0,24.0,128.0,0.0,0.0,0.85,7.0,0.9691823323567708,fec6f1160b7be7416f120c780891ea37c6ee44730438fa4883acea2096b83295,,
gaussian,iid,W,1.0,6.0,24.0,128.0,0.0,0.0,0.86,7.0,0.9853312174479166,9a2fb6a96a0393e4d95b57bef7164b350800c0bfc3c45dc3e45c76c309932c90,,
gaussian,iid,W,1.0,6.0,24.0,128.0,0.0,0.0,0.87,7.0,0.9868443806966146,b37b4e6c111143e49bcf3a25337f2eb59a19c141f354c66a32f5bfd53ffd23d8,,
gaussian,iid,W,1.0,6.0,24.0,128.0,0.0,0.0,0.815,7.0,0.1306889851888021,ed06843196907806c8b2f83fecf232d5f256a3ff713517d74102463b1eea7e9a,,
gaussian,iid,W,1.0,6.0,24.0,128.0,0.0,0.0,0.825,7.0,0.2635116577148437,fb1f70ee22695b49a2ba8b6ff5fb8536883217d73fb0caefc1938b0398240414,,
gaussian,iid,W,1.0,6.0,24.0,128.0,0.0,0.0,0.835,7.0,0.4794209798177083,63fb0ee147487c9ae65f2d661674a1a2f41bf8d21bf189149afd6952adddaac4,,
gaussian,iid,W,1.0,6.0,24.0,128.0,0.0,0.0,0.845,7.0,0.9688161214192708,fc41e90f4b100c347b8b306639dfb6a05f3d5005db8670311ad5f7939e4f872a,,
gaussian,iid,W,1.0,6.0,24.0,128.0,0.0,0.0,0.79,8.0,0.0179392496744791,6e6a1a4222479833fe17f4d55c9067243060a859c58f53ce23cf648a4f3b0c13,,
gaussian,iid,W,1.0,6.0,24.0,128.0,0.0,0.0,0.8,8.0,0.0365066528320312,1f2237d387707b3baa55992ce110a3b708c32be36ff7f82e3946d65192953555,,
gaussian,iid,W,1.0,6.0,24.0,128.0,0.0,0.0,0.81,8.0,0.0632781982421875,7508b3dbcf4c6b849e59785170db673d87de46242116e0fdc680df5734f46a9b,,
gaussian,iid,W,1.0,6.0,24.0,128.0,0.0,0.0,0.82,8.0,0.0961837768554687,858015cbdb504494789237d2846eccc9b86ce2e6ae08a2c162409d2bb2a46a8d,,
gaussian,iid,W,1.0,6.0,24.0,128.0,0.0,0.0,0.83,8.0,0.289380391438802,44918b6df84dfe2fd9fecf5059a029b71e7a5c184856ecb2e6506777c3667f50,,
gaussian,iid,W,1.0,6.0,24.0,128.0,0.0,0.0,0.84,8.0,0.4470469156901042,829069057133af4f33d705c3b73ab6a28ac6fcdc348e059a63c4ecbfdd45c29f,,
gaussian,iid,W,1.0,6.0,24.0,128.0,0.0,0.0,0.85,8.0,0.983545939127604,88fbf679210ac59a4dce2ffe9e799a85873c35fe1596876970ae50cc769ebb2d,,
gaussian,iid,W,1.0,6.0,24.0,128.0,0.0,0.0,0.86,8.0,0.9873097737630208,77124f4019c9889097c66abfb50b8118884fd2acf59d7bfa9206c11821827da3,,
gaussian,iid,W,1.0,6.0,24.0,128.0,0.0,0.0,0.87,8.0,0.9880091349283854,36c3276f41d48ab43c38d79ed80b9731b69a6e0efc677c78398904bb2b7ab90b,,
gaussian,iid,W,1.0,6.0,24.0,128.0,0.0,0.0,0.815,8.0,0.0935211181640625,6fb8fa8f9223e951970939badb87d916e3ae930af7a2eb18a0f50eee3f66979b,,
gaussian,iid,W,1.0,6.0,24.0,128.0,0.0,0.0,0.825,8.0,0.2880223592122395,81b1a32f40636b7a40eea8bd41e67a6f7dba27900fba224daf698a849d1918a0,,
gaussian,iid,W,1.0,6.0,24.0,128.0,0.0,0.0,0.835,8.0,0.2923762003580729,b5c02e1d0f97b101cc15c6a19a7264525319f0f5629ff40c2b71d2d5c2441773,,
gaussian,iid,W,1.0,6.0,24.0,128.0,0.0,0.0,0.845,8.0,0.9826685587565104,b3183feec8c6d1755d21deafc9c22c8c4e814b05c97ddeb67c280d8080508905,,
gaussian,iid,W,1.0,6.0,24.0,128.0,0.0,0.0,0.79,9.0,0.020355224609375,564cf8ca188b64f82b457e968e4fa6d53d4e53ffdc0bee698141456c42b665f6,,
gaussian,iid,W,1.0,6.0,24.0,128.0,0.0,0.0,0.8,9.0,0.07965087890625,5760b9d2970cc120afa425da6482845414dbac411c0d938f9bb6a73f74cb2e45,,
gaussian,iid,W,1.0,6.0,24.0,128.0,0.0,0.0,0.81,9.0,0.1285044352213541,2859c019f9fbc9a8dbff64c7c818c1638a50c9c13e7c32efc3f8720683e8699e,,
gaussian,iid,W,1.0,6.0,24.0,128.0,0.0,0.0,0.82,9.0,0.1692759195963541,9b1e514bbb1e00b8ed20790333b49c4650a5d436791c7785723cfe162f479beb,,
gaussian,iid,W,1.0,6.0,24.0,128.0,0.0,0.0,0.83,9.0,0.5557912190755209,e32995b13a4427bab3e204a02ce04e612bc589a4f9f9020cadfe23e9b6ab19c9,,
gaussian,iid,W,1.0,6.0,24.0,128.0,0.0,0.0,0.84,9.0,0.5681533813476562,ceddb9cfdf77123814481bb34bc0aeb52e805cbc5ae46c93449f2b4ddd44fe89,,
gaussian,iid,W,1.0,6.0,24.0,128.0,0.0,0.0,0.85,9.0,0.9858423868815104,2273130aac0fcb3085a0277fda7a8bb25b27e36d5bdf22cc228d184fe29d4c6f,,
gaussian,iid,W,1.0,6.0,24.0,128.0,0.0,0.0,0.86,9.0,0.9860178629557292,acd0006c8435f965436483e8442fa4eef21b2d4ef4737d532ea8c73067e86871,,
gaussian,iid,W,1.0,6.0,24.0,128.0,0.0,0.0,0.87,9.0,0.9872716267903646,73ac7e6be423621f0264e6e0a4e68391f88a5653799d9801ab65409fa5aaf50b,,
gaussian,iid,W,1.0,6.0,24.0,128.0,0.0,0.0,0.815,9.0,0.1517562866210937,80fb441b698cc4b457f2b56ecfec6b9ee001cac301a9a0ce01e04e8aa8bfd02a,,
gaussian,iid,W,1.0,6.0,24.0,128.0,0.0,0.0,0.825,9.0,0.5294113159179688,fd88359848a730211b76e20e83bd32848f706c7054dc14ce89cc1ea7cda99869,,
gaussian,iid,W,1.0,6.0,24.0,128.0,0.0,0.0,0.835,9.0,0.5603459676106771,fe6a121f2c3f044b4fcd8224d9d692f8e0241a8de384d7fc5107e319c83151e8,,
gaussian,iid,W,1.0,6.0,24.0,128.0,0.0,0.0,0.845,9.0,0.9854303995768228,1f54372bf8f92e3824cf2b8c9c22f5973e3badd8089255a558576458c90adf6d,,
gaussian,iid,W,1.0,6.0,24.0,128.0,0.0,0.0,0.79,10.0,0.0172576904296875,99cbd64550fb909281ac43506d16b2e691f2d214276e31d3895eefb1dc8b8c5d,,
gaussian,iid,W,1.0,6.0,24.0,128.0,0.0,0.0,0.8,10.0,0.0350875854492187,4721e2979737f3d6f543153171c70d70b6a72a727c3491520d08034052532f17,,
gaussian,iid,W,1.0,6.0,24.0,128.0,0.0,0.0,0.81,10.0,0.1357345581054687,bcdcce1f5a9123b887f650e57f89515eb6887cb33550f724eacf64040d37d95c,,
gaussian,iid,W,1.0,6.0,24.0,128.0,0.0,0.0,0.82,10.0,0.3978017171223958,3e409ca78ff64e05e13f1d7ca4145db3189bdcca64cfe2ef093fce4910a22680,,
gaussian,iid,W,1.0,6.0,24.0,128.0,0.0,0.0,0.83,10.0,0.5222396850585938,625ef7ff4b2e9af66a07fc31b0f4a9550f3104410e22cce1915dd83f7b4cbc03,,
gaussian,iid,W,1.0,6.0,24.0,128.0,0.0,0.0,0.84,10.0,0.9661356608072916,3b87cd3d6a5ce62d34895c31149795848c09ea86103e18c2336d1c8af9539e5e,,
gaussian,iid,W,1.0,6.0,24.0,128.0,0.0,0.0,0.85,10.0,0.9723358154296876,2065ad7b7177090ac3e408e9379328e70b8e33e422b04599e6422f470ce35075,,
gaussian,iid,W,1.0,6.0,24.0,128.0,0.0,0.0,0.86,10.0,0.9792378743489584,393f06e68f23bd492b21db58046a496cb97bb75796b727ff0491caeb818172b7,,
gaussian,iid,W,1.0,6.0,24.0,128.0,0.0,0.0,0.87,10.0,0.9813664754231772,1cb16cef67ca5b1f4741e77b85a786555fc1dd136df1f37402c3e6249ea5a197,,
gaussian,iid,W,1.0,6.0,24.0,128.0,0.0,0.0,0.815,10.0,0.1543375651041666,ad9832141f32ccfc095e9e389bc73e7594a12f714ff685c0e366e99ba16c2de3,,
gaussian,iid,W,1.0,6.0,24.0,128.0,0.0,0.0,0.825,10.0,0.5247624715169271,ed42f416625c6e15e012194e6ec5f02d8132f1f4150c070762c6399dda373805,,
gaussian,iid,W,1.0,6.0,24.0,128.0,0.0,0.0,0.835,10.0,0.966138203938802,bd0ec5d88c6338415313b9b51c28e6f38c09f665dad88ba369f649c099d5f11a,,
gaussian,iid,W,1.0,6.0,24.0,128.0,0.0,0.0,0.845,10.0,0.9707082112630208,40866036989a4d39da2b7feb9aeadbbd3431c7ea437746a06da6b407536996e6,,
gaussian,iid,W,1.0,6.0,24.0,128.0,0.0,0.0,0.79,11.0,0.0185546875,fe2b3b5879729acdf7d0f2b955bd295b0a363767fb02fad72fbe7e72f88fba1b,,
gaussian,iid,W,1.0,6.0,24.0,128.0,0.0,0.0,0.8,11.0,0.0734710693359375,7f97cb305cdf9f7a3a871b561a05df29c7f3b1ae408d0a48e847d701c059a997,,
gaussian,iid,W,1.0,6.0,24.0,128.0,0.0,0.0,0.81,11.0,0.108472188313802,270b121925c1d0c7df7d8cec908c352d4d65b5b659a6cf7949f645f57437534f,,
gaussian,iid,W,1.0,6.0,24.0,128.0,0.0,0.0,0.82,11.0,0.1294453938802083,3586d760ecb28989158242cf6c51af667367f3a3a9455847513d968b2ef8fafb,,
gaussian,iid,W,1.0,6.0,24.0,128.0,0.0,0.0,0.83,11.0,0.6319605509440104,02b3af0cdbbd6e539ec6562ef0d7e0bf5e82b4efa57a10a48666f52e8542000c,,
gaussian,iid,W,1.0,6.0,24.0,128.0,0.0,0.0,0.84,11.0,0.6108144124348959,42a32aca6cb6dc1fadcacbbf2c0bde289f367e890269d5d882955b59618464c9,,
gaussian,iid,W,1.0,6.0,24.0,128.0,0.0,0.0,0.85,11.0,0.9856007893880208,2f22c0fe101b15d6a8d1ae2bb376eba15f69653635d3a041b136d90233ede145,,
gaussian,iid,W,1.0,6.0,24.0,128.0,0.0,0.0,0.86,11.0,0.987035115559896,9a99b41d024a75ef2696b5b83c18cd37db3ff0cb7b794837395f075ac5505abd,,
gaussian,iid,W,1.0,6.0,24.0,128.0,0.0,0.0,0.87,11.0,0.9879557291666666,73d3fc1f19e3ffa86bf294eed5ad4a880b631cb4c3e0d7e09ad45b24e95fee84,,
gaussian,iid,W,1.0,6.0,24.0,128.0,0.0,0.0,0.815,11.0,0.1109466552734375,32d46cbbc14963750539e9e0bc8b9499d55f53cfc7596b1fc86fedd2b0b49eee,,
gaussian,iid,W,1.0,6.0,24.0,128.0,0.0,0.0,0.825,11.0,0.2167129516601562,f16ed8e0eac2cdd8f73301bb2af07333bd42472ff4c874942bf9143e5d755db3,,
gaussian,iid,W,1.0,6.0,24.0,128.0,0.0,0.0,0.835,11.0,0.78070068359375,51268cb57fbcbdc90181756eeb6f801b25ea258fd8877649f13c8b1e6d8e68e9,,
gaussian,iid,W,1.0,6.0,24.0,128.0,0.0,0.0,0.845,11.0,0.9848073323567708,3159f74923fadcb98ac3450c482ba6c38aaec121b252f65d11a525d484bb3c4d,,
gaussian,iid,W,1.0,6.0,24.0,128.0,0.0,0.0,0.79,12.0,0.0184377034505208,bf79956264f6a853c03734845a385ce6b8786187a81ece50554ee5e3f7f16211,,
gaussian,iid,W,1.0,6.0,24.0,128.0,0.0,0.0,0.8,12.0,0.032971700032552,9976d2082b1df0be062dd7f8aef8446ad73f063bbd1ca90798d8852ee0e33fff,,
gaussian,iid,W,1.0,6.0,24.0,128.0,0.0,0.0,0.81,12.0,0.0220082600911458,d47a0c3bd49da13fff76b4cb1fd924ac2942f603e36635ade73efd4fe773b424,,
gaussian,iid,W,1.0,6.0,24.0,128.0,0.0,0.0,0.82,12.0,0.1080576578776041,60018ff359580ff4547919cb913b4b863f588542be70269b155a2522b30fea99,,
gaussian,iid,W,1.0,6.0,24.0,128.0,0.0,0.0,0.83,12.0,0.3590113321940104,a8b41e9a62569835738f9113104a89a49b0a75cf2610f4cc69f817c88038d397,,
gaussian,iid,W,1.0,6.0,24.0,128.0,0.0,0.0,0.84,12.0,0.5579884847005209,97cc24b08b96c69884f2e9b853c30a8600100d53562ee74403e7b6a89509de45,,
gaussian,iid,W,1.0,6.0,24.0,128.0,0.0,0.0,0.85,12.0,0.9836959838867188,b9287dc9fe4397f49983e8b34556a87b19105cfc24f90a41db6bd9fe976104bb,,
gaussian,iid,W,1.0,6.0,24.0,128.0,0.0,0.0,0.86,12.0,0.9854405721028646,4602dbf84918fb58de3800ad41ef714ecd30f6b17f1af43229c6ac1a1274a9c6,,
gaussian,iid,W,1.0,6.0,24.0,128.0,0.0,0.0,0.87,12.0,0.9868570963541666,7e9f1cfb71e887008947edaf7ae2fa5a16768919ac33be105582fdb4ceb9b32c,,
gaussian,iid,W,1.0,6.0,24.0,128.0,0.0,0.0,0.815,12.0,0.0743637084960937,bea4899237a414a54033e9b6e11c62ef4d9a7f1e9de2886686cec176d9c034e8,,
gaussian,iid,W,1.0,6.0,24.0,128.0,0.0,0.0,0.825,12.0,0.3045730590820312,e61177b594ab750aea7dc52d8168c3c32608b8771a5206f4d34f81f607715621,,
gaussian,iid,W,1.0,6.0,24.0,128.0,0.0,0.0,0.835,12.0,0.9815724690755208,0e8dba0ad0e581e98772f493f34ae8865d80ea2e5ec25de202fcc4e1c8306c87,,
gaussian,iid,W,1.0,6.0,24.0,128.0,0.0,0.0,0.845,12.0,0.9833145141601562,a393340b5099019e5e40ac9dc51af5fb35186cbf72aeee14b9bbeacb36cd8f32,,
gaussian,iid,W,1.0,6.0,24.0,128.0,0.0,0.0,0.79,13.0,0.0143051147460937,121f44820146ba71b484d1ee25199da7d7760f2cab881dafd9059eb5aa203219,,
gaussian,iid,W,1.0,6.0,24.0,128.0,0.0,0.0,0.8,13.0,0.0570882161458333,22191037092d948f3c8586f643c7a34c10ed7ff2a5cb4695aaae068f7d5d9ddd,,
gaussian,iid,W,1.0,6.0,24.0,128.0,0.0,0.0,0.81,13.0,0.060345967610677,46abf431450148d9931c1245f11ce646790f9851b447ca709276002b7dec3313,,
gaussian,iid,W,1.0,6.0,24.0,128.0,0.0,0.0,0.82,13.0,0.1770502726236979,67deac9bf73e4d4ac5d990166b2142146fd577250edae683d171690102844f0d,,
gaussian,iid,W,1.0,6.0,24.0,128.0,0.0,0.0,0.83,13.0,0.3190587361653645,e3829f6065e12c35746c3c6d0a3fce0478e6e30921f27a2030573e89a4cbd08e,,
gaussian,iid,W,1.0,6.0,24.0,128.0,0.0,0.0,0.84,13.0,0.6305592854817709,cf0053690a3045dcc6a09bf89f9223c7e7cde36ce38db581f84888c1e39675b1,,
gaussian,iid,W,1.0,6.0,24.0,128.0,0.0,0.0,0.85,13.0,0.9865036010742188,3a6344aaaa0e728a85cb766722b063321c0696a5128f9ddaf5acdb72dd89b508,,
gaussian,iid,W,1.0,6.0,24.0,128.0,0.0,0.0,0.86,13.0,0.9871419270833334,fec08ba9c583d2c57bf04f7e73d3053248231b32879513c4156fe5582e5f6142,,
gaussian,iid,W,1.0,6.0,24.0,128.0,0.0,0.0,0.87,13.0,0.9881693522135416,0746b2dd3dc9bda4e1411556327180ca1c6f6a41ce03c3402344352f050b5e00,,
gaussian,iid,W,1.0,6.0,24.0,128.0,0.0,0.0,0.815,13.0,0.1257400512695312,03827a1a29a48e5d8a20cd3839629c3d7a46d98adbe0f255eac2e00064ec1a15,,
gaussian,iid,W,1.0,6.0,24.0,128.0,0.0,0.0,0.825,13.0,0.237701416015625,184a473a2c2528ed19bc1052eb0c64266efe361e13fffa757da2e6ddc45dd433,,
gaussian,iid,W,1.0,6.0,24.0,128.0,0.0,0.0,0.835,13.0,0.6285578409830729,a41dc73d402835687cc37157e6ef9256574c2496cf7b6cf2c595ffd922e69785,,
gaussian,iid,W,1.0,6.0,24.0,128.0,0.0,0.0,0.845,13.0,0.9848225911458334,80737713f610b4aaf42277bec989131ef3259953857e249fed857d7cff5f047e,,
gaussian,iid,W,1.0,6.0,24.0,128.0,0.0,0.0,0.79,14.0,0.0865885416666666,40e493410807f4efd2a5c1aa4dda06e4f015004d0a00d6426714ea5e73bf3dab,,
gaussian,iid,W,1.0,6.0,24.0,128.0,0.0,0.0,0.8,14.0,0.0439427693684895,1732066c661af3731e4979f930038f5c877bfd332edc9d5334f8914961a43907,,
gaussian,iid,W,1.0,6.0,24.0,128.0,0.0,0.0,0.81,14.0,0.1093368530273437,abfcee6323f015842a4c4bbd1d8e08e3e75fee0b8076eeaa0444c2df932a3eb5,,
gaussian,iid,W,1.0,6.0,24.0,128.0,0.0,0.0,0.82,14.0,0.2716547648111979,f25c0ed9ba1ff66523ce293c9ac378de03794d2de87a972fc24b59b70617dc12,,
gaussian,iid,W,1.0,6.0,24.0,128.0,0.0,0.0,0.83,14.0,0.5163345336914062,b20c7721a46c2b58ed2233b95c546d3f7060cc38e6582fef423809f67f85cf3f,,
gaussian,iid,W,1.0,6.0,24.0,128.0,0.0,0.0,0.84,14.0,0.973279317220052,329d07ffcb544145be684160981c843cd16007e9f004d0cdf23944d9b9ca1455,,
gaussian,iid,W,1.0,6.0,24.0,128.0,0.0,0.0,0.85,14.0,0.9799830118815104,29267ad9f193311688b36c7fca581553dec0f2c184a5c04863b0f8764e5bc557,,
gaussian,iid,W,1.0,6.0,24.0,128.0,0.0,0.0,0.86,14.0,0.9874114990234376,89f9a8960766c4dcd614b4ed5c26f2e051cae5216710cc6671f79dca952cba89,,
gaussian,iid,W,1.0,6.0,24.0,128.0,0.0,0.0,0.87,14.0,0.9880142211914062,0016994742cf8ca87581f66de35d603b79f2dbf04b1fdefce9e967a720ca2138,,
gaussian,iid,W,1.0,6.0,24.0,128.0,0.0,0.0,0.815,14.0,0.1185862223307291,bb110e89d5592a5cc6e6a05ff038b287d5e80809c441fd22445f24b287992193,,
gaussian,iid,W,1.0,6.0,24.0,128.0,0.0,0.0,0.825,14.0,0.4683430989583333,5acb9d335332d85230a4cfb9e51dbda551a1c888e25ef1564e1867edf7d25ebf,,
gaussian,iid,W,1.0,6.0,24.0,128.0,0.0,0.0,0.835,14.0,0.5184249877929688,c1e9e2b28653ba06742750bd4c95d3f2a70b108f67cf1efa7d28716f9afd531b,,
gaussian,iid,W,1.0,6.0,24.0,128.0,0.0,0.0,0.845,14.0,0.9799728393554688,7bf54800338a6d332a5e22e088cbc2b8afe42bb7ce730c430d0221e00a9686be,,
gaussian,iid,W,1.0,6.0,24.0,128.0,0.0,0.0,0.79,15.0,0.0202484130859375,d120fc46f278cbd41a70c5c57c2fca22f45739851c01f8c160f471d6e2373ca8,,
gaussian,iid,W,1.0,6.0,24.0,128.0,0.0,0.0,0.8,15.0,0.0298995971679687,28570b43d0b70efd1c5d2b4470500e9236b1844b72b94fba7761538f6b168d78,,
gaussian,iid,W,1.0,6.0,24.0,128.0,0.0,0.0,0.81,15.0,0.0637486775716145,ed2d3d9661f12868aa7005a9e86af12f6d58857034bc7d283ca8cbd6556df40c,,
gaussian,iid,W,1.0,6.0,24.0,128.0,0.0,0.0,0.82,15.0,0.1639175415039062,f314928490a6dc6ea3884224c8a2cc20f4d449d93d085c3117cfa0d0ce820322,,
gaussian,iid,W,1.0,6.0,24.0,128.0,0.0,0.0,0.83,15.0,0.3826217651367187,372306b4d00c6aadc106e0b20bb5ff2e153b453aa9d4b0796800e31e7c6f297d,,
gaussian,iid,W,1.0,6.0,24.0,128.0,0.0,0.0,0.84,15.0,0.7065277099609375,e0ad29bebb9807fd84d73c59ed2aa8cae5fb8bc0e09a78c05e705ffbffbd9874,,
gaussian,iid,W,1.0,6.0,24.0,128.0,0.0,0.0,0.85,15.0,0.9780324300130208,472e70b4d9128c05f333c2bcec6fa1b17b4a7bf2720a0a6a9552ba0bbeafde12,,
gaussian,iid,W,1.0,6.0,24.0,128.0,0.0,0.0,0.86,15.0,0.9870808919270834,da81cb02beb57aeb09459907a6e3e6795605909f3e5a3028f039f815304901b6,,
gaussian,iid,W,1.0,6.0,24.0,128.0,0.0,0.0,0.87,15.0,0.9883041381835938,f1ee42686fe5b471e6843600214033a8a875d3a0755299e2fddec18f9bebed40,,
gaussian,iid,W,1.0,6.0,24.0,128.0,0.0,0.0,0.815,15.0,0.0965347290039062,cd40ec6c078f2dcfff9fcc33698f6431a87ac1fba06575877d3dd11f43d2426c,,
gaussian,iid,W,1.0,6.0,24.0,128.0,0.0,0.0,0.825,15.0,0.3237559000651042,c5bcdf1fdf68b74a58d32877571dc05bf2454e0e11c9d97d44f1515a5953490d,,
gaussian,iid,W,1.0,6.0,24.0,128.0,0.0,0.0,0.835,15.0,0.706207275390625,79e0132c84f8e0db97a8b907c0b51733eb3b4379afb95365a729136f3b83a2cc,,
gaussian,iid,W,1.0,6.0,24.0,128.0,0.0,0.0,0.845,15.0,0.9775670369466146,82bed553f99cd24b63d77fa2845506ada3a7322ce92e25a50cd4e2ba02f175bf,,
gaussian,iid,W,1.0,6.0,24.0,128.0,0.0,0.0,0.81,16.0,0.1255594889322916,497ceb822e285232174308b3e6f2016689e30109be5cfb7bb982c7de86486a2c,,
gaussian,iid,W,1.0,6.0,24.0,128.0,0.0,0.0,0.815,16.0,0.1319554646809896,ea583281510b66eb3baeb40f2adfee6d9fdde350b18f15249a48de256999c2fd,,
gaussian,iid,W,1.0,6.0,24.0,128.0,0.0,0.0,0.82,16.0,0.1500244140625,c8c253e86488c105d5d4db7da5278863534a0aafb8afd9298db26bfed22fb27c,,
gaussian,iid,W,1.0,6.0,24.0,128.0,0.0,0.0,0.825,16.0,0.4632822672526042,327303d45562295497e087823afeab15bbbb46f48596aeee2c4db75226686a77,,
gaussian,iid,W,1.0,6.0,24.0,128.0,0.0,0.0,0.83,16.0,0.8973821004231771,16b07b88c3a48a1664476a846b95b4d653f62c502adaecc2516c1cf670a2b1bd,,
gaussian,iid,W,1.0,6.0,24.0,128.0,0.0,0.0,0.835,16.0,0.8971227010091146,153727e29b90a63019e4f9f725a67b315bafa475f02951a273fcee3f4d001eca,,
gaussian,iid,W,1.0,6.0,24.0,128.0,0.0,0.0,0.84,16.0,0.8988444010416666,821fcdcd74028e7fcd95aec811f4762e7a5eceb54cc107c86de07a812802c3b9,,
gaussian,iid,W,1.0,6.0,24.0,128.0,0.0,0.0,0.845,16.0,0.982800801595052,5c6a276f1bc03f57476d18b5e9a07d6ff3d5f084d1f0d4f154ce684efe932eaf,,
gaussian,iid,W,1.0,6.0,24.0,128.0,0.0,0.0,0.85,16.0,0.9830093383789062,edb475cdbb660acced3d5ebecdbbd3948626c60c67804fe239cac929ec47e0fc,,
gaussian,iid,W,1.0,6.0,24.0,128.0,0.0,0.0,0.81,17.0,0.0739822387695312,3501cde5d4517f813490f433b9a9e707917a422f775665919d0a744e7a13d09b,,
gaussian,iid,W,1.0,6.0,24.0,128.0,0.0,0.0,0.815,17.0,0.2104314168294271,6ada907efe955f972407fcab02c2aabbd329f5927b925b79b02c47fbeedf27fc,,
gaussian,iid,W,1.0,6.0,24.0,128.0,0.0,0.0,0.82,17.0,0.4091033935546875,78dee798bbdf3a9ea18159d0739bbf9ccc0deecfcf99171d0ced30121e96c2e4,,
gaussian,iid,W,1.0,6.0,24.0,128.0,0.0,0.0,0.825,17.0,0.7075144449869791,7e640677e0413f0dcb2d542ad57a37e0794e52733a9ba58aa0ec8acc06673ae4,,
gaussian,iid,W,1.0,6.0,24.0,128.0,0.0,0.0,0.83,17.0,0.4908625284830729,c8fc3750d3506b465f10daf3169454f90752a1bb5131a64e05f8d622a8dc2e4c,,
gaussian,iid,W,1.0,6.0,24.0,128.0,0.0,0.0,0.835,17.0,0.982836405436198,d4e9abc2c4daeede83b7a9a512400db3b6b3235ab2478b0a63db2c8977aa8ac0,,
gaussian,iid,W,1.0,6.0,24.0,128.0,0.0,0.0,0.84,17.0,0.9830525716145834,58136d0d3fa07a0d9909099f16073fb3d8fbdd7527a985d8ecbe5adbfad104a8,,
gaussian,iid,W,1.0,6.0,24.0,128.0,0.0,0.0,0.845,17.0,0.9842707316080728,f1c712622dbc06b607a4a3192b6a7a1f311d419ad5f1bcc136bda9723b093415,,
gaussian,iid,W,1.0,6.0,24.0,128.0,0.0,0.0,0.85,17.0,0.9847742716471354,af74fc008db85efef3a3c4ec9dff8ca1c608ad766805788d894f3ce6604a6e01,,
gaussian,iid,W,1.0,6.0,24.0,128.0,0.0,0.0,0.81,18.0,0.1061935424804687,6ec361c5171046ac464807a219555057ec06f214397bdb01d7399c87e456079b,,
gaussian,iid,W,1.0,6.0,24.0,128.0,0.0,0.0,0.815,18.0,0.1938196818033854,df25a419bd939ba624b5cc29331175c23429d388cb1d71003454d8706e0d0889,,
gaussian,iid,W,1.0,6.0,24.0,128.0,0.0,0.0,0.82,18.0,0.5315958658854166,e2a1f9b957a14c052e3698b33745df2030e1ea540df87f4d70bdd671177f1ffe,,
gaussian,iid,W,1.0,6.0,24.0,128.0,0.0,0.0,0.825,18.0,0.2753575642903645,ecfd01269abf0e1002a3e3c81d817bc88a52929ba1a4bf9fc4eb4f58f3a7aa1f,,
gaussian,iid,W,1.0,6.0,24.0,128.0,0.0,0.0,0.83,18.0,0.5899836222330729,b1f2232a287e04fb4e3fd08402235d7b36007c26807a4c098d2221d6f9fde993,,
gaussian,iid,W,1.0,6.0,24.0,128.0,0.0,0.0,0.835,18.0,0.9373753865559896,27a82c6f4530538f56c282e644e4657101a62d11380321a610ae499d1838e1c8,,
gaussian,iid,W,1.0,6.0,24.0,128.0,0.0,0.0,0.84,18.0,0.9470799763997396,8d3a918271cbf880ad0c1fefd63b62147967823ded8fe73ea10b047785b90201,,
gaussian,iid,W,1.0,6.0,24.0,128.0,0.0,0.0,0.845,18.0,0.9860051472981772,8dd4fd5de40947f1306e466a12f5ccbc1c96f0991e15b0f12f58945fb82f2a97,,
gaussian,iid,W,1.0,6.0,24.0,128.0,0.0,0.0,0.85,18.0,0.9874369303385416,d370acf0a7284b1e8c62a27e47a5b662fa0634b1a9e3f8b39abb2a778ca2c678,,
gaussian,iid,W,1.0,6.0,24.0,128.0,0.0,0.0,0.81,19.0,0.0845133463541666,decf03c75f514e0305809b841dc7218bffaa65efdf38c7b0ad2403da7b14d660,,
gaussian,iid,W,1.0,6.0,24.0,128.0,0.0,0.0,0.815,19.0,0.1767679850260416,5cc990143106f5dcbbe9e3d40fec2d2123dfebc9d86a9c97faa4d31f71eb0a8f,,
gaussian,iid,W,1.0,6.0,24.0,128.0,0.0,0.0,0.82,19.0,0.5265172322591146,ebba73a15fdb4c59e724e389b3375d4da0fbad790d1c85278f6520697a1dd78a,,
gaussian,iid,W,1.0,6.0,24.0,128.0,0.0,0.0,0.825,19.0,0.5577596028645834,958abdfdd9e0e49c1884ea67bd00f2b942b86fddbc50f5a1937e213964f140ee,,
gaussian,iid,W,1.0,6.0,24.0,128.0,0.0,0.0,0.83,19.0,0.7221298217773438,61c3b0704f8363cd9ff9f095ba2799decb876c7f9773783afafcb53b2e85ce19,,
gaussian,iid,W,1.0,6.0,24.0,128.0,0.0,0.0,0.835,19.0,0.9729817708333334,d262c87b5492331a0b66658733782ba18cbf92050cefedd91a87a2d902a0d8a2,,
gaussian,iid,W,1.0,6.0,24.0,128.0,0.0,0.0,0.84,19.0,0.9740524291992188,fbe68065c5463a9b4228e71f1a5d5f31068303968b56732f2df62a52c1c3165e,,
gaussian,iid,W,1.0,6.0,24.0,128.0,0.0,0.0,0.845,19.0,0.9784774780273438,eda31e974237580ace3e9988bfb745b0c54ef264e4ed9727a52e87fbc8239341,,
gaussian,iid,W,1.0,6.0,24.0,128.0,0.0,0.0,0.85,19.0,0.981292724609375,ace1d9875f46a8a54d17b60c5cac638bab14bfb2c9a4199f8a2ccff5d150f352,,
gaussian,iid,W,1.0,6.0,24.0,128.0,0.0,0.0,0.81,20.0,0.113067626953125,6724054af5040553cb4cc6f27e35fa2d7daaf3d397e6364c582e2876c832c8a2,,
gaussian,iid,W,1.0,6.0,24.0,128.0,0.0,0.0,0.815,20.0,0.1413192749023437,8ab52f79b4925e0af618459a374d8a83da749985037e2a593ad2fb39066dc16a,,
gaussian,iid,W,1.0,6.0,24.0,128.0,0.0,0.0,0.82,20.0,0.1911341349283854,b35267c8687955a4e65c044984e0cc8bba95d4102938d36252b3773cf396486a,,
gaussian,iid,W,1.0,6.0,24.0,128.0,0.0,0.0,0.825,20.0,0.7103627522786459,82ef362f426b1d3472db2cff8042d0afbd2658b864a349f8c33a304bb4995a5a,,
gaussian,iid,W,1.0,6.0,24.0,128.0,0.0,0.0,0.83,20.0,0.7103907267252604,888abd77c71812faf27f77da7c15f7c1a603c4a9f5dbe2348b6e2f036548292f,,
gaussian,iid,W,1.0,6.0,24.0,128.0,0.0,0.0,0.835,20.0,0.8859914143880209,8eb873984f704d924673e5a6c4ffdad181e6a34c8faeab4c4e3fb374c64ce75a,,
gaussian,iid,W,1.0,6.0,24.0,128.0,0.0,0.0,0.84,20.0,0.9846725463867188,40e850e865095096cf83cff8bc86ed3c77f2357c5204a621af26bead55050f21,,
gaussian,iid,W,1.0,6.0,24.0,128.0,0.0,0.0,0.845,20.0,0.9859288533528646,44ebb703f415d92535d0d05861bf52f57f18522ee8d927bcf70bb2aa13b04a61,,
gaussian,iid,W,1.0,6.0,24.0,128.0,0.0,0.0,0.85,20.0,0.986175537109375,bfe8901d440ce5a0b9f04734b749f527f1097dc769ca10e557fc568d1a17d9fe,,
gaussian,iid,W,1.0,6.0,24.0,128.0,0.0,0.0,0.81,21.0,0.0992609659830729,50604c9d0ffa104b614cd529df084aa1ef1eac69486ac8eeaca34d93a6c5302e,,
gaussian,iid,W,1.0,6.0,24.0,128.0,0.0,0.0,0.815,21.0,0.107282002766927,0b1ebe06c30bec45a873e16830dd572cdd6d51b2a943798fe212765c27356604,,
gaussian,iid,W,1.0,6.0,24.0,128.0,0.0,0.0,0.82,21.0,0.1711858113606771,ea691df13e02d15eb2a02e05aaef90b650b59981d8d60e967d864e584ee76bd4,,
gaussian,iid,W,1.0,6.0,24.0,128.0,0.0,0.0,0.825,21.0,0.2217280069986979,8ad611b6f594b386c225792ca4d8db0b36a168078fd923a151f731c1abab579e,,
gaussian,iid,W,1.0,6.0,24.0,128.0,0.0,0.0,0.83,21.0,0.2343343098958333,44b8d0e970607118d4d8f48bc97005f5c9684459afd8a3066344309a64c815b5,,
gaussian,iid,W,1.0,6.0,24.0,128.0,0.0,0.0,0.835,21.0,0.30615234375,d53f25b43e48e4606b16a7c8d4ad0b3b0d692b70d3267815cbbb7ab82a5c4f96,,
gaussian,iid,W,1.0,6.0,24.0,128.0,0.0,0.0,0.84,21.0,0.3708445231119792,e2b3ef92035f203d5427cabd9c52159d3a42db5beeeff38eccb0c1a766f09393,,
gaussian,iid,W,1.0,6.0,24.0,128.0,0.0,0.0,0.845,21.0,0.3740158081054687,82950ce265ee9a452e27caf9ac65a20bd970006520e9926ea145de61cf430bdd,,
gaussian,iid,W,1.0,6.0,24.0,128.0,0.0,0.0,0.85,21.0,0.3618316650390625,ca829a47321283d86a4289d7dbb8744951fcc791363d1b32eafef738d2fe79bf,,
gaussian,iid,W,1.0,6.0,24.0,128.0,0.0,0.0,0.81,22.0,0.108807881673177,324473db75ec6154f72615c17974dda44ac6565c9ea272f6c1d61ba07a790e12,,
gaussian,iid,W,1.0,6.0,24.0,128.0,0.0,0.0,0.815,22.0,0.1181310017903645,1d1b1b943553f0bec8f59ab82e602286f6694e8222c80e6e7f5b9b6afb5ba981,,
gaussian,iid,W,1.0,6.0,24.0,128.0,0.0,0.0,0.82,22.0,0.1653722127278646,fe63edad10cf389b113a7ddf10dc6ed4b7b86e5ce643244493ad22c024f6d227,,
gaussian,iid,W,1.0,6.0,24.0,128.0,0.0,0.0,0.825,22.0,0.2714513142903645,12531a876bd616930eb5ed2b35ea8a866d945e739da957f567b5c6f0970e967c,,
gaussian,iid,W,1.0,6.0,24.0,128.0,0.0,0.0,0.83,22.0,0.4842249552408854,c3c1bde8fbdead632abfaa9397377933e46680d5ed8272470313d367e6c19eb2,,
gaussian,iid,W,1.0,6.0,24.0,128.0,0.0,0.0,0.835,22.0,0.925745646158854,8874da92697905388320997292add7f42dc43d12f109543ad996732ab836156f,,
gaussian,iid,W,1.0,6.0,24.0,128.0,0.0,0.0,0.84,22.0,0.9827779134114584,e20f46952eff38d16d27ffb9c1b81b32ea6532b64863cead41f965467c1b5506,,
gaussian,iid,W,1.0,6.0,24.0,128.0,0.0,0.0,0.845,22.0,0.9827346801757812,aa02c2904e134e38a418b498c9166d13d708eb8bef4705c4078f82ef8fcf0caa,,
gaussian,iid,W,1.0,6.0,24.0,128.0,0.0,0.0,0.85,22.0,0.9820734659830728,a5c1368e1af81a9224726c66e3a4a027606b880b6900430df6aa6887b400fa8e,,
gaussian,iid,W,1.0,6.0,24.0,128.0,0.0,0.0,0.81,23.0,0.0715713500976562,3d1b113c8e988d8c241e82d880655477cb8494150814c6211deb66a980d239b5,,
gaussian,iid,W,1.0,6.0,24.0,128.0,0.0,0.0,0.815,23.0,0.1509272257486979,b164f7bdfb4e55806003ee3c63d0d5c0c946ff08b4987d14d6150662ece5ff51,,
gaussian,iid,W,1.0,6.0,24.0,128.0,0.0,0.0,0.82,23.0,0.2355779012044271,5181e4801efd02c6e8a150134f93cc02a0f4953ac5a55a9df42190cdfc9e5eab,,
gaussian,iid,W,1.0,6.0,24.0,128.0,0.0,0.0,0.825,23.0,0.2651112874348958,c048cbe36dba2ebf42c1439ba234f0ea34c871d60b4d2b409a0295450e57faf8,,
gaussian,iid,W,1.0,6.0,24.0,128.0,0.0,0.0,0.83,23.0,0.411084493001302,70c5b53d2cf4be9af45a6c078d3dd298c071d5140536a46adc8b6c065b9bb53f,,
gaussian,iid,W,1.0,6.0,24.0,128.0,0.0,0.0,0.835,23.0,0.983202616373698,edd910698cac822595c268a824afebc13203029e174623add02b400425661cd1,,
gaussian,iid,W,1.0,6.0,24.0,128.0,0.0,0.0,0.84,23.0,0.9845733642578124,45288975560a7c3d744bd6ffef0965388f0c97340012320357273017d0d87f54,,
gaussian,iid,W,1.0,6.0,24.0,128.0,0.0,0.0,0.845,23.0,0.985376993815104,6023b7576e740771f370dd6de960d1b881130c8b019dd4217ffb2eb355e4c67d,,
gaussian,iid,W,1.0,6.0,24.0,128.0,0.0,0.0,0.85,23.0,0.9863052368164062,8469b32401e19a10e78bd3e637699e65834dd013f44b50c1d0d37204c2414512,,
gaussian,iid,W,1.0,6.0,24.0,128.0,0.0,0.0,0.81,24.0,0.1353886922200521,0c90a868e252d48dd6028d5c7b0e7c4d8b8d3364e6edd789350680d07f9f2f96,,
gaussian,iid,W,1.0,6.0,24.0,128.0,0.0,0.0,0.815,24.0,0.2116139729817708,6297aab9b86e638bdfec5fd7e963832a7fd8f0e7a9f5b3e68f15a2ca760d6931,,
gaussian,iid,W,1.0,6.0,24.0,128.0,0.0,0.0,0.82,24.0,0.4020334879557292,7197717a578b2b9f7d4b18767132523063ce43f0da4fe599efd0d49c44f70644,,
gaussian,iid,W,1.0,6.0,24.0,128.0,0.0,0.0,0.825,24.0,0.3997980753580729,1f22d801dc6206f1d1b5b8c7ff36b0b0450689d2ef351f9471aac582aee13066,,
gaussian,iid,W,1.0,6.0,24.0,128.0,0.0,0.0,0.83,24.0,0.3511276245117187,7e1ef6f4c66da228d056e813bbdd842be1669a049bfe6d7b9953c8952727471f,,
gaussian,iid,W,1.0,6.0,24.0,128.0,0.0,0.0,0.835,24.0,0.5231043497721354,9fde6d6b7c602cceb6869121e7a2c82a287f59d92da78988c67100cca5f4057f,,
gaussian,iid,W,1.0,6.0,24.0,128.0,0.0,0.0,0.84,24.0,0.5262095133463541,7d7154e4e464b55fce491a4911935756886af115df649f4b79ab9bd93e1ab9ea,,
gaussian,iid,W,1.0,6.0,24.0,128.0,0.0,0.0,0.845,24.0,0.9854965209960938,1c7526b76ed1a981fcd4069b4ed6e13ae19408efe70a678b9b592d14ff9b933b,,
gaussian,iid,W,1.0,6.0,24.0,128.0,0.0,0.0,0.85,24.0,0.9856669108072916,481a32e1ed27209d020f1f65f74a69f7bd4bf638d52cd6f71ee9d9e4be11e2f7,,
gaussian,iid,W,1.0,6.0,24.0,128.0,0.0,0.0,0.81,25.0,0.0821126302083333,8c135310823f07e03a219f7a37f643ec70b8d39cd0a82061da03754bfe31dac8,,
gaussian,iid,W,1.0,6.0,24.0,128.0,0.0,0.0,0.815,25.0,0.1212539672851562,1885ab135e67e4e994de3cc5504a831d4bb06985e71e4238262e0ca73edf9bcd,,
gaussian,iid,W,1.0,6.0,24.0,128.0,0.0,0.0,0.82,25.0,0.2304840087890625,e81586dc3f4b164d4f4ffd231c41beee1b6d37e81fab96aff961e34ef0a6daef,,
gaussian,iid,W,1.0,6.0,24.0,128.0,0.0,0.0,0.825,25.0,0.2436396280924479,2b1a48e1d4db9750fc786781f4e03f440fad1a8dfca8c164a91325adc3fdecec,,
gaussian,iid,W,1.0,6.0,24.0,128.0,0.0,0.0,0.83,25.0,0.2448018391927083,a618d59c2f556c0f6daf4ea6d17fe8d9071bb4280448f537a2f63a5d009fb00f,,
gaussian,iid,W,1.0,6.0,24.0,128.0,0.0,0.0,0.835,25.0,0.7669525146484375,fe81852bd1d0976df29345ced47dfed46c8f746c67f9242155272d64c0f6e819,,
gaussian,iid,W,1.0,6.0,24.0,128.0,0.0,0.0,0.84,25.0,0.7673594156901041,f753a9bfd4ab63dad991fadcad8d9f1c893f7269d18bfe7ae8c14813fe7a4d48,,
gaussian,iid,W,1.0,6.0,24.0,128.0,0.0,0.0,0.845,25.0,0.7915318806966146,c4a03c92cc1a82fd221f26d9c08641e259c35c1cb9b319309db047e86bd634b0,,
gaussian,iid,W,1.0,6.0,24.0,128.0,0.0,0.0,0.85,25.0,0.9856363932291666,22f517d919e214f89f09d0b824dcfb211f15d9f9ce3f08d094e2719399d160a4,,
gaussian,iid,W,1.0,6.0,24.0,128.0,0.0,0.0,0.81,26.0,0.2010040283203125,3f2b9b4da6dbb1f1dc805306c86fcaec8bb0a7d03be455f91dc5a8e313433608,,
gaussian,iid,W,1.0,6.0,24.0,128.0,0.0,0.0,0.815,26.0,0.2718785603841145,ab612399eaa92f5a79250595823b5ac807738647742e535346258c64f0b7fbb3,,
gaussian,iid,W,1.0,6.0,24.0,128.0,0.0,0.0,0.82,26.0,0.3782323201497395,5320522c51d0dd6ffa3e6d3a954989e5213aa6e7d59973f4dcc8056945606870,,
gaussian,iid,W,1.0,6.0,24.0,128.0,0.0,0.0,0.825,26.0,0.4196395874023437,a347608401b0b6db800a94bcda9e7559f859c8d37c4180645fcaac5c8d3b88cd,,
gaussian,iid,W,1.0,6.0,24.0,128.0,0.0,0.0,0.83,26.0,0.3651453653971354,081bf54bfb2efe7c4a1079dfd113765f1252c4fd70c87f32a3d64faf5c1d140f,,
gaussian,iid,W,1.0,6.0,24.0,128.0,0.0,0.0,0.835,26.0,0.4225997924804687,e3e502baca66619225ab36e1696652df2f9a215f2d00515aed37db37ab0f973b,,
gaussian,iid,W,1.0,6.0,24.0,128.0,0.0,0.0,0.84,26.0,0.424664815266927,8aa6317e1dda231ce967f9bddc74dff0e72f7f3b59f29313d4b16e66c32d317f,,
gaussian,iid,W,1.0,6.0,24.0,128.0,0.0,0.0,0.845,26.0,0.428375244140625,43956c6de19f637a585a8406615e490436196ff9bb805da5568303a2e1ea69d4,,
gaussian,iid,W,1.0,6.0,24.0,128.0,0.0,0.0,0.85,26.0,0.9820404052734376,3c3f05ce4cce1e01eec4aa8868477f82f1cc535a7624b8f276fba56ad0a7563b,,
gaussian,iid,W,1.0,6.0,24.0,128.0,0.0,0.0,0.81,27.0,0.1063079833984375,146d3b774c6df5e3b1593bbcf26e6f35606d791a24681847161939c52cb775e2,,
gaussian,iid,W,1.0,6.0,24.0,128.0,0.0,0.0,0.815,27.0,0.1463724772135416,3de783810b2ea95df2d9aa62403e55550cc33ce7d59c99871343a183f0a1b097,,
gaussian,iid,W,1.0,6.0,24.0,128.0,0.0,0.0,0.82,27.0,0.2438608805338541,569f3f654bab06b85b36ffb95e8f01ac930713ef15b2ebf5c7c8c16d09bdc927,,
gaussian,iid,W,1.0,6.0,24.0,128.0,0.0,0.0,0.825,27.0,0.7362416585286459,9a2ac210a1128897fce56b00d3843ddc37d4c275e3fe634a388656a8454330cb,,
gaussian,iid,W,1.0,6.0,24.0,128.0,0.0,0.0,0.83,27.0,0.9566243489583334,0b3f9a9d6ed51f1334d7570a96482269229e9724199168887c52882017e357ca,,
gaussian,iid,W,1.0,6.0,24.0,128.0,0.0,0.0,0.835,27.0,0.9777119954427084,9dc461b3cb585980ba336009c91d06e872e7d58fb5dde3a6fb7cb70665298680,,
gaussian,iid,W,1.0,6.0,24.0,128.0,0.0,0.0,0.84,27.0,0.9815139770507812,dec6b9ec975a6558af7e29d120e3f4fe999c8f477b34a5a778ab96e5a5aa8b17,,
gaussian,iid,W,1.0,6.0,24.0,128.0,0.0,0.0,0.845,27.0,0.9816614786783854,8b63fb1bfc619f9f4a853a8c9b55c5c8c601e92892d71e00952036cd74cb25f7,,
gaussian,iid,W,1.0,6.0,24.0,128.0,0.0,0.0,0.85,27.0,0.9818064371744792,fed232d363cd38cc769219ef9d95c2e2cdb898d88a22b5124b4c71c13f953faf,,
gaussian,iid,W,1.0,6.0,24.0,128.0,0.0,0.0,0.81,28.0,0.1212615966796875,8bc04e29d3c63da62e309e2d95eafee0fbccc5a37a8a1a71ba24c2910158e117,,
gaussian,iid,W,1.0,6.0,24.0,128.0,0.0,0.0,0.815,28.0,0.1199086507161458,b07d0b7cb28438bece2df83686d40324eb339b803fbd5fb5fad9a18922d90bce,,
gaussian,iid,W,1.0,6.0,24.0,128.0,0.0,0.0,0.82,28.0,0.1238861083984375,381173628dd7f5bf3999903d5193dc1c54ca164d0826f3514daf1e50f2ab21c1,,
gaussian,iid,W,1.0,6.0,24.0,128.0,0.0,0.0,0.825,28.0,0.4337005615234375,457bc6f4a8ccedddb627a9884615269253aa5c0b386bb80d655ac32ccac6f501,,
gaussian,iid,W,1.0,6.0,24.0,128.0,0.0,0.0,0.83,28.0,0.8553339640299479,2558aee380637d6069e22049cd4a642aa25d6a1f186d0f591d1feb8887704fec,,
gaussian,iid,W,1.0,6.0,24.0,128.0,0.0,0.0,0.835,28.0,0.9660797119140624,488f12704cef664fcae3da65d029ba424e8f526c90b3663c941bd466a75d5c2e,,
gaussian,iid,W,1.0,6.0,24.0,128.0,0.0,0.0,0.84,28.0,0.9661687215169272,346f6cd8adf5d128c3eff2fbcde001e96032be6115b2650c2304a14f8b0b424f,,
gaussian,iid,W,1.0,6.0,24.0,128.0,0.0,0.0,0.845,28.0,0.9809061686197916,d1fcfa2f0e2d4550325742f1fc14adc8d5ccdaafe191d3c6cd110d8f39c8ab16,,
gaussian,iid,W,1.0,6.0,24.0,128.0,0.0,0.0,0.85,28.0,0.9655965169270834,306e914475600b897afd27438370aa549ab7a7f9987fc8f9cbc9c84750bf8bcf,,
gaussian,iid,W,1.0,6.0,24.0,128.0,0.0,0.0,0.81,29.0,0.1017634073893229,3e1952dd1155c93fc1d7c4cbfe2d1c5b5382fe61d5ef375093a362c347ef9371,,
gaussian,iid,W,1.0,6.0,24.0,128.0,0.0,0.0,0.815,29.0,0.1243311564127604,1fdd57264445df877d25aadbfc7fbad93b0c30e1b1104bbac9bd308b1cb0c70c,,
gaussian,iid,W,1.0,6.0,24.0,128.0,0.0,0.0,0.82,29.0,0.1992874145507812,717ad3074977ebd5f65d288e0eb0b3a202e163ba81937f08107811474d0f671a,,
gaussian,iid,W,1.0,6.0,24.0,128.0,0.0,0.0,0.825,29.0,0.2151209513346354,02a91ad4f71847226166ceaa20c5db6966f0b9d03e82939defd46bd79e7490a6,,
gaussian,iid,W,1.0,6.0,24.0,128.0,0.0,0.0,0.83,29.0,0.7747522989908854,ad122d934ebd019364f3460f56ecf890610eb52a3456cf110b39db99ff940985,,
gaussian,iid,W,1.0,6.0,24.0,128.0,0.0,0.0,0.835,29.0,0.8926671346028646,5ff40694a25c7d1b97001fa0a00857b2e8ad877870f360cfe7bde0c3b237773a,,
gaussian,iid,W,1.0,6.0,24.0,128.0,0.0,0.0,0.84,29.0,0.7686080932617188,ba771060bb5fe51d9a6db91853bc69a24980b1b8720773fa27c154a59db3e7ad,,
gaussian,iid,W,1.0,6.0,24.0,128.0,0.0,0.0,0.845,29.0,0.8388417561848959,fd90a3eed32012bbe92cb01d24881ead6f82ded4c7c86d8bc7d99cc95ae47a43,,
gaussian,iid,W,1.0,6.0,24.0,128.0,0.0,0.0,0.85,29.0,0.9849319458007812,574c7dd228f96c4b30a08ab687e2c3a41a7dea8b0f60e80ca6e6c74f7302fb8c,,
gaussian,iid,W,1.0,6.0,24.0,128.0,0.0,0.0,0.81,30.0,0.0704294840494791,ab36d1921d26c15b9d557b58c85b13e4365892d22527f934088dc9c3afb23a46,,
gaussian,iid,W,1.0,6.0,24.0,128.0,0.0,0.0,0.815,30.0,0.1575520833333333,562fbaa42983e33a5b4c744bb7cd9c0984571ff88cdcce96b8c311bcba371f26,,
gaussian,iid,W,1.0,6.0,24.0,128.0,0.0,0.0,0.82,30.0,0.3346455891927083,cf1a663a2ca71b1f0167dabe5197218578375756e05d555f7a503ac94b230306,,
gaussian,iid,W,1.0,6.0,24.0,128.0,0.0,0.0,0.825,30.0,0.4708480834960937,811a9cfd6120658c34a6780057a1e52f4eeaa89273d18966c3154b00a04e7808,,
gaussian,iid,W,1.0,6.0,24.0,128.0,0.0,0.0,0.83,30.0,0.6592915852864584,13f450945ce2cc0ede917d1fcec88f86921d327b54e1a9a945cfc9fa1e7d7ecb,,
gaussian,iid,W,1.0,6.0,24.0,128.0,0.0,0.0,0.835,30.0,0.6612523396809896,45710aacab6e40e05f15663e965cd165d22f3b849366bc6af673b66fa3df34c7,,
gaussian,iid,W,1.0,6.0,24.0,128.0,0.0,0.0,0.84,30.0,0.6619211832682291,f973b546691f12dea5541702d6f1e4505ba04811e1e83f0304e3ddf02b7538fc,,
gaussian,iid,W,1.0,6.0,24.0,128.0,0.0,0.0,0.845,30.0,0.9863967895507812,1173ff8373482e7e9baf9ceadb39a7424a7a132719ec3740655d3571ab734995,,
gaussian,iid,W,1.0,6.0,24.0,128.0,0.0,0.0,0.85,30.0,0.9865875244140624,fc140e287185cb3bbc2236921c7e17a0d544a1e473f62a197a82076384c1e7cf,,
gaussian,iid,W,1.0,6.0,24.0,128.0,0.0,0.0,0.81,31.0,0.1727854410807291,0ee5a7b6129cca5fb524d3a61c6cf179613a56bfe8f6b6180afa9552d47ddfd7,,
gaussian,iid,W,1.0,6.0,24.0,128.0,0.0,0.0,0.815,31.0,0.2914988199869792,2d2f9de2d2a4d8769b16c731b5a91cbe5e85b4b94d8ff4863a8f61aa79b53a33,,
gaussian,iid,W,1.0,6.0,24.0,128.0,0.0,0.0,0.82,31.0,0.266754150390625,6b560b256b4f7817a5dff96e2df81c8a64b3696bc71b84761e36ac7c9900e498,,
gaussian,iid,W,1.0,6.0,24.0,128.0,0.0,0.0,0.825,31.0,0.3168309529622395,b76c51b046409d9503801d9523dbd3f8ae1dff226e389395f5ff35017509e00d,,
gaussian,iid,W,1.0,6.0,24.0,128.0,0.0,0.0,0.83,31.0,0.2958450317382812,4fda80af57e4bf84ee129f9ab4fea4d6411db1d4a55858e3d05cc44e71fe180e,,
gaussian,iid,W,1.0,6.0,24.0,128.0,0.0,0.0,0.835,31.0,0.36090087890625,aa8731a400215a287e3327100a4e753854cfc696bbd0eaf547179eb145bfb9d9,,
gaussian,iid,W,1.0,6.0,24.0,128.0,0.0,0.0,0.84,31.0,0.9812240600585938,b8b0e8fa358f20d09913701a6bb981caf89356043e6fb9ca3f2e0a0f520db8bb,,
gaussian,iid,W,1.0,6.0,24.0,128.0,0.0,0.0,0.845,31.0,0.968505859375,036afde3ae99de0ecc17248f0ed04537f4bd10d8c0ad01e0da02a693cb227f76,,
gaussian,iid,W,1.0,6.0,24.0,128.0,0.0,0.0,0.85,31.0,0.982556660970052,9cf778c2353105c8e0e522e94bf05cc29b10bbc70fe662e746bb24a2692dc761,,
gaussian,iid,W,1.0,8.0,24.0,128.0,0.0,0.0,0.735,0.0,0.0132039388020833,5943466581d60cab3336f98c29ae06027b621702d954fac5e95fd152b37c4860,,
gaussian,iid,W,1.0,8.0,24.0,128.0,0.0,0.0,0.745,0.0,0.0264053344726562,be9d970997c57c418a37b19a9b26fe19649af985f3652adaf1ed7a61d8f710bb,,
gaussian,iid,W,1.0,8.0,24.0,128.0,0.0,0.0,0.755,0.0,0.033660888671875,350c516d0ff0821701f2e1ae968f081b23b5799f982209871892d97179fbb434,,
gaussian,iid,W,1.0,8.0,24.0,128.0,0.0,0.0,0.765,0.0,0.1472880045572916,18cbeff904e1b6d29c04d65ad1384f85541223e6d46817568daaff4fa94b61df,,
gaussian,iid,W,1.0,8.0,24.0,128.0,0.0,0.0,0.775,0.0,0.3325525919596354,fa1134de8b421d395d23cc21631b7f8247b6807c376ef8294ab9df28585231ed,,
gaussian,iid,W,1.0,8.0,24.0,128.0,0.0,0.0,0.785,0.0,0.5660680135091146,3612d5c9d17d8a05d3bf1417b5794bbc0f1715909c7d0e818fac871abf2eda51,,
gaussian,iid,W,1.0,8.0,24.0,128.0,0.0,0.0,0.795,0.0,0.9858576456705728,a51a66df6ac3d7b678916242965b06681d83e82ef58ca8927a45b818bcae668c,,
gaussian,iid,W,1.0,8.0,24.0,128.0,0.0,0.0,0.805,0.0,0.9859059651692708,634314e9ae42f03419c42c31a4800c4991bfd95338fdf80cea2df5cfca9329e0,,
gaussian,iid,W,1.0,8.0,24.0,128.0,0.0,0.0,0.815,0.0,0.9869333902994792,b2e66212c7d2d8bb1a0690fc4639e407cb197541c44cfd62e4cd1e5a5f7b351c,,
gaussian,iid,W,1.0,8.0,24.0,128.0,0.0,0.0,0.76,0.0,0.1123046875,00ca6bf38452ac3a91be1ac9f788efe0dc47438b6fc86233f8cf4af636ba3d0d,,
gaussian,iid,W,1.0,8.0,24.0,128.0,0.0,0.0,0.77,0.0,0.3322626749674479,0222d3459075d0d4ed7ea7c5b9c97fff6df53a30294a437304c3ad4c332c0f66,,
gaussian,iid,W,1.0,8.0,24.0,128.0,0.0,0.0,0.78,0.0,0.33526611328125,be4e43de30bf3fc397457cefef9a81df5aa215b48212412c782712d3c55589a7,,
gaussian,iid,W,1.0,8.0,24.0,128.0,0.0,0.0,0.79,0.0,0.9856033325195312,ddb29f47fbff8d0f3ad30b3df73381aa9b88b6edb0e7b1a12e7c6d231ded3771,,
gaussian,iid,W,1.0,8.0,24.0,128.0,0.0,0.0,0.735,1.0,0.0215403238932291,1fb1fcd723ae5ac4e0732b60ca0de43045d8728b3d1bbc7f1b3ee795a247d6b8,,
gaussian,iid,W,1.0,8.0,24.0,128.0,0.0,0.0,0.745,1.0,0.022504170735677,a3f04dee82c2a4268dc864a20be25ed1ef2458028b3944d1f972b3c5c19b5725,,
gaussian,iid,W,1.0,8.0,24.0,128.0,0.0,0.0,0.755,1.0,0.0694173177083333,d2467e5a15909ce273f19523aa4d1490684ba9aa1dc8f0a9204306a6059b7703,,
gaussian,iid,W,1.0,8.0,24.0,128.0,0.0,0.0,0.765,1.0,0.3459930419921875,cf91ca30390b2870794aee7494f020883dd87591cc128452d020b32be168eb9a,,
gaussian,iid,W,1.0,8.0,24.0,128.0,0.0,0.0,0.775,1.0,0.7529474894205729,5e11be70d767b3d31246ee33d6aaca1ce2b1ca808d2459dffae145ffa7c3af4c,,
gaussian,iid,W,1.0,8.0,24.0,128.0,0.0,0.0,0.785,1.0,0.9889628092447916,2e204af7c0ff2024bf4b013491d993eb9be02f61699b945cd4cfc037593318a9,,
gaussian,iid,W,1.0,8.0,24.0,128.0,0.0,0.0,0.795,1.0,0.903856913248698,799d8e125aa7b29ebde499195eaac944c3e2b92e9c9510f009f6984a1fda8a2e,,
gaussian,iid,W,1.0,8.0,24.0,128.0,0.0,0.0,0.805,1.0,0.9923731486002604,7dc380994cef7d89ab7f77cfdb45057585cc1b5d034902c3cdace799ad746f92,,
gaussian,iid,W,1.0,8.0,24.0,128.0,0.0,0.0,0.815,1.0,0.9916203816731772,7ed4654c5e59eec01763af718bd8bf991718eb4de93bba6eedf30a43bc0f5178,,
gaussian,iid,W,1.0,8.0,24.0,128.0,0.0,0.0,0.76,1.0,0.1115264892578125,b0badd2d8c6104e399f1f1fd6dacf3c6492442058566778b9e925131f51a0947,,
gaussian,iid,W,1.0,8.0,24.0,128.0,0.0,0.0,0.77,1.0,0.445648193359375,0768299e510565e076da71fb6727c04fd3e259162911895dd89cece3e27e2d05,,
gaussian,iid,W,1.0,8.0,24.0,128.0,0.0,0.0,0.78,1.0,0.7576777140299479,89f3bcf68a95cd7b006016a65c4ba13de3c0fd37491be321374e54d141753a23,,
gaussian,iid,W,1.0,8.0,24.0,128.0,0.0,0.0,0.79,1.0,0.9031906127929688,203d1e36b1c193fd60e0c9bedcba4ed6923597b2d7ae6fdaa64c32e47ef956f3,,
gaussian,iid,W,1.0,8.0,24.0,128.0,0.0,0.0,0.735,2.0,0.0168329874674479,df4cc0aac94df7869aeab44be3cb090b1debd00ffdeec6803edc26140c079fbd,,
gaussian,iid,W,1.0,8.0,24.0,128.0,0.0,0.0,0.745,2.0,0.0368016560872395,f233ebe1f2a6a7b1542846fdf24d333a9a06e9427c8c1c9405a2495818ce39af,,
gaussian,iid,W,1.0,8.0,24.0,128.0,0.0,0.0,0.755,2.0,0.086194356282552,7439dab61b035837b25fc797f30cafb4769d210cf20c8fb1312c86d42a785f53,,
gaussian,iid,W,1.0,8.0,24.0,128.0,0.0,0.0,0.765,2.0,0.1947199503580729,7bf124f6c4f850b951e055231f76826b41e24849a14fbf9f39745656b3602d07,,
gaussian,iid,W,1.0,8.0,24.0,128.0,0.0,0.0,0.775,2.0,0.4913584391276042,a7e493b18605fe3d05322dbfb9a9e5255e67f84cfbeabeeb26f3e15a81fe43b9,,
gaussian,iid,W,1.0,8.0,24.0,128.0,0.0,0.0,0.785,2.0,0.9763107299804688,74f7cf55f938fa4d5ee33e035a81649cf1e55d31511f281523df9d9308a2225c,,
gaussian,iid,W,1.0,8.0,24.0,128.0,0.0,0.0,0.795,2.0,0.979845682779948,1ed8ae8a87f20eeff5d7b36b6efaff450caeb483377e47bdb7effa71596a760d,,
gaussian,iid,W,1.0,8.0,24.0,128.0,0.0,0.0,0.805,2.0,0.9843368530273438,9ca23567175ba458073fec7cc617c8ae702de901eebf456b282152d50ce5c293,,
gaussian,iid,W,1.0,8.0,24.0,128.0,0.0,0.0,0.815,2.0,0.9919331868489584,3dc5ceb68fed5570498a9666758d81364bfea2bdcd4dc71541c53916d1d31984,,
gaussian,iid,W,1.0,8.0,24.0,128.0,0.0,0.0,0.76,2.0,0.1385523478190104,f940d2681875528e542a8894ebc7c57ef8096a0f2b6f70af01e9f7f1ea419ef7,,
gaussian,iid,W,1.0,8.0,24.0,128.0,0.0,0.0,0.77,2.0,0.2363840738932291,00c3db000c9712cd9fba96333ebb26b203dcffb2c2e7219ee4df88b2c35a14b5,,
gaussian,iid,W,1.0,8.0,24.0,128.0,0.0,0.0,0.78,2.0,0.4523188273111979,b93810e93aef5cd6524795777b2c09fab72aad72e1b115430f2129a640dbdcc5,,
gaussian,iid,W,1.0,8.0,24.0,128.0,0.0,0.0,0.79,2.0,0.977142333984375,04f3102b20a3ecba4ac8e8a426ce97a26c64959325cde909b7da72ec9fdecd57,,
gaussian,iid,W,1.0,8.0,24.0,128.0,0.0,0.0,0.735,3.0,0.014312744140625,ab18a030cc88add20c8ba4ce53bcb849da6040bbadaa44f6abafc615770d81d2,,
gaussian,iid,W,1.0,8.0,24.0,128.0,0.0,0.0,0.745,3.0,0.0421117146809895,4c3b7045a662b4241d05ef7b54b97695d1ebf43c0cd7a6471d9b921236283cb4,,
gaussian,iid,W,1.0,8.0,24.0,128.0,0.0,0.0,0.755,3.0,0.0501734415690104,f5ce30c49b809255ff0b7e2414195e06127fa869013eae568dfe43d02fe6224e,,
gaussian,iid,W,1.0,8.0,24.0,128.0,0.0,0.0,0.765,3.0,0.1375808715820312,f62409431292143a11e19f8f3bcc68916ab6d33e5a715774af4c6bbaa005bd32,,
gaussian,iid,W,1.0,8.0,24.0,128.0,0.0,0.0,0.775,3.0,0.3752110799153645,dfc562d209df3217ba77ae83a216ee06a77e010694d09f87524ba1ac0f166502,,
gaussian,iid,W,1.0,8.0,24.0,128.0,0.0,0.0,0.785,3.0,0.4349314371744792,88a78e6136acf8e8368e83b000f07bc9ae6e94e3dc8d2b904bcc2a94c8ee5969,,
gaussian,iid,W,1.0,8.0,24.0,128.0,0.0,0.0,0.795,3.0,0.8448359171549479,498266a2462368da4cb361a52d0b6a977cb5c0f1959fb0953454bbbd62ab8074,,
gaussian,iid,W,1.0,8.0,24.0,128.0,0.0,0.0,0.805,3.0,0.9916890462239584,a39a3f74714037882d56650b975b306eb3b2425ba8938ffa9a45e0bf84c67f35,,
gaussian,iid,W,1.0,8.0,24.0,128.0,0.0,0.0,0.815,3.0,0.9924087524414062,a3cef774870c68143906c13c6427655ea29b027d4fe05aa1cdf7355eb84abff8,,
gaussian,iid,W,1.0,8.0,24.0,128.0,0.0,0.0,0.76,3.0,0.0854695638020833,0e80ed69c590e616d1ebfd48b58b1f93de0b25b81cd11f3067303aad5950d372,,
gaussian,iid,W,1.0,8.0,24.0,128.0,0.0,0.0,0.77,3.0,0.6717274983723959,b582a84ab342a75a8c252a787c8550769495366d9f9743c0f3a321d5806f341b,,
gaussian,iid,W,1.0,8.0,24.0,128.0,0.0,0.0,0.78,3.0,0.7725194295247396,e6dfee743b480f6256656160db40025991cf570fa4ee53afbdd72b86a93e8563,,
gaussian,iid,W,1.0,8.0,24.0,128.0,0.0,0.0,0.79,3.0,0.4353892008463542,bac252d4602405b706774041dcf8d9ee3df8585f78c4edd557bc65a41fff6493,,
gaussian,iid,W,1.0,8.0,24.0,128.0,0.0,0.0,0.735,4.0,0.0191294352213541,6fb2eb0c9d288c7cbdeaa7ea2949f353454ad5824b6a0d94547bd0175100ed5b,,
gaussian,iid,W,1.0,8.0,24.0,128.0,0.0,0.0,0.745,4.0,0.025299072265625,54c47d21d5fcafd6726c2edbd6d0dbf2a69a73d3360c18ef33a1f0802be24745,,
gaussian,iid,W,1.0,8.0,24.0,128.0,0.0,0.0,0.755,4.0,0.0959320068359375,9360c7f23d1725db6145e805c8cb6fdf54aa082e0da6ec0ff2eaf20a6d887097,,
gaussian,iid,W,1.0,8.0,24.0,128.0,0.0,0.0,0.765,4.0,0.2929890950520833,890c4483e867a926a8a26deb8b7c3576bad146056f1459a2d976f754f6146c1b,,
gaussian,iid,W,1.0,8.0,24.0,128.0,0.0,0.0,0.775,4.0,0.5343907674153646,2b4c9ff506c0007ba7e0650b540f83f47abb635d1c290f5f6cb312163ad61e95,,
gaussian,iid,W,1.0,8.0,24.0,128.0,0.0,0.0,0.785,4.0,0.8183797200520834,875557255cca73ee723b71685787cc06084e535bf7d33f1797ff41c6511a077c,,
gaussian,iid,W,1.0,8.0,24.0,128.0,0.0,0.0,0.795,4.0,0.8205617268880209,f2b0f0dc1638e335431c40f3c5c9bc4c4b42519c85254daa0a0978bfad49d496,,
gaussian,iid,W,1.0,8.0,24.0,128.0,0.0,0.0,0.805,4.0,0.9921544392903646,d41d3de35a66cb98cc1590c42f97b105c0c8477081e62854510ad8338f102e9d,,
gaussian,iid,W,1.0,8.0,24.0,128.0,0.0,0.0,0.815,4.0,0.992518107096354,59f1becfed359478e76fecc2ba9237dd1b1c522c611699774c8aa6ed2869de68,,
gaussian,iid,W,1.0,8.0,24.0,128.0,0.0,0.0,0.76,4.0,0.1125411987304687,956a8408d29068e180b13bd8c7d0542ba8b2a776aaa71492b2e29e5988c4c583,,
gaussian,iid,W,1.0,8.0,24.0,128.0,0.0,0.0,0.77,4.0,0.2955525716145833,7dda8dbb633bb6da961fbffe367a597534369a755d3b48c5da9a2bc7220ff985,,
gaussian,iid,W,1.0,8.0,24.0,128.0,0.0,0.0,0.78,4.0,0.7489954630533854,b86aa626c3b0089f492a0d9864678fde9ce380976d2f22402691588641d0287d,,
gaussian,iid,W,1.0,8.0,24.0,128.0,0.0,0.0,0.79,4.0,0.8197580973307291,13e50e4a465ad017ba1112d4c51aa3e59916c66569426011075d7d707beadb63,,
gaussian,iid,W,1.0,8.0,24.0,128.0,0.0,0.0,0.735,5.0,0.0207621256510416,f3b0772ca109a044475fbdeebe7adac41c2031d31111f620719b20c792b32d76,,
gaussian,iid,W,1.0,8.0,24.0,128.0,0.0,0.0,0.745,5.0,0.0262730916341145,4c95395b0788fea880c4660eee34990aa0b7adfec6e1e524b3dac76069bcf9b6,,
gaussian,iid,W,1.0,8.0,24.0,128.0,0.0,0.0,0.755,5.0,0.0330785115559895,8bce0b874e011869e69bb439210b2e3fc9b1f1c841d804bf981e8f11d90e7642,,
gaussian,iid,W,1.0,8.0,24.0,128.0,0.0,0.0,0.765,5.0,0.20947265625,4b07d0f84c5717894a3dc0593a4c85a5bea883f0f43fa232845e24cf6dc75b64,,
gaussian,iid,W,1.0,8.0,24.0,128.0,0.0,0.0,0.775,5.0,0.6444244384765625,8af8c0a0a8ee7cc012d1b65eb7aaf607b4ea5d56ad9185b5b3c4721d5df60bae,,
gaussian,iid,W,1.0,8.0,24.0,128.0,0.0,0.0,0.785,5.0,0.9848225911458334,6c8dff7851cb967852c1877076851e9a02672173df58517a8fca279096f86c5f,,
gaussian,iid,W,1.0,8.0,24.0,128.0,0.0,0.0,0.795,5.0,0.9868367513020834,0c4eb3a4f24a9d852b0e74b7b50191af5c9a617b5f7ffdd752400b025a25c73a,,
gaussian,iid,W,1.0,8.0,24.0,128.0,0.0,0.0,0.805,5.0,0.9886296590169272,48cff48b9029268d1a43f52208021ad76faf963043c8a986fc17506cb8195293,,
gaussian,iid,W,1.0,8.0,24.0,128.0,0.0,0.0,0.815,5.0,0.989349365234375,6f09620009f6df944c34ba64c687cc2f512119c87efd9b8a646a7d606dedac14,,
gaussian,iid,W,1.0,8.0,24.0,128.0,0.0,0.0,0.76,5.0,0.1131515502929687,73c0a8e264348bce267d1dc2a6bd1e4dbee783ab99fd7fb22a02eeab77553370,,
gaussian,iid,W,1.0,8.0,24.0,128.0,0.0,0.0,0.77,5.0,0.4041417439778645,d1d61554bbb8d76adc50c31b7de69ccdc2bd0b7268822f3883fc228a90eb5cc0,,
gaussian,iid,W,1.0,8.0,24.0,128.0,0.0,0.0,0.78,5.0,0.9783884684244792,5892af1f5a5a01e5e9f7d1b891825ea3635735d52defd8b1c281cc6f93f389cd,,
gaussian,iid,W,1.0,8.0,24.0,128.0,0.0,0.0,0.79,5.0,0.9866104125976562,ad8f5819eacb0976069ee8148a3e18dea3a9f7014286f854792f5bb9068a5717,,
gaussian,iid,W,1.0,8.0,24.0,128.0,0.0,0.0,0.735,6.0,0.0161514282226562,cf1d759254b4ddb5fac570622555e87b4e10fd87a25c67960318c404ac766b40,,
gaussian,iid,W,1.0,8.0,24.0,128.0,0.0,0.0,0.745,6.0,0.0288874308268229,f5e7dce03f1f38419b153ed4c0f0191f128bdf4edc3a5c0951255b88a1d6e095,,
gaussian,iid,W,1.0,8.0,24.0,128.0,0.0,0.0,0.755,6.0,0.08453369140625,f6c785efc925d3c2636fb4c78f2cc13c16eeff7d1b8e7edbb39622e60929a726,,
gaussian,iid,W,1.0,8.0,24.0,128.0,0.0,0.0,0.765,6.0,0.2244110107421875,d72f18cfff5096e4d9380493da35c2467313bf3e570e696f19016fcc036b3f4e,,
gaussian,iid,W,1.0,8.0,24.0,128.0,0.0,0.0,0.775,6.0,0.7130025227864584,6a80093b4d038e057c8f782bb9763d08b2c279a7d77b77ca4a602e89fd852b11,,
gaussian,iid,W,1.0,8.0,24.0,128.0,0.0,0.0,0.785,6.0,0.975634256998698,818a3b0d9d5bfe23ab5c4bb0c8a7041d1cdfaf3c7c5777a2b36f9fa8f8709a1b,,
gaussian,iid,W,1.0,8.0,24.0,128.0,0.0,0.0,0.795,6.0,0.9782689412434896,9a80dfada0f2b389aa784a9d74c1e4dccb014e598bcca100a3b85b6e5e50a4fc,,
gaussian,iid,W,1.0,8.0,24.0,128.0,0.0,0.0,0.805,6.0,0.988922119140625,ee45571d503b72f810198457207d9f8999792ba056da6c1db89eb950fc432956,,
gaussian,iid,W,1.0,8.0,24.0,128.0,0.0,0.0,0.815,6.0,0.9918492635091146,f2c8b959112ea1f3a4785bcbca5231b50233655d165675b1d8304b169a608678,,
gaussian,iid,W,1.0,8.0,24.0,128.0,0.0,0.0,0.76,6.0,0.0994542439778645,0c18ee9b09c278d10c9fa4e7afb797116e1eec5e2a7572f1bd0e1a98435cebd4,,
gaussian,iid,W,1.0,8.0,24.0,128.0,0.0,0.0,0.77,6.0,0.5686442057291666,b13d8fccb6bb5f5e1a2795bbb56e0bb38442a3052f621621587d0e47df948678,,
gaussian,iid,W,1.0,8.0,24.0,128.0,0.0,0.0,0.78,6.0,0.9754689534505208,2acd994b7b5c178d22c465598dcabf00f818a5f99c507b514f7ea237cf783430,,
gaussian,iid,W,1.0,8.0,24.0,128.0,0.0,0.0,0.79,6.0,0.9762903849283854,a4c6094a52a732b05c85d27d4bfb6096d481d1c111679b3c12990970dcdcc671,,
gaussian,iid,W,1.0,8.0,24.0,128.0,0.0,0.0,0.735,7.0,0.0396372477213541,abbc1517e64edc722add8509926ed49c03f8347d0622e8b602ba599fb9784d30,,
gaussian,iid,W,1.0,8.0,24.0,128.0,0.0,0.0,0.745,7.0,0.051971435546875,a0ef150ec5c4f48292415dec6ec27c37531d6f6fba6f77c161f7b655d7317b33,,
gaussian,iid,W,1.0,8.0,24.0,128.0,0.0,0.0,0.755,7.0,0.1448720296223958,4cc77b87cb1930d0c19410463c9eb0233834fdeb960b61eed90feab687af7d2e,,
gaussian,iid,W,1.0,8.0,24.0,128.0,0.0,0.0,0.765,7.0,0.2060801188151041,9e40d2a8eb9faf434f76dbbff1a9fe52f875bdfff39cf31574e5f85b6c6c66a0,,
gaussian,iid,W,1.0,8.0,24.0,128.0,0.0,0.0,0.775,7.0,0.4844284057617187,90806fa7b88b23ba6d086a29b86bed739f18a2acc1f03a2fed823817edc26e7f,,
gaussian,iid,W,1.0,8.0,24.0,128.0,0.0,0.0,0.785,7.0,0.5976333618164062,055c1cb349b08d4fc220e65ff409052772aeb141b97e9e58f6129b7bfbbc4c0d,,
gaussian,iid,W,1.0,8.0,24.0,128.0,0.0,0.0,0.795,7.0,0.9858169555664062,69efced11ef17cb15a84cf63fbc154b1373cdcf9af511489807a33cd42e29cb0,,
gaussian,iid,W,1.0,8.0,24.0,128.0,0.0,0.0,0.805,7.0,0.9867731730143228,ecf9cbb90888caf7c805fe3d078b08ef6b111a30c8e828773397fde8586652e8,,
gaussian,iid,W,1.0,8.0,24.0,128.0,0.0,0.0,0.815,7.0,0.991747538248698,34fe5763b48a122a3a8bc2bb3766fbd63d2b95430ad23b7249bf07e85a79821a,,
gaussian,iid,W,1.0,8.0,24.0,128.0,0.0,0.0,0.76,7.0,0.1509348551432291,fa87b64e52ed0d292939ca5ce3858eec005cecf7b6e6a662695f2f2a08b7243a,,
gaussian,iid,W,1.0,8.0,24.0,128.0,0.0,0.0,0.77,7.0,0.2795664469401042,5cc024e8ad1fd4f8a6050e3ff7461f0e7603c3b89b5835c8b7411a0cbcc8a221,,
gaussian,iid,W,1.0,8.0,24.0,128.0,0.0,0.0,0.78,7.0,0.5840479532877604,29eb3088c05935a13caf40472699e92fb79042d1266b0d4508697e98edc3e43a,,
gaussian,iid,W,1.0,8.0,24.0,128.0,0.0,0.0,0.79,7.0,0.984937032063802,91f000b6a3f8cca0c331e4052cdaca3da81838881f58066bd3c414b3f45c2765,,
gaussian,iid,W,1.0,8.0,24.0,128.0,0.0,0.0,0.735,8.0,0.0216115315755208,6a2446ab1856b1909f44de1ed9cc92c8d71d49ae5ebfc33846af98b6a965e5e7,,
gaussian,iid,W,1.0,8.0,24.0,128.0,0.0,0.0,0.745,8.0,0.0342585245768229,0f68ccb308abe445c9ac7ee4bad00b5643a3323b8f69fef6dbd1ef446b4162e3,,
gaussian,iid,W,1.0,8.0,24.0,128.0,0.0,0.0,0.755,8.0,0.0693206787109375,5b7789b52a0dab7f80a3d31d7848fccaf3423cd3b27a98c1a10f497707301bcc,,
gaussian,iid,W,1.0,8.0,24.0,128.0,0.0,0.0,0.765,8.0,0.1927769978841146,a5bcf12134bb055af6c3e54cc18488a00af4b01e20d57c2f5b5cf68445d298d4,,
gaussian,iid,W,1.0,8.0,24.0,128.0,0.0,0.0,0.775,8.0,0.388898213704427,584a28250454b96e60a9d1227d87c5b1f486fd74829bfc4b34f1591fc5c577d7,,
gaussian,iid,W,1.0,8.0,24.0,128.0,0.0,0.0,0.785,8.0,0.9841868082682292,762b5c3b52cd48fcda634cf37044693627a6910ff56eb4226b25fade8a76afc7,,
gaussian,iid,W,1.0,8.0,24.0,128.0,0.0,0.0,0.795,8.0,0.9864273071289062,9e08b60774272751b3ebf91289ca41a00ab5b69d5e4dfcfee2dd8badd456276c,,
gaussian,iid,W,1.0,8.0,24.0,128.0,0.0,0.0,0.805,8.0,0.9927419026692708,a2a9dba7d38fb987032c26fbe3503e6b3997a2147591820d0d275dee49ff6529,,
gaussian,iid,W,1.0,8.0,24.0,128.0,0.0,0.0,0.815,8.0,0.993311564127604,1bb1486ab8b078611a02ba8735f7802e0240fa04007a72a088e0573257734315,,
gaussian,iid,W,1.0,8.0,24.0,128.0,0.0,0.0,0.76,8.0,0.1955820719401041,9dc4379fb07c76cf63379e53be40c26f51117f70061cdf9b67aa61c319aa4d15,,
gaussian,iid,W,1.0,8.0,24.0,128.0,0.0,0.0,0.77,8.0,0.1743825276692708,68e7934393ead21f16ded44bd6f6b8aa5635f91aa7e90a32d7dcf9e527b77c0e,,
gaussian,iid,W,1.0,8.0,24.0,128.0,0.0,0.0,0.78,8.0,0.3902562459309895,bd79effc13da5d9ed103a7a1f5c67681fbf95a6adfb7fdcde8250cc73245977f,,
gaussian,iid,W,1.0,8.0,24.0,128.0,0.0,0.0,0.79,8.0,0.9846165974934896,e99272905edca9c815ea5898584cbec22e614ab64810d4565e522888c7a27c2b,,
gaussian,iid,W,1.0,8.0,24.0,128.0,0.0,0.0,0.735,9.0,0.0187962849934895,7ec387d2803fe70e6631b41325be95c9cadb0d8c8efc4f3ceed296a2d14aae4b,,
gaussian,iid,W,1.0,8.0,24.0,128.0,0.0,0.0,0.745,9.0,0.0289866129557291,82d8bb3990c67639c9126cdf1cdaa1d884641382d2bce834650f719ea2d011b4,,
gaussian,iid,W,1.0,8.0,24.0,128.0,0.0,0.0,0.755,9.0,0.067047119140625,964d5b08d4bbb081d9f55850c88c8245bad131818ce623bee6a4357e48494107,,
gaussian,iid,W,1.0,8.0,24.0,128.0,0.0,0.0,0.765,9.0,0.1122614542643229,73367fb936506639107a2f835ef5bb358291ce7d4b15c581c195cb881f1c9dc4,,
gaussian,iid,W,1.0,8.0,24.0,128.0,0.0,0.0,0.775,9.0,0.3128585815429687,457c57315b73cc4e8efd622833bec550ad519dccc99e21c95509b1e5c1262582,,
gaussian,iid,W,1.0,8.0,24.0,128.0,0.0,0.0,0.785,9.0,0.4183985392252604,11f71ff9ae198d01f34aa419b31cf0c4d19d23282083afe4c222379bff561366,,
gaussian,iid,W,1.0,8.0,24.0,128.0,0.0,0.0,0.795,9.0,0.9885915120442708,c4325c569569af790606cc5cd44027ea5fd6f7b7eb19efa68b7d63e9b2f1f92b,,
gaussian,iid,W,1.0,8.0,24.0,128.0,0.0,0.0,0.805,9.0,0.991790771484375,9ba47900bc0e17902cda1c88ded43cf0c588afae6d2da36c7cf1547f5054ce4e,,
gaussian,iid,W,1.0,8.0,24.0,128.0,0.0,0.0,0.815,9.0,0.9916102091471354,b707a98205b7a8d5bf8b3c83cc2367726b6d646722724f4287e77224762e36f6,,
gaussian,iid,W,1.0,8.0,24.0,128.0,0.0,0.0,0.76,9.0,0.077178955078125,7b216663e3abad24cfb174da84765a1c5d98ddd5a260ebfcfaa092c1eb5ce6c9,,
gaussian,iid,W,1.0,8.0,24.0,128.0,0.0,0.0,0.77,9.0,0.1615931193033854,330914c84fd2fe721364407cd6c336e83c91957761416ea179d73df53ad05548,,
gaussian,iid,W,1.0,8.0,24.0,128.0,0.0,0.0,0.78,9.0,0.4173660278320312,20202465d9a889c2b7eda37dd249618b772df13fbd0f6fa19782c732ff02f3d4,,
gaussian,iid,W,1.0,8.0,24.0,128.0,0.0,0.0,0.79,9.0,0.7401326497395834,fd9aadadeeec088f8b71cb78f9d17a0bb495deb2744a25441a88dc7de46cbb0e,,
gaussian,iid,W,1.0,8.0,24.0,128.0,0.0,0.0,0.735,10.0,0.0373458862304687,a2ed8fec98c7e287e22d5ed69dbe8bf247579c79bf83c258288b5401753a0b3b,,
gaussian,iid,W,1.0,8.0,24.0,128.0,0.0,0.0,0.745,10.0,0.0412343343098958,32be515b5f7b5b2cd8c384fec6fcc64834864a27901c371c329a366773087e1c,,
gaussian,iid,W,1.0,8.0,24.0,128.0,0.0,0.0,0.755,10.0,0.0492146809895833,3eb34751ea68cfd2947d93e6071f425e94fb9a90e0d4ff3f3e9d8edf83fccb46,,
gaussian,iid,W,1.0,8.0,24.0,128.0,0.0,0.0,0.765,10.0,0.1760304768880208,b35c7bce198146aabd8e861e084d1d55d290520fc0aa9846f8b36f991b325722,,
gaussian,iid,W,1.0,8.0,24.0,128.0,0.0,0.0,0.775,10.0,0.1647516886393229,73469f80d8949893f49b18b1d64755268e3f53723b71ef76fb093d68967d19f1,,
gaussian,iid,W,1.0,8.0,24.0,128.0,0.0,0.0,0.785,10.0,0.5047047932942709,57786f51b3687d8342e047a2a6b6bbb3c4b345cf10902e782ff2e5fd6d01ea76,,
gaussian,iid,W,1.0,8.0,24.0,128.0,0.0,0.0,0.795,10.0,0.9811579386393228,f6e5d7cd90a2c8e968559cf68df8bfbae7eb4b6151d4bcb796a437f5f45faa10,,
gaussian,iid,W,1.0,8.0,24.0,128.0,0.0,0.0,0.805,10.0,0.9902318318684896,683fcdb9cfbb4b4bb36ef86c5c376c18a7611396076e8a668c0524d978d4067b,,
gaussian,iid,W,1.0,8.0,24.0,128.0,0.0,0.0,0.815,10.0,0.9915211995442708,65c593d6677a1e65d8d84edf07874cb4109ed4c637c9f8d9059a0d4f9063b528,,
gaussian,iid,W,1.0,8.0,24.0,128.0,0.0,0.0,0.76,10.0,0.1746775309244791,f0859c7765c45ce141f9b6f4ce1eba8785fc9743b0519654a65a67fc648ba786,,
gaussian,iid,W,1.0,8.0,24.0,128.0,0.0,0.0,0.77,10.0,0.1885884602864583,5d2b24ed0d727e617375be9e3664420b022b9d8a2840ac03234ef4f6e3423e8c,,
gaussian,iid,W,1.0,8.0,24.0,128.0,0.0,0.0,0.78,10.0,0.4177576700846354,3d3daea7dc2d564cb0ba4644c339f3fe295a6241a65ddf92e53d6964578df460,,
gaussian,iid,W,1.0,8.0,24.0,128.0,0.0,0.0,0.79,10.0,0.9805094401041666,8e8b5dad1212b1d9e1f64254c1bfb4ddd184c4cde386bb4ff48f5194dd363792,,
gaussian,iid,W,1.0,8.0,24.0,128.0,0.0,0.0,0.735,11.0,0.031415303548177,05b167484c7b7e4b1b44e3d6c17e8fed6db3458d2f78126fd3b2c785b32b0317,,
gaussian,iid,W,1.0,8.0,24.0,128.0,0.0,0.0,0.745,11.0,0.0292027791341145,abc6395423ff162f9597ec2ad40195677017b7f7fe958121be71e2e6511116f7,,
gaussian,iid,W,1.0,8.0,24.0,128.0,0.0,0.0,0.755,11.0,0.1736729939778646,bdee1f33cad49e1750d07d8951e9baf68aea5311f6270994c217c8830007b339,,
gaussian,iid,W,1.0,8.0,24.0,128.0,0.0,0.0,0.765,11.0,0.1807963053385416,f7d5a14fcae67e88e7ff5a14cd189a6e534fa2a091f9c55285929e03459e063b,,
gaussian,iid,W,1.0,8.0,24.0,128.0,0.0,0.0,0.775,11.0,0.6571706136067709,56757a3bfdf2aeb9bb5bc5184eb2317204fd9a75c28a567243a0e21953ce75c2,,
gaussian,iid,W,1.0,8.0,24.0,128.0,0.0,0.0,0.785,11.0,0.969530741373698,7f217689fc2ef53a1cd2c56600a15e73f5b461cc20d1aaf2d2b3b6885db02868,,
gaussian,iid,W,1.0,8.0,24.0,128.0,0.0,0.0,0.795,11.0,0.989245096842448,90dca33e24d445c6f3c483b792f2d7d8871f18083328d6cffe955098148f2d77,,
gaussian,iid,W,1.0,8.0,24.0,128.0,0.0,0.0,0.805,11.0,0.9916203816731772,e172c99a3641fa65ec3491c44f56cd4842b2f76330454f12458c31cfc9132af2,,
gaussian,iid,W,1.0,8.0,24.0,128.0,0.0,0.0,0.815,11.0,0.9924519856770834,da803cf3c9b1fb8c485a6644cd32856a717e56a4b9fe3f4c3e362f7b2aa619b4,,
gaussian,iid,W,1.0,8.0,24.0,128.0,0.0,0.0,0.76,11.0,0.1738993326822916,1a910c423dbe27696f3a99a33dd00e4e7ad62ea071fe04dc0b53a95ec8fd460d,,
gaussian,iid,W,1.0,8.0,24.0,128.0,0.0,0.0,0.77,11.0,0.3143971761067708,a10019e60a93c7225b13a6fcb4ad85991cfa8a36ecf62379a2b9cba0fd8d4426,,
gaussian,iid,W,1.0,8.0,24.0,128.0,0.0,0.0,0.78,11.0,0.963610331217448,9303d7ad9bdbf071437e8d639a71489b97f2540fc5359de26903dad747bc0e30,,
gaussian,iid,W,1.0,8.0,24.0,128.0,0.0,0.0,0.79,11.0,0.988800048828125,2964d356f662c1f86a432689344d6aefcdc7b50c694543bde04f597edbbfc49c,,
gaussian,iid,W,1.0,8.0,24.0,128.0,0.0,0.0,0.735,12.0,0.0129674275716145,717c17463d3d041a395118610018fa18969a38d54a5805ab69d6b750ef9acf44,,
gaussian,iid,W,1.0,8.0,24.0,128.0,0.0,0.0,0.745,12.0,0.0195999145507812,9b530121dd7aacce7c839da7f0b83aeed925b683c079412581eab7050e2607d1,,
gaussian,iid,W,1.0,8.0,24.0,128.0,0.0,0.0,0.755,12.0,0.037976582845052,243cba423b85fbdb9e569993c93f2290795c4043099851d8ff78473c1523e4c2,,
gaussian,iid,W,1.0,8.0,24.0,128.0,0.0,0.0,0.765,12.0,0.1813227335611979,0ca7145d8d842c24e819add92a24648a5db701d75d218293124cc3c4bb59d60f,,
gaussian,iid,W,1.0,8.0,24.0,128.0,0.0,0.0,0.775,12.0,0.2391688028971354,37e5dbfe403c5058b5a6d17ebd655af6043805f56389609d07bc01ee381f2a52,,
gaussian,iid,W,1.0,8.0,24.0,128.0,0.0,0.0,0.785,12.0,0.5912017822265625,92d91a639775c5b9a19d8204b115562fed55620e377426717dc78a4e09804f6f,,
gaussian,iid,W,1.0,8.0,24.0,128.0,0.0,0.0,0.795,12.0,0.9909159342447916,83230c4c44317ff4c73ede0535ca7ed0d1e93507597edc6582ce324a269344da,,
gaussian,iid,W,1.0,8.0,24.0,128.0,0.0,0.0,0.805,12.0,0.991602579752604,510807c6f5556ddf0c64712f17718b3af31ccf92798881e16ce0ed6d6ec6c146,,
gaussian,iid,W,1.0,8.0,24.0,128.0,0.0,0.0,0.815,12.0,0.992078145345052,de2018371437b5d2384267255cf4c0f4708d9a499b2636c7ed5dfeea1507498d,,
gaussian,iid,W,1.0,8.0,24.0,128.0,0.0,0.0,0.76,12.0,0.1806894938151041,4d591be0f76d355b7ed42701250056902d718243cc3b940650e334736f5de651,,
gaussian,iid,W,1.0,8.0,24.0,128.0,0.0,0.0,0.77,12.0,0.1907679239908854,4b3043fababfa8fb66f63d3cc60d4c3e62aad5e46ead9f2168037034f71811e9,,
gaussian,iid,W,1.0,8.0,24.0,128.0,0.0,0.0,0.78,12.0,0.5969924926757812,dc631b62eb4d0cb039b7c7ea0aecea958b2942260f63736d22eec04e0e2c2aeb,,
gaussian,iid,W,1.0,8.0,24.0,128.0,0.0,0.0,0.79,12.0,0.9905217488606772,17d3cfbf8d69ad61a542cdc4d3441125eac4179dd31b6f08ffff69864c2fe7ba,,
gaussian,iid,W,1.0,8.0,24.0,128.0,0.0,0.0,0.735,13.0,0.0263442993164062,8517caaaea74725581c76faa8969a2681ae53cafd9d2256ba8bf3a145c4947e9,,
gaussian,iid,W,1.0,8.0,24.0,128.0,0.0,0.0,0.745,13.0,0.0304285685221354,0bf6877988053396aa9e836ce96b036d1df0333c6a3cf0210f2d4a1259b3629f,,
gaussian,iid,W,1.0,8.0,24.0,128.0,0.0,0.0,0.755,13.0,0.118115743001302,88581683f30aa14bd2564814130a1b33e0cd392930ea6b8dc8f2ac484d100548,,
gaussian,iid,W,1.0,8.0,24.0,128.0,0.0,0.0,0.765,13.0,0.1445693969726562,2bbdcc59e88a8d918bea842b5caf613d39bac67e17046a01e40df5512b8280b8,,
gaussian,iid,W,1.0,8.0,24.0,128.0,0.0,0.0,0.775,13.0,0.2799224853515625,90ae23dde36966c6d28f00028209f284b091018593aa3ea9133e35a8c55767ca,,
gaussian,iid,W,1.0,8.0,24.0,128.0,0.0,0.0,0.785,13.0,0.6295801798502604,d0c8e8af0156c337b92e96d1c4886345a8cf925eb4235630091589003ce25fa3,,
gaussian,iid,W,1.0,8.0,24.0,128.0,0.0,0.0,0.795,13.0,0.6505177815755209,e3f8837a095eb1e1695e5b2bbb573000c53fb2f1bca3bc0a57d64ee2ef6da317,,
gaussian,iid,W,1.0,8.0,24.0,128.0,0.0,0.0,0.805,13.0,0.992113749186198,b60f4f61c91eb59e6bad8e1e2f5e94dcb4f3b1bb26a7bb6b52f50bcf44eec1f0,,
gaussian,iid,W,1.0,8.0,24.0,128.0,0.0,0.0,0.815,13.0,0.9930038452148438,5f948a374ad5842d859190100e4b32d77eae301abde40deb1c902dd0f551aed3,,
gaussian,iid,W,1.0,8.0,24.0,128.0,0.0,0.0,0.76,13.0,0.1388066609700521,51cb2ce379dd374a32c0c40d921abcea371b7d40d4ff0b541e5534214bd36496,,
gaussian,iid,W,1.0,8.0,24.0,128.0,0.0,0.0,0.77,13.0,0.1787643432617187,a027041233ae2279ddea1fe389d2731facbdbfa057aab3810db7402275ab269e,,
gaussian,iid,W,1.0,8.0,24.0,128.0,0.0,0.0,0.78,13.0,0.6240107218424479,f47cdbe064816eba8dad74b037347c1a1a5a7433daa0f8065f90f50e4a808667,,
gaussian,iid,W,1.0,8.0,24.0,128.0,0.0,0.0,0.79,13.0,0.6452713012695312,bde8499f55b159c7ded2a9cb6727605ff8428c633668321eaed3192316dc618a,,
gaussian,iid,W,1.0,8.0,24.0,128.0,0.0,0.0,0.735,14.0,0.014801025390625,8f48da2c1edb19be3df1fc5238be47c19d9e36c1a31f1b26433ef353226a51ed,,
gaussian,iid,W,1.0,8.0,24.0,128.0,0.0,0.0,0.745,14.0,0.0325724283854166,d05fe10568b523c7412db6f7d65d942c88d79b6bcc1685b87e4e996ccbe359a0,,
gaussian,iid,W,1.0,8.0,24.0,128.0,0.0,0.0,0.755,14.0,0.051923116048177,490ee7e08564c38417eae8242d3327ecd6352390e78281418724cdbf4fb8dae0,,
gaussian,iid,W,1.0,8.0,24.0,128.0,0.0,0.0,0.765,14.0,0.1777292887369791,84b4cfbaa48e173e5f71c6e857e7c594bd5ab7911d679615636fcb50ba92e515,,
gaussian,iid,W,1.0,8.0,24.0,128.0,0.0,0.0,0.775,14.0,0.2271906534830729,c78fcace7b63b8525e6574c0d43f9b7673b28c3dec148847925ccafbcafaec95,,
gaussian,iid,W,1.0,8.0,24.0,128.0,0.0,0.0,0.785,14.0,0.6339441935221354,3ab1b40092f034f4a88f1bbdba1b14c979202f8482da97e24257750239c08c53,,
gaussian,iid,W,1.0,8.0,24.0,128.0,0.0,0.0,0.795,14.0,0.9817301432291666,b250f597f1627ede6122816dde706ba8d559531dd7bbecf52a811f01edd36ea6,,
gaussian,iid,W,1.0,8.0,24.0,128.0,0.0,0.0,0.805,14.0,0.9862620035807292,1d39cdbcaee4fd86083b4156d5979797d4c66526d2a60125148cd23195442c81,,
gaussian,iid,W,1.0,8.0,24.0,128.0,0.0,0.0,0.815,14.0,0.9879099527994792,2c72c7b0a0c6edfd0dc2c75c7f594b7d81f60db77c3bc52c7ee66f956596e8a4,,
gaussian,iid,W,1.0,8.0,24.0,128.0,0.0,0.0,0.76,14.0,0.1128641764322916,103245febcc6da4db66b720f5403d905b870496191634e2e743931943bd04cc9,,
gaussian,iid,W,1.0,8.0,24.0,128.0,0.0,0.0,0.77,14.0,0.2255427042643229,bd4182b0240ca75706bb3b7c1f119193f1186a41c7227f2dcd095adba5705770,,
gaussian,iid,W,1.0,8.0,24.0,128.0,0.0,0.0,0.78,14.0,0.5256067911783854,136a26c43b06a104e4442bcaf10aaf3048fb56672118610350a79bc42fe0508b,,
gaussian,iid,W,1.0,8.0,24.0,128.0,0.0,0.0,0.79,14.0,0.6359965006510416,64c75a396ac3d5a359985498652b62b8c3ee5490d7f5d169b9df12fe2697c683,,
gaussian,iid,W,1.0,8.0,24.0,128.0,0.0,0.0,0.735,15.0,0.0178502400716145,61c3a74cb6c4fcf68229b38c719b7df99e400c25cbedce294b14e8fa29688174,,
gaussian,iid,W,1.0,8.0,24.0,128.0,0.0,0.0,0.745,15.0,0.0197499593098958,2793a0cbdd9cb949af12f428eb43af6c5ea5e0ae981465989a472d6ddc2d3867,,
gaussian,iid,W,1.0,8.0,24.0,128.0,0.0,0.0,0.755,15.0,0.1503473917643229,67a4c9c9cdfd4ba16b198fe15a2a53c71f1734d2ac63f921cd7580fea1ac87f9,,
gaussian,iid,W,1.0,8.0,24.0,128.0,0.0,0.0,0.765,15.0,0.1665420532226562,22c2700cb9157c0f3b5aa8ea1d273a2d5c82b4a30a3eff97dfc1c8532842a3b3,,
gaussian,iid,W,1.0,8.0,24.0,128.0,0.0,0.0,0.775,15.0,0.6740036010742188,35c18f3d83bd5aa352a8221e044d37b007e54504b1e5458fbe944cfc71979474,,
gaussian,iid,W,1.0,8.0,24.0,128.0,0.0,0.0,0.785,15.0,0.915051778157552,29ec8501a618f530dfed688e3bb629cbe20c6b17c9757bf15908e8fcdb7d1500,,
gaussian,iid,W,1.0,8.0,24.0,128.0,0.0,0.0,0.795,15.0,0.990221659342448,2f4a44713c3763292967c665ee56d0c784de3edc7e571a84fc1ad28290d752d6,,
gaussian,iid,W,1.0,8.0,24.0,128.0,0.0,0.0,0.805,15.0,0.9777882893880208,dcadf63df75c3a317cf43fac75dd58453018387c8499ed9660a92cb77a9e2aa3,,
gaussian,iid,W,1.0,8.0,24.0,128.0,0.0,0.0,0.815,15.0,0.9922815958658854,6e11074d37a3484de03e0d7bc390c43b3f37f14a780b29ba374f12bd0b1f0f0d,,
gaussian,iid,W,1.0,8.0,24.0,128.0,0.0,0.0,0.76,15.0,0.1589101155598958,fbf44eeb19184b05d7f7e8083d943ff568fb5b8d552ed8574f77a18254082fd2,,
gaussian,iid,W,1.0,8.0,24.0,128.0,0.0,0.0,0.77,15.0,0.491956075032552,22491084d2bee7abd53c21a9c9f1d1bcb55b9d4251a40eb5fae6b0939893b032,,
gaussian,iid,W,1.0,8.0,24.0,128.0,0.0,0.0,0.78,15.0,0.6927057902018229,ccd77e4eab528a07a45aae068a5611836932056d8f2f5b7b7c09962eb4ae49a3,,
gaussian,iid,W,1.0,8.0,24.0,128.0,0.0,0.0,0.79,15.0,0.9808756510416666,1ec740900eedc0d30a0bb7f62f0a7ec534175325bd17961ee915d0fdfbb6285b,,
gaussian,iid,W,1.0,8.0,24.0,128.0,0.0,0.0,0.76,16.0,0.1007105509440104,b53c73b06ca57229485a96b16f0cc8b028a32a688afcdf4698221486d8f80352,,
gaussian,iid,W,1.0,8.0,24.0,128.0,0.0,0.0,0.765,16.0,0.1031036376953125,c7104d84158fd34b7f32096f7600dc17f414f040e9f48262f8b58b75a123d5b6,,
gaussian,iid,W,1.0,8.0,24.0,128.0,0.0,0.0,0.77,16.0,0.1356735229492187,aef5da2917372be67becc5f4451db6a17c5311f3e79b4856410c21a39a6d3dbd,,
gaussian,iid,W,1.0,8.0,24.0,128.0,0.0,0.0,0.775,16.0,0.2968826293945312,ffe9cf09112e7c5199c350e5269ff9bf1823a3a06c2d075ae7a6f7f5ee359528,,
gaussian,iid,W,1.0,8.0,24.0,128.0,0.0,0.0,0.78,16.0,0.6593729654947916,a30389d47667485f1b6a423e8e006b402539e9de91d831d145ea18a9b0d5b60d,,
gaussian,iid,W,1.0,8.0,24.0,128.0,0.0,0.0,0.785,16.0,0.98590087890625,f82895db37a8fbbc21f4949c7a3917286539b1a9727ba023e58f4e693e4577f7,,
gaussian,iid,W,1.0,8.0,24.0,128.0,0.0,0.0,0.79,16.0,0.9859949747721354,82b035baf514685b6a024968b9637a9a00a5e90b8b5729b6e90b0cdc5f5e97fd,,
gaussian,iid,W,1.0,8.0,24.0,128.0,0.0,0.0,0.795,16.0,0.9866129557291666,fd6cb736a83292b3ea05071ccfc241358d20a9cc730e36441b4af7e717505431,,
gaussian,iid,W,1.0,8.0,24.0,128.0,0.0,0.0,0.76,17.0,0.1221796671549479,d544a60ec4938bd6979f45c59aacb1e6691c4e029fd5a0f67553c63f3ce4448e,,
gaussian,iid,W,1.0,8.0,24.0,128.0,0.0,0.0,0.765,17.0,0.1295954386393229,1d3f85c32fae72d1f4263382f29abbf942da825dcc0c697c50c23b9fb0aa0be7,,
gaussian,iid,W,1.0,8.0,24.0,128.0,0.0,0.0,0.77,17.0,0.1682484944661458,8c7ad6f18e4ef51a1f9107533aaf07ee67488cc83875d515fc89748c32cf4074,,
gaussian,iid,W,1.0,8.0,24.0,128.0,0.0,0.0,0.775,17.0,0.1795883178710937,a50af669f211d67e145dde7fe744603067b595956352b5d6319d6705bfa5a1a0,,
gaussian,iid,W,1.0,8.0,24.0,128.0,0.0,0.0,0.78,17.0,0.4567794799804687,2d8a2183b4de6665ad6a1e2e952731c7cdb4ad2af1b63adc682f1a74cfe657e6,,
gaussian,iid,W,1.0,8.0,24.0,128.0,0.0,0.0,0.785,17.0,0.9895222981770834,21dba88a54833e978f031f6636ac4023163ca79f7f0224ce75401ea91a21dd55,,
gaussian,iid,W,1.0,8.0,24.0,128.0,0.0,0.0,0.79,17.0,0.9899571736653646,cb7a8332521313b28b7cf070941e6da906d66100199b80c844dff6369a8a3702,,
gaussian,iid,W,1.0,8.0,24.0,128.0,0.0,0.0,0.795,17.0,0.9901529947916666,61cb95e89b75e0e7f6864342ec42748d312251d2e7e28132ee2f766a569dc42e,,
gaussian,iid,W,1.0,8.0,24.0,128.0,0.0,0.0,0.76,18.0,0.1585617065429687,9883f8efd48b011f2e347851fdf42a052dbecb803c7b14e3493b671eef83b933,,
gaussian,iid,W,1.0,8.0,24.0,128.0,0.0,0.0,0.765,18.0,0.2055460611979166,e565021e024985b21a173e08c6960fa7209770c9c43386a0e168d51d892e6d1a,,
gaussian,iid,W,1.0,8.0,24.0,128.0,0.0,0.0,0.77,18.0,0.3063761393229167,35eb38729b1ff9fa4efd4b1c5828c8e1f27ec237e3c77310411dce64e57ba229,,
gaussian,iid,W,1.0,8.0,24.0,128.0,0.0,0.0,0.775,18.0,0.3151270548502604,893c5b5ad21ff8e8aa3f46f57014d9d6d463f987303951261f2f8b7b4b005156,,
gaussian,iid,W,1.0,8.0,24.0,128.0,0.0,0.0,0.78,18.0,0.6123479207356771,e96d8c4bf67c8dcf890f36a2caa60f793c1e20d9061c4f16a2f547b6a6326b5a,,
gaussian,iid,W,1.0,8.0,24.0,128.0,0.0,0.0,0.785,18.0,0.7492192586263021,e5354f6e9e3f0b1a8a451200e08b51a34ed04d2095d13de40e22997dd8fe9ef8,,
gaussian,iid,W,1.0,8.0,24.0,128.0,0.0,0.0,0.79,18.0,0.9916839599609376,aee997bc5f7fc259c8489d7773a876df503b3a9365465a111147b01f8f8ce5f5,,
gaussian,iid,W,1.0,8.0,24.0,128.0,0.0,0.0,0.795,18.0,0.992029825846354,f12bdc61f006c7be5299246627dc554aa902962355bc2d9837b6147b22c03cbc,,
gaussian,iid,W,1.0,8.0,24.0,128.0,0.0,0.0,0.76,19.0,0.11004638671875,f1484048e117894a5225f4620958903a56e692b85ce87e5c13d83eaf2e080d05,,
gaussian,iid,W,1.0,8.0,24.0,128.0,0.0,0.0,0.765,19.0,0.2244110107421875,e3649cac311996e7b1858062d1aee3c80c259cfd67a51c2458746067e1ac283e,,
gaussian,iid,W,1.0,8.0,24.0,128.0,0.0,0.0,0.77,19.0,0.2595062255859375,91159e4d6cd2205f03f4640ab28d9f7c7ebabfe98542ed9efbf0e82033506d51,,
gaussian,iid,W,1.0,8.0,24.0,128.0,0.0,0.0,0.775,19.0,0.261688232421875,ea7a1e1e6425adfbcef8d49341a791bc591d72a62468899464cecf4a5870fee3,,
gaussian,iid,W,1.0,8.0,24.0,128.0,0.0,0.0,0.78,19.0,0.2946802775065104,e620b3180ad4fa809908b5b38ca6ba5a244455e55281c4ec7d6120c510a38d7b,,
gaussian,iid,W,1.0,8.0,24.0,128.0,0.0,0.0,0.785,19.0,0.3980280558268229,ace1919c725be88a7fc98f69bd082e850a52d36737eb29ef903e4eda8582425b,,
gaussian,iid,W,1.0,8.0,24.0,128.0,0.0,0.0,0.79,19.0,0.5530370076497396,31f6208826e9087fa9c3e84eb5016ff50071fd463a1233430117bf9b57184f44,,
gaussian,iid,W,1.0,8.0,24.0,128.0,0.0,0.0,0.795,19.0,0.975672403971354,fa732287893ed8ef033bfee16b234b2fcca94448b63316727dfb519e6e8f87ce,,
gaussian,iid,W,1.0,8.0,24.0,128.0,0.0,0.0,0.76,20.0,0.2225977579752604,59406186059dab19ef60fe87bd8b424c60733d922391420f1a6a9cdf66143883,,
gaussian,iid,W,1.0,8.0,24.0,128.0,0.0,0.0,0.765,20.0,0.2704518636067708,a59e29f49302789e6c6bb8b70208015d0bb541f487515e9461d068ea4c875b7e,,
gaussian,iid,W,1.0,8.0,24.0,128.0,0.0,0.0,0.77,20.0,0.4718017578125,655254956e83b7ec01ec59539882550f83f32d925a7707ac239427705b0893ec,,
gaussian,iid,W,1.0,8.0,24.0,128.0,0.0,0.0,0.775,20.0,0.5568923950195312,c7f35a0d0c276785bd18470785159b896737cfe62d1cd4c5a20b39dadae757aa,,
gaussian,iid,W,1.0,8.0,24.0,128.0,0.0,0.0,0.78,20.0,0.5522333780924479,64b08efc8dd06e48fb44f18c108f401ee40a7772f9fb0c0d53cfbe4770bcdb95,,
gaussian,iid,W,1.0,8.0,24.0,128.0,0.0,0.0,0.785,20.0,0.5620829264322916,0e39807a8a4f291411f47e3ace9416420688031301e5eee0bf5eeea1a2e6d740,,
gaussian,iid,W,1.0,8.0,24.0,128.0,0.0,0.0,0.79,20.0,0.9849700927734376,131c1ed2441b09ddb55ddd5735885d3c120cb875eee0eb848c44a7bab6c5f5d4,,
gaussian,iid,W,1.0,8.0,24.0,128.0,0.0,0.0,0.795,20.0,0.9851862589518228,8588c66418b6760cea5945c9876c8e3320d434514fd0039c573a95edbf38f2b0,,
gaussian,iid,W,1.0,8.0,24.0,128.0,0.0,0.0,0.76,21.0,0.0543111165364583,3e191c4ea9de993dd6bc27bf4052ce0295ec96ad428be0a93446f083eece865c,,
gaussian,iid,W,1.0,8.0,24.0,128.0,0.0,0.0,0.765,21.0,0.1024729410807291,e3a81338e77fe802d619b7522a3ed0db5fcfab49d5d78b5a2850e1240dcb1d52,,
gaussian,iid,W,1.0,8.0,24.0,128.0,0.0,0.0,0.77,21.0,0.1861368815104166,edf9945c46648c6224899220241b502ddecb814963d884a20c74125bf2dc95a3,,
gaussian,iid,W,1.0,8.0,24.0,128.0,0.0,0.0,0.775,21.0,0.2026265462239583,b87e8271075203dd5959de79dd0781a72262bcf11cc84ee19547e8451052c170,,
gaussian,iid,W,1.0,8.0,24.0,128.0,0.0,0.0,0.78,21.0,0.3836517333984375,f61c1e637301c5dc892713484f43b5adef025c86982b3f7a37c2455d7699ad00,,
gaussian,iid,W,1.0,8.0,24.0,128.0,0.0,0.0,0.785,21.0,0.635711669921875,b1183c184739fc02324f2bf030c35ce526104e7bef6b2db98b9be8375b222541,,
gaussian,iid,W,1.0,8.0,24.0,128.0,0.0,0.0,0.79,21.0,0.6362838745117188,ae4fe1a4cccece2c27f07be6c54e3805192351c813f04a6c57d484a71d012670,,
gaussian,iid,W,1.0,8.0,24.0,128.0,0.0,0.0,0.795,21.0,0.9844182332356772,001c57c6b79690b6a81b9fac4c3bcfcd2d03c94a430b0c1e9c8ca2238481efa9,,
gaussian,iid,W,1.0,8.0,24.0,128.0,0.0,0.0,0.76,22.0,0.1168772379557291,857fc711a5b0fce9e0b49170b0bb386f2f32594b55ed0b99e5a035eb2703af15,,
gaussian,iid,W,1.0,8.0,24.0,128.0,0.0,0.0,0.765,22.0,0.1467107137044271,b4f485f02ec4255f486cd28747982d656780ff5148eee384b4830293b266fc13,,
gaussian,iid,W,1.0,8.0,24.0,128.0,0.0,0.0,0.77,22.0,0.2246449788411458,ec3f68ecd9a01cbd07bc336f23befa6882e4f2b06dc38c605be5a8a6ded0f087,,
gaussian,iid,W,1.0,8.0,24.0,128.0,0.0,0.0,0.775,22.0,0.2756907145182292,46c7c0131eca7f444c3c412620af0a3acd933440866e3a3df2bbe73725897742,,
gaussian,iid,W,1.0,8.0,24.0,128.0,0.0,0.0,0.78,22.0,0.4638290405273437,0548ac16cee9845804d11a1a09c1b3766ecf2f9e6d49dd0b84c714e3db9a7c53,,
gaussian,iid,W,1.0,8.0,24.0,128.0,0.0,0.0,0.785,22.0,0.986658732096354,805efec394044f483b6c2b26de02ae1e76138a3e2e139332efad37bdf185fc82,,
gaussian,iid,W,1.0,8.0,24.0,128.0,0.0,0.0,0.79,22.0,0.9884414672851562,73168aceb0d2e7da3baa74ae616f93be76a29e29a3592ca7baa17b596ba4b41e,,
gaussian,iid,W,1.0,8.0,24.0,128.0,0.0,0.0,0.795,22.0,0.9888203938802084,09d9e0153ce230fba879480094847aa65e3d4c4e7d9705596ed84ec6ceaaec56,,
gaussian,iid,W,1.0,8.0,24.0,128.0,0.0,0.0,0.76,23.0,0.1054560343424479,43db40091ae9fe5c35daa2dd0b57e73311dec29f8dd1c3d83042ee0b93357cb1,,
gaussian,iid,W,1.0,8.0,24.0,128.0,0.0,0.0,0.765,23.0,0.3167953491210937,125bd7ea6cc22f1d757bf2816d65a91abd1ae2497855efb995d7582e983b8f87,,
gaussian,iid,W,1.0,8.0,24.0,128.0,0.0,0.0,0.77,23.0,0.3259785970052083,dcbd3359ac9935d6dfecec8b8aa7f458a7f56ffdcf9942d6b321948acaa93e0a,,
gaussian,iid,W,1.0,8.0,24.0,128.0,0.0,0.0,0.775,23.0,0.6004435221354166,d557f48b1da9a1b3110866ec321ba171e2a5b75165fb8ee16635a9910d6df1a9,,
gaussian,iid,W,1.0,8.0,24.0,128.0,0.0,0.0,0.78,23.0,0.6893081665039062,40d9f45426ddeb357e26c76166d14a12973108f67297d85bfc69f4ca7323dae2,,
gaussian,iid,W,1.0,8.0,24.0,128.0,0.0,0.0,0.785,23.0,0.6898117065429688,9b6bde65a325c153762bae9ed75444a46dbc3f381a1810ca680f04ff364d33ad,,
gaussian,iid,W,1.0,8.0,24.0,128.0,0.0,0.0,0.79,23.0,0.6912206013997396,9c8e60e81eba0be719425f74d86934843575f23c6eff033ebc689c1f3fe2499d,,
gaussian,iid,W,1.0,8.0,24.0,128.0,0.0,0.0,0.795,23.0,0.9893010457356772,d1200a15890809072654000a32f98b7401f9d432b9de5b7afb9c2710aa8d8dd7,,
gaussian,iid,W,1.0,8.0,24.0,128.0,0.0,0.0,0.76,24.0,0.0890986124674479,f360689bb63a132cfcbcaf4fcec7720f75518bcbc5e5ea44f21ed16263ac76ff,,
gaussian,iid,W,1.0,8.0,24.0,128.0,0.0,0.0,0.765,24.0,0.11822509765625,5390d5f64440e85cdc5a8bfb904089b44df23014105a311cb1a2b4d3fe5b1876,,
gaussian,iid,W,1.0,8.0,24.0,128.0,0.0,0.0,0.77,24.0,0.2289225260416666,c06230bb1fe154ade1253e7034ce421e9694e70bea96773456c0174af3113ffc,,
gaussian,iid,W,1.0,8.0,24.0,128.0,0.0,0.0,0.775,24.0,0.2471872965494791,23920aadafda45ebe748feda96b72d738f8fc61b3b42267bf5adcf4e0ccb0530,,
gaussian,iid,W,1.0,8.0,24.0,128.0,0.0,0.0,0.78,24.0,0.2573827107747395,a0e3a1de328978c48c1e0a825e5ec4ce08538ab168e8db5cf8339c553339e224,,
gaussian,iid,W,1.0,8.0,24.0,128.0,0.0,0.0,0.785,24.0,0.5333811442057291,db321c2a207cbf202e91d74cdbb6017e81f23060c81bdc9ec80f54c26f4039b0,,
gaussian,iid,W,1.0,8.0,24.0,128.0,0.0,0.0,0.79,24.0,0.5342458089192709,0849c3fb1d7ac9ac16927e8b0a4847d591dfe0d0c7d4079d5401f8775de05d6d,,
gaussian,iid,W,1.0,8.0,24.0,128.0,0.0,0.0,0.795,24.0,0.5275344848632812,dc1df58251149cf6f25e565a8df3f61357d7981f13fb437531f40dc7bf56950b,,
gaussian,iid,W,1.0,8.0,24.0,128.0,0.0,0.0,0.76,25.0,0.1160507202148437,92a979d3a7b2395211e16f81eab3c03418168135140c29d546e76a68168c1edd,,
gaussian,iid,W,1.0,8.0,24.0,128.0,0.0,0.0,0.765,25.0,0.1443557739257812,355113d259127e4bfa512812263a1d4f7ac30736d3b33ff2dee776d9eac4ae14,,
gaussian,iid,W,1.0,8.0,24.0,128.0,0.0,0.0,0.77,25.0,0.2217890421549479,59ba8906998800b4cecea58d44fe8acff94ec27be28560eb7eff0ae2c3cd8b69,,
gaussian,iid,W,1.0,8.0,24.0,128.0,0.0,0.0,0.775,25.0,0.2130457560221354,795a2aaa7fa2a36d012e1a5fc4c00afa5fcb1c57fa2cb2e50594ec0e9866738f,,
gaussian,iid,W,1.0,8.0,24.0,128.0,0.0,0.0,0.78,25.0,0.4608561197916667,61a38a64524f84e60d12db4da82d22c8ca318c190d18a8ba13e6b0b988c25e13,,
gaussian,iid,W,1.0,8.0,24.0,128.0,0.0,0.0,0.785,25.0,0.7956593831380209,33bf8ee8383569f150971cf996acd04d9c9fa8e34c0a808af93fedb58a007c7f,,
gaussian,iid,W,1.0,8.0,24.0,128.0,0.0,0.0,0.79,25.0,0.8029301961263021,14e5f696fa4d3600b30d583c47dffc3eeedb38dca703bdbd552320d212c99cc1,,
gaussian,iid,W,1.0,8.0,24.0,128.0,0.0,0.0,0.795,25.0,0.8036855061848959,acf849ae70a71cc12a20522941121817fd5f2982becd09d8a188522ca6e45190,,
gaussian,iid,W,1.0,8.0,24.0,128.0,0.0,0.0,0.76,26.0,0.111053466796875,f4c33c3983c354669cb5e68ad08dacb4ffb3f62b168d66d887c4faa26949b6c1,,
gaussian,iid,W,1.0,8.0,24.0,128.0,0.0,0.0,0.765,26.0,0.1147079467773437,4c595871dd4e44f282ee5c49248058275b1098ad7508d19ced29ab25a628dafc,,
gaussian,iid,W,1.0,8.0,24.0,128.0,0.0,0.0,0.77,26.0,0.1638158162434896,8636d32c33ff5fdde9004250e903f9d7dcef96ce90482b40cd1eaa46eff4b2e5,,
gaussian,iid,W,1.0,8.0,24.0,128.0,0.0,0.0,0.775,26.0,0.245391845703125,d54dc5ab3e5b4a3c9567aba923e2e235b28f16f61d30590a4a095067490c5911,,
gaussian,iid,W,1.0,8.0,24.0,128.0,0.0,0.0,0.78,26.0,0.425763448079427,22d50dd5c52f84f0dfde28710b28b3bbde9d41e8c42d4c69d25d98e972b47b72,,
gaussian,iid,W,1.0,8.0,24.0,128.0,0.0,0.0,0.785,26.0,0.4985555013020833,c3ed7974a94c6ce0171a529c37d3109b66469390a5b2b6e05619b6f7bd3f5b0b,,
gaussian,iid,W,1.0,8.0,24.0,128.0,0.0,0.0,0.79,26.0,0.9870274861653646,c34ae853877b51be552344b14f36820bc979bb4367638408be3df870b5bdcc92,,
gaussian,iid,W,1.0,8.0,24.0,128.0,0.0,0.0,0.795,26.0,0.987439473470052,f8efd43184be0bc5d70e9274e2137113ea7801dbbeadee74ce5ee02987bdd038,,
gaussian,iid,W,1.0,8.0,24.0,128.0,0.0,0.0,0.76,27.0,0.1202392578125,defff52c55c2fe58145bb719b1f8a8a3d02719bf1ce43681df19c86337f45db0,,
gaussian,iid,W,1.0,8.0,24.0,128.0,0.0,0.0,0.765,27.0,0.2942097981770833,d7b53c45bef48c14e2f0a15fd6e9cae5d54c85b1e5869cad70718fa6dadf8c66,,
gaussian,iid,W,1.0,8.0,24.0,128.0,0.0,0.0,0.77,27.0,0.4846649169921875,76affaddf13ac6247ffc032d1e8544d9cca30a47ded2bd13e0da13ea824f1391,,
gaussian,iid,W,1.0,8.0,24.0,128.0,0.0,0.0,0.775,27.0,0.7311070760091146,c84a31f800c0cd5719b7b200011e53d64b081f1fbab8a0bb4a43fdadfea12117,,
gaussian,iid,W,1.0,8.0,24.0,128.0,0.0,0.0,0.78,27.0,0.9879328409830728,5cbedbf22c5664da3e83018b2dac29934ea88b96960cf7d59e40c0decd972d89,,
gaussian,iid,W,1.0,8.0,24.0,128.0,0.0,0.0,0.785,27.0,0.9887644449869792,1499e7e67ba954deeef409db762dce1aa3e7d97970bf859f93825a0189fe9343,,
gaussian,iid,W,1.0,8.0,24.0,128.0,0.0,0.0,0.79,27.0,0.989270528157552,fa0ceadc79b65e390e141466c2766924006cd7f9ddde743f4693a1ce201c58ed,,
gaussian,iid,W,1.0,8.0,24.0,128.0,0.0,0.0,0.795,27.0,0.9894307454427084,f971c1c73add6dac69e20bfdfd6b789c54cb0ae73b03d42413e839d87201c169,,
gaussian,iid,W,1.0,8.0,24.0,128.0,0.0,0.0,0.76,28.0,0.1648279825846354,5c1842888e75085029e274ad03181e434b3d4e3928f17e03cbbbfd205166bbce,,
gaussian,iid,W,1.0,8.0,24.0,128.0,0.0,0.0,0.765,28.0,0.354749043782552,6f23e84923581601d41d57685d5220b25eb023f1070594f3121f61fbaa228146,,
gaussian,iid,W,1.0,8.0,24.0,128.0,0.0,0.0,0.77,28.0,0.3668238321940104,d946ef4b1978dd0d6088844fc12dbe7a743b9cceea3dca8a42b366fe11d2c8a3,,
gaussian,iid,W,1.0,8.0,24.0,128.0,0.0,0.0,0.775,28.0,0.4653116861979167,8c411ce710f9d9ba47be1a79fa933f296df46670888c913bb3315fea7b3a213c,,
gaussian,iid,W,1.0,8.0,24.0,128.0,0.0,0.0,0.78,28.0,0.4671732584635417,64560d8aad8926149a1cef8569b287824cb42c4380be8ce3c73e055a5a169d2a,,
gaussian,iid,W,1.0,8.0,24.0,128.0,0.0,0.0,0.785,28.0,0.9847030639648438,63906a4fe25a4b70a271f70554d724ab68f1f43c70723decb2901b6a5d4d0c5c,,
gaussian,iid,W,1.0,8.0,24.0,128.0,0.0,0.0,0.79,28.0,0.9858907063802084,8e410c903972e1e9877bc4195426814832f87ff3c0196fd391570fca3237244b,,
gaussian,iid,W,1.0,8.0,24.0,128.0,0.0,0.0,0.795,28.0,0.972363789876302,9ef7588afa8cc8aa885a15d8e0c6ce2156c58f6c80f2974e60bbf34676c14acc,,
gaussian,iid,W,1.0,8.0,24.0,128.0,0.0,0.0,0.76,29.0,0.0800450642903645,4b781bd5b82bba38addc26a1c0c435f316cfef3d7544e141b8c32b71206725e9,,
gaussian,iid,W,1.0,8.0,24.0,128.0,0.0,0.0,0.765,29.0,0.0851236979166666,09588e21a497c415dea4168cceaacd5dd7021f4a304c6fbaa5c7dbb921ae2029,,
gaussian,iid,W,1.0,8.0,24.0,128.0,0.0,0.0,0.77,29.0,0.1474355061848958,be369097615e8b306819fa77cb036886fe4c0c863664e6d1f6cf306d998ff006,,
gaussian,iid,W,1.0,8.0,24.0,128.0,0.0,0.0,0.775,29.0,0.16339111328125,94e426c5ca876375ab790ba87db7159f1e34b2c025ca1024be699014759783f8,,
gaussian,iid,W,1.0,8.0,24.0,128.0,0.0,0.0,0.78,29.0,0.7847137451171875,d6a8e9b2d8a38c7e51eb762df6c8c8f71b276e025137d3952115080a791f4435,,
gaussian,iid,W,1.0,8.0,24.0,128.0,0.0,0.0,0.785,29.0,0.7849273681640625,f7b9fb3a60ea9f45af198e4b5ad4f86c7c1fbf10f4f20ad8b6c1d040494f732b,,
gaussian,iid,W,1.0,8.0,24.0,128.0,0.0,0.0,0.79,29.0,0.9885838826497396,d7544c8e114f629d69ebc3203534572c2294099e55166c0a67c31f3f90524bf2,,
gaussian,iid,W,1.0,8.0,24.0,128.0,0.0,0.0,0.795,29.0,0.9888916015625,fbace631d1eb52f19ed3244d3ac167850125b1d1ab0c5ba0264427a0011da258,,
gaussian,iid,W,1.0,8.0,24.0,128.0,0.0,0.0,0.76,30.0,0.1015599568684895,5aaa15b5d0ba727d597cef6d6a4443fd3f3f8c8e004c8b43c296f2af43346bb2,,
gaussian,iid,W,1.0,8.0,24.0,128.0,0.0,0.0,0.765,30.0,0.1529897054036458,746fbd7266cbe0b4f7656a6cfc7c3b7ab34838575ce08e33a273f4618cd257e0,,
gaussian,iid,W,1.0,8.0,24.0,128.0,0.0,0.0,0.77,30.0,0.2561009724934895,ad04a628d491b4c272b9644cd9a43060053a616d76d89472b7f7636895a73264,,
gaussian,iid,W,1.0,8.0,24.0,128.0,0.0,0.0,0.775,30.0,0.4015146891276042,72d471720df0515c283c6bf81b521ae055d56113c6bb361c397d749889985a7f,,
gaussian,iid,W,1.0,8.0,24.0,128.0,0.0,0.0,0.78,30.0,0.4630381266276042,3e39571aa0eb2c7dfa37910861477ccd730b579907a3fbe926802b320b363994,,
gaussian,iid,W,1.0,8.0,24.0,128.0,0.0,0.0,0.785,30.0,0.9869435628255208,d029b45935901bbdda9124db9bcee566bf35553e81f9f6ac13a427a9d3d75cf1,,
gaussian,iid,W,1.0,8.0,24.0,128.0,0.0,0.0,0.79,30.0,0.988477071126302,a8ba7e0d092a72b987d9c2f0d5c6f12eb1cc8e5726de8e1182dfc2aab46cc93b,,
gaussian,iid,W,1.0,8.0,24.0,128.0,0.0,0.0,0.795,30.0,0.9885457356770834,080755f8ac0992282f3274973edb5d59948ccbf9400d6209a50de05d15998c28,,
gaussian,iid,W,1.0,8.0,24.0,128.0,0.0,0.0,0.76,31.0,0.2097702026367187,847bec0794fae4bb9a68745fdaf257669910eaadbb675737bcd050cef9712974,,
gaussian,iid,W,1.0,8.0,24.0,128.0,0.0,0.0,0.765,31.0,0.2273000081380208,bab51c6683434b3fba6405d9373afe933386ddb4d1790735a231cedf00c35663,,
gaussian,iid,W,1.0,8.0,24.0,128.0,0.0,0.0,0.77,31.0,0.324249267578125,062c9905a846c45a016cd3ff8e8b31f2488a46a9a20b5a5edbe26d783913f189,,
gaussian,iid,W,1.0,8.0,24.0,128.0,0.0,0.0,0.775,31.0,0.5618387858072916,d7e8877ec8bc50029db74a75b934f2487984704d37cf5856b6534895c08fd4ab,,
gaussian,iid,W,1.0,8.0,24.0,128.0,0.0,0.0,0.78,31.0,0.494244893391927,a9a295479573ec570b1126d3b03f3809da84fccdcfa781ecf5dcb53ff362ef7b,,
gaussian,iid,W,1.0,8.0,24.0,128.0,0.0,0.0,0.785,31.0,0.9883880615234376,46ec8b05b681568e3cf49f9f2a53ba86686e9c60edc23deb82ae565446af3b7d,,
gaussian,iid,W,1.0,8.0,24.0,128.0,0.0,0.0,0.79,31.0,0.9864349365234376,82f6bd57d0ed3438bf2987eef12e7ec81b5d3c9c63da2784ec2f730609e5670d,,
gaussian,iid,W,1.0,8.0,24.0,128.0,0.0,0.0,0.795,31.0,0.9910990397135416,0a903a5814fb4aa3c58a551ab20972c7bed97d292fe0fc13fdadaa25f38b3df3,,
gaussian,iid,W,1.0,12.0,24.0,128.0,0.0,0.0,0.69623302,0.0,0.1368967692057291,1392df4435ea8d4c007fc197772aa99e088b4c296e9f905cab9f2fdfc4175adf,15506154925558610170,16749696641006981035
gaussian,iid,W,1.0,12.0,24.0,128.0,0.0,0.0,0.69873496,0.0,0.1381429036458333,a64306b76a533e11242cfb024e8c381fdc90007ca9a36ab0600ad991948cc0a0,15506154925558610170,16749696641006981035
gaussian,iid,W,1.0,12.0,24.0,128.0,0.0,0.0,0.7012369,0.0,0.1388931274414062,37b974b227a3012ef2b716b069a217f20e70d08ac62e5e8e82ae07bd9a0c4097,15506154925558610170,16749696641006981035
gaussian,iid,W,1.0,12.0,24.0,128.0,0.0,0.0,0.70373883,0.0,0.1407546997070312,44c5a7f1214bfa405b969411622d6a4cce69d21046688fad1240544c96c6f2dd,15506154925558610170,16749696641006981035
gaussian,iid,W,1.0,12.0,24.0,128.0,0.0,0.0,0.70624077,0.0,0.3354237874348958,91316a3815e01577c7f914a6699cb99ec825fd4ce61aa9c993bd43004c108b4d,15506154925558610170,16749696641006981035
gaussian,iid,W,1.0,12.0,24.0,128.0,0.0,0.0,0.70874271,0.0,0.3356857299804687,35c88a05705983dce14bd7d8fb58d92db9308e7f0cf4e1c0a1ec14aaca206afe,15506154925558610170,16749696641006981035
gaussian,iid,W,1.0,12.0,24.0,128.0,0.0,0.0,0.71124464,0.0,0.3766403198242187,5bc9d865a15f68201be2215725a93456ceb4c1cd2c281d421a6d9150df4abb55,15506154925558610170,16749696641006981035
gaussian,iid,W,1.0,12.0,24.0,128.0,0.0,0.0,0.71374658,0.0,0.7409515380859375,f0a9ab8d9d4bee76d5a1f2d02cca5fe3e9126da9ec8034d8948acf639fff8ab3,15506154925558610170,16749696641006981035
gaussian,iid,W,1.0,12.0,24.0,128.0,0.0,0.0,0.71624852,0.0,0.7410812377929688,3ec6ecbc558aa14570b7f6fe6786bd1aff8057ebc3bdf1d8f5a1a9bb0be20fcc,15506154925558610170,16749696641006981035
gaussian,iid,W,1.0,12.0,24.0,128.0,0.0,0.0,0.71875045,0.0,0.7412007649739584,5033ca5b566649c3e1cbd571319419f2cf7db8c5b885d2c6c64d8d9a9faccf5d,15506154925558610170,16749696641006981035
gaussian,iid,W,1.0,12.0,24.0,128.0,0.0,0.0,0.72125239,0.0,0.7414906819661459,f0182648503f2d9c6424caafd6097ed83989429f2344c50ac909b8ade6206503,15506154925558610170,16749696641006981035
gaussian,iid,W,1.0,12.0,24.0,128.0,0.0,0.0,0.72375433,0.0,0.7413889567057291,5b4ab125cfc68f288493a005e29a3cd1aac1ca7e31480688b67f79918772190d,15506154925558610170,16749696641006981035
gaussian,iid,W,1.0,12.0,24.0,128.0,0.0,0.0,0.72625626,0.0,0.7415847778320312,59e2dc91cabbad2e13aefb0405a76ccf081ac7ceedb5fe7fdff1b71f90494a83,15506154925558610170,16749696641006981035
gaussian,iid,W,1.0,12.0,24.0,128.0,0.0,0.0,0.7287582,0.0,0.7418187459309896,f5f933d423945c9918f77d039226387a13c07494f3442daf803b64861ed5ffb1,15506154925558610170,16749696641006981035
gaussian,iid,W,1.0,12.0,24.0,128.0,0.0,0.0,0.73126014,0.0,0.9942474365234376,c36914519082576f6c9ad55a8727d2d64b83f5d5d91301b36127c2a569ada72c,15506154925558610170,16749696641006981035
gaussian,iid,W,1.0,12.0,24.0,128.0,0.0,0.0,0.73376207,0.0,0.9947840372721354,90b575a06a2011494d5bd5c8664ac02c1d38389e4ddbf1c812ba32e5f4e62b8d,15506154925558610170,16749696641006981035
gaussian,iid,W,1.0,12.0,24.0,128.0,0.0,0.0,0.71689453,0.0,0.7410990397135416,314d3e63ade7089d1706410691cd06fa5a1338cac5468a356da932f64b3a1dbc,15506154925558610170,16749696641006981035
gaussian,iid,W,1.0,12.0,24.0,128.0,0.0,0.0,0.71749948,0.0,0.7411346435546875,ff2691918774f0a0aa0c79eba747de290c56490fd78278771b62137e68749530,15506154925558610170,16749696641006981035
gaussian,iid,W,1.0,12.0,24.0,128.0,0.0,0.0,0.71835938,0.0,0.7411931355794271,e4b1762df166aeabfba8ccabe27fd4f956dddbca164a5b0847adcb3ca7beaba2,15506154925558610170,16749696641006981035
gaussian,iid,W,1.0,12.0,24.0,128.0,0.0,0.0,0.71933594,0.0,0.7412058512369791,d08e0c3c6e412a850f683ea5f41276dc0dfe0e7fda76fd972758833cc89a8759,15506154925558610170,16749696641006981035
gaussian,iid,W,1.0,12.0,24.0,128.0,0.0,0.0,0.72000142,0.0,0.7412134806315104,b3cf92dcb5fdf3629f4d1b727cc025402de66ad2be2d3e22f41e52384a99f8b7,15506154925558610170,16749696641006981035
gaussian,iid,W,1.0,12.0,24.0,128.0,0.0,0.0,0.72080078,0.0,0.7414779663085938,6105d539876f53b42760623ace5493115a409738b1f40169d842c7db9209c6fd,15506154925558610170,16749696641006981035
gaussian,iid,W,1.0,12.0,24.0,128.0,0.0,0.0,0.72421875,0.0,0.7415135701497396,3a6bd54d22b6b48eb4d5737123ed38702e4178c7818cc18b8dce809624e78aaf,15506154925558610170,16749696641006981035
gaussian,iid,W,1.0,12.0,24.0,128.0,0.0,0.0,0.72500529,0.0,0.7415568033854166,e5249609b2da7a8bb0b08685977f1e94612587736532431337e47bab2dfc3b2a,15506154925558610170,16749696641006981035
gaussian,iid,W,1.0,12.0,24.0,128.0,0.0,0.0,0.72568359,0.0,0.7415695190429688,1b6fd107912e1c877f1258d490728915a69c0dbb234254f48d3f167e9fd3b168,15506154925558610170,16749696641006981035
gaussian,iid,W,1.0,12.0,24.0,128.0,0.0,0.0,0.70248787,0.0,0.1389516194661458,95490153ec71135169dfc7cc65dea6b833b0431f053b5c8e6fa9dbb8477a1970,15506154925558610170,16749696641006981035
gaussian,iid,W,1.0,12.0,24.0,128.0,0.0,0.0,0.70273438,0.0,0.1389592488606771,1fb970679de517694802de5eb97ee10d4d29a06ed9ce0021fed40eb99de00ef3,15506154925558610170,16749696641006981035
gaussian,iid,W,1.0,12.0,24.0,128.0,0.0,0.0,0.70322266,0.0,0.1407318115234375,090aa27fb3dfeee786a8e6b5ce426868c6dc885c0a0183459980b19101d4bd9b,15506154925558610170,16749696641006981035
gaussian,iid,W,1.0,12.0,24.0,128.0,0.0,0.0,0.71152344,0.0,0.3767267862955729,a13a924c1e1c2970e2940da40502aa110af404104122b2c4ee399813b79dca57,15506154925558610170,16749696641006981035
gaussian,iid,W,1.0,12.0,24.0,128.0,0.0,0.0,0.71201172,0.0,0.3767369588216145,4b2ae2a5f49a0de7ece39640fbba1b57f3aa8fc53697401be885ada6db4a9b9b,15506154925558610170,16749696641006981035
gaussian,iid,W,1.0,12.0,24.0,128.0,0.0,0.0,0.71787109,0.0,0.7411524454752604,f7a5427d86ba839546d312cf3e77c3015da77aef4f20701de6e53d525563f2c3,15506154925558610170,16749696641006981035
gaussian,iid,W,1.0,12.0,24.0,128.0,0.0,0.0,0.7203125,0.0,0.7414779663085938,da09db4f53b5f5e1a3a7ff25c2bc8be19ff8ce094ed0531ff4cebf2e9b2bf7bb,15506154925558610170,16749696641006981035
gaussian,iid,W,1.0,12.0,24.0,128.0,0.0,0.0,0.72470703,0.0,0.7415491739908854,48e60768a890c69b10ad8722bb6927e6a62a0affdf5251d49ededc1963616367,15506154925558610170,16749696641006981035
gaussian,iid,W,1.0,12.0,24.0,128.0,0.0,0.0,0.69623302,1.0,0.1390864054361979,edea569e9f9a4d1dccaaf0b37905c1e24c58d9f160354a9ff3406e110fe7c929,6707926605311897852,5799880411292779401
gaussian,iid,W,1.0,12.0,24.0,128.0,0.0,0.0,0.69873496,1.0,0.1440658569335937,5152c7280fb11d8603ed8beee18665e1a54cdabf9a2a05e4ddf5a21a7d4ed796,6707926605311897852,5799880411292779401
gaussian,iid,W,1.0,12.0,24.0,128.0,0.0,0.0,0.7012369,1.0,0.1444117228190104,c7e77f33bc48c7e8ce2ed6407b06f3039f2396c91afb40ea714bf4db3f5c1642,6707926605311897852,5799880411292779401
gaussian,iid,W,1.0,12.0,24.0,128.0,0.0,0.0,0.70373883,1.0,0.1453374226888021,40616a2be65189d7f0d0e3c9b82d697aed0490449d9f315d5edeab3acb60d281,6707926605311897852,5799880411292779401
gaussian,iid,W,1.0,12.0,24.0,128.0,0.0,0.0,0.70624077,1.0,0.2259674072265625,b006b691e6573d7e0e588b1adda79e8897e5716b5dc1e95ebac4b1d04915a9bc,6707926605311897852,5799880411292779401
gaussian,iid,W,1.0,12.0,24.0,128.0,0.0,0.0,0.70874271,1.0,0.2264226277669271,36dec35fc5accd327f590ce6777900b63ca53b9f11d1ee52b5594a824f6de3ff,6707926605311897852,5799880411292779401
gaussian,iid,W,1.0,12.0,24.0,128.0,0.0,0.0,0.71124464,1.0,0.3876800537109375,7de80a8c4a298382770d07015667f608c0106fe04986cb50dcff9c4e491dd8c4,6707926605311897852,5799880411292779401
gaussian,iid,W,1.0,12.0,24.0,128.0,0.0,0.0,0.71374658,1.0,0.6033732096354166,a10da39692a5d7217c8527937e58a9dce1a379e6ddf0f8e149677b784a7d742f,6707926605311897852,5799880411292779401
gaussian,iid,W,1.0,12.0,24.0,128.0,0.0,0.0,0.71624852,1.0,0.6079889933268229,f3d582a0e76c0fbc65f548ead6b2d0efd5790e423c142d2ab17819a3e980e5b3,6707926605311897852,5799880411292779401
gaussian,iid,W,1.0,12.0,24.0,128.0,0.0,0.0,0.71875045,1.0,0.7428258260091146,088c42fae84768727424cae477ed5c4e3ac10956394a693af95512a475aea625,6707926605311897852,5799880411292779401
gaussian,iid,W,1.0,12.0,24.0,128.0,0.0,0.0,0.72125239,1.0,0.744781494140625,b7f20d69ca25b34e4d923f98bf85a84ae45f86a91ccbdb2136fb3760e205f0cd,6707926605311897852,5799880411292779401
gaussian,iid,W,1.0,12.0,24.0,128.0,0.0,0.0,0.72375433,1.0,0.8541361490885416,d23feb90ffb8a44188d29d9dd7bc32e3529c469547505c7019b495003cac0436,6707926605311897852,5799880411292779401
gaussian,iid,W,1.0,12.0,24.0,128.0,0.0,0.0,0.72625626,1.0,0.982457478841146,e9a6f27ba029884522c754f706b9cb1b8dd743d8b652179f3ee5e97a464748a8,6707926605311897852,5799880411292779401
gaussian,iid,W,1.0,12.0,24.0,128.0,0.0,0.0,0.7287582,1.0,0.9829152425130208,d650376d4ab0ff7f07f2cc5f3bc8584e821b53bc466c36b2e8593a2e2a0c1214,6707926605311897852,5799880411292779401
gaussian,iid,W,1.0,12.0,24.0,128.0,0.0,0.0,0.73126014,1.0,0.9830474853515624,91df087acc8007484a4d6b9e2652d536eb3c239c42a24562390673e239bd5a79,6707926605311897852,5799880411292779401
gaussian,iid,W,1.0,12.0,24.0,128.0,0.0,0.0,0.73376207,1.0,0.9921061197916666,0f1a559574e3de9495fefe290beb570c147ab888b8e45bac77ecaf80fcf19127,6707926605311897852,5799880411292779401
gaussian,iid,W,1.0,12.0,24.0,128.0,0.0,0.0,0.71689453,1.0,0.6081008911132812,283c43539b1cc7e3a93c6ec589cb3e96f203880898df2fadaabcb565e9652713,6707926605311897852,5799880411292779401
gaussian,iid,W,1.0,12.0,24.0,128.0,0.0,0.0,0.71749948,1.0,0.7426681518554688,0918939fc94247cd2bbd7112131f8b84dc80517e38d764eb55575c5e7b73e435,6707926605311897852,5799880411292779401
gaussian,iid,W,1.0,12.0,24.0,128.0,0.0,0.0,0.71835938,1.0,0.7427037556966146,ee844cb684dece4b6be988ad172efe05e7b5f7aa805d62d3e9db328369ddc750,6707926605311897852,5799880411292779401
gaussian,iid,W,1.0,12.0,24.0,128.0,0.0,0.0,0.71933594,1.0,0.7445551554361979,14fc5840fda12c5397fea6c8e7491b8ea080ef36facf52f784072406051bde0f,6707926605311897852,5799880411292779401
gaussian,iid,W,1.0,12.0,24.0,128.0,0.0,0.0,0.72000142,1.0,0.7447280883789062,50e4f40b1443f8a6aa5845806790c4bc8f98daf8b749fdff26689a17e899bea2,6707926605311897852,5799880411292779401
gaussian,iid,W,1.0,12.0,24.0,128.0,0.0,0.0,0.72080078,1.0,0.7447738647460938,4abc96139da5832d571c30e06e2adf8b753e21875cdfe824b8cade4d34af16c4,6707926605311897852,5799880411292779401
gaussian,iid,W,1.0,12.0,24.0,128.0,0.0,0.0,0.72421875,1.0,0.8541488647460938,a087693f5b0eb9a8bcbbb60497b73a3a6829755b8119c7750035b1db5d5cca92,6707926605311897852,5799880411292779401
gaussian,iid,W,1.0,12.0,24.0,128.0,0.0,0.0,0.72500529,1.0,0.8544642130533854,a12c8769949c12c53361a8aee44ad28b697123da1ba178ab790c9b7aef65e436,6707926605311897852,5799880411292779401
gaussian,iid,W,1.0,12.0,24.0,128.0,0.0,0.0,0.72568359,1.0,0.9813385009765624,65886e1a70ea6acdd1c5724e720fea5c3235e4cf25a26503b33a536c31bd31d1,6707926605311897852,5799880411292779401
gaussian,iid,W,1.0,12.0,24.0,128.0,0.0,0.0,0.70248787,1.0,0.1448567708333333,709e085d54f6878402be961f4a268f79114d963c762b4a51289a7824f4c27b0b,6707926605311897852,5799880411292779401
gaussian,iid,W,1.0,12.0,24.0,128.0,0.0,0.0,0.70273438,1.0,0.1449178059895833,fd988b435c948319ec7b778885b69b82f08f04daa81f05ba39f27e72daf74ca3,6707926605311897852,5799880411292779401
gaussian,iid,W,1.0,12.0,24.0,128.0,0.0,0.0,0.70322266,1.0,0.1450220743815104,a0c67847d5ae9ea25c75d5cae45907fe62a62d4aba84b50fcbad18bb93ce46e9,6707926605311897852,5799880411292779401
gaussian,iid,W,1.0,12.0,24.0,128.0,0.0,0.0,0.71152344,1.0,0.3876876831054687,2f288d0eb8f57feda93b6e1844539bec8c866c62ca2c4224bcab774a27394ca3,6707926605311897852,5799880411292779401
gaussian,iid,W,1.0,12.0,24.0,128.0,0.0,0.0,0.71201172,1.0,0.3877512613932292,c56e5fa96df386bfa92890d04c29ccc4b21d982a20d4604ecb61d3b6cee5dd32,6707926605311897852,5799880411292779401
gaussian,iid,W,1.0,12.0,24.0,128.0,0.0,0.0,0.71787109,1.0,0.7426935831705729,fd12be95d6f9653d913ea99babf8159aac58bce466e856b7f29cdfe8f8b4372f,6707926605311897852,5799880411292779401
gaussian,iid,W,1.0,12.0,24.0,128.0,0.0,0.0,0.7203125,1.0,0.7447713216145834,e8ea573791fda1a240b84972e70ccb55e066cc8af36e58eccbc756e603fb678a,6707926605311897852,5799880411292779401
gaussian,iid,W,1.0,12.0,24.0,128.0,0.0,0.0,0.72470703,1.0,0.8541615804036459,459088faaa858876342da64606e1df101c45931b46c637d8afd3fb3e2babb850,6707926605311897852,5799880411292779401
gaussian,iid,W,1.0,12.0,24.0,128.0,0.0,0.0,0.69623302,2.0,0.0686798095703125,2084b0c1a5c9dfc88578e23e98db54be39daec743fdc977f82012ebac0fdaa19,12761281242282232449,15259222213822858812
gaussian,iid,W,1.0,12.0,24.0,128.0,0.0,0.0,0.69873496,2.0,0.0728022257486979,4acffc076836d930233220d4cb1771298643f148fc294a4cf27cfa3990ffd709,12761281242282232449,15259222213822858812
gaussian,iid,W,1.0,12.0,24.0,128.0,0.0,0.0,0.7012369,2.0,0.1489817301432291,5b20af82c99b973ac1dc74e41e6cb8d73e72c022b6528b19eb25ba8177da7eaa,12761281242282232449,15259222213822858812
gaussian,iid,W,1.0,12.0,24.0,128.0,0.0,0.0,0.70373883,2.0,0.1495208740234375,70f1423c3ed24490178c15fc77c06136d2ce2cf603d17c094daf2ca576c7ebc6,12761281242282232449,15259222213822858812
gaussian,iid,W,1.0,12.0,24.0,128.0,0.0,0.0,0.70624077,2.0,0.263715108235677,9a74f97977cad4dceca2e7b8e26199a162bf5b1d1745505571b667f886051c5d,12761281242282232449,15259222213822858812
gaussian,iid,W,1.0,12.0,24.0,128.0,0.0,0.0,0.70874271,2.0,0.4270884195963542,170c89283c73e39e09a1a5c971433abfa796a7b553dc99e51fa2c61b17e88798,12761281242282232449,15259222213822858812
gaussian,iid,W,1.0,12.0,24.0,128.0,0.0,0.0,0.71124464,2.0,0.4272918701171875,0843f490eb7817bc25530b08387f6d12e4536a2e09231af8b86a3f6e525d6b47,12761281242282232449,15259222213822858812
gaussian,iid,W,1.0,12.0,24.0,128.0,0.0,0.0,0.71374658,2.0,0.4636510213216145,657117f6c3812aa199d57c8aa9db5d325f76864aaad6bff649a3219dd490f297,12761281242282232449,15259222213822858812
gaussian,iid,W,1.0,12.0,24.0,128.0,0.0,0.0,0.71624852,2.0,0.4642384847005208,8d4b47e6bb42917f4fd9eca71f86f041f7f66d58230121783b052b57251bc7aa,12761281242282232449,15259222213822858812
gaussian,iid,W,1.0,12.0,24.0,128.0,0.0,0.0,0.71875045,2.0,0.5391616821289062,85907725d8cf4255b523de7a8ae535ac30d068631648ccb999b9afa71f180d71,12761281242282232449,15259222213822858812
gaussian,iid,W,1.0,12.0,24.0,128.0,0.0,0.0,0.72125239,2.0,0.9926376342773438,252294395a2fa3b68ed517d2e1287d3e00737d5077dd8958dd402402afe791de,12761281242282232449,15259222213822858812
gaussian,iid,W,1.0,12.0,24.0,128.0,0.0,0.0,0.72375433,2.0,0.9926732381184896,381fd28a2a430a45ef850f161371d943655bbfe1515af4538f7852dc595ee505,12761281242282232449,15259222213822858812
gaussian,iid,W,1.0,12.0,24.0,128.0,0.0,0.0,0.72625626,2.0,0.9927571614583334,4a8378090ee36674e856070b30ee1153d4dec5274a3089b14c429e1d0d7e09fa,12761281242282232449,15259222213822858812
gaussian,iid,W,1.0,12.0,24.0,128.0,0.0,0.0,0.7287582,2.0,0.9929021199544272,8503437eb38b0db3b21b88501648e09cf824216f42fd007ffefa6723a2fd175c,12761281242282232449,15259222213822858812
gaussian,iid,W,1.0,12.0,24.0,128.0,0.0,0.0,0.73126014,2.0,0.9937540690104166,c7e273c2dd1bdf12f7b6800d6a8530c03ffdb2af7acc54e8363b0a84b5cdbe69,12761281242282232449,15259222213822858812
gaussian,iid,W,1.0,12.0,24.0,128.0,0.0,0.0,0.73376207,2.0,0.9940465291341146,87d22c307ceed0f2ad84d37bb2635bb46b821ee5967cc7699c1557a69e2e6fa4,12761281242282232449,15259222213822858812
gaussian,iid,W,1.0,12.0,24.0,128.0,0.0,0.0,0.71689453,2.0,0.538909912109375,4ac3370589392a13031cfc65a4213db5fbfc7b1d263c35a764147c7379646444,12761281242282232449,15259222213822858812
gaussian,iid,W,1.0,12.0,24.0,128.0,0.0,0.0,0.71749948,2.0,0.5391616821289062,9ccad50455a01325dcdc395bbf74bfbd74a313349b82303c8b1240856f140f7b,12761281242282232449,15259222213822858812
gaussian,iid,W,1.0,12.0,24.0,128.0,0.0,0.0,0.71835938,2.0,0.5391565958658854,702ee81b9703973063698e3fbf2e4a04d50f5cdd0f1a129fd8c82ebc5537a172,12761281242282232449,15259222213822858812
gaussian,iid,W,1.0,12.0,24.0,128.0,0.0,0.0,0.71933594,2.0,0.985565185546875,0a2832ed58665383c62906b3d92ca3e190aba404d9e7a07ba1aace54356a7b2b,12761281242282232449,15259222213822858812
gaussian,iid,W,1.0,12.0,24.0,128.0,0.0,0.0,0.72000142,2.0,0.986376444498698,248c642e6ffa77d2bce64190600ebe63ef4cc793dc6bc5712945b4fafd04a25d,12761281242282232449,15259222213822858812
gaussian,iid,W,1.0,12.0,24.0,128.0,0.0,0.0,0.72080078,2.0,0.9925918579101562,8f66204c0676649f51b7f43d6491c53dc600afecd655ca62395a4be863ffeb21,12761281242282232449,15259222213822858812
gaussian,iid,W,1.0,12.0,24.0,128.0,0.0,0.0,0.72421875,2.0,0.9926910400390624,3d73e30782041a79e0a9f366ef5ef9702fb2fa15b88866ec1ddf55e3b7013431,12761281242282232449,15259222213822858812
gaussian,iid,W,1.0,12.0,24.0,128.0,0.0,0.0,0.72500529,2.0,0.9927164713541666,b876384fe32a5a89e0cedd6ba7e4f1306d926d0af529901e5e3a1bcd55bc6f06,12761281242282232449,15259222213822858812
gaussian,iid,W,1.0,12.0,24.0,128.0,0.0,0.0,0.72568359,2.0,0.9927291870117188,3eb7ed9b183fc51c58f7e78f539eab12999ca1c6c8012c68c7d403658fc31eb1,12761281242282232449,15259222213822858812
gaussian,iid,W,1.0,12.0,24.0,128.0,0.0,0.0,0.70248787,2.0,0.1490987141927083,2442dd759949a212dcdb9a9bd15a8e1f65774ee5ef1b66f1b9eb3bf9e4d65fca,12761281242282232449,15259222213822858812
gaussian,iid,W,1.0,12.0,24.0,128.0,0.0,0.0,0.70273438,2.0,0.1493631998697916,fc1ca37a0e1150aa04842d07e4a02795e5519b4a17ff5335b5c969ee65a2b679,12761281242282232449,15259222213822858812
gaussian,iid,W,1.0,12.0,24.0,128.0,0.0,0.0,0.70322266,2.0,0.1493911743164062,6ad8399b87f670de5f806eed2b3425146426fa4f5cf7d73d09ff7912e828bb80,12761281242282232449,15259222213822858812
gaussian,iid,W,1.0,12.0,24.0,128.0,0.0,0.0,0.71152344,2.0,0.4273274739583333,539b691743b8d482faaf9b5f009ba9b07db7befa991998db07eee097a609146f,12761281242282232449,15259222213822858812
gaussian,iid,W,1.0,12.0,24.0,128.0,0.0,0.0,0.71201172,2.0,0.42730712890625,9ea1428beb6918bc2827c5824f9bc05b63625e8049b1d336fc6ea5727d20dddb,12761281242282232449,15259222213822858812
gaussian,iid,W,1.0,12.0,24.0,128.0,0.0,0.0,0.71787109,2.0,0.5391489664713541,a96f5879f76502158fe9599e00a27aad349a6b28ecf067eef75b228b3e48db4e,12761281242282232449,15259222213822858812
gaussian,iid,W,1.0,12.0,24.0,128.0,0.0,0.0,0.7203125,2.0,0.9925715128580728,2822e3a91ddece84121e9c44d6a715701030280be71d837b4f085d2e425b585f,12761281242282232449,15259222213822858812
gaussian,iid,W,1.0,12.0,24.0,128.0,0.0,0.0,0.72470703,2.0,0.9927139282226562,0d5052e55cb52466d29d2808d20b9b073451640371d6709faddf6254f2674996,12761281242282232449,15259222213822858812
gaussian,iid,W,1.0,12.0,24.0,128.0,0.0,0.0,0.69623302,3.0,0.1772054036458333,c930e2744cc2688b8370fc3cb54a53b3a7946305144ceb9f2538abb66c9f8996,16292235113701191189,9535210348521149203
gaussian,iid,W,1.0,12.0,24.0,128.0,0.0,0.0,0.69873496,3.0,0.2842152913411458,54067966d891a50975f7ae800920ac9b2ec9737e044e3ce38ac07e8429305d53,16292235113701191189,9535210348521149203
gaussian,iid,W,1.0,12.0,24.0,128.0,0.0,0.0,0.7012369,3.0,0.299939473470052,02aca979b9a658d20287d06510ed962b00262f4510bab29aac8507af4c025681,16292235113701191189,9535210348521149203
gaussian,iid,W,1.0,12.0,24.0,128.0,0.0,0.0,0.70373883,3.0,0.3116175333658854,cec024d6326e28b42a09db4a884e1f1594527239394aa564363ce0f09c6fa9ab,16292235113701191189,9535210348521149203
gaussian,iid,W,1.0,12.0,24.0,128.0,0.0,0.0,0.70624077,3.0,0.3119608561197917,eeed7dc3d999734f269830fe2434ac7a029ee24ee279bb0251bbbc5dcdeb3519,16292235113701191189,9535210348521149203
gaussian,iid,W,1.0,12.0,24.0,128.0,0.0,0.0,0.70874271,3.0,0.6036504109700521,0ef6370eead86d948c12aeeb596f174d824570de04eb2417302f7a7cba0d8f76,16292235113701191189,9535210348521149203
gaussian,iid,W,1.0,12.0,24.0,128.0,0.0,0.0,0.71124464,3.0,0.6037394205729166,95fce443f5af8962670f771577345d025aea95c8e9c1ade376ef1626b77d52e7,16292235113701191189,9535210348521149203
gaussian,iid,W,1.0,12.0,24.0,128.0,0.0,0.0,0.71374658,3.0,0.6038462320963541,9be5a4fa58c9c1a942fa470ee219d5ba4e8c2a80e4270c770df42137c3acb6de,16292235113701191189,9535210348521149203
gaussian,iid,W,1.0,12.0,24.0,128.0,0.0,0.0,0.71624852,3.0,0.6038970947265625,d9364a2e361a44ffbe0ac701c4a5db0365035a86c3d779c598ac86a2dadc506f,16292235113701191189,9535210348521149203
gaussian,iid,W,1.0,12.0,24.0,128.0,0.0,0.0,0.71875045,3.0,0.6292190551757812,4e6e37a71c6ff3f985346f741036c838dfa88f965cc5d7bfa5a6e7b1839e4652,16292235113701191189,9535210348521149203
gaussian,iid,W,1.0,12.0,24.0,128.0,0.0,0.0,0.72125239,3.0,0.9926859537760416,5c077f8856e8df015ad68e16394b621a74aa0381a5e5ea8560f34e43b5b807aa,16292235113701191189,9535210348521149203
gaussian,iid,W,1.0,12.0,24.0,128.0,0.0,0.0,0.72375433,3.0,0.9927800496419272,903a8e7c4b9e1824d2d49204ee213868255c12a6ca2085440e7590bc21856893,16292235113701191189,9535210348521149203
gaussian,iid,W,1.0,12.0,24.0,128.0,0.0,0.0,0.72625626,3.0,0.993395487467448,ddd40a7efc27686153b18c341006277b7575b4e8e8ebd055de51abdd654f620c,16292235113701191189,9535210348521149203
gaussian,iid,W,1.0,12.0,24.0,128.0,0.0,0.0,0.7287582,3.0,0.9937464396158854,0ba3eab1a81fbdc3fec4cf0124bf915e98af3e4c9d7daf9dcd98348116462536,16292235113701191189,9535210348521149203
gaussian,iid,W,1.0,12.0,24.0,128.0,0.0,0.0,0.73126014,3.0,0.9938583374023438,4974ed39485f1a0658cf35ac44ac50a1af67bc7023afae696c6170b4a574d9f0,16292235113701191189,9535210348521149203
gaussian,iid,W,1.0,12.0,24.0,128.0,0.0,0.0,0.73376207,3.0,0.9939346313476562,8ff399c03d3f0ef1c520faef4528e40f5b47852c7fddb70cd8c520ebc53dafad,16292235113701191189,9535210348521149203
gaussian,iid,W,1.0,12.0,24.0,128.0,0.0,0.0,0.71689453,3.0,0.604156494140625,545569bd2bcfde9253f5d473faae25bf2d3b7e75836ba63cd13135c3b6af457b,16292235113701191189,9535210348521149203
gaussian,iid,W,1.0,12.0,24.0,128.0,0.0,0.0,0.71749948,3.0,0.6290156046549479,147050de7087eca3f6aa81ba88327feb0b7fc356383fde49f0400c0486938921,16292235113701191189,9535210348521149203
gaussian,iid,W,1.0,12.0,24.0,128.0,0.0,0.0,0.71835938,3.0,0.62921142578125,543dd1931926a79079a011b6f36729da08306078f3e602cc2992c3f2a50f7fa2,16292235113701191189,9535210348521149203
gaussian,iid,W,1.0,12.0,24.0,128.0,0.0,0.0,0.71933594,3.0,0.9926045735677084,37832740d8515123a788f99587b7b329c7356102ce1dc9a8f93599878c0e2012,16292235113701191189,9535210348521149203
gaussian,iid,W,1.0,12.0,24.0,128.0,0.0,0.0,0.72000142,3.0,0.9926249186197916,4b1a6a19188c74fcfc331fa51f890e271479cdf8ff115f24af93c0101dea0c7b,16292235113701191189,9535210348521149203
gaussian,iid,W,1.0,12.0,24.0,128.0,0.0,0.0,0.72080078,3.0,0.9926834106445312,5a040162fedc39ef050d0f0b7d7c6a0767e4b987453ba008b4ea20ce09b1918c,16292235113701191189,9535210348521149203
gaussian,iid,W,1.0,12.0,24.0,128.0,0.0,0.0,0.72421875,3.0,0.992810567220052,eed7f55771065829b8adddf7752c5321862fce3c5373aa2e5a5ec3afaebd7d02,16292235113701191189,9535210348521149203
gaussian,iid,W,1.0,12.0,24.0,128.0,0.0,0.0,0.72500529,3.0,0.992945353190104,11de2c8adf1a2a06b186465a2c27846e1973007b3683802d725bd06eb0037ca7,16292235113701191189,9535210348521149203
gaussian,iid,W,1.0,12.0,24.0,128.0,0.0,0.0,0.72568359,3.0,0.9933446248372396,2679acf32b6ab38200451241c09926158bd849a4b11313f5eac9c1d056669617,16292235113701191189,9535210348521149203
gaussian,iid,W,1.0,12.0,24.0,128.0,0.0,0.0,0.70248787,3.0,0.3003387451171875,0a58fadcb944edbde0f8ad0c7170ddcaf16299a142d43b6ce1791adc12f8b26e,16292235113701191189,9535210348521149203
gaussian,iid,W,1.0,12.0,24.0,128.0,0.0,0.0,0.70273438,3.0,0.3003412882486979,49cf55420a88bc45a9ba0df22ecfdebe0a63e78d697ee6d194963ed9c6785cf5,16292235113701191189,9535210348521149203
gaussian,iid,W,1.0,12.0,24.0,128.0,0.0,0.0,0.70322266,3.0,0.3116022745768229,9c0b80eee0cd8e4b87d7d5c60c937a1d14190ee583d17a09b8932066ee89439d,16292235113701191189,9535210348521149203
gaussian,iid,W,1.0,12.0,24.0,128.0,0.0,0.0,0.71152344,3.0,0.6037419637044271,b1a37270bdf3772376ca8d76912de6c8ecc76ac585730db3dfb5579794f835ac,16292235113701191189,9535210348521149203
gaussian,iid,W,1.0,12.0,24.0,128.0,0.0,0.0,0.71201172,3.0,0.6037470499674479,1b1e040ba429701c5e51c5970ac98ad7d0dc91a5dbc44ac0de60a9c272f33a44,16292235113701191189,9535210348521149203
gaussian,iid,W,1.0,12.0,24.0,128.0,0.0,0.0,0.71787109,3.0,0.6291758219401041,3b9d322922b72adaffa055920ac270541dc5489f36bd24b08f8d82b412bf03d3,16292235113701191189,9535210348521149203
gaussian,iid,W,1.0,12.0,24.0,128.0,0.0,0.0,0.7203125,3.0,0.9926300048828124,db7a8fc35e272e41d4fe47ea3685465cbb88401c119cb771344404bc62eb3506,16292235113701191189,9535210348521149203
gaussian,iid,W,1.0,12.0,24.0,128.0,0.0,0.0,0.72470703,3.0,0.9928156534830728,c90b0a73bebbfc3f7bb3bc510740cd41fa409e9c85e7427ab70dfcce8c9ff9df,16292235113701191189,9535210348521149203
gaussian,iid,W,1.0,12.0,24.0,128.0,0.0,0.0,0.69623302,4.0,0.15069580078125,2f95b4c49471f4eb39b1bcff5254b093d21f815189dc34ca6dc141dae909b521,17546681735163847838,12664431077616024814
gaussian,iid,W,1.0,12.0,24.0,128.0,0.0,0.0,0.69873496,4.0,0.1499303181966146,256dc7f9a7e517d07acd5251cff36ddc9a049d7b51128672e033fdb50ea7b885,17546681735163847838,12664431077616024814
gaussian,iid,W,1.0,12.0,24.0,128.0,0.0,0.0,0.7012369,4.0,0.1503041585286458,10b4fdcccebc206bb6851be004ed02fec279d471a018e0ebc596962459bf13f3,17546681735163847838,12664431077616024814
gaussian,iid,W,1.0,12.0,24.0,128.0,0.0,0.0,0.70373883,4.0,0.2162144978841146,8f3098156fafa619004cb07184d35b2441f360a666bee2a0559edf56da29b9e5,17546681735163847838,12664431077616024814
gaussian,iid,W,1.0,12.0,24.0,128.0,0.0,0.0,0.70624077,4.0,0.2182718912760416,44175e4e2309ed2d636c270d5554888c8f7bb9529f414208bd34e60682804c0b,17546681735163847838,12664431077616024814
gaussian,iid,W,1.0,12.0,24.0,128.0,0.0,0.0,0.70874271,4.0,0.3611068725585937,402fd08fcb0a2e9f0cb11faf3b08b2e9af6d269248e49bef27087518c7558e38,17546681735163847838,12664431077616024814
gaussian,iid,W,1.0,12.0,24.0,128.0,0.0,0.0,0.71124464,4.0,0.5520706176757812,2248b43881e7306ac9df10b86e2831afb38d7d76b6414c7740ded71a103fedca,17546681735163847838,12664431077616024814
gaussian,iid,W,1.0,12.0,24.0,128.0,0.0,0.0,0.71374658,4.0,0.5528437296549479,24dac5b9f605b0be57268b4e3214188e74539e7d96c9b537ab23022732be132e,17546681735163847838,12664431077616024814
gaussian,iid,W,1.0,12.0,24.0,128.0,0.0,0.0,0.71624852,4.0,0.5538991292317709,71eac2913137567890dfe789b56912e7c57948f1171f60e909c245d48526263a,17546681735163847838,12664431077616024814
gaussian,iid,W,1.0,12.0,24.0,128.0,0.0,0.0,0.71875045,4.0,0.5540491739908854,d574c6a42328c3157d78eb27d4095c832ecf82908b756376452a7803c35ea148,17546681735163847838,12664431077616024814
gaussian,iid,W,1.0,12.0,24.0,128.0,0.0,0.0,0.72125239,4.0,0.5598551432291666,d9aca9647282c08d31488e80e9a61a2e93d89bdb98dd45fade5b6b2b65a56464,17546681735163847838,12664431077616024814
gaussian,iid,W,1.0,12.0,24.0,128.0,0.0,0.0,0.72375433,4.0,0.7385406494140625,b8ce9c965ccae51191db430d64651064fc058111c1e3055dab279430a2e045d1,17546681735163847838,12664431077616024814
gaussian,iid,W,1.0,12.0,24.0,128.0,0.0,0.0,0.72625626,4.0,0.9928156534830728,4704026ec9cdcb7d028fdae9713546489d7c816e6e97634c8fac7e014109100d,17546681735163847838,12664431077616024814
gaussian,iid,W,1.0,12.0,24.0,128.0,0.0,0.0,0.7287582,4.0,0.9930318196614584,f4195cb8f95725e823d9a079d75b522a4bfa2c97bf1bc94f4219da4fe563fb85,17546681735163847838,12664431077616024814
gaussian,iid,W,1.0,12.0,24.0,128.0,0.0,0.0,0.73126014,4.0,0.9930953979492188,b56348e980b87c4015304014da632e68438e5dad31f7be1085023b4a7a29e919,17546681735163847838,12664431077616024814
gaussian,iid,W,1.0,12.0,24.0,128.0,0.0,0.0,0.73376207,4.0,0.9932479858398438,7f0085279ecdc13ebe23a1a0e7d0d15e39e9796daa73c36357fc6ea4dd1fc999,17546681735163847838,12664431077616024814
gaussian,iid,W,1.0,12.0,24.0,128.0,0.0,0.0,0.71689453,4.0,0.5539067586263021,91ea94a800e1a23dea892b3e180eb943bdccbdb923b2e29ac7200936000031dc,17546681735163847838,12664431077616024814
gaussian,iid,W,1.0,12.0,24.0,128.0,0.0,0.0,0.71749948,4.0,0.5539143880208334,c66e065d3e21e447a38f26e0d19ef87fa254a3162a4c88fb448b8c66de83c302,17546681735163847838,12664431077616024814
gaussian,iid,W,1.0,12.0,24.0,128.0,0.0,0.0,0.71835938,4.0,0.5538965861002604,c4866c12b59f5d6a3fed3ea40ee5a0c315181a7fcac17a33d086bac3b23ed16d,17546681735163847838,12664431077616024814
gaussian,iid,W,1.0,12.0,24.0,128.0,0.0,0.0,0.71933594,4.0,0.5595703125,806ab50a935837d782a5e94ea65bf5bcbd4f901996e6341895a161a607d904b7,17546681735163847838,12664431077616024814
gaussian,iid,W,1.0,12.0,24.0,128.0,0.0,0.0,0.72000142,4.0,0.5596542358398438,e9528e3136e886331dbd3b78a1f6f9b78b2a10321e9f0483f2df03f74ed707c3,17546681735163847838,12664431077616024814
gaussian,iid,W,1.0,12.0,24.0,128.0,0.0,0.0,0.72080078,4.0,0.5598093668619791,b67bd756553ee284cb40edace5f5ed2d8a7aa672dcf10dc7038740fdd31d7534,17546681735163847838,12664431077616024814
gaussian,iid,W,1.0,12.0,24.0,128.0,0.0,0.0,0.72421875,4.0,0.9927393595377604,e043e5e0efea083baf4427d739e8b874799a954dcb575b02fa879f382cf6ed70,17546681735163847838,12664431077616024814
gaussian,iid,W,1.0,12.0,24.0,128.0,0.0,0.0,0.72500529,4.0,0.9927953084309896,e566b178e20c9ff21ccfee9a249fdafc57a2118df31eac3ea8c37614d2376ab9,17546681735163847838,12664431077616024814
gaussian,iid,W,1.0,12.0,24.0,128.0,0.0,0.0,0.72568359,4.0,0.992810567220052,3ce769e960365d273c40cbd123f5c2ead5d57f97c9aadc38d1ef947c89fe3481,17546681735163847838,12664431077616024814
gaussian,iid,W,1.0,12.0,24.0,128.0,0.0,0.0,0.70248787,4.0,0.2158762613932291,31a5c28892699647736634b8ac79c4567ad5741eb55a92cff78158a92870ddc7,17546681735163847838,12664431077616024814
gaussian,iid,W,1.0,12.0,24.0,128.0,0.0,0.0,0.70273438,4.0,0.2159093221028646,33564cf38dea2ecc343fe6092b34f7f6bd70b0155555d1b6e2bca36a5c1d71b4,17546681735163847838,12664431077616024814
gaussian,iid,W,1.0,12.0,24.0,128.0,0.0,0.0,0.70322266,4.0,0.2161661783854166,aec1e36bf34e0b40e9722e1c8f0af095adac407ff7043d542a10385040565a89,17546681735163847838,12664431077616024814
gaussian,iid,W,1.0,12.0,24.0,128.0,0.0,0.0,0.71152344,4.0,0.5520706176757812,6d84e7ea33cc0171746d73f53cf546830aabe83b03c98e1d38461369df3be92f,17546681735163847838,12664431077616024814
gaussian,iid,W,1.0,12.0,24.0,128.0,0.0,0.0,0.71201172,4.0,0.552093505859375,b91ab79d8543d8b14cf27a25be2ab665f5ef3dbf9d7ba642afa89a6ec8e1e22f,17546681735163847838,12664431077616024814
gaussian,iid,W,1.0,12.0,24.0,128.0,0.0,0.0,0.71787109,4.0,0.5539194742838541,d3ed69a5e8cd4029abd8bb5bbfd6cf9207e6e15dcb6cdbed8ccb145c753ae502,17546681735163847838,12664431077616024814
gaussian,iid,W,1.0,12.0,24.0,128.0,0.0,0.0,0.7203125,4.0,0.5597432454427084,4760a1c1797782a51a8713fd974444cfa19aee1d3c0e80542e539eeab2842a36,17546681735163847838,12664431077616024814
gaussian,iid,W,1.0,12.0,24.0,128.0,0.0,0.0,0.72470703,4.0,0.9927953084309896,75bdd64e4d5740daf681cbf0b7100ec16a9280b1da3f7aef27b66a8015014e87,17546681735163847838,12664431077616024814
gaussian,iid,W,1.0,12.0,24.0,128.0,0.0,0.0,0.69623302,5.0,0.0979334513346354,21c006ca2115836c9b2450d3778b4842eaf995ae8d6739d351f64051a7e45fa8,15556190658030796923,14224874292565585800
gaussian,iid,W,1.0,12.0,24.0,128.0,0.0,0.0,0.69873496,5.0,0.0992304484049479,829354d273990e92c61e26a03c6af16f838ea27c50343ee3cbcf5dc7aa6ecc4e,15556190658030796923,14224874292565585800
gaussian,iid,W,1.0,12.0,24.0,128.0,0.0,0.0,0.7012369,5.0,0.1732584635416666,145b94ce42e9af4287bf19c2080d84a813fc4d7b303b5f140047d62ee256ff5a,15556190658030796923,14224874292565585800
gaussian,iid,W,1.0,12.0,24.0,128.0,0.0,0.0,0.70373883,5.0,0.2088114420572916,c129936845cb88deed9544d706af212d02ae969e419c8aa6e5e26a4fd4cbab2a,15556190658030796923,14224874292565585800
gaussian,iid,W,1.0,12.0,24.0,128.0,0.0,0.0,0.70624077,5.0,0.2088521321614583,28c0a932317207fd18f6a585660cb2f29f57f03197407c56cca9560d225aab1a,15556190658030796923,14224874292565585800
gaussian,iid,W,1.0,12.0,24.0,128.0,0.0,0.0,0.70874271,5.0,0.2089411417643229,3b41f96955d91f9c2d0df350584085204a1335a7d55894edbb6139d2c1f0eb45,15556190658030796923,14224874292565585800
gaussian,iid,W,1.0,12.0,24.0,128.0,0.0,0.0,0.71124464,5.0,0.3013153076171875,6df40088a7deb9e141a54f9af97f719dfad226729eef6daa5ce891114e554b6a,15556190658030796923,14224874292565585800
gaussian,iid,W,1.0,12.0,24.0,128.0,0.0,0.0,0.71374658,5.0,0.4463907877604167,839b8fa5d60312930a955e4e0785b636c926e98cbdad5cea982141821f846724,15556190658030796923,14224874292565585800
gaussian,iid,W,1.0,12.0,24.0,128.0,0.0,0.0,0.71624852,5.0,0.5055745442708334,3517820397a040108abb2baa70a5a31a80fbfe6476e4181b086dcbbc90990a8f,15556190658030796923,14224874292565585800
gaussian,iid,W,1.0,12.0,24.0,128.0,0.0,0.0,0.71875045,5.0,0.9879328409830728,a404e24264f5f3cbe5191a6c15206bb100e45040379615c9e4cec1706d9b6f45,15556190658030796923,14224874292565585800
gaussian,iid,W,1.0,12.0,24.0,128.0,0.0,0.0,0.72125239,5.0,0.9897511800130208,16a6f45a23a9b7b346da5d59b488a3d84ca2f2e2f46e74174822048821fdc4ac,15556190658030796923,14224874292565585800
gaussian,iid,W,1.0,12.0,24.0,128.0,0.0,0.0,0.72375433,5.0,0.9900741577148438,de42ad3bee6c231508e0c334da0d9363f5340d578c455087458606a9bbfdbf33,15556190658030796923,14224874292565585800
gaussian,iid,W,1.0,12.0,24.0,128.0,0.0,0.0,0.72625626,5.0,0.9903539021809896,cfe8d27c63cdf0c579f40a42cca12baa818e351e32ff0dc2d8b1a72070c3ba10,15556190658030796923,14224874292565585800
gaussian,iid,W,1.0,12.0,24.0,128.0,0.0,0.0,0.7287582,5.0,0.990758260091146,9cc936e812e3ac83056716da93a04b3a16de97a87139fc28eeab9902cf439daf,15556190658030796923,14224874292565585800
gaussian,iid,W,1.0,12.0,24.0,128.0,0.0,0.0,0.73126014,5.0,0.9912134806315104,fb619ab9caa64c3a9862b07ee0280f437a81ebe984e8821075407b42dd32e216,15556190658030796923,14224874292565585800
gaussian,iid,W,1.0,12.0,24.0,128.0,0.0,0.0,0.73376207,5.0,0.9912694295247396,b3b8c2c6be83864283ce82badff6460b181eb7517908dd3240e58b57f5894377,15556190658030796923,14224874292565585800
gaussian,iid,W,1.0,12.0,24.0,128.0,0.0,0.0,0.71689453,5.0,0.5056279500325521,571c0eace94182879d243442aa4558f816a6ff8cb17a87d72239fa2a8e60221e,15556190658030796923,14224874292565585800
gaussian,iid,W,1.0,12.0,24.0,128.0,0.0,0.0,0.71749948,5.0,0.5056533813476562,470abe276e96a7557d4cc16d62e7e774d54db87b28e29f15c632853fdcbf1ffd,15556190658030796923,14224874292565585800
gaussian,iid,W,1.0,12.0,24.0,128.0,0.0,0.0,0.71835938,5.0,0.9879328409830728,60ef2a74b546b468c9b2648cd8d9c3d37c49799d38f5e0c239c349e97aeaaa9a,15556190658030796923,14224874292565585800
gaussian,iid,W,1.0,12.0,24.0,128.0,0.0,0.0,0.71933594,5.0,0.9879430135091146,f1291196be9617a8abd5ded04904899802d038409f26854e5aff5cd536ac0246,15556190658030796923,14224874292565585800
gaussian,iid,W,1.0,12.0,24.0,128.0,0.0,0.0,0.72000142,5.0,0.9879557291666666,5bcc72683cd478364b46bb71ee03c0673ca3e399b45e50ee563ed3a24d3f6f80,15556190658030796923,14224874292565585800
gaussian,iid,W,1.0,12.0,24.0,128.0,0.0,0.0,0.72080078,5.0,0.9879964192708334,30570f4580b8d7008021224a124e79e478e693db4c6a158a5a2a31bb66037a3d,15556190658030796923,14224874292565585800
gaussian,iid,W,1.0,12.0,24.0,128.0,0.0,0.0,0.72421875,5.0,0.99029541015625,84ca15476097afedfbe59072734745ac8d8e311b86c9f00d0f0cda7183d49d11,15556190658030796923,14224874292565585800
gaussian,iid,W,1.0,12.0,24.0,128.0,0.0,0.0,0.72500529,5.0,0.9903004964192708,4b2ae02ffcd4fcc9476a624c3d46f9c6e9f9e32c8588b563a16c1e70be2e6b9a,15556190658030796923,14224874292565585800
gaussian,iid,W,1.0,12.0,24.0,128.0,0.0,0.0,0.72568359,5.0,0.9903182983398438,fb732417476c533ea8f69223f732282c27dca0a3a07c9e45c51c799e2ac939ea,15556190658030796923,14224874292565585800
gaussian,iid,W,1.0,12.0,24.0,128.0,0.0,0.0,0.70248787,5.0,0.1768798828125,eb4d1afab714275b1d0218bfb139dbaad5d6250bda5b8c707db4aa490ef0618a,15556190658030796923,14224874292565585800
gaussian,iid,W,1.0,12.0,24.0,128.0,0.0,0.0,0.70273438,5.0,0.1866200764973958,5bdd65e621a41cbed3b1861fc38066a0adfaf8380380e763ad2c3bf924442783,15556190658030796923,14224874292565585800
gaussian,iid,W,1.0,12.0,24.0,128.0,0.0,0.0,0.70322266,5.0,0.1875178019205729,6094fdd0a6bcd5eec4ab51ee995059238efc5c8c573936367918fb2c809e9de3,15556190658030796923,14224874292565585800
gaussian,iid,W,1.0,12.0,24.0,128.0,0.0,0.0,0.71152344,5.0,0.3013178507486979,047cb97240b5407e33c0264dad1b555f880039b922e7bfd0fc5b12389e84d656,15556190658030796923,14224874292565585800
gaussian,iid,W,1.0,12.0,24.0,128.0,0.0,0.0,0.71201172,5.0,0.4441197713216145,14f2f0fd7c33ea3eadda065139f16f0af109e50a02613c7a31e42daf66ca0574,15556190658030796923,14224874292565585800
gaussian,iid,W,1.0,12.0,24.0,128.0,0.0,0.0,0.71787109,5.0,0.9879938761393228,f94d44cd97ca10c3faae2c5fa65613b113fa2a29b1527b62d28c68f590cdbe23,15556190658030796923,14224874292565585800
gaussian,iid,W,1.0,12.0,24.0,128.0,0.0,0.0,0.7203125,5.0,0.9879735310872396,1c345393fefa7effbeced305d094ad3adb5a9b9275985479e132ebdc12555834,15556190658030796923,14224874292565585800
gaussian,iid,W,1.0,12.0,24.0,128.0,0.0,0.0,0.72470703,5.0,0.99029541015625,7e4f37100e1ab3584c29d2a095ebc2283198766780ea92f61e651618abdd036b,15556190658030796923,14224874292565585800
gaussian,iid,W,1.0,12.0,24.0,128.0,0.0,0.0,0.69623302,6.0,0.1062952677408854,3a9cdcbbb31482eaaade9de3ba4ed2b1a66c6123294c61c35a10b2c81b5fbdf9,16558323898219342053,17004490454945965133
gaussian,iid,W,1.0,12.0,24.0,128.0,0.0,0.0,0.69873496,6.0,0.1261240641276041,3a34825f0f51a30bce7adecf3649270d33067f4e405357b4736f0e9217cd554d,16558323898219342053,17004490454945965133
gaussian,iid,W,1.0,12.0,24.0,128.0,0.0,0.0,0.7012369,6.0,0.2812347412109375,853c750aa8eeb61632386daaea6a3836cd1e3c1cb7f2d419a514cb1cc150f182,16558323898219342053,17004490454945965133
gaussian,iid,W,1.0,12.0,24.0,128.0,0.0,0.0,0.70373883,6.0,0.281323750813802,f60b6988fe4f23add430eb467bee2fc8f2b0d14c3cffdea1ac5fc6122cf0402a,16558323898219342053,17004490454945965133
gaussian,iid,W,1.0,12.0,24.0,128.0,0.0,0.0,0.70624077,6.0,0.3812764485677083,b4fd606aa5ae574264eb213c8c38e17ba32d66a596c503edc930e9f95152ab0c,16558323898219342053,17004490454945965133
gaussian,iid,W,1.0,12.0,24.0,128.0,0.0,0.0,0.70874271,6.0,0.3815383911132812,7df9c59ca5d300fea5a69cadaf284ce981f92224894b3d71977b31eca1080ce9,16558323898219342053,17004490454945965133
gaussian,iid,W,1.0,12.0,24.0,128.0,0.0,0.0,0.71124464,6.0,0.5409367879231771,6794227a6f84edab4784139698fefd4d8bd96b85f353694eef1ba93fad0faea8,16558323898219342053,17004490454945965133
gaussian,iid,W,1.0,12.0,24.0,128.0,0.0,0.0,0.71374658,6.0,0.5417556762695312,ec6f14d8255c8821b606a9981e72599279b677e483be1d5ec66416801dc6453d,16558323898219342053,17004490454945965133
gaussian,iid,W,1.0,12.0,24.0,128.0,0.0,0.0,0.71624852,6.0,0.5614980061848959,508b39ea1a6f9f30ebf5dea5692598c284a338d6d48f79518ba24722cae0dbbc,16558323898219342053,17004490454945965133
gaussian,iid,W,1.0,12.0,24.0,128.0,0.0,0.0,0.71875045,6.0,0.5775680541992188,4bd27f13543cea8d51e301bcb219de0573c518e313533dbd4e72103917af5926,16558323898219342053,17004490454945965133
gaussian,iid,W,1.0,12.0,24.0,128.0,0.0,0.0,0.72125239,6.0,0.5777943929036459,31b69ac0b61ad13a6f98b2fa720b047ae04e60b078134f1a5ab74269d12faa92,16558323898219342053,17004490454945965133
gaussian,iid,W,1.0,12.0,24.0,128.0,0.0,0.0,0.72375433,6.0,0.5795135498046875,ae00f927be0d4ae02ae597b3f500738bc2b53d364fddafc542ee0676aca0d7c8,16558323898219342053,17004490454945965133
gaussian,iid,W,1.0,12.0,24.0,128.0,0.0,0.0,0.72625626,6.0,0.9935251871744792,64cc725c50a86132b0d818b0b2d10556f891a36c82e0aa5617e32277e4eea2f6,16558323898219342053,17004490454945965133
gaussian,iid,W,1.0,12.0,24.0,128.0,0.0,0.0,0.7287582,6.0,0.994232177734375,cfddcab70799acd90c98e2ab73eb7d28420637d6194ed8c749058bef6aacb9a0,16558323898219342053,17004490454945965133
gaussian,iid,W,1.0,12.0,24.0,128.0,0.0,0.0,0.73126014,6.0,0.9942779541015624,a96678314bfa5f65fe229ca43434945494f2045090aa3c67ffdb2d5a759e49ca,16558323898219342053,17004490454945965133
gaussian,iid,W,1.0,12.0,24.0,128.0,0.0,0.0,0.73376207,6.0,0.9943923950195312,98908eb508b2457842a4252dc7b23db732c8bad9ff21c2af4a0ce7cccccfe1fc,16558323898219342053,17004490454945965133
gaussian,iid,W,1.0,12.0,24.0,128.0,0.0,0.0,0.71689453,6.0,0.5624974568684896,ddcf23ed20140f9c762ab7d85ad41608abaa72c0762db04f5fc9369ab042346d,16558323898219342053,17004490454945965133
gaussian,iid,W,1.0,12.0,24.0,128.0,0.0,0.0,0.71749948,6.0,0.5625279744466146,171beadcd8ea858061c981854cec857c8b9619f83f782fb78ef2dd57c66fb09d,16558323898219342053,17004490454945965133
gaussian,iid,W,1.0,12.0,24.0,128.0,0.0,0.0,0.71835938,6.0,0.5775604248046875,baa1f53e02c15a0543dac41e12aac8a4cef477edb4d76e376680780e71b18046,16558323898219342053,17004490454945965133
gaussian,iid,W,1.0,12.0,24.0,128.0,0.0,0.0,0.71933594,6.0,0.5776138305664062,1e563b1dbc413cc6f40a2d3799b0cec4f2be9a7d9fe57690edb1df7c29216568,16558323898219342053,17004490454945965133
gaussian,iid,W,1.0,12.0,24.0,128.0,0.0,0.0,0.72000142,6.0,0.57763671875,986fecdeedb9e002b8306256277c749aa84e9470607ff5e39fa1693c2e1117b4,16558323898219342053,17004490454945965133
gaussian,iid,W,1.0,12.0,24.0,128.0,0.0,0.0,0.72080078,6.0,0.5777460734049479,ebee150a8aa645fd18b095d61cf2d5646aaa59c52461e6d89f6016bcc55e595f,16558323898219342053,17004490454945965133
gaussian,iid,W,1.0,12.0,24.0,128.0,0.0,0.0,0.72421875,6.0,0.5795389811197916,405ee7cea0fd412215f33c07eea84f3db5f3794172a298f1512df5cdea163695,16558323898219342053,17004490454945965133
gaussian,iid,W,1.0,12.0,24.0,128.0,0.0,0.0,0.72500529,6.0,0.9934844970703124,a130bdf2bfc1a72064a06282f759dab4ff4973f2f013eec243238c08716827ed,16558323898219342053,17004490454945965133
gaussian,iid,W,1.0,12.0,24.0,128.0,0.0,0.0,0.72568359,6.0,0.9935073852539062,0552b57835cafc7924c881792da88913b96efcccc5bc5f3e304016b4e854eccb,16558323898219342053,17004490454945965133
gaussian,iid,W,1.0,12.0,24.0,128.0,0.0,0.0,0.70248787,6.0,0.2813008626302083,b0c047f949fa3d652f9ae5c8bd3d2d6b7b25e6af028cf3a3de8c485a80be9830,16558323898219342053,17004490454945965133
gaussian,iid,W,1.0,12.0,24.0,128.0,0.0,0.0,0.70273438,6.0,0.2813059488932292,1168438996a5ffaa8cfa348016d6b80d1b46c054a1e8a578187b9bd9654992dc,16558323898219342053,17004490454945965133
gaussian,iid,W,1.0,12.0,24.0,128.0,0.0,0.0,0.70322266,6.0,0.28131103515625,1c93d8d190aa95a7c3e6030abc1a723df10403d0f2f1681ffc88d886aac5b6a5,16558323898219342053,17004490454945965133
gaussian,iid,W,1.0,12.0,24.0,128.0,0.0,0.0,0.71152344,6.0,0.5409520467122396,8514572bc80647fea800a72e8f099144bd80587672876e5763fce8b944ad0cb0,16558323898219342053,17004490454945965133
gaussian,iid,W,1.0,12.0,24.0,128.0,0.0,0.0,0.71201172,6.0,0.5409774780273438,d7636fb9854580cda95ab14a639f57bb25b5e4cb1b0a6a8d19ff6fdebe3e9d32,16558323898219342053,17004490454945965133
gaussian,iid,W,1.0,12.0,24.0,128.0,0.0,0.0,0.71787109,6.0,0.562591552734375,7f07f355676eb903ebc20f680043f81befcc1cf64af5214fea04d6f644d25c03,16558323898219342053,17004490454945965133
gaussian,iid,W,1.0,12.0,24.0,128.0,0.0,0.0,0.7203125,6.0,0.5777409871419271,fe8d5e66e98259c1e7625a7d9135afe9aa69289c2745961746496b3ca7580d83,16558323898219342053,17004490454945965133
gaussian,iid,W,1.0,12.0,24.0,128.0,0.0,0.0,0.72470703,6.0,0.9934794108072916,f30d106bce50a699030272b988ce1a00cf5e7802fde5bc80d83027f05345f6d9,16558323898219342053,17004490454945965133
gaussian,iid,W,1.0,12.0,24.0,128.0,0.0,0.0,0.69623302,7.0,0.0919570922851562,ad68a261f0ee2d3b8d28e11500cacb62707c50127f93981c8e3b82f4fa31cba0,6636234264491767903,18184493470946854964
gaussian,iid,W,1.0,12.0,24.0,128.0,0.0,0.0,0.69873496,7.0,0.0932057698567708,6425c2acdf6291d3b429c64092040b0e3ffbc119e364251795f2989a9291a9b5,6636234264491767903,18184493470946854964
gaussian,iid,W,1.0,12.0,24.0,128.0,0.0,0.0,0.7012369,7.0,0.1699447631835937,c1f45a38a20a45a20f3f10437a9a288cf6ea4f7ae9f4020e08b31cf138ae3f64,6636234264491767903,18184493470946854964
gaussian,iid,W,1.0,12.0,24.0,128.0,0.0,0.0,0.70373883,7.0,0.1700668334960937,3af7c6fc5d56597c2cdee7364029a66005c1ec94755d7e010720da32a4e6e489,6636234264491767903,18184493470946854964
gaussian,iid,W,1.0,12.0,24.0,128.0,0.0,0.0,0.70624077,7.0,0.3136342366536458,049f82e4bd5ebaddb1d240f0d5430aebe0ed5fb6e4aa7a50a0a497c0482e9d4b,6636234264491767903,18184493470946854964
gaussian,iid,W,1.0,12.0,24.0,128.0,0.0,0.0,0.70874271,7.0,0.6771062215169271,fa80f0643b1e272ccb4c1ef6ddc3d2c1af625305d2bc46cc9a67890b07d5f509,6636234264491767903,18184493470946854964
gaussian,iid,W,1.0,12.0,24.0,128.0,0.0,0.0,0.71124464,7.0,0.991856892903646,cd4ed5f324f8e9af6045a3c673dfea89e687602048694f7d405079731a645b48,6636234264491767903,18184493470946854964
gaussian,iid,W,1.0,12.0,24.0,128.0,0.0,0.0,0.71374658,7.0,0.991943359375,9f4b3be2775a31da2c431839246c4a13558328a59dceee0a3f5a3cb955fe6696,6636234264491767903,18184493470946854964
gaussian,iid,W,1.0,12.0,24.0,128.0,0.0,0.0,0.71624852,7.0,0.9934234619140624,021b4b3f31c5661453e113b3ced79b0eacda568f6184859acafaf38ecc12f3d9,6636234264491767903,18184493470946854964
gaussian,iid,W,1.0,12.0,24.0,128.0,0.0,0.0,0.71875045,7.0,0.9936701456705728,8072c07aba8300cd6c8859fe0be3ee10227192a12a9d2c45d6900674d095fa2d,6636234264491767903,18184493470946854964
gaussian,iid,W,1.0,12.0,24.0,128.0,0.0,0.0,0.72125239,7.0,0.9939397176106772,ddccdcd7f654f698255bd9246d7241bae673f149eb8e1661fcec1383923f2be2,6636234264491767903,18184493470946854964
gaussian,iid,W,1.0,12.0,24.0,128.0,0.0,0.0,0.72375433,7.0,0.9934870402018228,b9af75c23c2c272573ddeb94e11ccb3325a85b57c00eac524f8bed5c782372cb,6636234264491767903,18184493470946854964
gaussian,iid,W,1.0,12.0,24.0,128.0,0.0,0.0,0.72625626,7.0,0.9938405354817708,110ade0f582863cc30e5c6a5c794d99e0e1ab1a418cebee7fb84d455abfff7dc,6636234264491767903,18184493470946854964
gaussian,iid,W,1.0,12.0,24.0,128.0,0.0,0.0,0.7287582,7.0,0.9939626057942708,728a7106862e1bfd948f30c31d874ffd122de0c9b26adb3ce244a71a583ca4b7,6636234264491767903,18184493470946854964
gaussian,iid,W,1.0,12.0,24.0,128.0,0.0,0.0,0.73126014,7.0,0.9946695963541666,4a073f96aa1f8b57e5b788e30fcd139faf23489fdf42543b59491b86c00e422b,6636234264491767903,18184493470946854964
gaussian,iid,W,1.0,12.0,24.0,128.0,0.0,0.0,0.73376207,7.0,0.9947942097981772,1d60f7e074fb12ea5651c41f3326cfa717595f0e8367395fb1535baa1a13aa39,6636234264491767903,18184493470946854964
gaussian,iid,W,1.0,12.0,24.0,128.0,0.0,0.0,0.71689453,7.0,0.993438720703125,e65931306163d048efb284bc450fa746e88b6138706b3cc6ceda1b4c598fd88a,6636234264491767903,18184493470946854964
gaussian,iid,W,1.0,12.0,24.0,128.0,0.0,0.0,0.71749948,7.0,0.9934717814127604,61535075eeb7658db45138296e89f89084cabc2404dda295db3e442a04447f81,6636234264491767903,18184493470946854964
gaussian,iid,W,1.0,12.0,24.0,128.0,0.0,0.0,0.71835938,7.0,0.993621826171875,29d07f3e398cd07e0168f2b5559ecbfc3f9ac77cce93a453971937eb47fa820e,6636234264491767903,18184493470946854964
gaussian,iid,W,1.0,12.0,24.0,128.0,0.0,0.0,0.71933594,7.0,0.993665059407552,64930b621afd2d5562684269f4c9b7e38d18414afca0dfdedd8f1ccdcfba594a,6636234264491767903,18184493470946854964
gaussian,iid,W,1.0,12.0,24.0,128.0,0.0,0.0,0.72000142,7.0,0.9939066569010416,4533f2bfcb409538af5e9d7b17d97c8e744e719a4a0c693530f80dc7b496ef8e,6636234264491767903,18184493470946854964
gaussian,iid,W,1.0,12.0,24.0,128.0,0.0,0.0,0.72080078,7.0,0.993921915690104,db01fcb2667820b6661ff2a26107715af3b568a287eab09f764b6b3b0f255d50,6636234264491767903,18184493470946854964
gaussian,iid,W,1.0,12.0,24.0,128.0,0.0,0.0,0.72421875,7.0,0.9935531616210938,a18405907f5f8099b69725a15595e9b49750434edf3da520dd24be1b1486c47e,6636234264491767903,18184493470946854964
gaussian,iid,W,1.0,12.0,24.0,128.0,0.0,0.0,0.72500529,7.0,0.9936319986979166,490f28b6e3c1a5af8b9eda22654eee6d77ebb453acfd6df6df40e4d30276b73a,6636234264491767903,18184493470946854964
gaussian,iid,W,1.0,12.0,24.0,128.0,0.0,0.0,0.72568359,7.0,0.9938278198242188,b629d5dcdb6f51f766f71229c74adcda3031358e2052e0c5bc9822e770b7aea9,6636234264491767903,18184493470946854964
gaussian,iid,W,1.0,12.0,24.0,128.0,0.0,0.0,0.70248787,7.0,0.1699879964192708,2c500a4189887debecc73b4275d2c23aaf7d8f892ac4d2b107d216386fdd74e0,6636234264491767903,18184493470946854964
gaussian,iid,W,1.0,12.0,24.0,128.0,0.0,0.0,0.70273438,7.0,0.1700541178385416,5cc4765203151390f8fcf4cf3a0a7c23c24ca6d2a2808e26095a19ee896d1ea9,6636234264491767903,18184493470946854964
gaussian,iid,W,1.0,12.0,24.0,128.0,0.0,0.0,0.70322266,7.0,0.1700592041015625,3cd40e4e3771c808652ae4db9da86e34f4dc84f799ee36792770f7c585f5604c,6636234264491767903,18184493470946854964
gaussian,iid,W,1.0,12.0,24.0,128.0,0.0,0.0,0.71152344,7.0,0.9918670654296876,718fd0c6f331878e2864a846b250fc9a9ca5bbc8fdae971f91389bc72e2207d1,6636234264491767903,18184493470946854964
gaussian,iid,W,1.0,12.0,24.0,128.0,0.0,0.0,0.71201172,7.0,0.9918797810872396,a92469add32459f1c084859a02145dcedc2ea796f0f88029bb790399b38c8792,6636234264491767903,18184493470946854964
gaussian,iid,W,1.0,12.0,24.0,128.0,0.0,0.0,0.71787109,7.0,0.9935404459635416,2e9b5aac949da7dfb63a74b840c6f7265749271b343392600b993b53b620e4e6,6636234264491767903,18184493470946854964
gaussian,iid,W,1.0,12.0,24.0,128.0,0.0,0.0,0.7203125,7.0,0.9939142862955728,fc49408314fde40dc0fed4755ae0bde0144aa68ef0339ee9c41c75826dabc6e1,6636234264491767903,18184493470946854964
gaussian,iid,W,1.0,12.0,24.0,128.0,0.0,0.0,0.72470703,7.0,0.99359130859375,c5ed3bada37e4a92568f2c0a2b2f0faff2f7548b43236e4054d49a90ecdd391b,6636234264491767903,18184493470946854964
gaussian,iid,W,1.0,12.0,24.0,128.0,0.0,0.0,0.69623302,8.0,0.1197382609049479,92b6122e225cffbc46fda5b3a563d53585bc075c82aeaf0ee98a5948bddb8dd6,3246283250773292637,8439985496317820471
gaussian,iid,W,1.0,12.0,24.0,128.0,0.0,0.0,0.69873496,8.0,0.1203155517578125,d204a4994f059fe4fc7a343390fc99f9bc4a126e29f920b3392d8a49ae37d065,3246283250773292637,8439985496317820471
gaussian,iid,W,1.0,12.0,24.0,128.0,0.0,0.0,0.7012369,8.0,0.1379013061523437,c16427fcb5856e76d2d10c44bdf10f0f679ebb3021b5e26023b38a9397e7bf62,3246283250773292637,8439985496317820471
gaussian,iid,W,1.0,12.0,24.0,128.0,0.0,0.0,0.70373883,8.0,0.19696044921875,a3ef354847b53fc27f5a0e60277c2462160c1ee57a0d12a6b803eaf546a75fc7,3246283250773292637,8439985496317820471
gaussian,iid,W,1.0,12.0,24.0,128.0,0.0,0.0,0.70624077,8.0,0.2020060221354166,f75106e08b532b4a7cd28178be4818285cdd79efc3d8bd09f468975527a9db6d,3246283250773292637,8439985496317820471
gaussian,iid,W,1.0,12.0,24.0,128.0,0.0,0.0,0.70874271,8.0,0.4412994384765625,2e175aac052899ab0a9c97244a8e8d6653eea6db7c3c7af9e89f367306bf274e,3246283250773292637,8439985496317820471
gaussian,iid,W,1.0,12.0,24.0,128.0,0.0,0.0,0.71124464,8.0,0.4419174194335937,9ccad94c4577285feafad93308ab390573a49adb41e43e3c512703514d4dcfe2,3246283250773292637,8439985496317820471
gaussian,iid,W,1.0,12.0,24.0,128.0,0.0,0.0,0.71374658,8.0,0.4921951293945312,fa641cc029b97dd6fe0ed93ecaa98aef6439d9ea8c62c18c30c0c456eca66f23,3246283250773292637,8439985496317820471
gaussian,iid,W,1.0,12.0,24.0,128.0,0.0,0.0,0.71624852,8.0,0.5214665730794271,f998df72842780e2485f26bce11247121cab9ee78a841ec097f6f7c669cf9a2f,3246283250773292637,8439985496317820471
gaussian,iid,W,1.0,12.0,24.0,128.0,0.0,0.0,0.71875045,8.0,0.5241495768229166,e1433c21ceb5b82c6674c2ffdbaaa52680cea4c0f9d766e318c855acf6a59e09,3246283250773292637,8439985496317820471
gaussian,iid,W,1.0,12.0,24.0,128.0,0.0,0.0,0.72125239,8.0,0.982007344563802,76cd6167c692134d027451802c1bcf91dcaebe1d7a1d8f08752705dfc1a4816c,3246283250773292637,8439985496317820471
gaussian,iid,W,1.0,12.0,24.0,128.0,0.0,0.0,0.72375433,8.0,0.9821014404296876,db3217f03085b605ec54fb71ed4e3014f453891fae6122a0afc70586578e8246,3246283250773292637,8439985496317820471
gaussian,iid,W,1.0,12.0,24.0,128.0,0.0,0.0,0.72625626,8.0,0.982213338216146,914cfa1ca7edb06202e2dd234f29eac9f35ecc1421ce24318c1ae27030247a84,3246283250773292637,8439985496317820471
gaussian,iid,W,1.0,12.0,24.0,128.0,0.0,0.0,0.7287582,8.0,0.9835637410481772,2f8e13770381eed7fd7487f1b336a29026e509fb5205553f90e25d4a80e1149c,3246283250773292637,8439985496317820471
gaussian,iid,W,1.0,12.0,24.0,128.0,0.0,0.0,0.73126014,8.0,0.976226806640625,1e3f37946c89134421ae8d7b103874e66e374fe45d6ead81652e7fd8613d5f81,3246283250773292637,8439985496317820471
gaussian,iid,W,1.0,12.0,24.0,128.0,0.0,0.0,0.73376207,8.0,0.985338846842448,03fe8bbd7a8698f0003465f35d5d0b680309c44f8eeee5033eb8a8bb579f5de1,3246283250773292637,8439985496317820471
gaussian,iid,W,1.0,12.0,24.0,128.0,0.0,0.0,0.71689453,8.0,0.5220184326171875,5e07df8a43088a6bcd71605aed30c7599a8ea7642b4f7e30933108f99dfc2fe4,3246283250773292637,8439985496317820471
gaussian,iid,W,1.0,12.0,24.0,128.0,0.0,0.0,0.71749948,8.0,0.5229263305664062,3efa57cbfa57e10a867d2d3140c818e3ef86443e16430f52db88014e66ceafee,3246283250773292637,8439985496317820471
gaussian,iid,W,1.0,12.0,24.0,128.0,0.0,0.0,0.71835938,8.0,0.5241216023763021,050eab0bf18bc110f08a9b829a4245726cd531b3e4745444c8c343d234312def,3246283250773292637,8439985496317820471
gaussian,iid,W,1.0,12.0,24.0,128.0,0.0,0.0,0.71933594,8.0,0.5244725545247396,4a7cb69eb8896d7abb2b0606fbb3d0ccf1a8cebe014249964fa57d48d49bbebd,3246283250773292637,8439985496317820471
gaussian,iid,W,1.0,12.0,24.0,128.0,0.0,0.0,0.72000142,8.0,0.5245208740234375,199d27342a7a71c6abbc1b4dc795128ef58ce8888684fe0eab1c7c19e943b3f7,3246283250773292637,8439985496317820471
gaussian,iid,W,1.0,12.0,24.0,128.0,0.0,0.0,0.72080078,8.0,0.9819971720377604,ef5bedf076bcf2dc7737b3003813d40097f1119e2f201a8840a8f2007f584125,3246283250773292637,8439985496317820471
gaussian,iid,W,1.0,12.0,24.0,128.0,0.0,0.0,0.72421875,8.0,0.9821599324544272,405c76bca894c8e8362469f409e32d8d2af87b0aa7d1e3ae853f727c75860756,3246283250773292637,8439985496317820471
gaussian,iid,W,1.0,12.0,24.0,128.0,0.0,0.0,0.72500529,8.0,0.982190450032552,a4e03f06478eb4badf5277983f63c02fa4bb71196f33d4b48422da6cee03fa05,3246283250773292637,8439985496317820471
gaussian,iid,W,1.0,12.0,24.0,128.0,0.0,0.0,0.72568359,8.0,0.9822006225585938,317e6a9dda0ea69cf27175a36d89a45814f525a1faf33212d93526d6721c0358,3246283250773292637,8439985496317820471
gaussian,iid,W,1.0,12.0,24.0,128.0,0.0,0.0,0.70248787,8.0,0.1962203979492187,afcab45ba2b49bb6009b7ce953f8a2886a3241d8f748c2c0f8d96046a8fa9c98,3246283250773292637,8439985496317820471
gaussian,iid,W,1.0,12.0,24.0,128.0,0.0,0.0,0.70273438,8.0,0.19622802734375,1154bb3b9f39aa9fe1e55af52217dd34b9b61eb63d75dbbaec80e509973d3f18,3246283250773292637,8439985496317820471
gaussian,iid,W,1.0,12.0,24.0,128.0,0.0,0.0,0.70322266,8.0,0.1968892415364583,5c48583ca6471ab482dd4729975806756c56178e0b31c91ccacb0ba5f719cb11,3246283250773292637,8439985496317820471
gaussian,iid,W,1.0,12.0,24.0,128.0,0.0,0.0,0.71152344,8.0,0.4419174194335937,30867a4f7c80e0b4f3a54cf755e83b240f79b5350ecf0257c060e95175bda5ce,3246283250773292637,8439985496317820471
gaussian,iid,W,1.0,12.0,24.0,128.0,0.0,0.0,0.71201172,8.0,0.4918289184570312,e3cc76eeb0d446b76726f2d4bf930c64c108af61443cccfb03f1b853ef006ec4,3246283250773292637,8439985496317820471
gaussian,iid,W,1.0,12.0,24.0,128.0,0.0,0.0,0.71787109,8.0,0.5229593912760416,82fa7dd22a40a00eb519f271c5f4401f895bcd87638a1c02e5b681ed50a981ac,3246283250773292637,8439985496317820471
gaussian,iid,W,1.0,12.0,24.0,128.0,0.0,0.0,0.7203125,8.0,0.524566650390625,d05928e58ba3c3832561f19e3cda6aa2b8dde775d81da95b6f1411ae534dde3c,3246283250773292637,8439985496317820471
gaussian,iid,W,1.0,12.0,24.0,128.0,0.0,0.0,0.72470703,8.0,0.982190450032552,3475a49dba1e74325d8c7ad3bdea6c9a7bd10c4ac4a4689a16a32f400c47054e,3246283250773292637,8439985496317820471
gaussian,iid,W,1.0,12.0,24.0,128.0,0.0,0.0,0.69623302,9.0,0.0531489054361979,2703bcb034d3b3fd2b915d55c0d8bdca1ed27c939b51b5112ebc02ee6bb989d9,12712418943491446549,10730305575676391514
gaussian,iid,W,1.0,12.0,24.0,128.0,0.0,0.0,0.69873496,9.0,0.0698216756184895,988cb2d10b4badc8bfc87f254568b1cff32b6ffa82b8452b60ad569ecc19b509,12712418943491446549,10730305575676391514
gaussian,iid,W,1.0,12.0,24.0,128.0,0.0,0.0,0.7012369,9.0,0.0704727172851562,f1260b02cd2088c0aba41f2f36908df5e1ca60995b7b0969e1649fee266d32dc,12712418943491446549,10730305575676391514
gaussian,iid,W,1.0,12.0,24.0,128.0,0.0,0.0,0.70373883,9.0,0.0714391072591145,a781afc4310079993c8c8794b275f0f4b3f7f7817e6173dffb19d375db5052fc,12712418943491446549,10730305575676391514
gaussian,iid,W,1.0,12.0,24.0,128.0,0.0,0.0,0.70624077,9.0,0.1312967936197916,95f9a7eb6ef8a26ab28f8473be1d7b1685157cd9d1d4493e16f3a72338e0252c,12712418943491446549,10730305575676391514
gaussian,iid,W,1.0,12.0,24.0,128.0,0.0,0.0,0.70874271,9.0,0.1946309407552083,b9731dd1114421214de09569fe60fd8ee1ee38f302a880bc4aeedbe079e993e3,12712418943491446549,10730305575676391514
gaussian,iid,W,1.0,12.0,24.0,128.0,0.0,0.0,0.71124464,9.0,0.3641764322916667,3f99b55b745c03257fd834b5a9dc73faa29a43c155390e0c85697d6ced5c3739,12712418943491446549,10730305575676391514
gaussian,iid,W,1.0,12.0,24.0,128.0,0.0,0.0,0.71374658,9.0,0.3666051228841145,20d91c2bfa6dc11a72ad85621a587d0acfae4f7a3ebf140133b8f05db568e842,12712418943491446549,10730305575676391514
gaussian,iid,W,1.0,12.0,24.0,128.0,0.0,0.0,0.71624852,9.0,0.5079676310221354,9ed2a7a5a7dca3d6c1fc7071b0c3d7ec39b27d18c5cf0fa3efae718963828a6a,12712418943491446549,10730305575676391514
gaussian,iid,W,1.0,12.0,24.0,128.0,0.0,0.0,0.71875045,9.0,0.9882024129231772,845691445e0521885c89092ead3d3892902f99083fe4130266258fe3d96108fa,12712418943491446549,10730305575676391514
gaussian,iid,W,1.0,12.0,24.0,128.0,0.0,0.0,0.72125239,9.0,0.988428751627604,76c0316f131216341c526ec34c13806a2d22ba24ca963e6883624c968922bdd6,12712418943491446549,10730305575676391514
gaussian,iid,W,1.0,12.0,24.0,128.0,0.0,0.0,0.72375433,9.0,0.9884694417317708,b13ba166721573868b695d8dbc458b680e0a3b3be4291a0907423d3cf6fd18d1,12712418943491446549,10730305575676391514
gaussian,iid,W,1.0,12.0,24.0,128.0,0.0,0.0,0.72625626,9.0,0.991795857747396,3ded3357532deb48f7601cfd63cbc2ef21be695ee8d5aafe53e8dde167d9a6e7,12712418943491446549,10730305575676391514
gaussian,iid,W,1.0,12.0,24.0,128.0,0.0,0.0,0.7287582,9.0,0.9918721516927084,71490558864751b973b002092a97c13f3de1336d08abaec179c13908e83f0726,12712418943491446549,10730305575676391514
gaussian,iid,W,1.0,12.0,24.0,128.0,0.0,0.0,0.73126014,9.0,0.9926783243815104,bbb2a17e873948b92460417939a463e9c86d15b4c6ff4270ec0e6489ba8571bd,12712418943491446549,10730305575676391514
gaussian,iid,W,1.0,12.0,24.0,128.0,0.0,0.0,0.73376207,9.0,0.9930089314778646,ed991c3f4e596519f1fd05c767ce674616c815c9174ed2702a09decf6058983d,12712418943491446549,10730305575676391514
gaussian,iid,W,1.0,12.0,24.0,128.0,0.0,0.0,0.71689453,9.0,0.7730127970377604,c8dd732e51b30f95a6c4c0e1f1e0846967771bea6b3b01bb0969e7dc37c024ac,12712418943491446549,10730305575676391514
gaussian,iid,W,1.0,12.0,24.0,128.0,0.0,0.0,0.71749948,9.0,0.7730178833007812,498b7f9e1d29eea4e52d98ffa417dfa7e8cc09b907909709cc85145193813732,12712418943491446549,10730305575676391514
gaussian,iid,W,1.0,12.0,24.0,128.0,0.0,0.0,0.71835938,9.0,0.9881922403971354,eaf55fe3f735a7677c8a8dd521f47d82d1ac2333427251a99c073d37032b1997,12712418943491446549,10730305575676391514
gaussian,iid,W,1.0,12.0,24.0,128.0,0.0,0.0,0.71933594,9.0,0.9882176717122396,143c56cedfe2112981a99b2c2a692c28571d8bc09c1adc384424ac3fa8e84d13,12712418943491446549,10730305575676391514
gaussian,iid,W,1.0,12.0,24.0,128.0,0.0,0.0,0.72000142,9.0,0.9881998697916666,87130ae8bb5e45acd1cb09de0e7692e0e1f5fae2ae684e9eb49d3a4f68e5578c,12712418943491446549,10730305575676391514
gaussian,iid,W,1.0,12.0,24.0,128.0,0.0,0.0,0.72080078,9.0,0.988250732421875,0b234e3e894edc934085d2d7d457ae6d33c549c5104b06cb0245710bad522635,12712418943491446549,10730305575676391514
gaussian,iid,W,1.0,12.0,24.0,128.0,0.0,0.0,0.72421875,9.0,0.9884745279947916,a7e2e2440753c507851071ec0dccf66036dc6a09f76020adcf937587734c02c7,12712418943491446549,10730305575676391514
gaussian,iid,W,1.0,12.0,24.0,128.0,0.0,0.0,0.72500529,9.0,0.9917805989583334,66215f0004f0b0830b78e5949787b639b6b909607d91fe33182b89b124e73db9,12712418943491446549,10730305575676391514
gaussian,iid,W,1.0,12.0,24.0,128.0,0.0,0.0,0.72568359,9.0,0.9917882283528646,1e10e297ab8316c56e4970f6fb2643834b225fc22176188e3b3bd8c42af8307c,12712418943491446549,10730305575676391514
gaussian,iid,W,1.0,12.0,24.0,128.0,0.0,0.0,0.70248787,9.0,0.0713297526041666,8f103ec9930295da9fa5fe880f763946eeec4c175704e64fa5584405b398314e,12712418943491446549,10730305575676391514
gaussian,iid,W,1.0,12.0,24.0,128.0,0.0,0.0,0.70273438,9.0,0.071332295735677,88fe3eb42b7b081b3bb677779225a74b490dacc6414d7d48dfbb0f170aaca798,12712418943491446549,10730305575676391514
gaussian,iid,W,1.0,12.0,24.0,128.0,0.0,0.0,0.70322266,9.0,0.0713348388671875,5e2cf9e5b46e4dd2b69d867fd0d0a548806e876b4c28148c3f20c0ab87542170,12712418943491446549,10730305575676391514
gaussian,iid,W,1.0,12.0,24.0,128.0,0.0,0.0,0.71152344,9.0,0.3641840616861979,53864f28938b3aba93d0bf962c216bd161b6e91d9c27fea96b2103da731a9944,12712418943491446549,10730305575676391514
gaussian,iid,W,1.0,12.0,24.0,128.0,0.0,0.0,0.71201172,9.0,0.3664296468098958,fba3dd0a0bacf25204e8ebb0cca4266c0ac9cee32b7dc1d7b4d8ef31f9d3105e,12712418943491446549,10730305575676391514
gaussian,iid,W,1.0,12.0,24.0,128.0,0.0,0.0,0.71787109,9.0,0.9881362915039062,fb78841d9291f2671677a098a4a062ac57790105be8778720c63fe8c6dda0e2e,12712418943491446549,10730305575676391514
gaussian,iid,W,1.0,12.0,24.0,128.0,0.0,0.0,0.7203125,9.0,0.988194783528646,8f0db08beac957c63ef26921806acfd8a012d9e4eedb08dc6e880456e72e3b21,12712418943491446549,10730305575676391514
gaussian,iid,W,1.0,12.0,24.0,128.0,0.0,0.0,0.72470703,9.0,0.991101582845052,5deae4688077fb597bf082010528126ec2d66e9f4d12449823f81346745c6099,12712418943491446549,10730305575676391514
gaussian,iid,W,1.0,12.0,24.0,128.0,0.0,0.0,0.69623302,10.0,0.2408574422200521,f8f3f0ce8260ba3bb07ba3ae20376c4605bbbee70af8b837599ba4073a581794,5150031729543198991,7332502026852766729
gaussian,iid,W,1.0,12.0,24.0,128.0,0.0,0.0,0.69873496,10.0,0.2414194742838541,7577c264038c32af4fdaa301814c6eee14479ba6477ec23a541e4822d437987e,5150031729543198991,7332502026852766729
gaussian,iid,W,1.0,12.0,24.0,128.0,0.0,0.0,0.7012369,10.0,0.2442398071289062,d6a7554fec04ddf0ac1debc68b7130be185149a5cff5f77a5151bf364efdf525,5150031729543198991,7332502026852766729
gaussian,iid,W,1.0,12.0,24.0,128.0,0.0,0.0,0.70373883,10.0,0.2509867350260417,f4dba42a4e498d9efaec49ae48ebff2edceb27ddc61a84a83888894644dde609,5150031729543198991,7332502026852766729
gaussian,iid,W,1.0,12.0,24.0,128.0,0.0,0.0,0.70624077,10.0,0.2508087158203125,46e4f211e3fdcd1908c5ad9ec9697a7e8c9e13b383b6531d6509d46fbfe731b9,5150031729543198991,7332502026852766729
gaussian,iid,W,1.0,12.0,24.0,128.0,0.0,0.0,0.70874271,10.0,0.4075698852539062,a02ed5669d0f89069f81c7b31e67f43b5e56684d5b9de30b0243df4b27e46753,5150031729543198991,7332502026852766729
gaussian,iid,W,1.0,12.0,24.0,128.0,0.0,0.0,0.71124464,10.0,0.4533793131510417,b5ecfb46ec9d1c8b135ffdc4635504f99efa68b82e760af51d0909214e9ccbdd,5150031729543198991,7332502026852766729
gaussian,iid,W,1.0,12.0,24.0,128.0,0.0,0.0,0.71374658,10.0,0.6776504516601562,c1ebde2cb593c1fdd4f1ff57e5961e76c9de1dbe61432a05bf9b82b23f01ceb3,5150031729543198991,7332502026852766729
gaussian,iid,W,1.0,12.0,24.0,128.0,0.0,0.0,0.71624852,10.0,0.68133544921875,e0b1e70c00d30a0d7125a21dd29aac96d54cea8c34f51839cf063226589ccbd5,5150031729543198991,7332502026852766729
gaussian,iid,W,1.0,12.0,24.0,128.0,0.0,0.0,0.71875045,10.0,0.9897181193033854,c76dfd5ee3033e1169cd5b2a9c5f285a27362fd6b0134362589407810adbae5f,5150031729543198991,7332502026852766729
gaussian,iid,W,1.0,12.0,24.0,128.0,0.0,0.0,0.72125239,10.0,0.9898630777994792,b8193ae58e50258fa7fa806c8854fa02e921c439dae0a68f5c1d9c3c19357423,5150031729543198991,7332502026852766729
gaussian,iid,W,1.0,12.0,24.0,128.0,0.0,0.0,0.72375433,10.0,0.99310302734375,3c76f3a679b0e746146760df3835094b522f41ec7e8d2a4743c708d7ffdc50b6,5150031729543198991,7332502026852766729
gaussian,iid,W,1.0,12.0,24.0,128.0,0.0,0.0,0.72625626,10.0,0.9932403564453124,7e7a036362e9b4199e2e242ae7caf81caf856cda8623194db0fbfdc2b4777beb,5150031729543198991,7332502026852766729
gaussian,iid,W,1.0,12.0,24.0,128.0,0.0,0.0,0.7287582,10.0,0.993311564127604,192a8f4358387835188604e47e410b787f26490c95690c11f33290a1665e437a,5150031729543198991,7332502026852766729
gaussian,iid,W,1.0,12.0,24.0,128.0,0.0,0.0,0.73126014,10.0,0.9934132893880208,3f3aaa0e528971b7d3e2789efb10fc4be904312c633204342949b5e61f9904d3,5150031729543198991,7332502026852766729
gaussian,iid,W,1.0,12.0,24.0,128.0,0.0,0.0,0.73376207,10.0,0.9935226440429688,178e90f7ed3dd736aec162e57226fab45c9450c4b1a9e15452cd583c9113bfd7,5150031729543198991,7332502026852766729
gaussian,iid,W,1.0,12.0,24.0,128.0,0.0,0.0,0.71689453,10.0,0.6822840372721354,daad70406ab35f466bbd7c831ca644a8505eb1fbd712084b9f96173aaf93dc06,5150031729543198991,7332502026852766729
gaussian,iid,W,1.0,12.0,24.0,128.0,0.0,0.0,0.71749948,10.0,0.6824264526367188,e28e92f12bd1e915ec7cbfde30a1c7a3f2f1434b14e8c3a0373c400e0657ffd7,5150031729543198991,7332502026852766729
gaussian,iid,W,1.0,12.0,24.0,128.0,0.0,0.0,0.71835938,10.0,0.989715576171875,0fef1c8cdf4a5fa860e69aa53290b7d75f515fb2266c3110265b4f68553be26c,5150031729543198991,7332502026852766729
gaussian,iid,W,1.0,12.0,24.0,128.0,0.0,0.0,0.71933594,10.0,0.9897257486979166,3e57b841ca13a26136d243bdf793ef99e27ee4d107ce9901945e045cc9be5809,5150031729543198991,7332502026852766729
gaussian,iid,W,1.0,12.0,24.0,128.0,0.0,0.0,0.72000142,10.0,0.9897410074869792,388e38e74594f7f2464c36bb8342100785b79eea6b1b0901243d24882d5f455c,5150031729543198991,7332502026852766729
gaussian,iid,W,1.0,12.0,24.0,128.0,0.0,0.0,0.72080078,10.0,0.9897689819335938,b733768c537f35a709bc9f255aacda1ea62eb87bb742215c8542226614f95af4,5150031729543198991,7332502026852766729
gaussian,iid,W,1.0,12.0,24.0,128.0,0.0,0.0,0.72421875,10.0,0.9931081136067708,21244a1eca32189fdc67bbbc57ffd154d77ac34ba49b371791ce33ff2fb19b97,5150031729543198991,7332502026852766729
gaussian,iid,W,1.0,12.0,24.0,128.0,0.0,0.0,0.72500529,10.0,0.9931131998697916,9f56463652ccd98ed3fdf3491b3d5ea550024ef68fef4c045d48d850da988b3e,5150031729543198991,7332502026852766729
gaussian,iid,W,1.0,12.0,24.0,128.0,0.0,0.0,0.72568359,10.0,0.9931462605794272,520d9547b3168f8b894885946075a78b1d48ddabb13e993f85949e8652cc6d4f,5150031729543198991,7332502026852766729
gaussian,iid,W,1.0,12.0,24.0,128.0,0.0,0.0,0.70248787,10.0,0.2458394368489583,694bbd7c7063c7d062fd2c168a9371830912d10229f5faf94d29fe286b70018b,5150031729543198991,7332502026852766729
gaussian,iid,W,1.0,12.0,24.0,128.0,0.0,0.0,0.70273438,10.0,0.2463531494140625,d15ce703e70132fd823a467231743ea559eaee4567f0897975188db61b069e2e,5150031729543198991,7332502026852766729
gaussian,iid,W,1.0,12.0,24.0,128.0,0.0,0.0,0.70322266,10.0,0.2509740193684895,b017d27a67eb8a967e3115e9bc4a216542d174ee27d9f26447cc37231d17ba02,5150031729543198991,7332502026852766729
gaussian,iid,W,1.0,12.0,24.0,128.0,0.0,0.0,0.71152344,10.0,0.4533894856770833,5183149c8e5891996fcf838f1d8d9322b9882fb27d02da98055d351c3b2bc991,5150031729543198991,7332502026852766729
gaussian,iid,W,1.0,12.0,24.0,128.0,0.0,0.0,0.71201172,10.0,0.4533894856770833,bb7038b4708d2d0bcb707adabac75a70ae414bd7db43bb5ef132c1ac0805ee20,5150031729543198991,7332502026852766729
gaussian,iid,W,1.0,12.0,24.0,128.0,0.0,0.0,0.71787109,10.0,0.9896062215169272,e54c449f4d5888914ee33507b6e15ec3b03be8e92f198f817091fbe9fbbc2f5b,5150031729543198991,7332502026852766729
gaussian,iid,W,1.0,12.0,24.0,128.0,0.0,0.0,0.7203125,10.0,0.9897511800130208,3ee96ee35c459c676b22dba95f61c3ac8677a6acafc43b5d2adcb1e23a25258b,5150031729543198991,7332502026852766729
gaussian,iid,W,1.0,12.0,24.0,128.0,0.0,0.0,0.72470703,10.0,0.9931081136067708,87b13687e6ee259eff2aed13aa72ed85b35fa2bb6e82f886d0c04d66e0fe740b,5150031729543198991,7332502026852766729
gaussian,iid,W,1.0,12.0,24.0,128.0,0.0,0.0,0.69623302,11.0,0.2480443318684896,5f09b74237a2ea20578337817cf02776b615918643560e1c52272555896b59c9,4503336380177946681,2351902831009272913
gaussian,iid,W,1.0,12.0,24.0,128.0,0.0,0.0,0.69873496,11.0,0.2488021850585937,845ec9677a21b121a405dd6032a553b33c95d2a1ac7ee358f6a242fd0813e087,4503336380177946681,2351902831009272913
gaussian,iid,W,1.0,12.0,24.0,128.0,0.0,0.0,0.7012369,11.0,0.2490259806315104,92dfac8a3280b50be5baa1a85bb5cb278f50ed290db3595eaaf2158f646c0e84,4503336380177946681,2351902831009272913
gaussian,iid,W,1.0,12.0,24.0,128.0,0.0,0.0,0.70373883,11.0,0.3387629191080729,a467500fd0f036fd582f0e751d78382ddd437192c686bd9607e25260b4463743,4503336380177946681,2351902831009272913
gaussian,iid,W,1.0,12.0,24.0,128.0,0.0,0.0,0.70624077,11.0,0.4207661946614583,52ec1a729a2f42d5dd40d1ed21f7bcaa86a79efbdfe620c6701933fadba786d1,4503336380177946681,2351902831009272913
gaussian,iid,W,1.0,12.0,24.0,128.0,0.0,0.0,0.70874271,11.0,0.4215240478515625,b5ff84c3d9ddabb70efe194641800dfe8e9eff06a10ac6cd95001bb8ed18063c,4503336380177946681,2351902831009272913
gaussian,iid,W,1.0,12.0,24.0,128.0,0.0,0.0,0.71124464,11.0,0.4228922526041667,39f359fef101af32be10d6a2789651389577607e58dd35e69633b423103962ae,4503336380177946681,2351902831009272913
gaussian,iid,W,1.0,12.0,24.0,128.0,0.0,0.0,0.71374658,11.0,0.9255040486653646,88aa738eaf318d7956a34604c462a76eb3f29dae6f28a3b6ca7e7024e90b638a,4503336380177946681,2351902831009272913
gaussian,iid,W,1.0,12.0,24.0,128.0,0.0,0.0,0.71624852,11.0,0.9917627970377604,e262a1333edba0d51d3abe5b239b0efa75823b92955b1ed1d5af56c40397fa6f,4503336380177946681,2351902831009272913
gaussian,iid,W,1.0,12.0,24.0,128.0,0.0,0.0,0.71875045,11.0,0.9918289184570312,9095e91720ad4f7b733de4241b3a43f7284038560bfcb58431d3625a5860e77c,4503336380177946681,2351902831009272913
gaussian,iid,W,1.0,12.0,24.0,128.0,0.0,0.0,0.72125239,11.0,0.9919865926106772,954c4a09a3eb78b81c687ed3215d5f1e5b9061805278897b52941ca5bf162762,4503336380177946681,2351902831009272913
gaussian,iid,W,1.0,12.0,24.0,128.0,0.0,0.0,0.72375433,11.0,0.9921213785807292,9c63884ea104294634e3d9ba54ea4f737dc148bfd6dcc89087aa569b0461d2f6,4503336380177946681,2351902831009272913
gaussian,iid,W,1.0,12.0,24.0,128.0,0.0,0.0,0.72625626,11.0,0.9922536214192708,371373b85a0ec6b35ad4e8b83392b737a2f1867de1a630ac1421ec22371c9caf,4503336380177946681,2351902831009272913
gaussian,iid,W,1.0,12.0,24.0,128.0,0.0,0.0,0.7287582,11.0,0.9927775065104166,6bcb1ef58561a51d70373cbea6ac43f348fda8ceced616798c63871e3df95347,4503336380177946681,2351902831009272913
gaussian,iid,W,1.0,12.0,24.0,128.0,0.0,0.0,0.73126014,11.0,0.9929351806640624,13accea32d147ec12b3842e21e2ac10153748d136fde3c4b28a09184a2bf6c4b,4503336380177946681,2351902831009272913
gaussian,iid,W,1.0,12.0,24.0,128.0,0.0,0.0,0.73376207,11.0,0.993988037109375,a35a41f5502d68182925fb142ccd62cefff1cab9de45d25c360012d8e2acbcf9,4503336380177946681,2351902831009272913
gaussian,iid,W,1.0,12.0,24.0,128.0,0.0,0.0,0.71689453,11.0,0.991772969563802,f74f41af98034262c166711720774eac5131ae66b71c1ab20fb302861fa5f38f,4503336380177946681,2351902831009272913
gaussian,iid,W,1.0,12.0,24.0,128.0,0.0,0.0,0.71749948,11.0,0.991790771484375,591226172e22793d328e04908d305b1ddd4498e82bba3991ad4f007a2b8b0b9d,4503336380177946681,2351902831009272913
gaussian,iid,W,1.0,12.0,24.0,128.0,0.0,0.0,0.71835938,11.0,0.9918289184570312,a1fb7e581c66e7105cf3660196ec2114536b31592d7564a8a81d5ec0842a63a0,4503336380177946681,2351902831009272913
gaussian,iid,W,1.0,12.0,24.0,128.0,0.0,0.0,0.71933594,11.0,0.9918390909830728,5f4c2ece69d399d0045670b5b52ffdc383d93d0347e1b23120acadbe6606cfd4,4503336380177946681,2351902831009272913
gaussian,iid,W,1.0,12.0,24.0,128.0,0.0,0.0,0.72000142,11.0,0.9919102986653646,33f3126119ff939b0b7c93b172e4fbe0b4157bd9a7ec70ec526baa4f873df4f0,4503336380177946681,2351902831009272913
gaussian,iid,W,1.0,12.0,24.0,128.0,0.0,0.0,0.72080078,11.0,0.9919764200846354,f974c6ec52d805ba863651b76e6e8bb1eed1fae233085ddea842bbc84fae8b7e,4503336380177946681,2351902831009272913
gaussian,iid,W,1.0,12.0,24.0,128.0,0.0,0.0,0.72421875,11.0,0.9921442667643228,457e63b51522828e4dcd4128c8aa9a5da7aacc083a269205b7c1767e7ee78d60,4503336380177946681,2351902831009272913
gaussian,iid,W,1.0,12.0,24.0,128.0,0.0,0.0,0.72500529,11.0,0.9922434488932292,b26e98f1e4a91b133a875a007ecda42172d87a97786ac80a2d6d63b80c048812,4503336380177946681,2351902831009272913
gaussian,iid,W,1.0,12.0,24.0,128.0,0.0,0.0,0.72568359,11.0,0.9922637939453124,7f68d2c8e1dda2c2cb5a438f970f5daac789925c33e6eed12e6c2babc1750c45,4503336380177946681,2351902831009272913
gaussian,iid,W,1.0,12.0,24.0,128.0,0.0,0.0,0.70248787,11.0,0.2489725748697916,5a22ca4a80e1330c5c2636f346328c2945e602b97302a45a601ff24d0dc5719a,4503336380177946681,2351902831009272913
gaussian,iid,W,1.0,12.0,24.0,128.0,0.0,0.0,0.70273438,11.0,0.2490056355794271,22a1935ca495bafc91300a8424ec850884611ee311817dea82321506a0bd3266,4503336380177946681,2351902831009272913
gaussian,iid,W,1.0,12.0,24.0,128.0,0.0,0.0,0.70322266,11.0,0.2490132649739583,127ea812b3d0c0c365a2327f5c51484ff95d87fa23288f9063cbdc0864dae809,4503336380177946681,2351902831009272913
gaussian,iid,W,1.0,12.0,24.0,128.0,0.0,0.0,0.71152344,11.0,0.4228922526041667,e2c6f024ded3ed57d61fdd773a7f4fe2c4dfa82689bbf501d780e4d1f155996c,4503336380177946681,2351902831009272913
gaussian,iid,W,1.0,12.0,24.0,128.0,0.0,0.0,0.71201172,11.0,0.4272206624348958,5e3a0e1c2a9ddf6584a46c81f8ffa8de4e5166606ef3ad9f3f778aee24f8bfa6,4503336380177946681,2351902831009272913
gaussian,iid,W,1.0,12.0,24.0,128.0,0.0,0.0,0.71787109,11.0,0.9918034871419272,55fec3f36480fc83b8e7245d6bd1bdd3c96ec8ad89c9083d262b84adce5acdec,4503336380177946681,2351902831009272913
gaussian,iid,W,1.0,12.0,24.0,128.0,0.0,0.0,0.7203125,11.0,0.9919662475585938,dabf44583b85ed68751c52b54f59f84fd44139908fb9aef96669c16b9454032a,4503336380177946681,2351902831009272913
gaussian,iid,W,1.0,12.0,24.0,128.0,0.0,0.0,0.72470703,11.0,0.992235819498698,d131a11adf4a122a237e4995bb98475a9d50cf4d1d8016c6fb3b73ddd51efeb8,4503336380177946681,2351902831009272913
gaussian,iid,W,1.0,12.0,24.0,128.0,0.0,0.0,0.69623302,12.0,0.1426544189453125,049b9af2a500438714f426d447e1505de94a64b1a4c0a1f30b3eb55f37f38fe4,3386421616478502377,807209257947685388
gaussian,iid,W,1.0,12.0,24.0,128.0,0.0,0.0,0.69873496,12.0,0.1537933349609375,21fab392bbefaf8b9935b8d2ef65e5d0f6250f8fe29107421cabfcf367fc2300,3386421616478502377,807209257947685388
gaussian,iid,W,1.0,12.0,24.0,128.0,0.0,0.0,0.7012369,12.0,0.2266947428385416,352eb6cdb7576675b01025236504c73d5ccadb51957da1a1325f4aa09f594c44,3386421616478502377,807209257947685388
gaussian,iid,W,1.0,12.0,24.0,128.0,0.0,0.0,0.70373883,12.0,0.3501358032226562,074edb79c042b25261fd6d002276b262f0f7654c860a8fc3b3db0d84da227c9d,3386421616478502377,807209257947685388
gaussian,iid,W,1.0,12.0,24.0,128.0,0.0,0.0,0.70624077,12.0,0.35260009765625,8a365e6bd66917ef25ad1c6c57121ab0a9ced0b0008fe20573654daeede28667,3386421616478502377,807209257947685388
gaussian,iid,W,1.0,12.0,24.0,128.0,0.0,0.0,0.70874271,12.0,0.3589528401692708,d058c04133bcda186332987a32020116f9b6151aa92e4e638f8b726504ccfe6b,3386421616478502377,807209257947685388
gaussian,iid,W,1.0,12.0,24.0,128.0,0.0,0.0,0.71124464,12.0,0.3615671793619792,4b6e1f4fd6c4f5c63e03e9908141ee160379fa1d78cf73311f6334abf479a471,3386421616478502377,807209257947685388
gaussian,iid,W,1.0,12.0,24.0,128.0,0.0,0.0,0.71374658,12.0,0.5125172932942709,8bb02749e789da44569b6bac06b3bac5fecea1ba0de3cd67840f9594d7f093cc,3386421616478502377,807209257947685388
gaussian,iid,W,1.0,12.0,24.0,128.0,0.0,0.0,0.71624852,12.0,0.5149180094401041,7cc33a316a9a6c6cbf2271f5353825a171dadbde959ece29cb8288fca0a728e3,3386421616478502377,807209257947685388
gaussian,iid,W,1.0,12.0,24.0,128.0,0.0,0.0,0.71875045,12.0,0.5152028401692709,250590c8600ca22235f918fab6a712185f42576a7b8a62818aa5d8661d13d522,3386421616478502377,807209257947685388
gaussian,iid,W,1.0,12.0,24.0,128.0,0.0,0.0,0.72125239,12.0,0.986724853515625,07266aa70073bb137b3546b64b9a66c2e17cd8fcf94cdd257c7c5a6f7208a0bb,3386421616478502377,807209257947685388
gaussian,iid,W,1.0,12.0,24.0,128.0,0.0,0.0,0.72375433,12.0,0.9876429239908854,9121c612bd91abedade46247e9ba329cfb31600d31d2382e2c9a448d55b118fb,3386421616478502377,807209257947685388
gaussian,iid,W,1.0,12.0,24.0,128.0,0.0,0.0,0.72625626,12.0,0.987683614095052,a578eb8e2631663e21f932792e55b068aa84d3025a3689983eca6710613078eb,3386421616478502377,807209257947685388
gaussian,iid,W,1.0,12.0,24.0,128.0,0.0,0.0,0.7287582,12.0,0.987818400065104,a3238cac5da36eb4cf88a2d89c35715d212542b227fd45d243d0b9ce3c926068,3386421616478502377,807209257947685388
gaussian,iid,W,1.0,12.0,24.0,128.0,0.0,0.0,0.73126014,12.0,0.9932581583658854,32d77f1f268f1aed254e09e9b10a68a9b3446bb9d82cd8f1b57f94155e0258de,3386421616478502377,807209257947685388
gaussian,iid,W,1.0,12.0,24.0,128.0,0.0,0.0,0.73376207,12.0,0.9935963948567708,914fd8122b689a2e4eeb8552b67baac7d88053559c63c9ba87e25fc2974705a6,3386421616478502377,807209257947685388
gaussian,iid,W,1.0,12.0,24.0,128.0,0.0,0.0,0.71689453,12.0,0.5149714152018229,a398e6deb67d5c82481aa736c5312be0684c0c703e4cfe98208b68409e2d4d54,3386421616478502377,807209257947685388
gaussian,iid,W,1.0,12.0,24.0,128.0,0.0,0.0,0.71749948,12.0,0.5151392618815104,7300cc2fbb73a385ea73aa2a3e13be5644331593c49251e73d2edb232a5f9d9b,3386421616478502377,807209257947685388
gaussian,iid,W,1.0,12.0,24.0,128.0,0.0,0.0,0.71835938,12.0,0.5151952107747396,1dcc7ed90b6856e225d3e8b4f08d5a00665da5d7c0a9d57ce9a60649006ecd29,3386421616478502377,807209257947685388
gaussian,iid,W,1.0,12.0,24.0,128.0,0.0,0.0,0.71933594,12.0,0.5154774983723959,706ba0e4b3de5b561a75327d9e21d0a497351d5ef32c0813cab00766cebb49d2,3386421616478502377,807209257947685388
gaussian,iid,W,1.0,12.0,24.0,128.0,0.0,0.0,0.72000142,12.0,0.7331364949544271,cf943d4f9635388a8164f2b8c3b04148eca35c7c446c064435a2cc6448972486,3386421616478502377,807209257947685388
gaussian,iid,W,1.0,12.0,24.0,128.0,0.0,0.0,0.72080078,12.0,0.9867146809895834,ad2821fea0405ec42d93ce6e8d866ebdbce3c2c94538f66c48eb585c1eac04bf,3386421616478502377,807209257947685388
gaussian,iid,W,1.0,12.0,24.0,128.0,0.0,0.0,0.72421875,12.0,0.9876810709635416,d5200700adfde4700731e6bd5a11e86364fb6d487f2e343f1efc6f68aaa201e6,3386421616478502377,807209257947685388
gaussian,iid,W,1.0,12.0,24.0,128.0,0.0,0.0,0.72500529,12.0,0.987757364908854,e97bd49d0daa1f1a6bbd2a7bda3374d61142bbab1965e07dea28b673abcd47d3,3386421616478502377,807209257947685388
gaussian,iid,W,1.0,12.0,24.0,128.0,0.0,0.0,0.72568359,12.0,0.9876530965169272,94af4303db11416c3cd6fa7f178f70413aae7dcb9b6e7b397ad2b39a2eaae022,3386421616478502377,807209257947685388
gaussian,iid,W,1.0,12.0,24.0,128.0,0.0,0.0,0.70248787,12.0,0.3419672648111979,494949ed15f223f51b2e0848c464847d809b0acf6a1593f0601c00128311fbb2,3386421616478502377,807209257947685388
gaussian,iid,W,1.0,12.0,24.0,128.0,0.0,0.0,0.70273438,12.0,0.3420664469401042,1cb4a0ae04cb992f2254d5782444657c3a5a905a588f0de49c5ba08cbd9d6310,3386421616478502377,807209257947685388
gaussian,iid,W,1.0,12.0,24.0,128.0,0.0,0.0,0.70322266,12.0,0.3500289916992187,6b81b45107953fe871c8b3d901d380d3ade53189a36e06992fb56c5a067c92c2,3386421616478502377,807209257947685388
gaussian,iid,W,1.0,12.0,24.0,128.0,0.0,0.0,0.71152344,12.0,0.3615748087565104,34e3138937b29f919b42e6b60aa0f5280874b07f2dcca7bd4942ba921cad99a8,3386421616478502377,807209257947685388
gaussian,iid,W,1.0,12.0,24.0,128.0,0.0,0.0,0.71201172,12.0,0.5124435424804688,d3e690b7bc0331acde6cbc79afb07bbafbaaac5320f95d5fe0c80ddad52c6fec,3386421616478502377,807209257947685388
gaussian,iid,W,1.0,12.0,24.0,128.0,0.0,0.0,0.71787109,12.0,0.5151697794596354,45ce7d24ff5eb598dabdb5f03fc405aa4a7ce2f817366b24466c5ba78db9aa07,3386421616478502377,807209257947685388
gaussian,iid,W,1.0,12.0,24.0,128.0,0.0,0.0,0.7203125,12.0,0.7335739135742188,c2064314be4b9b0aa2f46be8e79f14968b88b7ee91ebd6f30d3a2aed81197453,3386421616478502377,807209257947685388
gaussian,iid,W,1.0,12.0,24.0,128.0,0.0,0.0,0.72470703,12.0,0.9877497355143228,6fc10b0f356e3c7ffcb96c229726f1f97d5d76adfcc97029ca3ab710ec16ec70,3386421616478502377,807209257947685388
gaussian,iid,W,1.0,12.0,24.0,128.0,0.0,0.0,0.69623302,13.0,0.0863393147786458,eb7433f37144ce60bc1ca28749ecb98179be0ddbd1eb39c730a6013234d948c6,13707800226645222773,18245551715904844279
gaussian,iid,W,1.0,12.0,24.0,128.0,0.0,0.0,0.69873496,13.0,0.1627680460611979,b8869f9221d799dd166b8d65739b37d44f8f4aa896571fdcd403fd898948e638,13707800226645222773,18245551715904844279
gaussian,iid,W,1.0,12.0,24.0,128.0,0.0,0.0,0.7012369,13.0,0.1628189086914062,ddab8b461ac84137a9e7c7ee3f738e740120a1adbcfc31d5567759b04bef9e79,13707800226645222773,18245551715904844279
gaussian,iid,W,1.0,12.0,24.0,128.0,0.0,0.0,0.70373883,13.0,0.1629816691080729,9df308db3d692bb0b09b6eb92a81fc945798a9ae81cca1f2d3241f23ffdea5ae,13707800226645222773,18245551715904844279
gaussian,iid,W,1.0,12.0,24.0,128.0,0.0,0.0,0.70624077,13.0,0.3474044799804687,654c980707dabe93ceeb94a223c6b0f48438359a0af9d5d5f04d5c350e314228,13707800226645222773,18245551715904844279
gaussian,iid,W,1.0,12.0,24.0,128.0,0.0,0.0,0.70874271,13.0,0.3475240071614583,c34410adcb5b4eb8eab15f66fe8020554fc528afa5ce171ce9da9e8109cf3f4c,13707800226645222773,18245551715904844279
gaussian,iid,W,1.0,12.0,24.0,128.0,0.0,0.0,0.71124464,13.0,0.2881952921549479,48b14720647991b3b3a456a64f95414a2aab3be9fdbe9ff64b1fd1ab290cad7c,13707800226645222773,18245551715904844279
gaussian,iid,W,1.0,12.0,24.0,128.0,0.0,0.0,0.71374658,13.0,0.287976582845052,754fc601e1bf38591155bc7e267d383cfac8f7eb2f8dc2039b58ae66d92e25b7,13707800226645222773,18245551715904844279
gaussian,iid,W,1.0,12.0,24.0,128.0,0.0,0.0,0.71624852,13.0,0.5409266153971354,1bb6470559d4a0d2e04ac4280fdc3637a5255315b5553387ccabfc5aee54e5f6,13707800226645222773,18245551715904844279
gaussian,iid,W,1.0,12.0,24.0,128.0,0.0,0.0,0.71875045,13.0,0.5410181681315104,e9e7ad2b202a616c42a3171e22b6abeb1167fca0bb572795456d3bf4d96a0cdb,13707800226645222773,18245551715904844279
gaussian,iid,W,1.0,12.0,24.0,128.0,0.0,0.0,0.72125239,13.0,0.9933369954427084,531d7dfe271f4d65a5c5b2a140130a34c33d6bca40536edccd0761c98793e021,13707800226645222773,18245551715904844279
gaussian,iid,W,1.0,12.0,24.0,128.0,0.0,0.0,0.72375433,13.0,0.9935124715169272,d772756cb96229ae7d81953d94e0917ac29e2cbff6d2ba04280b703fa057d677,13707800226645222773,18245551715904844279
gaussian,iid,W,1.0,12.0,24.0,128.0,0.0,0.0,0.72625626,13.0,0.993665059407552,896d13487d12b4cec34b86f59b48b89ae75bfef60dedfba0b942355f338f7ded,13707800226645222773,18245551715904844279
gaussian,iid,W,1.0,12.0,24.0,128.0,0.0,0.0,0.7287582,13.0,0.9938379923502604,1a0f0333690c4b5794c77f7858bb2fd39932808e69504e98c0b7a6e576f2c7f3,13707800226645222773,18245551715904844279
gaussian,iid,W,1.0,12.0,24.0,128.0,0.0,0.0,0.73126014,13.0,0.9940261840820312,a2624e2f7d644b2ac1a99bc625f52e2bb22e27e58144b9c4f89f25daa81697b3,13707800226645222773,18245551715904844279
gaussian,iid,W,1.0,12.0,24.0,128.0,0.0,0.0,0.73376207,13.0,0.9940388997395834,14438bbeabd1b617cb391992826ec843a93ad776ccbe9ca2381c9e324d90c64e,13707800226645222773,18245551715904844279
gaussian,iid,W,1.0,12.0,24.0,128.0,0.0,0.0,0.71689453,13.0,0.5409571329752604,7e3c8dd3bb4414be2d4aa95dd33862415515ac19c313c063772c1c375dfba7f6,13707800226645222773,18245551715904844279
gaussian,iid,W,1.0,12.0,24.0,128.0,0.0,0.0,0.71749948,13.0,0.5409774780273438,f46c18c425729f7475993efbedb2452da565ebc72be9e9800e57b922b81ec336,13707800226645222773,18245551715904844279
gaussian,iid,W,1.0,12.0,24.0,128.0,0.0,0.0,0.71835938,13.0,0.5410003662109375,c8e5eda63167645c54024fb62a6c8fe061fa1715dcff69eb3d912d0a593b0fad,13707800226645222773,18245551715904844279
gaussian,iid,W,1.0,12.0,24.0,128.0,0.0,0.0,0.71933594,13.0,0.5410257975260416,98367130d69431e67ea9cbf820868faa23833b6f8fa3b73054d6e4682a951ec3,13707800226645222773,18245551715904844279
gaussian,iid,W,1.0,12.0,24.0,128.0,0.0,0.0,0.72000142,13.0,0.5411605834960938,1d36b8ca8b9db5498bf510da7adb085511a0e72f5ac14771a5d9692305282949,13707800226645222773,18245551715904844279
gaussian,iid,W,1.0,12.0,24.0,128.0,0.0,0.0,0.72080078,13.0,0.9933319091796876,bc473e1bf97cf8c7298e4df38c057d2a5d2822b9e533ba0fe1f76ac703a1869e,13707800226645222773,18245551715904844279
gaussian,iid,W,1.0,12.0,24.0,128.0,0.0,0.0,0.72421875,13.0,0.9935862223307292,cd906e2dc3cd15d76ec2c9eb54da46be2421b57f10279ebe208be5fa6954ef18,13707800226645222773,18245551715904844279
gaussian,iid,W,1.0,12.0,24.0,128.0,0.0,0.0,0.72500529,13.0,0.9936472574869792,0aca8c5078c76d76f11086f498d57b963c92c1dd1449a0e98b53f69a817b492e,13707800226645222773,18245551715904844279
gaussian,iid,W,1.0,12.0,24.0,128.0,0.0,0.0,0.72568359,13.0,0.9936548868815104,891271b40e99932722eb2fdf1d12c17732cd591e261d5da95503ea3f9b0f9ef2,13707800226645222773,18245551715904844279
gaussian,iid,W,1.0,12.0,24.0,128.0,0.0,0.0,0.70248787,13.0,0.1628545125325521,a04fadf72a740a9f0abef19ac739bc4668fafccf4b555530a50ebb0e4dd0b960,13707800226645222773,18245551715904844279
gaussian,iid,W,1.0,12.0,24.0,128.0,0.0,0.0,0.70273438,13.0,0.1628545125325521,1a4222052c629f9db97cdc92ef2363df5a445be9eb35b035c6d211c14effb7f0,13707800226645222773,18245551715904844279
gaussian,iid,W,1.0,12.0,24.0,128.0,0.0,0.0,0.70322266,13.0,0.1629689534505208,ef20f0cb99a9fdef9b22e103bda22073a699e3b517a426233cd52b572a12fa09,13707800226645222773,18245551715904844279
gaussian,iid,W,1.0,12.0,24.0,128.0,0.0,0.0,0.71152344,13.0,0.2881927490234375,d40084d0205bc3e34c360d8ab1aa2d7704910dca7ae613fad9bcada1634ac6c9,13707800226645222773,18245551715904844279
gaussian,iid,W,1.0,12.0,24.0,128.0,0.0,0.0,0.71201172,13.0,0.2882003784179687,024f5a7a1bb23168304f8037b1a10ed03c369f7ee2c70f2e75c93ddf967e1e97,13707800226645222773,18245551715904844279
gaussian,iid,W,1.0,12.0,24.0,128.0,0.0,0.0,0.71787109,13.0,0.5409800211588541,8e3bdc5e89c426c2f0dada352422d175d5e4b5cfa6744dbb7c149b6c3960bdc3,13707800226645222773,18245551715904844279
gaussian,iid,W,1.0,12.0,24.0,128.0,0.0,0.0,0.7203125,13.0,0.5412928263346354,f9c64cf1c605ca67436c46635287c5739c908f9d59c6f4506c6b65aae7c9a607,13707800226645222773,18245551715904844279
gaussian,iid,W,1.0,12.0,24.0,128.0,0.0,0.0,0.72470703,13.0,0.9936447143554688,c4fcd584737b3705148d9338133cca27f3b6b8309765d8e0826a27d6031296f6,13707800226645222773,18245551715904844279
gaussian,iid,W,1.0,12.0,24.0,128.0,0.0,0.0,0.69623302,14.0,0.102734883626302,041770294a54864c6b2d566e8784107c17d5850412b9d05cf20c2e25ce340eb5,13722774486878718341,15133883361301602716
gaussian,iid,W,1.0,12.0,24.0,128.0,0.0,0.0,0.69873496,14.0,0.1246490478515625,ecddd6d7677013b6f0b77ddfbd6bc383fd50c1a0abebc5088ed63e6367481302,13722774486878718341,15133883361301602716
gaussian,iid,W,1.0,12.0,24.0,128.0,0.0,0.0,0.7012369,14.0,0.1310145060221354,9fa7f7380258f3381c7b657ac3fc3cf55712c2611304b87edb340b31138bd3b0,13722774486878718341,15133883361301602716
gaussian,iid,W,1.0,12.0,24.0,128.0,0.0,0.0,0.70373883,14.0,0.2425715128580729,73c529afbe666cc66925f65e542c6146df8bb957bdb02913c1a0b07ff654ff35,13722774486878718341,15133883361301602716
gaussian,iid,W,1.0,12.0,24.0,128.0,0.0,0.0,0.70624077,14.0,0.2427775065104166,4ab055b9f33f5d7b558451899b71932ddc5c402111c434005dc81a7d9f9207fe,13722774486878718341,15133883361301602716
gaussian,iid,W,1.0,12.0,24.0,128.0,0.0,0.0,0.70874271,14.0,0.6401824951171875,031005da1d6a19e7d4a2357196905db89b35654fc2e6195bbbc9653ac15ea569,13722774486878718341,15133883361301602716
gaussian,iid,W,1.0,12.0,24.0,128.0,0.0,0.0,0.71124464,14.0,0.6483154296875,52b89f10426e9ca54e0e94794c9d6d1714077d155811ea6b9fc30a29c66b4997,13722774486878718341,15133883361301602716
gaussian,iid,W,1.0,12.0,24.0,128.0,0.0,0.0,0.71374658,14.0,0.6486155192057291,12e7f247f30bb69ef77ea9ebaa1ca1224c7ffaf2281bc060c00a65618ed43a9b,13722774486878718341,15133883361301602716
gaussian,iid,W,1.0,12.0,24.0,128.0,0.0,0.0,0.71624852,14.0,0.6491190592447916,557218a96d30de624d45981d289792726ecb6a6a9300f646c1916d83a90e48fa,13722774486878718341,15133883361301602716
gaussian,iid,W,1.0,12.0,24.0,128.0,0.0,0.0,0.71875045,14.0,0.6500600179036459,b63289cb0f29f5d645189f9f4b377cbc6b8e28da85ca0a4b5c823dbe099b81a6,13722774486878718341,15133883361301602716
gaussian,iid,W,1.0,12.0,24.0,128.0,0.0,0.0,0.72125239,14.0,0.8650309244791666,e14a01055559e99c043b3e2ed3f4bc46c80ba8e52ce95c9c58b3450909d23a1b,13722774486878718341,15133883361301602716
gaussian,iid,W,1.0,12.0,24.0,128.0,0.0,0.0,0.72375433,14.0,0.9931640625,1cc3fc3485ca363a9ffe9bcf176fdee75f2127815a7c7743879b48beecae8e6b,13722774486878718341,15133883361301602716
gaussian,iid,W,1.0,12.0,24.0,128.0,0.0,0.0,0.72625626,14.0,0.9932327270507812,ad4ab0c148d88c4e839d2ece771af29741b143d2bd96a5979cded2e4296f2876,13722774486878718341,15133883361301602716
gaussian,iid,W,1.0,12.0,24.0,128.0,0.0,0.0,0.7287582,14.0,0.9933090209960938,0c1368c80a68161b3c25863a2c45694569899f6563db34ad64db085d0886b482,13722774486878718341,15133883361301602716
gaussian,iid,W,1.0,12.0,24.0,128.0,0.0,0.0,0.73126014,14.0,0.9935404459635416,9d648451c7f091ccd594b92a4ff673a2f90257898c26ec569f862a602150d32b,13722774486878718341,15133883361301602716
gaussian,iid,W,1.0,12.0,24.0,128.0,0.0,0.0,0.73376207,14.0,0.993616739908854,b0255de2dcc9187292c03e6c854608eb40ade2cdf35905efffa7fe4a4433bfcc,13722774486878718341,15133883361301602716
gaussian,iid,W,1.0,12.0,24.0,128.0,0.0,0.0,0.71689453,14.0,0.6497548421223959,0ffaec3bb9884652c47cf69932aadc5ccd356ef9eadfd3868dd6d0ed4c6be407,13722774486878718341,15133883361301602716
gaussian,iid,W,1.0,12.0,24.0,128.0,0.0,0.0,0.71749948,14.0,0.6498667399088541,7ffb0863bd009c183beb4a6533d23b87961f0b427aa9e88d09ebccae9e3b3ed4,13722774486878718341,15133883361301602716
gaussian,iid,W,1.0,12.0,24.0,128.0,0.0,0.0,0.71835938,14.0,0.6498870849609375,95d75d926d65ea5d7dddcf3dd9829ceec70503471bdc9e2b7cb81258fd7206cb,13722774486878718341,15133883361301602716
gaussian,iid,W,1.0,12.0,24.0,128.0,0.0,0.0,0.71933594,14.0,0.6536026000976562,633619d2d1d3a6d6fe373e1106c4ed021c0df08e048b69ea797340d7b48f93a6,13722774486878718341,15133883361301602716
gaussian,iid,W,1.0,12.0,24.0,128.0,0.0,0.0,0.72000142,14.0,0.6536331176757812,920288917e0572f64554694eff5cf45e8e57425331c6a7eb4e723adfb98ccdb9,13722774486878718341,15133883361301602716
gaussian,iid,W,1.0,12.0,24.0,128.0,0.0,0.0,0.72080078,14.0,0.6537424723307291,0cd7921e9a2460d124c9f5eb1c980f3740b4737d5f1423db9dbb3694b2e9655a,13722774486878718341,15133883361301602716
gaussian,iid,W,1.0,12.0,24.0,128.0,0.0,0.0,0.72421875,14.0,0.9932047526041666,a2d0c087af2fdfebd64c76dbec17e4f027fc5e8352d5bd6aa722e62c0b5dffe8,13722774486878718341,15133883361301602716
gaussian,iid,W,1.0,12.0,24.0,128.0,0.0,0.0,0.72500529,14.0,0.9932200113932292,fcbddc9416290199d0e079a628d91878130ee0b4caae1dbcd0b0b2daa688c970,13722774486878718341,15133883361301602716
gaussian,iid,W,1.0,12.0,24.0,128.0,0.0,0.0,0.72568359,14.0,0.9932301839192708,c2f98a550a158b93cd0ba8c71062627eac277d3b14e12b9b1c30cd01ecff9a79,13722774486878718341,15133883361301602716
gaussian,iid,W,1.0,12.0,24.0,128.0,0.0,0.0,0.70248787,14.0,0.242523193359375,51313be3ac5903b4edbac353f69869f27350924d5fc6d9db03a2d321d4577e69,13722774486878718341,15133883361301602716
gaussian,iid,W,1.0,12.0,24.0,128.0,0.0,0.0,0.70273438,14.0,0.2425511678059896,34c9d5f32c9c3594925c7c49b538265ce180a54fa43fa4bf6451b4191d8c78a3,13722774486878718341,15133883361301602716
gaussian,iid,W,1.0,12.0,24.0,128.0,0.0,0.0,0.70322266,14.0,0.2425155639648437,43110302446f34f1ba3a094eb5062ebf4437c2f1c9de3c248b39909ecf283c6e,13722774486878718341,15133883361301602716
gaussian,iid,W,1.0,12.0,24.0,128.0,0.0,0.0,0.71152344,14.0,0.64837646484375,6fe4941bd438d77e0bf4c515b734b2b6967573c2c4850565705aaab2673d0133,13722774486878718341,15133883361301602716
gaussian,iid,W,1.0,12.0,24.0,128.0,0.0,0.0,0.71201172,14.0,0.6485188802083334,0ca4bcce9230f024317bce757918559f574c4cae93cff34f7d6da4d1fd7d8f4f,13722774486878718341,15133883361301602716
gaussian,iid,W,1.0,12.0,24.0,128.0,0.0,0.0,0.71787109,14.0,0.6498794555664062,6c2508e71b5fab1cdb4105744524f3afcad263883119e9dfdddc3c40e0ea305d,13722774486878718341,15133883361301602716
gaussian,iid,W,1.0,12.0,24.0,128.0,0.0,0.0,0.7203125,14.0,0.6536509195963541,36c4d0b6f8b280079f56fda65e8ffa4dc7bc41188d8eaad1efc9003d8aed8c4f,13722774486878718341,15133883361301602716
gaussian,iid,W,1.0,12.0,24.0,128.0,0.0,0.0,0.72470703,14.0,0.9932174682617188,c57b4f8906ffd9a658e62d0c3287666d458c32dd3e29072cf13f6ed59ade5d20,13722774486878718341,15133883361301602716
gaussian,iid,W,1.0,12.0,24.0,128.0,0.0,0.0,0.69623302,15.0,0.1947886149088541,264c47b3f3bc65bbac293064b59a61a6e49703cd79604ec0e0b37bdc2a33e51d,17758499322326504009,13396349911227563959
gaussian,iid,W,1.0,12.0,24.0,128.0,0.0,0.0,0.69873496,15.0,0.1566390991210937,9a1e9e6fb24f0feae0ed7d12e2273dcae18ac2caddb7dde7d99047971b88905d,17758499322326504009,13396349911227563959
gaussian,iid,W,1.0,12.0,24.0,128.0,0.0,0.0,0.7012369,15.0,0.1619771321614583,328ee4c620a403299ecf0bdde7f25171f99bae6f71202fe730f30266ab38a8a8,17758499322326504009,13396349911227563959
gaussian,iid,W,1.0,12.0,24.0,128.0,0.0,0.0,0.70373883,15.0,0.2114969889322916,9b13b8f9c7cdbf0917c19fdb2180869247bd98a9c2660f1ebd3b55e14e2c1c1e,17758499322326504009,13396349911227563959
gaussian,iid,W,1.0,12.0,24.0,128.0,0.0,0.0,0.70624077,15.0,0.2919336954752604,929dbd85816c321cbf0b4928ea4f11633d5d5b368889fcae0e1959934aea38b4,17758499322326504009,13396349911227563959
gaussian,iid,W,1.0,12.0,24.0,128.0,0.0,0.0,0.70874271,15.0,0.5125554402669271,a74b1c032a7df146cbac1ab86b6493ab35b3df49e5333fcff11d40ef558b9308,17758499322326504009,13396349911227563959
gaussian,iid,W,1.0,12.0,24.0,128.0,0.0,0.0,0.71124464,15.0,0.5117034912109375,ab118bd446b492299d8582d69f615d4f026ca3b32a22472d2d92a03699107e14,17758499322326504009,13396349911227563959
gaussian,iid,W,1.0,12.0,24.0,128.0,0.0,0.0,0.71374658,15.0,0.5285110473632812,8ef9f350c81f7eaee3c43f7eb4eb3e7d6421934ae21629431b45051af17b0219,17758499322326504009,13396349911227563959
gaussian,iid,W,1.0,12.0,24.0,128.0,0.0,0.0,0.71624852,15.0,0.5140024820963541,3685ff2ed3018ea22037bce76919cc9701474fa25f06113ad1e16c5ceedc9164,17758499322326504009,13396349911227563959
gaussian,iid,W,1.0,12.0,24.0,128.0,0.0,0.0,0.71875045,15.0,0.5141652425130209,eedc103f86529c450a2115a674e5054286b473df9da3bc37bc53e5c2d5a5e9ea,17758499322326504009,13396349911227563959
gaussian,iid,W,1.0,12.0,24.0,128.0,0.0,0.0,0.72125239,15.0,0.5312525431315104,eb7514b611b1c2e90ecacfc3fc81d36220398646ef6fe96407d34b1c133fc6fa,17758499322326504009,13396349911227563959
gaussian,iid,W,1.0,12.0,24.0,128.0,0.0,0.0,0.72375433,15.0,0.9896138509114584,d5ffb2e0869441016fa11113fa33ead2b2cf5d8b1676c49060afeeb8f46a832a,17758499322326504009,13396349911227563959
gaussian,iid,W,1.0,12.0,24.0,128.0,0.0,0.0,0.72625626,15.0,0.990386962890625,2b22859b077e3e31056de6a9c4423fb6c02e4662de6bc6bf8e88b1dd58c04ca7,17758499322326504009,13396349911227563959
gaussian,iid,W,1.0,12.0,24.0,128.0,0.0,0.0,0.7287582,15.0,0.990626017252604,80a78d352452252990343f16db18a834d48959ce255acb32bc556b7e23149429,17758499322326504009,13396349911227563959
gaussian,iid,W,1.0,12.0,24.0,128.0,0.0,0.0,0.73126014,15.0,0.9930089314778646,c78021a2f76a0893a41fbaaf32443e723999b7ee6c4a159239c6289e8618eeee,17758499322326504009,13396349911227563959
gaussian,iid,W,1.0,12.0,24.0,128.0,0.0,0.0,0.73376207,15.0,0.993316650390625,74204f839bb6ff282b5e32ee9a9a96e84f23c37acb7e7f6b27542a49beb1e2f1,17758499322326504009,13396349911227563959
gaussian,iid,W,1.0,12.0,24.0,128.0,0.0,0.0,0.71689453,15.0,0.5140329996744791,5a0eaba081f699feace7449bab045c8658fc05001438f0e71df8bc4bac6648e6,17758499322326504009,13396349911227563959
gaussian,iid,W,1.0,12.0,24.0,128.0,0.0,0.0,0.71749948,15.0,0.5140660603841146,432c1f6875a8d95d5f9d5c7ec76cea0b96affbe49c9c7cd70c284f5dc288e913,17758499322326504009,13396349911227563959
gaussian,iid,W,1.0,12.0,24.0,128.0,0.0,0.0,0.71835938,15.0,0.5141550699869791,c1c025882d823a9aba7362c7e322a546b3064ab0d69754acea00f638dedf72a8,17758499322326504009,13396349911227563959
gaussian,iid,W,1.0,12.0,24.0,128.0,0.0,0.0,0.71933594,15.0,0.5141830444335938,2084114a55b019b604d2443e4d1b16225cbf32ed2a1131568b1b5ac29789edc1,17758499322326504009,13396349911227563959
gaussian,iid,W,1.0,12.0,24.0,128.0,0.0,0.0,0.72000142,15.0,0.5311711629231771,12cde3f9e79cc5d125f690fef468be0dbf6a8b6b5a58a96cc410a9c155444e1c,17758499322326504009,13396349911227563959
gaussian,iid,W,1.0,12.0,24.0,128.0,0.0,0.0,0.72080078,15.0,0.531280517578125,6e4050bc2d4227ba8c51249e410324eab9d38185bcd4674e591405dcd254ce8c,17758499322326504009,13396349911227563959
gaussian,iid,W,1.0,12.0,24.0,128.0,0.0,0.0,0.72421875,15.0,0.9896443684895834,557f054d65d7220b8cf638f7ea4dd52fc83671dd73e0934ae6dbd55846e68f0d,17758499322326504009,13396349911227563959
gaussian,iid,W,1.0,12.0,24.0,128.0,0.0,0.0,0.72500529,15.0,0.9902623494466146,5d0a2e598de17daa8fa22d30e0e08ee786cf1bb6163b08187784a40feefa21ab,17758499322326504009,13396349911227563959
gaussian,iid,W,1.0,12.0,24.0,128.0,0.0,0.0,0.72568359,15.0,0.9903106689453124,af31699ec409fae95ee7b1c9d0a8eba44f562ab507f8b182c99ad1631125ada1,17758499322326504009,13396349911227563959
gaussian,iid,W,1.0,12.0,24.0,128.0,0.0,0.0,0.70248787,15.0,0.1621170043945312,8253d10471910bc8710d8cbb1e0ee4b3459be77bec6c778cfb51a5f49fef2808,17758499322326504009,13396349911227563959
gaussian,iid,W,1.0,12.0,24.0,128.0,0.0,0.0,0.70273438,15.0,0.1621246337890625,f22e9a3d3e2ceddf3e800299ec5a0344b2bcc10dd3e7fb469ab38d06ce56716c,17758499322326504009,13396349911227563959
gaussian,iid,W,1.0,12.0,24.0,128.0,0.0,0.0,0.70322266,15.0,0.1621805826822916,3329c97cd19d664d5f5af874a0c000f4f8a75dfa0b240e2b533516a007a6623e,17758499322326504009,13396349911227563959
gaussian,iid,W,1.0,12.0,24.0,128.0,0.0,0.0,0.71152344,15.0,0.51171875,406889edf207f75a8df6c4bf846f74e2a5515de610c317f54b7780dd6c18fd6e,17758499322326504009,13396349911227563959
gaussian,iid,W,1.0,12.0,24.0,128.0,0.0,0.0,0.71201172,15.0,0.528717041015625,fd0f0b540460058d952e14936fa35e09d57a18a13683ece9bf1da5fd8d636f05,17758499322326504009,13396349911227563959
gaussian,iid,W,1.0,12.0,24.0,128.0,0.0,0.0,0.71787109,15.0,0.5140762329101562,6ff1b9ba8cc9f878ce88ac89fdbf70db40f9002f9d15be5e65390b8a489255f2,17758499322326504009,13396349911227563959
gaussian,iid,W,1.0,12.0,24.0,128.0,0.0,0.0,0.7203125,15.0,0.5312169392903646,72d2150bb6a533291a4a0d247152a144d04bf86e380d26c21d160c77436b8d5e,17758499322326504009,13396349911227563959
gaussian,iid,W,1.0,12.0,24.0,128.0,0.0,0.0,0.72470703,15.0,0.9902496337890624,b1daac21805bf0fe329aa5fab42a49f2b6edd43a4d2ba84a99f59891a6db8838,17758499322326504009,13396349911227563959
gaussian,iid,W,1.0,12.0,24.0,128.0,0.0,0.0,0.70248787,16.0,0.1833521525065104,2f90d827a7bb6e4af625b5e67a3d44a67ecddc5fe86a48618097aa87034060a8,3546729432085745463,17762301001292071140
gaussian,iid,W,1.0,12.0,24.0,128.0,0.0,0.0,0.70273438,16.0,0.1833572387695312,6220a33cdbc5604de8347c0b2b5cbfa6bd6a220dbe5079fafd5d2464320f5a99,3546729432085745463,17762301001292071140
gaussian,iid,W,1.0,12.0,24.0,128.0,0.0,0.0,0.70322266,16.0,0.2287648518880208,beab398c3111539d92953a4566ae3c45612ee03282a114ded0f1a4758f1e7b54,3546729432085745463,17762301001292071140
gaussian,iid,W,1.0,12.0,24.0,128.0,0.0,0.0,0.71124464,16.0,0.2730280558268229,fe0565cf7570230554f911c73b36cdd8388cd13851bb6cbe503d61ef88da962d,3546729432085745463,17762301001292071140
gaussian,iid,W,1.0,12.0,24.0,128.0,0.0,0.0,0.71152344,16.0,0.2935129801432292,0b9c6efbc2d59b2f66f491debdb032f6aa88dde663c9c12fcdd4a6a0c059e4fc,3546729432085745463,17762301001292071140
gaussian,iid,W,1.0,12.0,24.0,128.0,0.0,0.0,0.71201172,16.0,0.2490056355794271,a0133fd9d0ff975191cae0fbf52e26da042e215a18b704c9dac91cd750ed19a4,3546729432085745463,17762301001292071140
gaussian,iid,W,1.0,12.0,24.0,128.0,0.0,0.0,0.71749948,16.0,0.3108851114908854,491111c008c2267af8f679773b5b8c20fd18264da9fc28448c15d13bf9f82985,3546729432085745463,17762301001292071140
gaussian,iid,W,1.0,12.0,24.0,128.0,0.0,0.0,0.71787109,16.0,0.3110148111979167,87b0dafc4fabca85e68d57fe60bc0f5b85beb620b51642df8cff0fce9dec416a,3546729432085745463,17762301001292071140
gaussian,iid,W,1.0,12.0,24.0,128.0,0.0,0.0,0.71835938,16.0,0.3211898803710937,8bfb14a22772ebb198f09d1f711197fe773cf62e67c6586d13a4bd30820f25ce,3546729432085745463,17762301001292071140
gaussian,iid,W,1.0,12.0,24.0,128.0,0.0,0.0,0.72000142,16.0,0.3213780721028645,2a0fe5b4f4af2600a7dbd162994382651b81e6bc79420b3afc8750fc24318c09,3546729432085745463,17762301001292071140
gaussian,iid,W,1.0,12.0,24.0,128.0,0.0,0.0,0.7203125,16.0,0.3241043090820312,ccd467eec990d57940447db076d2b0bcacbb08b368166c15b2e4ee7c752994a2,3546729432085745463,17762301001292071140
gaussian,iid,W,1.0,12.0,24.0,128.0,0.0,0.0,0.72080078,16.0,0.3241246541341145,509cf0b34e62014825481e41837d93c5d4794b383aeddbddd3cfa681c0c616bf,3546729432085745463,17762301001292071140
gaussian,iid,W,1.0,12.0,24.0,128.0,0.0,0.0,0.72375433,16.0,0.6673202514648438,171a28444b027582587f360f56dd3d9c5b914213a12834b5ffd37505dd94ebce,3546729432085745463,17762301001292071140
gaussian,iid,W,1.0,12.0,24.0,128.0,0.0,0.0,0.72421875,16.0,0.6673583984375,a413b57d5122b9bbede7e3abe8ba7f7eb8f88b4855565ea0a57a702002a9890b,3546729432085745463,17762301001292071140
gaussian,iid,W,1.0,12.0,24.0,128.0,0.0,0.0,0.72470703,16.0,0.6673990885416666,c12e0a424c4cc2bf9134fdc2a802314e67787781b0f45f29d76d7878c4f2af7a,3546729432085745463,17762301001292071140
gaussian,iid,W,1.0,12.0,24.0,128.0,0.0,0.0,0.70248787,17.0,0.1052474975585937,e7f0d8c823f5d2b5d7c00b5ca4ab5d01a46c447d7208326153edfdecdaac48d3,4307462544822316045,7679338600010314108
gaussian,iid,W,1.0,12.0,24.0,128.0,0.0,0.0,0.70273438,17.0,0.105255126953125,caec10e42867d65d2737ee8fedaac9b6b383a309f280ad5b25e726be6989b629,4307462544822316045,7679338600010314108
gaussian,iid,W,1.0,12.0,24.0,128.0,0.0,0.0,0.70322266,17.0,0.1053187052408854,9aaf67517f9a2e1c86a3e147cf2d70722b4bc9095f4da8ab9b98957e724cf8c8,4307462544822316045,7679338600010314108
gaussian,iid,W,1.0,12.0,24.0,128.0,0.0,0.0,0.71124464,17.0,0.4108022054036458,25751e08d6834181b7c3577aed2ce5699df7dde91c73de9d9c0e2e313d52efaa,4307462544822316045,7679338600010314108
gaussian,iid,W,1.0,12.0,24.0,128.0,0.0,0.0,0.71152344,17.0,0.410809834798177,7354e6b8cc9ecd5ab2d51fa062ae3c2edcfaeec6cef6b1c15ef74bb942aa550d,4307462544822316045,7679338600010314108
gaussian,iid,W,1.0,12.0,24.0,128.0,0.0,0.0,0.71201172,17.0,0.4108530680338542,29d82952888b1d0993d0a17a3dd52fbbaa7a2455d57ac9555237a1871c95ab53,4307462544822316045,7679338600010314108
gaussian,iid,W,1.0,12.0,24.0,128.0,0.0,0.0,0.71749948,17.0,0.914049784342448,c36446d5ecaabbf0f0a634198bff04cf80c0c0473a50b6dbdff42e9157ec4b1b,4307462544822316045,7679338600010314108
gaussian,iid,W,1.0,12.0,24.0,128.0,0.0,0.0,0.71787109,17.0,0.9140675862630208,fda999e879019e9a4cc3c1fa3d3a7e8fed76e23d1906688f306fc1f73824362a,4307462544822316045,7679338600010314108
gaussian,iid,W,1.0,12.0,24.0,128.0,0.0,0.0,0.71835938,17.0,0.914398193359375,aef8ea2c2e8458c9f8185d423ff53a66af7f9a67ca4d4ad207338b731b6beceb,4307462544822316045,7679338600010314108
gaussian,iid,W,1.0,12.0,24.0,128.0,0.0,0.0,0.72000142,17.0,0.9830093383789062,f63db900d05d8a74c6760e45bb433ed20b2076c700fa5fb708324df5b5c261dc,4307462544822316045,7679338600010314108
gaussian,iid,W,1.0,12.0,24.0,128.0,0.0,0.0,0.7203125,17.0,0.9830144246419272,046668d2a9cf9f5d59fbe574d3bc8270254c5bccacae1ef057547bb7784932b8,4307462544822316045,7679338600010314108
gaussian,iid,W,1.0,12.0,24.0,128.0,0.0,0.0,0.72080078,17.0,0.9830729166666666,57a5a7244a894feb57e880310acfa7a276367af16ddb371dba4c0fef357ac91b,4307462544822316045,7679338600010314108
gaussian,iid,W,1.0,12.0,24.0,128.0,0.0,0.0,0.72375433,17.0,0.9832382202148438,0fa4c97c5433a1f529b9f588b3fababa4536e201df1cd5d1e04ee34bea0a9867,4307462544822316045,7679338600010314108
gaussian,iid,W,1.0,12.0,24.0,128.0,0.0,0.0,0.72421875,17.0,0.983240763346354,97142831bd6cafcfcdcc10c101d4f72c977f92cccd796677839efe78181a216a,4307462544822316045,7679338600010314108
gaussian,iid,W,1.0,12.0,24.0,128.0,0.0,0.0,0.72470703,17.0,0.9833475748697916,5551b4328d5c72d6d72bd77aef09df4fa8bd69a8e76f48f46ead4c722a3e8da4,4307462544822316045,7679338600010314108
gaussian,iid,W,1.0,12.0,24.0,128.0,0.0,0.0,0.70248787,18.0,0.2236989339192708,fc0a91f9c38cea4e6a543dee80cae90d8e45b08225ef87ea5ddfcc2681a6177a,10414073568486400832,17233682230309963014
gaussian,iid,W,1.0,12.0,24.0,128.0,0.0,0.0,0.70273438,18.0,0.2237167358398437,6229510b689460a37eeab1f4d068f45389f1f83a52a9af0a3528e8f1b007bfd0,10414073568486400832,17233682230309963014
gaussian,iid,W,1.0,12.0,24.0,128.0,0.0,0.0,0.70322266,18.0,0.2375462849934896,d63990c525c863989a9fad8ef214e5dd032d276727085aaea74c8a8f47a9215f,10414073568486400832,17233682230309963014
gaussian,iid,W,1.0,12.0,24.0,128.0,0.0,0.0,0.71124464,18.0,0.5001475016276041,5fe34c05b688855f42dc6c9c67e962757ea84ce3c5683ba6ab625ea6855785a5,10414073568486400832,17233682230309963014
gaussian,iid,W,1.0,12.0,24.0,128.0,0.0,0.0,0.71152344,18.0,0.5003204345703125,4a81b39eb740938bdc1d22fa0958386951fa1df06f73802b44449a1004a6c292,10414073568486400832,17233682230309963014
gaussian,iid,W,1.0,12.0,24.0,128.0,0.0,0.0,0.71201172,18.0,0.5004196166992188,1ccdd4a0809060eef3fc8e0b10d2db1959f2594963936c48c8e12ab1c72d085f,10414073568486400832,17233682230309963014
gaussian,iid,W,1.0,12.0,24.0,128.0,0.0,0.0,0.71749948,18.0,0.8250783284505209,1f18d11d10423146f333ace4f52f6d0e8686d708eb4045491c85411181196a0a,10414073568486400832,17233682230309963014
gaussian,iid,W,1.0,12.0,24.0,128.0,0.0,0.0,0.71787109,18.0,0.8251317342122396,406097d2bedb4990ecc3d8db02ed691f52b2196efb21319f70cca3183c5403ee,10414073568486400832,17233682230309963014
gaussian,iid,W,1.0,12.0,24.0,128.0,0.0,0.0,0.71835938,18.0,0.8251368204752604,4cf5c7c885ee68c36778e042e6b0b0483aac41b89d487427b546804d6736910b,10414073568486400832,17233682230309963014
gaussian,iid,W,1.0,12.0,24.0,128.0,0.0,0.0,0.72000142,18.0,0.8252182006835938,9765c1518953a27ce8913fb0b827369c13be7ec9e7da4d69f2bf0d8d92002f46,10414073568486400832,17233682230309963014
gaussian,iid,W,1.0,12.0,24.0,128.0,0.0,0.0,0.7203125,18.0,0.8252741495768229,f6c5f5a9869a2e861a36b078154f11823cc47c62a7b8d17c46eb56c850a9677a,10414073568486400832,17233682230309963014
gaussian,iid,W,1.0,12.0,24.0,128.0,0.0,0.0,0.72080078,18.0,0.8252716064453125,8deb47014ee48489a61cc9ce508f4dbb35d27a3ee047410d4913ef18a0956036,10414073568486400832,17233682230309963014
gaussian,iid,W,1.0,12.0,24.0,128.0,0.0,0.0,0.72375433,18.0,0.8255386352539062,a606187f25ced91b84eee7ed28ab3fda7a75d4029a9b5ba9b2046db225ad90d4,10414073568486400832,17233682230309963014
gaussian,iid,W,1.0,12.0,24.0,128.0,0.0,0.0,0.72421875,18.0,0.8255360921223959,a658676b2d6d1e628e8a21ca470426befe6165d82d0572b5fcbf7857526ce514,10414073568486400832,17233682230309963014
gaussian,iid,W,1.0,12.0,24.0,128.0,0.0,0.0,0.72470703,18.0,0.8255284627278646,53087878935a208aef3d326564ba9eb440e2f2ef7ff5dba37e7b5b96478372f5,10414073568486400832,17233682230309963014
gaussian,iid,W,1.0,12.0,24.0,128.0,0.0,0.0,0.70248787,19.0,0.247039794921875,682a1c387388ec93d0d48b003d4b146985a8b84b61601193ec87deb82aafe557,8579607727214714385,1387841833329167903
gaussian,iid,W,1.0,12.0,24.0,128.0,0.0,0.0,0.70273438,19.0,0.2470499674479166,9dd8ca1f4b9ff918287dc389b6cbb562c8b9fb149a0fa1542c047ed0f0d38f5b,8579607727214714385,1387841833329167903
gaussian,iid,W,1.0,12.0,24.0,128.0,0.0,0.0,0.70322266,19.0,0.2471033732096354,bdd45ffa5952cb0b96d13f33a73464ce38a35121088a5dadf241797194d1a5c9,8579607727214714385,1387841833329167903
gaussian,iid,W,1.0,12.0,24.0,128.0,0.0,0.0,0.71124464,19.0,0.6134719848632812,6b14ea62391ade7775ed2deac08afdc041af82f0df2f2a8a2713eeabcaf0269c,8579607727214714385,1387841833329167903
gaussian,iid,W,1.0,12.0,24.0,128.0,0.0,0.0,0.71152344,19.0,0.6135533650716146,742f2046857c6f5c7b84229bf5bc96d07278e51cfd337d95563eeafc8e476bcd,8579607727214714385,1387841833329167903
gaussian,iid,W,1.0,12.0,24.0,128.0,0.0,0.0,0.71201172,19.0,0.6135787963867188,0bd0290c8ad4b371319ebfd02d2c88022b4993cb0a55a297ee9080b7d350312a,8579607727214714385,1387841833329167903
gaussian,iid,W,1.0,12.0,24.0,128.0,0.0,0.0,0.71749948,19.0,0.7158686319986979,7e86ad25cb9b96de69d0553f497a2da8c0f281c834b00caf76ccec5eeca6e420,8579607727214714385,1387841833329167903
gaussian,iid,W,1.0,12.0,24.0,128.0,0.0,0.0,0.71787109,19.0,0.7158686319986979,76e8ce419221671327e6ff4775d700aa562d172f96da4cdff06597663c1279b2,8579607727214714385,1387841833329167903
gaussian,iid,W,1.0,12.0,24.0,128.0,0.0,0.0,0.71835938,19.0,0.7159016927083334,080dd601647617559f474c97417fcdcc68bd71ddcebcf82c9cf3e251270b94d9,8579607727214714385,1387841833329167903
gaussian,iid,W,1.0,12.0,24.0,128.0,0.0,0.0,0.72000142,19.0,0.7161483764648438,50fdca9335fad641fdbeb58469748a7ac22c73ccb013d8c581863e1e54fce76c,8579607727214714385,1387841833329167903
gaussian,iid,W,1.0,12.0,24.0,128.0,0.0,0.0,0.7203125,19.0,0.7161610921223959,6c8086ba5dcb74c8bd561509afb9736c6725752f8e92910ccccc67d12b831d79,8579607727214714385,1387841833329167903
gaussian,iid,W,1.0,12.0,24.0,128.0,0.0,0.0,0.72080078,19.0,0.7161814371744791,6f0a60922461c20ff9236afbad4abb1de2d22a7ea18bbb79620129228c1bbc07,8579607727214714385,1387841833329167903
gaussian,iid,W,1.0,12.0,24.0,128.0,0.0,0.0,0.72375433,19.0,0.7164484659830729,b2d0c31cc25456855764b80c55002dd1abb8d7b7d5c0bdd7befe174559781132,8579607727214714385,1387841833329167903
gaussian,iid,W,1.0,12.0,24.0,128.0,0.0,0.0,0.72421875,19.0,0.7164688110351562,4b45e185ce38c45d84d7ea9c1fdc502e8745e9cb7ceb4446f2b99ed6e30f01ce,8579607727214714385,1387841833329167903
gaussian,iid,W,1.0,12.0,24.0,128.0,0.0,0.0,0.72470703,19.0,0.7164815266927084,524f293eb858a079ade55fd9382572355debe20b147236b8d7ade647bdf4140e,8579607727214714385,1387841833329167903
gaussian,iid,W,1.0,12.0,24.0,128.0,0.0,0.0,0.70248787,20.0,0.3549474080403645,302d96aa9530550b2036c6e7426f03aafc887a7c123e9eeb423fa48f314fdd62,10542371518233934249,3880374185914179630
gaussian,iid,W,1.0,12.0,24.0,128.0,0.0,0.0,0.70273438,20.0,0.3549448649088542,669a8118caef15bc8ce71b90981d83d6274d9a9643737c019f797d8dfc64524d,10542371518233934249,3880374185914179630
gaussian,iid,W,1.0,12.0,24.0,128.0,0.0,0.0,0.70322266,20.0,0.3554458618164062,f564a77e509dd3a5f4e4d86c7680c43af56b0372750f7580c9e738c57a1d7f02,10542371518233934249,3880374185914179630
gaussian,iid,W,1.0,12.0,24.0,128.0,0.0,0.0,0.71124464,20.0,0.4714991251627604,ad5fd3a7e5a6049fb2d6402b5841c27a50df1a9a3dee1a924d2b1c3ca156ccda,10542371518233934249,3880374185914179630
gaussian,iid,W,1.0,12.0,24.0,128.0,0.0,0.0,0.71152344,20.0,0.4715601603190104,6267bf6a0279fdd4506742b5ce58d7ae340d69852028d54c93133332714c600c,10542371518233934249,3880374185914179630
gaussian,iid,W,1.0,12.0,24.0,128.0,0.0,0.0,0.71201172,20.0,0.4718653361002604,3dbf4c5ef89cacd6923da5a3519f139281bab6122af3ea4f048371dfe3fc3165,10542371518233934249,3880374185914179630
gaussian,iid,W,1.0,12.0,24.0,128.0,0.0,0.0,0.71749948,20.0,0.4725697835286458,8227501dfebe6e74594b7bab33e0719ccdad5d6dad2040f7159ef651cdbabdde,10542371518233934249,3880374185914179630
gaussian,iid,W,1.0,12.0,24.0,128.0,0.0,0.0,0.71787109,20.0,0.4725824991861979,fd977c7a8082020ba27661bf1e639acb7fcaebfb9cc402a447a564a35aa94ac0,10542371518233934249,3880374185914179630
gaussian,iid,W,1.0,12.0,24.0,128.0,0.0,0.0,0.71835938,20.0,0.4725926717122395,1b83732d25be256845943027d553b35c7bd61f658cc69dbce9c02d9f73de4775,10542371518233934249,3880374185914179630
gaussian,iid,W,1.0,12.0,24.0,128.0,0.0,0.0,0.72000142,20.0,0.4845733642578125,e3a658e012c60a0a4109c84433464774869d4f68a6e7ccc9ab5317e1d338056f,10542371518233934249,3880374185914179630
gaussian,iid,W,1.0,12.0,24.0,128.0,0.0,0.0,0.7203125,20.0,0.484570821126302,9beeb67b5a61fd17a4fa09dd9ddc6bbae646966f2f56c4c2b350cbf089266e04,10542371518233934249,3880374185914179630
gaussian,iid,W,1.0,12.0,24.0,128.0,0.0,0.0,0.72080078,20.0,0.484588623046875,160133481d9ccb8774bc78ce76915de7b0b79b7ca56640df967e12cc94049228,10542371518233934249,3880374185914179630
gaussian,iid,W,1.0,12.0,24.0,128.0,0.0,0.0,0.72375433,20.0,0.4850921630859375,08b6007e9850607bf7d8e975c27d820ee93c9b183e76ef245716f60b37071b93,10542371518233934249,3880374185914179630
gaussian,iid,W,1.0,12.0,24.0,128.0,0.0,0.0,0.72421875,20.0,0.485107421875,b2f18f5c8c2b16c927dbbd6ac1384da5e8343e8afa3da5745a456d50064be2f1,10542371518233934249,3880374185914179630
gaussian,iid,W,1.0,12.0,24.0,128.0,0.0,0.0,0.72470703,20.0,0.4852142333984375,8a996bd56342f47df755fe60968c6c3de7b2c03610cebd5f2f5f148e9113d05c,10542371518233934249,3880374185914179630
gaussian,iid,W,1.0,12.0,24.0,128.0,0.0,0.0,0.70248787,21.0,0.1901779174804687,cd70b109c4e37493c7dc95e8871f7dbe98247b3409cc84bb2fe6f837314d36fe,12084780042367075371,10257922249478467434
gaussian,iid,W,1.0,12.0,24.0,128.0,0.0,0.0,0.70273438,21.0,0.1901957194010416,7c3c7a0148cb5dfff007b2bac09e943f351495339a1f75a38fa87a8c65f22517,12084780042367075371,10257922249478467434
gaussian,iid,W,1.0,12.0,24.0,128.0,0.0,0.0,0.70322266,21.0,0.1902008056640625,6e5468717552814f08851db7d661b0bd985a93cc5851bebcd646515abe3d8982,12084780042367075371,10257922249478467434
gaussian,iid,W,1.0,12.0,24.0,128.0,0.0,0.0,0.71124464,21.0,0.3202463785807292,9a4b9eeadeaf95da5ac3b377ff3ad5a8ed2131a9716a2cc0c21f361d7265e6a3,12084780042367075371,10257922249478467434
gaussian,iid,W,1.0,12.0,24.0,128.0,0.0,0.0,0.71152344,21.0,0.3202692667643229,490c216bf8af6a64d86cd6dfd7e9afe268da769bbae79de8e75c597dd3fd9fee,12084780042367075371,10257922249478467434
gaussian,iid,W,1.0,12.0,24.0,128.0,0.0,0.0,0.71201172,21.0,0.3202845255533854,7755c112d34e1eb81d9ff7c6c3bc8d94914f0f56f7b70b20bb939710487e5112,12084780042367075371,10257922249478467434
gaussian,iid,W,1.0,12.0,24.0,128.0,0.0,0.0,0.71749948,21.0,0.60284423828125,eb6052499b35d7e14fbd08763fe9ecb683818a2f5a89d55e41abc3c88f30ff0e,12084780042367075371,10257922249478467434
gaussian,iid,W,1.0,12.0,24.0,128.0,0.0,0.0,0.71787109,21.0,0.6028569539388021,c1995702b33d596b782136c45a119376170a97f2baefa5d6cd823f77f322e74c,12084780042367075371,10257922249478467434
gaussian,iid,W,1.0,12.0,24.0,128.0,0.0,0.0,0.71835938,21.0,0.6028925577799479,0d237f2dd18c9724bbc14139969c1e335738755380c8fac303fd838ca1f1a197,12084780042367075371,10257922249478467434
gaussian,iid,W,1.0,12.0,24.0,128.0,0.0,0.0,0.72000142,21.0,0.6634699503580729,0ea8fb6c64621a02f0869e97a911c5070bb9708b868cd60b19bc93cc34b54be8,12084780042367075371,10257922249478467434
gaussian,iid,W,1.0,12.0,24.0,128.0,0.0,0.0,0.7203125,21.0,0.6634928385416666,aac772ba4327ba994c7b303c830b4432c8465e40a7764d100fc5fc6bea34a737,12084780042367075371,10257922249478467434
gaussian,iid,W,1.0,12.0,24.0,128.0,0.0,0.0,0.72080078,21.0,0.6635589599609375,32c21a58a22f91853ee81329444b92b3dec114bc57046452aecd716c4b88b1cb,12084780042367075371,10257922249478467434
gaussian,iid,W,1.0,12.0,24.0,128.0,0.0,0.0,0.72375433,21.0,0.9869918823242188,aecc7d1b12c66b0c5ac5383aeab3eae3c95aaa6cb7c74015bff31ff4939e27cd,12084780042367075371,10257922249478467434
gaussian,iid,W,1.0,12.0,24.0,128.0,0.0,0.0,0.72421875,21.0,0.987024943033854,0aacc87bb25305d146f381bfa72e66201454d23301a6eb5921df3e3ca3dc7ecb,12084780042367075371,10257922249478467434
gaussian,iid,W,1.0,12.0,24.0,128.0,0.0,0.0,0.72470703,21.0,0.9871444702148438,ea499ae5266e8168a3d774f8721c048b19324d4b29e75c2d3dfd5822e316e444,12084780042367075371,10257922249478467434
gaussian,iid,W,1.0,12.0,24.0,128.0,0.0,0.0,0.70248787,22.0,0.1967951456705729,107f94926696ed3d073be943f99dd7db78af57c59dcd8db46bfb4e560389fa15,7183101736577225304,10112808967275369977
gaussian,iid,W,1.0,12.0,24.0,128.0,0.0,0.0,0.70273438,22.0,0.1967951456705729,5a4e450c99fbd7556a644cc01447fb98778c96a15e49608f809a46000239d85d,7183101736577225304,10112808967275369977
gaussian,iid,W,1.0,12.0,24.0,128.0,0.0,0.0,0.70322266,22.0,0.1969121297200521,e066312369a01bfac1fd75f1f6d5c7aa154d4745840aa6d373a16760b908d6f4,7183101736577225304,10112808967275369977
gaussian,iid,W,1.0,12.0,24.0,128.0,0.0,0.0,0.71124464,22.0,0.4779281616210937,ff127184546c1bc70dc9429981682f7c94a30453c49e9edd124fb7e2acaaa896,7183101736577225304,10112808967275369977
gaussian,iid,W,1.0,12.0,24.0,128.0,0.0,0.0,0.71152344,22.0,0.4779332478841145,240c0e7c1ee4479e4f2225abeadaf20b635bad3068bdb60118863a44fd7e4894,7183101736577225304,10112808967275369977
gaussian,iid,W,1.0,12.0,24.0,128.0,0.0,0.0,0.71201172,22.0,0.4779586791992187,34c20b4a4f46035284491d530fb94f158211ad87a0cf9ac3c03464dd36ddac96,7183101736577225304,10112808967275369977
gaussian,iid,W,1.0,12.0,24.0,128.0,0.0,0.0,0.71749948,22.0,0.6606038411458334,1474f82a5c0bc7eb5a395ad4941dfb8b1b417f7b075e9b49f15bb1943025165b,7183101736577225304,10112808967275369977
gaussian,iid,W,1.0,12.0,24.0,128.0,0.0,0.0,0.71787109,22.0,0.6606623331705729,1121b933564735fceda374a7ff314cad8e44f2b13a3acc9dfbd51093d8c625c6,7183101736577225304,10112808967275369977
gaussian,iid,W,1.0,12.0,24.0,128.0,0.0,0.0,0.71835938,22.0,0.6606852213541666,7ac65b17906a301415c0f57d161ef3d11666c2ac67d0fe748f45338a90ed6563,7183101736577225304,10112808967275369977
gaussian,iid,W,1.0,12.0,24.0,128.0,0.0,0.0,0.72000142,22.0,0.9921188354492188,352fce4ce47d1b896b0084a6f3090d101634d55b6cc38042a72b99dbd1dbd664,7183101736577225304,10112808967275369977
gaussian,iid,W,1.0,12.0,24.0,128.0,0.0,0.0,0.7203125,22.0,0.9921213785807292,bfee461fc073150a0a106fd58027de4f869c9667c3897efd1096c5dea7f3afcc,7183101736577225304,10112808967275369977
gaussian,iid,W,1.0,12.0,24.0,128.0,0.0,0.0,0.72080078,22.0,0.9921340942382812,42ac86ca77e6903c50e1a0bab2b3195e2547042053fd4e0e80d9c0973d71ca50,7183101736577225304,10112808967275369977
gaussian,iid,W,1.0,12.0,24.0,128.0,0.0,0.0,0.72375433,22.0,0.9922205607096354,3c47b1a9b8df2aac812ea1dec8e6db10e9098810518200798818bac7a2f50bde,7183101736577225304,10112808967275369977
gaussian,iid,W,1.0,12.0,24.0,128.0,0.0,0.0,0.72421875,22.0,0.9922281901041666,c1291f24c45cf189b9d1807a32d3855ab68b290692ce3285376379cf311360ea,7183101736577225304,10112808967275369977
gaussian,iid,W,1.0,12.0,24.0,128.0,0.0,0.0,0.72470703,22.0,0.9922688802083334,13fcb3dcac7196f9c939ee7b0ed050d921c1d7d6e766279a45a78af266ff5532,7183101736577225304,10112808967275369977
gaussian,iid,W,1.0,12.0,24.0,128.0,0.0,0.0,0.70248787,23.0,0.296234130859375,4f82d8c361505dbb1a6bb193430aa085a6ef4142c1b4846364b4d98710d22015,13947642338197228747,14164163013581535821
gaussian,iid,W,1.0,12.0,24.0,128.0,0.0,0.0,0.70273438,23.0,0.2963740030924479,7b4b9e8ac3ac56409c6cd8a946ab5ddf7a1b75a759a7fb1725295f64c01e52d4,13947642338197228747,14164163013581535821
gaussian,iid,W,1.0,12.0,24.0,128.0,0.0,0.0,0.70322266,23.0,0.2964121500651042,2b067816a5881180ccfef662e2bf4909f5a2c78dc50f05c763a119a6be4aa626,13947642338197228747,14164163013581535821
gaussian,iid,W,1.0,12.0,24.0,128.0,0.0,0.0,0.71124464,23.0,0.5288874308268229,b08b4e4665a51676173fa233bf294ed40d5eacf3befd1da56059b344307fc4a2,13947642338197228747,14164163013581535821
gaussian,iid,W,1.0,12.0,24.0,128.0,0.0,0.0,0.71152344,23.0,0.5288976033528646,a4b6892b2a7f65044d12464ef3146b6e5e45b9c8398b664710376fba42c2eca6,13947642338197228747,14164163013581535821
gaussian,iid,W,1.0,12.0,24.0,128.0,0.0,0.0,0.71201172,23.0,0.5289052327473959,c035f55d8401360f2ea0ebaf0568699bd693586b8df4ea8dade6a87b9bb1f819,13947642338197228747,14164163013581535821
gaussian,iid,W,1.0,12.0,24.0,128.0,0.0,0.0,0.71749948,23.0,0.7916056315104166,26901c062468c85cfc712d9332ab8ad771e9e31dda13e82910fde565594faf2b,13947642338197228747,14164163013581535821
gaussian,iid,W,1.0,12.0,24.0,128.0,0.0,0.0,0.71787109,23.0,0.791595458984375,58e30e0a0ad01432ca747a4312463987d5275d8db3adb5c51fa00cd2db27a3af,13947642338197228747,14164163013581535821
gaussian,iid,W,1.0,12.0,24.0,128.0,0.0,0.0,0.71835938,23.0,0.7916310628255209,da7b1bbb518cd1e9cdbbeeee233cdc801764e1e899b26e00499badbd254684f3,13947642338197228747,14164163013581535821
gaussian,iid,W,1.0,12.0,24.0,128.0,0.0,0.0,0.72000142,23.0,0.984484354654948,a5d4b80dacdb8badec3d539afe7a1747dc26ce24aff2048020b253c966d8516c,13947642338197228747,14164163013581535821
gaussian,iid,W,1.0,12.0,24.0,128.0,0.0,0.0,0.7203125,23.0,0.9862772623697916,909f9ab9bc077cf5444bda3e3a84f7a4373abb4eb222be1554a87e3993165d63,13947642338197228747,14164163013581535821
gaussian,iid,W,1.0,12.0,24.0,128.0,0.0,0.0,0.72080078,23.0,0.9862874348958334,0d4935d69bc26eba4ed13a08e23d27944f0316d01cd37f31530935583b84e811,13947642338197228747,14164163013581535821
gaussian,iid,W,1.0,12.0,24.0,128.0,0.0,0.0,0.72375433,23.0,0.9863433837890624,24e1fbd4f2fbf7f68a6cc0ff928b524d1ad67b2c604a8c5b49869c448f91c913,13947642338197228747,14164163013581535821
gaussian,iid,W,1.0,12.0,24.0,128.0,0.0,0.0,0.72421875,23.0,0.986358642578125,cb89026703c2a222fcb37d6e7fbbf1f5919c915b31cbed0eb200ed8e8087434f,13947642338197228747,14164163013581535821
gaussian,iid,W,1.0,12.0,24.0,128.0,0.0,0.0,0.72470703,23.0,0.9865671793619792,61e75cdec9117e712d2381f56e65a3f9234383dd99fef7ef739b214fd12f7489,13947642338197228747,14164163013581535821
gaussian,iid,W,1.0,12.0,24.0,128.0,0.0,0.0,0.70248787,24.0,0.2164967854817708,2de126110eabdbca732af396a06fae991795827b1408325130841ef17af98f27,8770273835086573580,17637384354757550920
gaussian,iid,W,1.0,12.0,24.0,128.0,0.0,0.0,0.70273438,24.0,0.2165018717447916,f53374c50837aa2c1d3d0c3352c6b0ca2c76a90cf5842ac735b6472754f06779,8770273835086573580,17637384354757550920
gaussian,iid,W,1.0,12.0,24.0,128.0,0.0,0.0,0.70322266,24.0,0.3766047159830729,aec8919224ee8b22791fc38a153165ddb542e6c04c5f6ce65da27a084f37a48e,8770273835086573580,17637384354757550920
gaussian,iid,W,1.0,12.0,24.0,128.0,0.0,0.0,0.71124464,24.0,0.4227650960286458,07c2bd5f94daddefa5c34b038deaf6105046ea5321f8eb80a45a3a58da6c26de,8770273835086573580,17637384354757550920
gaussian,iid,W,1.0,12.0,24.0,128.0,0.0,0.0,0.71152344,24.0,0.4228871663411458,4dbf7cb15055d6e3770e63ee13d0dcb4f60adcc0bba1e02297138bedee74641e,8770273835086573580,17637384354757550920
gaussian,iid,W,1.0,12.0,24.0,128.0,0.0,0.0,0.71201172,24.0,0.42291259765625,5c3370058af9ce6c83d65efe065960674a1eec10cf42cf3008741b6282c92afe,8770273835086573580,17637384354757550920
gaussian,iid,W,1.0,12.0,24.0,128.0,0.0,0.0,0.71749948,24.0,0.4261830647786458,4526fd60d7ef11a7370fcf7a6e96640bea7e5c9f782040ad8443c1915781fe7a,8770273835086573580,17637384354757550920
gaussian,iid,W,1.0,12.0,24.0,128.0,0.0,0.0,0.71787109,24.0,0.4261856079101562,a3cdd68c82598a92934d4aeda4cd63c743cd02217d86b0c04477e571d2546c5c,8770273835086573580,17637384354757550920
gaussian,iid,W,1.0,12.0,24.0,128.0,0.0,0.0,0.71835938,24.0,0.4262186686197917,5d514021a7e7db1ede34533dc0df6d6548e59502f91f9e0ce23257cb0f49a9a3,8770273835086573580,17637384354757550920
gaussian,iid,W,1.0,12.0,24.0,128.0,0.0,0.0,0.72000142,24.0,0.4263636271158854,86323f51427dbc3aaea1ea53b609481d49b5530fdb3107ce0506d32949307bb4,8770273835086573580,17637384354757550920
gaussian,iid,W,1.0,12.0,24.0,128.0,0.0,0.0,0.7203125,24.0,0.4264678955078125,e3ef9369ad79466d45378103fb149a27b701291ab708e892d573ef3a8e78d55f,8770273835086573580,17637384354757550920
gaussian,iid,W,1.0,12.0,24.0,128.0,0.0,0.0,0.72080078,24.0,0.4264856974283854,7951dd9ae0b69f7c51011f6d63ed951d33d25cf33c9a9a9961278a0a26d44406,8770273835086573580,17637384354757550920
gaussian,iid,W,1.0,12.0,24.0,128.0,0.0,0.0,0.72375433,24.0,0.8240025838216146,a55b40c11be539d43e98001990c79b153f019947c886fa5b2e3eaaab61758f20,8770273835086573580,17637384354757550920
gaussian,iid,W,1.0,12.0,24.0,128.0,0.0,0.0,0.72421875,24.0,0.8240102132161459,67b818a756cf8afe324979cc7079d66a60dd172f16698c261528bb17135a0453,8770273835086573580,17637384354757550920
gaussian,iid,W,1.0,12.0,24.0,128.0,0.0,0.0,0.72470703,24.0,0.8240737915039062,4157dd27e699093beab6e0978c76119061ab8e3b3fe4aec451f4094b5612884e,8770273835086573580,17637384354757550920
gaussian,iid,W,1.0,12.0,24.0,128.0,0.0,0.0,0.70248787,25.0,0.186279296875,d12d02e557334b7dbd0b94961222fe332badb30a73c5da07053e58b31fbb302e,10434624344870528414,2304729988212104000
gaussian,iid,W,1.0,12.0,24.0,128.0,0.0,0.0,0.70273438,25.0,0.1862920125325521,cb249e184d2ff7f8453d49a11d7c73c63558e7577a150384164a1a4cbb0661ce,10434624344870528414,2304729988212104000
gaussian,iid,W,1.0,12.0,24.0,128.0,0.0,0.0,0.70322266,25.0,0.1863581339518229,f57fd527e0c488dabf153d36f22fa76315f4c5b42fd4af83306965e64a7a8bb2,10434624344870528414,2304729988212104000
gaussian,iid,W,1.0,12.0,24.0,128.0,0.0,0.0,0.71124464,25.0,0.5062128702799479,11f041d152b861171c99d2ed2534e0a0032bcdd203bf59f16a1f60d660e9e538,10434624344870528414,2304729988212104000
gaussian,iid,W,1.0,12.0,24.0,128.0,0.0,0.0,0.71152344,25.0,0.5066604614257812,59a2a4df48d60550f8de635a45d09b48a93d2f8cf75a0b6f947fa65967f70cf2,10434624344870528414,2304729988212104000
gaussian,iid,W,1.0,12.0,24.0,128.0,0.0,0.0,0.71201172,25.0,0.5066731770833334,ca3768f580e2b188e37943d875a00229c676396d602ac89c2b88a21fa1853c69,10434624344870528414,2304729988212104000
gaussian,iid,W,1.0,12.0,24.0,128.0,0.0,0.0,0.71749948,25.0,0.7429300944010416,0a2596adbcab99e414ef2e82f839075d476ba961054c68b60420aca9574bf700,10434624344870528414,2304729988212104000
gaussian,iid,W,1.0,12.0,24.0,128.0,0.0,0.0,0.71787109,25.0,0.7429326375325521,58e481df6b87363755695988d19e2f8803a91554c7c16f4a729528829382829f,10434624344870528414,2304729988212104000
gaussian,iid,W,1.0,12.0,24.0,128.0,0.0,0.0,0.71835938,25.0,0.7429707845052084,ead47c447a3bde68e763cd8974f8e5155e808f0188da368c59c3a258202816ab,10434624344870528414,2304729988212104000
gaussian,iid,W,1.0,12.0,24.0,128.0,0.0,0.0,0.72000142,25.0,0.9924774169921876,06c914b00430e596fd2e84f70c7673d35c1eabbf6ca46241e4a25f402a96fd56,10434624344870528414,2304729988212104000
gaussian,iid,W,1.0,12.0,24.0,128.0,0.0,0.0,0.7203125,25.0,0.9924875895182292,97fe65b52a520a3124771d8c1e3c5bd036d011121131637280a2ef31db5a03c6,10434624344870528414,2304729988212104000
gaussian,iid,W,1.0,12.0,24.0,128.0,0.0,0.0,0.72080078,25.0,0.9925003051757812,063031ef592545fc47fd4c2f9f2c5cdd99a2f782fa7624bda1813b9abebcd52e,10434624344870528414,2304729988212104000
gaussian,iid,W,1.0,12.0,24.0,128.0,0.0,0.0,0.72375433,25.0,0.9926223754882812,8c0fce5ff79d0c6414b4a42e3c629908c87eb42f280b7da36805215cac2fdb23,10434624344870528414,2304729988212104000
gaussian,iid,W,1.0,12.0,24.0,128.0,0.0,0.0,0.72421875,25.0,0.9926478068033854,709f01f62021fba8056440496ebc8f7775a3dabee3fdb85887e769f185d3c264,10434624344870528414,2304729988212104000
gaussian,iid,W,1.0,12.0,24.0,128.0,0.0,0.0,0.72470703,25.0,0.9926706949869792,f9b5c5d2421856408e3905185757349b80365ecec4db272503923c6d28905e43,10434624344870528414,2304729988212104000
gaussian,iid,W,1.0,12.0,24.0,128.0,0.0,0.0,0.70248787,26.0,0.1261240641276041,52277afde86d43bba35dcb0d24c4a84a24d50e42109f581fce942340dcb75f53,17378114066195291050,7819475381145603481
gaussian,iid,W,1.0,12.0,24.0,128.0,0.0,0.0,0.70273438,26.0,0.1261393229166666,28d820c76bf424888ef2db144d7ef2f3894109a6c364cee6b2c44ed7f5ad8a65,17378114066195291050,7819475381145603481
gaussian,iid,W,1.0,12.0,24.0,128.0,0.0,0.0,0.70322266,26.0,0.1284968058268229,a13b6fac6e49e1c5eaa9453244c70165005c2a7a1053d04fe2090af6a17585a7,17378114066195291050,7819475381145603481
gaussian,iid,W,1.0,12.0,24.0,128.0,0.0,0.0,0.71124464,26.0,0.5664876302083334,d472f7876ee81c2961455ab7a59ba9b0bd564bf02011a5b5d5e413667db204c9,17378114066195291050,7819475381145603481
gaussian,iid,W,1.0,12.0,24.0,128.0,0.0,0.0,0.71152344,26.0,0.5666631062825521,b410a8db5c81e5bea44466d4a819bd4195bda78234f8cc31f226e9e7ac54d85f,17378114066195291050,7819475381145603481
gaussian,iid,W,1.0,12.0,24.0,128.0,0.0,0.0,0.71201172,26.0,0.5666732788085938,a30e64098803229d4db481a4888812bfd0044c26c83f645a75327e3fc934f52f,17378114066195291050,7819475381145603481
gaussian,iid,W,1.0,12.0,24.0,128.0,0.0,0.0,0.71749948,26.0,0.5674896240234375,c02ef4c80c84189894700e7cdcb06970dea8ac58185c9925ce10ad8a4582028c,17378114066195291050,7819475381145603481
gaussian,iid,W,1.0,12.0,24.0,128.0,0.0,0.0,0.71787109,26.0,0.5675048828125,576276292b456a5e9dd9b33c4a6ad0b2587df75507f8736f3dd7b8dc923b80c9,17378114066195291050,7819475381145603481
gaussian,iid,W,1.0,12.0,24.0,128.0,0.0,0.0,0.71835938,26.0,0.5675710042317709,e496f364e4819a1cbc54ea3366784151435fd55ebd2821b0667999967ea90eb0,17378114066195291050,7819475381145603481
gaussian,iid,W,1.0,12.0,24.0,128.0,0.0,0.0,0.72000142,26.0,0.5676294962565104,c1ce9238b42ddf9f7edc5d8d2e6032150f83470f68a3d12b7a8f7c732014e11c,17378114066195291050,7819475381145603481
gaussian,iid,W,1.0,12.0,24.0,128.0,0.0,0.0,0.7203125,26.0,0.609344482421875,8446236fe3294e96d798554d608798f218edb9324e2a8c8c9d771321bb89336e,17378114066195291050,7819475381145603481
gaussian,iid,W,1.0,12.0,24.0,128.0,0.0,0.0,0.72080078,26.0,0.6093546549479166,e1950242322f8ac66d62b90135f8025eac16578f49ba16e544c89b48f9af3087,17378114066195291050,7819475381145603481
gaussian,iid,W,1.0,12.0,24.0,128.0,0.0,0.0,0.72375433,26.0,0.6068852742513021,281bf323ac5ee84ada8fae581e447859374c3ccb99fe3786f1d79033212df2cd,17378114066195291050,7819475381145603481
gaussian,iid,W,1.0,12.0,24.0,128.0,0.0,0.0,0.72421875,26.0,0.6068903605143229,ffa2f5962a0e02baed4b4b6b67cf295c3fbfda7916a92394f181cdc2ea06ca25,17378114066195291050,7819475381145603481
gaussian,iid,W,1.0,12.0,24.0,128.0,0.0,0.0,0.72470703,26.0,0.6068979899088541,f508018643773a0b1da2dd2cbc049963de06a704285b82745a14afc1ebd16183,17378114066195291050,7819475381145603481
gaussian,iid,W,1.0,12.0,24.0,128.0,0.0,0.0,0.70248787,27.0,0.2868270874023437,e957753e8fa122f4bfe39095922ee935d151b75bde446a0e949185b6e71a5ad9,8273927023885608412,14748226145341024465
gaussian,iid,W,1.0,12.0,24.0,128.0,0.0,0.0,0.70273438,27.0,0.2867940266927083,e4bf151db1e22535e087dc60bb05bd7aa020885bfa80579567710d76b1faf275,8273927023885608412,14748226145341024465
gaussian,iid,W,1.0,12.0,24.0,128.0,0.0,0.0,0.70322266,27.0,0.2921778361002604,037c75dc1ae3868aa51ef6ce38960790fbfc7f19d5221ea8f2b106bbbb2e3445,8273927023885608412,14748226145341024465
gaussian,iid,W,1.0,12.0,24.0,128.0,0.0,0.0,0.71124464,27.0,0.6028951009114584,f044726b7522c9481ab3e44701f53a4b64363a6af7a782d4789dd33535396f79,8273927023885608412,14748226145341024465
gaussian,iid,W,1.0,12.0,24.0,128.0,0.0,0.0,0.71152344,27.0,0.6029129028320312,e6e0752689a52b001c252680df0b3227877856712fedf39aa6619661d85e1aff,8273927023885608412,14748226145341024465
gaussian,iid,W,1.0,12.0,24.0,128.0,0.0,0.0,0.71201172,27.0,0.6029383341471354,8f4674e86070c12adda66cffdd9adb6f7820f52cdad6b5922226a482b417ac6e,8273927023885608412,14748226145341024465
gaussian,iid,W,1.0,12.0,24.0,128.0,0.0,0.0,0.71749948,27.0,0.9675750732421876,a7040ca4cc57e848254f285e40b2973a2dd7aae0ad60631ee9df7f3c36c0cb39,8273927023885608412,14748226145341024465
gaussian,iid,W,1.0,12.0,24.0,128.0,0.0,0.0,0.71787109,27.0,0.9675827026367188,5899d525649c889cab1aaf350ab149bfe40362be3975db5b23d0627202bb3524,8273927023885608412,14748226145341024465
gaussian,iid,W,1.0,12.0,24.0,128.0,0.0,0.0,0.71835938,27.0,0.9675852457682292,5f2e06ac65d4a903af8ecd304fce09f961139212ab1d4e271c4c071996957f27,8273927023885608412,14748226145341024465
gaussian,iid,W,1.0,12.0,24.0,128.0,0.0,0.0,0.72000142,27.0,0.9676361083984376,39297966cdec89a7af8cb792f285e1c4cd8e1a570e7c77b61c2a053bf39d1c9a,8273927023885608412,14748226145341024465
gaussian,iid,W,1.0,12.0,24.0,128.0,0.0,0.0,0.7203125,27.0,0.9676513671875,97ef15a179c0092551557e11fb8a014f9c21250b5810a85c1fc0edb406817c7c,8273927023885608412,14748226145341024465
gaussian,iid,W,1.0,12.0,24.0,128.0,0.0,0.0,0.72080078,27.0,0.9830754597981772,3f24a1e76a8c032e9d672760f827f1a2ac32312881796204035c7912dbc88583,8273927023885608412,14748226145341024465
gaussian,iid,W,1.0,12.0,24.0,128.0,0.0,0.0,0.72375433,27.0,0.567169189453125,aec4a2583471a9436796269dc0e0f26de9d42c327e872aa49762acbdc8c79ba0,8273927023885608412,14748226145341024465
gaussian,iid,W,1.0,12.0,24.0,128.0,0.0,0.0,0.72421875,27.0,0.983629862467448,aacd14d63f9dd07311682eba4464a0cf85a7458db901950cc65abf9d674c311c,8273927023885608412,14748226145341024465
gaussian,iid,W,1.0,12.0,24.0,128.0,0.0,0.0,0.72470703,27.0,0.9836400349934896,f065f8b769bf8aae64c4f5d93d183f334286cdba0962ecaf4cbf9b467c17310b,8273927023885608412,14748226145341024465
gaussian,iid,W,1.0,12.0,24.0,128.0,0.0,0.0,0.70248787,28.0,0.1995112101236979,b9502b6087f06b1dd47ad9e59b74fdb9c541fe44498923a29bb026951d5ebd91,9799275183615953276,14139974292908710517
gaussian,iid,W,1.0,12.0,24.0,128.0,0.0,0.0,0.70273438,28.0,0.1999867757161458,5ce530b4e5c9ffce10b7dfd62f1b8e06b70cdeed56359ab1820bf65eef4d0280,9799275183615953276,14139974292908710517
gaussian,iid,W,1.0,12.0,24.0,128.0,0.0,0.0,0.70322266,28.0,0.32171630859375,4b6bf52e04232093b10d9454254e45bc4e7c83f8f91eb42c2294ee6e7203e9ec,9799275183615953276,14139974292908710517
gaussian,iid,W,1.0,12.0,24.0,128.0,0.0,0.0,0.71124464,28.0,0.3388926188151042,52f9aee2f71d0a3a0cc72e5a399a85a9fc0b371d150e4ce03b459d19e093292b,9799275183615953276,14139974292908710517
gaussian,iid,W,1.0,12.0,24.0,128.0,0.0,0.0,0.71152344,28.0,0.3388951619466145,80a1d96661fba50bfe7fa5f5672bbc3caf9b285186afe08a1e3e50adb00b4e63,9799275183615953276,14139974292908710517
gaussian,iid,W,1.0,12.0,24.0,128.0,0.0,0.0,0.71201172,28.0,0.3388315836588542,2665231564b28c22bcaf1da029ce63e2d1e8d5367fed6e6fa8a07066b830b8f1,9799275183615953276,14139974292908710517
gaussian,iid,W,1.0,12.0,24.0,128.0,0.0,0.0,0.71749948,28.0,0.49005126953125,013540274605463b428b613eeaeaee4128244a95435863fa1daa34536c3aaf2e,9799275183615953276,14139974292908710517
gaussian,iid,W,1.0,12.0,24.0,128.0,0.0,0.0,0.71787109,28.0,0.4901275634765625,99c9ea4966b0692dd9915c37c2b5fa6b1b69d712eb7fdd42632e5ce6fb6bcd3c,9799275183615953276,14139974292908710517
gaussian,iid,W,1.0,12.0,24.0,128.0,0.0,0.0,0.71835938,28.0,0.4901529947916667,104ac6eb9865dd24e43f15a6bd12a164fad62ee05affa59d1a0b47d887181dab,9799275183615953276,14139974292908710517
gaussian,iid,W,1.0,12.0,24.0,128.0,0.0,0.0,0.72000142,28.0,0.992871602376302,755ab53514ea37218c6e62f1ed3f7be0e00bd8a425f79a4afd79dfbb5b4ffe3d,9799275183615953276,14139974292908710517
gaussian,iid,W,1.0,12.0,24.0,128.0,0.0,0.0,0.7203125,28.0,0.9928792317708334,1bd9cca35cef42ebd7f3bd9a9584873df6f1ee5e800cbf55b1c85f701e01861e,9799275183615953276,14139974292908710517
gaussian,iid,W,1.0,12.0,24.0,128.0,0.0,0.0,0.72080078,28.0,0.9929300944010416,10a437a63ce2fe972cb16b61594810a05ef1e56cf58d7ae43412deb608724628,9799275183615953276,14139974292908710517
gaussian,iid,W,1.0,12.0,24.0,128.0,0.0,0.0,0.72375433,28.0,0.9933268229166666,7087515c334d95a90affe7272b2e0ba810459371310ee4e9757875a230cf409b,9799275183615953276,14139974292908710517
gaussian,iid,W,1.0,12.0,24.0,128.0,0.0,0.0,0.72421875,28.0,0.9933446248372396,8067e30a086910a4669e2c7b8e4633d35fd8e3e6904c62ca106adca8d72a5c2a,9799275183615953276,14139974292908710517
gaussian,iid,W,1.0,12.0,24.0,128.0,0.0,0.0,0.72470703,28.0,0.9937642415364584,f03f16e4515bd58e2d7a1c539db8c1a2f86b14c1c63ca8face0a52d953983767,9799275183615953276,14139974292908710517
gaussian,iid,W,1.0,12.0,24.0,128.0,0.0,0.0,0.70248787,29.0,0.1667734781901041,8187dda1d253a88263cbc2d1bf306851f1f3f3da67eed20f636951d5cd451cdb,11353369328694401608,8236004698781571064
gaussian,iid,W,1.0,12.0,24.0,128.0,0.0,0.0,0.70273438,29.0,0.1667683919270833,736bd5d37ec823c1c1a8ed31230f53df7ef6a53df03708eb4228a56b11448895,11353369328694401608,8236004698781571064
gaussian,iid,W,1.0,12.0,24.0,128.0,0.0,0.0,0.70322266,29.0,0.1667836507161458,fc8982aeaf3a6447364b1dad8a33b69925d43dc3c65a3b024b0f7cbea2d652ed,11353369328694401608,8236004698781571064
gaussian,iid,W,1.0,12.0,24.0,128.0,0.0,0.0,0.71124464,29.0,0.3527603149414062,08a4f07e27c4bdf0f15ec6e57c867819205ba21e3eae5aa79543d600ac2aba5c,11353369328694401608,8236004698781571064
gaussian,iid,W,1.0,12.0,24.0,128.0,0.0,0.0,0.71152344,29.0,0.3527628580729167,215a723f2a2c57313d2faf8d05ff0f425246b3040dfd101e27e50b54e7738583,11353369328694401608,8236004698781571064
gaussian,iid,W,1.0,12.0,24.0,128.0,0.0,0.0,0.71201172,29.0,0.5487747192382812,0b16425191d4778f046a4a2d8ac8797cf4d82541105e498f967b3ce8c7408ebd,11353369328694401608,8236004698781571064
gaussian,iid,W,1.0,12.0,24.0,128.0,0.0,0.0,0.71749948,29.0,0.814178466796875,11156878a54f648659363eb581b2e1aae46191dd59750708e785ca0279383442,11353369328694401608,8236004698781571064
gaussian,iid,W,1.0,12.0,24.0,128.0,0.0,0.0,0.71787109,29.0,0.8147328694661459,fcb24facfb1fbad74964ab41b623493751d4497993539e996ed0262b10bdfa4a,11353369328694401608,8236004698781571064
gaussian,iid,W,1.0,12.0,24.0,128.0,0.0,0.0,0.71835938,29.0,0.8147430419921875,8d798bbd94fa0e27903e5a42b1edb9efd99e24c93b046a51fd99a5629caaa5f7,11353369328694401608,8236004698781571064
gaussian,iid,W,1.0,12.0,24.0,128.0,0.0,0.0,0.72000142,29.0,0.8924992879231771,ec122f4a753ff8ffb610f6cf546a6a0a396fc2641bbe6e331c663dfaedf7f298,11353369328694401608,8236004698781571064
gaussian,iid,W,1.0,12.0,24.0,128.0,0.0,0.0,0.7203125,29.0,0.8925018310546875,e93b6ea339c138aa94b7c6fcec33eb5d6e2149b317f2baa56784a30f13d855b7,11353369328694401608,8236004698781571064
gaussian,iid,W,1.0,12.0,24.0,128.0,0.0,0.0,0.72080078,29.0,0.8925603230794271,7eaef4d5a2a0bdbba361c3e6519eafada4791a615d4d7626c1ff60d3799cce73,11353369328694401608,8236004698781571064
gaussian,iid,W,1.0,12.0,24.0,128.0,0.0,0.0,0.72375433,29.0,0.8928146362304688,245976a80ac244f6fb76c22b2daa06fc033f920e010ad700b78bb292ede7b37d,11353369328694401608,8236004698781571064
gaussian,iid,W,1.0,12.0,24.0,128.0,0.0,0.0,0.72421875,29.0,0.892822265625,dda347e98cc13fa1c2e85bd230a202d8a53146094c80fed5875836141de5ba7b,11353369328694401608,8236004698781571064
gaussian,iid,W,1.0,12.0,24.0,128.0,0.0,0.0,0.72470703,29.0,0.8928680419921875,11e654ef21572882123d187a6eb14614047e68a1edbe7f02de0b58d2454e7adf,11353369328694401608,8236004698781571064
gaussian,iid,W,1.0,12.0,24.0,128.0,0.0,0.0,0.70248787,30.0,0.1623102823893229,03a74d0204ab78fd169f25c6260ab94af999b4c9d977edd4a1045198d414d3e8,10392436389295919260,16893944371863775179
gaussian,iid,W,1.0,12.0,24.0,128.0,0.0,0.0,0.70273438,30.0,0.1623128255208333,0e02da26a992fa9ab9689620bb9ed48ba0c730665d9b20393701852a5ec3470c,10392436389295919260,16893944371863775179
gaussian,iid,W,1.0,12.0,24.0,128.0,0.0,0.0,0.70322266,30.0,0.1648686726888021,428a8e4639fa684f5f36c91caa30948bee60e694afe93f5c9301fcf4a89b6f09,10392436389295919260,16893944371863775179
gaussian,iid,W,1.0,12.0,24.0,128.0,0.0,0.0,0.71124464,30.0,0.3787002563476562,e7df18045fa901e632419ac4a04a42bf1ae4d25e091199bcb664832b2e8ab1ca,10392436389295919260,16893944371863775179
gaussian,iid,W,1.0,12.0,24.0,128.0,0.0,0.0,0.71152344,30.0,0.3787714640299479,1eb0a3d4aa523333461e166917f798646a19805fec41406ae4e7fe6484f1c3b9,10392436389295919260,16893944371863775179
gaussian,iid,W,1.0,12.0,24.0,128.0,0.0,0.0,0.71201172,30.0,0.3789342244466145,db71a53554153f72d162d8384038abe2b0406be52ca575b41a03735ecbba660c,10392436389295919260,16893944371863775179
gaussian,iid,W,1.0,12.0,24.0,128.0,0.0,0.0,0.71749948,30.0,0.2595138549804687,ea8a4f586e3369c954dbbb398223ba6ade7dbdda79e043dc5d151b856121fb67,10392436389295919260,16893944371863775179
gaussian,iid,W,1.0,12.0,24.0,128.0,0.0,0.0,0.71787109,30.0,0.2595163981119792,88cb89dd457e822c8d69de469a9c2b28747e6e5f1ae38d3ef66c5923f33cbb2e,10392436389295919260,16893944371863775179
gaussian,iid,W,1.0,12.0,24.0,128.0,0.0,0.0,0.71835938,30.0,0.2595799763997395,3e87bc2feb7bb0b20baea060ce4bf9d492c870f54e92d99d84f143bc623a402b,10392436389295919260,16893944371863775179
gaussian,iid,W,1.0,12.0,24.0,128.0,0.0,0.0,0.72000142,30.0,0.5285542805989584,61bf9ebfc528fb5bca71491b3f87a46fd2476deae9427b86bd742df6eed3db98,10392436389295919260,16893944371863775179
gaussian,iid,W,1.0,12.0,24.0,128.0,0.0,0.0,0.7203125,30.0,0.5285568237304688,cad210d5b4b3d4fe763491d077cc630f0e7e7bd8746e98825adbf465b2d7c4de,10392436389295919260,16893944371863775179
gaussian,iid,W,1.0,12.0,24.0,128.0,0.0,0.0,0.72080078,30.0,0.5286788940429688,7089ba6299754f43b0a204008d2101175d7ed754e5fbe9f76a4969467ddb9f6d,10392436389295919260,16893944371863775179
gaussian,iid,W,1.0,12.0,24.0,128.0,0.0,0.0,0.72375433,30.0,0.5439173380533854,a1eacfca645374d4e6113d92b6390490df67d357976dd681c02ddaadcc366c65,10392436389295919260,16893944371863775179
gaussian,iid,W,1.0,12.0,24.0,128.0,0.0,0.0,0.72421875,30.0,0.5439351399739584,3eb9fa96999c9de05042426699de79493995b02ce4a48adf8548b0ca0b0f07e9,10392436389295919260,16893944371863775179
gaussian,iid,W,1.0,12.0,24.0,128.0,0.0,0.0,0.72470703,30.0,0.5440190633138021,801a09b2da644436959fe03b78de693f3e082b33cdb9d269414670adee107786,10392436389295919260,16893944371863775179
gaussian,iid,W,1.0,12.0,24.0,128.0,0.0,0.0,0.70248787,31.0,0.1278330485026041,94cc2dabc7949ca85d63ac0052eb57c0a5e0493cf0c6768fa53d5b259df72ddc,11538870746118741133,14087504356983462983
gaussian,iid,W,1.0,12.0,24.0,128.0,0.0,0.0,0.70273438,31.0,0.2066065470377604,f182e7626a31f3fd19015f5daf3873053252cbecd237c9a9bb12af518d1fd79f,11538870746118741133,14087504356983462983
gaussian,iid,W,1.0,12.0,24.0,128.0,0.0,0.0,0.70322266,31.0,0.2081197102864583,98b01d7874e1013dd485e32d2eda44688f9d983a45228599643a10b4facb3063,11538870746118741133,14087504356983462983
gaussian,iid,W,1.0,12.0,24.0,128.0,0.0,0.0,0.71124464,31.0,0.4380467732747395,ea55cb7039bb24bc29294c98e023673ec80557af68426848bc2aef8f419e5534,11538870746118741133,14087504356983462983
gaussian,iid,W,1.0,12.0,24.0,128.0,0.0,0.0,0.71152344,31.0,0.4388275146484375,e018a38b518741a1f605420c104c4d56e7e4c274cfeda26288d32ab8176a0991,11538870746118741133,14087504356983462983
gaussian,iid,W,1.0,12.0,24.0,128.0,0.0,0.0,0.71201172,31.0,0.4388351440429687,94e92854dc68007a5d4b143b76e6f223f9207b853a95b2b4cd63d6900df86826,11538870746118741133,14087504356983462983
gaussian,iid,W,1.0,12.0,24.0,128.0,0.0,0.0,0.71749948,31.0,0.9824320475260416,bb2c4163f3a4fbf76b493e1f39c3b975b7ea1a96f8fbbdc0bb86da37a5a7a0d6,11538870746118741133,14087504356983462983
gaussian,iid,W,1.0,12.0,24.0,128.0,0.0,0.0,0.71787109,31.0,0.982434590657552,ddd5de0f6d35328c87c8d0948a007c1a1d4a2d1060b5d75c9c3e06452d20b95b,11538870746118741133,14087504356983462983
gaussian,iid,W,1.0,12.0,24.0,128.0,0.0,0.0,0.71835938,31.0,0.9824422200520834,07e17164ea595a688c57789a32454a78de2a117d68b1138b7cdb00a61a60df40,11538870746118741133,14087504356983462983
gaussian,iid,W,1.0,12.0,24.0,128.0,0.0,0.0,0.72000142,31.0,0.9845123291015624,98b8cc2a77e85b2c2115fc5ffea8068ea0d0f34c043fffeb56ea8f2c1ac64e14,11538870746118741133,14087504356983462983
gaussian,iid,W,1.0,12.0,24.0,128.0,0.0,0.0,0.7203125,31.0,0.9845123291015624,529b733a2a60f9830024d09e0c62abee8accfc22934177c4a504c626f99a4891,11538870746118741133,14087504356983462983
gaussian,iid,W,1.0,12.0,24.0,128.0,0.0,0.0,0.72080078,31.0,0.9882532755533854,433cd976762fc710c770efc13912ff37dfa159e6e61566609350673f9f0cba9b,11538870746118741133,14087504356983462983
gaussian,iid,W,1.0,12.0,24.0,128.0,0.0,0.0,0.72375433,31.0,0.9883346557617188,70694868e7aa52e49ea0ce0ec2a2fd3b7140d0e4f31c5c18517138c5a9b91e58,11538870746118741133,14087504356983462983
gaussian,iid,W,1.0,12.0,24.0,128.0,0.0,0.0,0.72421875,31.0,0.9906387329101562,1c2654369d3e92f76328fbb905a46dcfe7f854515753d31c56456a3178d41661,11538870746118741133,14087504356983462983
gaussian,iid,W,1.0,12.0,24.0,128.0,0.0,0.0,0.72470703,31.0,0.9907735188802084,e33dad482cb98b3cc3f904aa9028cbe3d7377f542fb72700a782d28fd46a19a4,11538870746118741133,14087504356983462983
gaussian,iid,W,1.0,4.0,24.0,128.0,0.0,0.0,0.89852819,0.0,0.1162923177083333,591e93b0253cff47df77b9b84b80cd3b5464d034053c3ae785b27ea0bec3a310,15506154925558610170,16749696641006981035
gaussian,iid,W,1.0,4.0,24.0,128.0,0.0,0.0,0.90189453,0.0,0.125579833984375,4f370cac9baba8a12389750c511cdf3c66f46759f2e39a4c8b86dfa934006ea7,15506154925558610170,16749696641006981035
gaussian,iid,W,1.0,4.0,24.0,128.0,0.0,0.0,0.90526088,0.0,0.1257960001627604,ce10043b8c7890768dff66bf6c08bf1c089f55a737d2334e72c404d87f20632f,15506154925558610170,16749696641006981035
gaussian,iid,W,1.0,4.0,24.0,128.0,0.0,0.0,0.90862723,0.0,0.2502619425455729,bf1bc8a82d25ac73e78c3c1d4c963ff99b7baceb631c9f870a8b076a65a21763,15506154925558610170,16749696641006981035
gaussian,iid,W,1.0,4.0,24.0,128.0,0.0,0.0,0.91199357,0.0,0.4194869995117187,359df91a2fe5cf5766b6a790aad37853bb94d1479a9337d9b03a83db9ccca9a7,15506154925558610170,16749696641006981035
gaussian,iid,W,1.0,4.0,24.0,128.0,0.0,0.0,0.91535992,0.0,0.429730733235677,c7ab326b60210ca3933c6d8b89c8ca220eb888f969559664b8d2e3a8462ac5ad,15506154925558610170,16749696641006981035
gaussian,iid,W,1.0,4.0,24.0,128.0,0.0,0.0,0.91872626,0.0,0.7417958577473959,ae9a469cbac2bf5e3e194a088b6490ba6f7d0b4c1184dc0b4c868107c80d160e,15506154925558610170,16749696641006981035
gaussian,iid,W,1.0,4.0,24.0,128.0,0.0,0.0,0.92209261,0.0,0.959498087565104,7b27cc5bf0097686fe6bfa0cf422e397f1d94df1877c02f5d93912f00be5a082,15506154925558610170,16749696641006981035
gaussian,iid,W,1.0,4.0,24.0,128.0,0.0,0.0,0.92545895,0.0,0.9208933512369792,7f20e271f8566a9a94af4710ded9e1d77f65f042976e56f612135e3b92aa6aa0,15506154925558610170,16749696641006981035
gaussian,iid,W,1.0,4.0,24.0,128.0,0.0,0.0,0.9288253,0.0,0.4720102945963542,bf821306fd09257a1afcf1b559d25c0105646a31c7b7981650a4bcd7bfc8aa83,15506154925558610170,16749696641006981035
gaussian,iid,W,1.0,4.0,24.0,128.0,0.0,0.0,0.93219164,0.0,0.4732844034830729,c7ed309e7b740b563f82d3c2038bee38e4df112684beb9430ae5ca878beae764,15506154925558610170,16749696641006981035
gaussian,iid,W,1.0,4.0,24.0,128.0,0.0,0.0,0.93555799,0.0,0.9600397745768228,bbc7e2bcbd8646f36b97e86757aa24d19b45afaf6f1a1b5ab50993fb5e3780de,15506154925558610170,16749696641006981035
gaussian,iid,W,1.0,4.0,24.0,128.0,0.0,0.0,0.93892434,0.0,0.9595438639322916,4f0335e2b1de0c49ad46c5440a30d15410691e22e4854a7081b47684430eaedf,15506154925558610170,16749696641006981035
gaussian,iid,W,1.0,4.0,24.0,128.0,0.0,0.0,0.94229068,0.0,0.9604670206705728,c08430985f93af19a0e97387514301a01ad05197a64cd6914490d7cecde3e464,15506154925558610170,16749696641006981035
gaussian,iid,W,1.0,4.0,24.0,128.0,0.0,0.0,0.94565703,0.0,0.960540771484375,9815111897db9881447dc5c13e497afed7c68314defdc9b7ea8de62bc8721e8b,15506154925558610170,16749696641006981035
gaussian,iid,W,1.0,4.0,24.0,128.0,0.0,0.0,0.94902337,0.0,0.9616928100585938,bc421723dcd3349e426ef5bc763309290eeb22d374a3353912960868792d6ff8,15506154925558610170,16749696641006981035
gaussian,iid,W,1.0,4.0,24.0,128.0,0.0,0.0,0.90175781,0.0,0.1248575846354166,d50b536e5e8fdadb88b8dc4b42f5dbb10a9766c1be56175526b81df5a8730bfe,15506154925558610170,16749696641006981035
gaussian,iid,W,1.0,4.0,24.0,128.0,0.0,0.0,0.90341797,0.0,0.1260299682617187,24352d0d19db8ce5a8fe6b58262b83c420b10bc4e6943393deabd139a99b9bd6,15506154925558610170,16749696641006981035
gaussian,iid,W,1.0,4.0,24.0,128.0,0.0,0.0,0.91669922,0.0,0.4298578898111979,df1acb77c0bcc0451a6f2965f01c941deb0f35305ac160bed4f6dab8e559e697,15506154925558610170,16749696641006981035
gaussian,iid,W,1.0,4.0,24.0,128.0,0.0,0.0,0.91704309,0.0,0.4298884073893229,cf195c8eb71a4e0e70cb79476103b42dc3c979fe1059e833f4e1e3a8380a05b9,15506154925558610170,16749696641006981035
gaussian,iid,W,1.0,4.0,24.0,128.0,0.0,0.0,0.92001953,0.0,0.7419586181640625,a7454338201491791211cf160f1dd04288a8e06d4d0dcc32eb783faedd6bfa51,15506154925558610170,16749696641006981035
gaussian,iid,W,1.0,4.0,24.0,128.0,0.0,0.0,0.92040944,0.0,0.7420018513997396,b2eee95a5b52d816c6ac483e10e3d241ccc8a668714aa93da5abbaf907ba0b17,15506154925558610170,16749696641006981035
gaussian,iid,W,1.0,4.0,24.0,128.0,0.0,0.0,0.92167969,0.0,0.9593429565429688,68e0ea8f386d52b2e9cfa869bccccee357fefdeed1b577aabfd9fb42c5e93f02,15506154925558610170,16749696641006981035
gaussian,iid,W,1.0,4.0,24.0,128.0,0.0,0.0,0.92333984,0.0,0.9203160603841146,4a6a1199b9ee235dcadaf94b457d43f3124e49282ec54bafecb5b622f7be4caa,15506154925558610170,16749696641006981035
gaussian,iid,W,1.0,4.0,24.0,128.0,0.0,0.0,0.92377578,0.0,0.9202779134114584,405f299e42371845a23d417eb8439ac09a0c56ba6670bcd0d18a62bf98157ade,15506154925558610170,16749696641006981035
gaussian,iid,W,1.0,4.0,24.0,128.0,0.0,0.0,0.925,0.0,0.9208450317382812,dc4e9be2f09aabccc7b5048b55ade079394c0ad3839a383955510221e5e5edc3,15506154925558610170,16749696641006981035
gaussian,iid,W,1.0,4.0,24.0,128.0,0.0,0.0,0.92832031,0.0,0.4719416300455729,9e84078c8a51d19cd3d8c73dd9c735537f454ee1ca8d35a322f8fa1ebdd7fc54,15506154925558610170,16749696641006981035
gaussian,iid,W,1.0,4.0,24.0,128.0,0.0,0.0,0.92998047,0.0,0.4730936686197917,3ef72b480ba1a325638477f27f463c1360b1483b88865135b4e7008198c02fc9,15506154925558610170,16749696641006981035
gaussian,iid,W,1.0,4.0,24.0,128.0,0.0,0.0,0.93387482,0.0,0.960118611653646,5d5021e756c5c25f86ed109ddc4a23f69765481b452f28bd9ae358e7e7c016b7,15506154925558610170,16749696641006981035
gaussian,iid,W,1.0,4.0,24.0,128.0,0.0,0.0,0.93496094,0.0,0.959996541341146,86d9ba260c21d6a90c12df7728ce7fa4f0eb82f7a09335c63563d3232ecef4e2,15506154925558610170,16749696641006981035
gaussian,iid,W,1.0,4.0,24.0,128.0,0.0,0.0,0.89852819,1.0,0.2152277628580729,8e2044f8422b4540c0241aad428b407c4d69721c790c4aa0cb3aa713d15fd9bb,6707926605311897852,5799880411292779401
gaussian,iid,W,1.0,4.0,24.0,128.0,0.0,0.0,0.90189453,1.0,0.2090810139973958,13dc79b9f06c5c73c6c51eed65472f75d9ad00a17460e09ab8969e7da268cda2,6707926605311897852,5799880411292779401
gaussian,iid,W,1.0,4.0,24.0,128.0,0.0,0.0,0.90526088,1.0,0.2326380411783854,708c85395cb4daffb63611876afede854890b5a18d726e48c1e3dc53f3d6b771,6707926605311897852,5799880411292779401
gaussian,iid,W,1.0,4.0,24.0,128.0,0.0,0.0,0.90862723,1.0,0.2433064778645833,26a0ae56a2572468ae42a0e08e22c88b1b4f0c38914ffaaba84fe9680f01ca18,6707926605311897852,5799880411292779401
gaussian,iid,W,1.0,4.0,24.0,128.0,0.0,0.0,0.91199357,1.0,0.24444580078125,6e37875f94aa5ee2bdaa481c7cbc65803afa63bd833cccf2e92c790059bd7389,6707926605311897852,5799880411292779401
gaussian,iid,W,1.0,4.0,24.0,128.0,0.0,0.0,0.91535992,1.0,0.4365590413411458,afd85c041d6e8068d79826d56d79e55f0292a99210d7d8ba0406a7e638522298,6707926605311897852,5799880411292779401
gaussian,iid,W,1.0,4.0,24.0,128.0,0.0,0.0,0.91872626,1.0,0.4363886515299479,872c736ae11c118fcb732b2d384d53f0eefc5867023a6b8ba9f2762a676d9ceb,6707926605311897852,5799880411292779401
gaussian,iid,W,1.0,4.0,24.0,128.0,0.0,0.0,0.92209261,1.0,0.645751953125,3929499221cced1a7366ce933dddb9b19c7971cc60da9a585f47978855ab0e94,6707926605311897852,5799880411292779401
gaussian,iid,W,1.0,4.0,24.0,128.0,0.0,0.0,0.92545895,1.0,0.6614812215169271,21fb5fbcd31c3d3ba6724ab500e212cf2d6cbe326d56cff886efd8e03f0e033e,6707926605311897852,5799880411292779401
gaussian,iid,W,1.0,4.0,24.0,128.0,0.0,0.0,0.9288253,1.0,0.6614176432291666,428a23d0b288a21a330f4a1e32e19ea86fb3d2f1a601a9148173c82e7f6b2842,6707926605311897852,5799880411292779401
gaussian,iid,W,1.0,4.0,24.0,128.0,0.0,0.0,0.93219164,1.0,0.9491984049479166,7da56c237caac050a8558cc1f7815460c5e4e6012b98ae630c24f46474d2b5e7,6707926605311897852,5799880411292779401
gaussian,iid,W,1.0,4.0,24.0,128.0,0.0,0.0,0.93555799,1.0,0.9499740600585938,ce97cd0a72cda37086ae86c24b444a2ed837097c63e525a8fe414b0dcf0e18b9,6707926605311897852,5799880411292779401
gaussian,iid,W,1.0,4.0,24.0,128.0,0.0,0.0,0.93892434,1.0,0.949732462565104,2c06cae71813a36e72a0d5b16da820d921b4e3d14270cb2d742ad2da9b50e3cc,6707926605311897852,5799880411292779401
gaussian,iid,W,1.0,4.0,24.0,128.0,0.0,0.0,0.94229068,1.0,0.9496841430664062,571d7e86d1f98bf6bdbd41965b4b675a334950c46dce64f80a34b6a1bd69a296,6707926605311897852,5799880411292779401
gaussian,iid,W,1.0,4.0,24.0,128.0,0.0,0.0,0.94565703,1.0,0.9499562581380208,399178a41b84bdd161bab6dea523c598f1c55176cd656cd555d5c10a13c2549f,6707926605311897852,5799880411292779401
gaussian,iid,W,1.0,4.0,24.0,128.0,0.0,0.0,0.94902337,1.0,0.9510930379231772,3ba0da2800cf9d24d367f0e701ac3caad4e87c4b38017c38340885f0b606487c,6707926605311897852,5799880411292779401
gaussian,iid,W,1.0,4.0,24.0,128.0,0.0,0.0,0.90175781,1.0,0.2090581258138021,4c5441ae1dd6fd69833ded4e307d491feac742e0ca8491c0512905d668ca8316,6707926605311897852,5799880411292779401
gaussian,iid,W,1.0,4.0,24.0,128.0,0.0,0.0,0.90341797,1.0,0.2136332194010416,e507a1a7a09318a00c99cda972ba561d8a07ff4a8f7769dca88da951e312a861,6707926605311897852,5799880411292779401
gaussian,iid,W,1.0,4.0,24.0,128.0,0.0,0.0,0.91669922,1.0,0.4360402425130208,8efa29efcec7655f1bc56bb7a6c5f85490e67de81e27562c27f3a67fceeb205e,6707926605311897852,5799880411292779401
gaussian,iid,W,1.0,4.0,24.0,128.0,0.0,0.0,0.91704309,1.0,0.436047871907552,e42838e2d8b9cbfafd64a20de1460952b0c00df4db91dba50321710963e87980,6707926605311897852,5799880411292779401
gaussian,iid,W,1.0,4.0,24.0,128.0,0.0,0.0,0.92001953,1.0,0.6461588541666666,a26ac89449ee8df8fe509b0f1b05b9695e43b644144243a6629a11d58d304307,6707926605311897852,5799880411292779401
gaussian,iid,W,1.0,4.0,24.0,128.0,0.0,0.0,0.92040944,1.0,0.6462224324544271,336095818835401d1359317d089aae1768388680ec1a5685be073329d8e73c60,6707926605311897852,5799880411292779401
gaussian,iid,W,1.0,4.0,24.0,128.0,0.0,0.0,0.92167969,1.0,0.6460622151692709,ff2d61e129d1bfb57c1516db0cddd5b9dcce837ecdccc3dcd22fd958a3f7141c,6707926605311897852,5799880411292779401
gaussian,iid,W,1.0,4.0,24.0,128.0,0.0,0.0,0.92333984,1.0,0.6461664835611979,85a502bc23df4c9792df30a7805cf00f950bdf964f00bcacf9d6825274e674ca,6707926605311897852,5799880411292779401
gaussian,iid,W,1.0,4.0,24.0,128.0,0.0,0.0,0.92377578,1.0,0.6460825602213541,3450f670182729dee46e88f86146758aefcd20dd897b16c4b143e829c5c13d19,6707926605311897852,5799880411292779401
gaussian,iid,W,1.0,4.0,24.0,128.0,0.0,0.0,0.925,1.0,0.6467132568359375,5a94b07ef00005b36f2bc6c801c55d4036df979fc1328edb78da7bc2ecf80199,6707926605311897852,5799880411292779401
gaussian,iid,W,1.0,4.0,24.0,128.0,0.0,0.0,0.92832031,1.0,0.6612218221028646,b3d0eaee1288f4014e559a576ecc9f16582a40b4000f3cd74842e8b7e6e4ea30,6707926605311897852,5799880411292779401
gaussian,iid,W,1.0,4.0,24.0,128.0,0.0,0.0,0.92998047,1.0,0.9487533569335938,c27178f02620d85dae716038b6db9a72a4d81c6b78b8f6af041ca95bbf4c07ad,6707926605311897852,5799880411292779401
gaussian,iid,W,1.0,4.0,24.0,128.0,0.0,0.0,0.93387482,1.0,0.9496256510416666,0e6295560e768cd0feede5d60d4b657ac6978a44f1d149d6dbfd57a4e5d39fe3,6707926605311897852,5799880411292779401
gaussian,iid,W,1.0,4.0,24.0,128.0,0.0,0.0,0.93496094,1.0,0.949938456217448,7269cf5dfcd4c071e00ef205e6238a9c17f7d34fa9e670714a7a9d0b5a1e9e6c,6707926605311897852,5799880411292779401
gaussian,iid,W,1.0,4.0,24.0,128.0,0.0,0.0,0.89852819,2.0,0.278882344563802,73783fb8ab52485c8aef0238df08f701087c5c2faa9b81f93dc1c90918e52f36,12761281242282232449,15259222213822858812
gaussian,iid,W,1.0,4.0,24.0,128.0,0.0,0.0,0.90189453,2.0,0.280255635579427,befa7984e491cbbc8a39bc0fca2f4773010243eccc1792b48d303793f22d1cec,12761281242282232449,15259222213822858812
gaussian,iid,W,1.0,4.0,24.0,128.0,0.0,0.0,0.90526088,2.0,0.2195663452148437,32670a13b3ecb8ffd5d0d496ca7a7920a06caf82b25b305cb1d693e65cc28b9c,12761281242282232449,15259222213822858812
gaussian,iid,W,1.0,4.0,24.0,128.0,0.0,0.0,0.90862723,2.0,0.228057861328125,51b404a513dfc82edc2f36afd6390109f1a9163192a0b60aa23a6f2aa855028b,12761281242282232449,15259222213822858812
gaussian,iid,W,1.0,4.0,24.0,128.0,0.0,0.0,0.91199357,2.0,0.2276560465494791,fcec0ecbb9a4700c66b1902c0caddb1d0e6aa8a2d751e69fbaca358c745c15fc,12761281242282232449,15259222213822858812
gaussian,iid,W,1.0,4.0,24.0,128.0,0.0,0.0,0.91535992,2.0,0.3637568155924479,c0d92b29cce934880cf90bd6e2c8d79d02fc494a278b0a6fc09a0decf7eb6657,12761281242282232449,15259222213822858812
gaussian,iid,W,1.0,4.0,24.0,128.0,0.0,0.0,0.91872626,2.0,0.7178853352864584,1c638cd2a22fe872394ca5b02747bac59bd13d4204ef12be1b1f283b9f2465ea,12761281242282232449,15259222213822858812
gaussian,iid,W,1.0,4.0,24.0,128.0,0.0,0.0,0.92209261,2.0,0.7252960205078125,48a02fe0e01a75e53daebeac24bafa9f61ac52abb610b409891d75351c6051f1,12761281242282232449,15259222213822858812
gaussian,iid,W,1.0,4.0,24.0,128.0,0.0,0.0,0.92545895,2.0,0.7269109090169271,ff31549d18117aa824a120aa55cb40403d196cccde20fef36388e5c511aca6d7,12761281242282232449,15259222213822858812
gaussian,iid,W,1.0,4.0,24.0,128.0,0.0,0.0,0.9288253,2.0,0.7276738484700521,ac834e0c86dfefa66a833d4f650e4868fae1708bfdd9c5bde27e000ac1a2f09a,12761281242282232449,15259222213822858812
gaussian,iid,W,1.0,4.0,24.0,128.0,0.0,0.0,0.93219164,2.0,0.728729248046875,f04dc54549f8f167c866814a8e00247103df3410ab77c698befb3d681017a353,12761281242282232449,15259222213822858812
gaussian,iid,W,1.0,4.0,24.0,128.0,0.0,0.0,0.93555799,2.0,0.7295354207356771,d4b8bc02b43502743504f508f8a2381092faca427d7939fc34c590e11dca8023,12761281242282232449,15259222213822858812
gaussian,iid,W,1.0,4.0,24.0,128.0,0.0,0.0,0.93892434,2.0,0.7310867309570312,cbe86fa45f16be4cde2c768775fa49bdae9b8157225a54a23df5cf8586779eec,12761281242282232449,15259222213822858812
gaussian,iid,W,1.0,4.0,24.0,128.0,0.0,0.0,0.94229068,2.0,0.7324473063151041,9779f82121abee0196c1b2a26bb61b3d93913ed5b765f0c32f578fb643c5bb0e,12761281242282232449,15259222213822858812
gaussian,iid,W,1.0,4.0,24.0,128.0,0.0,0.0,0.94565703,2.0,0.7329076131184896,b304bc70976eba8474e6abaaba26447bb261e970b3ac0e077edbc1762fb92eee,12761281242282232449,15259222213822858812
gaussian,iid,W,1.0,4.0,24.0,128.0,0.0,0.0,0.94902337,2.0,0.7368392944335938,7d06bbe6bd4cd709a23353cb4ce2594acac3dd076259c2feddc6cd9dc52e5bd4,12761281242282232449,15259222213822858812
gaussian,iid,W,1.0,4.0,24.0,128.0,0.0,0.0,0.90175781,2.0,0.2794087727864583,c6357001a82f1adefe00ca515d32b99602d1bed0f09cf4f97071b2a341ca853f,12761281242282232449,15259222213822858812
gaussian,iid,W,1.0,4.0,24.0,128.0,0.0,0.0,0.90341797,2.0,0.3076222737630208,714be674dfdaf3134f85256f0aca7076a8abc4bb8d044b2172cddb03dc75436f,12761281242282232449,15259222213822858812
gaussian,iid,W,1.0,4.0,24.0,128.0,0.0,0.0,0.91669922,2.0,0.2716725667317708,e8ee09578bf21fdc42035cbafc767150737d9246205bdaac4f0f7b3e9abaecc2,12761281242282232449,15259222213822858812
gaussian,iid,W,1.0,4.0,24.0,128.0,0.0,0.0,0.91704309,2.0,0.2717234293619792,9fa98fd83050171d8613452b76306344d9466b6a95479b9894012bab121df755,12761281242282232449,15259222213822858812
gaussian,iid,W,1.0,4.0,24.0,128.0,0.0,0.0,0.92001953,2.0,0.7182159423828125,0be2e6477556bb51ac694259437ad3c2700afe2d86712e749f38e08a932b0ee6,12761281242282232449,15259222213822858812
gaussian,iid,W,1.0,4.0,24.0,128.0,0.0,0.0,0.92040944,2.0,0.7182439168294271,b96a6f73349c03df6ebed30bfe7c2593db090a7ad538e3f3e41ec03ee19099f9,12761281242282232449,15259222213822858812
gaussian,iid,W,1.0,4.0,24.0,128.0,0.0,0.0,0.92167969,2.0,0.7170613606770834,c5cf7849e920eb6f426b78a5b1a02b107e9d62ad1e426587aa881f057120b85d,12761281242282232449,15259222213822858812
gaussian,iid,W,1.0,4.0,24.0,128.0,0.0,0.0,0.92333984,2.0,0.7256037394205729,e7a358f7c5f574dbd3b67427652efc079d52c1484877352ad69a5b6b70db6787,12761281242282232449,15259222213822858812
gaussian,iid,W,1.0,4.0,24.0,128.0,0.0,0.0,0.92377578,2.0,0.7264124552408854,6279c5110f5fbc90be0e500291d07780c79ab3f4ea9ad62844c8d92f74b9eed2,12761281242282232449,15259222213822858812
gaussian,iid,W,1.0,4.0,24.0,128.0,0.0,0.0,0.925,2.0,0.7268422444661459,7c78b9d7a7201f73e36e38a6b212878e99b9afdb986fbd8c45fb7becc1185bf4,12761281242282232449,15259222213822858812
gaussian,iid,W,1.0,4.0,24.0,128.0,0.0,0.0,0.92832031,2.0,0.7276560465494791,807131f772055babf92450f28aba8738b76b92613c4b887e7d0a2239744a2e9b,12761281242282232449,15259222213822858812
gaussian,iid,W,1.0,4.0,24.0,128.0,0.0,0.0,0.92998047,2.0,0.7278544108072916,617e474e07bf510e6c3821554f0c74cd25a2f5256ce0fb9be5808a836c68f9d3,12761281242282232449,15259222213822858812
gaussian,iid,W,1.0,4.0,24.0,128.0,0.0,0.0,0.93387482,2.0,0.7291615804036459,bc2777b551f098eddc795647bb121b1a656b93840d6d8f5ad6bb73c8c1d7bb82,12761281242282232449,15259222213822858812
gaussian,iid,W,1.0,4.0,24.0,128.0,0.0,0.0,0.93496094,2.0,0.7295023600260416,4b1779a2f661c0f280aabb0c0bb9fddd24653670f57a9261ace2be370db39445,12761281242282232449,15259222213822858812
gaussian,iid,W,1.0,4.0,24.0,128.0,0.0,0.0,0.89852819,3.0,0.1008326212565104,c26465bba3f249906a44371f04e1bdaf2210efc2d3fd07cf5d455f2e675eb3f8,16292235113701191189,9535210348521149203
gaussian,iid,W,1.0,4.0,24.0,128.0,0.0,0.0,0.90189453,3.0,0.119873046875,2d33ae0522bc4196dbc407f42ed24743868906a8ab679c56333732d88672ebac,16292235113701191189,9535210348521149203
gaussian,iid,W,1.0,4.0,24.0,128.0,0.0,0.0,0.90526088,3.0,0.3840993245442708,e86f1295878511ca73ca8e6f7fadea93bd3b9265149b1a601eb7f21d9c759cd0,16292235113701191189,9535210348521149203
gaussian,iid,W,1.0,4.0,24.0,128.0,0.0,0.0,0.90862723,3.0,0.5338617960611979,1cb20fa6cc1329a9c7382ea6578736d222279929d5757397852441fcfaa7ec0f,16292235113701191189,9535210348521149203
gaussian,iid,W,1.0,4.0,24.0,128.0,0.0,0.0,0.91199357,3.0,0.6595280965169271,08a70a88836f099fe548cd1dad304e47de749515c8a2eaed947107d70a1061bf,16292235113701191189,9535210348521149203
gaussian,iid,W,1.0,4.0,24.0,128.0,0.0,0.0,0.91535992,3.0,0.6594416300455729,e741bc1d68c4ae6e3cac98404bbf0b333912bb4424972071341e84d4d3b5ec76,16292235113701191189,9535210348521149203
gaussian,iid,W,1.0,4.0,24.0,128.0,0.0,0.0,0.91872626,3.0,0.6596883138020834,0fb8d2d905351a9611fce853ca25e87675ae9e9bccdc28b907f573cb7d215a3a,16292235113701191189,9535210348521149203
gaussian,iid,W,1.0,4.0,24.0,128.0,0.0,0.0,0.92209261,3.0,0.5322647094726562,790ef8c3e7dffab7565a339cc6897536e72abe615f3c2b75052cb273d6dc95bd,16292235113701191189,9535210348521149203
gaussian,iid,W,1.0,4.0,24.0,128.0,0.0,0.0,0.92545895,3.0,0.6632843017578125,cb81c85eff99a177df9520e5ce8e549319d004066fac01afb33f47931d8a9103,16292235113701191189,9535210348521149203
gaussian,iid,W,1.0,4.0,24.0,128.0,0.0,0.0,0.9288253,3.0,0.5337600708007812,f60a1b162b72b2e9cb9bedf845fe6de45269b6b1f3376fbb00250a7756d1ff59,16292235113701191189,9535210348521149203
gaussian,iid,W,1.0,4.0,24.0,128.0,0.0,0.0,0.93219164,3.0,0.5341364542643229,a520e1cc77ffca66e0f55ced72d4017cd5f937b64dffe48f2cdebc314a5351af,16292235113701191189,9535210348521149203
gaussian,iid,W,1.0,4.0,24.0,128.0,0.0,0.0,0.93555799,3.0,0.9613418579101562,1df0d82be5f53126023a0f2763e63630c2a2d9fcb3a84fb3873d9159e4008e59,16292235113701191189,9535210348521149203
gaussian,iid,W,1.0,4.0,24.0,128.0,0.0,0.0,0.93892434,3.0,0.9612045288085938,536837a9cbfc5c4ca561232a7f49142a17f54ca7382934da83140e66fae3eac7,16292235113701191189,9535210348521149203
gaussian,iid,W,1.0,4.0,24.0,128.0,0.0,0.0,0.94229068,3.0,0.9613418579101562,ab0874a0f28f23b51df6165f0f796aa8d1ff189f95df4f379806db30600c0d46,16292235113701191189,9535210348521149203
gaussian,iid,W,1.0,4.0,24.0,128.0,0.0,0.0,0.94565703,3.0,0.9617894490559896,cca64d6ecfb9d762f55cec11abd675b960afef815fb278b9929d70d15cbc7d78,16292235113701191189,9535210348521149203
gaussian,iid,W,1.0,4.0,24.0,128.0,0.0,0.0,0.94902337,3.0,0.962005615234375,3340283ced3484bf86421c84aa69311df23e4bf2030a96dfcd5dfad5b7b29fa5,16292235113701191189,9535210348521149203
gaussian,iid,W,1.0,4.0,24.0,128.0,0.0,0.0,0.90175781,3.0,0.1198450724283854,c76f0fe465590f37fa8fd985583777ddf22130d5df691d34cbd19aab0ea59584,16292235113701191189,9535210348521149203
gaussian,iid,W,1.0,4.0,24.0,128.0,0.0,0.0,0.90341797,3.0,0.3886439005533854,2106d4e5b621ef10604f74ff5e6e7d930c172daea8e8c201140c2dfb7670835d,16292235113701191189,9535210348521149203
gaussian,iid,W,1.0,4.0,24.0,128.0,0.0,0.0,0.91669922,3.0,0.6595408121744791,25e4897eabb56ea42ed1043ee35bc0dbbce1449a9955141f4b7e53dd4a6a6184,16292235113701191189,9535210348521149203
gaussian,iid,W,1.0,4.0,24.0,128.0,0.0,0.0,0.91704309,3.0,0.6595458984375,a602c49a4fe3f170d38bf84a5ca7a3148633a5ba0e0e28b7ce2f886e427661bc,16292235113701191189,9535210348521149203
gaussian,iid,W,1.0,4.0,24.0,128.0,0.0,0.0,0.92001953,3.0,0.6596908569335938,31f489dc9a7b7f2dd5bdfceb2c669541d5cc2f7837fc3a446473aec1caeb230d,16292235113701191189,9535210348521149203
gaussian,iid,W,1.0,4.0,24.0,128.0,0.0,0.0,0.92040944,3.0,0.6597213745117188,c2043efb3e6e94041cb77c5970ad10bcd30718a6741201bdb8449e96ada52212,16292235113701191189,9535210348521149203
gaussian,iid,W,1.0,4.0,24.0,128.0,0.0,0.0,0.92167969,3.0,0.5322316487630209,16b320bc268c4f10270b042cb84f25d27d71c845830d762775dd37a1d4ccadaf,16292235113701191189,9535210348521149203
gaussian,iid,W,1.0,4.0,24.0,128.0,0.0,0.0,0.92333984,3.0,0.66064453125,4ef7e3183e70fbf4355c2f0c6a6453123362ca945d2f4daa970b895c64731de9,16292235113701191189,9535210348521149203
gaussian,iid,W,1.0,4.0,24.0,128.0,0.0,0.0,0.92377578,3.0,0.6606623331705729,daf5bdfa69713735b6a146c9234db693ec51f070dc1cd2a3557c7330abdeebee,16292235113701191189,9535210348521149203
gaussian,iid,W,1.0,4.0,24.0,128.0,0.0,0.0,0.925,3.0,0.6606419881184896,c9745d5f51937dd906634db487c24dcccc60c1ece31e990e2c969a2cee51927e,16292235113701191189,9535210348521149203
gaussian,iid,W,1.0,4.0,24.0,128.0,0.0,0.0,0.92832031,3.0,0.5338058471679688,203e370322529aadfe02e2d250e76cabeed111113e03b6e072c0fc0619f9834e,16292235113701191189,9535210348521149203
gaussian,iid,W,1.0,4.0,24.0,128.0,0.0,0.0,0.92998047,3.0,0.5339177449544271,f78147e7183f9bb69e29bb470f14fdb0fbf8bf365ca7c4ae853f015ac6bdcb85,16292235113701191189,9535210348521149203
gaussian,iid,W,1.0,4.0,24.0,128.0,0.0,0.0,0.93387482,3.0,0.5716069539388021,ec3167fa6022ca6151fa1d01f8cc7ecfe36021a95e53072c2787ab7ebd7e112f,16292235113701191189,9535210348521149203
gaussian,iid,W,1.0,4.0,24.0,128.0,0.0,0.0,0.93496094,3.0,0.961352030436198,3b39b064a4491545bd66146e7525a6b553ec86133a1a8e6fe4d751be41e08488,16292235113701191189,9535210348521149203
gaussian,iid,W,1.0,4.0,24.0,128.0,0.0,0.0,0.89852819,4.0,0.1750310262044271,f875fc86cc6bd70d074604736fb90c733fb1362565c7828a3d8c356516b14f7d,17546681735163847838,12664431077616024814
gaussian,iid,W,1.0,4.0,24.0,128.0,0.0,0.0,0.90189453,4.0,0.2417882283528646,798ffea7ae6a9ff15c367e2712264010d32dc771a4837ec563f4ddc326d66131,17546681735163847838,12664431077616024814
gaussian,iid,W,1.0,4.0,24.0,128.0,0.0,0.0,0.90526088,4.0,0.1854934692382812,071f78631904eae972bbb64defbe48e5f8f22f4f1eb5a9e242a20f43a91444b5,17546681735163847838,12664431077616024814
gaussian,iid,W,1.0,4.0,24.0,128.0,0.0,0.0,0.90862723,4.0,0.5490646362304688,86880647335ad980999bc757f64bb6eec73fd37b7a4d8abb6a93bb8fbd4201bf,17546681735163847838,12664431077616024814
gaussian,iid,W,1.0,4.0,24.0,128.0,0.0,0.0,0.91199357,4.0,0.6247762044270834,f426d84cff1a7beb50fe5768d6c685bce28072c1f1501a682587d82a1e2c0881,17546681735163847838,12664431077616024814
gaussian,iid,W,1.0,4.0,24.0,128.0,0.0,0.0,0.91535992,4.0,0.6282679239908854,7a852141c523704c3c2ff30fb1603183b8b3a0b2807daee3a633b855cfa6dfc2,17546681735163847838,12664431077616024814
gaussian,iid,W,1.0,4.0,24.0,128.0,0.0,0.0,0.91872626,4.0,0.7035573323567709,435f726ce0e6f619c5cc63803910b8b48cb50a01855b3e7343ef49182b136ace,17546681735163847838,12664431077616024814
gaussian,iid,W,1.0,4.0,24.0,128.0,0.0,0.0,0.92209261,4.0,0.960070292154948,4dd78597e33dfeb2d66c7e79e28b1c89b7172fbca8aa9f34d46fb8309e9558d2,17546681735163847838,12664431077616024814
gaussian,iid,W,1.0,4.0,24.0,128.0,0.0,0.0,0.92545895,4.0,0.9601999918619792,6a2760c4fa1c1251971f59dad4e1fd92fc844a02da13648451fa75169842745e,17546681735163847838,12664431077616024814
gaussian,iid,W,1.0,4.0,24.0,128.0,0.0,0.0,0.9288253,4.0,0.9258855183919272,f430fde17809dcb433ca7558fb49863deec3025400c0649157fa5ac32af458d9,17546681735163847838,12664431077616024814
gaussian,iid,W,1.0,4.0,24.0,128.0,0.0,0.0,0.93219164,4.0,0.926854451497396,11fedc08bc987d6ecfbe74010e91314261815d8b68f5fce7808108b88bd4cd85,17546681735163847838,12664431077616024814
gaussian,iid,W,1.0,4.0,24.0,128.0,0.0,0.0,0.93555799,4.0,0.9624913533528646,2624b55bccc63ea26dc0fbb9370c8eaa92130bd67210d5b9abe822578c70a262,17546681735163847838,12664431077616024814
gaussian,iid,W,1.0,4.0,24.0,128.0,0.0,0.0,0.93892434,4.0,0.9622141520182292,32ea01e6c3f60cc01c7799c9e4642193b543f3e2bfdc9e885a2efc73000796ed,17546681735163847838,12664431077616024814
gaussian,iid,W,1.0,4.0,24.0,128.0,0.0,0.0,0.94229068,4.0,0.9625879923502604,504c4fea6886b7e1b5f287ace57e941bd1b89d3d36a4ecb1ebb8ec4f4144be3f,17546681735163847838,12664431077616024814
gaussian,iid,W,1.0,4.0,24.0,128.0,0.0,0.0,0.94565703,4.0,0.9630279541015624,b121c598c0ab010f5226d38b53cb86c8f871b4bb497713c5e6e9b305069d9b9e,17546681735163847838,12664431077616024814
gaussian,iid,W,1.0,4.0,24.0,128.0,0.0,0.0,0.94902337,4.0,0.963287353515625,5776cf18df6250a7997788604648f43d015ee08481b7c11e4775dc0994487240,17546681735163847838,12664431077616024814
gaussian,iid,W,1.0,4.0,24.0,128.0,0.0,0.0,0.90175781,4.0,0.2417831420898437,49234fb1f0eb39e68d500a5931f702440ee069f3746a0f72236258450801e8ca,17546681735163847838,12664431077616024814
gaussian,iid,W,1.0,4.0,24.0,128.0,0.0,0.0,0.90341797,4.0,0.1422017415364583,030e6bc070a6c716e77cac5a51a8fdb5c34f1b83b90b75bce9cc3ea525b80ecb,17546681735163847838,12664431077616024814
gaussian,iid,W,1.0,4.0,24.0,128.0,0.0,0.0,0.91669922,4.0,0.6707433064778646,781a7a354605a86c44831f2900a3ef1dc3a437397babb2f5d8069ae24f51e566,17546681735163847838,12664431077616024814
gaussian,iid,W,1.0,4.0,24.0,128.0,0.0,0.0,0.91704309,4.0,0.6707331339518229,81df2e5275123854690cc3360bab41d9d9c0e11a513ed6e0d87caf9c665753b6,17546681735163847838,12664431077616024814
gaussian,iid,W,1.0,4.0,24.0,128.0,0.0,0.0,0.92001953,4.0,0.7195536295572916,1d8353fa9560a17e32e8cce48d277b760c3bd4b4875265bde73e0662886dea0a,17546681735163847838,12664431077616024814
gaussian,iid,W,1.0,4.0,24.0,128.0,0.0,0.0,0.92040944,4.0,0.9600270589192708,e80782bebeb794060ad6db4f30a86b6c668e46a841d3ed26af5245cdec1e51f6,17546681735163847838,12664431077616024814
gaussian,iid,W,1.0,4.0,24.0,128.0,0.0,0.0,0.92167969,4.0,0.9600753784179688,925987b488eae227931e5c0497560a78b15e96bf7546e4751c225c7c63a1964d,17546681735163847838,12664431077616024814
gaussian,iid,W,1.0,4.0,24.0,128.0,0.0,0.0,0.92333984,4.0,0.960113525390625,d78d2cd3b36f1619de25d7129c61377a8e2392e2f4f7d0192887544100b13a82,17546681735163847838,12664431077616024814
gaussian,iid,W,1.0,4.0,24.0,128.0,0.0,0.0,0.92377578,4.0,0.9601872762044272,fc9dbeaf49f69c390fd61bbd4a65edbba096180a3a144e85c2a0d08edb39f7b3,17546681735163847838,12664431077616024814
gaussian,iid,W,1.0,4.0,24.0,128.0,0.0,0.0,0.925,4.0,0.960205078125,f66ba8a7bdb9b9c9f947c09501e7a6d1ebec489f1b28602a1853e4b802632ff4,17546681735163847838,12664431077616024814
gaussian,iid,W,1.0,4.0,24.0,128.0,0.0,0.0,0.92832031,4.0,0.9258575439453124,e1237d30fc98ce6630a314c877eca71d29a41dc7b88bacab63b7f70fbf83419a,17546681735163847838,12664431077616024814
gaussian,iid,W,1.0,4.0,24.0,128.0,0.0,0.0,0.92998047,4.0,0.925951639811198,4d44310e2495c72b347206514125afe15a68e8d450b0dfc65e9768e7514dc021,17546681735163847838,12664431077616024814
gaussian,iid,W,1.0,4.0,24.0,128.0,0.0,0.0,0.93387482,4.0,0.9621683756510416,bbff4bf414eaa417d3d32ebaffce231e80144c40810bc14fd52a2012a96dce29,17546681735163847838,12664431077616024814
gaussian,iid,W,1.0,4.0,24.0,128.0,0.0,0.0,0.93496094,4.0,0.9624710083007812,d06868710b6323e56f87c30312700522456efcf33709751a88d7b65bdc3afe4f,17546681735163847838,12664431077616024814
gaussian,iid,W,1.0,4.0,24.0,128.0,0.0,0.0,0.89852819,5.0,0.115399678548177,8b59ad7c3ad51dfe2d5d6abe0e3c079bc9d1e1f6876f524c8e8d013089e4ecbb,15556190658030796923,14224874292565585800
gaussian,iid,W,1.0,4.0,24.0,128.0,0.0,0.0,0.90189453,5.0,0.1133168538411458,29a3a4ae4bd0f0cea50f0aed1ff774612498e3d20412b88958ee3932a526667c,15556190658030796923,14224874292565585800
gaussian,iid,W,1.0,4.0,24.0,128.0,0.0,0.0,0.90526088,5.0,0.2069117228190104,e15ede2a74eda92400f7b99afa01a52065db9d5e36465a766726f716fd8354db,15556190658030796923,14224874292565585800
gaussian,iid,W,1.0,4.0,24.0,128.0,0.0,0.0,0.90862723,5.0,0.2951914469401042,98e7a4ec94e3d2b32eb15b7144083aa5f3d7ad5729d15eaea8dabb44c8bf254e,15556190658030796923,14224874292565585800
gaussian,iid,W,1.0,4.0,24.0,128.0,0.0,0.0,0.91199357,5.0,0.3582789103190104,7b0bf8d6662be94c6881e1c6569ddf1b3c0b1abe86e5d0894f6af377ef95d3b4,15556190658030796923,14224874292565585800
gaussian,iid,W,1.0,4.0,24.0,128.0,0.0,0.0,0.91535992,5.0,0.3622843424479167,ee06be2dee2295b5d05e8771d546c5f57dd4efecb26dc6009d71a68d1368088a,15556190658030796923,14224874292565585800
gaussian,iid,W,1.0,4.0,24.0,128.0,0.0,0.0,0.91872626,5.0,0.6934839884440104,48e6f1442ae7634e46a9c976da16ef61ee513626a2605abd16f75a0be6bd8f78,15556190658030796923,14224874292565585800
gaussian,iid,W,1.0,4.0,24.0,128.0,0.0,0.0,0.92209261,5.0,0.935132344563802,781ef3c938b1f3e84ad1c3cfeca50caa404edf1263cd56739a0191a3e96594b8,15556190658030796923,14224874292565585800
gaussian,iid,W,1.0,4.0,24.0,128.0,0.0,0.0,0.92545895,5.0,0.9361546834309896,3229240f5bc031a587e0a4e3461fc820e12209b2adf12476750c42271f56a19b,15556190658030796923,14224874292565585800
gaussian,iid,W,1.0,4.0,24.0,128.0,0.0,0.0,0.9288253,5.0,0.942431131998698,35f6b4ca22e35954d4e01b4c117d4952332bd2f11692fa4b0fec4071df7b2324,15556190658030796923,14224874292565585800
gaussian,iid,W,1.0,4.0,24.0,128.0,0.0,0.0,0.93219164,5.0,0.9425582885742188,13ffd8e1ad8445af9df1ee0f970eb3396654cd06f973968fc88df9cede281d4d,15556190658030796923,14224874292565585800
gaussian,iid,W,1.0,4.0,24.0,128.0,0.0,0.0,0.93555799,5.0,0.9374364217122396,77024d72f1b89765140a1a0ce588578b7d65cc6e29a857c388b73750e90e2135,15556190658030796923,14224874292565585800
gaussian,iid,W,1.0,4.0,24.0,128.0,0.0,0.0,0.93892434,5.0,0.9454167683919272,dbca3bee14a926846623c1e897c65ee558f6c201ae5a22110c7102a61acc1fcb,15556190658030796923,14224874292565585800
gaussian,iid,W,1.0,4.0,24.0,128.0,0.0,0.0,0.94229068,5.0,0.945648193359375,049d81ef81bf162b625673a393dd8fadc33de9995fdafe4bf294e71e4ffb347a,15556190658030796923,14224874292565585800
gaussian,iid,W,1.0,4.0,24.0,128.0,0.0,0.0,0.94565703,5.0,0.94586181640625,23768df30e3acdf3182da8b0a960d3bf970480f478b4e2381d3cf4a14a8c5ef5,15556190658030796923,14224874292565585800
gaussian,iid,W,1.0,4.0,24.0,128.0,0.0,0.0,0.94902337,5.0,0.9576416015625,330e680b0bee4b12f66f5ac5612ce52a84e18c172411100261853aea3c5abefa,15556190658030796923,14224874292565585800
gaussian,iid,W,1.0,4.0,24.0,128.0,0.0,0.0,0.90175781,5.0,0.1133066813151041,557677a5482e7e8b2e181095992e4ea7b7028ec23456a8092ade083a3eb240e1,15556190658030796923,14224874292565585800
gaussian,iid,W,1.0,4.0,24.0,128.0,0.0,0.0,0.90341797,5.0,0.1338984171549479,842fbda5b6b50565139a7535afab49ed060b719c115518b65361fb492742ef87,15556190658030796923,14224874292565585800
gaussian,iid,W,1.0,4.0,24.0,128.0,0.0,0.0,0.91669922,5.0,0.6922149658203125,23666e1f54625ef15d835880f4b708ab8e9c031744949cdb23fd15394554aab2,15556190658030796923,14224874292565585800
gaussian,iid,W,1.0,4.0,24.0,128.0,0.0,0.0,0.91704309,5.0,0.6920496622721354,f3c080127840b01da472fe4c38f4b354f6e2aac139ef834db0b910948282cfac,15556190658030796923,14224874292565585800
gaussian,iid,W,1.0,4.0,24.0,128.0,0.0,0.0,0.92001953,5.0,0.6935679117838541,4c426e9a56b8e9f8cff009b5cb7b808f296dc179bf2bd7b821678c3ced303843,15556190658030796923,14224874292565585800
gaussian,iid,W,1.0,4.0,24.0,128.0,0.0,0.0,0.92040944,5.0,0.6964060465494791,44baf94907babbbddca513fc660303d06ac250ef41513da62d59d5ee94e1e3fc,15556190658030796923,14224874292565585800
gaussian,iid,W,1.0,4.0,24.0,128.0,0.0,0.0,0.92167969,5.0,0.6037826538085938,45ad3bdbaf511819bb66efe5598cc97aac82d1fe514f9e010d3347c9f4b2e772,15556190658030796923,14224874292565585800
gaussian,iid,W,1.0,4.0,24.0,128.0,0.0,0.0,0.92333984,5.0,0.935302734375,d1edb21eba34c6020256ddcc3611934bc17739973c5eb0170999343346bfe536,15556190658030796923,14224874292565585800
gaussian,iid,W,1.0,4.0,24.0,128.0,0.0,0.0,0.92377578,5.0,0.9353459676106772,5c39eb12666f5c1164b851712ac0a2dda621f8f98dcdf663a20a15ed57088eb2,15556190658030796923,14224874292565585800
gaussian,iid,W,1.0,4.0,24.0,128.0,0.0,0.0,0.925,5.0,0.9362004597981772,4cf6186def934a07c9b6c6fd3f30cb8a137627557b9ca6d6094ee70b383fa7ed,15556190658030796923,14224874292565585800
gaussian,iid,W,1.0,4.0,24.0,128.0,0.0,0.0,0.92832031,5.0,0.9364395141601562,c89c6e48a4463c306883bc2f19021782ca98a926daeec5f6201e0fd485954cdf,15556190658030796923,14224874292565585800
gaussian,iid,W,1.0,4.0,24.0,128.0,0.0,0.0,0.92998047,5.0,0.9424235026041666,09c098166c8197a5b0c5b29f4790f018ff131d1315b6a169283197391282b78b,15556190658030796923,14224874292565585800
gaussian,iid,W,1.0,4.0,24.0,128.0,0.0,0.0,0.93387482,5.0,0.93212890625,ca5c82e0a2289578c11cd9d7fa549c6dbd56532cd2b1cec08269bc3452bbc770,15556190658030796923,14224874292565585800
gaussian,iid,W,1.0,4.0,24.0,128.0,0.0,0.0,0.93496094,5.0,0.9374491373697916,777fec3ef21f4be6ba456687a5d655e9f7c81855b43041db1af65f94443c5596,15556190658030796923,14224874292565585800
gaussian,iid,W,1.0,4.0,24.0,128.0,0.0,0.0,0.89852819,6.0,0.1893870035807291,13fac0b285bcfd8585679fa4be494cda54e8bd2eba531d49b2b2a525a9133106,16558323898219342053,17004490454945965133
gaussian,iid,W,1.0,4.0,24.0,128.0,0.0,0.0,0.90189453,6.0,0.2208124796549479,9b94624b91424b009032290c7766652d43f753ad140a059782e4ea37a3aa5576,16558323898219342053,17004490454945965133
gaussian,iid,W,1.0,4.0,24.0,128.0,0.0,0.0,0.90526088,6.0,0.4303995768229167,5ce78c6e6298b91849f227b0a218f6e238ad91e943f774d6edd596ab2767c060,16558323898219342053,17004490454945965133
gaussian,iid,W,1.0,4.0,24.0,128.0,0.0,0.0,0.90862723,6.0,0.4339955647786458,cbb44373fb18168006fe116cf47d3d6988b92222a63253ed55248ea3e95c8e0e,16558323898219342053,17004490454945965133
gaussian,iid,W,1.0,4.0,24.0,128.0,0.0,0.0,0.91199357,6.0,0.3464304606119792,150dbf87cffd24019fa73abcd16741d50045832d705dc212794da3cf19b70ad6,16558323898219342053,17004490454945965133
gaussian,iid,W,1.0,4.0,24.0,128.0,0.0,0.0,0.91535992,6.0,0.4247207641601562,17b2a58bd83c8cca7ae121c11e0a5dc20a86bb0c5e87b52dc913c608d3345302,16558323898219342053,17004490454945965133
gaussian,iid,W,1.0,4.0,24.0,128.0,0.0,0.0,0.91872626,6.0,0.932909647623698,9398e176c61a55e3f2a12be16725e45917d2afbabcdc5e798e6e88b614d2adc0,16558323898219342053,17004490454945965133
gaussian,iid,W,1.0,4.0,24.0,128.0,0.0,0.0,0.92209261,6.0,0.9335047403971354,0936dfd5e727a8259fac375cef926510a0d6ca5dad8aee53570e3ac61b9083ca,16558323898219342053,17004490454945965133
gaussian,iid,W,1.0,4.0,24.0,128.0,0.0,0.0,0.92545895,6.0,0.926116943359375,a79ed8d484d54b21f62f1c54a7a5fbda845b6db8cb2e113c9fc3cfe68e6475e8,16558323898219342053,17004490454945965133
gaussian,iid,W,1.0,4.0,24.0,128.0,0.0,0.0,0.9288253,6.0,0.9271341959635416,60807687a07942a2e191c7e107d3d85002e3de64149016f0461ec83f3f476200,16558323898219342053,17004490454945965133
gaussian,iid,W,1.0,4.0,24.0,128.0,0.0,0.0,0.93219164,6.0,0.9275054931640624,899275f106a58b43c7a38fc4aafaa6df3390ae281cf23263a4d7d5a7a988fcb1,16558323898219342053,17004490454945965133
gaussian,iid,W,1.0,4.0,24.0,128.0,0.0,0.0,0.93555799,6.0,0.9609349568684896,cdcf54d1a536255fe4832be9439aed53473a46d35b2226e0f314e24fdf04ce63,16558323898219342053,17004490454945965133
gaussian,iid,W,1.0,4.0,24.0,128.0,0.0,0.0,0.93892434,6.0,0.9608001708984376,93800bee9b01eca46920004624d655e095b8a56adc059ba06c5ce7b6b300a003,16558323898219342053,17004490454945965133
gaussian,iid,W,1.0,4.0,24.0,128.0,0.0,0.0,0.94229068,6.0,0.9605305989583334,af0d42629614820abc3269b89ebe294f0bae3956d0be6553287b78bf64c8c000,16558323898219342053,17004490454945965133
gaussian,iid,W,1.0,4.0,24.0,128.0,0.0,0.0,0.94565703,6.0,0.96075439453125,1eb2d0f82882c8f2e4ead2d56838f2ef496a2832a71ae1aaacc6e6fa5f0c0d0b,16558323898219342053,17004490454945965133
gaussian,iid,W,1.0,4.0,24.0,128.0,0.0,0.0,0.94902337,6.0,0.9609807332356772,55149b826d9b7a66b3749340fd70fd89fd583444313b9cedc8a1d1e114d6bb34,16558323898219342053,17004490454945965133
gaussian,iid,W,1.0,4.0,24.0,128.0,0.0,0.0,0.90175781,6.0,0.2207667032877604,29e12d67691abef955041fd8fcf302a188462f298be313ed3833b7dab3fc25d6,16558323898219342053,17004490454945965133
gaussian,iid,W,1.0,4.0,24.0,128.0,0.0,0.0,0.90341797,6.0,0.2208201090494791,85078746cd6fbe8f4811c683926cdf1e590477ae69954ceb4886e6096134ebce,16558323898219342053,17004490454945965133
gaussian,iid,W,1.0,4.0,24.0,128.0,0.0,0.0,0.91669922,6.0,0.421765645345052,2ad453d2019ab8aed7545e51f338911dc70d043b091c617ac4004c4d70d76810,16558323898219342053,17004490454945965133
gaussian,iid,W,1.0,4.0,24.0,128.0,0.0,0.0,0.91704309,6.0,0.4211832682291667,45d28913dc5f7b0acaf20e8e4d57525fbc8fb701c27ec90c1e8c6f8a729d78af,16558323898219342053,17004490454945965133
gaussian,iid,W,1.0,4.0,24.0,128.0,0.0,0.0,0.92001953,6.0,0.9339675903320312,2bf9f7dc155f6e7b80f20155488a0b298c249dd38b3e971093dd4fe946cf287a,16558323898219342053,17004490454945965133
gaussian,iid,W,1.0,4.0,24.0,128.0,0.0,0.0,0.92040944,6.0,0.9334640502929688,dd36e4c3c7520f21e9658b39df4e80246ac80d3d193a82f016c93580957d11ea,16558323898219342053,17004490454945965133
gaussian,iid,W,1.0,4.0,24.0,128.0,0.0,0.0,0.92167969,6.0,0.9334894816080728,d00e05b97bbe08d3acc281cb9f16cf35d03d80035777443ac2834b3661aeaa86,16558323898219342053,17004490454945965133
gaussian,iid,W,1.0,4.0,24.0,128.0,0.0,0.0,0.92333984,6.0,0.925994873046875,5f5c4b2273b6bbab8fb755dc8f5f0c2da3b505b3eec3621a33de61e8e6b3199c,16558323898219342053,17004490454945965133
gaussian,iid,W,1.0,4.0,24.0,128.0,0.0,0.0,0.92377578,6.0,0.926012674967448,2959452734fa36520c50e4e91035a3e71327162b62f04e2c3ed6ac2a60699fd0,16558323898219342053,17004490454945965133
gaussian,iid,W,1.0,4.0,24.0,128.0,0.0,0.0,0.925,6.0,0.9261194864908854,fe74d00e212db656f92b890dd04c4d6bbb6c075281336790bd7781989f1ddeb4,16558323898219342053,17004490454945965133
gaussian,iid,W,1.0,4.0,24.0,128.0,0.0,0.0,0.92832031,6.0,0.9270706176757812,971a461e66bb713ba63f43ddd061f9a72ddcd5dd2d473084f36aadb6cc571c21,16558323898219342053,17004490454945965133
gaussian,iid,W,1.0,4.0,24.0,128.0,0.0,0.0,0.92998047,6.0,0.9272079467773438,450709d421634df31104f888ab148cc45c2b00bf10bbbe110237e081e0f6be52,16558323898219342053,17004490454945965133
gaussian,iid,W,1.0,4.0,24.0,128.0,0.0,0.0,0.93387482,6.0,0.9276631673177084,b069a6471254ed88d76c27f73a5a42dd590c40e3e7e1dad7eccdbb729f207343,16558323898219342053,17004490454945965133
gaussian,iid,W,1.0,4.0,24.0,128.0,0.0,0.0,0.93496094,6.0,0.9276580810546876,4ca6f088c415553db0f56611abeaa0359b438a4a96e377cd21ca56676362da5d,16558323898219342053,17004490454945965133
gaussian,iid,W,1.0,4.0,24.0,128.0,0.0,0.0,0.89852819,7.0,0.1344426472981771,f24d9f40c861560026d7ed21e626d40d566d82e80813db181dddf3fd27d31b33,6636234264491767903,18184493470946854964
gaussian,iid,W,1.0,4.0,24.0,128.0,0.0,0.0,0.90189453,7.0,0.1657053629557291,33add7cf22e3f8d99e0ead1f31599591c179ec20971328ff24fbbee92c62fe4c,6636234264491767903,18184493470946854964
gaussian,iid,W,1.0,4.0,24.0,128.0,0.0,0.0,0.90526088,7.0,0.1669362386067708,651867f400ad7a907da422d41a349fb352048589b0860291eee3a4e8d7b60598,6636234264491767903,18184493470946854964
gaussian,iid,W,1.0,4.0,24.0,128.0,0.0,0.0,0.90862723,7.0,0.1902949015299479,48826727f4aa74ddacf2311efcb704ad432382f30e7468fea1c60f9b8968a4a2,6636234264491767903,18184493470946854964
gaussian,iid,W,1.0,4.0,24.0,128.0,0.0,0.0,0.91199357,7.0,0.3063532511393229,981b08e79eb0828757b82789e2f868c9c1a9f94c5ff5c7596cc64ba860861547,6636234264491767903,18184493470946854964
gaussian,iid,W,1.0,4.0,24.0,128.0,0.0,0.0,0.91535992,7.0,0.5873209635416666,0815da0df91a96a44246f6e2f19dee8838704dc364db73d79bb02e8ae7d71f36,6636234264491767903,18184493470946854964
gaussian,iid,W,1.0,4.0,24.0,128.0,0.0,0.0,0.91872626,7.0,0.5885340372721354,ec927b6499cbe99ce3f4ca4776d28124de366f294c7bba16072af8b0a5031e31,6636234264491767903,18184493470946854964
gaussian,iid,W,1.0,4.0,24.0,128.0,0.0,0.0,0.92209261,7.0,0.7919133504231771,d334a81058759b10f2fad94ec8a3158f30d6e9cf7a8e980f4407547c52170ac9,6636234264491767903,18184493470946854964
gaussian,iid,W,1.0,4.0,24.0,128.0,0.0,0.0,0.92545895,7.0,0.9485626220703124,ef5ff066329dd78a39797f91f73e9c88c534235e8987582aad71115e598500d6,6636234264491767903,18184493470946854964
gaussian,iid,W,1.0,4.0,24.0,128.0,0.0,0.0,0.9288253,7.0,0.9286880493164062,a96f6dfccea4f7fd5d8592231b7a1196a3746088aa38a15594134379e97ad140,6636234264491767903,18184493470946854964
gaussian,iid,W,1.0,4.0,24.0,128.0,0.0,0.0,0.93219164,7.0,0.941881815592448,f5629787f591aa8dba299dc93918bd8a3a6d327cb050aa180525d091453e7eda,6636234264491767903,18184493470946854964
gaussian,iid,W,1.0,4.0,24.0,128.0,0.0,0.0,0.93555799,7.0,0.9501673380533854,bc62de664fba099414b6eef18b91de5d8a73f9f3c971fc16e99aeb369450ea20,6636234264491767903,18184493470946854964
gaussian,iid,W,1.0,4.0,24.0,128.0,0.0,0.0,0.93892434,7.0,0.9505996704101562,146f9a73f19095ef0a75f9b1d4458979c5b9b819e4646f296156d304504e57c6,6636234264491767903,18184493470946854964
gaussian,iid,W,1.0,4.0,24.0,128.0,0.0,0.0,0.94229068,7.0,0.9624481201171876,9ba86dcf37cc62ca59c168e4cbe1a07bdaf7e2f67da5f824a1aed85a7e7bd093,6636234264491767903,18184493470946854964
gaussian,iid,W,1.0,4.0,24.0,128.0,0.0,0.0,0.94565703,7.0,0.9628702799479166,b822b6f267e8f7825a9b02cb61a583043e98385095d9462b4f5f6f3e61aec115,6636234264491767903,18184493470946854964
gaussian,iid,W,1.0,4.0,24.0,128.0,0.0,0.0,0.94902337,7.0,0.9630050659179688,50e8f54132073cd8c126f8b0dc4e0c4f332d7c1dc61c7d5df6ab19907a990e16,6636234264491767903,18184493470946854964
gaussian,iid,W,1.0,4.0,24.0,128.0,0.0,0.0,0.90175781,7.0,0.1350326538085937,0e31b44f65df2a75213dce6d83fb19d1cd2ffac8b0f636abb0fe4f4d76516ff4,6636234264491767903,18184493470946854964
gaussian,iid,W,1.0,4.0,24.0,128.0,0.0,0.0,0.90341797,7.0,0.1657435099283854,4e80800374255c7f42bf44195c8abd100c5539cd8e0c85b3bc40c6d33506a283,6636234264491767903,18184493470946854964
gaussian,iid,W,1.0,4.0,24.0,128.0,0.0,0.0,0.91669922,7.0,0.5879185994466146,c180b879646e8c41625699309656fea5ffd39672da384e219777c9dfbb75c9a9,6636234264491767903,18184493470946854964
gaussian,iid,W,1.0,4.0,24.0,128.0,0.0,0.0,0.91704309,7.0,0.5879109700520834,33f49367f6079e7dd24968602cab258e4aabf69ef7ace272c99c6b36eab16bdc,6636234264491767903,18184493470946854964
gaussian,iid,W,1.0,4.0,24.0,128.0,0.0,0.0,0.92001953,7.0,0.5887247721354166,48a2112c83479faa935f8d66c3bb619648792c15647409093b7451408b035368,6636234264491767903,18184493470946854964
gaussian,iid,W,1.0,4.0,24.0,128.0,0.0,0.0,0.92040944,7.0,0.5887629191080729,be72b935b61a2cabd31a4f759d23237b13d5838217b9d88083c610ef595252ae,6636234264491767903,18184493470946854964
gaussian,iid,W,1.0,4.0,24.0,128.0,0.0,0.0,0.92167969,7.0,0.7919108072916666,239436e78f806fa2a6c8711d1c86f3779630fa43d4f186498fd1366a23a5dbe9,6636234264491767903,18184493470946854964
gaussian,iid,W,1.0,4.0,24.0,128.0,0.0,0.0,0.92333984,7.0,0.9486134847005208,308cd4f998d82a73e401dde4bce9927723e551fd529491c8b3e7c128466528f3,6636234264491767903,18184493470946854964
gaussian,iid,W,1.0,4.0,24.0,128.0,0.0,0.0,0.92377578,7.0,0.9485931396484376,22019e6334668165d86c7137653e21803cb6eae0ffe39360ea156f6166d70cbd,6636234264491767903,18184493470946854964
gaussian,iid,W,1.0,4.0,24.0,128.0,0.0,0.0,0.925,7.0,0.9486083984375,798c5a5dfb5ea566908858039cff9dde79ae68f7d245f1477ba47fc248be7c3d,6636234264491767903,18184493470946854964
gaussian,iid,W,1.0,4.0,24.0,128.0,0.0,0.0,0.92832031,7.0,0.9286651611328124,4aca958c534c850adc64f6915ba31bef91ff5e7d6140fad8441236360f796505,6636234264491767903,18184493470946854964
gaussian,iid,W,1.0,4.0,24.0,128.0,0.0,0.0,0.92998047,7.0,0.9412790934244792,3aa72748e6af99318070d2b63f2b09ff0a919c8326d3e2e53d823467fbadc70b,6636234264491767903,18184493470946854964
gaussian,iid,W,1.0,4.0,24.0,128.0,0.0,0.0,0.93387482,7.0,0.9500452677408854,75b009d4efb6347a5d5195ed75d93d87d550eb86a9c534029ecce65cdb35a442,6636234264491767903,18184493470946854964
gaussian,iid,W,1.0,4.0,24.0,128.0,0.0,0.0,0.93496094,7.0,0.9501291910807292,de156e50bf32e2f2731ab93cc5294fda4300cf02cac7abe10519e6b83e029976,6636234264491767903,18184493470946854964
gaussian,iid,W,1.0,4.0,24.0,128.0,0.0,0.0,0.89852819,8.0,0.2134348551432291,dfe5541c15a4189c81212ee460f572b1522fe40799d46ba2e7a092800222dbe4,3246283250773292637,8439985496317820471
gaussian,iid,W,1.0,4.0,24.0,128.0,0.0,0.0,0.90189453,8.0,0.2396265665690104,41b71f5460926c391d32a3db69d6011a81e2e31952b0e3cfb66dedf1a5ef744d,3246283250773292637,8439985496317820471
gaussian,iid,W,1.0,4.0,24.0,128.0,0.0,0.0,0.90526088,8.0,0.3735885620117187,7feb528597115850d32505e4ccc2c4f40081cb31407066a0576e3754a8105d53,3246283250773292637,8439985496317820471
gaussian,iid,W,1.0,4.0,24.0,128.0,0.0,0.0,0.90862723,8.0,0.4320907592773437,eca0739a9573397131d6cfc312c401dd9f44f4c1b9efd4128a27cbc3dc77aacc,3246283250773292637,8439985496317820471
gaussian,iid,W,1.0,4.0,24.0,128.0,0.0,0.0,0.91199357,8.0,0.4333063761393229,fe680e538e5394d8a78222e16b605d05ec0e132ea9110b598d14c233a9973656,3246283250773292637,8439985496317820471
gaussian,iid,W,1.0,4.0,24.0,128.0,0.0,0.0,0.91535992,8.0,0.5481516520182291,0a3fdbe20823f7584bea2bd867ad69c94c680ced88fbf3d607d51043567b85b3,3246283250773292637,8439985496317820471
gaussian,iid,W,1.0,4.0,24.0,128.0,0.0,0.0,0.91872626,8.0,0.6563186645507812,30529ec22c0d62a6761e5c8d59675f47e87b18d7ee259902608c1c9c2bfaa218,3246283250773292637,8439985496317820471
gaussian,iid,W,1.0,4.0,24.0,128.0,0.0,0.0,0.92209261,8.0,0.3674112955729167,3eb5f5c74fef6ed5c6067c33e036a973ebe771e7bb066c7f87147dda990217ce,3246283250773292637,8439985496317820471
gaussian,iid,W,1.0,4.0,24.0,128.0,0.0,0.0,0.92545895,8.0,0.9405924479166666,ac4c4f1ea83d6c26286aa6d4ad3076e3bc74aa7bea5eb7846313c45a69847ab2,3246283250773292637,8439985496317820471
gaussian,iid,W,1.0,4.0,24.0,128.0,0.0,0.0,0.9288253,8.0,0.9452540079752604,92488c411ac9c33525224d00f422ba894daccbf3e407810ebe5b9db58884b6e1,3246283250773292637,8439985496317820471
gaussian,iid,W,1.0,4.0,24.0,128.0,0.0,0.0,0.93219164,8.0,0.950597127278646,2f5ce78ea4b96b537408fd1a3f5cf3cb48d6f0f3bec6b92d78f95cfaf17116e6,3246283250773292637,8439985496317820471
gaussian,iid,W,1.0,4.0,24.0,128.0,0.0,0.0,0.93555799,8.0,0.9506454467773438,bad2ce357b0583b2f28f7470b1d6c2def14bbbce3a0d72886f002f4f94b7c0f6,3246283250773292637,8439985496317820471
gaussian,iid,W,1.0,4.0,24.0,128.0,0.0,0.0,0.93892434,8.0,0.9514592488606772,6af197bd3dee07ff50b0b7a23952db725023a698fedf7b4b268c210667f4dfec,3246283250773292637,8439985496317820471
gaussian,iid,W,1.0,4.0,24.0,128.0,0.0,0.0,0.94229068,8.0,0.9515177408854166,2d06425b2327220de87f21c7b2ed72af41676679828daa9844a47bf67f3e534b,3246283250773292637,8439985496317820471
gaussian,iid,W,1.0,4.0,24.0,128.0,0.0,0.0,0.94565703,8.0,0.953038533528646,65fffb759efbe7c15aeb4c4f2fc07f888f862fe32774d3a7ee4246b0cf1fa617,3246283250773292637,8439985496317820471
gaussian,iid,W,1.0,4.0,24.0,128.0,0.0,0.0,0.94902337,8.0,0.9531021118164062,83e55f37fe2254509e322c3cebcc0fe488a1d26eea49d610bbcf44efc9dbd9ed,3246283250773292637,8439985496317820471
gaussian,iid,W,1.0,4.0,24.0,128.0,0.0,0.0,0.90175781,8.0,0.2396214803059896,44f0493285cbcc326dfcabc6592819f046a0189f64cd111735819a3ece938242,3246283250773292637,8439985496317820471
gaussian,iid,W,1.0,4.0,24.0,128.0,0.0,0.0,0.90341797,8.0,0.2400029500325521,9b6eb0e60b459316eaba605bb546f0064bf4c9661385cb7329b4fa52a37767ca,3246283250773292637,8439985496317820471
gaussian,iid,W,1.0,4.0,24.0,128.0,0.0,0.0,0.91669922,8.0,0.5488484700520834,c4011bff736af95b6b97571966d8a439a15de75204e4d7f151a6f73bfe37f5cf,3246283250773292637,8439985496317820471
gaussian,iid,W,1.0,4.0,24.0,128.0,0.0,0.0,0.91704309,8.0,0.6564458211263021,91ceb0264625e288814a408cdfd602053098be83eae21f2a9664d7a62faeca26,3246283250773292637,8439985496317820471
gaussian,iid,W,1.0,4.0,24.0,128.0,0.0,0.0,0.92001953,8.0,0.6585667928059896,c2f1546899b61accb5b4eff4ae6613c9c727cff8cfc120d5aa261f0e6609c8c6,3246283250773292637,8439985496317820471
gaussian,iid,W,1.0,4.0,24.0,128.0,0.0,0.0,0.92040944,8.0,0.3667831420898437,4fab78c143b9f9bc387ee1d7746594982aaa2ca355ab29d4a522abd490c09f19,3246283250773292637,8439985496317820471
gaussian,iid,W,1.0,4.0,24.0,128.0,0.0,0.0,0.92167969,8.0,0.3667856852213542,0a4232ded331a6185c6ad254e18a1d78de0c28f0d2aa783794bfd7936e454eec,3246283250773292637,8439985496317820471
gaussian,iid,W,1.0,4.0,24.0,128.0,0.0,0.0,0.92333984,8.0,0.6735127766927084,28e1480a99a788106d19cf21d61baf8bfb8d573254c88a8aa12964a8f9f0be73,3246283250773292637,8439985496317820471
gaussian,iid,W,1.0,4.0,24.0,128.0,0.0,0.0,0.92377578,8.0,0.6736729939778646,917c1ea81b52a5c1d33993486b2226c4783a591475db85ba798b1d002119fef6,3246283250773292637,8439985496317820471
gaussian,iid,W,1.0,4.0,24.0,128.0,0.0,0.0,0.925,8.0,0.940643310546875,71828727dae08d580f24c8a9c6ea58fa0176f2ab5af02b653d8701253cc8bb57,3246283250773292637,8439985496317820471
gaussian,iid,W,1.0,4.0,24.0,128.0,0.0,0.0,0.92832031,8.0,0.9451522827148438,0841da3fcb4cc95bbb04648d22f3b2191b08cc898f3d4a3a9d9054903b8fffc5,3246283250773292637,8439985496317820471
gaussian,iid,W,1.0,4.0,24.0,128.0,0.0,0.0,0.92998047,8.0,0.9453659057617188,23bd642cfc7dc96bdf0d60d4f7e2733e43029e7ce3ac45235a68e114393233e7,3246283250773292637,8439985496317820471
gaussian,iid,W,1.0,4.0,24.0,128.0,0.0,0.0,0.93387482,8.0,0.950831095377604,11b2224a1568c70854a1aca9aa7ede5305de63e4a6a6f983c2732f871cd6ec60,3246283250773292637,8439985496317820471
gaussian,iid,W,1.0,4.0,24.0,128.0,0.0,0.0,0.93496094,8.0,0.9506301879882812,d8e481f91485820b981585a3d773f958d33647591325a4a39b1181940d18363a,3246283250773292637,8439985496317820471
gaussian,iid,W,1.0,4.0,24.0,128.0,0.0,0.0,0.89852819,9.0,0.0896708170572916,461612df3ef3aa926411547f06a829766eaf74221d1c32786ee2cf97fb831e84,12712418943491446549,10730305575676391514
gaussian,iid,W,1.0,4.0,24.0,128.0,0.0,0.0,0.90189453,9.0,0.1091461181640625,56eb69d71e2c0afc9b19745eb11831594999920431392b1c02a769c9e4abd095,12712418943491446549,10730305575676391514
gaussian,iid,W,1.0,4.0,24.0,128.0,0.0,0.0,0.90526088,9.0,0.1061553955078125,e4f7ecb0f467d6b512f32794b35404c34196584f6e112f6e0d6b3708e5a14586,12712418943491446549,10730305575676391514
gaussian,iid,W,1.0,4.0,24.0,128.0,0.0,0.0,0.90862723,9.0,0.2248280843098958,d83ef0a07255cc406c16ccfa045dfbd4c46341eb311ad6bcc73b9b933bfcb011,12712418943491446549,10730305575676391514
gaussian,iid,W,1.0,4.0,24.0,128.0,0.0,0.0,0.91199357,9.0,0.4120712280273437,8932ac9bb66e214acb511cfbe7938a0d1c968626d2a9db844969bb7a991977b8,12712418943491446549,10730305575676391514
gaussian,iid,W,1.0,4.0,24.0,128.0,0.0,0.0,0.91535992,9.0,0.41607666015625,bc1a3a26c646c24232f012c19bf21f69edb92ab383296dc7a52fd0b0bf371299,12712418943491446549,10730305575676391514
gaussian,iid,W,1.0,4.0,24.0,128.0,0.0,0.0,0.91872626,9.0,0.3889541625976562,15f9a090776eb16159542dc392ef416916d4a369f0cb7c69380ff8a24db1cdbf,12712418943491446549,10730305575676391514
gaussian,iid,W,1.0,4.0,24.0,128.0,0.0,0.0,0.92209261,9.0,0.3893458048502604,0e6376991b4068ec12499ea3ffb3d86a14dd8d94ef7c198ae541b9c8ebb2ee36,12712418943491446549,10730305575676391514
gaussian,iid,W,1.0,4.0,24.0,128.0,0.0,0.0,0.92545895,9.0,0.7786280314127604,714d47a381ffc0fc9acfb1498961c28074e6daa61be51435f81d25092180716c,12712418943491446549,10730305575676391514
gaussian,iid,W,1.0,4.0,24.0,128.0,0.0,0.0,0.9288253,9.0,0.7788950602213541,6a526ffb88ed88267d0d464450789818c713d939ef86f5c4643141ec2bc83cc1,12712418943491446549,10730305575676391514
gaussian,iid,W,1.0,4.0,24.0,128.0,0.0,0.0,0.93219164,9.0,0.7798131306966146,fbbb46e6568aa777308c699480b4c0d34b17d3878387833f256bc5d67c8870b9,12712418943491446549,10730305575676391514
gaussian,iid,W,1.0,4.0,24.0,128.0,0.0,0.0,0.93555799,9.0,0.7805557250976562,a77a186d0813c9793392e24a427f36d1973cde07af08a6582c10c3ef6ad5d42e,12712418943491446549,10730305575676391514
gaussian,iid,W,1.0,4.0,24.0,128.0,0.0,0.0,0.93892434,9.0,0.9589055379231772,c0e5b68bc3d669920a4585ccbd9403f177017737bd34d06316ccb9b6f98fd173,12712418943491446549,10730305575676391514
gaussian,iid,W,1.0,4.0,24.0,128.0,0.0,0.0,0.94229068,9.0,0.9592692057291666,1181258532c17945d1261c67dae3768e6933a02baaefc72d14854fb1d7fb38b2,12712418943491446549,10730305575676391514
gaussian,iid,W,1.0,4.0,24.0,128.0,0.0,0.0,0.94565703,9.0,0.9599583943684896,e4ecbb1e4633503b3689e94042374aac66f2d0ce3fed0e632b94c6454716666b,12712418943491446549,10730305575676391514
gaussian,iid,W,1.0,4.0,24.0,128.0,0.0,0.0,0.94902337,9.0,0.9618708292643228,4432b2d755379bd54eb0b265e5b1699c533b5f2e9d94ec25cb9b47479cf57227,12712418943491446549,10730305575676391514
gaussian,iid,W,1.0,4.0,24.0,128.0,0.0,0.0,0.90175781,9.0,0.1091461181640625,038fcd3d3ae423388fdf10964edff1a095dfacee0e2a38c3b0c491eb883477a5,12712418943491446549,10730305575676391514
gaussian,iid,W,1.0,4.0,24.0,128.0,0.0,0.0,0.90341797,9.0,0.1091257731119791,c221bdf5c0b6bb3baadc8fcf0a4557371ebd3bd4bfec3b46e1071d14080a89eb,12712418943491446549,10730305575676391514
gaussian,iid,W,1.0,4.0,24.0,128.0,0.0,0.0,0.91669922,9.0,0.7450281778971354,79aeb8cbaabbb7ae91d645ed7d14888aefdb7f6a26d277de3f260ecdff17d530,12712418943491446549,10730305575676391514
gaussian,iid,W,1.0,4.0,24.0,128.0,0.0,0.0,0.91704309,9.0,0.7492243448893229,34cea17ff9e3b8f5c490f99183ca6120b05c059dc48eec0ea86e1b83b97bb0ac,12712418943491446549,10730305575676391514
gaussian,iid,W,1.0,4.0,24.0,128.0,0.0,0.0,0.92001953,9.0,0.3892745971679687,c0b52bf61891c9171aab4e044e8ff61fc8ba03ddb871a47bc9862c56005fcf72,12712418943491446549,10730305575676391514
gaussian,iid,W,1.0,4.0,24.0,128.0,0.0,0.0,0.92040944,9.0,0.3892873128255208,8e629bb857ae06f06cc94cc6377a11fc860546596afc16a49fb6aea3f4918fae,12712418943491446549,10730305575676391514
gaussian,iid,W,1.0,4.0,24.0,128.0,0.0,0.0,0.92167969,9.0,0.3893483479817708,94f7ecff330070a35ede31bf4742ee2b35093a93684b31be7ee7cac939b54096,12712418943491446549,10730305575676391514
gaussian,iid,W,1.0,4.0,24.0,128.0,0.0,0.0,0.92333984,9.0,0.7698694864908854,3243a654246aae701b0e9c730d693d28c758bd08fe6055725a1c73cd6745614c,12712418943491446549,10730305575676391514
gaussian,iid,W,1.0,4.0,24.0,128.0,0.0,0.0,0.92377578,9.0,0.7698644002278646,6a5d1921101783be3d20a36efa4dc9c140a4b0a9d55a1207db684aed7d0f06a3,12712418943491446549,10730305575676391514
gaussian,iid,W,1.0,4.0,24.0,128.0,0.0,0.0,0.925,9.0,0.7732137044270834,f88410a1fcfafe7056f0556ba471ba8914a3a1a5271481932fa2cf6539d65362,12712418943491446549,10730305575676391514
gaussian,iid,W,1.0,4.0,24.0,128.0,0.0,0.0,0.92832031,9.0,0.7788721720377604,d50583b18fff1f92d3a2f4a338703a831ace4af3d725c03c3a3db739585e5488,12712418943491446549,10730305575676391514
gaussian,iid,W,1.0,4.0,24.0,128.0,0.0,0.0,0.92998047,9.0,0.7790374755859375,a8391f39456805159ae081232054523dcecee353979fd8eedcecf5ab9fcb0190,12712418943491446549,10730305575676391514
gaussian,iid,W,1.0,4.0,24.0,128.0,0.0,0.0,0.93387482,9.0,0.7805658976236979,298cee2031e379cd442b9064bf53b970e756639c5153d7fddaaa1e936fd25816,12712418943491446549,10730305575676391514
gaussian,iid,W,1.0,4.0,24.0,128.0,0.0,0.0,0.93496094,9.0,0.7805938720703125,72497f0678b3c4c1aa73e91607165cf05daaecc3a234a32aae94980097f2765b,12712418943491446549,10730305575676391514
gaussian,iid,W,1.0,4.0,24.0,128.0,0.0,0.0,0.89852819,10.0,0.1607564290364583,5f3037b459d5cacf0cb9ea6f76211b57304c8a50b3fd8a8a503067bd163aa70b,5150031729543198991,7332502026852766729
gaussian,iid,W,1.0,4.0,24.0,128.0,0.0,0.0,0.90189453,10.0,0.2166875203450521,e7b2429b6f78c1fab80f8ea988ddcb700184ff929f317465bcddfe5c582c5547,5150031729543198991,7332502026852766729
gaussian,iid,W,1.0,4.0,24.0,128.0,0.0,0.0,0.90526088,10.0,0.474255879720052,90d97fdc59b120b696df1f6c7d33348c196ea9289703ea7ee3218857d85a9710,5150031729543198991,7332502026852766729
gaussian,iid,W,1.0,4.0,24.0,128.0,0.0,0.0,0.90862723,10.0,0.5126190185546875,f9c1c9f28b23573b32299062004579dda4a381f7949d59f9779d4e8d507b4db4,5150031729543198991,7332502026852766729
gaussian,iid,W,1.0,4.0,24.0,128.0,0.0,0.0,0.91199357,10.0,0.5445607503255209,7fc121de9240b1d5a68dae1f33b792de8a177b29a592704f2c0a958b330a3931,5150031729543198991,7332502026852766729
gaussian,iid,W,1.0,4.0,24.0,128.0,0.0,0.0,0.91535992,10.0,0.3940378824869792,a581e1ec2a5c1072fef29602bf5c99e0b5b293dc76ec3fe8ec7e06c37a44669f,5150031729543198991,7332502026852766729
gaussian,iid,W,1.0,4.0,24.0,128.0,0.0,0.0,0.91872626,10.0,0.3645833333333333,81365399bc0fcf9b33c27eeb044d84765a3fff84630684a4ee866738150c8ba5,5150031729543198991,7332502026852766729
gaussian,iid,W,1.0,4.0,24.0,128.0,0.0,0.0,0.92209261,10.0,0.3725382486979167,4c7b3e66e50043df1beee5f9590d975d5b3a9c098d5907e5caa4607bfa4617c7,5150031729543198991,7332502026852766729
gaussian,iid,W,1.0,4.0,24.0,128.0,0.0,0.0,0.92545895,10.0,0.358105977376302,2055613424d20052c8b0d024769035b64c3acdb81cd04e36a610ee1b2e756f84,5150031729543198991,7332502026852766729
gaussian,iid,W,1.0,4.0,24.0,128.0,0.0,0.0,0.9288253,10.0,0.5528310139973959,bc2bfed0cb03b9c04c06d6fef81ea83134254465d1a7dc20fbe59ef44398031a,5150031729543198991,7332502026852766729
gaussian,iid,W,1.0,4.0,24.0,128.0,0.0,0.0,0.93219164,10.0,0.5537974039713541,f3ccbe0db3f26284a0030d35328de207950f4dd947df6d36af60610d7ce1784e,5150031729543198991,7332502026852766729
gaussian,iid,W,1.0,4.0,24.0,128.0,0.0,0.0,0.93555799,10.0,0.5563329060872396,e7f254a85932d1d3ad2ad2bb6a29ff92d483594f553e918c6f90dbc35eb8f42b,5150031729543198991,7332502026852766729
gaussian,iid,W,1.0,4.0,24.0,128.0,0.0,0.0,0.93892434,10.0,0.5639521280924479,ec99ec736beb35c1e2c6db969debf702b3892a17cda051cf3a684becf352aba5,5150031729543198991,7332502026852766729
gaussian,iid,W,1.0,4.0,24.0,128.0,0.0,0.0,0.94229068,10.0,0.5674667358398438,8051f4b43f3c1da6cecfee88eac758bf4bb732353f2a2f55edefa44c575dd27a,5150031729543198991,7332502026852766729
gaussian,iid,W,1.0,4.0,24.0,128.0,0.0,0.0,0.94565703,10.0,0.9565582275390624,98e1e0e144222f0292e02631554862ba277cedc62c23237d8079fbea6c1f78e8,5150031729543198991,7332502026852766729
gaussian,iid,W,1.0,4.0,24.0,128.0,0.0,0.0,0.94902337,10.0,0.956677754720052,0c1874e971140c679adeb0ee53aa3af61ece8c71414ab5b85330556c3e422977,5150031729543198991,7332502026852766729
gaussian,iid,W,1.0,4.0,24.0,128.0,0.0,0.0,0.90175781,10.0,0.2169545491536458,6cac8c404bdaca68bfb029f5f7d6dbdafa45856931a6ac5ef8f06827cf17eb6c,5150031729543198991,7332502026852766729
gaussian,iid,W,1.0,4.0,24.0,128.0,0.0,0.0,0.90341797,10.0,0.2168960571289062,913b1167dae437f4903533b00262b54960c70c39ee8cea8863cacf5936312b1e,5150031729543198991,7332502026852766729
gaussian,iid,W,1.0,4.0,24.0,128.0,0.0,0.0,0.91669922,10.0,0.366681416829427,15b7eb0cc8afea56981ced7bc996f9f2b3be0a8773ff1143f2a58e7096834797,5150031729543198991,7332502026852766729
gaussian,iid,W,1.0,4.0,24.0,128.0,0.0,0.0,0.91704309,10.0,0.3666890462239583,b21e29a96790362b030bae1eb56271f7cbe011ba6f655c5e0b094b58ac05afdf,5150031729543198991,7332502026852766729
gaussian,iid,W,1.0,4.0,24.0,128.0,0.0,0.0,0.92001953,10.0,0.3723729451497395,e9007406090761f0b13ef879d2bf02d61d98ba519d590605cd487c5cfc9ac83a,5150031729543198991,7332502026852766729
gaussian,iid,W,1.0,4.0,24.0,128.0,0.0,0.0,0.92040944,10.0,0.372418721516927,34bac51c641de6b9ddc898d7415bec3ba3f948c17be309f17f3a110f891c1850,5150031729543198991,7332502026852766729
gaussian,iid,W,1.0,4.0,24.0,128.0,0.0,0.0,0.92167969,10.0,0.3725153605143229,2d2a9867fd94fa19d4974ea980729f6fe2b939c56b9450cc926191ecd57101e7,5150031729543198991,7332502026852766729
gaussian,iid,W,1.0,4.0,24.0,128.0,0.0,0.0,0.92333984,10.0,0.3726450602213542,e587e858477595da075dccc122bf53839be5c519eaeac7e15f01825dc4c95a72,5150031729543198991,7332502026852766729
gaussian,iid,W,1.0,4.0,24.0,128.0,0.0,0.0,0.92377578,10.0,0.3582941691080729,8b4934cee59a238d9fa30e7dcd4792f2af107b5d0c67368185af085a4d9fdd6c,5150031729543198991,7332502026852766729
gaussian,iid,W,1.0,4.0,24.0,128.0,0.0,0.0,0.925,10.0,0.3588282267252604,880754c0cba628ab65949f032b5be562b4e1f2fca8119c9f9ac6dc03a3e5177d,5150031729543198991,7332502026852766729
gaussian,iid,W,1.0,4.0,24.0,128.0,0.0,0.0,0.92832031,10.0,0.5527572631835938,4a7f69e71f41ed2f22b80a39da0ce911201d6bcd6bfa1c8f2ccc1fcf6e99c36c,5150031729543198991,7332502026852766729
gaussian,iid,W,1.0,4.0,24.0,128.0,0.0,0.0,0.92998047,10.0,0.5532099405924479,d6badac43e82a57f7426ba5e63ac4d39199d5c837dda03bab4545784fa62179c,5150031729543198991,7332502026852766729
gaussian,iid,W,1.0,4.0,24.0,128.0,0.0,0.0,0.93387482,10.0,0.553924560546875,9535d179fa77c2a48500b09eb3885bc491722fb8f1d21278e608b5e522427c4e,5150031729543198991,7332502026852766729
gaussian,iid,W,1.0,4.0,24.0,128.0,0.0,0.0,0.93496094,10.0,0.5562413533528646,dcf18faf7d35aad652c86dde1f7f39292e709a94422dd2547b4b05c3660fff4f,5150031729543198991,7332502026852766729
gaussian,iid,W,1.0,4.0,24.0,128.0,0.0,0.0,0.89852819,11.0,0.1178817749023437,55479bfd38cff19c175fbcb559553fa95b6d0c228e11726842bb560b95e46e79,4503336380177946681,2351902831009272913
gaussian,iid,W,1.0,4.0,24.0,128.0,0.0,0.0,0.90189453,11.0,0.1671930948893229,3f16de7a27917ce746192ff52a5dce5bffa4f6dcb9375f723df38924473f2aa1,4503336380177946681,2351902831009272913
gaussian,iid,W,1.0,4.0,24.0,128.0,0.0,0.0,0.90526088,11.0,0.2247645060221354,104d2a46dd7ce63bf50b49572afb8a92204276da5ba35217a821295c440583b4,4503336380177946681,2351902831009272913
gaussian,iid,W,1.0,4.0,24.0,128.0,0.0,0.0,0.90862723,11.0,0.3990707397460937,b6579ee8d7ca9985a96c1840f6677f6aa1b9f5e0d585451f44a7457655aac1fb,4503336380177946681,2351902831009272913
gaussian,iid,W,1.0,4.0,24.0,128.0,0.0,0.0,0.91199357,11.0,0.1832021077473958,ee9497182a82b0dc8cac40a7c37cadf5cb985731e4f58c4a4f93af7e53ef6f79,4503336380177946681,2351902831009272913
gaussian,iid,W,1.0,4.0,24.0,128.0,0.0,0.0,0.91535992,11.0,0.1832733154296875,52755fd9a70e9af9918dfa35ec860771662f7084b67278b30f983f14700ecd9d,4503336380177946681,2351902831009272913
gaussian,iid,W,1.0,4.0,24.0,128.0,0.0,0.0,0.91872626,11.0,0.3975931803385417,3ddc179d72404049f1ea8b259fd4771c011da4bf3fd6fdff4b301bf3d1e0b2ca,4503336380177946681,2351902831009272913
gaussian,iid,W,1.0,4.0,24.0,128.0,0.0,0.0,0.92209261,11.0,0.3393961588541667,b56557f6d3e9c88def59be64b0dc2dc69da0435f85941fe82dde6bc7f4a72eb7,4503336380177946681,2351902831009272913
gaussian,iid,W,1.0,4.0,24.0,128.0,0.0,0.0,0.92545895,11.0,0.343963623046875,9254d3c37fc207e39ea8191a8e41262e152077dc51fc3a41d38011b05e5ae93d,4503336380177946681,2351902831009272913
gaussian,iid,W,1.0,4.0,24.0,128.0,0.0,0.0,0.9288253,11.0,0.4840443929036458,c48759c8d3082a399a27ed075f6bb882f2c833ca71d41d365ef326e42a580c90,4503336380177946681,2351902831009272913
gaussian,iid,W,1.0,4.0,24.0,128.0,0.0,0.0,0.93219164,11.0,0.9605560302734376,be3d5fb399e8d9997e57aab5eb7c4eb6d5f3725217de1e751ce586d203e4f28a,4503336380177946681,2351902831009272913
gaussian,iid,W,1.0,4.0,24.0,128.0,0.0,0.0,0.93555799,11.0,0.9605687459309896,fc3f754f55231107519f80d131e4f16910fa744b269b700c733d8903cd7d9dba,4503336380177946681,2351902831009272913
gaussian,iid,W,1.0,4.0,24.0,128.0,0.0,0.0,0.93892434,11.0,0.9607874552408854,e94b3c9f2b40d25b9c8ff373c34c2bae00a3190dffd75f754a6db4f7f76fed70,4503336380177946681,2351902831009272913
gaussian,iid,W,1.0,4.0,24.0,128.0,0.0,0.0,0.94229068,11.0,0.9607162475585938,bdfe32ca596dd2baaedeb60c005c455bdeb8f75a906533524efabb3c4180a363,4503336380177946681,2351902831009272913
gaussian,iid,W,1.0,4.0,24.0,128.0,0.0,0.0,0.94565703,11.0,0.9611384073893228,cba0914dfe15b4fbaa99d77bca4f58536267389a9346e464369213b9e78bef1c,4503336380177946681,2351902831009272913
gaussian,iid,W,1.0,4.0,24.0,128.0,0.0,0.0,0.94902337,11.0,0.9614028930664062,ddf113860fb19da40bd26491bb70557d527ea2296dc698ce46708e8a6ba37184,4503336380177946681,2351902831009272913
gaussian,iid,W,1.0,4.0,24.0,128.0,0.0,0.0,0.90175781,11.0,0.1671981811523437,214ff0d1bca4d6ac677d6ac85244cc9df415346020e424c59f1b93d4374a870b,4503336380177946681,2351902831009272913
gaussian,iid,W,1.0,4.0,24.0,128.0,0.0,0.0,0.90341797,11.0,0.2515741984049479,b8a97ebf1f802c56d08e656c5a024260dda7084be766997458e4d165c45659e4,4503336380177946681,2351902831009272913
gaussian,iid,W,1.0,4.0,24.0,128.0,0.0,0.0,0.91669922,11.0,0.398193359375,d94a9c7d2501be891f8e500b15b503f31f0221ad57dcd8dc330c229c85cee697,4503336380177946681,2351902831009272913
gaussian,iid,W,1.0,4.0,24.0,128.0,0.0,0.0,0.91704309,11.0,0.3982416788736979,534d5719bea1df9e0b4c7dd11d47bbe2e5bbf6d55268e9db25e41ce5921bbd95,4503336380177946681,2351902831009272913
gaussian,iid,W,1.0,4.0,24.0,128.0,0.0,0.0,0.92001953,11.0,0.3368937174479167,94f6ef2d5d1160596d85b87a80774caff84ce0bb06136a63b0b8fa18460ed193,4503336380177946681,2351902831009272913
gaussian,iid,W,1.0,4.0,24.0,128.0,0.0,0.0,0.92040944,11.0,0.3369038899739583,411d11b773132374f6e3262dab6fb4c65a57e91a017d67455970dd2f9626d2ba,4503336380177946681,2351902831009272913
gaussian,iid,W,1.0,4.0,24.0,128.0,0.0,0.0,0.92167969,11.0,0.3372955322265625,0c444f550e6a6f75e9acfe8297018f63721683521b237f6fe47a4b2b659942b5,4503336380177946681,2351902831009272913
gaussian,iid,W,1.0,4.0,24.0,128.0,0.0,0.0,0.92333984,11.0,0.3400650024414062,2003856b9deff81087753c6fd5a0709093be564b6de292e1df077e94341fdbf5,4503336380177946681,2351902831009272913
gaussian,iid,W,1.0,4.0,24.0,128.0,0.0,0.0,0.92377578,11.0,0.3400929768880208,a6614295a9b7ae25cc10e0e52209c8a63bb492e8b0f5997be996a0b559a7082d,4503336380177946681,2351902831009272913
gaussian,iid,W,1.0,4.0,24.0,128.0,0.0,0.0,0.925,11.0,0.3439712524414062,39420f7f4d00b3b2dcd8859e1e176380fd9097326cc7f7b8b06e5c6ffbefc285,4503336380177946681,2351902831009272913
gaussian,iid,W,1.0,4.0,24.0,128.0,0.0,0.0,0.92832031,11.0,0.48394775390625,59af177003ae36101d886f202420da1af356ee6bfa26af2f464cda5d97fda986,4503336380177946681,2351902831009272913
gaussian,iid,W,1.0,4.0,24.0,128.0,0.0,0.0,0.92998047,11.0,0.5278701782226562,2936cdda3525ebe9587c7f6a89609600863450e1aafae737ae351d4b35be8c58,4503336380177946681,2351902831009272913
gaussian,iid,W,1.0,4.0,24.0,128.0,0.0,0.0,0.93387482,11.0,0.9604568481445312,ad98b86eded216b6c3a395faa4c939451f8dc4d78db32165e20f9ea49902e0f2,4503336380177946681,2351902831009272913
gaussian,iid,W,1.0,4.0,24.0,128.0,0.0,0.0,0.93496094,11.0,0.9605305989583334,3e7f5378cdf70c3a93911c5620cba464f9792ebe2bfd2f9aa916c306f346c76d,4503336380177946681,2351902831009272913
gaussian,iid,W,1.0,4.0,24.0,128.0,0.0,0.0,0.89852819,12.0,0.1404215494791666,fefb3dbced27baeb86a027ad175bca1b3d6f873963b2d2d709ab9e941eb1c996,3386421616478502377,807209257947685388
gaussian,iid,W,1.0,4.0,24.0,128.0,0.0,0.0,0.90189453,12.0,0.3049850463867187,aaf569b2a761a1d6f03b1a588fc84b733c1faf295bd0a91e50a537b703bf5676,3386421616478502377,807209257947685388
gaussian,iid,W,1.0,4.0,24.0,128.0,0.0,0.0,0.90526088,12.0,0.4542287190755208,82f1a438aa551d83daaa97d9b6102d7f8fa5410cc9cd22aef88ea241a7182392,3386421616478502377,807209257947685388
gaussian,iid,W,1.0,4.0,24.0,128.0,0.0,0.0,0.90862723,12.0,0.3063227335611979,2a7987a17694cc4d43d99fd88618e158e596bf3b8f0cd60c217a88faa48dc7c3,3386421616478502377,807209257947685388
gaussian,iid,W,1.0,4.0,24.0,128.0,0.0,0.0,0.91199357,12.0,0.2816212972005208,617f1dc3a682f79723478083e23f2f6bd9fe800928afcc95198ca74af38e310a,3386421616478502377,807209257947685388
gaussian,iid,W,1.0,4.0,24.0,128.0,0.0,0.0,0.91535992,12.0,0.4605255126953125,8c7dae8e97cec28e37bf745c207729f60a9584112b3558c6ec8b3f385f2f75b8,3386421616478502377,807209257947685388
gaussian,iid,W,1.0,4.0,24.0,128.0,0.0,0.0,0.91872626,12.0,0.8772328694661459,25a5334b04d3dfc698881c2fa4e6c3e523de052471da1807076bc59266bed18c,3386421616478502377,807209257947685388
gaussian,iid,W,1.0,4.0,24.0,128.0,0.0,0.0,0.92209261,12.0,0.8791427612304688,957194d4cb25544f03b1a41b379af6520ba724da8bca3a3b996919a4a91cfce6,3386421616478502377,807209257947685388
gaussian,iid,W,1.0,4.0,24.0,128.0,0.0,0.0,0.92545895,12.0,0.9607976277669272,f8b449d5b9a7783c249480d8804002a76d1265dbc583e89f82b820fa9d77bb95,3386421616478502377,807209257947685388
gaussian,iid,W,1.0,4.0,24.0,128.0,0.0,0.0,0.9288253,12.0,0.9608815511067708,f9f2cbf02c3709d2064ca0f0fa8248e8b6604b7e55ea8276160378f2c7c94ef2,3386421616478502377,807209257947685388
gaussian,iid,W,1.0,4.0,24.0,128.0,0.0,0.0,0.93219164,12.0,0.9610417683919272,00b8ae540bdec652d71ebc7c9ebd7db9be89e09b682e794fb5e57e603a60a895,3386421616478502377,807209257947685388
gaussian,iid,W,1.0,4.0,24.0,128.0,0.0,0.0,0.93555799,12.0,0.9613189697265624,b7319d426a5d53d6186b061859f2e47480635970e2625646968f19660b3c8fd7,3386421616478502377,807209257947685388
gaussian,iid,W,1.0,4.0,24.0,128.0,0.0,0.0,0.93892434,12.0,0.9615198771158854,f8cdc7299e0d47a6637b242edbe7eb385669646aeb452b8bf5c52846c9a92501,3386421616478502377,807209257947685388
gaussian,iid,W,1.0,4.0,24.0,128.0,0.0,0.0,0.94229068,12.0,0.9618479410807292,651d8e33676b9602f54902ce063b799329c0e5cb9af558f004af862226c8eeb4,3386421616478502377,807209257947685388
gaussian,iid,W,1.0,4.0,24.0,128.0,0.0,0.0,0.94565703,12.0,0.96234130859375,c28f03f2ef5901c87cc56cd248b936da5963f90b68cd1e7db11f2242363f077c,3386421616478502377,807209257947685388
gaussian,iid,W,1.0,4.0,24.0,128.0,0.0,0.0,0.94902337,12.0,0.9628092447916666,57f1c547160b22cdf662e5bcdec939e7e46c77393d9ead9c07418ac995aca0c6,3386421616478502377,807209257947685388
gaussian,iid,W,1.0,4.0,24.0,128.0,0.0,0.0,0.90175781,12.0,0.3049697875976562,4eff2171bd7ae08918723cacffd62adcc843bda51a86b4d49f6617c638f21999,3386421616478502377,807209257947685388
gaussian,iid,W,1.0,4.0,24.0,128.0,0.0,0.0,0.90341797,12.0,0.2800954182942708,2c97ce7bd5e338321f1be44ba7af9642ddc6d19f0240ba18e684e42cf43d3429,3386421616478502377,807209257947685388
gaussian,iid,W,1.0,4.0,24.0,128.0,0.0,0.0,0.91669922,12.0,0.474151611328125,76a6a811cb1cbc59085e167941bc0d2c1e54bb7b878401be6928ca17018af0ba,3386421616478502377,807209257947685388
gaussian,iid,W,1.0,4.0,24.0,128.0,0.0,0.0,0.91704309,12.0,0.474151611328125,b502ade2c223e8d5db494af9d3166664d4584d6d7e2236bf31de93ef197e84fd,3386421616478502377,807209257947685388
gaussian,iid,W,1.0,4.0,24.0,128.0,0.0,0.0,0.92001953,12.0,0.87725830078125,b0ee18a5a9a113844724949722e489a468feb302cd69e568708514a49adefd3b,3386421616478502377,807209257947685388
gaussian,iid,W,1.0,4.0,24.0,128.0,0.0,0.0,0.92040944,12.0,0.8772252400716146,292e44c3f33359fa1c2b2c7a7541b48ac93c5379be65211297bc9b7181fda4e1,3386421616478502377,807209257947685388
gaussian,iid,W,1.0,4.0,24.0,128.0,0.0,0.0,0.92167969,12.0,0.8791275024414062,8ce83c78a72f06f05f748b455be3d5940bed7136d52534761a17562f333a93aa,3386421616478502377,807209257947685388
gaussian,iid,W,1.0,4.0,24.0,128.0,0.0,0.0,0.92333984,12.0,0.8791910807291666,218bee26b3379cf865404b2e6e2454b407294a1c378a3dbc6dda2a13a07722d8,3386421616478502377,807209257947685388
gaussian,iid,W,1.0,4.0,24.0,128.0,0.0,0.0,0.92377578,12.0,0.8791681925455729,e346be8f6eef9202c6b6f1b6e1abf501292e2e1dadbffc9dc0bb94ec11ab9313,3386421616478502377,807209257947685388
gaussian,iid,W,1.0,4.0,24.0,128.0,0.0,0.0,0.925,12.0,0.9608154296875,ea04a8c18c1fbd92ab21fb2fc5eb24b32d22f01eef168ccf84fd6f3b018f7f67,3386421616478502377,807209257947685388
gaussian,iid,W,1.0,4.0,24.0,128.0,0.0,0.0,0.92832031,12.0,0.9610392252604166,79e70c66ad6b6ec2c1f3624999575fa76dc64f97c9d83a1925fecb5505576b41,3386421616478502377,807209257947685388
gaussian,iid,W,1.0,4.0,24.0,128.0,0.0,0.0,0.92998047,12.0,0.9610087076822916,1d40f63f6e5c281892b8b1051742ff2d256524c7df4a042353452064b3ebc958,3386421616478502377,807209257947685388
gaussian,iid,W,1.0,4.0,24.0,128.0,0.0,0.0,0.93387482,12.0,0.9611231486002604,45235f467af2af003a5199e5593c3973328337f545c572208b65f3ea2cce9f00,3386421616478502377,807209257947685388
gaussian,iid,W,1.0,4.0,24.0,128.0,0.0,0.0,0.93496094,12.0,0.961194356282552,000adbf1d4afe110d924204562c265da26b8196efb091fb608f83912ceec71fe,3386421616478502377,807209257947685388
gaussian,iid,W,1.0,4.0,24.0,128.0,0.0,0.0,0.89852819,13.0,0.1589864095052083,6835384412af627d9038ca353aee5c6555a3a44aebd69df95d453113160a4381,13707800226645222773,18245551715904844279
gaussian,iid,W,1.0,4.0,24.0,128.0,0.0,0.0,0.90189453,13.0,0.1805775960286458,47a560c3245ebc2053d91d8f3635e38871ff7a90b94ce205a6d3c153a9940f46,13707800226645222773,18245551715904844279
gaussian,iid,W,1.0,4.0,24.0,128.0,0.0,0.0,0.90526088,13.0,0.2499593098958333,3f6b693e8d9edc50a226b67f6eacf082e1cec6686895cca183ac80ec5e684014,13707800226645222773,18245551715904844279
gaussian,iid,W,1.0,4.0,24.0,128.0,0.0,0.0,0.90862723,13.0,0.2495930989583333,2647bea44155a3524f4139500a72a525c8e4ba3a9e0d12a06a250a2ef0287ea9,13707800226645222773,18245551715904844279
gaussian,iid,W,1.0,4.0,24.0,128.0,0.0,0.0,0.91199357,13.0,0.2516352335611979,9f49638ef8e7fd031d6b9e4b9104e094422c54a750ade990c8ecb36e0e960693,13707800226645222773,18245551715904844279
gaussian,iid,W,1.0,4.0,24.0,128.0,0.0,0.0,0.91535992,13.0,0.4574661254882812,5abade82c4f6cf3aa6fbb463c27da6f99a3f2f11e757bda520745ba98e48c10a,13707800226645222773,18245551715904844279
gaussian,iid,W,1.0,4.0,24.0,128.0,0.0,0.0,0.91872626,13.0,0.6669489542643229,d26bef83b0d5480733210383b365d46ab9e7600cf5fdef08084cadb80d0491be,13707800226645222773,18245551715904844279
gaussian,iid,W,1.0,4.0,24.0,128.0,0.0,0.0,0.92209261,13.0,0.7255198160807291,d957c400c32f9d656ac5c7e7e8a6126a417c6b35d41a4355479ef6f9e0dad890,13707800226645222773,18245551715904844279
gaussian,iid,W,1.0,4.0,24.0,128.0,0.0,0.0,0.92545895,13.0,0.7263463338216146,9b79cf847ea38766a868ad6dd451d7fc6d4c15165c70fcb835808a39f80c9cf1,13707800226645222773,18245551715904844279
gaussian,iid,W,1.0,4.0,24.0,128.0,0.0,0.0,0.9288253,13.0,0.953870137532552,72aee488856a901e7bbd90f25e64f50db65743c415954ad89a506ad6fb87f732,13707800226645222773,18245551715904844279
gaussian,iid,W,1.0,4.0,24.0,128.0,0.0,0.0,0.93219164,13.0,0.9561309814453124,407ee9fa88eb2c6857936f166fa363fb59366b5089a85dbfdd099c083f7f09cb,13707800226645222773,18245551715904844279
gaussian,iid,W,1.0,4.0,24.0,128.0,0.0,0.0,0.93555799,13.0,0.9562276204427084,3bfcb3c1401b64c9c8415d94a6bd2622c67097a208f9c61ef04622c445120c53,13707800226645222773,18245551715904844279
gaussian,iid,W,1.0,4.0,24.0,128.0,0.0,0.0,0.93892434,13.0,0.95635986328125,f99d2817d7f1c0b7e96f13d9e2b88578dd1854b7944a0a679aab42f6611af7e1,13707800226645222773,18245551715904844279
gaussian,iid,W,1.0,4.0,24.0,128.0,0.0,0.0,0.94229068,13.0,0.959546407063802,26fc2e16d78ae52f829a97cd1dd4ce6637511180681ec95d8ad20c73e2ea2ad1,13707800226645222773,18245551715904844279
gaussian,iid,W,1.0,4.0,24.0,128.0,0.0,0.0,0.94565703,13.0,0.9605051676432292,85ec6ba9cf9c1bdbf3e6482980143a83ce0e0391f4b2c2d6a7d8785a7dad0d4f,13707800226645222773,18245551715904844279
gaussian,iid,W,1.0,4.0,24.0,128.0,0.0,0.0,0.94902337,13.0,0.961011250813802,dd7f7c34c700717ca79ed74807737780a1ea8376b789c0613df1f98f7698d0ee,13707800226645222773,18245551715904844279
gaussian,iid,W,1.0,4.0,24.0,128.0,0.0,0.0,0.90175781,13.0,0.1805877685546875,9decce5071bfe1b54ba2d4a79e47f49027fc8285e7c0e65e027f11ed33b6be02,13707800226645222773,18245551715904844279
gaussian,iid,W,1.0,4.0,24.0,128.0,0.0,0.0,0.90341797,13.0,0.1816253662109375,a4e7a011eae420f7fa444e3f0244ddf248da5f9d304ca45e10bbe0772d91e22c,13707800226645222773,18245551715904844279
gaussian,iid,W,1.0,4.0,24.0,128.0,0.0,0.0,0.91669922,13.0,0.6662089029947916,36f2e520293327962a370234e3da2318145e05ffde24ddcf90020fc46fa938db,13707800226645222773,18245551715904844279
gaussian,iid,W,1.0,4.0,24.0,128.0,0.0,0.0,0.91704309,13.0,0.6663233439127604,f81bd0d80d5ee7f1bc8c382b5f512bfed51278c527fe2a0a81fb4e22983991f7,13707800226645222773,18245551715904844279
gaussian,iid,W,1.0,4.0,24.0,128.0,0.0,0.0,0.92001953,13.0,0.5256322224934896,f9d9ed80849b7299c93ae357ee625f0498193a75d119ba70a74e7a7cd2de2d00,13707800226645222773,18245551715904844279
gaussian,iid,W,1.0,4.0,24.0,128.0,0.0,0.0,0.92040944,13.0,0.5256271362304688,2ad690a60c7fdeaa3316d0862670d59dcd74c97efb84daab33791de5bfa6f5c5,13707800226645222773,18245551715904844279
gaussian,iid,W,1.0,4.0,24.0,128.0,0.0,0.0,0.92167969,13.0,0.7255121866861979,6913570cef79b7cd0794b2da1b45713aa1103b86525d9c8ab860ab9583d5a87a,13707800226645222773,18245551715904844279
gaussian,iid,W,1.0,4.0,24.0,128.0,0.0,0.0,0.92333984,13.0,0.7261861165364584,7f8f73c741ab8b9611998112748ec02a98f348c62600b1fd7d004b5e362cd590,13707800226645222773,18245551715904844279
gaussian,iid,W,1.0,4.0,24.0,128.0,0.0,0.0,0.92377578,13.0,0.7262420654296875,1962112b1b7ac1136e38b15dc2a26806b39c058f15fca94cd37ecea2677b7fcc,13707800226645222773,18245551715904844279
gaussian,iid,W,1.0,4.0,24.0,128.0,0.0,0.0,0.925,13.0,0.7262547810872396,6a70a582762a7cc6bf7b10681c03f4c271fe541b8d1370a2a88cd5df93fb7cd2,13707800226645222773,18245551715904844279
gaussian,iid,W,1.0,4.0,24.0,128.0,0.0,0.0,0.92832031,13.0,0.9539210001627604,9063318cfe3d6528c6e403df7eed20b014f627de276302d17d152fe56221d685,13707800226645222773,18245551715904844279
gaussian,iid,W,1.0,4.0,24.0,128.0,0.0,0.0,0.92998047,13.0,0.953905741373698,5d2a911bb109f95f5bdd36ff45ceb4b365b379e5012047972cdf2b1581f884df,13707800226645222773,18245551715904844279
gaussian,iid,W,1.0,4.0,24.0,128.0,0.0,0.0,0.93387482,13.0,0.6542485555013021,17cacb90d3b505320a1deebf27c2a7759e041c54bd2c9690cdbeed7ad096ea27,13707800226645222773,18245551715904844279
gaussian,iid,W,1.0,4.0,24.0,128.0,0.0,0.0,0.93496094,13.0,0.9564437866210938,3ef3614dc982be67b868b0a109a290e236e8585130ac3dea69899cc931a2a6eb,13707800226645222773,18245551715904844279
gaussian,iid,W,1.0,4.0,24.0,128.0,0.0,0.0,0.89852819,14.0,0.1159744262695312,babd843e31dba2f48d2babcc2a57a9403bf12403fdded5f72a6ee467514071e9,13722774486878718341,15133883361301602716
gaussian,iid,W,1.0,4.0,24.0,128.0,0.0,0.0,0.90189453,14.0,0.2175165812174479,e26f71d6c0fe0ed106100659fc5385195a3b0aa95610d5f59ea9bdc065a7a0e6,13722774486878718341,15133883361301602716
gaussian,iid,W,1.0,4.0,24.0,128.0,0.0,0.0,0.90526088,14.0,0.2650807698567708,a29b763a3cb022bada126d7b7f1ab3e36c3ecfff9ac180d8f8606aaee612c077,13722774486878718341,15133883361301602716
gaussian,iid,W,1.0,4.0,24.0,128.0,0.0,0.0,0.90862723,14.0,0.2666524251302083,01797ae1622f341ca253047d5eb60c0739616e3421c22f97df942291dcf16b1f,13722774486878718341,15133883361301602716
gaussian,iid,W,1.0,4.0,24.0,128.0,0.0,0.0,0.91199357,14.0,0.3455988566080729,4488a5b45d598f7163e086f542022e243ecabe0eca615d86750348e4604a6b84,13722774486878718341,15133883361301602716
gaussian,iid,W,1.0,4.0,24.0,128.0,0.0,0.0,0.91535992,14.0,0.5791854858398438,14daa4d8dd1c5c7829f142d47e0e8a67d57ee2152227d9e8a76f43258a0c8b6b,13722774486878718341,15133883361301602716
gaussian,iid,W,1.0,4.0,24.0,128.0,0.0,0.0,0.91872626,14.0,0.617706298828125,2f4c34761cd3448e25e08923ca981d13597a12454525a62f1cdba881040f5db0,13722774486878718341,15133883361301602716
gaussian,iid,W,1.0,4.0,24.0,128.0,0.0,0.0,0.92209261,14.0,0.6675669352213541,3fadab9121652d036d06ca74a61d0c14678fca7ab2e649805d81b5445dd90613,13722774486878718341,15133883361301602716
gaussian,iid,W,1.0,4.0,24.0,128.0,0.0,0.0,0.92545895,14.0,0.8903020222981771,b6e4e3c52932cb2c8da3b47b9cdba865b0303e7e536bea60dc183da9f35a86df,13722774486878718341,15133883361301602716
gaussian,iid,W,1.0,4.0,24.0,128.0,0.0,0.0,0.9288253,14.0,0.9593683878580728,ac59ff6366364c05dde7fcd602093fdabcaaba2da4aa2f05579a0bc1691c7dda,13722774486878718341,15133883361301602716
gaussian,iid,W,1.0,4.0,24.0,128.0,0.0,0.0,0.93219164,14.0,0.9597015380859376,ed3b6330fd4dcea591b689912bf323f6c7e2d9e22e6242756a4b182f8556b3ee,13722774486878718341,15133883361301602716
gaussian,iid,W,1.0,4.0,24.0,128.0,0.0,0.0,0.93555799,14.0,0.959742228190104,e33b803380202a5795db5aff283d41a1bd7c17d2a7041646ce8ad3d3a9adbf9a,13722774486878718341,15133883361301602716
gaussian,iid,W,1.0,4.0,24.0,128.0,0.0,0.0,0.93892434,14.0,0.9597803751627604,7b7be13457197df32065dee58e92f0f92a4bd60ab50227a88b295998aaebc558,13722774486878718341,15133883361301602716
gaussian,iid,W,1.0,4.0,24.0,128.0,0.0,0.0,0.94229068,14.0,0.9602864583333334,c4aed764c249352ba5d9860ff23aa38c43ff7dde805d4cc698be0092fb52de45,13722774486878718341,15133883361301602716
gaussian,iid,W,1.0,4.0,24.0,128.0,0.0,0.0,0.94565703,14.0,0.9607645670572916,35b63098f128c40d40335b6aacde4055b0fd977708d28e6181ccb5ed4c743afc,13722774486878718341,15133883361301602716
gaussian,iid,W,1.0,4.0,24.0,128.0,0.0,0.0,0.94902337,14.0,0.9603347778320312,37a034e29c67bbbe85180bf37e3336859d52ba1cbbaf054e62452db2d0a04b6b,13722774486878718341,15133883361301602716
gaussian,iid,W,1.0,4.0,24.0,128.0,0.0,0.0,0.90175781,14.0,0.1632537841796875,c97d65363871e38ee5beae97cd9c4dd5fea9ba3014a9a6d53860e872092c2991,13722774486878718341,15133883361301602716
gaussian,iid,W,1.0,4.0,24.0,128.0,0.0,0.0,0.90341797,14.0,0.3959197998046875,380f2901ed7e564b5a40625fb72b9e9b180879c92a18b546d1c57f01bb88fffc,13722774486878718341,15133883361301602716
gaussian,iid,W,1.0,4.0,24.0,128.0,0.0,0.0,0.91669922,14.0,0.5787785847981771,8deae344491b0ac0fb14af6dbb7853d8fed8561a7be889b005df1c7efacbfb7d,13722774486878718341,15133883361301602716
gaussian,iid,W,1.0,4.0,24.0,128.0,0.0,0.0,0.91704309,14.0,0.6135355631510416,e6ddb253d9a853ebc6f96de203b4c95ed0bac2da69df868d29e189f95fd10d34,13722774486878718341,15133883361301602716
gaussian,iid,W,1.0,4.0,24.0,128.0,0.0,0.0,0.92001953,14.0,0.6662241617838541,0a566cc819504646e6b3508e4e5ba60e25ea416a0e168bc692334b0d76d27488,13722774486878718341,15133883361301602716
gaussian,iid,W,1.0,4.0,24.0,128.0,0.0,0.0,0.92040944,14.0,0.6665217081705729,027d2fafa5f0d9a524eaf459d969a4d089a39dd79dbba29f5b7b0949ada67819,13722774486878718341,15133883361301602716
gaussian,iid,W,1.0,4.0,24.0,128.0,0.0,0.0,0.92167969,14.0,0.6671371459960938,c2d9f746016bf9dfe7a162bbc7020485da5a4f43d655db30cb5a2761e7fb93ae,13722774486878718341,15133883361301602716
gaussian,iid,W,1.0,4.0,24.0,128.0,0.0,0.0,0.92333984,14.0,0.66943359375,d7d0a88d50a543c45719141c9aecd60d44b02437132315e9d1c7cdc5ce66eb2d,13722774486878718341,15133883361301602716
gaussian,iid,W,1.0,4.0,24.0,128.0,0.0,0.0,0.92377578,14.0,0.6695709228515625,80e616e9272098f460a6f9261095cde6ff16f47612cc79a507cab1fc7c7f9c44,13722774486878718341,15133883361301602716
gaussian,iid,W,1.0,4.0,24.0,128.0,0.0,0.0,0.925,14.0,0.890289306640625,64750ea24a692cd188ffc3e69bd86af44158d572a8f4149a2245d60d2f095103,13722774486878718341,15133883361301602716
gaussian,iid,W,1.0,4.0,24.0,128.0,0.0,0.0,0.92832031,14.0,0.959276835123698,78f2e4d09f5ac1732c3be7bc007fdd011b543fae1fdf4cefefb0aab4f448196c,13722774486878718341,15133883361301602716
gaussian,iid,W,1.0,4.0,24.0,128.0,0.0,0.0,0.92998047,14.0,0.9596354166666666,c842f5022e8a09f14d89d97a720a8a9c6a71e32ad656754ce7854a53a2e6d491,13722774486878718341,15133883361301602716
gaussian,iid,W,1.0,4.0,24.0,128.0,0.0,0.0,0.93387482,14.0,0.9596659342447916,61ffde51cd4481765e0ee9b5c9d963e054140381140d772a4bfe1fc9fdbca702,13722774486878718341,15133883361301602716
gaussian,iid,W,1.0,4.0,24.0,128.0,0.0,0.0,0.93496094,14.0,0.959851582845052,0b94d10458630f7080e98545a85ebdff30a13ade273e79a577db215591d001c5,13722774486878718341,15133883361301602716
gaussian,iid,W,1.0,4.0,24.0,128.0,0.0,0.0,0.89852819,15.0,0.2068684895833333,3dd161a1c3fdd2db81a7141e7378a3cefc488fd4eddb8824c6b69d432850d6aa,17758499322326504009,13396349911227563959
gaussian,iid,W,1.0,4.0,24.0,128.0,0.0,0.0,0.90189453,15.0,0.2070185343424479,487a78ac36260d088a15444c95d41940a0196483d5c3608545aa236e821eb0e9,17758499322326504009,13396349911227563959
gaussian,iid,W,1.0,4.0,24.0,128.0,0.0,0.0,0.90526088,15.0,0.2752609252929687,01446c53043a7dfe354e11ee130ded0ec2c469a3a82d17c35201d96fba5aec06,17758499322326504009,13396349911227563959
gaussian,iid,W,1.0,4.0,24.0,128.0,0.0,0.0,0.90862723,15.0,0.2071863810221354,151eed9d67c052652e42a6aaff6e5a4a468c4f8ceb073266ac033bf9ee8389e6,17758499322326504009,13396349911227563959
gaussian,iid,W,1.0,4.0,24.0,128.0,0.0,0.0,0.91199357,15.0,0.4416605631510417,dc98827cf23af49a52883133af062b576bddb382404f61e10e9d8a205412635d,17758499322326504009,13396349911227563959
gaussian,iid,W,1.0,4.0,24.0,128.0,0.0,0.0,0.91535992,15.0,0.3488515218098958,a6109a208822a402a90d390d804633b9d8d548f00a17e279d4994ae3024e29e5,17758499322326504009,13396349911227563959
gaussian,iid,W,1.0,4.0,24.0,128.0,0.0,0.0,0.91872626,15.0,0.6008402506510416,39a8f0500adc873dd437e9ff3d33afe1f4b279e08e31aa2488858fea97ab6ac1,17758499322326504009,13396349911227563959
gaussian,iid,W,1.0,4.0,24.0,128.0,0.0,0.0,0.92209261,15.0,0.9591344197591146,f77d494ce7b635387ec359ee58f5638087fa0b4bb1a463246f556cdba3e42f9b,17758499322326504009,13396349911227563959
gaussian,iid,W,1.0,4.0,24.0,128.0,0.0,0.0,0.92545895,15.0,0.9592844645182292,dd1e439ed18301de808f984f22a068e5fb1b09b6dd5484b0254c80cf195d6b73,17758499322326504009,13396349911227563959
gaussian,iid,W,1.0,4.0,24.0,128.0,0.0,0.0,0.9288253,15.0,0.9595235188802084,694dcdb07f1e8513ab89ef694c97165dac8ebeb2f2a59d672af8d24bf2ae25e1,17758499322326504009,13396349911227563959
gaussian,iid,W,1.0,4.0,24.0,128.0,0.0,0.0,0.93219164,15.0,0.9596405029296876,fa25887737083e080524a8224843828b77df2d5022d4f10c775b8729812057bf,17758499322326504009,13396349911227563959
gaussian,iid,W,1.0,4.0,24.0,128.0,0.0,0.0,0.93555799,15.0,0.9608840942382812,de776450580459063cf6103cc34e1e66ecdf43b0e8b5da050fede31a8ff7ea88,17758499322326504009,13396349911227563959
gaussian,iid,W,1.0,4.0,24.0,128.0,0.0,0.0,0.93892434,15.0,0.9602584838867188,063c122bd5ace5fe2f044d51982f7c91791277abb67697d783aafce2c4f0c8e1,17758499322326504009,13396349911227563959
gaussian,iid,W,1.0,4.0,24.0,128.0,0.0,0.0,0.94229068,15.0,0.9610392252604166,b828c122c8f0368e50196bdcda4c1b7102f59f207cacd7204914571584653d0d,17758499322326504009,13396349911227563959
gaussian,iid,W,1.0,4.0,24.0,128.0,0.0,0.0,0.94565703,15.0,0.961560567220052,a949de66f4c6f042a2788d57704d7d58acc5b0dfe1ce5432c364b7a2f39cd3a0,17758499322326504009,13396349911227563959
gaussian,iid,W,1.0,4.0,24.0,128.0,0.0,0.0,0.94902337,15.0,0.9613723754882812,6d44d69efcfe71ea577cb1c1ca27b7bd98c9f490036ad54788af67cef7c4b19e,17758499322326504009,13396349911227563959
gaussian,iid,W,1.0,4.0,24.0,128.0,0.0,0.0,0.90175781,15.0,0.2070134480794271,83c3a2b32e2a4535adc6cc8cd2bd3acf68899cc3ab1dd668817935f034f11579,17758499322326504009,13396349911227563959
gaussian,iid,W,1.0,4.0,24.0,128.0,0.0,0.0,0.90341797,15.0,0.27496337890625,c6589962e715fe02176f24901f8261b782bdf2b0ff720279eb08b7abc1ad007a,17758499322326504009,13396349911227563959
gaussian,iid,W,1.0,4.0,24.0,128.0,0.0,0.0,0.91669922,15.0,0.34222412109375,27f62f7a7097cb865256e064d3c7d57f78b3c75d77464c31b83fc346a9bff8ce,17758499322326504009,13396349911227563959
gaussian,iid,W,1.0,4.0,24.0,128.0,0.0,0.0,0.91704309,15.0,0.6006546020507812,c0c53eea6a93ba4adfd3fca6ef5973bbf01aed4ed6bd32cdb858282c878b402c,17758499322326504009,13396349911227563959
gaussian,iid,W,1.0,4.0,24.0,128.0,0.0,0.0,0.92001953,15.0,0.6089045206705729,d01f9400a0fc918e897970a4edb6da7da2b7d3de6c2dde7c5290c32951b3007a,17758499322326504009,13396349911227563959
gaussian,iid,W,1.0,4.0,24.0,128.0,0.0,0.0,0.92040944,15.0,0.6089706420898438,5ec3b2b11dc6553806330acae18ea9f0820e910bd783bd2d20c5a4dec8139e0f,17758499322326504009,13396349911227563959
gaussian,iid,W,1.0,4.0,24.0,128.0,0.0,0.0,0.92167969,15.0,0.6311620076497396,c75d7256e6f8976b9bf75c372c971fc5a450995632ae9d0cca4f551f479fc3f4,17758499322326504009,13396349911227563959
gaussian,iid,W,1.0,4.0,24.0,128.0,0.0,0.0,0.92333984,15.0,0.9592692057291666,ee0ce7060e0b29a4f8c13521f1a5107f3352c26162730b927c67ae01d3345a7d,17758499322326504009,13396349911227563959
gaussian,iid,W,1.0,4.0,24.0,128.0,0.0,0.0,0.92377578,15.0,0.9592819213867188,82f87e67e014bd31bd357c0a8b047afc61698cb90f9c13a8ea8f79f7c5bd92a6,17758499322326504009,13396349911227563959
gaussian,iid,W,1.0,4.0,24.0,128.0,0.0,0.0,0.925,15.0,0.9592844645182292,07e2e2d54552838921e6eae33a8be0cb16dafc1889ab84769ecd71cb36e50208,17758499322326504009,13396349911227563959
gaussian,iid,W,1.0,4.0,24.0,128.0,0.0,0.0,0.92832031,15.0,0.959442138671875,9237620c13b1ef8b29aac1e88ba027cf327d064d2f66efa8c7aeeeb26aae451d,17758499322326504009,13396349911227563959
gaussian,iid,W,1.0,4.0,24.0,128.0,0.0,0.0,0.92998047,15.0,0.959564208984375,60a3a02196f80afe9d877cbdc49e3260832b283f3b0c51ff73c03cf6a4e6e6ce,17758499322326504009,13396349911227563959
gaussian,iid,W,1.0,4.0,24.0,128.0,0.0,0.0,0.93387482,15.0,0.9606882731119792,dba668db5d4dc1c3a596f914e65ce0995ad3b1ca975a7ed87561cf7f4dafbf23,17758499322326504009,13396349911227563959
gaussian,iid,W,1.0,4.0,24.0,128.0,0.0,0.0,0.93496094,15.0,0.9607213338216146,82a57d1c930adbe06bf11075bfd3fdd1c19530fb6e87902230cd7eb28a2bc2d1,17758499322326504009,13396349911227563959
gaussian,iid,W,1.0,4.0,24.0,128.0,0.0,0.0,0.90175781,16.0,0.1146163940429687,55006eea66460ba1b13bcce57c85171ffeda029bc9cb846696b9535f810a00f7,3546729432085745463,17762301001292071140
gaussian,iid,W,1.0,4.0,24.0,128.0,0.0,0.0,0.90189453,16.0,0.1146621704101562,c4a1db6eb51abf8fdaca5e7b9009df137b152ee8945a269b4f07056b0328a2a1,3546729432085745463,17762301001292071140
gaussian,iid,W,1.0,4.0,24.0,128.0,0.0,0.0,0.90341797,16.0,0.1160329182942708,6bcebaf00ab539bc3ac5b8a51ea670d6c602869a24aec05ce62991238dbb7e8b,3546729432085745463,17762301001292071140
gaussian,iid,W,1.0,4.0,24.0,128.0,0.0,0.0,0.91535992,16.0,0.5822347005208334,360c5b350eea17c6f8e9ebc1952788d67a879b42c03f9c85d8734449a94bed4b,3546729432085745463,17762301001292071140
gaussian,iid,W,1.0,4.0,24.0,128.0,0.0,0.0,0.91669922,16.0,0.6399078369140625,f5fcaa0bba24dcc7148e4672122dcce69d56e67c0db8687ddefca4cd81acec54,3546729432085745463,17762301001292071140
gaussian,iid,W,1.0,4.0,24.0,128.0,0.0,0.0,0.91704309,16.0,0.6399103800455729,ea65c5007dc79dd3b1b29b364eb249e6d10a5dafc97f7e087d5d015be9d7bace,3546729432085745463,17762301001292071140
gaussian,iid,W,1.0,4.0,24.0,128.0,0.0,0.0,0.91872626,16.0,0.9489110310872396,0ab6b15adfa376a2f0220c4d0cc9922682799421821b536d3ef5c6c2a428245f,3546729432085745463,17762301001292071140
gaussian,iid,W,1.0,4.0,24.0,128.0,0.0,0.0,0.92001953,16.0,0.5132598876953125,f8e51b380086c9cfc5dc87d666488a1137d61e8d30a76202bb1fef5f2f9288a4,3546729432085745463,17762301001292071140
gaussian,iid,W,1.0,4.0,24.0,128.0,0.0,0.0,0.92040944,16.0,0.51324462890625,5957293de8e7eccc1afbb081ea03bd1caa9640c10192d64bea7982e34b51ec84,3546729432085745463,17762301001292071140
gaussian,iid,W,1.0,4.0,24.0,128.0,0.0,0.0,0.92167969,16.0,0.5132853190104166,8d5ba25b149cdf7d1ae1742569fc7f17a0965791672f58049e0b2caa9097ee1c,3546729432085745463,17762301001292071140
gaussian,iid,W,1.0,4.0,24.0,128.0,0.0,0.0,0.92333984,16.0,0.5136489868164062,5afed3baa2502a32e6b8e54119fa6a1cf44c7ee18580c41607d39861f3e950c6,3546729432085745463,17762301001292071140
gaussian,iid,W,1.0,4.0,24.0,128.0,0.0,0.0,0.92377578,16.0,0.513702392578125,84a135ee674a6b15c3398809242626ac76c138ac7f8c34b9cb6ded81eb9a9638,3546729432085745463,17762301001292071140
gaussian,iid,W,1.0,4.0,24.0,128.0,0.0,0.0,0.925,16.0,0.5231984456380209,e6fc02546d675e80e0a161cfffe688f9ad7aa53224821ac68c40325be50823b8,3546729432085745463,17762301001292071140
gaussian,iid,W,1.0,4.0,24.0,128.0,0.0,0.0,0.92832031,16.0,0.5553792317708334,19c5c141b726404b03d4cde734c5877eff5c47b6f74ead9f51fb5a084aef4ea4,3546729432085745463,17762301001292071140
gaussian,iid,W,1.0,4.0,24.0,128.0,0.0,0.0,0.9288253,16.0,0.5555216471354166,427bde87efcc230b9e8215c61f8e9445ba1fbb9c5f7a6fb1f5b8edc340f98586,3546729432085745463,17762301001292071140
gaussian,iid,W,1.0,4.0,24.0,128.0,0.0,0.0,0.92998047,16.0,0.5555013020833334,79fdd5e0ebb5340e7bf5c8b1831ec99b4096980f05d8988e831a08951c83653d,3546729432085745463,17762301001292071140
gaussian,iid,W,1.0,4.0,24.0,128.0,0.0,0.0,0.93387482,16.0,0.5553995768229166,e7b150c31c202acf4c1bf6fa375a0d2bef8cf753e9bc77bdb6f14581d13588a4,3546729432085745463,17762301001292071140
gaussian,iid,W,1.0,4.0,24.0,128.0,0.0,0.0,0.93496094,16.0,0.5555165608723959,15be6845895d3d0792a42a79c87bd132eec9313e041460451bb3329e9c7242d8,3546729432085745463,17762301001292071140
gaussian,iid,W,1.0,4.0,24.0,128.0,0.0,0.0,0.93555799,16.0,0.5555419921875,7bc4460656f59d2171236a022a9d052ebf8097edf92083c91b7b93f96877f102,3546729432085745463,17762301001292071140
gaussian,iid,W,1.0,4.0,24.0,128.0,0.0,0.0,0.90175781,17.0,0.1730244954427083,08ee132ae02287c5d438fedaabe9aedc17d317738120b649a16e62cb0bafc519,4307462544822316045,7679338600010314108
gaussian,iid,W,1.0,4.0,24.0,128.0,0.0,0.0,0.90189453,17.0,0.1730524698893229,b6fc4041bb7d7714eb3d9ac1187756c28b26324698c6f54a62a8492c7be6f712,4307462544822316045,7679338600010314108
gaussian,iid,W,1.0,4.0,24.0,128.0,0.0,0.0,0.90341797,17.0,0.1732152303059896,97358d5050d9ec42521ff1b7867219aaff4f43f03780982d89bb797157ee61c1,4307462544822316045,7679338600010314108
gaussian,iid,W,1.0,4.0,24.0,128.0,0.0,0.0,0.91535992,17.0,0.3558705647786458,2e4826398793770280904342ebddce1605dcac51030db31bd8cb373e4627d15d,4307462544822316045,7679338600010314108
gaussian,iid,W,1.0,4.0,24.0,128.0,0.0,0.0,0.91669922,17.0,0.4530181884765625,b0eeb86d1c583981016f1b3681befecce0af0f6d10884d29ec6033a0f7ea72e7,4307462544822316045,7679338600010314108
gaussian,iid,W,1.0,4.0,24.0,128.0,0.0,0.0,0.91704309,17.0,0.4529088338216145,4612fdcb6e2a03064b1af3052bb113423bdaba8bc56add5c7f1cd003f93f8bfe,4307462544822316045,7679338600010314108
gaussian,iid,W,1.0,4.0,24.0,128.0,0.0,0.0,0.91872626,17.0,0.4565404256184895,ba6496f35e6beb07ca716445b30d22f3927b648449376ef894a12321a0be1968,4307462544822316045,7679338600010314108
gaussian,iid,W,1.0,4.0,24.0,128.0,0.0,0.0,0.92001953,17.0,0.9571100870768228,319f477f463fd7a23bb4b8eae4e4e62fbf819170878094b3320e8eb82acec618,4307462544822316045,7679338600010314108
gaussian,iid,W,1.0,4.0,24.0,128.0,0.0,0.0,0.92040944,17.0,0.9571202596028646,104fdfe240505445c2b263a7304543e62618cdc9a6afbbce8cf81f8bddb41372,4307462544822316045,7679338600010314108
gaussian,iid,W,1.0,4.0,24.0,128.0,0.0,0.0,0.92167969,17.0,0.9570388793945312,4f8339ade06ffd50dc70cd837219a4cbbfb5d101c738d711c20db14786b62511,4307462544822316045,7679338600010314108
gaussian,iid,W,1.0,4.0,24.0,128.0,0.0,0.0,0.92333984,17.0,0.9573262532552084,8e7ec789e3ec2bcb35ccc3994fc66561d9bd5e15c8693df4cf3349edfec6134e,4307462544822316045,7679338600010314108
gaussian,iid,W,1.0,4.0,24.0,128.0,0.0,0.0,0.92377578,17.0,0.9573949178059896,238dc68e522ba75be4ccabb6ede4892a3e09b1a8d0870437294fca4928bbd282,4307462544822316045,7679338600010314108
gaussian,iid,W,1.0,4.0,24.0,128.0,0.0,0.0,0.925,17.0,0.7006072998046875,bb2f77c399e1c66c3b9bcb9c5de4bbaed367586fe27e66954e0fc47cda2ee53c,4307462544822316045,7679338600010314108
gaussian,iid,W,1.0,4.0,24.0,128.0,0.0,0.0,0.92832031,17.0,0.9577585856119792,22608ab221f19c3055c0fe92a6aa5df31f2866c9e1f01ad33f24705e664ce7b6,4307462544822316045,7679338600010314108
gaussian,iid,W,1.0,4.0,24.0,128.0,0.0,0.0,0.9288253,17.0,0.9592946370442708,bda8f92596bcbaa0fbb81c36a9414a6d27a8053cc3018e90a6a104aa1b540161,4307462544822316045,7679338600010314108
gaussian,iid,W,1.0,4.0,24.0,128.0,0.0,0.0,0.92998047,17.0,0.9593454996744792,70db15aabbea2b175f4e4dbe315575c38f226b0296c28fd712208d37a1ea6b9a,4307462544822316045,7679338600010314108
gaussian,iid,W,1.0,4.0,24.0,128.0,0.0,0.0,0.93387482,17.0,0.9609553019205728,f60df1827c01472f95b8dcd4de3a5b9de2ef5b56e4d4f1529b35699dfc59e72a,4307462544822316045,7679338600010314108
gaussian,iid,W,1.0,4.0,24.0,128.0,0.0,0.0,0.93496094,17.0,0.9608230590820312,0e238549a650e317266bb8eea70ba97713908feb9ed0327b0320628cc298a8d4,4307462544822316045,7679338600010314108
gaussian,iid,W,1.0,4.0,24.0,128.0,0.0,0.0,0.93555799,17.0,0.9608434041341146,88f92ac6e9d32e87cca7a6738f65551d293a01febcd06f964f306d746bdc530b,4307462544822316045,7679338600010314108
gaussian,iid,W,1.0,4.0,24.0,128.0,0.0,0.0,0.90175781,18.0,0.2226435343424479,058949eeab37e0a3cd88327131fef47f9bb15397eaa66d99b1061821ca6e43a8,10414073568486400832,17233682230309963014
gaussian,iid,W,1.0,4.0,24.0,128.0,0.0,0.0,0.90189453,18.0,0.2226715087890625,3c939cb89751f37b09dac9b5b528fe04e71c0daa1546d3b010ccbed2245f99ee,10414073568486400832,17233682230309963014
gaussian,iid,W,1.0,4.0,24.0,128.0,0.0,0.0,0.90341797,18.0,0.2230173746744791,fc6b1680b1d1a374e8e7cf9db013a7f511c2389ddfd51b3a20c13202e7475805,10414073568486400832,17233682230309963014
gaussian,iid,W,1.0,4.0,24.0,128.0,0.0,0.0,0.91535992,18.0,0.3914337158203125,1ae2d56a832f8e925cc5154ef2f48a8a7297c0aa338ee07bf0e9b5cd9da492a4,10414073568486400832,17233682230309963014
gaussian,iid,W,1.0,4.0,24.0,128.0,0.0,0.0,0.91669922,18.0,0.3903859456380208,47579e64af66fe634f5d36b90ef6ed22407122810a401c880b8b72b757335e04,10414073568486400832,17233682230309963014
gaussian,iid,W,1.0,4.0,24.0,128.0,0.0,0.0,0.91704309,18.0,0.3906173706054687,5b9ec1e13d1e24155eb84d4367b3bbafae9ee02810eb799ec78d36532c3b4ce8,10414073568486400832,17233682230309963014
gaussian,iid,W,1.0,4.0,24.0,128.0,0.0,0.0,0.91872626,18.0,0.3949508666992187,0af3c4832adde014e79a4c19d7ad6782dc210723bf1b18ed9bc26f33e449836f,10414073568486400832,17233682230309963014
gaussian,iid,W,1.0,4.0,24.0,128.0,0.0,0.0,0.92001953,18.0,0.3951644897460937,1f75a322eb32bda62271e14ec4701fea80c2c12cb74fa55e508c790310ef6e3b,10414073568486400832,17233682230309963014
gaussian,iid,W,1.0,4.0,24.0,128.0,0.0,0.0,0.92040944,18.0,0.7517242431640625,71e37d2cfbf293c7590f679ca40cfd9354eea9101b33f0f9e107b91705667e03,10414073568486400832,17233682230309963014
gaussian,iid,W,1.0,4.0,24.0,128.0,0.0,0.0,0.92167969,18.0,0.9488449096679688,d9ffd30dbe13ecb3c06240b69ee253a971c0e37c2657444fb4c1320cf919afcb,10414073568486400832,17233682230309963014
gaussian,iid,W,1.0,4.0,24.0,128.0,0.0,0.0,0.92333984,18.0,0.9488016764322916,f44e91e7d57637293f72b9d8537b6c2732064397fed32dd1ac0894df979fc919,10414073568486400832,17233682230309963014
gaussian,iid,W,1.0,4.0,24.0,128.0,0.0,0.0,0.92377578,18.0,0.9488347371419272,110bd91a07c837b2a1885e6d2e3785dc387b50e5d15414f280fb3fca20991a89,10414073568486400832,17233682230309963014
gaussian,iid,W,1.0,4.0,24.0,128.0,0.0,0.0,0.925,18.0,0.9489186604817708,82890f72613505d71be0573512477f7e40131bea97f1ccc3e65dde5d476ce6b8,10414073568486400832,17233682230309963014
gaussian,iid,W,1.0,4.0,24.0,128.0,0.0,0.0,0.92832031,18.0,0.9564412434895834,8341a83e02974351490ded296651b3aa4c02c59a37e6fab202eb316c1d388010,10414073568486400832,17233682230309963014
gaussian,iid,W,1.0,4.0,24.0,128.0,0.0,0.0,0.9288253,18.0,0.9564717610677084,e317ee958c2d63a3819e18c4fdb9810f88b8a7fadb23f4cbcf83c824abfd472d,10414073568486400832,17233682230309963014
gaussian,iid,W,1.0,4.0,24.0,128.0,0.0,0.0,0.92998047,18.0,0.9564234415690104,ef34e7d3bc34cb44c284b3fd6d7b9c0571e63201758b518d97d7d5ac78d8ed6e,10414073568486400832,17233682230309963014
gaussian,iid,W,1.0,4.0,24.0,128.0,0.0,0.0,0.93387482,18.0,0.9571940104166666,cef7b188c029833d03253071f6f5ceda05e5c5967721b89e38e90fec352cedb7,10414073568486400832,17233682230309963014
gaussian,iid,W,1.0,4.0,24.0,128.0,0.0,0.0,0.93496094,18.0,0.9572118123372396,1d4efabe4f60e4ecae1ab7af1dc3eab0e80877b9d90e531c8c87e057e84d26c8,10414073568486400832,17233682230309963014
gaussian,iid,W,1.0,4.0,24.0,128.0,0.0,0.0,0.93555799,18.0,0.9580510457356772,54c451916d52b36da95f9c84c05e9a85cb112fa8014d1d95fee2482493c4dbae,10414073568486400832,17233682230309963014
gaussian,iid,W,1.0,4.0,24.0,128.0,0.0,0.0,0.90175781,19.0,0.1559397379557291,0c3c217a9f9ddceb0aff4b7584ccfa57c3e94e0069910a0be9472ad2d2274542,8579607727214714385,1387841833329167903
gaussian,iid,W,1.0,4.0,24.0,128.0,0.0,0.0,0.90189453,19.0,0.15594482421875,178e030037db910ba238ec6f5e6335b3498c4f0cf8a4c0ac1cc7a15181120e06,8579607727214714385,1387841833329167903
gaussian,iid,W,1.0,4.0,24.0,128.0,0.0,0.0,0.90341797,19.0,0.2177378336588541,b5ee3689b6ab02d93268b64b9d7fe973796ef7627b6685c079000c396490978a,8579607727214714385,1387841833329167903
gaussian,iid,W,1.0,4.0,24.0,128.0,0.0,0.0,0.91535992,19.0,0.2637608846028645,2f3d6512650cd5276f4ea4366dab78809b27480cc45a379904086dd8ce2c79d4,8579607727214714385,1387841833329167903
gaussian,iid,W,1.0,4.0,24.0,128.0,0.0,0.0,0.91669922,19.0,0.3721466064453125,ce8405d4b8a0c851bd17fcf49a428a262ab4ef7e8e6d2a2641be8612faf91d88,8579607727214714385,1387841833329167903
gaussian,iid,W,1.0,4.0,24.0,128.0,0.0,0.0,0.91704309,19.0,0.3723017374674479,09a4cf5ce56944a9368ac9d92191f3c7aee3925a50b6aab69e9f5f7723d1967b,8579607727214714385,1387841833329167903
gaussian,iid,W,1.0,4.0,24.0,128.0,0.0,0.0,0.91872626,19.0,0.4079538981119792,8158268b708c1696f7b83725da365c02b282bf4c4b87647391a837b2e27314e3,8579607727214714385,1387841833329167903
gaussian,iid,W,1.0,4.0,24.0,128.0,0.0,0.0,0.92001953,19.0,0.6113866170247396,2778bae77ae4a33a5051c97aace835a41e04a9644e8c6fa990ce534e99ad4874,8579607727214714385,1387841833329167903
gaussian,iid,W,1.0,4.0,24.0,128.0,0.0,0.0,0.92040944,19.0,0.611419677734375,862d489b840525922124f4bb33a8b47e65675c8fcfbf53a9c8b1b8309913b966,8579607727214714385,1387841833329167903
gaussian,iid,W,1.0,4.0,24.0,128.0,0.0,0.0,0.92167969,19.0,0.6115824381510416,1460a48f767f0ef5453f188a8ae25a8f2acc72b51c7b090bf6f9b8f6bdda6d73,8579607727214714385,1387841833329167903
gaussian,iid,W,1.0,4.0,24.0,128.0,0.0,0.0,0.92333984,19.0,0.6157709757486979,60b5212edc91f67f7f0df76f86b60dc85aef7ff5d3b3b16061aa66634942c64f,8579607727214714385,1387841833329167903
gaussian,iid,W,1.0,4.0,24.0,128.0,0.0,0.0,0.92377578,19.0,0.6157379150390625,a81e548930cfd3dea55f242aa071776c02e77027645efbe0e7b7ef368a9699a0,8579607727214714385,1387841833329167903
gaussian,iid,W,1.0,4.0,24.0,128.0,0.0,0.0,0.925,19.0,0.6157989501953125,53f2ac9487bd8ba7f27327825975e85b16c45e328270802f240625881756ef43,8579607727214714385,1387841833329167903
gaussian,iid,W,1.0,4.0,24.0,128.0,0.0,0.0,0.92832031,19.0,0.9581832885742188,78e2837208ffebab05e3fb4ee42a9bf628f3c404fb57847647ff1594c254f433,8579607727214714385,1387841833329167903
gaussian,iid,W,1.0,4.0,24.0,128.0,0.0,0.0,0.9288253,19.0,0.9582112630208334,8793962e208707d9334ca478fc34a848f7ea4935773c6685ad3480c7913d6bb2,8579607727214714385,1387841833329167903
gaussian,iid,W,1.0,4.0,24.0,128.0,0.0,0.0,0.92998047,19.0,0.9582850138346354,0df014cc740e22df224f8a4b12c14798d35443b4ddc15f01c6902d256dc37a4c,8579607727214714385,1387841833329167903
gaussian,iid,W,1.0,4.0,24.0,128.0,0.0,0.0,0.93387482,19.0,0.9592005411783854,208cdabb6edaa0a59aa871a06dc1bff395998167954324d690342380d2659059,8579607727214714385,1387841833329167903
gaussian,iid,W,1.0,4.0,24.0,128.0,0.0,0.0,0.93496094,19.0,0.959253946940104,c161c6d3373b35b29b02a4cc78395a509a57b237cfa39e52a16724fefc767b6e,8579607727214714385,1387841833329167903
gaussian,iid,W,1.0,4.0,24.0,128.0,0.0,0.0,0.93555799,19.0,0.9593353271484376,126412d4ad2af11b6a6f81457d79ab0dc57e0757fbb863b4a80b35cd73383539,8579607727214714385,1387841833329167903
gaussian,iid,W,1.0,4.0,24.0,128.0,0.0,0.0,0.90175781,20.0,0.20062255859375,c79f1c7d902014ca764bb740ab8d99165faae4f802d1eb4666631a1f18b7de71,10542371518233934249,3880374185914179630
gaussian,iid,W,1.0,4.0,24.0,128.0,0.0,0.0,0.90189453,20.0,0.2006276448567708,f74b6f17d7090bd9715cc36d5444253e19d89443deec7d95bc94d2a5b7b9290a,10542371518233934249,3880374185914179630
gaussian,iid,W,1.0,4.0,24.0,128.0,0.0,0.0,0.90341797,20.0,0.2007649739583333,39efe038fae5e1c5d335d3e1e7d4c29e2f33a2b5d4b629e326d1289898ee6f36,10542371518233934249,3880374185914179630
gaussian,iid,W,1.0,4.0,24.0,128.0,0.0,0.0,0.91535992,20.0,0.6119766235351562,743c0a3060862e140f777ef26a73c4aae10202005d07357e3128b56676f41ce9,10542371518233934249,3880374185914179630
gaussian,iid,W,1.0,4.0,24.0,128.0,0.0,0.0,0.91669922,20.0,0.6119155883789062,f602eefa04982c00ddcfe6f615a122ac5db44723b563f3dfba10dcf0241adb1f,10542371518233934249,3880374185914179630
gaussian,iid,W,1.0,4.0,24.0,128.0,0.0,0.0,0.91704309,20.0,0.6119893391927084,69a0696a6a050f77d7f38fe832ed093b1c16c26e0f9887d93cb1f4df37cb8377,10542371518233934249,3880374185914179630
gaussian,iid,W,1.0,4.0,24.0,128.0,0.0,0.0,0.91872626,20.0,0.3737843831380208,97641c322d7a26eb81d6efad56fdafc8babbf78e881fae1aaa0773edcba3923f,10542371518233934249,3880374185914179630
gaussian,iid,W,1.0,4.0,24.0,128.0,0.0,0.0,0.92001953,20.0,0.3587926228841145,ebe7dc845ac2439499816ad2cb859284c15286eedcb4584b5ab3e103d4307356,10542371518233934249,3880374185914179630
gaussian,iid,W,1.0,4.0,24.0,128.0,0.0,0.0,0.92040944,20.0,0.3589960734049479,9ea29501d856d00d76c35fd07d36c08a332cf27b1cb7534ff0d7c269ad206999,10542371518233934249,3880374185914179630
gaussian,iid,W,1.0,4.0,24.0,128.0,0.0,0.0,0.92167969,20.0,0.3590799967447917,a1cbaeb4aa6825537a85fb221f828975c9175087cf10be961146475721ad9d5d,10542371518233934249,3880374185914179630
gaussian,iid,W,1.0,4.0,24.0,128.0,0.0,0.0,0.92333984,20.0,0.3586273193359375,84318b6c6dbbaefc4b0a73e7a9b14cfe27d18dc03a6698047aea552453183f3d,10542371518233934249,3880374185914179630
gaussian,iid,W,1.0,4.0,24.0,128.0,0.0,0.0,0.92377578,20.0,0.5961812337239584,ceb37a673a8dcc232be2b8ebb6eb5226c2aab69a42be6caf212e2c094de8388c,10542371518233934249,3880374185914179630
gaussian,iid,W,1.0,4.0,24.0,128.0,0.0,0.0,0.925,20.0,0.5966466267903646,40d56fbe56883eb19afd40762f4696af4615cf31ff08a4bda29ee5eb05c785d5,10542371518233934249,3880374185914179630
gaussian,iid,W,1.0,4.0,24.0,128.0,0.0,0.0,0.92832031,20.0,0.9393742879231772,72c34343161ba6233cb517c60a0d6c5aa2d4260ab91f174ec74bcd90f280fa8c,10542371518233934249,3880374185914179630
gaussian,iid,W,1.0,4.0,24.0,128.0,0.0,0.0,0.9288253,20.0,0.9393539428710938,b943e97789c748e3ad9bb78e0104e72e41fdeca78d33105c4e0571f4fdad3a5a,10542371518233934249,3880374185914179630
gaussian,iid,W,1.0,4.0,24.0,128.0,0.0,0.0,0.92998047,20.0,0.9401041666666666,de14d51d3a1bbc0134c65f8ffee50f602abdc765f17390607178c391c9e93e9b,10542371518233934249,3880374185914179630
gaussian,iid,W,1.0,4.0,24.0,128.0,0.0,0.0,0.93387482,20.0,0.9579696655273438,f748f2fa16221cf07e752c35a4120552943e731e558df142c079fadc54e84aee,10542371518233934249,3880374185914179630
gaussian,iid,W,1.0,4.0,24.0,128.0,0.0,0.0,0.93496094,20.0,0.9581578572591146,46a21968f918999d96aa5f16ae27d920332bc72f29d20d7e0332c818479c787c,10542371518233934249,3880374185914179630
gaussian,iid,W,1.0,4.0,24.0,128.0,0.0,0.0,0.93555799,20.0,0.9582316080729166,05ee8a1d72027b3249ca0799ea69687d10d7badc0473220fa6c310f5c8f2d516,10542371518233934249,3880374185914179630
gaussian,iid,W,1.0,4.0,24.0,128.0,0.0,0.0,0.90175781,21.0,0.1178563435872395,2e49a271f075c7f16f082a2caf33182df1fb868e48e83140c04ff1439e8d768b,12084780042367075371,10257922249478467434
gaussian,iid,W,1.0,4.0,24.0,128.0,0.0,0.0,0.90189453,21.0,0.1178639729817708,99550392cebb69c06357ad4273a2acd84366f73229eb1106d0690ed622e4a78e,12084780042367075371,10257922249478467434
gaussian,iid,W,1.0,4.0,24.0,128.0,0.0,0.0,0.90341797,21.0,0.1169942220052083,52f9a6ee6d53f250b10c16b18a874279788ea0f3ebc26918b51d4026fcc7414c,12084780042367075371,10257922249478467434
gaussian,iid,W,1.0,4.0,24.0,128.0,0.0,0.0,0.91535992,21.0,0.3250198364257812,e34309b02626c76dcd2182eea60b110be6507c9d8f43f1220eef5deea01ca689,12084780042367075371,10257922249478467434
gaussian,iid,W,1.0,4.0,24.0,128.0,0.0,0.0,0.91669922,21.0,0.5581843058268229,c88fa0722d0d9c6e9aa4b06c7e0a4b089bca50c6e57636a0688062fe48130ce9,12084780042367075371,10257922249478467434
gaussian,iid,W,1.0,4.0,24.0,128.0,0.0,0.0,0.91704309,21.0,0.558197021484375,2d6e4058295a63fb1409ef5af09a38ee7917ba993d22321816ef407fa28aa1ff,12084780042367075371,10257922249478467434
gaussian,iid,W,1.0,4.0,24.0,128.0,0.0,0.0,0.91872626,21.0,0.7129135131835938,af446f790862c52a3e71b32e7afd522afc58ed3fe7c5769265907cdccff3c796,12084780042367075371,10257922249478467434
gaussian,iid,W,1.0,4.0,24.0,128.0,0.0,0.0,0.92001953,21.0,0.7128957112630209,b89a0ae2faf05c3e1ae8b04064dbc73f5aa4a6cba78650d3159cd06b042b4722,12084780042367075371,10257922249478467434
gaussian,iid,W,1.0,4.0,24.0,128.0,0.0,0.0,0.92040944,21.0,0.7129007975260416,b2a43c45ee98fac77a41efa29d09d824e115ccea0993f148f2596f5ca41300a7,12084780042367075371,10257922249478467434
gaussian,iid,W,1.0,4.0,24.0,128.0,0.0,0.0,0.92167969,21.0,0.8639958699544271,b92e331f87c29af7c3e19d5e9cb729dd59cb991e81273d47dba00fc2ea973f69,12084780042367075371,10257922249478467434
gaussian,iid,W,1.0,4.0,24.0,128.0,0.0,0.0,0.92333984,21.0,0.8641586303710938,349822bc46e50e7a73d2a8e6d347b38e3e0ee28cb9315a34ae8eec935f3f604a,12084780042367075371,10257922249478467434
gaussian,iid,W,1.0,4.0,24.0,128.0,0.0,0.0,0.92377578,21.0,0.8642018636067709,1bbc8dcdf93dac552bcc8a46abb364a68cc9d0c920470fe6e87c515af6b34d7c,12084780042367075371,10257922249478467434
gaussian,iid,W,1.0,4.0,24.0,128.0,0.0,0.0,0.925,21.0,0.8648122151692709,ab9f9dcb8b9481bc961f429b4b48bc36813564f9e5f8f36b46c96a006f1a5b22,12084780042367075371,10257922249478467434
gaussian,iid,W,1.0,4.0,24.0,128.0,0.0,0.0,0.92832031,21.0,0.8650538126627604,6e42e040af7bbd3120464eaab74c15cb31e82fbf3cfb482c6dcbd1881acdcb36,12084780042367075371,10257922249478467434
gaussian,iid,W,1.0,4.0,24.0,128.0,0.0,0.0,0.9288253,21.0,0.8650665283203125,2c0b8adc400d61275cfcdd495f768760f20061dafc1880efec0dc93ec9b956c6,12084780042367075371,10257922249478467434
gaussian,iid,W,1.0,4.0,24.0,128.0,0.0,0.0,0.92998047,21.0,0.8651682535807291,23af84125036b5c4907ad6964ef63b5f5b5ea41576049feba754c3a3195d148e,12084780042367075371,10257922249478467434
gaussian,iid,W,1.0,4.0,24.0,128.0,0.0,0.0,0.93387482,21.0,0.935577392578125,e274abe6fc428a5a7e5f406cea207e7f8c27c35876a19de999db0556d5e391c2,12084780042367075371,10257922249478467434
gaussian,iid,W,1.0,4.0,24.0,128.0,0.0,0.0,0.93496094,21.0,0.9368693033854166,42841f9a9cea9171e21eef9aea4debe122c9b2b9a601700798917ded22bb12f6,12084780042367075371,10257922249478467434
gaussian,iid,W,1.0,4.0,24.0,128.0,0.0,0.0,0.93555799,21.0,0.936937967936198,9b3faa5610d1cd10646b1e8a2c7d5a5ce9832a5751c68843f9dcaa2e9a95fe43,12084780042367075371,10257922249478467434
gaussian,iid,W,1.0,4.0,24.0,128.0,0.0,0.0,0.90175781,22.0,0.3321253458658854,f5f7d2f8bc747f151478f9a41488e867f6471b3f17d4c8088b91f75084752af8,7183101736577225304,10112808967275369977
gaussian,iid,W,1.0,4.0,24.0,128.0,0.0,0.0,0.90189453,22.0,0.332122802734375,4bfba81ae7406df094abcb5fac58564cad198cee0cc5833c2ec13601800b6667,7183101736577225304,10112808967275369977
gaussian,iid,W,1.0,4.0,24.0,128.0,0.0,0.0,0.90341797,22.0,0.3320159912109375,d82ef85541f873265a98ea9dea3a1d8cda78ba6de7123ceecc7113f2c8973cc3,7183101736577225304,10112808967275369977
gaussian,iid,W,1.0,4.0,24.0,128.0,0.0,0.0,0.91535992,22.0,0.3333740234375,7bd7d1d7ddf9a2754f7bd72065b7ada289705c6ba1c44cd69a49464efff41185,7183101736577225304,10112808967275369977
gaussian,iid,W,1.0,4.0,24.0,128.0,0.0,0.0,0.91669922,22.0,0.3526357014973958,550231aaf1bd11408db7be8d0d2e70fa8d49f9e115e04ac63576e5f1b49378c0,7183101736577225304,10112808967275369977
gaussian,iid,W,1.0,4.0,24.0,128.0,0.0,0.0,0.91704309,22.0,0.3327382405598958,6cdcd612d59246e242dedf9dc8531a5cb48a5f8d6c063819f26c7088a50bf353,7183101736577225304,10112808967275369977
gaussian,iid,W,1.0,4.0,24.0,128.0,0.0,0.0,0.91872626,22.0,0.3488489786783854,62a436b1a41435e53d06fd28bd0661336ae620917887fe6663a3c184f2d266ad,7183101736577225304,10112808967275369977
gaussian,iid,W,1.0,4.0,24.0,128.0,0.0,0.0,0.92001953,22.0,0.3493194580078125,5a995a16ffea3754fee3a4c6c997e5db842198bf646546341c6cb9be6614ffa4,7183101736577225304,10112808967275369977
gaussian,iid,W,1.0,4.0,24.0,128.0,0.0,0.0,0.92040944,22.0,0.5855178833007812,dc9dd71fa854c74f2016309858cb884ee62ddf10a67d00a84594330b54f46b40,7183101736577225304,10112808967275369977
gaussian,iid,W,1.0,4.0,24.0,128.0,0.0,0.0,0.92167969,22.0,0.5862960815429688,75faeee2a1d9498106de6bd375ad2aa35fdd9f93313428d215972550c6b09417,7183101736577225304,10112808967275369977
gaussian,iid,W,1.0,4.0,24.0,128.0,0.0,0.0,0.92333984,22.0,0.9564895629882812,1d3d487c99cf2c87c28557ec7f2ef037e0a4793ce3809d4fa6226dd368400104,7183101736577225304,10112808967275369977
gaussian,iid,W,1.0,4.0,24.0,128.0,0.0,0.0,0.92377578,22.0,0.956517537434896,332300684e5ce7cc7fe744c3558a0d957eb2a551e544683fdae14f864b7d24e2,7183101736577225304,10112808967275369977
gaussian,iid,W,1.0,4.0,24.0,128.0,0.0,0.0,0.925,22.0,0.9564895629882812,f9994566b1e72fc84698bab3ee93e943e3f498d0f4aa146887f4f6a45478a80b,7183101736577225304,10112808967275369977
gaussian,iid,W,1.0,4.0,24.0,128.0,0.0,0.0,0.92832031,22.0,0.9566141764322916,e39de159dff4f4a89d71ceb84b89439660d79741841389732a23fec8a6986e90,7183101736577225304,10112808967275369977
gaussian,iid,W,1.0,4.0,24.0,128.0,0.0,0.0,0.9288253,22.0,0.956639607747396,52d3e6c13967f5d53900a27388fbdee70e4fd981cfb16d66d0e2a47f51519c83,7183101736577225304,10112808967275369977
gaussian,iid,W,1.0,4.0,24.0,128.0,0.0,0.0,0.92998047,22.0,0.9566446940104166,557422452729e9754cd97a90e7376bea415d327765b22467328e65b950ea3790,7183101736577225304,10112808967275369977
gaussian,iid,W,1.0,4.0,24.0,128.0,0.0,0.0,0.93387482,22.0,0.6609319051106771,c65a33de3006f9bf7e7ed2eee9ce4f7d9f85a90321e6a075b89a1966fb79740a,7183101736577225304,10112808967275369977
gaussian,iid,W,1.0,4.0,24.0,128.0,0.0,0.0,0.93496094,22.0,0.6609547932942709,2080c74eaf76e95a991b63e5e27dc705556ae2e8196743b29fdcf5b0b0680dcc,7183101736577225304,10112808967275369977
gaussian,iid,W,1.0,4.0,24.0,128.0,0.0,0.0,0.93555799,22.0,0.6614913940429688,062b4de056509f20ef1ded4e111cbb9e52d3f63d8207167e767f9a2f86646ecb,7183101736577225304,10112808967275369977
gaussian,iid,W,1.0,4.0,24.0,128.0,0.0,0.0,0.90175781,23.0,0.5355173746744791,1418dc017f0d48384c62ddf36e356b808e6b6a2bb9217915e3a0d00b789f97cf,13947642338197228747,14164163013581535821
gaussian,iid,W,1.0,4.0,24.0,128.0,0.0,0.0,0.90189453,23.0,0.5355784098307291,d9b12a8b644d5a218f3cbcb5828e58260a0cad0670bd7c085e75a17fe3f2b2be,13947642338197228747,14164163013581535821
gaussian,iid,W,1.0,4.0,24.0,128.0,0.0,0.0,0.90341797,23.0,0.5354665120442709,32108b5412853f20f35f771672c48c18645dbb3548c07a1a5555584e528558ab,13947642338197228747,14164163013581535821
gaussian,iid,W,1.0,4.0,24.0,128.0,0.0,0.0,0.91535992,23.0,0.6670888264973959,5714e7cb5e86c322efc0d6c45f22e255697fe0c70155316669fd299f45abd5bc,13947642338197228747,14164163013581535821
gaussian,iid,W,1.0,4.0,24.0,128.0,0.0,0.0,0.91669922,23.0,0.6620559692382812,23e7c2a7dd8e1dd51b163702741faeba254acbdb08b812a743f55920cb7cf2c9,13947642338197228747,14164163013581535821
gaussian,iid,W,1.0,4.0,24.0,128.0,0.0,0.0,0.91704309,23.0,0.6620712280273438,b7b2708e4286f8366e14d70cc57e2588b781e156ebe1322b5d2dfe6288b3b301,13947642338197228747,14164163013581535821
gaussian,iid,W,1.0,4.0,24.0,128.0,0.0,0.0,0.91872626,23.0,0.663818359375,8c3411f95fcb987be775867da5b3ca27da777d3b211f61e08eb60d1989e54e84,13947642338197228747,14164163013581535821
gaussian,iid,W,1.0,4.0,24.0,128.0,0.0,0.0,0.92001953,23.0,0.66375732421875,d0f631f59beb831262195fef5a42b57188c1fc1cbd0964bd10ae497f2ceaf34f,13947642338197228747,14164163013581535821
gaussian,iid,W,1.0,4.0,24.0,128.0,0.0,0.0,0.92040944,23.0,0.6638336181640625,0316f1d0c4ab0479c49bd18c769290a064c76e96e5a57a43131302bd3f4532b3,13947642338197228747,14164163013581535821
gaussian,iid,W,1.0,4.0,24.0,128.0,0.0,0.0,0.92167969,23.0,0.66400146484375,8545eb3f78d61ec71e5c78e14ed6cda9aa6e0e2280f2944ffef35cab422843f8,13947642338197228747,14164163013581535821
gaussian,iid,W,1.0,4.0,24.0,128.0,0.0,0.0,0.92333984,23.0,0.6640497843424479,e6288c382807b70d1eb9ef30c6b6149b7a7e059e373e04de9fb6dc20dfc17963,13947642338197228747,14164163013581535821
gaussian,iid,W,1.0,4.0,24.0,128.0,0.0,0.0,0.92377578,23.0,0.6640701293945312,96f30bbed2095a9b70d4bf39f5ac7fc4180ebe27377d6322d24335584d95b932,13947642338197228747,14164163013581535821
gaussian,iid,W,1.0,4.0,24.0,128.0,0.0,0.0,0.925,23.0,0.6644388834635416,fd17939aeb86c6c87ccb58b050076946397c8d6b5666d524ea2086474d003ffd,13947642338197228747,14164163013581535821
gaussian,iid,W,1.0,4.0,24.0,128.0,0.0,0.0,0.92832031,23.0,0.9577356974283854,cb941f556e3bb367ece19f564aa8e9ffefe65d7b9014c986218109870d8f1afd,13947642338197228747,14164163013581535821
gaussian,iid,W,1.0,4.0,24.0,128.0,0.0,0.0,0.9288253,23.0,0.9578450520833334,8f0030d59fab9835799e713e3e3a2dd35d2027ffa6fd31b1b385287f3ed02f2a,13947642338197228747,14164163013581535821
gaussian,iid,W,1.0,4.0,24.0,128.0,0.0,0.0,0.92998047,23.0,0.9580459594726562,d94eed5f67164f42f58f17fbacdb897855874a8f485a5755491412b4075385fc,13947642338197228747,14164163013581535821
gaussian,iid,W,1.0,4.0,24.0,128.0,0.0,0.0,0.93387482,23.0,0.957715352376302,cd50d734245524ce4e2a68f1d8ee79f75ef6f67221007d56236a259a2dae8c2d,13947642338197228747,14164163013581535821
gaussian,iid,W,1.0,4.0,24.0,128.0,0.0,0.0,0.93496094,23.0,0.9576848347981772,81a8715bcdb53cd7afa1838ff095696acb8a06062f8dc29346dcd645100df2df,13947642338197228747,14164163013581535821
gaussian,iid,W,1.0,4.0,24.0,128.0,0.0,0.0,0.93555799,23.0,0.9577484130859376,99143dddb79a1495edd6ea0943847feb61ba402ef7d18cab914f5a50b9d35f7f,13947642338197228747,14164163013581535821
gaussian,iid,W,1.0,4.0,24.0,128.0,0.0,0.0,0.90175781,24.0,0.166412353515625,0bfc74019eab895efa4b7a3fde4067d61be48de87fa744003e490c3d352741bb,8770273835086573580,17637384354757550920
gaussian,iid,W,1.0,4.0,24.0,128.0,0.0,0.0,0.90189453,24.0,0.16644287109375,6a1cc69c36bd06b87a99acad797c876f84cda8a9a16790afc7cf07f8e6a5c9e1,8770273835086573580,17637384354757550920
gaussian,iid,W,1.0,4.0,24.0,128.0,0.0,0.0,0.90341797,24.0,0.1675262451171875,949e10e298f5fa1ec2cb528148f2fc86706794810ee3f0830b53b07ad47fd47a,8770273835086573580,17637384354757550920
gaussian,iid,W,1.0,4.0,24.0,128.0,0.0,0.0,0.91535992,24.0,0.7518259684244791,04c605692d3eb811113fe28f7d7b49935b2df709c13eddff5f870d48c90c23ba,8770273835086573580,17637384354757550920
gaussian,iid,W,1.0,4.0,24.0,128.0,0.0,0.0,0.91669922,24.0,0.7846145629882812,1309567a606023d1bb5c393c7c22ce2e7a1c7375ccd33a9859f0986b58234dc9,8770273835086573580,17637384354757550920
gaussian,iid,W,1.0,4.0,24.0,128.0,0.0,0.0,0.91704309,24.0,0.9296544392903646,98a4f746d40766d18b888093c2276443b20c48bfe4b5d8c9eb10148c23ff2525,8770273835086573580,17637384354757550920
gaussian,iid,W,1.0,4.0,24.0,128.0,0.0,0.0,0.91872626,24.0,0.9296544392903646,62e211c58c6f49b877b1fd3c09ac6ad235bb8f50d55b52582b043c436387b661,8770273835086573580,17637384354757550920
gaussian,iid,W,1.0,4.0,24.0,128.0,0.0,0.0,0.92001953,24.0,0.9294230143229166,04712a521c93a4a0212c340afc22b9b773dc7d1f4ddee882f5595917ce799fc7,8770273835086573580,17637384354757550920
gaussian,iid,W,1.0,4.0,24.0,128.0,0.0,0.0,0.92040944,24.0,0.929430643717448,18c2c5ac41cc3cf0c811682ba3bab595a06511952fbe2a249b7a08454f919c48,8770273835086573580,17637384354757550920
gaussian,iid,W,1.0,4.0,24.0,128.0,0.0,0.0,0.92167969,24.0,0.9344940185546876,1d1d99b46fccbd729a605cd68bbfd4739149d9390b4072f94756c24ef3660912,8770273835086573580,17637384354757550920
gaussian,iid,W,1.0,4.0,24.0,128.0,0.0,0.0,0.92333984,24.0,0.7147115071614584,2c6a8caa652b92d39ad4d6375eebbf0b3ba77d65f7f3d74bb84c201faa3a2e8c,8770273835086573580,17637384354757550920
gaussian,iid,W,1.0,4.0,24.0,128.0,0.0,0.0,0.92377578,24.0,0.7335027058919271,55100e7a24f3f14e6369e62fcdeea0c9347101aeea72af7141d704596dcf369d,8770273835086573580,17637384354757550920
gaussian,iid,W,1.0,4.0,24.0,128.0,0.0,0.0,0.925,24.0,0.7346649169921875,6e5c52014939179ffad61306759094f55a92e1410e70d8d89b65dba5b1d6fbbe,8770273835086573580,17637384354757550920
gaussian,iid,W,1.0,4.0,24.0,128.0,0.0,0.0,0.92832031,24.0,0.9555587768554688,e0aa47d357c1abc912042d590f30ee167e6ecc96cdf1017ff0671f4b32f54854,8770273835086573580,17637384354757550920
gaussian,iid,W,1.0,4.0,24.0,128.0,0.0,0.0,0.9288253,24.0,0.95538330078125,85846e4e3c12597a83ba55118b9a696598e6e7447f02533fe9bce769a5e95b87,8770273835086573580,17637384354757550920
gaussian,iid,W,1.0,4.0,24.0,128.0,0.0,0.0,0.92998047,24.0,0.9556096394856772,7e280ba42617c0d4f1d0af1b0a8b96c9368d4bc0c0cac3e7f817abc23b01dfaa,8770273835086573580,17637384354757550920
gaussian,iid,W,1.0,4.0,24.0,128.0,0.0,0.0,0.93387482,24.0,0.9559529622395834,b14ad66376454449be5f783664e27af59466ab7790ce0a294f18b252ddf46c7e,8770273835086573580,17637384354757550920
gaussian,iid,W,1.0,4.0,24.0,128.0,0.0,0.0,0.93496094,24.0,0.9561233520507812,1b88245556f6e3c634c5267c9bf12f28c2c87b2d5b1787fbe5771f19777c4b99,8770273835086573580,17637384354757550920
gaussian,iid,W,1.0,4.0,24.0,128.0,0.0,0.0,0.93555799,24.0,0.9562301635742188,30271a14257fa4f78e67d764d4afd7b5a984e79bf7a3b81a1e513d7f83e5199b,8770273835086573580,17637384354757550920
gaussian,iid,W,1.0,4.0,24.0,128.0,0.0,0.0,0.90175781,25.0,0.20404052734375,178b0849002d5339bc1b92138f9158552b859db5dad8a87ceb2a857bd545bac3,10434624344870528414,2304729988212104000
gaussian,iid,W,1.0,4.0,24.0,128.0,0.0,0.0,0.90189453,25.0,0.327789306640625,991462aaee4235973ae1de8dc7e5595879abe69e5cae31f5ba4a85070264557f,10434624344870528414,2304729988212104000
gaussian,iid,W,1.0,4.0,24.0,128.0,0.0,0.0,0.90341797,25.0,0.3268330891927083,884abdf88f0c0e2ef373fae2c249faa90dc9be5cfb64de45408fe54facb939eb,10434624344870528414,2304729988212104000
gaussian,iid,W,1.0,4.0,24.0,128.0,0.0,0.0,0.91535992,25.0,0.5506795247395834,5a3cf68908cf6feeb32cdc2b96840e6d519345a65129efc22f3ce10a8203a522,10434624344870528414,2304729988212104000
gaussian,iid,W,1.0,4.0,24.0,128.0,0.0,0.0,0.91669922,25.0,0.5398178100585938,f55846354e8fa190f007511ec03f583424db60eccab0e9e9cbab5119e95ea4cb,10434624344870528414,2304729988212104000
gaussian,iid,W,1.0,4.0,24.0,128.0,0.0,0.0,0.91704309,25.0,0.5398406982421875,71572c0507e2fe50c9cc6c8a2dd339069188ed5f187036efe2f18d2a4beca8d6,10434624344870528414,2304729988212104000
gaussian,iid,W,1.0,4.0,24.0,128.0,0.0,0.0,0.91872626,25.0,0.5413004557291666,a21e68f46d8624706a2edae589accfbdb6a5308ba1c8fde04ab26b8ce26b81bb,10434624344870528414,2304729988212104000
gaussian,iid,W,1.0,4.0,24.0,128.0,0.0,0.0,0.92001953,25.0,0.5424067179361979,9c2d43c8eafd3243b00d0376074f0a5b94d42285f046f1e8dd479083620135a3,10434624344870528414,2304729988212104000
gaussian,iid,W,1.0,4.0,24.0,128.0,0.0,0.0,0.92040944,25.0,0.54241943359375,c7824188cb964f887333668733636389f8b16c414029497ccb7e25049ae4ffa4,10434624344870528414,2304729988212104000
gaussian,iid,W,1.0,4.0,24.0,128.0,0.0,0.0,0.92167969,25.0,0.5419031778971354,a7636bdbb203ffca64ac805da862a5876ddf8a50a55b7fabf66bfb96b472a689,10434624344870528414,2304729988212104000
gaussian,iid,W,1.0,4.0,24.0,128.0,0.0,0.0,0.92333984,25.0,0.5407129923502604,b1a4d97b414004c28d7b9b5c359de512d841d3700ccd5ae4ef95e03721bccbba,10434624344870528414,2304729988212104000
gaussian,iid,W,1.0,4.0,24.0,128.0,0.0,0.0,0.92377578,25.0,0.5409418741861979,49760f5c1d530ca609a57086cfe89f097315ddb43e3f73db503b4b1606b03fc2,10434624344870528414,2304729988212104000
gaussian,iid,W,1.0,4.0,24.0,128.0,0.0,0.0,0.925,25.0,0.5424474080403646,4ef35f0dae4118a4f213f38b49131b743f53ef71236a60796db621ec2a277405,10434624344870528414,2304729988212104000
gaussian,iid,W,1.0,4.0,24.0,128.0,0.0,0.0,0.92832031,25.0,0.5459086100260416,9463f1aab5d611172860f7588febd9a84a631108e3b9829d119657f3879d3ca7,10434624344870528414,2304729988212104000
gaussian,iid,W,1.0,4.0,24.0,128.0,0.0,0.0,0.9288253,25.0,0.5628560384114584,55dc322634b2bdbe6714c2a54eb5f0c922fe2affbf2ff82a4ed4ac6b9c76e282,10434624344870528414,2304729988212104000
gaussian,iid,W,1.0,4.0,24.0,128.0,0.0,0.0,0.92998047,25.0,0.5638300577799479,eff2c24cd3f77f376ebc444c7b5f48a4336b19b1ec5b13ab347ee3442505777e,10434624344870528414,2304729988212104000
gaussian,iid,W,1.0,4.0,24.0,128.0,0.0,0.0,0.93387482,25.0,0.5710372924804688,b604e4a30e8b57256a8b148f9f59dd3c4761212f54d6050fcf612e0c23142142,10434624344870528414,2304729988212104000
gaussian,iid,W,1.0,4.0,24.0,128.0,0.0,0.0,0.93496094,25.0,0.5711873372395834,3f0bce1135c3f0f69d5f4f3e14ae4cbf713e28c4a11e8affd4dc2d16119eaae2,10434624344870528414,2304729988212104000
gaussian,iid,W,1.0,4.0,24.0,128.0,0.0,0.0,0.93555799,25.0,0.571319580078125,bad7427a01db4d9eac6e09543f1a32e039a8e65b532d0388814a36cc14d7f73b,10434624344870528414,2304729988212104000
gaussian,iid,W,1.0,4.0,24.0,128.0,0.0,0.0,0.90175781,26.0,0.1364262898763021,8e341e77b94714834368aa827610d7fd3d4d6687356425f1f98cc99195dbd4de,17378114066195291050,7819475381145603481
gaussian,iid,W,1.0,4.0,24.0,128.0,0.0,0.0,0.90189453,26.0,0.1364262898763021,f80d0c60391d442a0804d538a18f66b8b5062a127a76297d627fa723d8b22142,17378114066195291050,7819475381145603481
gaussian,iid,W,1.0,4.0,24.0,128.0,0.0,0.0,0.90341797,26.0,0.1367009480794271,9fb125b2e09caba556c07663203f4309d820130a261392ff8ba27ead55c5a816,17378114066195291050,7819475381145603481
gaussian,iid,W,1.0,4.0,24.0,128.0,0.0,0.0,0.91535992,26.0,0.3719507853190104,8e763d818550a10d732ee8921645d5e893db1d7a33ebc14b54d83a1bcfd7a715,17378114066195291050,7819475381145603481
gaussian,iid,W,1.0,4.0,24.0,128.0,0.0,0.0,0.91669922,26.0,0.3722610473632812,2a95d0264ea3a1f1b3e76c0c5a1c54e7900383c76c9c44672d8c6710a5ab7fa7,17378114066195291050,7819475381145603481
gaussian,iid,W,1.0,4.0,24.0,128.0,0.0,0.0,0.91704309,26.0,0.3722686767578125,c294b8cf2c3bd950e15b1877ee42ff50da7fc204f14898b9e4b6a47b4b7c715b,17378114066195291050,7819475381145603481
gaussian,iid,W,1.0,4.0,24.0,128.0,0.0,0.0,0.91872626,26.0,0.4091847737630208,129032e647e22e662edaace29bae2b8eb1b33d89cb9a6fadc493b8face63bfdc,17378114066195291050,7819475381145603481
gaussian,iid,W,1.0,4.0,24.0,128.0,0.0,0.0,0.92001953,26.0,0.5454076131184896,db0f4708514560bf9a1819ab8763a32646cfc77a019fa18eff2ae58e2a278d86,17378114066195291050,7819475381145603481
gaussian,iid,W,1.0,4.0,24.0,128.0,0.0,0.0,0.92040944,26.0,0.54541015625,d295b34f97baad0292d96fd42d3f8379e40485e2bf06675241d433c436eb8b99,17378114066195291050,7819475381145603481
gaussian,iid,W,1.0,4.0,24.0,128.0,0.0,0.0,0.92167969,26.0,0.5457077026367188,aaffa89ae46dbd4c1ff2bd27bdc7600fbf03ea02bc593f6203e9dd1c619c9efb,17378114066195291050,7819475381145603481
gaussian,iid,W,1.0,4.0,24.0,128.0,0.0,0.0,0.92333984,26.0,0.5453236897786459,3b5d181359723ea052bdc4ea7d433026e3471b1770cbef82148c5bd3f3b6bdd2,17378114066195291050,7819475381145603481
gaussian,iid,W,1.0,4.0,24.0,128.0,0.0,0.0,0.92377578,26.0,0.5453745524088541,6f0a8bf5bfd8904d9fabb2caf61906fef48a535f00600f79151680430a56b290,17378114066195291050,7819475381145603481
gaussian,iid,W,1.0,4.0,24.0,128.0,0.0,0.0,0.925,26.0,0.5457280476888021,d0b1a16f48ae0e2d5f0f098a275159d20133202c6b8417ab854c8091a43973bc,17378114066195291050,7819475381145603481
gaussian,iid,W,1.0,4.0,24.0,128.0,0.0,0.0,0.92832031,26.0,0.281768798828125,56cf352bdf6276e71ec95bad8e6404f3a77576738f3069bbd30261e1307823af,17378114066195291050,7819475381145603481
gaussian,iid,W,1.0,4.0,24.0,128.0,0.0,0.0,0.9288253,26.0,0.4984207153320312,a0fe8a46d71d5dbba4a7cc94d59b200639b34da42c647ece6295716a8a5b3b2e,17378114066195291050,7819475381145603481
gaussian,iid,W,1.0,4.0,24.0,128.0,0.0,0.0,0.92998047,26.0,0.5009714762369791,d3d65959ef4d92908636f6e8a0568f1a366ce4bd6e777150da62f178d3e9db9c,17378114066195291050,7819475381145603481
gaussian,iid,W,1.0,4.0,24.0,128.0,0.0,0.0,0.93387482,26.0,0.7602411905924479,7d978d434aba8e4492592af2b82f7f437f5371dd3bb675efea2cd6382cb60f9e,17378114066195291050,7819475381145603481
gaussian,iid,W,1.0,4.0,24.0,128.0,0.0,0.0,0.93496094,26.0,0.7608006795247396,6105c5ee08f7d4091d5b575247ff5447a056eeae93328792c2c36abf5039e027,17378114066195291050,7819475381145603481
gaussian,iid,W,1.0,4.0,24.0,128.0,0.0,0.0,0.93555799,26.0,0.9569193522135416,146e3231524fe810f82d5c27ef970b42b6a3665065518985297e380b85c12c8d,17378114066195291050,7819475381145603481
gaussian,iid,W,1.0,4.0,24.0,128.0,0.0,0.0,0.90175781,27.0,0.2628529866536458,8afda38994cc69f2be9ec5ec4a35fa7055794d79a30a94733347ecdd8e9f5b18,8273927023885608412,14748226145341024465
gaussian,iid,W,1.0,4.0,24.0,128.0,0.0,0.0,0.90189453,27.0,0.2628962198893229,1bbcfd4958bf8223523fa06dae709dc98092c618bb6a9ec90272894ba8396f89,8273927023885608412,14748226145341024465
gaussian,iid,W,1.0,4.0,24.0,128.0,0.0,0.0,0.90341797,27.0,0.2632039388020833,d5c44d25bfd2374b86c9985dd19a3a65581b80d65032d1611df4a8721a2f43bf,8273927023885608412,14748226145341024465
gaussian,iid,W,1.0,4.0,24.0,128.0,0.0,0.0,0.91535992,27.0,0.9469451904296876,5f5448868b7afb23180451cc6e1a5ffbd1f51e1df15f49e6ffc8d267ed80db37,8273927023885608412,14748226145341024465
gaussian,iid,W,1.0,4.0,24.0,128.0,0.0,0.0,0.91669922,27.0,0.9471206665039062,bb7f235764e1442ee1bc3e788f62d51180a1f05ff0170538ab15f76556448612,8273927023885608412,14748226145341024465
gaussian,iid,W,1.0,4.0,24.0,128.0,0.0,0.0,0.91704309,27.0,0.947107950846354,5aef80a158f93ce6150e51c4734aab2170d1669d5b8f24bd1dda0cf5d2df81b1,8273927023885608412,14748226145341024465
gaussian,iid,W,1.0,4.0,24.0,128.0,0.0,0.0,0.91872626,27.0,0.947540283203125,649c83017e979633192e2b9e6e3e7a5856ca6222a1803436f508c76deebec5cf,8273927023885608412,14748226145341024465
gaussian,iid,W,1.0,4.0,24.0,128.0,0.0,0.0,0.92001953,27.0,0.9480667114257812,1e0eb65c4570ac29a019b0f9db4f2acd645c491602a7dadd2fa38a3c9dec01dd,8273927023885608412,14748226145341024465
gaussian,iid,W,1.0,4.0,24.0,128.0,0.0,0.0,0.92040944,27.0,0.954625447591146,c59878c37e764d4a9d042c3d911e5790a74ba4ddc9c6d45eb5353bf441e25f50,8273927023885608412,14748226145341024465
gaussian,iid,W,1.0,4.0,24.0,128.0,0.0,0.0,0.92167969,27.0,0.9551442464192708,3bc0316014271cb71ed9828e7febee0f89f19c70002001329b81b9ff3b695111,8273927023885608412,14748226145341024465
gaussian,iid,W,1.0,4.0,24.0,128.0,0.0,0.0,0.92333984,27.0,0.9568049112955728,2401969d35f08673c1b59c68e0a425b593fa79d64a2942e64228c899fe957687,8273927023885608412,14748226145341024465
gaussian,iid,W,1.0,4.0,24.0,128.0,0.0,0.0,0.92377578,27.0,0.9567413330078124,d31b8b21b151b43ec2524ba23b2073a4e0ac624e7b139fd86139d9167d1db9ca,8273927023885608412,14748226145341024465
gaussian,iid,W,1.0,4.0,24.0,128.0,0.0,0.0,0.925,27.0,0.9568430582682292,53fb888d473d3c9aa07d42c29c224b79f90f930c3c76fe8f8a955dd69a6987b3,8273927023885608412,14748226145341024465
gaussian,iid,W,1.0,4.0,24.0,128.0,0.0,0.0,0.92832031,27.0,0.9568099975585938,58684f4eaefdb7e529155cfa10ca4cb8e3005c330933ffa38786d85ef9d017c1,8273927023885608412,14748226145341024465
gaussian,iid,W,1.0,4.0,24.0,128.0,0.0,0.0,0.9288253,27.0,0.9568456013997396,531c5bbf2456faa1fb44ef9cc8194fc9ba702d9a04f1c48bca68e4835fd84c0c,8273927023885608412,14748226145341024465
gaussian,iid,W,1.0,4.0,24.0,128.0,0.0,0.0,0.92998047,27.0,0.9570261637369792,b97f50e2042fa5b7978629a335875ae2393e8a527f14f6dab33eb6ba4974d98c,8273927023885608412,14748226145341024465
gaussian,iid,W,1.0,4.0,24.0,128.0,0.0,0.0,0.93387482,27.0,0.9520187377929688,fbb2da487658f4b98e6921156e97b925d4f76c547389f4837795296bd42ba844,8273927023885608412,14748226145341024465
gaussian,iid,W,1.0,4.0,24.0,128.0,0.0,0.0,0.93496094,27.0,0.9521102905273438,9eab1a511037a88cca327783f4d32783238b9b12cbcf8d020080f78b7d515dca,8273927023885608412,14748226145341024465
gaussian,iid,W,1.0,4.0,24.0,128.0,0.0,0.0,0.93555799,27.0,0.952135721842448,8843c2813960b614d0820a67c76f92f4445ab1bec83ad54d6338aa3d658c373c,8273927023885608412,14748226145341024465
gaussian,iid,W,1.0,4.0,24.0,128.0,0.0,0.0,0.90175781,28.0,0.1541239420572916,fa5507f3e64f992b48fd15e8c0f9c5b7f66fa8a5b61f1dbe6cdccf688702ea93,9799275183615953276,14139974292908710517
gaussian,iid,W,1.0,4.0,24.0,128.0,0.0,0.0,0.90189453,28.0,0.1541722615559896,2d25d636b515b674f3a31c51eaccabe6177637f71988e431c1e51cd274e29079,9799275183615953276,14139974292908710517
gaussian,iid,W,1.0,4.0,24.0,128.0,0.0,0.0,0.90341797,28.0,0.1542638142903646,ac434e6825582909f470db988de7c6953c21190c452321d66a7aefa97dcebca9,9799275183615953276,14139974292908710517
gaussian,iid,W,1.0,4.0,24.0,128.0,0.0,0.0,0.91535992,28.0,0.4560801188151042,bb15705cf3503b9a36524fbba58752adb07e6082adf42a89cb72310f78408987,9799275183615953276,14139974292908710517
gaussian,iid,W,1.0,4.0,24.0,128.0,0.0,0.0,0.91669922,28.0,0.4562479654947917,715bc1ac82dc42f8367132899d3204f38306fcf51d84eccf543d0404f528510d,9799275183615953276,14139974292908710517
gaussian,iid,W,1.0,4.0,24.0,128.0,0.0,0.0,0.91704309,28.0,0.4560750325520833,a3c75e984baf636d49be4ff77df364a3f0aa7015728f8dc397f07ab6b5fd515a,9799275183615953276,14139974292908710517
gaussian,iid,W,1.0,4.0,24.0,128.0,0.0,0.0,0.91872626,28.0,0.4858856201171875,cf6bc068a027fd06ebe446b175176c6840fe3c9fd2abbe1c705ff022c8c86132,9799275183615953276,14139974292908710517
gaussian,iid,W,1.0,4.0,24.0,128.0,0.0,0.0,0.92001953,28.0,0.7866795857747396,496b3ad4f90c572650fa93161bce1abb43bd534b71b5c08870c3e803d653670a,9799275183615953276,14139974292908710517
gaussian,iid,W,1.0,4.0,24.0,128.0,0.0,0.0,0.92040944,28.0,0.9616851806640624,42fada5a3352c5073e0052e1b0d570f10724d58de5937ffc7cc963398592db97,9799275183615953276,14139974292908710517
gaussian,iid,W,1.0,4.0,24.0,128.0,0.0,0.0,0.92167969,28.0,0.9621302286783854,235746d41eb7120ddaa9007c8817917473042248f1b98b47a6d928d641019a98,9799275183615953276,14139974292908710517
gaussian,iid,W,1.0,4.0,24.0,128.0,0.0,0.0,0.92333984,28.0,0.9619572957356772,e159b7d0e538b27274dd4e8af88f96ef26a7b73340f1d55bb4fee5de0a66c6da,9799275183615953276,14139974292908710517
gaussian,iid,W,1.0,4.0,24.0,128.0,0.0,0.0,0.92377578,28.0,0.9619852701822916,0d8ccf8929a151c6c888eb03dd3a690c9aea74c911521ad052246197c4ea3387,9799275183615953276,14139974292908710517
gaussian,iid,W,1.0,4.0,24.0,128.0,0.0,0.0,0.925,28.0,0.7504628499348959,9c51b1cb428e9fc8e9fb7367dff1d032501249e05b8df2f2377ee57754b4a69c,9799275183615953276,14139974292908710517
gaussian,iid,W,1.0,4.0,24.0,128.0,0.0,0.0,0.92832031,28.0,0.9622777303059896,dc66ed138c9336b3294534129a4d0d1d342e7433f3a9443282dd4d093d19bc5d,9799275183615953276,14139974292908710517
gaussian,iid,W,1.0,4.0,24.0,128.0,0.0,0.0,0.9288253,28.0,0.9623031616210938,0456850cbe68ec36207969e2c709ad15c95174854057e75445a1c7f28ab51a1f,9799275183615953276,14139974292908710517
gaussian,iid,W,1.0,4.0,24.0,128.0,0.0,0.0,0.92998047,28.0,0.962366739908854,bcb22967787135d9ec6442f97d345de62e4630e266d851fa2dd95784440b12e1,9799275183615953276,14139974292908710517
gaussian,iid,W,1.0,4.0,24.0,128.0,0.0,0.0,0.93387482,28.0,0.963231404622396,d399bbbeaedc0246ff2ba44eba4c8f10c10818515d61364fd7be87cad5ea48e1,9799275183615953276,14139974292908710517
gaussian,iid,W,1.0,4.0,24.0,128.0,0.0,0.0,0.93496094,28.0,0.963292439778646,396b7f92324a8b2a6ecb92d2ce07dfbfb3639712f160af633df6e31e81015be1,9799275183615953276,14139974292908710517
gaussian,iid,W,1.0,4.0,24.0,128.0,0.0,0.0,0.93555799,28.0,0.96331787109375,9abdd681317846075519b891da66dfafd1e5eaabc4fa675c54de3ed1a269313f,9799275183615953276,14139974292908710517
gaussian,iid,W,1.0,4.0,24.0,128.0,0.0,0.0,0.90175781,29.0,0.0863850911458333,066f1e92a0d6f7151e43ddd3cfc4cd026ddd0ccd14fd8183af1b5ba12144d3e2,11353369328694401608,8236004698781571064
gaussian,iid,W,1.0,4.0,24.0,128.0,0.0,0.0,0.90189453,29.0,0.086377461751302,54a4139919213b4828dbeebb392cdb4fe2c2814438fa7cb4b649f0ac0fe08c85,11353369328694401608,8236004698781571064
gaussian,iid,W,1.0,4.0,24.0,128.0,0.0,0.0,0.90341797,29.0,0.1189753214518229,27c4f0c7f712f51e404dba5a1f97c49686d29f3b28a4d8b22397806e20cc76ee,11353369328694401608,8236004698781571064
gaussian,iid,W,1.0,4.0,24.0,128.0,0.0,0.0,0.91535992,29.0,0.1928761800130208,f0633becd5f9be1c6ef5227075963f43b24d622225f84f11511523991e3bd6cc,11353369328694401608,8236004698781571064
gaussian,iid,W,1.0,4.0,24.0,128.0,0.0,0.0,0.91669922,29.0,0.1931838989257812,28e89944acf803c838767eff1091bec6dfc2b89322b7d939abf86ce25560ba95,11353369328694401608,8236004698781571064
gaussian,iid,W,1.0,4.0,24.0,128.0,0.0,0.0,0.91704309,29.0,0.1936365763346354,a01c1ae964ca6061b52376837c2b184fb5b6062ef4202d40ae25cbbc298c7e30,11353369328694401608,8236004698781571064
gaussian,iid,W,1.0,4.0,24.0,128.0,0.0,0.0,0.91872626,29.0,0.3252588907877604,a5a2fc287c20d05e2d439292e485ea009d931924fa5a6d708b0fa419ccf45c69,11353369328694401608,8236004698781571064
gaussian,iid,W,1.0,4.0,24.0,128.0,0.0,0.0,0.92001953,29.0,0.2831064860026042,9c56ca21ba2374561a697e6a34caf6ffc95f1d1fb6c5693506f4c40978662627,11353369328694401608,8236004698781571064
gaussian,iid,W,1.0,4.0,24.0,128.0,0.0,0.0,0.92040944,29.0,0.2831064860026042,3549b297529b7c10ad83322be5e34106f9c671ba03e6ce34a475145d429d17a9,11353369328694401608,8236004698781571064
gaussian,iid,W,1.0,4.0,24.0,128.0,0.0,0.0,0.92167969,29.0,0.283246358235677,93bed08488c57e826a25c9e1e81c51d76e674998f5cf36873dd80323b8c5c18c,11353369328694401608,8236004698781571064
gaussian,iid,W,1.0,4.0,24.0,128.0,0.0,0.0,0.92333984,29.0,0.2851130167643229,4cfbdfa1fd1ef36abcfe5fea4c68c1f557f4d1898ccfe14123353f64b129c5a2,11353369328694401608,8236004698781571064
gaussian,iid,W,1.0,4.0,24.0,128.0,0.0,0.0,0.92377578,29.0,0.2853978474934895,06a502c633fa2aae06de7a8da1262b57caff9c86684e4ae6a1da22b44ba5cd65,11353369328694401608,8236004698781571064
gaussian,iid,W,1.0,4.0,24.0,128.0,0.0,0.0,0.925,29.0,0.2855072021484375,778d974ae33091bc6f29c4887eca0032c87d4a97e4d18ee910b1c4cea2c6b10d,11353369328694401608,8236004698781571064
gaussian,iid,W,1.0,4.0,24.0,128.0,0.0,0.0,0.92832031,29.0,0.2864888509114583,663f06415849b8893e149a2f6ea2e4ffcdcd5a5a5bbd7e8b3a58f99357f54ae3,11353369328694401608,8236004698781571064
gaussian,iid,W,1.0,4.0,24.0,128.0,0.0,0.0,0.9288253,29.0,0.2875137329101562,3dc5f6810c96d02c7243d5e8f3340c60078e661aaaa47ece5ddb333425dc5d96,11353369328694401608,8236004698781571064
gaussian,iid,W,1.0,4.0,24.0,128.0,0.0,0.0,0.92998047,29.0,0.3354848225911458,a6c547bb3573d3d00383ddfd4c63a9ae0cb1e0f3325fee13489a941a2d5a8ce2,11353369328694401608,8236004698781571064
gaussian,iid,W,1.0,4.0,24.0,128.0,0.0,0.0,0.93387482,29.0,0.6480916341145834,e874831648d44289a9451ef4f5ddfec79911e691da71c86dd05ed923f1ef54cc,11353369328694401608,8236004698781571064
gaussian,iid,W,1.0,4.0,24.0,128.0,0.0,0.0,0.93496094,29.0,0.6480941772460938,d324ad0135fd93d4f04fd2297f5447e3c8a99843498d2e76bbf3ad3871891ca9,11353369328694401608,8236004698781571064
gaussian,iid,W,1.0,4.0,24.0,128.0,0.0,0.0,0.93555799,29.0,0.6481119791666666,e6cc36934553ffdd4297b0afbc4839969c13b87806a44b83815faae92aa2192e,11353369328694401608,8236004698781571064
gaussian,iid,W,1.0,4.0,24.0,128.0,0.0,0.0,0.90175781,30.0,0.1765975952148437,a941e43c5524ec570d181e1786fd79d8bd0134d053bd36c720ae770a819314b6,10392436389295919260,16893944371863775179
gaussian,iid,W,1.0,4.0,24.0,128.0,0.0,0.0,0.90189453,30.0,0.1766128540039062,19fc96852cf123673d344021874532aaf17c9b5584560045fc4db02196880d5b,10392436389295919260,16893944371863775179
gaussian,iid,W,1.0,4.0,24.0,128.0,0.0,0.0,0.90341797,30.0,0.178497314453125,1d70f4af86f27174eb395633b47b145c4bbc52ca01eb357dfb29d272396c9a55,10392436389295919260,16893944371863775179
gaussian,iid,W,1.0,4.0,24.0,128.0,0.0,0.0,0.91535992,30.0,0.3880716959635417,475cdcd047e793c9226bd96407977dac96fa98652ab0215eea6f3e8a9800f5cc,10392436389295919260,16893944371863775179
gaussian,iid,W,1.0,4.0,24.0,128.0,0.0,0.0,0.91669922,30.0,0.388074239095052,ef01f65dfcd7ad554a6b5b3bfc2f2384a3df70a6569fa4f3c917864a2a07eb85,10392436389295919260,16893944371863775179
gaussian,iid,W,1.0,4.0,24.0,128.0,0.0,0.0,0.91704309,30.0,0.3882980346679687,d871fda51abaadd6fd03105d3492eed0dd24af593e8ef1de27b4940df0953395,10392436389295919260,16893944371863775179
gaussian,iid,W,1.0,4.0,24.0,128.0,0.0,0.0,0.91872626,30.0,0.3917210896809895,8cfea739df3cac487149bd8166a9abd3b1a56d4955d23baf0e9df9cff4111263,10392436389295919260,16893944371863775179
gaussian,iid,W,1.0,4.0,24.0,128.0,0.0,0.0,0.92001953,30.0,0.3907521565755208,080d816783a9a0d163c4bf71e93b6e6c2e1b19825946085b43885994ad56623f,10392436389295919260,16893944371863775179
gaussian,iid,W,1.0,4.0,24.0,128.0,0.0,0.0,0.92040944,30.0,0.3908004760742187,23bbc08feb66bb11b254cc3bd81885c4362ca38fcae7933fcbf785ecad0cb4fd,10392436389295919260,16893944371863775179
gaussian,iid,W,1.0,4.0,24.0,128.0,0.0,0.0,0.92167969,30.0,0.5151214599609375,f9a0ea34e8cb3a29cc77660808f0e04a4fd27c3b2520714c7f9053b565816583,10392436389295919260,16893944371863775179
gaussian,iid,W,1.0,4.0,24.0,128.0,0.0,0.0,0.92333984,30.0,0.515472412109375,33d83260666835cb3c127b825c217a21fe094eaaef28aa5bd9d21854388afe70,10392436389295919260,16893944371863775179
gaussian,iid,W,1.0,4.0,24.0,128.0,0.0,0.0,0.92377578,30.0,0.5156402587890625,bae8cb9e72022124c0d020ebf5bc49a543f0749bb3455203d4ca2a5848f4c1c0,10392436389295919260,16893944371863775179
gaussian,iid,W,1.0,4.0,24.0,128.0,0.0,0.0,0.925,30.0,0.5161692301432291,2138158722db6ca5cde1974d1e963bac7ffd53206b4b9034d72d4984eec251a5,10392436389295919260,16893944371863775179
gaussian,iid,W,1.0,4.0,24.0,128.0,0.0,0.0,0.92832031,30.0,0.9588088989257812,79203d9bcd8bc87fe670a727cb0f591ffaca7c93c2ea3bdf03422d98824dae98,10392436389295919260,16893944371863775179
gaussian,iid,W,1.0,4.0,24.0,128.0,0.0,0.0,0.9288253,30.0,0.9588673909505208,b5c118c82d9e8aa961faa836b826a83f70b862549ed83963f867453aacb743dc,10392436389295919260,16893944371863775179
gaussian,iid,W,1.0,4.0,24.0,128.0,0.0,0.0,0.92998047,30.0,0.9589258829752604,98bbbc000991add89051311bf05cebc240fc1f31c3b0b641346d391668c9933d,10392436389295919260,16893944371863775179
gaussian,iid,W,1.0,4.0,24.0,128.0,0.0,0.0,0.93387482,30.0,0.9594777425130208,9470b8bb0fb92e7db7134dcfae507b2095fe5f7b1a310ebcddef68db3fc94f50,10392436389295919260,16893944371863775179
gaussian,iid,W,1.0,4.0,24.0,128.0,0.0,0.0,0.93496094,30.0,0.9595998128255208,c977851da69658375b80358f05456401b0f5fa5963e7df40de1ba42f90a11a08,10392436389295919260,16893944371863775179
gaussian,iid,W,1.0,4.0,24.0,128.0,0.0,0.0,0.93555799,30.0,0.9595921834309896,150adda75df9cf07a4f34e0f89007a29e051d93de9f77ffd24d4bfca9131a982,10392436389295919260,16893944371863775179
gaussian,iid,W,1.0,4.0,24.0,128.0,0.0,0.0,0.90175781,31.0,0.1847508748372396,f21e91077501a4d1e214ff47f6f1f3a978415255510b836653ae0fde334c279d,11538870746118741133,14087504356983462983
gaussian,iid,W,1.0,4.0,24.0,128.0,0.0,0.0,0.90189453,31.0,0.1848627726236979,c72fd1c68e148040ae4c88fceeee053fc76195b05a492f11dbd514414e4db15c,11538870746118741133,14087504356983462983
gaussian,iid,W,1.0,4.0,24.0,128.0,0.0,0.0,0.90341797,31.0,0.1854680379231771,e028ca63d029de7517f38714936777e4d31cc162c3e661c2b2f00cbec6e48748,11538870746118741133,14087504356983462983
gaussian,iid,W,1.0,4.0,24.0,128.0,0.0,0.0,0.91535992,31.0,0.5147654215494791,1c6daca1e9b1d96182bf389bc038a8285d47c6b5ad2fe2436fef9b13d08cdf13,11538870746118741133,14087504356983462983
gaussian,iid,W,1.0,4.0,24.0,128.0,0.0,0.0,0.91669922,31.0,0.5174662272135416,e9f0ea252ac1d4cac7266c11469dc306908eb4399f0680e5962002e60dc909d1,11538870746118741133,14087504356983462983
gaussian,iid,W,1.0,4.0,24.0,128.0,0.0,0.0,0.91704309,31.0,0.5174840291341146,f4f69515ac23946c02f9b92be57143944561617d7ef73ad86d6a4c8c34113b97,11538870746118741133,14087504356983462983
gaussian,iid,W,1.0,4.0,24.0,128.0,0.0,0.0,0.91872626,31.0,0.3802820841471354,6b75c2482c771a9e806f272b817d4e36553ede2e72123d4670b56bc2923a129b,11538870746118741133,14087504356983462983
gaussian,iid,W,1.0,4.0,24.0,128.0,0.0,0.0,0.92001953,31.0,0.5192286173502604,0d6f7fcac0edc8343876ad34e07139f905ca319180a07c020fd4310d9f1c99c7,11538870746118741133,14087504356983462983
gaussian,iid,W,1.0,4.0,24.0,128.0,0.0,0.0,0.92040944,31.0,0.5438639322916666,3525e03369cc6ec5c320f418bbb514af69eb10856906f72f1b1dc5819bf5cb54,11538870746118741133,14087504356983462983
gaussian,iid,W,1.0,4.0,24.0,128.0,0.0,0.0,0.92167969,31.0,0.5439834594726562,a05e319741321a8d7423907e9f458517ead71acc1d405ec53e9bc36cefb2dcce,11538870746118741133,14087504356983462983
gaussian,iid,W,1.0,4.0,24.0,128.0,0.0,0.0,0.92333984,31.0,0.5441996256510416,ce71d86c19ad783bc1527f65f1ea243db5ae790d231ad4850e19afda0fd2ffce,11538870746118741133,14087504356983462983
gaussian,iid,W,1.0,4.0,24.0,128.0,0.0,0.0,0.92377578,31.0,0.546234130859375,ca6aaf64f9667e5983f60d71fdc1d33088540ca5682ca21b323af6c450ca0e85,11538870746118741133,14087504356983462983
gaussian,iid,W,1.0,4.0,24.0,128.0,0.0,0.0,0.925,31.0,0.5491536458333334,9f1002c42c977f609dc80df4dbe3ad2b41147c417e6c58095997c64c8d7dee6d,11538870746118741133,14087504356983462983
gaussian,iid,W,1.0,4.0,24.0,128.0,0.0,0.0,0.92832031,31.0,0.7768147786458334,dbcfd79b9c079298db4490fd7fa6aaa5b92b9cdf26f8e58b9279bc9a23f2b744,11538870746118741133,14087504356983462983
gaussian,iid,W,1.0,4.0,24.0,128.0,0.0,0.0,0.9288253,31.0,0.776824951171875,766284fc7fbc7629755c530c5615a918d1e284e4a581056c62c9f6565e29ef39,11538870746118741133,14087504356983462983
gaussian,iid,W,1.0,4.0,24.0,128.0,0.0,0.0,0.92998047,31.0,0.7773691813151041,9f7f74953c9c45290e0d4d44da7a4dba8b4dc7c80d7000d2ca2bea9513c48b24,11538870746118741133,14087504356983462983
gaussian,iid,W,1.0,4.0,24.0,128.0,0.0,0.0,0.93387482,31.0,0.9544779459635416,feadad798c2124c6a7ff3ac6a2ae03bce72956f6ee4006af23d1aaeac970a0af,11538870746118741133,14087504356983462983
gaussian,iid,W,1.0,4.0,24.0,128.0,0.0,0.0,0.93496094,31.0,0.9544576009114584,449b31aafca6e704bb83ae74b6be3badfacd89f997df35cd351082f0b6a4b734,11538870746118741133,14087504356983462983
gaussian,iid,W,1.0,4.0,24.0,128.0,0.0,0.0,0.93555799,31.0,0.954516092936198,a901c1bb3a24a58bf014403bcf03d3391ccee0698cb828a21046b5d61aae4a21,11538870746118741133,14087504356983462983
