graph_id,L,W,orientation_transform,G1_d90,G2_d90,G_d90,G1_d90_over_L,G2_d90_over_L,G_d90_over_L,DLOC_G1,DLOC_G2,edge_hash,hash_verified
gaussian_iid_L128_q7_W0.7975_r0,128,0.7975,ORIGINAL,0.9673294292709896,2.869242446737445,41.98557443811573,0.0075572611661796,0.0224159566151362,0.3280123002977791,0.9961472602739726,0.7869244935543278,395ceb965bb84a9dadd1d9728558d10c5d63dfdfbfc5b64801dcecafaaba4af0,True
gaussian_iid_L128_q7_W0.7975_r1,128,0.7975,ORIGINAL,1.0018049435652756,2.0323611496007885,73.53241771575046,0.0078266011216037,0.0158778214812561,0.5744720134043004,0.9931212381771282,0.8964869938321266,a362dc4bc6ca10b867018cfc38a028bb9fe65412f6819b10f98875c4936d46a3,True
gaussian_iid_L128_q7_W0.7975_r10,128,0.7975,ORIGINAL,1.0279518609691536,2.032557800303934,51.09853687124685,0.0080308739138215,0.0158793578148744,0.399207319306616,0.9924749163879598,0.8944723618090452,eef48a11cbc88737b829fb8ba0f609b5c006d276e14a1bfbcf6544e6e0a70f6c,True
gaussian_iid_L128_q7_W0.7975_r11,128,0.7975,ORIGINAL,0.9018018986202064,2.01401209314902,95.2709457475902,0.0070453273329703,0.0157344694777267,0.7443042636530484,0.991585473870682,0.8987864077669903,4166a4704850343624e6b63f6b494f3df1c5fc0928e48b6e14abb805a7d1b70c,True
gaussian_iid_L128_q7_W0.7975_r12,128,0.7975,ORIGINAL,1.200893475615743,2.538474409192545,85.70905086436701,0.0093819802782479,0.0198318313218167,0.6696019598778673,0.9841853622655388,0.8309677419354838,00a752c2fe979b66a45414de59935e151441309c7b3bb1e567325b87de1fcc9b,True
gaussian_iid_L128_q7_W0.7975_r13,128,0.7975,ORIGINAL,1.168754517769372,3.96174390148947,106.4616761461702,0.0091308946700732,0.0309511242303864,0.8317318448919546,0.9884277733439744,0.6316970176827659,6ba035ad419b5b598edfbc86a59593721e4c0c099fc81decc0245479e2f145c0,True
gaussian_iid_L128_q7_W0.7975_r14,128,0.7975,ORIGINAL,1.0739904614333398,2.109244493494103,108.91992386294396,0.0083905504799479,0.0164784726054226,0.8509369051792496,0.9877400899060074,0.8857007351197533,a4fa9260eb2d07e056e8a505b67a48e26e63aa6c58cd48825d6589d95f5180e9,True
gaussian_iid_L128_q7_W0.7975_r15,128,0.7975,ORIGINAL,0.9318466499969702,1.6804860523923535,106.58654412905582,0.0072800519531013,0.0131287972843152,0.8327073760082486,0.9949409780775716,0.9372744934776576,f2f123d389f282b49328825efa661cfc3482f03c587cd2d05b2435db2efd9fba,True
gaussian_iid_L128_q7_W0.7975_r16,128,0.7975,ORIGINAL,0.9970775573433884,1.9724378253511217,32.52854403157137,0.0077896684167452,0.0154096705105556,0.2541292502466513,0.991826726604005,0.9030878859857482,73843052699d37f2f6cd838243136005325d8393ac06de0239ab6ccc8331b34c,True
gaussian_iid_L128_q7_W0.7975_r17,128,0.7975,ORIGINAL,0.9144852582430758,1.9863114474537011,120.22679266273832,0.007144416080024,0.015518058183232,0.9392718176776432,0.9951733216322948,0.901502093080522,4d71d3d8c768fa0009894ec719aa3973899dbc75ac2e03e5f98d1d7e80c91c5d,True
gaussian_iid_L128_q7_W0.7975_r18,128,0.7975,ORIGINAL,1.036472415418345,1.9401189643342176,110.98214236784078,0.0080974407454558,0.015157179408861,0.8670479872487561,0.9943616592831253,0.9079012345679012,f24debd4d3b4351ab185caeb003f88bf4dbcea86b3f44a81b6cd435cb181ae86,True
gaussian_iid_L128_q7_W0.7975_r19,128,0.7975,ORIGINAL,1.104720115217333,2.470556140459692,113.5852602916702,0.0086306259001354,0.0193012198473413,0.8873848460286735,0.9826656394453004,0.837492391965916,53439d09b9fc3d613bd39c7a2b5a2e740403f4e318fbdee530a629227fe4011e,True
gaussian_iid_L128_q7_W0.7975_r2,128,0.7975,ORIGINAL,0.981019049380052,1.927070057809928,43.11939163949603,0.0076642113232816,0.01505523482664,0.3368702471835627,0.9957734573119188,0.9086348032743596,a16d4cea61aa9b849986dae0611fc168d011614a76a79a9cd2497fd7a6de8071,True
gaussian_iid_L128_q7_W0.7975_r20,128,0.7975,ORIGINAL,0.9552299107584332,3.4422121075830745,123.8509373532488,0.0074627336778002,0.0268922820904927,0.9675854480722564,0.992089925062448,0.7089462623836685,e0e78a344a8657f3875cc8501435732834b4507f7a2e0233a25a2e4d8e9f5b0e,True
gaussian_iid_L128_q7_W0.7975_r21,128,0.7975,ORIGINAL,1.0005342532117112,2.12923928927674,98.04740117385528,0.0078166738532164,0.0166346819474745,0.7659953216707445,0.9914250714577378,0.8802395209580839,509d2c67fda83750b75f7c68c503e410e2b57085253946a900b4330d5a43c1cf,True
gaussian_iid_L128_q7_W0.7975_r22,128,0.7975,ORIGINAL,1.017509041250193,1.88375499870115,86.53400707048888,0.0079492893847671,0.0147168359273527,0.6760469302381944,0.998329853862213,0.9133858267716536,a2a751b79538c8faaebb9fc5104565d835e99d556147b40088bd9eee24cf2457,True
gaussian_iid_L128_q7_W0.7975_r23,128,0.7975,ORIGINAL,1.0549513995495232,2.807304746177138,46.75087504596036,0.0082418078089806,0.0219320683295088,0.3652412112965653,0.9915322580645162,0.8114594594594594,fd669119333eb470de78191e716810699d35212c85b250f22b7991e8bac2f9d9,True
gaussian_iid_L128_q7_W0.7975_r24,128,0.7975,ORIGINAL,0.9771332160015048,1.691435589403909,118.0932879168838,0.0076338532500117,0.013214340542218,0.9226038118506548,0.9944727891156464,0.9407427635172038,c62027f978286925584e7e46c33790f9bc3f8688b688ec476aff92ff9a604855,True
gaussian_iid_L128_q7_W0.7975_r25,128,0.7975,ORIGINAL,1.1245307402185745,1.9656960049527328,60.66962556551562,0.0087853964079576,0.0153570000386932,0.4739814497305907,0.9893211289092296,0.9041972966563908,aa17327ac213acb092223cd0d19360d74f5f048b11b05eeae083d053bc6df258,True
gaussian_iid_L128_q7_W0.7975_r26,128,0.7975,ORIGINAL,0.983118829860814,2.418695388234511,38.31320072364369,0.0076806158582876,0.0188960577205821,0.2993218806534663,0.9948141745894556,0.8501291989664083,cf40b0214fb4389941915cd3cebb11ef78fba2aa2324000a458e3fa9ad021515,True
gaussian_iid_L128_q7_W0.7975_r27,128,0.7975,ORIGINAL,1.0246484284178337,2.1008810471707022,121.93570037611848,0.0080050658470143,0.0164131331810211,0.9526226591884256,0.9918233851185608,0.8872561439067647,ea752db7710217b6c39bb2339092dd23fa9299e3632e2d0ba4f6046a0e43614a,True
gaussian_iid_L128_q7_W0.7975_r28,128,0.7975,ORIGINAL,1.0204714590948782,1.8569694524084497,78.26087561305029,0.0079724332741787,0.014507573846941,0.6114130907269554,0.9906007355946056,0.9195966907962771,a7bffcd2209a968c2b888974803bfbcc7491511a8c0865b613f3c27803e155d5,True
gaussian_iid_L128_q7_W0.7975_r29,128,0.7975,ORIGINAL,1.056327090536115,2.72359612212459,74.81608672221354,0.0082525553948133,0.0212780947040983,0.5845006775172933,0.993633107839236,0.815861632566969,b04a27386cce7134daa47f07479d2b360d21f114f8bbf651f8af79afe652f98f,True
gaussian_iid_L128_q7_W0.7975_r3,128,0.7975,ORIGINAL,0.9647875170320646,1.5973739641124638,93.98051426466252,0.007537402476813,0.0124794840946286,0.734222767692676,0.9925986842105264,0.9515334063526836,6b7ae1e49347590bbe30cb9648319abb93f5fef1eed9f75b243263910d78d363,True
gaussian_iid_L128_q7_W0.7975_r30,128,0.7975,ORIGINAL,0.9025283100476004,1.9668031375226604,118.06938614828898,0.0070510024222468,0.0153656495118957,0.9224170792835076,0.995644599303136,0.9058331153544336,691a67f8e6070e7916a6d762baae549f70bf2455fd393f4fb1ce4c9096367c27,True
gaussian_iid_L128_q7_W0.7975_r31,128,0.7975,ORIGINAL,1.0727790828075712,2.397135853988672,43.28365144949965,0.0083810865844341,0.0187276238592865,0.3381535269492159,0.992129246064623,0.8522518382352942,b9466352d62f54b3621acce0027d9ccb978638a9cef19e539909248b0477db4b,True
gaussian_iid_L128_q7_W0.7975_r32,128,0.7975,ORIGINAL,1.1480976060043986,1.893891225935292,42.39875259747852,0.0089695125469093,0.0147960252026194,0.3312402546678009,0.9904942965779469,0.9171837708830548,d34e371e84aa30e6cff75344070acf8d9c04e4bc1269c4cec523bb08c4dade49,True
gaussian_iid_L128_q7_W0.7975_r33,128,0.7975,ORIGINAL,0.9991162666391062,1.8380450994802544,56.52991827720891,0.007805595833118,0.0143597273396894,0.4416399865406946,0.9917355371900828,0.9230394544568924,180339b9e958207e2ec960bdecf902ce40e8df82a0d1b463c6a6ff3eef649097,True
gaussian_iid_L128_q7_W0.7975_r34,128,0.7975,ORIGINAL,1.028641265507204,2.0644889815569485,73.32170586282872,0.008036259886775,0.0161288201684136,0.5728258270533494,0.9918233851185608,0.8898052691867124,10f372d4f69b780e682f9b7c0ffda18e212010672a1f1c6c9908b66d09748fd1,True
gaussian_iid_L128_q7_W0.7975_r35,128,0.7975,ORIGINAL,0.9222402403048876,2.485409858755773,117.6952694425508,0.0072050018773819,0.0194172645215294,0.9194942925199282,0.9982285208148804,0.8398522381573229,11231dd22252c2f465a6c008975b52dbb1da7c43b0a510ef5c4ed7559c3c8212,True
gaussian_iid_L128_q7_W0.7975_r36,128,0.7975,ORIGINAL,1.1040905849580582,1.958901292131955,43.22870624475597,0.0086257076949848,0.0153039163447808,0.337724267537156,0.9921104536489151,0.9070415988844992,0fe06c3a0bdb9073ee08b40796388ef4326884bda0917fb6cbafccf85ad151eb,True
gaussian_iid_L128_q7_W0.7975_r37,128,0.7975,ORIGINAL,0.9182924158631778,4.179662610744458,121.7218526744207,0.007174159498931,0.032653614146441,0.9509519740189116,0.9952048823016564,0.6172106824925816,5238d74219de13736563adffc3efa5c377bfd7392d387d003f15ff1204d7daa4,True
gaussian_iid_L128_q7_W0.7975_r38,128,0.7975,ORIGINAL,0.97294453743595,1.785636495678773,119.78273603423293,0.0076011291987183,0.0139502851224904,0.9358026252674446,0.993191489361702,0.9281563655573164,0a76d7255a4a0f20c08bb171400e00bfd149f56e11d2b69a1d89d4c69c6b8c52,True
gaussian_iid_L128_q7_W0.7975_r39,128,0.7975,ORIGINAL,1.0562155528054689,1.7900253463062938,42.66751733518018,0.0082516840062927,0.0139845730180179,0.3333399791810951,0.9940688018979834,0.926017874875869,d1993687181f39c6716c81ca7df74658dc6e01b1c96e6e7298bf26ce8ab759c0,True
gaussian_iid_L128_q7_W0.7975_r4,128,0.7975,ORIGINAL,1.0095365845244544,1.7745196143710729,70.47089782870478,0.0078870045665973,0.013863434487274,0.5505538892867561,0.9950413223140496,0.9251170046801872,b491e5e3d55334248155473b8185f51a24a648b65a212721bd38801f073cfc0a,True
gaussian_iid_L128_q7_W0.7975_r40,128,0.7975,ORIGINAL,1.046893179467773,2.0498509444348656,61.22058046972634,0.0081788529645919,0.0160144605033973,0.478285784919737,0.9893834218048184,0.8939929328621908,17823cdd60ce1d9f4caa1e9f68d9bfd6c56da142d2215be6bd4ef4c568280de2,True
gaussian_iid_L128_q7_W0.7975_r41,128,0.7975,ORIGINAL,0.9541659826268328,1.9185295825114397,117.0380302352486,0.0074544217392721,0.0149885123633706,0.9143596112128798,0.994540109197816,0.9108488196885988,2512adbb4c3a1dea5cb7f485e365300faba995b0641d41b8433fae2954e65a23,True
gaussian_iid_L128_q7_W0.7975_r42,128,0.7975,ORIGINAL,1.0407522787300394,1.976491878383996,18.016412306470485,0.0081308771775784,0.0154413427998749,0.1407532211443006,0.9931340872374798,0.9036440867426784,885e7f9af658af47cf9477898e2ce19df28d2b63d4f9aeea9433748340b54003,True
gaussian_iid_L128_q7_W0.7975_r43,128,0.7975,ORIGINAL,1.027484214826842,117.61233476731836,122.189459782576,0.0080272204283347,0.9188463653696748,0.9546051545513752,0.9928661351237936,0.0,24ceb211799d87b94ddb6e7a1db16855892385d14b64b2da8b6862a400361f6f,True
gaussian_iid_L128_q7_W0.7975_r44,128,0.7975,ORIGINAL,0.9855395482994568,2.011705189322313,119.99248280956522,0.0076995277210895,0.0157164467915805,0.9374412719497284,0.9975020815986678,0.8989010989010989,e64e13ae19084c9978f2e94a2adf7d9c73835e66a0911f982ac1841776af9075,True
gaussian_iid_L128_q7_W0.7975_r45,128,0.7975,ORIGINAL,0.9971153971868034,1.8816774588262464,101.62379960728944,0.0077899640405219,0.01470060514708,0.7939359344319487,0.992,0.9178048780487804,905febb0425ec0da7a7c002f36480b68eb73961fa4e473d34a9267a038435cc4,True
gaussian_iid_L128_q7_W0.7975_r46,128,0.7975,ORIGINAL,1.069789474232664,1.8420716809119568,42.594587225587006,0.0083577302674426,0.0143911850071246,0.3327702126998985,0.9919775371038908,0.9256379100850548,d7416b2e0d5791f2058c2f75d43a8025d55fc5b82fff9ac07be0f76b942b227e,True
gaussian_iid_L128_q7_W0.7975_r47,128,0.7975,ORIGINAL,1.0549506438512992,1.5853114818370813,66.28763385321868,0.0082418019050882,0.0123852459518521,0.5178721394782709,0.9851620460757516,0.9538119087367836,09f353f4043139954c99aa8070cd3c323de2cf1012d1bddb44924fca6e1cf0da,True
gaussian_iid_L128_q7_W0.7975_r48,128,0.7975,ORIGINAL,0.9700697328712096,3.053904300915363,122.08654679717104,0.0075786697880563,0.0238586273509012,0.9538011468528989,0.9961832061068704,0.7564513090977585,d067768febd47ace658711614abefbd6cc4ff708e7f03fadc48bf8cd07a69965,True
gaussian_iid_L128_q7_W0.7975_r49,128,0.7975,ORIGINAL,1.2524343137152272,3.0685003862965203,82.93072127144899,0.0097846430759002,0.0239726592679415,0.6478962599331952,0.9828510182207932,0.729988991979871,57db0889c7a87064394a60c3bbff5b8a99e4171a6c3ae103b490154980b0ee48,True
gaussian_iid_L128_q7_W0.7975_r5,128,0.7975,ORIGINAL,0.960924133816576,2.628613469856859,79.23085684427905,0.0075072197954419,0.0205360427332567,0.61899106909593,0.9913793103448276,0.8152480839048003,e352c508d97f65adfccfb91311b7ddffae12487c8ba9316bf99b3a5d4a877f48,True
gaussian_iid_L128_q7_W0.7975_r50,128,0.7975,ORIGINAL,1.07035028714769,2.400617824262937,87.81194744311809,0.0083621116183413,0.0187548267520542,0.68603083939936,0.9877663772691396,0.8431072210065645,4a5cffdaa90a3a423c3a170502aef26d6a8a2bed5aafcd442190a49302a5c544,True
gaussian_iid_L128_q7_W0.7975_r51,128,0.7975,ORIGINAL,1.0246180360881567,2.360768269308068,122.38921183376172,0.0080048284069387,0.0184435021039692,0.9561657174512636,0.9878345498783456,0.8505595786701777,9a00f83dfac910121a8115844acb996a665c561bd1bd44c914aef869ee4a3d00,True
gaussian_iid_L128_q7_W0.7975_r52,128,0.7975,ORIGINAL,0.967596453239736,2.5097807436731614,67.86534428905654,0.0075593472909354,0.0196076620599465,0.5301980022582542,0.9889135254988912,0.835509138381201,d4fc5671806c7754699d2f00a64b967f5ce175905894878cb3a109459e61b2a0,True
gaussian_iid_L128_q7_W0.7975_r53,128,0.7975,ORIGINAL,1.143853086906958,4.0790072340243455,116.05210562481862,0.0089363522414606,0.0318672440158152,0.9066570751938956,0.9869831546707504,0.6828926905132193,0256c11725d0128f8727fd060e491bf3dc2c2e8930dbcc4d70c88ff65892f0b6,True
gaussian_iid_L128_q7_W0.7975_r54,128,0.7975,ORIGINAL,1.057164588958628,2.1305828531532143,106.72830580872926,0.0082590983512392,0.0166451785402594,0.8338148891306973,0.9857988165680474,0.8784682412290759,e992fd4a6655078f6355562f1eb13d976bb8f8cad3cfabf5f7d65d47a57bd8d5,True
gaussian_iid_L128_q7_W0.7975_r55,128,0.7975,ORIGINAL,0.9813844640288352,1.4900858428446355,95.841847141239,0.0076670661252252,0.0116412956472237,0.7487644307909296,0.9929635761589404,0.967853042479908,e4bfc42250b1ba9a3ccd8e3840a85a952117186b39073d25809ed5e056e7afda,True
gaussian_iid_L128_q7_W0.7975_r56,128,0.7975,ORIGINAL,0.9977628092326823,2.117120223731206,77.67848709159186,0.0077950219471303,0.0165400017479,0.6068631804030614,0.9896179401993356,0.8865116279069768,772cb46dcbd123ee0b8b1f8ff66b70c84d2bc549cc5bad20ca7b79065a14c243,True
gaussian_iid_L128_q7_W0.7975_r57,128,0.7975,ORIGINAL,0.9723884023881624,1.537539741613685,85.87386682262748,0.0075967843936575,0.0120120292313569,0.6708895845517772,0.9937369519832986,0.9543311726576312,20d53961901d682219f09b18c4f0c63cb855b7331408ca594ca81a275e670df2,True
gaussian_iid_L128_q7_W0.7975_r58,128,0.7975,ORIGINAL,1.0391229141040412,2.398959168694063,119.35008266904627,0.0081181477664378,0.0187418685054223,0.932422520851924,0.9904191616766468,0.8507170795306388,3b87c455ac850537d7c5f0c24f07a7c3759023793f9bbb3ac8565db30211dc37,True
gaussian_iid_L128_q7_W0.7975_r59,128,0.7975,ORIGINAL,1.0767133601546703,2.196105018485028,120.33284185435645,0.0084118231262083,0.0171570704569142,0.9401003269871596,0.9844992050874404,0.8726355611601513,cba0e83117c16ab2730247f2df7fa775d9c519c6a3a1a8c54d7b182edcf52095,True
gaussian_iid_L128_q7_W0.7975_r6,128,0.7975,ORIGINAL,1.0970106513563422,1.5581323536363385,61.254767760574666,0.0085703957137214,0.0121729090127838,0.4785528731294896,0.9885193982581156,0.9523545706371191,e79c625b3b4051679975decf5f799d0d794e565f2df75b4983f45ae3fc653d2a,True
gaussian_iid_L128_q7_W0.7975_r60,128,0.7975,ORIGINAL,1.1409451662684091,1.823135248193779,97.19883295703691,0.0089136341114719,0.0142432441265138,0.7593658824768509,0.9802431610942248,0.9235684443352176,82a8d23110146ee870a08cf053f7466597ce9183fdd221ad15bab4b6a4751de6,True
gaussian_iid_L128_q7_W0.7975_r61,128,0.7975,ORIGINAL,1.0181347305569517,2.245327651787221,81.18290610927183,0.0079541775824761,0.0175416222795876,0.6342414539786861,0.9933582399335824,0.8689737470167065,535eb9ecb2c9f016c201a47bd37c8fdc36f9401eb18477a668af0c342ce7427d,True
gaussian_iid_L128_q7_W0.7975_r62,128,0.7975,ORIGINAL,1.0621274011214723,2.835625403775339,78.744114966387,0.0082978703212615,0.0221533234669948,0.6151883981748985,0.9908838684106224,0.7930504895373393,ad8c29b647e91217a855e656c5f836920b6631fe01ddc9af91ac61037f9f8730,True
gaussian_iid_L128_q7_W0.7975_r63,128,0.7975,ORIGINAL,0.9242724342480956,1.7150057300281103,60.41593408569244,0.0072208783925632,0.0133984822658446,0.4719994850444722,0.9978503869303526,0.9404600811907984,46eac87797e72083e896af8bdb55a872075c86f6137ad508ec0ef3f7866f7519,True
gaussian_iid_L128_q7_W0.7975_r64,128,0.7975,ORIGINAL,1.1166855254060692,1.6092583132136014,90.38943602763273,0.0087241056672349,0.0125723305719812,0.7061674689658807,0.9890923256719908,0.9490690032858708,64aad0c4c43f492244c01fef9dc2d792df484712206f1fe325d8f84d5464378b,True
gaussian_iid_L128_q7_W0.7975_r65,128,0.7975,ORIGINAL,1.0684723113690495,1.823089170632997,66.40086995871053,0.0083474399325707,0.0142428841455702,0.518756796552426,0.9880999603332012,0.9223677826297914,07cc0319f762bb0957c52b417ed6f0af7641d8dff404af20e42efb9324c0dd05,True
gaussian_iid_L128_q7_W0.7975_r66,128,0.7975,ORIGINAL,1.105125236775052,2.877836721995237,66.9821475148975,0.008633790912305,0.0224830993905877,0.5232980274601368,0.9893069306930692,0.7688586274861136,776cbdabca9c39520ce90b4da8d3ad69287a134aaf9844ad898de573b5663f1b,True
gaussian_iid_L128_q7_W0.7975_r67,128,0.7975,ORIGINAL,0.973295322124045,2.3310111043434176,111.5767688772735,0.0076038697040941,0.0182110242526829,0.8716935068536992,0.9928027095681624,0.8627726952850105,beff60d706d34cca1f847e26b6fbaaa865a6f8a6841d79b015a32c5ae212ae31,True
gaussian_iid_L128_q7_W0.7975_r68,128,0.7975,ORIGINAL,0.9680537970112651,1.6800276150705855,42.10236833926879,0.0075629202891505,0.0131252157427389,0.3289247526505374,0.9950657894736842,0.9443398763108364,de4f8009e356922d8733adb515b37b60f366f38b7aed89eae8505699a49f959e,True
gaussian_iid_L128_q7_W0.7975_r69,128,0.7975,ORIGINAL,1.092133750047395,5.438367867626383,78.31306259396871,0.0085322949222452,0.0424872489658311,0.6118208015153805,0.9893491124260356,0.5452159650082012,9688b489ea882fb7697923bfcf301107ac47e517c498ffc5110cd64641bacb1b,True
gaussian_iid_L128_q7_W0.7975_r7,128,0.7975,ORIGINAL,1.1965104495875494,2.1887020432766637,36.088600659157976,0.0093477378874027,0.0170992347130989,0.2819421926496717,0.9863429438543247,0.8748130741294595,90b78bf1ba7df556c86a06e4d02eef0ce910ce79506d05590d7f725c1e0158ce,True
gaussian_iid_L128_q7_W0.7975_r70,128,0.7975,ORIGINAL,1.0050583771653263,2.514142651890822,121.47664471071518,0.0078520185716041,0.019641739467897,0.9490362868024624,0.9959316517493898,0.843092406221409,305bea78b40ab787174d7cfdc8553cbe085ada7f3661a898dd4cc1b7ec226e9c,True
gaussian_iid_L128_q7_W0.7975_r71,128,0.7975,ORIGINAL,1.142434436918549,2.0397068654360027,57.96409862927075,0.0089252690384261,0.0159352098862187,0.4528445205411777,0.9834075273168758,0.8940556088207094,cf9b1e55b92009b11aa1127209e4441b1bf39c913f6a4f804e440302d56e6d5c,True
gaussian_iid_L128_q7_W0.7975_r72,128,0.7975,ORIGINAL,1.0344584310972778,1.8459689218361888,36.50173881921181,0.0080817064929474,0.0144216322018452,0.2851698345250922,0.9920063948840928,0.9200197482103184,3ed27d47be3ba6073efc3a44b258ab92f38885f0d4a636f2c5f3d8d61cc96913,True
gaussian_iid_L128_q7_W0.7975_r73,128,0.7975,ORIGINAL,0.9889107555143256,2.358475552185311,101.33874370043398,0.0077258652774556,0.0184255902514477,0.7917089351596405,0.995787700084246,0.846122365459382,f4181683508ae5eafb918dad91d4f47d875982ecfaaec347351a514ef6c3bcab,True
gaussian_iid_L128_q7_W0.7975_r74,128,0.7975,ORIGINAL,1.024317256545913,2.190630219416235,49.29523093854698,0.0080024785667649,0.0171142985891893,0.3851189917073983,0.9915579432079816,0.8740122914837577,6a9088be0eab41757ba712c2ec690bc6d8b1a0231b147bb4d9cf53e084f7b786,True
gaussian_iid_L128_q7_W0.7975_r75,128,0.7975,ORIGINAL,1.066181765505931,2.583280910005527,118.9915828560638,0.008329545043015,0.0201818821094181,0.9296217410629984,0.9936948297604036,0.8068294619813381,2e4ef97d822129f3b4880e08c41c122e9bceb04eae4612bbd2809c365b29f04b,True
gaussian_iid_L128_q7_W0.7975_r76,128,0.7975,ORIGINAL,0.9603901865153972,2.1862792259239825,119.853556204968,0.0075030483321515,0.0170803064525311,0.9363559078513124,0.9927996611605252,0.8780023781212842,1862150aec9fd5dfb62fa3e7ce75050a2018dbcb74129c0297f338e25280f808,True
gaussian_iid_L128_q7_W0.7975_r77,128,0.7975,ORIGINAL,1.1625721358235666,2.124623062047874,116.15788372965632,0.0090825948111216,0.016598617672249,0.90748346663794,0.9835706462212488,0.8832432432432432,967f2769d1f014095a9d9dc917c1daddae2e9f62d214f3327a6702a94d3fe74f,True
gaussian_iid_L128_q7_W0.7975_r78,128,0.7975,ORIGINAL,1.170385752122158,1.7702673168555378,76.44620507621087,0.0091436386884543,0.0138302134129338,0.5972359771578974,0.9895793130065612,0.9342309684101502,39d0a3bc457a6ddcb0bcefa38f8ac25cbac1a9a327e4e7707f64a7561867d2c1,True
gaussian_iid_L128_q7_W0.7975_r79,128,0.7975,ORIGINAL,1.017416270887253,1.7700651931527744,68.94732820908195,0.0079485646163066,0.013828634321506,0.5386510016334527,0.9955193482688393,0.9339449541284404,3333ffc6c445c8d6ce1b59cb45b2722c0ee6f4b853d7f6f870fa1e76ca62321f,True
gaussian_iid_L128_q7_W0.7975_r8,128,0.7975,ORIGINAL,1.0961359915126252,1.879730679093612,84.4372529758032,0.0085635624336923,0.0146853959304188,0.6596660388734625,0.9893617021276596,0.9182917798074548,94bb017d38d291d38aa7085e68773f2c67102f9b4ed5829dc7c4c17d0b8ed0e1,True
gaussian_iid_L128_q7_W0.7975_r80,128,0.7975,ORIGINAL,1.073493316149026,2.854032003935629,30.630274116984083,0.0083866665324142,0.0222971250307471,0.2392990165389381,0.9859606899318092,0.810546875,6e3b4d8a5dffd37d86e97f46710828f29cd73668884a19c35b8d26b82e4892d2,True
gaussian_iid_L128_q7_W0.7975_r81,128,0.7975,ORIGINAL,0.8449828557891692,2.363359239619925,104.85146848465698,0.0066014285608528,0.0184637440595306,0.8191520975363826,0.9995385325334564,0.8466193656093489,6271cc38fbff80ce00b55c50cb8484d8dd5d4b50e2a5d664400af72c28467072,True
gaussian_iid_L128_q7_W0.7975_r82,128,0.7975,ORIGINAL,1.134257907471195,1.7004190253963856,74.02335266316855,0.0088613899021187,0.0132845236359092,0.5783074426810043,0.99268386599923,0.9389572963059994,2800806bead17704737dbd9bd91fdba4e9da2b52f36bae1c35c3af1bd817f893,True
gaussian_iid_L128_q7_W0.7975_r83,128,0.7975,ORIGINAL,0.9848348490691592,3.581351020566842,121.45575801841213,0.0076940222583528,0.0279793048481784,0.9488731095188448,0.9926975945017182,0.7347992351816444,989fc485bb91824e4c0ae037ed20bd9a0a7f1305d00a895f93e87d6a172cb2fe,True
gaussian_iid_L128_q7_W0.7975_r84,128,0.7975,ORIGINAL,0.958690057118318,1.4407514935592047,111.98585194809478,0.0074897660712368,0.0112558710434312,0.8748894683444904,0.9940068493150684,0.9660165484633568,2aba5b1ea4b7cc208404c3636eb6793a02f438beeacede6aa3ac64f9fbb0a1f6,True
gaussian_iid_L128_q7_W0.7975_r85,128,0.7975,ORIGINAL,1.0506294113312151,2.187818288830499,103.32008576236478,0.0082080422760251,0.0170923303814882,0.8071881700184749,0.9911326078194276,0.874113475177305,abca65673df40077ab65562c92a87ee94f626ab0b91e04054bd553012cddcfc6,True
gaussian_iid_L128_q7_W0.7975_r86,128,0.7975,ORIGINAL,1.0813054474247965,1.8471530970482772,63.85204818371725,0.0084476988080062,0.0144308835706896,0.4988441264352909,0.9868210862619808,0.9248195170525269,3ae6c7dd96aeb759dd206d3fc80b71a44511f7fd9474da1b83679d2aaee57c69,True
gaussian_iid_L128_q7_W0.7975_r87,128,0.7975,ORIGINAL,1.0444729130019257,2.2463294476854543,75.86680376065699,0.0081599446328275,0.0175494488100426,0.5927094043801328,0.9917218543046358,0.8646358222629409,418238843a9cda66d58f8bb8572d17dcf47e1d8d890c9da92850d7ee86aec94f,True
gaussian_iid_L128_q7_W0.7975_r88,128,0.7975,ORIGINAL,1.1555024905406557,3.062723704116948,82.07496876350388,0.0090273632073488,0.0239275289384136,0.641210693464874,0.9851620460757516,0.7649589362534219,b0bb9f522bda96a8f2171f47889a4affd50dfd416b1b99b8542e9d7208f87b3a,True
gaussian_iid_L128_q7_W0.7975_r89,128,0.7975,ORIGINAL,1.102318726731042,1.7711270801678154,51.95510724952699,0.0086118650525862,0.013836930313811,0.4058992753869296,0.9909591194968552,0.9325169359041168,150bd35e631ae99447dc4d07115aaa2c4b779db30e6f27519a491964c288433b,True
gaussian_iid_L128_q7_W0.7975_r9,128,0.7975,ORIGINAL,1.0470430840603484,2.02115230343594,35.72406096216159,0.0081800240942214,0.0157902523705932,0.2790942262668874,0.992288961038961,0.8965291421087099,38a56a54a3f5eb5808c138bb8e80ac9f5ac71f64430a885d2c9d8aeef3568883,True
gaussian_iid_L128_q7_W0.7975_r90,128,0.7975,ORIGINAL,1.0082716397564724,1.4989735948955882,48.22395124671773,0.0078771221855974,0.0117107312101217,0.3767496191149823,0.9898776887389288,0.9530419373892498,bd49e3dfb8677247ab3d6b46d77318a25ec2e6cca1b4471180698795db0b0a7c,True
gaussian_iid_L128_q7_W0.7975_r91,128,0.7975,ORIGINAL,1.075063794782977,2.319007204344203,71.33630508496171,0.008398935896742,0.018117243783939,0.5573148834762633,0.9891304347826086,0.8525450810317279,72e90992221887602af0aae92aef4494a42ae4b226265c24cf77ca52fb75b466,True
gaussian_iid_L128_q7_W0.7975_r92,128,0.7975,ORIGINAL,1.145049253825846,4.5522361960387485,90.36633629862531,0.0089456972955144,0.0355643452815527,0.7059870023330103,0.992627085758634,0.6386925795053003,8186ec70d3e9cfdf15286b3513e5b12757790127ac90fd613bf747d59cee9930,True
gaussian_iid_L128_q7_W0.7975_r93,128,0.7975,ORIGINAL,0.9607297794721176,1.5353925965622466,70.06346836705062,0.0075057014021259,0.0119952546606425,0.547370846617583,0.9954223886808156,0.9628359062321328,6f25b296b588127412bcd1cb392001a1f2ad5f0d1d83b56b4c581a20da2a8b07,True
gaussian_iid_L128_q7_W0.7975_r94,128,0.7975,ORIGINAL,1.033982944549393,2.0283889976913088,99.36297425258309,0.0080779917542921,0.0158467890444633,0.7762732363483054,0.9923387096774192,0.8972228815570852,5c05609386e2b4501ca529c9e4445fa0d2d6e72838acaa63e0188cb8bc3358d2,True
gaussian_iid_L128_q7_W0.7975_r95,128,0.7975,ORIGINAL,1.0875167062666549,2.0231149036569462,113.5304673498417,0.0084962242677082,0.0158055851848198,0.8869567761706383,0.9909234411996845,0.8962220149253731,d94ccf5d11baf57a6f366a0a949613b1f13bed02e27ca271b3b709949afdeabe,True
gaussian_iid_L128_q7_W0.805_r0,128,0.805,ORIGINAL,0.9638682226749468,2.885407332488711,114.10684025401544,0.007530220489648,0.022542244785068,0.8914596894844957,0.9961323592608508,0.7807699258991505,5671ec7c8ba883e8747131007395031cde599a32ab44506630e94ff04103ba56,True
gaussian_iid_L128_q7_W0.805_r1,128,0.805,ORIGINAL,1.009136268782072,2.1790486290115325,91.7730747215828,0.0078838770998599,0.0170238174141525,0.7169771462623655,0.992769034453424,0.8805817810665986,8030849c1127859658cb347b68b7acb11e28b402078be1fc3ca2d4a26f889fd1,True
gaussian_iid_L128_q7_W0.805_r10,128,0.805,ORIGINAL,1.0572585207687126,3.298948360172858,42.69949252103882,0.0082598321935055,0.0257730340638504,0.3335897853206158,0.9929577464788732,0.7335807648862352,7e73851c3cc361aa131694bc5f362e95af9ba2e4cc4ec6522827d5cefa5acc7b,True
gaussian_iid_L128_q7_W0.805_r11,128,0.805,ORIGINAL,0.9345051843926058,2.0586524116963574,114.10657177114508,0.0073008217530672,0.0160832219663777,0.891457591962071,0.990447242726878,0.8925581395348837,9fd252738397db63df45a8d351ea39cbc9840f64fee573a25c8cfac2498991f4,True
gaussian_iid_L128_q7_W0.805_r12,128,0.805,ORIGINAL,1.2110825588555372,2.954128398781819,86.33188105465231,0.0094615824910588,0.0230791281154829,0.6744678207394712,0.983982526392428,0.7834084084084084,c60b73396e48493b094ba4ddb340962d52c792b2581f2f21821bc3a8007b2f87,True
gaussian_iid_L128_q7_W0.805_r13,128,0.805,ORIGINAL,1.1830703734111978,4.125597587233898,110.49553942346876,0.0092427372922749,0.0322312311502648,0.8632464017458498,0.9885556432517758,0.5910619894281596,7783e8b53f431c7f2b809fe072c4cce1b6474c1748c6e6e9abad806523f5bc5e,True
gaussian_iid_L128_q7_W0.805_r14,128,0.805,ORIGINAL,1.1308176770056235,2.047495898615012,109.27441313134534,0.0088345131016064,0.0159960617079297,0.8537063525886355,0.9846588615260397,0.8931736526946108,06ca4b2415d3d1e8701ad2e655bce767bb363deb1d4822edebdca72478ff3aa2,True
gaussian_iid_L128_q7_W0.805_r15,128,0.805,ORIGINAL,0.9974030079283124,1.64697186935868,119.81642049378144,0.0077922109994399,0.0128669677293646,0.9360657851076676,0.989426596177308,0.9398847104035136,65a5a9a78bcbde3a3e39ff3ae183ac5de8addc6ca04c1cc9cd7154e140d245dd,True
gaussian_iid_L128_q7_W0.805_r16,128,0.805,ORIGINAL,1.0222833111732967,2.0404401492915696,113.64040608713135,0.0079865883685413,0.0159409386663403,0.8878156725557138,0.9916,0.8943199818963566,9395e138780b913f27876e7917fcf37e470f371bd9ded9159b401abc386b5970,True
gaussian_iid_L128_q7_W0.805_r17,128,0.805,ORIGINAL,0.912158228785202,1.9198282198237135,118.22902252232517,0.0071262361623843,0.0149986579673727,0.9236642384556654,0.9952006980802792,0.90973630831643,c55adc1884097cfec6e84a9a4216b97fe644408da40f9f3c1dbdee1a7e405ae8,True
gaussian_iid_L128_q7_W0.805_r18,128,0.805,ORIGINAL,1.04521984494626,2.347908405052181,36.73597387899181,0.0081657800386426,0.0183430344144701,0.2869997959296235,0.9939564867042708,0.8549369290996085,ca42c7c08a02c5b458f50335ff9c48149de4bec1418c470531534fde5df4c44d,True
gaussian_iid_L128_q7_W0.805_r19,128,0.805,ORIGINAL,1.1043109300650258,2.7941453950243016,117.931108420945,0.008627429141133,0.0218292608986273,0.9213367845386328,0.9845261121856866,0.7837455830388692,a7234ff26364eb6665741e2ceaab6c7136d0c40e734abcf3aabada49491844e6,True
gaussian_iid_L128_q7_W0.805_r2,128,0.805,ORIGINAL,1.005329326377975,2.0273219507627545,89.35000508165831,0.0078541353623279,0.015838452740334,0.6980469147004555,0.9954394693200664,0.8958536585365854,a704a1bb801effb5c3b8e1c9df2f177aa0fd5dbf065f1a63e27e84227854a6ea,True
gaussian_iid_L128_q7_W0.805_r20,128,0.805,ORIGINAL,0.953410165613505,3.442578200948148,94.89045782981168,0.0074485169188555,0.0268951421949074,0.7413317017954036,0.99338569656883,0.7047729580734078,164d94778db9e8e97ab806bb293180a8f771f441355920e3180c2f31f587cbe4,True
gaussian_iid_L128_q7_W0.805_r21,128,0.805,ORIGINAL,1.0321291445216616,2.120387923734242,94.29062163649331,0.0080635089415754,0.0165655306541737,0.7366454815351041,0.9897597479322569,0.8803495406677123,4c93e12535e90b1359ca1f72dd21fdea3c6558747871251462cd5b644eb31253,True
gaussian_iid_L128_q7_W0.805_r22,128,0.805,ORIGINAL,1.0351575455275537,2.098340300318497,115.26066686632824,0.008087168324434,0.0163932835962382,0.9004739598931893,0.9979355904211396,0.8888611388611388,9f6940bab62f9b06678516adcb5aba6daa62625d374ed963832a7fda8468e8e6,True
gaussian_iid_L128_q7_W0.805_r23,128,0.805,ORIGINAL,1.069855995413775,2.294989948906561,65.40636543585899,0.0083582499641701,0.0179296089758325,0.5109872299676483,0.9905175819834058,0.8576905728461885,8b89adcf83f98d559116bbccaf0c5a1125a667c0fa1d98badde4ae5da3949f46,True
gaussian_iid_L128_q7_W0.805_r24,128,0.805,ORIGINAL,0.9941602665253556,2.375865082898329,114.97505423832516,0.0077668770822293,0.0185614459601431,0.8982426112369153,0.9937810945273632,0.8551724137931035,c88fe4f38f3f1ec1cc61b29f0525bdcbce49ba418d426c34a64067afa64b6a08,True
gaussian_iid_L128_q7_W0.805_r25,128,0.805,ORIGINAL,1.142182490876479,1.999637355193244,60.73801317956003,0.0089233007099724,0.0156221668374472,0.4745157279653127,0.9891222805701424,0.9001827318410233,4b500b979ecaef9dc1d9b7840fbefe21580853ef356e4e76aa5838531f768734,True
gaussian_iid_L128_q7_W0.805_r26,128,0.805,ORIGINAL,0.9748402062886754,2.376292457498195,118.09493693100478,0.0076159391116302,0.0185647848242046,0.9226166947734749,0.9969801553062986,0.8538011695906432,09e181aff604acd1c00b98033b7ef5bc989337aa08ca326067653f0d502675ad,True
gaussian_iid_L128_q7_W0.805_r27,128,0.805,ORIGINAL,1.0739650103110847,2.295949822070241,119.3286126794267,0.0083903516430553,0.0179371079849237,0.9322547865580212,0.9888535031847132,0.8597574925646305,48b37cbca31c04cdb3a1b9a6a201241712388a31a9d4d407abe4eb6c335b958c,True
gaussian_iid_L128_q7_W0.805_r28,128,0.805,ORIGINAL,1.0545620660735295,2.9107978207092486,42.10132593423293,0.0082387661411994,0.022740607974291,0.3289166088611948,0.9891696750902528,0.8059548254620124,7ade1445a9c64d5e1c3dd2725eff81f20bf41d109ea51ba6cfd66285cd43fb14,True
gaussian_iid_L128_q7_W0.805_r29,128,0.805,ORIGINAL,1.0737924008635105,2.741964238483675,113.16136092898492,0.0083890031317461,0.0214215956131537,0.8840731322576948,0.9929714955095664,0.8085106382978723,2ac6a8031d0f3b762714450cb11d35b7f830e44b8a8e7f393c26651afc748a73,True
gaussian_iid_L128_q7_W0.805_r3,128,0.805,ORIGINAL,1.0702440793066188,4.06432305674339,63.69331833506574,0.0083612818695829,0.0317525238808077,0.4976040494927011,0.9894613583138172,0.6104322690842202,17e3571321cc3890cfba372609f86d7a54a46d0dfd27d7d6c2a56a7dea1aaa8b,True
gaussian_iid_L128_q7_W0.805_r30,128,0.805,ORIGINAL,0.9243613446027724,1.875781520104581,119.85805330661334,0.0072215730047091,0.014654543125817,0.9363910414579169,0.99490662139219,0.9180457052797478,9244b9d33de373221addaf3b22d8fd46101f1594596a9b15d74e64fa83ce2cc2,True
gaussian_iid_L128_q7_W0.805_r31,128,0.805,ORIGINAL,1.1055801237695704,2.462852897771228,45.85173431682576,0.0086373447169497,0.0192410382638377,0.3582166743502012,0.9906351791530944,0.8409239485726738,95130cd919c1f3d41fa0614f7d101743d5ed479e24a2f7dbf290c38a1f770ec2,True
gaussian_iid_L128_q7_W0.805_r32,128,0.805,ORIGINAL,1.1478714131203702,1.974411322616604,57.77934730674096,0.0089677454150028,0.0154250884579422,0.4514011508339137,0.9924328414680288,0.9043673012318028,4274d4dbdd1bbab51131ab380ac5b0ad6ec246c706393c467f841dfeb2ccb2df,True
gaussian_iid_L128_q7_W0.805_r33,128,0.805,ORIGINAL,1.0295165293478306,1.9036521807564384,55.56970903780375,0.0080430978855299,0.0148722826621596,0.4341383518578418,0.9914807302231238,0.9135109864422628,a0437c23358fcd1c5cdbe0da26ec4cd3529473209f30b6f5e625196eaf337019,True
gaussian_iid_L128_q7_W0.805_r34,128,0.805,ORIGINAL,1.1430672878275487,2.203695314853505,117.403633279496,0.0089302131861527,0.017216369647293,0.9172158849960624,0.9845261121856866,0.8698200083717036,37d5ec61675f36d125ff7d47021ccbbeaf7cdc22896578f0db30008dd972ef78,True
gaussian_iid_L128_q7_W0.805_r35,128,0.805,ORIGINAL,0.9654085228022212,2.706787877176211,117.59553287410554,0.0075422540843923,0.0211467802904391,0.9187151005789496,0.996984058595433,0.8148379052369077,cf1860e7732f301da1ae7b886090bc9777058e63449a9594c1a151709aaa14ff,True
gaussian_iid_L128_q7_W0.805_r36,128,0.805,ORIGINAL,1.1319773359625884,1.9792165142452087,43.81218228837159,0.0088435729372077,0.0154626290175406,0.342282674127903,0.9899497487437184,0.902745995423341,2bf652e10a21cef0f0970d63b68d3ab5d9ed44bfeaf3f7626c5bd361b5314f34,True
gaussian_iid_L128_q7_W0.805_r37,128,0.805,ORIGINAL,0.9574947965857064,4.358330493693799,113.54233083951948,0.0074804280983258,0.0340494569819828,0.8870494596837459,0.9936332767402376,0.5668693009118541,40101b23241510400e7380b7da10c5bd1524d67d052c8da93d138c0d84d39ead,True
gaussian_iid_L128_q7_W0.805_r38,128,0.805,ORIGINAL,0.9346121490263926,1.8133485111917624,113.46546137846973,0.0073016574142686,0.0141667852436856,0.8864489170192946,0.9957026214009456,0.923313670171839,0b18c8b30bff9754505dd9766702d55f93b598607eb4a465559acbaf3a0e4308,True
gaussian_iid_L128_q7_W0.805_r39,128,0.805,ORIGINAL,1.08544509011341,2.9927269213092984,42.96479693618564,0.008480039766511,0.0233806790727288,0.3356624760639503,0.9937646141855028,0.7969341408024224,e434258601609bb67b1990efa4291f1ca8a52ff459d62c222fe75cd59ba464d8,True
gaussian_iid_L128_q7_W0.805_r4,128,0.805,ORIGINAL,1.025787979264834,1.8901561354424248,101.73288342180506,0.0080139685880065,0.0147668448081439,0.794788151732852,0.99510603588907,0.9134615384615384,deaf3ad0bf4eee9e7c717a9a2e4603cfa66da8516cd30f427d2ca2630a9580a1,True
gaussian_iid_L128_q7_W0.805_r40,128,0.805,ORIGINAL,1.068701829049871,2.593607014038909,59.81549024908787,0.0083492330394521,0.0202625547971789,0.467308517570999,0.9890997174000808,0.8132772144633633,93d4292a8c6b316e5f52d43ef116e6bfa144a5a75e164256faac92efbba034f5,True
gaussian_iid_L128_q7_W0.805_r41,128,0.805,ORIGINAL,0.9998955194371036,1.9179481453021336,115.03606177308856,0.0078116837456023,0.0149839698851729,0.8987192326022543,0.9938373048479868,0.910950361686206,2cec1c3a39bbd4807360ff1a6e251776aa676229638a9766fcc4a144e57d2a39,True
gaussian_iid_L128_q7_W0.805_r42,128,0.805,ORIGINAL,1.0541778063094966,2.322772706692433,46.404155998725045,0.0082357641117929,0.0181466617710346,0.3625324687400394,0.992406075139888,0.8480538922155688,7fd1c4f5e81b4a1ee64051d69f02f026917943c699fddb34326e35860bee4fb9,True
gaussian_iid_L128_q7_W0.805_r43,128,0.805,ORIGINAL,1.036126144279805,1.8661797224742145,70.03269611843189,0.0080947355021859,0.0145795290818298,0.5471304384252491,0.9925187032418952,0.9170586778905668,a6e55d95f5e35d7f837c854aa8c2b7b8f17123205aa3490c7acd97dedd11e106,True
gaussian_iid_L128_q7_W0.805_r44,128,0.805,ORIGINAL,0.9945676755563112,2.0427413695245638,115.63594731225898,0.0077700599652836,0.0159589169494106,0.9034058383770232,0.9954657873042044,0.8952564411268962,5b737f9074784a5203ab2c9805abab9fa3a6036bd701c5ef135f980e61ec3567,True
gaussian_iid_L128_q7_W0.805_r45,128,0.805,ORIGINAL,1.0319279574386826,2.078991524161296,52.91081620518746,0.0080619371674897,0.0162421212825101,0.413365751603027,0.9913223140495868,0.888788221970555,3322c4cc328b1e2091c193029de60b3d5b8560a26d8ae4087da84a1e59721252,True
gaussian_iid_L128_q7_W0.805_r46,128,0.805,ORIGINAL,1.0917186742479004,2.083078293042377,121.9038570154122,0.0085290521425617,0.0162740491643935,0.952373882932908,0.9904912836767036,0.887709991158267,8c8cd14aa5ad4a3ffc1ecbd5a8e7e0d25b678fc393948818e0d9383ee117ff66,True
gaussian_iid_L128_q7_W0.805_r47,128,0.805,ORIGINAL,1.0140161624773043,1.6147488749587635,111.77538463502992,0.0079220012693539,0.0126152255856153,0.8732451924611713,0.989139179404666,0.9502446982055464,c8b6c003f0bbe5fe01f9a65c966f712362b4b3e87f028f4b0ee098c5ac929f64,True
gaussian_iid_L128_q7_W0.805_r48,128,0.805,ORIGINAL,0.9841136400140016,5.370358351929184,114.50133533555774,0.0076883878126093,0.0419559246244467,0.8945416823090448,0.9958071278825996,0.5116329636877582,dc77b1031361a6af70207a1a4129a19bf3cbee5115806774b441889a3077424c,True
gaussian_iid_L128_q7_W0.805_r49,128,0.805,ORIGINAL,1.2812996177000429,2.8877018027862817,112.44876658907997,0.0100101532632815,0.0225601703342678,0.8785059889771871,0.981638418079096,0.7731004366812227,afb301139d424acadddcce966a1ce9a5d59e87bd8b81c0cde89d958531caa711,True
gaussian_iid_L128_q7_W0.805_r5,128,0.805,ORIGINAL,0.9920820693778012,2.6376633797564466,112.710076184055,0.007750641167014,0.0206067451543472,0.8805474701879297,0.9894957983193278,0.8057197330791229,411a6a7521a10787617b798805c7fcc78e39c70dd3c70f775b4493eba7e0df2f,True
gaussian_iid_L128_q7_W0.805_r50,128,0.805,ORIGINAL,1.0764840932202446,2.4652981667620537,87.16336065372208,0.0084100319782831,0.0192601419278285,0.6809637551072037,0.9882029099488792,0.8302475556480133,c10f9bb7cbddb004303ca6ed25d56ae3db5177a835e2ec74aee96f72799f5264,True
gaussian_iid_L128_q7_W0.805_r51,128,0.805,ORIGINAL,1.0487843817699345,2.426499941719328,77.1938407689173,0.0081936279825776,0.0189570307946822,0.6030768810071664,0.985663082437276,0.8330202462951367,905b0bd02e6bb82b0bf3bda2c1066b78ac81a822843a6580364744171c52a07c,True
gaussian_iid_L128_q7_W0.805_r52,128,0.805,ORIGINAL,1.0104858090301718,2.583819150299988,68.31874252607885,0.0078944203830482,0.0201860871117186,0.533740175984991,0.986081822016027,0.8166980539861896,075d4eaaba54e34f9ef628dd1d3d7d8a63844f04b7114f2d8a56efdd6b584ada,True
gaussian_iid_L128_q7_W0.805_r53,128,0.805,ORIGINAL,1.223122325609154,4.02674851825364,89.57454937895176,0.0095556431688215,0.0314589727988565,0.6998011670230606,0.9819254887495388,0.6770597981623738,819bb86f8f91cd6d85aa688fe66ffb8b1a8fd507cfb00ab52f2ec5a9301a5a37,True
gaussian_iid_L128_q7_W0.805_r54,128,0.805,ORIGINAL,1.1100318544976062,2.1833485425603527,120.91987720195333,0.0086721238632625,0.0170574104887527,0.9446865406402604,0.9814456899884036,0.8695265614581018,fa996835b7c637ffeeca41b8857a7ebf2c81ac17d0e4016dedf1179f9e2e7f1d,True
gaussian_iid_L128_q7_W0.805_r55,128,0.805,ORIGINAL,1.0150067233607274,1.5885368158699291,112.39960052238742,0.0079297400262556,0.0124104438739838,0.8781218790811517,0.99265605875153,0.9572323617542904,9f5ee6b51e848c6323dfc5900a348ceaf7ab04725ee7adf38875a03fc514efe3,True
gaussian_iid_L128_q7_W0.805_r56,128,0.805,ORIGINAL,1.0375018894467445,2.101048837967582,114.50672679406884,0.0081054835113026,0.0164144440466217,0.8945838030786628,0.988358089120835,0.8881903906600809,f4ad9b12ddc3f998f474365522a54693a914107fb2fff4ac166f0401e333754b,True
gaussian_iid_L128_q7_W0.805_r57,128,0.805,ORIGINAL,1.0164597965850106,1.391835188413296,113.70488739002668,0.0079410921608203,0.0108737124094788,0.8883194327345835,0.9935301253538212,0.9716748768472906,1a519ca033ca14266808cb731fb406ef48e8c3b544ffad893601f0190570707f,True
gaussian_iid_L128_q7_W0.805_r58,128,0.805,ORIGINAL,1.047316605626648,2.889122126749953,112.7664094036947,0.0081821609814581,0.022571266615234,0.8809875734663648,0.9901029295328584,0.7887589588834402,99341b0602b7cd01bb132a77512dd8d6fa4e7f3aaa46ad7225982896417daca4,True
gaussian_iid_L128_q7_W0.805_r59,128,0.805,ORIGINAL,1.127310778146196,2.47637747654575,66.70707725164107,0.0088071154542671,0.0193466990355136,0.5211490410284458,0.980894153611005,0.8270310745039311,2960a5912e037a47bd421134633efe1cbc449a748fa903c480d501515bb583e3,True
gaussian_iid_L128_q7_W0.805_r6,128,0.805,ORIGINAL,1.1429797206364751,1.6343177234598445,59.444082341514445,0.0089295290674724,0.01276810721453,0.4644068932930816,0.9860411012020164,0.9484095161721464,4bd1edfd1f7f8323ed3d7944a8f40df217db6333be4be9ebd998319f3e0b3e59,True
gaussian_iid_L128_q7_W0.805_r60,128,0.805,ORIGINAL,1.1618903205334163,1.940227790551546,118.95419269625587,0.0090772681291673,0.0151580296136839,0.929329630439499,0.97976011994003,0.9097515236755744,7b731450221086a51fe0ca77d3298fc554903c0e7d85bd6a2730f05977415804,True
gaussian_iid_L128_q7_W0.805_r61,128,0.805,ORIGINAL,1.0730554970921844,2.3281454550167666,94.31770318214755,0.0083832460710326,0.0181886363673184,0.7368570561105279,0.9914564686737184,0.8562193490860455,2ad1ea959bc4d0b52a389d8ded5950d8f2a0c8ea8b512f970c867393243699d4,True
gaussian_iid_L128_q7_W0.805_r62,128,0.805,ORIGINAL,1.1502813656887838,3.496264374838063,83.30755533234237,0.0089865731694436,0.0273145654284223,0.6508402760339248,0.9882620219613782,0.710758665794637,2f36070aa0fb030734309132ff44c27df3ddd6480e0d8fdc7a41c978f7af043c,True
gaussian_iid_L128_q7_W0.805_r63,128,0.805,ORIGINAL,0.941259558467408,1.7782634569071265,58.556385549184,0.0073535903005266,0.0138926832570869,0.457471762103,0.9978822532825076,0.9341176470588236,fbf886097129b6e5df1df8e6bcba44235250ea2911976f5c0d8e8309121631da,True
gaussian_iid_L128_q7_W0.805_r64,128,0.805,ORIGINAL,1.117088141825647,2.3156988570839303,90.5393504956022,0.0087272511080128,0.0180913973209682,0.7073386757468922,0.9891808346213292,0.8613138686131386,401970d5cd5433dacf2ef6735db1553eaac6dddaa2dc8aab7434113bc1291637,True
gaussian_iid_L128_q7_W0.805_r65,128,0.805,ORIGINAL,1.0864087268245726,1.859027511642665,87.82331244282544,0.0084875681783169,0.0145236524347083,0.6861196284595737,0.9901224812327144,0.9196492059729794,903c43f016107317173d345a2523920a7005e31ed59d0a64a0dbbe7e0ae72c29,True
gaussian_iid_L128_q7_W0.805_r66,128,0.805,ORIGINAL,1.1258262791619271,2.8350679248279107,69.12204015062878,0.0087955178059525,0.022148968162718,0.5400159386767873,0.9885826771653544,0.7756813417190775,d62e2144811f6ae1ddd7d60aff675a123a195fd09959a1ab92f7d3c06c1e0ca8,True
gaussian_iid_L128_q7_W0.805_r67,128,0.805,ORIGINAL,1.0016129355968104,2.586338519198634,119.88374771603098,0.00782510105935,0.0202057696812393,0.936591779031492,0.992093216812318,0.8392775491540924,63bb9bd3b489747cdf573d66fedb7c7376922061637abfa9c275084675058cae,True
gaussian_iid_L128_q7_W0.805_r68,128,0.805,ORIGINAL,0.9788277179332852,1.8890603609243757,70.09879763074164,0.0076470915463537,0.0147582840697216,0.5476468564901691,0.9926799511996748,0.9143708116157856,533da9dd8521909c3b67b6bef8ddc18fd54a2f6b6ed99af1fce24a7348e1a69d,True
gaussian_iid_L128_q7_W0.805_r69,128,0.805,ORIGINAL,1.107146956131487,5.554496468256772,93.80248856979732,0.0086495855947772,0.043394503658256,0.7328319419515417,0.988340458608628,0.5469937802349689,3174407ad232418ccfd188ea4444d8135ccc8f21ff4f7990d79f6aefb7d7e1c2,True
gaussian_iid_L128_q7_W0.805_r7,128,0.805,ORIGINAL,1.201908456249399,2.2176315221311853,107.91216604434544,0.0093899098144484,0.0173252462666498,0.8430637972214489,0.9860902255639098,0.8707129494907504,bdfbbd4ffc9c385131fd70ae7d349898bf186255e16bfdadacf6b3ea03d576a2,True
gaussian_iid_L128_q7_W0.805_r70,128,0.805,ORIGINAL,1.0167035774175588,2.5148897462518534,54.79913342094852,0.0079429966985746,0.0196475761425926,0.4281182298511603,0.995575221238938,0.8361408882082695,d9f40994977fec044398ac443b6e4bd9431f65319dc4a7670b1cb49e3768c208,True
gaussian_iid_L128_q7_W0.805_r71,128,0.805,ORIGINAL,1.142434436918549,2.087649586323096,115.35992563410028,0.0089252690384261,0.0163097623931491,0.9012494190164084,0.9839098954143202,0.8885253563916803,f748abe5fcffe3a6ab545b6a2680cec95540625f654c3f429149ad185c632f17,True
gaussian_iid_L128_q7_W0.805_r72,128,0.805,ORIGINAL,1.0489062139199916,1.8975634487890147,58.25616541708132,0.0081945797962499,0.0148247144436641,0.4551262923209478,0.9920571882446386,0.9126740618362048,152f2bb04064c4d811a145af16d3bc7f01ae4e84c7034c2a9da30c97e00af3e5,True
gaussian_iid_L128_q7_W0.805_r73,128,0.805,ORIGINAL,1.0348174095740887,2.434132364331674,91.81246646162911,0.0080845110122975,0.0190166590963412,0.7172848942314776,0.9946258784621744,0.8291006301317548,752ab5cf17212fd3d10bbbd4c7c45347c5ce2eb3b41641885c1888d73995d812,True
gaussian_iid_L128_q7_W0.805_r74,128,0.805,ORIGINAL,1.1088501353559508,2.735351739324813,86.05722845326568,0.0086628916824683,0.021369935463475,0.6723220972911381,0.987151248164464,0.7985002884060758,ecafc2e8fd825f76d608393797b837bfb64cce3711490dd7a6f0649ed8749c0f,True
gaussian_iid_L128_q7_W0.805_r75,128,0.805,ORIGINAL,1.0867097184981702,2.3837750594922937,116.35514021845918,0.0084899196757669,0.0186232426522835,0.9090245329567124,0.9929431299294312,0.8405068822372733,106ca7f9725091a5098a398058b1b5f9bf54216080e5961ccfcf613d25510d0e,True
gaussian_iid_L128_q7_W0.805_r76,128,0.805,ORIGINAL,0.9672531361702852,2.3102680911038505,113.7427961617645,0.0075566651263303,0.0180489694617488,0.8886155950137852,0.9920601755119096,0.8588636363636364,980adcfd84e3f062e0b3f74c0f96fa454bc739d562cf4aacd2ad75e4dbbdfb12,True
gaussian_iid_L128_q7_W0.805_r77,128,0.805,ORIGINAL,1.1774379367464434,2.2210712977717293,116.30945565814169,0.0091987338808315,0.0173521195138416,0.9086676223292318,0.9833212472806382,0.8719101123595505,4d04c59fb403f0b36a35bf2c61f5bdc87ae99db950f1e63c69090e2d30aa5695,True
gaussian_iid_L128_q7_W0.805_r78,128,0.805,ORIGINAL,1.2217185013918623,2.044304892597509,111.68333437072486,0.0095446757921239,0.015971131973418,0.872526049771288,0.9860113421550094,0.8917066483893078,b130626cc6ecd69ddb61e41918238559c930e3576069b5517a6a0a513ac2f7c9,True
gaussian_iid_L128_q7_W0.805_r79,128,0.805,ORIGINAL,1.017416270887253,4.451142886208828,115.65096971509472,0.0079485646163066,0.0347745537985064,0.9035232008991776,0.9951377633711508,0.6237363246087799,2c4b6f53334782e345df87a28101aaa2288ac44d390901df19fe3eea6a244470,True
gaussian_iid_L128_q7_W0.805_r8,128,0.805,ORIGINAL,1.112760635283152,2.2329445154365573,99.10594465145428,0.0086934424631496,0.0174448790268481,0.7742651925894866,0.9868624420401856,0.8644341335485173,f871bcafae1169df9259e38bb2b56a87c75aebcccf085962baff63f7c7d93518,True
gaussian_iid_L128_q7_W0.805_r80,128,0.805,ORIGINAL,1.1077469471098595,2.937194105418584,32.45554734470703,0.0086542730242957,0.0229468289485826,0.2535589636305236,0.985133020344288,0.7984922575387123,544483176a615371fe369fad1dc094c3dc038bc970ab622ba2f53c9dffefc640,True
gaussian_iid_L128_q7_W0.805_r81,128,0.805,ORIGINAL,0.8628498065627497,2.4932615329736194,103.61857508326648,0.0067410141137714,0.0194786057263564,0.8095201178380195,0.9995454545454544,0.8240125146656238,bac6139b556fd94f5ada7c55efaa6e26a68ddea5e0620098c1de19ae3073d23a,True
gaussian_iid_L128_q7_W0.805_r82,128,0.805,ORIGINAL,1.1787986118027618,41.10340516229694,36.42600207525764,0.009209364154709,0.3211203528304448,0.2845781412129503,0.9914243102162564,0.0,caf7ba185288b93bbcd337f29f2ce1dce2fd293b8a85a045a77d9f7ced0f82da,True
gaussian_iid_L128_q7_W0.805_r83,128,0.805,ORIGINAL,1.0101481246856563,3.6023780641313863,119.10053490339598,0.0078917822241066,0.0281435786260264,0.9304729289327812,0.9920067311737484,0.7336966735576019,7a9072d9a359c508ea3f5e601e9bd40951de390333c02ca41fba828eee5e0a3f,True
gaussian_iid_L128_q7_W0.805_r84,128,0.805,ORIGINAL,0.958690057118318,1.6395300672138404,118.69429051081045,0.0074897660712368,0.0128088286501081,0.9272991446157066,0.9940400170285228,0.9455890121500264,9c5730ddae9010ccb5b18ef65f25ce0193a6d9c95429d66e577e4207e48366bb,True
gaussian_iid_L128_q7_W0.805_r85,128,0.805,ORIGINAL,1.069669202883162,2.224244203755134,119.7802823639999,0.0083567906475247,0.0173769078418369,0.9357834559687492,0.9900318979266348,0.8697928026172301,d376633753be4da8f714b6a05d7bac9ea86f33821f75d74f6b153b3701a85fbb,True
gaussian_iid_L128_q7_W0.805_r86,128,0.805,ORIGINAL,1.1550394076335948,1.8851372812145968,112.48295023791518,0.0090237453721374,0.014727635009489,0.8787730487337123,0.9867755737067287,0.918768186226964,9e3e1e4c29dad7781e3a2ec497c934de6ecdd00adfcbadc53eadd75c126f123c,True
gaussian_iid_L128_q7_W0.805_r87,128,0.805,ORIGINAL,1.0960317742303405,4.479767360273556,85.82103213392371,0.0085627482361745,0.0349981825021371,0.670476813546279,0.9899879855826992,0.62625,07c3c423101169697471692d51d49b8fba6776bc8d24c6c7cabd5fd482b47da5,True
gaussian_iid_L128_q7_W0.805_r88,128,0.805,ORIGINAL,1.159664098526335,3.376125024197705,77.16779465569388,0.0090598757697369,0.0263759767515445,0.6028733957476085,0.9845141308555942,0.7197305442297465,81a6042a2598bf713b4131dd769edc433c2d5c3899908b92a522891fcd6a21f7,True
gaussian_iid_L128_q7_W0.805_r89,128,0.805,ORIGINAL,1.1406095512826795,2.0125486642339894,83.66426306010348,0.0089110121193959,0.015723036439328,0.6536270551570584,0.9892884468247896,0.8985338608331394,035f4d559696f646a377cfd70c0307005454f286521b3c4bde30bfc3d2b20c79,True
gaussian_iid_L128_q7_W0.805_r9,128,0.805,ORIGINAL,1.0457904981288948,2.196540637816071,30.568176127063182,0.0081702382666319,0.017160473732938,0.2388138759926811,0.993517017828201,0.8681541582150102,21161a15d4ff8194bea20a6dfd20d0cd5e243cce96328b2d201f1f0d53dbebf4,True
gaussian_iid_L128_q7_W0.805_r90,128,0.805,ORIGINAL,1.0217343953044633,1.6603752106607883,43.07828943799712,0.0079822999633161,0.0129716813332874,0.3365491362343524,0.9891304347826086,0.9395194697597348,6171109481f4cfdea0d23d00e1ed4f1212400d7430ca71a09637de322806a9bc,True
gaussian_iid_L128_q7_W0.805_r91,128,0.805,ORIGINAL,1.088367123492631,1.8197864728720676,113.55094684676014,0.0085028681522861,0.014217081819313,0.8871167722403136,0.9884874950377134,0.92578125,5fc05b019119c0808b358c3e911167372d8508cb9a63932caeb5a2138f011e16,True
gaussian_iid_L128_q7_W0.805_r92,128,0.805,ORIGINAL,1.160367413999282,4.075941183741264,85.11470415485509,0.0090653704218693,0.0318432904979786,0.6649586262098054,0.9912314144109798,0.627524115755627,3aa50913d9c2de4f4c16723ec076d0856c0ab7ad68e3cf1127cc03066f15d8e8,True
gaussian_iid_L128_q7_W0.805_r93,128,0.805,ORIGINAL,0.982351072563162,1.609142978036445,70.60839495607604,0.0076746177543997,0.0125714295159097,0.5516280855943441,0.9942763695829926,0.954508308362844,2a7320fd967b025a1f71131344ae0f7dd8c5226d3dc278d571d1752b21624ac9,True
gaussian_iid_L128_q7_W0.805_r94,128,0.805,ORIGINAL,1.010600687546031,2.306917837460446,113.9999023533517,0.0078953178714533,0.0180227956051597,0.8906242371355602,0.9959200326397388,0.8557851239669422,7e319169b69139330412eaa420347d9534e4b9fb31d0b396f123eb0c5cacc198,True
gaussian_iid_L128_q7_W0.805_r95,128,0.805,ORIGINAL,1.098779896144137,2.357761388865555,116.13760635356228,0.008584217938626,0.0184200108505121,0.9073250496372052,0.9905697445972496,0.8492534260584986,329565c6603b0fc7f8b1675ac6c39110bec52c672b76aadc10a9f4ca329602dc,True
gaussian_iid_L128_q7_W0.815_r0,128,0.815,ORIGINAL,0.972061097016109,2.8459583022848847,113.29678874486144,0.0075942273204383,0.0222340492366006,0.8851311620692299,0.9957264957264956,0.7847722876736416,9204ddc03de6b842503315277eb7b25545893ecb0d97b2fc09a648a5ac6bd50a,True
gaussian_iid_L128_q7_W0.815_r1,128,0.815,ORIGINAL,1.036090451804114,3.05327325045873,113.66982146263209,0.0080944566547196,0.0238536972692088,0.8880454801768131,0.991578947368421,0.7737104825291181,a62c28ccfe9f95bd38f9c34c5f19944968859324be962a777ed1c17efd3729f3,True
gaussian_iid_L128_q7_W0.815_r10,128,0.815,ORIGINAL,1.121305166119953,4.321501184971183,113.066042149461,0.0087601966103121,0.0337617280075873,0.8833284542926642,0.9924692826000792,0.6049249249249249,6fdf14ca7344d60f8c1f0e022bbba9556a0d425cf1aaa0f35b0a203f7d6cddea,True
gaussian_iid_L128_q7_W0.815_r11,128,0.815,ORIGINAL,1.0049040197259842,45.44514109685569,114.16415581267466,0.0078508126541092,0.3550401648191851,0.8919074672865208,0.9896907216494846,0.0,585ec51dc3bebb2e6c876675c82a00821e6e403710c424f3ebe2cc72ad9dba72,True
gaussian_iid_L128_q7_W0.815_r12,128,0.815,ORIGINAL,1.2335030447425623,2.9515888649630853,114.0754280399539,0.0096367425370512,0.0230592880075241,0.8912142815621399,0.9831117499101688,0.774941578285098,a061b1fcdf3e47e23532747e1eb98388b47d30b993df018c26842a5345606053,True
gaussian_iid_L128_q7_W0.815_r13,128,0.815,ORIGINAL,1.225650422967874,4.57971582281553,111.82787604932643,0.0095753939294365,0.0357790298657463,0.8736552816353628,0.9851767388825542,0.5284756280652587,29bb9dca5286baff766325a0965d178858d268c246293129f1960faa925c85ea,True
gaussian_iid_L128_q7_W0.815_r14,128,0.815,ORIGINAL,1.1488989498219695,4.164904117287392,112.77231203121336,0.0089757730454841,0.0325383134163077,0.8810336877438544,0.9832402234636872,0.7204396383619925,67aaa0f61c038c814b9457080b200d2d59b766cdf041e3d9a5c3f489cbdc80d6,True
gaussian_iid_L128_q7_W0.815_r15,128,0.815,ORIGINAL,1.0630570597655409,1.826301528931808,112.30026207042567,0.0083051332794182,0.0142679806947797,0.8773457974252007,0.9917485265225932,0.9224459358687548,5149891034d9f4a8111b7ef2054bac1eff0381633f2b5fd64b10cd8801368a8c,True
gaussian_iid_L128_q7_W0.815_r16,128,0.815,ORIGINAL,1.0632619637300422,2.102282669829833,113.89125402558705,0.0083067340916409,0.0164240833580455,0.8897754220748988,0.9887770897832816,0.8852242744063324,9ca55e84e39131c1293eb803572dd5b088e2e23134bf707ff8283244240c29ac,True
gaussian_iid_L128_q7_W0.815_r17,128,0.815,ORIGINAL,0.8976513927238159,4.045594638112561,113.671580134523,0.0070129015056548,0.0316062081102543,0.888059219800961,0.9965050240279598,0.6867429340511441,38d93cdb242b5a3cb5019a7d600bf956c6fa2bbb3298acb8f1dca74de58b88f7,True
gaussian_iid_L128_q7_W0.815_r18,128,0.815,ORIGINAL,1.060831472802036,3.2326573957100635,105.83979977478492,0.0082877458812659,0.0252551359039848,0.8268734357405071,0.9956122856003192,0.7320644216691069,401860221bbb2d63e1e423ebbd87833506aaeea5fe3d4c8704b77b2d41a3658c,True
gaussian_iid_L128_q7_W0.815_r19,128,0.815,ORIGINAL,1.109396111388719,3.031964756882658,114.2746089412792,0.0086671571202243,0.0236872246631457,0.8927703823537437,0.9873417721518988,0.7450393700787401,1b8a6492385489c22a2c32ae6ba12730a3e874b77f67c8153de58b7de60abc23,True
gaussian_iid_L128_q7_W0.815_r2,128,0.815,ORIGINAL,1.0465116252368034,2.0304405418597757,114.04842236555994,0.0081758720721625,0.0158628167332794,0.8910032997309371,0.9939320388349514,0.8948614728865735,20a25e612b3114c600dbc57596f2d90e0aff81928d455699b366ab67928ca9c0,True
gaussian_iid_L128_q7_W0.815_r20,128,0.815,ORIGINAL,0.9909945989259228,3.535164168641444,113.31701069860132,0.0077421453041087,0.0276184700675112,0.8852891460828227,0.9927360774818402,0.6862045298558682,870adc3a52882bc2ccdbf307c6e2371c1feb88e9310998f20f14e046adfb77dd,True
gaussian_iid_L128_q7_W0.815_r21,128,0.815,ORIGINAL,1.098833241760886,2.321260868646519,114.12577560935752,0.0085846347012569,0.0181348505363009,0.8916076219481057,0.9889101338432122,0.8482506102522376,fc7f5ecd40a6decd441b45272577b325eea62d6ade7ba37df69172943d59be64,True
gaussian_iid_L128_q7_W0.815_r22,128,0.815,ORIGINAL,1.1071808755145869,2.7000651721466795,75.84674449150855,0.0086498505899577,0.0210942591573959,0.5925526913399105,0.9956794972505892,0.8187579214195184,015c028500fea2125083fd3749ae69bf4a38abc7ebb21af81fe7802cb17a5ba7,True
gaussian_iid_L128_q7_W0.815_r23,128,0.815,ORIGINAL,1.1331315435678562,3.2849278312180985,113.81759961239432,0.0088525901841238,0.0256634986813913,0.8891999969718307,0.989741641337386,0.718562874251497,456ec3fb4caeb3a02376f2cd7d5075e7c9fa03fa93f3944b34704b9f82959f47,True
gaussian_iid_L128_q7_W0.815_r24,128,0.815,ORIGINAL,0.9955108850432596,2.5963767048032054,113.2522164364294,0.0077774287894004,0.020284193006275,0.8847829409096047,0.9929635761589404,0.8218414533443436,68a4d3d200a728a3bb83c2967e92fa03065e53d4a37d7b943cafd60bc2514509,True
gaussian_iid_L128_q7_W0.815_r25,128,0.815,ORIGINAL,1.1818507879914364,1.997171226326515,114.03871988638484,0.009233209281183,0.0156029002056758,0.8909274991123814,0.9879956347762824,0.9006156552330695,5ee31ff6cb4c3b7a82b869c756bf0677b2726c47541d6820f2dda8366ed89a0c,True
gaussian_iid_L128_q7_W0.815_r26,128,0.815,ORIGINAL,1.0247175678845934,2.1859753622509857,113.6710215809978,0.0080056059990983,0.0170779325175858,0.8880548561015452,0.9937421777221528,0.8748277446026642,2e1c9a41313071d5523c54e981bb431156b0b6a095ab3374829f76a296a507e4,True
gaussian_iid_L128_q7_W0.815_r27,128,0.815,ORIGINAL,1.076142001206648,3.023531217179155,113.48131825651888,0.0084073593844269,0.0236213376342121,0.8865727988790538,0.9896373056994818,0.728895096213532,a7b1e3a8c35d59c5009827e2a5d209133207ed52c5db7acc2befc7d8b6274bde,True
gaussian_iid_L128_q7_W0.815_r28,128,0.815,ORIGINAL,1.1846289891361437,3.106025915698453,113.92500830577924,0.0092549139776261,0.0242658274663941,0.8900391273889003,0.978978978978979,0.766301419076702,77a469609837f92b2c1ebc53266dde5d1a04d7294a157c242c114ba753521ee3,True
gaussian_iid_L128_q7_W0.815_r29,128,0.815,ORIGINAL,1.1360947348318575,2.9629935130113267,112.61702552435958,0.0088757401158738,0.0231483868204009,0.8798205119090592,0.9925065567628324,0.7930571538166475,e46d30ca9963ce8802eddc9b81b84ea3a69b6cb161d3ac053fb12df8f2650d74,True
gaussian_iid_L128_q7_W0.815_r3,128,0.815,ORIGINAL,1.1019538296381055,4.072404106734851,114.15484002591556,0.0086090142940477,0.031815657083866,0.8918346877024653,0.990715667311412,0.6239630082959337,822ee548ec76a5a286da39be5da7e9592833272b085cf355f0a10645996afd4e,True
gaussian_iid_L128_q7_W0.815_r30,128,0.815,ORIGINAL,0.9497545713171718,2.4368540308256144,114.26700090828676,0.0074199575884154,0.0190379221158251,0.8927109445959903,0.9937939594538684,0.8384431398130028,eef6a3a515d4536ef1d9a6c7cd5cd2eebda3bcceef370a7624f2637f78cbeca8,True
gaussian_iid_L128_q7_W0.815_r31,128,0.815,ORIGINAL,1.1304690308386682,2.76209680014,114.3293124065139,0.008831789303427,0.0215788812510937,0.8931977531758899,0.9900714853057982,0.7925996204933586,46df9e5b3fc98fdc1b11fae7429ad8f3d79ed6ef210b8e1feb2df5b09d1292c0,True
gaussian_iid_L128_q7_W0.815_r32,128,0.815,ORIGINAL,1.179932886289663,2.040866664311324,113.71702691757852,0.0092182256741379,0.0159442708149322,0.8884142727935822,0.9910681056940828,0.8940200042562247,ec695363b293552934c9a052643bad6c3225c73161ad92fcf29fa8e5e2c6bffd,True
gaussian_iid_L128_q7_W0.815_r33,128,0.815,ORIGINAL,1.0804624241755505,2.031966786777872,113.9388465114212,0.0084411126888714,0.0158747405217021,0.8901472383704782,0.9908512330946698,0.8950521411138229,e4b9c6854581569044022c27be3fdd00fd29b26b3ef273cb29cccbbdf43df490,True
gaussian_iid_L128_q7_W0.815_r34,128,0.815,ORIGINAL,1.1654167191591114,2.439704412934816,114.06532335322213,0.0091048181184305,0.0190601907260532,0.8911353386970479,0.9832508564902932,0.8315363881401617,c389b88b541c1c9488b4ef0e1900b2c633aacc6483a0b8090fd08a1f6a0cca94,True
gaussian_iid_L128_q7_W0.815_r35,128,0.815,ORIGINAL,1.000220238723827,3.0356758757388604,118.05818133539246,0.0078142206150298,0.0237162177792098,0.9223295416827536,0.9966101694915256,0.7806502154328241,04aca21a6c547873713b9cf6f56b7a123f5a0ac56cd84f8538d20852495c8d62,True
gaussian_iid_L128_q7_W0.815_r36,128,0.815,ORIGINAL,1.2327117097382967,2.30820980706541,114.09059005189404,0.0096305602323304,0.0180328891176985,0.8913327347804222,0.9836897426603842,0.8630904723779024,0d708312dff7044ecc3883a86101c0cc281fb8344fdf3c324b5c9127ca940b6e,True
gaussian_iid_L128_q7_W0.815_r37,128,0.815,ORIGINAL,1.0033722649543364,3.90907899030033,114.02933334019036,0.0078388458199557,0.0305396796117213,0.8908541667202371,0.992158481221626,0.5951255001818844,c70d04a629415817a05b5148a743b39b19587c97675186fc16ec178cbb12a1d5,True
gaussian_iid_L128_q7_W0.815_r38,128,0.815,ORIGINAL,0.9446310320173552,1.8508483588231852,113.84079965767474,0.0073799299376355,0.0144597528033061,0.8893812473255839,0.9957283212302436,0.9196205691462804,5fb069b2cd8fb89d950cd0b552c54d34b9da032e1b0c9c4801721448d0f3f007,True
gaussian_iid_L128_q7_W0.815_r39,128,0.815,ORIGINAL,1.1259475124441138,3.190928734249823,113.95643351265966,0.0087964649409696,0.0249291307363267,0.8902846368176536,0.9916635089048882,0.7464332036316472,853c07059f49e671e3755f786bbeba8be3af9b68ad6f153a0d2e8809b4bf9008,True
gaussian_iid_L128_q7_W0.815_r4,128,0.815,ORIGINAL,1.048158343449117,1.9615081043595384,113.92346473307178,0.0081887370581962,0.0153242820653088,0.8900270682271233,0.9939295831647108,0.90625,1ace8192b58ad0063ac4bece20b0f8658ed28003418703882ad0b67d874e1cd6,True
gaussian_iid_L128_q7_W0.815_r40,128,0.815,ORIGINAL,1.1642288820009128,4.818100626491173,111.69876143584884,0.0090955381406321,0.0376414111444622,0.872646573717569,0.98592620768353,0.5162976337546327,62e83524ccf08a01be334c4799e13bb04f64dd0977b5dde751c16b916c6ac2db,True
gaussian_iid_L128_q7_W0.815_r41,128,0.815,ORIGINAL,1.0197658108083374,1.9788614664316384,112.26930543388782,0.0079669203969401,0.0154598552064971,0.8771039487022486,0.993158953722334,0.9033483733080028,544d707770e0347f1e9365e92c4c05e53ea534e72ebcc39b7ba4cb0bd2f53c6d,True
gaussian_iid_L128_q7_W0.815_r42,128,0.815,ORIGINAL,1.1573139176276612,2.150703022651029,67.65414333282536,0.0090415149814661,0.0168023673644611,0.5285479947876981,0.9870820668693008,0.8748009554140127,8fe6b34f138b98a648a0cec57e44c9359120e1110b699a05ed8a35fa5084cadb,True
gaussian_iid_L128_q7_W0.815_r43,128,0.815,ORIGINAL,1.05116538264798,2.1572922918772406,114.14931774114878,0.0082122295519373,0.0168538460302909,0.8917915448527248,0.991809991809992,0.87584111135229,f2483df612eb7a59304a40bfd1baffc3409dabbe618dc88a0b0230defa90b7eb,True
gaussian_iid_L128_q7_W0.815_r44,128,0.815,ORIGINAL,0.9980098030371352,2.1955781881376737,113.4288891390729,0.0077969515862276,0.0171529545948255,0.886163196399007,0.9946786737617684,0.8707376866503231,366a6638548aeff050c3465229b4e80fd3077a2510f1e4d636cb2c3a9ae3e83c,True
gaussian_iid_L128_q7_W0.815_r45,128,0.815,ORIGINAL,1.1096624872213,2.1113214302779117,94.3967566226206,0.0086692381814164,0.0164946986740461,0.7374746611142234,0.9880191693290736,0.8837516512549538,36ccaf14f475fc56c4dfbca51b44884e16e8a9a38d69a3f2be3e1891b5bbf2d5,True
gaussian_iid_L128_q7_W0.815_r46,128,0.815,ORIGINAL,1.1681863544219624,2.2816298949858838,119.56870071759626,0.0091264558939215,0.0178252335545772,0.9341304743562208,0.9880908075921102,0.8562548562548562,88b78608eca84acfa72417355b2c3fe519d0f6e116bb8dc310cacc112a696aa3,True
gaussian_iid_L128_q7_W0.815_r47,128,0.815,ORIGINAL,1.0272096868366418,2.6248805116686924,113.59098649407235,0.0080250756784112,0.0205068789974116,0.8874295819849403,0.9893026941362916,0.8212996389891697,c9a98582ac0915c260ffc92873b6ccf21936242b95254ce89d02b1289dee1648,True
gaussian_iid_L128_q7_W0.815_r5,128,0.815,ORIGINAL,1.017291630738299,2.386113409365976,113.4945122548403,0.0079475908651429,0.0186415110106716,0.8866758769909399,0.9880756578947368,0.8352556708958093,984658cc42b9cec3af46f352792a596493b31b8066950ad784ae9d9620caa001,True
gaussian_iid_L128_q7_W0.815_r6,128,0.815,ORIGINAL,1.1681567804253916,1.713316897438531,59.70135702734864,0.0091262248470733,0.0133852882612385,0.4664168517761612,0.9856006062902616,0.9401687547941704,4c4a28ae82d4cb40fc8c419811df8deefabe46d362aeb73e8bf5293f0a9cf299,True
gaussian_iid_L128_q7_W0.815_r7,128,0.815,ORIGINAL,1.1930491946008883,2.4017175311504104,113.562355649806,0.0093206968328194,0.0187634182121125,0.8872059035141093,0.9832026875699889,0.8378635240448584,210f3436f75f31718c87a13b20fe4874821a517543b2a5f4d3aca982efb6db40,True
gaussian_iid_L128_q7_W0.815_r8,128,0.815,ORIGINAL,1.1431898838845456,2.6078892785895533,113.7735470211687,0.008931170967848,0.0203741349889808,0.8888558361028804,0.9862752573389248,0.808374733853797,ab25f3f81ccf25d06e0c0a7dfb8dd8bf70a3cc7a4b8b007275bf2c2a68116a98,True
gaussian_iid_L128_q7_W0.815_r9,128,0.815,ORIGINAL,1.0909518547155272,2.5407551830356425,113.61963743758112,0.008523061364965,0.0198496498674659,0.8876534174811025,0.9917485265225932,0.816520336857194,adcce6e7546f301e4416379afdf93c5d700ba3f8a39bb540884abd7a1e018a6c,True
gaussian_iid_L128_q7_W0.84_r0,128,0.84,ORIGINAL,1.1159675207731825,6.622193180108297,114.30621470061216,0.0087184962560404,0.051735884219596,0.8930173023485326,0.988262910798122,0.4277989821882951,89cbc8c3c0be4ba4d02aff17db3fa223b6aa52bd12df38fe6d01f2a53d5c7ab5,True
gaussian_iid_L128_q7_W0.84_r1,128,0.84,ORIGINAL,1.104567134970381,31.59104586833581,114.25089386458232,0.0086294307419561,0.2468050458463735,0.8925851083170494,0.990353697749196,0.0,2e73ca9a00c6fd0591b44f44e190ba22e96f363c03c4b0ef7737b7722dfe3330,True
gaussian_iid_L128_q7_W0.84_r10,128,0.84,ORIGINAL,1.2366216234447478,77.53187783076832,114.21227730522266,0.009661106433162,0.6057177955528775,0.892283416447052,0.9844386809929604,0.0,54a0dc50b7dcd8562f16df24d2f8695ca5621850d4b7292d52a1d97b776ebd93,True
gaussian_iid_L128_q7_W0.84_r11,128,0.84,ORIGINAL,1.0405133543121678,48.47723969965652,114.28872639886336,0.0081290105805638,0.3787284351535666,0.89288067499112,0.9911646586345382,0.0,d06d81c374661b929a19cf4f95b6dfd5115569a291dd721e2073780940b981c8,True
gaussian_iid_L128_q7_W0.84_r12,128,0.84,ORIGINAL,1.294399732326113,5.235863797226287,114.34294360851794,0.0101124979087977,0.0409051859158303,0.8933042469415464,0.9767282683093772,0.4582392776523702,f9dc7877b9ee905136b47320476aaa050398caaa782df4561a31e7baacbfef09,True
gaussian_iid_L128_q7_W0.84_r13,128,0.84,ORIGINAL,1.2189269484179732,68.85556519330628,114.21488018244476,0.0095228667845154,0.5379341030727053,0.8923037514253497,0.9832890239270794,0.0,d9536e2259b1f2ee289b70a4725b5672ad249620391318429b16b46a53dfc52a,True
gaussian_iid_L128_q7_W0.84_r14,128,0.84,ORIGINAL,1.4699916084738192,38.45050629884173,114.15537056708604,0.0114843094412017,0.300394580459701,0.8918388325553598,0.9641393442622952,0.0,8729b57bdff852a37514b5016c146bee3a42481de02715094b8cbe3b8cde68bf,True
gaussian_iid_L128_q7_W0.84_r15,128,0.84,ORIGINAL,1.111110912468746,96.24489599557327,114.27633652159052,0.008680554003662,0.7519132499654163,0.892783879074926,0.9881769641495042,0.0,7bc25d330675f6f1affa955c07ad825cc8e720e14019a173948fa971bab860ce,True
gaussian_iid_L128_q7_W0.84_r2,128,0.84,ORIGINAL,1.0855783894458997,123.43425109493904,114.2833246819324,0.008481081167546,0.9643300866792112,0.8928384740775969,0.9933723196881092,-0.0061945421061443,273996bcce96fff5a31330df73e6d0e0884d1b76f93371927061b13d702bda6f,True
gaussian_iid_L128_q7_W0.84_r3,128,0.84,ORIGINAL,1.2690392886586892,4.775530904676032,114.37892707605832,0.009914369442646,0.0373088351927815,0.8935853677817057,0.978789986091794,0.5118755118755118,e4d1a2afad30a67b622f7f74ce59bc7310020459ae3ed89dafe33f1555cfe068,True
gaussian_iid_L128_q7_W0.84_r4,128,0.84,ORIGINAL,1.142609465303963,103.07814502062163,114.26994793869444,0.0089266364476872,0.8052980079736065,0.8927339682710502,0.9931166347992352,0.0,34bff3f68af35ddd158d620f56e2f288488a0c8890085a0ec40b962f6f125d3c,True
gaussian_iid_L128_q7_W0.84_r5,128,0.84,ORIGINAL,1.1332467921434528,81.83060093063185,114.23712820077807,0.0088534905636207,0.6393015697705613,0.8924775640685788,0.9830834294502114,0.0,a8d2fc1ae747cfe6270799afc77c4d78950c074bc54d9fe1d787cd1138d464c2,True
gaussian_iid_L128_q7_W0.84_r6,128,0.84,ORIGINAL,1.2495285002299283,40.56198320443353,113.82875756464964,0.0097619414080463,0.3168904937846369,0.8892871684738254,0.9769618430525558,0.0,e5299f384deb07fa59f85d9b8af1f6106816ea9c92ef8d4fb6c4e4e081ece84d,True
gaussian_iid_L128_q7_W0.84_r7,128,0.84,ORIGINAL,1.2643623908941066,2.6736230695139085,114.10301519886032,0.0098778311788602,0.0208876802305774,0.8914298062410964,0.976876556385628,0.7771679473106476,92852a87dec5768b5a300f4bd294702a008e407b5339b8ce22f0c0d28439a35a,True
gaussian_iid_L128_q7_W0.84_r8,128,0.84,ORIGINAL,1.2265965072430165,45.197468624094455,114.05806300798294,0.009582785212836,0.3531052236257379,0.8910786172498667,0.9821109123434704,0.0,b2de12d5a8930646856a6485727371fcc70b5f7e05f58f336333ab5964c1ba0e,True
gaussian_iid_L128_q7_W0.84_r9,128,0.84,ORIGINAL,1.228677725149069,2.8189895022265574,114.38131634665204,0.0095990447277271,0.0220233554861449,0.893604033958219,0.9825374198146828,0.7602393005062126,fe214cf025cbbc8e8d57e76552b17048848309be48fa15d532363ff8b79a8a3f,True
gaussian_iid_L128_q7_W0.86_r0,128,0.86,ORIGINAL,1.1786405124229449,76.36514678336485,114.47610652986982,0.0092081290033042,0.5966027092450379,0.894344582264608,0.9832026875699889,0.0,12880612526cf2813d6de14482d1fbc9c049457471199b7d9326cf3941889e0e,True
gaussian_iid_L128_q7_W0.86_r1,128,0.86,ORIGINAL,1.1411086464767664,46.17010748426637,114.4613556259458,0.0089149113005997,0.360703964720831,0.8942293408277016,0.9888117283950616,0.0,63d33b056ad2397c9558fa18ccde476b7e71c9541929309b5f6fb51b29db01d7,True
gaussian_iid_L128_q7_W0.86_r10,128,0.86,ORIGINAL,1.5358161802465418,84.55945918298941,114.4702091982858,0.0119985639081761,0.6606207748671048,0.8942985093616078,0.95357833655706,0.0,5b32c891e4c40d2685902aa77e12b7507f90954d8723a865678a0f0a233e0d02,True
gaussian_iid_L128_q7_W0.86_r11,128,0.86,ORIGINAL,1.1253994033916968,58.35225281467396,114.45072445027614,0.0087921828389976,0.4558769751146403,0.8941462847677824,0.98743814236772,0.0,e364d0f4c1095730ad695551cdefa9f59f15c8e26bf680a8a18fad2d1d93a691,True
gaussian_iid_L128_q7_W0.86_r12,128,0.86,ORIGINAL,1.3150278533056508,48.28565972691722,114.50811141336848,0.0102736551039503,0.3772317166165407,0.8945946204169412,0.9768921634293368,0.0,64a8cac6f4a4e5cdaa0526c2cee518d64cc2481c48b35afd0013720b2674872e,True
gaussian_iid_L128_q7_W0.86_r13,128,0.86,ORIGINAL,1.2791918928247696,69.59012343048002,114.34711599887456,0.0099936866626935,0.5436728393006252,0.8933368437412076,0.9807211710103536,0.0,6a4d62c3867543d138748c6b2a3aa5d4e9a04e3c091a3e710a50ce0400b436af,True
gaussian_iid_L128_q7_W0.86_r14,128,0.86,ORIGINAL,1.4295333799873902,45.05264660288995,114.3516606099808,0.0111682295311514,0.3519738015850777,0.8933723485154751,0.967003367003367,0.0,642f37c7114b5428374da0d23eb9b8360fa772059c314a39aa8f3d1e8ffd1a96,True
gaussian_iid_L128_q7_W0.86_r15,128,0.86,ORIGINAL,1.2183173574565558,21.35329570877832,114.46513823544582,0.0095181043551293,0.1668226227248306,0.8942588924644205,0.9861849096705632,0.0956866555907338,66c32cc6438ecf79e06e5b5461dfe90ac5d14b97800d94b99914c4e8d96530df,True
gaussian_iid_L128_q7_W0.86_r2,128,0.86,ORIGINAL,1.1892425746992643,46.20937607272164,114.51016724556158,0.009290957614838,0.3610107505681378,0.8946106816059498,0.9869470630891952,0.0,af3aa0ce2b2561e960e4d81593a4ecff58ade5c3347c34080ba3ca1c7aa1080a,True
gaussian_iid_L128_q7_W0.86_r3,128,0.86,ORIGINAL,1.3971492838514337,53.370253003480826,114.4587637255445,0.0109152287800893,0.4169551015896939,0.8942090916058164,0.973743922204214,0.0,22435d0824a644bcc138707414128b5ddd726425cb8b051f8754a3311f7503a2,True
gaussian_iid_L128_q7_W0.86_r4,128,0.86,ORIGINAL,1.2233241968755664,83.85784027243473,114.42331143029412,0.0095572202880903,0.6551393771283963,0.8939321205491728,0.9856793573174992,0.0,ef1f4cecbd133c3af082163344a3adf704f241923c8db1588bf662f5b7112906,True
gaussian_iid_L128_q7_W0.86_r5,128,0.86,ORIGINAL,1.1589262486714773,123.17844250321434,114.29405662044944,0.0090541113177459,0.962331582056362,0.8929223173472612,0.9838163342115168,-0.0087275103259981,3285cc4b7afdf0e668be797cb0818a8ea8f5a4b2ca7c2b0908e47d3fbd173ff2,True
gaussian_iid_L128_q7_W0.86_r6,128,0.86,ORIGINAL,1.3207983205130631,107.7879842643389,114.1634065374667,0.0103187368790083,0.8420936270651477,0.8919016135739586,0.9747048903878583,0.0,56a748486ca86edf146d3c25ba80bfe083f717ee13e85d0c4c9ac3af8e39347e,True
gaussian_iid_L128_q7_W0.86_r7,128,0.86,ORIGINAL,1.3394991202194433,33.06492130347736,114.41632587487544,0.0104648368767144,0.2583196976834169,0.8938775458974643,0.9695185313474196,0.0,1c9e750b72bad9a6512fff352c2f1db5a818d25c3f818ea6ffbca20455305f64,True
gaussian_iid_L128_q7_W0.86_r8,128,0.86,ORIGINAL,1.367503452312164,48.56204607725523,114.2271133451154,0.0106836207211887,0.3793909849785565,0.892399323008714,0.9748427672955976,0.0,742e1a176856022ada3bc60acdfb083ed1dc6c8682567dde95c0f6909828c98a,True
gaussian_iid_L128_q7_W0.86_r9,128,0.86,ORIGINAL,1.2469670720966235,9.01630763298725,114.52385786471795,0.0097419302507548,0.0704399033827128,0.8947176395681091,0.984011122697254,0.2074347428648813,742eba760c241d8df05160c2996a059f3831c30bf87347495d1b12a4a27e5602,True
gaussian_iid_L128_q7_W0.9_r0,128,0.9,ORIGINAL,1.248278112803817,113.78954440819317,114.6701498042778,0.0097521727562798,0.888980815689009,0.8958605453459204,0.9797979797979798,0.0108254397834912,4200cbabafc6d3c61acba2327bab721ef7152938da12ade0c30289cf77a55f76,True
gaussian_iid_L128_q7_W0.9_r1,128,0.9,ORIGINAL,1.3515845653900271,113.39509365327125,114.60198966416804,0.0105592544171095,0.8858991691661816,0.8953280442513128,0.9763433592429877,0.0118022311923927,c76114432689e4749d5ad9551356b16c75a33ba44ea0f3275788f91d0a7aad58,True
gaussian_iid_L128_q7_W0.9_r2,128,0.9,ORIGINAL,1.4343420243760647,113.62121681910634,114.6614663763046,0.011205797065438,0.8876657563992683,0.8957927060648797,0.9646576207005364,0.0107459241390783,4336495c6e4d7c82c87d818bcc60ada981a556006bc9c8f9195f9afc1081cf17,True
gaussian_iid_L128_q7_W0.9_r3,128,0.9,ORIGINAL,1.5686468401126064,113.70104194250209,114.66211172025923,0.0122550534383797,0.8882893901757976,0.8957977478145254,0.9588286459843433,0.0103971546817072,e2b348c07c48e027a40da8503acd68bf4a75ebf438a393c4c5786fe3b6c39153,True
gaussian_iid_L128_q7_W0.9_r4,128,0.9,ORIGINAL,1.558815079941624,113.33319268844762,114.62881915411944,0.0121782428120439,0.8854155678784971,0.895537649641558,0.9578349282296652,0.0119707763032805,999089f6bf1fde2022dbfdc70cb20e770479a1b19abb266431cf60bc44691402,True
gaussian_iid_L128_q7_W0.9_r5,128,0.9,ORIGINAL,1.2949770861901442,112.84325869015612,114.56068430705626,0.0101170084858605,0.8815879585168447,0.8950053461488771,0.9756014910199932,0.0129675001047032,3ceb9e08ba63798fab81023cc2473245f0629a520e978b72ccf7ab0f00a38ece,True
gaussian_iid_L128_q7_W0.9_r6,128,0.9,ORIGINAL,1.427150146009993,113.40771830095105,114.55564074835397,0.011149610515703,0.88599779922618,0.8949659433465152,0.9666030534351144,0.0115464057156401,fecf8ef2050ea55d22a670d419af53326d8caf57e294af430d5e9d3d6d0a96f8,True
gaussian_iid_L128_q7_W0.9_r7,128,0.9,ORIGINAL,1.508277996595183,113.33167938843305,114.65236007617077,0.0117834218483998,0.8854037452221332,0.895721563095084,0.957551522608428,0.0121759807270129,44983cb8fbd8d2de17720c1d45b513c215e1a864c9edddf3b7f6a38d03f4af48,True
gaussian_iid_L256_q7_W0.7975_r16,256,0.7975,ORIGINAL,1.0591887279833545,1.736431403560374,238.36563767393028,0.0041374559686849,0.0067829351701577,0.9311157721637902,0.9913526868437308,0.936798119613476,449d0a480607791be34346762a9e8f3eb672e6961c76bbd61b2857cc7c71da58,True
gaussian_iid_L256_q7_W0.7975_r42,256,0.7975,ORIGINAL,0.9988988282740364,2.3903721888003986,93.89903507454616,0.0039019485479454,0.0093373913625015,0.3667931057599459,0.9915629614005484,0.8465478841870824,135ba1be8b69d10665206edde56cb78befbc09c5447688ad2ce87aba58e1391e,True
gaussian_iid_L256_q7_W0.805_r16,256,0.805,ORIGINAL,1.0935221447759034,2.9002705719218227,237.58795219687013,0.0042715708780308,0.0113291819215696,0.928077938269024,0.9902755267423016,0.7880966072455434,a2359c4e0eab5dba89a2f9e9312cb3015140c1a68e6f14b33a15c804828a56dd,True
gaussian_iid_L256_q7_W0.805_r42,256,0.805,ORIGINAL,1.006475487746087,2.841409426904164,239.3521669925136,0.0039315448740081,0.0110992555738443,0.9349694023145062,0.9920668058455114,0.806509754028838,c03fcdc41302a9605c907f8192c9823f23a8aa7c6c7aaa996dea33e509d41831,True
gaussian_iid_L256_q7_W0.9_r2,256,0.9,ORIGINAL,1.486093649715542,228.99267834127127,230.0702394554992,0.0058050533192013,0.8945026497705909,0.8987118728730437,0.9625409708131732,0.0054401285531505,fd9c0de4376a2f7497684b3378db8923afaf306f3cc3bdfbc1b9ae9a3ba51340,True
gaussian_iid_L256_q7_W0.9_r5,256,0.9,ORIGINAL,1.7723397041879425,228.8270471869446,229.9010565520937,0.0069232019694841,0.8938556530740024,0.8980510021566162,0.9273665133138156,0.0054674321803897,907fc4578060ccf27266be037489f4cf06b02f83bd8249edd6e1efc6908f9390,True
gaussian_iid_L512_q7_W0.7975_r1,512,0.7975,ORIGINAL,1.0272877175914346,2.537224373594256,458.0706033016705,0.0020064213234207,0.0049555163546762,0.8946691470735751,0.9917081260364844,0.8355711965349215,2bde713bd4780b83ee8ebe808a274926bee602c2bb561783ea9ff247c116bb64,True
gaussian_iid_L512_q7_W0.7975_r9,512,0.7975,ORIGINAL,1.0302474128665722,1.910337125623528,485.8836397137278,0.002012201978255,0.0037311271984834,0.9489914838158746,0.9921211501074388,0.913480635551142,e8bbda5cb505e1c7f300bfc19528fcbda9497c6f2afbc5a7cf798e00779cd069,True
gaussian_iid_L512_q7_W0.805_r1,512,0.805,ORIGINAL,1.0558487117680215,3.0871556031041223,458.6515394605492,0.0020622045151719,0.0060296007873127,0.8958037880088852,0.9900315329061132,0.7691263862243227,dc39b0acdbfab009929af29e19f3d0eb999becf070a88fabdc1acca0d2aa5930,True
gaussian_iid_L512_q7_W0.805_r9,512,0.805,ORIGINAL,1.045888545673165,1.962671983892335,458.93687183355627,0.0020427510657679,0.0038333437185397,0.8963610777999146,0.9923232323232324,0.9052039044254148,85829c5352b4d6a3705536152fa7804bdc2e3980613cea07165730d3cdc2910f,True
gaussian_iid_L512_q7_W0.815_r1,512,0.815,ORIGINAL,1.096091556704209,3.352447377069666,459.6250200752478,0.0021408038216879,0.0065477487833391,0.8977051173344683,0.989009900990099,0.7283120376597175,2775b46eccdd52921f2553cc9183bdbe1ebc4491d16ec619c3d77cefae6bb713,True
gaussian_iid_L512_q7_W0.815_r9,512,0.815,ORIGINAL,1.070739675912705,2.270905909250814,459.5715624740826,0.002091288429517,0.0044353631040054,0.8976007079571926,0.9910855784469096,0.8577597285765691,e9d53cfb893e7c90487f0ddfd78de8cadeecdfa78df87307e08aad62265c227f,True
gaussian_iid_L512_q7_W0.9_r1,512,0.9,ORIGINAL,1.740894226070509,459.10506850338913,460.2850829011546,0.0034001840352939,0.8966895869206819,0.8989943025413176,0.9273665842663952,0.0027296744931179,760e74292bda33fecc79a94e16cccd63cd48e3c9cb7fd64ca3565501ad23456e,True
gaussian_iid_L512_q7_W0.9_r3,512,0.9,ORIGINAL,1.5063719567667704,459.3670521527334,460.3953829537842,0.00294213272806,0.8972012737358074,0.8992097323316098,0.964396168062156,0.0026586069080013,aa05ea96bb6896e9c0baa42571279e0c6c7d1cfcc3a7d62bc306f408d628b614,True
gaussian_iid_L64_q7_W0.7975_r59,64,0.7975,ORIGINAL,1.0014755194979583,2.0098207060575177,8.889020068560406,0.0156480549921556,0.0314034485321487,0.1388909385712563,0.9931856899488928,0.8966012446146482,e0839e13018bf1a75312222b55e4ad7629c850f611860daa6dcac175d7e3dabf,True
gaussian_iid_L64_q7_W0.7975_r71,64,0.7975,ORIGINAL,1.1792284545477898,3.252022317424313,27.502090396063352,0.0184254446023092,0.0508128487097548,0.4297201624384898,0.9884348496530456,0.7104072398190046,17cbfac4615c29e003300065131ad8f3c09cbf247c75f733e68c834206d66889,True
gaussian_iid_L64_q7_W0.805_r59,64,0.805,ORIGINAL,1.096503716990533,2.2520521396934043,49.15115914687359,0.017132870577977,0.0351883146827094,0.7679868616698998,0.9903846153846154,0.8485468686041752,f4304816c8416d014117565e2cd9804351a8fc451f13fc067e422e3d839f85ef,True
gaussian_iid_L64_q7_W0.805_r71,64,0.805,ORIGINAL,1.1776231559209975,3.402901647947033,28.632798485356737,0.0184003618112655,0.0531703382491723,0.447387476333699,0.9891640866873064,0.6931216931216931,aae42b055d67c57d77e61b5c0d2b5f78ee48ff2251142e68bf234f74b71810a9,True
gaussian_iid_L64_q7_W0.815_r59,64,0.815,ORIGINAL,1.138788173731491,52.67511028741556,58.17140396158821,0.0177935652145545,0.8230485982408682,0.9089281868998156,0.9874411302982732,0.0,16378b042f8ed61f0444674369ee9ec4b57a14918694a95f3c0bf2ed32f425a7,True
gaussian_iid_L64_q7_W0.815_r71,64,0.815,ORIGINAL,1.2683068784435036,3.437190404673835,56.47771459816627,0.0198172949756797,0.0537061000730286,0.882464290596348,0.9788783685360524,0.6834140435835351,5a21f2d8121f581538d3b051a759116a3355bd0310f175bdc58a379f835fc7a7,True
gaussian_iid_L64_q7_W0.9_r4,64,0.9,ORIGINAL,1.315092050621928,55.87126775362911,57.0136993176058,0.0205483132909676,0.8729885586504549,0.8908390518375906,0.977512297962052,0.0240572792362768,032cd64632fb5f4dc793232ab487fa8f779407b63f6df6871d9070dc0137b17d,True
gaussian_iid_L64_q7_W0.9_r7,64,0.9,ORIGINAL,1.8003258308576804,37.04293626649817,57.13888117487824,0.0281300911071512,0.5787958791640339,0.8927950183574725,0.9266625233064016,0.0494070831675288,ea705d9ea956078c8c6381f224ae8b9a8755f96e10d3e35c9f9a05d6a5d2615b,True
new_q7_sigma24_L128_W0.84_r001,128,0.84,ORIGINAL,1.1877683195048403,3.1884858121744912,114.33083064600817,0.0092794399961315,0.0249100454076132,0.8932096144219388,0.9811877535964588,0.7314413981080647,359a1046e2b77eb30de7617e05c28d8eb4db3bd544277dbb53aa0dfae2882b77,True
new_q7_sigma24_L128_W0.84_r002,128,0.84,ORIGINAL,1.2497489350681974,75.20976727374122,114.30764759230736,0.0097636635552202,0.5875763068261033,0.8930284968149013,0.9853426163429828,0.0,1772aa066c907bee4705d201721395beec9d1536be8aa5f3e509b90139cfb0a2,True
new_q7_sigma24_L128_W0.84_r003,128,0.84,ORIGINAL,1.2270933367486236,12.029501510686188,114.26676104939122,0.0095866666933486,0.0939804805522358,0.8927090706983689,0.9849624060150376,0.1873199759440382,34c35fd8b721f50d82335059c08cfe5d02c97e3d61333d64686055faedfd4cd4,True
new_q7_sigma24_L128_W0.84_r004,128,0.84,ORIGINAL,1.2590123644057627,26.9473649544598,114.51771716090934,0.00983603409692,0.2105262887067172,0.8946696653196042,0.9832142857142856,0.0,dd3643db04d75128f57aa9da2dc038e8860455f7f5f1038c374d5dd8bda4e35b,True
new_q7_sigma24_L128_W0.84_r005,128,0.84,ORIGINAL,1.1214395696185733,65.53250957813565,114.32811993859389,0.0087612466376451,0.5119727310791847,0.8931884370202646,0.9900306748466258,0.0,d7be89aa79261d26c9439d05ff001c10ff79c341a563c5ecf39fb50b4d30fcf0,True
new_q7_sigma24_L128_W0.84_r006,128,0.84,ORIGINAL,1.2603094703326576,112.5491260895098,113.86972072820524,0.0098461677369738,0.8792900475742953,0.8896071931891035,0.97493549576115,0.0,29a729619eb02296c4dcd0a3f49c0136e695224b1b0f77ba64adc14e1d0dbd43,True
new_q7_sigma24_L128_W0.84_r007,128,0.84,ORIGINAL,1.1113366354077243,3.493869488781584,114.44495766277318,0.0086823174641228,0.0272958553811061,0.8941012317404154,0.9906681597611048,0.6939511653718091,138804e475f58df699561cc5372d0d9e16c8f7c9aa1a7178525962c58b42fad6,True
new_q7_sigma24_L128_W0.84_r008,128,0.84,ORIGINAL,1.0669674313981972,17.400660864543724,114.15136592751011,0.0083356830577984,0.1359426630042478,0.8918075463086728,0.9871244635193132,0.0,da297f1314db71b17370b24916860bfa90df1d317b6dcdb959829a815947e756,True
new_q7_sigma24_L128_W0.86_r001,128,0.86,ORIGINAL,1.1633696901831172,96.88555916355595,114.6048867051484,0.0090888257045556,0.7569184309652809,0.8953506773839719,0.9821631878557876,0.0,4cb57be9506a2cde3747a8575ce5a48b34575bd358b3ae1f24deab82d1c0800e,True
new_q7_sigma24_L128_W0.86_r002,128,0.86,ORIGINAL,1.4297390920077788,115.86246355167948,114.63681310325283,0.0111698366563107,0.905175496497496,0.8956001023691629,0.9690150032615786,0.0,6e7e2447f30f1302193f984de946abdb431ca39d26b08f42799170b80f8c2431,True
new_q7_sigma24_L128_W0.86_r003,128,0.86,ORIGINAL,1.250328840821993,105.09150067846343,114.27697393281316,0.0097681940689218,0.8210273490504956,0.8927888588501028,0.9840499306518724,0.0,02d933e3835afa24fcb8059c22c9a74854d6217efe23f71edb6b78b41c0af936,True
new_q7_sigma24_L128_W0.86_r004,128,0.86,ORIGINAL,1.3905527409619651,109.46539806394364,114.29422115868414,0.0108636932887653,0.8551984223745597,0.8929236028022198,0.9703821656050956,0.0,0ba8c8b1f2d0395e5f5b2f3f7b9e210493de791d1c69847c9383635792cbe3f0,True
new_q7_sigma24_L128_W0.86_r005,128,0.86,ORIGINAL,1.20922948951484,107.23277770158676,114.64403610176258,0.0094471053868346,0.8377560757936466,0.8956565320450202,0.9838056680161944,0.0,e170b7e3aa4ee9090dafef280df31813f0bd763e442c42ae7e42e8ec56c4bda8,True
new_q7_sigma24_L128_W0.86_r006,128,0.86,ORIGINAL,1.2799026833124143,65.20712635728752,114.47794554551989,0.0099992397133782,0.5094306746663088,0.8943589495743741,0.9837837837837838,0.0,4b0da9f224fb45fa00608d1397a5e0607e19d2b5a8522ac9a4d181cd978eff1a,True
new_q7_sigma24_L128_W0.86_r007,128,0.86,ORIGINAL,1.2010595689943244,14.846470465623511,114.47555890837498,0.0093832778827681,0.1159880505126836,0.8943403039716795,0.9885217391304348,0.1565195267777636,b82d803f67c1102fb85498b913791392e8b90fb80c51e673203c299d4926ebe8,True
new_q7_sigma24_L128_W0.86_r008,128,0.86,ORIGINAL,1.3215926645326874,58.57462393751496,114.30935440970975,0.0103249426916616,0.4576142495118356,0.8930418313258576,0.9767518009168304,0.0,607f6b0078fc99e5272d4185167faca8b38c50621ec207e4e348c08f71f9423b,True
new_q7_sigma24_L128_W0.88_r001,128,0.88,ORIGINAL,1.760144891852221,80.49830979009894,114.49586853453232,0.0137511319675954,0.628893045235148,0.8944989729260338,0.9320332664181245,0.0,ae89f216b2223f533559abea936756523717fbe17ef709983b50a9930a47450a,True
new_q7_sigma24_L128_W0.88_r002,128,0.88,ORIGINAL,1.2199333613055217,107.84493918309218,114.67519441245192,0.0095307293851993,0.8425385873679077,0.8958999563472807,0.983299250170416,0.0,205bbf68e740bd22c994281fa5d1d38563958142d65bbb69f996d918221847d2,True
new_q7_sigma24_L128_W0.88_r003,128,0.88,ORIGINAL,1.3520128562204974,45.64088290421164,114.54268199692572,0.0105626004392226,0.3565693976891534,0.8948647031009821,0.9823817292006524,0.0405444483878176,5a3569296bbb30f5e0f7f3e4c76b8b5953b7c5059e220835117fcffb332165c3,True
new_q7_sigma24_L128_W0.88_r004,128,0.88,ORIGINAL,1.2881642979274233,119.35068351212966,114.62751902139324,0.0100637835775579,0.932427214938513,0.8955274923546346,0.9732770745428974,-0.0031188956895429,b6cd38ab52ba675ce33dff66085922d2b86458b327a6a6396818e1e4ff23c02b,True
new_q7_sigma24_L128_W0.88_r005,128,0.88,ORIGINAL,1.3164008848797693,116.91562068312804,114.39687746586613,0.0102843819131231,0.913403286586938,0.893725605202079,0.9832214765100672,-0.0016496552811972,10a4f34432c18f1a2317cdd664a3b824bd255ed60436e2015878df60b4b9041b,True
new_q7_sigma24_L128_W0.88_r006,128,0.88,ORIGINAL,1.244748343179154,111.07127870516534,114.52914622180684,0.0097245964310871,0.8677443648841042,0.8947589548578659,0.98340108401084,0.0143386811924165,e9c428ded1e02484a09f5fa2a83df54a228f50ce7e54d890d7ad5a5c8c956536,True
new_q7_sigma24_L128_W0.88_r007,128,0.88,ORIGINAL,1.3032286262249784,107.98101260476662,114.58016821582906,0.0101814736423826,0.8436016609747392,0.8951575641861645,0.9818661391361688,0.0164715867865894,3ab9ff6af199951c1e0960021bfc36c28a14170300753644f0809e8d8d249052,True
new_q7_sigma24_L128_W0.88_r008,128,0.88,ORIGINAL,1.389801333035237,118.45440536027697,114.68503453948028,0.0108578229143377,0.9254250418771636,0.8959768323396897,0.9713740458015268,-0.0043416023772517,7c1a8124d511c19748329896556fdc381a9db53b70c578a03281ce5845086c6f,True
new_q7_sigma24_L128_W0.88_r009,128,0.88,ORIGINAL,1.4298579612797084,118.19168176180634,114.52471092482445,0.0111707653224977,0.923372513764112,0.894724304100191,0.9672232529375386,-0.0026311108930444,ec288ba5201b532b53e68cf356854c4ad8e480675ea2c75c600faff1260f951b,True
new_q7_sigma24_L128_W0.88_r010,128,0.88,ORIGINAL,1.2641456585548383,114.78643143419616,114.61549173207888,0.0098761379574596,0.8967689955796576,0.8954335291568661,0.9853963838664812,0.0,5c535d523c835cf527b58193a61e565a9861d000ac883a2e2821650e23f4b144,True
new_q7_sigma24_L128_W0.88_r011,128,0.88,ORIGINAL,1.6086358789463873,101.66906962955986,114.35951590642522,0.0125674678042686,0.7942896064809364,0.893433718018947,0.944108326130798,0.0,e66c02974e3d4894a47e6a347d3913785a2a5fefd2950875720935cfaea1ddca,True
new_q7_sigma24_L128_W0.88_r012,128,0.88,ORIGINAL,1.4962024541825514,52.041572690648906,114.63052809262092,0.0116890816733011,0.4065747866456946,0.895551000723601,0.9661558109833972,0.0347265131202276,6b02ad408d971aac45d9ad34ea7ddc9a4c5d392a212ab46ce84bf2b7ef58990d,True
new_q7_sigma24_L128_W0.88_r013,128,0.88,ORIGINAL,1.3755510576746133,44.80063448392778,114.57982272811608,0.0107464926380829,0.3500049569056858,0.8951548650634069,0.974609375,0.0402310707654219,934f18d9b62a16f98bf8c16b62ee4c32d9efa41489a39073ed4b72892daeefde,True
new_q7_sigma24_L128_W0.88_r014,128,0.88,ORIGINAL,1.4275679888335446,66.67667633737403,114.60331107982782,0.011152874912762,0.5209115338857346,0.8953383678111548,0.958025520483546,0.0,5cbe68a69f7bc8c87ba9eaf48ac54c97704715aacdd07de110f0268ad78da60c,True
new_q7_sigma24_L128_W0.88_r015,128,0.88,ORIGINAL,1.37883925619181,95.7224007367837,114.70561670481688,0.0107721816889985,0.7478312557561226,0.896137630506382,0.9741153342070772,0.0,8d5b835f8d1d964a8aa6ba05e761d4e642422c5181e95a5dec5265a9dbaf006f,True
new_q7_sigma24_L128_W0.88_r016,128,0.88,ORIGINAL,1.58562769169518,117.39732981843486,114.57719405590312,0.0123877163413685,0.9171666392065224,0.8951343285617432,0.9505680073687442,-0.0037105842092397,207b348e94cf38cd925fad28a719ef75a471272a7aeaa464985509d4883fc952,True
new_q7_sigma24_L128_W0.88_r017,128,0.88,ORIGINAL,1.3200567825480365,62.63818121259651,114.51549187934292,0.0103129436136565,0.4893607907234102,0.8946522803073667,0.9806056481796528,0.0291807223231346,b6cdd3ded0d439f9764d1c589906f6da00f65ac248c3a148f8187c3bfe83d3ca,True
new_q7_sigma24_L128_W0.88_r018,128,0.88,ORIGINAL,1.2871881445022524,90.58140764175369,114.56178294863057,0.0100561573789238,0.7076672472012006,0.8950139292861762,0.9755694948827996,0.0,0178d0e7ed2fe178555da1f30f11aba587967849f30c83205ad9fce4c04848f5,True
new_q7_sigma24_L128_W0.88_r019,128,0.88,ORIGINAL,1.9382946687658773,61.34999670983257,114.49439991094256,0.0151429270997334,0.4792968492955669,0.8944874993042388,0.9065918653576438,0.0301301325379453,1a3567b147c0e7b5642416c8454ce071803b1cb0f37c6ae499bfbdb313b7b866,True
new_q7_sigma24_L128_W0.88_r020,128,0.88,ORIGINAL,1.3606703962558413,81.41884328755717,114.59727601444976,0.0106302374707487,0.6360847131840404,0.8952912188628886,0.9763096429763096,0.0,b46c3e3646bf927fbaa637d5e5dad05e12f65376d9f71aec1de4b227501c9afb,True
new_q7_sigma24_L128_W0.88_r021,128,0.88,ORIGINAL,1.376007569994698,112.95449493555664,114.76744093333213,0.0107500591405835,0.8824569916840364,0.8966206322916572,0.9731478485926884,0.0130670366201607,a3773623a253e4531a6b13ba82e17072940bc3b879a77c239e68a4f8a7a7ee0c,True
new_q7_sigma24_L128_W0.88_r022,128,0.88,ORIGINAL,1.1766070584041015,116.8379274625735,114.66700298597404,0.009192242643782,0.9127963083013556,0.8958359608279223,0.986757337151038,-0.0033377303433665,3bfc9869a2231eaf51df592c39107b89d0fd15428d2ac9a1dd988a2419f0900d,True
new_q7_sigma24_L128_W0.88_r023,128,0.88,ORIGINAL,1.545539853047245,116.64348771839823,114.67213445510686,0.0120745301019316,0.9112772477999862,0.8958760504305223,0.9584702718852705,-0.0037875006606105,5818e158b04d269ab806cec80320b8175694a0ff72b8cea88d13df67b77b16a4,True
new_q7_sigma24_L128_W0.88_r024,128,0.88,ORIGINAL,1.3203851336221106,74.19973553557612,114.62019621792072,0.0103155088564227,0.5796854338716885,0.8954702829525055,0.9736575481256332,0.0242189401769431,ec75cde5cdf23ad462a6f69bc14477489ddfc59abc0f78ee48d847949a481675,True
new_q7_sigma24_L128_W0.9_r001,128,0.9,ORIGINAL,1.5121798465095253,109.21572302748548,114.66835522120422,0.0118139050508556,0.8532478361522302,0.895846525165658,0.962059620596206,0.0155268912657515,202d206dac6bdce13e1f655683b90718c22e27b78bba771e76654c88b4410298,True
new_q7_sigma24_L128_W0.9_r002,128,0.9,ORIGINAL,1.4913054210458654,113.044241407859,114.5986882430705,0.0116508236019208,0.8831581359988985,0.8953022518989883,0.9552484369858506,0.0127786584632126,ac9fa25057c53cc3e8a1f34d5e0b2bfeede92a3dbd3ef004aecb69dab3b91506,True
new_q7_sigma24_L128_W0.9_r003,128,0.9,ORIGINAL,1.4606493764355406,113.47947167617671,114.67034719225497,0.0114113232534026,0.8865583724701307,0.8958620874394919,0.968,0.0114784420997785,349e0cba03d4937c74db6c90b02ec54c6bb9f2161a14750e2aa878316b981047,True
new_q7_sigma24_L128_W0.9_r004,128,0.9,ORIGINAL,1.4073430320950422,113.65258180213164,114.63848204773008,0.0109948674382425,0.8879107953291535,0.8956131409978912,0.978180597515945,0.0111394024827629,7766f8ea98515503a24211d09d5355c08482c4e1065183398111064a1ea23aa6,True
new_q7_sigma24_L128_W0.9_r005,128,0.9,ORIGINAL,1.3008169149732964,112.37286982559544,114.70080883670391,0.0101626321482288,0.8779130455124643,0.8961000690367494,0.9763724808895066,0.0124965448251352,7236e429126c95a220f0f260e4435756ae57e05ce32b12b31c9ec92f569484ae,True
new_q7_sigma24_L128_W0.9_r006,128,0.9,ORIGINAL,1.6534378490403014,114.24345803028964,115.06731789104052,0.0129174831956273,0.8925270158616377,0.898963421023754,0.9463814825666568,0.0094404932599389,77dbae36e2869f18b45fefb9ff7147a054e34b6d8af60965b7d2cf3fb8f97d83,True
new_q7_sigma24_L128_W0.9_r007,128,0.9,ORIGINAL,1.7271332972794653,113.53590318762214,114.56427891878634,0.0134932288849958,0.886999243653298,0.8950334290530183,0.9316963025684448,0.0113736921555358,191e1d6ff56334adc5f9a6fdd850fac5d83aa2ac125d2b481bb9793fa9b1fca0,True
new_q7_sigma24_L128_W0.9_r008,128,0.9,ORIGINAL,1.4606025494732222,113.3059882054472,114.61315426322184,0.0114109574177595,0.8852030328550562,0.8954152676814207,0.9693037974683544,0.0122323919789303,b10b28e9ee223113dd83fc06b64c10afc557f2f9ec1e151aaf7dcb8d290bb5f5,True
new_q7_sigma24_L128_W0.9_r009,128,0.9,ORIGINAL,1.593939915120984,109.95488812007588,114.52846453493268,0.0124526555868826,0.8590225634380929,0.8947536291791616,0.9513261439813464,0.0158669218976946,729523d22870e0506289783dd9837aef7abfc419589c6d80ace33b4b0fd36e89,True
new_q7_sigma24_L128_W0.9_r010,128,0.9,ORIGINAL,1.4960723571513483,112.87293374361325,114.64846693717264,0.0116880652902449,0.8818197948719785,0.8956911479466612,0.9691320293398532,0.0134875818430759,9d3c394480d5d4ade97fd9ad60bc5c097b91dd1a3a3ba936278b56bf9902788e,True
new_q7_sigma24_L128_W0.9_r011,128,0.9,ORIGINAL,1.3308116088626178,110.98371573099824,114.6300700285905,0.0103969656942392,0.8670602791484238,0.8955474220983632,0.9787592717464598,0.0140689758041317,10d660ec4f850d8346843961210fe41b59fd61a6fa1ea5729d743de5656641ef,True
new_q7_sigma24_L128_W0.9_r012,128,0.9,ORIGINAL,1.4183423062534075,113.63560640307618,114.70477747767492,0.0110807992676047,0.8877781750240327,0.8961310740443353,0.9651127819548873,0.0107768146387882,2dfd0d49ad48d3db47894dc9c39a498e2b67d8381ab55f661fa25056ae1fa697,True
new_q7_sigma24_L128_W0.9_r013,128,0.9,ORIGINAL,1.370241151932149,113.53061746341082,114.64562424106344,0.0107050089994699,0.886957948932897,0.8956689393833082,0.97052913596785,0.0111870969756584,760f8dd319dda530de964132dd75f2fa9903b9f88e74bc2914b7acf605b2682b,True
new_q7_sigma24_L128_W0.9_r014,128,0.9,ORIGINAL,2.178485161806833,113.69742541513948,114.76268275910172,0.0170194153266158,0.8882611360557772,0.8965834590554821,0.8725535880708295,0.0114015203762163,73ddbbdf32792186f8555f96d5c0187613728b6bfcb27abf30087489922ae1ac,True
new_q7_sigma24_L128_W0.9_r015,128,0.9,ORIGINAL,1.4460168594997782,113.64140315947532,114.56849222736182,0.011297006714842,0.8878234621834009,0.8950663455262642,0.9630808402291534,0.0107891900315572,f5afd2fd4d3fa0eee9e7e48cde720ee5e7b592d023c71d27f0269f5cd3451e31,True
new_q7_sigma24_L128_W0.9_r016,128,0.9,ORIGINAL,1.353843282831562,112.13438302753882,114.84648751367044,0.0105769006471215,0.876049867402647,0.8972381837005504,0.974589900289482,0.0135498636566417,b882fa27e562656139600073e8afc27bf5ff856d546433ccac56bad69bf3de68,True
new_q7_sigma24_L256_W0.7975_r001,256,0.7975,ORIGINAL,1.011298806139024,4.041735663461054,209.0908791614621,0.0039503859614805,0.0157880299353947,0.8167612467244614,0.98870404600534,0.7238869458360904,7cbc8cc915967dded7c2cbf171f124be1dafc33691cde9c2295a834582cd1b49,True
new_q7_sigma24_L256_W0.7975_r002,256,0.7975,ORIGINAL,1.0720286085115447,1.933274951231283,127.0947610406996,0.0041876117519982,0.0075518552782471,0.4964639103152328,0.990497371613425,0.9104333091261196,be78420a96045d342e72a70114b3d36204d731d3cf622e423880a90f8324a3dd,True
new_q7_sigma24_L256_W0.7975_r003,256,0.7975,ORIGINAL,0.9936783255542992,2.3928584637502013,237.4458829506656,0.0038815559591964,0.0093471033740242,0.9275229802760374,0.9907988289418652,0.8469808861859253,080390d15f1782f75e9a7630f5ce5b6c7ef03d6508a48ec8b9b40f3f19a8b54b,True
new_q7_sigma24_L256_W0.7975_r004,256,0.7975,ORIGINAL,1.0864977187162026,1.8721480182087191,214.95581691785716,0.0042441317137351,0.0073130781961278,0.8396711598353794,0.9908453447604209,0.919047619047619,a339a54f3b221af6a75e81d012e24db8a7fd63ea30918d597c0bd8b5ad86cb9f,True
new_q7_sigma24_L256_W0.7975_r005,256,0.7975,ORIGINAL,0.9820924343627268,2.431172098001781,129.0109594576729,0.0038362985717294,0.0094967660078194,0.5039490603815348,0.9950093574547724,0.8452660824962599,b26215dd4880f0397c83919354c42ad61b42c18805d8455850004900f61a66db,True
new_q7_sigma24_L256_W0.7975_r006,256,0.7975,ORIGINAL,1.077555275521746,2.770635491739881,136.9460297594247,0.0042092002950068,0.0108227948896089,0.5349454287477527,0.9893295751962956,0.8298383573612932,71f3fc9fa6b1217f31a9a084b5977519a28d93e28820396c615ac5feaf7fba0c,True
new_q7_sigma24_L256_W0.7975_r007,256,0.7975,ORIGINAL,1.0964243404104934,2.665527585220758,238.03152471632217,0.0042829075797284,0.0104122171297685,0.9298106434231336,0.9911330049261085,0.8009414320630035,cc2e73afe64a4196006dcb17321a70fec78b97ab96d565f00bef67bd048de014,True
new_q7_sigma24_L256_W0.7975_r008,256,0.7975,ORIGINAL,0.9609241340000096,1.8185891436160944,154.42595948698943,0.0037536098984375,0.0071038638422503,0.6032264042460525,0.9953360186559254,0.9201342281879196,c12ea251fc784383d73a415d2e1ba2d34894258969053e109aac765473fb35b9,True
new_q7_sigma24_L256_W0.7975_r009,256,0.7975,ORIGINAL,0.984451771930594,2.2836834501877945,120.4755917165156,0.0038455147341038,0.008920638477296,0.470607780142639,0.9970741901776384,0.8620882814250505,ef21eafde9bea2f150ccd2d3d94ed1483e59f9e653af596da048b9810a01db61,True
new_q7_sigma24_L256_W0.7975_r010,256,0.7975,ORIGINAL,1.0189840860713275,2.808033508872029,232.0685220827015,0.0039804065862161,0.0109688808940313,0.9065176643855528,0.9944490131578948,0.7929171089452861,15cbeadecb70566a0f63240c37c0e97e9a1b111173f106fa5f93d36a387d67f4,True
new_q7_sigma24_L256_W0.7975_r011,256,0.7975,ORIGINAL,0.9476180056294368,2.0653492516208587,79.16790700683114,0.0037016328344899,0.0080677705141439,0.3092496367454341,0.9946351931330472,0.8913769639985154,4362a92f7cf0bc8f1d34f53aeaf6709da648ad51e22e67674ec821a29112efe8,True
new_q7_sigma24_L256_W0.7975_r012,256,0.7975,ORIGINAL,1.084113825282202,2.041527086229109,98.965375034686,0.0042348196300086,0.0079747151805824,0.3865834962292421,0.9907843137254904,0.8937387791741472,68cd2b74be054dc9f13c344df212229b98ded75814bf6e8982d258ea59c744e8,True
new_q7_sigma24_L256_W0.7975_r013,256,0.7975,ORIGINAL,1.0454327803746253,4.6652794042326775,244.45115810007675,0.0040837217983383,0.0182237476727838,0.9548873363284248,0.9959407347270144,0.6468061846009683,b0654fee9ed637a31f651334a643a080c55517f7814da4e0d5089364869f2129,True
new_q7_sigma24_L256_W0.7975_r014,256,0.7975,ORIGINAL,0.9555465714565514,2.774369064937701,162.07206194275423,0.0037326037947521,0.0108373791599128,0.6330939919638837,0.9912041884816754,0.8194606028556319,dcbdc6088f5be041b3538ac9bb2e0850e097b7fb6f412e16c659919433ecaffe,True
new_q7_sigma24_L256_W0.7975_r015,256,0.7975,ORIGINAL,0.9385498775337736,1.719413971309507,140.8029371055566,0.0036662104591163,0.0067164608254277,0.5500114730685804,0.9948717948717948,0.9357026587086272,09a21afbe1d063a13d23ee616a8a0f16bb69224cc30e783421736e5110fd4a5c,True
new_q7_sigma24_L256_W0.7975_r016,256,0.7975,ORIGINAL,0.9950475750013084,1.891488462041707,238.4053306224616,0.0038869045898488,0.0073886268048504,0.9312708227439904,0.99072708113804,0.9140784114052952,bf08e2d1ed33667a1f4278249fd5059fb4e2c77df824cd42fb2afc8c42519bc2,True
new_q7_sigma24_L256_W0.7975_r017,256,0.7975,ORIGINAL,1.208595641459624,2.76367609929315,132.52883650640626,0.0047210767244516,0.0107956097628638,0.5176907676031495,0.9685714285714284,0.8055444355484388,0f977f8bc8e38b9cf375cabed6269e06bb8b6537eede17e142b079cadb763784,True
new_q7_sigma24_L256_W0.7975_r018,256,0.7975,ORIGINAL,1.0430321732689831,2.2206126013857386,231.5399754328508,0.0040743444268319,0.008674267974163,0.9044530290345736,0.989464986573022,0.8709150326797386,04b970da878b69396400f4486dff76cde1de3d1c8de1bfaf84072f671a65d52c,True
new_q7_sigma24_L256_W0.7975_r019,256,0.7975,ORIGINAL,0.9781257547328436,2.124265242334104,155.30792557557152,0.0038208037294251,0.0082979111028675,0.6066715842795762,0.9949163312857444,0.8830335662733417,7b94807e192ca4dea1eaadf346aa06bad654a6844b46a00548c5efcdc6075793,True
new_q7_sigma24_L256_W0.7975_r020,256,0.7975,ORIGINAL,1.0046956015388275,2.39132489983146,91.1915335479323,0.003924592193511,0.0093411128899666,0.3562169279216105,0.994459833795014,0.8496499611067897,0594049cc300c30e34e3cc6df0d32e73c04b6176a2fd9f3924853ceff725d789,True
new_q7_sigma24_L256_W0.7975_r021,256,0.7975,ORIGINAL,0.9664564438822368,1.779920392731242,179.254571486684,0.0037752204839149,0.0069528140341064,0.7002131698698594,0.9934282584884996,0.9273796498905909,e88360b7f96134136e661bfebeb39c0ddfad224d586febceadf0e5625b3546d5,True
new_q7_sigma24_L256_W0.7975_r022,256,0.7975,ORIGINAL,1.041323112442086,2.3941338582834817,153.56977670665052,0.0040676684079768,0.0093520853839198,0.5998819402603536,0.9936371100164204,0.8444905536747843,d472fe3f861ed27d26c06663261f3d31f821796650dee8a0b65323b04aa8c073,True
new_q7_sigma24_L256_W0.805_r001,256,0.805,ORIGINAL,1.1274039919300094,2.2405350433939475,228.7991793622432,0.0044039218434765,0.0087520900132576,0.8937467943837626,0.9891029383148472,0.8612488614512701,22e463304a7a2dbebc1c7b8973d8302de8adade47b5f01cfbccd58e833d1ff02,True
new_q7_sigma24_L256_W0.805_r002,256,0.805,ORIGINAL,1.0479071370637314,1.9118366032114975,228.16592955621417,0.0040933872541552,0.0074681117312949,0.8912731623289616,0.9881976395279056,0.9128241229613986,73fa39a348fe777a1e01258cef24c0765db017e2bb540bd26bdf0ef300a79215,True
new_q7_sigma24_L256_W0.805_r003,256,0.805,ORIGINAL,1.0608239339741203,1.9532619430198397,231.21254618715923,0.0041438434920864,0.0076299294649212,0.9031740085435908,0.9929335756107408,0.9063834981081412,62ebe51fb6554ed78ddfe84adfc0a569089488f5b96c20068ef40fa4ef2cf943,True
new_q7_sigma24_L256_W0.805_r004,256,0.805,ORIGINAL,1.1302603343657438,2.440998989013991,238.8539032298096,0.0044150794311161,0.0095351523008359,0.9330230594914438,0.9892787524366472,0.839451940173622,431370f98ae07750807675607cdecdf18336788158389778c7f64174a8c13fd5,True
new_q7_sigma24_L256_W0.805_r005,256,0.805,ORIGINAL,1.0151614156947917,3.389890330094317,171.13858849246992,0.0039654742800577,0.0132417591019309,0.6685101112987106,0.9938587512794268,0.7525024359996457,d51042f7b0a595fc64572fe576572a6f24ebb71b1a848b731c89025606acdd81,True
new_q7_sigma24_L256_W0.805_r006,256,0.805,ORIGINAL,1.0765421005169458,3.0159161836243413,227.84448454550272,0.0042052425801443,0.0117809225922825,0.89001751775587,0.9880881477069684,0.7551253849538055,44ea669c0c4cbe3d9b43b762e6995a21005186183283ca2e2b5039c7123cf16c,True
new_q7_sigma24_L256_W0.805_r007,256,0.805,ORIGINAL,1.0715503698068858,1.9573490834366964,227.59922952136435,0.0041857436320581,0.0076458948571745,0.8890594903178295,0.9916407465007776,0.906283280085197,1d349e6072895b1cfb8d14a2872738b8e2ab4757ba9202b4c32b8bbca2d3e09b,True
new_q7_sigma24_L256_W0.805_r008,256,0.805,ORIGINAL,0.9606246419663478,2.1587097589512894,156.9473782687801,0.003752440007681,0.0084324599959034,0.6130756963624223,0.9956368169540828,0.8801184015786877,301ddf59e211b6ad044134434e1802a06de38f806feca6f1ee856894ed0a3832,True
new_q7_sigma24_L256_W0.805_r009,256,0.805,ORIGINAL,1.0952893606475698,2.896226289413079,232.61782721293724,0.0042784740650295,0.0113133839430198,0.908663387550536,0.98751706651063,0.784958217270195,743d30882dcb171a91b6ef4a220442d723d17390b1adb0b2db66fb36d47dc29b,True
new_q7_sigma24_L256_W0.805_r010,256,0.805,ORIGINAL,1.0838792574571414,2.157089966963497,229.40739434577335,0.0042339033494419,0.0084261326834511,0.8961226341631773,0.9906746031746032,0.8775720164609053,93e39e06e05a10f1498dfa02b737ff7d22fd37d36facd7f3fed0b8b23dad3b07,True
new_q7_sigma24_L256_W0.805_r011,256,0.805,ORIGINAL,1.0299942407051788,3.3131353712412874,228.7536466560512,0.0040234150027546,0.0129419350439112,0.8935689322502001,0.9902933108250686,0.727782021899669,96fe5cc36cb8642cc4aea1427678bed00b171674bc01807c805061d55b1ffd94,True
new_q7_sigma24_L256_W0.805_r012,256,0.805,ORIGINAL,1.069345536327745,2.169690192688023,228.39780793558856,0.0041771310012802,0.0084753523151875,0.8921789372483928,0.9894380231167796,0.876886589047003,10f7272be833c2d5a57196110925c8dfaa948d269f4fa09540030b61cf3f5e1f,True
new_q7_sigma24_L256_W0.805_r013,256,0.805,ORIGINAL,0.9928951842620392,2.095650657196785,228.82415497579677,0.0038784968135235,0.0081861353796749,0.893844355374206,0.9947709684166492,0.8862909451858387,587e8b507ea27a4cba327e376338c6862c2779b6f4fcc43e53c820935b493d3b,True
new_q7_sigma24_L256_W0.805_r014,256,0.805,ORIGINAL,1.0910473263810443,2.716525500834422,116.91559772622035,0.0042619036186759,0.0106114277376344,0.4567015536180483,0.989268680445151,0.8068535825545171,6d30738b8a4c99a5b535079111049f6f98155b0288bf3affabe4ed872acc4b04,True
new_q7_sigma24_L256_W0.805_r015,256,0.805,ORIGINAL,1.1342299984458748,2.092123443510729,227.07679724153823,0.0044305859314291,0.0081723572012137,0.8870187392247588,0.9818286151491966,0.8855166257531801,967c183c2ab08eb34489bab955394e9a35cb785848c5d82ca7d7f699721040d1,True
new_q7_sigma24_L256_W0.805_r016,256,0.805,ORIGINAL,0.971944484569036,2.838994543368045,126.8863146111134,0.0037966581428477,0.0110898224350314,0.4956496664496617,0.9946340416398368,0.7779341896885448,01de4761db5e56428aefff814bfb1f21ef5d2fbbb158ac2be2c5da922c349d71,True
new_q7_sigma24_L256_W0.805_r017,256,0.805,ORIGINAL,0.9958935070511076,1.818267153578546,176.23839318144735,0.0038902090119183,0.0071026060686661,0.6884312233650287,0.991844416562108,0.9235510097036456,2f1825e96fc43b27ad0c23b567c2b9838271f57734b490e266d2486636f0c6bb,True
new_q7_sigma24_L256_W0.805_r018,256,0.805,ORIGINAL,1.0254354613640828,2.7366207012340453,230.87084986231463,0.0040056072709534,0.0106899246141954,0.9018392572746666,0.9933986797359472,0.8107675372760933,70db0adf8985ea4b4a4e1f7531b3478fe8fc35e10b587825dd42ddc860363b6e,True
new_q7_sigma24_L256_W0.805_r019,256,0.805,ORIGINAL,0.9810541138321014,1.989598255680221,228.8178897894959,0.0038322426321566,0.0077718681862508,0.8938198819902182,0.9954676555418212,0.9015115163147792,286b348e0f07e600835ae59552d5ec56011b2db91935d7ab778313ab52115039,True
new_q7_sigma24_L256_W0.805_r020,256,0.805,ORIGINAL,1.0721127448461232,2.050907991907991,228.9077600397657,0.0041879404095551,0.0080113593433905,0.8941709376553348,0.9915719325754606,0.8929372197309418,82a6b3075f9194791b476abfec8c21b8e67fae7874ed8299bff5c98c70e62df4,True
new_q7_sigma24_L256_W0.805_r021,256,0.805,ORIGINAL,0.9811667876767274,1.9701349148781448,139.5554632888036,0.0038326827643622,0.0076958395112427,0.545138528471889,0.9951032573983394,0.9038245920019932,25c25b013a71b3744438707c59ea31a92f12cf6d3d36282aa88a161be8fbe732,True
new_q7_sigma24_L256_W0.805_r022,256,0.805,ORIGINAL,0.9916931336740902,1.6717725815942686,233.73407879649068,0.0038738013034144,0.0065303616468526,0.9130237452987916,0.993017350825222,0.9429336905559276,83a4d52c306f5a3ca5770b5f3f54100b5fce02bf015183de92331da23395505e,True
new_q7_sigma24_L256_W0.815_r001,256,0.815,ORIGINAL,1.175538297005943,2.797638166428584,229.3166752577987,0.0045919464726794,0.0109282740876116,0.8957682627257761,0.9801906185759672,0.7767765190525232,41f97afce23b8240fe85492612f96f3844c9e607b338f6b47a56b50ab77dfb7c,True
new_q7_sigma24_L256_W0.815_r002,256,0.815,ORIGINAL,1.0960997722280013,2.618700358488667,229.05570322820464,0.0042816397352656,0.0102292982753463,0.8947488407351745,0.9857763729751088,0.8077239864555688,c6dbe0c5e81624661f26da9cf491f4a61af8741023c6ce8b2c5e1635b5de8e56,True
new_q7_sigma24_L256_W0.815_r003,256,0.815,ORIGINAL,1.0051721575131296,4.904285616810057,229.1781178974273,0.0039264537402856,0.0191573656906642,0.8952270230368254,0.9952479338842976,0.6402264150943396,184403eabd0840c7423c354426bbd89657b4567a959a8be43c90af7bd1cb04ec,True
new_q7_sigma24_L256_W0.815_r004,256,0.815,ORIGINAL,1.1664341044878768,2.4145960543660863,228.52380890722912,0.0045563832206557,0.0094320158373675,0.8926711285438638,0.9796447814807424,0.8379777070063694,d508ed3eba7fa3e83235280f5208b0ff786f6e8eb6b6a3f6967a555dab88bdb1,True
new_q7_sigma24_L256_W0.815_r005,256,0.815,ORIGINAL,1.2263905793414551,3.4127051391769783,229.23328043376748,0.0047905882005525,0.01333087944991,0.8954425016944042,0.9833962264150944,0.732243611018918,9917b379bdce4e310dabc66aa5022c14be51e6e795ec8eeb8c3e11934f3ab666,True
new_q7_sigma24_L256_W0.815_r006,256,0.815,ORIGINAL,1.001085531406062,2.7555886488245847,229.1981605219632,0.0039104903570549,0.010764018159471,0.8953053145389187,0.9946469013794524,0.7933409873708381,baa6c00498b73a1de5f09b5e8ecc291d5f28c67fd46972d1c88a495a0f93822d,True
new_q7_sigma24_L256_W0.815_r007,256,0.815,ORIGINAL,1.1287138738322824,1.983657942201603,229.25781098452015,0.0044090385696573,0.007748663836725,0.8955383241582819,0.9891409734341672,0.9024956471271038,7437c4fa2f10ebf150385f55e40618d76151f1268abba1db4ee8e7d73e8cc05a,True
new_q7_sigma24_L256_W0.815_r008,256,0.815,ORIGINAL,1.098685056216368,2.578335353320739,229.0400418154128,0.0042917385008451,0.0100716224739091,0.8946876633414563,0.9901960784313726,0.8209821867926386,76af8b04d354d96f98eb923987b9376d5bdd7033b8baf3cc9d839333c394df15,True
new_q7_sigma24_L256_W0.815_r009,256,0.815,ORIGINAL,1.0700192036135832,3.178144666947361,229.11763690106844,0.0041797625141155,0.0124146276052631,0.8949907691447986,0.988085782366958,0.7451724428703937,45a12b5e84e3c0fb41a011ad15ec97d62cf06bfb26e4582b4036d09238c4e0c7,True
new_q7_sigma24_L256_W0.815_r010,256,0.815,ORIGINAL,1.109068014721572,2.280035568892401,229.32010333366964,0.0043322969325061,0.0089063889409859,0.895781653647147,0.9887879373670984,0.8565573770491803,c3eefd4d3518e2065a41a4b42a783196ac13b38ad17aaac1fe2a8db2266d2f31,True
new_q7_sigma24_L256_W0.815_r011,256,0.815,ORIGINAL,0.9906779368458842,2.1972289622472942,228.9001414214183,0.0038698356908042,0.0085829256337784,0.8941411774274153,0.9958634953464324,0.8741439317390817,f618f62ee5d0cbe3d78c4eb0aa0ee7ce30479b397aa53bc1441111b991b71c7f,True
new_q7_sigma24_L256_W0.815_r012,256,0.815,ORIGINAL,1.063813817705693,2.6949372988193545,228.4605114424025,0.0041555227254128,0.0105270988235131,0.8924238728218848,0.9914834620716974,0.8153439671200705,ec43a201e383812ece24acba90500aa03637561290788723ddf2c0958a93735a,True
new_q7_sigma24_L256_W0.815_r013,256,0.815,ORIGINAL,1.1333345717808925,2.4735778710986835,229.0837628751738,0.0044270881710191,0.0096624135589792,0.8948584487311476,0.9887960501329284,0.8296046287367406,aa6c4b6db95432fa816e3d3f29f9127ec8479e0152f5aec33331c01a02527d93,True
new_q7_sigma24_L256_W0.815_r014,256,0.815,ORIGINAL,1.0891153712945538,2.472280538413173,229.00861796537905,0.0042543569191193,0.0096573458531764,0.8945649139272619,0.9900287631831256,0.821341805270043,c75b236ad5e6cf102b2abf158ce3b625de0be8f80d38611aff10a08b6d7d29ce,True
new_q7_sigma24_L256_W0.815_r015,256,0.815,ORIGINAL,1.0260232660080248,2.343728746729255,228.17775866127903,0.0040079033828438,0.0091551904169111,0.8913193697706213,0.9930256410256412,0.8505096262740657,1071c21d81c946518f02f65a2be43a0e5f7c97646d120ad4abcde3f400f2c0e1,True
new_q7_sigma24_L256_W0.815_r016,256,0.815,ORIGINAL,1.155148493056771,2.2027851250359163,229.45219540832875,0.004512298801003,0.0086046293946715,0.8962976383137842,0.985573272589218,0.8650326109825374,27735e6ff25d06b6c1910c3906bbd02c63a39cbe1378594907a68f7bc44ccd18,True
new_q7_sigma24_L256_W0.815_r017,256,0.815,ORIGINAL,1.1099557495118972,2.0663573597162213,228.61731081675043,0.0043357646465308,0.0080717084363914,0.8930363703779314,0.99,0.8903099435418828,b9fa8eead78b91d94cbb94f6192a2037a7b285bc836e5df5d8c89467756f055b,True
new_q7_sigma24_L256_W0.815_r018,256,0.815,ORIGINAL,0.9804723816941704,1.7866167210835613,228.8450579768708,0.0038299702409928,0.0069789715667326,0.8939260077221515,0.991625816993464,0.926851974996675,db486ae8f1f989d27bf8eaa37957ae8eea104b816e45d3a5dee1423490021bb3,True
new_q7_sigma24_L256_W0.815_r019,256,0.815,ORIGINAL,1.1116511748818994,3.125939805713216,229.449146185538,0.0043423874018824,0.0122107023660672,0.8962857272872576,0.982345039339858,0.7320905869665691,6f0c90642b50ce72fe4bfb6b2309a6d655dedbd3a0873e2447b1576d83afaa7e,True
new_q7_sigma24_L256_W0.815_r020,256,0.815,ORIGINAL,1.0576083221096724,3.536517999830096,228.94605610492965,0.0041312825082409,0.0138145234368363,0.8943205316598815,0.9876910859638672,0.7472122302158274,206f6752d24e436c09ea72109c3d366073a8a98e7ac14a66e3818aa3b5919112,True
new_q7_sigma24_L256_W0.815_r021,256,0.815,ORIGINAL,1.1566928416583837,1.7980893903067283,229.2245998800236,0.004518331412728,0.0070237866808856,0.8954085932813421,0.9867892016082712,0.9265446505343324,1efc12fc410419bfe3bdd116e87d301c987ca7254f836930f55874ad0edc7b76,True
new_q7_sigma24_L256_W0.815_r022,256,0.815,ORIGINAL,1.0907681601817956,4.525561584795554,229.2965580687229,0.0042608131257101,0.0176779749406076,0.8956896799559488,0.9875332107091764,0.5845581395348837,fceb63b23febdb38b910de8c9cb3f3b109c61f9a1562d35aea1a141dee9bddfb,True
new_q7_sigma24_L256_W0.815_r023,256,0.815,ORIGINAL,1.0924218555805112,2.662377608548752,229.1420209098709,0.0042672728733613,0.0103999125333935,0.8950860191791832,0.9857171196191232,0.8186274509803921,a780c138d9aabbf05dda86d039f50bd67d61cea3eb22286945faa221ded60786,True
new_q7_sigma24_L256_W0.815_r024,256,0.815,ORIGINAL,1.1279268263399729,2.23732414914636,228.867931894908,0.0044059641653905,0.0087395474576029,0.8940153589644843,0.9837816455696202,0.8651937239833494,ea0a1d43c35aa569c44251d14fdf4d02e67d73d5bdcb58b102c35b9df14e3905,True
new_q7_sigma24_L256_W0.84_r001,256,0.84,ORIGINAL,1.1707417280715902,6.71984569874212,229.43070657612407,0.0045732098752796,0.0262493972607114,0.8962136975629846,0.9874143994077365,0.5030545715899174,4fa5ab8b021b271cd647ee0f665a7cbd4c85a80630b75decfff91b007c22afb6,True
new_q7_sigma24_L256_W0.84_r002,256,0.84,ORIGINAL,1.3229215622232855,216.18618245868564,229.49141895974145,0.0051676623524347,0.8444772752292408,0.8964508553114899,0.9762532981530344,0.0,1761cff48fda67146085854b16640c63d03cb9a1f4481c3a4eb1c692d4171895,True
new_q7_sigma24_L256_W0.84_r003,256,0.84,ORIGINAL,1.2104851973926714,121.33964227802858,229.23810337135507,0.0047284578023151,0.4739829776485491,0.8954613412943557,0.9862511457378552,0.0,d106775e613b09f699079c983e62c7d8ba35266025a554bed1eb2f96f5a72db5,True
new_q7_sigma24_L256_W0.84_r004,256,0.84,ORIGINAL,1.219619653282621,108.76948561423283,229.7614918654673,0.0047641392706352,0.424880803180597,0.8975058275994815,0.9809279295800476,0.0,85123e6a5030e56f6ff86e888ff6c521dd3c1fa6bb295ae5f39d6189eeb93b8b,True
new_q7_sigma24_L256_W0.84_r005,256,0.84,ORIGINAL,1.1303042077519478,70.31207551024292,229.47387211381584,0.004415250811531,0.2746565449618864,0.8963823129445931,0.9887323943661972,0.0,c5af3a778257369720276a7fff31717f909963cc60789f5719df144f4178ccf1,True
new_q7_sigma24_L256_W0.84_r006,256,0.84,ORIGINAL,1.0163847908904984,6.175522236069384,229.34665606103496,0.003970253089416,0.024123133734646,0.8958853752384178,0.9947368421052633,0.4562385982775444,dc64ea0dc4344f41e4088038db3989ed5f841cffa569c41bd4ce4d3d282417a2,True
new_q7_sigma24_L256_W0.84_r007,256,0.84,ORIGINAL,1.0846777186283705,168.12668935625877,229.51985768170587,0.004237022338392,0.6567448802978858,0.8965619440691636,0.9906850378420338,0.0,a67e7d7f7b744f6755ed1c55cb98e0c332e6e3dbdc9e5c92efa886bb0c0d20a8,True
new_q7_sigma24_L256_W0.84_r008,256,0.84,ORIGINAL,1.2447772263290915,3.385657261214732,229.39080414251768,0.004862411040348,0.01322522367662,0.8960578286817097,0.9852432137001276,0.7099573466686278,387cf6b469ead1f5d63f40f1e5c7956f926fe91e3e5a2585ffee82dce7b4c087,True
new_q7_sigma24_L256_W0.84_r009,256,0.84,ORIGINAL,1.1259186486378496,32.27425394710616,229.57481270909747,0.0043981197212416,0.1260713044808834,0.896776612144912,0.9854341736694678,0.0,3d00b916fd5f6056a44e01a405315673a76f9a6917e8fadb07333ebd68fe086c,True
new_q7_sigma24_L256_W0.84_r010,256,0.84,ORIGINAL,1.1898397383827444,6.120666592096626,229.48923802653715,0.0046478114780575,0.0239088538753774,0.8964423360411607,0.9836125273124544,0.4195421305993459,a2cd500b3c78b3e338d9578636665cabcb36e142c3089a94455b72af0f20aff7,True
new_q7_sigma24_L256_W0.84_r011,256,0.84,ORIGINAL,1.0460089603957383,3.350999002649729,229.68442334674089,0.0040859725015458,0.0130898398541005,0.8972047786982065,0.991876523151909,0.7157376280197013,cc8d542802e56befd543ce08f6cc525b0306736a114547f4e6e5b9e43ecc5e98,True
new_q7_sigma24_L256_W0.84_r012,256,0.84,ORIGINAL,1.1204778263039543,8.11134658430342,229.454932144686,0.0043768665089998,0.0316849475949352,0.8963083286901797,0.986573373676248,0.4390596595604032,c52b1694e063489375396bfd5a789278a3ea61f4c71abb20a4bca29e7ad0d09b,True
new_q7_sigma24_L256_W0.84_r013,256,0.84,ORIGINAL,1.328273442620599,7.407992571577267,229.5716996366002,0.0051885681352367,0.0289374709827237,0.8967644517054696,0.9621716287215412,0.3469283940273497,87d6ccbc1d25426bd1446a4154142fe1d5f30aaf893b5d04359369252c3034cd,True
new_q7_sigma24_L256_W0.84_r014,256,0.84,ORIGINAL,1.2091989665984215,74.08256548797448,229.55074039203168,0.004723433463275,0.2893850214374003,0.8966825796563738,0.9803386127799016,0.0,e28c91d07c62d46f6f4fbddaec33c1f545f54efef885d601dbdb92ac168d61bf,True
new_q7_sigma24_L256_W0.84_r015,256,0.84,ORIGINAL,1.178761454773337,3.4421779069251386,229.5218700044705,0.0046045369327083,0.0134460074489263,0.896569804704963,0.981066812306572,0.6942940441482716,f3bffdbd97390c313a88513c178c74874c5ed120a0f70f4cc65bdd6fc879fec9,True
new_q7_sigma24_L256_W0.84_r016,256,0.84,ORIGINAL,1.1589862991823168,5.061599657136526,229.47602046629632,0.0045272902311809,0.0197718736606895,0.89639070494647,0.987905442550852,0.5369289080106535,c8a40f08969ea994d78727760efd18f345446f2e13495f89ef9952508ba4c891,True
new_q7_sigma24_L256_W0.84_r017,256,0.84,ORIGINAL,1.162487829273232,164.08577257046394,229.58530452778552,0.0045409680830985,0.6409600491033748,0.8968175958116622,0.9896945160103054,0.0,94257555faaaf1b6e9d834358c6af5443a7c97594003bf4ee3d0c0f6d1939603,True
new_q7_sigma24_L256_W0.84_r018,256,0.84,ORIGINAL,1.1320914961732171,3.476147616955359,229.54821836087308,0.0044222324069266,0.0135787016287318,0.8966727279721605,0.986797434930215,0.671163464069492,fcdd1f4b450fbd3dd94e5ff9a3282adba595d40d6a80a4850b7f47214bba58f4,True
new_q7_sigma24_L256_W0.84_r019,256,0.84,ORIGINAL,1.3175371751271143,4.558492515037557,229.6225543164327,0.0051466295903402,0.0178066113868654,0.8969631027985653,0.9762268636440822,0.5419479771811379,6c99bf8d662fa5a3405211df005fdd5a48ad73dd23b1abf29905817c5833dfc4,True
new_q7_sigma24_L256_W0.84_r020,256,0.84,ORIGINAL,1.0925352647477666,86.71108808855118,229.4248751281594,0.0042677158779209,0.338715187845903,0.8961909184693727,0.9896585365853658,0.0,bfa14e9897937f67b9de4faaefadbaadd9c1754c7a063ae9d76dada64530feca,True
new_q7_sigma24_L256_W0.84_r021,256,0.84,ORIGINAL,1.1969327937386538,3.70920978583743,229.2251725247756,0.0046755187255416,0.0144891007259274,0.8954108301749046,0.9842350412038696,0.6564585235653578,d80ecd2a13238f0cdac91e601fb92709b748ddcd6df3724d0853d23db4aad081,True
new_q7_sigma24_L256_W0.84_r022,256,0.84,ORIGINAL,1.2244521933971555,201.6751608875576,229.5873741543533,0.0047830163804576,0.7877935972170219,0.8968256802904426,0.9795332136445244,0.0,b6cb6dd2c84eca1501d2e07aa8a6b1608e3ae56ac5bff5c7868ecbd4027f3e7e,True
new_q7_sigma24_L256_W0.84_r023,256,0.84,ORIGINAL,1.082894392014822,6.833493092947549,229.37561353786623,0.0042300562188078,0.0266933323943263,0.89599849038229,0.994941925814912,0.445025287942539,5eadceb1726b85abf04257419de7a9c522e164a649ab88fa34bb6443b3e6d339,True
new_q7_sigma24_L256_W0.84_r024,256,0.84,ORIGINAL,1.1071586074794195,8.631109670156121,229.6935355133699,0.0043248383104664,0.0337152721490473,0.8972403730991012,0.9883720930232558,0.323721881390593,5c671b46b3a3bb0ac64c8a32a08223a918eeca6de41a4815849d06ade00d479b,True
new_q7_sigma24_L256_W0.86_r001,256,0.86,ORIGINAL,1.2179857930550495,117.25144871813802,229.7177963749348,0.0047577570041212,0.4580134715552266,0.897335142089589,0.986533212010919,0.0,2c5787ff8435929ca0855b05a289008c1636ecfc24edb9d44c0ddea762178c6c,True
new_q7_sigma24_L256_W0.86_r002,256,0.86,ORIGINAL,1.190507947573849,112.21968702128578,229.5794766985774,0.0046504216702103,0.4383581524268976,0.896794830853818,0.983954260420509,0.0,08a0f21d56151f956cb68252156e5d40e4ae4ae0c7547d964c5ab0f1120a6510,True
new_q7_sigma24_L256_W0.86_r003,256,0.86,ORIGINAL,1.2751303950395254,245.2391364084326,229.5917740355179,0.0049809781056231,0.95796537659544,0.8968428673262417,0.9808994617121028,0.0,7432e42a733c853281b222afd9a9f05de33782fd3acbef5b4f5aa11d764dddf2,True
new_q7_sigma24_L256_W0.86_r004,256,0.86,ORIGINAL,1.2900700847579856,193.7979161533001,229.64916958987965,0.0050393362685858,0.7570231099738284,0.8970670687104674,0.9783783783783784,0.0,09a0cb528d6718d8e0a923690906ef6485b846101f1facca74a72d5f724363f0,True
new_q7_sigma24_L256_W0.86_r005,256,0.86,ORIGINAL,1.2227856970617097,17.41023012423986,229.62220620875385,0.0047765066291473,0.0680087114228119,0.8969617430029446,0.9836966152755626,0.1545490260686631,a3094d9954c6061baf61c9d37229ebf2323d9db2ddeb622a77b2409bfb97d97d,True
new_q7_sigma24_L256_W0.86_r006,256,0.86,ORIGINAL,1.4643911419933886,40.51318781015152,229.7699050012953,0.0057202778984116,0.1582546398834043,0.8975386914113098,0.9636803874092008,0.0,05dcf32df2b4c4e3b8a7c2b5fe476d428fe5421f4d17a3fb67860747e8f60065,True
new_q7_sigma24_L256_W0.86_r007,256,0.86,ORIGINAL,1.200882091852037,107.97136357272728,229.8176050044025,0.004690945671297,0.4217631389559659,0.8977250195484473,0.9860633484162896,0.0,ceb25a3fd136287c0e982e27eae7bab6fcb917009bd9727c504b5172bb3e5694,True
new_q7_sigma24_L256_W0.86_r008,256,0.86,ORIGINAL,1.2381031460907082,131.7896953208704,229.5118379532678,0.0048363404144168,0.51480349734715,0.8965306170049523,0.9842491498120636,0.0,c8e17522f725ec2519a3702ecc5aaa020d8c6b50009c636b72ec6d995eecc22e,True
new_q7_sigma24_L256_W0.86_r009,256,0.86,ORIGINAL,1.439521949223348,24.624559442141503,229.68254710600752,0.0056231326141537,0.0961896853208652,0.8971974496328419,0.9643428205948192,0.1138294547211093,62d1631eca05d4cf742561a065b0b899642aacef209472caa32c757dd8d7d93b,True
new_q7_sigma24_L256_W0.86_r010,256,0.86,ORIGINAL,1.4239451923481852,242.71937220750564,229.7968527881476,0.00556228590761,0.9481225476855688,0.8976439562037016,0.9650338116444004,0.0,dc5dff12a174c65c23a2a332c6e5bc7540813c200d5c455c533fcfadcc6fb279,True
new_q7_sigma24_L256_W0.86_r011,256,0.86,ORIGINAL,1.2603720179703544,184.1984745690867,229.704768786395,0.0049233281951966,0.7195252912854949,0.8972842530718554,0.9844220215967427,0.0,faa96179653e780fb0b9f8dc7de346ef84e7bd8685353c15bf9d91b18615cb99,True
new_q7_sigma24_L256_W0.86_r012,256,0.86,ORIGINAL,1.1833887016341862,144.10880714068196,229.7189337598602,0.0046226121157585,0.5629250278932889,0.8973395849994539,0.9885467517837024,0.0,22036d917474f300563a742dbb8d97b0f8ab9cc796a214f43d3ff7081134a8a6,True
new_q7_sigma24_L256_W0.86_r013,256,0.86,ORIGINAL,1.1475293096491723,245.7801258843494,229.75214134731743,0.004482536365817,0.9600786167357398,0.8974693021379587,0.9874863982589772,0.0,c5261d6d72afa391d89977b58154f8e03e8fe92f30ada15b51b95aaeb8050449,True
new_q7_sigma24_L256_W0.86_r014,256,0.86,ORIGINAL,1.2894530597278049,119.71371859657532,229.568596133913,0.0050369260145617,0.4676317132678723,0.8967523286480976,0.9785504238021104,0.0,1af20e5802930b85b8c67677f97608836108f4fc968e51d81b095e55905e7f7f,True
new_q7_sigma24_L256_W0.86_r015,256,0.86,ORIGINAL,1.1536547130172892,179.36639301138715,229.5935194536703,0.0045064637227237,0.7006499727007311,0.8968496853658996,0.9865092748735244,0.0,8dcf96ddbcf297c01d4d8720be7eb189668094051350f2af1290a415a398ef98,True
new_q7_sigma24_L256_W0.86_r016,256,0.86,ORIGINAL,1.3886779517800392,63.45442378885119,229.57445370996592,0.0054245232491407,0.2478688429251999,0.8967752098045544,0.9642558877568064,0.0,900abb16e923f22de5d9890ace4420fe3547ba477fdb0bc447a211411506d4db,True
new_q7_sigma24_L256_W0.86_r017,256,0.86,ORIGINAL,1.1861269942192507,52.90338171045909,229.78598120402933,0.0046333085711689,0.2066538348064808,0.8976014890782397,0.9870697505008196,0.0,69b39f9e35b07472a59e2fe3396ce36bae6cfaf04a85b759a61d723ab1dc70b5,True
new_q7_sigma24_L256_W0.86_r018,256,0.86,ORIGINAL,1.2828532936427737,102.2368439825356,229.64799161880023,0.005011145678292,0.3993626718067796,0.8970624672609384,0.9834437086092715,0.0,5fa3e366cbed9d072bbbf42894522b6d86d1af6bed4dacbf55e6c455e61c23e2,True
new_q7_sigma24_L256_W0.86_r019,256,0.86,ORIGINAL,1.1781761786914444,246.8481883806073,229.49575436499893,0.0046022506980134,0.9642507358617473,0.8964677904882771,0.9810725552050472,-8.246674528496384e-05,7e6dd6544f23317f7609d8cd66d79b8419d720ef345d88e865fc9db1589f10d2,True
new_q7_sigma24_L256_W0.86_r020,256,0.86,ORIGINAL,1.3184017497242737,210.2865430608444,229.80527781198683,0.0051500068348604,0.8214318088314235,0.8976768664530735,0.9783498124786908,0.0,16b27028e50f7cb1a5ab2f88026c0d8b0d1f2cb70d9a0414668a1623e2d4279a,True
new_q7_sigma24_L256_W0.86_r021,256,0.86,ORIGINAL,1.2998346240095202,67.23948275208946,229.6637740369822,0.0050774790000371,0.2626542295003494,0.8971241173319617,0.9780127559583752,0.0,89e5e438deed952d67cec165dbf9701b3837061376e7e46498060a3092989515,True
new_q7_sigma24_L256_W0.86_r022,256,0.86,ORIGINAL,1.2020382708878117,104.50806443117544,229.7133494962717,0.0046954619956555,0.408234626684279,0.8973177714698114,0.9864527629233512,0.0,865c66ff2e1cba0cc704d440682b94c10b46ec3abcca90d4e79267c31f4ba82b,True
new_q7_sigma24_L256_W0.86_r023,256,0.86,ORIGINAL,1.3513755631531978,167.649404926045,229.85329355984985,0.0052788107935671,0.6548804879923633,0.8978644279681635,0.9758470311975848,0.0,d6522382bb549d2a97092bb4537a337b6cc5ca0b41b57c41b9937adb145b62d1,True
new_q7_sigma24_L256_W0.86_r024,256,0.86,ORIGINAL,1.2609311990075869,175.51132746116707,229.68540230143367,0.0049255124961233,0.6855911228951839,0.8972086027399753,0.9754654602401251,0.0,67895cb49590744700a24ed0f5d61f546ae81a7a55f9169d36a8869c3ef4c3fa,True
new_q7_sigma24_L256_W0.88_r001,256,0.88,ORIGINAL,1.3210192780074124,227.3443072812916,229.7137750455685,0.0051602315547164,0.8880637003175453,0.8973194337717519,0.9800962016918228,0.0064775902402834,ea1db8b5bb7e0b4faaff373feb8a8a332ce1b71e5d2cd6e813184e2de75aa6b4,True
new_q7_sigma24_L256_W0.88_r002,256,0.88,ORIGINAL,1.3920546689896869,83.23918379820614,229.82660739909036,0.0054377135507409,0.3251530617117427,0.8977601851526966,0.966437459070072,0.0217980994255726,ba01a43a332bfa3eec130aa840124f41057d8fa91df2ad6acf4572d2f029b184,True
new_q7_sigma24_L256_W0.88_r003,256,0.88,ORIGINAL,1.44434736917961,234.3476951541682,229.82119392523745,0.0056419819108578,0.9154206841959696,0.8977390387704588,0.9662173136267664,-0.0013819062764046,b9a68aaecd661a38c0a9c31c865aef043c86d17508e48fc5449c8b242c473c3c,True
new_q7_sigma24_L256_W0.88_r004,256,0.88,ORIGINAL,1.577197537254989,234.61776504213572,229.69230103523705,0.0061609278799023,0.9164756446958428,0.8972355509188947,0.9543392803144845,-0.0008354891330373,c1b70efe02701d6d4754f9ca3f8050f518e9000f4c6d7c1080c40e3b1246630f,True
new_q7_sigma24_L256_W0.88_r005,256,0.88,ORIGINAL,1.3827473517536362,237.63228724489872,229.79334895814185,0.0054013568427876,0.9282511220503856,0.8976302693677416,0.9732961992136304,-0.0023980815347721,6e7c4839bfe02d5b1377fd5e317ab4fcf99e582411f22e052abbb0669f2c29ca,True
new_q7_sigma24_L256_W0.88_r006,256,0.88,ORIGINAL,1.410780197829439,238.8920835444393,229.7803310365509,0.0055108601477712,0.933172201345466,0.897579418111527,0.9703963873557452,-0.0014449466835263,5d4de3f700f22ad3e9467502a07d232b03ce2e2926435c0cdff41dbc620877d3,True
new_q7_sigma24_L256_W0.88_r007,256,0.88,ORIGINAL,1.5268430455174382,173.20956501214073,229.94699924976368,0.0059642306465524,0.6765998633286747,0.8982304658193894,0.9541141701664332,0.010443005816282,7784b70bf26af522a97dbf6c9c4cb5095ed47a188d0ade8481a8fe003a55b060,True
new_q7_sigma24_L256_W0.88_r008,256,0.88,ORIGINAL,1.2439762138192236,228.2902196502083,229.675330769218,0.0048592820852313,0.8917586705086261,0.8971692608172579,0.9792411094095628,0.0061241818137104,6793a71086c19c2541dc4cbb861e07f740dbdc9aec3673388fef0d22d37a44bc,True
new_q7_sigma24_L256_W0.88_r009,256,0.88,ORIGINAL,1.4205960151855948,240.2946842548551,229.89955210212912,0.0055492031843187,0.9386511103705276,0.8980451253989419,0.9690343176376696,-0.0018841967176915,b7222adfdca45edbd13c79b3ddebf5511a674bd5c2355bc5cbfcc9060ef7b5b9,True
new_q7_sigma24_L256_W0.88_r010,256,0.88,ORIGINAL,1.3594134347769966,222.1147141443924,229.9029006715093,0.0053102087295976,0.8676356021265329,0.8980582057480833,0.973454245671888,-0.0004616372092885,4690d51c48bac0995741989e7ff006fd01a5f8160a310f59b13d3fb4417f0b6d,True
new_q7_sigma24_L256_W0.88_r011,256,0.88,ORIGINAL,1.2695721232192625,233.34495199825537,229.82241492029772,0.0049592661063252,0.911503718743185,0.8977438082824131,0.9837523516333162,-0.0014600581631235,bd68daa154eee8f35c799a1a62e78423d3e6b8cc0f31556decb14b0da617df37,True
new_q7_sigma24_L256_W0.88_r012,256,0.88,ORIGINAL,1.3607038549531865,238.39233505358047,229.78266811944707,0.0053152494334108,0.9312200588030488,0.8975885473415901,0.9713135379969804,-0.0020721792135441,e4a47a711c6c8026c7d9c7e6b866f8ce30eae0ee6af811004ce7b95c1f891dc6,True
new_q7_sigma24_L256_W0.88_r013,256,0.88,ORIGINAL,1.4475248986286715,231.9797523554182,229.74794801913347,0.0056543941352682,0.9061709076383524,0.8974529219497401,0.9620807000486143,-0.0009066496985801,d904f689a081c082915b2a1cbffd5c799fbb70fa749287823b0002423ac5d208,True
new_q7_sigma24_L256_W0.88_r014,256,0.88,ORIGINAL,1.5691976206561833,232.90127979801105,229.8181764732748,0.0061296782056882,0.9097706242109804,0.8977272518487296,0.9523110785033015,-0.0017895923857876,a8939f910db18ea19b69b4d496dff806e39f99b258014faaf32dff744c9c1722,True
new_q7_sigma24_L256_W0.88_r015,256,0.88,ORIGINAL,1.3027393565151613,231.18301898862197,229.77904842487283,0.0050888256113873,0.9030586679243044,0.8975744079096595,0.9797285977550678,-0.001027807514881,dd1ad38df7c59ac07c1152909db517c6786f32e668c1204530b663cc955b5d67,True
new_q7_sigma24_L256_W0.88_r016,256,0.88,ORIGINAL,1.3356171182452383,226.373763865052,229.8351044787215,0.0052172543681454,0.8842725150978593,0.8977933768700058,0.9751731126498904,0.0071670055275456,363423104efa96eea202b9b3b179e73301d563e5debd568917321a3f6d035b9f,True
new_q7_sigma24_L256_W0.88_r017,256,0.88,ORIGINAL,1.2823327989883353,235.5685548565716,229.839635454365,0.0050091124960481,0.9201896674084828,0.8978110759936133,0.9830508474576272,-0.0022339705126785,d9a850a38a785f029f1ca0ce3785c1f13c5a2ecae5c99daffd1ae24f47e2e3d1,True
new_q7_sigma24_L256_W0.88_r018,256,0.88,ORIGINAL,1.3768042048984055,227.22572491476367,229.880067069444,0.0053781414253843,0.8876004879482956,0.8979690119900156,0.9694351096175388,0.0067772117636423,f17fab736d6f51a8dd159cf14028166360412d4c69dd12f5237a0c39c5b5c829,True
new_q7_sigma24_L256_W0.88_r019,256,0.88,ORIGINAL,1.3484529097890174,229.89371955541523,229.8104665113901,0.0052673941788633,0.8980223420133407,0.8976971348101176,0.9764150943396226,-0.0016366158881895,20e2ae501a4556676ebac9dbcb97c7e93a542b68fcb7526cb29088df4c65302a,True
new_q7_sigma24_L256_W0.88_r020,256,0.88,ORIGINAL,1.1821376239434755,147.647609882771,229.74323043122612,0.0046177250935292,0.5767484761045742,0.8974344938719772,0.9846587903368011,0.0121106434636981,dcc9927bf8c3849ce19f5f7e301f129ac615a9cc67c450536057b6cb0701c312,True
new_q7_sigma24_L256_W0.88_r021,256,0.88,ORIGINAL,1.31966288649474,227.47622527582928,229.7878218228602,0.00515493315037,0.8885790049837081,0.8976086789955476,0.977005620848237,-0.0005137837284766,b6cdc4bd3b312df9eb1621b011d39ac3e3d60f572e220e163db41d0f624a1dfc,True
new_q7_sigma24_L256_W0.88_r022,256,0.88,ORIGINAL,1.419249887539905,235.84781248992007,229.7989752143252,0.0055439448732027,0.9212805175387504,0.8976522469309579,0.9729474677571563,-0.0022470747013177,270b0619b585503a40f3cc6610028db03995b1cccf053a4a928f8e99c28f7adb,True
new_q7_sigma24_L256_W0.88_r023,256,0.88,ORIGINAL,1.3903914047210435,97.59606951976389,229.7436150111486,0.0054312164246915,0.3812346465615777,0.8974359961372992,0.9716768587061474,0.0184127080227339,9d282aca7a89c6dd7acb887ece00c96a993daaa51b5ef9af990b74470335bdb8,True
new_q7_sigma24_L256_W0.88_r024,256,0.88,ORIGINAL,1.3712407288811337,228.0384983648148,229.76397222349945,0.0053564090971919,0.8907753842375576,0.8975155164980447,0.9723307291666666,0.0065595032787798,80a44eb9b584e79cb5adbfa996b94d42eafeb90f0481933291a7b0bdb0fc7d5e,True
new_q7_sigma24_L256_W0.9_r001,256,0.9,ORIGINAL,1.3421435153993857,228.01960760408207,229.89139462773176,0.0052427481070288,0.8907015922034456,0.8980132602645772,0.977121531721564,0.0060722287919337,5c08882099c4f7b96ce474a412ad322071c2f52521a829cb881030343b62278d,True
new_q7_sigma24_L256_W0.9_r002,256,0.9,ORIGINAL,1.2580516263235495,228.42344373754312,229.88268800962635,0.0049142641653263,0.8922790770997778,0.8979792500376029,0.9850340136054422,0.0059133961490131,84125c445fcc7b7c6b755a00eeb959ad08e4f2116b67d000f6ccd76f746513e8,True
new_q7_sigma24_L256_W0.9_r003,256,0.9,ORIGINAL,1.354769158898904,228.9203903130996,230.0296676210331,0.0052920670269488,0.8942202746605452,0.8985533891446605,0.9767555266579974,0.0056621804725526,1f0fb1e8e34c236477e710e964b83ef6770164c4ff99d3890710513fa1a9d19b,True
new_q7_sigma24_L256_W0.9_r004,256,0.9,ORIGINAL,1.468142693574265,228.4580157450968,229.8320466977933,0.0057349323967744,0.8924141240042844,0.897781432413255,0.9680966393061792,0.0059819164898846,1f9e75973ff12be383cf3d3d024d9b238bf8ddfaacaf28f395eaf2282c92bc98,True
new_q7_sigma24_L256_W0.9_r005,256,0.9,ORIGINAL,1.5675930425531988,228.88211959722108,230.0636180829444,0.0061234103224734,0.8940707796766448,0.8986860081365016,0.9546499157346408,0.0053973172348472,c13745ede3fa5661b5cef88085c9da3f6617b13f89a60d95a7e43a8b228a2520,True
new_q7_sigma24_L256_W0.9_r006,256,0.9,ORIGINAL,1.457961739325583,228.72813851691927,229.8735332799349,0.0056951630442405,0.8934692910817159,0.8979434893747456,0.9655278547245306,0.0054052692494497,b64fd8e450079c73fde8be95d9737f5e350b7a3e89662eb0b0cc7ff144a5109e,True
new_q7_sigma24_L256_W0.9_r007,256,0.9,ORIGINAL,1.5049497567063383,229.07602695811343,229.92095501562332,0.0058787099871341,0.8948282303051306,0.8981287305297787,0.961295296838859,0.0051233528852905,9269cf5321c713e8bcb4c7e39b746146ea3911da26ceb59e9fb171243859d4cf,True
new_q7_sigma24_L256_W0.9_r008,256,0.9,ORIGINAL,1.4231146762520552,228.22327319246813,229.781184755858,0.0055590417041095,0.8914971609080786,0.8975827529525703,0.9719003016351802,0.0061973760362947,5c917a25fb9152028a9cbeae0edd61255b1dbf24467c5486f793d38e6e249421,True
new_q7_sigma24_L256_W0.9_r009,256,0.9,ORIGINAL,1.4575481809391135,229.07497458752783,229.98519171642295,0.0056935475817934,0.8948241194825306,0.8983796551422772,0.9688143105904702,0.0051040262371084,8a0d006f34418c8e3ee8cd60a5123b71c4ccdd3cbf23c7d56d89cfd219333f2a,True
new_q7_sigma24_L256_W0.9_r010,256,0.9,ORIGINAL,1.6093453621002425,228.63534853091195,229.93441200322752,0.006286505320704,0.8931068301988747,0.8981812968876075,0.951485574852878,0.0058492007773075,089783e2e08392689d7333a0750219f9e30f87334bbbcdfe0b2ea943440a6c43,True
new_q7_sigma24_L256_W0.9_r011,256,0.9,ORIGINAL,1.5019357165838585,228.7326383134694,229.88297296695532,0.0058669363929056,0.8934868684119899,0.8979803631521693,0.9593194122196442,0.0057585753470685,8d1a7ac3384a5bb59a0fa62cff3f2918a57a35ee7c0b30db1cea6d3a4210bac9,True
new_q7_sigma24_L256_W0.9_r012,256,0.9,ORIGINAL,1.5399312573367183,228.4084129922001,229.9719836252584,0.0060153564739715,0.8922203632507817,0.8983280610361657,0.9623631728894888,0.006129826210461,276844cc05536c8e24b46106b0bc45713a3d88ba311e8843e0594c4c721b13bc,True
new_q7_sigma24_L256_W0.9_r013,256,0.9,ORIGINAL,1.311321429904751,228.24594130266576,229.77247600235455,0.0051223493355654,0.8915857082135381,0.8975487343841976,0.9780405405405406,0.0063902002689929,b110b67f160ca00e11a85556de0a1cc3f715a1e14186b6fa5ad7f6202dd9ae22,True
new_q7_sigma24_L256_W0.9_r014,256,0.9,ORIGINAL,1.5872958125666514,228.60135767423543,229.90442216694836,0.0062003742678384,0.8929740534149821,0.8980641490896419,0.9521687462863934,0.0058918836441878,2842104b7b96505cc178ed2dcfdefcfd16e6c3d5308c45a6854652cc0f4878c3,True
new_q7_sigma24_L256_W0.9_r015,256,0.9,ORIGINAL,1.4840656467385998,228.78212243706145,229.97168162448148,0.0057971314325726,0.8936801657697712,0.8983268813456308,0.9614035087719298,0.0055248690177673,bc34402e34b9c17d3f3caa01135a5f8f2deee9f5331918e69429ccdf2198b1b4,True
new_q7_sigma24_L256_W0.9_r016,256,0.9,ORIGINAL,1.5012505700926797,228.61980446259605,229.8548821120525,0.0058642600394245,0.8930461111820158,0.8978706332502052,0.958198862763178,0.005817903499081,b0f818cffb38ee327aaa675d5007fbf2a5c2d32decd657f80d09ecc0f9fe439d,True
new_q7_sigma24_L256_W0.9_r017,256,0.9,ORIGINAL,1.3940615836234258,228.00168454863143,229.95461781409145,0.005445553061029,0.8906315802680915,0.8982602258362947,0.9742785445420328,0.0064906890909338,69329880f6a54dc344e3254c5f18b9594a5c6d8a5e04cb31fcaca5c715c8bf53,True
new_q7_sigma24_L256_W0.9_r018,256,0.9,ORIGINAL,1.5347765447297943,229.04273460913703,229.948130550956,0.0059952208778507,0.8946981820669415,0.898234884964672,0.9546591619762352,0.0050188562093823,043b25c798cb51b6371b838308fb073881ec588f5f59c9b09a144be000aba649,True
new_q7_sigma24_L256_W0.9_r019,256,0.9,ORIGINAL,1.3908727580708842,228.2384400191576,229.79452143535948,0.0054330967112143,0.8915564063248343,0.897634849356873,0.971268954509178,0.0059074760730717,fc3973a821b4f37ff088d1dc849c726e3bc42934c08ecd7441e2945c348b81d4,True
new_q7_sigma24_L256_W0.9_r020,256,0.9,ORIGINAL,1.441948461586577,227.73520599070375,229.94626864728647,0.0056326111780725,0.8895906484011866,0.8982276119034628,0.9702777326620108,0.0065222529270598,5f81989216be394b871e603edb3eefa511e2f12d9a4be55fd36f70b32eb2245c,True
new_q7_sigma24_L256_W0.9_r021,256,0.9,ORIGINAL,1.3208753496934094,228.69125765923536,229.90293291722463,0.0051596693347398,0.8933252252313881,0.8980583317079088,0.9758891928864568,0.0056699095386711,592d1142de9e43e2e70ccbeb283a478b33e5b9a2b2df2550cdaf9214ce292cc6,True
new_q7_sigma24_L256_W0.9_r022,256,0.9,ORIGINAL,1.4004436234758373,228.78352442196925,229.9435730767588,0.0054704829042024,0.8936856422733174,0.898217082331089,0.9698029243483788,0.0058532637956631,e57e2dfe3767bbe5652b4e71d791cd99b38869eb48c1d98b22896fc104037c9e,True
new_q7_sigma24_L512_W0.7975_r001,512,0.7975,ORIGINAL,1.071514122369706,2.1950020953761964,299.9208011013633,0.0020928010202533,0.0042871134675316,0.5857828146511002,0.9910985231640704,0.8769140853302162,aa536a54e14cd7f003456dc98f8597e3167ee32e002bf87ca3d5f7e6c12d09a9,True
new_q7_sigma24_L512_W0.7975_r002,512,0.7975,ORIGINAL,1.0372050384131055,3.639970237801151,429.86467353774697,0.0020257910906505,0.0071093168707053,0.839579440503412,0.9931479242241033,0.7284245552664136,9b86686359b12aa972ad78ca44e080e75edadc395f51aff90c66d0b178e978a3,True
new_q7_sigma24_L512_W0.7975_r003,512,0.7975,ORIGINAL,1.031440524580148,1.909348866239441,468.1690667592456,0.0020145322745706,0.0037291970043739,0.9143927085141514,0.9910207451749408,0.9112872782181956,a6356f6f6cb3492a1c9606ce82468ffa94169027b084782e96e320a2dc0a469c,True
new_q7_sigma24_L512_W0.7975_r004,512,0.7975,ORIGINAL,1.0839481299705085,1.8306700503135855,256.5800592685551,0.0021170861913486,0.0035755274420187,0.5011329282588967,0.9876347808883174,0.921447824412784,1a2824082b20f1c46f10089c5b14c834621395add5b922ae42494373eb8bf907,True
new_q7_sigma24_L512_W0.7975_r005,512,0.7975,ORIGINAL,1.0000753685362156,4.348955538410394,424.8034226738562,0.0019532722041722,0.0084940537859578,0.8296941849098755,0.9934723099599916,0.7002788522083296,ddf7f354fc488d00cfc4d75f5e6bf6138f0b43744524332178dbf843cf3ffdd2,True
new_q7_sigma24_L512_W0.7975_r006,512,0.7975,ORIGINAL,1.0490759623272652,2.425277999143418,238.69387994229896,0.0020489764889204,0.0047368710920769,0.4661989842623026,0.9921779764323446,0.8496387971103769,0f60617995fc37980d5dc517f7bbd58b56865267f406b4604965e6338d875171,True
new_q7_sigma24_L512_W0.7975_r007,512,0.7975,ORIGINAL,1.0061573879514183,2.145738670768821,312.09641223817243,0.0019651511483426,0.0041908958413453,0.6095633051526805,0.9934839270199828,0.8803874934740994,86f59afd720a6077b99037c4afcd7498766980a115c2e2e12dfb6f34eabbd420,True
new_q7_sigma24_L512_W0.7975_r008,512,0.7975,ORIGINAL,1.018830005984114,2.1784413512734773,200.8877830068646,0.0019899023554377,0.004254768264206,0.3923589511852824,0.9917463512833418,0.8751252644471662,f512b84ecaf3a3795419e635958153a4f1db3ae8c0e2825f4cac7048898322cb,True
new_q7_sigma24_L512_W0.7975_r009,512,0.7975,ORIGINAL,1.0306275263142766,2.5074638390998416,232.45556106908555,0.0020129443873325,0.0048973903107418,0.4540147677130577,0.9915366574895484,0.8427136524325234,7d05e4f70afdd3e8daf884d6687cb1f4a7036626f9381901e7d451d3adbbac38,True
new_q7_sigma24_L512_W0.7975_r010,512,0.7975,ORIGINAL,1.0198917385146729,1.961175663846348,459.145330348697,0.0019919760517864,0.0038304212184498,0.8967682233372989,0.991091542084784,0.9046444211435268,880ed5d4430989f4c37287830e1948699646dcf93dc69533c765c57db276e5c9,True
new_q7_sigma24_L512_W0.7975_r011,512,0.7975,ORIGINAL,1.0136727191557495,1.7279382075328158,322.01914929346293,0.001979829529601,0.0033748793115875,0.6289436509637948,0.993767242260141,0.9344482503861912,fe0a21b54f27e43a4b8d82d13ff4ea529c571a3ff14c85470f3abf3f2101b828,True
new_q7_sigma24_L512_W0.7975_r012,512,0.7975,ORIGINAL,0.9711476001095888,1.8490162672451331,441.4338623234572,0.001896772656464,0.0036113598969631,0.8621755123505024,0.994485485381334,0.9199067364043104,87d44dfa09f6bb837598cf4a6ac9ba6ce66cd93b46f1ba4243e17660a0363340,True
new_q7_sigma24_L512_W0.7975_r013,512,0.7975,ORIGINAL,1.074699855846859,2.387218507998341,457.167272809019,0.0020990231559508,0.0046625361484342,0.8929048297051152,0.9909254088552054,0.8541935483870968,cb41ff09b5c5c52c93614ef4f9d3c7825528f7e8910fee561999a69f6fbc2228,True
new_q7_sigma24_L512_W0.7975_r014,512,0.7975,ORIGINAL,0.9623728683912418,2.0124290837571266,378.79503557033706,0.0018796345085766,0.0039305255542131,0.7398340538483146,0.9941687871077184,0.8989035495261104,dd55f2b45d300a12a14c5a56d8eb33fc60457bf8186ff01586fe2bb4c8bb4919,True
new_q7_sigma24_L512_W0.805_r001,512,0.805,ORIGINAL,1.0641091318910867,2.1840780217636397,459.4121431359813,0.0020783381482247,0.0042657773862571,0.8972893420624634,0.9910227960459956,0.8772222885097244,9d6de7791b8fbbe2fc7df696f21ffabeda876d02ad0be3ed8ef7a6013a4c7f31,True
new_q7_sigma24_L512_W0.805_r002,512,0.805,ORIGINAL,1.025891220811559,2.398363965334113,458.7045477234582,0.0020036937906475,0.0046843046197931,0.8959073197723793,0.991710703554036,0.8484650910078783,aa60b67c0dc2d588e92fc7dec2997601316c06592338b42826548488c1906132,True
new_q7_sigma24_L512_W0.805_r003,512,0.805,ORIGINAL,1.096104367248131,2.8171266343762795,458.9714820053456,0.0021408288422815,0.0055022004577661,0.8964286757916906,0.9865035440334012,0.7858810346437576,b53233ab3c4758328cbb8932134be589c197c34412ec5472619a3f9c514b38ed,True
new_q7_sigma24_L512_W0.805_r004,512,0.805,ORIGINAL,1.1004191899774014,3.494347085602953,458.8657171743719,0.0021492562304246,0.0068248966515682,0.8962221038561952,0.9874060333886556,0.7239196488858879,af44e6175f0a10053b3c1ce106719471f8a81f7b4c45149073b08ed7abf1216a,True
new_q7_sigma24_L512_W0.805_r005,512,0.805,ORIGINAL,0.9892628262909966,2.4445605370526664,457.6501873876353,0.0019321539575996,0.0047745322989309,0.8938480222414752,0.992528795268237,0.8412613289000912,c53ca56ebb84413b1c7510a787476ac774595aef4d60ee72bb8c9d53b65e0fe5,True
new_q7_sigma24_L512_W0.805_r006,512,0.805,ORIGINAL,1.0579650993321934,3.291122877612452,458.9642255623504,0.0020663380846331,0.0064279743703368,0.8964145030514655,0.9904723698726308,0.7392467127256519,36eb1f9bebefd94181082fdda2a2481100947ac81d933ead69bd97e03a8584f5,True
new_q7_sigma24_L512_W0.805_r007,512,0.805,ORIGINAL,0.9682059213698722,2.056336829007648,458.385246089996,0.0018910271901755,0.0040162828691555,0.8952836837695234,0.993314132894466,0.8929968222928379,b9a04ce7ff512f50c445b9752c67863afd34337fad4085ceb2ef70f1906bf9e5,True
new_q7_sigma24_L512_W0.805_r008,512,0.805,ORIGINAL,1.0229694057096594,2.9564042911339925,458.84253400249577,0.0019979871205266,0.005774227131121,0.8961768242236245,0.9894384076368438,0.7847683679721005,a97bda6a7014d07b22ad6720a045be9c7c8ea3d3d761b449e6dbf7fc35327962,True
new_q7_sigma24_L512_W0.805_r009,512,0.805,ORIGINAL,1.162985852681686,1.952109068391792,459.0252321325405,0.0022714567435189,0.0038127130242027,0.8965336565088682,0.984216031187601,0.9075101097631428,f8df349f40b0a14a3be995f80bc30a9fc800e6ccf6e4dd5f06d26265c0d1a65d,True
new_q7_sigma24_L512_W0.805_r010,512,0.805,ORIGINAL,1.060198107466192,3.2894769778901605,458.9006131730504,0.0020706994286449,0.0064247597224417,0.896290260103614,0.9888167748377434,0.7482100238663485,470c7cec566ca563cdfa6eb07701a8488c33cd145a2f922cb3f661900cf844a9,True
new_q7_sigma24_L512_W0.805_r011,512,0.805,ORIGINAL,1.0582197750182445,2.158035909671014,457.3761937444749,0.0020668354980825,0.0042149138860761,0.8933128784071774,0.9891951933757448,0.8789488556089291,4319ad290135ba9816eed2b55998c187724a7281d178c7cb2f44caddebd8605a,True
new_q7_sigma24_L512_W0.805_r012,512,0.805,ORIGINAL,1.0547587731537649,2.05960533463076,458.0431429373057,0.0020600757288159,0.0040226666692007,0.8946155135494253,0.990286400961346,0.891493207393155,6773b3b0908bfd883b2357c2972e4d0988fdf3a28a2b4faa1c92a4d1dc2627c2,True
new_q7_sigma24_L512_W0.805_r013,512,0.805,ORIGINAL,1.032441256907191,2.6778071157938825,459.440491170749,0.0020164868298968,0.0052300920230349,0.8973447093178691,0.9906580016246954,0.8118069971140702,26b37f176480f4d7a200b1aafc80a386437894616a088ec32b313bda99ab4265,True
new_q7_sigma24_L512_W0.805_r014,512,0.805,ORIGINAL,1.0356583193446909,2.583615241111204,458.8627571957464,0.00202277015497,0.0050461235177953,0.8962163226479422,0.9935766721044046,0.8205771001739486,0d4bb66407069fd4a0d91e652056ba426cb3e2b7afc2a0175e8b51cd30cfe59d,True
new_q7_sigma24_L512_W0.815_r001,512,0.815,ORIGINAL,1.0678813704540175,2.251364836037851,459.4609357519002,0.002085705801668,0.0043971969453864,0.8973846401404301,0.990543499900458,0.8649893109685907,730ed90b6066724aee4279b0a0fbdaec155754c678387c7db07f3c9b18cbdf0f,True
new_q7_sigma24_L512_W0.815_r002,512,0.815,ORIGINAL,1.0798220875401512,4.158752830290155,459.6853845766017,0.0021090275147268,0.0081225641216604,0.8978230167511753,0.9897119341563786,0.7050683346900304,756af0bba2470eb52c8c5d521ad38a9e1a458d1085e9667290f8627982524e0c,True
new_q7_sigma24_L512_W0.815_r003,512,0.815,ORIGINAL,1.0241628837624717,4.0840078340852415,459.5121051112525,0.0020003181323485,0.0079765778009477,0.8974845802954151,0.9933808043325644,0.6804298642533937,0083ec02a1ff3fda8617e70ddf57f4039761372780eace4073309fcb1769f23b,True
new_q7_sigma24_L512_W0.815_r004,512,0.815,ORIGINAL,1.0077937951513718,2.349937857398288,459.3331636105482,0.001968347256155,0.004589722377731,0.8971350851768519,0.992662794252522,0.8568955890563931,206127c83e21b4714130f3ea9674685198cd9f1b289ad40eb4b4d377db318d64,True
new_q7_sigma24_L512_W0.815_r005,512,0.815,ORIGINAL,1.1443795801559986,2.8878088956190027,459.4663876685286,0.0022351163674921,0.0056402517492558,0.897395288415095,0.983011583011583,0.7651949415831619,dc2950b9358becaecae2a5f063b79bde768f37438b5feacdf86a7a161eaaf150,True
new_q7_sigma24_L512_W0.815_r006,512,0.815,ORIGINAL,1.0309814120330998,3.0676350483311694,459.6074809482861,0.0020136355703771,0.0059914747037718,0.8976708612271213,0.9911035585765694,0.7668153354056855,9bbefb7697bf71c879fc328141b2ff3462e71a0298727cac28819150145e26f1,True
new_q7_sigma24_L512_W0.815_r007,512,0.815,ORIGINAL,1.067278579977767,2.9330721463178406,459.31705343481445,0.002084528476519,0.005728656535777,0.897103619989872,0.9916750250752256,0.7713545389563974,28d183fa48b4230db363dd1d4a72ded91ca48e7e9e3f6c543e0ee4dcd29a513a,True
new_q7_sigma24_L512_W0.815_r008,512,0.815,ORIGINAL,1.0349221109670452,2.508802407533949,459.662322893916,0.0020213322479825,0.0049000047022147,0.8977779744021797,0.9890098810244,0.824441044370959,03c4ae3b874655042599c7b8855127d45f32cf10232375e4f08f671102a08429,True
new_q7_sigma24_L512_W0.815_r009,512,0.815,ORIGINAL,1.1567240334052826,3.14390405437598,459.0772574063469,0.0022592266277446,0.006140437606203,0.8966352683717713,0.9839681305868636,0.7463464661140073,f64c2e75b59c3d3fce5623c17f31a60f0a4a682c22c399c655056e5900ba9460,True
new_q7_sigma24_L512_W0.815_r010,512,0.815,ORIGINAL,1.0335211767273336,2.049278799486842,458.6734989871613,0.0020185960482955,0.0040024976552477,0.8958466777092994,0.9911934406316428,0.8932590591942381,157d5d7d4e56d4be3c0320827c9357a5bd34997a0392f3226fd53da1ce6c1666,True
new_q7_sigma24_L512_W0.815_r011,512,0.815,ORIGINAL,1.0592574673700597,2.247374966814675,459.4410607517606,0.0020688622409571,0.0043894042320599,0.8973458217807824,0.9891945972986492,0.8669146632613403,03cca299b183aa410294f24a77514468fb57a15ecb6cea338cacfc63bbd8ef17,True
new_q7_sigma24_L512_W0.815_r012,512,0.815,ORIGINAL,1.0456167938547765,2.8891161706033017,459.5700340115258,0.0020422203004976,0.0056428050207095,0.8975977226787614,0.9896013864818024,0.7827465455233769,74a34137a7deb5b37174013aedbfc51bced5bb565b3b9bf7723a10c9e0c12c04,True
new_q7_sigma24_L512_W0.815_r013,512,0.815,ORIGINAL,1.1092218943440455,2.3479131435091745,459.4207558210654,0.0021664490123907,0.0045857678584163,0.8973061637130184,0.9872241579558652,0.8561174375303578,025971e465bcb0bfc2958befe69d15d89b899bdf8f0e4c01169bd575238c424a,True
new_q7_sigma24_L512_W0.815_r014,512,0.815,ORIGINAL,1.026957703763571,2.913092162263297,459.5491363465097,0.0020057767651632,0.0056896331294205,0.8975569069267768,0.991297308237199,0.7813975227856976,cba92da67101efdba544a56ce4a76fd29f66a336a9e34b4bbfee4b27420b071d,True
new_q7_sigma24_L512_W0.84_r001,512,0.84,ORIGINAL,1.1608954310857484,6.590034032216693,459.9100303506266,0.0022673738888393,0.0128711602191732,0.8982617780285675,0.9871561304427036,0.5043848659483838,9b70d81e128784464924e1d7de8f8e9c278ae0be1ef9560f17e6c3e25af3152f,True
new_q7_sigma24_L512_W0.84_r002,512,0.84,ORIGINAL,1.1743947367851888,4.314030171440322,459.7092167981465,0.0022937397202835,0.0084258401785943,0.8978695640588799,0.9864939870490288,0.5601180749565126,4800c9e9bc624fc1f350ddcefd6a5f876068885c87f1399876771d4eb0637c66,True
new_q7_sigma24_L512_W0.84_r003,512,0.84,ORIGINAL,1.2272177995359923,7.250781785241372,459.93825041010393,0.0023969097647187,0.0141616831742995,0.8983168953322342,0.9812606473594548,0.4200062495117569,0f386dd05f106770532730fd85dd71e1093535d1550b142b0740d26bf8a7cd02,True
new_q7_sigma24_L512_W0.84_r004,512,0.84,ORIGINAL,1.128396521655361,4.237209717232645,459.9075320565024,0.0022038994563581,0.00827580022897,0.8982568985478563,0.9881165707818542,0.6212676143770564,fd0242d68c40c573d0b0c7b273cd29c5926878cb05a275fceee42c33daab3318,True
new_q7_sigma24_L512_W0.84_r005,512,0.84,ORIGINAL,1.160403456104632,4.698480692453074,459.81795707400295,0.0022664130002043,0.0091767201024474,0.898081947410162,0.985261401557286,0.6340162972401998,71a94487a4aa7ed407164836a7324febf1868198f3d47811af68a71674819497,True
new_q7_sigma24_L512_W0.84_r006,512,0.84,ORIGINAL,1.189477221754032,4.272178608431602,459.9744608826193,0.0023231976987383,0.0083440988445929,0.8983876189113659,0.98550988790668,0.6008642527194159,8ef6b170f1b5d0ebc7bb2d6590ef84d5efcd91b2b6239ebb947f063eb1a76b53,True
new_q7_sigma24_L512_W0.84_r007,512,0.84,ORIGINAL,1.2553517354675705,4.69650498953979,460.0019598167717,0.002451858858335,0.0091728613076949,0.8984413277671323,0.981067578227715,0.5819644369178663,cac4d9139e4b8ac19c238162fe4fcc6fa265798c75e9de00b48d17fbd96878a5,True
new_q7_sigma24_L512_W0.84_r008,512,0.84,ORIGINAL,1.2075253436544244,7.148397897924667,459.9660819671887,0.002358447936825,0.0139617146443841,0.8983712538421654,0.9829363668681124,0.3954794278650891,c4e26a5684de8eb6209539a2de2454b29e267d692426812fe8059bace8890656,True
new_q7_sigma24_L512_W0.84_r009,512,0.84,ORIGINAL,1.2056525668435256,3.521296750860301,459.619602212965,0.0023547901696162,0.006877532716524,0.8976945355721972,0.9826924792577392,0.6826995546420007,dc719623d49674c4eaeaa85bbfba5659fd90a2fe040aa41e06ab0ff749e442b7,True
new_q7_sigma24_L512_W0.84_r010,512,0.84,ORIGINAL,1.173532151388201,6.3819220790494455,459.9537506375156,0.00229205498318,0.0124646915606434,0.8983471692138977,0.9861356657671908,0.556280967647916,1c821b1607b877e688fc49a630b9051297eb68fd5371666ff584b4df4f01b089,True
new_q7_sigma24_L512_W0.84_r011,512,0.84,ORIGINAL,1.1460112408728378,4.204061818126945,460.0356366483102,0.0022383032048297,0.0082110582385291,0.8985071028287308,0.9848342125094196,0.649960952089912,e087b53ee9881c3a32a20822e9560d9691c32a73c4a5dcba44b813305bb19e73,True
new_q7_sigma24_L512_W0.84_r012,512,0.84,ORIGINAL,1.127477449935725,150.6879983675641,459.9889186647139,0.0022021043944057,0.2943124968116486,0.8984158567670193,0.98943661971831,0.0,cdf2127ec85867bf3ef3bec8b0eeb4c222f8cd79ed9b54f61a137f6afe88b18f,True
new_q7_sigma24_L512_W0.84_r013,512,0.84,ORIGINAL,1.2220130648424288,3.34504116830567,459.99883290485593,0.0023867442672703,0.006533283531847,0.8984352205172967,0.9802714932126696,0.6987642890210463,8de1faeac99a86820e2d7e92b415600f6efaebd457f20c25aee09bbc4c13f889,True
new_q7_sigma24_L512_W0.84_r014,512,0.84,ORIGINAL,1.2948078202519469,4.946414264654322,459.87413725245057,0.0025289215239295,0.0096609653606529,0.8981916743211925,0.979631086633447,0.5663872099824527,035cc6241dc930b816904a1d0686dd748d30bd6afd5cb6aa6b5f9acb04d101c6,True
new_q7_sigma24_L512_W0.84_r015,512,0.84,ORIGINAL,1.3134813133817715,9.07073088211206,459.6763543107704,0.0025653931901987,0.0177162712541251,0.8978053795132235,0.9687991609858416,0.351281850254802,b4f9d65862fb50ffe00dc8d82a301bad866bf33eead39a105e6a6820c8724643,True
new_q7_sigma24_L512_W0.84_r016,512,0.84,ORIGINAL,1.1182921778023456,7.146367020397406,460.0399173600058,0.0021841644097702,0.0139577480867136,0.8985154635937613,0.986096661307103,0.4616637657874771,1a5ca9567f6e6b436eb5bc2e13d88227b6477750679b8f22743ef23cdd495a25,True
new_q7_sigma24_L512_W0.86_r001,512,0.86,ORIGINAL,1.3295092353931182,105.78455073864428,459.976128514348,0.0025966977253771,0.2066104506614146,0.8983908760045859,0.9754856221901772,0.0,2562f912ec3c2e300cb8d25bc448edee62319e4b69f4863dc069b4b18489ad31,True
new_q7_sigma24_L512_W0.86_r002,512,0.86,ORIGINAL,1.2763999454012946,55.63546580604071,460.1574815535641,0.0024929686433619,0.1086630191524232,0.8987450811593048,0.9792858381001908,0.0,f3a83c8df7ffb34ba2f24f4994f89fe084afe912daa553fef9ca40ee487cf537,True
new_q7_sigma24_L512_W0.86_r003,512,0.86,ORIGINAL,1.438749137520233,463.23214485012016,460.2448349773479,0.0028100569092192,0.904750282910391,0.8989156933151325,0.964739183178326,0.0,c2327b94fb4c27687ba07e5ae7400882aec4db72145130f438255aeff6378c85,True
new_q7_sigma24_L512_W0.86_r004,512,0.86,ORIGINAL,1.260125732397114,22.404533318580604,460.06497590609433,0.0024611830710881,0.0437588541378527,0.8985644060665905,0.9788702394138196,0.0988145063191967,dada2939a675ec9e445a012b95574c597980b57d1f82ae06795af3754fb73c4f,True
new_q7_sigma24_L512_W0.86_r005,512,0.86,ORIGINAL,1.246655408678805,390.7371742752869,460.13266276020846,0.0024348738450757,0.7631585435064198,0.8986966069535322,0.979053391567876,0.0,77989f3a9cdd0c65854f1b0b74318d929ff35c6250a6d3e937df7705cbda1eae,True
new_q7_sigma24_L512_W0.86_r006,512,0.86,ORIGINAL,1.2836113446191462,431.8350901416699,460.0123387150614,0.0025070534074592,0.8434279104329491,0.8984615990528543,0.9790548727713346,0.0,7a88f667f9635dffdae5dea3155fcb58110a6290b8150d5a527ddccbcbe0f4e9,True
new_q7_sigma24_L512_W0.86_r007,512,0.86,ORIGINAL,1.2383867423428114,97.03573771277746,460.0424225547377,0.0024187241061383,0.1895229252202684,0.8985203565522221,0.9816562778272484,0.0,51a502496b95e536ee0dbc5442bc4ad5f28e13b71124e2e70b328595845e83b8,True
new_q7_sigma24_L512_W0.86_r008,512,0.86,ORIGINAL,1.2956636090275424,51.2293259942515,460.0027431194047,0.0025305929863819,0.1000572773325224,0.8984428576550874,0.9769162995594712,0.0,4b8fe8129189ae33f2e49f5f23c4fd2d92f70660036b8cc9cf1ebcbd74ed181a,True
new_q7_sigma24_L512_W0.86_r009,512,0.86,ORIGINAL,1.2770968396450826,113.44671875886542,460.1209481606496,0.0024943297649318,0.221575622575909,0.8986737268762688,0.9769532955041468,0.0,6bf5568a9a3bffe6f5b16e176c1b28da1777bbe3d534de0cd4f96042fec69f97,True
new_q7_sigma24_L512_W0.86_r010,512,0.86,ORIGINAL,1.284605126996837,174.55782756035404,460.2029082671544,0.0025089943886656,0.3409332569538165,0.898833805209286,0.9783917817924194,0.0,59c67727562a886bdfa9dd0738e95d21351cd8382a7f05f1106d07eb1a1f3af4,True
new_q7_sigma24_L512_W0.86_r011,512,0.86,ORIGINAL,1.3890144153526194,236.14205351829295,460.2015861788477,0.0027129187799855,0.461214948277916,0.898831223005562,0.9653406180638552,0.0,dd5074f47b72c9c7bf554867904b7874a8f03231293ec27c71b92160d666fde0,True
new_q7_sigma24_L512_W0.86_r012,512,0.86,ORIGINAL,1.2631254810381731,31.809030244045573,459.99664839095584,0.0024670419551526,0.0621270121954015,0.8984309538885856,0.9795736330389796,0.0591613790134388,bbf051c20372bcafb1794b15f4d50c310a9b45ce7391c2574ddd2c33b1fa102a,True
new_q7_sigma24_L512_W0.86_r013,512,0.86,ORIGINAL,1.2584501686076237,286.7978622337217,459.9633800592405,0.0024579104855617,0.5601520746752376,0.8983659766782042,0.9790136411332634,0.0,9492e0628f794dbf3ebe00b4b5043bd94b1be73d2cc2353d62cfb7b2369939d0,True
new_q7_sigma24_L512_W0.86_r014,512,0.86,ORIGINAL,1.2792636340457193,342.535879899821,459.98766913523417,0.0024985617852455,0.6690153904293379,0.8984134162797542,0.9834610027855152,0.0,f8a082c444eeee131c2a91793c729fcb9c2e54e0c1444ad3bae7cfec8dd0c746,True
new_q7_sigma24_L512_W0.86_r015,512,0.86,ORIGINAL,1.2219087529527428,489.1827724229201,460.13041167604393,0.0023865405331108,0.9554351023885158,0.8986922103047733,0.9784830554061325,0.0,5edb35015a05ff719a0fe0eaa5f1d7d489afde1141074927ce0daa96999bd6a2,True
new_q7_sigma24_L512_W0.86_r016,512,0.86,ORIGINAL,1.3793296388595877,104.2632372485781,460.0475680023396,0.0026940032008976,0.2036391352511291,0.8985304062545695,0.9713862851504688,0.0,0cb4f3e1cef02ee03a1372f86c44650320a4fc62e2d76e5bf780ead948668ba1,True
new_q7_sigma24_L512_W0.88_r001,512,0.88,ORIGINAL,1.4315539843904048,458.0755993391508,460.23446836092666,0.0027960038757625,0.8946789049592789,0.8988954460174349,0.9664668718613316,0.0034827646065418,5d76efe7fb0cbd3a0dd93bf932f81d8a3ec9d590794097e8cb98a9a590592ba1,True
new_q7_sigma24_L512_W0.88_r002,512,0.88,ORIGINAL,1.3524824810715472,455.1368865125948,460.2324661411042,0.0026415673458428,0.8889392314699117,0.8988915354318442,0.9745532405501112,0.0037323264012052,3a129d2be92682c47ac6d6e1591591105ee6d22949548d9905d7e537902c949e,True
new_q7_sigma24_L512_W0.88_r003,512,0.88,ORIGINAL,1.2802850160265962,464.5721186494349,460.190248409933,0.0025005566719269,0.9073674192371776,0.8988090789256504,0.9785552098225548,-0.0007465188044593,78ca39ba54a3211271af1fee5366e1e82fc4a787291869e6aa4d4a126857cc8e,True
new_q7_sigma24_L512_W0.88_r004,512,0.88,ORIGINAL,1.3957048256341409,277.32245645776703,460.1845459258551,0.0027259859875666,0.5416454227690762,0.8987979412614356,0.966860322395876,0.0065452014822219,f1b8272ac82f5f570fc9b20b8a3d4cc44f1714fdae754c7628f3eddd7db97f87,True
new_q7_sigma24_L512_W0.88_r005,512,0.88,ORIGINAL,1.3063425231842416,455.0586219576251,460.2506325646549,0.0025514502405942,0.8887863710109866,0.8989270167278416,0.9765174635469652,0.0037441610637126,d3eb2f0d0d50d8d0d0ee4eda91efb067d1c9fa29479f6332ba61fa3766efaeb4,True
new_q7_sigma24_L512_W0.88_r006,512,0.88,ORIGINAL,1.2658766807670077,457.4988874448785,460.308781607326,0.002472415392123,0.8935525145407783,0.8990405890768086,0.9794195250659632,0.0033058297088246,32a55fde42877af6096e913e6f9032a7440b4d219e6160f29920cf58e32fd548,True
new_q7_sigma24_L512_W0.88_r007,512,0.88,ORIGINAL,1.2953501081767058,457.8798353294075,460.3161058447392,0.0025299806800326,0.894296553377749,0.8990548942280063,0.9749851101846336,0.003521629221645,8c721674ca50c7a3adac1332892ad37b8bcabd8174f22bfc84f9e8e39c5da2c6,True
new_q7_sigma24_L512_W0.88_r008,512,0.88,ORIGINAL,1.502193774255602,456.2173113687677,460.29138021875656,0.0029339722153429,0.8910494362671243,0.8990066019897589,0.957103502558048,0.0035921888235456,61570f8186fbfbea21cad7282992b8b52e044adb51d4ea1cc7a79a377b44e265,True
new_q7_sigma24_L512_W0.88_r009,512,0.88,ORIGINAL,1.4695637644839508,257.43516482241137,460.12351109581766,0.0028702417275077,0.5028030562937722,0.8986787326090189,0.96294548029266,0.007012587682472,c29c0c7c10c28a43c12e34ab0c811e928892486e0a1170c02ec923ebebce0af1,True
new_q7_sigma24_L512_W0.88_r010,512,0.88,ORIGINAL,1.4235951116788783,456.4248603579635,460.30288484704937,0.0027804592024978,0.8914548053866475,0.8990290719668933,0.96789356277884,0.0034027851419162,17a815b9c673e72459b8bee3f21b4a9293e19dc30c4984337da729793df97068,True
new_q7_sigma24_L512_W0.88_r011,512,0.88,ORIGINAL,1.326829190568617,457.35213808897294,460.1917851843653,0.0025914632628293,0.8932658947050253,0.8988120804382135,0.9732351957176312,0.0033519262469605,74344da75edc5be439877a3f8f8b44f7b1f8e314fb7c900432ef06e253ead407,True
new_q7_sigma24_L512_W0.88_r012,512,0.88,ORIGINAL,1.2981160190540209,458.12660289276334,460.2360423954892,0.0025353828497148,0.8947785212749284,0.8988985203036899,0.9811548059547373,0.0033183050176036,b55dc9519a875e3e14bbac030cf44b10fe6cb5210f89b7c801c3c965c86e1a84,True
new_q7_sigma24_L512_W0.88_r013,512,0.88,ORIGINAL,1.3775721850713012,467.1670317413773,460.2237559074928,0.0026905706739673,0.9124356088698776,0.8988745232568218,0.9738780977896851,-0.0007494639346171,f8afa69ebc5949091935e5efdec271b8b91ca3679c5d792aebcfeb73b81c2360,True
new_q7_sigma24_L512_W0.88_r014,512,0.88,ORIGINAL,1.3670005919935877,457.7099173635029,460.1220946952878,0.0026699230312374,0.8939646823505917,0.898675966201734,0.9722791765767244,0.0033391584604039,583beafe8e30e486ce0ed5937f88fdc66df7dd018865aa06a66254291c46d560,True
new_q7_sigma24_L512_W0.88_r015,512,0.88,ORIGINAL,1.3601799389156213,479.8472984029685,460.2855179571911,0.0026566014431945,0.937201754693298,0.8989951522601388,0.9743504881681284,-0.0010452435668133,8693a34313cf62bdff13a9b2e34e33f4ec1ceb83eb777c3cf5517e1682c06c24,True
new_q7_sigma24_L512_W0.88_r016,512,0.88,ORIGINAL,1.3478751997681115,253.4844536861248,460.2564160802545,0.002632568749547,0.4950868236057125,0.8989383126567471,0.9748848890749268,0.0070520682512723,3c030641cc98f3b56598a2f7a161ee23c37e74d512c76498a3f7ad33c9d8cb25,True
new_q7_sigma24_L512_W0.9_r001,512,0.9,ORIGINAL,1.3744018099402524,458.8160059209114,460.3054476352476,0.0026843785350395,0.8961250115642801,0.899034077412593,0.974348632733726,0.0030116755187866,9434e32f04799aace07e5a78dc1022237d2a32a2d590bb5c2107a8395effdc54,True
new_q7_sigma24_L512_W0.9_r002,512,0.9,ORIGINAL,1.3766662496361164,458.9591001505544,460.2233324334133,0.0026888012688205,0.8964044924815515,0.8988736961590104,0.972663139329806,0.0029082027258845,fb38d640e1b0b8738132fe3a0c297d27f0015805d9d93f046a5e03c2fdc30c2b,True
new_q7_sigma24_L512_W0.9_r003,512,0.9,ORIGINAL,1.7486881879856355,458.7697166428113,460.1945195278858,0.0034154066171594,0.8960346028179909,0.898817420952902,0.928833186748754,0.0029204490554894,f832f5fefe64f5e1ddfdf82e68b03ee6da995cfafd3ee02d1f4503b2b8661af8,True
new_q7_sigma24_L512_W0.9_r004,512,0.9,ORIGINAL,1.6426196275006075,458.93425474614935,460.1561411703764,0.0032082414599621,0.896355966301073,0.8987424632233914,0.9426946958928704,0.0029040995150335,f09a64ff8149a2569f28b9ed7734e09ab8246193faddf0b5d115682655e536d3,True
new_q7_sigma24_L512_W0.9_r005,512,0.9,ORIGINAL,1.563896996838821,458.8651145291473,460.2484994474788,0.0030544863219508,0.8962209268147409,0.8989228504833571,0.9558178241791496,0.0028252654715614,d74f399674b76393f974b02f5a256bf9d323a6232fa1860b044a78143034feb2,True
new_q7_sigma24_L512_W0.9_r006,512,0.9,ORIGINAL,1.380664291778544,459.1822359717843,460.3286095618537,0.0026966099448799,0.8968403046323912,0.8990793155504955,0.9745965809234702,0.0028664253512529,b9f09c871e932a56a4f8d332d105bfde0ba489ee5e02b9aa9964a51c0cb2e8a4,True
new_q7_sigma24_L512_W0.9_r007,512,0.9,ORIGINAL,1.395022457661241,459.0205688415088,460.3210087731485,0.0027246532376196,0.8965245485185719,0.8990644702600556,0.9691591036864508,0.0028927368910331,fedf1e2720b2a3a4203f10d25d5b59beb2076311c75d022224aef7ca8e7a2e78,True
new_q7_sigma24_L512_W0.9_r008,512,0.9,ORIGINAL,1.584480037245271,458.3958964588295,460.1959018969124,0.0030946875727446,0.8953044852711514,0.898820120892407,0.9505116847411028,0.0030977852721249,66ca07c77f9351c77d7a0b9ab40f8c58c1bace71d074bd19a24ee768082c9214,True
new_q7_sigma24_L512_W0.9_r009,512,0.9,ORIGINAL,1.4348843919424894,459.0839853495304,460.3131028949561,0.0028025085780126,0.8966484088858014,0.899049029091711,0.9685604851579956,0.0027329526143851,ab7873f6c0f3087cb373b58706aa5c5c74d0fb12f36578726eeaedd47154ab6f,True
new_q7_sigma24_L512_W0.9_r010,512,0.9,ORIGINAL,1.374371735003706,459.1925363871636,460.26742208547273,0.0026843197949291,0.8968604226311789,0.8989598087606889,0.9735693701111569,0.0028211895672641,7bf8d4544377b33367122e36557a9f28ec9d20ea6a873b2a83ed796e0b293e5c,True
new_q7_sigma24_L512_W0.9_r011,512,0.9,ORIGINAL,1.4385987940157747,458.252423486795,460.2979880927977,0.002809763269562,0.8950242646226465,0.8990195079937455,0.9685633448601068,0.0029129074066996,201e8de38be4eb16df2e9afc05a630a4f82ac67af7e468295dd98df85331b6d2,True
new_q7_sigma24_L512_W0.9_r012,512,0.9,ORIGINAL,1.5683419498494686,459.2713699456532,460.3324086912412,0.0030631678707997,0.8970143944251039,0.8990867357250805,0.9498642943305188,0.0027728199590249,04a230041acd470f54f292346aa3697bd3115474ea83fafcb91b2f09ddb0a78d,True
new_q7_sigma24_L512_W0.9_r013,512,0.9,ORIGINAL,1.6693468564475893,458.8756377255226,460.321523084949,0.0032604430789991,0.8962414799326613,0.8990654747752911,0.9436429535924952,0.0029253152204344,330dfd23126a468447e9fafc6691ebd0e0a1f94e8ca7bd5369fc4b593646d1b9,True
new_q7_sigma24_L512_W0.9_r014,512,0.9,ORIGINAL,1.9001820182091365,459.3517637138395,460.48746919367056,0.0037112930043147,0.8971714135035928,0.8993895882688878,0.9111990950226244,0.0027649581192297,7fb24256c4d7db1471a3a9f7a029a005af508ed1caf0395290922ba9b762e9aa,True
new_q7_sigma24_L64_W0.7975_r001,64,0.7975,ORIGINAL,1.058862437407896,1.7967142122499808,7.244971295382342,0.0165447255844983,0.0280736595664059,0.1132026764903491,0.9893211289092296,0.93036750483559,d7e4cc5aa8b8ad36f2cfa4b9f7d5b3742f79fbf50c5c881dfd0a28e12fbf9670,True
new_q7_sigma24_L64_W0.7975_r002,64,0.7975,ORIGINAL,0.8724960793232697,1.4549983004797795,19.729619547239523,0.013632751239426,0.0227343484449965,0.3082753054256175,0.9982456140350876,0.9639364303178484,fd2507599abecb238357026efba5b2f4ad402a549e5da2bf53d5804296969c04,True
new_q7_sigma24_L64_W0.7975_r003,64,0.7975,ORIGINAL,1.3102504124777994,2.5398674075906627,17.67814445977782,0.0204726626949656,0.0396854282436041,0.2762210071840284,0.983728813559322,0.8167802079598422,65d96f8c7b4d1c2edc8f4594cbec5a15ae05afa867722db910b0d1995cdba6e8,True
new_q7_sigma24_L64_W0.7975_r004,64,0.7975,ORIGINAL,0.974164848167625,2.229121049622087,17.844759122152,0.0152213257526191,0.0348300164003451,0.278824361283625,0.9966301600673968,0.8672248803827751,9b17eff3362e1a4d99428ca669ffac5ac473f65b38645b1097c85dc6a623e89e,True
new_q7_sigma24_L64_W0.7975_r005,64,0.7975,ORIGINAL,1.1080458650837954,2.303236173732813,33.47018011232591,0.0173132166419343,0.0359880652145752,0.5229715642550924,0.9894179894179894,0.8647506339814032,2eb15340d4eb3f5c7e95baab1335235868413104beb343090bc8e1d668571343,True
new_q7_sigma24_L64_W0.7975_r006,64,0.7975,ORIGINAL,1.1630057032435417,2.603759912643021,30.614181234257984,0.0181719641131803,0.0406837486350472,0.478346581785281,0.985645933014354,0.794080203691916,dd02b1f515f024c57f18849b30fef9395dde028cebe9f85e76891ac23316764e,True
new_q7_sigma24_L64_W0.7975_r007,64,0.7975,ORIGINAL,1.0048177991255614,1.408306837041863,60.796150051050574,0.0157002781113368,0.0220047943287791,0.9499398445476652,0.9983136593591906,0.9734459867229932,4c65c97746fe5902e8820d3003c6df06af5efdbc7da5788aa032bc2e4f3a54dd,True
new_q7_sigma24_L64_W0.7975_r008,64,0.7975,ORIGINAL,1.041225298078011,1.69791338483779,26.061987932381783,0.0162691452824689,0.0265298966380904,0.4072185614434653,0.9934479934479934,0.9402677651905252,bcb35b5716f50d4931f7e8582585d0574c63c1d1237634f8937ba415512d5de7,True
new_q7_sigma24_L64_W0.7975_r009,64,0.7975,ORIGINAL,0.9398166178386588,1.5357478893798344,33.67024669391042,0.014684634653729,0.0239960607715599,0.5260976045923503,0.9973309608540926,0.9595609474292316,ae5ded1bf7b6ebc6748495df272496314dd9312609ec176188bece1ae5e3f7c9,True
new_q7_sigma24_L64_W0.7975_r010,64,0.7975,ORIGINAL,1.172606908196478,5.064737358175577,11.338597222947577,0.0183219829405699,0.0791365212214934,0.1771655816085559,0.9727626459143968,0.5226781857451404,1e413fce486d8f1eb535dd8e3d109ff6856d3b5a75422b21c4df830260c0817c,True
new_q7_sigma24_L64_W0.7975_r011,64,0.7975,ORIGINAL,1.0467303061303284,1.5029408627592815,51.26258042995461,0.0163551610332863,0.0234834509806137,0.8009778192180408,0.9896083133493204,0.9565962307253,ec4a2c4aa28855783aaae1224fdcd33009b3da426079fce1c1f7b1c44d50f277,True
new_q7_sigma24_L64_W0.7975_r012,64,0.7975,ORIGINAL,1.0688292864980085,2.1547164618053287,58.58945869307179,0.0167004576015313,0.0336674447157082,0.9154602920792468,0.9920508744038156,0.8820774797786292,603cb973b809743a23bbd57d927f0fbc88683768133f9c3b73cd58e1627cf19a,True
new_q7_sigma24_L64_W0.7975_r013,64,0.7975,ORIGINAL,1.242617245820469,1.4688437507098584,24.975649833719032,0.0194158944659448,0.0229506836048415,0.3902445286518599,0.9770466717674062,0.9587692307692308,7492d0f7c0fb1cf976b8091bf366c5fb1f365672599ef83917e219a08329a448,True
new_q7_sigma24_L64_W0.7975_r014,64,0.7975,ORIGINAL,1.0039083596324474,1.7605775292038004,19.56683517195919,0.0156860681192569,0.0275090238938093,0.3057317995618623,0.9951377633711508,0.9373297002724796,2bea75c1db4e45ae099122f13e7b4cda7f5d787a72519d868fc09ea3b4d8f593,True
new_q7_sigma24_L64_W0.7975_r015,64,0.7975,ORIGINAL,1.081519695816887,46.08738655121775,50.3767096406477,0.0168987452471388,0.7201154148627773,0.7871360881351203,0.9900579950289976,0.0,e8851fa95c0cc7e10c77e69f149ba802627170371f3be80b04a508ba41a5c0a8,True
new_q7_sigma24_L64_W0.7975_r016,64,0.7975,ORIGINAL,1.3272418605305063,2.5799440802497173,53.03117139121348,0.0207381540707891,0.0403116262539018,0.8286120529877107,0.9658536585365852,0.8129968890425164,d1e3cdd7d221b84ed62eb488d32db84eed88300ac0791d352cdbc79bbc79c833,True
new_q7_sigma24_L64_W0.7975_r017,64,0.7975,ORIGINAL,1.021386249344154,2.4696633376129427,46.49645996371554,0.0159591601460024,0.0385884896502022,0.7265071869330554,0.9936457505957108,0.8346545866364666,5d760bf96954583327183e25b3e4bc93c3e234a17fe54cc042e2a8abb8ccc0ff,True
new_q7_sigma24_L64_W0.7975_r018,64,0.7975,ORIGINAL,0.9752881610831068,1.5909366923523365,51.62537555100215,0.0152388775169235,0.0248583858180052,0.8066464929844086,0.9924812030075189,0.950711938663746,4af94070258636069ea2265ccac185721077e9bf91cad88b9b3b9764c0152db8,True
new_q7_sigma24_L64_W0.7975_r019,64,0.7975,ORIGINAL,1.0722506475708684,2.459339891068204,55.37242920853979,0.0167539163682948,0.0384271857979406,0.8651942063834343,0.9896249002394254,0.8272762797967956,2dcf8b6256af68e000963163ff48a64d3c6992b101e83da9c316cabc7ff9b63d,True
new_q7_sigma24_L64_W0.7975_r020,64,0.7975,ORIGINAL,1.0466552155178732,1.5416336909760917,36.55553094674848,0.0163539877424667,0.0240880264215014,0.5711801710429449,0.9896103896103896,0.9653958944281524,910fc2c637f7ad674fb4d6f5209fa175b112d8595b67981e2aa2c939d338d494,True
new_q7_sigma24_L64_W0.7975_r021,64,0.7975,ORIGINAL,1.0284826765842467,1.3581622710549863,58.01715088352044,0.0160700418216288,0.0212212854852341,0.9065179825550068,0.9924874791318864,0.983029541169076,196aeaba9593c57c31f2229998b25cbef0688baa1b7cff87409ad4a7536213fa,True
new_q7_sigma24_L64_W0.7975_r022,64,0.7975,ORIGINAL,1.0527444981014966,2.650436509732572,58.75844374503298,0.0164491327828358,0.0414130704645714,0.9181006835161404,0.989344262295082,0.8165728077232502,e889e433412f3f0904a4a0c5e3960de586ef5931d5f41ea26e8b402913bdde4e,True
new_q7_sigma24_L64_W0.805_r001,64,0.805,ORIGINAL,0.9895859504672728,3.003712809439463,29.663529727764107,0.0154622804760511,0.0469330126474916,0.4634926519963142,0.9934102141680397,0.7309011537262239,e41b3daf51befa9ff4cd19967f7be20dce679dcd6aaa6084bbb1179453c86ab1,True
new_q7_sigma24_L64_W0.805_r002,64,0.805,ORIGINAL,1.0611417626863826,2.215363695902262,58.84448169032591,0.0165803400419747,0.0346150577484728,0.9194450264113424,0.9876923076923076,0.8711227610310179,0131233e8e5b154c7367a8dfc7133c8864b8d854feccf78703152d8a8f71fe77,True
new_q7_sigma24_L64_W0.805_r003,64,0.805,ORIGINAL,1.049187166723776,2.414419050634628,47.64484252624717,0.016393549480059,0.037725297666166,0.7444506644726121,0.986178861788618,0.8428511879949979,502702ed19a5fff34dbc14e8b1a53562b9677ba3e1bdba10fded8532dd75be1c,True
new_q7_sigma24_L64_W0.805_r004,64,0.805,ORIGINAL,0.9630396382888547,2.0541772681799344,60.30641024207269,0.0150474943482633,0.0320965198153114,0.9422876600323858,0.9974683544303796,0.8908857509627728,94deec9499bf97c83d8b7e53a805d67d383f144543eeb61b9d2cc82b6e54ab29,True
new_q7_sigma24_L64_W0.805_r005,64,0.805,ORIGINAL,0.9778774910872556,1.8718905387057203,31.38887173647105,0.0152793357982383,0.0292482896672768,0.4904511208823601,0.9959216965742252,0.9218225419664268,a389b2039021fa7db9e5f47084bf97f7af545b65bb78ea32672264a9e7ce69f0,True
new_q7_sigma24_L64_W0.805_r006,64,0.805,ORIGINAL,1.1328710103976718,2.6548826226825355,38.65820831203417,0.0177011095374636,0.0414825409794146,0.6040345048755339,0.9930822444273636,0.7996396396396397,9242ff0fae2ff112c639594ea2d9975b92fa3838d3770f26e8167ab734f2652f,True
new_q7_sigma24_L64_W0.805_r007,64,0.805,ORIGINAL,1.0142371558645635,2.409174663900373,47.76785173770647,0.0158474555603838,0.0376433541234433,0.7463726834016636,0.994368463395012,0.8442935935511243,4a2dc321bbf95b95ca4f2fe67053ff47b37913aed3f5e077f7a85c6b7a175dcb,True
new_q7_sigma24_L64_W0.805_r008,64,0.805,ORIGINAL,0.986289299691947,2.4365853580101278,44.86117317947952,0.0154107703076866,0.0380716462189082,0.7009558309293675,0.9932942162615256,0.8318931657501963,f1fd6782beafe578f94bdfd23e28a4148301834206a429ae644b59efdde8d649,True
new_q7_sigma24_L64_W0.805_r009,64,0.805,ORIGINAL,1.028572011061904,14.886505335549131,44.74196093295698,0.0160714376728422,0.2326016458679551,0.6990931395774528,0.9942100909842844,0.0,503303897830fa50907ae3fa4dc4fcda80aec9bf0d15970d565a3440d9ff78eb,True
new_q7_sigma24_L64_W0.805_r010,64,0.805,ORIGINAL,1.1069661910046733,2.977675338381061,52.18329286028366,0.017296346734448,0.046526177162204,0.8153639509419321,0.991150442477876,0.7547103977669225,e4f90f9a61b4ef0393dc3b52a8676989ee526b1f0df48a7d11b4f20c7a1dc3a3,True
new_q7_sigma24_L64_W0.805_r011,64,0.805,ORIGINAL,1.046372802875048,1.3776034493399365,46.46668526840018,0.0163495750449226,0.0215250538959365,0.7260419573187529,0.993161094224924,0.964622641509434,c2866cc66f2b6f150b7a48df0bf81f6377e1c9f754b8fbf9b8be6d2af5da6832,True
new_q7_sigma24_L64_W0.805_r012,64,0.805,ORIGINAL,1.0894469241569027,3.0894584019610463,20.290971061699565,0.0170226081899516,0.0482727875306413,0.3170464228390557,0.986970684039088,0.7407534246575342,857d313395af4654b107709ab1de5dfdd038479d83740b66a9d05382f6efe193,True
new_q7_sigma24_L64_W0.805_r013,64,0.805,ORIGINAL,1.1682411647043196,1.99242515158231,31.269185255262656,0.0182537681985049,0.0311316429934735,0.488581019613479,0.9817212490479816,0.9003074220465525,1eafa752959b9c34cdbef008278953adb108abbf7c2a5e23b1f8e57f6d75ffad,True
new_q7_sigma24_L64_W0.805_r014,64,0.805,ORIGINAL,0.9157281114830482,5.878436513951009,60.221116154758086,0.0143082517419226,0.0918505705304845,0.9409549399180952,0.9973451327433628,0.5095969289827256,fec37c78b637b318714437b906ac49264451a0def350f3026b5bebc22aa4118b,True
new_q7_sigma24_L64_W0.805_r015,64,0.805,ORIGINAL,1.226914091449089,2.263820537658077,60.14006981676749,0.019170532678892,0.0353721959009074,0.939688590886992,0.9843871975019516,0.8606346483704974,6346503b3b6275893391b30a69a48b0968756e172fee126391fac4d9b0d2e8ad,True
new_q7_sigma24_L64_W0.805_r016,64,0.805,ORIGINAL,1.1281759896275432,2.1834282061575365,12.829542645486626,0.0176277498379303,0.0341160657212115,0.2004616038357285,0.9959250203748982,0.8800936768149883,9096ab9ff5fae845a7a14c378ba0e81cee03087317920fd1623f4a075adf72ac,True
new_q7_sigma24_L64_W0.805_r017,64,0.805,ORIGINAL,1.0551339697375113,57.4335672656299,34.91403537545254,0.0164864682771486,0.8973994885254671,0.545531802741446,0.9975903614457832,0.0,67fb89bbc10e641ebf7c8a975f604e5f005ea0ff080cd49e39c6f896cdd2bd96,True
new_q7_sigma24_L64_W0.805_r018,64,0.805,ORIGINAL,1.0470629100597293,7.420873067189987,51.03853816766816,0.0163603579696832,0.1159511416748435,0.797477158869815,0.987460815047022,0.4514749893116717,1110be1bdafa09e339b57bad4104f7e7377a0d13cc0792ec636b772103eb6fef,True
new_q7_sigma24_L64_W0.805_r019,64,0.805,ORIGINAL,0.942028596016975,3.324865829795968,57.7435244664533,0.0147191968127652,0.051951028590562,0.9022425697883328,0.9957698815566836,0.7489587277546383,3afcd5b0e242d3eaba2113d68246a99043d63f7239577c1f506643bdf4f98ab8,True
new_q7_sigma24_L64_W0.805_r020,64,0.805,ORIGINAL,1.1772153088029214,2.4582846267339,24.589230171046616,0.0183939892000456,0.0384106972927171,0.3842067214226033,0.9882995319812792,0.8248700519792083,448ae31b8daedc1ebe6196e13b0436fb607e1e3ace9ccc17f47a65a9e2b1a68f,True
new_q7_sigma24_L64_W0.805_r021,64,0.805,ORIGINAL,1.025671814893414,3.232202421461807,60.1019535830034,0.0160261221077095,0.0505031628353407,0.939093024734428,0.9967897271268058,0.7068965517241379,19a63b4d8ffd8018c0d843796a9315873872b624546c204823632f5c08868deb,True
new_q7_sigma24_L64_W0.805_r022,64,0.805,ORIGINAL,1.175342127238153,2.159268209135959,61.23842035351183,0.0183647207380961,0.0337385657677493,0.9568503180236224,0.9729119638826184,0.8717253839205059,05f22040ea629501491d323a965ea9cfe6376a552ea8be685421cefc65c051ca,True
new_q7_sigma24_L64_W0.815_r001,64,0.815,ORIGINAL,1.0818162143195875,2.565818476247628,56.509903486200166,0.0169033783487435,0.0400909136913691,0.8829672419718776,0.9899536321483772,0.7897108524220804,9c2da62fa5c612f0de0721ecfd960b43d9c42733a58b33a748499bee776d91a8,True
new_q7_sigma24_L64_W0.815_r002,64,0.815,ORIGINAL,1.05331561231705,1.6550032545645903,60.81999565371009,0.0164580564424539,0.0258594258525717,0.95031243208922,0.993907083015994,0.951219512195122,023964f591b19714aae5cdb192c2fc377af14fcf6c62aadbcbd112c6e048e7e7,True
new_q7_sigma24_L64_W0.815_r003,64,0.815,ORIGINAL,1.166484694084616,4.549246491577975,47.94461734815528,0.0182263233450721,0.0710819764309058,0.7491346460649263,0.9832953682611996,0.5773219635860798,b4dda6a64be8619470b56ce024d40f516bf72733733b47d3bb4c87085a4d1f30,True
new_q7_sigma24_L64_W0.815_r004,64,0.815,ORIGINAL,1.3251815686601134,5.768948148579163,37.193791582088245,0.0207059620103142,0.0901398148215494,0.5811529934701288,0.9742813918305596,0.4253093951542618,df804e59ed81dcfa61cc5a679e8104d7100ac95320868d7a8896f5077fa88a7e,True
new_q7_sigma24_L64_W0.815_r005,64,0.815,ORIGINAL,1.220226652895569,1.6554305043961932,56.43943532815219,0.0190660414514932,0.0258661016311905,0.881866177002378,0.9829881656804734,0.9524874231414198,060afb8a08592b21ec43670687e72c57c4446a351784547eca9e628c601ee79c,True
new_q7_sigma24_L64_W0.815_r006,64,0.815,ORIGINAL,1.2237664664124068,2.9262811542192395,45.9898357926506,0.0191213510376938,0.0457231430346756,0.7185911842601655,0.9847677075399848,0.7488294314381271,76b4b38e4fcc6d624eb502018dc5a904e87c2b9636d5b7068d4cc3de303f681c,True
new_q7_sigma24_L64_W0.815_r007,64,0.815,ORIGINAL,1.099365516420498,3.182334244743693,56.2554403754796,0.0171775861940702,0.0497239725741202,0.8789912558668687,0.9875195007800311,0.7138442521631644,1fba9b4308e434d9a607fa447604adecfd77269d3a09b7c3e63eae04523fc499,True
new_q7_sigma24_L64_W0.815_r008,64,0.815,ORIGINAL,1.0526015470609948,3.109302332672023,56.672054088120966,0.016446899172828,0.0485828489480003,0.8855008451268901,1.0,0.7554994590695997,00ce56f505250f435f84fabdef396a28211f25c63f1c50b92d14fcc29b3b042d,True
new_q7_sigma24_L64_W0.815_r009,64,0.815,ORIGINAL,1.1587870674639973,2.298610191209626,60.4711151673735,0.0181060479291249,0.0359157842376504,0.9448611744902108,0.9847144006436042,0.8528085280852808,1a6c7cbc9d2f8af7d17a31841ceeb338534dcec6c596cc6964c1c34d104df962,True
new_q7_sigma24_L64_W0.815_r010,64,0.815,ORIGINAL,1.1857752864385915,2.1870865759056954,32.670587309972035,0.0185277388506029,0.0341732277485264,0.510477926718313,0.9871698113207548,0.8755818874312314,0c5d9418d57fb76231cba4b00cc6463ee14e02f3b522320fe34eb318a9579b6c,True
new_q7_sigma24_L64_W0.815_r011,64,0.815,ORIGINAL,1.0640299625049678,2.4091703740450896,48.66357767801428,0.0166254681641401,0.0376432870944545,0.7603684012189731,0.9805668016194332,0.8357467935457178,bc3e5445991086dc6463b73f97633d8e87941a164b193f9e747ba0e44cc38382,True
new_q7_sigma24_L64_W0.815_r012,64,0.815,ORIGINAL,1.0865029717026855,2.53994141980678,59.08085827142157,0.0169766089328544,0.0396865846844809,0.923138410490962,0.9911788291900562,0.8200319233838786,7208968050d54871da97b000ed8c9ba0230700d6013c9c37ac483d12978ea90c,True
new_q7_sigma24_L64_W0.815_r013,64,0.815,ORIGINAL,1.053622247883098,1.619315057190022,56.53658829436926,0.0164628476231734,0.025301797768594,0.8833841920995197,0.9805352798053528,0.9472807991120976,cd26fddc630f8786ebe907920b331ed081dbf820366dd87457985a6686922c75,True
new_q7_sigma24_L64_W0.815_r014,64,0.815,ORIGINAL,1.037587778856718,3.161138115555289,54.38114566057046,0.0162123090446362,0.0493927830555513,0.8497054009464134,0.9909390444810544,0.7338483146067416,a35e110ee2b3a4e43fe969e0dab5f91994268dc483b2a70dc9e15ba9d739096f,True
new_q7_sigma24_L64_W0.815_r015,64,0.815,ORIGINAL,1.0930594329208103,2.587271768072789,56.4628755612757,0.0170790536393876,0.0404261213761373,0.8822324306449328,0.9832535885167464,0.8178186176588095,b1b7c464c76738b8743006f6fef8c7e40fe7339d9ab31b3716eb6448f3adb2d0,True
new_q7_sigma24_L64_W0.815_r016,64,0.815,ORIGINAL,0.978308238408644,3.839557635425038,47.136271479085664,0.015286066225135,0.0599930880535162,0.7365042418607135,0.9967585089141004,0.6483546369322818,078c4bc52a581e1ee3103fc877fddf3cb0cbc75dd85f3ceb11829468a32ccae1,True
new_q7_sigma24_L64_W0.815_r017,64,0.815,ORIGINAL,1.18740632953034,2.253696118577153,35.91295374322789,0.0185532238989115,0.035214001852768,0.5611399022379358,0.98468606431853,0.8588931136459653,ffe5a52008ec0b197ee8a87f2af67cab5d7b7ffda726ae296613682f2daeb139,True
new_q7_sigma24_L64_W0.815_r018,64,0.815,ORIGINAL,1.0197825103982652,4.658365543266761,47.49542942326238,0.0159341017249728,0.0727869616135431,0.7421160847384747,0.9914263445050664,0.5564210994880926,563b466bd64cc0524d3080e41d35ae23c487c1026eb0550f009323a9b79b5b23,True
new_q7_sigma24_L64_W0.815_r019,64,0.815,ORIGINAL,1.3400397278222158,2.5484653667294737,51.860191336544496,0.0209381207472221,0.039819771355148,0.8103154896335077,0.9703947368421052,0.7920368542283646,44b9765b5ee890cfca39a4f6817c6f27005958cbbb9b88e20fc99c51a56685df,True
new_q7_sigma24_L64_W0.815_r020,64,0.815,ORIGINAL,1.4137359398513,2.56859642277842,59.66804432760393,0.0220896240601765,0.0401343191059128,0.9323131926188114,0.9686609686609686,0.8086576937068025,5cc9b02448abd2456ee86c478279334f5144b192ba43a3b5e5ceb9fa3c1adb2a,True
new_q7_sigma24_L64_W0.815_r021,64,0.815,ORIGINAL,1.1947085123684715,2.9905286509010125,56.37709582766144,0.0186673205057573,0.0467270101703283,0.88089212230721,0.9804913294797688,0.8022690437601296,6c0063e07d26873160fc2d0e5de70fcbd73fc8d80aa74f46ca81988c00bfacd5,True
new_q7_sigma24_L64_W0.815_r022,64,0.815,ORIGINAL,1.2158768606390424,2.033065841751572,59.237226866452936,0.018998075947485,0.0317666537773683,0.9255816697883272,0.9802058590657166,0.8929068150208623,0757d6a7ec3f83ae8ee2f6128b53a722ad38f64081a451d508c87bf83bf5d4fe,True
new_q7_sigma24_L64_W0.84_r001,64,0.84,ORIGINAL,1.0587400555463091,5.63881404386629,57.92215016691006,0.016542813367911,0.0881064694354107,0.9050335963579696,0.9916349809885932,0.3892592126776506,822e805bde54cc1322d93c9c32f5b3f9e2b46360dd7fe411580bb2d43121edb4,True
new_q7_sigma24_L64_W0.84_r002,64,0.84,ORIGINAL,1.4266818477353451,59.53344248015074,56.59262014661462,0.0222919038708647,0.9302100387523552,0.8842596897908535,0.9667752442996744,-0.0007308605883427,ae67fb9ed2d9bc6c6cd132c4e5794b4002e3169cf6febb80d6a6996e98d10c41,True
new_q7_sigma24_L64_W0.84_r003,64,0.84,ORIGINAL,1.031752817069986,5.564967251350772,56.00477179907197,0.0161211377667185,0.0869526133023558,0.8750745593604995,0.9909688013136289,0.5098425196850394,b91813f26d9abe57a9c86a3ba01b1a79de722666408de1ca14d55186610cbe0e,True
new_q7_sigma24_L64_W0.84_r004,64,0.84,ORIGINAL,0.9796550390824734,29.430285783927133,56.38033229511649,0.0153071099856636,0.4598482153738614,0.8809426921111951,0.9967479674796748,0.0,27c1efe5ca2e0b321b7f9e36753e902966b678db470c98520777f54eb49d1f3f,True
new_q7_sigma24_L64_W0.84_r005,64,0.84,ORIGINAL,1.3573309745666364,3.980364409873957,56.60751802852089,0.0212082964776036,0.0621931939042805,0.884492469195639,0.9807308970099669,0.5880634390651085,92cc629b45ae942d93ccebd0dcc2c6debc0843d1aa6f41b47610aeaf24d54a40,True
new_q7_sigma24_L64_W0.84_r006,64,0.84,ORIGINAL,1.0763189020162969,3.378234949291709,56.05071956396703,0.0168174828440046,0.0527849210826829,0.8757924931869848,0.9877450980392156,0.6740182894029048,57255594a870e6027b8d48bb76e87d99d48301ed208de938990336d1f4f39a62,True
new_q7_sigma24_L64_W0.84_r007,64,0.84,ORIGINAL,1.1033468199930994,53.59492219669115,55.710936097956,0.0172397940623921,0.8374206593232992,0.8704833765305624,0.9938697318007664,0.0,a8ee97f34211a9461b948266825a4edf1a79f203aa406275633337ed2a1ba383,True
new_q7_sigma24_L64_W0.84_r008,64,0.84,ORIGINAL,1.0623999363018155,23.772458255031182,55.46022730004098,0.0165999990047158,0.3714446602348622,0.8665660515631404,0.9929851909586904,0.0,3a040f50dcc162ce11f7ce4eb8bbea899dea4500e37452aa9775d69247d60efe,True
new_q7_sigma24_L64_W0.84_r009,64,0.84,ORIGINAL,1.2808073897837673,4.387702863149109,56.27240727280218,0.0200126154653713,0.0685578572367048,0.8792563636375341,0.9793447293447294,0.5314038196495373,e502c833960e2636c0e29a89d0691c50721e611bea0c0a5cd068726b3af0bc49,True
new_q7_sigma24_L64_W0.84_r010,64,0.84,ORIGINAL,1.0614897408924977,12.345683412265672,56.86112528061166,0.0165857772014452,0.1929013033166511,0.8884550825095572,0.9927243330638642,0.0,b44521741b9515ccd7144f7116ae11585fb28421eff3eeb0f139a2130d0fa5b5,True
new_q7_sigma24_L64_W0.84_r011,64,0.84,ORIGINAL,1.07690303886573,8.755426784306351,56.81759947771607,0.016826609982277,0.1368035435047867,0.8877749918393136,0.9876632801161104,0.2730726064059397,9eeac4412958aa6b188797fa03dc90a1ac2a47447a645c8ef9913be0e32f99c5,True
new_q7_sigma24_L64_W0.84_r012,64,0.84,ORIGINAL,1.1772372184133817,25.16075001026573,56.80905051927094,0.018394331537709,0.393136718910402,0.8876414143636084,0.9883973894126178,0.0,f15a1d473a7f4b9f07a7249bff0a4da7ad41a6ce7aa12f2035f1ed6d881ea2bc,True
new_q7_sigma24_L64_W0.84_r013,64,0.84,ORIGINAL,1.0266755449118676,13.430359732117346,56.702342013809485,0.0160418053892479,0.2098493708143335,0.8859740939657732,0.9901234567901236,0.165739590646433,deb78040cfbad552c887b46fe4cbb19ffe822375506465728043683d74d3b41d,True
new_q7_sigma24_L64_W0.84_r014,64,0.84,ORIGINAL,1.2904776933055544,3.117317519717048,56.65980240705153,0.0201637139578992,0.0487080862455788,0.8853094126101801,0.969553450608931,0.7174093551065597,fd46975e83953c77f79fa22b030adb77c56c2f936a7c26b047188a460d49c91f,True
new_q7_sigma24_L64_W0.84_r015,64,0.84,ORIGINAL,1.1692863467645296,8.40540965854779,56.6832527793273,0.0182700991681957,0.1313345259148092,0.885675824676989,0.9771217712177122,0.2331362740639684,2154ecdf5acf7285a3ee0452d25cd2a0db46acd140e3b23096d6eb11d391b3af,True
new_q7_sigma24_L64_W0.84_r016,64,0.84,ORIGINAL,1.0948316532552838,3.081122123778684,56.93468445626021,0.0171067445821138,0.0481425331840419,0.8896044446290658,0.9831748354059984,0.7071485516874834,308afe534c5ce1690b144b9172346b50d60ddbffc63d14a784d25b6fd15f8aa3,True
new_q7_sigma24_L64_W0.84_r017,64,0.84,ORIGINAL,1.161219606373372,8.692086955827712,56.5542090356129,0.0181440563495839,0.135813858684808,0.8836595161814516,0.9816446402349486,0.2180809995086685,55e46f727289b8cea7e05384661c38cd80242323cc47326a6a4d566b434f8fb9,True
new_q7_sigma24_L64_W0.84_r018,64,0.84,ORIGINAL,1.4330956269446418,4.049463761273202,56.90535936108122,0.02239211917101,0.0632728712698937,0.889146240016894,0.9756877799104288,0.5600584917484854,75db0d3a732c94330634ad2ab6363dacb2195155d3ccb326e865aea3a647fc3e,True
new_q7_sigma24_L64_W0.84_r019,64,0.84,ORIGINAL,1.0878868559303498,52.71694341684504,56.9700064812542,0.0169982321239117,0.8237022408882037,0.8901563512695968,0.9875097580015612,0.0,49b4a0a41426090ff63a33dc0630bd177fa10a9fbdca20e413d19575c5e4fc4f,True
new_q7_sigma24_L64_W0.84_r020,64,0.84,ORIGINAL,1.254995189955871,3.97522746149977,56.72765310500649,0.0196092998430604,0.0621129290859339,0.8863695797657264,0.9906474820143883,0.6413724017029803,68f25565da051275cb44dd13526fd223a273de214e5552c8976e12f659f13eb4,True
new_q7_sigma24_L64_W0.84_r021,64,0.84,ORIGINAL,1.0970222866545498,2.1045358024589333,57.01493645505681,0.0171409732289773,0.0328833719134208,0.8908583821102627,0.9858712715855572,0.8858299595141701,dc7861849ac0c13ad9cc2131cb5ceeed0b4c8bf18f98f069bde9099e53239128,True
new_q7_sigma24_L64_W0.84_r022,64,0.84,ORIGINAL,1.332091363012303,4.171317591168247,56.55993839736891,0.0208139275470672,0.0651768373620038,0.8837490374588892,0.9754901960784312,0.5163102573396158,02b3ee90dc8a3b1c16f64718e6ebf1629abd2711a6c4b11fb56596ed5e2ea0ba,True
new_q7_sigma24_L64_W0.84_r023,64,0.84,ORIGINAL,1.328523836430655,51.50454096688921,56.932204757305975,0.0207581849442289,0.8047584526076439,0.8895656993329059,0.9792225201072386,0.0,831293f39dec7455508f2a004513d116b2981e395fefd531468ed461cee91f2b,True
new_q7_sigma24_L64_W0.84_r024,64,0.84,ORIGINAL,1.00261325821905,2.668763351360255,56.82267522497681,0.0156658321596726,0.0416994273650039,0.8878543003902627,0.997605746209098,0.7817034700315457,884fbd16142e00c5ba77feceaf0c0e426392bdac593675a646ab0bf6f208d771,True
new_q7_sigma24_L64_W0.86_r001,64,0.86,ORIGINAL,1.2158378371364478,60.08165874156144,56.78970386365397,0.0189974662052569,0.9387759178368976,0.8873391228695933,0.99039780521262,-0.0196343402225755,3b07f620fe835ec295e35881d20d6ca74b5024e8a71bebaa157e4a6464a5aa53,True
new_q7_sigma24_L64_W0.86_r002,64,0.86,ORIGINAL,1.4454245654781277,6.505943925793879,56.80934656406241,0.0225847588355957,0.1016553738405293,0.8876460400634751,0.9667374380750176,0.3038919136922767,62c54b5b515b8b6bb0d81edf37b9cdedbd52cd6457b5ee030b6190004fc76588,True
new_q7_sigma24_L64_W0.86_r003,64,0.86,ORIGINAL,1.24491299506235,51.81360804964365,57.12489762865333,0.0194517655478492,0.809587625775682,0.8925765254477083,0.9723374827109268,0.0,0478a91e8b8e623486f561ef2438aef7b729beca3083872242a1bf5963d91e6a,True
new_q7_sigma24_L64_W0.86_r004,64,0.86,ORIGINAL,1.2062404556879684,59.79303704971157,56.9843225981387,0.0188475071201245,0.9342662039017432,0.8903800405959171,0.9878136200716846,-0.0191569493735061,a5b261b25a12bfc6575127b8c4f7cb9996ac2daa3d8ccf4410c87d88b80eac32,True
new_q7_sigma24_L64_W0.86_r005,64,0.86,ORIGINAL,1.5436894269581956,20.07390072516762,56.92578900695764,0.0241201472962218,0.313654698830744,0.8894654532337132,0.9621972829297104,0.0908848297948048,a3aa8a6dc23e83bb4619377e64df73e73e740f18ed5b3db51413386da624f28a,True
new_q7_sigma24_L64_W0.86_r006,64,0.86,ORIGINAL,1.1765496106567,49.49219850876312,56.62243693725732,0.0183835876665109,0.7733156016994238,0.8847255771446456,0.9829881656804734,0.0,57c862360a269121830b40aec6eaa94b7912df48418845dd0368a177c2faf112,True
new_q7_sigma24_L64_W0.86_r007,64,0.86,ORIGINAL,1.3632881945890176,7.412585601251507,57.12380748474513,0.0213013780404534,0.1158216500195548,0.8925594919491426,0.9725,0.2627392493164305,3479cff0d34dd588217e7de659735c84d24c4bec095522c90f414be9e585ddf7,True
new_q7_sigma24_L64_W0.86_r008,64,0.86,ORIGINAL,1.332218513363017,25.03768736446729,56.782984147056176,0.0208159142712971,0.3912138650698014,0.8872341272977528,0.9733072916666666,0.0,68ab1f7e23e3f4ee78956af36e814f018fed5ad4e5e3a915632cc03195c6631c,True
new_q7_sigma24_L64_W0.86_r009,64,0.86,ORIGINAL,1.6342804967715097,27.31243337871477,57.03128724535761,0.0255356327620548,0.4267567715424183,0.8911138632087127,0.9445797807551766,0.0,a639e3cca1b1a6768f05700a723fa8710c887b7b68b3ec828f2a5b529c595cf8,True
new_q7_sigma24_L64_W0.86_r010,64,0.86,ORIGINAL,1.134809056236023,38.91709638510924,56.790799197298746,0.0177313915036878,0.6080796310173319,0.8873562374577929,0.9939531368102796,0.0,bf407682b7340dce8b607cc958658f5cc47fe5733edbee0d47767c8251c73e90,True
new_q7_sigma24_L64_W0.86_r011,64,0.86,ORIGINAL,1.3015866819341897,59.5003294513975,56.84711123172483,0.0203372919052217,0.929692647678086,0.8882361129957005,0.9805959805959806,-0.0130034129692832,a5bc820c520f3d51f826d62e6184910030e5920e25e2a0b5f36decf24ea1f262,True
new_q7_sigma24_L64_W0.86_r012,64,0.86,ORIGINAL,1.5095037271901788,61.83082815300797,56.976263318029964,0.0235859957373465,0.9661066898907495,0.8902541143442182,0.9682136045772408,-0.0845263478525738,71093e034dfb07726835cfde60aa7cb07299533cbb436597f26b8238e4254653,True
new_q7_sigma24_L64_W0.86_r013,64,0.86,ORIGINAL,1.3510909774306723,14.529422068426731,56.80540548968196,0.0211107965223542,0.2270222198191677,0.8875844607762806,0.9773169151004536,0.1339908481052023,138f2d4e7f7889c7555a788aa223762fe41d69a8223c6dab7db62d2ba5d302e6,True
new_q7_sigma24_L64_W0.86_r014,64,0.86,ORIGINAL,1.1821437428590684,15.739405502974511,56.798151571692735,0.0184709959821729,0.2459282109839767,0.887471118307699,0.9801616458486409,0.0,4707a4c5915820ae9a24f35b778a2df3cf319ec41878a87ce8b37de64ee2bad8,True
new_q7_sigma24_L64_W0.86_r015,64,0.86,ORIGINAL,1.4123272556538424,5.847633478591149,56.97835350881113,0.0220676133695912,0.0913692731029867,0.8902867735751739,0.9761431411530817,0.3499546690843155,a7c709b88e23602effa1a0582de6208142c78683e71e6fb2f53033d9c61f7380,True
new_q7_sigma24_L64_W0.86_r016,64,0.86,ORIGINAL,1.2333405121274552,15.56236703574627,56.86107217482392,0.0192709455019914,0.2431619849335354,0.8884542527316237,0.9750356633380884,0.1237468671679198,e0c62546c1491d09dcc3f03c4ca1a9a675d724254fe2ae517831b33376376711,True
new_q7_sigma24_L64_W0.86_r017,64,0.86,ORIGINAL,1.1227683719165,10.394116390011902,57.05227847008202,0.0175432558111953,0.1624080685939359,0.8914418510950316,0.9944328462073764,0.18086286414852,ac2e29be69ee0e414e8a1c617d645fae48a8f0b7b255f1746d7bc2bde635fb4f,True
new_q7_sigma24_L64_W0.86_r018,64,0.86,ORIGINAL,1.3211088435844047,36.16297919171685,56.94182226681869,0.0206423256810063,0.5650465498705758,0.889715972919042,0.9847494553376906,0.0,8e1ac8fb355dc17c4dab1d09f68a50ff2b60b82df99d1cd50e8a0b844a6a40ca,True
new_q7_sigma24_L64_W0.86_r019,64,0.86,ORIGINAL,1.1921514383193994,10.803586871007838,57.11970212099924,0.0186273662237406,0.1688060448594974,0.8924953456406131,0.9845528455284552,0.1985601645526225,fad2ef39a87d85dff0bf63c552288c92302980fc11949e130aec62a1b14a0533,True
new_q7_sigma24_L64_W0.86_r020,64,0.86,ORIGINAL,1.2939142943055302,51.36020771427248,56.99062268546496,0.0202174108485239,0.8025032455355074,0.89047847946039,0.9828693790149892,0.0,16e6fbcc67f03d15817f5fa5fcd9112ab0324b9a9c1fe71a6b1e0bc78e1abd82,True
new_q7_sigma24_L64_W0.86_r021,64,0.86,ORIGINAL,1.073785415621984,11.852364192175337,56.82552991241051,0.0167778971190935,0.1851931905027396,0.8878989048814142,0.99375,0.1719741645605167,2dc5034db16f639fa78b3209707ae9ad61f7efa73a4a5a182ce43bd99192c19c,True
new_q7_sigma24_L64_W0.86_r022,64,0.86,ORIGINAL,1.246568872437237,39.92389760408409,56.774312967999954,0.0194776386318318,0.6238109000638139,0.8870986401249993,0.9831989247311828,0.0,307ef0e4bc6949ad7b888c37656e54f67c0292776c59011e38c809b9a95a45ec,True
new_q7_sigma24_L64_W0.86_r023,64,0.86,ORIGINAL,1.2302353588748147,33.299286823834244,57.118004429953096,0.0192224274824189,0.5203013566224101,0.8924688192180171,0.9809725158562368,0.0,7858813b0ee9e1fd51ac0c7db4d4334cca37756b3d21e172e26bbf5b5bf1ffef,True
new_q7_sigma24_L64_W0.86_r024,64,0.86,ORIGINAL,1.337627034605461,32.032668074459565,57.016060927047576,0.0209004224157103,0.5005104386634307,0.8908759519851184,0.9763991908294,0.0,e44c3286c0ae28b502b22a3e05ee64916a8bd433d5147617e25bbfe369a953ff,True
new_q7_sigma24_L64_W0.88_r001,64,0.88,ORIGINAL,1.0682509658925738,10.651377616562364,57.13260970677482,0.0166914213420714,0.1664277752587869,0.8926970266683566,0.9916094584286804,0.1826513718070009,f95e4450d9ae44c56d5f78f0f83f6007137d3c2314a6bdbf4c34cee95392466a,True
new_q7_sigma24_L64_W0.88_r002,64,0.88,ORIGINAL,1.3291148835702489,29.94662914846711,56.88116425959908,0.0207674200557851,0.4679160804447986,0.8887681915562355,0.980191256830601,0.0597939360572574,4398f10d5fb788515ef734fd429ee9ffa7d5e4ec67f8d28e725602ab4d40d2c5,True
new_q7_sigma24_L64_W0.88_r003,64,0.88,ORIGINAL,1.4974750080358137,21.43779108102536,56.99595729465002,0.0233980470005595,0.3349654856410212,0.8905618327289065,0.9643515673017824,0.0001557066486738,99a0e0807ebd059688e5c9a4dc6f3a2309a448162f5111df0b9225e07c9d93b3,True
new_q7_sigma24_L64_W0.88_r004,64,0.88,ORIGINAL,1.391965907967197,42.11333688073309,57.2257575601491,0.0217494673119874,0.6580208887614546,0.8941524618773297,0.9794429708222812,0.0,9aff70b5b4002255b1241d04aa400aa785b79db9b1a22c900697bbe42ed5fa7a,True
new_q7_sigma24_L64_W0.88_r005,64,0.88,ORIGINAL,1.3506586397788567,29.954335821272775,57.06344025287565,0.0211040412465446,0.4680364972073871,0.8916162539511819,0.9752176825184192,0.0625548323914063,7433794b5bb3b696ebb842f4c48b6e1b949221816947ad290306e6fea84cba76,True
new_q7_sigma24_L64_W0.88_r006,64,0.88,ORIGINAL,1.2296263008535249,43.440127565709446,56.85916084516478,0.0192129109508363,0.6787519932142101,0.8884243882056997,0.9767103347889374,0.0,cb670e8d80326fe8b94398a43b63c3d9b98fbabceda2854437d9de04f88456da,True
new_q7_sigma24_L64_W0.88_r007,64,0.88,ORIGINAL,1.4030553294676835,55.11011924017095,56.8320178387859,0.0219227395229325,0.8610956131276711,0.8880002787310297,0.9802798982188295,0.0295178852474812,d8ca00f419c0d445558dbf5064f694d64fb84a5bf56567a461856b25beb5ccec,True
new_q7_sigma24_L64_W0.88_r008,64,0.88,ORIGINAL,1.3550420335002895,56.23392769492416,57.03695069563295,0.021172531773442,0.87865512023319,0.8912023546192648,0.9806201550387597,0.0213707558078418,af560e3913ba4f7f7fa4ce58570a3a6693dd25222445bd35861b3aaaf8b693ee,True
new_q7_sigma24_L64_W0.88_r009,64,0.88,ORIGINAL,1.0627797844487574,16.310745230125633,56.80274972967387,0.0166059341320118,0.254855394220713,0.8875429645261542,0.996214988644966,0.1134594813913171,a900fdb66d23afd990655d6d129a8417f543f15b39b8109e39eca2d3d135bbe8,True
new_q7_sigma24_L64_W0.88_r010,64,0.88,ORIGINAL,1.3377236951484903,54.33598726009229,57.04885229036248,0.0209019327366951,0.848999800938942,0.8913883170369137,0.9693945442448436,-0.0029875067897881,b8fd0ef84a1951a1283f791e4d6f0efd2bdc1ec9d61a8c96cd2d9f84f4b818d1,True
new_q7_sigma24_L64_W0.88_r011,64,0.88,ORIGINAL,1.509044105712647,57.000909969355405,56.89780331418546,0.0235788141517601,0.8906392182711782,0.8890281767841478,0.9719975108898568,-0.0053014046919234,1fd13c7afd79a902d1a39e8ab8d7c8ac959f34e99c4394183ccb531942bc50cb,True
new_q7_sigma24_L64_W0.88_r012,64,0.88,ORIGINAL,2.143102871613713,14.068877919921016,56.915550003353,0.0334859823689642,0.2198262174987658,0.8893054688023906,0.876210979547901,0.1309493182402881,ef0ad16e84b9c2f4791235315a2e29befeb6f56abbb024342dea7dd35f69453a,True
new_q7_sigma24_L64_W0.88_r013,64,0.88,ORIGINAL,1.3702218795551957,26.59882407756272,56.967175460733806,0.0214097168680499,0.4156066262119174,0.8901121165739657,0.9807938540332908,0.0682610422274191,a6782647c402a6137a183e66000c4fdfcb659849792039a1f844e2270139ae50,True
new_q7_sigma24_L64_W0.88_r014,64,0.88,ORIGINAL,1.5243321570987547,49.8937615264663,56.92050836827418,0.023817689954668,0.7795900238510359,0.889382943254284,0.9607508532423208,0.0,dc4161d87c0841c85c0f30bdcb70f95172bd747fb6a44ce7b3880890cc88a1db,True
new_q7_sigma24_L64_W0.88_r015,64,0.88,ORIGINAL,2.2933441489812765,52.39174862868008,56.62600193914075,0.0358335023278324,0.8186210723231262,0.8847812802990742,0.8662851196670135,0.0,ef810849202995ab867a97d2d403df9537b2607547069614ece95562b2c3cd2b,True
new_q7_sigma24_L64_W0.88_r016,64,0.88,ORIGINAL,1.4367073026271129,53.89587188013592,56.98931250685832,0.0224485516035486,0.8421229981271238,0.8904580079196612,0.9698302954116907,0.0,680dab4a8af59c437b4f040ddaedf9be128018393c45ef900550f638db8a8c26,True
new_q7_sigma24_L64_W0.88_r017,64,0.88,ORIGINAL,1.284493900347961,14.62026554086475,57.06474355723418,0.0200702171929368,0.2284416490760117,0.8916366180817841,0.977512297962052,0.1268779889119302,cce61237a82b6233794fed1d902dbb907a158b93e0188c1100e2d9316ac408b9,True
new_q7_sigma24_L64_W0.88_r018,64,0.88,ORIGINAL,1.8198398546201984,30.50909061559082,56.98287165511338,0.0284349977284406,0.4767045408686066,0.8903573696111465,0.91993281075028,0.0,b638bcc3fafc5f2991b66e1619f6ad0b8034b87590475f3e7ccf4414cc4b43bc,True
new_q7_sigma24_L64_W0.88_r019,64,0.88,ORIGINAL,1.8391719521223424,38.71969713928371,57.0838091697892,0.0287370617519115,0.604995267801308,0.8919345182779562,0.9241417497231452,0.0,b6957bf4df015b5c4f58ac7abd9235c0566a0003a462524c6d76b0250166195f,True
new_q7_sigma24_L64_W0.88_r020,64,0.88,ORIGINAL,1.138425217039334,22.37554743728412,57.124482053469904,0.0177878940162395,0.3496179287075643,0.8925700320854673,0.9910158949550796,0.0900248943437735,0e245c79925ac96daf83b17661d9b30eef5cb9630a957eba1b051ab7582e0dbb,True
new_q7_sigma24_L64_W0.88_r021,64,0.88,ORIGINAL,1.4531392288421756,55.78052898674467,57.02919301701445,0.0227053004506589,0.8715707654178855,0.8910811408908508,0.9683413626978664,-0.0039547909180334,2aa447fb0cb48f76eaf0604a2a8d9584bd9e4072f65835aaabea8f4ac132025d,True
new_q7_sigma24_L64_W0.88_r022,64,0.88,ORIGINAL,2.4888454889167377,18.895109355133805,56.85970565137392,0.038888210764324,0.2952360836739657,0.8884329008027174,0.8478362028850628,0.1007403059061409,3bbd35597f7c65ca1c1294c746a3e3e3010363ff50e46a1d20cbf3a8fecd1233,True
new_q7_sigma24_L64_W0.88_r023,64,0.88,ORIGINAL,1.4383110731763438,52.25661384369677,56.91199637109009,0.0224736105183803,0.816509591307762,0.8892499432982827,0.9640831758034026,0.0,0fdd89e5f1999fbbab0082d1930a067be37126ffab1543abd89fcd07a0545a4a,True
new_q7_sigma24_L64_W0.88_r024,64,0.88,ORIGINAL,1.4878672131831865,43.265611913347385,57.18716361899871,0.0232479252059872,0.6760251861460529,0.8935494315468548,0.9623329283110572,0.041811082950887,a9b069cec3817c83d4edf812518b84d832b8054f863f3055fc9951073a8bc48d,True
new_q7_sigma24_L64_W0.9_r001,64,0.9,ORIGINAL,1.4767232902064649,55.4090968215552,57.169488367090025,0.023073801409476,0.8657671378367999,0.8932732557357816,0.9648148148148148,0.0256462186217555,8c48b06217c4e3a3cce8524140ff874bfad3a9f550fee18f9f4dbfb77fd06b31,True
new_q7_sigma24_L64_W0.9_r002,64,0.9,ORIGINAL,1.869424626132265,30.36774659915995,56.9102176222762,0.0292097597833166,0.4744960406118742,0.8892221503480656,0.920230658337338,0.0600940061375908,0d190124310b626e4b007af3af5574946ad6bdc9af7a132fb9cf1f9cd42f1fd7,True
new_q7_sigma24_L64_W0.9_r003,64,0.9,ORIGINAL,1.2423324985172783,56.32852486384057,57.19618761821321,0.0194114452893324,0.8801332009975089,0.8936904315345814,0.9833910034602076,0.0204364537606855,eb062bf4ec897a45b825c9783dca440ee72422617d5c03889da3c9eae4bfd183,True
new_q7_sigma24_L64_W0.9_r004,64,0.9,ORIGINAL,1.5404046717665023,55.027703957315445,57.18171187153793,0.0240688229963516,0.8598078743330538,0.8934642479927801,0.9591214154972544,0.0287190837398199,6460c38a3b0c166fda2aac7b90c548fa2cdf0ef6eb49ca7b797b0e697e9bbd40,True
new_q7_sigma24_L64_W0.9_r005,64,0.9,ORIGINAL,1.5094309533332293,52.47763909283306,57.104033818195646,0.0235848586458317,0.8199631108255165,0.892250528409307,0.9601406799531068,0.0323239388947807,b2c41779aeb0fcd3896801cf7822c62fc657df3aed3bea1a44ccf5a9cbeb341e,True
new_q7_sigma24_L64_W0.9_r006,64,0.9,ORIGINAL,1.2453691910961735,55.59040906772552,57.1279080619212,0.0194588936108777,0.8686001416832112,0.8926235634675187,0.9875690607734806,0.025089605734767,25a535a7b7565fb909937279db1220259c6923d7e65705855e956a75307fa77e,True
new_q7_sigma24_L64_W0.9_r007,64,0.9,ORIGINAL,1.3143651141782868,53.67286063665736,57.06731249867573,0.0205369549090357,0.8386384474477713,0.8916767577918083,0.9801777170198224,0.0307614447757253,78aa438b1341871db2ee3e4ae8ba8f02cb0ebd62a84328ef6b75d435f89aea06,True
new_q7_sigma24_L64_W0.9_r008,64,0.9,ORIGINAL,1.2791814641965047,58.58521142814488,57.25496081260217,0.0199872103780703,0.9153939285647638,0.8946087626969089,0.9788359788359788,-0.0187376241674439,d22457c58dc02774427cf8e0ae7d7c536f17bb3fa3b36d685f5a5825012d9fbd,True
new_q7_sigma24_L64_W0.9_r009,64,0.9,ORIGINAL,1.61609083460322,36.121194087668506,56.93028749664812,0.0252514192906753,0.5643936576198204,0.8895357421351269,0.9526038619075484,0.0499745613891122,3b4f69666d0f65bd5a93d855a98145c8a8a4bc16dd2f92fb157941435545eba1,True
new_q7_sigma24_L64_W0.9_r010,64,0.9,ORIGINAL,1.4199855211187469,55.85889043373636,57.08379372978075,0.0221872737674804,0.8727951630271306,0.8919342770278242,0.9670542635658916,0.0247840264250021,6526d488c0717293240a3e7c60d97b6bd7a717c02ae80fbeb5a61fecf7269d2c,True
new_q7_sigma24_L64_W0.9_r011,64,0.9,ORIGINAL,1.474567958157479,43.56639452077573,57.13902426894469,0.0230401243462106,0.6807249143871208,0.8927972542022607,0.9680989583333334,0.0409476613943384,6e25954f0af23bb4f655e70b4e1dd6e5851fd5a85d9b10ac2042718af320d2df,True
new_q7_sigma24_L64_W0.9_r012,64,0.9,ORIGINAL,1.3210584349184489,56.12922387752909,57.20542455441479,0.0206415380456007,0.8770191230863921,0.8938347586627311,0.9714095744680852,0.0226206169259161,36b9407cfaedd3bc5ee595a95ee8b2edc250dc67e72990bb0346d79182c024bb,True
new_q7_sigma24_L64_W0.9_r013,64,0.9,ORIGINAL,2.536686505832982,55.812333478348094,57.11550782116757,0.0396357266536403,0.872067710599189,0.8924298097057433,0.8361774744027304,0.0221249257908574,9ee701ccb52e57a853579db42e90fc6c91900f09e2ec2c559b039e848b6ee35b,True
new_q7_sigma24_L64_W0.9_r014,64,0.9,ORIGINAL,1.532553765837747,56.30037739317941,57.1037139943504,0.0239461525912147,0.8796933967684283,0.892245531161725,0.9730363423212192,0.0206813930515563,be94c60d7dd9be08fd574972a2a90e0ba4da7a2f7244dc125ded253b9f6b95f3,True
new_q7_sigma24_L64_W0.9_r015,64,0.9,ORIGINAL,1.5335364139689247,55.14456634948529,57.19721058659984,0.0239615064682644,0.8616338492107076,0.8937064154156225,0.959378733572282,0.0259699859476738,9fb612d55e7e9e1bf7aac06f971c7441677d967c4a7461841914a093147ed742,True
new_q7_sigma24_L64_W0.9_r016,64,0.9,ORIGINAL,1.7849331909742503,56.11385284437462,57.17356204597026,0.0278895811089726,0.8767789506933534,0.8933369069682854,0.9265905383360522,0.0227996877044164,8617dec4c1dae9625204b3b8abe8df71edbd74e69f600c3b331668aa06a2c036,True
new_q7_sigma24_L64_W0.9_r017,64,0.9,ORIGINAL,1.5328143399113614,55.9077314863543,56.97650041571868,0.023950224061115,0.873558304474286,0.8902578189956044,0.9557135046473484,0.0245873071195462,bb6717dcd1f770ca94a35504e347a64ce3ea466b2cbc1970e2ec8dbe6d63e21e,True
new_q7_sigma24_L64_W0.9_r018,64,0.9,ORIGINAL,1.4911894104668375,56.21889616789203,57.191781775304136,0.0232998345385443,0.8784202526233129,0.8936215902391271,0.9636475662353666,0.0220626123899761,4bb63ef61997cc3ed90155d39c3a2bb06b19b926b60f5b69687c7062b14930af,True
new_q7_sigma24_L64_W0.9_r019,64,0.9,ORIGINAL,1.299379434053229,56.19635734209659,57.1820880343,0.0203028036570817,0.8780680834702592,0.8934701255359375,0.9856164383561644,0.0216191739853836,3e596b8517699a0b14fd7cf66539b33d508a8fa7e109c092bfd6057c5b41e73a,True
new_q7_sigma24_L64_W0.9_r020,64,0.9,ORIGINAL,1.460389665439756,55.79935749427717,56.76925026677981,0.0228185885224961,0.8718649608480807,0.8870195354184346,0.9637340496977838,0.0236477534104279,1594c9d4fbac88d300c0195e0b88735c1df3e9807ca5620f2b43931681eb676f,True
new_q7_sigma24_L64_W0.9_r021,64,0.9,ORIGINAL,1.5045695760146955,37.7106683230456,56.92498845343173,0.0235088996252296,0.5892291925475874,0.8894529445848708,0.957433290978399,0.0,d64e18b5beed562aa6119b8f1446539d67f30ceb4cdb8d1bc2c79afd97f46107,True
new_q7_sigma24_L64_W0.9_r022,64,0.9,ORIGINAL,1.6717040796974345,55.96766218675936,57.13028567168137,0.0261203762452724,0.874494721668115,0.8926607136200214,0.9497267759562842,0.0243127284284125,1e3942a6c64c4b9a6c3dc3c76bc5bf31225188dd36985bfcc9af221270ec23de,True
