graph_id,edge_sha256,L,control,S,S1,S2,L_times_S1,L_times_S2,ell_major_over_L_G1,ell_minor_over_L_G1,ell_major_over_L_G2,ell_minor_over_L_G2,bottom_fraction_2R_G1,bottom_fraction_2R_G2
gaussian_iid_L64_q7_W0.7975_r59,e0839e13018bf1a75312222b55e4ad7629c850f611860daa6dcac175d7e3dabf,64,0.7975,0.145172119140625,0.0119425455729166,0.0212504069010416,0.7643229166666666,1.3600260416666667,0.9998802853256356,0.0443160448644629,0.9999024780015344,0.0616748262855386,0.9931856899488928,0.8966012446146482
gaussian_iid_L64_q7_W0.7975_r71,17cbfac4615c29e003300065131ad8f3c09cbf247c75f733e68c834206d66889,64,0.7975,0.479644775390625,0.0131937662760416,0.0314737955729166,0.8444010416666666,2.0143229166666665,0.9989440923620038,0.0478575345008797,0.999267653861939,0.0960476497592293,0.9884348496530456,0.7104072398190046
new_q7_sigma24_L64_W0.7975_r001,d7e4cc5aa8b8ad36f2cfa4b9f7d5b3742f79fbf50c5c881dfd0a28e12fbf9670,64,0.7975,0.1223958333333333,0.013336181640625,0.0210367838541666,0.853515625,1.3463541666666667,0.9996698131506015,0.0376698402544919,0.999694741178867,0.0634183257755985,0.9893211289092296,0.93036750483559
new_q7_sigma24_L64_W0.7975_r002,fd2507599abecb238357026efba5b2f4ad402a549e5da2bf53d5804296969c04,64,0.7975,0.3444620768229167,0.0115966796875,0.0166422526041666,0.7421875,1.0651041666666667,0.9997616284919122,0.035708279083074,0.9997616284919122,0.0487098678252349,0.9982456140350876,0.9639364303178484
new_q7_sigma24_L64_W0.7975_r003,65d96f8c7b4d1c2edc8f4594cbec5a15ae05afa867722db910b0d1995cdba6e8,64,0.7975,0.189727783203125,0.0150044759114583,0.0283711751302083,0.9602864583333334,1.8157552083333333,0.9976777535429492,0.0555383820632643,0.9996970342781762,0.0923057014617307,0.983728813559322,0.8167802079598422
new_q7_sigma24_L64_W0.7975_r004,9b17eff3362e1a4d99428ca669ffac5ac473f65b38645b1097c85dc6a623e89e,64,0.7975,0.3101704915364583,0.0120747884114583,0.0255126953125,0.7727864583333334,1.6328125,0.9996256462543968,0.0397490468289438,0.9997381514637654,0.0724781668494545,0.9966301600673968,0.8672248803827751
new_q7_sigma24_L64_W0.7975_r005,2eb15340d4eb3f5c7e95baab1335235868413104beb343090bc8e1d668571343,64,0.7975,0.16748046875,0.013458251953125,0.0240681966145833,0.861328125,1.5403645833333333,0.9995867756852326,0.0412090527284593,0.9995867756852326,0.0758272600118332,0.9894179894179894,0.8647506339814032
new_q7_sigma24_L64_W0.7975_r006,dd02b1f515f024c57f18849b30fef9395dde028cebe9f85e76891ac23316764e,64,0.7975,0.24053955078125,0.01275634765625,0.0319620768229166,0.81640625,2.0455729166666665,0.9978206101656816,0.0443718311826245,0.9990116926796804,0.079595523196701,0.985645933014354,0.794080203691916
new_q7_sigma24_L64_W0.7975_r007,4c65c97746fe5902e8820d3003c6df06af5efdbc7da5788aa032bc2e4f3a54dd,64,0.7975,0.244964599609375,0.0120646158854166,0.0168558756510416,0.7721354166666666,1.0787760416666667,0.9988501232610876,0.0330947566062478,0.9988501232610876,0.0514479694692308,0.9983136593591906,0.9734459867229932
new_q7_sigma24_L64_W0.7975_r008,bcb35b5716f50d4931f7e8582585d0574c63c1d1237634f8937ba415512d5de7,64,0.7975,0.4507954915364583,0.012420654296875,0.0197550455729166,0.794921875,1.2643229166666667,0.999870377113816,0.0470472588323142,0.999870377113816,0.0674623961182459,0.9934479934479934,0.9402677651905252
new_q7_sigma24_L64_W0.7975_r009,ae5ded1bf7b6ebc6748495df272496314dd9312609ec176188bece1ae5e3f7c9,64,0.7975,0.2161661783854166,0.0114339192708333,0.017608642578125,0.7317708333333334,1.126953125,0.99900927378049,0.0347747325339412,0.99900927378049,0.0562869300270959,0.9973309608540926,0.9595609474292316
new_q7_sigma24_L64_W0.7975_r010,1e413fce486d8f1eb535dd8e3d109ff6856d3b5a75422b21c4df830260c0817c,64,0.7975,0.1835123697916666,0.0130716959635416,0.0470987955729166,0.8365885416666666,3.0143229166666665,0.9996754236548012,0.0574423775289348,0.9996754236548012,0.1312691152469323,0.9727626459143968,0.5226781857451404
new_q7_sigma24_L64_W0.7975_r011,ec4a2c4aa28855783aaae1224fdcd33009b3da426079fce1c1f7b1c44d50f277,64,0.7975,0.6258544921875,0.012725830078125,0.0178120930989583,0.814453125,1.1399739583333333,0.9988184565515495,0.0499022731100601,0.9988516250145316,0.0598596034209617,0.9896083133493204,0.9565962307253
new_q7_sigma24_L64_W0.7975_r012,603cb973b809743a23bbd57d927f0fbc88683768133f9c3b73cd58e1627cf19a,64,0.7975,0.3475545247395833,0.0127970377604166,0.023895263671875,0.8190104166666666,1.529296875,0.9989758311550284,0.0393244654460553,0.9992073928307954,0.0695333955028031,0.9920508744038156,0.8820774797786292
new_q7_sigma24_L64_W0.7975_r013,7492d0f7c0fb1cf976b8091bf366c5fb1f365672599ef83917e219a08329a448,64,0.7975,0.4349873860677083,0.0132954915364583,0.0165303548177083,0.8509114583333334,1.0579427083333333,0.9987804389360024,0.0603601553030496,0.9989147910067268,0.0603601553030496,0.9770466717674062,0.9587692307692308
new_q7_sigma24_L64_W0.7975_r014,2bea75c1db4e45ae099122f13e7b4cda7f5d787a72519d868fc09ea3b4d8f593,64,0.7975,0.3371378580729167,0.0125528971354166,0.0186665852864583,0.8033854166666666,1.1946614583333333,0.9973605529920818,0.0368001499234695,0.9973605529920818,0.0652446579219776,0.9951377633711508,0.9373297002724796
new_q7_sigma24_L64_W0.7975_r015,e8851fa95c0cc7e10c77e69f149ba802627170371f3be80b04a508ba41a5c0a8,64,0.7975,0.4647623697916667,0.0122782389322916,0.0259297688802083,0.7858072916666666,1.6595052083333333,0.9994255422790702,0.0387416205017576,0.3762879001004695,0.1891485882795873,0.9900579950289976,0.0
new_q7_sigma24_L64_W0.7975_r016,d1e3cdd7d221b84ed62eb488d32db84eed88300ac0791d352cdbc79bbc79c833,64,0.7975,0.52008056640625,0.0145975748697916,0.0294291178385416,0.9342447916666666,1.8834635416666667,0.9996205703102558,0.057313974090557,0.9996205703102558,0.0827492682602325,0.9658536585365852,0.8129968890425164
new_q7_sigma24_L64_W0.7975_r017,5d760bf96954583327183e25b3e4bc93c3e234a17fe54cc042e2a8abb8ccc0ff,64,0.7975,0.3151143391927083,0.0128072102864583,0.026947021484375,0.8196614583333334,1.724609375,0.9997760900271232,0.0417509373931117,0.9997760900271232,0.0838022803638252,0.9936457505957108,0.8346545866364666
new_q7_sigma24_L64_W0.7975_r018,4af94070258636069ea2265ccac185721077e9bf91cad88b9b3b9764c0152db8,64,0.7975,0.1383056640625,0.012176513671875,0.0185750325520833,0.779296875,1.1888020833333333,0.999747039944354,0.0375661625216654,0.999747039944354,0.052623855575108,0.9924812030075189,0.950711938663746
new_q7_sigma24_L64_W0.7975_r019,2dcf8b6256af68e000963163ff48a64d3c6992b101e83da9c316cabc7ff9b63d,64,0.7975,0.14996337890625,0.0127461751302083,0.026031494140625,0.8157552083333334,1.666015625,0.999473469207514,0.0388061007974461,0.999889885277197,0.0809253571874855,0.9896249002394254,0.8272762797967956
new_q7_sigma24_L64_W0.7975_r020,910fc2c637f7ad674fb4d6f5209fa175b112d8595b67981e2aa2c939d338d494,64,0.7975,0.250396728515625,0.011749267578125,0.0173441569010416,0.751953125,1.1100260416666667,0.9979455499714528,0.0451948704916204,0.9984000422356828,0.0542903006936028,0.9896103896103896,0.9653958944281524
new_q7_sigma24_L64_W0.7975_r021,196aeaba9593c57c31f2229998b25cbef0688baa1b7cff87409ad4a7536213fa,64,0.7975,0.2428385416666666,0.0121866861979166,0.0161844889322916,0.7799479166666666,1.0358072916666667,0.9983068578469196,0.0411893922071214,0.9988684863585022,0.0496905039023877,0.9924874791318864,0.983029541169076
new_q7_sigma24_L64_W0.7975_r022,e889e433412f3f0904a4a0c5e3960de586ef5931d5f41ea26e8b402913bdde4e,64,0.7975,0.377471923828125,0.0124104817708333,0.0252888997395833,0.7942708333333334,1.6184895833333333,0.9995150335248696,0.0450107710767988,0.999659274036251,0.0874656242261678,0.989344262295082,0.8165728077232502
gaussian_iid_L64_q7_W0.805_r59,f4304816c8416d014117565e2cd9804351a8fc451f13fc067e422e3d839f85ef,64,0.805,0.357177734375,0.0126953125,0.0248514811197916,0.8125,1.5904947916666667,0.9999024780015344,0.0443160448644629,0.9999024780015344,0.0770270164726097,0.9903846153846154,0.8485468686041752
gaussian_iid_L64_q7_W0.805_r71,aae42b055d67c57d77e61b5c0d2b5f78ee48ff2251142e68bf234f74b71810a9,64,0.805,0.4979451497395833,0.0131429036458333,0.032684326171875,0.8411458333333334,2.091796875,0.9989440923620038,0.0478575345008797,0.999267653861939,0.1010187992956965,0.9891640866873064,0.6931216931216931
new_q7_sigma24_L64_W0.805_r001,e41b3daf51befa9ff4cd19967f7be20dce679dcd6aaa6084bbb1179453c86ab1,64,0.805,0.5138956705729166,0.0123494466145833,0.032623291015625,0.7903645833333334,2.087890625,0.999703062112342,0.0374362693869992,0.999703062112342,0.0952899170033806,0.9934102141680397,0.7309011537262239
new_q7_sigma24_L64_W0.805_r002,0131233e8e5b154c7367a8dfc7133c8864b8d854feccf78703152d8a8f71fe77,64,0.805,0.5972696940104166,0.0132242838541666,0.023284912109375,0.8463541666666666,1.490234375,0.9994570157495508,0.0392887311138724,0.9996732346286578,0.0878146714685955,0.9876923076923076,0.8711227610310179
new_q7_sigma24_L64_W0.805_r003,502702ed19a5fff34dbc14e8b1a53562b9677ba3e1bdba10fded8532dd75be1c,64,0.805,0.4219868977864583,0.01251220703125,0.0244038899739583,0.80078125,1.5618489583333333,0.9999174701017168,0.0498635864366393,0.9999803208599976,0.0815583396593023,0.986178861788618,0.8428511879949979
new_q7_sigma24_L64_W0.805_r004,94deec9499bf97c83d8b7e53a805d67d383f144543eeb61b9d2cc82b6e54ab29,64,0.805,0.30889892578125,0.012054443359375,0.023773193359375,0.771484375,1.521484375,0.9960962625086124,0.0326327795629167,0.9995760032058126,0.0758314676122224,0.9974683544303796,0.8908857509627728
new_q7_sigma24_L64_W0.805_r005,a389b2039021fa7db9e5f47084bf97f7af545b65bb78ea32672264a9e7ce69f0,64,0.805,0.4031982421875,0.0124715169270833,0.021209716796875,0.7981770833333334,1.357421875,0.9997493492635332,0.0389025798539164,0.99984619230036,0.059921262514778,0.9959216965742252,0.9218225419664268
new_q7_sigma24_L64_W0.805_r006,9242ff0fae2ff112c639594ea2d9975b92fa3838d3770f26e8167ab734f2652f,64,0.805,0.6714375813802084,0.0132344563802083,0.028228759765625,0.8470052083333334,1.806640625,0.9984782755825384,0.039654811581732,0.999847736421531,0.0850868038106724,0.9930822444273636,0.7996396396396397
new_q7_sigma24_L64_W0.805_r007,4a2dc321bbf95b95ca4f2fe67053ff47b37913aed3f5e077f7a85c6b7a175dcb,64,0.805,0.4886678059895833,0.0126444498697916,0.0239766438802083,0.8092447916666666,1.5345052083333333,0.99995146976463,0.0392205498109194,0.99995146976463,0.0750599888821388,0.994368463395012,0.8442935935511243
new_q7_sigma24_L64_W0.805_r008,f1fd6782beafe578f94bdfd23e28a4148301834206a429ae644b59efdde8d649,64,0.805,0.3053487141927083,0.0121358235677083,0.0258992513020833,0.7766927083333334,1.6575520833333333,0.9994353112224732,0.0394333691444325,0.9994353112224732,0.0806315780743762,0.9932942162615256,0.8318931657501963
new_q7_sigma24_L64_W0.805_r009,503303897830fa50907ae3fa4dc4fcda80aec9bf0d15970d565a3440d9ff78eb,64,0.805,0.7764790852864584,0.012298583984375,0.0285746256510416,0.787109375,1.8287760416666667,0.9995706563933384,0.0473014823505265,0.5194721538949663,0.1834469814888333,0.9942100909842844,0.0
new_q7_sigma24_L64_W0.805_r010,e4f90f9a61b4ef0393dc3b52a8676989ee526b1f0df48a7d11b4f20c7a1dc3a3,64,0.805,0.6534322102864584,0.0126444498697916,0.0291544596354166,0.8092447916666666,1.8658854166666667,0.9992874277153212,0.0443611876276337,0.9992874277153212,0.0942276623282418,0.991150442477876,0.7547103977669225
new_q7_sigma24_L64_W0.805_r011,c2866cc66f2b6f150b7a48df0bf81f6377e1c9f754b8fbf9b8be6d2af5da6832,64,0.805,0.5733744303385416,0.0133870442708333,0.0172526041666666,0.8567708333333334,1.1041666666666667,0.9994608533597544,0.039620398561999,0.9996487643116536,0.0673245516331818,0.993161094224924,0.964622641509434
new_q7_sigma24_L64_W0.805_r012,857d313395af4654b107709ab1de5dfdd038479d83740b66a9d05382f6efe193,64,0.805,0.354461669921875,0.0124918619791666,0.0297037760416666,0.7994791666666666,1.9010416666666667,0.9979863462265034,0.04299315628469,0.9997673860733232,0.1014781100820182,0.986970684039088,0.7407534246575342
new_q7_sigma24_L64_W0.805_r013,1eafa752959b9c34cdbef008278953adb108abbf7c2a5e23b1f8e57f6d75ffad,64,0.805,0.5411885579427084,0.0133565266927083,0.023162841796875,0.8548177083333334,1.482421875,0.9998005044168754,0.0461092000787335,0.9998116269612408,0.0725629869503431,0.9817212490479816,0.9003074220465525
new_q7_sigma24_L64_W0.805_r014,fec37c78b637b318714437b906ac49264451a0def350f3026b5bebc22aa4118b,64,0.805,0.242523193359375,0.0114949544270833,0.0423990885416666,0.7356770833333334,2.7135416666666665,0.9992821600085507,0.0411357911595374,0.9997379561468012,0.1527038128548089,0.9973451327433628,0.5095969289827256
new_q7_sigma24_L64_W0.805_r015,6346503b3b6275893391b30a69a48b0968756e172fee126391fac4d9b0d2e8ad,64,0.805,0.321136474609375,0.013031005859375,0.0237223307291666,0.833984375,1.5182291666666667,0.999724746595275,0.0562836558030558,0.9998158782881134,0.0867681402847821,0.9843871975019516,0.8606346483704974
new_q7_sigma24_L64_W0.805_r016,9096ab9ff5fae845a7a14c378ba0e81cee03087317920fd1623f4a075adf72ac,64,0.805,0.2199198404947916,0.012481689453125,0.0217183430989583,0.798828125,1.3899739583333333,0.9987719830516976,0.0447267155889588,0.9994218888753328,0.0943849489407457,0.9959250203748982,0.8800936768149883
new_q7_sigma24_L64_W0.805_r017,67fb89bbc10e641ebf7c8a975f604e5f005ea0ff080cd49e39c6f896cdd2bd96,64,0.805,0.279022216796875,0.012664794921875,0.0301513671875,0.810546875,1.9296875,0.9997122355613488,0.0363951295452907,0.4305121868538153,0.2110651062916366,0.9975903614457832,0.0
new_q7_sigma24_L64_W0.805_r018,1110be1bdafa09e339b57bad4104f7e7377a0d13cc0792ec636b772103eb6fef,64,0.805,0.397064208984375,0.0129801432291666,0.0475870768229166,0.8307291666666666,3.0455729166666665,0.9982910337047208,0.041236022165742,0.9991917590350222,0.1951756067244612,0.987460815047022,0.4514749893116717
new_q7_sigma24_L64_W0.805_r019,3afcd5b0e242d3eaba2113d68246a99043d63f7239577c1f506643bdf4f98ab8,64,0.805,0.4484354654947917,0.01202392578125,0.0268656412760416,0.76953125,1.7194010416666667,0.9996797880909882,0.0341430439862606,0.9999125993516336,0.106452669945352,0.9957698815566836,0.7489587277546383
new_q7_sigma24_L64_W0.805_r020,448ae31b8daedc1ebe6196e13b0436fb607e1e3ace9ccc17f47a65a9e2b1a68f,64,0.805,0.4313456217447917,0.0130411783854166,0.0254414876302083,0.8346354166666666,1.6282552083333333,0.9972810186633396,0.0440335732163554,0.9998082898793916,0.0777587737559625,0.9882995319812792,0.8248700519792083
new_q7_sigma24_L64_W0.805_r021,19a63b4d8ffd8018c0d843796a9315873872b624546c204823632f5c08868deb,64,0.805,0.3854471842447917,0.0126749674479166,0.03363037109375,0.8111979166666666,2.15234375,0.9985497137149096,0.0346533381910941,0.9997768804575428,0.1105133640838654,0.9967897271268058,0.7068965517241379
new_q7_sigma24_L64_W0.805_r022,05f22040ea629501491d323a965ea9cfe6376a552ea8be685421cefc65c051ca,64,0.805,0.2465108235677083,0.013519287109375,0.02252197265625,0.865234375,1.44140625,0.998909916259184,0.0520015617745731,0.998909916259184,0.0781502358539809,0.9729119638826184,0.8717253839205059
gaussian_iid_L64_q7_W0.815_r59,16378b042f8ed61f0444674369ee9ec4b57a14918694a95f3c0bf2ed32f425a7,64,0.815,0.5701904296875,0.0129597981770833,0.0318806966145833,0.8294270833333334,2.040364583333333,0.9999024780015344,0.0443160448644629,0.5017790133331679,0.2071000629232715,0.9874411302982732,0.0
gaussian_iid_L64_q7_W0.815_r71,5a21f2d8121f581538d3b051a759116a3355bd0310f175bdc58a379f835fc7a7,64,0.815,0.9805094401041666,0.0139668782552083,0.0336100260416666,0.8938802083333334,2.1510416666666665,0.9989440923620038,0.0478575345008797,0.999267653861939,0.1010187992956965,0.9788783685360524,0.6834140435835351
new_q7_sigma24_L64_W0.815_r001,9c2da62fa5c612f0de0721ecfd960b43d9c42733a58b33a748499bee776d91a8,64,0.815,0.9794209798177084,0.0131632486979166,0.0270894368489583,0.8424479166666666,1.7337239583333333,0.999341277180144,0.0413233139022065,0.999341277180144,0.0885445748315767,0.9899536321483772,0.7897108524220804
new_q7_sigma24_L64_W0.815_r002,023964f591b19714aae5cdb192c2fc377af14fcf6c62aadbcbd112c6e048e7e7,64,0.815,0.282073974609375,0.0133565266927083,0.0191853841145833,0.8548177083333334,1.2278645833333333,0.998216627534154,0.0485274874352587,0.9988857909594632,0.0554266653825864,0.993907083015994,0.951219512195122
new_q7_sigma24_L64_W0.815_r003,b4dda6a64be8619470b56ce024d40f516bf72733733b47d3bb4c87085a4d1f30,64,0.815,0.361785888671875,0.013397216796875,0.0441385904947916,0.857421875,2.8248697916666665,0.9992758087654934,0.050319861194721,0.9992758087654934,0.12065299220003,0.9832953682611996,0.5773219635860798
new_q7_sigma24_L64_W0.815_r004,df804e59ed81dcfa61cc5a679e8104d7100ac95320868d7a8896f5077fa88a7e,64,0.815,0.6430257161458334,0.0134480794270833,0.0583597819010416,0.8606770833333334,3.7350260416666665,0.9994997989834432,0.0511805693805264,0.9999041903238076,0.1412291015362402,0.9742813918305596,0.4253093951542618
new_q7_sigma24_L64_W0.815_r005,060afb8a08592b21ec43670687e72c57c4446a351784547eca9e628c601ee79c,64,0.815,0.9793599446614584,0.0137532552083333,0.0181986490885416,0.8802083333333334,1.1647135416666667,0.9981935160018068,0.0416536023300739,0.9981935160018068,0.0516654362398109,0.9829881656804734,0.9524874231414198
new_q7_sigma24_L64_W0.815_r006,76b4b38e4fcc6d624eb502018dc5a904e87c2b9636d5b7068d4cc3de303f681c,64,0.815,0.3798624674479167,0.0133565266927083,0.0304158528645833,0.8548177083333334,1.9466145833333333,0.9997632828188244,0.0485230629533776,0.9997632828188244,0.0969766284697631,0.9847677075399848,0.7488294314381271
new_q7_sigma24_L64_W0.815_r007,1fba9b4308e434d9a607fa447604adecfd77269d3a09b7c3e63eae04523fc499,64,0.815,0.9754130045572916,0.0130411783854166,0.0329182942708333,0.8346354166666666,2.106770833333333,0.999145840324134,0.0407429383951067,0.999583672165112,0.0928241618793456,0.9875195007800311,0.7138442521631644
new_q7_sigma24_L64_W0.815_r008,00ce56f505250f435f84fabdef396a28211f25c63f1c50b92d14fcc29b3b042d,64,0.815,0.98236083984375,0.0127766927083333,0.0282084147135416,0.8177083333333334,1.8053385416666667,0.9973373322878752,0.0309352980421263,0.9977003836732916,0.0950468236249365,1.0,0.7554994590695997
new_q7_sigma24_L64_W0.815_r009,1a6c7cbc9d2f8af7d17a31841ceeb338534dcec6c596cc6964c1c34d104df962,64,0.815,0.4279378255208333,0.0126444498697916,0.024810791015625,0.8092447916666666,1.587890625,0.9994159617990878,0.0456940683324734,0.9994464479368996,0.079962595295823,0.9847144006436042,0.8528085280852808
new_q7_sigma24_L64_W0.815_r010,0c5d9418d57fb76231cba4b00cc6463ee14e02f3b522320fe34eb318a9579b6c,64,0.815,0.5672505696614584,0.0134785970052083,0.0240376790364583,0.8626302083333334,1.5384114583333333,0.998383959641182,0.0405092579236919,0.9994614312203206,0.0676310083966842,0.9871698113207548,0.8755818874312314
new_q7_sigma24_L64_W0.815_r011,bc3e5445991086dc6463b73f97633d8e87941a164b193f9e747ba0e44cc38382,64,0.815,0.8445841471354166,0.0125630696614583,0.0245869954427083,0.8040364583333334,1.5735677083333333,0.9991919018323782,0.0557870613524953,0.9996396128231276,0.0790759867518512,0.9805668016194332,0.8357467935457178
new_q7_sigma24_L64_W0.815_r012,7208968050d54871da97b000ed8c9ba0230700d6013c9c37ac483d12978ea90c,64,0.815,0.5289306640625,0.0126851399739583,0.0254923502604166,0.8118489583333334,1.6315104166666667,0.9989585893676136,0.0492924621475048,0.9989585893676136,0.0866762226626622,0.9911788291900562,0.8200319233838786
new_q7_sigma24_L64_W0.815_r013,cd26fddc630f8786ebe907920b331ed081dbf820366dd87457985a6686922c75,64,0.815,0.9808349609375,0.012542724609375,0.0183308919270833,0.802734375,1.1731770833333333,0.999323056933999,0.0445735747115699,0.999323056933999,0.0475673701076183,0.9805352798053528,0.9472807991120976
new_q7_sigma24_L64_W0.815_r014,a35e110ee2b3a4e43fe969e0dab5f91994268dc483b2a70dc9e15ba9d739096f,64,0.815,0.942352294921875,0.0123494466145833,0.0289713541666666,0.7903645833333334,1.8541666666666667,0.9980529646852192,0.040011690395842,0.998590060425536,0.098618958053441,0.9909390444810544,0.7338483146067416
new_q7_sigma24_L64_W0.815_r015,b1b7c464c76738b8743006f6fef8c7e40fe7339d9ab31b3716eb6448f3adb2d0,64,0.815,0.97607421875,0.01275634765625,0.0254618326822916,0.81640625,1.6295572916666667,0.9997567026608548,0.0435604438380033,0.999805047634172,0.0954227946422375,0.9832535885167464,0.8178186176588095
new_q7_sigma24_L64_W0.815_r016,078c4bc52a581e1ee3103fc877fddf3cb0cbc75dd85f3ceb11829468a32ccae1,64,0.815,0.8164774576822916,0.0125528971354166,0.0374043782552083,0.8033854166666666,2.393880208333333,0.9993518897035804,0.0351352659701013,0.999644554564944,0.1062518575883288,0.9967585089141004,0.6483546369322818
new_q7_sigma24_L64_W0.815_r017,ffe5a52008ec0b197ee8a87f2af67cab5d7b7ffda726ae296613682f2daeb139,64,0.815,0.6226603190104166,0.0132853190104166,0.024078369140625,0.8502604166666666,1.541015625,0.9994615755082692,0.0427124778327685,0.9994615755082692,0.0722912477488513,0.98468606431853,0.8588931136459653
new_q7_sigma24_L64_W0.815_r018,563b466bd64cc0524d3080e41d35ae23c487c1026eb0550f009323a9b79b5b23,64,0.815,0.8213907877604166,0.0130513509114583,0.0457051595052083,0.8352864583333334,2.925130208333333,0.9996988356124245,0.0398046871731172,0.9996988356124245,0.1209925464625139,0.9914263445050664,0.5564210994880926
new_q7_sigma24_L64_W0.815_r019,44b9765b5ee890cfca39a4f6817c6f27005958cbbb9b88e20fc99c51a56685df,64,0.815,0.6831461588541666,0.0154622395833333,0.030914306640625,0.9895833333333334,1.978515625,0.9991318534403244,0.0517888576941052,0.9996871642882862,0.0802522632074704,0.9703947368421052,0.7920368542283646
new_q7_sigma24_L64_W0.815_r020,5cc9b02448abd2456ee86c478279334f5144b192ba43a3b5e5ceb9fa3c1adb2a,64,0.815,0.3837178548177083,0.0142822265625,0.0279642740885416,0.9140625,1.7897135416666667,0.9996188620926214,0.053952553716579,0.9996220075935308,0.0887000863835543,0.9686609686609686,0.8086576937068025
new_q7_sigma24_L64_W0.815_r021,6c0063e07d26873160fc2d0e5de70fcbd73fc8d80aa74f46ca81988c00bfacd5,64,0.815,0.9762369791666666,0.0140787760416666,0.0251057942708333,0.9010416666666666,1.6067708333333333,0.9975929680910745,0.0466585459043248,0.997923371438379,0.1140466644802232,0.9804913294797688,0.8022690437601296
new_q7_sigma24_L64_W0.815_r022,0757d6a7ec3f83ae8ee2f6128b53a722ad38f64081a451d508c87bf83bf5d4fe,64,0.815,0.580291748046875,0.012847900390625,0.021942138671875,0.822265625,1.404296875,0.999859323394528,0.0415172358857787,0.999859323394528,0.0792295898583256,0.9802058590657166,0.8929068150208623
new_q7_sigma24_L64_W0.84_r001,822e805bde54cc1322d93c9c32f5b3f9e2b46360dd7fe411580bb2d43121edb4,64,0.84,0.8166097005208334,0.0133768717447916,0.0808817545572916,0.8561197916666666,5.176432291666667,0.999767473805751,0.038321848904701,0.9999219292754874,0.1353067504781873,0.9916349809885932,0.3892592126776506
new_q7_sigma24_L64_W0.84_r002,ae67fb9ed2d9bc6c6cd132c4e5794b4002e3169cf6febb80d6a6996e98d10c41,64,0.84,0.9816182454427084,0.0156148274739583,0.0556742350260416,0.9993489583333334,3.5631510416666665,0.998525627328941,0.0487544196213745,0.9999171892441042,0.1841814639667536,0.9667752442996744,0.0
new_q7_sigma24_L64_W0.84_r003,b91813f26d9abe57a9c86a3ba01b1a79de722666408de1ca14d55186610cbe0e,64,0.84,0.9711710611979166,0.01239013671875,0.0516764322916666,0.79296875,3.3072916666666665,0.998729192223209,0.0398855228489472,0.9989767247731944,0.163723108327868,0.9909688013136289,0.5098425196850394
new_q7_sigma24_L64_W0.84_r004,27c1efe5ca2e0b321b7f9e36753e902966b678db470c98520777f54eb49d1f3f,64,0.84,0.9775390625,0.01251220703125,0.2011922200520833,0.80078125,12.876302083333334,0.998332762671692,0.0340206638811396,0.9998589997424144,0.3976300510685552,0.9967479674796748,0.0
new_q7_sigma24_L64_W0.84_r005,92cc629b45ae942d93ccebd0dcc2c6debc0843d1aa6f41b47610aeaf24d54a40,64,0.84,0.9811197916666666,0.0153096516927083,0.0487467447916666,0.9798177083333334,3.1197916666666665,0.9961220127061472,0.0454047482204135,0.9991257561510029,0.1355651357656966,0.9807308970099669,0.5880634390651085
new_q7_sigma24_L64_W0.84_r006,57255594a870e6027b8d48bb76e87d99d48301ed208de938990336d1f4f39a62,64,0.84,0.9726155598958334,0.012451171875,0.0378214518229166,0.796875,2.4205729166666665,0.999542548610481,0.0427858977382606,0.9996202637570126,0.1004463813046037,0.9877450980392156,0.6740182894029048
new_q7_sigma24_L64_W0.84_r007,a8ee97f34211a9461b948266825a4edf1a79f203aa406275633337ed2a1ba383,64,0.84,0.9651997884114584,0.013275146484375,0.0751749674479166,0.849609375,4.811197916666667,0.9983290731375016,0.0453742512230257,0.8474588868332603,0.2333430221547305,0.9938697318007664,0.0
new_q7_sigma24_L64_W0.84_r008,3a040f50dcc162ce11f7ce4eb8bbea899dea4500e37452aa9775d69247d60efe,64,0.84,0.961090087890625,0.0130513509114583,0.0433349609375,0.8352864583333334,2.7734375,0.9993120343158808,0.0413519287057516,0.4882345548241685,0.2432679977964056,0.9929851909586904,0.0
new_q7_sigma24_L64_W0.84_r009,e502c833960e2636c0e29a89d0691c50721e611bea0c0a5cd068726b3af0bc49,64,0.84,0.9745279947916666,0.0142822265625,0.051666259765625,0.9140625,3.306640625,0.9990511698863636,0.0484728853153281,0.9994145694733108,0.1258797649794358,0.9793447293447294,0.5314038196495373
new_q7_sigma24_L64_W0.84_r010,b44521741b9515ccd7144f7116ae11585fb28421eff3eeb0f139a2130d0fa5b5,64,0.84,0.9853312174479166,0.0125834147135416,0.037261962890625,0.8053385416666666,2.384765625,0.9987001461389484,0.0423449545318346,0.5339314911168664,0.1823072547671932,0.9927243330638642,0.0
new_q7_sigma24_L64_W0.84_r011,9eeac4412958aa6b188797fa03dc90a1ac2a47447a645c8ef9913be0e32f99c5,64,0.84,0.9845682779947916,0.0140177408854166,0.117828369140625,0.8971354166666666,7.541015625,0.9995296934408464,0.047182139256935,0.999876907776894,0.2190152725066092,0.9876632801161104,0.2730726064059397
new_q7_sigma24_L64_W0.84_r012,f15a1d473a7f4b9f07a7249bff0a4da7ad41a6ce7aa12f2035f1ed6d881ea2bc,64,0.84,0.98248291015625,0.0140279134114583,0.0482076009114583,0.8977864583333334,3.085286458333333,0.9998223810574168,0.0428913514868355,0.8365465022697325,0.1796930455606029,0.9883973894126178,0.0
new_q7_sigma24_L64_W0.84_r013,deb78040cfbad552c887b46fe4cbb19ffe822375506465728043683d74d3b41d,64,0.84,0.98321533203125,0.012359619140625,0.1883646647135416,0.791015625,12.055338541666666,0.9998054843919686,0.0383434679015823,0.9999131994750224,0.308900763810969,0.9901234567901236,0.165739590646433
new_q7_sigma24_L64_W0.84_r014,fd46975e83953c77f79fa22b030adb77c56c2f936a7c26b047188a460d49c91f,64,0.84,0.9818929036458334,0.0150349934895833,0.0367533365885416,0.9622395833333334,2.3522135416666665,0.9995016966125808,0.0504033141634966,0.999796810861794,0.105104473941235,0.969553450608931,0.7174093551065597
new_q7_sigma24_L64_W0.84_r015,2154ecdf5acf7285a3ee0452d25cd2a0db46acd140e3b23096d6eb11d391b3af,64,0.84,0.9808756510416666,0.0137837727864583,0.13421630859375,0.8821614583333334,8.58984375,0.9978070085721306,0.0525429484148211,0.9998688477011296,0.2079135646951009,0.9771217712177122,0.2331362740639684
new_q7_sigma24_L64_W0.84_r016,308afe534c5ce1690b144b9172346b50d60ddbffc63d14a784d25b6fd15f8aa3,64,0.84,0.98687744140625,0.0139058430989583,0.0382792154947916,0.8899739583333334,2.4498697916666665,0.9983727524505916,0.0396933185886096,0.998549301315566,0.0970795985577845,0.9831748354059984,0.7071485516874834
new_q7_sigma24_L64_W0.84_r017,55e46f727289b8cea7e05384661c38cd80242323cc47326a6a4d566b434f8fb9,64,0.84,0.9803263346354166,0.01385498046875,0.144927978515625,0.88671875,9.275390625,0.9989695910268552,0.0440164079811294,0.9998823116728308,0.2094393143251552,0.9816446402349486,0.2180809995086685
new_q7_sigma24_L64_W0.84_r018,75db0d3a732c94330634ad2ab6363dacb2195155d3ccb326e865aea3a647fc3e,64,0.84,0.9870096842447916,0.015899658203125,0.0486958821614583,1.017578125,3.116536458333333,0.9998771013155888,0.05224541808304,0.9999923402314502,0.1113157667964532,0.9756877799104288,0.5600584917484854
new_q7_sigma24_L64_W0.84_r019,49b4a0a41426090ff63a33dc0630bd177fa10a9fbdca20e413d19575c5e4fc4f,64,0.84,0.9875081380208334,0.013031005859375,0.0561930338541666,0.833984375,3.5963541666666665,0.9993112465255866,0.0455939681613728,0.7023836036863804,0.2520890671976499,0.9875097580015612,0.0
new_q7_sigma24_L64_W0.84_r020,68f25565da051275cb44dd13526fd223a273de214e5552c8976e12f659f13eb4,64,0.84,0.98394775390625,0.0141398111979166,0.040618896484375,0.9049479166666666,2.599609375,0.997792985055592,0.046823403708161,0.9991863775877255,0.1183144469799247,0.9906474820143883,0.6413724017029803
new_q7_sigma24_L64_W0.84_r021,dc7861849ac0c13ad9cc2131cb5ceeed0b4c8bf18f98f069bde9099e53239128,64,0.84,0.986907958984375,0.0129597981770833,0.0251261393229166,0.8294270833333334,1.6080729166666667,0.9993311729848828,0.0474912972382949,0.9995387579015074,0.0589190624568645,0.9858712715855572,0.8858299595141701
new_q7_sigma24_L64_W0.84_r022,02b3ee90dc8a3b1c16f64718e6ebf1629abd2711a6c4b11fb56596ed5e2ea0ba,64,0.84,0.9814961751302084,0.0145263671875,0.0561319986979166,0.9296875,3.5924479166666665,0.9993442645834952,0.0411691261994314,0.9997495518743594,0.1181952813171122,0.9754901960784312,0.5163102573396158
new_q7_sigma24_L64_W0.84_r023,831293f39dec7455508f2a004513d116b2981e395fefd531468ed461cee91f2b,64,0.84,0.9848734537760416,0.0151774088541666,0.0788675944010416,0.9713541666666666,5.047526041666667,0.9995052395829916,0.0582714809394034,0.8396038895291551,0.2581079034196885,0.9792225201072386,0.0
new_q7_sigma24_L64_W0.84_r024,884fbd16142e00c5ba77feceaf0c0e426392bdac593675a646ab0bf6f208d771,64,0.84,0.983795166015625,0.0127461751302083,0.0322469075520833,0.8157552083333334,2.063802083333333,0.9980969790970148,0.0410800056406757,0.9999525182510124,0.0803199107820628,0.997605746209098,0.7817034700315457
new_q7_sigma24_L64_W0.86_r001,3b07f620fe835ec295e35881d20d6ca74b5024e8a71bebaa157e4a6464a5aa53,64,0.86,0.9843343098958334,0.01483154296875,0.1279703776041666,0.94921875,8.190104166666666,0.9990441000329526,0.0477715697332552,0.9996899189565392,0.2684706277562114,0.99039780521262,0.0
new_q7_sigma24_L64_W0.86_r002,62c54b5b515b8b6bb0d81edf37b9cdedbd52cd6457b5ee030b6190004fc76588,64,0.86,0.9844258626302084,0.014373779296875,0.10089111328125,0.919921875,6.45703125,0.9991311183645428,0.0546231128276508,0.9998171548541546,0.158337936903955,0.9667374380750176,0.3038919136922767
new_q7_sigma24_L64_W0.86_r003,0478a91e8b8e623486f561ef2438aef7b729beca3083872242a1bf5963d91e6a,64,0.86,0.9871826171875,0.01470947265625,0.111663818359375,0.94140625,7.146484375,0.9988325609491044,0.0458912663006957,0.9995395526210826,0.2926320124355571,0.9723374827109268,0.0
new_q7_sigma24_L64_W0.86_r004,a5b261b25a12bfc6575127b8c4f7cb9996ac2daa3d8ccf4410c87d88b80eac32,64,0.86,0.9868367513020834,0.014190673828125,0.2809041341145833,0.908203125,17.977864583333332,0.9993881884403704,0.0407910288995724,0.9999374260184856,0.3938186322237849,0.9878136200716846,0.0
new_q7_sigma24_L64_W0.86_r005,a3aa8a6dc23e83bb4619377e64df73e73e740f18ed5b3db51413386da624f28a,64,0.86,0.9853719075520834,0.0172220865885416,0.3430582682291667,1.1022135416666667,21.955729166666668,0.9973043824236985,0.0491423190632988,0.9999362220610516,0.4062115812751083,0.9621972829297104,0.0908848297948048
new_q7_sigma24_L64_W0.86_r006,57c862360a269121830b40aec6eaa94b7912df48418845dd0368a177c2faf112,64,0.86,0.98248291015625,0.0137532552083333,0.2871805826822917,0.8802083333333334,18.379557291666668,0.998926076390646,0.0515547575713545,0.9998323444416364,0.4508463527970962,0.9829881656804734,0.0
new_q7_sigma24_L64_W0.86_r007,3479cff0d34dd588217e7de659735c84d24c4bec095522c90f414be9e585ddf7,64,0.86,0.9888916015625,0.0162760416666666,0.122772216796875,1.0416666666666667,7.857421875,0.997194806312533,0.0514336564817727,0.9997401571354886,0.1892070834907473,0.9725,0.2627392493164305
new_q7_sigma24_L64_W0.86_r008,68ab1f7e23e3f4ee78956af36e814f018fed5ad4e5e3a915632cc03195c6631c,64,0.86,0.9865824381510416,0.015625,0.2494710286458333,1.0,15.966145833333334,0.9997941624076052,0.0506445165670186,0.999891545601402,0.4239589351144733,0.9733072916666666,0.0
new_q7_sigma24_L64_W0.86_r009,a639e3cca1b1a6768f05700a723fa8710c887b7b68b3ec828f2a5b529c595cf8,64,0.86,0.9871419270833334,0.0167032877604166,0.0705769856770833,1.0690104166666667,4.516927083333333,0.9992342664190984,0.0677703610747261,0.9997594617299655,0.2273157014104281,0.9445797807551766,0.0
new_q7_sigma24_L64_W0.86_r010,bf407682b7340dce8b607cc958658f5cc47fe5733edbee0d47767c8251c73e90,64,0.86,0.983917236328125,0.013458251953125,0.1414998372395833,0.861328125,9.055989583333334,0.99896595794174,0.0382386479536726,0.9990280678306138,0.2884389917318343,0.9939531368102796,0.0
new_q7_sigma24_L64_W0.86_r011,a5bc820c520f3d51f826d62e6184910030e5920e25e2a0b5f36decf24ea1f262,64,0.86,0.9852193196614584,0.014678955078125,0.2980550130208333,0.939453125,19.07552083333333,0.999295486399752,0.0455047985337532,0.9999263190921788,0.4559774418772493,0.9805959805959806,0.0
new_q7_sigma24_L64_W0.86_r012,71093e034dfb07726835cfde60aa7cb07299533cbb436597f26b8238e4254653,64,0.86,0.9871419270833334,0.0160013834635416,0.0667928059895833,1.0240885416666667,4.274739583333333,0.9992177629636,0.0491115057262117,0.9203919124989544,0.1733627665508664,0.9682136045772408,0.0
new_q7_sigma24_L64_W0.86_r013,138f2d4e7f7889c7555a788aa223762fe41d69a8223c6dab7db62d2ba5d302e6,64,0.86,0.9849751790364584,0.0156962076822916,0.228973388671875,1.0045572916666667,14.654296875,0.9992505532791824,0.052457891769047,0.9999630504934384,0.3359452908959598,0.9773169151004536,0.1339908481052023
new_q7_sigma24_L64_W0.86_r014,4707a4c5915820ae9a24f35b778a2df3cf319ec41878a87ce8b37de64ee2bad8,64,0.86,0.9847615559895834,0.0138448079427083,0.088531494140625,0.8860677083333334,5.666015625,0.9995688967178924,0.0482164335737508,0.7552898899681718,0.2477369144133677,0.9801616458486409,0.0
new_q7_sigma24_L64_W0.86_r015,a7c709b88e23602effa1a0582de6208142c78683e71e6fb2f53033d9c61f7380,64,0.86,0.9862772623697916,0.015350341796875,0.0897623697916666,0.982421875,5.744791666666667,0.9987170613450064,0.0432430418650532,0.9995632134344457,0.1479878402869969,0.9761431411530817,0.3499546690843155
new_q7_sigma24_L64_W0.86_r016,e0c62546c1491d09dcc3f03c4ca1a9a675d724254fe2ae517831b33376376711,64,0.86,0.986236572265625,0.0142618815104166,0.259765625,0.9127604166666666,16.625,0.9986812989463008,0.0527485101812367,0.9999474455506794,0.3464735318952401,0.9750356633380884,0.1237468671679198
new_q7_sigma24_L64_W0.86_r017,ac2e29be69ee0e414e8a1c617d645fae48a8f0b7b255f1746d7bc2bde635fb4f,64,0.86,0.9875996907552084,0.014617919921875,0.1742451985677083,0.935546875,11.151692708333334,0.9982481884691936,0.0421756739413848,0.9999214872044208,0.2400616130927537,0.9944328462073764,0.18086286414852
new_q7_sigma24_L64_W0.86_r018,8e1ac8fb355dc17c4dab1d09f68a50ff2b60b82df99d1cd50e8a0b844a6a40ca,64,0.86,0.9876607259114584,0.014007568359375,0.194427490234375,0.896484375,12.443359375,0.999599904284412,0.0517364135900212,0.9999211731957972,0.3279088293837447,0.9847494553376906,0.0
new_q7_sigma24_L64_W0.86_r019,fad2ef39a87d85dff0bf63c552288c92302980fc11949e130aec62a1b14a0533,64,0.86,0.9888509114583334,0.01251220703125,0.1483662923177083,0.80078125,9.495442708333334,0.999867463851078,0.0406372551813007,0.999867463851078,0.2515287031521976,0.9845528455284552,0.1985601645526225
new_q7_sigma24_L64_W0.86_r020,16e6fbcc67f03d15817f5fa5fcd9112ab0324b9a9c1fe71a6b1e0bc78e1abd82,64,0.86,0.9875081380208334,0.014251708984375,0.239044189453125,0.912109375,15.298828125,0.998059126416551,0.0486680355291943,0.9999685748142694,0.3960099645096393,0.9828693790149892,0.0
new_q7_sigma24_L64_W0.86_r021,2dc5034db16f639fa78b3209707ae9ad61f7efa73a4a5a182ce43bd99192c19c,64,0.86,0.982940673828125,0.0130208333333333,0.181121826171875,0.8333333333333334,11.591796875,0.9983757812411728,0.0340607189087003,0.999769796496518,0.2874805437970057,0.99375,0.1719741645605167
new_q7_sigma24_L64_W0.86_r022,307ef0e4bc6949ad7b888c37656e54f67c0292776c59011e38c809b9a95a45ec,64,0.86,0.9854634602864584,0.01513671875,0.0839131673177083,0.96875,5.370442708333333,0.9978823239082578,0.0521536047493509,0.5689686034748224,0.3258158902222242,0.9831989247311828,0.0
new_q7_sigma24_L64_W0.86_r023,7858813b0ee9e1fd51ac0c7db4d4334cca37756b3d21e172e26bbf5b5bf1ffef,64,0.86,0.9886881510416666,0.014434814453125,0.0916035970052083,0.923828125,5.862630208333333,0.9997550974759352,0.0544838662051211,0.7805588166425803,0.2911317493783184,0.9809725158562368,0.0
new_q7_sigma24_L64_W0.86_r024,e44c3286c0ae28b502b22a3e05ee64916a8bd433d5147617e25bbfe369a953ff,64,0.86,0.98699951171875,0.0150858561197916,0.2435201009114583,0.9654947916666666,15.585286458333334,0.9996038464060714,0.0503647653747244,0.9997893136871324,0.4197244213368143,0.9763991908294,0.0
new_q7_sigma24_L64_W0.88_r001,f95e4450d9ae44c56d5f78f0f83f6007137d3c2314a6bdbf4c34cee95392466a,64,0.88,0.988525390625,0.013336181640625,0.1720377604166666,0.853515625,11.010416666666666,0.9985640690539872,0.0392667066096916,0.99965645371123,0.2415685530858398,0.9916094584286804,0.1826513718070009
new_q7_sigma24_L64_W0.88_r002,4398f10d5fb788515ef734fd429ee9ffa7d5e4ec67f8d28e725602ab4d40d2c5,64,0.88,0.9847513834635416,0.014892578125,0.5173543294270834,0.953125,33.110677083333336,0.9985658893095448,0.0497327219029154,0.9999806329230096,0.5786692041103322,0.980191256830601,0.0597939360572574
new_q7_sigma24_L64_W0.88_r003,99a0e0807ebd059688e5c9a4dc6f3a2309a448162f5111df0b9225e07c9d93b3,64,0.88,0.9875691731770834,0.0165506998697916,0.1959940592447916,1.0592447916666667,12.543619791666666,0.9997105547124332,0.0495198754196691,0.9999266780643328,0.4623132111864514,0.9643515673017824,0.0001557066486738
new_q7_sigma24_L64_W0.88_r004,9aff70b5b4002255b1241d04aa400aa785b79db9b1a22c900697bbe42ed5fa7a,64,0.88,0.9906005859375,0.0153401692708333,0.4592997233072917,0.9817708333333334,29.395182291666668,0.9994617046002418,0.0496900510668147,0.9999735807096322,0.652569059889012,0.9794429708222812,0.0
new_q7_sigma24_L64_W0.88_r005,7433794b5bb3b696ebb842f4c48b6e1b949221816947ad290306e6fea84cba76,64,0.88,0.988525390625,0.0151875813802083,0.4985860188802083,0.9720052083333334,31.90950520833333,0.998611421078405,0.0468617110844244,0.9999446135390876,0.6093755708450159,0.9752176825184192,0.0625548323914063
new_q7_sigma24_L64_W0.88_r006,cb670e8d80326fe8b94398a43b63c3d9b98fbabceda2854437d9de04f88456da,64,0.88,0.9865315755208334,0.01397705078125,0.2391459147135416,0.89453125,15.305338541666666,0.9991274205548932,0.0485246618869037,0.999934818154906,0.4097259669005504,0.9767103347889374,0.0
new_q7_sigma24_L64_W0.88_r007,d8ca00f419c0d445558dbf5064f694d64fb84a5bf56567a461856b25beb5ccec,64,0.88,0.985931396484375,0.0159912109375,0.9501241048177084,1.0234375,60.807942708333336,0.9994271722359416,0.0456426829352876,0.9999710443394568,0.9985690906042892,0.9802798982188295,0.0335435380777507
new_q7_sigma24_L64_W0.88_r008,af560e3913ba4f7f7fa4ce58570a3a6693dd25222445bd35861b3aaaf8b693ee,64,0.88,0.9892069498697916,0.0157470703125,0.96771240234375,1.0078125,61.93359375,0.999370585759744,0.0463466089284564,0.999992122281998,0.9999552229826788,0.9806201550387597,0.032481866918953
new_q7_sigma24_L64_W0.88_r009,a900fdb66d23afd990655d6d129a8417f543f15b39b8109e39eca2d3d135bbe8,64,0.88,0.98577880859375,0.0134379069010416,0.275787353515625,0.8600260416666666,17.650390625,0.9996487117296344,0.0412212226558875,0.999984762662698,0.3576194065962655,0.996214988644966,0.1134594813913171
new_q7_sigma24_L64_W0.88_r010,b8fd0ef84a1951a1283f791e4d6f0efd2bdc1ec9d61a8c96cd2d9f84f4b818d1,64,0.88,0.988037109375,0.015289306640625,0.449462890625,0.978515625,28.765625,0.9987561201195608,0.0643518364651929,0.9999787580078198,0.6814029396924688,0.9693945442448436,0.0
new_q7_sigma24_L64_W0.88_r011,1fd13c7afd79a902d1a39e8ab8d7c8ac959f34e99c4394183ccb531942bc50cb,64,0.88,0.9860941569010416,0.0163472493489583,0.5641377766927084,1.0462239583333333,36.104817708333336,0.9992590116619884,0.0478250354145869,0.9999840197846804,0.6981547133983974,0.9719975108898568,0.0
new_q7_sigma24_L64_W0.88_r012,ef0ad16e84b9c2f4791235315a2e29befeb6f56abbb024342dea7dd35f69453a,64,0.88,0.9858500162760416,0.0189005533854166,0.23724365234375,1.2096354166666667,15.18359375,0.998842897699443,0.07044265036908,0.9999087028133878,0.3246104617874742,0.876210979547901,0.1309493182402881
new_q7_sigma24_L64_W0.88_r013,a6782647c402a6137a183e66000c4fdfcb659849792039a1f844e2270139ae50,64,0.88,0.9887593587239584,0.0158894856770833,0.4610799153645833,1.0169270833333333,29.50911458333333,0.9991669682613056,0.0569453355866986,0.999920217280616,0.5199903402122418,0.9807938540332908,0.0682610422274191
new_q7_sigma24_L64_W0.88_r014,dc4161d87c0841c85c0f30bdcb70f95172bd747fb6a44ce7b3880890cc88a1db,64,0.88,0.9878743489583334,0.01788330078125,0.3971354166666667,1.14453125,25.416666666666668,0.9996527717366755,0.0553973392498148,0.9999729478103926,0.5557712296212208,0.9607508532423208,0.0
new_q7_sigma24_L64_W0.88_r015,ef810849202995ab867a97d2d403df9537b2607547069614ece95562b2c3cd2b,64,0.88,0.9845682779947916,0.0195515950520833,0.5473225911458334,1.2513020833333333,35.028645833333336,0.9988507323536332,0.1059517765262427,0.9999377586657106,0.6773958104393286,0.8662851196670135,0.0
new_q7_sigma24_L64_W0.88_r016,680dab4a8af59c437b4f040ddaedf9be128018393c45ef900550f638db8a8c26,64,0.88,0.9879150390625,0.0161844889322916,0.3306681315104167,1.0358072916666667,21.162760416666668,0.9996654497010294,0.0481547714919697,0.999974569864966,0.4715443462908144,0.9698302954116907,0.0
new_q7_sigma24_L64_W0.88_r017,cce61237a82b6233794fed1d902dbb907a158b93e0188c1100e2d9316ac408b9,64,0.88,0.989105224609375,0.0144755045572916,0.2403666178385416,0.9264322916666666,15.383463541666666,0.9990196940384942,0.0448543649889986,0.9997945926662944,0.336368249009105,0.977512297962052,0.1268779889119302
new_q7_sigma24_L64_W0.88_r018,b638bcc3fafc5f2991b66e1619f6ad0b8034b87590475f3e7ccf4414cc4b43bc,64,0.88,0.9873046875,0.0181681315104166,0.3979390462239583,1.1627604166666667,25.46809895833333,0.998921615093198,0.0713271315343294,0.99983092911325,0.5477122816043538,0.91993281075028,0.0
new_q7_sigma24_L64_W0.88_r019,b6957bf4df015b5c4f58ac7abd9235c0566a0003a462524c6d76b0250166195f,64,0.88,0.98919677734375,0.01837158203125,0.4817911783854167,1.17578125,30.834635416666668,0.9989858331025656,0.0766832567208566,0.9999813597005012,0.6285197970210891,0.9241417497231452,0.0
new_q7_sigma24_L64_W0.88_r020,0e245c79925ac96daf83b17661d9b30eef5cb9630a957eba1b051ab7582e0dbb,64,0.88,0.9876810709635416,0.0147196451822916,0.3514200846354167,0.9420572916666666,22.490885416666668,0.9997679480953988,0.0450176800617082,0.9999690059291942,0.4802283212050086,0.9910158949550796,0.0900248943437735
new_q7_sigma24_L64_W0.88_r021,2aa447fb0cb48f76eaf0604a2a8d9584bd9e4072f65835aaabea8f4ac132025d,64,0.88,0.9867350260416666,0.0147806803385416,0.5067240397135416,0.9459635416666666,32.430338541666664,0.9979097480911484,0.0483768423924684,0.9999104178577632,0.6740342208777018,0.9683413626978664,0.0
new_q7_sigma24_L64_W0.88_r022,3bbd35597f7c65ca1c1294c746a3e3e3010363ff50e46a1d20cbf3a8fecd1233,64,0.88,0.9854736328125,0.0218607584635416,0.311920166015625,1.3990885416666667,19.962890625,0.9989130006598772,0.0958306112747614,0.9999302330979396,0.4201831665625807,0.8478362028850628,0.1007403059061409
new_q7_sigma24_L64_W0.88_r023,0fdd89e5f1999fbbab0082d1930a067be37126ffab1543abd89fcd07a0545a4a,64,0.88,0.9868570963541666,0.016143798828125,0.24432373046875,1.033203125,15.63671875,0.9987413342073456,0.0565813591824678,0.999908266311928,0.4399902755609881,0.9640831758034026,0.0
new_q7_sigma24_L64_W0.88_r024,a9b069cec3817c83d4edf812518b84d832b8054f863f3055fc9951073a8bc48d,64,0.88,0.9886576334635416,0.0167439778645833,0.7425435384114584,1.0716145833333333,47.522786458333336,0.999453466995478,0.0505255796961702,0.9999716024515716,0.8060189640861946,0.9623329283110572,0.041811082950887
gaussian_iid_L64_q7_W0.9_r4,032cd64632fb5f4dc793232ab487fa8f779407b63f6df6871d9070dc0137b17d,64,0.9,0.9875691731770834,0.0144755045572916,0.959014892578125,0.9264322916666666,61.376953125,0.9998147994156,0.0467302069569475,0.9999812724393492,0.9997349134968446,0.977512297962052,0.0323839830283744
gaussian_iid_L64_q7_W0.9_r7,ea705d9ea956078c8c6381f224ae8b9a8755f96e10d3e35c9f9a05d6a5d2615b,64,0.9,0.9906107584635416,0.0163675944010416,0.6390889485677084,1.0475260416666667,40.901692708333336,0.9994541431246642,0.0782715186418957,0.9999498931436674,0.7194933675024668,0.9266625233064016,0.0494070831675288
new_q7_sigma24_L64_W0.9_r001,8c48b06217c4e3a3cce8524140ff874bfad3a9f550fee18f9f4dbfb77fd06b31,64,0.9,0.99114990234375,0.0164794921875,0.9543355305989584,1.0546875,61.077473958333336,0.9996142295550644,0.0530356382869406,0.9999962598717672,0.99981918655182,0.9648148148148148,0.0321803549538986
new_q7_sigma24_L64_W0.9_r002,0d190124310b626e4b007af3af5574946ad6bdc9af7a132fb9cf1f9cd42f1fd7,64,0.9,0.9864705403645834,0.0211690266927083,0.52374267578125,1.3548177083333333,33.51953125,0.9994481066401788,0.0619683676164676,0.999972808761822,0.5753892120913477,0.920230658337338,0.0600940061375908
new_q7_sigma24_L64_W0.9_r003,eb062bf4ec897a45b825c9783dca440ee72422617d5c03889da3c9eae4bfd183,64,0.9,0.9903666178385416,0.0146993001302083,0.9686482747395834,0.9407552083333334,61.993489583333336,0.9971007579838318,0.0437576854330862,0.999997010128017,0.9999138736727116,0.9833910034602076,0.0321774379870198
new_q7_sigma24_L64_W0.9_r004,6460c38a3b0c166fda2aac7b90c548fa2cdf0ef6eb49ca7b797b0e697e9bbd40,64,0.9,0.99053955078125,0.0166727701822916,0.9467976888020834,1.0670572916666667,60.595052083333336,0.999849254839166,0.0550916738264789,0.999989048422822,0.999752583142276,0.9591214154972544,0.0331241807593957
new_q7_sigma24_L64_W0.9_r005,b2c41779aeb0fcd3896801cf7822c62fc657df3aed3bea1a44ccf5a9cbeb341e,64,0.9,0.9902852376302084,0.0173543294270833,0.9016316731770834,1.1106770833333333,57.704427083333336,0.999468367583868,0.0493773803904801,0.9999704397657764,0.9997755966590194,0.9601406799531068,0.0347045151973283
new_q7_sigma24_L64_W0.9_r006,25a535a7b7565fb909937279db1220259c6923d7e65705855e956a75307fa77e,64,0.9,0.9895121256510416,0.0147298177083333,0.956451416015625,0.9427083333333334,61.212890625,0.9994452590401832,0.0426429313895663,0.999932849675368,0.9998945653594492,0.9875690607734806,0.0317156440445422
new_q7_sigma24_L64_W0.9_r007,78aa438b1341871db2ee3e4ae8ba8f02cb0ebd62a84328ef6b75d435f89aea06,64,0.9,0.9903666178385416,0.0148824055989583,0.9246114095052084,0.9524739583333334,59.175130208333336,0.9995267673623928,0.042923981026707,0.9999931727335843,0.9997770938307194,0.9801777170198224,0.0329288284026272
new_q7_sigma24_L64_W0.9_r008,d22457c58dc02774427cf8e0ae7d7c536f17bb3fa3b36d685f5a5825012d9fbd,64,0.9,0.99188232421875,0.015380859375,0.621612548828125,0.984375,39.783203125,0.9987705625867356,0.049731563298646,0.9999653031487824,0.708281284909284,0.9788359788359788,0.0
new_q7_sigma24_L64_W0.9_r009,3b4f69666d0f65bd5a93d855a98145c8a8a4bc16dd2f92fb157941435545eba1,64,0.9,0.9865315755208334,0.0173848470052083,0.6198221842447916,1.1126302083333333,39.66861979166666,0.9986180721820356,0.0507917900123106,0.9999532597307116,0.6771778193573378,0.9526038619075484,0.0499745613891122
new_q7_sigma24_L64_W0.9_r010,6526d488c0717293240a3e7c60d97b6bd7a717c02ae80fbeb5a61fecf7269d2c,64,0.9,0.989288330078125,0.0157470703125,0.9608561197916666,1.0078125,61.49479166666666,0.9997795352853488,0.0526973789223832,0.9999915145454144,0.9999911817090112,0.9670542635658916,0.031993732531549
new_q7_sigma24_L64_W0.9_r011,6e25954f0af23bb4f655e70b4e1dd6e5851fd5a85d9b10ac2042718af320d2df,64,0.9,0.9903666178385416,0.015625,0.7492574055989584,1.0,47.952473958333336,0.996223165927436,0.055825134833209,0.9999655891045328,0.803730375074892,0.9680989583333334,0.0409476613943384
new_q7_sigma24_L64_W0.9_r012,36b9407cfaedd3bc5ee595a95ee8b2edc250dc67e72990bb0346d79182c024bb,64,0.9,0.989837646484375,0.0152994791666666,0.9646097819010416,0.9791666666666666,61.73502604166666,0.9990101837779116,0.0471016273196964,0.9999733997150376,0.999872243772181,0.9714095744680852,0.0324281571315581
new_q7_sigma24_L64_W0.9_r013,9ee701ccb52e57a853579db42e90fc6c91900f09e2ec2c559b039e848b6ee35b,64,0.9,0.9899495442708334,0.0208638509114583,0.9595540364583334,1.3352864583333333,61.411458333333336,0.999307333543193,0.0943854612151081,0.9999699434403068,0.9999008518307496,0.8361774744027304,0.0312632516326011
new_q7_sigma24_L64_W0.9_r014,be94c60d7dd9be08fd574972a2a90e0ba4da7a2f7244dc125ded253b9f6b95f3,64,0.9,0.988861083984375,0.0173543294270833,0.9679972330729166,1.1106770833333333,61.95182291666666,0.9979106300784684,0.0550254878133027,0.9999944930133676,0.9998571755606734,0.9730363423212192,0.0323356943189222
new_q7_sigma24_L64_W0.9_r015,9fb612d55e7e9e1bf7aac06f971c7441677d967c4a7461841914a093147ed742,64,0.9,0.9907328287760416,0.01702880859375,0.9483133951822916,1.08984375,60.69205729166666,0.9964765328407356,0.0704375453331228,0.9999732569870592,0.9998391059425754,0.959378733572282,0.0321808995634124
new_q7_sigma24_L64_W0.9_r016,8617dec4c1dae9625204b3b8abe8df71edbd74e69f600c3b331668aa06a2c036,64,0.9,0.9896748860677084,0.018707275390625,0.96417236328125,1.197265625,61.70703125,0.9994371526346254,0.0755534041728134,0.999986898995932,0.9999709765031488,0.9265905383360522,0.0322002067903188
new_q7_sigma24_L64_W0.9_r017,bb6717dcd1f770ca94a35504e347a64ce3ea466b2cbc1970e2ec8dbe6d63e21e,64,0.9,0.9890340169270834,0.0186055501302083,0.963165283203125,1.1907552083333333,61.642578125,0.9993729313630638,0.051789652586584,0.9999590083784206,0.99961421007603,0.9557135046473484,0.0326668990209435
new_q7_sigma24_L64_W0.9_r018,4bb63ef61997cc3ed90155d39c3a2bb06b19b926b60f5b69687c7062b14930af,64,0.9,0.9909159342447916,0.016510009765625,0.9673360188802084,1.056640625,61.909505208333336,0.99906880052091,0.0582369452885472,0.9999949132009344,0.9999502165081302,0.9636475662353666,0.0330834025638059
new_q7_sigma24_L64_W0.9_r019,3e596b8517699a0b14fd7cf66539b33d508a8fa7e109c092bfd6057c5b41e73a,64,0.9,0.990753173828125,0.0148518880208333,0.96600341796875,0.9505208333333334,61.82421875,0.9995930430754344,0.0414375997820667,0.9999910224234028,0.9998400137476644,0.9856164383561644,0.0314546871380131
new_q7_sigma24_L64_W0.9_r020,1594c9d4fbac88d300c0195e0b88735c1df3e9807ca5620f2b43931681eb676f,64,0.9,0.9845682779947916,0.0151468912760416,0.9597066243489584,0.9694010416666666,61.421223958333336,0.9992441154814844,0.0563285385216862,0.999990877728444,0.9998060163890528,0.9637340496977838,0.0317670627391539
new_q7_sigma24_L64_W0.9_r021,d64e18b5beed562aa6119b8f1446539d67f30ceb4cdb8d1bc2c79afd97f46107,64,0.9,0.9876912434895834,0.0160115559895833,0.2788492838541667,1.0247395833333333,17.846354166666668,0.9996860808418364,0.0591707604160565,0.9999683526157864,0.3854078936635514,0.957433290978399,0.0
new_q7_sigma24_L64_W0.9_r022,1e3942a6c64c4b9a6c3dc3c76bc5bf31225188dd36985bfcc9af221270ec23de,64,0.9,0.9892679850260416,0.01861572265625,0.960235595703125,1.19140625,61.455078125,0.9997744179183904,0.0599594770718269,0.9999866838526978,0.9999148847597082,0.9497267759562842,0.0321627204830764
gaussian_iid_L128_q7_W0.7975_r0,395ceb965bb84a9dadd1d9728558d10c5d63dfdfbfc5b64801dcecafaaba4af0,128,0.7975,0.2765553792317708,0.0059407552083333,0.0138092041015625,0.7604166666666666,1.767578125,0.9997208933780498,0.0193619617340822,0.9999809249216118,0.0509083968896358,0.9961472602739726,0.7869244935543278
gaussian_iid_L128_q7_W0.7975_r1,a362dc4bc6ca10b867018cfc38a028bb9fe65412f6819b10f98875c4936d46a3,128,0.7975,0.2582956949869792,0.0059153238932291,0.0094833374023437,0.7571614583333334,1.2138671875,0.9989015438975156,0.0229218755563054,0.9997001003888002,0.0392886106174683,0.9931212381771282,0.8964869938321266
gaussian_iid_L128_q7_W0.7975_r10,eef48a11cbc88737b829fb8ba0f609b5c006d276e14a1bfbcf6544e6e0a70f6c,128,0.7975,0.3570531209309895,0.0060831705729166,0.0111338297526041,0.7786458333333334,1.4251302083333333,0.9999303775991072,0.0212630970802258,0.9999303775991072,0.0354365703655976,0.9924749163879598,0.8944723618090452
gaussian_iid_L128_q7_W0.7975_r11,4166a4704850343624e6b63f6b494f3df1c5fc0928e48b6e14abb805a7d1b70c,128,0.7975,0.8247604370117188,0.0057423909505208,0.0104777018229166,0.7350260416666666,1.3411458333333333,0.9996989922705436,0.0222691445360631,0.9996989922705436,0.0416824906920851,0.991585473870682,0.8987864077669903
gaussian_iid_L128_q7_W0.7975_r12,00a752c2fe979b66a45414de59935e151441309c7b3bb1e567325b87de1fcc9b,128,0.7975,0.5616607666015625,0.0069147745768229,0.0118255615234375,0.8850911458333334,1.513671875,0.9995315685590028,0.0264948923743542,0.9995315685590028,0.0461676053848342,0.9841853622655388,0.8309677419354838
gaussian_iid_L128_q7_W0.7975_r13,6ba035ad419b5b598edfbc86a59593721e4c0c099fc81decc0245479e2f145c0,128,0.7975,0.7869110107421875,0.0063730875651041,0.0192718505859375,0.8157552083333334,2.466796875,0.9997802072208684,0.0279660424470195,0.9999484897099672,0.0683709717369452,0.9884277733439744,0.6316970176827659
gaussian_iid_L128_q7_W0.7975_r14,a4fa9260eb2d07e056e8a505b67a48e26e63aa6c58cd48825d6589d95f5180e9,128,0.7975,0.4357020060221354,0.0062230428059895,0.010724385579427,0.7965494791666666,1.3727213541666667,0.9997820202120996,0.0243125970875111,0.9997820202120996,0.0421307838347458,0.9877400899060074,0.8857007351197533
gaussian_iid_L128_q7_W0.7975_r15,f2f123d389f282b49328825efa661cfc3482f03c587cd2d05b2435db2efd9fba,128,0.7975,0.2920608520507812,0.0060323079427083,0.0091629028320312,0.7721354166666666,1.1728515625,0.999580979707198,0.0188241017597681,0.999580979707198,0.0350135027911132,0.9949409780775716,0.9372744934776576
gaussian_iid_L128_q7_W0.7975_r16,73843052699d37f2f6cd838243136005325d8393ac06de0239ab6ccc8331b34c,128,0.7975,0.2803395589192708,0.0062230428059895,0.0107065836588541,0.7965494791666666,1.3704427083333333,0.9996873907875464,0.0196442226661406,0.9999423249016792,0.0453534522019142,0.991826726604005,0.9030878859857482
gaussian_iid_L128_q7_W0.7975_r17,4d71d3d8c768fa0009894ec719aa3973899dbc75ac2e03e5f98d1d7e80c91c5d,128,0.7975,0.2824910481770833,0.0057957967122395,0.010327657063802,0.7418619791666666,1.3219401041666667,0.999901232730139,0.0269613735968431,0.999901232730139,0.0412938747901633,0.9951733216322948,0.901502093080522
gaussian_iid_L128_q7_W0.7975_r18,f24debd4d3b4351ab185caeb003f88bf4dbcea86b3f44a81b6cd435cb181ae86,128,0.7975,0.280896504720052,0.0063145955403645,0.0102996826171875,0.8082682291666666,1.318359375,0.9985832192223472,0.0233335943694972,0.9992276142870712,0.0344264050968353,0.9943616592831253,0.9079012345679012
gaussian_iid_L128_q7_W0.7975_r19,53439d09b9fc3d613bd39c7a2b5a2e740403f4e318fbdee530a629227fe4011e,128,0.7975,0.633453369140625,0.0066019694010416,0.0125350952148437,0.8450520833333334,1.6044921875,0.9997492930097958,0.0252094172907002,0.9998314150673678,0.0448306337705344,0.9826656394453004,0.837492391965916
gaussian_iid_L128_q7_W0.7975_r2,a16d4cea61aa9b849986dae0611fc168d011614a76a79a9cd2497fd7a6de8071,128,0.7975,0.2697168986002604,0.0060170491536458,0.0096308390299479,0.7701822916666666,1.2327473958333333,0.9981898651683696,0.018813874712691,0.9989078654056016,0.0367577846845179,0.9957734573119188,0.9086348032743596
gaussian_iid_L128_q7_W0.7975_r20,e0e78a344a8657f3875cc8501435732834b4507f7a2e0233a25a2e4d8e9f5b0e,128,0.7975,0.1440226236979166,0.0061086018880208,0.0169423421223958,0.7819010416666666,2.1686197916666665,0.9999858777388686,0.0225353992572132,0.9999858777388686,0.055803668557654,0.992089925062448,0.7089462623836685
gaussian_iid_L128_q7_W0.7975_r21,509d2c67fda83750b75f7c68c503e410e2b57085253946a900b4330d5a43c1cf,128,0.7975,0.4423700968424479,0.0062281290690104,0.0110422770182291,0.7972005208333334,1.4134114583333333,0.9999464324400174,0.0215575230330918,0.9999464324400174,0.0465838998986138,0.9914250714577378,0.8802395209580839
gaussian_iid_L128_q7_W0.7975_r22,a2a751b79538c8faaebb9fc5104565d835e99d556147b40088bd9eee24cf2457,128,0.7975,0.5703150431315104,0.0060907999674479,0.0096893310546875,0.7796223958333334,1.240234375,0.9993745333200889,0.0217693140087466,0.9993745333200889,0.0426172925965532,0.998329853862213,0.9133858267716536
gaussian_iid_L128_q7_W0.7975_r23,fd669119333eb470de78191e716810699d35212c85b250f22b7991e8bac2f9d9,128,0.7975,0.1514307657877604,0.0063069661458333,0.011761983235677,0.8072916666666666,1.5055338541666667,0.9988393039579736,0.0226436202328328,0.9992072123922116,0.0559603581268337,0.9915322580645162,0.8114594594594594
gaussian_iid_L128_q7_W0.7975_r24,c62027f978286925584e7e46c33790f9bc3f8688b688ec476aff92ff9a604855,128,0.7975,0.53204345703125,0.0059814453125,0.0093129475911458,0.765625,1.1920572916666667,0.9995646394227228,0.0233524619321199,0.9995646394227228,0.0365868728532287,0.9944727891156464,0.9407427635172038
gaussian_iid_L128_q7_W0.7975_r25,aa17327ac213acb092223cd0d19360d74f5f048b11b05eeae083d053bc6df258,128,0.7975,0.5256093343098959,0.0066680908203125,0.010724385579427,0.853515625,1.3727213541666667,0.9995930305516804,0.0274449232158253,0.9995930305516804,0.0359302175706451,0.9893211289092296,0.9041972966563908
gaussian_iid_L128_q7_W0.7975_r26,cf40b0214fb4389941915cd3cebb11ef78fba2aa2324000a458e3fa9ad021515,128,0.7975,0.328033447265625,0.0058848063151041,0.0108261108398437,0.7532552083333334,1.3857421875,0.9998131099874736,0.0242668802011369,0.9999236134292844,0.0480700994897227,0.9948141745894556,0.8501291989664083
gaussian_iid_L128_q7_W0.7975_r27,ea752db7710217b6c39bb2339092dd23fa9299e3632e2d0ba4f6046a0e43614a,128,0.7975,0.2772674560546875,0.0062204996744791,0.0100377400716145,0.7962239583333334,1.2848307291666667,0.9987328934834472,0.018672464027412,0.9990047925114957,0.0415964847168566,0.9918233851185608,0.8872561439067647
gaussian_iid_L128_q7_W0.7975_r28,a7bffcd2209a968c2b888974803bfbcc7491511a8c0865b613f3c27803e155d5,128,0.7975,0.2130177815755208,0.0062230428059895,0.0098368326822916,0.7965494791666666,1.2591145833333333,0.9994954568827764,0.0300766936502853,0.9994954568827764,0.0351066839371343,0.9906007355946056,0.9195966907962771
gaussian_iid_L128_q7_W0.7975_r29,b04a27386cce7134daa47f07479d2b360d21f114f8bbf651f8af79afe652f98f,128,0.7975,0.3204269409179687,0.006390889485677,0.0120569864908854,0.8180338541666666,1.5432942708333333,0.9997976516923854,0.0198767203676444,0.9999355692470177,0.0510666947428382,0.993633107839236,0.815861632566969
gaussian_iid_L128_q7_W0.7975_r3,6b7ae1e49347590bbe30cb9648319abb93f5fef1eed9f75b243263910d78d363,128,0.7975,0.1662775675455729,0.0061848958333333,0.0092875162760416,0.7916666666666666,1.1888020833333333,0.9998522804464834,0.0242071789748721,0.9999077011359548,0.0355278417278562,0.9925986842105264,0.9515334063526836
gaussian_iid_L128_q7_W0.7975_r30,691a67f8e6070e7916a6d762baae549f70bf2455fd393f4fb1ce4c9096367c27,128,0.7975,0.4340591430664062,0.0058390299479166,0.0097223917643229,0.7473958333333334,1.2444661458333333,0.999291531436134,0.0213403081402226,0.9993910520827292,0.0369249193830207,0.995644599303136,0.9058331153544336
gaussian_iid_L128_q7_W0.7975_r31,b9466352d62f54b3621acce0027d9ccb978638a9cef19e539909248b0477db4b,128,0.7975,0.3746185302734375,0.0061391194661458,0.0110677083333333,0.7858072916666666,1.4166666666666667,0.9993631757906168,0.0214269471284581,0.9993631757906168,0.0433821040449209,0.992129246064623,0.8522518382352942
gaussian_iid_L128_q7_W0.7975_r32,d34e371e84aa30e6cff75344070acf8d9c04e4bc1269c4cec523bb08c4dade49,128,0.7975,0.3678538004557292,0.0066884358723958,0.0106557210286458,0.8561197916666666,1.3639322916666667,0.9995977121935898,0.0231011208276509,0.9998017438082892,0.0374261771124299,0.9904942965779469,0.9171837708830548
gaussian_iid_L128_q7_W0.7975_r33,180339b9e958207e2ec960bdecf902ce40e8df82a0d1b463c6a6ff3eef649097,128,0.7975,0.387006123860677,0.0061543782552083,0.0104420979817708,0.7877604166666666,1.3365885416666667,0.9996613162399612,0.0206670104243819,0.9996909653595146,0.0298587523836026,0.9917355371900828,0.9230394544568924
gaussian_iid_L128_q7_W0.7975_r34,10f372d4f69b780e682f9b7c0ffda18e212010672a1f1c6c9908b66d09748fd1,128,0.7975,0.3131510416666667,0.0062204996744791,0.0111007690429687,0.7962239583333334,1.4208984375,0.9992555684132424,0.020389053399381,0.9996219501345384,0.0382822448676314,0.9918233851185608,0.8898052691867124
gaussian_iid_L128_q7_W0.7975_r35,11231dd22252c2f465a6c008975b52dbb1da7c43b0a510ef5c4ed7559c3c8212,128,0.7975,0.6099904378255209,0.0057423909505208,0.0117034912109375,0.7350260416666666,1.498046875,0.9993198959612628,0.0194386763032865,0.9998243519657348,0.0478581333124035,0.9982285208148804,0.8398522381573229
gaussian_iid_L128_q7_W0.7975_r36,0fe06c3a0bdb9073ee08b40796388ef4326884bda0917fb6cbafccf85ad151eb,128,0.7975,0.2741928100585937,0.0064468383789062,0.0109430948893229,0.8251953125,1.4007161458333333,0.9997355960774724,0.0235621899674645,0.9998776302086488,0.0389096233090904,0.9921104536489151,0.9070415988844992
gaussian_iid_L128_q7_W0.7975_r37,5238d74219de13736563adffc3efa5c377bfd7392d387d003f15ff1204d7daa4,128,0.7975,0.3647054036458333,0.0058339436848958,0.0188547770182291,0.7467447916666666,2.413411458333333,0.9999502935767296,0.0200352409806198,0.9999502935767296,0.0738418147786713,0.9952048823016564,0.6172106824925816
gaussian_iid_L128_q7_W0.7975_r38,0a76d7255a4a0f20c08bb171400e00bfd149f56e11d2b69a1d89d4c69c6b8c52,128,0.7975,0.4342905680338542,0.0059763590494791,0.0096282958984375,0.7649739583333334,1.232421875,0.9993687577147782,0.022146484009194,0.9993687577147782,0.036394966253277,0.993191489361702,0.9281563655573164
gaussian_iid_L128_q7_W0.7975_r39,d1993687181f39c6716c81ca7df74658dc6e01b1c96e6e7298bf26ce8ab759c0,128,0.7975,0.235992431640625,0.0064315795898437,0.0102437337239583,0.8232421875,1.3111979166666667,0.9997397303189596,0.0202129297028369,0.9998611134821532,0.0327343393479161,0.9940688018979834,0.926017874875869
gaussian_iid_L128_q7_W0.7975_r4,b491e5e3d55334248155473b8185f51a24a648b65a212721bd38801f073cfc0a,128,0.7975,0.4209518432617187,0.0061543782552083,0.0097808837890625,0.7877604166666666,1.251953125,0.9993491594938628,0.0172123746831639,0.9997845226138472,0.0367787239430041,0.9950413223140496,0.9251170046801872
gaussian_iid_L128_q7_W0.7975_r40,17823cdd60ce1d9f4caa1e9f68d9bfd6c56da142d2215be6bd4ef4c568280de2,128,0.7975,0.3788833618164062,0.0062281290690104,0.0107955932617187,0.7972005208333334,1.3818359375,0.999871452636316,0.0201201398450732,0.999871452636316,0.0390386079090367,0.9893834218048184,0.8939929328621908
gaussian_iid_L128_q7_W0.7975_r41,2512adbb4c3a1dea5cb7f485e365300faba995b0641d41b8433fae2954e65a23,128,0.7975,0.5245208740234375,0.006055196126302,0.0101267496744791,0.7750651041666666,1.2962239583333333,0.9994829945480668,0.0204679723996298,0.9996838093336752,0.0384423554839503,0.994540109197816,0.9108488196885988
gaussian_iid_L128_q7_W0.7975_r42,885e7f9af658af47cf9477898e2ce19df28d2b63d4f9aeea9433748340b54003,128,0.7975,0.1543172200520833,0.0062967936197916,0.0113754272460937,0.8059895833333334,1.4560546875,0.9990749637135048,0.0203324756951209,0.9990749637135048,0.0366500973416149,0.9931340872374798,0.9036440867426784
gaussian_iid_L128_q7_W0.7975_r43,24ceb211799d87b94ddb6e7a1db16855892385d14b64b2da8b6862a400361f6f,128,0.7975,0.3300730387369792,0.0060602823893229,0.0111236572265625,0.7757161458333334,1.423828125,0.9998518611567222,0.0237150080567584,0.3280212283422962,0.1057996394997504,0.9928661351237936,0.0
gaussian_iid_L128_q7_W0.7975_r44,e64e13ae19084c9978f2e94a2adf7d9c73835e66a0911f982ac1841776af9075,128,0.7975,0.4402821858723958,0.0061086018880208,0.0104141235351562,0.7819010416666666,1.3330078125,0.9997214695087868,0.0195485848544373,0.9999375129832728,0.0414174679189203,0.9975020815986678,0.8989010989010989
gaussian_iid_L128_q7_W0.7975_r45,905febb0425ec0da7a7c002f36480b68eb73961fa4e473d34a9267a038435cc4,128,0.7975,0.2794672648111979,0.0060399373372395,0.0104268391927083,0.7731119791666666,1.3346354166666667,0.9996475984564528,0.0261128066323411,0.9996475984564528,0.035847042027349,0.992,0.9178048780487804
gaussian_iid_L128_q7_W0.7975_r46,d7416b2e0d5791f2058c2f75d43a8025d55fc5b82fff9ac07be0f76b942b227e,128,0.7975,0.1634165445963541,0.0063400268554687,0.0104649861653645,0.8115234375,1.3395182291666667,0.9996777305312364,0.0209354371378872,0.9996777305312364,0.0374655678243213,0.9919775371038908,0.9256379100850548
gaussian_iid_L128_q7_W0.7975_r47,09f353f4043139954c99aa8070cd3c323de2cf1012d1bddb44924fca6e1cf0da,128,0.7975,0.5737508138020834,0.006512959798177,0.0091400146484375,0.8336588541666666,1.169921875,0.9991307928687592,0.0271825505097405,0.999868491057006,0.0299882558592745,0.9851620460757516,0.9538119087367836
gaussian_iid_L128_q7_W0.7975_r48,d067768febd47ace658711614abefbd6cc4ff708e7f03fadc48bf8cd07a69965,128,0.7975,0.1925837198893229,0.0059967041015625,0.013501485188802,0.767578125,1.7281901041666667,0.9998960010848404,0.0184220895290895,0.9998960010848404,0.050663461783832,0.9961832061068704,0.7564513090977585
gaussian_iid_L128_q7_W0.7975_r49,57db0889c7a87064394a60c3bbff5b8a99e4171a6c3ae103b490154980b0ee48,128,0.7975,0.2904078165690104,0.0071182250976562,0.0161717732747395,0.9111328125,2.0699869791666665,0.9997883264636488,0.0218133706484096,0.9998475761004276,0.0588467126361373,0.9828510182207932,0.729988991979871
gaussian_iid_L128_q7_W0.7975_r5,e352c508d97f65adfccfb91311b7ddffae12487c8ba9316bf99b3a5d4a877f48,128,0.7975,0.4511184692382812,0.0059000651041666,0.0126088460286458,0.7552083333333334,1.6139322916666667,0.9991643981623672,0.0227311434049256,0.9994407366151584,0.0477458975863634,0.9913793103448276,0.8152480839048003
gaussian_iid_L128_q7_W0.7975_r50,4a5cffdaa90a3a423c3a170502aef26d6a8a2bed5aafcd442190a49302a5c544,128,0.7975,0.6763356526692709,0.0064442952473958,0.0116221110026041,0.8248697916666666,1.4876302083333333,0.9996208010454132,0.0232886040128842,0.9996217385985589,0.043624869490405,0.9877663772691396,0.8431072210065645
gaussian_iid_L128_q7_W0.7975_r51,9a00f83dfac910121a8115844acb996a665c561bd1bd44c914aef869ee4a3d00,128,0.7975,0.3138402303059895,0.0062713623046875,0.0115890502929687,0.802734375,1.4833984375,0.9994777045592964,0.0197131520364605,0.9997888886201448,0.0509869731697135,0.9878345498783456,0.8505595786701777
gaussian_iid_L128_q7_W0.7975_r52,d4fc5671806c7754699d2f00a64b967f5ce175905894878cb3a109459e61b2a0,128,0.7975,0.5879999796549479,0.0057347615559895,0.0107142130533854,0.7340494791666666,1.3714192708333333,0.9998804906282318,0.0222904121073389,0.9998804906282318,0.0487974640661138,0.9889135254988912,0.835509138381201
gaussian_iid_L128_q7_W0.7975_r53,0256c11725d0128f8727fd060e491bf3dc2c2e8930dbcc4d70c88ff65892f0b6,128,0.7975,0.6583429972330729,0.0066426595052083,0.0163523356119791,0.8502604166666666,2.093098958333333,0.99964276127883,0.0230669097051708,0.9996476452489352,0.0712189921953011,0.9869831546707504,0.6828926905132193
gaussian_iid_L128_q7_W0.7975_r54,e992fd4a6655078f6355562f1eb13d976bb8f8cad3cfabf5f7d65d47a57bd8d5,128,0.7975,0.2477620442708333,0.0064468383789062,0.011090596516927,0.8251953125,1.4195963541666667,0.9999051321240824,0.0246420855725406,0.9999051321240824,0.039110538101846,0.9857988165680474,0.8784682412290759
gaussian_iid_L128_q7_W0.7975_r55,e4bfc42250b1ba9a3ccd8e3840a85a952117186b39073d25809ed5e056e7afda,128,0.7975,0.6106287638346354,0.0061442057291666,0.0088602701822916,0.7864583333333334,1.1341145833333333,0.999741584266867,0.0196003051473067,0.9998346067769954,0.0289412060328784,0.9929635761589404,0.967853042479908
gaussian_iid_L128_q7_W0.7975_r56,772cb46dcbd123ee0b8b1f8ff66b70c84d2bc549cc5bad20ca7b79065a14c243,128,0.7975,0.277130126953125,0.0061238606770833,0.0109354654947916,0.7838541666666666,1.3997395833333333,0.9989474254589898,0.0223048194015819,0.9990213456750612,0.0399158633501396,0.9896179401993356,0.8865116279069768
gaussian_iid_L128_q7_W0.7975_r57,20d53961901d682219f09b18c4f0c63cb855b7331408ca594ca81a275e670df2,128,0.7975,0.7441355387369791,0.0060907999674479,0.0086313883463541,0.7796223958333334,1.1048177083333333,0.9993204906673712,0.0202148400688956,0.9993204906673712,0.0330198807648799,0.9937369519832986,0.9543311726576312
gaussian_iid_L128_q7_W0.7975_r58,3b87c455ac850537d7c5f0c24f07a7c3759023793f9bbb3ac8565db30211dc37,128,0.7975,0.4217732747395833,0.0063705444335937,0.0117034912109375,0.8154296875,1.498046875,0.999130482624474,0.0224713506169466,0.9992895704796232,0.044404735725509,0.9904191616766468,0.8507170795306388
gaussian_iid_L128_q7_W0.7975_r59,cba0e83117c16ab2730247f2df7fa775d9c519c6a3a1a8c54d7b182edcf52095,128,0.7975,0.3216196695963542,0.0063985188802083,0.0121002197265625,0.8190104166666666,1.548828125,0.999593717875954,0.0275090345192989,0.999685596372977,0.0371670936668475,0.9844992050874404,0.8726355611601513
gaussian_iid_L128_q7_W0.7975_r6,e79c625b3b4051679975decf5f799d0d794e565f2df75b4983f45ae3fc653d2a,128,0.7975,0.2584126790364583,0.0064239501953125,0.0091807047526041,0.822265625,1.1751302083333333,0.9994430005187338,0.0221039535273531,0.9997534932060588,0.028222195963993,0.9885193982581156,0.9523545706371191
gaussian_iid_L128_q7_W0.7975_r60,82a8d23110146ee870a08cf053f7466597ce9183fdd221ad15bab4b6a4751de6,128,0.7975,0.3089472452799479,0.0066935221354166,0.0103480021158854,0.8567708333333334,1.3245442708333333,0.9997694800255552,0.0226885833583168,0.9997694800255552,0.0308787198246671,0.9802431610942248,0.9235684443352176
gaussian_iid_L128_q7_W0.7975_r61,535eb9ecb2c9f016c201a47bd37c8fdc36f9401eb18477a668af0c342ce7427d,128,0.7975,0.1992594401041666,0.0061264038085937,0.0106557210286458,0.7841796875,1.3639322916666667,0.9996384202155246,0.0220684053550802,0.9996384202155246,0.0417252814230743,0.9933582399335824,0.8689737470167065
gaussian_iid_L128_q7_W0.7975_r62,ad8c29b647e91217a855e656c5f836920b6631fe01ddc9af91ac61037f9f8730,128,0.7975,0.1611989339192708,0.0064163208007812,0.0132471720377604,0.8212890625,1.6956380208333333,0.9992005832602352,0.0260413113403304,0.9992005832602352,0.0472912088611269,0.9908838684106224,0.7930504895373393
gaussian_iid_L128_q7_W0.7975_r63,46eac87797e72083e896af8bdb55a872075c86f6137ad508ec0ef3f7866f7519,128,0.7975,0.3595352172851562,0.0059153238932291,0.0093968709309895,0.7571614583333334,1.2027994791666667,0.9997226362395448,0.0220557781203071,0.9997226362395448,0.0379353657902961,0.9978503869303526,0.9404600811907984
gaussian_iid_L128_q7_W0.7975_r64,64aad0c4c43f492244c01fef9dc2d792df484712206f1fe325d8f84d5464378b,128,0.7975,0.289197285970052,0.0065282185872395,0.0092875162760416,0.8356119791666666,1.1888020833333333,0.999944243091388,0.021108909064239,0.999944243091388,0.0268011222126582,0.9890923256719908,0.9490690032858708
gaussian_iid_L128_q7_W0.7975_r65,07cc0319f762bb0957c52b417ed6f0af7641d8dff404af20e42efb9324c0dd05,128,0.7975,0.5751927693684896,0.0064112345377604,0.0104827880859375,0.8206380208333334,1.341796875,0.9998996297232796,0.0254458085064702,0.999974098433752,0.033209774511453,0.9880999603332012,0.9223677826297914
gaussian_iid_L128_q7_W0.7975_r66,776cbdabca9c39520ce90b4da8d3ad69287a134aaf9844ad898de573b5663f1b,128,0.7975,0.3859176635742187,0.006421407063802,0.0141932169596354,0.8219401041666666,1.8167317708333333,0.9990239427698486,0.0236445892874973,0.9994417333425972,0.0502598689499798,0.9893069306930692,0.7688586274861136
gaussian_iid_L128_q7_W0.7975_r67,beff60d706d34cca1f847e26b6fbaaa865a6f8a6841d79b015a32c5ae212ae31,128,0.7975,0.3857218424479167,0.0060068766276041,0.0108413696289062,0.7688802083333334,1.3876953125,0.9995424319733556,0.0202053229344423,0.9998117174576536,0.0484853113912487,0.9928027095681624,0.8627726952850105
gaussian_iid_L128_q7_W0.7975_r68,de4f8009e356922d8733adb515b37b60f366f38b7aed89eae8505699a49f959e,128,0.7975,0.1962509155273437,0.0061848958333333,0.0094579060872395,0.7916666666666666,1.2106119791666667,0.9996860393974264,0.0186947684278859,0.9996860393974264,0.0318015375255568,0.9950657894736842,0.9443398763108364
gaussian_iid_L128_q7_W0.7975_r69,9688b489ea882fb7697923bfcf301107ac47e517c498ffc5110cd64641bacb1b,128,0.7975,0.3698221842447917,0.0064468383789062,0.0232569376627604,0.8251953125,2.976888020833333,0.9992744760088004,0.0250757039708745,0.9994278713589576,0.0756535995246338,0.9893491124260356,0.5452159650082012
gaussian_iid_L128_q7_W0.7975_r7,90b78bf1ba7df556c86a06e4d02eef0ce910ce79506d05590d7f725c1e0158ce,128,0.7975,0.3029657999674479,0.0067036946614583,0.0119043986002604,0.8580729166666666,1.5237630208333333,0.9996311324924684,0.0263861107407672,0.9998855408280268,0.0359736259488258,0.9863429438543247,0.8748130741294595
gaussian_iid_L128_q7_W0.7975_r70,305bea78b40ab787174d7cfdc8553cbe085ada7f3661a898dd4cc1b7ec226e9c,128,0.7975,0.3875579833984375,0.0062510172526041,0.0111185709635416,0.8001302083333334,1.4231770833333333,0.9991438514736258,0.0203239665846703,0.9998969096772244,0.0483841020403077,0.9959316517493898,0.843092406221409
gaussian_iid_L128_q7_W0.7975_r71,cf9b1e55b92009b11aa1127209e4441b1bf39c913f6a4f804e440302d56e6d5c,128,0.7975,0.2786432902018229,0.0062840779622395,0.0106099446614583,0.8043619791666666,1.3580729166666667,0.999403329227716,0.0285113287533457,0.999811272469098,0.040685923268384,0.9834075273168758,0.8940556088207094
gaussian_iid_L128_q7_W0.7975_r72,3ed27d47be3ba6073efc3a44b258ab92f38885f0d4a636f2c5f3d8d61cc96913,128,0.7975,0.315533955891927,0.0063629150390625,0.0103022257486979,0.814453125,1.3186848958333333,0.9997354376019528,0.0194682693085667,0.9997354376019528,0.0366039313092851,0.9920063948840928,0.9200197482103184
gaussian_iid_L128_q7_W0.7975_r73,f4181683508ae5eafb918dad91d4f47d875982ecfaaec347351a514ef6c3bcab,128,0.7975,0.6651255289713541,0.0060373942057291,0.0124282836914062,0.7727864583333334,1.5908203125,0.9995717180885472,0.0223089427859026,0.9999512912352247,0.0458980448916693,0.995787700084246,0.846122365459382
gaussian_iid_L128_q7_W0.7975_r74,6a9088be0eab41757ba712c2ec690bc6d8b1a0231b147bb4d9cf53e084f7b786,128,0.7975,0.4258982340494792,0.0066274007161458,0.0115865071614583,0.8483072916666666,1.4830729166666667,0.9996557480428891,0.0211338612072459,0.9996557480428891,0.0398617098530551,0.9915579432079816,0.8740122914837577
gaussian_iid_L128_q7_W0.7975_r75,2e4ef97d822129f3b4880e08c41c122e9bceb04eae4612bbd2809c365b29f04b,128,0.7975,0.3713048299153645,0.0060501098632812,0.0128097534179687,0.7744140625,1.6396484375,0.9999772263499772,0.0194307450956713,0.9999772263499772,0.0449345826800091,0.9936948297604036,0.8068294619813381
gaussian_iid_L128_q7_W0.7975_r76,1862150aec9fd5dfb62fa3e7ce75050a2018dbcb74129c0297f338e25280f808,128,0.7975,0.3475341796875,0.0060043334960937,0.010693868001302,0.7685546875,1.3688151041666667,0.9998493865320216,0.0205883797025304,0.9999711351450998,0.0463249900905851,0.9927996611605252,0.8780023781212842
gaussian_iid_L128_q7_W0.7975_r77,967f2769d1f014095a9d9dc917c1daddae2e9f62d214f3327a6702a94d3fe74f,128,0.7975,0.4254252115885417,0.0069656372070312,0.011761983235677,0.8916015625,1.5055338541666667,0.9993887686476356,0.0300363228602541,0.9999251130192192,0.0385875482166956,0.9835706462212488,0.8832432432432432
gaussian_iid_L128_q7_W0.7975_r78,39d0a3bc457a6ddcb0bcefa38f8ac25cbac1a9a327e4e7707f64a7561867d2c1,128,0.7975,0.5122629801432291,0.0065892537434895,0.0098215738932291,0.8434244791666666,1.2571614583333333,0.9998700529866084,0.0236110172714468,0.9998700529866084,0.0410549459634326,0.9895793130065612,0.9342309684101502
gaussian_iid_L128_q7_W0.7975_r79,3333ffc6c445c8d6ce1b59cb45b2722c0ee6f4b853d7f6f870fa1e76ca62321f,128,0.7975,0.3489049275716145,0.0062433878580729,0.0097020467122395,0.7991536458333334,1.2418619791666667,0.9995436042178588,0.0188743909990453,0.9995436042178588,0.0349633821556981,0.9955193482688393,0.9339449541284404
gaussian_iid_L128_q7_W0.7975_r8,94bb017d38d291d38aa7085e68773f2c67102f9b4ed5829dc7c4c17d0b8ed0e1,128,0.7975,0.388623555501302,0.0064544677734375,0.0103022257486979,0.826171875,1.3186848958333333,0.9994242427361878,0.0210904399086268,0.9998872164187396,0.0361987846514133,0.9893617021276596,0.9182917798074548
gaussian_iid_L128_q7_W0.7975_r80,6e3b4d8a5dffd37d86e97f46710828f29cd73668884a19c35b8d26b82e4892d2,128,0.7975,0.2595850626627604,0.0063400268554687,0.01171875,0.8115234375,1.5,0.9987665751967072,0.0220047767210617,0.9999924469773216,0.0644222697576315,0.9859606899318092,0.810546875
gaussian_iid_L128_q7_W0.7975_r81,6271cc38fbff80ce00b55c50cb8484d8dd5d4b50e2a5d664400af72c28467072,128,0.7975,0.3896509806315104,0.0055109659830729,0.0121866861979166,0.7054036458333334,1.5598958333333333,0.9989598294262106,0.0210439081512696,0.9992952549205936,0.0401027819067048,0.9995385325334564,0.8466193656093489
gaussian_iid_L128_q7_W0.7975_r82,2800806bead17704737dbd9bd91fdba4e9da2b52f36bae1c35c3af1bd817f893,128,0.7975,0.2520802815755208,0.006604512532552,0.0097071329752604,0.8453776041666666,1.2425130208333333,0.9996718714144528,0.0202744226271078,0.9996718714144528,0.0405461699184337,0.99268386599923,0.9389572963059994
gaussian_iid_L128_q7_W0.7975_r83,989fc485bb91824e4c0ae037ed20bd9a0a7f1305d00a895f93e87d6a172cb2fe,128,0.7975,0.2884063720703125,0.00592041015625,0.0133005777994791,0.7578125,1.7024739583333333,0.9990062018675544,0.0229303041722005,0.9995355947322326,0.0611293363056812,0.9926975945017182,0.7347992351816444
gaussian_iid_L128_q7_W0.7975_r84,2aba5b1ea4b7cc208404c3636eb6793a02f438beeacede6aa3ac64f9fbb0a1f6,128,0.7975,0.4997736612955729,0.0059407552083333,0.00860595703125,0.7604166666666666,1.1015625,0.9998249634320324,0.0252953999573066,0.9998249634320324,0.0292805679968453,0.9940068493150684,0.9660165484633568
gaussian_iid_L128_q7_W0.7975_r85,abca65673df40077ab65562c92a87ee94f626ab0b91e04054bd553012cddcfc6,128,0.7975,0.3685404459635417,0.0063095092773437,0.011474609375,0.8076171875,1.46875,0.9990570261033708,0.0201824048714704,0.999983936589503,0.0495388516668886,0.9911326078194276,0.874113475177305
gaussian_iid_L128_q7_W0.7975_r86,3ae6c7dd96aeb759dd206d3fc80b71a44511f7fd9474da1b83679d2aaee57c69,128,0.7975,0.5520909627278646,0.0063680013020833,0.0102157592773437,0.8151041666666666,1.3076171875,0.9997385387013704,0.0311419665711145,0.9997453554568054,0.0320879903109393,0.9868210862619808,0.9248195170525269
gaussian_iid_L128_q7_W0.7975_r87,418238843a9cda66d58f8bb8572d17dcf47e1d8d890c9da92850d7ee86aec94f,128,0.7975,0.1536839803059896,0.0061442057291666,0.0111033121744791,0.7864583333333334,1.4212239583333333,0.9996200436359396,0.0276121328234617,0.9996200436359396,0.0404311795759679,0.9917218543046358,0.8646358222629409
gaussian_iid_L128_q7_W0.7975_r88,b0bb9f522bda96a8f2171f47889a4affd50dfd416b1b99b8542e9d7208f87b3a,128,0.7975,0.2003199259440104,0.006512959798177,0.0130055745442708,0.8336588541666666,1.6647135416666667,0.9994061206278656,0.0242117311400095,0.999604947361456,0.0526765378003715,0.9851620460757516,0.7649589362534219
gaussian_iid_L128_q7_W0.7975_r89,150bd35e631ae99447dc4d07115aaa2c4b779db30e6f27519a491964c288433b,128,0.7975,0.3105036417643229,0.0064697265625,0.0097605387369791,0.828125,1.2493489583333333,0.9991742670184632,0.0222349633764911,0.9991742670184632,0.0313925997150812,0.9909591194968552,0.9325169359041168
gaussian_iid_L128_q7_W0.7975_r9,38a56a54a3f5eb5808c138bb8e80ac9f5ac71f64430a885d2c9d8aeef3568883,128,0.7975,0.3084309895833333,0.0062662760416666,0.0116500854492187,0.8020833333333334,1.4912109375,0.999231430845504,0.019935168959962,0.9996274350217824,0.032694918133988,0.992288961038961,0.8965291421087099
gaussian_iid_L128_q7_W0.7975_r90,bd49e3dfb8677247ab3d6b46d77318a25ec2e6cca1b4471180698795db0b0a7c,128,0.7975,0.4172770182291667,0.0060297648111979,0.0086110432942708,0.7718098958333334,1.1022135416666667,0.9999565768407628,0.0356646240766374,0.9999677191696922,0.0356646240766374,0.9898776887389288,0.9530419373892498
gaussian_iid_L128_q7_W0.7975_r91,72e90992221887602af0aae92aef4494a42ae4b226265c24cf77ca52fb75b466,128,0.7975,0.2348403930664062,0.006317138671875,0.0111414591471354,0.80859375,1.4261067708333333,0.999469274033223,0.0223720025846868,0.9997182028779262,0.0451891303662237,0.9891304347826086,0.8525450810317279
gaussian_iid_L128_q7_W0.7975_r92,8186ec70d3e9cfdf15286b3513e5b12757790127ac90fd613bf747d59cee9930,128,0.7975,0.3255386352539062,0.0065536499023437,0.01727294921875,0.8388671875,2.2109375,0.9995818373650333,0.0189941536281903,0.9999323138686796,0.0671454510300106,0.992627085758634,0.6386925795053003
gaussian_iid_L128_q7_W0.7975_r93,6f25b296b588127412bcd1cb392001a1f2ad5f0d1d83b56b4c581a20da2a8b07,128,0.7975,0.6071904500325521,0.0061111450195312,0.0088958740234375,0.7822265625,1.138671875,0.999735771717202,0.0240932815357813,0.9998551660906676,0.0291660006452604,0.9954223886808156,0.9628359062321328
gaussian_iid_L128_q7_W0.7975_r94,5c05609386e2b4501ca529c9e4445fa0d2d6e72838acaa63e0188cb8bc3358d2,128,0.7975,0.46099853515625,0.0063069661458333,0.0107142130533854,0.8072916666666666,1.3714192708333333,0.9999641770357904,0.0211459795410973,0.9999641770357904,0.0386921839884959,0.9923387096774192,0.8972228815570852
gaussian_iid_L128_q7_W0.7975_r95,d94ccf5d11baf57a6f366a0a949613b1f13bed02e27ca271b3b709949afdeabe,128,0.7975,0.2377421061197916,0.0064442952473958,0.0109049479166666,0.8248697916666666,1.3958333333333333,0.9994627490489169,0.0238402594727817,0.9998127893564211,0.0394035861603491,0.9909234411996845,0.8962220149253731
gaussian_iid_L128_q7_W0.805_r0,5671ec7c8ba883e8747131007395031cde599a32ab44506630e94ff04103ba56,128,0.805,0.8984298706054688,0.0059178670247395,0.0140711466471354,0.7574869791666666,1.8011067708333333,0.9997208933780498,0.0193619617340822,0.9999809249216118,0.0509083968896358,0.9961323592608508,0.7807699258991505
gaussian_iid_L128_q7_W0.805_r1,8030849c1127859658cb347b68b7acb11e28b402078be1fc3ca2d4a26f889fd1,128,0.805,0.7943445841471354,0.0059789021809895,0.0099665323893229,0.7652994791666666,1.2757161458333333,0.9989015438975156,0.0229218755563054,0.9997001003888002,0.0392886106174683,0.992769034453424,0.8805817810665986
gaussian_iid_L128_q7_W0.805_r10,7e73851c3cc361aa131694bc5f362e95af9ba2e4cc4ec6522827d5cefa5acc7b,128,0.805,0.3694864908854167,0.0061391194661458,0.015759785970052,0.7858072916666666,2.0172526041666665,0.9999303775991072,0.0194412623748356,0.9999303775991072,0.0562177936337486,0.9929577464788732,0.7335807648862352
gaussian_iid_L128_q7_W0.805_r11,9fd252738397db63df45a8d351ea39cbc9840f64fee573a25c8cfac2498991f4,128,0.805,0.989405314127604,0.0058568318684895,0.0109354654947916,0.7496744791666666,1.3997395833333333,0.9996989922705436,0.0222691445360631,0.9996989922705436,0.0416824906920851,0.990447242726878,0.8925581395348837
gaussian_iid_L128_q7_W0.805_r12,c60b73396e48493b094ba4ddb340962d52c792b2581f2f21821bc3a8007b2f87,128,0.805,0.5856831868489584,0.0069859822591145,0.0135498046875,0.8942057291666666,1.734375,0.9995315685590028,0.0264948923743542,0.9995315685590028,0.0490039630262822,0.983982526392428,0.7834084084084084
gaussian_iid_L128_q7_W0.805_r13,7783e8b53f431c7f2b809fe072c4cce1b6474c1748c6e6e9abad806523f5bc5e,128,0.805,0.95703125,0.0064442952473958,0.0211690266927083,0.8248697916666666,2.7096354166666665,0.9997802072208684,0.0279660424470195,0.9999484897099672,0.0683709717369452,0.9885556432517758,0.5910619894281596
gaussian_iid_L128_q7_W0.805_r14,06ca4b2415d3d1e8701ad2e655bce767bb363deb1d4822edebdca72478ff3aa2,128,0.805,0.4398523966471354,0.006299336751302,0.0106175740559895,0.8063151041666666,1.3590494791666667,0.9997820202120996,0.0245427555491374,0.9997820202120996,0.0416107978217284,0.9846588615260397,0.8931736526946108
gaussian_iid_L128_q7_W0.805_r15,65a5a9a78bcbde3a3e39ff3ae183ac5de8addc6ca04c1cc9cd7154e140d245dd,128,0.805,0.354217529296875,0.0062535603841145,0.0092646280924479,0.8004557291666666,1.1858723958333333,0.999580979707198,0.0207333660525361,0.999580979707198,0.0350135027911132,0.989426596177308,0.9398847104035136
gaussian_iid_L128_q7_W0.805_r16,9395e138780b913f27876e7917fcf37e470f371bd9ded9159b401abc386b5970,128,0.805,0.9839757283528646,0.0063578287760416,0.0112380981445312,0.8138020833333334,1.4384765625,0.9996873907875464,0.0196442226661406,0.9999423249016792,0.0453534522019142,0.9916,0.8943199818963566
gaussian_iid_L128_q7_W0.805_r17,c55adc1884097cfec6e84a9a4216b97fe644408da40f9f3c1dbdee1a7e405ae8,128,0.805,0.5252558390299479,0.005828857421875,0.0100301106770833,0.74609375,1.2838541666666667,0.999901232730139,0.0269613735968431,0.999901232730139,0.0317813960461887,0.9952006980802792,0.90973630831643
gaussian_iid_L128_q7_W0.805_r18,ca42c7c08a02c5b458f50335ff9c48149de4bec1418c470531534fde5df4c44d,128,0.805,0.3192316691080729,0.0063120524088541,0.0116933186848958,0.8079427083333334,1.4967447916666667,0.9985832192223472,0.0202580193741901,0.9992276142870712,0.0534300112711163,0.9939564867042708,0.8549369290996085
gaussian_iid_L128_q7_W0.805_r19,a7234ff26364eb6665741e2ceaab6c7136d0c40e734abcf3aabada49491844e6,128,0.805,0.6755498250325521,0.006573994954427,0.0143941243489583,0.8414713541666666,1.8424479166666667,0.9997492930097958,0.0232186118583385,0.9998314150673678,0.045209673620041,0.9845261121856866,0.7837455830388692
gaussian_iid_L128_q7_W0.805_r2,a704a1bb801effb5c3b8e1c9df2f177aa0fd5dbf065f1a63e27e84227854a6ea,128,0.805,0.7748591105143229,0.006134033203125,0.0104268391927083,0.78515625,1.3346354166666667,0.9981898651683696,0.0200312850765724,0.9989078654056016,0.0367577846845179,0.9954394693200664,0.8958536585365854
gaussian_iid_L128_q7_W0.805_r20,164d94778db9e8e97ab806bb293180a8f771f441355920e3180c2f31f587cbe4,128,0.805,0.6377817789713541,0.0061518351236979,0.017529805501302,0.7874348958333334,2.2438151041666665,0.9999858777388686,0.0225353992572132,0.9999858777388686,0.055803668557654,0.99338569656883,0.7047729580734078
gaussian_iid_L128_q7_W0.805_r21,4c93e12535e90b1359ca1f72dd21fdea3c6558747871251462cd5b644eb31253,128,0.805,0.8185246785481771,0.0064570109049479,0.0113499959309895,0.8264973958333334,1.4527994791666667,0.9999464324400174,0.0215575230330918,0.9999464324400174,0.0465838998986138,0.9897597479322569,0.8803495406677123
gaussian_iid_L128_q7_W0.805_r22,9f6940bab62f9b06678516adcb5aba6daa62625d374ed963832a7fda8468e8e6,128,0.805,0.8730112711588541,0.0061594645182291,0.0101826985677083,0.7884114583333334,1.3033854166666667,0.9993745333200889,0.0217693140087466,0.9993745333200889,0.0426172925965532,0.9979355904211396,0.8888611388611388
gaussian_iid_L128_q7_W0.805_r23,8b89adcf83f98d559116bbccaf0c5a1125a667c0fa1d98badde4ae5da3949f46,128,0.805,0.45611572265625,0.0064366658528645,0.0112762451171875,0.8238932291666666,1.443359375,0.9992072123922116,0.0226436202328328,0.9992072123922116,0.047442026093889,0.9905175819834058,0.8576905728461885
gaussian_iid_L128_q7_W0.805_r24,c88fe4f38f3f1ec1cc61b29f0525bdcbce49ba418d426c34a64067afa64b6a08,128,0.805,0.7839380900065104,0.006134033203125,0.0110626220703125,0.78515625,1.416015625,0.9995646394227228,0.0233524619321199,0.9995646394227228,0.0470954166658619,0.9937810945273632,0.8551724137931035
gaussian_iid_L128_q7_W0.805_r25,4b500b979ecaef9dc1d9b7840fbefe21580853ef356e4e76aa5838531f768734,128,0.805,0.5262858072916666,0.0067799886067708,0.0111338297526041,0.8678385416666666,1.4251302083333333,0.9995930305516804,0.0274449232158253,0.9995930305516804,0.0399399099322094,0.9891222805701424,0.9001827318410233
gaussian_iid_L128_q7_W0.805_r26,09e181aff604acd1c00b98033b7ef5bc989337aa08ca326067653f0d502675ad,128,0.805,0.6182861328125,0.0058949788411458,0.0108718872070312,0.7545572916666666,1.3916015625,0.9998131099874736,0.0198455168382168,0.9999236134292844,0.0480700994897227,0.9969801553062986,0.8538011695906432
gaussian_iid_L128_q7_W0.805_r27,48b37cbca31c04cdb3a1b9a6a201241712388a31a9d4d407abe4eb6c335b958c,128,0.805,0.4842427571614583,0.0063883463541666,0.0111160278320312,0.8177083333333334,1.4228515625,0.9995292593642736,0.0209328200668408,0.999801158392322,0.04288531254487,0.9888535031847132,0.8597574925646305
gaussian_iid_L128_q7_W0.805_r28,7ade1445a9c64d5e1c3dd2725eff81f20bf41d109ea51ba6cfd66285cd43fb14,128,0.805,0.3644307454427083,0.0063400268554687,0.0123850504557291,0.8115234375,1.5852864583333333,0.9994954568827764,0.0300766936502853,0.9994954568827764,0.0582790822053741,0.9891696750902528,0.8059548254620124
gaussian_iid_L128_q7_W0.805_r29,2ac6a8031d0f3b762714450cb11d35b7f830e44b8a8e7f393c26651afc748a73,128,0.805,0.7395248413085938,0.006512959798177,0.0125503540039062,0.8336588541666666,1.6064453125,0.9997976516923854,0.0198767203676444,0.9999355692470177,0.0510666947428382,0.9929714955095664,0.8085106382978723
gaussian_iid_L128_q7_W0.805_r3,17e3571321cc3890cfba372609f86d7a54a46d0dfd27d7d6c2a56a7dea1aaa8b,128,0.805,0.2506434122721354,0.0065155029296875,0.0193557739257812,0.833984375,2.4775390625,0.9998522804464834,0.0257844196111927,0.9999077011359548,0.0579168208483292,0.9894613583138172,0.6104322690842202
gaussian_iid_L128_q7_W0.805_r30,9244b9d33de373221addaf3b22d8fd46101f1594596a9b15d74e64fa83ce2cc2,128,0.805,0.496899922688802,0.0059916178385416,0.0096817016601562,0.7669270833333334,1.2392578125,0.999291531436134,0.0213403081402226,0.9993910520827292,0.0348372104085384,0.99490662139219,0.9180457052797478
gaussian_iid_L128_q7_W0.805_r31,95130cd919c1f3d41fa0614f7d101743d5ed479e24a2f7dbf290c38a1f770ec2,128,0.805,0.3965530395507812,0.0062459309895833,0.011670430501302,0.7994791666666666,1.4938151041666667,0.9993631757906168,0.0214269471284581,0.9993631757906168,0.0433821040449209,0.9906351791530944,0.8409239485726738
gaussian_iid_L128_q7_W0.805_r32,4274d4dbdd1bbab51131ab380ac5b0ad6ec246c706393c467f841dfeb2ccb2df,128,0.805,0.4995142618815104,0.0067214965820312,0.0113550821940104,0.8603515625,1.4534505208333333,0.9995977121935898,0.0197088475773218,0.9998017438082892,0.0374261771124299,0.9924328414680288,0.9043673012318028
gaussian_iid_L128_q7_W0.805_r33,a0437c23358fcd1c5cdbe0da26ec4cd3529473209f30b6f5e625196eaf337019,128,0.805,0.4821624755859375,0.006268819173177,0.0108795166015625,0.8024088541666666,1.392578125,0.9996613162399612,0.0206670104243819,0.9996909653595146,0.0314558476718527,0.9914807302231238,0.9135109864422628
gaussian_iid_L128_q7_W0.805_r34,37d5ec61675f36d125ff7d47021ccbbeaf7cdc22896578f0db30008dd972ef78,128,0.805,0.7107976277669271,0.006573994954427,0.0121510823567708,0.8414713541666666,1.5553385416666667,0.9992555684132424,0.0230328132227226,0.9996219501345384,0.0382822448676314,0.9845261121856866,0.8698200083717036
gaussian_iid_L128_q7_W0.805_r35,cf1860e7732f301da1ae7b886090bc9777058e63449a9594c1a151709aaa14ff,128,0.805,0.6469650268554688,0.005902608235677,0.012237548828125,0.7555338541666666,1.56640625,0.9993198959612628,0.0194386763032865,0.9999312151897568,0.0478581333124035,0.996984058595433,0.8148379052369077
gaussian_iid_L128_q7_W0.805_r36,2bf652e10a21cef0f0970d63b68d3ab5d9ed44bfeaf3f7626c5bd361b5314f34,128,0.805,0.2833124796549479,0.0065790812174479,0.0111134847005208,0.8421223958333334,1.4225260416666667,0.9997355960774724,0.0237435108656879,0.9998776302086488,0.0389096233090904,0.9899497487437184,0.902745995423341
gaussian_iid_L128_q7_W0.805_r37,40101b23241510400e7380b7da10c5bd1524d67d052c8da93d138c0d84d39ead,128,0.805,0.9836374918619792,0.0059916178385416,0.0217539469401041,0.7669270833333334,2.784505208333333,0.9999502935767296,0.0200352409806198,0.9999502935767296,0.0738418147786713,0.9936332767402376,0.5668693009118541
gaussian_iid_L128_q7_W0.805_r38,0b18c8b30bff9754505dd9766702d55f93b598607eb4a465559acbaf3a0e4308,128,0.805,0.982996622721354,0.0059178670247395,0.0099156697591145,0.7574869791666666,1.2692057291666667,0.9993687577147782,0.0188306962503992,0.9993687577147782,0.036394966253277,0.9957026214009456,0.923313670171839
gaussian_iid_L128_q7_W0.805_r39,e434258601609bb67b1990efa4291f1ca8a52ff459d62c222fe75cd59ba464d8,128,0.805,0.3718312581380208,0.0065256754557291,0.0134379069010416,0.8352864583333334,1.7200520833333333,0.9997397303189596,0.0202129297028369,0.9998779153551528,0.0638373440298788,0.9937646141855028,0.7969341408024224
gaussian_iid_L128_q7_W0.805_r4,deaf3ad0bf4eee9e7c717a9a2e4603cfa66da8516cd30f427d2ca2630a9580a1,128,0.805,0.8832448323567709,0.0062357584635416,0.01031494140625,0.7981770833333334,1.3203125,0.9993491594938628,0.0172123746831639,0.9997845226138472,0.037460009093799,0.99510603588907,0.9134615384615384
gaussian_iid_L128_q7_W0.805_r40,93d4292a8c6b316e5f52d43ef116e6bfa144a5a75e164256faac92efbba034f5,128,0.805,0.5176264444986979,0.006299336751302,0.0132929484049479,0.8063151041666666,1.7014973958333333,0.999871452636316,0.0201201398450732,0.999871452636316,0.0466209899282775,0.9890997174000808,0.8132772144633633
gaussian_iid_L128_q7_W0.805_r41,2cec1c3a39bbd4807360ff1a6e251776aa676229638a9766fcc4a144e57d2a39,128,0.805,0.677703857421875,0.0061899820963541,0.0101954142252604,0.7923177083333334,1.3050130208333333,0.9994829945480668,0.0204679723996298,0.9996838093336752,0.0384423554839503,0.9938373048479868,0.910950361686206
gaussian_iid_L128_q7_W0.805_r42,7fd1c4f5e81b4a1ee64051d69f02f026917943c699fddb34326e35860bee4fb9,128,0.805,0.4021631876627604,0.0063629150390625,0.0135904947916666,0.814453125,1.7395833333333333,0.9990749637135048,0.0203324756951209,0.9990749637135048,0.0383346414905076,0.992406075139888,0.8480538922155688
gaussian_iid_L128_q7_W0.805_r43,a6e55d95f5e35d7f837c854aa8c2b7b8f17123205aa3490c7acd97dedd11e106,128,0.805,0.4144668579101562,0.0061187744140625,0.0102717081705729,0.783203125,1.3147786458333333,0.9998518611567222,0.0237150080567584,0.9998518611567222,0.0314253483762334,0.9925187032418952,0.9170586778905668
gaussian_iid_L128_q7_W0.805_r44,5b737f9074784a5203ab2c9805abab9fa3a6036bd701c5ef135f980e61ec3567,128,0.805,0.7881113688151041,0.0061696370442708,0.0105616251627604,0.7897135416666666,1.3518880208333333,0.9997214695087868,0.0195485848544373,0.9999375129832728,0.0414174679189203,0.9954657873042044,0.8952564411268962
gaussian_iid_L128_q7_W0.805_r45,3322c4cc328b1e2091c193029de60b3d5b8560a26d8ae4087da84a1e59721252,128,0.805,0.4584426879882812,0.0061543782552083,0.0112279256184895,0.7877604166666666,1.4371744791666667,0.9996475984564528,0.0261128066323411,0.9996475984564528,0.0433998849036197,0.9913223140495868,0.888788221970555
gaussian_iid_L128_q7_W0.805_r46,8c8cd14aa5ad4a3ffc1ecbd5a8e7e0d25b678fc393948818e0d9383ee117ff66,128,0.805,0.3453114827473958,0.0064188639322916,0.011505126953125,0.8216145833333334,1.47265625,0.9996777305312364,0.0209354371378872,0.999696009324428,0.0386807469361276,0.9904912836767036,0.887709991158267
gaussian_iid_L128_q7_W0.805_r47,c8b6c003f0bbe5fe01f9a65c966f712362b4b3e87f028f4b0ee098c5ac929f64,128,0.805,0.9685948689778646,0.0063222249348958,0.0093536376953125,0.8092447916666666,1.197265625,0.9995152258349944,0.0209427014618609,0.999868491057006,0.0299882558592745,0.989139179404666,0.9502446982055464
gaussian_iid_L128_q7_W0.805_r48,dc77b1031361a6af70207a1a4129a19bf3cbee5115806774b441889a3077424c,128,0.805,0.7791849772135416,0.0060653686523437,0.0233917236328125,0.7763671875,2.994140625,0.9998960010848404,0.0184220895290895,0.9999873113809896,0.0808860746640349,0.9958071278825996,0.5116329636877582
gaussian_iid_L128_q7_W0.805_r49,afb301139d424acadddcce966a1ce9a5d59e87bd8b81c0cde89d958531caa711,128,0.805,0.974683125813802,0.0072021484375,0.0145594278971354,0.921875,1.8636067708333333,0.9997883264636488,0.0218133706484096,0.9998475761004276,0.0588467126361373,0.981638418079096,0.7731004366812227
gaussian_iid_L128_q7_W0.805_r5,411a6a7521a10787617b798805c7fcc78e39c70dd3c70f775b4493eba7e0df2f,128,0.805,0.9778467814127604,0.0060526529947916,0.0133387247721354,0.7747395833333334,1.7073567708333333,0.9991643981623672,0.0297915851830534,0.999531579205564,0.0477458975863634,0.9894957983193278,0.8057197330791229
gaussian_iid_L128_q7_W0.805_r50,c10f9bb7cbddb004303ca6ed25d56ae3db5177a835e2ec74aee96f72799f5264,128,0.805,0.7558492024739584,0.0064671834309895,0.0122248331705729,0.8277994791666666,1.5647786458333333,0.9996208010454132,0.0258862127174787,0.9996217385985589,0.0500397072001271,0.9882029099488792,0.8302475556480133
gaussian_iid_L128_q7_W0.805_r51,905b0bd02e6bb82b0bf3bda2c1066b78ac81a822843a6580364744171c52a07c,128,0.805,0.398406982421875,0.0063858032226562,0.0121841430664062,0.8173828125,1.5595703125,0.9994777045592964,0.0206119317694029,0.9997888886201448,0.0509869731697135,0.985663082437276,0.8330202462951367
gaussian_iid_L128_q7_W0.805_r52,075d4eaaba54e34f9ef628dd1d3d7d8a63844f04b7114f2d8a56efdd6b584ada,128,0.805,0.5918833414713541,0.0060297648111979,0.0121536254882812,0.7718098958333334,1.5556640625,0.9998804906282318,0.0222904121073389,0.9998804906282318,0.0487974640661138,0.986081822016027,0.8166980539861896
gaussian_iid_L128_q7_W0.805_r53,819bb86f8f91cd6d85aa688fe66ffb8b1a8fd507cfb00ab52f2ec5a9301a5a37,128,0.805,0.422253926595052,0.0068944295247395,0.0168838500976562,0.8824869791666666,2.1611328125,0.99964276127883,0.0271420769779975,0.9996476452489352,0.0712189921953011,0.9819254887495388,0.6770597981623738
gaussian_iid_L128_q7_W0.805_r54,fa996835b7c637ffeeca41b8857a7ebf2c81ac17d0e4016dedf1179f9e2e7f1d,128,0.805,0.3775126139322917,0.0065790812174479,0.0114415486653645,0.8421223958333334,1.4645182291666667,0.9999051321240824,0.0290816135806726,0.9999051321240824,0.039110538101846,0.9814456899884036,0.8695265614581018
gaussian_iid_L128_q7_W0.805_r55,9f5ee6b51e848c6323dfc5900a348ceaf7ab04725ee7adf38875a03fc514efe3,128,0.805,0.9741007486979166,0.0062332153320312,0.0093358357747395,0.7978515625,1.1949869791666667,0.999741584266867,0.0196003051473067,0.9998346067769954,0.0349512980203755,0.99265605875153,0.9572323617542904
gaussian_iid_L128_q7_W0.805_r56,f4ad9b12ddc3f998f474365522a54693a914107fb2fff4ac166f0401e333754b,128,0.805,0.8810043334960938,0.0063349405924479,0.0113271077473958,0.8108723958333334,1.4498697916666667,0.9989474254589898,0.0223048194015819,0.9990213456750612,0.0399158633501396,0.988358089120835,0.8881903906600809
gaussian_iid_L128_q7_W0.805_r57,1a519ca033ca14266808cb731fb406ef48e8c3b544ffad893601f0190570707f,128,0.805,0.9853846232096354,0.0062891642252604,0.0082600911458333,0.8050130208333334,1.0572916666666667,0.9993204906673712,0.0202148400688956,0.9995494908403364,0.0293492799842586,0.9935301253538212,0.9716748768472906
gaussian_iid_L128_q7_W0.805_r58,99341b0602b7cd01bb132a77512dd8d6fa4e7f3aaa46ad7225982896417daca4,128,0.805,0.9767252604166666,0.0064239501953125,0.0134836832682291,0.822265625,1.7259114583333333,0.999130482624474,0.0224713506169466,0.9992895704796232,0.0534182837935225,0.9901029295328584,0.7887589588834402
gaussian_iid_L128_q7_W0.805_r59,2960a5912e037a47bd421134633efe1cbc449a748fa903c480d501515bb583e3,128,0.805,0.5768839518229166,0.0066553751627604,0.0135854085286458,0.8518880208333334,1.7389322916666667,0.999593717875954,0.0275090345192989,0.999685596372977,0.0463173989017906,0.980894153611005,0.8270310745039311
gaussian_iid_L128_q7_W0.805_r6,4bd1edfd1f7f8323ed3d7944a8f40df217db6333be4be9ebd998319f3e0b3e59,128,0.805,0.5159530639648438,0.0065587361653645,0.0095138549804687,0.8395182291666666,1.2177734375,0.9994430005187338,0.0236140223255666,0.9997534932060588,0.028222195963993,0.9860411012020164,0.9484095161721464
gaussian_iid_L128_q7_W0.805_r60,7b731450221086a51fe0ca77d3298fc554903c0e7d85bd6a2730f05977415804,128,0.805,0.5406341552734375,0.0067850748697916,0.0108489990234375,0.8684895833333334,1.388671875,0.9997694800255552,0.0226885833583168,0.9997694800255552,0.0345921616631468,0.97976011994003,0.9097515236755744
gaussian_iid_L128_q7_W0.805_r61,2ad1ea959bc4d0b52a389d8ded5950d8f2a0c8ea8b512f970c867393243699d4,128,0.805,0.3726298014322917,0.0062510172526041,0.0114084879557291,0.8001302083333334,1.4602864583333333,0.9996384202155246,0.0220684053550802,0.9996384202155246,0.0417252814230743,0.9914564686737184,0.8562193490860455
gaussian_iid_L128_q7_W0.805_r62,2f36070aa0fb030734309132ff44c27df3ddd6480e0d8fdc7a41c978f7af043c,128,0.805,0.6076736450195312,0.0067164103190104,0.0155537923177083,0.8597005208333334,1.9908854166666667,0.9992005832602352,0.0260413113403304,0.9992005832602352,0.0621419044337367,0.9882620219613782,0.710758665794637
gaussian_iid_L128_q7_W0.805_r63,fbf886097129b6e5df1df8e6bcba44235250ea2911976f5c0d8e8309121631da,128,0.805,0.5072987874348959,0.0060043334960937,0.0097274780273437,0.7685546875,1.2451171875,0.9997226362395448,0.0220557781203071,0.9997226362395448,0.0379353657902961,0.9978822532825076,0.9341176470588236
gaussian_iid_L128_q7_W0.805_r64,401970d5cd5433dacf2ef6735db1553eaac6dddaa2dc8aab7434113bc1291637,128,0.805,0.289337158203125,0.0065816243489583,0.0111490885416666,0.8424479166666666,1.4270833333333333,0.999944243091388,0.021108909064239,0.999944243091388,0.0415167866871497,0.9891808346213292,0.8613138686131386
gaussian_iid_L128_q7_W0.805_r65,903c43f016107317173d345a2523920a7005e31ed59d0a64a0dbbe7e0ae72c29,128,0.805,0.7623011271158854,0.0064366658528645,0.0107294718424479,0.8238932291666666,1.3733723958333333,0.9998996297232796,0.0254458085064702,0.999974098433752,0.033209774511453,0.9901224812327144,0.9196492059729794
gaussian_iid_L128_q7_W0.805_r66,d62e2144811f6ae1ddd7d60aff675a123a195fd09959a1ab92f7d3c06c1e0ca8,128,0.805,0.2518285115559895,0.0064595540364583,0.014556884765625,0.8268229166666666,1.86328125,0.9990239427698486,0.0236445892874973,0.9994417333425972,0.0502598689499798,0.9885826771653544,0.7756813417190775
gaussian_iid_L128_q7_W0.805_r67,63bb9bd3b489747cdf573d66fedb7c7376922061637abfa9c275084675058cae,128,0.805,0.5310236612955729,0.0061111450195312,0.0111236572265625,0.7822265625,1.423828125,0.9995424319733556,0.0202053229344423,0.9998171775049578,0.055734683556908,0.992093216812318,0.8392775491540924
gaussian_iid_L128_q7_W0.805_r68,533da9dd8521909c3b67b6bef8ddc18fd54a2f6b6ed99af1fce24a7348e1a69d,128,0.805,0.4397379557291667,0.0062535603841145,0.0102462768554687,0.8004557291666666,1.3115234375,0.9996860393974264,0.0223548801810511,0.9996860393974264,0.0345085994590627,0.9926799511996748,0.9143708116157856
gaussian_iid_L128_q7_W0.805_r69,3174407ad232418ccfd188ea4444d8135ccc8f21ff4f7990d79f6aefb7d7e1c2,128,0.805,0.5849787394205729,0.006543477376302,0.0220794677734375,0.8375651041666666,2.826171875,0.9992744760088004,0.0250757039708745,0.9992744760088004,0.0756535995246338,0.988340458608628,0.5469937802349689
gaussian_iid_L128_q7_W0.805_r7,bdfbbd4ffc9c385131fd70ae7d349898bf186255e16bfdadacf6b3ea03d576a2,128,0.805,0.3336715698242187,0.0067647298177083,0.0122350056966145,0.8658854166666666,1.5660807291666667,0.9996311324924684,0.0263861107407672,0.9998855408280268,0.0359736259488258,0.9860902255639098,0.8707129494907504
gaussian_iid_L128_q7_W0.805_r70,d9f40994977fec044398ac443b6e4bd9431f65319dc4a7670b1cb49e3768c208,128,0.805,0.4737014770507812,0.0063222249348958,0.0116246541341145,0.8092447916666666,1.4879557291666667,0.9991438514736258,0.0203239665846703,0.9998969096772244,0.0455891401953021,0.995575221238938,0.8361408882082695
gaussian_iid_L128_q7_W0.805_r71,f748abe5fcffe3a6ab545b6a2680cec95540625f654c3f429149ad185c632f17,128,0.805,0.4308446248372395,0.0063222249348958,0.0108820597330729,0.8092447916666666,1.3929036458333333,0.999403329227716,0.0285113287533457,0.999811272469098,0.040685923268384,0.9839098954143202,0.8885253563916803
gaussian_iid_L128_q7_W0.805_r72,152f2bb04064c4d811a145af16d3bc7f01ae4e84c7034c2a9da30c97e00af3e5,128,0.805,0.5044784545898438,0.0064036051432291,0.0107752482096354,0.8196614583333334,1.3792317708333333,0.9997354376019528,0.0196504314168828,0.9997354376019528,0.0366039313092851,0.9920571882446386,0.9126740618362048
gaussian_iid_L128_q7_W0.805_r73,752ab5cf17212fd3d10bbbd4c7c45347c5ce2eb3b41641885c1888d73995d812,128,0.805,0.5831171671549479,0.0061518351236979,0.013318379720052,0.7874348958333334,1.7047526041666667,0.9995717180885472,0.0223089427859026,0.9999512912352247,0.0458980448916693,0.9946258784621744,0.8291006301317548
gaussian_iid_L128_q7_W0.805_r74,ecafc2e8fd825f76d608393797b837bfb64cce3711490dd7a6f0649ed8749c0f,128,0.805,0.7462793986002604,0.006927490234375,0.013226826985677,0.88671875,1.6930338541666667,0.9996557480428891,0.0276146182332385,0.9996557480428891,0.0464723935390181,0.987151248164464,0.7985002884060758
gaussian_iid_L128_q7_W0.805_r75,106ca7f9725091a5098a398058b1b5f9bf54216080e5961ccfcf613d25510d0e,128,0.805,0.7679621378580729,0.0061264038085937,0.011639912923177,0.7841796875,1.4899088541666667,0.9999772263499772,0.0194307450956713,0.9999772263499772,0.04366748536817,0.9929431299294312,0.8405068822372733
gaussian_iid_L128_q7_W0.805_r76,980adcfd84e3f062e0b3f74c0f96fa454bc739d562cf4aacd2ad75e4dbbdfb12,128,0.805,0.9863815307617188,0.006085713704427,0.0111897786458333,0.7789713541666666,1.4322916666666667,0.9998493865320216,0.0205883797025304,0.9999711351450998,0.0463249900905851,0.9920601755119096,0.8588636363636364
gaussian_iid_L128_q7_W0.805_r77,4d04c59fb403f0b36a35bf2c61f5bdc87ae99db950f1e63c69090e2d30aa5695,128,0.805,0.7628300984700521,0.0070139567057291,0.0124486287434895,0.8977864583333334,1.5934244791666667,0.9993887686476356,0.0300363228602541,0.9999251130192192,0.0385875482166956,0.9833212472806382,0.8719101123595505
gaussian_iid_L128_q7_W0.805_r78,b130626cc6ecd69ddb61e41918238559c930e3576069b5517a6a0a513ac2f7c9,128,0.805,0.968414306640625,0.006726582845052,0.0111312866210937,0.8610026041666666,1.4248046875,0.9998700529866084,0.0236110172714468,0.9998700529866084,0.0410549459634326,0.9860113421550094,0.8917066483893078
gaussian_iid_L128_q7_W0.805_r79,2c4b6f53334782e345df87a28101aaa2288ac44d390901df19fe3eea6a244470,128,0.805,0.8478418986002604,0.0062764485677083,0.0183639526367187,0.8033854166666666,2.3505859375,0.9995436042178588,0.0190896465507268,0.9995436042178588,0.065627328490025,0.9951377633711508,0.6237363246087799
gaussian_iid_L128_q7_W0.805_r8,f871bcafae1169df9259e38bb2b56a87c75aebcccf085962baff63f7c7d93518,128,0.805,0.85888671875,0.0065816243489583,0.0126063028971354,0.8424479166666666,1.6136067708333333,0.9994242427361878,0.0210904399086268,0.9998872164187396,0.0361987846514133,0.9868624420401856,0.8644341335485173
gaussian_iid_L128_q7_W0.805_r80,544483176a615371fe369fad1dc094c3dc038bc970ab622ba2f53c9dffefc640,128,0.805,0.2806472778320312,0.006500244140625,0.012481689453125,0.83203125,1.59765625,0.9987665751967072,0.0220047767210617,0.9999924469773216,0.0644222697576315,0.985133020344288,0.7984922575387123
gaussian_iid_L128_q7_W0.805_r81,bac6139b556fd94f5ada7c55efaa6e26a68ddea5e0620098c1de19ae3073d23a,128,0.805,0.4930191040039062,0.0055948893229166,0.0130055745442708,0.7161458333333334,1.6647135416666667,0.9989598294262106,0.0210439081512696,0.9992952549205936,0.0401027819067048,0.9995454545454544,0.8240125146656238
gaussian_iid_L128_q7_W0.805_r82,caf7ba185288b93bbcd337f29f2ce1dce2fd293b8a85a045a77d9f7ced0f82da,128,0.805,0.3161671956380208,0.0068206787109375,0.0184402465820312,0.873046875,2.3603515625,0.9996718714144528,0.0202744226271078,0.3676603266866783,0.1265686576971464,0.9914243102162564,0.0
gaussian_iid_L128_q7_W0.805_r83,7a9072d9a359c508ea3f5e601e9bd40951de390333c02ca41fba828eee5e0a3f,128,0.805,0.4921468098958333,0.0060450236002604,0.013532002766927,0.7737630208333334,1.7320963541666667,0.9990062018675544,0.0229303041722005,0.9995355947322326,0.0611293363056812,0.9920067311737484,0.7336966735576019
gaussian_iid_L128_q7_W0.805_r84,9c5730ddae9010ccb5b18ef65f25ce0193a6d9c95429d66e577e4207e48366bb,128,0.805,0.6114018758138021,0.0059738159179687,0.0096282958984375,0.7646484375,1.232421875,0.9998249634320324,0.0252953999573066,0.9998249634320324,0.0349039483024097,0.9940400170285228,0.9455890121500264
gaussian_iid_L128_q7_W0.805_r85,d376633753be4da8f714b6a05d7bac9ea86f33821f75d74f6b153b3701a85fbb,128,0.805,0.5134201049804688,0.006378173828125,0.0116602579752604,0.81640625,1.4925130208333333,0.9990570261033708,0.0201824048714704,0.999983936589503,0.0495388516668886,0.9900318979266348,0.8697928026172301
gaussian_iid_L128_q7_W0.805_r86,9e3e1e4c29dad7781e3a2ec497c934de6ecdd00adfcbadc53eadd75c126f123c,128,0.805,0.9747899373372396,0.0065383911132812,0.0104878743489583,0.8369140625,1.3424479166666667,0.9997385387013704,0.0311419665711145,0.9997453554568054,0.0320879903109393,0.9867755737067287,0.918768186226964
gaussian_iid_L128_q7_W0.805_r87,07c3c423101169697471692d51d49b8fba6776bc8d24c6c7cabd5fd482b47da5,128,0.805,0.5945943196614584,0.0063501993815104,0.018310546875,0.8128255208333334,2.34375,0.9996200436359396,0.0276121328234617,0.9999784279505304,0.0689433399832978,0.9899879855826992,0.62625
gaussian_iid_L128_q7_W0.805_r88,81a6042a2598bf713b4131dd769edc433c2d5c3899908b92a522891fcd6a21f7,128,0.805,0.5791447957356771,0.0065689086914062,0.0143458048502604,0.8408203125,1.8362630208333333,0.9994061206278656,0.0242117311400095,0.999604947361456,0.0526765378003715,0.9845141308555942,0.7197305442297465
gaussian_iid_L128_q7_W0.805_r89,035f4d559696f646a377cfd70c0307005454f286521b3c4bde30bfc3d2b20c79,128,0.805,0.58782958984375,0.0066477457682291,0.0109278361002604,0.8509114583333334,1.3987630208333333,0.9991742670184632,0.0222349633764911,0.9991742670184632,0.04048000783608,0.9892884468247896,0.8985338608331394
gaussian_iid_L128_q7_W0.805_r9,21161a15d4ff8194bea20a6dfd20d0cd5e243cce96328b2d201f1f0d53dbebf4,128,0.805,0.2645543416341145,0.0062764485677083,0.0125376383463541,0.8033854166666666,1.6048177083333333,0.999231430845504,0.019935168959962,0.9996274350217824,0.0417771114251441,0.993517017828201,0.8681541582150102
gaussian_iid_L128_q7_W0.805_r90,6171109481f4cfdea0d23d00e1ed4f1212400d7430ca71a09637de322806a9bc,128,0.805,0.3729349772135417,0.0060831705729166,0.0092086791992187,0.7786458333333334,1.1787109375,0.9999565768407628,0.0356646240766374,0.9999677191696922,0.0356646240766374,0.9891304347826086,0.9395194697597348
gaussian_iid_L128_q7_W0.805_r91,5fc05b019119c0808b358c3e911167372d8508cb9a63932caeb5a2138f011e16,128,0.805,0.9837671915690104,0.0064061482747395,0.009765625,0.8199869791666666,1.25,0.999469274033223,0.0223720025846868,0.9997182028779262,0.0341779848061962,0.9884874950377134,0.92578125
gaussian_iid_L128_q7_W0.805_r92,3aa50913d9c2de4f4c16723ec076d0856c0ab7ad68e3cf1127cc03066f15d8e8,128,0.805,0.7372945149739584,0.0066706339518229,0.0197728474934895,0.8538411458333334,2.5309244791666665,0.9995818373650333,0.0189941536281903,0.9999323138686796,0.0637733256798516,0.9912314144109798,0.627524115755627
gaussian_iid_L128_q7_W0.805_r93,2a7320fd967b025a1f71131344ae0f7dd8c5226d3dc278d571d1752b21624ac9,128,0.805,0.612091064453125,0.0062204996744791,0.0093358357747395,0.7962239583333334,1.1949869791666667,0.999735771717202,0.0240932815357813,0.9998551660906676,0.0291660006452604,0.9942763695829926,0.954508308362844
gaussian_iid_L128_q7_W0.805_r94,7e319169b69139330412eaa420347d9534e4b9fb31d0b396f123eb0c5cacc198,128,0.805,0.988599141438802,0.0062332153320312,0.0123087565104166,0.7978515625,1.5755208333333333,0.9999641770357904,0.0211459795410973,0.9999641770357904,0.0386921839884959,0.9959200326397388,0.8557851239669422
gaussian_iid_L128_q7_W0.805_r95,329565c6603b0fc7f8b1675ac6c39110bec52c672b76aadc10a9f4ca329602dc,128,0.805,0.8320490519205729,0.0064722696940104,0.012433369954427,0.8284505208333334,1.5914713541666667,0.9994627490489169,0.0238402594727817,0.999854044058082,0.0439701222450886,0.9905697445972496,0.8492534260584986
gaussian_iid_L128_q7_W0.815_r0,9204ddc03de6b842503315277eb7b25545893ecb0d97b2fc09a648a5ac6bd50a,128,0.815,0.9819412231445312,0.005950927734375,0.0144627888997395,0.76171875,1.8512369791666667,0.9997208933780498,0.0189101967105455,0.9999809249216118,0.0495921768624211,0.9957264957264956,0.7847722876736416
gaussian_iid_L128_q7_W0.815_r1,a62c28ccfe9f95bd38f9c34c5f19944968859324be962a777ed1c17efd3729f3,128,0.815,0.9856796264648438,0.0060399373372395,0.0122273763020833,0.7731119791666666,1.5651041666666667,0.9989015438975156,0.0229218755563054,0.9997001003888002,0.0528063640575141,0.991578947368421,0.7737104825291181
gaussian_iid_L128_q7_W0.815_r10,6fdf14ca7344d60f8c1f0e022bbba9556a0d425cf1aaa0f35b0a203f7d6cddea,128,0.815,0.9801864624023438,0.0064163208007812,0.0211715698242187,0.8212890625,2.7099609375,0.9999303775991072,0.019719067695908,0.9999303775991072,0.0624458743307501,0.9924692826000792,0.6049249249249249
gaussian_iid_L128_q7_W0.815_r11,585ec51dc3bebb2e6c876675c82a00821e6e403710c424f3ebe2cc72ad9dba72,128,0.815,0.989903767903646,0.0061670939127604,0.0153910319010416,0.7893880208333334,1.9700520833333333,0.9996989922705436,0.0222691445360631,0.3241403412768973,0.1271684372735202,0.9896907216494846,0.0
gaussian_iid_L128_q7_W0.815_r12,a061b1fcdf3e47e23532747e1eb98388b47d30b993df018c26842a5345606053,128,0.815,0.9884821573893228,0.0070775349934895,0.0141474405924479,0.9059244791666666,1.8108723958333333,0.9995315685590028,0.0264948923743542,0.9995315685590028,0.0490039630262822,0.9831117499101688,0.774941578285098
gaussian_iid_L128_q7_W0.815_r13,29bb9dca5286baff766325a0965d178858d268c246293129f1960faa925c85ea,128,0.815,0.968775431315104,0.0066909790039062,0.0254084269205729,0.8564453125,3.252278645833333,0.9997802072208684,0.0279660424470195,0.9999484897099672,0.0683709717369452,0.9851767388825542,0.5284756280652587
gaussian_iid_L128_q7_W0.815_r14,67aaa0f61c038c814b9457080b200d2d59b766cdf041e3d9a5c3f489cbdc80d6,128,0.815,0.9780095418294272,0.0063730875651041,0.0143458048502604,0.8157552083333334,1.8362630208333333,0.9999059419018008,0.0245427555491374,0.9999059419018008,0.0702474670322342,0.9832402234636872,0.7204396383619925
gaussian_iid_L128_q7_W0.815_r15,5149891034d9f4a8111b7ef2054bac1eff0381633f2b5fd64b10cd8801368a8c,128,0.815,0.9725519816080728,0.0064722696940104,0.0102310180664062,0.8284505208333334,1.3095703125,0.999580979707198,0.0224364455459933,0.999580979707198,0.0350135027911132,0.9917485265225932,0.9224459358687548
gaussian_iid_L128_q7_W0.815_r16,9ca55e84e39131c1293eb803572dd5b088e2e23134bf707ff8283244240c29ac,128,0.815,0.986175537109375,0.0065714518229166,0.011566162109375,0.8411458333333334,1.48046875,0.9996873907875464,0.0235193889610412,0.9999423249016792,0.0453534522019142,0.9887770897832816,0.8852242744063324
gaussian_iid_L128_q7_W0.815_r17,38d93cdb242b5a3cb5019a7d600bf956c6fa2bbb3298acb8f1dca74de58b88f7,128,0.815,0.9852294921875,0.0058212280273437,0.0151163736979166,0.7451171875,1.9348958333333333,0.9998184265279184,0.017387537667084,0.999901232730139,0.0653746195380625,0.9965050240279598,0.6867429340511441
gaussian_iid_L128_q7_W0.815_r18,401860221bbb2d63e1e423ebbd87833506aaeea5fe3d4c8704b77b2d41a3658c,128,0.815,0.9175237019856772,0.0063756306966145,0.0156326293945312,0.8160807291666666,2.0009765625,0.9985832192223472,0.0194823256489348,0.9995996604811478,0.0534300112711163,0.9956122856003192,0.7320644216691069
gaussian_iid_L128_q7_W0.815_r19,1b8a6492385489c22a2c32ae6ba12730a3e874b77f67c8153de58b7de60abc23,128,0.815,0.9909693400065104,0.0066299438476562,0.0161488850911458,0.8486328125,2.0670572916666665,0.9997492930097958,0.0235754938973558,0.9998314150673678,0.0469771639049527,0.9873417721518988,0.7450393700787401
gaussian_iid_L128_q7_W0.815_r2,20a25e612b3114c600dbc57596f2d90e0aff81928d455699b366ab67928ca9c0,128,0.815,0.989344278971354,0.00628662109375,0.0107396443684895,0.8046875,1.3746744791666667,0.9981898651683696,0.0200312850765724,0.9997386181282768,0.0367577846845179,0.9939320388349514,0.8948614728865735
gaussian_iid_L128_q7_W0.815_r20,870adc3a52882bc2ccdbf307c6e2371c1feb88e9310998f20f14e046adfb77dd,128,0.815,0.9820531209309896,0.0063018798828125,0.0185267130533854,0.806640625,2.371419270833333,0.9999858777388686,0.0225353992572132,0.9999858777388686,0.0595577770009662,0.9927360774818402,0.6862045298558682
gaussian_iid_L128_q7_W0.815_r21,fc7f5ecd40a6decd441b45272577b325eea62d6ade7ba37df69172943d59be64,128,0.815,0.9899571736653646,0.0066502888997395,0.0125020345052083,0.8512369791666666,1.6002604166666667,0.9999464324400174,0.0215575230330918,0.9999464324400174,0.0465838998986138,0.9889101338432122,0.8482506102522376
gaussian_iid_L128_q7_W0.815_r22,015c028500fea2125083fd3749ae69bf4a38abc7ebb21af81fe7802cb17a5ba7,128,0.815,0.5367101033528646,0.0064748128255208,0.0120391845703125,0.8287760416666666,1.541015625,0.9993745333200889,0.0245718939602872,0.9993745333200889,0.0534835911548431,0.9956794972505892,0.8187579214195184
gaussian_iid_L128_q7_W0.815_r23,456ec3fb4caeb3a02376f2cd7d5075e7c9fa03fa93f3944b34704b9f82959f47,128,0.815,0.9856363932291666,0.0066935221354166,0.0161387125651041,0.8567708333333334,2.065755208333333,0.9992072123922116,0.0226436202328328,0.9992072123922116,0.0510087143254522,0.989741641337386,0.718562874251497
gaussian_iid_L128_q7_W0.815_r24,68a4d3d200a728a3bb83c2967e92fa03065e53d4a37d7b943cafd60bc2514509,128,0.815,0.9821497599283854,0.0061442057291666,0.0123189290364583,0.7864583333333334,1.5768229166666667,0.9995646394227228,0.0233715525417185,0.9998350215269304,0.0470954166658619,0.9929635761589404,0.8218414533443436
gaussian_iid_L128_q7_W0.815_r25,5ee31ff6cb4c3b7a82b869c756bf0677b2726c47541d6820f2dda8366ed89a0c,128,0.815,0.9885533650716146,0.0069910685221354,0.011566162109375,0.8948567708333334,1.48046875,0.9995930305516804,0.0274449232158253,0.9995930305516804,0.0399399099322094,0.9879956347762824,0.9006156552330695
gaussian_iid_L128_q7_W0.815_r26,2e1c9a41313071d5523c54e981bb431156b0b6a095ab3374829f76a296a507e4,128,0.815,0.98504638671875,0.0060958862304687,0.0110727945963541,0.7802734375,1.4173177083333333,0.9998131099874736,0.0198455168382168,0.9999236134292844,0.0359855732170988,0.9937421777221528,0.8748277446026642
gaussian_iid_L128_q7_W0.815_r27,a7b1e3a8c35d59c5009827e2a5d209133207ed52c5db7acc2befc7d8b6274bde,128,0.815,0.9829305013020834,0.0063807169596354,0.016387939453125,0.8167317708333334,2.09765625,0.9989332754968108,0.0209328200668408,0.9998435944351052,0.0459264592257177,0.9896373056994818,0.728895096213532
gaussian_iid_L128_q7_W0.815_r28,77a469609837f92b2c1ebc53266dde5d1a04d7294a157c242c114ba753521ee3,128,0.815,0.9881388346354166,0.00677490234375,0.0141576131184895,0.8671875,1.8121744791666667,0.9994954568827764,0.0300766936502853,0.999830480115704,0.0582790822053741,0.978978978978979,0.766301419076702
gaussian_iid_L128_q7_W0.815_r29,e46d30ca9963ce8802eddc9b81b84ea3a69b6cb161d3ac053fb12df8f2650d74,128,0.815,0.9766515096028646,0.006787618001302,0.0132598876953125,0.8688151041666666,1.697265625,0.9997976516923854,0.0206567112440326,0.9999355692470177,0.0516810278038791,0.9925065567628324,0.7930571538166475
gaussian_iid_L128_q7_W0.815_r3,822ee548ec76a5a286da39be5da7e9592833272b085cf355f0a10645996afd4e,128,0.815,0.990198771158854,0.006573994954427,0.0186996459960937,0.8414713541666666,2.3935546875,0.9998522804464834,0.0255596941761216,0.9999077011359548,0.0579168208483292,0.990715667311412,0.6239630082959337
gaussian_iid_L128_q7_W0.815_r30,eef6a3a515d4536ef1d9a6c7cd5cd2eebda3bcceef370a7624f2637f78cbeca8,128,0.815,0.9903996785481772,0.006146748860677,0.0116958618164062,0.7867838541666666,1.4970703125,0.999291531436134,0.0213403081402226,0.9993910520827292,0.0555291974418612,0.9937939594538684,0.8384431398130028
gaussian_iid_L128_q7_W0.815_r31,46df9e5b3fc98fdc1b11fae7429ad8f3d79ed6ef210b8e1feb2df5b09d1292c0,128,0.815,0.989331563313802,0.0064036051432291,0.0134023030598958,0.8196614583333334,1.7154947916666667,0.9993631757906168,0.0214269471284581,0.9993631757906168,0.0452389452520474,0.9900714853057982,0.7925996204933586
gaussian_iid_L128_q7_W0.815_r32,ec695363b293552934c9a052643bad6c3225c73161ad92fcf29fa8e5e2c6bffd,128,0.815,0.9853363037109376,0.0068333943684895,0.0119501749674479,0.8746744791666666,1.5296223958333333,0.9995977121935898,0.0224278124121496,0.9998017438082892,0.0374261771124299,0.9910681056940828,0.8940200042562247
gaussian_iid_L128_q7_W0.815_r33,e4b9c6854581569044022c27be3fdd00fd29b26b3ef273cb29cccbbdf43df490,128,0.815,0.987780253092448,0.0063934326171875,0.0114618937174479,0.818359375,1.4671223958333333,0.9996909653595146,0.0206670104243819,0.9996909653595146,0.0349591809240478,0.9908512330946698,0.8950521411138229
gaussian_iid_L128_q7_W0.815_r34,c389b88b541c1c9488b4ef0e1900b2c633aacc6483a0b8090fd08a1f6a0cca94,128,0.815,0.98846435546875,0.0066808064778645,0.0132090250651041,0.8551432291666666,1.6907552083333333,0.9992555684132424,0.0236037967890718,0.9996219501345384,0.0482761688678616,0.9832508564902932,0.8315363881401617
gaussian_iid_L128_q7_W0.815_r35,04aca21a6c547873713b9cf6f56b7a123f5a0ac56cd84f8538d20852495c8d62,128,0.815,0.6541315714518229,0.0060017903645833,0.0129852294921875,0.7682291666666666,1.662109375,0.9993198959612628,0.0194386763032865,0.9999312151897568,0.0480986301506122,0.9966101694915256,0.7806502154328241
gaussian_iid_L128_q7_W0.815_r36,0d708312dff7044ecc3883a86101c0cc281fb8344fdf3c324b5c9127ca940b6e,128,0.815,0.9888331095377604,0.0070164998372395,0.0127054850260416,0.8981119791666666,1.6263020833333333,0.9997355960774724,0.0237435108656879,0.9998776302086488,0.0389096233090904,0.9836897426603842,0.8630904723779024
gaussian_iid_L128_q7_W0.815_r37,c70d04a629415817a05b5148a743b39b19587c97675186fc16ec178cbb12a1d5,128,0.815,0.988024393717448,0.0061620076497395,0.0209732055664062,0.7887369791666666,2.6845703125,0.9999502935767296,0.0200352409806198,0.9999502935767296,0.0589708021404502,0.992158481221626,0.5951255001818844
gaussian_iid_L128_q7_W0.815_r38,5fb069b2cd8fb89d950cd0b552c54d34b9da032e1b0c9c4801721448d0f3f007,128,0.815,0.9863739013671876,0.0059534708658854,0.0101877848307291,0.7620442708333334,1.3040364583333333,0.9993687577147782,0.0188306962503992,0.9993687577147782,0.036394966253277,0.9957283212302436,0.9196205691462804
gaussian_iid_L128_q7_W0.815_r39,853c07059f49e671e3755f786bbeba8be3af9b68ad6f153a0d2e8809b4bf9008,128,0.815,0.9875590006510416,0.0067113240559895,0.01568603515625,0.8590494791666666,2.0078125,0.9997397303189596,0.0208489749422607,0.9998779153551528,0.0638373440298788,0.9916635089048882,0.7464332036316472
gaussian_iid_L128_q7_W0.815_r4,1ace8192b58ad0063ac4bece20b0f8658ed28003418703882ad0b67d874e1cd6,128,0.815,0.988489786783854,0.0062840779622395,0.0105794270833333,0.8043619791666666,1.3541666666666667,0.9993491594938628,0.0182946757898699,0.9997845226138472,0.0379252203650906,0.9939295831647108,0.90625
gaussian_iid_L128_q7_W0.815_r40,62e83524ccf08a01be334c4799e13bb04f64dd0977b5dde751c16b916c6ac2db,128,0.815,0.9686787923177084,0.0066858927408854,0.0267613728841145,0.8557942708333334,3.4254557291666665,0.999871452636316,0.0224254455283046,0.9999027979776884,0.0741144167293926,0.98592620768353,0.5162976337546327
gaussian_iid_L128_q7_W0.815_r41,544d707770e0347f1e9365e92c4c05e53ea534e72ebcc39b7ba4cb0bd2f53c6d,128,0.815,0.9738820393880208,0.0063196818033854,0.0107091267903645,0.8089192708333334,1.3707682291666667,0.9994829945480668,0.0204679723996298,0.9996838093336752,0.0384423554839503,0.993158953722334,0.9033483733080028
gaussian_iid_L128_q7_W0.815_r42,8fe6b34f138b98a648a0cec57e44c9359120e1110b699a05ed8a35fa5084cadb,128,0.815,0.5876719156901041,0.0066935221354166,0.0127766927083333,0.8567708333333334,1.6354166666666667,0.9990749637135048,0.0247888248052519,0.9990749637135048,0.0382401757103124,0.9870820668693008,0.8748009554140127
gaussian_iid_L128_q7_W0.815_r43,f2483df612eb7a59304a40bfd1baffc3409dabbe618dc88a0b0230defa90b7eb,128,0.815,0.989367167154948,0.0062103271484375,0.0117162068684895,0.794921875,1.4996744791666667,0.9998518611567222,0.0237150080567584,0.9998518611567222,0.0362319010141655,0.991809991809992,0.87584111135229
gaussian_iid_L128_q7_W0.815_r44,366a6638548aeff050c3465229b4e80fd3077a2510f1e4d636cb2c3a9ae3e83c,128,0.815,0.9831949869791666,0.0062128702799479,0.0114110310872395,0.7952473958333334,1.4606119791666667,0.9997214695087868,0.0195485848544373,0.9999375129832728,0.0446331408714666,0.9946786737617684,0.8707376866503231
gaussian_iid_L128_q7_W0.815_r45,36ccaf14f475fc56c4dfbca51b44884e16e8a9a38d69a3f2be3e1891b5bbf2d5,128,0.815,0.8177820841471354,0.0063680013020833,0.0115509033203125,0.8151041666666666,1.478515625,0.9996475984564528,0.0261128066323411,0.9996475984564528,0.0433998849036197,0.9880191693290736,0.8837516512549538
gaussian_iid_L128_q7_W0.815_r46,88b78608eca84acfa72417355b2c3fe519d0f6e116bb8dc310cacc112a696aa3,128,0.815,0.5724309285481771,0.0068333943684895,0.013092041015625,0.8746744791666666,1.67578125,0.9996777305312364,0.0209354371378872,0.9996777305312364,0.0361464005058379,0.9880908075921102,0.8562548562548562
gaussian_iid_L128_q7_W0.815_r47,c9a98582ac0915c260ffc92873b6ccf21936242b95254ce89d02b1289dee1648,128,0.815,0.9844818115234376,0.0064188639322916,0.0126800537109375,0.8216145833333334,1.623046875,0.9995152258349944,0.0209427014618609,0.999880456609675,0.0485221672550553,0.9893026941362916,0.8212996389891697
gaussian_iid_L128_q7_W0.815_r5,984658cc42b9cec3af46f352792a596493b31b8066950ad784ae9d9620caa001,128,0.815,0.9845606486002604,0.0061848958333333,0.0132293701171875,0.7916666666666666,1.693359375,0.9991643981623672,0.0297915851830534,0.9996022669507254,0.0408965704627936,0.9880756578947368,0.8352556708958093
gaussian_iid_L128_q7_W0.815_r6,4c4a28ae82d4cb40fc8c419811df8deefabe46d362aeb73e8bf5293f0a9cf299,128,0.815,0.5181299845377604,0.0067113240559895,0.0099461873372395,0.8590494791666666,1.2731119791666667,0.9994430005187338,0.0236140223255666,0.9997534932060588,0.029902399873862,0.9856006062902616,0.9401687547941704
gaussian_iid_L128_q7_W0.815_r7,210f3436f75f31718c87a13b20fe4874821a517543b2a5f4d3aca982efb6db40,128,0.815,0.984532674153646,0.0068130493164062,0.013379414876302,0.8720703125,1.7125651041666667,0.9995594535834876,0.0218239664171643,0.9998855408280268,0.0401778308638087,0.9832026875699889,0.8378635240448584
gaussian_iid_L128_q7_W0.815_r8,ab25f3f81ccf25d06e0c0a7dfb8dd8bf70a3cc7a4b8b007275bf2c2a68116a98,128,0.815,0.986254374186198,0.0066706339518229,0.0143330891927083,0.8538411458333334,1.8346354166666667,0.9994242427361878,0.0210904399086268,0.9998872164187396,0.0494239791487398,0.9862752573389248,0.808374733853797
gaussian_iid_L128_q7_W0.815_r9,adcce6e7546f301e4416379afdf93c5d700ba3f8a39bb540884abd7a1e018a6c,128,0.815,0.9845809936523438,0.0064722696940104,0.0141932169596354,0.8284505208333334,1.8167317708333333,0.999231430845504,0.0235291194301042,0.9996274350217824,0.0417771114251441,0.9917485265225932,0.816520336857194
gaussian_iid_L128_q7_W0.84_r0,89cbc8c3c0be4ba4d02aff17db3fa223b6aa52bd12df38fe6d01f2a53d5c7ab5,128,0.84,0.9905980428059896,0.006500244140625,0.031982421875,0.83203125,4.09375,0.9997208933780498,0.0233258850738463,0.9999809249216118,0.0879464192188372,0.988262910798122,0.4277989821882951
gaussian_iid_L128_q7_W0.84_r1,2e73ca9a00c6fd0591b44f44e190ba22e96f363c03c4b0ef7737b7722dfe3330,128,0.84,0.990636189778646,0.0063273111979166,0.0128835042317708,0.8098958333333334,1.6490885416666667,0.9989015438975156,0.0233494447769863,0.4597995968664892,0.0860905511755877,0.990353697749196,0.0
gaussian_iid_L128_q7_W0.84_r10,54a0dc50b7dcd8562f16df24d2f8695ca5621850d4b7292d52a1d97b776ebd93,128,0.84,0.9900309244791666,0.0068639119466145,0.0649490356445312,0.8785807291666666,8.3134765625,0.9999303775991072,0.0258425872980367,0.6760829712271789,0.2350166782207815,0.9844386809929604,0.0
gaussian_iid_L128_q7_W0.84_r11,d06d81c374661b929a19cf4f95b6dfd5115569a291dd721e2073780940b981c8,128,0.84,0.9909032185872396,0.0063323974609375,0.0275421142578125,0.810546875,3.525390625,0.9996989922705436,0.0212233965563299,0.3971327441198571,0.1493742156626364,0.9911646586345382,0.0
gaussian_iid_L128_q7_W0.84_r12,f9dc7877b9ee905136b47320476aaa050398caaa782df4561a31e7baacbfef09,128,0.84,0.990687052408854,0.0074310302734375,0.0304183959960937,0.951171875,3.8935546875,0.9995315685590028,0.0293107300218563,0.9995315685590028,0.0763771508680707,0.9767282683093772,0.4582392776523702
gaussian_iid_L128_q7_W0.84_r13,d9536e2259b1f2ee289b70a4725b5672ad249620391318429b16b46a53dfc52a,128,0.84,0.9897028605143228,0.006696065266927,0.040540059407552,0.8570963541666666,5.189127604166667,0.9997404812444706,0.0237030282620305,0.5688381680657981,0.1620623419231315,0.9832890239270794,0.0
gaussian_iid_L128_q7_W0.84_r14,8729b57bdff852a37514b5016c146bee3a42481de02715094b8cbe3b8cde68bf,128,0.84,0.9898656209309896,0.0074462890625,0.034454345703125,0.953125,4.41015625,0.9999059419018008,0.0288723379673317,0.6199040595899312,0.163560174564265,0.9641393442622952,0.0
gaussian_iid_L128_q7_W0.84_r15,7bc25d330675f6f1affa955c07ad825cc8e720e14019a173948fa971bab860ce,128,0.84,0.9895782470703124,0.0066680908203125,0.0133158365885416,0.853515625,1.7044270833333333,0.999580979707198,0.0224364455459933,0.348972477806183,0.1083311358331535,0.9881769641495042,0.0
gaussian_iid_L128_q7_W0.84_r2,273996bcce96fff5a31330df73e6d0e0884d1b76f93371927061b13d702bda6f,128,0.84,0.991236368815104,0.0065231323242187,0.0151901245117187,0.8349609375,1.9443359375,0.9981898651683696,0.0200312850765724,0.4977820186595116,0.108634090936345,0.9933723196881092,0.0
gaussian_iid_L128_q7_W0.84_r3,e4d1a2afad30a67b622f7f74ce59bc7310020459ae3ed89dafe33f1555cfe068,128,0.84,0.992101033528646,0.0073140462239583,0.0279464721679687,0.9361979166666666,3.5771484375,0.9998763522763174,0.0255596941761216,0.9999317729657888,0.0756416645592287,0.978789986091794,0.5118755118755118
gaussian_iid_L128_q7_W0.84_r4,34bff3f68af35ddd158d620f56e2f288488a0c8890085a0ec40b962f6f125d3c,128,0.84,0.99163818359375,0.0066502888997395,0.0295689900716145,0.8512369791666666,3.7848307291666665,0.9993491594938628,0.0215289232774776,0.5808962506664332,0.1452421981901347,0.9931166347992352,0.0
gaussian_iid_L128_q7_W0.84_r5,a8d2fc1ae747cfe6270799afc77c4d78950c074bc54d9fe1d787cd1138d464c2,128,0.84,0.9910990397135416,0.0066146850585937,0.0392939249674479,0.8466796875,5.029622395833333,0.9991643981623672,0.024311174547821,0.6192019349425558,0.1588744599661641,0.9830834294502114,0.0
gaussian_iid_L128_q7_W0.84_r6,e5299f384deb07fa59f85d9b8af1f6106816ea9c92ef8d4fb6c4e4e081ece84d,128,0.84,0.987452189127604,0.0070648193359375,0.0252329508463541,0.904296875,3.229817708333333,0.9994430005187338,0.0253020685906449,0.5630994032788842,0.1150204967016456,0.9769618430525558,0.0
gaussian_iid_L128_q7_W0.84_r7,92852a87dec5768b5a300f4bd294702a008e407b5339b8ce22f0c0d28439a35a,128,0.84,0.9892374674479166,0.0071487426757812,0.016217549641927,0.9150390625,2.0758463541666665,0.9995594535834876,0.0233105008836335,0.9998855408280268,0.0425603001206555,0.976876556385628,0.7771679473106476
gaussian_iid_L128_q7_W0.84_r8,b2de12d5a8930646856a6485727371fcc70b5f7e05f58f336333ab5964c1ba0e,128,0.84,0.9888737996419272,0.0071080525716145,0.0570068359375,0.9098307291666666,7.296875,0.9994003303430452,0.0237558109896866,0.9187178152100962,0.2141465378942484,0.9821109123434704,0.0
gaussian_iid_L128_q7_W0.84_r9,fe214cf025cbbc8e8d57e76552b17048848309be48fa15d532363ff8b79a8a3f,128,0.84,0.9910837809244792,0.0071360270182291,0.0165786743164062,0.9134114583333334,2.1220703125,0.999231430845504,0.0248330018185388,0.9996274350217824,0.046291907661443,0.9825374198146828,0.7602393005062126
new_q7_sigma24_L128_W0.84_r001,359a1046e2b77eb30de7617e05c28d8eb4db3bd544277dbb53aa0dfae2882b77,128,0.84,0.9908548990885416,0.0068944295247395,0.0158615112304687,0.8824869791666666,2.0302734375,0.9998135643654732,0.026636811318712,0.9998384627083834,0.0550617796381137,0.9811877535964588,0.7314413981080647
new_q7_sigma24_L128_W0.84_r002,1772aa066c907bee4705d201721395beec9d1536be8aa5f3e509b90139cfb0a2,128,0.84,0.9903996785481772,0.006940205891927,0.0424245198567708,0.8883463541666666,5.430338541666667,0.9997462155833604,0.0225117612894809,0.5752063664489724,0.1734322513451641,0.9853426163429828,0.0
new_q7_sigma24_L128_W0.84_r003,34c35fd8b721f50d82335059c08cfe5d02c97e3d61333d64686055faedfd4cd4,128,0.84,0.9908854166666666,0.0071029663085937,0.0803451538085937,0.9091796875,10.2841796875,0.9999306257756688,0.0237696642669114,0.9999306257756688,0.1432958427805147,0.9849624060150376,0.1873199759440382
new_q7_sigma24_L128_W0.84_r004,dd3643db04d75128f57aa9da2dc038e8860455f7f5f1038c374d5dd8bda4e35b,128,0.84,0.9924214680989584,0.0071207682291666,0.0337702433268229,0.9114583333333334,4.322591145833333,0.9995131933880174,0.0268730468558748,0.7113516772389443,0.1377837222661755,0.9832142857142856,0.0
new_q7_sigma24_L128_W0.84_r005,d7be89aa79261d26c9439d05ff001c10ff79c341a563c5ecf39fb50b4d30fcf0,128,0.84,0.9911905924479166,0.0066324869791666,0.0262476603190104,0.8489583333333334,3.359700520833333,0.9996975455069722,0.0215578729503932,0.7595351514070156,0.1164257076588095,0.9900306748466258,0.0
new_q7_sigma24_L128_W0.84_r006,29a729619eb02296c4dcd0a3f49c0136e695224b1b0f77ba64adc14e1d0dbd43,128,0.84,0.9864934285481772,0.0068995157877604,0.0277608235677083,0.8831380208333334,3.5533854166666665,0.998976093831206,0.0323053743009786,0.7409110314603857,0.1339810154123932,0.97493549576115,0.0
new_q7_sigma24_L128_W0.84_r007,138804e475f58df699561cc5372d0d9e16c8f7c9aa1a7178525962c58b42fad6,128,0.84,0.991467793782552,0.0068130493164062,0.0183308919270833,0.8720703125,2.3463541666666665,0.999412469439523,0.021173103035381,0.9995231355850036,0.0570743443107022,0.9906681597611048,0.6939511653718091
new_q7_sigma24_L128_W0.84_r008,da297f1314db71b17370b24916860bfa90df1d317b6dcdb959829a815947e756,128,0.84,0.990247090657552,0.0065180460611979,0.0307693481445312,0.8343098958333334,3.9384765625,0.9999122399955344,0.024195078697504,0.5481516894105205,0.138018951578819,0.9871244635193132,0.0
gaussian_iid_L128_q7_W0.86_r0,12880612526cf2813d6de14482d1fbc9c049457471199b7d9326cf3941889e0e,128,0.86,0.9920628865559896,0.0068130493164062,0.0774434407552083,0.8720703125,9.912760416666666,0.9998183458101476,0.0233258850738463,0.9994587667467046,0.191061128393769,0.9832026875699889,0.0
gaussian_iid_L128_q7_W0.86_r1,63d33b056ad2397c9558fa18ccde476b7e71c9541929309b5f6fb51b29db01d7,128,0.86,0.9922765096028646,0.006591796875,0.1252365112304687,0.84375,16.0302734375,0.9989985043759834,0.0233494447769863,0.999909899304785,0.23196564310478,0.9888117283950616,0.0
gaussian_iid_L128_q7_W0.86_r10,5b32c891e4c40d2685902aa77e12b7507f90954d8723a865678a0f0a233e0d02,128,0.86,0.9921849568684896,0.0078887939453125,0.1257451375325521,1.009765625,16.095377604166668,0.9999303775991072,0.0302841778922475,0.9999499070398564,0.3113422318851273,0.95357833655706,0.0
gaussian_iid_L128_q7_W0.86_r11,e364d0f4c1095730ad695551cdefa9f59f15c8e26bf680a8a18fad2d1d93a691,128,0.86,0.9923502604166666,0.0066808064778645,0.1512171427408854,0.8551432291666666,19.35579427083333,0.9996989922705436,0.0212233965563299,0.9999461489335156,0.2786526154291188,0.98743814236772,0.0
gaussian_iid_L128_q7_W0.86_r12,64a8cac6f4a4e5cdaa0526c2cee518d64cc2481c48b35afd0013720b2674872e,128,0.86,0.9921315511067708,0.0075937906901041,0.0844675699869791,0.9720052083333334,10.811848958333334,0.9995315685590028,0.0293107300218563,0.829197080430167,0.2394431276623475,0.9768921634293368,0.0
gaussian_iid_L128_q7_W0.86_r13,6a4d62c3867543d138748c6b2a3aa5d4e9a04e3c091a3e710a50ce0400b436af,128,0.86,0.990832010904948,0.007123311360677,0.09686279296875,0.9117838541666666,12.3984375,0.9997404812444706,0.0237030282620305,0.9995750269251792,0.1979640948727666,0.9807211710103536,0.0
gaussian_iid_L128_q7_W0.86_r14,642f37c7114b5428374da0d23eb9b8360fa772059c314a39aa8f3d1e8ffd1a96,128,0.86,0.9915084838867188,0.0075531005859375,0.1350809733072916,0.966796875,17.290364583333332,0.9999059419018008,0.0245427555491374,0.9999166429417448,0.2548147996496243,0.967003367003367,0.0
gaussian_iid_L128_q7_W0.86_r15,66c32cc6438ecf79e06e5b5461dfe90ac5d14b97800d94b99914c4e8d96530df,128,0.86,0.991236368815104,0.0071792602539062,0.1622568766276041,0.9189453125,20.76888020833333,0.999580979707198,0.0223493281355389,0.999986826526186,0.2299808074702237,0.9861849096705632,0.0956866555907338
gaussian_iid_L128_q7_W0.86_r2,af3aa0ce2b2561e960e4d81593a4ecff58ade5c3347c34080ba3ca1c7aa1080a,128,0.86,0.992993672688802,0.0070139567057291,0.160430908203125,0.8977864583333334,20.53515625,0.9981898651683696,0.0264191425187279,0.999979541562398,0.3076399251321978,0.9869470630891952,0.0
gaussian_iid_L128_q7_W0.86_r3,22435d0824a644bcc138707414128b5ddd726425cb8b051f8754a3311f7503a2,128,0.86,0.992828369140625,0.0078455607096354,0.1490402221679687,1.0042317708333333,19.0771484375,0.9998522804464834,0.0260311139089435,0.9999404510812208,0.329699896349678,0.973743922204214,0.0
gaussian_iid_L128_q7_W0.86_r4,ef1f4cecbd133c3af082163344a3adf704f241923c8db1588bf662f5b7112906,128,0.86,0.992950439453125,0.0072809855143229,0.1801554361979166,0.9319661458333334,23.05989583333333,0.9993984515098784,0.0256007861758916,0.99998138177746,0.3496246804808842,0.9856793573174992,0.0
gaussian_iid_L128_q7_W0.86_r5,3285cc4b7afdf0e668be797cb0818a8ea8f5a4b2ca7c2b0908e47d3fbd173ff2,128,0.86,0.99163818359375,0.006757100423177,0.1089808146158854,0.8649088541666666,13.949544270833334,0.9991643981623672,0.026236355159841,0.9999560134851014,0.1765462730178019,0.9838163342115168,0.0
gaussian_iid_L128_q7_W0.86_r6,56a748486ca86edf146d3c25ba80bfe083f717ee13e85d0c4c9ac3af8e39347e,128,0.86,0.9903182983398438,0.0075403849283854,0.0431772867838541,0.9651692708333334,5.526692708333333,0.9994430005187338,0.0253020685906449,0.8192930359257292,0.149959672813165,0.9747048903878583,0.0
gaussian_iid_L128_q7_W0.86_r7,1c9e750b72bad9a6512fff352c2f1db5a818d25c3f818ea6ffbca20455305f64,128,0.86,0.991912841796875,0.0073420206705729,0.1424306233723958,0.9397786458333334,18.231119791666668,0.9996311324924684,0.0303632939136714,0.9999714644803994,0.2567320690766893,0.9695185313474196,0.0
gaussian_iid_L128_q7_W0.86_r8,742e1a176856022ada3bc60acdfb083ed1dc6c8682567dde95c0f6909828c98a,128,0.86,0.9903182983398438,0.0076828002929687,0.2104263305664062,0.9833984375,26.9345703125,0.9994003303430452,0.0261132376994506,0.9999832436416506,0.3183954178412829,0.9748427672955976,0.0
gaussian_iid_L128_q7_W0.86_r9,742eba760c241d8df05160c2996a059f3831c30bf87347495d1b12a4a27e5602,128,0.86,0.9924265543619792,0.0073165893554687,0.075116475423177,0.9365234375,9.614908854166666,0.999231430845504,0.0248330018185388,0.9998998746840788,0.1081764273714469,0.984011122697254,0.2074347428648813
new_q7_sigma24_L128_W0.86_r001,4cb57be9506a2cde3747a8575ce5a48b34575bd358b3ae1f24deab82d1c0800e,128,0.86,0.9931208292643228,0.0067011515299479,0.1113433837890625,0.8577473958333334,14.251953125,0.9999289992017965,0.0238673516082181,0.9518198072169572,0.2134652812205546,0.9821631878557876,0.0
new_q7_sigma24_L128_W0.86_r002,6e7e2447f30f1302193f984de946abdb431ca39d26b08f42799170b80f8c2431,128,0.86,0.9933013916015624,0.0077972412109375,0.1544062296549479,0.998046875,19.76399739583333,0.9999582597684914,0.0321783519515391,0.9999931997286384,0.2942816139331171,0.9690150032615786,0.0
new_q7_sigma24_L128_W0.86_r003,02d933e3835afa24fcb8059c22c9a74854d6217efe23f71edb6b78b41c0af936,128,0.86,0.9916661580403646,0.0073343912760416,0.1727727254231771,0.9388020833333334,22.114908854166668,0.9998199237303992,0.0258821003267848,0.9999702073766096,0.3002774400173709,0.9840499306518724,0.0
new_q7_sigma24_L128_W0.86_r004,0ba8c8b1f2d0395e5f5b2f3f7b9e210493de791d1c69847c9383635792cbe3f0,128,0.86,0.9903335571289062,0.0079854329427083,0.1580937703450521,1.0221354166666667,20.236002604166668,0.9998098172384328,0.0286747690977465,0.9999491959703254,0.2754625691087911,0.9703821656050956,0.0
new_q7_sigma24_L128_W0.86_r005,e170b7e3aa4ee9090dafef280df31813f0bd763e442c42ae7e42e8ec56c4bda8,128,0.86,0.9934005737304688,0.006909688313802,0.1087519327799479,0.8844401041666666,13.920247395833334,0.999696790407844,0.0237176270115619,0.9998816216125822,0.2363011040936656,0.9838056680161944,0.0
new_q7_sigma24_L128_W0.86_r006,4b0da9f224fb45fa00608d1397a5e0607e19d2b5a8522ac9a4d181cd978eff1a,128,0.86,0.9919484456380208,0.0075276692708333,0.126922607421875,0.9635416666666666,16.24609375,0.9990986618018411,0.0272482432826782,0.9999710462264296,0.2629276569303088,0.9837837837837838,0.0
new_q7_sigma24_L128_W0.86_r007,b82d803f67c1102fb85498b913791392e8b90fb80c51e673203c299d4926ebe8,128,0.86,0.9919382731119792,0.0073115030924479,0.099957784016927,0.9358723958333334,12.794596354166666,0.999545363865992,0.023831355757104,0.9999535245376974,0.1765807922839413,0.9885217391304348,0.1565195267777636
new_q7_sigma24_L128_W0.86_r008,607f6b0078fc99e5272d4185167faca8b38c50621ec207e4e348c08f71f9423b,128,0.86,0.9910710652669272,0.0077667236328125,0.2143096923828125,0.994140625,27.431640625,0.9995951571619748,0.0214971079264689,0.9999696858785744,0.3467655055832493,0.9767518009168304,0.0
new_q7_sigma24_L128_W0.88_r001,ae89f216b2223f533559abea936756523717fbe17ef709983b50a9930a47450a,128,0.88,0.993194580078125,0.0088678995768229,0.2756220499674479,1.1350911458333333,35.279622395833336,0.9996801606112636,0.0404991999694366,0.9999854818805644,0.3694299811323932,0.9320332664181245,0.0
new_q7_sigma24_L128_W0.88_r002,205bbf68e740bd22c994281fa5d1d38563958142d65bbb69f996d918221847d2,128,0.88,0.9940694173177084,0.0074615478515625,0.2621536254882812,0.955078125,33.5556640625,0.9996117313362606,0.0251922165812553,0.9999843836568992,0.4220006676949123,0.983299250170416,0.0
new_q7_sigma24_L128_W0.88_r003,5a3569296bbb30f5e0f7f3e4c76b8b5953b7c5059e220835117fcffb332165c3,128,0.88,0.9933090209960938,0.007794698079427,0.3869476318359375,0.9977213541666666,49.529296875,0.9997539208641772,0.0253950572697406,0.9999811200631132,0.4489449260265552,0.9823817292006524,0.0405444483878176
new_q7_sigma24_L128_W0.88_r004,b6cd38ab52ba675ce33dff66085922d2b86458b327a6a6396818e1e4ff23c02b,128,0.88,0.993250528971354,0.007232666015625,0.3905741373697917,0.92578125,49.993489583333336,0.9994419196080346,0.0236622059643136,0.9999909885465232,0.4820058278161794,0.9732770745428974,0.0
new_q7_sigma24_L128_W0.88_r005,10a4f34432c18f1a2317cdd664a3b824bd255ed60436e2015878df60b4b9041b,128,0.88,0.9923553466796876,0.0075785319010416,0.386945088704427,0.9700520833333334,49.52897135416666,0.9998707970266602,0.0289476867898972,0.9999899038956452,0.4876738368119668,0.9832214765100672,0.0
new_q7_sigma24_L128_W0.88_r006,e9c428ded1e02484a09f5fa2a83df54a228f50ce7e54d890d7ad5a5c8c956536,128,0.88,0.9927927652994792,0.00750732421875,0.9561564127604166,0.9609375,122.38802083333331,0.9997744596372848,0.0222368773320116,0.9999901974063106,0.99995885810426,0.98340108401084,0.0168228823116369
new_q7_sigma24_L128_W0.88_r007,3ab9ff6af199951c1e0960021bfc36c28a14170300753644f0809e8d8d249052,128,0.88,0.993189493815104,0.0077133178710937,0.9288406372070312,0.9873046875,118.8916015625,0.9997332934762658,0.0275467244721455,0.9999977721183368,0.9992373295467872,0.9818661391361688,0.0171779812997111
new_q7_sigma24_L128_W0.88_r008,7c1a8124d511c19748329896556fdc381a9db53b70c578a03281ce5845086c6f,128,0.88,0.993604024251302,0.00799560546875,0.5383122762044271,1.0234375,68.90397135416667,0.9995411320876144,0.0231405889567091,0.9999947199710624,0.6240130734928506,0.9713740458015268,0.0
new_q7_sigma24_L128_W0.88_r009,ec288ba5201b532b53e68cf356854c4ad8e480675ea2c75c600faff1260f951b,128,0.88,0.9934158325195312,0.0082244873046875,0.414655049641927,1.052734375,53.07584635416666,0.9992889646778872,0.0332979230535834,0.9999926074034002,0.4935434864640254,0.9672232529375386,0.0
new_q7_sigma24_L128_W0.88_r010,5c535d523c835cf527b58193a61e565a9861d000ac883a2e2821650e23f4b144,128,0.88,0.993212381998698,0.0073140462239583,0.3946024576822917,0.9361979166666666,50.509114583333336,0.99998733175778,0.0235632274439623,0.999985149027795,0.5127614839738214,0.9853963838664812,0.0
new_q7_sigma24_L128_W0.88_r011,e66c02974e3d4894a47e6a347d3913785a2a5fefd2950875720935cfaea1ddca,128,0.88,0.9919204711914062,0.0088272094726562,0.5001347859700521,1.1298828125,64.01725260416667,0.9996592877284944,0.0307677276623311,0.999984104673266,0.6198711160226269,0.944108326130798,0.0
new_q7_sigma24_L128_W0.88_r012,6b02ad408d971aac45d9ad34ea7ddc9a4c5d392a212ab46ce84bf2b7ef58990d,128,0.88,0.993334452311198,0.007965087890625,0.4486262003580729,1.01953125,57.424153645833336,0.9996934338584036,0.0297654911544862,0.9999836744508784,0.4870599464962779,0.9661558109833972,0.0347265131202276
new_q7_sigma24_L128_W0.88_r013,934f18d9b62a16f98bf8c16b62ee4c32d9efa41489a39073ed4b72892daeefde,128,0.88,0.992279052734375,0.0078125,0.382123311360677,1.0,48.91178385416666,0.9995861681441376,0.0338092598936043,0.9999829970228608,0.4740408833499646,0.974609375,0.0402310707654219
new_q7_sigma24_L128_W0.88_r014,5cbe68a69f7bc8c87ba9eaf48ac54c97704715aacdd07de110f0268ad78da60c,128,0.88,0.993176778157552,0.0075734456380208,0.3557586669921875,0.9694010416666666,45.537109375,0.999522036055873,0.0315631805906,0.9999947168440912,0.4544726916491075,0.958025520483546,0.0
new_q7_sigma24_L128_W0.88_r015,8d5b835f8d1d964a8aa6ba05e761d4e642422c5181e95a5dec5265a9dbaf006f,128,0.88,0.9935455322265624,0.0077616373697916,0.4084065755208333,0.9934895833333334,52.27604166666666,0.99981450472921,0.0267516907805341,0.9999951477950132,0.5508091128063358,0.9741153342070772,0.0
new_q7_sigma24_L128_W0.88_r016,207b348e94cf38cd925fad28a719ef75a471272a7aeaa464985509d4883fc952,128,0.88,0.9925689697265624,0.008282979329427,0.5201975504557291,1.0602213541666667,66.58528645833333,0.9998148724984643,0.044260532400521,0.9999918872732356,0.6012192022091831,0.9505680073687442,0.0
new_q7_sigma24_L128_W0.88_r017,b6cdd3ded0d439f9764d1c589906f6da00f65ac248c3a148f8187c3bfe83d3ca,128,0.88,0.9921773274739584,0.0074742635091145,0.5390294392903646,0.9567057291666666,68.99576822916667,0.9997670261970584,0.0233542312282016,0.9999981978429672,0.6005977666793765,0.9806056481796528,0.0291807223231346
new_q7_sigma24_L128_W0.88_r018,0178d0e7ed2fe178555da1f30f11aba587967849f30c83205ad9fce4c04848f5,128,0.88,0.9936141967773438,0.007703145345052,0.3330866495768229,0.9860026041666666,42.635091145833336,0.9997747407807284,0.0221514287010673,0.9999853111794986,0.4576819112747119,0.9755694948827996,0.0
new_q7_sigma24_L128_W0.88_r019,1a3567b147c0e7b5642416c8454ce071803b1cb0f37c6ae499bfbdb313b7b866,128,0.88,0.992467244466146,0.0090662638346354,0.5286280314127604,1.1604817708333333,67.66438802083333,0.9995034072734572,0.0389305270538309,0.9999977065939636,0.5723097742403366,0.9065918653576438,0.0301301325379453
new_q7_sigma24_L128_W0.88_r020,b46c3e3646bf927fbaa637d5e5dad05e12f65376d9f71aec1de4b227501c9afb,128,0.88,0.9937693277994792,0.0076217651367187,0.3442179361979167,0.9755859375,44.059895833333336,0.9998240688627612,0.0303827718285066,0.9999898674362854,0.4541370590577823,0.9763096429763096,0.0
new_q7_sigma24_L128_W0.88_r021,a3773623a253e4531a6b13ba82e17072940bc3b879a77c239e68a4f8a7a7ee0c,128,0.88,0.9940160115559896,0.0078608194986979,0.9715525309244792,1.0061848958333333,124.35872395833331,0.9997561330915524,0.0331740216776998,0.9999968393372224,0.999974349559624,0.9731478485926884,0.0159045101170065
new_q7_sigma24_L128_W0.88_r022,3bfc9869a2231eaf51df592c39107b89d0fd15428d2ac9a1dd988a2419f0900d,128,0.88,0.9939778645833334,0.0071055094401041,0.3817291259765625,0.9095052083333334,48.861328125,0.9997131712754176,0.0274685892888713,0.999987818299561,0.4886097188307549,0.986757337151038,0.0
new_q7_sigma24_L128_W0.88_r023,5818e158b04d269ab806cec80320b8175694a0ff72b8cea88d13df67b77b16a4,128,0.88,0.9932657877604166,0.0085118611653645,0.433087666829427,1.0895182291666667,55.43522135416666,0.9998203138470504,0.0319406178423712,0.9999898392700816,0.525485192154589,0.9584702718852705,0.0
new_q7_sigma24_L128_W0.88_r024,ec75cde5cdf23ad462a6f69bc14477489ddfc59abc0f78ee48d847949a481675,128,0.88,0.993456522623698,0.0075302124023437,0.6372807820638021,0.9638671875,81.57194010416667,0.99974415653218,0.0234296454374194,0.9999854384487952,0.6888579959286948,0.9736575481256332,0.0242189401769431
gaussian_iid_L128_q7_W0.9_r0,4200cbabafc6d3c61acba2327bab721ef7152938da12ade0c30289cf77a55f76,128,0.9,0.9937947591145834,0.0073013305664062,0.9791539510091146,0.9345703125,125.33170572916669,0.9997208933780498,0.0281653945717644,0.9999966967019124,0.999915641977386,0.9797979797979798,0.0161108932286458
gaussian_iid_L128_q7_W0.9_r1,c76114432689e4749d5ad9551356b16c75a33ba44ea0f3275788f91d0a7aad58,128,0.9,0.9936091105143228,0.0075251261393229,0.975903828938802,0.9632161458333334,124.91569010416669,0.999797060867268,0.0299774036656367,0.9999868112102036,0.9999576293544375,0.9763433592429877,0.0156042747582353
gaussian_iid_L128_q7_W0.9_r2,4336495c6e4d7c82c87d818bcc60ada981a556006bc9c8f9195f9afc1081cf17,128,0.9,0.9942398071289062,0.0080591837565104,0.9783528645833334,1.0315755208333333,125.22916666666669,0.9996175010901596,0.0280532639795668,0.9999983798140732,0.9999296028018184,0.9646576207005364,0.0158485484944268
gaussian_iid_L128_q7_W0.9_r3,e2b348c07c48e027a40da8503acd68bf4a75ebf438a393c4c5786fe3b6c39153,128,0.9,0.994433085123698,0.008771260579427,0.9788843790690104,1.1227213541666667,125.29720052083331,0.9998522804464834,0.0288672228626153,0.9999961745910168,0.99998347976712,0.9588286459843433,0.0161906716582708
gaussian_iid_L128_q7_W0.9_r4,999089f6bf1fde2022dbfdc70cb20e770479a1b19abb266431cf60bc44691402,128,0.9,0.994847615559896,0.0085042317708333,0.9763971964518228,1.0885416666666667,124.97884114583331,0.9993984515098784,0.0286660484520278,0.9999942794849056,0.999966846551906,0.9578349282296652,0.0161772174977535
gaussian_iid_L128_q7_W0.9_r5,3ceb9e08ba63798fab81023cc2473245f0629a520e978b72ccf7ab0f00a38ece,128,0.9,0.9939295450846354,0.0075047810872395,0.9715576171875,0.9606119791666666,124.359375,0.9995114243603196,0.0240346978637657,0.999990610081276,0.9999342112581956,0.9756014910199932,0.0159803367257193
gaussian_iid_L128_q7_W0.9_r6,fecf8ef2050ea55d22a670d419af53326d8caf57e294af430d5e9d3d6d0a96f8,128,0.9,0.9934514363606772,0.00799560546875,0.9763819376627604,1.0234375,124.97688802083331,0.99938810848583,0.0263853434819555,0.999996373998944,0.9999819012091944,0.9666030534351144,0.0160029588804179
gaussian_iid_L128_q7_W0.9_r7,44983cb8fbd8d2de17720c1d45b513c215e1a864c9edddf3b7f6a38d03f4af48,128,0.9,0.9939066569010416,0.0082677205403645,0.9753977457682292,1.0582682291666667,124.85091145833331,0.9996311324924684,0.0303632939136714,0.9999956672200117,0.999919946521736,0.957551522608428,0.015776629417378
new_q7_sigma24_L128_W0.9_r001,202d206dac6bdce13e1f655683b90718c22e27b78bba771e76654c88b4410298,128,0.9,0.9941991170247396,0.0084457397460937,0.9396565755208334,1.0810546875,120.27604166666669,0.9990309002145614,0.0265430618191467,0.999993155213588,0.9997904732332112,0.962059620596206,0.0163171740354219
new_q7_sigma24_L128_W0.9_r002,ac9fa25057c53cc3e8a1f34d5e0b2bfeede92a3dbd3ef004aecb69dab3b91506,128,0.9,0.9928258260091146,0.0077285766601562,0.9721832275390624,0.9892578125,124.439453125,0.9997767805577596,0.0443064873308656,0.9999983609408,0.9997989067018588,0.9552484369858506,0.0163153516550782
new_q7_sigma24_L128_W0.9_r003,349e0cba03d4937c74db6c90b02ec54c6bb9f2161a14750e2aa878316b981047,128,0.9,0.9940567016601562,0.0082651774088541,0.9761810302734376,1.0579427083333333,124.951171875,0.9997133131977348,0.028935836443954,0.999997917293192,0.9999976189356574,0.968,0.0160609613130128
new_q7_sigma24_L128_W0.9_r004,7766f8ea98515503a24211d09d5355c08482c4e1065183398111064a1ea23aa6,128,0.9,0.99322509765625,0.0075759887695312,0.9778111775716146,0.9697265625,125.15983072916669,0.9995962674212496,0.0275331896038421,0.9999904166660488,0.999914216966627,0.978180597515945,0.0159275509699836
new_q7_sigma24_L128_W0.9_r005,7236e429126c95a220f0f260e4435756ae57e05ce32b12b31c9ec92f569484ae,128,0.9,0.9940643310546876,0.0073191324869791,0.9660466512044272,0.9368489583333334,123.65397135416669,0.9999058998857272,0.0298779595021617,0.9999882840811692,0.9999256852339692,0.9763724808895066,0.0160346438866439
new_q7_sigma24_L128_W0.9_r006,77dbae36e2869f18b45fefb9ff7147a054e34b6d8af60965b7d2cf3fb8f97d83,128,0.9,0.9952723185221354,0.008679707845052,0.9808324178059896,1.1110026041666667,125.54654947916669,0.999625999360496,0.0287163824384294,0.9999968086701756,0.9999781398195068,0.9463814825666568,0.0160444307312557
new_q7_sigma24_L128_W0.9_r007,191e1d6ff56334adc5f9a6fdd850fac5d83aa2ac125d2b481bb9793fa9b1fca0,128,0.9,0.9936014811197916,0.0090103149414062,0.9771219889322916,1.1533203125,125.07161458333331,0.9994774599599496,0.0334247590953082,0.9999971559101442,0.9999822061740148,0.9316963025684448,0.0156967362448597
new_q7_sigma24_L128_W0.9_r008,b10b28e9ee223113dd83fc06b64c10afc557f2f9ec1e151aaf7dcb8d290bb5f5,128,0.9,0.9940821329752604,0.0080362955729166,0.9752655029296876,1.0286458333333333,124.833984375,0.9991873162314308,0.0282961175268467,0.9999961192567768,0.9999883565709596,0.9693037974683544,0.0158882891340061
new_q7_sigma24_L128_W0.9_r009,729523d22870e0506289783dd9837aef7abfc419589c6d80ace33b4b0fd36e89,128,0.9,0.9939982096354166,0.0087254842122395,0.9472478230794272,1.1168619791666667,121.24772135416669,0.9998385890545488,0.0314911222599955,0.999992191631036,0.9998721520971056,0.9513261439813464,0.0164978401119007
new_q7_sigma24_L128_W0.9_r010,9d3c394480d5d4ade97fd9ad60bc5c097b91dd1a3a3ba936278b56bf9902788e,128,0.9,0.9938583374023438,0.0083211263020833,0.9714279174804688,1.0651041666666667,124.3427734375,0.9998127354790634,0.0267619049815608,0.999996877524327,0.9999372817425044,0.9691320293398532,0.01592487584461
new_q7_sigma24_L128_W0.9_r011,10d660ec4f850d8346843961210fe41b59fd61a6fa1ea5729d743de5656641ef,128,0.9,0.9936192830403646,0.0075429280598958,0.9547831217447916,0.9654947916666666,122.21223958333331,0.9987743052566358,0.0210976717793427,0.9999936738801988,0.999913557816998,0.9787592717464598,0.0161092702884113
new_q7_sigma24_L128_W0.9_r012,2dfd0d49ad48d3db47894dc9c39a498e2b67d8381ab55f661fa25056ae1fa697,128,0.9,0.9942067464192708,0.0084559122721354,0.9781443277994792,1.0823567708333333,125.20247395833331,0.9998318053248304,0.0338208481256305,0.9999966979563965,0.9999723745424088,0.9651127819548873,0.0159637254239227
new_q7_sigma24_L128_W0.9_r013,760f8dd319dda530de964132dd75f2fa9903b9f88e74bc2914b7acf605b2682b,128,0.9,0.993944803873698,0.0075937906901041,0.9772796630859376,0.9720052083333334,125.091796875,0.9999222399445332,0.0339201482878579,0.9999978802984052,0.9999928267907664,0.97052913596785,0.0155614886984037
new_q7_sigma24_L128_W0.9_r014,73ddbbdf32792186f8555f96d5c0187613728b6bfcb27abf30087489922ae1ac,128,0.9,0.993860880533854,0.0109151204427083,0.9771906534830728,1.3971354166666667,125.08040364583331,0.9998754441025386,0.0429395034264875,0.999996548041808,0.9999425334901272,0.8725535880708295,0.0162707841570656
new_q7_sigma24_L128_W0.9_r015,f5afd2fd4d3fa0eee9e7e48cde720ee5e7b592d023c71d27f0269f5cd3451e31,128,0.9,0.994397481282552,0.0079905192057291,0.9791437784830728,1.0227864583333333,125.33040364583331,0.9998729781166986,0.0289347216061856,0.9999994094344162,0.9999649501364192,0.9630808402291534,0.0157656195213173
new_q7_sigma24_L128_W0.9_r016,b882fa27e562656139600073e8afc27bf5ff856d546433ccac56bad69bf3de68,128,0.9,0.9942830403645834,0.0079065958658854,0.9633967081705728,1.0120442708333333,123.31477864583331,0.9998401577677296,0.026217884190633,0.999990655006764,0.9999008101624406,0.974589900289482,0.0161473828146654
gaussian_iid_L256_q7_W0.7975_r16,449d0a480607791be34346762a9e8f3eb672e6961c76bbd61b2857cc7c71da58,256,0.7975,0.5803680419921875,0.0030879974365234,0.0048688252766927,0.79052734375,1.2464192708333333,0.9998973760713232,0.0127927880787991,0.9998973760713232,0.01597137008752,0.9913526868437308,0.936798119613476
gaussian_iid_L256_q7_W0.7975_r42,135ba1be8b69d10665206edde56cb78befbc09c5447688ad2ce87aba58e1391e,256,0.7975,0.4076862335205078,0.0030142466227213,0.0057093302408854,0.7716471354166666,1.4615885416666667,0.9999159352918244,0.0117310071129939,0.9999159352918244,0.0258130623347138,0.9915629614005484,0.8465478841870824
new_q7_sigma24_L256_W0.7975_r001,7cbc8cc915967dded7c2cbf171f124be1dafc33691cde9c2295a834582cd1b49,256,0.7975,0.3159599304199219,0.0030956268310546,0.0067259470621744,0.79248046875,1.7218424479166667,0.9999356873066768,0.0129757134623392,0.9999356873066768,0.0348411623634866,0.98870404600534,0.7238869458360904
new_q7_sigma24_L256_W0.7975_r002,be78420a96045d342e72a70114b3d36204d731d3cf622e423880a90f8324a3dd,256,0.7975,0.5508219401041666,0.0031445821126302,0.0052528381347656,0.8050130208333334,1.3447265625,0.999565070969276,0.0132523061539873,0.9998933639683342,0.0199520775693313,0.990497371613425,0.9104333091261196
new_q7_sigma24_L256_W0.7975_r003,080390d15f1782f75e9a7630f5ce5b6c7ef03d6508a48ec8b9b40f3f19a8b54b,256,0.7975,0.3268489837646484,0.0030403137207031,0.0058542887369791,0.7783203125,1.4986979166666667,0.9999019806611584,0.0138615514528338,0.9999068073182648,0.0255214455299499,0.9907988289418652,0.8469808861859253
new_q7_sigma24_L256_W0.7975_r004,a339a54f3b221af6a75e81d012e24db8a7fd63ea30918d597c0bd8b5ad86cb9f,256,0.7975,0.7718270619710287,0.0032641092936197,0.005340576171875,0.8356119791666666,1.3671875,0.9996540432553572,0.0131716316341836,0.9997769590293872,0.0186303670031637,0.9908453447604209,0.919047619047619
new_q7_sigma24_L256_W0.7975_r005,b26215dd4880f0397c83919354c42ad61b42c18805d8455850004900f61a66db,256,0.7975,0.418191909790039,0.0030574798583984,0.0059496561686197,0.78271484375,1.5231119791666667,0.9998702366459336,0.0100736080388103,0.9998702366459336,0.0229368720896607,0.9950093574547724,0.8452660824962599
new_q7_sigma24_L256_W0.7975_r006,71f3fc9fa6b1217f31a9a084b5977519a28d93e28820396c615ac5feaf7fba0c,256,0.7975,0.401577631632487,0.0031579335530598,0.0058212280273437,0.8084309895833334,1.490234375,0.9996637423204958,0.0111941721296289,0.9997130006115736,0.0274160203890132,0.9893295751962956,0.8298383573612932
new_q7_sigma24_L256_W0.7975_r007,cc2e73afe64a4196006dcb17321a70fec78b97ab96d565f00bef67bd048de014,256,0.7975,0.621985117594401,0.0032265981038411,0.0070234934488932,0.8260091145833334,1.7980143229166667,0.9999836333553648,0.0123290624833106,0.9999836333553648,0.0272167031957989,0.9911330049261085,0.8009414320630035
new_q7_sigma24_L256_W0.7975_r008,c12ea251fc784383d73a415d2e1ba2d34894258969053e109aac765473fb35b9,256,0.7975,0.6688219706217448,0.0029989878336588,0.004736582438151,0.7677408854166666,1.2125651041666667,0.999820364540796,0.0106535386492655,0.999820364540796,0.0203955601505114,0.9953360186559254,0.9201342281879196
new_q7_sigma24_L256_W0.7975_r009,ef21eafde9bea2f150ccd2d3d94ed1483e59f9e653af596da048b9810a01db61,256,0.7975,0.522240956624349,0.0030422210693359,0.0056749979654947,0.77880859375,1.4527994791666667,0.9999407840140287,0.00959994257186,0.9999581671395068,0.0230888110264267,0.9970741901776384,0.8620882814250505
new_q7_sigma24_L256_W0.7975_r010,15cbeadecb70566a0f63240c37c0e97e9a1b111173f106fa5f93d36a387d67f4,256,0.7975,0.8344408671061198,0.0030924479166666,0.0065886179606119,0.7916666666666666,1.6866861979166667,0.999161201005228,0.0101664997180954,0.9997611701382382,0.0293258138881465,0.9944490131578948,0.7929171089452861
new_q7_sigma24_L256_W0.7975_r011,4362a92f7cf0bc8f1d34f53aeaf6709da648ad51e22e67674ec821a29112efe8,256,0.7975,0.3425833384195964,0.0029627482096354,0.0051390329996744,0.7584635416666666,1.3155924479166667,0.999868276320378,0.0113110041174009,0.999868276320378,0.0178695445364128,0.9946351931330472,0.8913769639985154
new_q7_sigma24_L256_W0.7975_r012,68cd2b74be054dc9f13c344df212229b98ded75814bf6e8982d258ea59c744e8,256,0.7975,0.3711961110432942,0.0032424926757812,0.0056660970052083,0.830078125,1.4505208333333333,0.999735699860108,0.0121511500563654,0.9999586563372286,0.0218626931484354,0.9907843137254904,0.8937387791741472
new_q7_sigma24_L256_W0.7975_r013,b0654fee9ed637a31f651334a643a080c55517f7814da4e0d5089364869f2129,256,0.7975,0.3633702596028645,0.0031325022379557,0.0081418355305989,0.8019205729166666,2.084309895833333,0.9996928336817712,0.0097059450656952,0.9998530798777304,0.0388272623633773,0.9959407347270144,0.6468061846009683
new_q7_sigma24_L256_W0.7975_r014,dcbdc6088f5be041b3538ac9bb2e0850e097b7fb6f412e16c659919433ecaffe,256,0.7975,0.425686518351237,0.0030358632405598,0.0060113271077473,0.7771809895833334,1.5388997395833333,0.9998485134322492,0.0108242140246832,0.9998485134322492,0.0324882035445591,0.9912041884816754,0.8194606028556319
new_q7_sigma24_L256_W0.7975_r015,09a21afbe1d063a13d23ee616a8a0f16bb69224cc30e783421736e5110fd4a5c,256,0.7975,0.4025548299153645,0.0029754638671875,0.0046869913736979,0.76171875,1.1998697916666667,0.9997219419713168,0.0105702392676222,0.9997219419713168,0.0180003661127385,0.9948717948717948,0.9357026587086272
new_q7_sigma24_L256_W0.7975_r016,bf08e2d1ed33667a1f4278249fd5059fb4e2c77df824cd42fb2afc8c42519bc2,256,0.7975,0.5075194040934244,0.0030167897542317,0.0049947102864583,0.7722981770833334,1.2786458333333333,0.9999269264584962,0.0121923724503396,0.9999884048926764,0.0207036729343971,0.99072708113804,0.9140784114052952
new_q7_sigma24_L256_W0.7975_r017,0f977f8bc8e38b9cf375cabed6269e06bb8b6537eede17e142b079cadb763784,256,0.7975,0.5748850504557291,0.0033378601074218,0.0063527425130208,0.8544921875,1.6263020833333333,0.999925513404858,0.0176914560353417,0.9999514152378104,0.0261056443150492,0.9685714285714284,0.8055444355484388
new_q7_sigma24_L256_W0.7975_r018,04b970da878b69396400f4486dff76cde1de3d1c8de1bfaf84072f671a65d52c,256,0.7975,0.8019587198893229,0.0030778249104817,0.0054473876953125,0.7879231770833334,1.39453125,0.9994753419764278,0.0106944222074827,0.9999543284574852,0.0238473278111843,0.989464986573022,0.8709150326797386
new_q7_sigma24_L256_W0.7975_r019,7b94807e192ca4dea1eaadf346aa06bad654a6844b46a00548c5efcdc6075793,256,0.7975,0.6731529235839844,0.0030015309651692,0.0055497487386067,0.7683919270833334,1.4207356770833333,0.9998554457385506,0.0104010344285628,0.9998735185447248,0.0215212246735858,0.9949163312857444,0.8830335662733417
new_q7_sigma24_L256_W0.7975_r020,0594049cc300c30e34e3cc6df0d32e73c04b6176a2fd9f3924853ceff725d789,256,0.7975,0.394995371500651,0.0029837290445963,0.0057214101155598,0.7638346354166666,1.4646809895833333,0.9997776904607896,0.0108159915131059,0.9997776904607896,0.0219677074884611,0.994459833795014,0.8496499611067897
new_q7_sigma24_L256_W0.7975_r021,e88360b7f96134136e661bfebeb39c0ddfad224d586febceadf0e5625b3546d5,256,0.7975,0.328985850016276,0.002902348836263,0.0046488444010416,0.7430013020833334,1.1901041666666667,0.9998695744441864,0.0105192411599629,0.9998695744441864,0.0176333265873003,0.9934282584884996,0.9273796498905909
new_q7_sigma24_L256_W0.7975_r022,d472fe3f861ed27d26c06663261f3d31f821796650dee8a0b65323b04aa8c073,256,0.7975,0.3064072926839192,0.0030975341796875,0.0058218638102213,0.79296875,1.4903971354166667,0.999627904187616,0.0110049131434074,0.999912589577268,0.0211334061144509,0.9936371100164204,0.8444905536747843
gaussian_iid_L256_q7_W0.805_r16,a2359c4e0eab5dba89a2f9e9312cb3015140c1a68e6f14b33a15c804828a56dd,256,0.805,0.649511973063151,0.0031382242838541,0.0066337585449218,0.8033854166666666,1.6982421875,0.9998973760713232,0.0127927880787991,0.9998973760713232,0.027700828890131,0.9902755267423016,0.7880966072455434
gaussian_iid_L256_q7_W0.805_r42,c03fcdc41302a9605c907f8192c9823f23a8aa7c6c7aaa996dea33e509d41831,256,0.805,0.5677712758382162,0.0030453999837239,0.0059967041015625,0.7796223958333334,1.53515625,0.9999159352918244,0.0131097797682196,0.9999159352918244,0.0288799710709087,0.9920668058455114,0.806509754028838
new_q7_sigma24_L256_W0.805_r001,22e463304a7a2dbebc1c7b8973d8302de8adade47b5f01cfbccd58e833d1ff02,256,0.805,0.9916057586669922,0.0032672882080078,0.0062821706136067,0.83642578125,1.6082356770833333,0.9999896552866157,0.0157235870114269,0.9999896552866157,0.0216094007425151,0.9891029383148472,0.8612488614512701
new_q7_sigma24_L256_W0.805_r002,73fa39a348fe777a1e01258cef24c0765db017e2bb540bd26bdf0ef300a79215,256,0.805,0.9883136749267578,0.0031782786051432,0.0054187774658203,0.8136393229166666,1.38720703125,0.9999020402057376,0.0140569222148164,0.9999270698049548,0.0175884318367181,0.9881976395279056,0.9128241229613986
new_q7_sigma24_L256_W0.805_r003,62ebe51fb6554ed78ddfe84adfc0a569089488f5b96c20068ef40fa4ef2cf943,256,0.805,0.8758773803710938,0.0031490325927734,0.0052089691162109,0.80615234375,1.33349609375,0.9998613365744784,0.0099633325038308,0.9998915039635128,0.0197787851983458,0.9929335756107408,0.9063834981081412
new_q7_sigma24_L256_W0.805_r004,431370f98ae07750807675607cdecdf18336788158389778c7f64174a8c13fd5,256,0.805,0.451303482055664,0.0032615661621093,0.0060787200927734,0.8349609375,1.55615234375,0.999865660513012,0.0125574444531064,0.9999358311272376,0.024971702376728,0.9892787524366472,0.839451940173622
new_q7_sigma24_L256_W0.805_r005,d51042f7b0a595fc64572fe576572a6f24ebb71b1a848b731c89025606acdd81,256,0.805,0.7413864135742188,0.0031057993570963,0.0071773529052734,0.7950846354166666,1.83740234375,0.9995886648440152,0.0100955378762096,0.9995886648440152,0.0300647990259991,0.9938587512794268,0.7525024359996457
new_q7_sigma24_L256_W0.805_r006,44ea669c0c4cbe3d9b43b762e6995a21005186183283ca2e2b5039c7123cf16c,256,0.805,0.9876015981038412,0.0032024383544921,0.0072256724039713,0.81982421875,1.8497721354166667,0.9998629753958224,0.0151991341583793,0.9998894527126156,0.025612439069843,0.9880881477069684,0.7551253849538055
new_q7_sigma24_L256_W0.805_r007,1d349e6072895b1cfb8d14a2872738b8e2ab4757ba9202b4c32b8bbca2d3e09b,256,0.805,0.9860121409098308,0.0032704671223958,0.0053730010986328,0.8372395833333334,1.37548828125,0.999566946208528,0.0112136093305025,0.999566946208528,0.019098495241549,0.9916407465007776,0.906283280085197
new_q7_sigma24_L256_W0.805_r008,301ddf59e211b6ad044134434e1802a06de38f806feca6f1ee856894ed0a3832,256,0.805,0.6801033020019531,0.0030600229899088,0.0051549275716145,0.7833658854166666,1.3196614583333333,0.9996478836707536,0.0106362349676401,0.9996478836707536,0.0240993857573912,0.9956368169540828,0.8801184015786877
new_q7_sigma24_L256_W0.805_r009,743d30882dcb171a91b6ef4a220442d723d17390b1adb0b2db66fb36d47dc29b,256,0.805,0.8356825510660807,0.0032596588134765,0.0068473815917968,0.83447265625,1.7529296875,0.9998642469403825,0.0157531442630888,0.9998642469403825,0.0256386670510418,0.98751706651063,0.784958217270195
new_q7_sigma24_L256_W0.805_r010,93e39e06e05a10f1498dfa02b737ff7d22fd37d36facd7f3fed0b8b23dad3b07,256,0.805,0.9935067494710288,0.003204345703125,0.0055618286132812,0.8203125,1.423828125,0.9999531135486388,0.0124376611094483,0.9999669447229418,0.0197715920588655,0.9906746031746032,0.8775720164609053
new_q7_sigma24_L256_W0.805_r011,96fe5cc36cb8642cc4aea1427678bed00b171674bc01807c805061d55b1ffd94,256,0.805,0.9912573496500652,0.0030129750569661,0.0074901580810546,0.7713216145833334,1.91748046875,0.9992072425499108,0.0107225223120671,0.9998835064633872,0.0338647584097877,0.9902933108250686,0.727782021899669
new_q7_sigma24_L256_W0.805_r012,10f7272be833c2d5a57196110925c8dfaa948d269f4fa09540030b61cf3f5e1f,256,0.805,0.9898242950439452,0.0031903584798177,0.0058975219726562,0.8167317708333334,1.509765625,0.9998972275059256,0.0120804406658242,0.999924269279276,0.0184039168407075,0.9894380231167796,0.876886589047003
new_q7_sigma24_L256_W0.805_r013,587e8b507ea27a4cba327e376338c6862c2779b6f4fcc43e53c820935b493d3b,256,0.805,0.9916795094807944,0.0030396779378255,0.0057646433512369,0.7781575520833334,1.4757486979166667,0.9996934807706048,0.0113889414581008,0.9996934807706048,0.0194199838308684,0.9947709684166492,0.8862909451858387
new_q7_sigma24_L256_W0.805_r014,6d30738b8a4c99a5b535079111049f6f98155b0288bf3affabe4ed872acc4b04,256,0.805,0.5061238606770834,0.0031992594401041,0.0067348480224609,0.8190104166666666,1.72412109375,0.9998565561481856,0.0114263260040421,0.9998565561481856,0.0250852762790042,0.989268680445151,0.8068535825545171
new_q7_sigma24_L256_W0.805_r015,967c183c2ab08eb34489bab955394e9a35cb785848c5d82ca7d7f699721040d1,256,0.805,0.98350461324056,0.0033238728841145,0.0056978861490885,0.8509114583333334,1.4586588541666667,0.9996818245066054,0.015345001891562,0.9999265526040833,0.0216389170152303,0.9818286151491966,0.8855166257531801
new_q7_sigma24_L256_W0.805_r016,01de4761db5e56428aefff814bfb1f21ef5d2fbbb158ac2be2c5da922c349d71,256,0.805,0.5496145884195963,0.0029621124267578,0.0072263081868489,0.75830078125,1.8499348958333333,0.9997810746915198,0.010191554335305,0.9999291035515704,0.0253341970706545,0.9946340416398368,0.7779341896885448
new_q7_sigma24_L256_W0.805_r017,2f1825e96fc43b27ad0c23b567c2b9838271f57734b490e266d2486636f0c6bb,256,0.805,0.763641357421875,0.0030403137207031,0.0048484802246093,0.7783203125,1.2412109375,0.9993346190594022,0.011728473896714,0.999774515544108,0.0188900423278348,0.991844416562108,0.9235510097036456
new_q7_sigma24_L256_W0.805_r018,70db0adf8985ea4b4a4e1f7531b3478fe8fc35e10b587825dd42ddc860363b6e,256,0.805,0.9061997731526692,0.0031782786051432,0.0063533782958984,0.8136393229166666,1.62646484375,0.9999116437259004,0.011914977200411,0.9999116437259004,0.0300987846729188,0.9933986797359472,0.8107675372760933
new_q7_sigma24_L256_W0.805_r019,286b348e0f07e600835ae59552d5ec56011b2db91935d7ab778313ab52115039,256,0.805,0.9915510813395182,0.0030860900878906,0.0052998860677083,0.7900390625,1.3567708333333333,0.9995336529733592,0.0109613990328409,0.9999161110788076,0.0216439473325557,0.9954676555418212,0.9015115163147792
new_q7_sigma24_L256_W0.805_r020,82a6b3075f9194791b476abfec8c21b8e67fae7874ed8299bff5c98c70e62df4,256,0.805,0.9915733337402344,0.0032437642415364,0.0056711832682291,0.8304036458333334,1.4518229166666667,0.9996958928738996,0.0129545780452519,0.9996958928738996,0.019749307878121,0.9915719325754606,0.8929372197309418
new_q7_sigma24_L256_W0.805_r021,25c25b013a71b3744438707c59ea31a92f12cf6d3d36282aa88a161be8fbe732,256,0.805,0.6038907368977865,0.0029862721761067,0.0051034291585286,0.7644856770833334,1.3064778645833333,0.9989743225722704,0.0107355256464864,0.9998986569288276,0.0217646389858775,0.9951032573983394,0.9038245920019932
new_q7_sigma24_L256_W0.805_r022,83a4d52c306f5a3ca5770b5f3f54100b5fce02bf015183de92331da23395505e,256,0.805,0.7178484598795573,0.0030047098795572,0.0047461191813151,0.7692057291666666,1.2150065104166667,0.9997264076958284,0.0101531726834593,0.9998866485449028,0.0185391062927986,0.993017350825222,0.9429336905559276
new_q7_sigma24_L256_W0.815_r001,41f97afce23b8240fe85492612f96f3844c9e607b338f6b47a56b50ab77dfb7c,256,0.815,0.9939047495524088,0.0034020741780598,0.0074081420898437,0.8709309895833334,1.896484375,0.9995969814331488,0.0148123312747456,0.9996816289998272,0.029184178347125,0.9801906185759672,0.7767765190525232
new_q7_sigma24_L256_W0.815_r002,c6dbe0c5e81624661f26da9cf491f4a61af8741023c6ce8b2c5e1635b5de8e56,256,0.815,0.9927043914794922,0.0032183329264322,0.0069471995035807,0.8238932291666666,1.7784830729166667,0.9998045577377616,0.0163172168463784,0.9999145109064695,0.0247769422440538,0.9857763729751088,0.8077239864555688
new_q7_sigma24_L256_W0.815_r003,184403eabd0840c7423c354426bbd89657b4567a959a8be43c90af7bd1cb04ec,256,0.815,0.9933465321858724,0.0030771891276041,0.0084241231282552,0.7877604166666666,2.156575520833333,0.9997350045747329,0.0105246942776637,0.9999302309199732,0.0352389055777632,0.9952479338842976,0.6402264150943396
new_q7_sigma24_L256_W0.815_r004,d508ed3eba7fa3e83235280f5208b0ff786f6e8eb6b6a3f6967a555dab88bdb1,256,0.815,0.9902133941650392,0.0031859079996744,0.0063883463541666,0.8155924479166666,1.6354166666666667,0.9993374781201364,0.0139867417449512,0.9995691912505726,0.0230628184142256,0.9796447814807424,0.8379777070063694
new_q7_sigma24_L256_W0.815_r005,9917b379bdce4e310dabc66aa5022c14be51e6e795ec8eeb8c3e11934f3ab666,256,0.815,0.9929345448811848,0.003369649251302,0.0076624552408854,0.8626302083333334,1.9615885416666667,0.9997017867131984,0.0145998525156978,0.9999088677683212,0.0299377910327661,0.9833962264150944,0.732243611018918
new_q7_sigma24_L256_W0.815_r006,baa6c00498b73a1de5f09b5e8ecc291d5f28c67fd46972d1c88a495a0f93822d,256,0.815,0.9931017557779948,0.0030879974365234,0.0066452026367187,0.79052734375,1.701171875,0.999422623811846,0.0120822147701643,0.9998729841964066,0.0225290659770552,0.9946469013794524,0.7933409873708381
new_q7_sigma24_L256_W0.815_r007,7437c4fa2f10ebf150385f55e40618d76151f1268abba1db4ee8e7d73e8cc05a,256,0.815,0.9934469858805338,0.0032787322998046,0.0054772694905598,0.83935546875,1.4021809895833333,0.9996452718201518,0.012026628804769,0.9996452718201518,0.0187085477192593,0.9891409734341672,0.9024956471271038
new_q7_sigma24_L256_W0.815_r008,76af8b04d354d96f98eb923987b9376d5bdd7033b8baf3cc9d839333c394df15,256,0.815,0.9922434488932292,0.0033073425292968,0.0064601898193359,0.8466796875,1.65380859375,0.9998892545194938,0.0134441476133339,0.999976262591832,0.0273694857247456,0.9901960784313726,0.8209821867926386
new_q7_sigma24_L256_W0.815_r009,45a12b5e84e3c0fb41a011ad15ec97d62cf06bfb26e4582b4036d09238c4e0c7,256,0.815,0.9928080240885416,0.0032018025716145,0.0075397491455078,0.8196614583333334,1.93017578125,0.9997640854838704,0.0141577157439422,0.9998859189212822,0.0279616916414037,0.988085782366958,0.7451724428703937
new_q7_sigma24_L256_W0.815_r010,c3eefd4d3518e2065a41a4b42a783196ac13b38ad17aaac1fe2a8db2266d2f31,256,0.815,0.9935595194498698,0.0032889048258463,0.0062052408854166,0.8419596354166666,1.5885416666666667,0.9988911734485554,0.0109177724201184,0.9998710195578864,0.0239230710967286,0.9887879373670984,0.8565573770491803
new_q7_sigma24_L256_W0.815_r011,f618f62ee5d0cbe3d78c4eb0aa0ee7ce30479b397aa53bc1441111b991b71c7f,256,0.815,0.9914690653483073,0.0030740102132161,0.0056629180908203,0.7869466145833334,1.44970703125,0.9999305518117796,0.0103287310963604,0.9999305518117796,0.0215697528788811,0.9958634953464324,0.8741439317390817
new_q7_sigma24_L256_W0.815_r012,ec43a201e383812ece24acba90500aa03637561290788723ddf2c0958a93735a,256,0.815,0.990423838297526,0.0032100677490234,0.0064970652262369,0.82177734375,1.6632486979166667,0.9999723653483208,0.0144785812009293,0.9999905247896342,0.0352123567408275,0.9914834620716974,0.8153439671200705
new_q7_sigma24_L256_W0.815_r013,aa6c4b6db95432fa816e3d3f29f9127ec8479e0152f5aec33331c01a02527d93,256,0.815,0.9926331837972006,0.0033480326334635,0.0065930684407552,0.8570963541666666,1.6878255208333333,0.9999361964565284,0.0122104375195887,0.9999361964565284,0.0236657785950041,0.9887960501329284,0.8296046287367406
new_q7_sigma24_L256_W0.815_r014,c75b236ad5e6cf102b2abf158ce3b625de0be8f80d38611aff10a08b6d7d29ce,256,0.815,0.9928448994954427,0.0033156077067057,0.0068041483561197,0.8487955729166666,1.7418619791666667,0.9999381421950624,0.0123370354606052,0.9999513568043312,0.0227096190993464,0.9900287631831256,0.821341805270043
new_q7_sigma24_L256_W0.815_r015,1071c21d81c946518f02f65a2be43a0e5f7c97646d120ad4abcde3f400f2c0e1,256,0.815,0.9886976877848308,0.0030994415283203,0.0061753590901692,0.79345703125,1.5808919270833333,0.9999093919946724,0.0106396083510664,0.9999093919946724,0.023555155677761,0.9930256410256412,0.8505096262740657
new_q7_sigma24_L256_W0.815_r016,27735e6ff25d06b6c1910c3906bbd02c63a39cbe1378594907a68f7bc44ccd18,256,0.815,0.9941965738932292,0.0033493041992187,0.0060437520345052,0.857421875,1.5472005208333333,0.9995985721908532,0.0126978925312246,0.999634390118562,0.0217024855703306,0.985573272589218,0.8650326109825374
new_q7_sigma24_L256_W0.815_r017,b9fa8eead78b91d94cbb94f6192a2037a7b285bc836e5df5d8c89467756f055b,256,0.815,0.99040158589681,0.0031789143880208,0.0055179595947265,0.8138020833333334,1.41259765625,0.999608135454388,0.0115645414649068,0.9998643627573096,0.021176623249126,0.99,0.8903099435418828
new_q7_sigma24_L256_W0.815_r018,db486ae8f1f989d27bf8eaa37957ae8eea104b816e45d3a5dee1423490021bb3,256,0.815,0.9919287363688152,0.00311279296875,0.0047804514567057,0.796875,1.2237955729166667,0.999610971049287,0.0108959510952222,0.9998254419907228,0.0179755555510012,0.991625816993464,0.926851974996675
new_q7_sigma24_L256_W0.815_r019,6f0c90642b50ce72fe4bfb6b2309a6d655dedbd3a0873e2447b1576d83afaa7e,256,0.815,0.9942557017008464,0.0033130645751953,0.0082537333170572,0.84814453125,2.1129557291666665,0.999893575985443,0.0123297405785391,0.999893575985443,0.029252945574603,0.982345039339858,0.7320905869665691
new_q7_sigma24_L256_W0.815_r020,206f6752d24e436c09ea72109c3d366073a8a98e7ac14a66e3818aa3b5919112,256,0.815,0.9923299153645834,0.0032024383544921,0.0070699055989583,0.81982421875,1.8098958333333333,0.9996277710681364,0.0137866388270279,0.9998134648144872,0.0367713205255777,0.9876910859638672,0.7472122302158274
new_q7_sigma24_L256_W0.815_r021,1efc12fc410419bfe3bdd116e87d301c987ca7254f836930f55874ad0edc7b76,256,0.815,0.9936205546061198,0.0033206939697265,0.0051759084065755,0.85009765625,1.3250325520833333,0.9998574739304888,0.013450516875863,0.9998716885530392,0.0166120922098649,0.9867892016082712,0.9265446505343324
new_q7_sigma24_L256_W0.815_r022,fceb63b23febdb38b910de8c9cb3f3b109c61f9a1562d35aea1a141dee9bddfb,256,0.815,0.993549346923828,0.0031108856201171,0.0102519989013671,0.79638671875,2.62451171875,0.999824907831541,0.0118569838903981,0.999824907831541,0.0381367511635243,0.9875332107091764,0.5845581395348837
new_q7_sigma24_L256_W0.815_r023,a780c138d9aabbf05dda86d039f50bd67d61cea3eb22286945faa221ded60786,256,0.815,0.9931742350260416,0.0032049814860026,0.0063552856445312,0.8204752604166666,1.626953125,0.9997055316263296,0.0161243834933895,0.9998010262422988,0.0261316068849536,0.9857171196191232,0.8186274509803921
new_q7_sigma24_L256_W0.815_r024,ea0a1d43c35aa569c44251d14fdf4d02e67d73d5bdcb58b102c35b9df14e3905,256,0.815,0.991741180419922,0.0032145182291666,0.0059566497802734,0.8229166666666666,1.52490234375,0.999883752698666,0.0117151040037427,0.999958953720816,0.0254999671328455,0.9837816455696202,0.8651937239833494
new_q7_sigma24_L256_W0.84_r001,4fa5ab8b021b271cd647ee0f665a7cbd4c85a80630b75decfff91b007c22afb6,256,0.84,0.9946091969807944,0.0034351348876953,0.0123844146728515,0.87939453125,3.17041015625,0.9997733873723258,0.0128188685265978,0.9999445712977296,0.0515575642325935,0.9874143994077365,0.5030545715899174
new_q7_sigma24_L256_W0.84_r002,1761cff48fda67146085854b16640c63d03cb9a1f4481c3a4eb1c692d4171895,256,0.84,0.9945074717203776,0.0036144256591796,0.0119673411051432,0.92529296875,3.0636393229166665,0.999961906635906,0.018239880738641,0.4751125243505014,0.0754323477776823,0.9762532981530344,0.0
new_q7_sigma24_L256_W0.84_r003,d106775e613b09f699079c983e62c7d8ba35266025a554bed1eb2f96f5a72db5,256,0.84,0.9927590688069662,0.0034681955973307,0.0141347249348958,0.8878580729166666,3.6184895833333335,0.9996835005295572,0.0131139995673347,0.4503365428649021,0.0806772573698115,0.9862511457378552,0.0
new_q7_sigma24_L256_W0.84_r004,85123e6a5030e56f6ff86e888ff6c521dd3c1fa6bb295ae5f39d6189eeb93b8b,256,0.84,0.9950892130533854,0.0034669240315755,0.015078862508138,0.8875325520833334,3.8601888020833335,0.999772907471857,0.0146169522811395,0.5164381295733014,0.0858323123654984,0.9809279295800476,0.0
new_q7_sigma24_L256_W0.84_r005,c5af3a778257369720276a7fff31717f909963cc60789f5719df144f4178ccf1,256,0.84,0.9944318135579427,0.0033855438232421,0.0231971740722656,0.86669921875,5.9384765625,0.9995670951933782,0.0129875644880997,0.4233824111731908,0.1214852815904865,0.9887323943661972,0.0
new_q7_sigma24_L256_W0.84_r006,dc64ea0dc4344f41e4088038db3989ed5f841cffa569c41bd4ce4d3d282417a2,256,0.84,0.993816375732422,0.0031407674153645,0.0149860382080078,0.8040364583333334,3.83642578125,0.9998289449808504,0.0100467685279721,0.9999783598585784,0.0454967722820418,0.9947368421052633,0.4562385982775444
new_q7_sigma24_L256_W0.84_r007,a67e7d7f7b744f6755ed1c55cb98e0c332e6e3dbdc9e5c92efa886bb0c0d20a8,256,0.84,0.994497299194336,0.0032761891682942,0.0125783284505208,0.8387044270833334,3.220052083333333,0.9998302019404862,0.0143643389213891,0.3885078640639869,0.0762193414855902,0.9906850378420338,0.0
new_q7_sigma24_L256_W0.84_r008,387cf6b469ead1f5d63f40f1e5c7956f926fe91e3e5a2585ffee82dce7b4c087,256,0.84,0.9942550659179688,0.0034898122151692,0.0086453755696614,0.8933919270833334,2.213216145833333,0.9997609191612766,0.0141539664972819,0.9997609191612766,0.0275764847434255,0.9852432137001276,0.7099573466686278
new_q7_sigma24_L256_W0.84_r009,3d00b916fd5f6056a44e01a405315673a76f9a6917e8fadb07333ebd68fe086c,256,0.84,0.9946295420328776,0.0034046173095703,0.0158240000406901,0.87158203125,4.050944010416667,0.9996336470461658,0.0116906359920586,0.4565453918332112,0.0954700748996421,0.9854341736694678,0.0
new_q7_sigma24_L256_W0.84_r010,a2cd500b3c78b3e338d9578636665cabcb36e142c3089a94455b72af0f20aff7,256,0.84,0.9942963918050132,0.003491719563802,0.0173015594482421,0.8938802083333334,4.42919921875,0.9997996810577524,0.0140826507436847,0.9999545760360912,0.0460379586324277,0.9836125273124544,0.4195421305993459
new_q7_sigma24_L256_W0.84_r011,cc8d542802e56befd543ce08f6cc525b0306736a114547f4e6e5b9e43ecc5e98,256,0.84,0.994770050048828,0.0031305948893229,0.0081322987874348,0.8014322916666666,2.081868489583333,0.9998579638202012,0.0124382831495422,0.9999052448745134,0.0296837084493043,0.991876523151909,0.7157376280197013
new_q7_sigma24_L256_W0.84_r012,c52b1694e063489375396bfd5a789278a3ea61f4c71abb20a4bca29e7ad0d09b,256,0.84,0.9948069254557292,0.0033620198567708,0.0153884887695312,0.8606770833333334,3.939453125,0.999677512579662,0.0129247757906744,0.9999463552362428,0.0554346104698433,0.986573373676248,0.4390596595604032
new_q7_sigma24_L256_W0.84_r013,87d6ccbc1d25426bd1446a4154142fe1d5f30aaf893b5d04359369252c3034cd,256,0.84,0.994439442952474,0.0036303202311197,0.0212472279866536,0.9293619791666666,5.439290364583333,0.9997281391196616,0.0197764733917812,0.999889544723771,0.0532410449880946,0.9621716287215412,0.3469283940273497
new_q7_sigma24_L256_W0.84_r014,e28c91d07c62d46f6f4fbddaec33c1f545f54efef885d601dbdb92ac168d61bf,256,0.84,0.9945182800292968,0.0034923553466796,0.0205637613932291,0.89404296875,5.264322916666667,0.999953461021225,0.0139781425014795,0.475084949804204,0.1069479571649212,0.9803386127799016,0.0
new_q7_sigma24_L256_W0.84_r015,f3bffdbd97390c313a88513c178c74874c5ed120a0f70f4cc65bdd6fc879fec9,256,0.84,0.9944852193196616,0.0034923553466796,0.0091590881347656,0.89404296875,2.3447265625,0.9998224953664792,0.013746514549753,0.9998224953664792,0.0316457741907102,0.981066812306572,0.6942940441482716
new_q7_sigma24_L256_W0.84_r016,c8a40f08969ea994d78727760efd18f345446f2e13495f89ef9952508ba4c891,256,0.84,0.9948412577311198,0.0034694671630859,0.0124130249023437,0.88818359375,3.177734375,0.9999016376859082,0.0126806631422808,0.9999016376859082,0.0410734591415844,0.987905442550852,0.5369289080106535
new_q7_sigma24_L256_W0.84_r017,94257555faaaf1b6e9d834358c6af5443a7c97594003bf4ee3d0c0f6d1939603,256,0.84,0.9948031107584636,0.003454844156901,0.0270099639892578,0.8844401041666666,6.91455078125,0.9993841401942944,0.0120586629163967,0.6554226365763485,0.1111021647463226,0.9896945160103054,0.0
new_q7_sigma24_L256_W0.84_r018,fcdd1f4b450fbd3dd94e5ff9a3282adba595d40d6a80a4850b7f47214bba58f4,256,0.84,0.994481404622396,0.0033709208170572,0.0096613566080729,0.8629557291666666,2.4733072916666665,0.99952892145023,0.0141367400472318,0.99983740991836,0.0284092228445711,0.986797434930215,0.671163464069492
new_q7_sigma24_L256_W0.84_r019,6c99bf8d662fa5a3405211df005fdd5a48ad73dd23b1abf29905817c5833dfc4,256,0.84,0.9951693216959636,0.0037441253662109,0.0121479034423828,0.95849609375,3.10986328125,0.9999556434722262,0.0140092266022644,0.999965982066198,0.036342954412985,0.9762268636440822,0.5419479771811379
new_q7_sigma24_L256_W0.84_r020,bfa14e9897937f67b9de4faaefadbaadd9c1754c7a063ae9d76dada64530feca,256,0.84,0.9940649668375652,0.0032583872477213,0.012060801188151,0.8341471354166666,3.0875651041666665,0.999939134612937,0.0118154846740659,0.2973124240149722,0.0947319382396011,0.9896585365853658,0.0
new_q7_sigma24_L256_W0.84_r021,d80ecd2a13238f0cdac91e601fb92709b748ddcd6df3724d0853d23db4aad081,256,0.84,0.9937547047932944,0.0017744700113932,0.0090516408284505,0.4542643229166667,2.317220052083333,0.5272862070475114,0.0114912915112775,0.99926748515862,0.0329183123050149,0.9842350412038696,0.6564585235653578
new_q7_sigma24_L256_W0.84_r022,b6cb6dd2c84eca1501d2e07aa8a6b1608e3ae56ac5bff5c7868ecbd4027f3e7e,256,0.84,0.9945786794026692,0.0035413106282552,0.0141480763753255,0.9065755208333334,3.6219075520833335,0.9997765941043943,0.0135501182812027,0.4340661987322826,0.1170868038391308,0.9795332136445244,0.0
new_q7_sigma24_L256_W0.84_r023,5eadceb1726b85abf04257419de7a9c522e164a649ab88fa34bb6443b3e6d339,256,0.84,0.993967056274414,0.003393809000651,0.0149593353271484,0.8688151041666666,3.82958984375,0.999758539504857,0.0104866891390936,0.9998572912413174,0.0488915839235106,0.994941925814912,0.445025287942539
new_q7_sigma24_L256_W0.84_r024,5c671b46b3a3bb0ac64c8a32a08223a918eeca6de41a4815849d06ade00d479b,256,0.84,0.9950777689615884,0.0033353169759114,0.0217628479003906,0.8538411458333334,5.5712890625,0.9998849437983036,0.0124321417093566,0.9999840802557748,0.064897749095439,0.9883720930232558,0.323721881390593
new_q7_sigma24_L256_W0.86_r001,2c5787ff8435929ca0855b05a289008c1636ecfc24edb9d44c0ddea762178c6c,256,0.86,0.9955094655354818,0.0034936269124348,0.0983791351318359,0.8943684895833334,25.18505859375,0.9997843248670624,0.0118738826108677,0.9999943822515976,0.1933351692646364,0.986533212010919,0.0
new_q7_sigma24_L256_W0.86_r002,08a0f21d56151f956cb68252156e5d40e4ae4ae0c7547d964c5ab0f1120a6510,256,0.86,0.9950949350992838,0.0034472147623697,0.061044692993164,0.8824869791666666,15.62744140625,0.9997778917932952,0.0124854476854786,0.9815588973724272,0.1362418306874829,0.983954260420509,0.0
new_q7_sigma24_L256_W0.86_r003,7432e42a733c853281b222afd9a9f05de33782fd3acbef5b4f5aa11d764dddf2,256,0.86,0.9949804941813152,0.0036614735921223,0.0524260203043619,0.9373372395833334,13.421061197916666,0.9999505496150448,0.0166509175169495,0.9999720041644876,0.1244290954417665,0.9808994617121028,0.0
new_q7_sigma24_L256_W0.86_r004,09a0cb528d6718d8e0a923690906ef6485b846101f1facca74a72d5f724363f0,256,0.86,0.9951979319254556,0.0037638346354166,0.077945073445638,0.9635416666666666,19.95393880208333,0.9999307661915322,0.0124636235715643,0.9274648710887352,0.1628125442663397,0.9783783783783784,0.0
new_q7_sigma24_L256_W0.86_r005,a3094d9954c6061baf61c9d37229ebf2323d9db2ddeb622a77b2409bfb97d97d,256,0.86,0.9951489766438802,0.0035877227783203,0.0501677195231119,0.91845703125,12.842936197916666,0.9996685737275556,0.0115188000702892,0.9998459407213612,0.107143685844676,0.9836966152755626,0.1545490260686631
new_q7_sigma24_L256_W0.86_r006,05dcf32df2b4c4e3b8a7c2b5fe476d428fe5421f4d17a3fb67860747e8f60065,256,0.86,0.9954452514648438,0.0039386749267578,0.0980517069498698,1.00830078125,25.101236979166668,0.9998970503506596,0.0149196537708713,0.9999988663003452,0.164259515996698,0.9636803874092008,0.0
new_q7_sigma24_L256_W0.86_r007,ceb25a3fd136287c0e982e27eae7bab6fcb917009bd9727c504b5172bb3e5694,256,0.86,0.9955787658691406,0.003512700398763,0.0612392425537109,0.8992513020833334,15.67724609375,0.999416366912524,0.015502443018341,0.9999802972343188,0.1106814214479334,0.9860633484162896,0.0
new_q7_sigma24_L256_W0.86_r008,c8e17522f725ec2519a3702ecc5aaa020d8c6b50009c636b72ec6d995eecc22e,256,0.86,0.9947872161865234,0.0035521189371744,0.0511290232340494,0.9093424479166666,13.089029947916666,0.9996570941303804,0.0122687504493884,0.8681346243414677,0.1374880004213341,0.9842491498120636,0.0
new_q7_sigma24_L256_W0.86_r009,62d1631eca05d4cf742561a065b0b899642aacef209472caa32c757dd8d7d93b,256,0.86,0.9948266347249348,0.0039761861165364,0.0671253204345703,1.0179036458333333,17.18408203125,0.999946190503074,0.0201314039258211,0.9999614991849676,0.1311432749652891,0.9643428205948192,0.1138294547211093
new_q7_sigma24_L256_W0.86_r010,dc5dff12a174c65c23a2a332c6e5bc7540813c200d5c455c533fcfadcc6fb279,256,0.86,0.9954605102539062,0.003854751586914,0.143686294555664,0.98681640625,36.78369140625,0.9998415885266196,0.0145889381800751,0.9999961175734065,0.2058709954993344,0.9650338116444004,0.0
new_q7_sigma24_L256_W0.86_r011,faa96179653e780fb0b9f8dc7de346ef84e7bd8685353c15bf9d91b18615cb99,256,0.86,0.9951826731363932,0.0035915374755859,0.0649458567301432,0.91943359375,16.626139322916668,0.9997263443797276,0.0126408844005012,0.8904279826540413,0.1768198299368351,0.9844220215967427,0.0
new_q7_sigma24_L256_W0.86_r012,22036d917474f300563a742dbb8d97b0f8ab9cc796a214f43d3ff7081134a8a6,256,0.86,0.9954299926757812,0.0033861796061197,0.0513070424397786,0.8668619791666666,13.134602864583334,0.999916588625558,0.0121771645945345,0.9999509299121394,0.1346505222530631,0.9885467517837024,0.0
new_q7_sigma24_L256_W0.86_r013,c5261d6d72afa391d89977b58154f8e03e8fe92f30ada15b51b95aaeb8050449,256,0.86,0.9958756764729818,0.0035057067871093,0.0519542694091796,0.8974609375,13.30029296875,0.9998248365043336,0.0124656814931297,0.7942694377866878,0.1193141292000249,0.9874863982589772,0.0
new_q7_sigma24_L256_W0.86_r014,1af20e5802930b85b8c67677f97608836108f4fc968e51d81b095e55905e7f7f,256,0.86,0.9950116475423176,0.0036754608154296,0.0297527313232421,0.94091796875,7.61669921875,0.9998928582749116,0.0152662798700817,0.6698680437954269,0.1185249370745714,0.9785504238021104,0.0
new_q7_sigma24_L256_W0.86_r015,8dcf96ddbcf297c01d4d8720be7eb189668094051350f2af1290a415a398ef98,256,0.86,0.9951839447021484,0.0033931732177734,0.0599803924560546,0.86865234375,15.35498046875,0.9997069868556068,0.0116291957318093,0.9563576339423104,0.1440415564271049,0.9865092748735244,0.0
new_q7_sigma24_L256_W0.86_r016,900abb16e923f22de5d9890ace4420fe3547ba477fdb0bc447a211411506d4db,256,0.86,0.9949391682942708,0.0038064320882161,0.1256561279296875,0.9744466145833334,32.16796875,0.999782108275608,0.0159205297572039,0.9999799057726442,0.2014652184203211,0.9642558877568064,0.0
new_q7_sigma24_L256_W0.86_r017,69b39f9e35b07472a59e2fe3396ce36bae6cfaf04a85b759a61d723ab1dc70b5,256,0.86,0.9956188201904296,0.0034910837809244,0.1099205017089843,0.8937174479166666,28.1396484375,0.9998584978881628,0.0134393790293132,0.9999439188151436,0.1990393677098801,0.9870697505008196,0.0
new_q7_sigma24_L256_W0.86_r018,5fa3e366cbed9d072bbbf42894522b6d86d1af6bed4dacbf55e6c455e61c23e2,256,0.86,0.9953530629475912,0.0036481221516927,0.036596934000651,0.9339192708333334,9.368815104166666,0.9999134992956564,0.0121345785398934,0.833122590035865,0.1320136116041073,0.9834437086092715,0.0
new_q7_sigma24_L256_W0.86_r019,7e6dd6544f23317f7609d8cd66d79b8419d720ef345d88e865fc9db1589f10d2,256,0.86,0.9949461619059244,0.0034262339274088,0.0770956675211588,0.8771158854166666,19.736490885416668,0.9993335401312662,0.013116415479432,0.999990206786912,0.1585996667881146,0.9810725552050472,0.0
new_q7_sigma24_L256_W0.86_r020,16b27028e50f7cb1a5ab2f88026c0d8b0d1f2cb70d9a0414668a1623e2d4279a,256,0.86,0.99528439839681,0.003729502360026,0.1284046173095703,0.9547526041666666,32.87158203125,0.9998416536252271,0.0142195321634797,0.9999730538325642,0.2328852767088342,0.9783498124786908,0.0
new_q7_sigma24_L256_W0.86_r021,89e5e438deed952d67cec165dbf9701b3837061376e7e46498060a3092989515,256,0.86,0.9954922993977864,0.0037879943847656,0.0751463572184244,0.9697265625,19.237467447916668,0.9996842235620584,0.0121989789201845,0.869220796846772,0.1550249351207088,0.9780127559583752,0.0
new_q7_sigma24_L256_W0.86_r022,865c66ff2e1cba0cc704d440682b94c10b46ec3abcca90d4e79267c31f4ba82b,256,0.86,0.9953651428222656,0.0035667419433593,0.0722777048746744,0.9130859375,18.503092447916668,0.9999025859382624,0.0121122362610537,0.9979664954128744,0.1770148788517229,0.9864527629233512,0.0
new_q7_sigma24_L256_W0.86_r023,d6522382bb549d2a97092bb4537a337b6cc5ca0b41b57c41b9937adb145b62d1,256,0.86,0.9958585103352864,0.003790537516276,0.167856216430664,0.9703776041666666,42.97119140625,0.9996454293507304,0.0146422107540473,0.9999963403081328,0.239383431077168,0.9758470311975848,0.0
new_q7_sigma24_L256_W0.86_r024,67895cb49590744700a24ed0f5d61f546ae81a7a55f9169d36a8869c3ef4c3fa,256,0.86,0.995220184326172,0.0036538441975911,0.0657151540120442,0.9353841145833334,16.823079427083332,0.999758061038779,0.0153854778300868,0.9707892263024028,0.1380095911025194,0.9754654602401251,0.0
new_q7_sigma24_L256_W0.88_r001,ea1db8b5bb7e0b4faaff373feb8a8a332ce1b71e5d2cd6e813184e2de75aa6b4,256,0.88,0.9959430694580078,0.0038331349690755,0.9786650339762368,0.9812825520833334,250.53824869791663,0.9998381547924852,0.0113280287880423,0.9999982939883464,0.9999962731893864,0.9800962016918228,0.007929542320018
new_q7_sigma24_L256_W0.88_r002,ba01a43a332bfa3eec130aa840124f41057d8fa91df2ad6acf4572d2f029b184,256,0.88,0.9959227244059244,0.0038833618164062,0.3586069742838542,0.994140625,91.80338541666669,0.9997239236585884,0.014944699478315,0.9999963478684802,0.4070304423969486,0.966437459070072,0.0217980994255726
new_q7_sigma24_L256_W0.88_r003,b9a68aaecd661a38c0a9c31c865aef043c86d17508e48fc5449c8b242c473c3c,256,0.88,0.995807647705078,0.0039145151774088,0.7080580393473307,1.0021158854166667,181.26285807291663,0.9997493132183848,0.0162896265899408,0.9999988449776448,0.7513109983282015,0.9662173136267664,0.0
new_q7_sigma24_L256_W0.88_r004,c1b70efe02701d6d4754f9ca3f8050f518e9000f4c6d7c1080c40e3b1246630f,256,0.88,0.995718002319336,0.0042050679524739,0.6239960988362631,1.0764973958333333,159.74300130208334,0.9999429687152432,0.0158397068352672,0.9999971861685882,0.7141168144642595,0.9543392803144845,0.0
new_q7_sigma24_L256_W0.88_r005,6e7c4839bfe02d5b1377fd5e317ab4fcf99e582411f22e052abbb0669f2c29ca,256,0.88,0.9957675933837892,0.0038808186848958,0.6119003295898438,0.9934895833333334,156.646484375,0.9998210390962102,0.0137138295117236,0.9999966205384536,0.6558478808965815,0.9732961992136304,0.0
new_q7_sigma24_L256_W0.88_r006,5d4de3f700f22ad3e9467502a07d232b03ce2e2926435c0cdff41dbc620877d3,256,0.88,0.995785395304362,0.0038013458251953,0.5249252319335938,0.97314453125,134.380859375,0.9998856358578496,0.0154179210325031,0.999996859254958,0.577896874603096,0.9703963873557452,0.0
new_q7_sigma24_L256_W0.88_r007,7784b70bf26af522a97dbf6c9c4cb5095ed47a188d0ade8481a8fe003a55b060,256,0.88,0.9961261749267578,0.0040874481201171,0.7445163726806641,1.04638671875,190.59619140625,0.9998846543009078,0.0171746208839528,0.9999952170029272,0.7888819611680751,0.9541141701664332,0.010443005816282
new_q7_sigma24_L256_W0.88_r008,6793a71086c19c2541dc4cbb861e07f740dbdc9aec3673388fef0d22d37a44bc,256,0.88,0.9956200917561848,0.0037364959716796,0.982402801513672,0.95654296875,251.4951171875,0.9999514260757582,0.0161473043102019,0.9999986043863132,0.99999699394373,0.9792411094095628,0.0079097273726269
new_q7_sigma24_L256_W0.88_r009,b7222adfdca45edbd13c79b3ddebf5511a674bd5c2355bc5cbfcc9060ef7b5b9,256,0.88,0.9960384368896484,0.0039831797281901,0.4376455942789714,1.0196940104166667,112.03727213541669,0.9998369758282408,0.0138672540541674,0.9999961821144012,0.5066343561895275,0.9690343176376696,0.0
new_q7_sigma24_L256_W0.88_r010,4690d51c48bac0995741989e7ff006fd01a5f8160a310f59b13d3fb4417f0b6d,256,0.88,0.995952606201172,0.0038560231526692,0.8607718149820963,0.9871419270833334,220.35758463541663,0.9997875012701268,0.015169116005934,0.9999979322540168,0.9449261320840632,0.973454245671888,0.0
new_q7_sigma24_L256_W0.88_r011,bd68daa154eee8f35c799a1a62e78423d3e6b8cc0f31556decb14b0da617df37,256,0.88,0.9956480662027994,0.0037174224853515,0.6910597483317057,0.95166015625,176.91129557291666,0.9995831103533852,0.0131027658808968,0.9999989045965096,0.7528477558143019,0.9837523516333162,0.0
new_q7_sigma24_L256_W0.88_r012,e4a47a711c6c8026c7d9c7e6b866f8ce30eae0ee6af811004ce7b95c1f891dc6,256,0.88,0.9957809448242188,0.0037899017333984,0.5623982747395834,0.97021484375,143.97395833333334,0.9999247137964036,0.0139938957801735,0.9999972714180352,0.6072941309113186,0.9713135379969804,0.0
new_q7_sigma24_L256_W0.88_r013,d904f689a081c082915b2a1cbffd5c799fbb70fa749287823b0002423ac5d208,256,0.88,0.9955126444498698,0.0039234161376953,0.771368662516276,1.00439453125,197.47037760416663,0.999888083466268,0.0157168821912518,0.999998470742015,0.8403373376178411,0.9620807000486143,0.0
new_q7_sigma24_L256_W0.88_r014,a8939f910db18ea19b69b4d496dff806e39f99b258014faaf32dff744c9c1722,256,0.88,0.9958966573079427,0.0043328603108723,0.7453498840332031,1.1092122395833333,190.8095703125,0.9995334284051912,0.0151279011374028,0.9999963428202616,0.8016959196051647,0.9523110785033015,0.0
new_q7_sigma24_L256_W0.88_r015,dd1ad38df7c59ac07c1152909db517c6786f32e668c1204530b663cc955b5d67,256,0.88,0.9957383473714192,0.0037949879964192,0.818383534749349,0.9715169270833334,209.5061848958333,0.9996399950081318,0.013121066419596,0.9999986691884618,0.8906054346372047,0.9797285977550678,0.0
new_q7_sigma24_L256_W0.88_r016,363423104efa96eea202b9b3b179e73301d563e5debd568917321a3f6d035b9f,256,0.88,0.9957542419433594,0.0037644704182942,0.9737663269042968,0.9637044270833334,249.2841796875,0.9997892766097558,0.015102022204356,0.9999964577157,0.9999700377114172,0.9751731126498904,0.0080033846913232
new_q7_sigma24_L256_W0.88_r017,d9a850a38a785f029f1ca0ce3785c1f13c5a2ecae5c99daffd1ae24f47e2e3d1,256,0.88,0.9959818522135416,0.0037511189778645,0.7003949483235677,0.9602864583333334,179.30110677083334,0.999968001254372,0.0130913906962187,0.9999988419203112,0.7612490447066571,0.9830508474576272,0.0
new_q7_sigma24_L256_W0.88_r018,f17fab736d6f51a8dd159cf14028166360412d4c69dd12f5237a0c39c5b5c829,256,0.88,0.9962018330891927,0.0039730072021484,0.9776134490966796,1.01708984375,250.26904296875,0.9998795770469836,0.0134936728448135,0.999998643612294,0.999998196843883,0.9694351096175388,0.0080206652606277
new_q7_sigma24_L256_W0.88_r019,20e2ae501a4556676ebac9dbcb97c7e93a542b68fcb7526cb29088df4c65302a,256,0.88,0.9959894816080728,0.0037740071614583,0.9183527628580728,0.9661458333333334,235.09830729166663,0.9997769377999748,0.0141561960059367,0.9999986341494472,0.9696331002494888,0.9764150943396226,0.0
new_q7_sigma24_L256_W0.88_r020,dcc9927bf8c3849ce19f5f7e301f129ac615a9cc67c450536057b6cb0701c312,256,0.88,0.9955844879150392,0.0036055246988932,0.6347516377766927,0.9230143229166666,162.49641927083334,0.9999692330193826,0.0130893538777091,0.9999951399349284,0.7000634820357887,0.9846587903368011,0.0121106434636981
new_q7_sigma24_L256_W0.88_r021,b6cdc4bd3b312df9eb1621b011d39ac3e3d60f572e220e163db41d0f624a1dfc,256,0.88,0.995917002360026,0.003732681274414,0.8699289957682291,0.95556640625,222.70182291666663,0.9999469383073556,0.0144031146613807,0.99999732491249,0.955970122774728,0.977005620848237,0.0
new_q7_sigma24_L256_W0.88_r022,270b0619b585503a40f3cc6610028db03995b1cccf053a4a928f8e99c28f7adb,256,0.88,0.9959087371826172,0.0040423075358072,0.6510403951009115,1.0348307291666667,166.66634114583334,0.9998470577736432,0.0134967363263401,0.999999232052282,0.7042093981003283,0.9729474677571563,0.0
new_q7_sigma24_L256_W0.88_r023,9d282aca7a89c6dd7acb887ece00c96a993daaa51b5ef9af990b74470335bdb8,256,0.88,0.9960250854492188,0.0039507548014322,0.4200522104899089,1.0113932291666667,107.53336588541669,0.9999128803281606,0.0140661066565711,0.9999981076100825,0.4700494038388041,0.9716768587061474,0.0184127080227339
new_q7_sigma24_L256_W0.88_r024,80a44eb9b584e79cb5adbfa996b94d42eafeb90f0481933291a7b0bdb0fc7d5e,256,0.88,0.9958896636962892,0.00390625,0.9813702901204427,1.0,251.2307942708333,0.9998194525773368,0.0146992283146498,0.9999998198313668,0.9999988308132692,0.9723307291666666,0.0080087485957804
gaussian_iid_L256_q7_W0.9_r2,fd9c0de4376a2f7497684b3378db8923afaf306f3cc3bdfbc1b9ae9a3ba51340,256,0.9,0.9963105519612632,0.0040734608968098,0.9843883514404296,1.0428059895833333,252.00341796875,0.9997992984805308,0.015028272480715,0.9999988417144424,0.999996199017448,0.9625409708131732,0.0079389837558265
gaussian_iid_L256_q7_W0.9_r5,907fc4578060ccf27266be037489f4cf06b02f83bd8249edd6e1efc6908f9390,256,0.9,0.99613889058431,0.0045604705810546,0.9841238657633464,1.16748046875,251.93570963541663,0.9998416052171178,0.0178183780029002,0.999998726581286,0.9999973692562912,0.9273665133138156,0.0078293525456862
new_q7_sigma24_L256_W0.9_r001,5c08882099c4f7b96ce474a412ad322071c2f52521a829cb881030343b62278d,256,0.9,0.9960352579752604,0.0039183298746744,0.98065185546875,1.0030924479166667,251.046875,0.9996227559443152,0.0130404311458522,0.999999407816268,0.9999914833390848,0.977121531721564,0.0077701966764175
new_q7_sigma24_L256_W0.9_r002,84125c445fcc7b7c6b755a00eeb959ad08e4f2116b67d000f6ccd76f746513e8,256,0.9,0.9962762196858724,0.0037384033203125,0.982585906982422,0.95703125,251.5419921875,0.9996767241336638,0.0130432222756169,0.9999992440247096,0.9999960130502212,0.9850340136054422,0.0079464293802419
new_q7_sigma24_L256_W0.9_r003,1f0fb1e8e34c236477e710e964b83ef6770164c4ff99d3890710513fa1a9d19b,256,0.9,0.9963652292887368,0.0039113362630208,0.9839611053466796,1.0013020833333333,251.89404296875,0.9995933751900234,0.0125954003408418,0.9999996816850204,0.9999901479927084,0.9767555266579974,0.0078668318216739
new_q7_sigma24_L256_W0.9_r004,1f9e75973ff12be383cf3d3d024d9b238bf8ddfaacaf28f395eaf2282c92bc98,256,0.9,0.996301015218099,0.0041052500406901,0.9830220540364584,1.0509440104166667,251.6536458333333,0.9998243371469636,0.0153398176883797,0.9999998093194143,0.999984278758525,0.9680966393061792,0.0078775805867439
new_q7_sigma24_L256_W0.9_r005,c13745ede3fa5661b5cef88085c9da3f6617b13f89a60d95a7e43a8b228a2520,256,0.9,0.9965095520019532,0.0041497548421223,0.9840685526529948,1.0623372395833333,251.92154947916663,0.999892674877382,0.0149686474693586,0.9999969781986728,0.999989255263234,0.9546499157346408,0.0077147911301545
new_q7_sigma24_L256_W0.9_r006,b64fd8e450079c73fde8be95d9737f5e350b7a3e89662eb0b0cc7ff144a5109e,256,0.9,0.9965438842773438,0.0041313171386718,0.9843851725260416,1.0576171875,252.00260416666663,0.9995831132627182,0.0156421958453155,0.9999983434020348,0.9999918493448652,0.9655278547245306,0.0077678543748514
new_q7_sigma24_L256_W0.9_r007,9269cf5321c713e8bcb4c7e39b746146ea3911da26ceb59e9fb171243859d4cf,256,0.9,0.9962158203125,0.004123051961263,0.9850667317708334,1.0555013020833333,252.1770833333333,0.9996715655566596,0.0185143665905131,0.9999971617983676,0.9999872932336968,0.961295296838859,0.0078967274567309
new_q7_sigma24_L256_W0.9_r008,5c917a25fb9152028a9cbeae0edd61255b1dbf24467c5486f793d38e6e249421,256,0.9,0.9961071014404296,0.0040047963460286,0.9820849100748698,1.0252278645833333,251.41373697916663,0.9999663370507466,0.0146309594453285,0.9999992991755692,0.999998658181967,0.9719003016351802,0.007984794320658
new_q7_sigma24_L256_W0.9_r009,8a0d006f34418c8e3ee8cd60a5123b71c4ccdd3cbf23c7d56d89cfd219333f2a,256,0.9,0.996490478515625,0.0040162404378255,0.98518435160319,1.0281575520833333,252.20719401041663,0.9999847612612632,0.0163843814748658,0.999998808186346,0.9999983419210892,0.9688143105904702,0.0078389943990588
new_q7_sigma24_L256_W0.9_r010,089783e2e08392689d7333a0750219f9e30f87334bbbcdfe0b2ea943440a6c43,256,0.9,0.9964815775553384,0.0044294993082682,0.983478546142578,1.1339518229166667,251.7705078125,0.999888941214874,0.0165987407499598,0.9999987772916288,0.9999969819122096,0.951485574852878,0.0079056008295418
new_q7_sigma24_L256_W0.9_r011,8d1a7ac3384a5bb59a0fa62cff3f2918a57a35ee7c0b30db1cea6d3a4210bac9,256,0.9,0.9963130950927734,0.0041103363037109,0.9839407602945964,1.05224609375,251.88883463541663,0.9998080408877508,0.0165985998337981,0.9999996835668928,0.9999919742374624,0.9593194122196442,0.0079141641439514
new_q7_sigma24_L256_W0.9_r012,276844cc05536c8e24b46106b0bc45713a3d88ba311e8843e0594c4c721b13bc,256,0.9,0.996222178141276,0.0042400360107421,0.9821205139160156,1.08544921875,251.4228515625,0.999691600602445,0.0168165804795853,0.999999192053678,0.99999461089888,0.9623631728894888,0.007877690902429
new_q7_sigma24_L256_W0.9_r013,b110b67f160ca00e11a85556de0a1cc3f715a1e14186b6fa5ad7f6202dd9ae22,256,0.9,0.9963035583496094,0.0037638346354166,0.9822985331217448,0.9635416666666666,251.46842447916663,0.9997440430755152,0.0124655750167057,0.9999986355847668,0.9999856994707358,0.9780405405405406,0.0080717297229424
new_q7_sigma24_L256_W0.9_r014,2842104b7b96505cc178ed2dcfdefcfd16e6c3d5308c45a6854652cc0f4878c3,256,0.9,0.9963226318359376,0.0042800903320312,0.983367919921875,1.095703125,251.7421875,0.999858785610562,0.0171727201712121,0.9999984607296414,0.999996560052762,0.9521687462863934,0.0079498081080801
new_q7_sigma24_L256_W0.9_r015,bc34402e34b9c17d3f3caa01135a5f8f2deee9f5331918e69429ccdf2198b1b4,256,0.9,0.99652099609375,0.0041675567626953,0.9840195973714192,1.06689453125,251.9090169270833,0.9998480849584828,0.0172413028968494,0.99999964373413,0.9999993222764496,0.9614035087719298,0.0078954390594219
new_q7_sigma24_L256_W0.9_r016,b0f818cffb38ee327aaa675d5007fbf2a5c2d32decd657f80d09ecc0f9fe439d,256,0.9,0.9962857564290364,0.0041370391845703,0.983523686726888,1.05908203125,251.7820638020833,0.9999359422467398,0.019965265311533,0.9999987954746504,0.999993167322483,0.958198862763178,0.0079259238669148
new_q7_sigma24_L256_W0.9_r017,69329880f6a54dc344e3254c5f18b9594a5c6d8a5e04cb31fcaca5c715c8bf53,256,0.9,0.9963582356770834,0.0040537516276041,0.9803142547607422,1.0377604166666667,250.96044921875,0.9996964095787408,0.0133661280685405,0.999998964131642,0.9999931592236734,0.9742785445420328,0.0081341149658765
new_q7_sigma24_L256_W0.9_r018,043b25c798cb51b6371b838308fb073881ec588f5f59c9b09a144be000aba649,256,0.9,0.9962762196858724,0.0040664672851562,0.9850546518961588,1.041015625,252.17399088541663,0.9997854854123854,0.019600837513545,0.9999996201718926,0.9999982638988096,0.9546591619762352,0.0077574116230152
new_q7_sigma24_L256_W0.9_r019,fc3973a821b4f37ff088d1dc849c726e3bc42934c08ecd7441e2945c348b81d4,256,0.9,0.9964510599772136,0.0039831797281901,0.9824943542480468,1.0196940104166667,251.5185546875,0.9999109925550904,0.0154582763366596,0.999999908598988,0.9999971942670084,0.971268954509178,0.0079497583040515
new_q7_sigma24_L256_W0.9_r020,5f81989216be394b871e603edb3eefa511e2f12d9a4be55fd36f70b32eb2245c,256,0.9,0.9961630503336588,0.0039145151774088,0.9791768391927084,1.0021158854166667,250.6692708333333,0.99959265832062,0.0136309507144503,0.9999996758565513,0.9999969645440128,0.9702777326620108,0.0079182552957187
new_q7_sigma24_L256_W0.9_r021,592d1142de9e43e2e70ccbeb283a478b33e5b9a2b2df2550cdaf9214ce292cc6,256,0.9,0.9962495168050132,0.0037180582682291,0.9837411244710288,0.9518229166666666,251.8377278645833,0.9998829018855176,0.0146416317969986,0.9999995834430152,0.99998267413305,0.9758891928864568,0.0078252894898244
new_q7_sigma24_L256_W0.9_r022,e57e2dfe3767bbe5652b4e71d791cd99b38869eb48c1d98b22896fc104037c9e,256,0.9,0.9962546030680338,0.0040003458658854,0.9836648305257162,1.0240885416666667,251.8181966145833,0.9999515593022368,0.0166471015823121,0.9999994178312132,0.9999955694313514,0.9698029243483788,0.0078963475918305
gaussian_iid_L512_q7_W0.7975_r1,2bde713bd4780b83ee8ebe808a274926bee602c2bb561783ea9ff247c116bb64,512,0.7975,0.9925276438395182,0.0015335083007812,0.0029357274373372,0.78515625,1.5030924479166667,0.9997366422356716,0.00588854774095,0.9998765793958826,0.0122825629581319,0.9917081260364844,0.8355711965349215
gaussian_iid_L512_q7_W0.7975_r9,e8bbda5cb505e1c7f300bfc19528fcbda9497c6f2afbc5a7cf798e00779cd069,512,0.7975,0.4210658073425293,0.0015533765157063,0.0025609334309895,0.7953287760416666,1.3111979166666667,0.9999104126156284,0.0053063129730999,0.9999104126156284,0.0098993313739116,0.9921211501074388,0.913480635551142
new_q7_sigma24_L512_W0.7975_r001,aa536a54e14cd7f003456dc98f8597e3167ee32e002bf87ca3d5f7e6c12d09a9,512,0.7975,0.6502699851989746,0.0015713373819986,0.0027195612589518,0.8045247395833334,1.3924153645833333,0.9998417509452796,0.0060220482664348,0.9998417509452796,0.013031937888271,0.9910985231640704,0.8769140853302162
new_q7_sigma24_L512_W0.7975_r002,9b86686359b12aa972ad78ca44e080e75edadc395f51aff90c66d0b178e978a3,512,0.7975,0.9311308860778807,0.0015773773193359,0.0037258466084798,0.8076171875,1.9076334635416667,0.999991307607868,0.0065148381855957,0.999991307607868,0.0218802287913624,0.9931479242241033,0.7284245552664136
new_q7_sigma24_L512_W0.7975_r003,a6356f6f6cb3492a1c9606ce82468ffa94169027b084782e96e320a2dc0a469c,512,0.7975,0.8052759170532227,0.0015400250752766,0.0025262832641601,0.7884928385416666,1.29345703125,0.99995707770414,0.0066363765030743,0.99995707770414,0.0097573423257137,0.9910207451749408,0.9112872782181956
new_q7_sigma24_L512_W0.7975_r004,1a2824082b20f1c46f10089c5b14c834621395add5b922ae42494373eb8bf907,512,0.7975,0.5558034578959147,0.0016067822774251,0.002476692199707,0.8226725260416666,1.26806640625,0.9998729479878816,0.0061830510793473,0.9999498547746568,0.0106310358256914,0.9876347808883174,0.921447824412784
new_q7_sigma24_L512_W0.7975_r005,ddf7f354fc488d00cfc4d75f5e6bf6138f0b43744524332178dbf843cf3ffdd2,512,0.7975,0.607522169748942,0.001509666442871,0.0035339991251627,0.77294921875,1.8094075520833333,0.9999292761349136,0.0053903941345858,0.9999919936531464,0.0202331324952905,0.9934723099599916,0.7002788522083296
new_q7_sigma24_L512_W0.7975_r006,0f60617995fc37980d5dc517f7bbd58b56865267f406b4604965e6338d875171,512,0.7975,0.5174789428710938,0.0015646616617838,0.0028382937113444,0.8011067708333334,1.4532063802083333,0.999980609162822,0.0063354484146989,0.999980609162822,0.0128322752523224,0.9921779764323446,0.8496387971103769
new_q7_sigma24_L512_W0.7975_r007,86f59afd720a6077b99037c4afcd7498766980a115c2e2e12dfb6f34eabbd420,512,0.7975,0.6762905120849609,0.0010976791381835,0.0027400652567545,0.56201171875,1.4029134114583333,0.7113784926293489,0.0061646411652939,0.9999429218465286,0.0123229327346493,0.9934839270199828,0.8803874934740994
new_q7_sigma24_L512_W0.7975_r008,f512b84ecaf3a3795419e635958153a4f1db3ae8c0e2825f4cac7048898322cb,512,0.7975,0.4350843429565429,0.0015791257222493,0.0028549830118815,0.8085123697916666,1.4617513020833333,0.9999401238925464,0.0059554283263558,0.9999401238925464,0.0110517035653063,0.9917463512833418,0.8751252644471662
new_q7_sigma24_L512_W0.7975_r009,7d05e4f70afdd3e8daf884d6687cb1f4a7036626f9381901e7d451d3adbbac38,512,0.7975,0.503320058186849,0.001558780670166,0.0028325716654459,0.798095703125,1.4502766927083333,0.9999541231999544,0.0060367510951079,0.9999541231999544,0.0155658672113511,0.9915366574895484,0.8427136524325234
new_q7_sigma24_L512_W0.7975_r010,880ed5d4430989f4c37287830e1948699646dcf93dc69533c765c57db276e5c9,512,0.7975,0.994649569193522,0.0015522638956705,0.002576986948649,0.7947591145833334,1.3194173177083333,0.9999353372772524,0.0060809041322623,0.9999353372772524,0.0102288954747487,0.991091542084784,0.9046444211435268
new_q7_sigma24_L512_W0.7975_r011,fe0a21b54f27e43a4b8d82d13ff4ea529c571a3ff14c85470f3abf3f2101b828,512,0.7975,0.6976048151652018,0.0015556017557779,0.0023665428161621,0.7964680989583334,1.211669921875,0.9999275425253348,0.0055829977577858,0.9999320593374484,0.0099575512274031,0.993767242260141,0.9344482503861912
new_q7_sigma24_L512_W0.7975_r012,87d44dfa09f6bb837598cf4a6ac9ba6ce66cd93b46f1ba4243e17660a0363340,512,0.7975,0.7977143923441569,0.0015276273091634,0.0025223096211751,0.7821451822916666,1.2914225260416667,0.999954042779354,0.0054069631401409,0.999954042779354,0.0118263067043562,0.994485485381334,0.9199067364043104
new_q7_sigma24_L512_W0.7975_r013,cb41ff09b5c5c52c93614ef4f9d3c7825528f7e8910fee561999a69f6fbc2228,512,0.7975,0.9905428886413574,0.0015939076741536,0.0028332074483235,0.8160807291666666,1.4506022135416667,0.9998268712376056,0.0067014164529189,0.9998486225783976,0.0135108762542615,0.9909254088552054,0.8541935483870968
new_q7_sigma24_L512_W0.7975_r014,dd55f2b45d300a12a14c5a56d8eb33fc60457bf8186ff01586fe2bb4c8bb4919,512,0.7975,0.8206691741943359,0.0014991760253906,0.002565860748291,0.767578125,1.313720703125,0.9998775820048038,0.0055128070539628,0.9998775820048038,0.0129849056791611,0.9941687871077184,0.8989035495261104
gaussian_iid_L512_q7_W0.805_r1,dc39b0acdbfab009929af29e19f3d0eb999becf070a88fabdc1acca0d2aa5930,512,0.805,0.9937893549601235,0.0015625953674316,0.0033968289693196,0.800048828125,1.7391764322916667,0.9997366422356716,0.006749890027596,0.9998765793958826,0.0150895536669426,0.9900315329061132,0.7691263862243227
gaussian_iid_L512_q7_W0.805_r9,85829c5352b4d6a3705536152fa7804bdc2e3980613cea07165730d3cdc2910f,512,0.805,0.9941010475158693,0.0015735626220703,0.0026542345682779,0.8056640625,1.3589680989583333,0.9999104126156284,0.0053063129730999,0.9999104126156284,0.0101331632022111,0.9923232323232324,0.9052039044254148
new_q7_sigma24_L512_W0.805_r001,9d6de7791b8fbbe2fc7df696f21ffabeda876d02ad0be3ed8ef7a6013a4c7f31,512,0.805,0.9951669375101724,0.0015757878621419,0.0026642481486002,0.8068033854166666,1.3640950520833333,0.9998747494996792,0.0061221823092705,0.9999680851052154,0.0128513325003457,0.9910227960459956,0.8772222885097244
new_q7_sigma24_L512_W0.805_r002,aa60b67c0dc2d588e92fc7dec2997601316c06592338b42826548488c1906132,512,0.805,0.9937033653259276,0.0015339851379394,0.0029253959655761,0.785400390625,1.497802734375,0.9995126703342724,0.0062777702432854,0.999629638606544,0.0133533003937753,0.991710703554036,0.8484650910078783
new_q7_sigma24_L512_W0.805_r003,b53233ab3c4758328cbb8932134be589c197c34412ec5472619a3f9c514b38ed,512,0.805,0.9944632848103842,0.0016369819641113,0.0034042994181315,0.838134765625,1.7430013020833333,0.9999144311366744,0.006264422302965,0.9999144311366744,0.013618450255127,0.9865035440334012,0.7858810346437576
new_q7_sigma24_L512_W0.805_r004,af44e6175f0a10053b3c1ce106719471f8a81f7b4c45149073b08ed7abf1216a,512,0.805,0.994245688120524,0.0016280810038248,0.003766377766927,0.8335774739583334,1.9283854166666667,0.999576618811864,0.007664758855167,0.9999571090932816,0.0162256280856333,0.9874060333886556,0.7239196488858879
new_q7_sigma24_L512_W0.805_r005,c53ca56ebb84413b1c7510a787476ac774595aef4d60ee72bb8c9d53b65e0fe5,512,0.805,0.9917624791463217,0.0015317598978678,0.0029638608296712,0.7842610677083334,1.5174967447916667,0.999884623117557,0.0064472464474915,0.9999001154856156,0.0130666578768614,0.992528795268237,0.8412613289000912
new_q7_sigma24_L512_W0.805_r006,36eb1f9bebefd94181082fdda2a2481100947ac81d933ead69bd97e03a8584f5,512,0.805,0.9943893750508628,0.0015848477681477,0.0035659472147623,0.8114420572916666,1.8257649739583333,0.9999704675824148,0.0079519346306849,0.9999704675824148,0.0152760268052566,0.9904723698726308,0.7392467127256519
new_q7_sigma24_L512_W0.805_r007,b9a04ce7ff512f50c445b9752c67863afd34337fad4085ceb2ef70f1906bf9e5,512,0.805,0.9932651519775392,0.0015452702840169,0.0026009877522786,0.7911783854166666,1.3317057291666667,0.9999267031050952,0.0059596606933884,0.9999267031050952,0.0120465394963406,0.993314132894466,0.8929968222928379
new_q7_sigma24_L512_W0.805_r008,a97bda6a7014d07b22ad6720a045be9c7c8ea3d3d761b449e6dbf7fc35327962,512,0.805,0.9941819508870444,0.001565138498942,0.0033726692199707,0.8013509114583334,1.726806640625,0.9999865065472344,0.0065270738773438,0.9999865065472344,0.0144533489557071,0.9894384076368438,0.7847683679721005
new_q7_sigma24_L512_W0.805_r009,f8df349f40b0a14a3be995f80bc30a9fc800e6ccf6e4dd5f06d26265c0d1a65d,512,0.805,0.9945330619812012,0.0016716321309407,0.002751350402832,0.8558756510416666,1.40869140625,0.9997890533451208,0.0071281966213155,0.999920777830887,0.0094914361257528,0.984216031187601,0.9075101097631428
new_q7_sigma24_L512_W0.805_r010,470c7cec566ca563cdfa6eb07701a8488c33cd145a2f922cb3f661900cf844a9,512,0.805,0.9943370819091796,0.0015918413798014,0.0035963058471679,0.8150227864583334,1.84130859375,0.9997728688546024,0.0088949349782784,0.9999840519358584,0.0152824897762171,0.9888167748377434,0.7482100238663485
new_q7_sigma24_L512_W0.805_r011,4319ad290135ba9816eed2b55998c187724a7281d178c7cb2f44caddebd8605a,512,0.805,0.990969181060791,0.0015740394592285,0.0028125445048014,0.805908203125,1.4400227864583333,0.999904917247998,0.0079202067214253,0.999904917247998,0.0113955401887416,0.9891951933757448,0.8789488556089291
new_q7_sigma24_L512_W0.805_r012,6773b3b0908bfd883b2357c2972e4d0988fdf3a28a2b4faa1c92a4d1dc2627c2,512,0.805,0.9927167892456056,0.0015872319539388,0.0027260780334472,0.8126627604166666,1.395751953125,0.9998741911734108,0.0065120149572432,0.9999856745915616,0.0111641913925376,0.990286400961346,0.891493207393155
new_q7_sigma24_L512_W0.805_r013,26b37f176480f4d7a200b1aafc80a386437894616a088ec32b313bda99ab4265,512,0.805,0.9954134623209636,0.0015652974446614,0.0031393369038899,0.8014322916666666,1.6073404947916667,0.9998458261652856,0.0065237572117174,0.9999317127006556,0.014358858752773,0.9906580016246954,0.8118069971140702
new_q7_sigma24_L512_W0.805_r014,0d4bb66407069fd4a0d91e652056ba426cb3e2b7afc2a0175e8b51cd30cfe59d,512,0.805,0.994200865427653,0.0015589396158854,0.0031067530314127,0.7981770833333334,1.5906575520833333,0.9998723658280594,0.0066257082745915,0.9998918170842096,0.014479609120324,0.9935766721044046,0.8205771001739486
gaussian_iid_L512_q7_W0.815_r1,2775b46eccdd52921f2553cc9183bdbe1ebc4491d16ec619c3d77cefae6bb713,512,0.815,0.995936075846354,0.0016053517659505,0.0037816365559895,0.8219401041666666,1.9361979166666667,0.9997366422356716,0.0070028994202662,0.9998765793958826,0.0150895536669426,0.989009900990099,0.7283120376597175
gaussian_iid_L512_q7_W0.815_r9,e9d53cfb893e7c90487f0ddfd78de8cadeecdfa78df87307e08aad62265c227f,512,0.815,0.9955137570699056,0.0016047159830729,0.0030919710795084,0.8216145833333334,1.5830891927083333,0.9999104126156284,0.0053063129730999,0.9999104126156284,0.0105044553226809,0.9910855784469096,0.8577597285765691
new_q7_sigma24_L512_W0.815_r001,730ed90b6066724aee4279b0a0fbdaec155754c678387c7db07f3c9b18cbdf0f,512,0.815,0.9954498608907064,0.0015967686971028,0.0028996467590332,0.8175455729166666,1.484619140625,0.9998466711843252,0.0066048160866708,0.9998466711843252,0.0116003653033623,0.990543499900458,0.8649893109685907
new_q7_sigma24_L512_W0.815_r002,756af0bba2470eb52c8c5d521ad38a9e1a458d1085e9667290f8627982524e0c,512,0.815,0.9959343274434408,0.001622200012207,0.0037099520365397,0.83056640625,1.8994954427083333,0.9998234517278974,0.0073824788457488,0.999972535736498,0.0175968518899874,0.9897119341563786,0.7050683346900304
new_q7_sigma24_L512_W0.815_r003,0083ec02a1ff3fda8617e70ddf57f4039761372780eace4073309fcb1769f23b,512,0.815,0.9956558545430502,0.0015848477681477,0.0042152404785156,0.8114420572916666,2.158203125,0.9999093622322652,0.0063250065287575,0.9999932486241252,0.0206589768663283,0.9933808043325644,0.6804298642533937
new_q7_sigma24_L512_W0.815_r004,206127c83e21b4714130f3ea9674685198cd9f1b289ad40eb4b4d377db318d64,512,0.815,0.9954056739807128,0.0015597343444824,0.0028467178344726,0.798583984375,1.45751953125,0.9999743582409544,0.0062200750899348,0.9999852219039648,0.0130952341401279,0.992662794252522,0.8568955890563931
new_q7_sigma24_L512_W0.815_r005,dc2950b9358becaecae2a5f063b79bde768f37438b5feacdf86a7a161eaaf150,512,0.815,0.995412826538086,0.0016466776529947,0.003632386525472,0.8430989583333334,1.8597819010416667,0.9998756079309338,0.0071607919595666,0.9999275077004648,0.0162412721114216,0.983011583011583,0.7651949415831619
new_q7_sigma24_L512_W0.815_r006,9bbefb7697bf71c879fc328141b2ff3462e71a0298727cac28819150145e26f1,512,0.815,0.9956464767456056,0.001590092976888,0.0035281181335449,0.8141276041666666,1.806396484375,0.9999350404081933,0.0074700617924965,0.9999350404081933,0.015574680617109,0.9911035585765694,0.7668153354056855
new_q7_sigma24_L512_W0.815_r007,28d183fa48b4230db363dd1d4a72ded91ca48e7e9e3f6c543e0ee4dcd29a513a,512,0.815,0.9952786763509116,0.0015846888224283,0.0035578409830729,0.8113606770833334,1.8216145833333333,0.9997893783674946,0.0065310023238825,0.9999396042476704,0.0136587290473101,0.9916750250752256,0.7713545389563974
new_q7_sigma24_L512_W0.815_r008,03c4ae3b874655042599c7b8855127d45f32cf10232375e4f08f671102a08429,512,0.815,0.996073087056478,0.0015764236450195,0.0032203992207845,0.80712890625,1.6488444010416667,0.9997996992473276,0.0070432158223778,0.9997996992473276,0.0124023419861279,0.9890098810244,0.824441044370959
new_q7_sigma24_L512_W0.815_r009,f64c2e75b59c3d3fce5623c17f31a60f0a4a682c22c399c655056e5900ba9460,512,0.815,0.9947471618652344,0.0016358693440755,0.0037196477254231,0.8375651041666666,1.9044596354166667,0.9999439783288732,0.0080565720569606,0.9999439783288732,0.0148997480551147,0.9839681305868636,0.7463464661140073
new_q7_sigma24_L512_W0.815_r010,157d5d7d4e56d4be3c0320827c9357a5bd34997a0392f3226fd53da1ce6c1666,512,0.815,0.993962287902832,0.0015702247619628,0.0028247833251953,0.803955078125,1.4462890625,0.999896806531775,0.0058975939755701,0.9999365740930062,0.0112101962730518,0.9911934406316428,0.8932590591942381
new_q7_sigma24_L512_W0.815_r011,03cca299b183aa410294f24a77514468fb57a15ecb6cea338cacfc63bbd8ef17,512,0.815,0.9953826268513998,0.0015886624654134,0.0028627713521321,0.8133951822916666,1.4657389322916667,0.9998999081658836,0.0080065303391839,0.9998999081658836,0.0126392862498823,0.9891945972986492,0.8669146632613403
new_q7_sigma24_L512_W0.815_r012,74a34137a7deb5b37174013aedbfc51bced5bb565b3b9bf7723a10c9e0c12c04,512,0.815,0.9959108034769694,0.0015590985616048,0.0033588409423828,0.7982584635416666,1.7197265625,0.9998896728935812,0.0056943797503657,0.9998896728935812,0.0153620154789735,0.9896013864818024,0.7827465455233769
new_q7_sigma24_L512_W0.815_r013,025971e465bcb0bfc2958befe69d15d89b899bdf8f0e4c01169bd575238c424a,512,0.815,0.995309034983317,0.0016422271728515,0.0029451052347819,0.8408203125,1.5078938802083333,0.9999315056874692,0.0060128618450907,0.999971800844894,0.0132869734733763,0.9872241579558652,0.8561174375303578
new_q7_sigma24_L512_W0.815_r014,cba92da67101efdba544a56ce4a76fd29f66a336a9e34b4bbfee4b27420b071d,512,0.815,0.9956916173299154,0.001570701599121,0.0034006436665852,0.80419921875,1.7411295572916667,0.9999330445849236,0.0058330609309077,0.9999930901811764,0.0148538841420684,0.991297308237199,0.7813975227856976
new_q7_sigma24_L512_W0.84_r001,9b70d81e128784464924e1d7de8f8e9c278ae0be1ef9560f17e6c3e25af3152f,512,0.84,0.9964577356974283,0.0017449061075846,0.0063435236612955,0.8933919270833334,3.247884114583333,0.9998425988192948,0.0064595017216244,0.9998469741378142,0.0253606784648786,0.9871561304427036,0.5043848659483838
new_q7_sigma24_L512_W0.84_r002,4800c9e9bc624fc1f350ddcefd6a5f876068885c87f1399876771d4eb0637c66,512,0.84,0.9962917963663735,0.0017182032267252,0.0060307184855143,0.8797200520833334,3.087727864583333,0.999972947787144,0.0074329343614009,0.999972947787144,0.0188452816729205,0.9864939870490288,0.5601180749565126
new_q7_sigma24_L512_W0.84_r003,0f386dd05f106770532730fd85dd71e1093535d1550b142b0740d26bf8a7cd02,512,0.84,0.9964273770650228,0.0017727216084798,0.0081386566162109,0.9076334635416666,4.1669921875,0.9999492927951692,0.0067107775068125,0.9999492927951692,0.0309288805999156,0.9812606473594548,0.4200062495117569
new_q7_sigma24_L512_W0.84_r004,fd0242d68c40c573d0b0c7b273cd29c5926878cb05a275fceee42c33daab3318,512,0.84,0.9963590304056804,0.0016853014628092,0.0051209131876627,0.8628743489583334,2.621907552083333,0.999954651117824,0.0068771383139423,0.9999715740822414,0.0209541908000826,0.9881165707818542,0.6212676143770564
new_q7_sigma24_L512_W0.84_r005,71a94487a4aa7ed407164836a7324febf1868198f3d47811af68a71674819497,512,0.84,0.9962437947591146,0.0017147064208984,0.0047399202982584,0.8779296875,2.426839192708333,0.9999141452958202,0.0065870631019936,0.9999141452958202,0.02028501134217,0.985261401557286,0.6340162972401998
new_q7_sigma24_L512_W0.84_r006,8ef6b170f1b5d0ebc7bb2d6590ef84d5efcd91b2b6239ebb947f063eb1a76b53,512,0.84,0.9965572357177734,0.0017441113789876,0.0053334236145019,0.8929850260416666,2.730712890625,0.9996306215065058,0.0065328179406182,0.9999481127982918,0.016082408272124,0.98550988790668,0.6008642527194159
new_q7_sigma24_L512_W0.84_r007,cac4d9139e4b8ac19c238162fe4fcc6fa265798c75e9de00b48d17fbd96878a5,512,0.84,0.9967060089111328,0.0018134117126464,0.0056314468383789,0.928466796875,2.88330078125,0.9999680957996832,0.006712804675963,0.9999680957996832,0.0207307126298719,0.981067578227715,0.5819644369178663
new_q7_sigma24_L512_W0.84_r008,c4e26a5684de8eb6209539a2de2454b29e267d692426812fe8059bace8890656,512,0.84,0.9965759913126628,0.0017884572347005,0.0090010960896809,0.9156901041666666,4.608561197916667,0.9999026717416136,0.0072379525013116,0.9999404337991208,0.0260438596834854,0.9829363668681124,0.3954794278650891
new_q7_sigma24_L512_W0.84_r009,dc719623d49674c4eaeaa85bbfba5659fd90a2fe040aa41e06ab0ff749e442b7,512,0.84,0.9961616198221842,0.0017816225687662,0.0046396255493164,0.9121907552083334,2.37548828125,0.9997696846071834,0.0080523971154263,0.9999169379249028,0.0150326690428289,0.9826924792577392,0.6826995546420007
new_q7_sigma24_L512_W0.84_r010,1c821b1607b877e688fc49a630b9051297eb68fd5371666ff584b4df4f01b089,512,0.84,0.9966163635253906,0.0017081896464029,0.0054534276326497,0.8745930989583334,2.7921549479166665,0.9999145261730616,0.006514387483925,0.9999577105931904,0.0291093640304754,0.9861356657671908,0.556280967647916
new_q7_sigma24_L512_W0.84_r011,e087b53ee9881c3a32a20822e9560d9691c32a73c4a5dcba44b813305bb19e73,512,0.84,0.996513525644938,0.0016873677571614,0.00468111038208,0.8639322916666666,2.396728515625,0.999991958904886,0.0114787527065324,0.999991958904886,0.0212810442136849,0.9848342125094196,0.649960952089912
new_q7_sigma24_L512_W0.84_r012,cdf2127ec85867bf3ef3bec8b0eeb4c222f8cd79ed9b54f61a137f6afe88b18f,512,0.84,0.9964838027954102,0.0016702016194661,0.0108796755472819,0.8551432291666666,5.570393880208333,0.9999550145124378,0.006715754162036,0.465761974631355,0.0630060993153844,0.98943661971831,0.0
new_q7_sigma24_L512_W0.84_r013,8de1faeac99a86820e2d7e92b415600f6efaebd457f20c25aee09bbc4c13f889,512,0.84,0.9966352780659994,0.0017563501993815,0.0044633547465006,0.8992513020833334,2.285237630208333,0.9998479914444124,0.0067824114001541,0.9998479914444124,0.0147259294938998,0.9802714932126696,0.6987642890210463
new_q7_sigma24_L512_W0.84_r014,035cc6241dc930b816904a1d0686dd748d30bd6afd5cb6aa6b5f9acb04d101c6,512,0.84,0.9964208602905272,0.0018181800842285,0.0057066281636555,0.930908203125,2.9217936197916665,0.9997729682958826,0.007417587910262,0.999963692372719,0.0218705620328519,0.979631086633447,0.5663872099824527
new_q7_sigma24_L512_W0.84_r015,b4f9d65862fb50ffe00dc8d82a301bad866bf33eead39a105e6a6820c8724643,512,0.84,0.9960241317749025,0.0018186569213867,0.0101367632548014,0.93115234375,5.190022786458333,0.9999331687303392,0.0089391038026126,0.9999475729248652,0.0350278598489073,0.9687991609858416,0.351281850254802
new_q7_sigma24_L512_W0.84_r016,1a5ca9567f6e6b436eb5bc2e13d88227b6477750679b8f22743ef23cdd495a25,512,0.84,0.99660062789917,0.0016805330912272,0.0071229934692382,0.8604329427083334,3.64697265625,0.9997271291126798,0.0080568487094773,0.9999255677588366,0.0267936639228009,0.986096661307103,0.4616637657874771
new_q7_sigma24_L512_W0.86_r001,2562f912ec3c2e300cb8d25bc448edee62319e4b69f4863dc069b4b18489ad31,512,0.86,0.9968508084615072,0.0018738110860188,0.0360039075215657,0.9593912760416666,18.434000651041668,0.9999675237572648,0.0084949615753601,0.8277242037219367,0.0874849513467459,0.9754856221901772,0.0
new_q7_sigma24_L512_W0.86_r002,f3a83c8df7ffb34ba2f24f4994f89fe084afe912daa553fef9ca40ee487cf537,512,0.86,0.9969539642333984,0.0018339157104492,0.0196474393208821,0.93896484375,10.059488932291666,0.9999072096526171,0.0072626535875687,0.5208051985859578,0.081860063748388,0.9792858381001908,0.0
new_q7_sigma24_L512_W0.86_r003,c2327b94fb4c27687ba07e5ae7400882aec4db72145130f438255aeff6378c85,512,0.86,0.9969695409138998,0.0019653638203938,0.1450703938802083,1.0062662760416667,74.27604166666667,0.9997322931266271,0.0088286936602066,0.99999345652798,0.226238569571058,0.964739183178326,0.0
new_q7_sigma24_L512_W0.86_r004,dada2939a675ec9e445a012b95574c597980b57d1f82ae06795af3754fb73c4f,512,0.86,0.9969196319580078,0.00186554590861,0.0385467211405436,0.9551595052083334,19.73592122395833,0.9999170448372584,0.006391678922221,0.9999495117993844,0.0680667519941076,0.9788702394138196,0.0988145063191967
new_q7_sigma24_L512_W0.86_r005,77989f3a9cdd0c65854f1b0b74318d929ff35c6250a6d3e937df7705cbda1eae,512,0.86,0.9968298276265464,0.0017832120259602,0.032809575398763,0.9130045572916666,16.798502604166668,0.9999004544325836,0.0070889464397099,0.7328664368769184,0.0853435079490063,0.979053391567876,0.0
new_q7_sigma24_L512_W0.86_r006,7a88f667f9635dffdae5dea3155fcb58110a6290b8150d5a527ddccbcbe0f4e9,512,0.86,0.9968860944112142,0.0018364588419596,0.042157491048177,0.9402669270833334,21.584635416666668,0.999706811076673,0.0080224194330581,0.7151647385595327,0.1024990383252674,0.9790548727713346,0.0
new_q7_sigma24_L512_W0.86_r007,51a502496b95e536ee0dbc5442bc4ad5f28e13b71124e2e70b328595845e83b8,512,0.86,0.9969717661539712,0.0017849604288736,0.0665842692057291,0.9138997395833334,34.091145833333336,0.9990455211045668,0.0064235926734727,0.9999315895132908,0.1252674287197688,0.9816562778272484,0.0
new_q7_sigma24_L512_W0.86_r008,4b8fe8129189ae33f2e49f5f23c4fd2d92f70660036b8cc9cf1ebcbd74ed181a,512,0.86,0.9969054857889812,0.0018040339152018,0.0416563351949056,0.9236653645833334,21.328043619791668,0.999710696239385,0.0072116326134443,0.7860499307823258,0.117710656308176,0.9769162995594712,0.0
new_q7_sigma24_L512_W0.86_r009,6bf5568a9a3bffe6f5b16e176c1b28da1777bbe3d534de0cd4f96042fec69f97,512,0.86,0.9969615936279296,0.0018207232157389,0.1563976605733235,0.9322102864583334,80.07560221354167,0.999986193515701,0.0085582056184609,0.9999981744900432,0.2242932421721216,0.9769532955041468,0.0
new_q7_sigma24_L512_W0.86_r010,59c67727562a886bdfa9dd0738e95d21351cd8382a7f05f1106d07eb1a1f3af4,512,0.86,0.9970684051513672,0.0017948150634765,0.1059549649556477,0.9189453125,54.248942057291664,0.9997433905324512,0.0069318546730718,0.9999986727857524,0.1726034689405544,0.9783917817924194,0.0
new_q7_sigma24_L512_W0.86_r011,dd5074f47b72c9c7bf554867904b7874a8f03231293ec27c71b92160d666fde0,512,0.86,0.9969836870829264,0.0018618901570638,0.0835113525390625,0.9532877604166666,42.7578125,0.999863633050697,0.0097095455706718,0.9722997252825122,0.1666760395215584,0.9653406180638552,0.0
new_q7_sigma24_L512_W0.86_r012,bbf051c20372bcafb1794b15f4d50c310a9b45ce7391c2574ddd2c33b1fa102a,512,0.86,0.9968905448913574,0.001781940460205,0.0649792353312174,0.912353515625,33.269368489583336,0.9998044482580484,0.009159301603277,0.9999945110855026,0.0889682568046762,0.9795736330389796,0.0591613790134388
new_q7_sigma24_L512_W0.86_r013,9492e0628f794dbf3ebe00b4b5043bd94b1be73d2cc2353d62cfb7b2369939d0,512,0.86,0.9968220392862956,0.0018177032470703,0.0372749964396158,0.9306640625,19.08479817708333,0.999983616413501,0.0069135827614846,0.8767397378932525,0.0865879168864907,0.9790136411332634,0.0
new_q7_sigma24_L512_W0.86_r014,f8a082c444eeee131c2a91793c729fcb9c2e54e0c1444ad3bae7cfec8dd0c746,512,0.86,0.9964733123779296,0.0018259684244791,0.0955694516499837,0.9348958333333334,48.931559244791664,0.9998624814069912,0.0069744396152739,0.9999950977863604,0.167878012950159,0.9834610027855152,0.0
new_q7_sigma24_L512_W0.86_r015,5edb35015a05ff719a0fe0eaa5f1d7d489afde1141074927ce0daa96999bd6a2,512,0.86,0.9969223340352376,0.0017728805541992,0.0352419217427571,0.90771484375,18.043863932291668,0.9998730255494768,0.00788658019395,0.879211853487875,0.0918549187120693,0.9784830554061325,0.0
new_q7_sigma24_L512_W0.86_r016,0cb4f3e1cef02ee03a1372f86c44650320a4fc62e2d76e5bf780ead948668ba1,512,0.86,0.9968433380126952,0.0019330978393554,0.0840913454691569,0.98974609375,43.054768880208336,0.999991118214722,0.0073738514297961,0.9999918996973468,0.1471772647380513,0.9713862851504688,0.0
new_q7_sigma24_L512_W0.88_r001,5d76efe7fb0cbd3a0dd93bf932f81d8a3ec9d590794097e8cb98a9a590592ba1,512,0.88,0.996989091237386,0.0019623438517252,0.9852288564046224,1.0047200520833333,504.4371744791667,0.9998568838953066,0.0083869079318863,0.999999814457778,0.999999181379533,0.9664668718613316,0.0039262572831854
new_q7_sigma24_L512_W0.88_r002,3a129d2be92682c47ac6d6e1591591105ee6d22949548d9905d7e537902c949e,512,0.88,0.9971505800882976,0.0019300778706868,0.9791000684102376,0.9881998697916666,501.2992350260417,0.9999666264213812,0.0070913729916917,0.999999786567317,0.9999884554449372,0.9745532405501112,0.0039425548684124
new_q7_sigma24_L512_W0.88_r003,78ca39ba54a3211271af1fee5366e1e82fc4a787291869e6aa4d4a126857cc8e,512,0.88,0.9971988995869956,0.0018900235493977,0.864438533782959,0.9676920572916666,442.592529296875,0.9998406754360212,0.0066947947262628,0.999999824910108,0.913931816848786,0.9785552098225548,0.0
new_q7_sigma24_L512_W0.88_r004,f1b8272ac82f5f570fc9b20b8a3d4cc44f1714fdae754c7628f3eddd7db97f87,512,0.88,0.9971334139506022,0.0019424756368001,0.5965684254964193,0.9945475260416666,305.4430338541667,0.9997560038317318,0.0083457167389874,0.9999997816631516,0.628814885862992,0.966860322395876,0.0065452014822219
new_q7_sigma24_L512_W0.88_r005,d3eb2f0d0d50d8d0d0ee4eda91efb067d1c9fa29479f6332ba61fa3766efaeb4,512,0.88,0.9972159067789712,0.0018749237060546,0.9788920084635416,0.9599609375,501.1927083333333,0.9999021754596548,0.0070116530593337,0.9999998872343544,0.9999845617312926,0.9765174635469652,0.0039523233640586
new_q7_sigma24_L512_W0.88_r006,32a55fde42877af6096e913e6f9032a7440b4d219e6160f29920cf58e32fd548,512,0.88,0.9972747166951498,0.0018072128295898,0.9840621948242188,0.92529296875,503.83984375,0.9998299753663212,0.007102320447186,0.9999996666654496,0.9999972339175128,0.9794195250659632,0.0039357576838291
new_q7_sigma24_L512_W0.88_r007,8c721674ca50c7a3adac1332892ad37b8bcabd8174f22bfc84f9e8e39c5da2c6,512,0.88,0.997100830078125,0.0018680890401204,0.9846464792887368,0.9564615885416666,504.1389973958333,0.9999202367762876,0.0073299664121713,0.9999997476935668,0.9999992929404592,0.9749851101846336,0.0039720025957003
new_q7_sigma24_L512_W0.88_r008,61570f8186fbfbea21cad7282992b8b52e044adb51d4ea1cc7a79a377b44e265,512,0.88,0.9972081184387208,0.0020194053649902,0.9813674290974936,1.033935546875,502.4601236979167,0.9999210784058457,0.0099519770712127,0.9999997573565148,0.9999687611130934,0.957103502558048,0.0039642190200235
new_q7_sigma24_L512_W0.88_r009,c29c0c7c10c28a43c12e34ab0c811e928892486e0a1170c02ec923ebebce0af1,512,0.88,0.9970636367797852,0.0020203590393066,0.5535208384195963,1.034423828125,283.4026692708333,0.9997469178213462,0.0092170634874331,0.9999998188682538,0.605343764770546,0.96294548029266,0.007012587682472
new_q7_sigma24_L512_W0.88_r010,17a815b9c673e72459b8bee3f21b4a9293e19dc30c4984337da729793df97068,512,0.88,0.9972176551818848,0.0019950866699218,0.9817608197530112,1.021484375,502.6615397135417,0.9995357645540224,0.007182664087701,0.999999754890997,0.9999987813011858,0.96789356277884,0.0039237748929243
new_q7_sigma24_L512_W0.88_r011,74344da75edc5be439877a3f8f8b44f7b1f8e314fb7c900432ef06e253ead407,512,0.88,0.9972475369771322,0.0019003550211588,0.9839013417561848,0.9729817708333334,503.7574869791667,0.9999535598051428,0.0086901392221887,0.9999995152642398,0.9999918110941156,0.9732351957176312,0.0039893883400978
new_q7_sigma24_L512_W0.88_r012,b55dc9519a875e3e14bbac030cf44b10fe6cb5210f89b7c801c3c965c86e1a84,512,0.88,0.9971659978230796,0.0018471082051595,0.9854399363199868,0.9457194010416666,504.5452473958333,0.9998397830802508,0.0065258276988334,0.9999998970164244,0.9999973552308458,0.9811548059547373,0.0039320293452166
new_q7_sigma24_L512_W0.88_r013,f8afa69ebc5949091935e5efdec271b8b91ca3679c5d792aebcfeb73b81c2360,512,0.88,0.9972354571024576,0.001898447672526,0.8120512962341309,0.9720052083333334,415.770263671875,0.999815372655002,0.0089318913120081,0.9999996066088396,0.863743387358845,0.9738780977896851,0.0
new_q7_sigma24_L512_W0.88_r014,583beafe8e30e486ce0ed5937f88fdc66df7dd018865aa06a66254291c46d560,512,0.88,0.9970922470092772,0.0019380251566569,0.98475980758667,0.9922688802083334,504.197021484375,0.9996496310686748,0.0069870231307178,0.999999918794997,0.999996869380845,0.9722791765767244,0.0039529838483058
new_q7_sigma24_L512_W0.88_r015,8693a34313cf62bdff13a9b2e34e33f4ec1ceb83eb777c3cf5517e1682c06c24,512,0.88,0.9973015785217284,0.0019210179646809,0.5390729904174805,0.9835611979166666,276.00537109375,0.9998517799926084,0.0080899036386886,0.9999988051061464,0.5747240258028525,0.9743504881681284,0.0
new_q7_sigma24_L512_W0.88_r016,3c030641cc98f3b56598a2f7a161ee23c37e74d512c76498a3f7ad33c9d8cb25,512,0.88,0.9972389539082844,0.0018986066182454,0.5455986658732096,0.9720865885416666,279.3465169270833,0.999980769070106,0.0073057308628222,0.9999993215580028,0.5753776441980468,0.9748848890749268,0.0070520682512723
gaussian_iid_L512_q7_W0.9_r1,760e74292bda33fecc79a94e16cccd63cd48e3c9cb7fd64ca3565501ad23456e,512,0.9,0.9973932902018228,0.0021861394246419,0.9873860677083334,1.1193033854166667,505.5416666666667,0.9999592546863116,0.013072998946805,0.999999677121218,0.9999993359332991,0.9273665842663952,0.0039160695520481
gaussian_iid_L512_q7_W0.9_r3,aa05ea96bb6896e9c0baa42571279e0c6c7d1cfcc3a7d62bc306f408d628b614,512,0.9,0.9974346160888672,0.0021071434020996,0.9878331820170084,1.078857421875,505.7705891927083,0.9998885064135676,0.0088463007313541,0.9999998356592684,0.9999998005178412,0.964396168062156,0.003911722601248
new_q7_sigma24_L512_W0.9_r001,9434e32f04799aace07e5a78dc1022237d2a32a2d590bb5c2107a8395effdc54,512,0.9,0.997321923573812,0.0019704500834147,0.9866040547688802,1.0088704427083333,505.1412760416667,0.9999684169156616,0.006922761179211,0.999999363223646,0.99999903566932,0.974348632733726,0.0039103128379153
new_q7_sigma24_L512_W0.9_r002,fb38d640e1b0b8738132fe3a0c297d27f0015805d9d93f046a5e03c2fdc30c2b,512,0.9,0.9972928365071616,0.0019826889038085,0.9870562553405762,1.01513671875,505.372802734375,0.9999310369770504,0.0077678581279604,0.9999994219196447,0.9999989487441646,0.972663139329806,0.003963432651838
new_q7_sigma24_L512_W0.9_r003,f832f5fefe64f5e1ddfdf82e68b03ee6da995cfafd3ee02d1f4503b2b8661af8,512,0.9,0.9972074826558432,0.0021686553955078,0.986672560373942,1.1103515625,505.1763509114583,0.9999711129878528,0.0107912923309272,0.9999996534269774,0.9999938965586234,0.928833186748754,0.0039163239554308
new_q7_sigma24_L512_W0.9_r004,f09a64ff8149a2569f28b9ed7734e09ab8246193faddf0b5d115682655e536d3,512,0.9,0.9973368644714355,0.0021246274312337,0.987301508585612,1.0878092447916667,505.4983723958333,0.9999523291744452,0.0110196713005004,0.9999998350250312,0.9999989202120592,0.9426946958928704,0.0039408754381344
new_q7_sigma24_L512_W0.9_r005,d74f399674b76393f974b02f5a256bf9d323a6232fa1860b044a78143034feb2,512,0.9,0.9973998069763184,0.0021009445190429,0.9869461059570312,1.07568359375,505.31640625,0.9999137216104664,0.0082753383545669,0.9999996974909012,0.9999996366487048,0.9558178241791496,0.0039706390127885
new_q7_sigma24_L512_W0.9_r006,b9f09c871e932a56a4f8d332d105bfde0ba489ee5e02b9aa9964a51c0cb2e8a4,512,0.9,0.9973406791687012,0.0019896825154622,0.987468719482422,1.0187174479166667,505.583984375,0.9998862130661536,0.0072131926158295,0.999999984639177,0.9999989972312836,0.9745965809234702,0.0039321599789846
new_q7_sigma24_L512_W0.9_r007,fedf1e2720b2a3a4203f10d25d5b59beb2076311c75d022224aef7ca8e7a2e78,512,0.9,0.9973711967468262,0.0019790331522623,0.987223466237386,1.0132649739583333,505.4584147135417,0.9998500045314054,0.0074674122920403,0.9999996700604088,0.9999977398127722,0.9691591036864508,0.0039588972791013
new_q7_sigma24_L512_W0.9_r008,66ca07c77f9351c77d7a0b9ab40f8c58c1bace71d074bd19a24ee768082c9214,512,0.9,0.9973368644714355,0.0020812352498372,0.98606538772583,1.0655924479166667,504.865478515625,0.9999559986544267,0.0109196480528442,0.9999995932639516,0.9999991181737156,0.9505116847411028,0.0039472664035693
new_q7_sigma24_L512_W0.9_r009,ab7873f6c0f3087cb373b58706aa5c5c74d0fb12f36578726eeaedd47154ab6f,512,0.9,0.9973211288452148,0.0019919077555338,0.9872485796610514,1.0198567708333333,505.4712727864583,0.9999018903097018,0.0080962753323878,0.99999993567699,0.9999992790143452,0.9685604851579956,0.0038998710561561
new_q7_sigma24_L512_W0.9_r010,7bf8d4544377b33367122e36557a9f28ec9d20ea6a873b2a83ed796e0b293e5c,512,0.9,0.9972626368204752,0.0019303957621256,0.9875268936157228,0.9883626302083334,505.61376953125,0.9999230027918748,0.0074164591309996,0.9999998271183462,0.9999989763797896,0.9735693701111569,0.0039834333980043
new_q7_sigma24_L512_W0.9_r011,201e8de38be4eb16df2e9afc05a630a4f82ac67af7e468295dd98df85331b6d2,512,0.9,0.9974056879679362,0.0020224253336588,0.9856257438659668,1.0354817708333333,504.640380859375,0.9998688801603882,0.0071655090750725,0.9999996623869668,0.9999994379202024,0.9685633448601068,0.0039132265476927
new_q7_sigma24_L512_W0.9_r012,04a230041acd470f54f292346aa3697bd3115474ea83fafcb91b2f09ddb0a78d,512,0.9,0.9973003069559732,0.0021082560221354,0.9876139958699544,1.0794270833333333,505.6583658854167,0.9997236864076682,0.0095318099359182,0.9999999385119656,0.9999948313013024,0.9498642943305188,0.0039005203161487
new_q7_sigma24_L512_W0.9_r013,330dfd23126a468447e9fafc6691ebd0e0a1f94e8ca7bd5369fc4b593646d1b9,512,0.9,0.9973115921020508,0.002236525217692,0.9867156346638998,1.1451009114583333,505.1984049479167,0.9999511808058322,0.0085406330938295,0.9999996423066128,0.9999992868016656,0.9436429535924952,0.0039662506254149
new_q7_sigma24_L512_W0.9_r014,7fb24256c4d7db1471a3a9f7a029a005af508ed1caf0395290922ba9b762e9aa,512,0.9,0.9974098205566406,0.0022481282552083,0.9875478744506836,1.1510416666666667,505.62451171875,0.9999821500035598,0.0113106795506662,0.9999996515032008,0.9999988804771858,0.9111990950226244,0.0039305572052919
