state,indegree,node_count,fraction,graph_id,W,realization
original,0,2033,0.005170186360677083,S1C_W0.790_r00,0.79,0
original,1,5260,0.013376871744791666,S1C_W0.790_r00,0.79,0
original,2,12414,0.0315704345703125,S1C_W0.790_r00,0.79,0
original,3,23873,0.060712178548177086,S1C_W0.790_r00,0.79,0
original,4,37348,0.09498087565104167,S1C_W0.790_r00,0.79,0
original,5,49237,0.1252161661783854,S1C_W0.790_r00,0.79,0
original,6,54391,0.1383234659830729,S1C_W0.790_r00,0.79,0
original,7,52638,0.1338653564453125,S1C_W0.790_r00,0.79,0
original,8,45703,0.11622873942057292,S1C_W0.790_r00,0.79,0
original,9,36733,0.09341684977213542,S1C_W0.790_r00,0.79,0
original,10,26765,0.06806691487630208,S1C_W0.790_r00,0.79,0
original,11,18391,0.046770731608072914,S1C_W0.790_r00,0.79,0
original,12,11764,0.029917399088541668,S1C_W0.790_r00,0.79,0
original,13,7042,0.017908732096354168,S1C_W0.790_r00,0.79,0
original,14,4035,0.01026153564453125,S1C_W0.790_r00,0.79,0
original,15,2237,0.005688985188802083,S1C_W0.790_r00,0.79,0
original,16,1237,0.0031458536783854165,S1C_W0.790_r00,0.79,0
original,17,575,0.0014623006184895833,S1C_W0.790_r00,0.79,0
original,18,340,0.0008646647135416666,S1C_W0.790_r00,0.79,0
original,19,204,0.000518798828125,S1C_W0.790_r00,0.79,0
original,20,99,0.00025177001953125,S1C_W0.790_r00,0.79,0
original,21,89,0.00022633870442708334,S1C_W0.790_r00,0.79,0
original,22,51,0.00012969970703125,S1C_W0.790_r00,0.79,0
original,23,50,0.00012715657552083334,S1C_W0.790_r00,0.79,0
original,24,33,8.392333984375e-05,S1C_W0.790_r00,0.79,0
original,25,40,0.00010172526041666667,S1C_W0.790_r00,0.79,0
original,26,37,9.409586588541667e-05,S1C_W0.790_r00,0.79,0
original,27,36,9.1552734375e-05,S1C_W0.790_r00,0.79,0
original,28,36,9.1552734375e-05,S1C_W0.790_r00,0.79,0
original,29,41,0.00010426839192708333,S1C_W0.790_r00,0.79,0
original,30,24,6.103515625e-05,S1C_W0.790_r00,0.79,0
original,31,18,4.57763671875e-05,S1C_W0.790_r00,0.79,0
original,32,24,6.103515625e-05,S1C_W0.790_r00,0.79,0
original,33,32,8.138020833333333e-05,S1C_W0.790_r00,0.79,0
original,34,29,7.375081380208333e-05,S1C_W0.790_r00,0.79,0
original,35,27,6.866455078125e-05,S1C_W0.790_r00,0.79,0
original,36,18,4.57763671875e-05,S1C_W0.790_r00,0.79,0
original,37,22,5.5948893229166664e-05,S1C_W0.790_r00,0.79,0
original,38,29,7.375081380208333e-05,S1C_W0.790_r00,0.79,0
original,39,18,4.57763671875e-05,S1C_W0.790_r00,0.79,0
original,40,17,4.3233235677083336e-05,S1C_W0.790_r00,0.79,0
original,41,21,5.340576171875e-05,S1C_W0.790_r00,0.79,0
original,42,18,4.57763671875e-05,S1C_W0.790_r00,0.79,0
original,43,20,5.0862630208333336e-05,S1C_W0.790_r00,0.79,0
original,44,11,2.7974446614583332e-05,S1C_W0.790_r00,0.79,0
original,45,16,4.0690104166666664e-05,S1C_W0.790_r00,0.79,0
original,46,11,2.7974446614583332e-05,S1C_W0.790_r00,0.79,0
original,47,23,5.8492024739583336e-05,S1C_W0.790_r00,0.79,0
original,48,14,3.5603841145833336e-05,S1C_W0.790_r00,0.79,0
original,49,9,2.288818359375e-05,S1C_W0.790_r00,0.79,0
original,50,10,2.5431315104166668e-05,S1C_W0.790_r00,0.79,0
original,51,11,2.7974446614583332e-05,S1C_W0.790_r00,0.79,0
original,52,7,1.7801920572916668e-05,S1C_W0.790_r00,0.79,0
original,53,10,2.5431315104166668e-05,S1C_W0.790_r00,0.79,0
original,54,11,2.7974446614583332e-05,S1C_W0.790_r00,0.79,0
original,55,5,1.2715657552083334e-05,S1C_W0.790_r00,0.79,0
original,56,7,1.7801920572916668e-05,S1C_W0.790_r00,0.79,0
original,57,9,2.288818359375e-05,S1C_W0.790_r00,0.79,0
original,58,5,1.2715657552083334e-05,S1C_W0.790_r00,0.79,0
original,59,0,0.0,S1C_W0.790_r00,0.79,0
original,60,2,5.086263020833333e-06,S1C_W0.790_r00,0.79,0
original,61,1,2.5431315104166665e-06,S1C_W0.790_r00,0.79,0
original,62,1,2.5431315104166665e-06,S1C_W0.790_r00,0.79,0
original,63,2,5.086263020833333e-06,S1C_W0.790_r00,0.79,0
original,64,1,2.5431315104166665e-06,S1C_W0.790_r00,0.79,0
original,65,0,0.0,S1C_W0.790_r00,0.79,0
original,66,1,2.5431315104166665e-06,S1C_W0.790_r00,0.79,0
reassigned,0,8022,0.0204010009765625,S1C_W0.790_r00,0.79,0
reassigned,1,13054,0.033198038736979164,S1C_W0.790_r00,0.79,0
reassigned,2,25266,0.0642547607421875,S1C_W0.790_r00,0.79,0
reassigned,3,36309,0.09233856201171875,S1C_W0.790_r00,0.79,0
reassigned,4,43088,0.10957845052083333,S1C_W0.790_r00,0.79,0
reassigned,5,44437,0.11300913492838542,S1C_W0.790_r00,0.79,0
reassigned,6,42074,0.10699971516927083,S1C_W0.790_r00,0.79,0
reassigned,7,36755,0.09347279866536458,S1C_W0.790_r00,0.79,0
reassigned,8,31243,0.07945505777994792,S1C_W0.790_r00,0.79,0
reassigned,9,25348,0.06446329752604167,S1C_W0.790_r00,0.79,0
reassigned,10,20012,0.050893147786458336,S1C_W0.790_r00,0.79,0
reassigned,11,15537,0.03951263427734375,S1C_W0.790_r00,0.79,0
reassigned,12,12104,0.030782063802083332,S1C_W0.790_r00,0.79,0
reassigned,13,9206,0.023412068684895832,S1C_W0.790_r00,0.79,0
reassigned,14,7139,0.018155415852864582,S1C_W0.790_r00,0.79,0
reassigned,15,5233,0.013308207194010416,S1C_W0.790_r00,0.79,0
reassigned,16,4000,0.010172526041666666,S1C_W0.790_r00,0.79,0
reassigned,17,3103,0.007891337076822916,S1C_W0.790_r00,0.79,0
reassigned,18,2498,0.006352742513020833,S1C_W0.790_r00,0.79,0
reassigned,19,1865,0.004742940266927083,S1C_W0.790_r00,0.79,0
reassigned,20,1454,0.0036977132161458335,S1C_W0.790_r00,0.79,0
reassigned,21,1073,0.0027287801106770835,S1C_W0.790_r00,0.79,0
reassigned,22,812,0.0020650227864583335,S1C_W0.790_r00,0.79,0
reassigned,23,669,0.00170135498046875,S1C_W0.790_r00,0.79,0
reassigned,24,514,0.0013071695963541667,S1C_W0.790_r00,0.79,0
reassigned,25,383,0.0009740193684895834,S1C_W0.790_r00,0.79,0
reassigned,26,312,0.00079345703125,S1C_W0.790_r00,0.79,0
reassigned,27,248,0.0006306966145833334,S1C_W0.790_r00,0.79,0
reassigned,28,201,0.00051116943359375,S1C_W0.790_r00,0.79,0
reassigned,29,153,0.00038909912109375,S1C_W0.790_r00,0.79,0
reassigned,30,108,0.000274658203125,S1C_W0.790_r00,0.79,0
reassigned,31,102,0.0002593994140625,S1C_W0.790_r00,0.79,0
reassigned,32,63,0.00016021728515625,S1C_W0.790_r00,0.79,0
reassigned,33,45,0.00011444091796875,S1C_W0.790_r00,0.79,0
reassigned,34,67,0.00017038981119791666,S1C_W0.790_r00,0.79,0
reassigned,35,38,9.663899739583333e-05,S1C_W0.790_r00,0.79,0
reassigned,36,43,0.00010935465494791667,S1C_W0.790_r00,0.79,0
reassigned,37,32,8.138020833333333e-05,S1C_W0.790_r00,0.79,0
reassigned,38,49,0.00012461344401041666,S1C_W0.790_r00,0.79,0
reassigned,39,31,7.883707682291667e-05,S1C_W0.790_r00,0.79,0
reassigned,40,20,5.0862630208333336e-05,S1C_W0.790_r00,0.79,0
reassigned,41,24,6.103515625e-05,S1C_W0.790_r00,0.79,0
reassigned,42,17,4.3233235677083336e-05,S1C_W0.790_r00,0.79,0
reassigned,43,25,6.357828776041667e-05,S1C_W0.790_r00,0.79,0
reassigned,44,15,3.814697265625e-05,S1C_W0.790_r00,0.79,0
reassigned,45,23,5.8492024739583336e-05,S1C_W0.790_r00,0.79,0
reassigned,46,18,4.57763671875e-05,S1C_W0.790_r00,0.79,0
reassigned,47,12,3.0517578125e-05,S1C_W0.790_r00,0.79,0
reassigned,48,14,3.5603841145833336e-05,S1C_W0.790_r00,0.79,0
reassigned,49,12,3.0517578125e-05,S1C_W0.790_r00,0.79,0
reassigned,50,16,4.0690104166666664e-05,S1C_W0.790_r00,0.79,0
reassigned,51,12,3.0517578125e-05,S1C_W0.790_r00,0.79,0
reassigned,52,8,2.0345052083333332e-05,S1C_W0.790_r00,0.79,0
reassigned,53,11,2.7974446614583332e-05,S1C_W0.790_r00,0.79,0
reassigned,54,7,1.7801920572916668e-05,S1C_W0.790_r00,0.79,0
reassigned,55,8,2.0345052083333332e-05,S1C_W0.790_r00,0.79,0
reassigned,56,13,3.3060709635416664e-05,S1C_W0.790_r00,0.79,0
reassigned,57,12,3.0517578125e-05,S1C_W0.790_r00,0.79,0
reassigned,58,6,1.52587890625e-05,S1C_W0.790_r00,0.79,0
reassigned,59,10,2.5431315104166668e-05,S1C_W0.790_r00,0.79,0
reassigned,60,9,2.288818359375e-05,S1C_W0.790_r00,0.79,0
reassigned,61,5,1.2715657552083334e-05,S1C_W0.790_r00,0.79,0
reassigned,62,6,1.52587890625e-05,S1C_W0.790_r00,0.79,0
reassigned,63,10,2.5431315104166668e-05,S1C_W0.790_r00,0.79,0
reassigned,64,5,1.2715657552083334e-05,S1C_W0.790_r00,0.79,0
reassigned,65,7,1.7801920572916668e-05,S1C_W0.790_r00,0.79,0
reassigned,66,7,1.7801920572916668e-05,S1C_W0.790_r00,0.79,0
reassigned,67,6,1.52587890625e-05,S1C_W0.790_r00,0.79,0
reassigned,68,7,1.7801920572916668e-05,S1C_W0.790_r00,0.79,0
reassigned,69,8,2.0345052083333332e-05,S1C_W0.790_r00,0.79,0
reassigned,70,7,1.7801920572916668e-05,S1C_W0.790_r00,0.79,0
reassigned,71,3,7.62939453125e-06,S1C_W0.790_r00,0.79,0
reassigned,72,2,5.086263020833333e-06,S1C_W0.790_r00,0.79,0
reassigned,73,3,7.62939453125e-06,S1C_W0.790_r00,0.79,0
reassigned,74,4,1.0172526041666666e-05,S1C_W0.790_r00,0.79,0
reassigned,75,6,1.52587890625e-05,S1C_W0.790_r00,0.79,0
reassigned,76,6,1.52587890625e-05,S1C_W0.790_r00,0.79,0
reassigned,77,1,2.5431315104166665e-06,S1C_W0.790_r00,0.79,0
reassigned,78,5,1.2715657552083334e-05,S1C_W0.790_r00,0.79,0
reassigned,79,4,1.0172526041666666e-05,S1C_W0.790_r00,0.79,0
reassigned,80,5,1.2715657552083334e-05,S1C_W0.790_r00,0.79,0
reassigned,81,7,1.7801920572916668e-05,S1C_W0.790_r00,0.79,0
reassigned,82,1,2.5431315104166665e-06,S1C_W0.790_r00,0.79,0
reassigned,83,10,2.5431315104166668e-05,S1C_W0.790_r00,0.79,0
reassigned,84,3,7.62939453125e-06,S1C_W0.790_r00,0.79,0
reassigned,85,2,5.086263020833333e-06,S1C_W0.790_r00,0.79,0
reassigned,86,2,5.086263020833333e-06,S1C_W0.790_r00,0.79,0
reassigned,87,2,5.086263020833333e-06,S1C_W0.790_r00,0.79,0
reassigned,88,2,5.086263020833333e-06,S1C_W0.790_r00,0.79,0
reassigned,89,4,1.0172526041666666e-05,S1C_W0.790_r00,0.79,0
reassigned,90,3,7.62939453125e-06,S1C_W0.790_r00,0.79,0
reassigned,91,2,5.086263020833333e-06,S1C_W0.790_r00,0.79,0
reassigned,92,4,1.0172526041666666e-05,S1C_W0.790_r00,0.79,0
reassigned,93,3,7.62939453125e-06,S1C_W0.790_r00,0.79,0
reassigned,94,2,5.086263020833333e-06,S1C_W0.790_r00,0.79,0
reassigned,95,8,2.0345052083333332e-05,S1C_W0.790_r00,0.79,0
reassigned,96,3,7.62939453125e-06,S1C_W0.790_r00,0.79,0
reassigned,97,3,7.62939453125e-06,S1C_W0.790_r00,0.79,0
reassigned,98,1,2.5431315104166665e-06,S1C_W0.790_r00,0.79,0
reassigned,99,1,2.5431315104166665e-06,S1C_W0.790_r00,0.79,0
reassigned,100,7,1.7801920572916668e-05,S1C_W0.790_r00,0.79,0
reassigned,101,1,2.5431315104166665e-06,S1C_W0.790_r00,0.79,0
reassigned,102,2,5.086263020833333e-06,S1C_W0.790_r00,0.79,0
reassigned,103,1,2.5431315104166665e-06,S1C_W0.790_r00,0.79,0
reassigned,104,3,7.62939453125e-06,S1C_W0.790_r00,0.79,0
reassigned,105,1,2.5431315104166665e-06,S1C_W0.790_r00,0.79,0
reassigned,106,1,2.5431315104166665e-06,S1C_W0.790_r00,0.79,0
reassigned,107,3,7.62939453125e-06,S1C_W0.790_r00,0.79,0
reassigned,108,0,0.0,S1C_W0.790_r00,0.79,0
reassigned,109,1,2.5431315104166665e-06,S1C_W0.790_r00,0.79,0
reassigned,110,4,1.0172526041666666e-05,S1C_W0.790_r00,0.79,0
reassigned,111,1,2.5431315104166665e-06,S1C_W0.790_r00,0.79,0
reassigned,112,0,0.0,S1C_W0.790_r00,0.79,0
reassigned,113,0,0.0,S1C_W0.790_r00,0.79,0
reassigned,114,1,2.5431315104166665e-06,S1C_W0.790_r00,0.79,0
reassigned,115,0,0.0,S1C_W0.790_r00,0.79,0
reassigned,116,2,5.086263020833333e-06,S1C_W0.790_r00,0.79,0
reassigned,117,0,0.0,S1C_W0.790_r00,0.79,0
reassigned,118,1,2.5431315104166665e-06,S1C_W0.790_r00,0.79,0
reassigned,119,2,5.086263020833333e-06,S1C_W0.790_r00,0.79,0
reassigned,120,0,0.0,S1C_W0.790_r00,0.79,0
reassigned,121,2,5.086263020833333e-06,S1C_W0.790_r00,0.79,0
reassigned,122,2,5.086263020833333e-06,S1C_W0.790_r00,0.79,0
reassigned,123,1,2.5431315104166665e-06,S1C_W0.790_r00,0.79,0
reassigned,124,0,0.0,S1C_W0.790_r00,0.79,0
reassigned,125,1,2.5431315104166665e-06,S1C_W0.790_r00,0.79,0
reassigned,126,0,0.0,S1C_W0.790_r00,0.79,0
reassigned,127,0,0.0,S1C_W0.790_r00,0.79,0
reassigned,128,0,0.0,S1C_W0.790_r00,0.79,0
reassigned,129,1,2.5431315104166665e-06,S1C_W0.790_r00,0.79,0
reassigned,130,0,0.0,S1C_W0.790_r00,0.79,0
reassigned,131,0,0.0,S1C_W0.790_r00,0.79,0
reassigned,132,2,5.086263020833333e-06,S1C_W0.790_r00,0.79,0
reassigned,133,0,0.0,S1C_W0.790_r00,0.79,0
reassigned,134,1,2.5431315104166665e-06,S1C_W0.790_r00,0.79,0
reassigned,135,1,2.5431315104166665e-06,S1C_W0.790_r00,0.79,0
reassigned,136,1,2.5431315104166665e-06,S1C_W0.790_r00,0.79,0
reassigned,137,0,0.0,S1C_W0.790_r00,0.79,0
reassigned,138,2,5.086263020833333e-06,S1C_W0.790_r00,0.79,0
reassigned,139,1,2.5431315104166665e-06,S1C_W0.790_r00,0.79,0
reassigned,140,0,0.0,S1C_W0.790_r00,0.79,0
reassigned,141,1,2.5431315104166665e-06,S1C_W0.790_r00,0.79,0
reassigned,142,0,0.0,S1C_W0.790_r00,0.79,0
reassigned,143,2,5.086263020833333e-06,S1C_W0.790_r00,0.79,0
reassigned,144,1,2.5431315104166665e-06,S1C_W0.790_r00,0.79,0
reassigned,145,0,0.0,S1C_W0.790_r00,0.79,0
reassigned,146,0,0.0,S1C_W0.790_r00,0.79,0
reassigned,147,0,0.0,S1C_W0.790_r00,0.79,0
reassigned,148,1,2.5431315104166665e-06,S1C_W0.790_r00,0.79,0
reassigned,149,0,0.0,S1C_W0.790_r00,0.79,0
reassigned,150,1,2.5431315104166665e-06,S1C_W0.790_r00,0.79,0
reassigned,151,1,2.5431315104166665e-06,S1C_W0.790_r00,0.79,0
reassigned,152,2,5.086263020833333e-06,S1C_W0.790_r00,0.79,0
reassigned,153,1,2.5431315104166665e-06,S1C_W0.790_r00,0.79,0
reassigned,154,1,2.5431315104166665e-06,S1C_W0.790_r00,0.79,0
reassigned,155,0,0.0,S1C_W0.790_r00,0.79,0
reassigned,156,0,0.0,S1C_W0.790_r00,0.79,0
reassigned,157,2,5.086263020833333e-06,S1C_W0.790_r00,0.79,0
reassigned,158,0,0.0,S1C_W0.790_r00,0.79,0
reassigned,159,0,0.0,S1C_W0.790_r00,0.79,0
reassigned,160,0,0.0,S1C_W0.790_r00,0.79,0
reassigned,161,0,0.0,S1C_W0.790_r00,0.79,0
reassigned,162,0,0.0,S1C_W0.790_r00,0.79,0
reassigned,163,0,0.0,S1C_W0.790_r00,0.79,0
reassigned,164,0,0.0,S1C_W0.790_r00,0.79,0
reassigned,165,0,0.0,S1C_W0.790_r00,0.79,0
reassigned,166,0,0.0,S1C_W0.790_r00,0.79,0
reassigned,167,0,0.0,S1C_W0.790_r00,0.79,0
reassigned,168,0,0.0,S1C_W0.790_r00,0.79,0
reassigned,169,0,0.0,S1C_W0.790_r00,0.79,0
reassigned,170,0,0.0,S1C_W0.790_r00,0.79,0
reassigned,171,1,2.5431315104166665e-06,S1C_W0.790_r00,0.79,0
reassigned,172,0,0.0,S1C_W0.790_r00,0.79,0
reassigned,173,0,0.0,S1C_W0.790_r00,0.79,0
reassigned,174,1,2.5431315104166665e-06,S1C_W0.790_r00,0.79,0
reassigned,175,1,2.5431315104166665e-06,S1C_W0.790_r00,0.79,0
reassigned,176,0,0.0,S1C_W0.790_r00,0.79,0
reassigned,177,0,0.0,S1C_W0.790_r00,0.79,0
reassigned,178,1,2.5431315104166665e-06,S1C_W0.790_r00,0.79,0
reassigned,179,0,0.0,S1C_W0.790_r00,0.79,0
reassigned,180,0,0.0,S1C_W0.790_r00,0.79,0
reassigned,181,1,2.5431315104166665e-06,S1C_W0.790_r00,0.79,0
original,0,1942,0.004938761393229167,S1C_W0.790_r01,0.79,1
original,1,5226,0.0132904052734375,S1C_W0.790_r01,0.79,1
original,2,12462,0.0316925048828125,S1C_W0.790_r01,0.79,1
original,3,24022,0.061091105143229164,S1C_W0.790_r01,0.79,1
original,4,37555,0.09550730387369792,S1C_W0.790_r01,0.79,1
original,5,48898,0.12435404459635417,S1C_W0.790_r01,0.79,1
original,6,54164,0.13774617513020834,S1C_W0.790_r01,0.79,1
original,7,52408,0.13328043619791666,S1C_W0.790_r01,0.79,1
original,8,46239,0.11759185791015625,S1C_W0.790_r01,0.79,1
original,9,36357,0.09246063232421875,S1C_W0.790_r01,0.79,1
original,10,27033,0.06874847412109375,S1C_W0.790_r01,0.79,1
original,11,18521,0.047101338704427086,S1C_W0.790_r01,0.79,1
original,12,11809,0.030031840006510418,S1C_W0.790_r01,0.79,1
original,13,7173,0.01824188232421875,S1C_W0.790_r01,0.79,1
original,14,3934,0.010004679361979166,S1C_W0.790_r01,0.79,1
original,15,2195,0.005582173665364583,S1C_W0.790_r01,0.79,1
original,16,1211,0.0030797322591145835,S1C_W0.790_r01,0.79,1
original,17,608,0.0015462239583333333,S1C_W0.790_r01,0.79,1
original,18,309,0.00078582763671875,S1C_W0.790_r01,0.79,1
original,19,165,0.00041961669921875,S1C_W0.790_r01,0.79,1
original,20,108,0.000274658203125,S1C_W0.790_r01,0.79,1
original,21,70,0.00017801920572916666,S1C_W0.790_r01,0.79,1
original,22,63,0.00016021728515625,S1C_W0.790_r01,0.79,1
original,23,43,0.00010935465494791667,S1C_W0.790_r01,0.79,1
original,24,43,0.00010935465494791667,S1C_W0.790_r01,0.79,1
original,25,38,9.663899739583333e-05,S1C_W0.790_r01,0.79,1
original,26,42,0.0001068115234375,S1C_W0.790_r01,0.79,1
original,27,30,7.62939453125e-05,S1C_W0.790_r01,0.79,1
original,28,30,7.62939453125e-05,S1C_W0.790_r01,0.79,1
original,29,31,7.883707682291667e-05,S1C_W0.790_r01,0.79,1
original,30,32,8.138020833333333e-05,S1C_W0.790_r01,0.79,1
original,31,22,5.5948893229166664e-05,S1C_W0.790_r01,0.79,1
original,32,29,7.375081380208333e-05,S1C_W0.790_r01,0.79,1
original,33,24,6.103515625e-05,S1C_W0.790_r01,0.79,1
original,34,27,6.866455078125e-05,S1C_W0.790_r01,0.79,1
original,35,14,3.5603841145833336e-05,S1C_W0.790_r01,0.79,1
original,36,29,7.375081380208333e-05,S1C_W0.790_r01,0.79,1
original,37,23,5.8492024739583336e-05,S1C_W0.790_r01,0.79,1
original,38,26,6.612141927083333e-05,S1C_W0.790_r01,0.79,1
original,39,20,5.0862630208333336e-05,S1C_W0.790_r01,0.79,1
original,40,18,4.57763671875e-05,S1C_W0.790_r01,0.79,1
original,41,19,4.8319498697916664e-05,S1C_W0.790_r01,0.79,1
original,42,22,5.5948893229166664e-05,S1C_W0.790_r01,0.79,1
original,43,27,6.866455078125e-05,S1C_W0.790_r01,0.79,1
original,44,25,6.357828776041667e-05,S1C_W0.790_r01,0.79,1
original,45,15,3.814697265625e-05,S1C_W0.790_r01,0.79,1
original,46,21,5.340576171875e-05,S1C_W0.790_r01,0.79,1
original,47,22,5.5948893229166664e-05,S1C_W0.790_r01,0.79,1
original,48,10,2.5431315104166668e-05,S1C_W0.790_r01,0.79,1
original,49,8,2.0345052083333332e-05,S1C_W0.790_r01,0.79,1
original,50,7,1.7801920572916668e-05,S1C_W0.790_r01,0.79,1
original,51,9,2.288818359375e-05,S1C_W0.790_r01,0.79,1
original,52,4,1.0172526041666666e-05,S1C_W0.790_r01,0.79,1
original,53,10,2.5431315104166668e-05,S1C_W0.790_r01,0.79,1
original,54,5,1.2715657552083334e-05,S1C_W0.790_r01,0.79,1
original,55,7,1.7801920572916668e-05,S1C_W0.790_r01,0.79,1
original,56,3,7.62939453125e-06,S1C_W0.790_r01,0.79,1
original,57,2,5.086263020833333e-06,S1C_W0.790_r01,0.79,1
original,58,3,7.62939453125e-06,S1C_W0.790_r01,0.79,1
original,59,0,0.0,S1C_W0.790_r01,0.79,1
original,60,2,5.086263020833333e-06,S1C_W0.790_r01,0.79,1
original,61,1,2.5431315104166665e-06,S1C_W0.790_r01,0.79,1
original,62,1,2.5431315104166665e-06,S1C_W0.790_r01,0.79,1
reassigned,0,8672,0.022054036458333332,S1C_W0.790_r01,0.79,1
reassigned,1,13528,0.034403483072916664,S1C_W0.790_r01,0.79,1
reassigned,2,25763,0.06551869710286458,S1C_W0.790_r01,0.79,1
reassigned,3,37112,0.09438069661458333,S1C_W0.790_r01,0.79,1
reassigned,4,43180,0.10981241861979167,S1C_W0.790_r01,0.79,1
reassigned,5,44169,0.11232757568359375,S1C_W0.790_r01,0.79,1
reassigned,6,41520,0.1055908203125,S1C_W0.790_r01,0.79,1
reassigned,7,36718,0.09337870279947917,S1C_W0.790_r01,0.79,1
reassigned,8,30259,0.07695261637369792,S1C_W0.790_r01,0.79,1
reassigned,9,24400,0.062052408854166664,S1C_W0.790_r01,0.79,1
reassigned,10,19177,0.048769632975260414,S1C_W0.790_r01,0.79,1
reassigned,11,15048,0.03826904296875,S1C_W0.790_r01,0.79,1
reassigned,12,11680,0.029703776041666668,S1C_W0.790_r01,0.79,1
reassigned,13,8958,0.0227813720703125,S1C_W0.790_r01,0.79,1
reassigned,14,7073,0.017987569173177082,S1C_W0.790_r01,0.79,1
reassigned,15,5440,0.013834635416666666,S1C_W0.790_r01,0.79,1
reassigned,16,4345,0.011049906412760416,S1C_W0.790_r01,0.79,1
reassigned,17,3290,0.008366902669270834,S1C_W0.790_r01,0.79,1
reassigned,18,2652,0.006744384765625,S1C_W0.790_r01,0.79,1
reassigned,19,2010,0.0051116943359375,S1C_W0.790_r01,0.79,1
reassigned,20,1664,0.004231770833333333,S1C_W0.790_r01,0.79,1
reassigned,21,1297,0.0032984415690104165,S1C_W0.790_r01,0.79,1
reassigned,22,945,0.00240325927734375,S1C_W0.790_r01,0.79,1
reassigned,23,772,0.0019632975260416665,S1C_W0.790_r01,0.79,1
reassigned,24,645,0.00164031982421875,S1C_W0.790_r01,0.79,1
reassigned,25,523,0.0013300577799479167,S1C_W0.790_r01,0.79,1
reassigned,26,401,0.0010197957356770833,S1C_W0.790_r01,0.79,1
reassigned,27,303,0.00077056884765625,S1C_W0.790_r01,0.79,1
reassigned,28,264,0.00067138671875,S1C_W0.790_r01,0.79,1
reassigned,29,224,0.0005696614583333334,S1C_W0.790_r01,0.79,1
reassigned,30,197,0.0005009969075520834,S1C_W0.790_r01,0.79,1
reassigned,31,156,0.000396728515625,S1C_W0.790_r01,0.79,1
reassigned,32,104,0.0002644856770833333,S1C_W0.790_r01,0.79,1
reassigned,33,89,0.00022633870442708334,S1C_W0.790_r01,0.79,1
reassigned,34,81,0.00020599365234375,S1C_W0.790_r01,0.79,1
reassigned,35,60,0.000152587890625,S1C_W0.790_r01,0.79,1
reassigned,36,40,0.00010172526041666667,S1C_W0.790_r01,0.79,1
reassigned,37,38,9.663899739583333e-05,S1C_W0.790_r01,0.79,1
reassigned,38,35,8.900960286458333e-05,S1C_W0.790_r01,0.79,1
reassigned,39,29,7.375081380208333e-05,S1C_W0.790_r01,0.79,1
reassigned,40,19,4.8319498697916664e-05,S1C_W0.790_r01,0.79,1
reassigned,41,24,6.103515625e-05,S1C_W0.790_r01,0.79,1
reassigned,42,18,4.57763671875e-05,S1C_W0.790_r01,0.79,1
reassigned,43,11,2.7974446614583332e-05,S1C_W0.790_r01,0.79,1
reassigned,44,18,4.57763671875e-05,S1C_W0.790_r01,0.79,1
reassigned,45,13,3.3060709635416664e-05,S1C_W0.790_r01,0.79,1
reassigned,46,11,2.7974446614583332e-05,S1C_W0.790_r01,0.79,1
reassigned,47,11,2.7974446614583332e-05,S1C_W0.790_r01,0.79,1
reassigned,48,4,1.0172526041666666e-05,S1C_W0.790_r01,0.79,1
reassigned,49,12,3.0517578125e-05,S1C_W0.790_r01,0.79,1
reassigned,50,10,2.5431315104166668e-05,S1C_W0.790_r01,0.79,1
reassigned,51,8,2.0345052083333332e-05,S1C_W0.790_r01,0.79,1
reassigned,52,6,1.52587890625e-05,S1C_W0.790_r01,0.79,1
reassigned,53,7,1.7801920572916668e-05,S1C_W0.790_r01,0.79,1
reassigned,54,10,2.5431315104166668e-05,S1C_W0.790_r01,0.79,1
reassigned,55,13,3.3060709635416664e-05,S1C_W0.790_r01,0.79,1
reassigned,56,3,7.62939453125e-06,S1C_W0.790_r01,0.79,1
reassigned,57,5,1.2715657552083334e-05,S1C_W0.790_r01,0.79,1
reassigned,58,13,3.3060709635416664e-05,S1C_W0.790_r01,0.79,1
reassigned,59,8,2.0345052083333332e-05,S1C_W0.790_r01,0.79,1
reassigned,60,7,1.7801920572916668e-05,S1C_W0.790_r01,0.79,1
reassigned,61,4,1.0172526041666666e-05,S1C_W0.790_r01,0.79,1
reassigned,62,6,1.52587890625e-05,S1C_W0.790_r01,0.79,1
reassigned,63,9,2.288818359375e-05,S1C_W0.790_r01,0.79,1
reassigned,64,1,2.5431315104166665e-06,S1C_W0.790_r01,0.79,1
reassigned,65,1,2.5431315104166665e-06,S1C_W0.790_r01,0.79,1
reassigned,66,4,1.0172526041666666e-05,S1C_W0.790_r01,0.79,1
reassigned,67,5,1.2715657552083334e-05,S1C_W0.790_r01,0.79,1
reassigned,68,4,1.0172526041666666e-05,S1C_W0.790_r01,0.79,1
reassigned,69,2,5.086263020833333e-06,S1C_W0.790_r01,0.79,1
reassigned,70,4,1.0172526041666666e-05,S1C_W0.790_r01,0.79,1
reassigned,71,2,5.086263020833333e-06,S1C_W0.790_r01,0.79,1
reassigned,72,2,5.086263020833333e-06,S1C_W0.790_r01,0.79,1
reassigned,73,7,1.7801920572916668e-05,S1C_W0.790_r01,0.79,1
reassigned,74,3,7.62939453125e-06,S1C_W0.790_r01,0.79,1
reassigned,75,3,7.62939453125e-06,S1C_W0.790_r01,0.79,1
reassigned,76,3,7.62939453125e-06,S1C_W0.790_r01,0.79,1
reassigned,77,2,5.086263020833333e-06,S1C_W0.790_r01,0.79,1
reassigned,78,2,5.086263020833333e-06,S1C_W0.790_r01,0.79,1
reassigned,79,4,1.0172526041666666e-05,S1C_W0.790_r01,0.79,1
reassigned,80,2,5.086263020833333e-06,S1C_W0.790_r01,0.79,1
reassigned,81,1,2.5431315104166665e-06,S1C_W0.790_r01,0.79,1
reassigned,82,4,1.0172526041666666e-05,S1C_W0.790_r01,0.79,1
reassigned,83,2,5.086263020833333e-06,S1C_W0.790_r01,0.79,1
reassigned,84,2,5.086263020833333e-06,S1C_W0.790_r01,0.79,1
reassigned,85,1,2.5431315104166665e-06,S1C_W0.790_r01,0.79,1
reassigned,86,2,5.086263020833333e-06,S1C_W0.790_r01,0.79,1
reassigned,87,0,0.0,S1C_W0.790_r01,0.79,1
reassigned,88,0,0.0,S1C_W0.790_r01,0.79,1
reassigned,89,1,2.5431315104166665e-06,S1C_W0.790_r01,0.79,1
reassigned,90,2,5.086263020833333e-06,S1C_W0.790_r01,0.79,1
reassigned,91,3,7.62939453125e-06,S1C_W0.790_r01,0.79,1
reassigned,92,2,5.086263020833333e-06,S1C_W0.790_r01,0.79,1
reassigned,93,1,2.5431315104166665e-06,S1C_W0.790_r01,0.79,1
reassigned,94,1,2.5431315104166665e-06,S1C_W0.790_r01,0.79,1
reassigned,95,0,0.0,S1C_W0.790_r01,0.79,1
reassigned,96,1,2.5431315104166665e-06,S1C_W0.790_r01,0.79,1
reassigned,97,2,5.086263020833333e-06,S1C_W0.790_r01,0.79,1
reassigned,98,0,0.0,S1C_W0.790_r01,0.79,1
reassigned,99,2,5.086263020833333e-06,S1C_W0.790_r01,0.79,1
reassigned,100,3,7.62939453125e-06,S1C_W0.790_r01,0.79,1
reassigned,101,0,0.0,S1C_W0.790_r01,0.79,1
reassigned,102,1,2.5431315104166665e-06,S1C_W0.790_r01,0.79,1
reassigned,103,2,5.086263020833333e-06,S1C_W0.790_r01,0.79,1
reassigned,104,0,0.0,S1C_W0.790_r01,0.79,1
reassigned,105,1,2.5431315104166665e-06,S1C_W0.790_r01,0.79,1
reassigned,106,0,0.0,S1C_W0.790_r01,0.79,1
reassigned,107,3,7.62939453125e-06,S1C_W0.790_r01,0.79,1
reassigned,108,2,5.086263020833333e-06,S1C_W0.790_r01,0.79,1
reassigned,109,0,0.0,S1C_W0.790_r01,0.79,1
reassigned,110,0,0.0,S1C_W0.790_r01,0.79,1
reassigned,111,0,0.0,S1C_W0.790_r01,0.79,1
reassigned,112,2,5.086263020833333e-06,S1C_W0.790_r01,0.79,1
reassigned,113,0,0.0,S1C_W0.790_r01,0.79,1
reassigned,114,0,0.0,S1C_W0.790_r01,0.79,1
reassigned,115,1,2.5431315104166665e-06,S1C_W0.790_r01,0.79,1
reassigned,116,0,0.0,S1C_W0.790_r01,0.79,1
reassigned,117,0,0.0,S1C_W0.790_r01,0.79,1
reassigned,118,0,0.0,S1C_W0.790_r01,0.79,1
reassigned,119,0,0.0,S1C_W0.790_r01,0.79,1
reassigned,120,1,2.5431315104166665e-06,S1C_W0.790_r01,0.79,1
reassigned,121,1,2.5431315104166665e-06,S1C_W0.790_r01,0.79,1
reassigned,122,0,0.0,S1C_W0.790_r01,0.79,1
reassigned,123,1,2.5431315104166665e-06,S1C_W0.790_r01,0.79,1
reassigned,124,1,2.5431315104166665e-06,S1C_W0.790_r01,0.79,1
reassigned,125,2,5.086263020833333e-06,S1C_W0.790_r01,0.79,1
reassigned,126,0,0.0,S1C_W0.790_r01,0.79,1
reassigned,127,0,0.0,S1C_W0.790_r01,0.79,1
reassigned,128,0,0.0,S1C_W0.790_r01,0.79,1
reassigned,129,0,0.0,S1C_W0.790_r01,0.79,1
reassigned,130,0,0.0,S1C_W0.790_r01,0.79,1
reassigned,131,0,0.0,S1C_W0.790_r01,0.79,1
reassigned,132,0,0.0,S1C_W0.790_r01,0.79,1
reassigned,133,0,0.0,S1C_W0.790_r01,0.79,1
reassigned,134,0,0.0,S1C_W0.790_r01,0.79,1
reassigned,135,1,2.5431315104166665e-06,S1C_W0.790_r01,0.79,1
reassigned,136,0,0.0,S1C_W0.790_r01,0.79,1
reassigned,137,0,0.0,S1C_W0.790_r01,0.79,1
reassigned,138,0,0.0,S1C_W0.790_r01,0.79,1
reassigned,139,1,2.5431315104166665e-06,S1C_W0.790_r01,0.79,1
reassigned,140,0,0.0,S1C_W0.790_r01,0.79,1
reassigned,141,1,2.5431315104166665e-06,S1C_W0.790_r01,0.79,1
reassigned,142,0,0.0,S1C_W0.790_r01,0.79,1
reassigned,143,0,0.0,S1C_W0.790_r01,0.79,1
reassigned,144,0,0.0,S1C_W0.790_r01,0.79,1
reassigned,145,1,2.5431315104166665e-06,S1C_W0.790_r01,0.79,1
reassigned,146,0,0.0,S1C_W0.790_r01,0.79,1
reassigned,147,0,0.0,S1C_W0.790_r01,0.79,1
reassigned,148,1,2.5431315104166665e-06,S1C_W0.790_r01,0.79,1
reassigned,149,0,0.0,S1C_W0.790_r01,0.79,1
reassigned,150,0,0.0,S1C_W0.790_r01,0.79,1
reassigned,151,1,2.5431315104166665e-06,S1C_W0.790_r01,0.79,1
original,0,1894,0.004816691080729167,S1C_W0.790_r02,0.79,2
original,1,5275,0.013415018717447916,S1C_W0.790_r02,0.79,2
original,2,12372,0.031463623046875,S1C_W0.790_r02,0.79,2
original,3,23834,0.060612996419270836,S1C_W0.790_r02,0.79,2
original,4,37768,0.09604899088541667,S1C_W0.790_r02,0.79,2
original,5,48896,0.12434895833333333,S1C_W0.790_r02,0.79,2
original,6,54119,0.1376317342122396,S1C_W0.790_r02,0.79,2
original,7,52902,0.1345367431640625,S1C_W0.790_r02,0.79,2
original,8,46048,0.11710611979166667,S1C_W0.790_r02,0.79,2
original,9,36788,0.09355672200520833,S1C_W0.790_r02,0.79,2
original,10,27071,0.06884511311848958,S1C_W0.790_r02,0.79,2
original,11,18095,0.046017964680989586,S1C_W0.790_r02,0.79,2
original,12,11494,0.029230753580729168,S1C_W0.790_r02,0.79,2
original,13,6942,0.0176544189453125,S1C_W0.790_r02,0.79,2
original,14,4081,0.010378519694010416,S1C_W0.790_r02,0.79,2
original,15,2236,0.005686442057291667,S1C_W0.790_r02,0.79,2
original,16,1204,0.0030619303385416665,S1C_W0.790_r02,0.79,2
original,17,640,0.0016276041666666667,S1C_W0.790_r02,0.79,2
original,18,371,0.0009435017903645834,S1C_W0.790_r02,0.79,2
original,19,215,0.0005467732747395834,S1C_W0.790_r02,0.79,2
original,20,108,0.000274658203125,S1C_W0.790_r02,0.79,2
original,21,74,0.00018819173177083334,S1C_W0.790_r02,0.79,2
original,22,58,0.00014750162760416666,S1C_W0.790_r02,0.79,2
original,23,52,0.00013224283854166666,S1C_W0.790_r02,0.79,2
original,24,35,8.900960286458333e-05,S1C_W0.790_r02,0.79,2
original,25,29,7.375081380208333e-05,S1C_W0.790_r02,0.79,2
original,26,31,7.883707682291667e-05,S1C_W0.790_r02,0.79,2
original,27,28,7.120768229166667e-05,S1C_W0.790_r02,0.79,2
original,28,36,9.1552734375e-05,S1C_W0.790_r02,0.79,2
original,29,29,7.375081380208333e-05,S1C_W0.790_r02,0.79,2
original,30,27,6.866455078125e-05,S1C_W0.790_r02,0.79,2
original,31,28,7.120768229166667e-05,S1C_W0.790_r02,0.79,2
original,32,27,6.866455078125e-05,S1C_W0.790_r02,0.79,2
original,33,24,6.103515625e-05,S1C_W0.790_r02,0.79,2
original,34,20,5.0862630208333336e-05,S1C_W0.790_r02,0.79,2
original,35,23,5.8492024739583336e-05,S1C_W0.790_r02,0.79,2
original,36,18,4.57763671875e-05,S1C_W0.790_r02,0.79,2
original,37,28,7.120768229166667e-05,S1C_W0.790_r02,0.79,2
original,38,16,4.0690104166666664e-05,S1C_W0.790_r02,0.79,2
original,39,13,3.3060709635416664e-05,S1C_W0.790_r02,0.79,2
original,40,26,6.612141927083333e-05,S1C_W0.790_r02,0.79,2
original,41,24,6.103515625e-05,S1C_W0.790_r02,0.79,2
original,42,19,4.8319498697916664e-05,S1C_W0.790_r02,0.79,2
original,43,25,6.357828776041667e-05,S1C_W0.790_r02,0.79,2
original,44,18,4.57763671875e-05,S1C_W0.790_r02,0.79,2
original,45,23,5.8492024739583336e-05,S1C_W0.790_r02,0.79,2
original,46,17,4.3233235677083336e-05,S1C_W0.790_r02,0.79,2
original,47,11,2.7974446614583332e-05,S1C_W0.790_r02,0.79,2
original,48,6,1.52587890625e-05,S1C_W0.790_r02,0.79,2
original,49,8,2.0345052083333332e-05,S1C_W0.790_r02,0.79,2
original,50,10,2.5431315104166668e-05,S1C_W0.790_r02,0.79,2
original,51,9,2.288818359375e-05,S1C_W0.790_r02,0.79,2
original,52,15,3.814697265625e-05,S1C_W0.790_r02,0.79,2
original,53,7,1.7801920572916668e-05,S1C_W0.790_r02,0.79,2
original,54,11,2.7974446614583332e-05,S1C_W0.790_r02,0.79,2
original,55,9,2.288818359375e-05,S1C_W0.790_r02,0.79,2
original,56,4,1.0172526041666666e-05,S1C_W0.790_r02,0.79,2
original,57,3,7.62939453125e-06,S1C_W0.790_r02,0.79,2
original,58,7,1.7801920572916668e-05,S1C_W0.790_r02,0.79,2
original,59,1,2.5431315104166665e-06,S1C_W0.790_r02,0.79,2
original,60,1,2.5431315104166665e-06,S1C_W0.790_r02,0.79,2
original,61,6,1.52587890625e-05,S1C_W0.790_r02,0.79,2
original,62,1,2.5431315104166665e-06,S1C_W0.790_r02,0.79,2
original,63,1,2.5431315104166665e-06,S1C_W0.790_r02,0.79,2
original,64,1,2.5431315104166665e-06,S1C_W0.790_r02,0.79,2
original,65,1,2.5431315104166665e-06,S1C_W0.790_r02,0.79,2
original,66,0,0.0,S1C_W0.790_r02,0.79,2
original,67,1,2.5431315104166665e-06,S1C_W0.790_r02,0.79,2
original,68,2,5.086263020833333e-06,S1C_W0.790_r02,0.79,2
reassigned,0,8008,0.020365397135416668,S1C_W0.790_r02,0.79,2
reassigned,1,13036,0.033152262369791664,S1C_W0.790_r02,0.79,2
reassigned,2,25355,0.06448109944661458,S1C_W0.790_r02,0.79,2
reassigned,3,35982,0.0915069580078125,S1C_W0.790_r02,0.79,2
reassigned,4,43149,0.10973358154296875,S1C_W0.790_r02,0.79,2
reassigned,5,44817,0.11397552490234375,S1C_W0.790_r02,0.79,2
reassigned,6,41958,0.1067047119140625,S1C_W0.790_r02,0.79,2
reassigned,7,36631,0.09315745035807292,S1C_W0.790_r02,0.79,2
reassigned,8,31083,0.07904815673828125,S1C_W0.790_r02,0.79,2
reassigned,9,25239,0.06418609619140625,S1C_W0.790_r02,0.79,2
reassigned,10,19978,0.050806681315104164,S1C_W0.790_r02,0.79,2
reassigned,11,15472,0.039347330729166664,S1C_W0.790_r02,0.79,2
reassigned,12,12100,0.030771891276041668,S1C_W0.790_r02,0.79,2
reassigned,13,9000,0.02288818359375,S1C_W0.790_r02,0.79,2
reassigned,14,6931,0.017626444498697918,S1C_W0.790_r02,0.79,2
reassigned,15,5331,0.01355743408203125,S1C_W0.790_r02,0.79,2
reassigned,16,4030,0.010248819986979166,S1C_W0.790_r02,0.79,2
reassigned,17,3126,0.0079498291015625,S1C_W0.790_r02,0.79,2
reassigned,18,2409,0.00612640380859375,S1C_W0.790_r02,0.79,2
reassigned,19,1878,0.0047760009765625,S1C_W0.790_r02,0.79,2
reassigned,20,1489,0.0037867228190104165,S1C_W0.790_r02,0.79,2
reassigned,21,1101,0.00279998779296875,S1C_W0.790_r02,0.79,2
reassigned,22,938,0.0023854573567708335,S1C_W0.790_r02,0.79,2
reassigned,23,730,0.0018564860026041667,S1C_W0.790_r02,0.79,2
reassigned,24,581,0.0014775594075520833,S1C_W0.790_r02,0.79,2
reassigned,25,511,0.0012995402018229167,S1C_W0.790_r02,0.79,2
reassigned,26,390,0.0009918212890625,S1C_W0.790_r02,0.79,2
reassigned,27,292,0.0007425944010416666,S1C_W0.790_r02,0.79,2
reassigned,28,296,0.0007527669270833334,S1C_W0.790_r02,0.79,2
reassigned,29,223,0.0005671183268229166,S1C_W0.790_r02,0.79,2
reassigned,30,156,0.000396728515625,S1C_W0.790_r02,0.79,2
reassigned,31,138,0.0003509521484375,S1C_W0.790_r02,0.79,2
reassigned,32,118,0.0003000895182291667,S1C_W0.790_r02,0.79,2
reassigned,33,105,0.00026702880859375,S1C_W0.790_r02,0.79,2
reassigned,34,79,0.00020090738932291666,S1C_W0.790_r02,0.79,2
reassigned,35,62,0.00015767415364583334,S1C_W0.790_r02,0.79,2
reassigned,36,67,0.00017038981119791666,S1C_W0.790_r02,0.79,2
reassigned,37,46,0.00011698404947916667,S1C_W0.790_r02,0.79,2
reassigned,38,43,0.00010935465494791667,S1C_W0.790_r02,0.79,2
reassigned,39,38,9.663899739583333e-05,S1C_W0.790_r02,0.79,2
reassigned,40,25,6.357828776041667e-05,S1C_W0.790_r02,0.79,2
reassigned,41,24,6.103515625e-05,S1C_W0.790_r02,0.79,2
reassigned,42,29,7.375081380208333e-05,S1C_W0.790_r02,0.79,2
reassigned,43,20,5.0862630208333336e-05,S1C_W0.790_r02,0.79,2
reassigned,44,16,4.0690104166666664e-05,S1C_W0.790_r02,0.79,2
reassigned,45,15,3.814697265625e-05,S1C_W0.790_r02,0.79,2
reassigned,46,22,5.5948893229166664e-05,S1C_W0.790_r02,0.79,2
reassigned,47,13,3.3060709635416664e-05,S1C_W0.790_r02,0.79,2
reassigned,48,12,3.0517578125e-05,S1C_W0.790_r02,0.79,2
reassigned,49,11,2.7974446614583332e-05,S1C_W0.790_r02,0.79,2
reassigned,50,9,2.288818359375e-05,S1C_W0.790_r02,0.79,2
reassigned,51,5,1.2715657552083334e-05,S1C_W0.790_r02,0.79,2
reassigned,52,5,1.2715657552083334e-05,S1C_W0.790_r02,0.79,2
reassigned,53,5,1.2715657552083334e-05,S1C_W0.790_r02,0.79,2
reassigned,54,9,2.288818359375e-05,S1C_W0.790_r02,0.79,2
reassigned,55,5,1.2715657552083334e-05,S1C_W0.790_r02,0.79,2
reassigned,56,8,2.0345052083333332e-05,S1C_W0.790_r02,0.79,2
reassigned,57,2,5.086263020833333e-06,S1C_W0.790_r02,0.79,2
reassigned,58,2,5.086263020833333e-06,S1C_W0.790_r02,0.79,2
reassigned,59,2,5.086263020833333e-06,S1C_W0.790_r02,0.79,2
reassigned,60,3,7.62939453125e-06,S1C_W0.790_r02,0.79,2
reassigned,61,2,5.086263020833333e-06,S1C_W0.790_r02,0.79,2
reassigned,62,1,2.5431315104166665e-06,S1C_W0.790_r02,0.79,2
reassigned,63,1,2.5431315104166665e-06,S1C_W0.790_r02,0.79,2
reassigned,64,0,0.0,S1C_W0.790_r02,0.79,2
reassigned,65,3,7.62939453125e-06,S1C_W0.790_r02,0.79,2
reassigned,66,0,0.0,S1C_W0.790_r02,0.79,2
reassigned,67,1,2.5431315104166665e-06,S1C_W0.790_r02,0.79,2
reassigned,68,2,5.086263020833333e-06,S1C_W0.790_r02,0.79,2
reassigned,69,2,5.086263020833333e-06,S1C_W0.790_r02,0.79,2
reassigned,70,0,0.0,S1C_W0.790_r02,0.79,2
reassigned,71,2,5.086263020833333e-06,S1C_W0.790_r02,0.79,2
reassigned,72,3,7.62939453125e-06,S1C_W0.790_r02,0.79,2
reassigned,73,1,2.5431315104166665e-06,S1C_W0.790_r02,0.79,2
reassigned,74,0,0.0,S1C_W0.790_r02,0.79,2
reassigned,75,3,7.62939453125e-06,S1C_W0.790_r02,0.79,2
reassigned,76,1,2.5431315104166665e-06,S1C_W0.790_r02,0.79,2
reassigned,77,3,7.62939453125e-06,S1C_W0.790_r02,0.79,2
reassigned,78,1,2.5431315104166665e-06,S1C_W0.790_r02,0.79,2
reassigned,79,1,2.5431315104166665e-06,S1C_W0.790_r02,0.79,2
reassigned,80,0,0.0,S1C_W0.790_r02,0.79,2
reassigned,81,2,5.086263020833333e-06,S1C_W0.790_r02,0.79,2
reassigned,82,1,2.5431315104166665e-06,S1C_W0.790_r02,0.79,2
reassigned,83,0,0.0,S1C_W0.790_r02,0.79,2
reassigned,84,1,2.5431315104166665e-06,S1C_W0.790_r02,0.79,2
reassigned,85,1,2.5431315104166665e-06,S1C_W0.790_r02,0.79,2
reassigned,86,0,0.0,S1C_W0.790_r02,0.79,2
reassigned,87,0,0.0,S1C_W0.790_r02,0.79,2
reassigned,88,2,5.086263020833333e-06,S1C_W0.790_r02,0.79,2
reassigned,89,1,2.5431315104166665e-06,S1C_W0.790_r02,0.79,2
reassigned,90,0,0.0,S1C_W0.790_r02,0.79,2
reassigned,91,1,2.5431315104166665e-06,S1C_W0.790_r02,0.79,2
reassigned,92,1,2.5431315104166665e-06,S1C_W0.790_r02,0.79,2
reassigned,93,1,2.5431315104166665e-06,S1C_W0.790_r02,0.79,2
reassigned,94,1,2.5431315104166665e-06,S1C_W0.790_r02,0.79,2
reassigned,95,2,5.086263020833333e-06,S1C_W0.790_r02,0.79,2
reassigned,96,1,2.5431315104166665e-06,S1C_W0.790_r02,0.79,2
reassigned,97,1,2.5431315104166665e-06,S1C_W0.790_r02,0.79,2
reassigned,98,2,5.086263020833333e-06,S1C_W0.790_r02,0.79,2
reassigned,99,0,0.0,S1C_W0.790_r02,0.79,2
reassigned,100,0,0.0,S1C_W0.790_r02,0.79,2
reassigned,101,0,0.0,S1C_W0.790_r02,0.79,2
reassigned,102,1,2.5431315104166665e-06,S1C_W0.790_r02,0.79,2
reassigned,103,0,0.0,S1C_W0.790_r02,0.79,2
reassigned,104,1,2.5431315104166665e-06,S1C_W0.790_r02,0.79,2
reassigned,105,0,0.0,S1C_W0.790_r02,0.79,2
reassigned,106,0,0.0,S1C_W0.790_r02,0.79,2
reassigned,107,0,0.0,S1C_W0.790_r02,0.79,2
reassigned,108,0,0.0,S1C_W0.790_r02,0.79,2
reassigned,109,1,2.5431315104166665e-06,S1C_W0.790_r02,0.79,2
reassigned,110,1,2.5431315104166665e-06,S1C_W0.790_r02,0.79,2
reassigned,111,1,2.5431315104166665e-06,S1C_W0.790_r02,0.79,2
reassigned,112,0,0.0,S1C_W0.790_r02,0.79,2
reassigned,113,1,2.5431315104166665e-06,S1C_W0.790_r02,0.79,2
reassigned,114,0,0.0,S1C_W0.790_r02,0.79,2
reassigned,115,0,0.0,S1C_W0.790_r02,0.79,2
reassigned,116,1,2.5431315104166665e-06,S1C_W0.790_r02,0.79,2
reassigned,117,0,0.0,S1C_W0.790_r02,0.79,2
reassigned,118,0,0.0,S1C_W0.790_r02,0.79,2
reassigned,119,1,2.5431315104166665e-06,S1C_W0.790_r02,0.79,2
reassigned,120,0,0.0,S1C_W0.790_r02,0.79,2
reassigned,121,0,0.0,S1C_W0.790_r02,0.79,2
reassigned,122,0,0.0,S1C_W0.790_r02,0.79,2
reassigned,123,0,0.0,S1C_W0.790_r02,0.79,2
reassigned,124,0,0.0,S1C_W0.790_r02,0.79,2
reassigned,125,1,2.5431315104166665e-06,S1C_W0.790_r02,0.79,2
reassigned,126,0,0.0,S1C_W0.790_r02,0.79,2
reassigned,127,1,2.5431315104166665e-06,S1C_W0.790_r02,0.79,2
reassigned,128,0,0.0,S1C_W0.790_r02,0.79,2
reassigned,129,0,0.0,S1C_W0.790_r02,0.79,2
reassigned,130,0,0.0,S1C_W0.790_r02,0.79,2
reassigned,131,0,0.0,S1C_W0.790_r02,0.79,2
reassigned,132,0,0.0,S1C_W0.790_r02,0.79,2
reassigned,133,2,5.086263020833333e-06,S1C_W0.790_r02,0.79,2
reassigned,134,1,2.5431315104166665e-06,S1C_W0.790_r02,0.79,2
original,0,2044,0.005198160807291667,S1C_W0.790_r03,0.79,3
original,1,5339,0.013577779134114584,S1C_W0.790_r03,0.79,3
original,2,12453,0.03166961669921875,S1C_W0.790_r03,0.79,3
original,3,23934,0.0608673095703125,S1C_W0.790_r03,0.79,3
original,4,37513,0.09540049235026042,S1C_W0.790_r03,0.79,3
original,5,48549,0.12346649169921875,S1C_W0.790_r03,0.79,3
original,6,54242,0.13794453938802084,S1C_W0.790_r03,0.79,3
original,7,53046,0.1349029541015625,S1C_W0.790_r03,0.79,3
original,8,45623,0.11602528889973958,S1C_W0.790_r03,0.79,3
original,9,36912,0.0938720703125,S1C_W0.790_r03,0.79,3
original,10,26828,0.06822713216145833,S1C_W0.790_r03,0.79,3
original,11,18419,0.046841939290364586,S1C_W0.790_r03,0.79,3
original,12,11701,0.029757181803385418,S1C_W0.790_r03,0.79,3
original,13,6999,0.01779937744140625,S1C_W0.790_r03,0.79,3
original,14,4031,0.010251363118489584,S1C_W0.790_r03,0.79,3
original,15,2219,0.005643208821614583,S1C_W0.790_r03,0.79,3
original,16,1184,0.0030110677083333335,S1C_W0.790_r03,0.79,3
original,17,637,0.0016199747721354167,S1C_W0.790_r03,0.79,3
original,18,345,0.00087738037109375,S1C_W0.790_r03,0.79,3
original,19,190,0.0004831949869791667,S1C_W0.790_r03,0.79,3
original,20,116,0.0002950032552083333,S1C_W0.790_r03,0.79,3
original,21,69,0.00017547607421875,S1C_W0.790_r03,0.79,3
original,22,64,0.00016276041666666666,S1C_W0.790_r03,0.79,3
original,23,60,0.000152587890625,S1C_W0.790_r03,0.79,3
original,24,40,0.00010172526041666667,S1C_W0.790_r03,0.79,3
original,25,45,0.00011444091796875,S1C_W0.790_r03,0.79,3
original,26,33,8.392333984375e-05,S1C_W0.790_r03,0.79,3
original,27,23,5.8492024739583336e-05,S1C_W0.790_r03,0.79,3
original,28,35,8.900960286458333e-05,S1C_W0.790_r03,0.79,3
original,29,28,7.120768229166667e-05,S1C_W0.790_r03,0.79,3
original,30,18,4.57763671875e-05,S1C_W0.790_r03,0.79,3
original,31,35,8.900960286458333e-05,S1C_W0.790_r03,0.79,3
original,32,21,5.340576171875e-05,S1C_W0.790_r03,0.79,3
original,33,31,7.883707682291667e-05,S1C_W0.790_r03,0.79,3
original,34,30,7.62939453125e-05,S1C_W0.790_r03,0.79,3
original,35,19,4.8319498697916664e-05,S1C_W0.790_r03,0.79,3
original,36,19,4.8319498697916664e-05,S1C_W0.790_r03,0.79,3
original,37,26,6.612141927083333e-05,S1C_W0.790_r03,0.79,3
original,38,23,5.8492024739583336e-05,S1C_W0.790_r03,0.79,3
original,39,25,6.357828776041667e-05,S1C_W0.790_r03,0.79,3
original,40,23,5.8492024739583336e-05,S1C_W0.790_r03,0.79,3
original,41,23,5.8492024739583336e-05,S1C_W0.790_r03,0.79,3
original,42,23,5.8492024739583336e-05,S1C_W0.790_r03,0.79,3
original,43,17,4.3233235677083336e-05,S1C_W0.790_r03,0.79,3
original,44,20,5.0862630208333336e-05,S1C_W0.790_r03,0.79,3
original,45,11,2.7974446614583332e-05,S1C_W0.790_r03,0.79,3
original,46,11,2.7974446614583332e-05,S1C_W0.790_r03,0.79,3
original,47,16,4.0690104166666664e-05,S1C_W0.790_r03,0.79,3
original,48,14,3.5603841145833336e-05,S1C_W0.790_r03,0.79,3
original,49,13,3.3060709635416664e-05,S1C_W0.790_r03,0.79,3
original,50,13,3.3060709635416664e-05,S1C_W0.790_r03,0.79,3
original,51,15,3.814697265625e-05,S1C_W0.790_r03,0.79,3
original,52,10,2.5431315104166668e-05,S1C_W0.790_r03,0.79,3
original,53,3,7.62939453125e-06,S1C_W0.790_r03,0.79,3
original,54,7,1.7801920572916668e-05,S1C_W0.790_r03,0.79,3
original,55,4,1.0172526041666666e-05,S1C_W0.790_r03,0.79,3
original,56,6,1.52587890625e-05,S1C_W0.790_r03,0.79,3
original,57,2,5.086263020833333e-06,S1C_W0.790_r03,0.79,3
original,58,3,7.62939453125e-06,S1C_W0.790_r03,0.79,3
original,59,3,7.62939453125e-06,S1C_W0.790_r03,0.79,3
original,60,1,2.5431315104166665e-06,S1C_W0.790_r03,0.79,3
original,61,4,1.0172526041666666e-05,S1C_W0.790_r03,0.79,3
original,62,1,2.5431315104166665e-06,S1C_W0.790_r03,0.79,3
original,63,1,2.5431315104166665e-06,S1C_W0.790_r03,0.79,3
original,64,0,0.0,S1C_W0.790_r03,0.79,3
original,65,1,2.5431315104166665e-06,S1C_W0.790_r03,0.79,3
original,66,1,2.5431315104166665e-06,S1C_W0.790_r03,0.79,3
original,67,2,5.086263020833333e-06,S1C_W0.790_r03,0.79,3
reassigned,0,7912,0.020121256510416668,S1C_W0.790_r03,0.79,3
reassigned,1,12978,0.0330047607421875,S1C_W0.790_r03,0.79,3
reassigned,2,24751,0.06294504801432292,S1C_W0.790_r03,0.79,3
reassigned,3,35595,0.09052276611328125,S1C_W0.790_r03,0.79,3
reassigned,4,42547,0.10820261637369792,S1C_W0.790_r03,0.79,3
reassigned,5,44327,0.11272939046223958,S1C_W0.790_r03,0.79,3
reassigned,6,42206,0.10733540852864583,S1C_W0.790_r03,0.79,3
reassigned,7,37913,0.09641774495442708,S1C_W0.790_r03,0.79,3
reassigned,8,31761,0.08077239990234375,S1C_W0.790_r03,0.79,3
reassigned,9,25673,0.06528981526692708,S1C_W0.790_r03,0.79,3
reassigned,10,20392,0.051859537760416664,S1C_W0.790_r03,0.79,3
reassigned,11,16061,0.040845235188802086,S1C_W0.790_r03,0.79,3
reassigned,12,11975,0.030453999837239582,S1C_W0.790_r03,0.79,3
reassigned,13,9168,0.0233154296875,S1C_W0.790_r03,0.79,3
reassigned,14,6877,0.017489115397135418,S1C_W0.790_r03,0.79,3
reassigned,15,5265,0.01338958740234375,S1C_W0.790_r03,0.79,3
reassigned,16,3959,0.010068257649739584,S1C_W0.790_r03,0.79,3
reassigned,17,2991,0.00760650634765625,S1C_W0.790_r03,0.79,3
reassigned,18,2239,0.005694071451822917,S1C_W0.790_r03,0.79,3
reassigned,19,1774,0.004511515299479167,S1C_W0.790_r03,0.79,3
reassigned,20,1373,0.0034917195638020835,S1C_W0.790_r03,0.79,3
reassigned,21,1055,0.0026830037434895835,S1C_W0.790_r03,0.79,3
reassigned,22,810,0.0020599365234375,S1C_W0.790_r03,0.79,3
reassigned,23,577,0.0014673868815104167,S1C_W0.790_r03,0.79,3
reassigned,24,505,0.0012842814127604167,S1C_W0.790_r03,0.79,3
reassigned,25,399,0.00101470947265625,S1C_W0.790_r03,0.79,3
reassigned,26,306,0.0007781982421875,S1C_W0.790_r03,0.79,3
reassigned,27,252,0.000640869140625,S1C_W0.790_r03,0.79,3
reassigned,28,179,0.0004552205403645833,S1C_W0.790_r03,0.79,3
reassigned,29,175,0.0004450480143229167,S1C_W0.790_r03,0.79,3
reassigned,30,126,0.0003204345703125,S1C_W0.790_r03,0.79,3
reassigned,31,115,0.0002924601236979167,S1C_W0.790_r03,0.79,3
reassigned,32,110,0.0002797444661458333,S1C_W0.790_r03,0.79,3
reassigned,33,106,0.0002695719401041667,S1C_W0.790_r03,0.79,3
reassigned,34,76,0.00019327799479166666,S1C_W0.790_r03,0.79,3
reassigned,35,71,0.00018056233723958334,S1C_W0.790_r03,0.79,3
reassigned,36,52,0.00013224283854166666,S1C_W0.790_r03,0.79,3
reassigned,37,39,9.918212890625e-05,S1C_W0.790_r03,0.79,3
reassigned,38,41,0.00010426839192708333,S1C_W0.790_r03,0.79,3
reassigned,39,38,9.663899739583333e-05,S1C_W0.790_r03,0.79,3
reassigned,40,28,7.120768229166667e-05,S1C_W0.790_r03,0.79,3
reassigned,41,21,5.340576171875e-05,S1C_W0.790_r03,0.79,3
reassigned,42,24,6.103515625e-05,S1C_W0.790_r03,0.79,3
reassigned,43,23,5.8492024739583336e-05,S1C_W0.790_r03,0.79,3
reassigned,44,14,3.5603841145833336e-05,S1C_W0.790_r03,0.79,3
reassigned,45,20,5.0862630208333336e-05,S1C_W0.790_r03,0.79,3
reassigned,46,16,4.0690104166666664e-05,S1C_W0.790_r03,0.79,3
reassigned,47,12,3.0517578125e-05,S1C_W0.790_r03,0.79,3
reassigned,48,14,3.5603841145833336e-05,S1C_W0.790_r03,0.79,3
reassigned,49,9,2.288818359375e-05,S1C_W0.790_r03,0.79,3
reassigned,50,16,4.0690104166666664e-05,S1C_W0.790_r03,0.79,3
reassigned,51,11,2.7974446614583332e-05,S1C_W0.790_r03,0.79,3
reassigned,52,12,3.0517578125e-05,S1C_W0.790_r03,0.79,3
reassigned,53,8,2.0345052083333332e-05,S1C_W0.790_r03,0.79,3
reassigned,54,10,2.5431315104166668e-05,S1C_W0.790_r03,0.79,3
reassigned,55,8,2.0345052083333332e-05,S1C_W0.790_r03,0.79,3
reassigned,56,7,1.7801920572916668e-05,S1C_W0.790_r03,0.79,3
reassigned,57,10,2.5431315104166668e-05,S1C_W0.790_r03,0.79,3
reassigned,58,5,1.2715657552083334e-05,S1C_W0.790_r03,0.79,3
reassigned,59,6,1.52587890625e-05,S1C_W0.790_r03,0.79,3
reassigned,60,8,2.0345052083333332e-05,S1C_W0.790_r03,0.79,3
reassigned,61,5,1.2715657552083334e-05,S1C_W0.790_r03,0.79,3
reassigned,62,6,1.52587890625e-05,S1C_W0.790_r03,0.79,3
reassigned,63,7,1.7801920572916668e-05,S1C_W0.790_r03,0.79,3
reassigned,64,7,1.7801920572916668e-05,S1C_W0.790_r03,0.79,3
reassigned,65,10,2.5431315104166668e-05,S1C_W0.790_r03,0.79,3
reassigned,66,5,1.2715657552083334e-05,S1C_W0.790_r03,0.79,3
reassigned,67,6,1.52587890625e-05,S1C_W0.790_r03,0.79,3
reassigned,68,3,7.62939453125e-06,S1C_W0.790_r03,0.79,3
reassigned,69,10,2.5431315104166668e-05,S1C_W0.790_r03,0.79,3
reassigned,70,6,1.52587890625e-05,S1C_W0.790_r03,0.79,3
reassigned,71,3,7.62939453125e-06,S1C_W0.790_r03,0.79,3
reassigned,72,2,5.086263020833333e-06,S1C_W0.790_r03,0.79,3
reassigned,73,1,2.5431315104166665e-06,S1C_W0.790_r03,0.79,3
reassigned,74,9,2.288818359375e-05,S1C_W0.790_r03,0.79,3
reassigned,75,4,1.0172526041666666e-05,S1C_W0.790_r03,0.79,3
reassigned,76,2,5.086263020833333e-06,S1C_W0.790_r03,0.79,3
reassigned,77,1,2.5431315104166665e-06,S1C_W0.790_r03,0.79,3
reassigned,78,6,1.52587890625e-05,S1C_W0.790_r03,0.79,3
reassigned,79,3,7.62939453125e-06,S1C_W0.790_r03,0.79,3
reassigned,80,3,7.62939453125e-06,S1C_W0.790_r03,0.79,3
reassigned,81,3,7.62939453125e-06,S1C_W0.790_r03,0.79,3
reassigned,82,6,1.52587890625e-05,S1C_W0.790_r03,0.79,3
reassigned,83,1,2.5431315104166665e-06,S1C_W0.790_r03,0.79,3
reassigned,84,2,5.086263020833333e-06,S1C_W0.790_r03,0.79,3
reassigned,85,2,5.086263020833333e-06,S1C_W0.790_r03,0.79,3
reassigned,86,1,2.5431315104166665e-06,S1C_W0.790_r03,0.79,3
reassigned,87,1,2.5431315104166665e-06,S1C_W0.790_r03,0.79,3
reassigned,88,2,5.086263020833333e-06,S1C_W0.790_r03,0.79,3
reassigned,89,1,2.5431315104166665e-06,S1C_W0.790_r03,0.79,3
reassigned,90,0,0.0,S1C_W0.790_r03,0.79,3
reassigned,91,1,2.5431315104166665e-06,S1C_W0.790_r03,0.79,3
reassigned,92,1,2.5431315104166665e-06,S1C_W0.790_r03,0.79,3
reassigned,93,0,0.0,S1C_W0.790_r03,0.79,3
reassigned,94,2,5.086263020833333e-06,S1C_W0.790_r03,0.79,3
reassigned,95,0,0.0,S1C_W0.790_r03,0.79,3
reassigned,96,1,2.5431315104166665e-06,S1C_W0.790_r03,0.79,3
reassigned,97,1,2.5431315104166665e-06,S1C_W0.790_r03,0.79,3
reassigned,98,1,2.5431315104166665e-06,S1C_W0.790_r03,0.79,3
reassigned,99,1,2.5431315104166665e-06,S1C_W0.790_r03,0.79,3
reassigned,100,2,5.086263020833333e-06,S1C_W0.790_r03,0.79,3
reassigned,101,2,5.086263020833333e-06,S1C_W0.790_r03,0.79,3
reassigned,102,2,5.086263020833333e-06,S1C_W0.790_r03,0.79,3
reassigned,103,2,5.086263020833333e-06,S1C_W0.790_r03,0.79,3
reassigned,104,0,0.0,S1C_W0.790_r03,0.79,3
reassigned,105,3,7.62939453125e-06,S1C_W0.790_r03,0.79,3
reassigned,106,0,0.0,S1C_W0.790_r03,0.79,3
reassigned,107,0,0.0,S1C_W0.790_r03,0.79,3
reassigned,108,0,0.0,S1C_W0.790_r03,0.79,3
reassigned,109,0,0.0,S1C_W0.790_r03,0.79,3
reassigned,110,2,5.086263020833333e-06,S1C_W0.790_r03,0.79,3
reassigned,111,1,2.5431315104166665e-06,S1C_W0.790_r03,0.79,3
reassigned,112,1,2.5431315104166665e-06,S1C_W0.790_r03,0.79,3
reassigned,113,1,2.5431315104166665e-06,S1C_W0.790_r03,0.79,3
reassigned,114,0,0.0,S1C_W0.790_r03,0.79,3
reassigned,115,2,5.086263020833333e-06,S1C_W0.790_r03,0.79,3
reassigned,116,1,2.5431315104166665e-06,S1C_W0.790_r03,0.79,3
reassigned,117,1,2.5431315104166665e-06,S1C_W0.790_r03,0.79,3
reassigned,118,2,5.086263020833333e-06,S1C_W0.790_r03,0.79,3
reassigned,119,0,0.0,S1C_W0.790_r03,0.79,3
reassigned,120,2,5.086263020833333e-06,S1C_W0.790_r03,0.79,3
reassigned,121,0,0.0,S1C_W0.790_r03,0.79,3
reassigned,122,2,5.086263020833333e-06,S1C_W0.790_r03,0.79,3
reassigned,123,0,0.0,S1C_W0.790_r03,0.79,3
reassigned,124,1,2.5431315104166665e-06,S1C_W0.790_r03,0.79,3
reassigned,125,0,0.0,S1C_W0.790_r03,0.79,3
reassigned,126,1,2.5431315104166665e-06,S1C_W0.790_r03,0.79,3
reassigned,127,0,0.0,S1C_W0.790_r03,0.79,3
reassigned,128,1,2.5431315104166665e-06,S1C_W0.790_r03,0.79,3
reassigned,129,0,0.0,S1C_W0.790_r03,0.79,3
reassigned,130,0,0.0,S1C_W0.790_r03,0.79,3
reassigned,131,0,0.0,S1C_W0.790_r03,0.79,3
reassigned,132,1,2.5431315104166665e-06,S1C_W0.790_r03,0.79,3
reassigned,133,1,2.5431315104166665e-06,S1C_W0.790_r03,0.79,3
reassigned,134,0,0.0,S1C_W0.790_r03,0.79,3
reassigned,135,1,2.5431315104166665e-06,S1C_W0.790_r03,0.79,3
reassigned,136,0,0.0,S1C_W0.790_r03,0.79,3
reassigned,137,0,0.0,S1C_W0.790_r03,0.79,3
reassigned,138,0,0.0,S1C_W0.790_r03,0.79,3
reassigned,139,0,0.0,S1C_W0.790_r03,0.79,3
reassigned,140,0,0.0,S1C_W0.790_r03,0.79,3
reassigned,141,1,2.5431315104166665e-06,S1C_W0.790_r03,0.79,3
reassigned,142,0,0.0,S1C_W0.790_r03,0.79,3
reassigned,143,0,0.0,S1C_W0.790_r03,0.79,3
reassigned,144,0,0.0,S1C_W0.790_r03,0.79,3
reassigned,145,1,2.5431315104166665e-06,S1C_W0.790_r03,0.79,3
reassigned,146,0,0.0,S1C_W0.790_r03,0.79,3
reassigned,147,0,0.0,S1C_W0.790_r03,0.79,3
reassigned,148,0,0.0,S1C_W0.790_r03,0.79,3
reassigned,149,0,0.0,S1C_W0.790_r03,0.79,3
reassigned,150,0,0.0,S1C_W0.790_r03,0.79,3
reassigned,151,0,0.0,S1C_W0.790_r03,0.79,3
reassigned,152,0,0.0,S1C_W0.790_r03,0.79,3
reassigned,153,2,5.086263020833333e-06,S1C_W0.790_r03,0.79,3
reassigned,154,0,0.0,S1C_W0.790_r03,0.79,3
reassigned,155,0,0.0,S1C_W0.790_r03,0.79,3
reassigned,156,0,0.0,S1C_W0.790_r03,0.79,3
reassigned,157,0,0.0,S1C_W0.790_r03,0.79,3
reassigned,158,1,2.5431315104166665e-06,S1C_W0.790_r03,0.79,3
reassigned,159,1,2.5431315104166665e-06,S1C_W0.790_r03,0.79,3
reassigned,160,0,0.0,S1C_W0.790_r03,0.79,3
reassigned,161,0,0.0,S1C_W0.790_r03,0.79,3
reassigned,162,0,0.0,S1C_W0.790_r03,0.79,3
reassigned,163,0,0.0,S1C_W0.790_r03,0.79,3
reassigned,164,0,0.0,S1C_W0.790_r03,0.79,3
reassigned,165,0,0.0,S1C_W0.790_r03,0.79,3
reassigned,166,0,0.0,S1C_W0.790_r03,0.79,3
reassigned,167,0,0.0,S1C_W0.790_r03,0.79,3
reassigned,168,1,2.5431315104166665e-06,S1C_W0.790_r03,0.79,3
original,0,1998,0.0050811767578125,S1C_W0.790_r04,0.79,4
original,1,5179,0.013170878092447916,S1C_W0.790_r04,0.79,4
original,2,12441,0.03163909912109375,S1C_W0.790_r04,0.79,4
original,3,23998,0.061030069986979164,S1C_W0.790_r04,0.79,4
original,4,37320,0.09490966796875,S1C_W0.790_r04,0.79,4
original,5,48951,0.12448883056640625,S1C_W0.790_r04,0.79,4
original,6,54053,0.1374638875325521,S1C_W0.790_r04,0.79,4
original,7,52836,0.134368896484375,S1C_W0.790_r04,0.79,4
original,8,46223,0.11755116780598958,S1C_W0.790_r04,0.79,4
original,9,37019,0.09414418538411458,S1C_W0.790_r04,0.79,4
original,10,26778,0.0680999755859375,S1C_W0.790_r04,0.79,4
original,11,18113,0.046063741048177086,S1C_W0.790_r04,0.79,4
original,12,11791,0.029986063639322918,S1C_W0.790_r04,0.79,4
original,13,7066,0.017969767252604168,S1C_W0.790_r04,0.79,4
original,14,3908,0.009938557942708334,S1C_W0.790_r04,0.79,4
original,15,2235,0.00568389892578125,S1C_W0.790_r04,0.79,4
original,16,1208,0.0030721028645833335,S1C_W0.790_r04,0.79,4
original,17,586,0.0014902750651041667,S1C_W0.790_r04,0.79,4
original,18,339,0.00086212158203125,S1C_W0.790_r04,0.79,4
original,19,186,0.0004730224609375,S1C_W0.790_r04,0.79,4
original,20,120,0.00030517578125,S1C_W0.790_r04,0.79,4
original,21,81,0.00020599365234375,S1C_W0.790_r04,0.79,4
original,22,51,0.00012969970703125,S1C_W0.790_r04,0.79,4
original,23,35,8.900960286458333e-05,S1C_W0.790_r04,0.79,4
original,24,39,9.918212890625e-05,S1C_W0.790_r04,0.79,4
original,25,41,0.00010426839192708333,S1C_W0.790_r04,0.79,4
original,26,31,7.883707682291667e-05,S1C_W0.790_r04,0.79,4
original,27,35,8.900960286458333e-05,S1C_W0.790_r04,0.79,4
original,28,30,7.62939453125e-05,S1C_W0.790_r04,0.79,4
original,29,22,5.5948893229166664e-05,S1C_W0.790_r04,0.79,4
original,30,19,4.8319498697916664e-05,S1C_W0.790_r04,0.79,4
original,31,25,6.357828776041667e-05,S1C_W0.790_r04,0.79,4
original,32,38,9.663899739583333e-05,S1C_W0.790_r04,0.79,4
original,33,30,7.62939453125e-05,S1C_W0.790_r04,0.79,4
original,34,19,4.8319498697916664e-05,S1C_W0.790_r04,0.79,4
original,35,26,6.612141927083333e-05,S1C_W0.790_r04,0.79,4
original,36,24,6.103515625e-05,S1C_W0.790_r04,0.79,4
original,37,24,6.103515625e-05,S1C_W0.790_r04,0.79,4
original,38,26,6.612141927083333e-05,S1C_W0.790_r04,0.79,4
original,39,15,3.814697265625e-05,S1C_W0.790_r04,0.79,4
original,40,22,5.5948893229166664e-05,S1C_W0.790_r04,0.79,4
original,41,20,5.0862630208333336e-05,S1C_W0.790_r04,0.79,4
original,42,20,5.0862630208333336e-05,S1C_W0.790_r04,0.79,4
original,43,23,5.8492024739583336e-05,S1C_W0.790_r04,0.79,4
original,44,14,3.5603841145833336e-05,S1C_W0.790_r04,0.79,4
original,45,22,5.5948893229166664e-05,S1C_W0.790_r04,0.79,4
original,46,12,3.0517578125e-05,S1C_W0.790_r04,0.79,4
original,47,13,3.3060709635416664e-05,S1C_W0.790_r04,0.79,4
original,48,12,3.0517578125e-05,S1C_W0.790_r04,0.79,4
original,49,21,5.340576171875e-05,S1C_W0.790_r04,0.79,4
original,50,17,4.3233235677083336e-05,S1C_W0.790_r04,0.79,4
original,51,12,3.0517578125e-05,S1C_W0.790_r04,0.79,4
original,52,4,1.0172526041666666e-05,S1C_W0.790_r04,0.79,4
original,53,13,3.3060709635416664e-05,S1C_W0.790_r04,0.79,4
original,54,4,1.0172526041666666e-05,S1C_W0.790_r04,0.79,4
original,55,6,1.52587890625e-05,S1C_W0.790_r04,0.79,4
original,56,3,7.62939453125e-06,S1C_W0.790_r04,0.79,4
original,57,4,1.0172526041666666e-05,S1C_W0.790_r04,0.79,4
original,58,2,5.086263020833333e-06,S1C_W0.790_r04,0.79,4
original,59,5,1.2715657552083334e-05,S1C_W0.790_r04,0.79,4
original,60,2,5.086263020833333e-06,S1C_W0.790_r04,0.79,4
original,61,3,7.62939453125e-06,S1C_W0.790_r04,0.79,4
original,62,0,0.0,S1C_W0.790_r04,0.79,4
original,63,0,0.0,S1C_W0.790_r04,0.79,4
original,64,2,5.086263020833333e-06,S1C_W0.790_r04,0.79,4
original,65,1,2.5431315104166665e-06,S1C_W0.790_r04,0.79,4
reassigned,0,8716,0.022165934244791668,S1C_W0.790_r04,0.79,4
reassigned,1,12374,0.031468709309895836,S1C_W0.790_r04,0.79,4
reassigned,2,24425,0.062115987141927086,S1C_W0.790_r04,0.79,4
reassigned,3,35932,0.09137980143229167,S1C_W0.790_r04,0.79,4
reassigned,4,42397,0.10782114664713542,S1C_W0.790_r04,0.79,4
reassigned,5,44500,0.11316935221354167,S1C_W0.790_r04,0.79,4
reassigned,6,42798,0.1088409423828125,S1C_W0.790_r04,0.79,4
reassigned,7,37718,0.09592183430989583,S1C_W0.790_r04,0.79,4
reassigned,8,31534,0.08019510904947917,S1C_W0.790_r04,0.79,4
reassigned,9,25864,0.06577555338541667,S1C_W0.790_r04,0.79,4
reassigned,10,20331,0.05170440673828125,S1C_W0.790_r04,0.79,4
reassigned,11,15704,0.039937337239583336,S1C_W0.790_r04,0.79,4
reassigned,12,11967,0.03043365478515625,S1C_W0.790_r04,0.79,4
reassigned,13,8942,0.022740681966145832,S1C_W0.790_r04,0.79,4
reassigned,14,6822,0.0173492431640625,S1C_W0.790_r04,0.79,4
reassigned,15,5204,0.013234456380208334,S1C_W0.790_r04,0.79,4
reassigned,16,3957,0.01006317138671875,S1C_W0.790_r04,0.79,4
reassigned,17,2976,0.007568359375,S1C_W0.790_r04,0.79,4
reassigned,18,2328,0.00592041015625,S1C_W0.790_r04,0.79,4
reassigned,19,1799,0.004575093587239583,S1C_W0.790_r04,0.79,4
reassigned,20,1382,0.0035146077473958335,S1C_W0.790_r04,0.79,4
reassigned,21,1050,0.0026702880859375,S1C_W0.790_r04,0.79,4
reassigned,22,840,0.00213623046875,S1C_W0.790_r04,0.79,4
reassigned,23,611,0.0015538533528645833,S1C_W0.790_r04,0.79,4
reassigned,24,505,0.0012842814127604167,S1C_W0.790_r04,0.79,4
reassigned,25,411,0.00104522705078125,S1C_W0.790_r04,0.79,4
reassigned,26,327,0.00083160400390625,S1C_W0.790_r04,0.79,4
reassigned,27,248,0.0006306966145833334,S1C_W0.790_r04,0.79,4
reassigned,28,211,0.0005366007486979166,S1C_W0.790_r04,0.79,4
reassigned,29,170,0.0004323323567708333,S1C_W0.790_r04,0.79,4
reassigned,30,132,0.000335693359375,S1C_W0.790_r04,0.79,4
reassigned,31,106,0.0002695719401041667,S1C_W0.790_r04,0.79,4
reassigned,32,77,0.00019582112630208334,S1C_W0.790_r04,0.79,4
reassigned,33,83,0.00021107991536458334,S1C_W0.790_r04,0.79,4
reassigned,34,50,0.00012715657552083334,S1C_W0.790_r04,0.79,4
reassigned,35,48,0.0001220703125,S1C_W0.790_r04,0.79,4
reassigned,36,43,0.00010935465494791667,S1C_W0.790_r04,0.79,4
reassigned,37,30,7.62939453125e-05,S1C_W0.790_r04,0.79,4
reassigned,38,38,9.663899739583333e-05,S1C_W0.790_r04,0.79,4
reassigned,39,37,9.409586588541667e-05,S1C_W0.790_r04,0.79,4
reassigned,40,27,6.866455078125e-05,S1C_W0.790_r04,0.79,4
reassigned,41,25,6.357828776041667e-05,S1C_W0.790_r04,0.79,4
reassigned,42,20,5.0862630208333336e-05,S1C_W0.790_r04,0.79,4
reassigned,43,20,5.0862630208333336e-05,S1C_W0.790_r04,0.79,4
reassigned,44,18,4.57763671875e-05,S1C_W0.790_r04,0.79,4
reassigned,45,18,4.57763671875e-05,S1C_W0.790_r04,0.79,4
reassigned,46,17,4.3233235677083336e-05,S1C_W0.790_r04,0.79,4
reassigned,47,20,5.0862630208333336e-05,S1C_W0.790_r04,0.79,4
reassigned,48,17,4.3233235677083336e-05,S1C_W0.790_r04,0.79,4
reassigned,49,15,3.814697265625e-05,S1C_W0.790_r04,0.79,4
reassigned,50,15,3.814697265625e-05,S1C_W0.790_r04,0.79,4
reassigned,51,12,3.0517578125e-05,S1C_W0.790_r04,0.79,4
reassigned,52,16,4.0690104166666664e-05,S1C_W0.790_r04,0.79,4
reassigned,53,14,3.5603841145833336e-05,S1C_W0.790_r04,0.79,4
reassigned,54,8,2.0345052083333332e-05,S1C_W0.790_r04,0.79,4
reassigned,55,12,3.0517578125e-05,S1C_W0.790_r04,0.79,4
reassigned,56,11,2.7974446614583332e-05,S1C_W0.790_r04,0.79,4
reassigned,57,5,1.2715657552083334e-05,S1C_W0.790_r04,0.79,4
reassigned,58,5,1.2715657552083334e-05,S1C_W0.790_r04,0.79,4
reassigned,59,5,1.2715657552083334e-05,S1C_W0.790_r04,0.79,4
reassigned,60,11,2.7974446614583332e-05,S1C_W0.790_r04,0.79,4
reassigned,61,11,2.7974446614583332e-05,S1C_W0.790_r04,0.79,4
reassigned,62,7,1.7801920572916668e-05,S1C_W0.790_r04,0.79,4
reassigned,63,8,2.0345052083333332e-05,S1C_W0.790_r04,0.79,4
reassigned,64,3,7.62939453125e-06,S1C_W0.790_r04,0.79,4
reassigned,65,7,1.7801920572916668e-05,S1C_W0.790_r04,0.79,4
reassigned,66,6,1.52587890625e-05,S1C_W0.790_r04,0.79,4
reassigned,67,8,2.0345052083333332e-05,S1C_W0.790_r04,0.79,4
reassigned,68,4,1.0172526041666666e-05,S1C_W0.790_r04,0.79,4
reassigned,69,5,1.2715657552083334e-05,S1C_W0.790_r04,0.79,4
reassigned,70,3,7.62939453125e-06,S1C_W0.790_r04,0.79,4
reassigned,71,6,1.52587890625e-05,S1C_W0.790_r04,0.79,4
reassigned,72,9,2.288818359375e-05,S1C_W0.790_r04,0.79,4
reassigned,73,6,1.52587890625e-05,S1C_W0.790_r04,0.79,4
reassigned,74,4,1.0172526041666666e-05,S1C_W0.790_r04,0.79,4
reassigned,75,3,7.62939453125e-06,S1C_W0.790_r04,0.79,4
reassigned,76,5,1.2715657552083334e-05,S1C_W0.790_r04,0.79,4
reassigned,77,4,1.0172526041666666e-05,S1C_W0.790_r04,0.79,4
reassigned,78,2,5.086263020833333e-06,S1C_W0.790_r04,0.79,4
reassigned,79,2,5.086263020833333e-06,S1C_W0.790_r04,0.79,4
reassigned,80,2,5.086263020833333e-06,S1C_W0.790_r04,0.79,4
reassigned,81,2,5.086263020833333e-06,S1C_W0.790_r04,0.79,4
reassigned,82,3,7.62939453125e-06,S1C_W0.790_r04,0.79,4
reassigned,83,3,7.62939453125e-06,S1C_W0.790_r04,0.79,4
reassigned,84,3,7.62939453125e-06,S1C_W0.790_r04,0.79,4
reassigned,85,3,7.62939453125e-06,S1C_W0.790_r04,0.79,4
reassigned,86,6,1.52587890625e-05,S1C_W0.790_r04,0.79,4
reassigned,87,3,7.62939453125e-06,S1C_W0.790_r04,0.79,4
reassigned,88,7,1.7801920572916668e-05,S1C_W0.790_r04,0.79,4
reassigned,89,2,5.086263020833333e-06,S1C_W0.790_r04,0.79,4
reassigned,90,1,2.5431315104166665e-06,S1C_W0.790_r04,0.79,4
reassigned,91,1,2.5431315104166665e-06,S1C_W0.790_r04,0.79,4
reassigned,92,3,7.62939453125e-06,S1C_W0.790_r04,0.79,4
reassigned,93,4,1.0172526041666666e-05,S1C_W0.790_r04,0.79,4
reassigned,94,3,7.62939453125e-06,S1C_W0.790_r04,0.79,4
reassigned,95,1,2.5431315104166665e-06,S1C_W0.790_r04,0.79,4
reassigned,96,3,7.62939453125e-06,S1C_W0.790_r04,0.79,4
reassigned,97,3,7.62939453125e-06,S1C_W0.790_r04,0.79,4
reassigned,98,1,2.5431315104166665e-06,S1C_W0.790_r04,0.79,4
reassigned,99,1,2.5431315104166665e-06,S1C_W0.790_r04,0.79,4
reassigned,100,1,2.5431315104166665e-06,S1C_W0.790_r04,0.79,4
reassigned,101,5,1.2715657552083334e-05,S1C_W0.790_r04,0.79,4
reassigned,102,5,1.2715657552083334e-05,S1C_W0.790_r04,0.79,4
reassigned,103,2,5.086263020833333e-06,S1C_W0.790_r04,0.79,4
reassigned,104,2,5.086263020833333e-06,S1C_W0.790_r04,0.79,4
reassigned,105,0,0.0,S1C_W0.790_r04,0.79,4
reassigned,106,2,5.086263020833333e-06,S1C_W0.790_r04,0.79,4
reassigned,107,1,2.5431315104166665e-06,S1C_W0.790_r04,0.79,4
reassigned,108,2,5.086263020833333e-06,S1C_W0.790_r04,0.79,4
reassigned,109,1,2.5431315104166665e-06,S1C_W0.790_r04,0.79,4
reassigned,110,0,0.0,S1C_W0.790_r04,0.79,4
reassigned,111,1,2.5431315104166665e-06,S1C_W0.790_r04,0.79,4
reassigned,112,3,7.62939453125e-06,S1C_W0.790_r04,0.79,4
reassigned,113,2,5.086263020833333e-06,S1C_W0.790_r04,0.79,4
reassigned,114,1,2.5431315104166665e-06,S1C_W0.790_r04,0.79,4
reassigned,115,1,2.5431315104166665e-06,S1C_W0.790_r04,0.79,4
reassigned,116,1,2.5431315104166665e-06,S1C_W0.790_r04,0.79,4
reassigned,117,1,2.5431315104166665e-06,S1C_W0.790_r04,0.79,4
reassigned,118,0,0.0,S1C_W0.790_r04,0.79,4
reassigned,119,0,0.0,S1C_W0.790_r04,0.79,4
reassigned,120,0,0.0,S1C_W0.790_r04,0.79,4
reassigned,121,1,2.5431315104166665e-06,S1C_W0.790_r04,0.79,4
reassigned,122,1,2.5431315104166665e-06,S1C_W0.790_r04,0.79,4
reassigned,123,1,2.5431315104166665e-06,S1C_W0.790_r04,0.79,4
reassigned,124,1,2.5431315104166665e-06,S1C_W0.790_r04,0.79,4
reassigned,125,0,0.0,S1C_W0.790_r04,0.79,4
reassigned,126,0,0.0,S1C_W0.790_r04,0.79,4
reassigned,127,2,5.086263020833333e-06,S1C_W0.790_r04,0.79,4
reassigned,128,0,0.0,S1C_W0.790_r04,0.79,4
reassigned,129,1,2.5431315104166665e-06,S1C_W0.790_r04,0.79,4
reassigned,130,2,5.086263020833333e-06,S1C_W0.790_r04,0.79,4
reassigned,131,2,5.086263020833333e-06,S1C_W0.790_r04,0.79,4
reassigned,132,0,0.0,S1C_W0.790_r04,0.79,4
reassigned,133,0,0.0,S1C_W0.790_r04,0.79,4
reassigned,134,0,0.0,S1C_W0.790_r04,0.79,4
reassigned,135,3,7.62939453125e-06,S1C_W0.790_r04,0.79,4
reassigned,136,2,5.086263020833333e-06,S1C_W0.790_r04,0.79,4
reassigned,137,2,5.086263020833333e-06,S1C_W0.790_r04,0.79,4
reassigned,138,0,0.0,S1C_W0.790_r04,0.79,4
reassigned,139,0,0.0,S1C_W0.790_r04,0.79,4
reassigned,140,2,5.086263020833333e-06,S1C_W0.790_r04,0.79,4
reassigned,141,1,2.5431315104166665e-06,S1C_W0.790_r04,0.79,4
reassigned,142,0,0.0,S1C_W0.790_r04,0.79,4
reassigned,143,1,2.5431315104166665e-06,S1C_W0.790_r04,0.79,4
reassigned,144,1,2.5431315104166665e-06,S1C_W0.790_r04,0.79,4
reassigned,145,0,0.0,S1C_W0.790_r04,0.79,4
reassigned,146,2,5.086263020833333e-06,S1C_W0.790_r04,0.79,4
reassigned,147,1,2.5431315104166665e-06,S1C_W0.790_r04,0.79,4
reassigned,148,0,0.0,S1C_W0.790_r04,0.79,4
reassigned,149,0,0.0,S1C_W0.790_r04,0.79,4
reassigned,150,0,0.0,S1C_W0.790_r04,0.79,4
reassigned,151,0,0.0,S1C_W0.790_r04,0.79,4
reassigned,152,0,0.0,S1C_W0.790_r04,0.79,4
reassigned,153,0,0.0,S1C_W0.790_r04,0.79,4
reassigned,154,0,0.0,S1C_W0.790_r04,0.79,4
reassigned,155,0,0.0,S1C_W0.790_r04,0.79,4
reassigned,156,1,2.5431315104166665e-06,S1C_W0.790_r04,0.79,4
reassigned,157,1,2.5431315104166665e-06,S1C_W0.790_r04,0.79,4
reassigned,158,1,2.5431315104166665e-06,S1C_W0.790_r04,0.79,4
original,0,1987,0.005053202311197917,S1C_W0.790_r05,0.79,5
original,1,5209,0.013247172037760416,S1C_W0.790_r05,0.79,5
original,2,11910,0.0302886962890625,S1C_W0.790_r05,0.79,5
original,3,23830,0.060602823893229164,S1C_W0.790_r05,0.79,5
original,4,38042,0.09674580891927083,S1C_W0.790_r05,0.79,5
original,5,48727,0.12391916910807292,S1C_W0.790_r05,0.79,5
original,6,54225,0.13790130615234375,S1C_W0.790_r05,0.79,5
original,7,53142,0.1351470947265625,S1C_W0.790_r05,0.79,5
original,8,46194,0.1174774169921875,S1C_W0.790_r05,0.79,5
original,9,36679,0.09327952067057292,S1C_W0.790_r05,0.79,5
original,10,26851,0.06828562418619792,S1C_W0.790_r05,0.79,5
original,11,18239,0.046384175618489586,S1C_W0.790_r05,0.79,5
original,12,11771,0.029935201009114582,S1C_W0.790_r05,0.79,5
original,13,6929,0.017621358235677082,S1C_W0.790_r05,0.79,5
original,14,4023,0.01023101806640625,S1C_W0.790_r05,0.79,5
original,15,2194,0.005579630533854167,S1C_W0.790_r05,0.79,5
original,16,1169,0.0029729207356770835,S1C_W0.790_r05,0.79,5
original,17,588,0.001495361328125,S1C_W0.790_r05,0.79,5
original,18,370,0.0009409586588541666,S1C_W0.790_r05,0.79,5
original,19,169,0.0004297892252604167,S1C_W0.790_r05,0.79,5
original,20,127,0.0003229777018229167,S1C_W0.790_r05,0.79,5
original,21,75,0.00019073486328125,S1C_W0.790_r05,0.79,5
original,22,39,9.918212890625e-05,S1C_W0.790_r05,0.79,5
original,23,35,8.900960286458333e-05,S1C_W0.790_r05,0.79,5
original,24,43,0.00010935465494791667,S1C_W0.790_r05,0.79,5
original,25,44,0.00011189778645833333,S1C_W0.790_r05,0.79,5
original,26,33,8.392333984375e-05,S1C_W0.790_r05,0.79,5
original,27,30,7.62939453125e-05,S1C_W0.790_r05,0.79,5
original,28,25,6.357828776041667e-05,S1C_W0.790_r05,0.79,5
original,29,29,7.375081380208333e-05,S1C_W0.790_r05,0.79,5
original,30,26,6.612141927083333e-05,S1C_W0.790_r05,0.79,5
original,31,28,7.120768229166667e-05,S1C_W0.790_r05,0.79,5
original,32,18,4.57763671875e-05,S1C_W0.790_r05,0.79,5
original,33,28,7.120768229166667e-05,S1C_W0.790_r05,0.79,5
original,34,23,5.8492024739583336e-05,S1C_W0.790_r05,0.79,5
original,35,29,7.375081380208333e-05,S1C_W0.790_r05,0.79,5
original,36,16,4.0690104166666664e-05,S1C_W0.790_r05,0.79,5
original,37,17,4.3233235677083336e-05,S1C_W0.790_r05,0.79,5
original,38,21,5.340576171875e-05,S1C_W0.790_r05,0.79,5
original,39,21,5.340576171875e-05,S1C_W0.790_r05,0.79,5
original,40,23,5.8492024739583336e-05,S1C_W0.790_r05,0.79,5
original,41,28,7.120768229166667e-05,S1C_W0.790_r05,0.79,5
original,42,20,5.0862630208333336e-05,S1C_W0.790_r05,0.79,5
original,43,26,6.612141927083333e-05,S1C_W0.790_r05,0.79,5
original,44,25,6.357828776041667e-05,S1C_W0.790_r05,0.79,5
original,45,25,6.357828776041667e-05,S1C_W0.790_r05,0.79,5
original,46,15,3.814697265625e-05,S1C_W0.790_r05,0.79,5
original,47,18,4.57763671875e-05,S1C_W0.790_r05,0.79,5
original,48,15,3.814697265625e-05,S1C_W0.790_r05,0.79,5
original,49,12,3.0517578125e-05,S1C_W0.790_r05,0.79,5
original,50,8,2.0345052083333332e-05,S1C_W0.790_r05,0.79,5
original,51,4,1.0172526041666666e-05,S1C_W0.790_r05,0.79,5
original,52,7,1.7801920572916668e-05,S1C_W0.790_r05,0.79,5
original,53,3,7.62939453125e-06,S1C_W0.790_r05,0.79,5
original,54,9,2.288818359375e-05,S1C_W0.790_r05,0.79,5
original,55,3,7.62939453125e-06,S1C_W0.790_r05,0.79,5
original,56,8,2.0345052083333332e-05,S1C_W0.790_r05,0.79,5
original,57,3,7.62939453125e-06,S1C_W0.790_r05,0.79,5
original,58,5,1.2715657552083334e-05,S1C_W0.790_r05,0.79,5
original,59,1,2.5431315104166665e-06,S1C_W0.790_r05,0.79,5
original,60,1,2.5431315104166665e-06,S1C_W0.790_r05,0.79,5
original,61,0,0.0,S1C_W0.790_r05,0.79,5
original,62,1,2.5431315104166665e-06,S1C_W0.790_r05,0.79,5
original,63,1,2.5431315104166665e-06,S1C_W0.790_r05,0.79,5
reassigned,0,8932,0.022715250651041668,S1C_W0.790_r05,0.79,5
reassigned,1,13445,0.034192403157552086,S1C_W0.790_r05,0.79,5
reassigned,2,24910,0.06334940592447917,S1C_W0.790_r05,0.79,5
reassigned,3,36216,0.09210205078125,S1C_W0.790_r05,0.79,5
reassigned,4,42201,0.10732269287109375,S1C_W0.790_r05,0.79,5
reassigned,5,43949,0.11176808675130208,S1C_W0.790_r05,0.79,5
reassigned,6,41225,0.10484059651692708,S1C_W0.790_r05,0.79,5
reassigned,7,36828,0.093658447265625,S1C_W0.790_r05,0.79,5
reassigned,8,30952,0.07871500651041667,S1C_W0.790_r05,0.79,5
reassigned,9,25417,0.06463877360026042,S1C_W0.790_r05,0.79,5
reassigned,10,20254,0.051508585611979164,S1C_W0.790_r05,0.79,5
reassigned,11,15634,0.039759318033854164,S1C_W0.790_r05,0.79,5
reassigned,12,12214,0.031061808268229168,S1C_W0.790_r05,0.79,5
reassigned,13,9427,0.023974100748697918,S1C_W0.790_r05,0.79,5
reassigned,14,7227,0.01837921142578125,S1C_W0.790_r05,0.79,5
reassigned,15,5548,0.014109293619791666,S1C_W0.790_r05,0.79,5
reassigned,16,4247,0.010800679524739584,S1C_W0.790_r05,0.79,5
reassigned,17,3168,0.008056640625,S1C_W0.790_r05,0.79,5
reassigned,18,2375,0.006039937337239583,S1C_W0.790_r05,0.79,5
reassigned,19,1866,0.0047454833984375,S1C_W0.790_r05,0.79,5
reassigned,20,1494,0.0037994384765625,S1C_W0.790_r05,0.79,5
reassigned,21,1184,0.0030110677083333335,S1C_W0.790_r05,0.79,5
reassigned,22,875,0.0022252400716145835,S1C_W0.790_r05,0.79,5
reassigned,23,688,0.0017496744791666667,S1C_W0.790_r05,0.79,5
reassigned,24,553,0.0014063517252604167,S1C_W0.790_r05,0.79,5
reassigned,25,427,0.0010859171549479167,S1C_W0.790_r05,0.79,5
reassigned,26,338,0.0008595784505208334,S1C_W0.790_r05,0.79,5
reassigned,27,242,0.0006154378255208334,S1C_W0.790_r05,0.79,5
reassigned,28,231,0.00058746337890625,S1C_W0.790_r05,0.79,5
reassigned,29,172,0.0004374186197916667,S1C_W0.790_r05,0.79,5
reassigned,30,138,0.0003509521484375,S1C_W0.790_r05,0.79,5
reassigned,31,108,0.000274658203125,S1C_W0.790_r05,0.79,5
reassigned,32,90,0.0002288818359375,S1C_W0.790_r05,0.79,5
reassigned,33,82,0.00020853678385416666,S1C_W0.790_r05,0.79,5
reassigned,34,57,0.00014495849609375,S1C_W0.790_r05,0.79,5
reassigned,35,42,0.0001068115234375,S1C_W0.790_r05,0.79,5
reassigned,36,39,9.918212890625e-05,S1C_W0.790_r05,0.79,5
reassigned,37,35,8.900960286458333e-05,S1C_W0.790_r05,0.79,5
reassigned,38,33,8.392333984375e-05,S1C_W0.790_r05,0.79,5
reassigned,39,18,4.57763671875e-05,S1C_W0.790_r05,0.79,5
reassigned,40,21,5.340576171875e-05,S1C_W0.790_r05,0.79,5
reassigned,41,17,4.3233235677083336e-05,S1C_W0.790_r05,0.79,5
reassigned,42,30,7.62939453125e-05,S1C_W0.790_r05,0.79,5
reassigned,43,13,3.3060709635416664e-05,S1C_W0.790_r05,0.79,5
reassigned,44,9,2.288818359375e-05,S1C_W0.790_r05,0.79,5
reassigned,45,11,2.7974446614583332e-05,S1C_W0.790_r05,0.79,5
reassigned,46,12,3.0517578125e-05,S1C_W0.790_r05,0.79,5
reassigned,47,13,3.3060709635416664e-05,S1C_W0.790_r05,0.79,5
reassigned,48,8,2.0345052083333332e-05,S1C_W0.790_r05,0.79,5
reassigned,49,7,1.7801920572916668e-05,S1C_W0.790_r05,0.79,5
reassigned,50,11,2.7974446614583332e-05,S1C_W0.790_r05,0.79,5
reassigned,51,11,2.7974446614583332e-05,S1C_W0.790_r05,0.79,5
reassigned,52,4,1.0172526041666666e-05,S1C_W0.790_r05,0.79,5
reassigned,53,7,1.7801920572916668e-05,S1C_W0.790_r05,0.79,5
reassigned,54,4,1.0172526041666666e-05,S1C_W0.790_r05,0.79,5
reassigned,55,9,2.288818359375e-05,S1C_W0.790_r05,0.79,5
reassigned,56,8,2.0345052083333332e-05,S1C_W0.790_r05,0.79,5
reassigned,57,3,7.62939453125e-06,S1C_W0.790_r05,0.79,5
reassigned,58,5,1.2715657552083334e-05,S1C_W0.790_r05,0.79,5
reassigned,59,8,2.0345052083333332e-05,S1C_W0.790_r05,0.79,5
reassigned,60,3,7.62939453125e-06,S1C_W0.790_r05,0.79,5
reassigned,61,2,5.086263020833333e-06,S1C_W0.790_r05,0.79,5
reassigned,62,3,7.62939453125e-06,S1C_W0.790_r05,0.79,5
reassigned,63,3,7.62939453125e-06,S1C_W0.790_r05,0.79,5
reassigned,64,3,7.62939453125e-06,S1C_W0.790_r05,0.79,5
reassigned,65,2,5.086263020833333e-06,S1C_W0.790_r05,0.79,5
reassigned,66,6,1.52587890625e-05,S1C_W0.790_r05,0.79,5
reassigned,67,3,7.62939453125e-06,S1C_W0.790_r05,0.79,5
reassigned,68,1,2.5431315104166665e-06,S1C_W0.790_r05,0.79,5
reassigned,69,2,5.086263020833333e-06,S1C_W0.790_r05,0.79,5
reassigned,70,4,1.0172526041666666e-05,S1C_W0.790_r05,0.79,5
reassigned,71,5,1.2715657552083334e-05,S1C_W0.790_r05,0.79,5
reassigned,72,3,7.62939453125e-06,S1C_W0.790_r05,0.79,5
reassigned,73,7,1.7801920572916668e-05,S1C_W0.790_r05,0.79,5
reassigned,74,2,5.086263020833333e-06,S1C_W0.790_r05,0.79,5
reassigned,75,3,7.62939453125e-06,S1C_W0.790_r05,0.79,5
reassigned,76,2,5.086263020833333e-06,S1C_W0.790_r05,0.79,5
reassigned,77,5,1.2715657552083334e-05,S1C_W0.790_r05,0.79,5
reassigned,78,0,0.0,S1C_W0.790_r05,0.79,5
reassigned,79,1,2.5431315104166665e-06,S1C_W0.790_r05,0.79,5
reassigned,80,2,5.086263020833333e-06,S1C_W0.790_r05,0.79,5
reassigned,81,1,2.5431315104166665e-06,S1C_W0.790_r05,0.79,5
reassigned,82,1,2.5431315104166665e-06,S1C_W0.790_r05,0.79,5
reassigned,83,3,7.62939453125e-06,S1C_W0.790_r05,0.79,5
reassigned,84,0,0.0,S1C_W0.790_r05,0.79,5
reassigned,85,5,1.2715657552083334e-05,S1C_W0.790_r05,0.79,5
reassigned,86,2,5.086263020833333e-06,S1C_W0.790_r05,0.79,5
reassigned,87,0,0.0,S1C_W0.790_r05,0.79,5
reassigned,88,1,2.5431315104166665e-06,S1C_W0.790_r05,0.79,5
reassigned,89,2,5.086263020833333e-06,S1C_W0.790_r05,0.79,5
reassigned,90,0,0.0,S1C_W0.790_r05,0.79,5
reassigned,91,1,2.5431315104166665e-06,S1C_W0.790_r05,0.79,5
reassigned,92,2,5.086263020833333e-06,S1C_W0.790_r05,0.79,5
reassigned,93,1,2.5431315104166665e-06,S1C_W0.790_r05,0.79,5
reassigned,94,1,2.5431315104166665e-06,S1C_W0.790_r05,0.79,5
reassigned,95,0,0.0,S1C_W0.790_r05,0.79,5
reassigned,96,0,0.0,S1C_W0.790_r05,0.79,5
reassigned,97,0,0.0,S1C_W0.790_r05,0.79,5
reassigned,98,0,0.0,S1C_W0.790_r05,0.79,5
reassigned,99,3,7.62939453125e-06,S1C_W0.790_r05,0.79,5
reassigned,100,2,5.086263020833333e-06,S1C_W0.790_r05,0.79,5
reassigned,101,3,7.62939453125e-06,S1C_W0.790_r05,0.79,5
reassigned,102,2,5.086263020833333e-06,S1C_W0.790_r05,0.79,5
reassigned,103,0,0.0,S1C_W0.790_r05,0.79,5
reassigned,104,1,2.5431315104166665e-06,S1C_W0.790_r05,0.79,5
reassigned,105,0,0.0,S1C_W0.790_r05,0.79,5
reassigned,106,0,0.0,S1C_W0.790_r05,0.79,5
reassigned,107,7,1.7801920572916668e-05,S1C_W0.790_r05,0.79,5
reassigned,108,1,2.5431315104166665e-06,S1C_W0.790_r05,0.79,5
reassigned,109,0,0.0,S1C_W0.790_r05,0.79,5
reassigned,110,0,0.0,S1C_W0.790_r05,0.79,5
reassigned,111,1,2.5431315104166665e-06,S1C_W0.790_r05,0.79,5
reassigned,112,1,2.5431315104166665e-06,S1C_W0.790_r05,0.79,5
reassigned,113,0,0.0,S1C_W0.790_r05,0.79,5
reassigned,114,1,2.5431315104166665e-06,S1C_W0.790_r05,0.79,5
reassigned,115,1,2.5431315104166665e-06,S1C_W0.790_r05,0.79,5
reassigned,116,0,0.0,S1C_W0.790_r05,0.79,5
reassigned,117,0,0.0,S1C_W0.790_r05,0.79,5
reassigned,118,1,2.5431315104166665e-06,S1C_W0.790_r05,0.79,5
reassigned,119,0,0.0,S1C_W0.790_r05,0.79,5
reassigned,120,2,5.086263020833333e-06,S1C_W0.790_r05,0.79,5
reassigned,121,2,5.086263020833333e-06,S1C_W0.790_r05,0.79,5
reassigned,122,1,2.5431315104166665e-06,S1C_W0.790_r05,0.79,5
reassigned,123,2,5.086263020833333e-06,S1C_W0.790_r05,0.79,5
reassigned,124,1,2.5431315104166665e-06,S1C_W0.790_r05,0.79,5
reassigned,125,0,0.0,S1C_W0.790_r05,0.79,5
reassigned,126,0,0.0,S1C_W0.790_r05,0.79,5
reassigned,127,1,2.5431315104166665e-06,S1C_W0.790_r05,0.79,5
reassigned,128,1,2.5431315104166665e-06,S1C_W0.790_r05,0.79,5
reassigned,129,2,5.086263020833333e-06,S1C_W0.790_r05,0.79,5
reassigned,130,0,0.0,S1C_W0.790_r05,0.79,5
reassigned,131,0,0.0,S1C_W0.790_r05,0.79,5
reassigned,132,0,0.0,S1C_W0.790_r05,0.79,5
reassigned,133,1,2.5431315104166665e-06,S1C_W0.790_r05,0.79,5
reassigned,134,1,2.5431315104166665e-06,S1C_W0.790_r05,0.79,5
reassigned,135,1,2.5431315104166665e-06,S1C_W0.790_r05,0.79,5
reassigned,136,0,0.0,S1C_W0.790_r05,0.79,5
reassigned,137,2,5.086263020833333e-06,S1C_W0.790_r05,0.79,5
reassigned,138,0,0.0,S1C_W0.790_r05,0.79,5
reassigned,139,0,0.0,S1C_W0.790_r05,0.79,5
reassigned,140,0,0.0,S1C_W0.790_r05,0.79,5
reassigned,141,0,0.0,S1C_W0.790_r05,0.79,5
reassigned,142,0,0.0,S1C_W0.790_r05,0.79,5
reassigned,143,0,0.0,S1C_W0.790_r05,0.79,5
reassigned,144,0,0.0,S1C_W0.790_r05,0.79,5
reassigned,145,1,2.5431315104166665e-06,S1C_W0.790_r05,0.79,5
original,0,2053,0.005221048990885417,S1C_W0.790_r06,0.79,6
original,1,5324,0.013539632161458334,S1C_W0.790_r06,0.79,6
original,2,12434,0.031621297200520836,S1C_W0.790_r06,0.79,6
original,3,24182,0.061498006184895836,S1C_W0.790_r06,0.79,6
original,4,37707,0.09589385986328125,S1C_W0.790_r06,0.79,6
original,5,48663,0.12375640869140625,S1C_W0.790_r06,0.79,6
original,6,54104,0.13759358723958334,S1C_W0.790_r06,0.79,6
original,7,52524,0.133575439453125,S1C_W0.790_r06,0.79,6
original,8,45845,0.11658986409505208,S1C_W0.790_r06,0.79,6
original,9,36651,0.09320831298828125,S1C_W0.790_r06,0.79,6
original,10,26874,0.0683441162109375,S1C_W0.790_r06,0.79,6
original,11,18290,0.046513875325520836,S1C_W0.790_r06,0.79,6
original,12,11587,0.029467264811197918,S1C_W0.790_r06,0.79,6
original,13,7171,0.018236796061197918,S1C_W0.790_r06,0.79,6
original,14,4111,0.010454813639322916,S1C_W0.790_r06,0.79,6
original,15,2226,0.0056610107421875,S1C_W0.790_r06,0.79,6
original,16,1241,0.0031560262044270835,S1C_W0.790_r06,0.79,6
original,17,648,0.00164794921875,S1C_W0.790_r06,0.79,6
original,18,359,0.0009129842122395834,S1C_W0.790_r06,0.79,6
original,19,204,0.000518798828125,S1C_W0.790_r06,0.79,6
original,20,121,0.0003077189127604167,S1C_W0.790_r06,0.79,6
original,21,88,0.00022379557291666666,S1C_W0.790_r06,0.79,6
original,22,56,0.00014241536458333334,S1C_W0.790_r06,0.79,6
original,23,50,0.00012715657552083334,S1C_W0.790_r06,0.79,6
original,24,37,9.409586588541667e-05,S1C_W0.790_r06,0.79,6
original,25,49,0.00012461344401041666,S1C_W0.790_r06,0.79,6
original,26,31,7.883707682291667e-05,S1C_W0.790_r06,0.79,6
original,27,32,8.138020833333333e-05,S1C_W0.790_r06,0.79,6
original,28,25,6.357828776041667e-05,S1C_W0.790_r06,0.79,6
original,29,26,6.612141927083333e-05,S1C_W0.790_r06,0.79,6
original,30,32,8.138020833333333e-05,S1C_W0.790_r06,0.79,6
original,31,19,4.8319498697916664e-05,S1C_W0.790_r06,0.79,6
original,32,26,6.612141927083333e-05,S1C_W0.790_r06,0.79,6
original,33,25,6.357828776041667e-05,S1C_W0.790_r06,0.79,6
original,34,24,6.103515625e-05,S1C_W0.790_r06,0.79,6
original,35,33,8.392333984375e-05,S1C_W0.790_r06,0.79,6
original,36,31,7.883707682291667e-05,S1C_W0.790_r06,0.79,6
original,37,21,5.340576171875e-05,S1C_W0.790_r06,0.79,6
original,38,18,4.57763671875e-05,S1C_W0.790_r06,0.79,6
original,39,26,6.612141927083333e-05,S1C_W0.790_r06,0.79,6
original,40,28,7.120768229166667e-05,S1C_W0.790_r06,0.79,6
original,41,20,5.0862630208333336e-05,S1C_W0.790_r06,0.79,6
original,42,15,3.814697265625e-05,S1C_W0.790_r06,0.79,6
original,43,17,4.3233235677083336e-05,S1C_W0.790_r06,0.79,6
original,44,19,4.8319498697916664e-05,S1C_W0.790_r06,0.79,6
original,45,16,4.0690104166666664e-05,S1C_W0.790_r06,0.79,6
original,46,11,2.7974446614583332e-05,S1C_W0.790_r06,0.79,6
original,47,12,3.0517578125e-05,S1C_W0.790_r06,0.79,6
original,48,13,3.3060709635416664e-05,S1C_W0.790_r06,0.79,6
original,49,12,3.0517578125e-05,S1C_W0.790_r06,0.79,6
original,50,15,3.814697265625e-05,S1C_W0.790_r06,0.79,6
original,51,10,2.5431315104166668e-05,S1C_W0.790_r06,0.79,6
original,52,10,2.5431315104166668e-05,S1C_W0.790_r06,0.79,6
original,53,9,2.288818359375e-05,S1C_W0.790_r06,0.79,6
original,54,8,2.0345052083333332e-05,S1C_W0.790_r06,0.79,6
original,55,9,2.288818359375e-05,S1C_W0.790_r06,0.79,6
original,56,5,1.2715657552083334e-05,S1C_W0.790_r06,0.79,6
original,57,7,1.7801920572916668e-05,S1C_W0.790_r06,0.79,6
original,58,4,1.0172526041666666e-05,S1C_W0.790_r06,0.79,6
original,59,4,1.0172526041666666e-05,S1C_W0.790_r06,0.79,6
original,60,2,5.086263020833333e-06,S1C_W0.790_r06,0.79,6
original,61,1,2.5431315104166665e-06,S1C_W0.790_r06,0.79,6
original,62,0,0.0,S1C_W0.790_r06,0.79,6
original,63,1,2.5431315104166665e-06,S1C_W0.790_r06,0.79,6
reassigned,0,8513,0.021649678548177082,S1C_W0.790_r06,0.79,6
reassigned,1,13071,0.03324127197265625,S1C_W0.790_r06,0.79,6
reassigned,2,24849,0.06319427490234375,S1C_W0.790_r06,0.79,6
reassigned,3,35680,0.09073893229166667,S1C_W0.790_r06,0.79,6
reassigned,4,42483,0.10803985595703125,S1C_W0.790_r06,0.79,6
reassigned,5,44022,0.1119537353515625,S1C_W0.790_r06,0.79,6
reassigned,6,41581,0.10574595133463542,S1C_W0.790_r06,0.79,6
reassigned,7,36990,0.0940704345703125,S1C_W0.790_r06,0.79,6
reassigned,8,31520,0.08015950520833333,S1C_W0.790_r06,0.79,6
reassigned,9,26026,0.06618754069010417,S1C_W0.790_r06,0.79,6
reassigned,10,20627,0.052457173665364586,S1C_W0.790_r06,0.79,6
reassigned,11,16034,0.040776570638020836,S1C_W0.790_r06,0.79,6
reassigned,12,12013,0.030550638834635418,S1C_W0.790_r06,0.79,6
reassigned,13,9552,0.0242919921875,S1C_W0.790_r06,0.79,6
reassigned,14,7024,0.017862955729166668,S1C_W0.790_r06,0.79,6
reassigned,15,5253,0.01335906982421875,S1C_W0.790_r06,0.79,6
reassigned,16,4033,0.010256449381510416,S1C_W0.790_r06,0.79,6
reassigned,17,3064,0.007792154947916667,S1C_W0.790_r06,0.79,6
reassigned,18,2332,0.005930582682291667,S1C_W0.790_r06,0.79,6
reassigned,19,1792,0.004557291666666667,S1C_W0.790_r06,0.79,6
reassigned,20,1338,0.0034027099609375,S1C_W0.790_r06,0.79,6
reassigned,21,1010,0.0025685628255208335,S1C_W0.790_r06,0.79,6
reassigned,22,814,0.0020701090494791665,S1C_W0.790_r06,0.79,6
reassigned,23,665,0.0016911824544270833,S1C_W0.790_r06,0.79,6
reassigned,24,516,0.001312255859375,S1C_W0.790_r06,0.79,6
reassigned,25,417,0.00106048583984375,S1C_W0.790_r06,0.79,6
reassigned,26,308,0.0007832845052083334,S1C_W0.790_r06,0.79,6
reassigned,27,247,0.0006281534830729166,S1C_W0.790_r06,0.79,6
reassigned,28,224,0.0005696614583333334,S1C_W0.790_r06,0.79,6
reassigned,29,150,0.0003814697265625,S1C_W0.790_r06,0.79,6
reassigned,30,101,0.0002568562825520833,S1C_W0.790_r06,0.79,6
reassigned,31,117,0.00029754638671875,S1C_W0.790_r06,0.79,6
reassigned,32,99,0.00025177001953125,S1C_W0.790_r06,0.79,6
reassigned,33,79,0.00020090738932291666,S1C_W0.790_r06,0.79,6
reassigned,34,61,0.00015513102213541666,S1C_W0.790_r06,0.79,6
reassigned,35,47,0.00011952718098958333,S1C_W0.790_r06,0.79,6
reassigned,36,43,0.00010935465494791667,S1C_W0.790_r06,0.79,6
reassigned,37,31,7.883707682291667e-05,S1C_W0.790_r06,0.79,6
reassigned,38,33,8.392333984375e-05,S1C_W0.790_r06,0.79,6
reassigned,39,24,6.103515625e-05,S1C_W0.790_r06,0.79,6
reassigned,40,28,7.120768229166667e-05,S1C_W0.790_r06,0.79,6
reassigned,41,27,6.866455078125e-05,S1C_W0.790_r06,0.79,6
reassigned,42,22,5.5948893229166664e-05,S1C_W0.790_r06,0.79,6
reassigned,43,20,5.0862630208333336e-05,S1C_W0.790_r06,0.79,6
reassigned,44,10,2.5431315104166668e-05,S1C_W0.790_r06,0.79,6
reassigned,45,23,5.8492024739583336e-05,S1C_W0.790_r06,0.79,6
reassigned,46,9,2.288818359375e-05,S1C_W0.790_r06,0.79,6
reassigned,47,11,2.7974446614583332e-05,S1C_W0.790_r06,0.79,6
reassigned,48,11,2.7974446614583332e-05,S1C_W0.790_r06,0.79,6
reassigned,49,10,2.5431315104166668e-05,S1C_W0.790_r06,0.79,6
reassigned,50,11,2.7974446614583332e-05,S1C_W0.790_r06,0.79,6
reassigned,51,11,2.7974446614583332e-05,S1C_W0.790_r06,0.79,6
reassigned,52,11,2.7974446614583332e-05,S1C_W0.790_r06,0.79,6
reassigned,53,16,4.0690104166666664e-05,S1C_W0.790_r06,0.79,6
reassigned,54,10,2.5431315104166668e-05,S1C_W0.790_r06,0.79,6
reassigned,55,5,1.2715657552083334e-05,S1C_W0.790_r06,0.79,6
reassigned,56,7,1.7801920572916668e-05,S1C_W0.790_r06,0.79,6
reassigned,57,18,4.57763671875e-05,S1C_W0.790_r06,0.79,6
reassigned,58,2,5.086263020833333e-06,S1C_W0.790_r06,0.79,6
reassigned,59,6,1.52587890625e-05,S1C_W0.790_r06,0.79,6
reassigned,60,8,2.0345052083333332e-05,S1C_W0.790_r06,0.79,6
reassigned,61,2,5.086263020833333e-06,S1C_W0.790_r06,0.79,6
reassigned,62,5,1.2715657552083334e-05,S1C_W0.790_r06,0.79,6
reassigned,63,5,1.2715657552083334e-05,S1C_W0.790_r06,0.79,6
reassigned,64,6,1.52587890625e-05,S1C_W0.790_r06,0.79,6
reassigned,65,3,7.62939453125e-06,S1C_W0.790_r06,0.79,6
reassigned,66,6,1.52587890625e-05,S1C_W0.790_r06,0.79,6
reassigned,67,4,1.0172526041666666e-05,S1C_W0.790_r06,0.79,6
reassigned,68,4,1.0172526041666666e-05,S1C_W0.790_r06,0.79,6
reassigned,69,1,2.5431315104166665e-06,S1C_W0.790_r06,0.79,6
reassigned,70,4,1.0172526041666666e-05,S1C_W0.790_r06,0.79,6
reassigned,71,2,5.086263020833333e-06,S1C_W0.790_r06,0.79,6
reassigned,72,2,5.086263020833333e-06,S1C_W0.790_r06,0.79,6
reassigned,73,9,2.288818359375e-05,S1C_W0.790_r06,0.79,6
reassigned,74,4,1.0172526041666666e-05,S1C_W0.790_r06,0.79,6
reassigned,75,6,1.52587890625e-05,S1C_W0.790_r06,0.79,6
reassigned,76,3,7.62939453125e-06,S1C_W0.790_r06,0.79,6
reassigned,77,3,7.62939453125e-06,S1C_W0.790_r06,0.79,6
reassigned,78,5,1.2715657552083334e-05,S1C_W0.790_r06,0.79,6
reassigned,79,2,5.086263020833333e-06,S1C_W0.790_r06,0.79,6
reassigned,80,4,1.0172526041666666e-05,S1C_W0.790_r06,0.79,6
reassigned,81,3,7.62939453125e-06,S1C_W0.790_r06,0.79,6
reassigned,82,1,2.5431315104166665e-06,S1C_W0.790_r06,0.79,6
reassigned,83,1,2.5431315104166665e-06,S1C_W0.790_r06,0.79,6
reassigned,84,4,1.0172526041666666e-05,S1C_W0.790_r06,0.79,6
reassigned,85,1,2.5431315104166665e-06,S1C_W0.790_r06,0.79,6
reassigned,86,1,2.5431315104166665e-06,S1C_W0.790_r06,0.79,6
reassigned,87,2,5.086263020833333e-06,S1C_W0.790_r06,0.79,6
reassigned,88,0,0.0,S1C_W0.790_r06,0.79,6
reassigned,89,2,5.086263020833333e-06,S1C_W0.790_r06,0.79,6
reassigned,90,2,5.086263020833333e-06,S1C_W0.790_r06,0.79,6
reassigned,91,5,1.2715657552083334e-05,S1C_W0.790_r06,0.79,6
reassigned,92,1,2.5431315104166665e-06,S1C_W0.790_r06,0.79,6
reassigned,93,4,1.0172526041666666e-05,S1C_W0.790_r06,0.79,6
reassigned,94,0,0.0,S1C_W0.790_r06,0.79,6
reassigned,95,2,5.086263020833333e-06,S1C_W0.790_r06,0.79,6
reassigned,96,2,5.086263020833333e-06,S1C_W0.790_r06,0.79,6
reassigned,97,2,5.086263020833333e-06,S1C_W0.790_r06,0.79,6
reassigned,98,4,1.0172526041666666e-05,S1C_W0.790_r06,0.79,6
reassigned,99,2,5.086263020833333e-06,S1C_W0.790_r06,0.79,6
reassigned,100,1,2.5431315104166665e-06,S1C_W0.790_r06,0.79,6
reassigned,101,2,5.086263020833333e-06,S1C_W0.790_r06,0.79,6
reassigned,102,2,5.086263020833333e-06,S1C_W0.790_r06,0.79,6
reassigned,103,1,2.5431315104166665e-06,S1C_W0.790_r06,0.79,6
reassigned,104,0,0.0,S1C_W0.790_r06,0.79,6
reassigned,105,0,0.0,S1C_W0.790_r06,0.79,6
reassigned,106,3,7.62939453125e-06,S1C_W0.790_r06,0.79,6
reassigned,107,1,2.5431315104166665e-06,S1C_W0.790_r06,0.79,6
reassigned,108,3,7.62939453125e-06,S1C_W0.790_r06,0.79,6
reassigned,109,1,2.5431315104166665e-06,S1C_W0.790_r06,0.79,6
reassigned,110,4,1.0172526041666666e-05,S1C_W0.790_r06,0.79,6
reassigned,111,2,5.086263020833333e-06,S1C_W0.790_r06,0.79,6
reassigned,112,0,0.0,S1C_W0.790_r06,0.79,6
reassigned,113,0,0.0,S1C_W0.790_r06,0.79,6
reassigned,114,0,0.0,S1C_W0.790_r06,0.79,6
reassigned,115,1,2.5431315104166665e-06,S1C_W0.790_r06,0.79,6
reassigned,116,0,0.0,S1C_W0.790_r06,0.79,6
reassigned,117,1,2.5431315104166665e-06,S1C_W0.790_r06,0.79,6
reassigned,118,0,0.0,S1C_W0.790_r06,0.79,6
reassigned,119,0,0.0,S1C_W0.790_r06,0.79,6
reassigned,120,2,5.086263020833333e-06,S1C_W0.790_r06,0.79,6
reassigned,121,2,5.086263020833333e-06,S1C_W0.790_r06,0.79,6
reassigned,122,1,2.5431315104166665e-06,S1C_W0.790_r06,0.79,6
reassigned,123,2,5.086263020833333e-06,S1C_W0.790_r06,0.79,6
reassigned,124,0,0.0,S1C_W0.790_r06,0.79,6
reassigned,125,1,2.5431315104166665e-06,S1C_W0.790_r06,0.79,6
reassigned,126,0,0.0,S1C_W0.790_r06,0.79,6
reassigned,127,0,0.0,S1C_W0.790_r06,0.79,6
reassigned,128,1,2.5431315104166665e-06,S1C_W0.790_r06,0.79,6
reassigned,129,0,0.0,S1C_W0.790_r06,0.79,6
reassigned,130,0,0.0,S1C_W0.790_r06,0.79,6
reassigned,131,0,0.0,S1C_W0.790_r06,0.79,6
reassigned,132,0,0.0,S1C_W0.790_r06,0.79,6
reassigned,133,0,0.0,S1C_W0.790_r06,0.79,6
reassigned,134,0,0.0,S1C_W0.790_r06,0.79,6
reassigned,135,2,5.086263020833333e-06,S1C_W0.790_r06,0.79,6
reassigned,136,0,0.0,S1C_W0.790_r06,0.79,6
reassigned,137,0,0.0,S1C_W0.790_r06,0.79,6
reassigned,138,0,0.0,S1C_W0.790_r06,0.79,6
reassigned,139,0,0.0,S1C_W0.790_r06,0.79,6
reassigned,140,0,0.0,S1C_W0.790_r06,0.79,6
reassigned,141,1,2.5431315104166665e-06,S1C_W0.790_r06,0.79,6
reassigned,142,0,0.0,S1C_W0.790_r06,0.79,6
reassigned,143,0,0.0,S1C_W0.790_r06,0.79,6
reassigned,144,0,0.0,S1C_W0.790_r06,0.79,6
reassigned,145,0,0.0,S1C_W0.790_r06,0.79,6
reassigned,146,0,0.0,S1C_W0.790_r06,0.79,6
reassigned,147,1,2.5431315104166665e-06,S1C_W0.790_r06,0.79,6
reassigned,148,0,0.0,S1C_W0.790_r06,0.79,6
reassigned,149,0,0.0,S1C_W0.790_r06,0.79,6
reassigned,150,1,2.5431315104166665e-06,S1C_W0.790_r06,0.79,6
reassigned,151,0,0.0,S1C_W0.790_r06,0.79,6
reassigned,152,1,2.5431315104166665e-06,S1C_W0.790_r06,0.79,6
reassigned,153,0,0.0,S1C_W0.790_r06,0.79,6
reassigned,154,0,0.0,S1C_W0.790_r06,0.79,6
reassigned,155,1,2.5431315104166665e-06,S1C_W0.790_r06,0.79,6
original,0,1989,0.00505828857421875,S1C_W0.790_r07,0.79,7
original,1,5175,0.01316070556640625,S1C_W0.790_r07,0.79,7
original,2,12487,0.031756083170572914,S1C_W0.790_r07,0.79,7
original,3,24012,0.061065673828125,S1C_W0.790_r07,0.79,7
original,4,37483,0.09532419840494792,S1C_W0.790_r07,0.79,7
original,5,48609,0.12361907958984375,S1C_W0.790_r07,0.79,7
original,6,54172,0.13776652018229166,S1C_W0.790_r07,0.79,7
original,7,52899,0.13452911376953125,S1C_W0.790_r07,0.79,7
original,8,46268,0.11766560872395833,S1C_W0.790_r07,0.79,7
original,9,36443,0.09267934163411458,S1C_W0.790_r07,0.79,7
original,10,27166,0.06908671061197917,S1C_W0.790_r07,0.79,7
original,11,18231,0.04636383056640625,S1C_W0.790_r07,0.79,7
original,12,11551,0.029375712076822918,S1C_W0.790_r07,0.79,7
original,13,7121,0.018109639485677082,S1C_W0.790_r07,0.79,7
original,14,4034,0.010258992513020834,S1C_W0.790_r07,0.79,7
original,15,2235,0.00568389892578125,S1C_W0.790_r07,0.79,7
original,16,1207,0.0030695597330729165,S1C_W0.790_r07,0.79,7
original,17,642,0.0016326904296875,S1C_W0.790_r07,0.79,7
original,18,339,0.00086212158203125,S1C_W0.790_r07,0.79,7
original,19,174,0.0004425048828125,S1C_W0.790_r07,0.79,7
original,20,122,0.0003102620442708333,S1C_W0.790_r07,0.79,7
original,21,83,0.00021107991536458334,S1C_W0.790_r07,0.79,7
original,22,57,0.00014495849609375,S1C_W0.790_r07,0.79,7
original,23,43,0.00010935465494791667,S1C_W0.790_r07,0.79,7
original,24,40,0.00010172526041666667,S1C_W0.790_r07,0.79,7
original,25,31,7.883707682291667e-05,S1C_W0.790_r07,0.79,7
original,26,32,8.138020833333333e-05,S1C_W0.790_r07,0.79,7
original,27,28,7.120768229166667e-05,S1C_W0.790_r07,0.79,7
original,28,29,7.375081380208333e-05,S1C_W0.790_r07,0.79,7
original,29,30,7.62939453125e-05,S1C_W0.790_r07,0.79,7
original,30,32,8.138020833333333e-05,S1C_W0.790_r07,0.79,7
original,31,28,7.120768229166667e-05,S1C_W0.790_r07,0.79,7
original,32,29,7.375081380208333e-05,S1C_W0.790_r07,0.79,7
original,33,29,7.375081380208333e-05,S1C_W0.790_r07,0.79,7
original,34,27,6.866455078125e-05,S1C_W0.790_r07,0.79,7
original,35,20,5.0862630208333336e-05,S1C_W0.790_r07,0.79,7
original,36,23,5.8492024739583336e-05,S1C_W0.790_r07,0.79,7
original,37,20,5.0862630208333336e-05,S1C_W0.790_r07,0.79,7
original,38,21,5.340576171875e-05,S1C_W0.790_r07,0.79,7
original,39,13,3.3060709635416664e-05,S1C_W0.790_r07,0.79,7
original,40,23,5.8492024739583336e-05,S1C_W0.790_r07,0.79,7
original,41,25,6.357828776041667e-05,S1C_W0.790_r07,0.79,7
original,42,26,6.612141927083333e-05,S1C_W0.790_r07,0.79,7
original,43,17,4.3233235677083336e-05,S1C_W0.790_r07,0.79,7
original,44,24,6.103515625e-05,S1C_W0.790_r07,0.79,7
original,45,17,4.3233235677083336e-05,S1C_W0.790_r07,0.79,7
original,46,11,2.7974446614583332e-05,S1C_W0.790_r07,0.79,7
original,47,11,2.7974446614583332e-05,S1C_W0.790_r07,0.79,7
original,48,16,4.0690104166666664e-05,S1C_W0.790_r07,0.79,7
original,49,15,3.814697265625e-05,S1C_W0.790_r07,0.79,7
original,50,7,1.7801920572916668e-05,S1C_W0.790_r07,0.79,7
original,51,9,2.288818359375e-05,S1C_W0.790_r07,0.79,7
original,52,10,2.5431315104166668e-05,S1C_W0.790_r07,0.79,7
original,53,4,1.0172526041666666e-05,S1C_W0.790_r07,0.79,7
original,54,3,7.62939453125e-06,S1C_W0.790_r07,0.79,7
original,55,6,1.52587890625e-05,S1C_W0.790_r07,0.79,7
original,56,1,2.5431315104166665e-06,S1C_W0.790_r07,0.79,7
original,57,3,7.62939453125e-06,S1C_W0.790_r07,0.79,7
original,58,2,5.086263020833333e-06,S1C_W0.790_r07,0.79,7
original,59,2,5.086263020833333e-06,S1C_W0.790_r07,0.79,7
original,60,3,7.62939453125e-06,S1C_W0.790_r07,0.79,7
original,61,1,2.5431315104166665e-06,S1C_W0.790_r07,0.79,7
original,62,2,5.086263020833333e-06,S1C_W0.790_r07,0.79,7
original,63,0,0.0,S1C_W0.790_r07,0.79,7
original,64,1,2.5431315104166665e-06,S1C_W0.790_r07,0.79,7
original,65,0,0.0,S1C_W0.790_r07,0.79,7
original,66,1,2.5431315104166665e-06,S1C_W0.790_r07,0.79,7
original,67,2,5.086263020833333e-06,S1C_W0.790_r07,0.79,7
reassigned,0,7664,0.019490559895833332,S1C_W0.790_r07,0.79,7
reassigned,1,12789,0.03252410888671875,S1C_W0.790_r07,0.79,7
reassigned,2,24691,0.06279246012369792,S1C_W0.790_r07,0.79,7
reassigned,3,36511,0.09285227457682292,S1C_W0.790_r07,0.79,7
reassigned,4,43271,0.11004384358723958,S1C_W0.790_r07,0.79,7
reassigned,5,44600,0.11342366536458333,S1C_W0.790_r07,0.79,7
reassigned,6,42026,0.10687764485677083,S1C_W0.790_r07,0.79,7
reassigned,7,37320,0.09490966796875,S1C_W0.790_r07,0.79,7
reassigned,8,31220,0.07939656575520833,S1C_W0.790_r07,0.79,7
reassigned,9,25541,0.06495412190755208,S1C_W0.790_r07,0.79,7
reassigned,10,20129,0.051190694173177086,S1C_W0.790_r07,0.79,7
reassigned,11,15601,0.039675394694010414,S1C_W0.790_r07,0.79,7
reassigned,12,12133,0.030855814615885418,S1C_W0.790_r07,0.79,7
reassigned,13,9019,0.022936503092447918,S1C_W0.790_r07,0.79,7
reassigned,14,6899,0.017545064290364582,S1C_W0.790_r07,0.79,7
reassigned,15,5288,0.013448079427083334,S1C_W0.790_r07,0.79,7
reassigned,16,4102,0.010431925455729166,S1C_W0.790_r07,0.79,7
reassigned,17,3082,0.007837931315104166,S1C_W0.790_r07,0.79,7
reassigned,18,2348,0.005971272786458333,S1C_W0.790_r07,0.79,7
reassigned,19,1848,0.00469970703125,S1C_W0.790_r07,0.79,7
reassigned,20,1424,0.0036214192708333335,S1C_W0.790_r07,0.79,7
reassigned,21,1088,0.0027669270833333335,S1C_W0.790_r07,0.79,7
reassigned,22,845,0.0021489461263020835,S1C_W0.790_r07,0.79,7
reassigned,23,673,0.0017115275065104167,S1C_W0.790_r07,0.79,7
reassigned,24,535,0.0013605753580729167,S1C_W0.790_r07,0.79,7
reassigned,25,418,0.0010630289713541667,S1C_W0.790_r07,0.79,7
reassigned,26,337,0.0008570353190104166,S1C_W0.790_r07,0.79,7
reassigned,27,261,0.00066375732421875,S1C_W0.790_r07,0.79,7
reassigned,28,232,0.0005900065104166666,S1C_W0.790_r07,0.79,7
reassigned,29,204,0.000518798828125,S1C_W0.790_r07,0.79,7
reassigned,30,152,0.0003865559895833333,S1C_W0.790_r07,0.79,7
reassigned,31,119,0.0003026326497395833,S1C_W0.790_r07,0.79,7
reassigned,32,106,0.0002695719401041667,S1C_W0.790_r07,0.79,7
reassigned,33,89,0.00022633870442708334,S1C_W0.790_r07,0.79,7
reassigned,34,69,0.00017547607421875,S1C_W0.790_r07,0.79,7
reassigned,35,60,0.000152587890625,S1C_W0.790_r07,0.79,7
reassigned,36,55,0.00013987223307291666,S1C_W0.790_r07,0.79,7
reassigned,37,39,9.918212890625e-05,S1C_W0.790_r07,0.79,7
reassigned,38,35,8.900960286458333e-05,S1C_W0.790_r07,0.79,7
reassigned,39,29,7.375081380208333e-05,S1C_W0.790_r07,0.79,7
reassigned,40,28,7.120768229166667e-05,S1C_W0.790_r07,0.79,7
reassigned,41,20,5.0862630208333336e-05,S1C_W0.790_r07,0.79,7
reassigned,42,27,6.866455078125e-05,S1C_W0.790_r07,0.79,7
reassigned,43,21,5.340576171875e-05,S1C_W0.790_r07,0.79,7
reassigned,44,12,3.0517578125e-05,S1C_W0.790_r07,0.79,7
reassigned,45,9,2.288818359375e-05,S1C_W0.790_r07,0.79,7
reassigned,46,10,2.5431315104166668e-05,S1C_W0.790_r07,0.79,7
reassigned,47,8,2.0345052083333332e-05,S1C_W0.790_r07,0.79,7
reassigned,48,15,3.814697265625e-05,S1C_W0.790_r07,0.79,7
reassigned,49,8,2.0345052083333332e-05,S1C_W0.790_r07,0.79,7
reassigned,50,11,2.7974446614583332e-05,S1C_W0.790_r07,0.79,7
reassigned,51,7,1.7801920572916668e-05,S1C_W0.790_r07,0.79,7
reassigned,52,9,2.288818359375e-05,S1C_W0.790_r07,0.79,7
reassigned,53,8,2.0345052083333332e-05,S1C_W0.790_r07,0.79,7
reassigned,54,7,1.7801920572916668e-05,S1C_W0.790_r07,0.79,7
reassigned,55,3,7.62939453125e-06,S1C_W0.790_r07,0.79,7
reassigned,56,9,2.288818359375e-05,S1C_W0.790_r07,0.79,7
reassigned,57,3,7.62939453125e-06,S1C_W0.790_r07,0.79,7
reassigned,58,5,1.2715657552083334e-05,S1C_W0.790_r07,0.79,7
reassigned,59,4,1.0172526041666666e-05,S1C_W0.790_r07,0.79,7
reassigned,60,4,1.0172526041666666e-05,S1C_W0.790_r07,0.79,7
reassigned,61,5,1.2715657552083334e-05,S1C_W0.790_r07,0.79,7
reassigned,62,7,1.7801920572916668e-05,S1C_W0.790_r07,0.79,7
reassigned,63,2,5.086263020833333e-06,S1C_W0.790_r07,0.79,7
reassigned,64,4,1.0172526041666666e-05,S1C_W0.790_r07,0.79,7
reassigned,65,5,1.2715657552083334e-05,S1C_W0.790_r07,0.79,7
reassigned,66,8,2.0345052083333332e-05,S1C_W0.790_r07,0.79,7
reassigned,67,2,5.086263020833333e-06,S1C_W0.790_r07,0.79,7
reassigned,68,1,2.5431315104166665e-06,S1C_W0.790_r07,0.79,7
reassigned,69,1,2.5431315104166665e-06,S1C_W0.790_r07,0.79,7
reassigned,70,6,1.52587890625e-05,S1C_W0.790_r07,0.79,7
reassigned,71,1,2.5431315104166665e-06,S1C_W0.790_r07,0.79,7
reassigned,72,4,1.0172526041666666e-05,S1C_W0.790_r07,0.79,7
reassigned,73,5,1.2715657552083334e-05,S1C_W0.790_r07,0.79,7
reassigned,74,0,0.0,S1C_W0.790_r07,0.79,7
reassigned,75,2,5.086263020833333e-06,S1C_W0.790_r07,0.79,7
reassigned,76,1,2.5431315104166665e-06,S1C_W0.790_r07,0.79,7
reassigned,77,4,1.0172526041666666e-05,S1C_W0.790_r07,0.79,7
reassigned,78,6,1.52587890625e-05,S1C_W0.790_r07,0.79,7
reassigned,79,0,0.0,S1C_W0.790_r07,0.79,7
reassigned,80,1,2.5431315104166665e-06,S1C_W0.790_r07,0.79,7
reassigned,81,2,5.086263020833333e-06,S1C_W0.790_r07,0.79,7
reassigned,82,1,2.5431315104166665e-06,S1C_W0.790_r07,0.79,7
reassigned,83,0,0.0,S1C_W0.790_r07,0.79,7
reassigned,84,2,5.086263020833333e-06,S1C_W0.790_r07,0.79,7
reassigned,85,2,5.086263020833333e-06,S1C_W0.790_r07,0.79,7
reassigned,86,3,7.62939453125e-06,S1C_W0.790_r07,0.79,7
reassigned,87,1,2.5431315104166665e-06,S1C_W0.790_r07,0.79,7
reassigned,88,2,5.086263020833333e-06,S1C_W0.790_r07,0.79,7
reassigned,89,2,5.086263020833333e-06,S1C_W0.790_r07,0.79,7
reassigned,90,5,1.2715657552083334e-05,S1C_W0.790_r07,0.79,7
reassigned,91,1,2.5431315104166665e-06,S1C_W0.790_r07,0.79,7
reassigned,92,0,0.0,S1C_W0.790_r07,0.79,7
reassigned,93,0,0.0,S1C_W0.790_r07,0.79,7
reassigned,94,0,0.0,S1C_W0.790_r07,0.79,7
reassigned,95,1,2.5431315104166665e-06,S1C_W0.790_r07,0.79,7
reassigned,96,3,7.62939453125e-06,S1C_W0.790_r07,0.79,7
reassigned,97,1,2.5431315104166665e-06,S1C_W0.790_r07,0.79,7
reassigned,98,3,7.62939453125e-06,S1C_W0.790_r07,0.79,7
reassigned,99,3,7.62939453125e-06,S1C_W0.790_r07,0.79,7
reassigned,100,1,2.5431315104166665e-06,S1C_W0.790_r07,0.79,7
reassigned,101,1,2.5431315104166665e-06,S1C_W0.790_r07,0.79,7
reassigned,102,0,0.0,S1C_W0.790_r07,0.79,7
reassigned,103,0,0.0,S1C_W0.790_r07,0.79,7
reassigned,104,0,0.0,S1C_W0.790_r07,0.79,7
reassigned,105,1,2.5431315104166665e-06,S1C_W0.790_r07,0.79,7
reassigned,106,2,5.086263020833333e-06,S1C_W0.790_r07,0.79,7
reassigned,107,0,0.0,S1C_W0.790_r07,0.79,7
reassigned,108,0,0.0,S1C_W0.790_r07,0.79,7
reassigned,109,0,0.0,S1C_W0.790_r07,0.79,7
reassigned,110,1,2.5431315104166665e-06,S1C_W0.790_r07,0.79,7
reassigned,111,1,2.5431315104166665e-06,S1C_W0.790_r07,0.79,7
reassigned,112,2,5.086263020833333e-06,S1C_W0.790_r07,0.79,7
reassigned,113,1,2.5431315104166665e-06,S1C_W0.790_r07,0.79,7
reassigned,114,1,2.5431315104166665e-06,S1C_W0.790_r07,0.79,7
reassigned,115,4,1.0172526041666666e-05,S1C_W0.790_r07,0.79,7
reassigned,116,1,2.5431315104166665e-06,S1C_W0.790_r07,0.79,7
reassigned,117,2,5.086263020833333e-06,S1C_W0.790_r07,0.79,7
reassigned,118,1,2.5431315104166665e-06,S1C_W0.790_r07,0.79,7
reassigned,119,2,5.086263020833333e-06,S1C_W0.790_r07,0.79,7
reassigned,120,0,0.0,S1C_W0.790_r07,0.79,7
reassigned,121,1,2.5431315104166665e-06,S1C_W0.790_r07,0.79,7
reassigned,122,2,5.086263020833333e-06,S1C_W0.790_r07,0.79,7
reassigned,123,0,0.0,S1C_W0.790_r07,0.79,7
reassigned,124,1,2.5431315104166665e-06,S1C_W0.790_r07,0.79,7
reassigned,125,0,0.0,S1C_W0.790_r07,0.79,7
reassigned,126,0,0.0,S1C_W0.790_r07,0.79,7
reassigned,127,1,2.5431315104166665e-06,S1C_W0.790_r07,0.79,7
reassigned,128,0,0.0,S1C_W0.790_r07,0.79,7
reassigned,129,2,5.086263020833333e-06,S1C_W0.790_r07,0.79,7
reassigned,130,0,0.0,S1C_W0.790_r07,0.79,7
reassigned,131,2,5.086263020833333e-06,S1C_W0.790_r07,0.79,7
reassigned,132,0,0.0,S1C_W0.790_r07,0.79,7
reassigned,133,0,0.0,S1C_W0.790_r07,0.79,7
reassigned,134,0,0.0,S1C_W0.790_r07,0.79,7
reassigned,135,1,2.5431315104166665e-06,S1C_W0.790_r07,0.79,7
reassigned,136,0,0.0,S1C_W0.790_r07,0.79,7
reassigned,137,0,0.0,S1C_W0.790_r07,0.79,7
reassigned,138,0,0.0,S1C_W0.790_r07,0.79,7
reassigned,139,0,0.0,S1C_W0.790_r07,0.79,7
reassigned,140,0,0.0,S1C_W0.790_r07,0.79,7
reassigned,141,1,2.5431315104166665e-06,S1C_W0.790_r07,0.79,7
reassigned,142,1,2.5431315104166665e-06,S1C_W0.790_r07,0.79,7
reassigned,143,0,0.0,S1C_W0.790_r07,0.79,7
reassigned,144,0,0.0,S1C_W0.790_r07,0.79,7
reassigned,145,0,0.0,S1C_W0.790_r07,0.79,7
reassigned,146,0,0.0,S1C_W0.790_r07,0.79,7
reassigned,147,1,2.5431315104166665e-06,S1C_W0.790_r07,0.79,7
reassigned,148,0,0.0,S1C_W0.790_r07,0.79,7
reassigned,149,0,0.0,S1C_W0.790_r07,0.79,7
reassigned,150,0,0.0,S1C_W0.790_r07,0.79,7
reassigned,151,0,0.0,S1C_W0.790_r07,0.79,7
reassigned,152,2,5.086263020833333e-06,S1C_W0.790_r07,0.79,7
reassigned,153,1,2.5431315104166665e-06,S1C_W0.790_r07,0.79,7
reassigned,154,1,2.5431315104166665e-06,S1C_W0.790_r07,0.79,7
reassigned,155,0,0.0,S1C_W0.790_r07,0.79,7
reassigned,156,0,0.0,S1C_W0.790_r07,0.79,7
reassigned,157,0,0.0,S1C_W0.790_r07,0.79,7
reassigned,158,1,2.5431315104166665e-06,S1C_W0.790_r07,0.79,7
original,0,2107,0.005358378092447917,S1C_W0.790_r08,0.79,8
original,1,5203,0.013231913248697916,S1C_W0.790_r08,0.79,8
original,2,12218,0.031071980794270832,S1C_W0.790_r08,0.79,8
original,3,24177,0.06148529052734375,S1C_W0.790_r08,0.79,8
original,4,37347,0.09497833251953125,S1C_W0.790_r08,0.79,8
original,5,48862,0.12426249186197917,S1C_W0.790_r08,0.79,8
original,6,54044,0.13744099934895834,S1C_W0.790_r08,0.79,8
original,7,52857,0.13442230224609375,S1C_W0.790_r08,0.79,8
original,8,45993,0.11696624755859375,S1C_W0.790_r08,0.79,8
original,9,36644,0.09319051106770833,S1C_W0.790_r08,0.79,8
original,10,27080,0.06886800130208333,S1C_W0.790_r08,0.79,8
original,11,18535,0.047136942545572914,S1C_W0.790_r08,0.79,8
original,12,11664,0.0296630859375,S1C_W0.790_r08,0.79,8
original,13,7047,0.01792144775390625,S1C_W0.790_r08,0.79,8
original,14,4023,0.01023101806640625,S1C_W0.790_r08,0.79,8
original,15,2232,0.00567626953125,S1C_W0.790_r08,0.79,8
original,16,1105,0.0028101603190104165,S1C_W0.790_r08,0.79,8
original,17,571,0.0014521280924479167,S1C_W0.790_r08,0.79,8
original,18,325,0.0008265177408854166,S1C_W0.790_r08,0.79,8
original,19,195,0.00049591064453125,S1C_W0.790_r08,0.79,8
original,20,106,0.0002695719401041667,S1C_W0.790_r08,0.79,8
original,21,79,0.00020090738932291666,S1C_W0.790_r08,0.79,8
original,22,71,0.00018056233723958334,S1C_W0.790_r08,0.79,8
original,23,44,0.00011189778645833333,S1C_W0.790_r08,0.79,8
original,24,49,0.00012461344401041666,S1C_W0.790_r08,0.79,8
original,25,30,7.62939453125e-05,S1C_W0.790_r08,0.79,8
original,26,30,7.62939453125e-05,S1C_W0.790_r08,0.79,8
original,27,20,5.0862630208333336e-05,S1C_W0.790_r08,0.79,8
original,28,37,9.409586588541667e-05,S1C_W0.790_r08,0.79,8
original,29,37,9.409586588541667e-05,S1C_W0.790_r08,0.79,8
original,30,32,8.138020833333333e-05,S1C_W0.790_r08,0.79,8
original,31,29,7.375081380208333e-05,S1C_W0.790_r08,0.79,8
original,32,19,4.8319498697916664e-05,S1C_W0.790_r08,0.79,8
original,33,23,5.8492024739583336e-05,S1C_W0.790_r08,0.79,8
original,34,21,5.340576171875e-05,S1C_W0.790_r08,0.79,8
original,35,28,7.120768229166667e-05,S1C_W0.790_r08,0.79,8
original,36,14,3.5603841145833336e-05,S1C_W0.790_r08,0.79,8
original,37,22,5.5948893229166664e-05,S1C_W0.790_r08,0.79,8
original,38,10,2.5431315104166668e-05,S1C_W0.790_r08,0.79,8
original,39,24,6.103515625e-05,S1C_W0.790_r08,0.79,8
original,40,14,3.5603841145833336e-05,S1C_W0.790_r08,0.79,8
original,41,27,6.866455078125e-05,S1C_W0.790_r08,0.79,8
original,42,16,4.0690104166666664e-05,S1C_W0.790_r08,0.79,8
original,43,12,3.0517578125e-05,S1C_W0.790_r08,0.79,8
original,44,20,5.0862630208333336e-05,S1C_W0.790_r08,0.79,8
original,45,25,6.357828776041667e-05,S1C_W0.790_r08,0.79,8
original,46,20,5.0862630208333336e-05,S1C_W0.790_r08,0.79,8
original,47,16,4.0690104166666664e-05,S1C_W0.790_r08,0.79,8
original,48,19,4.8319498697916664e-05,S1C_W0.790_r08,0.79,8
original,49,21,5.340576171875e-05,S1C_W0.790_r08,0.79,8
original,50,15,3.814697265625e-05,S1C_W0.790_r08,0.79,8
original,51,6,1.52587890625e-05,S1C_W0.790_r08,0.79,8
original,52,10,2.5431315104166668e-05,S1C_W0.790_r08,0.79,8
original,53,7,1.7801920572916668e-05,S1C_W0.790_r08,0.79,8
original,54,3,7.62939453125e-06,S1C_W0.790_r08,0.79,8
original,55,9,2.288818359375e-05,S1C_W0.790_r08,0.79,8
original,56,8,2.0345052083333332e-05,S1C_W0.790_r08,0.79,8
original,57,4,1.0172526041666666e-05,S1C_W0.790_r08,0.79,8
original,58,5,1.2715657552083334e-05,S1C_W0.790_r08,0.79,8
original,59,0,0.0,S1C_W0.790_r08,0.79,8
original,60,1,2.5431315104166665e-06,S1C_W0.790_r08,0.79,8
original,61,0,0.0,S1C_W0.790_r08,0.79,8
original,62,0,0.0,S1C_W0.790_r08,0.79,8
original,63,1,2.5431315104166665e-06,S1C_W0.790_r08,0.79,8
original,64,0,0.0,S1C_W0.790_r08,0.79,8
original,65,0,0.0,S1C_W0.790_r08,0.79,8
original,66,1,2.5431315104166665e-06,S1C_W0.790_r08,0.79,8
original,67,0,0.0,S1C_W0.790_r08,0.79,8
original,68,0,0.0,S1C_W0.790_r08,0.79,8
original,69,1,2.5431315104166665e-06,S1C_W0.790_r08,0.79,8
original,70,1,2.5431315104166665e-06,S1C_W0.790_r08,0.79,8
reassigned,0,8664,0.02203369140625,S1C_W0.790_r08,0.79,8
reassigned,1,13277,0.033765157063802086,S1C_W0.790_r08,0.79,8
reassigned,2,25003,0.06358591715494792,S1C_W0.790_r08,0.79,8
reassigned,3,35907,0.09131622314453125,S1C_W0.790_r08,0.79,8
reassigned,4,42116,0.10710652669270833,S1C_W0.790_r08,0.79,8
reassigned,5,43790,0.11136372884114583,S1C_W0.790_r08,0.79,8
reassigned,6,41802,0.1063079833984375,S1C_W0.790_r08,0.79,8
reassigned,7,37208,0.09462483723958333,S1C_W0.790_r08,0.79,8
reassigned,8,31372,0.07978312174479167,S1C_W0.790_r08,0.79,8
reassigned,9,25767,0.06552886962890625,S1C_W0.790_r08,0.79,8
reassigned,10,20540,0.052235921223958336,S1C_W0.790_r08,0.79,8
reassigned,11,15827,0.040250142415364586,S1C_W0.790_r08,0.79,8
reassigned,12,12082,0.030726114908854168,S1C_W0.790_r08,0.79,8
reassigned,13,9282,0.0236053466796875,S1C_W0.790_r08,0.79,8
reassigned,14,6903,0.01755523681640625,S1C_W0.790_r08,0.79,8
reassigned,15,5202,0.0132293701171875,S1C_W0.790_r08,0.79,8
reassigned,16,4029,0.01024627685546875,S1C_W0.790_r08,0.79,8
reassigned,17,3042,0.0077362060546875,S1C_W0.790_r08,0.79,8
reassigned,18,2422,0.006159464518229167,S1C_W0.790_r08,0.79,8
reassigned,19,1778,0.004521687825520833,S1C_W0.790_r08,0.79,8
reassigned,20,1449,0.00368499755859375,S1C_W0.790_r08,0.79,8
reassigned,21,1102,0.0028025309244791665,S1C_W0.790_r08,0.79,8
reassigned,22,843,0.00214385986328125,S1C_W0.790_r08,0.79,8
reassigned,23,687,0.00174713134765625,S1C_W0.790_r08,0.79,8
reassigned,24,564,0.001434326171875,S1C_W0.790_r08,0.79,8
reassigned,25,445,0.0011316935221354167,S1C_W0.790_r08,0.79,8
reassigned,26,381,0.00096893310546875,S1C_W0.790_r08,0.79,8
reassigned,27,264,0.00067138671875,S1C_W0.790_r08,0.79,8
reassigned,28,217,0.0005518595377604166,S1C_W0.790_r08,0.79,8
reassigned,29,206,0.0005238850911458334,S1C_W0.790_r08,0.79,8
reassigned,30,152,0.0003865559895833333,S1C_W0.790_r08,0.79,8
reassigned,31,119,0.0003026326497395833,S1C_W0.790_r08,0.79,8
reassigned,32,79,0.00020090738932291666,S1C_W0.790_r08,0.79,8
reassigned,33,73,0.00018564860026041666,S1C_W0.790_r08,0.79,8
reassigned,34,61,0.00015513102213541666,S1C_W0.790_r08,0.79,8
reassigned,35,55,0.00013987223307291666,S1C_W0.790_r08,0.79,8
reassigned,36,48,0.0001220703125,S1C_W0.790_r08,0.79,8
reassigned,37,42,0.0001068115234375,S1C_W0.790_r08,0.79,8
reassigned,38,26,6.612141927083333e-05,S1C_W0.790_r08,0.79,8
reassigned,39,24,6.103515625e-05,S1C_W0.790_r08,0.79,8
reassigned,40,20,5.0862630208333336e-05,S1C_W0.790_r08,0.79,8
reassigned,41,16,4.0690104166666664e-05,S1C_W0.790_r08,0.79,8
reassigned,42,22,5.5948893229166664e-05,S1C_W0.790_r08,0.79,8
reassigned,43,14,3.5603841145833336e-05,S1C_W0.790_r08,0.79,8
reassigned,44,7,1.7801920572916668e-05,S1C_W0.790_r08,0.79,8
reassigned,45,14,3.5603841145833336e-05,S1C_W0.790_r08,0.79,8
reassigned,46,11,2.7974446614583332e-05,S1C_W0.790_r08,0.79,8
reassigned,47,11,2.7974446614583332e-05,S1C_W0.790_r08,0.79,8
reassigned,48,6,1.52587890625e-05,S1C_W0.790_r08,0.79,8
reassigned,49,9,2.288818359375e-05,S1C_W0.790_r08,0.79,8
reassigned,50,9,2.288818359375e-05,S1C_W0.790_r08,0.79,8
reassigned,51,9,2.288818359375e-05,S1C_W0.790_r08,0.79,8
reassigned,52,6,1.52587890625e-05,S1C_W0.790_r08,0.79,8
reassigned,53,9,2.288818359375e-05,S1C_W0.790_r08,0.79,8
reassigned,54,8,2.0345052083333332e-05,S1C_W0.790_r08,0.79,8
reassigned,55,5,1.2715657552083334e-05,S1C_W0.790_r08,0.79,8
reassigned,56,5,1.2715657552083334e-05,S1C_W0.790_r08,0.79,8
reassigned,57,6,1.52587890625e-05,S1C_W0.790_r08,0.79,8
reassigned,58,5,1.2715657552083334e-05,S1C_W0.790_r08,0.79,8
reassigned,59,6,1.52587890625e-05,S1C_W0.790_r08,0.79,8
reassigned,60,7,1.7801920572916668e-05,S1C_W0.790_r08,0.79,8
reassigned,61,6,1.52587890625e-05,S1C_W0.790_r08,0.79,8
reassigned,62,4,1.0172526041666666e-05,S1C_W0.790_r08,0.79,8
reassigned,63,7,1.7801920572916668e-05,S1C_W0.790_r08,0.79,8
reassigned,64,5,1.2715657552083334e-05,S1C_W0.790_r08,0.79,8
reassigned,65,9,2.288818359375e-05,S1C_W0.790_r08,0.79,8
reassigned,66,5,1.2715657552083334e-05,S1C_W0.790_r08,0.79,8
reassigned,67,2,5.086263020833333e-06,S1C_W0.790_r08,0.79,8
reassigned,68,2,5.086263020833333e-06,S1C_W0.790_r08,0.79,8
reassigned,69,6,1.52587890625e-05,S1C_W0.790_r08,0.79,8
reassigned,70,3,7.62939453125e-06,S1C_W0.790_r08,0.79,8
reassigned,71,4,1.0172526041666666e-05,S1C_W0.790_r08,0.79,8
reassigned,72,0,0.0,S1C_W0.790_r08,0.79,8
reassigned,73,1,2.5431315104166665e-06,S1C_W0.790_r08,0.79,8
reassigned,74,2,5.086263020833333e-06,S1C_W0.790_r08,0.79,8
reassigned,75,2,5.086263020833333e-06,S1C_W0.790_r08,0.79,8
reassigned,76,2,5.086263020833333e-06,S1C_W0.790_r08,0.79,8
reassigned,77,8,2.0345052083333332e-05,S1C_W0.790_r08,0.79,8
reassigned,78,1,2.5431315104166665e-06,S1C_W0.790_r08,0.79,8
reassigned,79,4,1.0172526041666666e-05,S1C_W0.790_r08,0.79,8
reassigned,80,2,5.086263020833333e-06,S1C_W0.790_r08,0.79,8
reassigned,81,5,1.2715657552083334e-05,S1C_W0.790_r08,0.79,8
reassigned,82,2,5.086263020833333e-06,S1C_W0.790_r08,0.79,8
reassigned,83,3,7.62939453125e-06,S1C_W0.790_r08,0.79,8
reassigned,84,4,1.0172526041666666e-05,S1C_W0.790_r08,0.79,8
reassigned,85,2,5.086263020833333e-06,S1C_W0.790_r08,0.79,8
reassigned,86,0,0.0,S1C_W0.790_r08,0.79,8
reassigned,87,3,7.62939453125e-06,S1C_W0.790_r08,0.79,8
reassigned,88,2,5.086263020833333e-06,S1C_W0.790_r08,0.79,8
reassigned,89,1,2.5431315104166665e-06,S1C_W0.790_r08,0.79,8
reassigned,90,2,5.086263020833333e-06,S1C_W0.790_r08,0.79,8
reassigned,91,0,0.0,S1C_W0.790_r08,0.79,8
reassigned,92,2,5.086263020833333e-06,S1C_W0.790_r08,0.79,8
reassigned,93,0,0.0,S1C_W0.790_r08,0.79,8
reassigned,94,3,7.62939453125e-06,S1C_W0.790_r08,0.79,8
reassigned,95,3,7.62939453125e-06,S1C_W0.790_r08,0.79,8
reassigned,96,2,5.086263020833333e-06,S1C_W0.790_r08,0.79,8
reassigned,97,1,2.5431315104166665e-06,S1C_W0.790_r08,0.79,8
reassigned,98,4,1.0172526041666666e-05,S1C_W0.790_r08,0.79,8
reassigned,99,1,2.5431315104166665e-06,S1C_W0.790_r08,0.79,8
reassigned,100,1,2.5431315104166665e-06,S1C_W0.790_r08,0.79,8
reassigned,101,3,7.62939453125e-06,S1C_W0.790_r08,0.79,8
reassigned,102,2,5.086263020833333e-06,S1C_W0.790_r08,0.79,8
reassigned,103,1,2.5431315104166665e-06,S1C_W0.790_r08,0.79,8
reassigned,104,1,2.5431315104166665e-06,S1C_W0.790_r08,0.79,8
reassigned,105,0,0.0,S1C_W0.790_r08,0.79,8
reassigned,106,1,2.5431315104166665e-06,S1C_W0.790_r08,0.79,8
reassigned,107,1,2.5431315104166665e-06,S1C_W0.790_r08,0.79,8
reassigned,108,3,7.62939453125e-06,S1C_W0.790_r08,0.79,8
reassigned,109,1,2.5431315104166665e-06,S1C_W0.790_r08,0.79,8
reassigned,110,4,1.0172526041666666e-05,S1C_W0.790_r08,0.79,8
reassigned,111,4,1.0172526041666666e-05,S1C_W0.790_r08,0.79,8
reassigned,112,1,2.5431315104166665e-06,S1C_W0.790_r08,0.79,8
reassigned,113,1,2.5431315104166665e-06,S1C_W0.790_r08,0.79,8
reassigned,114,0,0.0,S1C_W0.790_r08,0.79,8
reassigned,115,1,2.5431315104166665e-06,S1C_W0.790_r08,0.79,8
reassigned,116,3,7.62939453125e-06,S1C_W0.790_r08,0.79,8
reassigned,117,1,2.5431315104166665e-06,S1C_W0.790_r08,0.79,8
reassigned,118,0,0.0,S1C_W0.790_r08,0.79,8
reassigned,119,0,0.0,S1C_W0.790_r08,0.79,8
reassigned,120,0,0.0,S1C_W0.790_r08,0.79,8
reassigned,121,0,0.0,S1C_W0.790_r08,0.79,8
reassigned,122,1,2.5431315104166665e-06,S1C_W0.790_r08,0.79,8
reassigned,123,1,2.5431315104166665e-06,S1C_W0.790_r08,0.79,8
reassigned,124,0,0.0,S1C_W0.790_r08,0.79,8
reassigned,125,0,0.0,S1C_W0.790_r08,0.79,8
reassigned,126,1,2.5431315104166665e-06,S1C_W0.790_r08,0.79,8
reassigned,127,0,0.0,S1C_W0.790_r08,0.79,8
reassigned,128,1,2.5431315104166665e-06,S1C_W0.790_r08,0.79,8
reassigned,129,1,2.5431315104166665e-06,S1C_W0.790_r08,0.79,8
reassigned,130,1,2.5431315104166665e-06,S1C_W0.790_r08,0.79,8
reassigned,131,1,2.5431315104166665e-06,S1C_W0.790_r08,0.79,8
reassigned,132,0,0.0,S1C_W0.790_r08,0.79,8
reassigned,133,1,2.5431315104166665e-06,S1C_W0.790_r08,0.79,8
reassigned,134,0,0.0,S1C_W0.790_r08,0.79,8
reassigned,135,1,2.5431315104166665e-06,S1C_W0.790_r08,0.79,8
reassigned,136,0,0.0,S1C_W0.790_r08,0.79,8
reassigned,137,0,0.0,S1C_W0.790_r08,0.79,8
reassigned,138,0,0.0,S1C_W0.790_r08,0.79,8
reassigned,139,1,2.5431315104166665e-06,S1C_W0.790_r08,0.79,8
reassigned,140,0,0.0,S1C_W0.790_r08,0.79,8
reassigned,141,1,2.5431315104166665e-06,S1C_W0.790_r08,0.79,8
reassigned,142,0,0.0,S1C_W0.790_r08,0.79,8
reassigned,143,0,0.0,S1C_W0.790_r08,0.79,8
reassigned,144,1,2.5431315104166665e-06,S1C_W0.790_r08,0.79,8
reassigned,145,1,2.5431315104166665e-06,S1C_W0.790_r08,0.79,8
reassigned,146,0,0.0,S1C_W0.790_r08,0.79,8
reassigned,147,0,0.0,S1C_W0.790_r08,0.79,8
reassigned,148,1,2.5431315104166665e-06,S1C_W0.790_r08,0.79,8
reassigned,149,1,2.5431315104166665e-06,S1C_W0.790_r08,0.79,8
reassigned,150,0,0.0,S1C_W0.790_r08,0.79,8
reassigned,151,0,0.0,S1C_W0.790_r08,0.79,8
reassigned,152,0,0.0,S1C_W0.790_r08,0.79,8
reassigned,153,1,2.5431315104166665e-06,S1C_W0.790_r08,0.79,8
reassigned,154,0,0.0,S1C_W0.790_r08,0.79,8
reassigned,155,0,0.0,S1C_W0.790_r08,0.79,8
reassigned,156,0,0.0,S1C_W0.790_r08,0.79,8
reassigned,157,1,2.5431315104166665e-06,S1C_W0.790_r08,0.79,8
original,0,2012,0.005116780598958333,S1C_W0.790_r09,0.79,9
original,1,5336,0.013570149739583334,S1C_W0.790_r09,0.79,9
original,2,12398,0.031529744466145836,S1C_W0.790_r09,0.79,9
original,3,23903,0.060788472493489586,S1C_W0.790_r09,0.79,9
original,4,37561,0.09552256266276042,S1C_W0.790_r09,0.79,9
original,5,48747,0.12397003173828125,S1C_W0.790_r09,0.79,9
original,6,53951,0.1372044881184896,S1C_W0.790_r09,0.79,9
original,7,52806,0.1342926025390625,S1C_W0.790_r09,0.79,9
original,8,46260,0.117645263671875,S1C_W0.790_r09,0.79,9
original,9,36616,0.09311930338541667,S1C_W0.790_r09,0.79,9
original,10,27151,0.06904856363932292,S1C_W0.790_r09,0.79,9
original,11,18279,0.04648590087890625,S1C_W0.790_r09,0.79,9
original,12,11690,0.029729207356770832,S1C_W0.790_r09,0.79,9
original,13,6944,0.017659505208333332,S1C_W0.790_r09,0.79,9
original,14,4042,0.010279337565104166,S1C_W0.790_r09,0.79,9
original,15,2141,0.005444844563802083,S1C_W0.790_r09,0.79,9
original,16,1200,0.0030517578125,S1C_W0.790_r09,0.79,9
original,17,627,0.00159454345703125,S1C_W0.790_r09,0.79,9
original,18,346,0.0008799235026041666,S1C_W0.790_r09,0.79,9
original,19,206,0.0005238850911458334,S1C_W0.790_r09,0.79,9
original,20,114,0.0002899169921875,S1C_W0.790_r09,0.79,9
original,21,97,0.0002466837565104167,S1C_W0.790_r09,0.79,9
original,22,48,0.0001220703125,S1C_W0.790_r09,0.79,9
original,23,51,0.00012969970703125,S1C_W0.790_r09,0.79,9
original,24,41,0.00010426839192708333,S1C_W0.790_r09,0.79,9
original,25,37,9.409586588541667e-05,S1C_W0.790_r09,0.79,9
original,26,32,8.138020833333333e-05,S1C_W0.790_r09,0.79,9
original,27,20,5.0862630208333336e-05,S1C_W0.790_r09,0.79,9
original,28,27,6.866455078125e-05,S1C_W0.790_r09,0.79,9
original,29,34,8.646647135416667e-05,S1C_W0.790_r09,0.79,9
original,30,25,6.357828776041667e-05,S1C_W0.790_r09,0.79,9
original,31,31,7.883707682291667e-05,S1C_W0.790_r09,0.79,9
original,32,22,5.5948893229166664e-05,S1C_W0.790_r09,0.79,9
original,33,24,6.103515625e-05,S1C_W0.790_r09,0.79,9
original,34,29,7.375081380208333e-05,S1C_W0.790_r09,0.79,9
original,35,22,5.5948893229166664e-05,S1C_W0.790_r09,0.79,9
original,36,19,4.8319498697916664e-05,S1C_W0.790_r09,0.79,9
original,37,28,7.120768229166667e-05,S1C_W0.790_r09,0.79,9
original,38,26,6.612141927083333e-05,S1C_W0.790_r09,0.79,9
original,39,23,5.8492024739583336e-05,S1C_W0.790_r09,0.79,9
original,40,17,4.3233235677083336e-05,S1C_W0.790_r09,0.79,9
original,41,24,6.103515625e-05,S1C_W0.790_r09,0.79,9
original,42,18,4.57763671875e-05,S1C_W0.790_r09,0.79,9
original,43,21,5.340576171875e-05,S1C_W0.790_r09,0.79,9
original,44,26,6.612141927083333e-05,S1C_W0.790_r09,0.79,9
original,45,15,3.814697265625e-05,S1C_W0.790_r09,0.79,9
original,46,16,4.0690104166666664e-05,S1C_W0.790_r09,0.79,9
original,47,13,3.3060709635416664e-05,S1C_W0.790_r09,0.79,9
original,48,16,4.0690104166666664e-05,S1C_W0.790_r09,0.79,9
original,49,9,2.288818359375e-05,S1C_W0.790_r09,0.79,9
original,50,15,3.814697265625e-05,S1C_W0.790_r09,0.79,9
original,51,6,1.52587890625e-05,S1C_W0.790_r09,0.79,9
original,52,11,2.7974446614583332e-05,S1C_W0.790_r09,0.79,9
original,53,3,7.62939453125e-06,S1C_W0.790_r09,0.79,9
original,54,8,2.0345052083333332e-05,S1C_W0.790_r09,0.79,9
original,55,5,1.2715657552083334e-05,S1C_W0.790_r09,0.79,9
original,56,8,2.0345052083333332e-05,S1C_W0.790_r09,0.79,9
original,57,8,2.0345052083333332e-05,S1C_W0.790_r09,0.79,9
original,58,4,1.0172526041666666e-05,S1C_W0.790_r09,0.79,9
original,59,3,7.62939453125e-06,S1C_W0.790_r09,0.79,9
original,60,2,5.086263020833333e-06,S1C_W0.790_r09,0.79,9
original,61,1,2.5431315104166665e-06,S1C_W0.790_r09,0.79,9
original,62,1,2.5431315104166665e-06,S1C_W0.790_r09,0.79,9
reassigned,0,8661,0.02202606201171875,S1C_W0.790_r09,0.79,9
reassigned,1,12628,0.032114664713541664,S1C_W0.790_r09,0.79,9
reassigned,2,24522,0.0623626708984375,S1C_W0.790_r09,0.79,9
reassigned,3,35722,0.09084574381510417,S1C_W0.790_r09,0.79,9
reassigned,4,42753,0.10872650146484375,S1C_W0.790_r09,0.79,9
reassigned,5,44763,0.11383819580078125,S1C_W0.790_r09,0.79,9
reassigned,6,42610,0.10836283365885417,S1C_W0.790_r09,0.79,9
reassigned,7,37664,0.09578450520833333,S1C_W0.790_r09,0.79,9
reassigned,8,31103,0.07909901936848958,S1C_W0.790_r09,0.79,9
reassigned,9,25206,0.0641021728515625,S1C_W0.790_r09,0.79,9
reassigned,10,19975,0.050799051920572914,S1C_W0.790_r09,0.79,9
reassigned,11,15364,0.039072672526041664,S1C_W0.790_r09,0.79,9
reassigned,12,11830,0.030085245768229168,S1C_W0.790_r09,0.79,9
reassigned,13,8982,0.0228424072265625,S1C_W0.790_r09,0.79,9
reassigned,14,6846,0.0174102783203125,S1C_W0.790_r09,0.79,9
reassigned,15,5445,0.01384735107421875,S1C_W0.790_r09,0.79,9
reassigned,16,4037,0.010266621907552084,S1C_W0.790_r09,0.79,9
reassigned,17,3227,0.008206685384114584,S1C_W0.790_r09,0.79,9
reassigned,18,2488,0.006327311197916667,S1C_W0.790_r09,0.79,9
reassigned,19,1865,0.004742940266927083,S1C_W0.790_r09,0.79,9
reassigned,20,1522,0.0038706461588541665,S1C_W0.790_r09,0.79,9
reassigned,21,1195,0.0030390421549479165,S1C_W0.790_r09,0.79,9
reassigned,22,957,0.00243377685546875,S1C_W0.790_r09,0.79,9
reassigned,23,775,0.0019709269205729165,S1C_W0.790_r09,0.79,9
reassigned,24,552,0.00140380859375,S1C_W0.790_r09,0.79,9
reassigned,25,473,0.0012029012044270833,S1C_W0.790_r09,0.79,9
reassigned,26,394,0.0010019938151041667,S1C_W0.790_r09,0.79,9
reassigned,27,260,0.0006612141927083334,S1C_W0.790_r09,0.79,9
reassigned,28,213,0.00054168701171875,S1C_W0.790_r09,0.79,9
reassigned,29,158,0.0004018147786458333,S1C_W0.790_r09,0.79,9
reassigned,30,156,0.000396728515625,S1C_W0.790_r09,0.79,9
reassigned,31,97,0.0002466837565104167,S1C_W0.790_r09,0.79,9
reassigned,32,104,0.0002644856770833333,S1C_W0.790_r09,0.79,9
reassigned,33,76,0.00019327799479166666,S1C_W0.790_r09,0.79,9
reassigned,34,77,0.00019582112630208334,S1C_W0.790_r09,0.79,9
reassigned,35,60,0.000152587890625,S1C_W0.790_r09,0.79,9
reassigned,36,50,0.00012715657552083334,S1C_W0.790_r09,0.79,9
reassigned,37,40,0.00010172526041666667,S1C_W0.790_r09,0.79,9
reassigned,38,30,7.62939453125e-05,S1C_W0.790_r09,0.79,9
reassigned,39,25,6.357828776041667e-05,S1C_W0.790_r09,0.79,9
reassigned,40,30,7.62939453125e-05,S1C_W0.790_r09,0.79,9
reassigned,41,28,7.120768229166667e-05,S1C_W0.790_r09,0.79,9
reassigned,42,17,4.3233235677083336e-05,S1C_W0.790_r09,0.79,9
reassigned,43,17,4.3233235677083336e-05,S1C_W0.790_r09,0.79,9
reassigned,44,15,3.814697265625e-05,S1C_W0.790_r09,0.79,9
reassigned,45,11,2.7974446614583332e-05,S1C_W0.790_r09,0.79,9
reassigned,46,18,4.57763671875e-05,S1C_W0.790_r09,0.79,9
reassigned,47,12,3.0517578125e-05,S1C_W0.790_r09,0.79,9
reassigned,48,5,1.2715657552083334e-05,S1C_W0.790_r09,0.79,9
reassigned,49,6,1.52587890625e-05,S1C_W0.790_r09,0.79,9
reassigned,50,9,2.288818359375e-05,S1C_W0.790_r09,0.79,9
reassigned,51,2,5.086263020833333e-06,S1C_W0.790_r09,0.79,9
reassigned,52,9,2.288818359375e-05,S1C_W0.790_r09,0.79,9
reassigned,53,5,1.2715657552083334e-05,S1C_W0.790_r09,0.79,9
reassigned,54,8,2.0345052083333332e-05,S1C_W0.790_r09,0.79,9
reassigned,55,3,7.62939453125e-06,S1C_W0.790_r09,0.79,9
reassigned,56,9,2.288818359375e-05,S1C_W0.790_r09,0.79,9
reassigned,57,3,7.62939453125e-06,S1C_W0.790_r09,0.79,9
reassigned,58,2,5.086263020833333e-06,S1C_W0.790_r09,0.79,9
reassigned,59,2,5.086263020833333e-06,S1C_W0.790_r09,0.79,9
reassigned,60,3,7.62939453125e-06,S1C_W0.790_r09,0.79,9
reassigned,61,6,1.52587890625e-05,S1C_W0.790_r09,0.79,9
reassigned,62,4,1.0172526041666666e-05,S1C_W0.790_r09,0.79,9
reassigned,63,2,5.086263020833333e-06,S1C_W0.790_r09,0.79,9
reassigned,64,1,2.5431315104166665e-06,S1C_W0.790_r09,0.79,9
reassigned,65,2,5.086263020833333e-06,S1C_W0.790_r09,0.79,9
reassigned,66,3,7.62939453125e-06,S1C_W0.790_r09,0.79,9
reassigned,67,5,1.2715657552083334e-05,S1C_W0.790_r09,0.79,9
reassigned,68,1,2.5431315104166665e-06,S1C_W0.790_r09,0.79,9
reassigned,69,6,1.52587890625e-05,S1C_W0.790_r09,0.79,9
reassigned,70,2,5.086263020833333e-06,S1C_W0.790_r09,0.79,9
reassigned,71,2,5.086263020833333e-06,S1C_W0.790_r09,0.79,9
reassigned,72,2,5.086263020833333e-06,S1C_W0.790_r09,0.79,9
reassigned,73,2,5.086263020833333e-06,S1C_W0.790_r09,0.79,9
reassigned,74,1,2.5431315104166665e-06,S1C_W0.790_r09,0.79,9
reassigned,75,2,5.086263020833333e-06,S1C_W0.790_r09,0.79,9
reassigned,76,4,1.0172526041666666e-05,S1C_W0.790_r09,0.79,9
reassigned,77,1,2.5431315104166665e-06,S1C_W0.790_r09,0.79,9
reassigned,78,4,1.0172526041666666e-05,S1C_W0.790_r09,0.79,9
reassigned,79,2,5.086263020833333e-06,S1C_W0.790_r09,0.79,9
reassigned,80,2,5.086263020833333e-06,S1C_W0.790_r09,0.79,9
reassigned,81,4,1.0172526041666666e-05,S1C_W0.790_r09,0.79,9
reassigned,82,2,5.086263020833333e-06,S1C_W0.790_r09,0.79,9
reassigned,83,1,2.5431315104166665e-06,S1C_W0.790_r09,0.79,9
reassigned,84,0,0.0,S1C_W0.790_r09,0.79,9
reassigned,85,0,0.0,S1C_W0.790_r09,0.79,9
reassigned,86,0,0.0,S1C_W0.790_r09,0.79,9
reassigned,87,1,2.5431315104166665e-06,S1C_W0.790_r09,0.79,9
reassigned,88,1,2.5431315104166665e-06,S1C_W0.790_r09,0.79,9
reassigned,89,1,2.5431315104166665e-06,S1C_W0.790_r09,0.79,9
reassigned,90,3,7.62939453125e-06,S1C_W0.790_r09,0.79,9
reassigned,91,1,2.5431315104166665e-06,S1C_W0.790_r09,0.79,9
reassigned,92,2,5.086263020833333e-06,S1C_W0.790_r09,0.79,9
reassigned,93,0,0.0,S1C_W0.790_r09,0.79,9
reassigned,94,0,0.0,S1C_W0.790_r09,0.79,9
reassigned,95,0,0.0,S1C_W0.790_r09,0.79,9
reassigned,96,0,0.0,S1C_W0.790_r09,0.79,9
reassigned,97,0,0.0,S1C_W0.790_r09,0.79,9
reassigned,98,1,2.5431315104166665e-06,S1C_W0.790_r09,0.79,9
reassigned,99,0,0.0,S1C_W0.790_r09,0.79,9
reassigned,100,1,2.5431315104166665e-06,S1C_W0.790_r09,0.79,9
reassigned,101,0,0.0,S1C_W0.790_r09,0.79,9
reassigned,102,1,2.5431315104166665e-06,S1C_W0.790_r09,0.79,9
reassigned,103,1,2.5431315104166665e-06,S1C_W0.790_r09,0.79,9
reassigned,104,1,2.5431315104166665e-06,S1C_W0.790_r09,0.79,9
reassigned,105,1,2.5431315104166665e-06,S1C_W0.790_r09,0.79,9
reassigned,106,0,0.0,S1C_W0.790_r09,0.79,9
reassigned,107,0,0.0,S1C_W0.790_r09,0.79,9
reassigned,108,0,0.0,S1C_W0.790_r09,0.79,9
reassigned,109,0,0.0,S1C_W0.790_r09,0.79,9
reassigned,110,0,0.0,S1C_W0.790_r09,0.79,9
reassigned,111,2,5.086263020833333e-06,S1C_W0.790_r09,0.79,9
reassigned,112,0,0.0,S1C_W0.790_r09,0.79,9
reassigned,113,0,0.0,S1C_W0.790_r09,0.79,9
reassigned,114,0,0.0,S1C_W0.790_r09,0.79,9
reassigned,115,0,0.0,S1C_W0.790_r09,0.79,9
reassigned,116,1,2.5431315104166665e-06,S1C_W0.790_r09,0.79,9
reassigned,117,0,0.0,S1C_W0.790_r09,0.79,9
reassigned,118,1,2.5431315104166665e-06,S1C_W0.790_r09,0.79,9
reassigned,119,0,0.0,S1C_W0.790_r09,0.79,9
reassigned,120,3,7.62939453125e-06,S1C_W0.790_r09,0.79,9
reassigned,121,2,5.086263020833333e-06,S1C_W0.790_r09,0.79,9
reassigned,122,0,0.0,S1C_W0.790_r09,0.79,9
reassigned,123,1,2.5431315104166665e-06,S1C_W0.790_r09,0.79,9
reassigned,124,1,2.5431315104166665e-06,S1C_W0.790_r09,0.79,9
reassigned,125,1,2.5431315104166665e-06,S1C_W0.790_r09,0.79,9
reassigned,126,0,0.0,S1C_W0.790_r09,0.79,9
reassigned,127,0,0.0,S1C_W0.790_r09,0.79,9
reassigned,128,1,2.5431315104166665e-06,S1C_W0.790_r09,0.79,9
reassigned,129,0,0.0,S1C_W0.790_r09,0.79,9
reassigned,130,1,2.5431315104166665e-06,S1C_W0.790_r09,0.79,9
reassigned,131,0,0.0,S1C_W0.790_r09,0.79,9
reassigned,132,1,2.5431315104166665e-06,S1C_W0.790_r09,0.79,9
reassigned,133,0,0.0,S1C_W0.790_r09,0.79,9
reassigned,134,0,0.0,S1C_W0.790_r09,0.79,9
reassigned,135,0,0.0,S1C_W0.790_r09,0.79,9
reassigned,136,0,0.0,S1C_W0.790_r09,0.79,9
reassigned,137,0,0.0,S1C_W0.790_r09,0.79,9
reassigned,138,3,7.62939453125e-06,S1C_W0.790_r09,0.79,9
reassigned,139,0,0.0,S1C_W0.790_r09,0.79,9
reassigned,140,0,0.0,S1C_W0.790_r09,0.79,9
reassigned,141,1,2.5431315104166665e-06,S1C_W0.790_r09,0.79,9
reassigned,142,0,0.0,S1C_W0.790_r09,0.79,9
reassigned,143,0,0.0,S1C_W0.790_r09,0.79,9
reassigned,144,0,0.0,S1C_W0.790_r09,0.79,9
reassigned,145,1,2.5431315104166665e-06,S1C_W0.790_r09,0.79,9
reassigned,146,1,2.5431315104166665e-06,S1C_W0.790_r09,0.79,9
original,0,1927,0.004900614420572917,S1C_W0.790_r10,0.79,10
original,1,5427,0.01380157470703125,S1C_W0.790_r10,0.79,10
original,2,12366,0.0314483642578125,S1C_W0.790_r10,0.79,10
original,3,24106,0.061304728190104164,S1C_W0.790_r10,0.79,10
original,4,37612,0.09565226236979167,S1C_W0.790_r10,0.79,10
original,5,48789,0.12407684326171875,S1C_W0.790_r10,0.79,10
original,6,53824,0.13688151041666666,S1C_W0.790_r10,0.79,10
original,7,52811,0.1343053181966146,S1C_W0.790_r10,0.79,10
original,8,45764,0.11638387044270833,S1C_W0.790_r10,0.79,10
original,9,36926,0.09390767415364583,S1C_W0.790_r10,0.79,10
original,10,26882,0.06836446126302083,S1C_W0.790_r10,0.79,10
original,11,18355,0.046679178873697914,S1C_W0.790_r10,0.79,10
original,12,11799,0.03000640869140625,S1C_W0.790_r10,0.79,10
original,13,7025,0.017865498860677082,S1C_W0.790_r10,0.79,10
original,14,4041,0.01027679443359375,S1C_W0.790_r10,0.79,10
original,15,2192,0.005574544270833333,S1C_W0.790_r10,0.79,10
original,16,1182,0.0030059814453125,S1C_W0.790_r10,0.79,10
original,17,652,0.0016581217447916667,S1C_W0.790_r10,0.79,10
original,18,345,0.00087738037109375,S1C_W0.790_r10,0.79,10
original,19,183,0.00046539306640625,S1C_W0.790_r10,0.79,10
original,20,124,0.0003153483072916667,S1C_W0.790_r10,0.79,10
original,21,67,0.00017038981119791666,S1C_W0.790_r10,0.79,10
original,22,56,0.00014241536458333334,S1C_W0.790_r10,0.79,10
original,23,58,0.00014750162760416666,S1C_W0.790_r10,0.79,10
original,24,52,0.00013224283854166666,S1C_W0.790_r10,0.79,10
original,25,45,0.00011444091796875,S1C_W0.790_r10,0.79,10
original,26,28,7.120768229166667e-05,S1C_W0.790_r10,0.79,10
original,27,36,9.1552734375e-05,S1C_W0.790_r10,0.79,10
original,28,35,8.900960286458333e-05,S1C_W0.790_r10,0.79,10
original,29,27,6.866455078125e-05,S1C_W0.790_r10,0.79,10
original,30,31,7.883707682291667e-05,S1C_W0.790_r10,0.79,10
original,31,32,8.138020833333333e-05,S1C_W0.790_r10,0.79,10
original,32,25,6.357828776041667e-05,S1C_W0.790_r10,0.79,10
original,33,24,6.103515625e-05,S1C_W0.790_r10,0.79,10
original,34,31,7.883707682291667e-05,S1C_W0.790_r10,0.79,10
original,35,20,5.0862630208333336e-05,S1C_W0.790_r10,0.79,10
original,36,20,5.0862630208333336e-05,S1C_W0.790_r10,0.79,10
original,37,16,4.0690104166666664e-05,S1C_W0.790_r10,0.79,10
original,38,24,6.103515625e-05,S1C_W0.790_r10,0.79,10
original,39,23,5.8492024739583336e-05,S1C_W0.790_r10,0.79,10
original,40,21,5.340576171875e-05,S1C_W0.790_r10,0.79,10
original,41,25,6.357828776041667e-05,S1C_W0.790_r10,0.79,10
original,42,25,6.357828776041667e-05,S1C_W0.790_r10,0.79,10
original,43,12,3.0517578125e-05,S1C_W0.790_r10,0.79,10
original,44,14,3.5603841145833336e-05,S1C_W0.790_r10,0.79,10
original,45,14,3.5603841145833336e-05,S1C_W0.790_r10,0.79,10
original,46,11,2.7974446614583332e-05,S1C_W0.790_r10,0.79,10
original,47,8,2.0345052083333332e-05,S1C_W0.790_r10,0.79,10
original,48,15,3.814697265625e-05,S1C_W0.790_r10,0.79,10
original,49,14,3.5603841145833336e-05,S1C_W0.790_r10,0.79,10
original,50,10,2.5431315104166668e-05,S1C_W0.790_r10,0.79,10
original,51,11,2.7974446614583332e-05,S1C_W0.790_r10,0.79,10
original,52,5,1.2715657552083334e-05,S1C_W0.790_r10,0.79,10
original,53,6,1.52587890625e-05,S1C_W0.790_r10,0.79,10
original,54,6,1.52587890625e-05,S1C_W0.790_r10,0.79,10
original,55,7,1.7801920572916668e-05,S1C_W0.790_r10,0.79,10
original,56,5,1.2715657552083334e-05,S1C_W0.790_r10,0.79,10
original,57,2,5.086263020833333e-06,S1C_W0.790_r10,0.79,10
original,58,5,1.2715657552083334e-05,S1C_W0.790_r10,0.79,10
original,59,5,1.2715657552083334e-05,S1C_W0.790_r10,0.79,10
original,60,2,5.086263020833333e-06,S1C_W0.790_r10,0.79,10
original,61,2,5.086263020833333e-06,S1C_W0.790_r10,0.79,10
original,62,2,5.086263020833333e-06,S1C_W0.790_r10,0.79,10
original,63,0,0.0,S1C_W0.790_r10,0.79,10
original,64,2,5.086263020833333e-06,S1C_W0.790_r10,0.79,10
original,65,1,2.5431315104166665e-06,S1C_W0.790_r10,0.79,10
original,66,0,0.0,S1C_W0.790_r10,0.79,10
original,67,3,7.62939453125e-06,S1C_W0.790_r10,0.79,10
original,68,0,0.0,S1C_W0.790_r10,0.79,10
original,69,0,0.0,S1C_W0.790_r10,0.79,10
original,70,1,2.5431315104166665e-06,S1C_W0.790_r10,0.79,10
reassigned,0,8486,0.021581013997395832,S1C_W0.790_r10,0.79,10
reassigned,1,14007,0.03562164306640625,S1C_W0.790_r10,0.79,10
reassigned,2,26088,0.06634521484375,S1C_W0.790_r10,0.79,10
reassigned,3,36805,0.09359995524088542,S1C_W0.790_r10,0.79,10
reassigned,4,42852,0.108978271484375,S1C_W0.790_r10,0.79,10
reassigned,5,43851,0.11151885986328125,S1C_W0.790_r10,0.79,10
reassigned,6,41714,0.10608418782552083,S1C_W0.790_r10,0.79,10
reassigned,7,36061,0.09170786539713542,S1C_W0.790_r10,0.79,10
reassigned,8,30345,0.07717132568359375,S1C_W0.790_r10,0.79,10
reassigned,9,24770,0.06299336751302083,S1C_W0.790_r10,0.79,10
reassigned,10,19463,0.049496968587239586,S1C_W0.790_r10,0.79,10
reassigned,11,15231,0.03873443603515625,S1C_W0.790_r10,0.79,10
reassigned,12,11822,0.030064900716145832,S1C_W0.790_r10,0.79,10
reassigned,13,9078,0.0230865478515625,S1C_W0.790_r10,0.79,10
reassigned,14,7033,0.017885843912760418,S1C_W0.790_r10,0.79,10
reassigned,15,5488,0.013956705729166666,S1C_W0.790_r10,0.79,10
reassigned,16,4220,0.010732014973958334,S1C_W0.790_r10,0.79,10
reassigned,17,3167,0.008054097493489584,S1C_W0.790_r10,0.79,10
reassigned,18,2562,0.0065155029296875,S1C_W0.790_r10,0.79,10
reassigned,19,2049,0.00521087646484375,S1C_W0.790_r10,0.79,10
reassigned,20,1591,0.004046122233072917,S1C_W0.790_r10,0.79,10
reassigned,21,1194,0.0030364990234375,S1C_W0.790_r10,0.79,10
reassigned,22,1006,0.0025583902994791665,S1C_W0.790_r10,0.79,10
reassigned,23,814,0.0020701090494791665,S1C_W0.790_r10,0.79,10
reassigned,24,610,0.0015513102213541667,S1C_W0.790_r10,0.79,10
reassigned,25,511,0.0012995402018229167,S1C_W0.790_r10,0.79,10
reassigned,26,417,0.00106048583984375,S1C_W0.790_r10,0.79,10
reassigned,27,342,0.0008697509765625,S1C_W0.790_r10,0.79,10
reassigned,28,250,0.0006357828776041666,S1C_W0.790_r10,0.79,10
reassigned,29,215,0.0005467732747395834,S1C_W0.790_r10,0.79,10
reassigned,30,154,0.0003916422526041667,S1C_W0.790_r10,0.79,10
reassigned,31,134,0.0003407796223958333,S1C_W0.790_r10,0.79,10
reassigned,32,105,0.00026702880859375,S1C_W0.790_r10,0.79,10
reassigned,33,98,0.0002492268880208333,S1C_W0.790_r10,0.79,10
reassigned,34,77,0.00019582112630208334,S1C_W0.790_r10,0.79,10
reassigned,35,62,0.00015767415364583334,S1C_W0.790_r10,0.79,10
reassigned,36,44,0.00011189778645833333,S1C_W0.790_r10,0.79,10
reassigned,37,40,0.00010172526041666667,S1C_W0.790_r10,0.79,10
reassigned,38,28,7.120768229166667e-05,S1C_W0.790_r10,0.79,10
reassigned,39,38,9.663899739583333e-05,S1C_W0.790_r10,0.79,10
reassigned,40,29,7.375081380208333e-05,S1C_W0.790_r10,0.79,10
reassigned,41,33,8.392333984375e-05,S1C_W0.790_r10,0.79,10
reassigned,42,26,6.612141927083333e-05,S1C_W0.790_r10,0.79,10
reassigned,43,19,4.8319498697916664e-05,S1C_W0.790_r10,0.79,10
reassigned,44,16,4.0690104166666664e-05,S1C_W0.790_r10,0.79,10
reassigned,45,24,6.103515625e-05,S1C_W0.790_r10,0.79,10
reassigned,46,14,3.5603841145833336e-05,S1C_W0.790_r10,0.79,10
reassigned,47,12,3.0517578125e-05,S1C_W0.790_r10,0.79,10
reassigned,48,10,2.5431315104166668e-05,S1C_W0.790_r10,0.79,10
reassigned,49,12,3.0517578125e-05,S1C_W0.790_r10,0.79,10
reassigned,50,17,4.3233235677083336e-05,S1C_W0.790_r10,0.79,10
reassigned,51,10,2.5431315104166668e-05,S1C_W0.790_r10,0.79,10
reassigned,52,9,2.288818359375e-05,S1C_W0.790_r10,0.79,10
reassigned,53,10,2.5431315104166668e-05,S1C_W0.790_r10,0.79,10
reassigned,54,3,7.62939453125e-06,S1C_W0.790_r10,0.79,10
reassigned,55,10,2.5431315104166668e-05,S1C_W0.790_r10,0.79,10
reassigned,56,8,2.0345052083333332e-05,S1C_W0.790_r10,0.79,10
reassigned,57,3,7.62939453125e-06,S1C_W0.790_r10,0.79,10
reassigned,58,3,7.62939453125e-06,S1C_W0.790_r10,0.79,10
reassigned,59,1,2.5431315104166665e-06,S1C_W0.790_r10,0.79,10
reassigned,60,7,1.7801920572916668e-05,S1C_W0.790_r10,0.79,10
reassigned,61,3,7.62939453125e-06,S1C_W0.790_r10,0.79,10
reassigned,62,4,1.0172526041666666e-05,S1C_W0.790_r10,0.79,10
reassigned,63,3,7.62939453125e-06,S1C_W0.790_r10,0.79,10
reassigned,64,1,2.5431315104166665e-06,S1C_W0.790_r10,0.79,10
reassigned,65,7,1.7801920572916668e-05,S1C_W0.790_r10,0.79,10
reassigned,66,1,2.5431315104166665e-06,S1C_W0.790_r10,0.79,10
reassigned,67,3,7.62939453125e-06,S1C_W0.790_r10,0.79,10
reassigned,68,2,5.086263020833333e-06,S1C_W0.790_r10,0.79,10
reassigned,69,4,1.0172526041666666e-05,S1C_W0.790_r10,0.79,10
reassigned,70,3,7.62939453125e-06,S1C_W0.790_r10,0.79,10
reassigned,71,0,0.0,S1C_W0.790_r10,0.79,10
reassigned,72,5,1.2715657552083334e-05,S1C_W0.790_r10,0.79,10
reassigned,73,2,5.086263020833333e-06,S1C_W0.790_r10,0.79,10
reassigned,74,1,2.5431315104166665e-06,S1C_W0.790_r10,0.79,10
reassigned,75,1,2.5431315104166665e-06,S1C_W0.790_r10,0.79,10
reassigned,76,6,1.52587890625e-05,S1C_W0.790_r10,0.79,10
reassigned,77,3,7.62939453125e-06,S1C_W0.790_r10,0.79,10
reassigned,78,4,1.0172526041666666e-05,S1C_W0.790_r10,0.79,10
reassigned,79,3,7.62939453125e-06,S1C_W0.790_r10,0.79,10
reassigned,80,1,2.5431315104166665e-06,S1C_W0.790_r10,0.79,10
reassigned,81,3,7.62939453125e-06,S1C_W0.790_r10,0.79,10
reassigned,82,0,0.0,S1C_W0.790_r10,0.79,10
reassigned,83,1,2.5431315104166665e-06,S1C_W0.790_r10,0.79,10
reassigned,84,2,5.086263020833333e-06,S1C_W0.790_r10,0.79,10
reassigned,85,2,5.086263020833333e-06,S1C_W0.790_r10,0.79,10
reassigned,86,3,7.62939453125e-06,S1C_W0.790_r10,0.79,10
reassigned,87,2,5.086263020833333e-06,S1C_W0.790_r10,0.79,10
reassigned,88,1,2.5431315104166665e-06,S1C_W0.790_r10,0.79,10
reassigned,89,1,2.5431315104166665e-06,S1C_W0.790_r10,0.79,10
reassigned,90,1,2.5431315104166665e-06,S1C_W0.790_r10,0.79,10
reassigned,91,0,0.0,S1C_W0.790_r10,0.79,10
reassigned,92,1,2.5431315104166665e-06,S1C_W0.790_r10,0.79,10
reassigned,93,1,2.5431315104166665e-06,S1C_W0.790_r10,0.79,10
reassigned,94,3,7.62939453125e-06,S1C_W0.790_r10,0.79,10
reassigned,95,1,2.5431315104166665e-06,S1C_W0.790_r10,0.79,10
reassigned,96,0,0.0,S1C_W0.790_r10,0.79,10
reassigned,97,0,0.0,S1C_W0.790_r10,0.79,10
reassigned,98,4,1.0172526041666666e-05,S1C_W0.790_r10,0.79,10
reassigned,99,0,0.0,S1C_W0.790_r10,0.79,10
reassigned,100,0,0.0,S1C_W0.790_r10,0.79,10
reassigned,101,1,2.5431315104166665e-06,S1C_W0.790_r10,0.79,10
reassigned,102,3,7.62939453125e-06,S1C_W0.790_r10,0.79,10
reassigned,103,1,2.5431315104166665e-06,S1C_W0.790_r10,0.79,10
reassigned,104,2,5.086263020833333e-06,S1C_W0.790_r10,0.79,10
reassigned,105,2,5.086263020833333e-06,S1C_W0.790_r10,0.79,10
reassigned,106,0,0.0,S1C_W0.790_r10,0.79,10
reassigned,107,1,2.5431315104166665e-06,S1C_W0.790_r10,0.79,10
reassigned,108,1,2.5431315104166665e-06,S1C_W0.790_r10,0.79,10
reassigned,109,0,0.0,S1C_W0.790_r10,0.79,10
reassigned,110,1,2.5431315104166665e-06,S1C_W0.790_r10,0.79,10
reassigned,111,1,2.5431315104166665e-06,S1C_W0.790_r10,0.79,10
reassigned,112,2,5.086263020833333e-06,S1C_W0.790_r10,0.79,10
reassigned,113,0,0.0,S1C_W0.790_r10,0.79,10
reassigned,114,0,0.0,S1C_W0.790_r10,0.79,10
reassigned,115,2,5.086263020833333e-06,S1C_W0.790_r10,0.79,10
reassigned,116,0,0.0,S1C_W0.790_r10,0.79,10
reassigned,117,1,2.5431315104166665e-06,S1C_W0.790_r10,0.79,10
reassigned,118,0,0.0,S1C_W0.790_r10,0.79,10
reassigned,119,1,2.5431315104166665e-06,S1C_W0.790_r10,0.79,10
reassigned,120,1,2.5431315104166665e-06,S1C_W0.790_r10,0.79,10
reassigned,121,1,2.5431315104166665e-06,S1C_W0.790_r10,0.79,10
reassigned,122,0,0.0,S1C_W0.790_r10,0.79,10
reassigned,123,0,0.0,S1C_W0.790_r10,0.79,10
reassigned,124,0,0.0,S1C_W0.790_r10,0.79,10
reassigned,125,0,0.0,S1C_W0.790_r10,0.79,10
reassigned,126,0,0.0,S1C_W0.790_r10,0.79,10
reassigned,127,1,2.5431315104166665e-06,S1C_W0.790_r10,0.79,10
reassigned,128,3,7.62939453125e-06,S1C_W0.790_r10,0.79,10
reassigned,129,0,0.0,S1C_W0.790_r10,0.79,10
reassigned,130,0,0.0,S1C_W0.790_r10,0.79,10
reassigned,131,0,0.0,S1C_W0.790_r10,0.79,10
reassigned,132,1,2.5431315104166665e-06,S1C_W0.790_r10,0.79,10
reassigned,133,1,2.5431315104166665e-06,S1C_W0.790_r10,0.79,10
reassigned,134,0,0.0,S1C_W0.790_r10,0.79,10
reassigned,135,0,0.0,S1C_W0.790_r10,0.79,10
reassigned,136,1,2.5431315104166665e-06,S1C_W0.790_r10,0.79,10
reassigned,137,0,0.0,S1C_W0.790_r10,0.79,10
reassigned,138,1,2.5431315104166665e-06,S1C_W0.790_r10,0.79,10
reassigned,139,2,5.086263020833333e-06,S1C_W0.790_r10,0.79,10
reassigned,140,0,0.0,S1C_W0.790_r10,0.79,10
reassigned,141,0,0.0,S1C_W0.790_r10,0.79,10
reassigned,142,1,2.5431315104166665e-06,S1C_W0.790_r10,0.79,10
reassigned,143,0,0.0,S1C_W0.790_r10,0.79,10
reassigned,144,0,0.0,S1C_W0.790_r10,0.79,10
reassigned,145,1,2.5431315104166665e-06,S1C_W0.790_r10,0.79,10
reassigned,146,0,0.0,S1C_W0.790_r10,0.79,10
reassigned,147,0,0.0,S1C_W0.790_r10,0.79,10
reassigned,148,0,0.0,S1C_W0.790_r10,0.79,10
reassigned,149,0,0.0,S1C_W0.790_r10,0.79,10
reassigned,150,0,0.0,S1C_W0.790_r10,0.79,10
reassigned,151,0,0.0,S1C_W0.790_r10,0.79,10
reassigned,152,0,0.0,S1C_W0.790_r10,0.79,10
reassigned,153,0,0.0,S1C_W0.790_r10,0.79,10
reassigned,154,0,0.0,S1C_W0.790_r10,0.79,10
reassigned,155,0,0.0,S1C_W0.790_r10,0.79,10
reassigned,156,0,0.0,S1C_W0.790_r10,0.79,10
reassigned,157,0,0.0,S1C_W0.790_r10,0.79,10
reassigned,158,0,0.0,S1C_W0.790_r10,0.79,10
reassigned,159,0,0.0,S1C_W0.790_r10,0.79,10
reassigned,160,0,0.0,S1C_W0.790_r10,0.79,10
reassigned,161,1,2.5431315104166665e-06,S1C_W0.790_r10,0.79,10
reassigned,162,1,2.5431315104166665e-06,S1C_W0.790_r10,0.79,10
original,0,2002,0.005091349283854167,S1C_W0.790_r11,0.79,11
original,1,5355,0.01361846923828125,S1C_W0.790_r11,0.79,11
original,2,12371,0.031461079915364586,S1C_W0.790_r11,0.79,11
original,3,24310,0.061823527018229164,S1C_W0.790_r11,0.79,11
original,4,37519,0.09541575113932292,S1C_W0.790_r11,0.79,11
original,5,48519,0.12339019775390625,S1C_W0.790_r11,0.79,11
original,6,54151,0.1377131144205729,S1C_W0.790_r11,0.79,11
original,7,52443,0.13336944580078125,S1C_W0.790_r11,0.79,11
original,8,46120,0.11728922526041667,S1C_W0.790_r11,0.79,11
original,9,36798,0.0935821533203125,S1C_W0.790_r11,0.79,11
original,10,26863,0.06831614176432292,S1C_W0.790_r11,0.79,11
original,11,18176,0.046223958333333336,S1C_W0.790_r11,0.79,11
original,12,11805,0.03002166748046875,S1C_W0.790_r11,0.79,11
original,13,7102,0.018061319986979168,S1C_W0.790_r11,0.79,11
original,14,4074,0.0103607177734375,S1C_W0.790_r11,0.79,11
original,15,2260,0.005747477213541667,S1C_W0.790_r11,0.79,11
original,16,1202,0.0030568440755208335,S1C_W0.790_r11,0.79,11
original,17,617,0.0015691121419270833,S1C_W0.790_r11,0.79,11
original,18,350,0.0008900960286458334,S1C_W0.790_r11,0.79,11
original,19,176,0.0004475911458333333,S1C_W0.790_r11,0.79,11
original,20,116,0.0002950032552083333,S1C_W0.790_r11,0.79,11
original,21,87,0.00022125244140625,S1C_W0.790_r11,0.79,11
original,22,56,0.00014241536458333334,S1C_W0.790_r11,0.79,11
original,23,52,0.00013224283854166666,S1C_W0.790_r11,0.79,11
original,24,41,0.00010426839192708333,S1C_W0.790_r11,0.79,11
original,25,31,7.883707682291667e-05,S1C_W0.790_r11,0.79,11
original,26,41,0.00010426839192708333,S1C_W0.790_r11,0.79,11
original,27,25,6.357828776041667e-05,S1C_W0.790_r11,0.79,11
original,28,29,7.375081380208333e-05,S1C_W0.790_r11,0.79,11
original,29,37,9.409586588541667e-05,S1C_W0.790_r11,0.79,11
original,30,24,6.103515625e-05,S1C_W0.790_r11,0.79,11
original,31,27,6.866455078125e-05,S1C_W0.790_r11,0.79,11
original,32,27,6.866455078125e-05,S1C_W0.790_r11,0.79,11
original,33,28,7.120768229166667e-05,S1C_W0.790_r11,0.79,11
original,34,17,4.3233235677083336e-05,S1C_W0.790_r11,0.79,11
original,35,18,4.57763671875e-05,S1C_W0.790_r11,0.79,11
original,36,24,6.103515625e-05,S1C_W0.790_r11,0.79,11
original,37,24,6.103515625e-05,S1C_W0.790_r11,0.79,11
original,38,18,4.57763671875e-05,S1C_W0.790_r11,0.79,11
original,39,25,6.357828776041667e-05,S1C_W0.790_r11,0.79,11
original,40,31,7.883707682291667e-05,S1C_W0.790_r11,0.79,11
original,41,26,6.612141927083333e-05,S1C_W0.790_r11,0.79,11
original,42,22,5.5948893229166664e-05,S1C_W0.790_r11,0.79,11
original,43,20,5.0862630208333336e-05,S1C_W0.790_r11,0.79,11
original,44,24,6.103515625e-05,S1C_W0.790_r11,0.79,11
original,45,17,4.3233235677083336e-05,S1C_W0.790_r11,0.79,11
original,46,9,2.288818359375e-05,S1C_W0.790_r11,0.79,11
original,47,8,2.0345052083333332e-05,S1C_W0.790_r11,0.79,11
original,48,16,4.0690104166666664e-05,S1C_W0.790_r11,0.79,11
original,49,11,2.7974446614583332e-05,S1C_W0.790_r11,0.79,11
original,50,12,3.0517578125e-05,S1C_W0.790_r11,0.79,11
original,51,9,2.288818359375e-05,S1C_W0.790_r11,0.79,11
original,52,10,2.5431315104166668e-05,S1C_W0.790_r11,0.79,11
original,53,8,2.0345052083333332e-05,S1C_W0.790_r11,0.79,11
original,54,8,2.0345052083333332e-05,S1C_W0.790_r11,0.79,11
original,55,3,7.62939453125e-06,S1C_W0.790_r11,0.79,11
original,56,6,1.52587890625e-05,S1C_W0.790_r11,0.79,11
original,57,5,1.2715657552083334e-05,S1C_W0.790_r11,0.79,11
original,58,4,1.0172526041666666e-05,S1C_W0.790_r11,0.79,11
original,59,2,5.086263020833333e-06,S1C_W0.790_r11,0.79,11
original,60,2,5.086263020833333e-06,S1C_W0.790_r11,0.79,11
original,61,0,0.0,S1C_W0.790_r11,0.79,11
original,62,0,0.0,S1C_W0.790_r11,0.79,11
original,63,3,7.62939453125e-06,S1C_W0.790_r11,0.79,11
reassigned,0,9337,0.023745218912760418,S1C_W0.790_r11,0.79,11
reassigned,1,13949,0.035474141438802086,S1C_W0.790_r11,0.79,11
reassigned,2,26155,0.06651560465494792,S1C_W0.790_r11,0.79,11
reassigned,3,36767,0.09350331624348958,S1C_W0.790_r11,0.79,11
reassigned,4,42721,0.10864512125651042,S1C_W0.790_r11,0.79,11
reassigned,5,43839,0.11148834228515625,S1C_W0.790_r11,0.79,11
reassigned,6,40828,0.10383097330729167,S1C_W0.790_r11,0.79,11
reassigned,7,36308,0.09233601888020833,S1C_W0.790_r11,0.79,11
reassigned,8,30286,0.07702128092447917,S1C_W0.790_r11,0.79,11
reassigned,9,24428,0.062123616536458336,S1C_W0.790_r11,0.79,11
reassigned,10,19167,0.04874420166015625,S1C_W0.790_r11,0.79,11
reassigned,11,15322,0.038965861002604164,S1C_W0.790_r11,0.79,11
reassigned,12,12025,0.030581156412760418,S1C_W0.790_r11,0.79,11
reassigned,13,9246,0.0235137939453125,S1C_W0.790_r11,0.79,11
reassigned,14,7026,0.0178680419921875,S1C_W0.790_r11,0.79,11
reassigned,15,5550,0.0141143798828125,S1C_W0.790_r11,0.79,11
reassigned,16,4217,0.010724385579427084,S1C_W0.790_r11,0.79,11
reassigned,17,3392,0.008626302083333334,S1C_W0.790_r11,0.79,11
reassigned,18,2552,0.006490071614583333,S1C_W0.790_r11,0.79,11
reassigned,19,2050,0.005213419596354167,S1C_W0.790_r11,0.79,11
reassigned,20,1632,0.004150390625,S1C_W0.790_r11,0.79,11
reassigned,21,1191,0.00302886962890625,S1C_W0.790_r11,0.79,11
reassigned,22,1027,0.0026117960611979165,S1C_W0.790_r11,0.79,11
reassigned,23,795,0.00202178955078125,S1C_W0.790_r11,0.79,11
reassigned,24,619,0.0015741984049479167,S1C_W0.790_r11,0.79,11
reassigned,25,488,0.0012410481770833333,S1C_W0.790_r11,0.79,11
reassigned,26,390,0.0009918212890625,S1C_W0.790_r11,0.79,11
reassigned,27,297,0.00075531005859375,S1C_W0.790_r11,0.79,11
reassigned,28,242,0.0006154378255208334,S1C_W0.790_r11,0.79,11
reassigned,29,192,0.00048828125,S1C_W0.790_r11,0.79,11
reassigned,30,164,0.0004170735677083333,S1C_W0.790_r11,0.79,11
reassigned,31,131,0.0003331502278645833,S1C_W0.790_r11,0.79,11
reassigned,32,112,0.0002848307291666667,S1C_W0.790_r11,0.79,11
reassigned,33,70,0.00017801920572916666,S1C_W0.790_r11,0.79,11
reassigned,34,86,0.00021870930989583334,S1C_W0.790_r11,0.79,11
reassigned,35,64,0.00016276041666666666,S1C_W0.790_r11,0.79,11
reassigned,36,45,0.00011444091796875,S1C_W0.790_r11,0.79,11
reassigned,37,42,0.0001068115234375,S1C_W0.790_r11,0.79,11
reassigned,38,21,5.340576171875e-05,S1C_W0.790_r11,0.79,11
reassigned,39,30,7.62939453125e-05,S1C_W0.790_r11,0.79,11
reassigned,40,21,5.340576171875e-05,S1C_W0.790_r11,0.79,11
reassigned,41,22,5.5948893229166664e-05,S1C_W0.790_r11,0.79,11
reassigned,42,22,5.5948893229166664e-05,S1C_W0.790_r11,0.79,11
reassigned,43,15,3.814697265625e-05,S1C_W0.790_r11,0.79,11
reassigned,44,13,3.3060709635416664e-05,S1C_W0.790_r11,0.79,11
reassigned,45,12,3.0517578125e-05,S1C_W0.790_r11,0.79,11
reassigned,46,9,2.288818359375e-05,S1C_W0.790_r11,0.79,11
reassigned,47,17,4.3233235677083336e-05,S1C_W0.790_r11,0.79,11
reassigned,48,20,5.0862630208333336e-05,S1C_W0.790_r11,0.79,11
reassigned,49,10,2.5431315104166668e-05,S1C_W0.790_r11,0.79,11
reassigned,50,11,2.7974446614583332e-05,S1C_W0.790_r11,0.79,11
reassigned,51,9,2.288818359375e-05,S1C_W0.790_r11,0.79,11
reassigned,52,12,3.0517578125e-05,S1C_W0.790_r11,0.79,11
reassigned,53,5,1.2715657552083334e-05,S1C_W0.790_r11,0.79,11
reassigned,54,5,1.2715657552083334e-05,S1C_W0.790_r11,0.79,11
reassigned,55,10,2.5431315104166668e-05,S1C_W0.790_r11,0.79,11
reassigned,56,6,1.52587890625e-05,S1C_W0.790_r11,0.79,11
reassigned,57,6,1.52587890625e-05,S1C_W0.790_r11,0.79,11
reassigned,58,8,2.0345052083333332e-05,S1C_W0.790_r11,0.79,11
reassigned,59,8,2.0345052083333332e-05,S1C_W0.790_r11,0.79,11
reassigned,60,6,1.52587890625e-05,S1C_W0.790_r11,0.79,11
reassigned,61,8,2.0345052083333332e-05,S1C_W0.790_r11,0.79,11
reassigned,62,4,1.0172526041666666e-05,S1C_W0.790_r11,0.79,11
reassigned,63,8,2.0345052083333332e-05,S1C_W0.790_r11,0.79,11
reassigned,64,6,1.52587890625e-05,S1C_W0.790_r11,0.79,11
reassigned,65,5,1.2715657552083334e-05,S1C_W0.790_r11,0.79,11
reassigned,66,1,2.5431315104166665e-06,S1C_W0.790_r11,0.79,11
reassigned,67,4,1.0172526041666666e-05,S1C_W0.790_r11,0.79,11
reassigned,68,4,1.0172526041666666e-05,S1C_W0.790_r11,0.79,11
reassigned,69,2,5.086263020833333e-06,S1C_W0.790_r11,0.79,11
reassigned,70,2,5.086263020833333e-06,S1C_W0.790_r11,0.79,11
reassigned,71,2,5.086263020833333e-06,S1C_W0.790_r11,0.79,11
reassigned,72,4,1.0172526041666666e-05,S1C_W0.790_r11,0.79,11
reassigned,73,2,5.086263020833333e-06,S1C_W0.790_r11,0.79,11
reassigned,74,3,7.62939453125e-06,S1C_W0.790_r11,0.79,11
reassigned,75,2,5.086263020833333e-06,S1C_W0.790_r11,0.79,11
reassigned,76,4,1.0172526041666666e-05,S1C_W0.790_r11,0.79,11
reassigned,77,1,2.5431315104166665e-06,S1C_W0.790_r11,0.79,11
reassigned,78,3,7.62939453125e-06,S1C_W0.790_r11,0.79,11
reassigned,79,5,1.2715657552083334e-05,S1C_W0.790_r11,0.79,11
reassigned,80,2,5.086263020833333e-06,S1C_W0.790_r11,0.79,11
reassigned,81,1,2.5431315104166665e-06,S1C_W0.790_r11,0.79,11
reassigned,82,2,5.086263020833333e-06,S1C_W0.790_r11,0.79,11
reassigned,83,4,1.0172526041666666e-05,S1C_W0.790_r11,0.79,11
reassigned,84,3,7.62939453125e-06,S1C_W0.790_r11,0.79,11
reassigned,85,1,2.5431315104166665e-06,S1C_W0.790_r11,0.79,11
reassigned,86,2,5.086263020833333e-06,S1C_W0.790_r11,0.79,11
reassigned,87,4,1.0172526041666666e-05,S1C_W0.790_r11,0.79,11
reassigned,88,5,1.2715657552083334e-05,S1C_W0.790_r11,0.79,11
reassigned,89,4,1.0172526041666666e-05,S1C_W0.790_r11,0.79,11
reassigned,90,1,2.5431315104166665e-06,S1C_W0.790_r11,0.79,11
reassigned,91,0,0.0,S1C_W0.790_r11,0.79,11
reassigned,92,2,5.086263020833333e-06,S1C_W0.790_r11,0.79,11
reassigned,93,2,5.086263020833333e-06,S1C_W0.790_r11,0.79,11
reassigned,94,3,7.62939453125e-06,S1C_W0.790_r11,0.79,11
reassigned,95,1,2.5431315104166665e-06,S1C_W0.790_r11,0.79,11
reassigned,96,0,0.0,S1C_W0.790_r11,0.79,11
reassigned,97,3,7.62939453125e-06,S1C_W0.790_r11,0.79,11
reassigned,98,0,0.0,S1C_W0.790_r11,0.79,11
reassigned,99,0,0.0,S1C_W0.790_r11,0.79,11
reassigned,100,0,0.0,S1C_W0.790_r11,0.79,11
reassigned,101,2,5.086263020833333e-06,S1C_W0.790_r11,0.79,11
reassigned,102,6,1.52587890625e-05,S1C_W0.790_r11,0.79,11
reassigned,103,3,7.62939453125e-06,S1C_W0.790_r11,0.79,11
reassigned,104,2,5.086263020833333e-06,S1C_W0.790_r11,0.79,11
reassigned,105,1,2.5431315104166665e-06,S1C_W0.790_r11,0.79,11
reassigned,106,2,5.086263020833333e-06,S1C_W0.790_r11,0.79,11
reassigned,107,1,2.5431315104166665e-06,S1C_W0.790_r11,0.79,11
reassigned,108,3,7.62939453125e-06,S1C_W0.790_r11,0.79,11
reassigned,109,0,0.0,S1C_W0.790_r11,0.79,11
reassigned,110,0,0.0,S1C_W0.790_r11,0.79,11
reassigned,111,0,0.0,S1C_W0.790_r11,0.79,11
reassigned,112,3,7.62939453125e-06,S1C_W0.790_r11,0.79,11
reassigned,113,1,2.5431315104166665e-06,S1C_W0.790_r11,0.79,11
reassigned,114,1,2.5431315104166665e-06,S1C_W0.790_r11,0.79,11
reassigned,115,1,2.5431315104166665e-06,S1C_W0.790_r11,0.79,11
reassigned,116,1,2.5431315104166665e-06,S1C_W0.790_r11,0.79,11
reassigned,117,2,5.086263020833333e-06,S1C_W0.790_r11,0.79,11
reassigned,118,1,2.5431315104166665e-06,S1C_W0.790_r11,0.79,11
reassigned,119,1,2.5431315104166665e-06,S1C_W0.790_r11,0.79,11
reassigned,120,2,5.086263020833333e-06,S1C_W0.790_r11,0.79,11
reassigned,121,1,2.5431315104166665e-06,S1C_W0.790_r11,0.79,11
reassigned,122,0,0.0,S1C_W0.790_r11,0.79,11
reassigned,123,1,2.5431315104166665e-06,S1C_W0.790_r11,0.79,11
reassigned,124,1,2.5431315104166665e-06,S1C_W0.790_r11,0.79,11
reassigned,125,2,5.086263020833333e-06,S1C_W0.790_r11,0.79,11
reassigned,126,2,5.086263020833333e-06,S1C_W0.790_r11,0.79,11
reassigned,127,0,0.0,S1C_W0.790_r11,0.79,11
reassigned,128,0,0.0,S1C_W0.790_r11,0.79,11
reassigned,129,0,0.0,S1C_W0.790_r11,0.79,11
reassigned,130,0,0.0,S1C_W0.790_r11,0.79,11
reassigned,131,0,0.0,S1C_W0.790_r11,0.79,11
reassigned,132,0,0.0,S1C_W0.790_r11,0.79,11
reassigned,133,1,2.5431315104166665e-06,S1C_W0.790_r11,0.79,11
reassigned,134,0,0.0,S1C_W0.790_r11,0.79,11
reassigned,135,0,0.0,S1C_W0.790_r11,0.79,11
reassigned,136,0,0.0,S1C_W0.790_r11,0.79,11
reassigned,137,0,0.0,S1C_W0.790_r11,0.79,11
reassigned,138,0,0.0,S1C_W0.790_r11,0.79,11
reassigned,139,0,0.0,S1C_W0.790_r11,0.79,11
reassigned,140,0,0.0,S1C_W0.790_r11,0.79,11
reassigned,141,4,1.0172526041666666e-05,S1C_W0.790_r11,0.79,11
reassigned,142,0,0.0,S1C_W0.790_r11,0.79,11
reassigned,143,0,0.0,S1C_W0.790_r11,0.79,11
reassigned,144,0,0.0,S1C_W0.790_r11,0.79,11
reassigned,145,0,0.0,S1C_W0.790_r11,0.79,11
reassigned,146,1,2.5431315104166665e-06,S1C_W0.790_r11,0.79,11
reassigned,147,0,0.0,S1C_W0.790_r11,0.79,11
reassigned,148,1,2.5431315104166665e-06,S1C_W0.790_r11,0.79,11
reassigned,149,1,2.5431315104166665e-06,S1C_W0.790_r11,0.79,11
reassigned,150,0,0.0,S1C_W0.790_r11,0.79,11
reassigned,151,0,0.0,S1C_W0.790_r11,0.79,11
reassigned,152,0,0.0,S1C_W0.790_r11,0.79,11
reassigned,153,0,0.0,S1C_W0.790_r11,0.79,11
reassigned,154,0,0.0,S1C_W0.790_r11,0.79,11
reassigned,155,1,2.5431315104166665e-06,S1C_W0.790_r11,0.79,11
reassigned,156,0,0.0,S1C_W0.790_r11,0.79,11
reassigned,157,0,0.0,S1C_W0.790_r11,0.79,11
reassigned,158,1,2.5431315104166665e-06,S1C_W0.790_r11,0.79,11
reassigned,159,0,0.0,S1C_W0.790_r11,0.79,11
reassigned,160,1,2.5431315104166665e-06,S1C_W0.790_r11,0.79,11
reassigned,161,2,5.086263020833333e-06,S1C_W0.790_r11,0.79,11
reassigned,162,0,0.0,S1C_W0.790_r11,0.79,11
reassigned,163,0,0.0,S1C_W0.790_r11,0.79,11
reassigned,164,0,0.0,S1C_W0.790_r11,0.79,11
reassigned,165,0,0.0,S1C_W0.790_r11,0.79,11
reassigned,166,1,2.5431315104166665e-06,S1C_W0.790_r11,0.79,11
reassigned,167,0,0.0,S1C_W0.790_r11,0.79,11
reassigned,168,0,0.0,S1C_W0.790_r11,0.79,11
reassigned,169,0,0.0,S1C_W0.790_r11,0.79,11
reassigned,170,0,0.0,S1C_W0.790_r11,0.79,11
reassigned,171,0,0.0,S1C_W0.790_r11,0.79,11
reassigned,172,0,0.0,S1C_W0.790_r11,0.79,11
reassigned,173,0,0.0,S1C_W0.790_r11,0.79,11
reassigned,174,0,0.0,S1C_W0.790_r11,0.79,11
reassigned,175,1,2.5431315104166665e-06,S1C_W0.790_r11,0.79,11
reassigned,176,1,2.5431315104166665e-06,S1C_W0.790_r11,0.79,11
original,0,2017,0.005129496256510417,S1C_W0.790_r12,0.79,12
original,1,5176,0.013163248697916666,S1C_W0.790_r12,0.79,12
original,2,12157,0.030916849772135418,S1C_W0.790_r12,0.79,12
original,3,23850,0.0606536865234375,S1C_W0.790_r12,0.79,12
original,4,37375,0.09504954020182292,S1C_W0.790_r12,0.79,12
original,5,48521,0.12339528401692708,S1C_W0.790_r12,0.79,12
original,6,54416,0.13838704427083334,S1C_W0.790_r12,0.79,12
original,7,53171,0.1352208455403646,S1C_W0.790_r12,0.79,12
original,8,46729,0.11883799235026042,S1C_W0.790_r12,0.79,12
original,9,36936,0.09393310546875,S1C_W0.790_r12,0.79,12
original,10,26735,0.06799062093098958,S1C_W0.790_r12,0.79,12
original,11,18285,0.04650115966796875,S1C_W0.790_r12,0.79,12
original,12,11430,0.0290679931640625,S1C_W0.790_r12,0.79,12
original,13,7030,0.017878214518229168,S1C_W0.790_r12,0.79,12
original,14,3934,0.010004679361979166,S1C_W0.790_r12,0.79,12
original,15,2199,0.00559234619140625,S1C_W0.790_r12,0.79,12
original,16,1173,0.00298309326171875,S1C_W0.790_r12,0.79,12
original,17,609,0.00154876708984375,S1C_W0.790_r12,0.79,12
original,18,312,0.00079345703125,S1C_W0.790_r12,0.79,12
original,19,196,0.0004984537760416666,S1C_W0.790_r12,0.79,12
original,20,96,0.000244140625,S1C_W0.790_r12,0.79,12
original,21,73,0.00018564860026041666,S1C_W0.790_r12,0.79,12
original,22,53,0.00013478597005208334,S1C_W0.790_r12,0.79,12
original,23,44,0.00011189778645833333,S1C_W0.790_r12,0.79,12
original,24,39,9.918212890625e-05,S1C_W0.790_r12,0.79,12
original,25,40,0.00010172526041666667,S1C_W0.790_r12,0.79,12
original,26,31,7.883707682291667e-05,S1C_W0.790_r12,0.79,12
original,27,34,8.646647135416667e-05,S1C_W0.790_r12,0.79,12
original,28,33,8.392333984375e-05,S1C_W0.790_r12,0.79,12
original,29,26,6.612141927083333e-05,S1C_W0.790_r12,0.79,12
original,30,17,4.3233235677083336e-05,S1C_W0.790_r12,0.79,12
original,31,30,7.62939453125e-05,S1C_W0.790_r12,0.79,12
original,32,26,6.612141927083333e-05,S1C_W0.790_r12,0.79,12
original,33,25,6.357828776041667e-05,S1C_W0.790_r12,0.79,12
original,34,32,8.138020833333333e-05,S1C_W0.790_r12,0.79,12
original,35,26,6.612141927083333e-05,S1C_W0.790_r12,0.79,12
original,36,31,7.883707682291667e-05,S1C_W0.790_r12,0.79,12
original,37,31,7.883707682291667e-05,S1C_W0.790_r12,0.79,12
original,38,18,4.57763671875e-05,S1C_W0.790_r12,0.79,12
original,39,21,5.340576171875e-05,S1C_W0.790_r12,0.79,12
original,40,20,5.0862630208333336e-05,S1C_W0.790_r12,0.79,12
original,41,28,7.120768229166667e-05,S1C_W0.790_r12,0.79,12
original,42,18,4.57763671875e-05,S1C_W0.790_r12,0.79,12
original,43,15,3.814697265625e-05,S1C_W0.790_r12,0.79,12
original,44,22,5.5948893229166664e-05,S1C_W0.790_r12,0.79,12
original,45,22,5.5948893229166664e-05,S1C_W0.790_r12,0.79,12
original,46,22,5.5948893229166664e-05,S1C_W0.790_r12,0.79,12
original,47,9,2.288818359375e-05,S1C_W0.790_r12,0.79,12
original,48,12,3.0517578125e-05,S1C_W0.790_r12,0.79,12
original,49,20,5.0862630208333336e-05,S1C_W0.790_r12,0.79,12
original,50,11,2.7974446614583332e-05,S1C_W0.790_r12,0.79,12
original,51,10,2.5431315104166668e-05,S1C_W0.790_r12,0.79,12
original,52,6,1.52587890625e-05,S1C_W0.790_r12,0.79,12
original,53,5,1.2715657552083334e-05,S1C_W0.790_r12,0.79,12
original,54,2,5.086263020833333e-06,S1C_W0.790_r12,0.79,12
original,55,1,2.5431315104166665e-06,S1C_W0.790_r12,0.79,12
original,56,4,1.0172526041666666e-05,S1C_W0.790_r12,0.79,12
original,57,6,1.52587890625e-05,S1C_W0.790_r12,0.79,12
original,58,1,2.5431315104166665e-06,S1C_W0.790_r12,0.79,12
original,59,0,0.0,S1C_W0.790_r12,0.79,12
original,60,1,2.5431315104166665e-06,S1C_W0.790_r12,0.79,12
original,61,2,5.086263020833333e-06,S1C_W0.790_r12,0.79,12
original,62,0,0.0,S1C_W0.790_r12,0.79,12
original,63,1,2.5431315104166665e-06,S1C_W0.790_r12,0.79,12
original,64,1,2.5431315104166665e-06,S1C_W0.790_r12,0.79,12
reassigned,0,9304,0.023661295572916668,S1C_W0.790_r12,0.79,12
reassigned,1,13413,0.03411102294921875,S1C_W0.790_r12,0.79,12
reassigned,2,25328,0.06441243489583333,S1C_W0.790_r12,0.79,12
reassigned,3,36075,0.09174346923828125,S1C_W0.790_r12,0.79,12
reassigned,4,42694,0.10857645670572917,S1C_W0.790_r12,0.79,12
reassigned,5,43716,0.111175537109375,S1C_W0.790_r12,0.79,12
reassigned,6,41279,0.10497792561848958,S1C_W0.790_r12,0.79,12
reassigned,7,36918,0.0938873291015625,S1C_W0.790_r12,0.79,12
reassigned,8,30334,0.07714335123697917,S1C_W0.790_r12,0.79,12
reassigned,9,25056,0.063720703125,S1C_W0.790_r12,0.79,12
reassigned,10,19854,0.0504913330078125,S1C_W0.790_r12,0.79,12
reassigned,11,15451,0.039293924967447914,S1C_W0.790_r12,0.79,12
reassigned,12,12109,0.030794779459635418,S1C_W0.790_r12,0.79,12
reassigned,13,9295,0.023638407389322918,S1C_W0.790_r12,0.79,12
reassigned,14,7070,0.017979939778645832,S1C_W0.790_r12,0.79,12
reassigned,15,5559,0.01413726806640625,S1C_W0.790_r12,0.79,12
reassigned,16,4345,0.011049906412760416,S1C_W0.790_r12,0.79,12
reassigned,17,3292,0.008371988932291666,S1C_W0.790_r12,0.79,12
reassigned,18,2571,0.00653839111328125,S1C_W0.790_r12,0.79,12
reassigned,19,1970,0.005009969075520833,S1C_W0.790_r12,0.79,12
reassigned,20,1572,0.003997802734375,S1C_W0.790_r12,0.79,12
reassigned,21,1169,0.0029729207356770835,S1C_W0.790_r12,0.79,12
reassigned,22,949,0.0024134318033854165,S1C_W0.790_r12,0.79,12
reassigned,23,770,0.0019582112630208335,S1C_W0.790_r12,0.79,12
reassigned,24,615,0.00156402587890625,S1C_W0.790_r12,0.79,12
reassigned,25,460,0.0011698404947916667,S1C_W0.790_r12,0.79,12
reassigned,26,360,0.00091552734375,S1C_W0.790_r12,0.79,12
reassigned,27,314,0.0007985432942708334,S1C_W0.790_r12,0.79,12
reassigned,28,218,0.0005544026692708334,S1C_W0.790_r12,0.79,12
reassigned,29,181,0.0004603068033854167,S1C_W0.790_r12,0.79,12
reassigned,30,162,0.0004119873046875,S1C_W0.790_r12,0.79,12
reassigned,31,104,0.0002644856770833333,S1C_W0.790_r12,0.79,12
reassigned,32,101,0.0002568562825520833,S1C_W0.790_r12,0.79,12
reassigned,33,67,0.00017038981119791666,S1C_W0.790_r12,0.79,12
reassigned,34,58,0.00014750162760416666,S1C_W0.790_r12,0.79,12
reassigned,35,61,0.00015513102213541666,S1C_W0.790_r12,0.79,12
reassigned,36,31,7.883707682291667e-05,S1C_W0.790_r12,0.79,12
reassigned,37,36,9.1552734375e-05,S1C_W0.790_r12,0.79,12
reassigned,38,26,6.612141927083333e-05,S1C_W0.790_r12,0.79,12
reassigned,39,27,6.866455078125e-05,S1C_W0.790_r12,0.79,12
reassigned,40,21,5.340576171875e-05,S1C_W0.790_r12,0.79,12
reassigned,41,19,4.8319498697916664e-05,S1C_W0.790_r12,0.79,12
reassigned,42,16,4.0690104166666664e-05,S1C_W0.790_r12,0.79,12
reassigned,43,23,5.8492024739583336e-05,S1C_W0.790_r12,0.79,12
reassigned,44,15,3.814697265625e-05,S1C_W0.790_r12,0.79,12
reassigned,45,6,1.52587890625e-05,S1C_W0.790_r12,0.79,12
reassigned,46,16,4.0690104166666664e-05,S1C_W0.790_r12,0.79,12
reassigned,47,11,2.7974446614583332e-05,S1C_W0.790_r12,0.79,12
reassigned,48,12,3.0517578125e-05,S1C_W0.790_r12,0.79,12
reassigned,49,7,1.7801920572916668e-05,S1C_W0.790_r12,0.79,12
reassigned,50,7,1.7801920572916668e-05,S1C_W0.790_r12,0.79,12
reassigned,51,3,7.62939453125e-06,S1C_W0.790_r12,0.79,12
reassigned,52,7,1.7801920572916668e-05,S1C_W0.790_r12,0.79,12
reassigned,53,6,1.52587890625e-05,S1C_W0.790_r12,0.79,12
reassigned,54,3,7.62939453125e-06,S1C_W0.790_r12,0.79,12
reassigned,55,4,1.0172526041666666e-05,S1C_W0.790_r12,0.79,12
reassigned,56,4,1.0172526041666666e-05,S1C_W0.790_r12,0.79,12
reassigned,57,3,7.62939453125e-06,S1C_W0.790_r12,0.79,12
reassigned,58,3,7.62939453125e-06,S1C_W0.790_r12,0.79,12
reassigned,59,5,1.2715657552083334e-05,S1C_W0.790_r12,0.79,12
reassigned,60,4,1.0172526041666666e-05,S1C_W0.790_r12,0.79,12
reassigned,61,4,1.0172526041666666e-05,S1C_W0.790_r12,0.79,12
reassigned,62,8,2.0345052083333332e-05,S1C_W0.790_r12,0.79,12
reassigned,63,4,1.0172526041666666e-05,S1C_W0.790_r12,0.79,12
reassigned,64,3,7.62939453125e-06,S1C_W0.790_r12,0.79,12
reassigned,65,3,7.62939453125e-06,S1C_W0.790_r12,0.79,12
reassigned,66,3,7.62939453125e-06,S1C_W0.790_r12,0.79,12
reassigned,67,4,1.0172526041666666e-05,S1C_W0.790_r12,0.79,12
reassigned,68,4,1.0172526041666666e-05,S1C_W0.790_r12,0.79,12
reassigned,69,3,7.62939453125e-06,S1C_W0.790_r12,0.79,12
reassigned,70,2,5.086263020833333e-06,S1C_W0.790_r12,0.79,12
reassigned,71,3,7.62939453125e-06,S1C_W0.790_r12,0.79,12
reassigned,72,2,5.086263020833333e-06,S1C_W0.790_r12,0.79,12
reassigned,73,2,5.086263020833333e-06,S1C_W0.790_r12,0.79,12
reassigned,74,3,7.62939453125e-06,S1C_W0.790_r12,0.79,12
reassigned,75,0,0.0,S1C_W0.790_r12,0.79,12
reassigned,76,1,2.5431315104166665e-06,S1C_W0.790_r12,0.79,12
reassigned,77,2,5.086263020833333e-06,S1C_W0.790_r12,0.79,12
reassigned,78,1,2.5431315104166665e-06,S1C_W0.790_r12,0.79,12
reassigned,79,1,2.5431315104166665e-06,S1C_W0.790_r12,0.79,12
reassigned,80,2,5.086263020833333e-06,S1C_W0.790_r12,0.79,12
reassigned,81,4,1.0172526041666666e-05,S1C_W0.790_r12,0.79,12
reassigned,82,1,2.5431315104166665e-06,S1C_W0.790_r12,0.79,12
reassigned,83,1,2.5431315104166665e-06,S1C_W0.790_r12,0.79,12
reassigned,84,0,0.0,S1C_W0.790_r12,0.79,12
reassigned,85,2,5.086263020833333e-06,S1C_W0.790_r12,0.79,12
reassigned,86,3,7.62939453125e-06,S1C_W0.790_r12,0.79,12
reassigned,87,3,7.62939453125e-06,S1C_W0.790_r12,0.79,12
reassigned,88,1,2.5431315104166665e-06,S1C_W0.790_r12,0.79,12
reassigned,89,2,5.086263020833333e-06,S1C_W0.790_r12,0.79,12
reassigned,90,0,0.0,S1C_W0.790_r12,0.79,12
reassigned,91,1,2.5431315104166665e-06,S1C_W0.790_r12,0.79,12
reassigned,92,0,0.0,S1C_W0.790_r12,0.79,12
reassigned,93,1,2.5431315104166665e-06,S1C_W0.790_r12,0.79,12
reassigned,94,1,2.5431315104166665e-06,S1C_W0.790_r12,0.79,12
reassigned,95,2,5.086263020833333e-06,S1C_W0.790_r12,0.79,12
reassigned,96,0,0.0,S1C_W0.790_r12,0.79,12
reassigned,97,2,5.086263020833333e-06,S1C_W0.790_r12,0.79,12
reassigned,98,1,2.5431315104166665e-06,S1C_W0.790_r12,0.79,12
reassigned,99,1,2.5431315104166665e-06,S1C_W0.790_r12,0.79,12
reassigned,100,1,2.5431315104166665e-06,S1C_W0.790_r12,0.79,12
reassigned,101,0,0.0,S1C_W0.790_r12,0.79,12
reassigned,102,0,0.0,S1C_W0.790_r12,0.79,12
reassigned,103,1,2.5431315104166665e-06,S1C_W0.790_r12,0.79,12
reassigned,104,1,2.5431315104166665e-06,S1C_W0.790_r12,0.79,12
reassigned,105,0,0.0,S1C_W0.790_r12,0.79,12
reassigned,106,1,2.5431315104166665e-06,S1C_W0.790_r12,0.79,12
reassigned,107,0,0.0,S1C_W0.790_r12,0.79,12
reassigned,108,0,0.0,S1C_W0.790_r12,0.79,12
reassigned,109,1,2.5431315104166665e-06,S1C_W0.790_r12,0.79,12
reassigned,110,1,2.5431315104166665e-06,S1C_W0.790_r12,0.79,12
reassigned,111,0,0.0,S1C_W0.790_r12,0.79,12
reassigned,112,0,0.0,S1C_W0.790_r12,0.79,12
reassigned,113,1,2.5431315104166665e-06,S1C_W0.790_r12,0.79,12
reassigned,114,0,0.0,S1C_W0.790_r12,0.79,12
reassigned,115,1,2.5431315104166665e-06,S1C_W0.790_r12,0.79,12
reassigned,116,1,2.5431315104166665e-06,S1C_W0.790_r12,0.79,12
reassigned,117,3,7.62939453125e-06,S1C_W0.790_r12,0.79,12
reassigned,118,1,2.5431315104166665e-06,S1C_W0.790_r12,0.79,12
reassigned,119,0,0.0,S1C_W0.790_r12,0.79,12
reassigned,120,2,5.086263020833333e-06,S1C_W0.790_r12,0.79,12
reassigned,121,0,0.0,S1C_W0.790_r12,0.79,12
reassigned,122,0,0.0,S1C_W0.790_r12,0.79,12
reassigned,123,0,0.0,S1C_W0.790_r12,0.79,12
reassigned,124,1,2.5431315104166665e-06,S1C_W0.790_r12,0.79,12
reassigned,125,0,0.0,S1C_W0.790_r12,0.79,12
reassigned,126,0,0.0,S1C_W0.790_r12,0.79,12
reassigned,127,2,5.086263020833333e-06,S1C_W0.790_r12,0.79,12
reassigned,128,2,5.086263020833333e-06,S1C_W0.790_r12,0.79,12
reassigned,129,0,0.0,S1C_W0.790_r12,0.79,12
reassigned,130,1,2.5431315104166665e-06,S1C_W0.790_r12,0.79,12
reassigned,131,0,0.0,S1C_W0.790_r12,0.79,12
reassigned,132,1,2.5431315104166665e-06,S1C_W0.790_r12,0.79,12
reassigned,133,0,0.0,S1C_W0.790_r12,0.79,12
reassigned,134,0,0.0,S1C_W0.790_r12,0.79,12
reassigned,135,1,2.5431315104166665e-06,S1C_W0.790_r12,0.79,12
reassigned,136,0,0.0,S1C_W0.790_r12,0.79,12
reassigned,137,1,2.5431315104166665e-06,S1C_W0.790_r12,0.79,12
reassigned,138,0,0.0,S1C_W0.790_r12,0.79,12
reassigned,139,0,0.0,S1C_W0.790_r12,0.79,12
reassigned,140,0,0.0,S1C_W0.790_r12,0.79,12
reassigned,141,0,0.0,S1C_W0.790_r12,0.79,12
reassigned,142,0,0.0,S1C_W0.790_r12,0.79,12
reassigned,143,0,0.0,S1C_W0.790_r12,0.79,12
reassigned,144,1,2.5431315104166665e-06,S1C_W0.790_r12,0.79,12
reassigned,145,1,2.5431315104166665e-06,S1C_W0.790_r12,0.79,12
original,0,2070,0.0052642822265625,S1C_W0.790_r13,0.79,13
original,1,5266,0.013392130533854166,S1C_W0.790_r13,0.79,13
original,2,12362,0.031438191731770836,S1C_W0.790_r13,0.79,13
original,3,23969,0.060956319173177086,S1C_W0.790_r13,0.79,13
original,4,37404,0.095123291015625,S1C_W0.790_r13,0.79,13
original,5,48952,0.12449137369791667,S1C_W0.790_r13,0.79,13
original,6,54223,0.1378962198893229,S1C_W0.790_r13,0.79,13
original,7,52729,0.1340967814127604,S1C_W0.790_r13,0.79,13
original,8,46240,0.11759440104166667,S1C_W0.790_r13,0.79,13
original,9,36618,0.0931243896484375,S1C_W0.790_r13,0.79,13
original,10,26726,0.06796773274739583,S1C_W0.790_r13,0.79,13
original,11,18009,0.04579925537109375,S1C_W0.790_r13,0.79,13
original,12,11688,0.02972412109375,S1C_W0.790_r13,0.79,13
original,13,7095,0.01804351806640625,S1C_W0.790_r13,0.79,13
original,14,4158,0.0105743408203125,S1C_W0.790_r13,0.79,13
original,15,2330,0.005925496419270833,S1C_W0.790_r13,0.79,13
original,16,1218,0.0030975341796875,S1C_W0.790_r13,0.79,13
original,17,658,0.0016733805338541667,S1C_W0.790_r13,0.79,13
original,18,348,0.000885009765625,S1C_W0.790_r13,0.79,13
original,19,188,0.0004781087239583333,S1C_W0.790_r13,0.79,13
original,20,108,0.000274658203125,S1C_W0.790_r13,0.79,13
original,21,61,0.00015513102213541666,S1C_W0.790_r13,0.79,13
original,22,44,0.00011189778645833333,S1C_W0.790_r13,0.79,13
original,23,50,0.00012715657552083334,S1C_W0.790_r13,0.79,13
original,24,40,0.00010172526041666667,S1C_W0.790_r13,0.79,13
original,25,44,0.00011189778645833333,S1C_W0.790_r13,0.79,13
original,26,42,0.0001068115234375,S1C_W0.790_r13,0.79,13
original,27,33,8.392333984375e-05,S1C_W0.790_r13,0.79,13
original,28,29,7.375081380208333e-05,S1C_W0.790_r13,0.79,13
original,29,29,7.375081380208333e-05,S1C_W0.790_r13,0.79,13
original,30,31,7.883707682291667e-05,S1C_W0.790_r13,0.79,13
original,31,36,9.1552734375e-05,S1C_W0.790_r13,0.79,13
original,32,22,5.5948893229166664e-05,S1C_W0.790_r13,0.79,13
original,33,25,6.357828776041667e-05,S1C_W0.790_r13,0.79,13
original,34,26,6.612141927083333e-05,S1C_W0.790_r13,0.79,13
original,35,25,6.357828776041667e-05,S1C_W0.790_r13,0.79,13
original,36,17,4.3233235677083336e-05,S1C_W0.790_r13,0.79,13
original,37,24,6.103515625e-05,S1C_W0.790_r13,0.79,13
original,38,22,5.5948893229166664e-05,S1C_W0.790_r13,0.79,13
original,39,19,4.8319498697916664e-05,S1C_W0.790_r13,0.79,13
original,40,23,5.8492024739583336e-05,S1C_W0.790_r13,0.79,13
original,41,18,4.57763671875e-05,S1C_W0.790_r13,0.79,13
original,42,16,4.0690104166666664e-05,S1C_W0.790_r13,0.79,13
original,43,21,5.340576171875e-05,S1C_W0.790_r13,0.79,13
original,44,22,5.5948893229166664e-05,S1C_W0.790_r13,0.79,13
original,45,11,2.7974446614583332e-05,S1C_W0.790_r13,0.79,13
original,46,16,4.0690104166666664e-05,S1C_W0.790_r13,0.79,13
original,47,16,4.0690104166666664e-05,S1C_W0.790_r13,0.79,13
original,48,18,4.57763671875e-05,S1C_W0.790_r13,0.79,13
original,49,10,2.5431315104166668e-05,S1C_W0.790_r13,0.79,13
original,50,12,3.0517578125e-05,S1C_W0.790_r13,0.79,13
original,51,8,2.0345052083333332e-05,S1C_W0.790_r13,0.79,13
original,52,10,2.5431315104166668e-05,S1C_W0.790_r13,0.79,13
original,53,9,2.288818359375e-05,S1C_W0.790_r13,0.79,13
original,54,9,2.288818359375e-05,S1C_W0.790_r13,0.79,13
original,55,6,1.52587890625e-05,S1C_W0.790_r13,0.79,13
original,56,2,5.086263020833333e-06,S1C_W0.790_r13,0.79,13
original,57,3,7.62939453125e-06,S1C_W0.790_r13,0.79,13
original,58,2,5.086263020833333e-06,S1C_W0.790_r13,0.79,13
original,59,2,5.086263020833333e-06,S1C_W0.790_r13,0.79,13
original,60,0,0.0,S1C_W0.790_r13,0.79,13
original,61,0,0.0,S1C_W0.790_r13,0.79,13
original,62,2,5.086263020833333e-06,S1C_W0.790_r13,0.79,13
original,63,1,2.5431315104166665e-06,S1C_W0.790_r13,0.79,13
original,64,0,0.0,S1C_W0.790_r13,0.79,13
original,65,1,2.5431315104166665e-06,S1C_W0.790_r13,0.79,13
reassigned,0,7835,0.019925435384114582,S1C_W0.790_r13,0.79,13
reassigned,1,13484,0.034291585286458336,S1C_W0.790_r13,0.79,13
reassigned,2,26035,0.06621042887369792,S1C_W0.790_r13,0.79,13
reassigned,3,36855,0.09372711181640625,S1C_W0.790_r13,0.79,13
reassigned,4,43035,0.10944366455078125,S1C_W0.790_r13,0.79,13
reassigned,5,44724,0.113739013671875,S1C_W0.790_r13,0.79,13
reassigned,6,41588,0.10576375325520833,S1C_W0.790_r13,0.79,13
reassigned,7,36560,0.09297688802083333,S1C_W0.790_r13,0.79,13
reassigned,8,30710,0.07809956868489583,S1C_W0.790_r13,0.79,13
reassigned,9,24512,0.062337239583333336,S1C_W0.790_r13,0.79,13
reassigned,10,19649,0.049969991048177086,S1C_W0.790_r13,0.79,13
reassigned,11,15356,0.039052327473958336,S1C_W0.790_r13,0.79,13
reassigned,12,11493,0.02922821044921875,S1C_W0.790_r13,0.79,13
reassigned,13,9183,0.02335357666015625,S1C_W0.790_r13,0.79,13
reassigned,14,7048,0.017923990885416668,S1C_W0.790_r13,0.79,13
reassigned,15,5328,0.0135498046875,S1C_W0.790_r13,0.79,13
reassigned,16,4232,0.010762532552083334,S1C_W0.790_r13,0.79,13
reassigned,17,3284,0.008351643880208334,S1C_W0.790_r13,0.79,13
reassigned,18,2481,0.00630950927734375,S1C_W0.790_r13,0.79,13
reassigned,19,1965,0.00499725341796875,S1C_W0.790_r13,0.79,13
reassigned,20,1521,0.00386810302734375,S1C_W0.790_r13,0.79,13
reassigned,21,1253,0.0031865437825520835,S1C_W0.790_r13,0.79,13
reassigned,22,956,0.0024312337239583335,S1C_W0.790_r13,0.79,13
reassigned,23,717,0.00182342529296875,S1C_W0.790_r13,0.79,13
reassigned,24,593,0.0015080769856770833,S1C_W0.790_r13,0.79,13
reassigned,25,485,0.0012334187825520833,S1C_W0.790_r13,0.79,13
reassigned,26,428,0.0010884602864583333,S1C_W0.790_r13,0.79,13
reassigned,27,327,0.00083160400390625,S1C_W0.790_r13,0.79,13
reassigned,28,230,0.0005849202473958334,S1C_W0.790_r13,0.79,13
reassigned,29,195,0.00049591064453125,S1C_W0.790_r13,0.79,13
reassigned,30,149,0.0003789265950520833,S1C_W0.790_r13,0.79,13
reassigned,31,118,0.0003000895182291667,S1C_W0.790_r13,0.79,13
reassigned,32,121,0.0003077189127604167,S1C_W0.790_r13,0.79,13
reassigned,33,86,0.00021870930989583334,S1C_W0.790_r13,0.79,13
reassigned,34,72,0.00018310546875,S1C_W0.790_r13,0.79,13
reassigned,35,51,0.00012969970703125,S1C_W0.790_r13,0.79,13
reassigned,36,56,0.00014241536458333334,S1C_W0.790_r13,0.79,13
reassigned,37,42,0.0001068115234375,S1C_W0.790_r13,0.79,13
reassigned,38,36,9.1552734375e-05,S1C_W0.790_r13,0.79,13
reassigned,39,14,3.5603841145833336e-05,S1C_W0.790_r13,0.79,13
reassigned,40,30,7.62939453125e-05,S1C_W0.790_r13,0.79,13
reassigned,41,29,7.375081380208333e-05,S1C_W0.790_r13,0.79,13
reassigned,42,22,5.5948893229166664e-05,S1C_W0.790_r13,0.79,13
reassigned,43,18,4.57763671875e-05,S1C_W0.790_r13,0.79,13
reassigned,44,15,3.814697265625e-05,S1C_W0.790_r13,0.79,13
reassigned,45,16,4.0690104166666664e-05,S1C_W0.790_r13,0.79,13
reassigned,46,19,4.8319498697916664e-05,S1C_W0.790_r13,0.79,13
reassigned,47,15,3.814697265625e-05,S1C_W0.790_r13,0.79,13
reassigned,48,14,3.5603841145833336e-05,S1C_W0.790_r13,0.79,13
reassigned,49,9,2.288818359375e-05,S1C_W0.790_r13,0.79,13
reassigned,50,9,2.288818359375e-05,S1C_W0.790_r13,0.79,13
reassigned,51,10,2.5431315104166668e-05,S1C_W0.790_r13,0.79,13
reassigned,52,13,3.3060709635416664e-05,S1C_W0.790_r13,0.79,13
reassigned,53,12,3.0517578125e-05,S1C_W0.790_r13,0.79,13
reassigned,54,10,2.5431315104166668e-05,S1C_W0.790_r13,0.79,13
reassigned,55,4,1.0172526041666666e-05,S1C_W0.790_r13,0.79,13
reassigned,56,4,1.0172526041666666e-05,S1C_W0.790_r13,0.79,13
reassigned,57,5,1.2715657552083334e-05,S1C_W0.790_r13,0.79,13
reassigned,58,4,1.0172526041666666e-05,S1C_W0.790_r13,0.79,13
reassigned,59,4,1.0172526041666666e-05,S1C_W0.790_r13,0.79,13
reassigned,60,6,1.52587890625e-05,S1C_W0.790_r13,0.79,13
reassigned,61,3,7.62939453125e-06,S1C_W0.790_r13,0.79,13
reassigned,62,3,7.62939453125e-06,S1C_W0.790_r13,0.79,13
reassigned,63,6,1.52587890625e-05,S1C_W0.790_r13,0.79,13
reassigned,64,7,1.7801920572916668e-05,S1C_W0.790_r13,0.79,13
reassigned,65,8,2.0345052083333332e-05,S1C_W0.790_r13,0.79,13
reassigned,66,5,1.2715657552083334e-05,S1C_W0.790_r13,0.79,13
reassigned,67,5,1.2715657552083334e-05,S1C_W0.790_r13,0.79,13
reassigned,68,4,1.0172526041666666e-05,S1C_W0.790_r13,0.79,13
reassigned,69,2,5.086263020833333e-06,S1C_W0.790_r13,0.79,13
reassigned,70,2,5.086263020833333e-06,S1C_W0.790_r13,0.79,13
reassigned,71,2,5.086263020833333e-06,S1C_W0.790_r13,0.79,13
reassigned,72,1,2.5431315104166665e-06,S1C_W0.790_r13,0.79,13
reassigned,73,4,1.0172526041666666e-05,S1C_W0.790_r13,0.79,13
reassigned,74,5,1.2715657552083334e-05,S1C_W0.790_r13,0.79,13
reassigned,75,2,5.086263020833333e-06,S1C_W0.790_r13,0.79,13
reassigned,76,2,5.086263020833333e-06,S1C_W0.790_r13,0.79,13
reassigned,77,2,5.086263020833333e-06,S1C_W0.790_r13,0.79,13
reassigned,78,2,5.086263020833333e-06,S1C_W0.790_r13,0.79,13
reassigned,79,3,7.62939453125e-06,S1C_W0.790_r13,0.79,13
reassigned,80,1,2.5431315104166665e-06,S1C_W0.790_r13,0.79,13
reassigned,81,1,2.5431315104166665e-06,S1C_W0.790_r13,0.79,13
reassigned,82,4,1.0172526041666666e-05,S1C_W0.790_r13,0.79,13
reassigned,83,4,1.0172526041666666e-05,S1C_W0.790_r13,0.79,13
reassigned,84,3,7.62939453125e-06,S1C_W0.790_r13,0.79,13
reassigned,85,3,7.62939453125e-06,S1C_W0.790_r13,0.79,13
reassigned,86,0,0.0,S1C_W0.790_r13,0.79,13
reassigned,87,1,2.5431315104166665e-06,S1C_W0.790_r13,0.79,13
reassigned,88,3,7.62939453125e-06,S1C_W0.790_r13,0.79,13
reassigned,89,2,5.086263020833333e-06,S1C_W0.790_r13,0.79,13
reassigned,90,1,2.5431315104166665e-06,S1C_W0.790_r13,0.79,13
reassigned,91,1,2.5431315104166665e-06,S1C_W0.790_r13,0.79,13
reassigned,92,4,1.0172526041666666e-05,S1C_W0.790_r13,0.79,13
reassigned,93,0,0.0,S1C_W0.790_r13,0.79,13
reassigned,94,2,5.086263020833333e-06,S1C_W0.790_r13,0.79,13
reassigned,95,4,1.0172526041666666e-05,S1C_W0.790_r13,0.79,13
reassigned,96,2,5.086263020833333e-06,S1C_W0.790_r13,0.79,13
reassigned,97,1,2.5431315104166665e-06,S1C_W0.790_r13,0.79,13
reassigned,98,0,0.0,S1C_W0.790_r13,0.79,13
reassigned,99,1,2.5431315104166665e-06,S1C_W0.790_r13,0.79,13
reassigned,100,0,0.0,S1C_W0.790_r13,0.79,13
reassigned,101,0,0.0,S1C_W0.790_r13,0.79,13
reassigned,102,0,0.0,S1C_W0.790_r13,0.79,13
reassigned,103,0,0.0,S1C_W0.790_r13,0.79,13
reassigned,104,3,7.62939453125e-06,S1C_W0.790_r13,0.79,13
reassigned,105,4,1.0172526041666666e-05,S1C_W0.790_r13,0.79,13
reassigned,106,0,0.0,S1C_W0.790_r13,0.79,13
reassigned,107,0,0.0,S1C_W0.790_r13,0.79,13
reassigned,108,0,0.0,S1C_W0.790_r13,0.79,13
reassigned,109,1,2.5431315104166665e-06,S1C_W0.790_r13,0.79,13
reassigned,110,0,0.0,S1C_W0.790_r13,0.79,13
reassigned,111,1,2.5431315104166665e-06,S1C_W0.790_r13,0.79,13
reassigned,112,2,5.086263020833333e-06,S1C_W0.790_r13,0.79,13
reassigned,113,1,2.5431315104166665e-06,S1C_W0.790_r13,0.79,13
reassigned,114,2,5.086263020833333e-06,S1C_W0.790_r13,0.79,13
reassigned,115,1,2.5431315104166665e-06,S1C_W0.790_r13,0.79,13
reassigned,116,1,2.5431315104166665e-06,S1C_W0.790_r13,0.79,13
reassigned,117,2,5.086263020833333e-06,S1C_W0.790_r13,0.79,13
reassigned,118,1,2.5431315104166665e-06,S1C_W0.790_r13,0.79,13
reassigned,119,1,2.5431315104166665e-06,S1C_W0.790_r13,0.79,13
reassigned,120,1,2.5431315104166665e-06,S1C_W0.790_r13,0.79,13
reassigned,121,1,2.5431315104166665e-06,S1C_W0.790_r13,0.79,13
reassigned,122,1,2.5431315104166665e-06,S1C_W0.790_r13,0.79,13
reassigned,123,1,2.5431315104166665e-06,S1C_W0.790_r13,0.79,13
reassigned,124,0,0.0,S1C_W0.790_r13,0.79,13
reassigned,125,1,2.5431315104166665e-06,S1C_W0.790_r13,0.79,13
reassigned,126,1,2.5431315104166665e-06,S1C_W0.790_r13,0.79,13
reassigned,127,0,0.0,S1C_W0.790_r13,0.79,13
reassigned,128,0,0.0,S1C_W0.790_r13,0.79,13
reassigned,129,0,0.0,S1C_W0.790_r13,0.79,13
reassigned,130,0,0.0,S1C_W0.790_r13,0.79,13
reassigned,131,0,0.0,S1C_W0.790_r13,0.79,13
reassigned,132,0,0.0,S1C_W0.790_r13,0.79,13
reassigned,133,0,0.0,S1C_W0.790_r13,0.79,13
reassigned,134,0,0.0,S1C_W0.790_r13,0.79,13
reassigned,135,0,0.0,S1C_W0.790_r13,0.79,13
reassigned,136,1,2.5431315104166665e-06,S1C_W0.790_r13,0.79,13
reassigned,137,0,0.0,S1C_W0.790_r13,0.79,13
reassigned,138,0,0.0,S1C_W0.790_r13,0.79,13
reassigned,139,0,0.0,S1C_W0.790_r13,0.79,13
reassigned,140,0,0.0,S1C_W0.790_r13,0.79,13
reassigned,141,0,0.0,S1C_W0.790_r13,0.79,13
reassigned,142,0,0.0,S1C_W0.790_r13,0.79,13
reassigned,143,0,0.0,S1C_W0.790_r13,0.79,13
reassigned,144,0,0.0,S1C_W0.790_r13,0.79,13
reassigned,145,1,2.5431315104166665e-06,S1C_W0.790_r13,0.79,13
reassigned,146,1,2.5431315104166665e-06,S1C_W0.790_r13,0.79,13
reassigned,147,1,2.5431315104166665e-06,S1C_W0.790_r13,0.79,13
reassigned,148,0,0.0,S1C_W0.790_r13,0.79,13
reassigned,149,0,0.0,S1C_W0.790_r13,0.79,13
reassigned,150,1,2.5431315104166665e-06,S1C_W0.790_r13,0.79,13
reassigned,151,0,0.0,S1C_W0.790_r13,0.79,13
reassigned,152,1,2.5431315104166665e-06,S1C_W0.790_r13,0.79,13
reassigned,153,0,0.0,S1C_W0.790_r13,0.79,13
reassigned,154,0,0.0,S1C_W0.790_r13,0.79,13
reassigned,155,1,2.5431315104166665e-06,S1C_W0.790_r13,0.79,13
reassigned,156,0,0.0,S1C_W0.790_r13,0.79,13
reassigned,157,1,2.5431315104166665e-06,S1C_W0.790_r13,0.79,13
reassigned,158,0,0.0,S1C_W0.790_r13,0.79,13
reassigned,159,0,0.0,S1C_W0.790_r13,0.79,13
reassigned,160,0,0.0,S1C_W0.790_r13,0.79,13
reassigned,161,0,0.0,S1C_W0.790_r13,0.79,13
reassigned,162,1,2.5431315104166665e-06,S1C_W0.790_r13,0.79,13
original,0,2090,0.005315144856770833,S1C_W0.790_r14,0.79,14
original,1,5237,0.013318379720052084,S1C_W0.790_r14,0.79,14
original,2,12430,0.031611124674479164,S1C_W0.790_r14,0.79,14
original,3,24016,0.061075846354166664,S1C_W0.790_r14,0.79,14
original,4,37650,0.0957489013671875,S1C_W0.790_r14,0.79,14
original,5,48463,0.12324778238932292,S1C_W0.790_r14,0.79,14
original,6,54153,0.13771820068359375,S1C_W0.790_r14,0.79,14
original,7,52417,0.1333033243815104,S1C_W0.790_r14,0.79,14
original,8,46093,0.11722056070963542,S1C_W0.790_r14,0.79,14
original,9,37074,0.0942840576171875,S1C_W0.790_r14,0.79,14
original,10,26865,0.06832122802734375,S1C_W0.790_r14,0.79,14
original,11,18468,0.046966552734375,S1C_W0.790_r14,0.79,14
original,12,11806,0.030024210611979168,S1C_W0.790_r14,0.79,14
original,13,6906,0.0175628662109375,S1C_W0.790_r14,0.79,14
original,14,4097,0.010419209798177084,S1C_W0.790_r14,0.79,14
original,15,2230,0.005671183268229167,S1C_W0.790_r14,0.79,14
original,16,1128,0.00286865234375,S1C_W0.790_r14,0.79,14
original,17,608,0.0015462239583333333,S1C_W0.790_r14,0.79,14
original,18,320,0.0008138020833333334,S1C_W0.790_r14,0.79,14
original,19,168,0.00042724609375,S1C_W0.790_r14,0.79,14
original,20,122,0.0003102620442708333,S1C_W0.790_r14,0.79,14
original,21,73,0.00018564860026041666,S1C_W0.790_r14,0.79,14
original,22,54,0.0001373291015625,S1C_W0.790_r14,0.79,14
original,23,41,0.00010426839192708333,S1C_W0.790_r14,0.79,14
original,24,51,0.00012969970703125,S1C_W0.790_r14,0.79,14
original,25,47,0.00011952718098958333,S1C_W0.790_r14,0.79,14
original,26,39,9.918212890625e-05,S1C_W0.790_r14,0.79,14
original,27,28,7.120768229166667e-05,S1C_W0.790_r14,0.79,14
original,28,24,6.103515625e-05,S1C_W0.790_r14,0.79,14
original,29,34,8.646647135416667e-05,S1C_W0.790_r14,0.79,14
original,30,22,5.5948893229166664e-05,S1C_W0.790_r14,0.79,14
original,31,24,6.103515625e-05,S1C_W0.790_r14,0.79,14
original,32,24,6.103515625e-05,S1C_W0.790_r14,0.79,14
original,33,21,5.340576171875e-05,S1C_W0.790_r14,0.79,14
original,34,26,6.612141927083333e-05,S1C_W0.790_r14,0.79,14
original,35,20,5.0862630208333336e-05,S1C_W0.790_r14,0.79,14
original,36,27,6.866455078125e-05,S1C_W0.790_r14,0.79,14
original,37,19,4.8319498697916664e-05,S1C_W0.790_r14,0.79,14
original,38,21,5.340576171875e-05,S1C_W0.790_r14,0.79,14
original,39,23,5.8492024739583336e-05,S1C_W0.790_r14,0.79,14
original,40,30,7.62939453125e-05,S1C_W0.790_r14,0.79,14
original,41,18,4.57763671875e-05,S1C_W0.790_r14,0.79,14
original,42,20,5.0862630208333336e-05,S1C_W0.790_r14,0.79,14
original,43,18,4.57763671875e-05,S1C_W0.790_r14,0.79,14
original,44,19,4.8319498697916664e-05,S1C_W0.790_r14,0.79,14
original,45,17,4.3233235677083336e-05,S1C_W0.790_r14,0.79,14
original,46,15,3.814697265625e-05,S1C_W0.790_r14,0.79,14
original,47,18,4.57763671875e-05,S1C_W0.790_r14,0.79,14
original,48,14,3.5603841145833336e-05,S1C_W0.790_r14,0.79,14
original,49,9,2.288818359375e-05,S1C_W0.790_r14,0.79,14
original,50,14,3.5603841145833336e-05,S1C_W0.790_r14,0.79,14
original,51,13,3.3060709635416664e-05,S1C_W0.790_r14,0.79,14
original,52,5,1.2715657552083334e-05,S1C_W0.790_r14,0.79,14
original,53,11,2.7974446614583332e-05,S1C_W0.790_r14,0.79,14
original,54,9,2.288818359375e-05,S1C_W0.790_r14,0.79,14
original,55,4,1.0172526041666666e-05,S1C_W0.790_r14,0.79,14
original,56,4,1.0172526041666666e-05,S1C_W0.790_r14,0.79,14
original,57,7,1.7801920572916668e-05,S1C_W0.790_r14,0.79,14
original,58,1,2.5431315104166665e-06,S1C_W0.790_r14,0.79,14
original,59,5,1.2715657552083334e-05,S1C_W0.790_r14,0.79,14
original,60,2,5.086263020833333e-06,S1C_W0.790_r14,0.79,14
original,61,1,2.5431315104166665e-06,S1C_W0.790_r14,0.79,14
original,62,1,2.5431315104166665e-06,S1C_W0.790_r14,0.79,14
original,63,0,0.0,S1C_W0.790_r14,0.79,14
original,64,1,2.5431315104166665e-06,S1C_W0.790_r14,0.79,14
original,65,0,0.0,S1C_W0.790_r14,0.79,14
original,66,1,2.5431315104166665e-06,S1C_W0.790_r14,0.79,14
reassigned,0,8675,0.022061665852864582,S1C_W0.790_r14,0.79,14
reassigned,1,13459,0.034228006998697914,S1C_W0.790_r14,0.79,14
reassigned,2,25710,0.0653839111328125,S1C_W0.790_r14,0.79,14
reassigned,3,36861,0.09374237060546875,S1C_W0.790_r14,0.79,14
reassigned,4,42835,0.10893503824869792,S1C_W0.790_r14,0.79,14
reassigned,5,44042,0.11200459798177083,S1C_W0.790_r14,0.79,14
reassigned,6,41413,0.10531870524088542,S1C_W0.790_r14,0.79,14
reassigned,7,36609,0.09310150146484375,S1C_W0.790_r14,0.79,14
reassigned,8,30620,0.07787068684895833,S1C_W0.790_r14,0.79,14
reassigned,9,24831,0.06314849853515625,S1C_W0.790_r14,0.79,14
reassigned,10,19612,0.049875895182291664,S1C_W0.790_r14,0.79,14
reassigned,11,15383,0.039120992024739586,S1C_W0.790_r14,0.79,14
reassigned,12,11981,0.030469258626302082,S1C_W0.790_r14,0.79,14
reassigned,13,9100,0.023142496744791668,S1C_W0.790_r14,0.79,14
reassigned,14,6979,0.017748514811197918,S1C_W0.790_r14,0.79,14
reassigned,15,5353,0.013613382975260416,S1C_W0.790_r14,0.79,14
reassigned,16,4139,0.010526021321614584,S1C_W0.790_r14,0.79,14
reassigned,17,3172,0.008066813151041666,S1C_W0.790_r14,0.79,14
reassigned,18,2482,0.006312052408854167,S1C_W0.790_r14,0.79,14
reassigned,19,2030,0.005162556966145833,S1C_W0.790_r14,0.79,14
reassigned,20,1537,0.003908793131510417,S1C_W0.790_r14,0.79,14
reassigned,21,1155,0.00293731689453125,S1C_W0.790_r14,0.79,14
reassigned,22,939,0.00238800048828125,S1C_W0.790_r14,0.79,14
reassigned,23,780,0.001983642578125,S1C_W0.790_r14,0.79,14
reassigned,24,659,0.0016759236653645833,S1C_W0.790_r14,0.79,14
reassigned,25,511,0.0012995402018229167,S1C_W0.790_r14,0.79,14
reassigned,26,396,0.001007080078125,S1C_W0.790_r14,0.79,14
reassigned,27,310,0.0007883707682291666,S1C_W0.790_r14,0.79,14
reassigned,28,268,0.0006815592447916666,S1C_W0.790_r14,0.79,14
reassigned,29,231,0.00058746337890625,S1C_W0.790_r14,0.79,14
reassigned,30,167,0.0004247029622395833,S1C_W0.790_r14,0.79,14
reassigned,31,135,0.00034332275390625,S1C_W0.790_r14,0.79,14
reassigned,32,105,0.00026702880859375,S1C_W0.790_r14,0.79,14
reassigned,33,77,0.00019582112630208334,S1C_W0.790_r14,0.79,14
reassigned,34,80,0.00020345052083333334,S1C_W0.790_r14,0.79,14
reassigned,35,54,0.0001373291015625,S1C_W0.790_r14,0.79,14
reassigned,36,52,0.00013224283854166666,S1C_W0.790_r14,0.79,14
reassigned,37,43,0.00010935465494791667,S1C_W0.790_r14,0.79,14
reassigned,38,39,9.918212890625e-05,S1C_W0.790_r14,0.79,14
reassigned,39,25,6.357828776041667e-05,S1C_W0.790_r14,0.79,14
reassigned,40,21,5.340576171875e-05,S1C_W0.790_r14,0.79,14
reassigned,41,25,6.357828776041667e-05,S1C_W0.790_r14,0.79,14
reassigned,42,15,3.814697265625e-05,S1C_W0.790_r14,0.79,14
reassigned,43,11,2.7974446614583332e-05,S1C_W0.790_r14,0.79,14
reassigned,44,17,4.3233235677083336e-05,S1C_W0.790_r14,0.79,14
reassigned,45,14,3.5603841145833336e-05,S1C_W0.790_r14,0.79,14
reassigned,46,16,4.0690104166666664e-05,S1C_W0.790_r14,0.79,14
reassigned,47,14,3.5603841145833336e-05,S1C_W0.790_r14,0.79,14
reassigned,48,16,4.0690104166666664e-05,S1C_W0.790_r14,0.79,14
reassigned,49,6,1.52587890625e-05,S1C_W0.790_r14,0.79,14
reassigned,50,7,1.7801920572916668e-05,S1C_W0.790_r14,0.79,14
reassigned,51,7,1.7801920572916668e-05,S1C_W0.790_r14,0.79,14
reassigned,52,11,2.7974446614583332e-05,S1C_W0.790_r14,0.79,14
reassigned,53,3,7.62939453125e-06,S1C_W0.790_r14,0.79,14
reassigned,54,10,2.5431315104166668e-05,S1C_W0.790_r14,0.79,14
reassigned,55,12,3.0517578125e-05,S1C_W0.790_r14,0.79,14
reassigned,56,5,1.2715657552083334e-05,S1C_W0.790_r14,0.79,14
reassigned,57,7,1.7801920572916668e-05,S1C_W0.790_r14,0.79,14
reassigned,58,7,1.7801920572916668e-05,S1C_W0.790_r14,0.79,14
reassigned,59,10,2.5431315104166668e-05,S1C_W0.790_r14,0.79,14
reassigned,60,6,1.52587890625e-05,S1C_W0.790_r14,0.79,14
reassigned,61,8,2.0345052083333332e-05,S1C_W0.790_r14,0.79,14
reassigned,62,6,1.52587890625e-05,S1C_W0.790_r14,0.79,14
reassigned,63,1,2.5431315104166665e-06,S1C_W0.790_r14,0.79,14
reassigned,64,4,1.0172526041666666e-05,S1C_W0.790_r14,0.79,14
reassigned,65,1,2.5431315104166665e-06,S1C_W0.790_r14,0.79,14
reassigned,66,4,1.0172526041666666e-05,S1C_W0.790_r14,0.79,14
reassigned,67,4,1.0172526041666666e-05,S1C_W0.790_r14,0.79,14
reassigned,68,4,1.0172526041666666e-05,S1C_W0.790_r14,0.79,14
reassigned,69,3,7.62939453125e-06,S1C_W0.790_r14,0.79,14
reassigned,70,3,7.62939453125e-06,S1C_W0.790_r14,0.79,14
reassigned,71,1,2.5431315104166665e-06,S1C_W0.790_r14,0.79,14
reassigned,72,4,1.0172526041666666e-05,S1C_W0.790_r14,0.79,14
reassigned,73,4,1.0172526041666666e-05,S1C_W0.790_r14,0.79,14
reassigned,74,4,1.0172526041666666e-05,S1C_W0.790_r14,0.79,14
reassigned,75,2,5.086263020833333e-06,S1C_W0.790_r14,0.79,14
reassigned,76,3,7.62939453125e-06,S1C_W0.790_r14,0.79,14
reassigned,77,0,0.0,S1C_W0.790_r14,0.79,14
reassigned,78,1,2.5431315104166665e-06,S1C_W0.790_r14,0.79,14
reassigned,79,1,2.5431315104166665e-06,S1C_W0.790_r14,0.79,14
reassigned,80,2,5.086263020833333e-06,S1C_W0.790_r14,0.79,14
reassigned,81,2,5.086263020833333e-06,S1C_W0.790_r14,0.79,14
reassigned,82,1,2.5431315104166665e-06,S1C_W0.790_r14,0.79,14
reassigned,83,0,0.0,S1C_W0.790_r14,0.79,14
reassigned,84,5,1.2715657552083334e-05,S1C_W0.790_r14,0.79,14
reassigned,85,0,0.0,S1C_W0.790_r14,0.79,14
reassigned,86,1,2.5431315104166665e-06,S1C_W0.790_r14,0.79,14
reassigned,87,2,5.086263020833333e-06,S1C_W0.790_r14,0.79,14
reassigned,88,1,2.5431315104166665e-06,S1C_W0.790_r14,0.79,14
reassigned,89,2,5.086263020833333e-06,S1C_W0.790_r14,0.79,14
reassigned,90,5,1.2715657552083334e-05,S1C_W0.790_r14,0.79,14
reassigned,91,1,2.5431315104166665e-06,S1C_W0.790_r14,0.79,14
reassigned,92,0,0.0,S1C_W0.790_r14,0.79,14
reassigned,93,2,5.086263020833333e-06,S1C_W0.790_r14,0.79,14
reassigned,94,2,5.086263020833333e-06,S1C_W0.790_r14,0.79,14
reassigned,95,2,5.086263020833333e-06,S1C_W0.790_r14,0.79,14
reassigned,96,1,2.5431315104166665e-06,S1C_W0.790_r14,0.79,14
reassigned,97,1,2.5431315104166665e-06,S1C_W0.790_r14,0.79,14
reassigned,98,1,2.5431315104166665e-06,S1C_W0.790_r14,0.79,14
reassigned,99,1,2.5431315104166665e-06,S1C_W0.790_r14,0.79,14
reassigned,100,1,2.5431315104166665e-06,S1C_W0.790_r14,0.79,14
reassigned,101,0,0.0,S1C_W0.790_r14,0.79,14
reassigned,102,1,2.5431315104166665e-06,S1C_W0.790_r14,0.79,14
reassigned,103,0,0.0,S1C_W0.790_r14,0.79,14
reassigned,104,0,0.0,S1C_W0.790_r14,0.79,14
reassigned,105,2,5.086263020833333e-06,S1C_W0.790_r14,0.79,14
reassigned,106,0,0.0,S1C_W0.790_r14,0.79,14
reassigned,107,0,0.0,S1C_W0.790_r14,0.79,14
reassigned,108,1,2.5431315104166665e-06,S1C_W0.790_r14,0.79,14
reassigned,109,3,7.62939453125e-06,S1C_W0.790_r14,0.79,14
reassigned,110,2,5.086263020833333e-06,S1C_W0.790_r14,0.79,14
reassigned,111,3,7.62939453125e-06,S1C_W0.790_r14,0.79,14
reassigned,112,3,7.62939453125e-06,S1C_W0.790_r14,0.79,14
reassigned,113,0,0.0,S1C_W0.790_r14,0.79,14
reassigned,114,0,0.0,S1C_W0.790_r14,0.79,14
reassigned,115,0,0.0,S1C_W0.790_r14,0.79,14
reassigned,116,0,0.0,S1C_W0.790_r14,0.79,14
reassigned,117,1,2.5431315104166665e-06,S1C_W0.790_r14,0.79,14
reassigned,118,0,0.0,S1C_W0.790_r14,0.79,14
reassigned,119,0,0.0,S1C_W0.790_r14,0.79,14
reassigned,120,2,5.086263020833333e-06,S1C_W0.790_r14,0.79,14
reassigned,121,1,2.5431315104166665e-06,S1C_W0.790_r14,0.79,14
reassigned,122,1,2.5431315104166665e-06,S1C_W0.790_r14,0.79,14
reassigned,123,1,2.5431315104166665e-06,S1C_W0.790_r14,0.79,14
reassigned,124,1,2.5431315104166665e-06,S1C_W0.790_r14,0.79,14
reassigned,125,0,0.0,S1C_W0.790_r14,0.79,14
reassigned,126,0,0.0,S1C_W0.790_r14,0.79,14
reassigned,127,1,2.5431315104166665e-06,S1C_W0.790_r14,0.79,14
reassigned,128,0,0.0,S1C_W0.790_r14,0.79,14
reassigned,129,1,2.5431315104166665e-06,S1C_W0.790_r14,0.79,14
reassigned,130,0,0.0,S1C_W0.790_r14,0.79,14
reassigned,131,1,2.5431315104166665e-06,S1C_W0.790_r14,0.79,14
reassigned,132,0,0.0,S1C_W0.790_r14,0.79,14
reassigned,133,1,2.5431315104166665e-06,S1C_W0.790_r14,0.79,14
reassigned,134,0,0.0,S1C_W0.790_r14,0.79,14
reassigned,135,0,0.0,S1C_W0.790_r14,0.79,14
reassigned,136,0,0.0,S1C_W0.790_r14,0.79,14
reassigned,137,1,2.5431315104166665e-06,S1C_W0.790_r14,0.79,14
reassigned,138,0,0.0,S1C_W0.790_r14,0.79,14
reassigned,139,2,5.086263020833333e-06,S1C_W0.790_r14,0.79,14
reassigned,140,0,0.0,S1C_W0.790_r14,0.79,14
reassigned,141,0,0.0,S1C_W0.790_r14,0.79,14
reassigned,142,1,2.5431315104166665e-06,S1C_W0.790_r14,0.79,14
reassigned,143,0,0.0,S1C_W0.790_r14,0.79,14
reassigned,144,0,0.0,S1C_W0.790_r14,0.79,14
reassigned,145,0,0.0,S1C_W0.790_r14,0.79,14
reassigned,146,0,0.0,S1C_W0.790_r14,0.79,14
reassigned,147,1,2.5431315104166665e-06,S1C_W0.790_r14,0.79,14
reassigned,148,1,2.5431315104166665e-06,S1C_W0.790_r14,0.79,14
reassigned,149,1,2.5431315104166665e-06,S1C_W0.790_r14,0.79,14
reassigned,150,0,0.0,S1C_W0.790_r14,0.79,14
reassigned,151,0,0.0,S1C_W0.790_r14,0.79,14
reassigned,152,0,0.0,S1C_W0.790_r14,0.79,14
reassigned,153,0,0.0,S1C_W0.790_r14,0.79,14
reassigned,154,1,2.5431315104166665e-06,S1C_W0.790_r14,0.79,14
reassigned,155,0,0.0,S1C_W0.790_r14,0.79,14
reassigned,156,0,0.0,S1C_W0.790_r14,0.79,14
reassigned,157,1,2.5431315104166665e-06,S1C_W0.790_r14,0.79,14
reassigned,158,0,0.0,S1C_W0.790_r14,0.79,14
reassigned,159,1,2.5431315104166665e-06,S1C_W0.790_r14,0.79,14
original,0,2118,0.0053863525390625,S1C_W0.790_r15,0.79,15
original,1,5373,0.01366424560546875,S1C_W0.790_r15,0.79,15
original,2,12300,0.031280517578125,S1C_W0.790_r15,0.79,15
original,3,24266,0.061711629231770836,S1C_W0.790_r15,0.79,15
original,4,37516,0.09540812174479167,S1C_W0.790_r15,0.79,15
original,5,48092,0.12230428059895833,S1C_W0.790_r15,0.79,15
original,6,54197,0.1378300984700521,S1C_W0.790_r15,0.79,15
original,7,52857,0.13442230224609375,S1C_W0.790_r15,0.79,15
original,8,45714,0.1162567138671875,S1C_W0.790_r15,0.79,15
original,9,37116,0.094390869140625,S1C_W0.790_r15,0.79,15
original,10,26799,0.06815338134765625,S1C_W0.790_r15,0.79,15
original,11,18583,0.047259012858072914,S1C_W0.790_r15,0.79,15
original,12,11691,0.02973175048828125,S1C_W0.790_r15,0.79,15
original,13,6939,0.01764678955078125,S1C_W0.790_r15,0.79,15
original,14,4060,0.010325113932291666,S1C_W0.790_r15,0.79,15
original,15,2250,0.0057220458984375,S1C_W0.790_r15,0.79,15
original,16,1218,0.0030975341796875,S1C_W0.790_r15,0.79,15
original,17,614,0.0015614827473958333,S1C_W0.790_r15,0.79,15
original,18,347,0.0008824666341145834,S1C_W0.790_r15,0.79,15
original,19,191,0.0004857381184895833,S1C_W0.790_r15,0.79,15
original,20,118,0.0003000895182291667,S1C_W0.790_r15,0.79,15
original,21,78,0.0001983642578125,S1C_W0.790_r15,0.79,15
original,22,52,0.00013224283854166666,S1C_W0.790_r15,0.79,15
original,23,50,0.00012715657552083334,S1C_W0.790_r15,0.79,15
original,24,32,8.138020833333333e-05,S1C_W0.790_r15,0.79,15
original,25,35,8.900960286458333e-05,S1C_W0.790_r15,0.79,15
original,26,26,6.612141927083333e-05,S1C_W0.790_r15,0.79,15
original,27,44,0.00011189778645833333,S1C_W0.790_r15,0.79,15
original,28,30,7.62939453125e-05,S1C_W0.790_r15,0.79,15
original,29,30,7.62939453125e-05,S1C_W0.790_r15,0.79,15
original,30,24,6.103515625e-05,S1C_W0.790_r15,0.79,15
original,31,22,5.5948893229166664e-05,S1C_W0.790_r15,0.79,15
original,32,22,5.5948893229166664e-05,S1C_W0.790_r15,0.79,15
original,33,30,7.62939453125e-05,S1C_W0.790_r15,0.79,15
original,34,20,5.0862630208333336e-05,S1C_W0.790_r15,0.79,15
original,35,27,6.866455078125e-05,S1C_W0.790_r15,0.79,15
original,36,16,4.0690104166666664e-05,S1C_W0.790_r15,0.79,15
original,37,26,6.612141927083333e-05,S1C_W0.790_r15,0.79,15
original,38,32,8.138020833333333e-05,S1C_W0.790_r15,0.79,15
original,39,19,4.8319498697916664e-05,S1C_W0.790_r15,0.79,15
original,40,18,4.57763671875e-05,S1C_W0.790_r15,0.79,15
original,41,29,7.375081380208333e-05,S1C_W0.790_r15,0.79,15
original,42,19,4.8319498697916664e-05,S1C_W0.790_r15,0.79,15
original,43,25,6.357828776041667e-05,S1C_W0.790_r15,0.79,15
original,44,15,3.814697265625e-05,S1C_W0.790_r15,0.79,15
original,45,14,3.5603841145833336e-05,S1C_W0.790_r15,0.79,15
original,46,16,4.0690104166666664e-05,S1C_W0.790_r15,0.79,15
original,47,14,3.5603841145833336e-05,S1C_W0.790_r15,0.79,15
original,48,12,3.0517578125e-05,S1C_W0.790_r15,0.79,15
original,49,14,3.5603841145833336e-05,S1C_W0.790_r15,0.79,15
original,50,15,3.814697265625e-05,S1C_W0.790_r15,0.79,15
original,51,12,3.0517578125e-05,S1C_W0.790_r15,0.79,15
original,52,6,1.52587890625e-05,S1C_W0.790_r15,0.79,15
original,53,5,1.2715657552083334e-05,S1C_W0.790_r15,0.79,15
original,54,7,1.7801920572916668e-05,S1C_W0.790_r15,0.79,15
original,55,4,1.0172526041666666e-05,S1C_W0.790_r15,0.79,15
original,56,7,1.7801920572916668e-05,S1C_W0.790_r15,0.79,15
original,57,1,2.5431315104166665e-06,S1C_W0.790_r15,0.79,15
original,58,1,2.5431315104166665e-06,S1C_W0.790_r15,0.79,15
original,59,1,2.5431315104166665e-06,S1C_W0.790_r15,0.79,15
original,60,2,5.086263020833333e-06,S1C_W0.790_r15,0.79,15
original,61,1,2.5431315104166665e-06,S1C_W0.790_r15,0.79,15
original,62,2,5.086263020833333e-06,S1C_W0.790_r15,0.79,15
original,63,2,5.086263020833333e-06,S1C_W0.790_r15,0.79,15
reassigned,0,9628,0.024485270182291668,S1C_W0.790_r15,0.79,15
reassigned,1,13168,0.033487955729166664,S1C_W0.790_r15,0.79,15
reassigned,2,24781,0.06302134195963542,S1C_W0.790_r15,0.79,15
reassigned,3,35513,0.09031422932942708,S1C_W0.790_r15,0.79,15
reassigned,4,42202,0.10732523600260417,S1C_W0.790_r15,0.79,15
reassigned,5,43687,0.11110178629557292,S1C_W0.790_r15,0.79,15
reassigned,6,41586,0.1057586669921875,S1C_W0.790_r15,0.79,15
reassigned,7,37091,0.09432729085286458,S1C_W0.790_r15,0.79,15
reassigned,8,30938,0.07867940266927083,S1C_W0.790_r15,0.79,15
reassigned,9,25607,0.06512196858723958,S1C_W0.790_r15,0.79,15
reassigned,10,20426,0.051946004231770836,S1C_W0.790_r15,0.79,15
reassigned,11,15951,0.04056549072265625,S1C_W0.790_r15,0.79,15
reassigned,12,12243,0.03113555908203125,S1C_W0.790_r15,0.79,15
reassigned,13,9278,0.023595174153645832,S1C_W0.790_r15,0.79,15
reassigned,14,7067,0.017972310384114582,S1C_W0.790_r15,0.79,15
reassigned,15,5304,0.01348876953125,S1C_W0.790_r15,0.79,15
reassigned,16,4000,0.010172526041666666,S1C_W0.790_r15,0.79,15
reassigned,17,3167,0.008054097493489584,S1C_W0.790_r15,0.79,15
reassigned,18,2375,0.006039937337239583,S1C_W0.790_r15,0.79,15
reassigned,19,1840,0.004679361979166667,S1C_W0.790_r15,0.79,15
reassigned,20,1435,0.0036493937174479165,S1C_W0.790_r15,0.79,15
reassigned,21,1113,0.00283050537109375,S1C_W0.790_r15,0.79,15
reassigned,22,924,0.002349853515625,S1C_W0.790_r15,0.79,15
reassigned,23,678,0.0017242431640625,S1C_W0.790_r15,0.79,15
reassigned,24,562,0.0014292399088541667,S1C_W0.790_r15,0.79,15
reassigned,25,458,0.0011647542317708333,S1C_W0.790_r15,0.79,15
reassigned,26,383,0.0009740193684895834,S1C_W0.790_r15,0.79,15
reassigned,27,308,0.0007832845052083334,S1C_W0.790_r15,0.79,15
reassigned,28,214,0.0005442301432291666,S1C_W0.790_r15,0.79,15
reassigned,29,195,0.00049591064453125,S1C_W0.790_r15,0.79,15
reassigned,30,154,0.0003916422526041667,S1C_W0.790_r15,0.79,15
reassigned,31,141,0.00035858154296875,S1C_W0.790_r15,0.79,15
reassigned,32,97,0.0002466837565104167,S1C_W0.790_r15,0.79,15
reassigned,33,83,0.00021107991536458334,S1C_W0.790_r15,0.79,15
reassigned,34,65,0.00016530354817708334,S1C_W0.790_r15,0.79,15
reassigned,35,54,0.0001373291015625,S1C_W0.790_r15,0.79,15
reassigned,36,33,8.392333984375e-05,S1C_W0.790_r15,0.79,15
reassigned,37,35,8.900960286458333e-05,S1C_W0.790_r15,0.79,15
reassigned,38,34,8.646647135416667e-05,S1C_W0.790_r15,0.79,15
reassigned,39,30,7.62939453125e-05,S1C_W0.790_r15,0.79,15
reassigned,40,30,7.62939453125e-05,S1C_W0.790_r15,0.79,15
reassigned,41,28,7.120768229166667e-05,S1C_W0.790_r15,0.79,15
reassigned,42,18,4.57763671875e-05,S1C_W0.790_r15,0.79,15
reassigned,43,23,5.8492024739583336e-05,S1C_W0.790_r15,0.79,15
reassigned,44,20,5.0862630208333336e-05,S1C_W0.790_r15,0.79,15
reassigned,45,14,3.5603841145833336e-05,S1C_W0.790_r15,0.79,15
reassigned,46,11,2.7974446614583332e-05,S1C_W0.790_r15,0.79,15
reassigned,47,14,3.5603841145833336e-05,S1C_W0.790_r15,0.79,15
reassigned,48,7,1.7801920572916668e-05,S1C_W0.790_r15,0.79,15
reassigned,49,9,2.288818359375e-05,S1C_W0.790_r15,0.79,15
reassigned,50,16,4.0690104166666664e-05,S1C_W0.790_r15,0.79,15
reassigned,51,12,3.0517578125e-05,S1C_W0.790_r15,0.79,15
reassigned,52,11,2.7974446614583332e-05,S1C_W0.790_r15,0.79,15
reassigned,53,7,1.7801920572916668e-05,S1C_W0.790_r15,0.79,15
reassigned,54,7,1.7801920572916668e-05,S1C_W0.790_r15,0.79,15
reassigned,55,6,1.52587890625e-05,S1C_W0.790_r15,0.79,15
reassigned,56,7,1.7801920572916668e-05,S1C_W0.790_r15,0.79,15
reassigned,57,6,1.52587890625e-05,S1C_W0.790_r15,0.79,15
reassigned,58,7,1.7801920572916668e-05,S1C_W0.790_r15,0.79,15
reassigned,59,5,1.2715657552083334e-05,S1C_W0.790_r15,0.79,15
reassigned,60,6,1.52587890625e-05,S1C_W0.790_r15,0.79,15
reassigned,61,5,1.2715657552083334e-05,S1C_W0.790_r15,0.79,15
reassigned,62,9,2.288818359375e-05,S1C_W0.790_r15,0.79,15
reassigned,63,6,1.52587890625e-05,S1C_W0.790_r15,0.79,15
reassigned,64,3,7.62939453125e-06,S1C_W0.790_r15,0.79,15
reassigned,65,5,1.2715657552083334e-05,S1C_W0.790_r15,0.79,15
reassigned,66,6,1.52587890625e-05,S1C_W0.790_r15,0.79,15
reassigned,67,3,7.62939453125e-06,S1C_W0.790_r15,0.79,15
reassigned,68,4,1.0172526041666666e-05,S1C_W0.790_r15,0.79,15
reassigned,69,1,2.5431315104166665e-06,S1C_W0.790_r15,0.79,15
reassigned,70,2,5.086263020833333e-06,S1C_W0.790_r15,0.79,15
reassigned,71,0,0.0,S1C_W0.790_r15,0.79,15
reassigned,72,2,5.086263020833333e-06,S1C_W0.790_r15,0.79,15
reassigned,73,3,7.62939453125e-06,S1C_W0.790_r15,0.79,15
reassigned,74,6,1.52587890625e-05,S1C_W0.790_r15,0.79,15
reassigned,75,2,5.086263020833333e-06,S1C_W0.790_r15,0.79,15
reassigned,76,2,5.086263020833333e-06,S1C_W0.790_r15,0.79,15
reassigned,77,3,7.62939453125e-06,S1C_W0.790_r15,0.79,15
reassigned,78,2,5.086263020833333e-06,S1C_W0.790_r15,0.79,15
reassigned,79,1,2.5431315104166665e-06,S1C_W0.790_r15,0.79,15
reassigned,80,1,2.5431315104166665e-06,S1C_W0.790_r15,0.79,15
reassigned,81,1,2.5431315104166665e-06,S1C_W0.790_r15,0.79,15
reassigned,82,1,2.5431315104166665e-06,S1C_W0.790_r15,0.79,15
reassigned,83,1,2.5431315104166665e-06,S1C_W0.790_r15,0.79,15
reassigned,84,3,7.62939453125e-06,S1C_W0.790_r15,0.79,15
reassigned,85,0,0.0,S1C_W0.790_r15,0.79,15
reassigned,86,0,0.0,S1C_W0.790_r15,0.79,15
reassigned,87,1,2.5431315104166665e-06,S1C_W0.790_r15,0.79,15
reassigned,88,1,2.5431315104166665e-06,S1C_W0.790_r15,0.79,15
reassigned,89,2,5.086263020833333e-06,S1C_W0.790_r15,0.79,15
reassigned,90,1,2.5431315104166665e-06,S1C_W0.790_r15,0.79,15
reassigned,91,1,2.5431315104166665e-06,S1C_W0.790_r15,0.79,15
reassigned,92,0,0.0,S1C_W0.790_r15,0.79,15
reassigned,93,0,0.0,S1C_W0.790_r15,0.79,15
reassigned,94,2,5.086263020833333e-06,S1C_W0.790_r15,0.79,15
reassigned,95,0,0.0,S1C_W0.790_r15,0.79,15
reassigned,96,0,0.0,S1C_W0.790_r15,0.79,15
reassigned,97,0,0.0,S1C_W0.790_r15,0.79,15
reassigned,98,1,2.5431315104166665e-06,S1C_W0.790_r15,0.79,15
reassigned,99,4,1.0172526041666666e-05,S1C_W0.790_r15,0.79,15
reassigned,100,1,2.5431315104166665e-06,S1C_W0.790_r15,0.79,15
reassigned,101,1,2.5431315104166665e-06,S1C_W0.790_r15,0.79,15
reassigned,102,1,2.5431315104166665e-06,S1C_W0.790_r15,0.79,15
reassigned,103,1,2.5431315104166665e-06,S1C_W0.790_r15,0.79,15
reassigned,104,0,0.0,S1C_W0.790_r15,0.79,15
reassigned,105,0,0.0,S1C_W0.790_r15,0.79,15
reassigned,106,0,0.0,S1C_W0.790_r15,0.79,15
reassigned,107,0,0.0,S1C_W0.790_r15,0.79,15
reassigned,108,3,7.62939453125e-06,S1C_W0.790_r15,0.79,15
reassigned,109,0,0.0,S1C_W0.790_r15,0.79,15
reassigned,110,1,2.5431315104166665e-06,S1C_W0.790_r15,0.79,15
reassigned,111,0,0.0,S1C_W0.790_r15,0.79,15
reassigned,112,1,2.5431315104166665e-06,S1C_W0.790_r15,0.79,15
reassigned,113,0,0.0,S1C_W0.790_r15,0.79,15
reassigned,114,1,2.5431315104166665e-06,S1C_W0.790_r15,0.79,15
reassigned,115,0,0.0,S1C_W0.790_r15,0.79,15
reassigned,116,1,2.5431315104166665e-06,S1C_W0.790_r15,0.79,15
reassigned,117,0,0.0,S1C_W0.790_r15,0.79,15
reassigned,118,0,0.0,S1C_W0.790_r15,0.79,15
reassigned,119,0,0.0,S1C_W0.790_r15,0.79,15
reassigned,120,1,2.5431315104166665e-06,S1C_W0.790_r15,0.79,15
reassigned,121,0,0.0,S1C_W0.790_r15,0.79,15
reassigned,122,0,0.0,S1C_W0.790_r15,0.79,15
reassigned,123,0,0.0,S1C_W0.790_r15,0.79,15
reassigned,124,0,0.0,S1C_W0.790_r15,0.79,15
reassigned,125,0,0.0,S1C_W0.790_r15,0.79,15
reassigned,126,1,2.5431315104166665e-06,S1C_W0.790_r15,0.79,15
reassigned,127,1,2.5431315104166665e-06,S1C_W0.790_r15,0.79,15
reassigned,128,0,0.0,S1C_W0.790_r15,0.79,15
reassigned,129,1,2.5431315104166665e-06,S1C_W0.790_r15,0.79,15
reassigned,130,0,0.0,S1C_W0.790_r15,0.79,15
reassigned,131,0,0.0,S1C_W0.790_r15,0.79,15
reassigned,132,0,0.0,S1C_W0.790_r15,0.79,15
reassigned,133,1,2.5431315104166665e-06,S1C_W0.790_r15,0.79,15
reassigned,134,0,0.0,S1C_W0.790_r15,0.79,15
reassigned,135,0,0.0,S1C_W0.790_r15,0.79,15
reassigned,136,0,0.0,S1C_W0.790_r15,0.79,15
reassigned,137,0,0.0,S1C_W0.790_r15,0.79,15
reassigned,138,0,0.0,S1C_W0.790_r15,0.79,15
reassigned,139,0,0.0,S1C_W0.790_r15,0.79,15
reassigned,140,1,2.5431315104166665e-06,S1C_W0.790_r15,0.79,15
reassigned,141,1,2.5431315104166665e-06,S1C_W0.790_r15,0.79,15
reassigned,142,0,0.0,S1C_W0.790_r15,0.79,15
reassigned,143,0,0.0,S1C_W0.790_r15,0.79,15
reassigned,144,1,2.5431315104166665e-06,S1C_W0.790_r15,0.79,15
original,0,1998,0.0050811767578125,S1C_W0.800_r00,0.8,0
original,1,5192,0.013203938802083334,S1C_W0.800_r00,0.8,0
original,2,12501,0.03179168701171875,S1C_W0.800_r00,0.8,0
original,3,23849,0.060651143391927086,S1C_W0.800_r00,0.8,0
original,4,37551,0.09549713134765625,S1C_W0.800_r00,0.8,0
original,5,49046,0.12473042805989583,S1C_W0.800_r00,0.8,0
original,6,54147,0.13770294189453125,S1C_W0.800_r00,0.8,0
original,7,52869,0.13445281982421875,S1C_W0.800_r00,0.8,0
original,8,45893,0.11671193440755208,S1C_W0.800_r00,0.8,0
original,9,36574,0.09301249186197917,S1C_W0.800_r00,0.8,0
original,10,26800,0.06815592447916667,S1C_W0.800_r00,0.8,0
original,11,18399,0.04679107666015625,S1C_W0.800_r00,0.8,0
original,12,11779,0.029955546061197918,S1C_W0.800_r00,0.8,0
original,13,6995,0.017789204915364582,S1C_W0.800_r00,0.8,0
original,14,4028,0.010243733723958334,S1C_W0.800_r00,0.8,0
original,15,2219,0.005643208821614583,S1C_W0.800_r00,0.8,0
original,16,1239,0.00315093994140625,S1C_W0.800_r00,0.8,0
original,17,587,0.0014928181966145833,S1C_W0.800_r00,0.8,0
original,18,348,0.000885009765625,S1C_W0.800_r00,0.8,0
original,19,204,0.000518798828125,S1C_W0.800_r00,0.8,0
original,20,103,0.0002619425455729167,S1C_W0.800_r00,0.8,0
original,21,85,0.00021616617838541666,S1C_W0.800_r00,0.8,0
original,22,60,0.000152587890625,S1C_W0.800_r00,0.8,0
original,23,47,0.00011952718098958333,S1C_W0.800_r00,0.8,0
original,24,35,8.900960286458333e-05,S1C_W0.800_r00,0.8,0
original,25,42,0.0001068115234375,S1C_W0.800_r00,0.8,0
original,26,33,8.392333984375e-05,S1C_W0.800_r00,0.8,0
original,27,39,9.918212890625e-05,S1C_W0.800_r00,0.8,0
original,28,37,9.409586588541667e-05,S1C_W0.800_r00,0.8,0
original,29,37,9.409586588541667e-05,S1C_W0.800_r00,0.8,0
original,30,26,6.612141927083333e-05,S1C_W0.800_r00,0.8,0
original,31,18,4.57763671875e-05,S1C_W0.800_r00,0.8,0
original,32,25,6.357828776041667e-05,S1C_W0.800_r00,0.8,0
original,33,29,7.375081380208333e-05,S1C_W0.800_r00,0.8,0
original,34,33,8.392333984375e-05,S1C_W0.800_r00,0.8,0
original,35,25,6.357828776041667e-05,S1C_W0.800_r00,0.8,0
original,36,13,3.3060709635416664e-05,S1C_W0.800_r00,0.8,0
original,37,34,8.646647135416667e-05,S1C_W0.800_r00,0.8,0
original,38,23,5.8492024739583336e-05,S1C_W0.800_r00,0.8,0
original,39,17,4.3233235677083336e-05,S1C_W0.800_r00,0.8,0
original,40,16,4.0690104166666664e-05,S1C_W0.800_r00,0.8,0
original,41,21,5.340576171875e-05,S1C_W0.800_r00,0.8,0
original,42,17,4.3233235677083336e-05,S1C_W0.800_r00,0.8,0
original,43,20,5.0862630208333336e-05,S1C_W0.800_r00,0.8,0
original,44,12,3.0517578125e-05,S1C_W0.800_r00,0.8,0
original,45,15,3.814697265625e-05,S1C_W0.800_r00,0.8,0
original,46,16,4.0690104166666664e-05,S1C_W0.800_r00,0.8,0
original,47,17,4.3233235677083336e-05,S1C_W0.800_r00,0.8,0
original,48,15,3.814697265625e-05,S1C_W0.800_r00,0.8,0
original,49,6,1.52587890625e-05,S1C_W0.800_r00,0.8,0
original,50,17,4.3233235677083336e-05,S1C_W0.800_r00,0.8,0
original,51,7,1.7801920572916668e-05,S1C_W0.800_r00,0.8,0
original,52,10,2.5431315104166668e-05,S1C_W0.800_r00,0.8,0
original,53,7,1.7801920572916668e-05,S1C_W0.800_r00,0.8,0
original,54,10,2.5431315104166668e-05,S1C_W0.800_r00,0.8,0
original,55,5,1.2715657552083334e-05,S1C_W0.800_r00,0.8,0
original,56,8,2.0345052083333332e-05,S1C_W0.800_r00,0.8,0
original,57,8,2.0345052083333332e-05,S1C_W0.800_r00,0.8,0
original,58,2,5.086263020833333e-06,S1C_W0.800_r00,0.8,0
original,59,0,0.0,S1C_W0.800_r00,0.8,0
original,60,2,5.086263020833333e-06,S1C_W0.800_r00,0.8,0
original,61,1,2.5431315104166665e-06,S1C_W0.800_r00,0.8,0
original,62,1,2.5431315104166665e-06,S1C_W0.800_r00,0.8,0
original,63,2,5.086263020833333e-06,S1C_W0.800_r00,0.8,0
original,64,1,2.5431315104166665e-06,S1C_W0.800_r00,0.8,0
original,65,0,0.0,S1C_W0.800_r00,0.8,0
original,66,1,2.5431315104166665e-06,S1C_W0.800_r00,0.8,0
reassigned,0,8065,0.020510355631510418,S1C_W0.800_r00,0.8,0
reassigned,1,13232,0.033650716145833336,S1C_W0.800_r00,0.8,0
reassigned,2,25467,0.06476593017578125,S1C_W0.800_r00,0.8,0
reassigned,3,36520,0.09287516276041667,S1C_W0.800_r00,0.8,0
reassigned,4,43127,0.10967763264973958,S1C_W0.800_r00,0.8,0
reassigned,5,44353,0.11279551188151042,S1C_W0.800_r00,0.8,0
reassigned,6,41893,0.10653940836588542,S1C_W0.800_r00,0.8,0
reassigned,7,36601,0.09308115641276042,S1C_W0.800_r00,0.8,0
reassigned,8,31107,0.07910919189453125,S1C_W0.800_r00,0.8,0
reassigned,9,25135,0.06392161051432292,S1C_W0.800_r00,0.8,0
reassigned,10,19907,0.050626118977864586,S1C_W0.800_r00,0.8,0
reassigned,11,15545,0.039532979329427086,S1C_W0.800_r00,0.8,0
reassigned,12,12047,0.030637105305989582,S1C_W0.800_r00,0.8,0
reassigned,13,9229,0.023470560709635418,S1C_W0.800_r00,0.8,0
reassigned,14,7132,0.018137613932291668,S1C_W0.800_r00,0.8,0
reassigned,15,5198,0.013219197591145834,S1C_W0.800_r00,0.8,0
reassigned,16,4037,0.010266621907552084,S1C_W0.800_r00,0.8,0
reassigned,17,3173,0.008069356282552084,S1C_W0.800_r00,0.8,0
reassigned,18,2417,0.006146748860677083,S1C_W0.800_r00,0.8,0
reassigned,19,1886,0.004796346028645833,S1C_W0.800_r00,0.8,0
reassigned,20,1504,0.0038248697916666665,S1C_W0.800_r00,0.8,0
reassigned,21,1134,0.0028839111328125,S1C_W0.800_r00,0.8,0
reassigned,22,849,0.00215911865234375,S1C_W0.800_r00,0.8,0
reassigned,23,637,0.0016199747721354167,S1C_W0.800_r00,0.8,0
reassigned,24,557,0.0014165242513020833,S1C_W0.800_r00,0.8,0
reassigned,25,373,0.0009485880533854166,S1C_W0.800_r00,0.8,0
reassigned,26,338,0.0008595784505208334,S1C_W0.800_r00,0.8,0
reassigned,27,264,0.00067138671875,S1C_W0.800_r00,0.8,0
reassigned,28,201,0.00051116943359375,S1C_W0.800_r00,0.8,0
reassigned,29,156,0.000396728515625,S1C_W0.800_r00,0.8,0
reassigned,30,118,0.0003000895182291667,S1C_W0.800_r00,0.8,0
reassigned,31,99,0.00025177001953125,S1C_W0.800_r00,0.8,0
reassigned,32,67,0.00017038981119791666,S1C_W0.800_r00,0.8,0
reassigned,33,56,0.00014241536458333334,S1C_W0.800_r00,0.8,0
reassigned,34,59,0.00015004475911458334,S1C_W0.800_r00,0.8,0
reassigned,35,42,0.0001068115234375,S1C_W0.800_r00,0.8,0
reassigned,36,43,0.00010935465494791667,S1C_W0.800_r00,0.8,0
reassigned,37,41,0.00010426839192708333,S1C_W0.800_r00,0.8,0
reassigned,38,39,9.918212890625e-05,S1C_W0.800_r00,0.8,0
reassigned,39,32,8.138020833333333e-05,S1C_W0.800_r00,0.8,0
reassigned,40,28,7.120768229166667e-05,S1C_W0.800_r00,0.8,0
reassigned,41,24,6.103515625e-05,S1C_W0.800_r00,0.8,0
reassigned,42,20,5.0862630208333336e-05,S1C_W0.800_r00,0.8,0
reassigned,43,24,6.103515625e-05,S1C_W0.800_r00,0.8,0
reassigned,44,17,4.3233235677083336e-05,S1C_W0.800_r00,0.8,0
reassigned,45,14,3.5603841145833336e-05,S1C_W0.800_r00,0.8,0
reassigned,46,18,4.57763671875e-05,S1C_W0.800_r00,0.8,0
reassigned,47,17,4.3233235677083336e-05,S1C_W0.800_r00,0.8,0
reassigned,48,16,4.0690104166666664e-05,S1C_W0.800_r00,0.8,0
reassigned,49,9,2.288818359375e-05,S1C_W0.800_r00,0.8,0
reassigned,50,15,3.814697265625e-05,S1C_W0.800_r00,0.8,0
reassigned,51,9,2.288818359375e-05,S1C_W0.800_r00,0.8,0
reassigned,52,6,1.52587890625e-05,S1C_W0.800_r00,0.8,0
reassigned,53,10,2.5431315104166668e-05,S1C_W0.800_r00,0.8,0
reassigned,54,15,3.814697265625e-05,S1C_W0.800_r00,0.8,0
reassigned,55,12,3.0517578125e-05,S1C_W0.800_r00,0.8,0
reassigned,56,7,1.7801920572916668e-05,S1C_W0.800_r00,0.8,0
reassigned,57,9,2.288818359375e-05,S1C_W0.800_r00,0.8,0
reassigned,58,9,2.288818359375e-05,S1C_W0.800_r00,0.8,0
reassigned,59,8,2.0345052083333332e-05,S1C_W0.800_r00,0.8,0
reassigned,60,9,2.288818359375e-05,S1C_W0.800_r00,0.8,0
reassigned,61,8,2.0345052083333332e-05,S1C_W0.800_r00,0.8,0
reassigned,62,9,2.288818359375e-05,S1C_W0.800_r00,0.8,0
reassigned,63,6,1.52587890625e-05,S1C_W0.800_r00,0.8,0
reassigned,64,5,1.2715657552083334e-05,S1C_W0.800_r00,0.8,0
reassigned,65,5,1.2715657552083334e-05,S1C_W0.800_r00,0.8,0
reassigned,66,7,1.7801920572916668e-05,S1C_W0.800_r00,0.8,0
reassigned,67,6,1.52587890625e-05,S1C_W0.800_r00,0.8,0
reassigned,68,12,3.0517578125e-05,S1C_W0.800_r00,0.8,0
reassigned,69,7,1.7801920572916668e-05,S1C_W0.800_r00,0.8,0
reassigned,70,2,5.086263020833333e-06,S1C_W0.800_r00,0.8,0
reassigned,71,7,1.7801920572916668e-05,S1C_W0.800_r00,0.8,0
reassigned,72,2,5.086263020833333e-06,S1C_W0.800_r00,0.8,0
reassigned,73,9,2.288818359375e-05,S1C_W0.800_r00,0.8,0
reassigned,74,0,0.0,S1C_W0.800_r00,0.8,0
reassigned,75,5,1.2715657552083334e-05,S1C_W0.800_r00,0.8,0
reassigned,76,4,1.0172526041666666e-05,S1C_W0.800_r00,0.8,0
reassigned,77,3,7.62939453125e-06,S1C_W0.800_r00,0.8,0
reassigned,78,6,1.52587890625e-05,S1C_W0.800_r00,0.8,0
reassigned,79,4,1.0172526041666666e-05,S1C_W0.800_r00,0.8,0
reassigned,80,1,2.5431315104166665e-06,S1C_W0.800_r00,0.8,0
reassigned,81,8,2.0345052083333332e-05,S1C_W0.800_r00,0.8,0
reassigned,82,5,1.2715657552083334e-05,S1C_W0.800_r00,0.8,0
reassigned,83,8,2.0345052083333332e-05,S1C_W0.800_r00,0.8,0
reassigned,84,2,5.086263020833333e-06,S1C_W0.800_r00,0.8,0
reassigned,85,4,1.0172526041666666e-05,S1C_W0.800_r00,0.8,0
reassigned,86,5,1.2715657552083334e-05,S1C_W0.800_r00,0.8,0
reassigned,87,2,5.086263020833333e-06,S1C_W0.800_r00,0.8,0
reassigned,88,1,2.5431315104166665e-06,S1C_W0.800_r00,0.8,0
reassigned,89,3,7.62939453125e-06,S1C_W0.800_r00,0.8,0
reassigned,90,4,1.0172526041666666e-05,S1C_W0.800_r00,0.8,0
reassigned,91,2,5.086263020833333e-06,S1C_W0.800_r00,0.8,0
reassigned,92,4,1.0172526041666666e-05,S1C_W0.800_r00,0.8,0
reassigned,93,2,5.086263020833333e-06,S1C_W0.800_r00,0.8,0
reassigned,94,5,1.2715657552083334e-05,S1C_W0.800_r00,0.8,0
reassigned,95,2,5.086263020833333e-06,S1C_W0.800_r00,0.8,0
reassigned,96,4,1.0172526041666666e-05,S1C_W0.800_r00,0.8,0
reassigned,97,1,2.5431315104166665e-06,S1C_W0.800_r00,0.8,0
reassigned,98,2,5.086263020833333e-06,S1C_W0.800_r00,0.8,0
reassigned,99,3,7.62939453125e-06,S1C_W0.800_r00,0.8,0
reassigned,100,7,1.7801920572916668e-05,S1C_W0.800_r00,0.8,0
reassigned,101,1,2.5431315104166665e-06,S1C_W0.800_r00,0.8,0
reassigned,102,1,2.5431315104166665e-06,S1C_W0.800_r00,0.8,0
reassigned,103,0,0.0,S1C_W0.800_r00,0.8,0
reassigned,104,4,1.0172526041666666e-05,S1C_W0.800_r00,0.8,0
reassigned,105,1,2.5431315104166665e-06,S1C_W0.800_r00,0.8,0
reassigned,106,0,0.0,S1C_W0.800_r00,0.8,0
reassigned,107,1,2.5431315104166665e-06,S1C_W0.800_r00,0.8,0
reassigned,108,1,2.5431315104166665e-06,S1C_W0.800_r00,0.8,0
reassigned,109,1,2.5431315104166665e-06,S1C_W0.800_r00,0.8,0
reassigned,110,2,5.086263020833333e-06,S1C_W0.800_r00,0.8,0
reassigned,111,3,7.62939453125e-06,S1C_W0.800_r00,0.8,0
reassigned,112,1,2.5431315104166665e-06,S1C_W0.800_r00,0.8,0
reassigned,113,0,0.0,S1C_W0.800_r00,0.8,0
reassigned,114,3,7.62939453125e-06,S1C_W0.800_r00,0.8,0
reassigned,115,1,2.5431315104166665e-06,S1C_W0.800_r00,0.8,0
reassigned,116,2,5.086263020833333e-06,S1C_W0.800_r00,0.8,0
reassigned,117,0,0.0,S1C_W0.800_r00,0.8,0
reassigned,118,0,0.0,S1C_W0.800_r00,0.8,0
reassigned,119,1,2.5431315104166665e-06,S1C_W0.800_r00,0.8,0
reassigned,120,2,5.086263020833333e-06,S1C_W0.800_r00,0.8,0
reassigned,121,3,7.62939453125e-06,S1C_W0.800_r00,0.8,0
reassigned,122,0,0.0,S1C_W0.800_r00,0.8,0
reassigned,123,2,5.086263020833333e-06,S1C_W0.800_r00,0.8,0
reassigned,124,0,0.0,S1C_W0.800_r00,0.8,0
reassigned,125,0,0.0,S1C_W0.800_r00,0.8,0
reassigned,126,1,2.5431315104166665e-06,S1C_W0.800_r00,0.8,0
reassigned,127,0,0.0,S1C_W0.800_r00,0.8,0
reassigned,128,0,0.0,S1C_W0.800_r00,0.8,0
reassigned,129,1,2.5431315104166665e-06,S1C_W0.800_r00,0.8,0
reassigned,130,1,2.5431315104166665e-06,S1C_W0.800_r00,0.8,0
reassigned,131,0,0.0,S1C_W0.800_r00,0.8,0
reassigned,132,0,0.0,S1C_W0.800_r00,0.8,0
reassigned,133,1,2.5431315104166665e-06,S1C_W0.800_r00,0.8,0
reassigned,134,1,2.5431315104166665e-06,S1C_W0.800_r00,0.8,0
reassigned,135,1,2.5431315104166665e-06,S1C_W0.800_r00,0.8,0
reassigned,136,2,5.086263020833333e-06,S1C_W0.800_r00,0.8,0
reassigned,137,0,0.0,S1C_W0.800_r00,0.8,0
reassigned,138,2,5.086263020833333e-06,S1C_W0.800_r00,0.8,0
reassigned,139,0,0.0,S1C_W0.800_r00,0.8,0
reassigned,140,1,2.5431315104166665e-06,S1C_W0.800_r00,0.8,0
reassigned,141,2,5.086263020833333e-06,S1C_W0.800_r00,0.8,0
reassigned,142,1,2.5431315104166665e-06,S1C_W0.800_r00,0.8,0
reassigned,143,1,2.5431315104166665e-06,S1C_W0.800_r00,0.8,0
reassigned,144,0,0.0,S1C_W0.800_r00,0.8,0
reassigned,145,1,2.5431315104166665e-06,S1C_W0.800_r00,0.8,0
reassigned,146,0,0.0,S1C_W0.800_r00,0.8,0
reassigned,147,0,0.0,S1C_W0.800_r00,0.8,0
reassigned,148,0,0.0,S1C_W0.800_r00,0.8,0
reassigned,149,1,2.5431315104166665e-06,S1C_W0.800_r00,0.8,0
reassigned,150,0,0.0,S1C_W0.800_r00,0.8,0
reassigned,151,1,2.5431315104166665e-06,S1C_W0.800_r00,0.8,0
reassigned,152,2,5.086263020833333e-06,S1C_W0.800_r00,0.8,0
reassigned,153,0,0.0,S1C_W0.800_r00,0.8,0
reassigned,154,1,2.5431315104166665e-06,S1C_W0.800_r00,0.8,0
reassigned,155,0,0.0,S1C_W0.800_r00,0.8,0
reassigned,156,0,0.0,S1C_W0.800_r00,0.8,0
reassigned,157,1,2.5431315104166665e-06,S1C_W0.800_r00,0.8,0
reassigned,158,0,0.0,S1C_W0.800_r00,0.8,0
reassigned,159,0,0.0,S1C_W0.800_r00,0.8,0
reassigned,160,0,0.0,S1C_W0.800_r00,0.8,0
reassigned,161,0,0.0,S1C_W0.800_r00,0.8,0
reassigned,162,0,0.0,S1C_W0.800_r00,0.8,0
reassigned,163,0,0.0,S1C_W0.800_r00,0.8,0
reassigned,164,0,0.0,S1C_W0.800_r00,0.8,0
reassigned,165,0,0.0,S1C_W0.800_r00,0.8,0
reassigned,166,0,0.0,S1C_W0.800_r00,0.8,0
reassigned,167,0,0.0,S1C_W0.800_r00,0.8,0
reassigned,168,0,0.0,S1C_W0.800_r00,0.8,0
reassigned,169,1,2.5431315104166665e-06,S1C_W0.800_r00,0.8,0
reassigned,170,0,0.0,S1C_W0.800_r00,0.8,0
reassigned,171,0,0.0,S1C_W0.800_r00,0.8,0
reassigned,172,0,0.0,S1C_W0.800_r00,0.8,0
reassigned,173,2,5.086263020833333e-06,S1C_W0.800_r00,0.8,0
reassigned,174,1,2.5431315104166665e-06,S1C_W0.800_r00,0.8,0
reassigned,175,2,5.086263020833333e-06,S1C_W0.800_r00,0.8,0
original,0,1890,0.0048065185546875,S1C_W0.800_r01,0.8,1
original,1,5214,0.0132598876953125,S1C_W0.800_r01,0.8,1
original,2,12451,0.031664530436197914,S1C_W0.800_r01,0.8,1
original,3,23976,0.06097412109375,S1C_W0.800_r01,0.8,1
original,4,37680,0.0958251953125,S1C_W0.800_r01,0.8,1
original,5,48860,0.12425740559895833,S1C_W0.800_r01,0.8,1
original,6,54160,0.13773600260416666,S1C_W0.800_r01,0.8,1
original,7,52487,0.1334813435872396,S1C_W0.800_r01,0.8,1
original,8,46200,0.11749267578125,S1C_W0.800_r01,0.8,1
original,9,36440,0.09267171223958333,S1C_W0.800_r01,0.8,1
original,10,26992,0.06864420572916667,S1C_W0.800_r01,0.8,1
original,11,18532,0.047129313151041664,S1C_W0.800_r01,0.8,1
original,12,11758,0.029902140299479168,S1C_W0.800_r01,0.8,1
original,13,7180,0.018259684244791668,S1C_W0.800_r01,0.8,1
original,14,3912,0.00994873046875,S1C_W0.800_r01,0.8,1
original,15,2183,0.005551656087239583,S1C_W0.800_r01,0.8,1
original,16,1242,0.0031585693359375,S1C_W0.800_r01,0.8,1
original,17,602,0.0015309651692708333,S1C_W0.800_r01,0.8,1
original,18,293,0.0007451375325520834,S1C_W0.800_r01,0.8,1
original,19,185,0.0004704793294270833,S1C_W0.800_r01,0.8,1
original,20,95,0.00024159749348958334,S1C_W0.800_r01,0.8,1
original,21,82,0.00020853678385416666,S1C_W0.800_r01,0.8,1
original,22,63,0.00016021728515625,S1C_W0.800_r01,0.8,1
original,23,41,0.00010426839192708333,S1C_W0.800_r01,0.8,1
original,24,40,0.00010172526041666667,S1C_W0.800_r01,0.8,1
original,25,46,0.00011698404947916667,S1C_W0.800_r01,0.8,1
original,26,44,0.00011189778645833333,S1C_W0.800_r01,0.8,1
original,27,27,6.866455078125e-05,S1C_W0.800_r01,0.8,1
original,28,28,7.120768229166667e-05,S1C_W0.800_r01,0.8,1
original,29,32,8.138020833333333e-05,S1C_W0.800_r01,0.8,1
original,30,36,9.1552734375e-05,S1C_W0.800_r01,0.8,1
original,31,21,5.340576171875e-05,S1C_W0.800_r01,0.8,1
original,32,24,6.103515625e-05,S1C_W0.800_r01,0.8,1
original,33,23,5.8492024739583336e-05,S1C_W0.800_r01,0.8,1
original,34,23,5.8492024739583336e-05,S1C_W0.800_r01,0.8,1
original,35,25,6.357828776041667e-05,S1C_W0.800_r01,0.8,1
original,36,26,6.612141927083333e-05,S1C_W0.800_r01,0.8,1
original,37,27,6.866455078125e-05,S1C_W0.800_r01,0.8,1
original,38,21,5.340576171875e-05,S1C_W0.800_r01,0.8,1
original,39,18,4.57763671875e-05,S1C_W0.800_r01,0.8,1
original,40,19,4.8319498697916664e-05,S1C_W0.800_r01,0.8,1
original,41,20,5.0862630208333336e-05,S1C_W0.800_r01,0.8,1
original,42,29,7.375081380208333e-05,S1C_W0.800_r01,0.8,1
original,43,22,5.5948893229166664e-05,S1C_W0.800_r01,0.8,1
original,44,24,6.103515625e-05,S1C_W0.800_r01,0.8,1
original,45,12,3.0517578125e-05,S1C_W0.800_r01,0.8,1
original,46,23,5.8492024739583336e-05,S1C_W0.800_r01,0.8,1
original,47,19,4.8319498697916664e-05,S1C_W0.800_r01,0.8,1
original,48,9,2.288818359375e-05,S1C_W0.800_r01,0.8,1
original,49,8,2.0345052083333332e-05,S1C_W0.800_r01,0.8,1
original,50,7,1.7801920572916668e-05,S1C_W0.800_r01,0.8,1
original,51,8,2.0345052083333332e-05,S1C_W0.800_r01,0.8,1
original,52,3,7.62939453125e-06,S1C_W0.800_r01,0.8,1
original,53,12,3.0517578125e-05,S1C_W0.800_r01,0.8,1
original,54,5,1.2715657552083334e-05,S1C_W0.800_r01,0.8,1
original,55,5,1.2715657552083334e-05,S1C_W0.800_r01,0.8,1
original,56,3,7.62939453125e-06,S1C_W0.800_r01,0.8,1
original,57,4,1.0172526041666666e-05,S1C_W0.800_r01,0.8,1
original,58,1,2.5431315104166665e-06,S1C_W0.800_r01,0.8,1
original,59,0,0.0,S1C_W0.800_r01,0.8,1
original,60,2,5.086263020833333e-06,S1C_W0.800_r01,0.8,1
original,61,1,2.5431315104166665e-06,S1C_W0.800_r01,0.8,1
original,62,1,2.5431315104166665e-06,S1C_W0.800_r01,0.8,1
reassigned,0,8695,0.022112528483072918,S1C_W0.800_r01,0.8,1
reassigned,1,13712,0.034871419270833336,S1C_W0.800_r01,0.8,1
reassigned,2,25961,0.06602223714192708,S1C_W0.800_r01,0.8,1
reassigned,3,37248,0.0947265625,S1C_W0.800_r01,0.8,1
reassigned,4,43313,0.11015065511067708,S1C_W0.800_r01,0.8,1
reassigned,5,44089,0.11212412516276042,S1C_W0.800_r01,0.8,1
reassigned,6,41516,0.10558064778645833,S1C_W0.800_r01,0.8,1
reassigned,7,36421,0.09262339274088542,S1C_W0.800_r01,0.8,1
reassigned,8,30119,0.07659657796223958,S1C_W0.800_r01,0.8,1
reassigned,9,24266,0.061711629231770836,S1C_W0.800_r01,0.8,1
reassigned,10,19069,0.048494974772135414,S1C_W0.800_r01,0.8,1
reassigned,11,14976,0.0380859375,S1C_W0.800_r01,0.8,1
reassigned,12,11637,0.02959442138671875,S1C_W0.800_r01,0.8,1
reassigned,13,8868,0.022552490234375,S1C_W0.800_r01,0.8,1
reassigned,14,7007,0.017819722493489582,S1C_W0.800_r01,0.8,1
reassigned,15,5586,0.0142059326171875,S1C_W0.800_r01,0.8,1
reassigned,16,4245,0.01079559326171875,S1C_W0.800_r01,0.8,1
reassigned,17,3319,0.008440653483072916,S1C_W0.800_r01,0.8,1
reassigned,18,2710,0.006891886393229167,S1C_W0.800_r01,0.8,1
reassigned,19,2013,0.00511932373046875,S1C_W0.800_r01,0.8,1
reassigned,20,1669,0.004244486490885417,S1C_W0.800_r01,0.8,1
reassigned,21,1330,0.0033823649088541665,S1C_W0.800_r01,0.8,1
reassigned,22,1010,0.0025685628255208335,S1C_W0.800_r01,0.8,1
reassigned,23,801,0.00203704833984375,S1C_W0.800_r01,0.8,1
reassigned,24,623,0.0015843709309895833,S1C_W0.800_r01,0.8,1
reassigned,25,534,0.0013580322265625,S1C_W0.800_r01,0.8,1
reassigned,26,428,0.0010884602864583333,S1C_W0.800_r01,0.8,1
reassigned,27,333,0.00084686279296875,S1C_W0.800_r01,0.8,1
reassigned,28,285,0.00072479248046875,S1C_W0.800_r01,0.8,1
reassigned,29,209,0.0005315144856770834,S1C_W0.800_r01,0.8,1
reassigned,30,203,0.0005162556966145834,S1C_W0.800_r01,0.8,1
reassigned,31,164,0.0004170735677083333,S1C_W0.800_r01,0.8,1
reassigned,32,103,0.0002619425455729167,S1C_W0.800_r01,0.8,1
reassigned,33,96,0.000244140625,S1C_W0.800_r01,0.8,1
reassigned,34,84,0.000213623046875,S1C_W0.800_r01,0.8,1
reassigned,35,60,0.000152587890625,S1C_W0.800_r01,0.8,1
reassigned,36,49,0.00012461344401041666,S1C_W0.800_r01,0.8,1
reassigned,37,34,8.646647135416667e-05,S1C_W0.800_r01,0.8,1
reassigned,38,47,0.00011952718098958333,S1C_W0.800_r01,0.8,1
reassigned,39,26,6.612141927083333e-05,S1C_W0.800_r01,0.8,1
reassigned,40,21,5.340576171875e-05,S1C_W0.800_r01,0.8,1
reassigned,41,19,4.8319498697916664e-05,S1C_W0.800_r01,0.8,1
reassigned,42,19,4.8319498697916664e-05,S1C_W0.800_r01,0.8,1
reassigned,43,17,4.3233235677083336e-05,S1C_W0.800_r01,0.8,1
reassigned,44,19,4.8319498697916664e-05,S1C_W0.800_r01,0.8,1
reassigned,45,14,3.5603841145833336e-05,S1C_W0.800_r01,0.8,1
reassigned,46,14,3.5603841145833336e-05,S1C_W0.800_r01,0.8,1
reassigned,47,10,2.5431315104166668e-05,S1C_W0.800_r01,0.8,1
reassigned,48,3,7.62939453125e-06,S1C_W0.800_r01,0.8,1
reassigned,49,13,3.3060709635416664e-05,S1C_W0.800_r01,0.8,1
reassigned,50,3,7.62939453125e-06,S1C_W0.800_r01,0.8,1
reassigned,51,9,2.288818359375e-05,S1C_W0.800_r01,0.8,1
reassigned,52,9,2.288818359375e-05,S1C_W0.800_r01,0.8,1
reassigned,53,4,1.0172526041666666e-05,S1C_W0.800_r01,0.8,1
reassigned,54,9,2.288818359375e-05,S1C_W0.800_r01,0.8,1
reassigned,55,12,3.0517578125e-05,S1C_W0.800_r01,0.8,1
reassigned,56,6,1.52587890625e-05,S1C_W0.800_r01,0.8,1
reassigned,57,7,1.7801920572916668e-05,S1C_W0.800_r01,0.8,1
reassigned,58,13,3.3060709635416664e-05,S1C_W0.800_r01,0.8,1
reassigned,59,5,1.2715657552083334e-05,S1C_W0.800_r01,0.8,1
reassigned,60,10,2.5431315104166668e-05,S1C_W0.800_r01,0.8,1
reassigned,61,4,1.0172526041666666e-05,S1C_W0.800_r01,0.8,1
reassigned,62,6,1.52587890625e-05,S1C_W0.800_r01,0.8,1
reassigned,63,4,1.0172526041666666e-05,S1C_W0.800_r01,0.8,1
reassigned,64,1,2.5431315104166665e-06,S1C_W0.800_r01,0.8,1
reassigned,65,3,7.62939453125e-06,S1C_W0.800_r01,0.8,1
reassigned,66,6,1.52587890625e-05,S1C_W0.800_r01,0.8,1
reassigned,67,5,1.2715657552083334e-05,S1C_W0.800_r01,0.8,1
reassigned,68,5,1.2715657552083334e-05,S1C_W0.800_r01,0.8,1
reassigned,69,3,7.62939453125e-06,S1C_W0.800_r01,0.8,1
reassigned,70,5,1.2715657552083334e-05,S1C_W0.800_r01,0.8,1
reassigned,71,3,7.62939453125e-06,S1C_W0.800_r01,0.8,1
reassigned,72,3,7.62939453125e-06,S1C_W0.800_r01,0.8,1
reassigned,73,3,7.62939453125e-06,S1C_W0.800_r01,0.8,1
reassigned,74,4,1.0172526041666666e-05,S1C_W0.800_r01,0.8,1
reassigned,75,1,2.5431315104166665e-06,S1C_W0.800_r01,0.8,1
reassigned,76,3,7.62939453125e-06,S1C_W0.800_r01,0.8,1
reassigned,77,4,1.0172526041666666e-05,S1C_W0.800_r01,0.8,1
reassigned,78,0,0.0,S1C_W0.800_r01,0.8,1
reassigned,79,4,1.0172526041666666e-05,S1C_W0.800_r01,0.8,1
reassigned,80,1,2.5431315104166665e-06,S1C_W0.800_r01,0.8,1
reassigned,81,2,5.086263020833333e-06,S1C_W0.800_r01,0.8,1
reassigned,82,4,1.0172526041666666e-05,S1C_W0.800_r01,0.8,1
reassigned,83,1,2.5431315104166665e-06,S1C_W0.800_r01,0.8,1
reassigned,84,1,2.5431315104166665e-06,S1C_W0.800_r01,0.8,1
reassigned,85,2,5.086263020833333e-06,S1C_W0.800_r01,0.8,1
reassigned,86,2,5.086263020833333e-06,S1C_W0.800_r01,0.8,1
reassigned,87,0,0.0,S1C_W0.800_r01,0.8,1
reassigned,88,0,0.0,S1C_W0.800_r01,0.8,1
reassigned,89,2,5.086263020833333e-06,S1C_W0.800_r01,0.8,1
reassigned,90,2,5.086263020833333e-06,S1C_W0.800_r01,0.8,1
reassigned,91,3,7.62939453125e-06,S1C_W0.800_r01,0.8,1
reassigned,92,1,2.5431315104166665e-06,S1C_W0.800_r01,0.8,1
reassigned,93,2,5.086263020833333e-06,S1C_W0.800_r01,0.8,1
reassigned,94,0,0.0,S1C_W0.800_r01,0.8,1
reassigned,95,1,2.5431315104166665e-06,S1C_W0.800_r01,0.8,1
reassigned,96,2,5.086263020833333e-06,S1C_W0.800_r01,0.8,1
reassigned,97,0,0.0,S1C_W0.800_r01,0.8,1
reassigned,98,0,0.0,S1C_W0.800_r01,0.8,1
reassigned,99,3,7.62939453125e-06,S1C_W0.800_r01,0.8,1
reassigned,100,2,5.086263020833333e-06,S1C_W0.800_r01,0.8,1
reassigned,101,0,0.0,S1C_W0.800_r01,0.8,1
reassigned,102,1,2.5431315104166665e-06,S1C_W0.800_r01,0.8,1
reassigned,103,2,5.086263020833333e-06,S1C_W0.800_r01,0.8,1
reassigned,104,0,0.0,S1C_W0.800_r01,0.8,1
reassigned,105,1,2.5431315104166665e-06,S1C_W0.800_r01,0.8,1
reassigned,106,2,5.086263020833333e-06,S1C_W0.800_r01,0.8,1
reassigned,107,2,5.086263020833333e-06,S1C_W0.800_r01,0.8,1
reassigned,108,1,2.5431315104166665e-06,S1C_W0.800_r01,0.8,1
reassigned,109,0,0.0,S1C_W0.800_r01,0.8,1
reassigned,110,0,0.0,S1C_W0.800_r01,0.8,1
reassigned,111,1,2.5431315104166665e-06,S1C_W0.800_r01,0.8,1
reassigned,112,1,2.5431315104166665e-06,S1C_W0.800_r01,0.8,1
reassigned,113,0,0.0,S1C_W0.800_r01,0.8,1
reassigned,114,0,0.0,S1C_W0.800_r01,0.8,1
reassigned,115,1,2.5431315104166665e-06,S1C_W0.800_r01,0.8,1
reassigned,116,0,0.0,S1C_W0.800_r01,0.8,1
reassigned,117,0,0.0,S1C_W0.800_r01,0.8,1
reassigned,118,0,0.0,S1C_W0.800_r01,0.8,1
reassigned,119,0,0.0,S1C_W0.800_r01,0.8,1
reassigned,120,1,2.5431315104166665e-06,S1C_W0.800_r01,0.8,1
reassigned,121,1,2.5431315104166665e-06,S1C_W0.800_r01,0.8,1
reassigned,122,0,0.0,S1C_W0.800_r01,0.8,1
reassigned,123,2,5.086263020833333e-06,S1C_W0.800_r01,0.8,1
reassigned,124,1,2.5431315104166665e-06,S1C_W0.800_r01,0.8,1
reassigned,125,1,2.5431315104166665e-06,S1C_W0.800_r01,0.8,1
reassigned,126,0,0.0,S1C_W0.800_r01,0.8,1
reassigned,127,0,0.0,S1C_W0.800_r01,0.8,1
reassigned,128,0,0.0,S1C_W0.800_r01,0.8,1
reassigned,129,0,0.0,S1C_W0.800_r01,0.8,1
reassigned,130,0,0.0,S1C_W0.800_r01,0.8,1
reassigned,131,0,0.0,S1C_W0.800_r01,0.8,1
reassigned,132,0,0.0,S1C_W0.800_r01,0.8,1
reassigned,133,0,0.0,S1C_W0.800_r01,0.8,1
reassigned,134,0,0.0,S1C_W0.800_r01,0.8,1
reassigned,135,1,2.5431315104166665e-06,S1C_W0.800_r01,0.8,1
reassigned,136,0,0.0,S1C_W0.800_r01,0.8,1
reassigned,137,0,0.0,S1C_W0.800_r01,0.8,1
reassigned,138,0,0.0,S1C_W0.800_r01,0.8,1
reassigned,139,1,2.5431315104166665e-06,S1C_W0.800_r01,0.8,1
reassigned,140,1,2.5431315104166665e-06,S1C_W0.800_r01,0.8,1
reassigned,141,0,0.0,S1C_W0.800_r01,0.8,1
reassigned,142,0,0.0,S1C_W0.800_r01,0.8,1
reassigned,143,0,0.0,S1C_W0.800_r01,0.8,1
reassigned,144,0,0.0,S1C_W0.800_r01,0.8,1
reassigned,145,1,2.5431315104166665e-06,S1C_W0.800_r01,0.8,1
reassigned,146,0,0.0,S1C_W0.800_r01,0.8,1
reassigned,147,0,0.0,S1C_W0.800_r01,0.8,1
reassigned,148,1,2.5431315104166665e-06,S1C_W0.800_r01,0.8,1
reassigned,149,0,0.0,S1C_W0.800_r01,0.8,1
reassigned,150,0,0.0,S1C_W0.800_r01,0.8,1
reassigned,151,1,2.5431315104166665e-06,S1C_W0.800_r01,0.8,1
original,0,1839,0.00467681884765625,S1C_W0.800_r02,0.8,2
original,1,5284,0.013437906901041666,S1C_W0.800_r02,0.8,2
original,2,12362,0.031438191731770836,S1C_W0.800_r02,0.8,2
original,3,23800,0.060526529947916664,S1C_W0.800_r02,0.8,2
original,4,37781,0.09608205159505208,S1C_W0.800_r02,0.8,2
original,5,48917,0.12440236409505208,S1C_W0.800_r02,0.8,2
original,6,54260,0.13799031575520834,S1C_W0.800_r02,0.8,2
original,7,52927,0.1346003214518229,S1C_W0.800_r02,0.8,2
original,8,45933,0.11681365966796875,S1C_W0.800_r02,0.8,2
original,9,36804,0.093597412109375,S1C_W0.800_r02,0.8,2
original,10,27014,0.06870015462239583,S1C_W0.800_r02,0.8,2
original,11,18181,0.046236673990885414,S1C_W0.800_r02,0.8,2
original,12,11497,0.029238382975260418,S1C_W0.800_r02,0.8,2
original,13,6892,0.017527262369791668,S1C_W0.800_r02,0.8,2
original,14,4078,0.010370890299479166,S1C_W0.800_r02,0.8,2
original,15,2240,0.005696614583333333,S1C_W0.800_r02,0.8,2
original,16,1187,0.0030186971028645835,S1C_W0.800_r02,0.8,2
original,17,673,0.0017115275065104167,S1C_W0.800_r02,0.8,2
original,18,361,0.0009180704752604166,S1C_W0.800_r02,0.8,2
original,19,220,0.0005594889322916666,S1C_W0.800_r02,0.8,2
original,20,107,0.0002721150716145833,S1C_W0.800_r02,0.8,2
original,21,71,0.00018056233723958334,S1C_W0.800_r02,0.8,2
original,22,64,0.00016276041666666666,S1C_W0.800_r02,0.8,2
original,23,46,0.00011698404947916667,S1C_W0.800_r02,0.8,2
original,24,35,8.900960286458333e-05,S1C_W0.800_r02,0.8,2
original,25,32,8.138020833333333e-05,S1C_W0.800_r02,0.8,2
original,26,29,7.375081380208333e-05,S1C_W0.800_r02,0.8,2
original,27,28,7.120768229166667e-05,S1C_W0.800_r02,0.8,2
original,28,32,8.138020833333333e-05,S1C_W0.800_r02,0.8,2
original,29,31,7.883707682291667e-05,S1C_W0.800_r02,0.8,2
original,30,29,7.375081380208333e-05,S1C_W0.800_r02,0.8,2
original,31,31,7.883707682291667e-05,S1C_W0.800_r02,0.8,2
original,32,25,6.357828776041667e-05,S1C_W0.800_r02,0.8,2
original,33,28,7.120768229166667e-05,S1C_W0.800_r02,0.8,2
original,34,22,5.5948893229166664e-05,S1C_W0.800_r02,0.8,2
original,35,23,5.8492024739583336e-05,S1C_W0.800_r02,0.8,2
original,36,21,5.340576171875e-05,S1C_W0.800_r02,0.8,2
original,37,23,5.8492024739583336e-05,S1C_W0.800_r02,0.8,2
original,38,13,3.3060709635416664e-05,S1C_W0.800_r02,0.8,2
original,39,15,3.814697265625e-05,S1C_W0.800_r02,0.8,2
original,40,25,6.357828776041667e-05,S1C_W0.800_r02,0.8,2
original,41,23,5.8492024739583336e-05,S1C_W0.800_r02,0.8,2
original,42,23,5.8492024739583336e-05,S1C_W0.800_r02,0.8,2
original,43,24,6.103515625e-05,S1C_W0.800_r02,0.8,2
original,44,22,5.5948893229166664e-05,S1C_W0.800_r02,0.8,2
original,45,21,5.340576171875e-05,S1C_W0.800_r02,0.8,2
original,46,10,2.5431315104166668e-05,S1C_W0.800_r02,0.8,2
original,47,14,3.5603841145833336e-05,S1C_W0.800_r02,0.8,2
original,48,7,1.7801920572916668e-05,S1C_W0.800_r02,0.8,2
original,49,4,1.0172526041666666e-05,S1C_W0.800_r02,0.8,2
original,50,9,2.288818359375e-05,S1C_W0.800_r02,0.8,2
original,51,14,3.5603841145833336e-05,S1C_W0.800_r02,0.8,2
original,52,12,3.0517578125e-05,S1C_W0.800_r02,0.8,2
original,53,9,2.288818359375e-05,S1C_W0.800_r02,0.8,2
original,54,8,2.0345052083333332e-05,S1C_W0.800_r02,0.8,2
original,55,10,2.5431315104166668e-05,S1C_W0.800_r02,0.8,2
original,56,2,5.086263020833333e-06,S1C_W0.800_r02,0.8,2
original,57,4,1.0172526041666666e-05,S1C_W0.800_r02,0.8,2
original,58,6,1.52587890625e-05,S1C_W0.800_r02,0.8,2
original,59,2,5.086263020833333e-06,S1C_W0.800_r02,0.8,2
original,60,0,0.0,S1C_W0.800_r02,0.8,2
original,61,6,1.52587890625e-05,S1C_W0.800_r02,0.8,2
original,62,0,0.0,S1C_W0.800_r02,0.8,2
original,63,1,2.5431315104166665e-06,S1C_W0.800_r02,0.8,2
original,64,1,2.5431315104166665e-06,S1C_W0.800_r02,0.8,2
original,65,2,5.086263020833333e-06,S1C_W0.800_r02,0.8,2
original,66,0,0.0,S1C_W0.800_r02,0.8,2
original,67,0,0.0,S1C_W0.800_r02,0.8,2
original,68,2,5.086263020833333e-06,S1C_W0.800_r02,0.8,2
reassigned,0,8079,0.02054595947265625,S1C_W0.800_r02,0.8,2
reassigned,1,13205,0.033582051595052086,S1C_W0.800_r02,0.8,2
reassigned,2,25443,0.06470489501953125,S1C_W0.800_r02,0.8,2
reassigned,3,36170,0.09198506673177083,S1C_W0.800_r02,0.8,2
reassigned,4,43250,0.10999043782552083,S1C_W0.800_r02,0.8,2
reassigned,5,44913,0.11421966552734375,S1C_W0.800_r02,0.8,2
reassigned,6,41596,0.10578409830729167,S1C_W0.800_r02,0.8,2
reassigned,7,36638,0.09317525227864583,S1C_W0.800_r02,0.8,2
reassigned,8,30802,0.07833353678385417,S1C_W0.800_r02,0.8,2
reassigned,9,25090,0.06380716959635417,S1C_W0.800_r02,0.8,2
reassigned,10,19993,0.050844828287760414,S1C_W0.800_r02,0.8,2
reassigned,11,15380,0.039113362630208336,S1C_W0.800_r02,0.8,2
reassigned,12,12019,0.030565897623697918,S1C_W0.800_r02,0.8,2
reassigned,13,8957,0.022778828938802082,S1C_W0.800_r02,0.8,2
reassigned,14,7046,0.017918904622395832,S1C_W0.800_r02,0.8,2
reassigned,15,5121,0.01302337646484375,S1C_W0.800_r02,0.8,2
reassigned,16,4087,0.010393778483072916,S1C_W0.800_r02,0.8,2
reassigned,17,3198,0.0081329345703125,S1C_W0.800_r02,0.8,2
reassigned,18,2424,0.00616455078125,S1C_W0.800_r02,0.8,2
reassigned,19,1972,0.005015055338541667,S1C_W0.800_r02,0.8,2
reassigned,20,1461,0.00371551513671875,S1C_W0.800_r02,0.8,2
reassigned,21,1114,0.0028330485026041665,S1C_W0.800_r02,0.8,2
reassigned,22,964,0.0024515787760416665,S1C_W0.800_r02,0.8,2
reassigned,23,745,0.0018946329752604167,S1C_W0.800_r02,0.8,2
reassigned,24,612,0.001556396484375,S1C_W0.800_r02,0.8,2
reassigned,25,492,0.001251220703125,S1C_W0.800_r02,0.8,2
reassigned,26,414,0.0010528564453125,S1C_W0.800_r02,0.8,2
reassigned,27,327,0.00083160400390625,S1C_W0.800_r02,0.8,2
reassigned,28,292,0.0007425944010416666,S1C_W0.800_r02,0.8,2
reassigned,29,218,0.0005544026692708334,S1C_W0.800_r02,0.8,2
reassigned,30,173,0.0004399617513020833,S1C_W0.800_r02,0.8,2
reassigned,31,144,0.0003662109375,S1C_W0.800_r02,0.8,2
reassigned,32,122,0.0003102620442708333,S1C_W0.800_r02,0.8,2
reassigned,33,106,0.0002695719401041667,S1C_W0.800_r02,0.8,2
reassigned,34,85,0.00021616617838541666,S1C_W0.800_r02,0.8,2
reassigned,35,66,0.0001678466796875,S1C_W0.800_r02,0.8,2
reassigned,36,59,0.00015004475911458334,S1C_W0.800_r02,0.8,2
reassigned,37,45,0.00011444091796875,S1C_W0.800_r02,0.8,2
reassigned,38,55,0.00013987223307291666,S1C_W0.800_r02,0.8,2
reassigned,39,27,6.866455078125e-05,S1C_W0.800_r02,0.8,2
reassigned,40,35,8.900960286458333e-05,S1C_W0.800_r02,0.8,2
reassigned,41,25,6.357828776041667e-05,S1C_W0.800_r02,0.8,2
reassigned,42,25,6.357828776041667e-05,S1C_W0.800_r02,0.8,2
reassigned,43,18,4.57763671875e-05,S1C_W0.800_r02,0.8,2
reassigned,44,17,4.3233235677083336e-05,S1C_W0.800_r02,0.8,2
reassigned,45,15,3.814697265625e-05,S1C_W0.800_r02,0.8,2
reassigned,46,24,6.103515625e-05,S1C_W0.800_r02,0.8,2
reassigned,47,17,4.3233235677083336e-05,S1C_W0.800_r02,0.8,2
reassigned,48,12,3.0517578125e-05,S1C_W0.800_r02,0.8,2
reassigned,49,9,2.288818359375e-05,S1C_W0.800_r02,0.8,2
reassigned,50,8,2.0345052083333332e-05,S1C_W0.800_r02,0.8,2
reassigned,51,5,1.2715657552083334e-05,S1C_W0.800_r02,0.8,2
reassigned,52,6,1.52587890625e-05,S1C_W0.800_r02,0.8,2
reassigned,53,7,1.7801920572916668e-05,S1C_W0.800_r02,0.8,2
reassigned,54,8,2.0345052083333332e-05,S1C_W0.800_r02,0.8,2
reassigned,55,6,1.52587890625e-05,S1C_W0.800_r02,0.8,2
reassigned,56,8,2.0345052083333332e-05,S1C_W0.800_r02,0.8,2
reassigned,57,2,5.086263020833333e-06,S1C_W0.800_r02,0.8,2
reassigned,58,2,5.086263020833333e-06,S1C_W0.800_r02,0.8,2
reassigned,59,3,7.62939453125e-06,S1C_W0.800_r02,0.8,2
reassigned,60,3,7.62939453125e-06,S1C_W0.800_r02,0.8,2
reassigned,61,2,5.086263020833333e-06,S1C_W0.800_r02,0.8,2
reassigned,62,1,2.5431315104166665e-06,S1C_W0.800_r02,0.8,2
reassigned,63,0,0.0,S1C_W0.800_r02,0.8,2
reassigned,64,1,2.5431315104166665e-06,S1C_W0.800_r02,0.8,2
reassigned,65,1,2.5431315104166665e-06,S1C_W0.800_r02,0.8,2
reassigned,66,1,2.5431315104166665e-06,S1C_W0.800_r02,0.8,2
reassigned,67,1,2.5431315104166665e-06,S1C_W0.800_r02,0.8,2
reassigned,68,1,2.5431315104166665e-06,S1C_W0.800_r02,0.8,2
reassigned,69,1,2.5431315104166665e-06,S1C_W0.800_r02,0.8,2
reassigned,70,3,7.62939453125e-06,S1C_W0.800_r02,0.8,2
reassigned,71,3,7.62939453125e-06,S1C_W0.800_r02,0.8,2
reassigned,72,0,0.0,S1C_W0.800_r02,0.8,2
reassigned,73,1,2.5431315104166665e-06,S1C_W0.800_r02,0.8,2
reassigned,74,1,2.5431315104166665e-06,S1C_W0.800_r02,0.8,2
reassigned,75,1,2.5431315104166665e-06,S1C_W0.800_r02,0.8,2
reassigned,76,3,7.62939453125e-06,S1C_W0.800_r02,0.8,2
reassigned,77,2,5.086263020833333e-06,S1C_W0.800_r02,0.8,2
reassigned,78,3,7.62939453125e-06,S1C_W0.800_r02,0.8,2
reassigned,79,0,0.0,S1C_W0.800_r02,0.8,2
reassigned,80,0,0.0,S1C_W0.800_r02,0.8,2
reassigned,81,4,1.0172526041666666e-05,S1C_W0.800_r02,0.8,2
reassigned,82,0,0.0,S1C_W0.800_r02,0.8,2
reassigned,83,1,2.5431315104166665e-06,S1C_W0.800_r02,0.8,2
reassigned,84,0,0.0,S1C_W0.800_r02,0.8,2
reassigned,85,0,0.0,S1C_W0.800_r02,0.8,2
reassigned,86,1,2.5431315104166665e-06,S1C_W0.800_r02,0.8,2
reassigned,87,0,0.0,S1C_W0.800_r02,0.8,2
reassigned,88,2,5.086263020833333e-06,S1C_W0.800_r02,0.8,2
reassigned,89,0,0.0,S1C_W0.800_r02,0.8,2
reassigned,90,0,0.0,S1C_W0.800_r02,0.8,2
reassigned,91,1,2.5431315104166665e-06,S1C_W0.800_r02,0.8,2
reassigned,92,0,0.0,S1C_W0.800_r02,0.8,2
reassigned,93,2,5.086263020833333e-06,S1C_W0.800_r02,0.8,2
reassigned,94,0,0.0,S1C_W0.800_r02,0.8,2
reassigned,95,3,7.62939453125e-06,S1C_W0.800_r02,0.8,2
reassigned,96,1,2.5431315104166665e-06,S1C_W0.800_r02,0.8,2
reassigned,97,0,0.0,S1C_W0.800_r02,0.8,2
reassigned,98,2,5.086263020833333e-06,S1C_W0.800_r02,0.8,2
reassigned,99,0,0.0,S1C_W0.800_r02,0.8,2
reassigned,100,0,0.0,S1C_W0.800_r02,0.8,2
reassigned,101,0,0.0,S1C_W0.800_r02,0.8,2
reassigned,102,1,2.5431315104166665e-06,S1C_W0.800_r02,0.8,2
reassigned,103,0,0.0,S1C_W0.800_r02,0.8,2
reassigned,104,1,2.5431315104166665e-06,S1C_W0.800_r02,0.8,2
reassigned,105,0,0.0,S1C_W0.800_r02,0.8,2
reassigned,106,0,0.0,S1C_W0.800_r02,0.8,2
reassigned,107,1,2.5431315104166665e-06,S1C_W0.800_r02,0.8,2
reassigned,108,1,2.5431315104166665e-06,S1C_W0.800_r02,0.8,2
reassigned,109,0,0.0,S1C_W0.800_r02,0.8,2
reassigned,110,1,2.5431315104166665e-06,S1C_W0.800_r02,0.8,2
reassigned,111,0,0.0,S1C_W0.800_r02,0.8,2
reassigned,112,0,0.0,S1C_W0.800_r02,0.8,2
reassigned,113,1,2.5431315104166665e-06,S1C_W0.800_r02,0.8,2
reassigned,114,0,0.0,S1C_W0.800_r02,0.8,2
reassigned,115,0,0.0,S1C_W0.800_r02,0.8,2
reassigned,116,1,2.5431315104166665e-06,S1C_W0.800_r02,0.8,2
reassigned,117,0,0.0,S1C_W0.800_r02,0.8,2
reassigned,118,0,0.0,S1C_W0.800_r02,0.8,2
reassigned,119,1,2.5431315104166665e-06,S1C_W0.800_r02,0.8,2
reassigned,120,0,0.0,S1C_W0.800_r02,0.8,2
reassigned,121,1,2.5431315104166665e-06,S1C_W0.800_r02,0.8,2
reassigned,122,0,0.0,S1C_W0.800_r02,0.8,2
reassigned,123,0,0.0,S1C_W0.800_r02,0.8,2
reassigned,124,1,2.5431315104166665e-06,S1C_W0.800_r02,0.8,2
reassigned,125,0,0.0,S1C_W0.800_r02,0.8,2
reassigned,126,0,0.0,S1C_W0.800_r02,0.8,2
reassigned,127,1,2.5431315104166665e-06,S1C_W0.800_r02,0.8,2
reassigned,128,0,0.0,S1C_W0.800_r02,0.8,2
reassigned,129,0,0.0,S1C_W0.800_r02,0.8,2
reassigned,130,0,0.0,S1C_W0.800_r02,0.8,2
reassigned,131,0,0.0,S1C_W0.800_r02,0.8,2
reassigned,132,0,0.0,S1C_W0.800_r02,0.8,2
reassigned,133,0,0.0,S1C_W0.800_r02,0.8,2
reassigned,134,1,2.5431315104166665e-06,S1C_W0.800_r02,0.8,2
reassigned,135,0,0.0,S1C_W0.800_r02,0.8,2
reassigned,136,0,0.0,S1C_W0.800_r02,0.8,2
reassigned,137,0,0.0,S1C_W0.800_r02,0.8,2
reassigned,138,1,2.5431315104166665e-06,S1C_W0.800_r02,0.8,2
reassigned,139,0,0.0,S1C_W0.800_r02,0.8,2
reassigned,140,0,0.0,S1C_W0.800_r02,0.8,2
reassigned,141,1,2.5431315104166665e-06,S1C_W0.800_r02,0.8,2
original,0,1979,0.005032857259114583,S1C_W0.800_r03,0.8,3
original,1,5299,0.013476053873697916,S1C_W0.800_r03,0.8,3
original,2,12466,0.031702677408854164,S1C_W0.800_r03,0.8,3
original,3,23986,0.060999552408854164,S1C_W0.800_r03,0.8,3
original,4,37501,0.09536997477213542,S1C_W0.800_r03,0.8,3
original,5,48622,0.12365214029947917,S1C_W0.800_r03,0.8,3
original,6,54305,0.1381047566731771,S1C_W0.800_r03,0.8,3
original,7,52829,0.1343510945638021,S1C_W0.800_r03,0.8,3
original,8,45798,0.1164703369140625,S1C_W0.800_r03,0.8,3
original,9,36821,0.09364064534505208,S1C_W0.800_r03,0.8,3
original,10,26881,0.06836191813151042,S1C_W0.800_r03,0.8,3
original,11,18546,0.0471649169921875,S1C_W0.800_r03,0.8,3
original,12,11632,0.029581705729166668,S1C_W0.800_r03,0.8,3
original,13,6979,0.017748514811197918,S1C_W0.800_r03,0.8,3
original,14,3995,0.010159810384114584,S1C_W0.800_r03,0.8,3
original,15,2188,0.005564371744791667,S1C_W0.800_r03,0.8,3
original,16,1211,0.0030797322591145835,S1C_W0.800_r03,0.8,3
original,17,628,0.0015970865885416667,S1C_W0.800_r03,0.8,3
original,18,356,0.0009053548177083334,S1C_W0.800_r03,0.8,3
original,19,181,0.0004603068033854167,S1C_W0.800_r03,0.8,3
original,20,113,0.0002873738606770833,S1C_W0.800_r03,0.8,3
original,21,78,0.0001983642578125,S1C_W0.800_r03,0.8,3
original,22,63,0.00016021728515625,S1C_W0.800_r03,0.8,3
original,23,59,0.00015004475911458334,S1C_W0.800_r03,0.8,3
original,24,46,0.00011698404947916667,S1C_W0.800_r03,0.8,3
original,25,43,0.00010935465494791667,S1C_W0.800_r03,0.8,3
original,26,35,8.900960286458333e-05,S1C_W0.800_r03,0.8,3
original,27,35,8.900960286458333e-05,S1C_W0.800_r03,0.8,3
original,28,25,6.357828776041667e-05,S1C_W0.800_r03,0.8,3
original,29,24,6.103515625e-05,S1C_W0.800_r03,0.8,3
original,30,23,5.8492024739583336e-05,S1C_W0.800_r03,0.8,3
original,31,27,6.866455078125e-05,S1C_W0.800_r03,0.8,3
original,32,31,7.883707682291667e-05,S1C_W0.800_r03,0.8,3
original,33,30,7.62939453125e-05,S1C_W0.800_r03,0.8,3
original,34,22,5.5948893229166664e-05,S1C_W0.800_r03,0.8,3
original,35,23,5.8492024739583336e-05,S1C_W0.800_r03,0.8,3
original,36,23,5.8492024739583336e-05,S1C_W0.800_r03,0.8,3
original,37,28,7.120768229166667e-05,S1C_W0.800_r03,0.8,3
original,38,20,5.0862630208333336e-05,S1C_W0.800_r03,0.8,3
original,39,19,4.8319498697916664e-05,S1C_W0.800_r03,0.8,3
original,40,27,6.866455078125e-05,S1C_W0.800_r03,0.8,3
original,41,24,6.103515625e-05,S1C_W0.800_r03,0.8,3
original,42,23,5.8492024739583336e-05,S1C_W0.800_r03,0.8,3
original,43,16,4.0690104166666664e-05,S1C_W0.800_r03,0.8,3
original,44,17,4.3233235677083336e-05,S1C_W0.800_r03,0.8,3
original,45,12,3.0517578125e-05,S1C_W0.800_r03,0.8,3
original,46,13,3.3060709635416664e-05,S1C_W0.800_r03,0.8,3
original,47,13,3.3060709635416664e-05,S1C_W0.800_r03,0.8,3
original,48,18,4.57763671875e-05,S1C_W0.800_r03,0.8,3
original,49,9,2.288818359375e-05,S1C_W0.800_r03,0.8,3
original,50,15,3.814697265625e-05,S1C_W0.800_r03,0.8,3
original,51,14,3.5603841145833336e-05,S1C_W0.800_r03,0.8,3
original,52,9,2.288818359375e-05,S1C_W0.800_r03,0.8,3
original,53,2,5.086263020833333e-06,S1C_W0.800_r03,0.8,3
original,54,6,1.52587890625e-05,S1C_W0.800_r03,0.8,3
original,55,6,1.52587890625e-05,S1C_W0.800_r03,0.8,3
original,56,4,1.0172526041666666e-05,S1C_W0.800_r03,0.8,3
original,57,2,5.086263020833333e-06,S1C_W0.800_r03,0.8,3
original,58,3,7.62939453125e-06,S1C_W0.800_r03,0.8,3
original,59,3,7.62939453125e-06,S1C_W0.800_r03,0.8,3
original,60,1,2.5431315104166665e-06,S1C_W0.800_r03,0.8,3
original,61,5,1.2715657552083334e-05,S1C_W0.800_r03,0.8,3
original,62,0,0.0,S1C_W0.800_r03,0.8,3
original,63,0,0.0,S1C_W0.800_r03,0.8,3
original,64,1,2.5431315104166665e-06,S1C_W0.800_r03,0.8,3
original,65,1,2.5431315104166665e-06,S1C_W0.800_r03,0.8,3
original,66,0,0.0,S1C_W0.800_r03,0.8,3
original,67,2,5.086263020833333e-06,S1C_W0.800_r03,0.8,3
reassigned,0,7979,0.020291646321614582,S1C_W0.800_r03,0.8,3
reassigned,1,13090,0.033289591471354164,S1C_W0.800_r03,0.8,3
reassigned,2,24816,0.0631103515625,S1C_W0.800_r03,0.8,3
reassigned,3,35881,0.09125010172526042,S1C_W0.800_r03,0.8,3
reassigned,4,42513,0.10811614990234375,S1C_W0.800_r03,0.8,3
reassigned,5,44299,0.11265818277994792,S1C_W0.800_r03,0.8,3
reassigned,6,42154,0.10720316569010417,S1C_W0.800_r03,0.8,3
reassigned,7,37716,0.095916748046875,S1C_W0.800_r03,0.8,3
reassigned,8,31652,0.08049519856770833,S1C_W0.800_r03,0.8,3
reassigned,9,25447,0.06471506754557292,S1C_W0.800_r03,0.8,3
reassigned,10,20509,0.052157084147135414,S1C_W0.800_r03,0.8,3
reassigned,11,15904,0.040445963541666664,S1C_W0.800_r03,0.8,3
reassigned,12,11876,0.030202229817708332,S1C_W0.800_r03,0.8,3
reassigned,13,9133,0.023226420084635418,S1C_W0.800_r03,0.8,3
reassigned,14,6908,0.017567952473958332,S1C_W0.800_r03,0.8,3
reassigned,15,5305,0.013491312662760416,S1C_W0.800_r03,0.8,3
reassigned,16,3943,0.010027567545572916,S1C_W0.800_r03,0.8,3
reassigned,17,3011,0.007657368977864583,S1C_W0.800_r03,0.8,3
reassigned,18,2305,0.005861918131510417,S1C_W0.800_r03,0.8,3
reassigned,19,1749,0.00444793701171875,S1C_W0.800_r03,0.8,3
reassigned,20,1425,0.00362396240234375,S1C_W0.800_r03,0.8,3
reassigned,21,1058,0.0026906331380208335,S1C_W0.800_r03,0.8,3
reassigned,22,837,0.00212860107421875,S1C_W0.800_r03,0.8,3
reassigned,23,607,0.0015436808268229167,S1C_W0.800_r03,0.8,3
reassigned,24,485,0.0012334187825520833,S1C_W0.800_r03,0.8,3
reassigned,25,390,0.0009918212890625,S1C_W0.800_r03,0.8,3
reassigned,26,348,0.000885009765625,S1C_W0.800_r03,0.8,3
reassigned,27,260,0.0006612141927083334,S1C_W0.800_r03,0.8,3
reassigned,28,200,0.0005086263020833334,S1C_W0.800_r03,0.8,3
reassigned,29,172,0.0004374186197916667,S1C_W0.800_r03,0.8,3
reassigned,30,133,0.0003382364908854167,S1C_W0.800_r03,0.8,3
reassigned,31,124,0.0003153483072916667,S1C_W0.800_r03,0.8,3
reassigned,32,103,0.0002619425455729167,S1C_W0.800_r03,0.8,3
reassigned,33,96,0.000244140625,S1C_W0.800_r03,0.8,3
reassigned,34,83,0.00021107991536458334,S1C_W0.800_r03,0.8,3
reassigned,35,78,0.0001983642578125,S1C_W0.800_r03,0.8,3
reassigned,36,53,0.00013478597005208334,S1C_W0.800_r03,0.8,3
reassigned,37,34,8.646647135416667e-05,S1C_W0.800_r03,0.8,3
reassigned,38,51,0.00012969970703125,S1C_W0.800_r03,0.8,3
reassigned,39,41,0.00010426839192708333,S1C_W0.800_r03,0.8,3
reassigned,40,27,6.866455078125e-05,S1C_W0.800_r03,0.8,3
reassigned,41,21,5.340576171875e-05,S1C_W0.800_r03,0.8,3
reassigned,42,25,6.357828776041667e-05,S1C_W0.800_r03,0.8,3
reassigned,43,23,5.8492024739583336e-05,S1C_W0.800_r03,0.8,3
reassigned,44,21,5.340576171875e-05,S1C_W0.800_r03,0.8,3
reassigned,45,16,4.0690104166666664e-05,S1C_W0.800_r03,0.8,3
reassigned,46,14,3.5603841145833336e-05,S1C_W0.800_r03,0.8,3
reassigned,47,17,4.3233235677083336e-05,S1C_W0.800_r03,0.8,3
reassigned,48,12,3.0517578125e-05,S1C_W0.800_r03,0.8,3
reassigned,49,8,2.0345052083333332e-05,S1C_W0.800_r03,0.8,3
reassigned,50,13,3.3060709635416664e-05,S1C_W0.800_r03,0.8,3
reassigned,51,11,2.7974446614583332e-05,S1C_W0.800_r03,0.8,3
reassigned,52,12,3.0517578125e-05,S1C_W0.800_r03,0.8,3
reassigned,53,12,3.0517578125e-05,S1C_W0.800_r03,0.8,3
reassigned,54,9,2.288818359375e-05,S1C_W0.800_r03,0.8,3
reassigned,55,11,2.7974446614583332e-05,S1C_W0.800_r03,0.8,3
reassigned,56,8,2.0345052083333332e-05,S1C_W0.800_r03,0.8,3
reassigned,57,7,1.7801920572916668e-05,S1C_W0.800_r03,0.8,3
reassigned,58,3,7.62939453125e-06,S1C_W0.800_r03,0.8,3
reassigned,59,7,1.7801920572916668e-05,S1C_W0.800_r03,0.8,3
reassigned,60,9,2.288818359375e-05,S1C_W0.800_r03,0.8,3
reassigned,61,5,1.2715657552083334e-05,S1C_W0.800_r03,0.8,3
reassigned,62,6,1.52587890625e-05,S1C_W0.800_r03,0.8,3
reassigned,63,6,1.52587890625e-05,S1C_W0.800_r03,0.8,3
reassigned,64,11,2.7974446614583332e-05,S1C_W0.800_r03,0.8,3
reassigned,65,5,1.2715657552083334e-05,S1C_W0.800_r03,0.8,3
reassigned,66,9,2.288818359375e-05,S1C_W0.800_r03,0.8,3
reassigned,67,4,1.0172526041666666e-05,S1C_W0.800_r03,0.8,3
reassigned,68,6,1.52587890625e-05,S1C_W0.800_r03,0.8,3
reassigned,69,7,1.7801920572916668e-05,S1C_W0.800_r03,0.8,3
reassigned,70,4,1.0172526041666666e-05,S1C_W0.800_r03,0.8,3
reassigned,71,1,2.5431315104166665e-06,S1C_W0.800_r03,0.8,3
reassigned,72,4,1.0172526041666666e-05,S1C_W0.800_r03,0.8,3
reassigned,73,5,1.2715657552083334e-05,S1C_W0.800_r03,0.8,3
reassigned,74,6,1.52587890625e-05,S1C_W0.800_r03,0.8,3
reassigned,75,2,5.086263020833333e-06,S1C_W0.800_r03,0.8,3
reassigned,76,2,5.086263020833333e-06,S1C_W0.800_r03,0.8,3
reassigned,77,5,1.2715657552083334e-05,S1C_W0.800_r03,0.8,3
reassigned,78,3,7.62939453125e-06,S1C_W0.800_r03,0.8,3
reassigned,79,5,1.2715657552083334e-05,S1C_W0.800_r03,0.8,3
reassigned,80,3,7.62939453125e-06,S1C_W0.800_r03,0.8,3
reassigned,81,0,0.0,S1C_W0.800_r03,0.8,3
reassigned,82,5,1.2715657552083334e-05,S1C_W0.800_r03,0.8,3
reassigned,83,2,5.086263020833333e-06,S1C_W0.800_r03,0.8,3
reassigned,84,2,5.086263020833333e-06,S1C_W0.800_r03,0.8,3
reassigned,85,2,5.086263020833333e-06,S1C_W0.800_r03,0.8,3
reassigned,86,2,5.086263020833333e-06,S1C_W0.800_r03,0.8,3
reassigned,87,1,2.5431315104166665e-06,S1C_W0.800_r03,0.8,3
reassigned,88,2,5.086263020833333e-06,S1C_W0.800_r03,0.8,3
reassigned,89,0,0.0,S1C_W0.800_r03,0.8,3
reassigned,90,3,7.62939453125e-06,S1C_W0.800_r03,0.8,3
reassigned,91,0,0.0,S1C_W0.800_r03,0.8,3
reassigned,92,0,0.0,S1C_W0.800_r03,0.8,3
reassigned,93,0,0.0,S1C_W0.800_r03,0.8,3
reassigned,94,1,2.5431315104166665e-06,S1C_W0.800_r03,0.8,3
reassigned,95,2,5.086263020833333e-06,S1C_W0.800_r03,0.8,3
reassigned,96,1,2.5431315104166665e-06,S1C_W0.800_r03,0.8,3
reassigned,97,1,2.5431315104166665e-06,S1C_W0.800_r03,0.8,3
reassigned,98,2,5.086263020833333e-06,S1C_W0.800_r03,0.8,3
reassigned,99,0,0.0,S1C_W0.800_r03,0.8,3
reassigned,100,0,0.0,S1C_W0.800_r03,0.8,3
reassigned,101,2,5.086263020833333e-06,S1C_W0.800_r03,0.8,3
reassigned,102,2,5.086263020833333e-06,S1C_W0.800_r03,0.8,3
reassigned,103,1,2.5431315104166665e-06,S1C_W0.800_r03,0.8,3
reassigned,104,3,7.62939453125e-06,S1C_W0.800_r03,0.8,3
reassigned,105,2,5.086263020833333e-06,S1C_W0.800_r03,0.8,3
reassigned,106,1,2.5431315104166665e-06,S1C_W0.800_r03,0.8,3
reassigned,107,0,0.0,S1C_W0.800_r03,0.8,3
reassigned,108,1,2.5431315104166665e-06,S1C_W0.800_r03,0.8,3
reassigned,109,0,0.0,S1C_W0.800_r03,0.8,3
reassigned,110,2,5.086263020833333e-06,S1C_W0.800_r03,0.8,3
reassigned,111,1,2.5431315104166665e-06,S1C_W0.800_r03,0.8,3
reassigned,112,0,0.0,S1C_W0.800_r03,0.8,3
reassigned,113,2,5.086263020833333e-06,S1C_W0.800_r03,0.8,3
reassigned,114,0,0.0,S1C_W0.800_r03,0.8,3
reassigned,115,2,5.086263020833333e-06,S1C_W0.800_r03,0.8,3
reassigned,116,1,2.5431315104166665e-06,S1C_W0.800_r03,0.8,3
reassigned,117,0,0.0,S1C_W0.800_r03,0.8,3
reassigned,118,1,2.5431315104166665e-06,S1C_W0.800_r03,0.8,3
reassigned,119,1,2.5431315104166665e-06,S1C_W0.800_r03,0.8,3
reassigned,120,1,2.5431315104166665e-06,S1C_W0.800_r03,0.8,3
reassigned,121,1,2.5431315104166665e-06,S1C_W0.800_r03,0.8,3
reassigned,122,0,0.0,S1C_W0.800_r03,0.8,3
reassigned,123,1,2.5431315104166665e-06,S1C_W0.800_r03,0.8,3
reassigned,124,1,2.5431315104166665e-06,S1C_W0.800_r03,0.8,3
reassigned,125,0,0.0,S1C_W0.800_r03,0.8,3
reassigned,126,0,0.0,S1C_W0.800_r03,0.8,3
reassigned,127,1,2.5431315104166665e-06,S1C_W0.800_r03,0.8,3
reassigned,128,0,0.0,S1C_W0.800_r03,0.8,3
reassigned,129,1,2.5431315104166665e-06,S1C_W0.800_r03,0.8,3
reassigned,130,0,0.0,S1C_W0.800_r03,0.8,3
reassigned,131,1,2.5431315104166665e-06,S1C_W0.800_r03,0.8,3
reassigned,132,0,0.0,S1C_W0.800_r03,0.8,3
reassigned,133,0,0.0,S1C_W0.800_r03,0.8,3
reassigned,134,0,0.0,S1C_W0.800_r03,0.8,3
reassigned,135,0,0.0,S1C_W0.800_r03,0.8,3
reassigned,136,1,2.5431315104166665e-06,S1C_W0.800_r03,0.8,3
reassigned,137,0,0.0,S1C_W0.800_r03,0.8,3
reassigned,138,0,0.0,S1C_W0.800_r03,0.8,3
reassigned,139,0,0.0,S1C_W0.800_r03,0.8,3
reassigned,140,0,0.0,S1C_W0.800_r03,0.8,3
reassigned,141,1,2.5431315104166665e-06,S1C_W0.800_r03,0.8,3
reassigned,142,0,0.0,S1C_W0.800_r03,0.8,3
reassigned,143,0,0.0,S1C_W0.800_r03,0.8,3
reassigned,144,1,2.5431315104166665e-06,S1C_W0.800_r03,0.8,3
reassigned,145,0,0.0,S1C_W0.800_r03,0.8,3
reassigned,146,0,0.0,S1C_W0.800_r03,0.8,3
reassigned,147,0,0.0,S1C_W0.800_r03,0.8,3
reassigned,148,0,0.0,S1C_W0.800_r03,0.8,3
reassigned,149,0,0.0,S1C_W0.800_r03,0.8,3
reassigned,150,0,0.0,S1C_W0.800_r03,0.8,3
reassigned,151,0,0.0,S1C_W0.800_r03,0.8,3
reassigned,152,1,2.5431315104166665e-06,S1C_W0.800_r03,0.8,3
reassigned,153,1,2.5431315104166665e-06,S1C_W0.800_r03,0.8,3
reassigned,154,0,0.0,S1C_W0.800_r03,0.8,3
reassigned,155,0,0.0,S1C_W0.800_r03,0.8,3
reassigned,156,0,0.0,S1C_W0.800_r03,0.8,3
reassigned,157,0,0.0,S1C_W0.800_r03,0.8,3
reassigned,158,1,2.5431315104166665e-06,S1C_W0.800_r03,0.8,3
reassigned,159,1,2.5431315104166665e-06,S1C_W0.800_r03,0.8,3
reassigned,160,0,0.0,S1C_W0.800_r03,0.8,3
reassigned,161,0,0.0,S1C_W0.800_r03,0.8,3
reassigned,162,0,0.0,S1C_W0.800_r03,0.8,3
reassigned,163,0,0.0,S1C_W0.800_r03,0.8,3
reassigned,164,0,0.0,S1C_W0.800_r03,0.8,3
reassigned,165,0,0.0,S1C_W0.800_r03,0.8,3
reassigned,166,0,0.0,S1C_W0.800_r03,0.8,3
reassigned,167,0,0.0,S1C_W0.800_r03,0.8,3
reassigned,168,1,2.5431315104166665e-06,S1C_W0.800_r03,0.8,3
original,0,1944,0.00494384765625,S1C_W0.800_r04,0.8,4
original,1,5115,0.01300811767578125,S1C_W0.800_r04,0.8,4
original,2,12479,0.031735738118489586,S1C_W0.800_r04,0.8,4
original,3,23970,0.0609588623046875,S1C_W0.800_r04,0.8,4
original,4,37504,0.09537760416666667,S1C_W0.800_r04,0.8,4
original,5,48943,0.12446848551432292,S1C_W0.800_r04,0.8,4
original,6,54003,0.13733673095703125,S1C_W0.800_r04,0.8,4
original,7,52818,0.1343231201171875,S1C_W0.800_r04,0.8,4
original,8,46109,0.11726125081380208,S1C_W0.800_r04,0.8,4
original,9,37138,0.09444681803385417,S1C_W0.800_r04,0.8,4
original,10,26839,0.06825510660807292,S1C_W0.800_r04,0.8,4
original,11,18104,0.046040852864583336,S1C_W0.800_r04,0.8,4
original,12,11735,0.029843648274739582,S1C_W0.800_r04,0.8,4
original,13,7091,0.018033345540364582,S1C_W0.800_r04,0.8,4
original,14,3867,0.00983428955078125,S1C_W0.800_r04,0.8,4
original,15,2281,0.005800882975260417,S1C_W0.800_r04,0.8,4
original,16,1170,0.0029754638671875,S1C_W0.800_r04,0.8,4
original,17,582,0.0014801025390625,S1C_W0.800_r04,0.8,4
original,18,353,0.0008977254231770834,S1C_W0.800_r04,0.8,4
original,19,186,0.0004730224609375,S1C_W0.800_r04,0.8,4
original,20,120,0.00030517578125,S1C_W0.800_r04,0.8,4
original,21,78,0.0001983642578125,S1C_W0.800_r04,0.8,4
original,22,55,0.00013987223307291666,S1C_W0.800_r04,0.8,4
original,23,31,7.883707682291667e-05,S1C_W0.800_r04,0.8,4
original,24,44,0.00011189778645833333,S1C_W0.800_r04,0.8,4
original,25,34,8.646647135416667e-05,S1C_W0.800_r04,0.8,4
original,26,42,0.0001068115234375,S1C_W0.800_r04,0.8,4
original,27,28,7.120768229166667e-05,S1C_W0.800_r04,0.8,4
original,28,31,7.883707682291667e-05,S1C_W0.800_r04,0.8,4
original,29,25,6.357828776041667e-05,S1C_W0.800_r04,0.8,4
original,30,20,5.0862630208333336e-05,S1C_W0.800_r04,0.8,4
original,31,26,6.612141927083333e-05,S1C_W0.800_r04,0.8,4
original,32,35,8.900960286458333e-05,S1C_W0.800_r04,0.8,4
original,33,27,6.866455078125e-05,S1C_W0.800_r04,0.8,4
original,34,25,6.357828776041667e-05,S1C_W0.800_r04,0.8,4
original,35,25,6.357828776041667e-05,S1C_W0.800_r04,0.8,4
original,36,19,4.8319498697916664e-05,S1C_W0.800_r04,0.8,4
original,37,31,7.883707682291667e-05,S1C_W0.800_r04,0.8,4
original,38,17,4.3233235677083336e-05,S1C_W0.800_r04,0.8,4
original,39,22,5.5948893229166664e-05,S1C_W0.800_r04,0.8,4
original,40,21,5.340576171875e-05,S1C_W0.800_r04,0.8,4
original,41,17,4.3233235677083336e-05,S1C_W0.800_r04,0.8,4
original,42,20,5.0862630208333336e-05,S1C_W0.800_r04,0.8,4
original,43,24,6.103515625e-05,S1C_W0.800_r04,0.8,4
original,44,14,3.5603841145833336e-05,S1C_W0.800_r04,0.8,4
original,45,21,5.340576171875e-05,S1C_W0.800_r04,0.8,4
original,46,13,3.3060709635416664e-05,S1C_W0.800_r04,0.8,4
original,47,12,3.0517578125e-05,S1C_W0.800_r04,0.8,4
original,48,19,4.8319498697916664e-05,S1C_W0.800_r04,0.8,4
original,49,21,5.340576171875e-05,S1C_W0.800_r04,0.8,4
original,50,11,2.7974446614583332e-05,S1C_W0.800_r04,0.8,4
original,51,9,2.288818359375e-05,S1C_W0.800_r04,0.8,4
original,52,6,1.52587890625e-05,S1C_W0.800_r04,0.8,4
original,53,10,2.5431315104166668e-05,S1C_W0.800_r04,0.8,4
original,54,5,1.2715657552083334e-05,S1C_W0.800_r04,0.8,4
original,55,6,1.52587890625e-05,S1C_W0.800_r04,0.8,4
original,56,3,7.62939453125e-06,S1C_W0.800_r04,0.8,4
original,57,5,1.2715657552083334e-05,S1C_W0.800_r04,0.8,4
original,58,2,5.086263020833333e-06,S1C_W0.800_r04,0.8,4
original,59,4,1.0172526041666666e-05,S1C_W0.800_r04,0.8,4
original,60,3,7.62939453125e-06,S1C_W0.800_r04,0.8,4
original,61,1,2.5431315104166665e-06,S1C_W0.800_r04,0.8,4
original,62,0,0.0,S1C_W0.800_r04,0.8,4
original,63,0,0.0,S1C_W0.800_r04,0.8,4
original,64,2,5.086263020833333e-06,S1C_W0.800_r04,0.8,4
original,65,1,2.5431315104166665e-06,S1C_W0.800_r04,0.8,4
reassigned,0,8756,0.022267659505208332,S1C_W0.800_r04,0.8,4
reassigned,1,12532,0.031870524088541664,S1C_W0.800_r04,0.8,4
reassigned,2,24652,0.06269327799479167,S1C_W0.800_r04,0.8,4
reassigned,3,35968,0.09147135416666667,S1C_W0.800_r04,0.8,4
reassigned,4,42545,0.10819753011067708,S1C_W0.800_r04,0.8,4
reassigned,5,44346,0.1127777099609375,S1C_W0.800_r04,0.8,4
reassigned,6,42776,0.10878499348958333,S1C_W0.800_r04,0.8,4
reassigned,7,37693,0.09585825602213542,S1C_W0.800_r04,0.8,4
reassigned,8,31292,0.07957967122395833,S1C_W0.800_r04,0.8,4
reassigned,9,25638,0.0652008056640625,S1C_W0.800_r04,0.8,4
reassigned,10,20275,0.051561991373697914,S1C_W0.800_r04,0.8,4
reassigned,11,15633,0.03975677490234375,S1C_W0.800_r04,0.8,4
reassigned,12,11854,0.030146280924479168,S1C_W0.800_r04,0.8,4
reassigned,13,8967,0.02280426025390625,S1C_W0.800_r04,0.8,4
reassigned,14,6763,0.017199198404947918,S1C_W0.800_r04,0.8,4
reassigned,15,5285,0.013440450032552084,S1C_W0.800_r04,0.8,4
reassigned,16,3978,0.0101165771484375,S1C_W0.800_r04,0.8,4
reassigned,17,3015,0.00766754150390625,S1C_W0.800_r04,0.8,4
reassigned,18,2349,0.00597381591796875,S1C_W0.800_r04,0.8,4
reassigned,19,1787,0.004544576009114583,S1C_W0.800_r04,0.8,4
reassigned,20,1389,0.00353240966796875,S1C_W0.800_r04,0.8,4
reassigned,21,1099,0.0027949015299479165,S1C_W0.800_r04,0.8,4
reassigned,22,832,0.0021158854166666665,S1C_W0.800_r04,0.8,4
reassigned,23,660,0.001678466796875,S1C_W0.800_r04,0.8,4
reassigned,24,543,0.00138092041015625,S1C_W0.800_r04,0.8,4
reassigned,25,393,0.00099945068359375,S1C_W0.800_r04,0.8,4
reassigned,26,340,0.0008646647135416666,S1C_W0.800_r04,0.8,4
reassigned,27,267,0.00067901611328125,S1C_W0.800_r04,0.8,4
reassigned,28,201,0.00051116943359375,S1C_W0.800_r04,0.8,4
reassigned,29,183,0.00046539306640625,S1C_W0.800_r04,0.8,4
reassigned,30,143,0.0003636678059895833,S1C_W0.800_r04,0.8,4
reassigned,31,93,0.00023651123046875,S1C_W0.800_r04,0.8,4
reassigned,32,89,0.00022633870442708334,S1C_W0.800_r04,0.8,4
reassigned,33,88,0.00022379557291666666,S1C_W0.800_r04,0.8,4
reassigned,34,61,0.00015513102213541666,S1C_W0.800_r04,0.8,4
reassigned,35,48,0.0001220703125,S1C_W0.800_r04,0.8,4
reassigned,36,49,0.00012461344401041666,S1C_W0.800_r04,0.8,4
reassigned,37,31,7.883707682291667e-05,S1C_W0.800_r04,0.8,4
reassigned,38,32,8.138020833333333e-05,S1C_W0.800_r04,0.8,4
reassigned,39,41,0.00010426839192708333,S1C_W0.800_r04,0.8,4
reassigned,40,29,7.375081380208333e-05,S1C_W0.800_r04,0.8,4
reassigned,41,25,6.357828776041667e-05,S1C_W0.800_r04,0.8,4
reassigned,42,19,4.8319498697916664e-05,S1C_W0.800_r04,0.8,4
reassigned,43,23,5.8492024739583336e-05,S1C_W0.800_r04,0.8,4
reassigned,44,13,3.3060709635416664e-05,S1C_W0.800_r04,0.8,4
reassigned,45,18,4.57763671875e-05,S1C_W0.800_r04,0.8,4
reassigned,46,19,4.8319498697916664e-05,S1C_W0.800_r04,0.8,4
reassigned,47,26,6.612141927083333e-05,S1C_W0.800_r04,0.8,4
reassigned,48,13,3.3060709635416664e-05,S1C_W0.800_r04,0.8,4
reassigned,49,11,2.7974446614583332e-05,S1C_W0.800_r04,0.8,4
reassigned,50,15,3.814697265625e-05,S1C_W0.800_r04,0.8,4
reassigned,51,18,4.57763671875e-05,S1C_W0.800_r04,0.8,4
reassigned,52,15,3.814697265625e-05,S1C_W0.800_r04,0.8,4
reassigned,53,11,2.7974446614583332e-05,S1C_W0.800_r04,0.8,4
reassigned,54,14,3.5603841145833336e-05,S1C_W0.800_r04,0.8,4
reassigned,55,9,2.288818359375e-05,S1C_W0.800_r04,0.8,4
reassigned,56,8,2.0345052083333332e-05,S1C_W0.800_r04,0.8,4
reassigned,57,6,1.52587890625e-05,S1C_W0.800_r04,0.8,4
reassigned,58,4,1.0172526041666666e-05,S1C_W0.800_r04,0.8,4
reassigned,59,7,1.7801920572916668e-05,S1C_W0.800_r04,0.8,4
reassigned,60,10,2.5431315104166668e-05,S1C_W0.800_r04,0.8,4
reassigned,61,14,3.5603841145833336e-05,S1C_W0.800_r04,0.8,4
reassigned,62,6,1.52587890625e-05,S1C_W0.800_r04,0.8,4
reassigned,63,8,2.0345052083333332e-05,S1C_W0.800_r04,0.8,4
reassigned,64,4,1.0172526041666666e-05,S1C_W0.800_r04,0.8,4
reassigned,65,7,1.7801920572916668e-05,S1C_W0.800_r04,0.8,4
reassigned,66,6,1.52587890625e-05,S1C_W0.800_r04,0.8,4
reassigned,67,6,1.52587890625e-05,S1C_W0.800_r04,0.8,4
reassigned,68,2,5.086263020833333e-06,S1C_W0.800_r04,0.8,4
reassigned,69,6,1.52587890625e-05,S1C_W0.800_r04,0.8,4
reassigned,70,3,7.62939453125e-06,S1C_W0.800_r04,0.8,4
reassigned,71,7,1.7801920572916668e-05,S1C_W0.800_r04,0.8,4
reassigned,72,6,1.52587890625e-05,S1C_W0.800_r04,0.8,4
reassigned,73,8,2.0345052083333332e-05,S1C_W0.800_r04,0.8,4
reassigned,74,2,5.086263020833333e-06,S1C_W0.800_r04,0.8,4
reassigned,75,4,1.0172526041666666e-05,S1C_W0.800_r04,0.8,4
reassigned,76,4,1.0172526041666666e-05,S1C_W0.800_r04,0.8,4
reassigned,77,3,7.62939453125e-06,S1C_W0.800_r04,0.8,4
reassigned,78,3,7.62939453125e-06,S1C_W0.800_r04,0.8,4
reassigned,79,2,5.086263020833333e-06,S1C_W0.800_r04,0.8,4
reassigned,80,5,1.2715657552083334e-05,S1C_W0.800_r04,0.8,4
reassigned,81,3,7.62939453125e-06,S1C_W0.800_r04,0.8,4
reassigned,82,1,2.5431315104166665e-06,S1C_W0.800_r04,0.8,4
reassigned,83,2,5.086263020833333e-06,S1C_W0.800_r04,0.8,4
reassigned,84,3,7.62939453125e-06,S1C_W0.800_r04,0.8,4
reassigned,85,3,7.62939453125e-06,S1C_W0.800_r04,0.8,4
reassigned,86,5,1.2715657552083334e-05,S1C_W0.800_r04,0.8,4
reassigned,87,6,1.52587890625e-05,S1C_W0.800_r04,0.8,4
reassigned,88,3,7.62939453125e-06,S1C_W0.800_r04,0.8,4
reassigned,89,1,2.5431315104166665e-06,S1C_W0.800_r04,0.8,4
reassigned,90,2,5.086263020833333e-06,S1C_W0.800_r04,0.8,4
reassigned,91,3,7.62939453125e-06,S1C_W0.800_r04,0.8,4
reassigned,92,3,7.62939453125e-06,S1C_W0.800_r04,0.8,4
reassigned,93,3,7.62939453125e-06,S1C_W0.800_r04,0.8,4
reassigned,94,4,1.0172526041666666e-05,S1C_W0.800_r04,0.8,4
reassigned,95,2,5.086263020833333e-06,S1C_W0.800_r04,0.8,4
reassigned,96,5,1.2715657552083334e-05,S1C_W0.800_r04,0.8,4
reassigned,97,1,2.5431315104166665e-06,S1C_W0.800_r04,0.8,4
reassigned,98,1,2.5431315104166665e-06,S1C_W0.800_r04,0.8,4
reassigned,99,2,5.086263020833333e-06,S1C_W0.800_r04,0.8,4
reassigned,100,3,7.62939453125e-06,S1C_W0.800_r04,0.8,4
reassigned,101,3,7.62939453125e-06,S1C_W0.800_r04,0.8,4
reassigned,102,4,1.0172526041666666e-05,S1C_W0.800_r04,0.8,4
reassigned,103,3,7.62939453125e-06,S1C_W0.800_r04,0.8,4
reassigned,104,0,0.0,S1C_W0.800_r04,0.8,4
reassigned,105,0,0.0,S1C_W0.800_r04,0.8,4
reassigned,106,1,2.5431315104166665e-06,S1C_W0.800_r04,0.8,4
reassigned,107,2,5.086263020833333e-06,S1C_W0.800_r04,0.8,4
reassigned,108,0,0.0,S1C_W0.800_r04,0.8,4
reassigned,109,0,0.0,S1C_W0.800_r04,0.8,4
reassigned,110,1,2.5431315104166665e-06,S1C_W0.800_r04,0.8,4
reassigned,111,3,7.62939453125e-06,S1C_W0.800_r04,0.8,4
reassigned,112,4,1.0172526041666666e-05,S1C_W0.800_r04,0.8,4
reassigned,113,1,2.5431315104166665e-06,S1C_W0.800_r04,0.8,4
reassigned,114,1,2.5431315104166665e-06,S1C_W0.800_r04,0.8,4
reassigned,115,1,2.5431315104166665e-06,S1C_W0.800_r04,0.8,4
reassigned,116,0,0.0,S1C_W0.800_r04,0.8,4
reassigned,117,0,0.0,S1C_W0.800_r04,0.8,4
reassigned,118,0,0.0,S1C_W0.800_r04,0.8,4
reassigned,119,0,0.0,S1C_W0.800_r04,0.8,4
reassigned,120,2,5.086263020833333e-06,S1C_W0.800_r04,0.8,4
reassigned,121,2,5.086263020833333e-06,S1C_W0.800_r04,0.8,4
reassigned,122,0,0.0,S1C_W0.800_r04,0.8,4
reassigned,123,1,2.5431315104166665e-06,S1C_W0.800_r04,0.8,4
reassigned,124,0,0.0,S1C_W0.800_r04,0.8,4
reassigned,125,0,0.0,S1C_W0.800_r04,0.8,4
reassigned,126,0,0.0,S1C_W0.800_r04,0.8,4
reassigned,127,2,5.086263020833333e-06,S1C_W0.800_r04,0.8,4
reassigned,128,2,5.086263020833333e-06,S1C_W0.800_r04,0.8,4
reassigned,129,1,2.5431315104166665e-06,S1C_W0.800_r04,0.8,4
reassigned,130,0,0.0,S1C_W0.800_r04,0.8,4
reassigned,131,2,5.086263020833333e-06,S1C_W0.800_r04,0.8,4
reassigned,132,0,0.0,S1C_W0.800_r04,0.8,4
reassigned,133,0,0.0,S1C_W0.800_r04,0.8,4
reassigned,134,1,2.5431315104166665e-06,S1C_W0.800_r04,0.8,4
reassigned,135,4,1.0172526041666666e-05,S1C_W0.800_r04,0.8,4
reassigned,136,1,2.5431315104166665e-06,S1C_W0.800_r04,0.8,4
reassigned,137,1,2.5431315104166665e-06,S1C_W0.800_r04,0.8,4
reassigned,138,0,0.0,S1C_W0.800_r04,0.8,4
reassigned,139,0,0.0,S1C_W0.800_r04,0.8,4
reassigned,140,2,5.086263020833333e-06,S1C_W0.800_r04,0.8,4
reassigned,141,1,2.5431315104166665e-06,S1C_W0.800_r04,0.8,4
reassigned,142,0,0.0,S1C_W0.800_r04,0.8,4
reassigned,143,1,2.5431315104166665e-06,S1C_W0.800_r04,0.8,4
reassigned,144,1,2.5431315104166665e-06,S1C_W0.800_r04,0.8,4
reassigned,145,0,0.0,S1C_W0.800_r04,0.8,4
reassigned,146,1,2.5431315104166665e-06,S1C_W0.800_r04,0.8,4
reassigned,147,1,2.5431315104166665e-06,S1C_W0.800_r04,0.8,4
reassigned,148,0,0.0,S1C_W0.800_r04,0.8,4
reassigned,149,1,2.5431315104166665e-06,S1C_W0.800_r04,0.8,4
reassigned,150,0,0.0,S1C_W0.800_r04,0.8,4
reassigned,151,1,2.5431315104166665e-06,S1C_W0.800_r04,0.8,4
reassigned,152,0,0.0,S1C_W0.800_r04,0.8,4
reassigned,153,0,0.0,S1C_W0.800_r04,0.8,4
reassigned,154,1,2.5431315104166665e-06,S1C_W0.800_r04,0.8,4
reassigned,155,0,0.0,S1C_W0.800_r04,0.8,4
reassigned,156,1,2.5431315104166665e-06,S1C_W0.800_r04,0.8,4
reassigned,157,1,2.5431315104166665e-06,S1C_W0.800_r04,0.8,4
original,0,1926,0.0048980712890625,S1C_W0.800_r05,0.8,5
original,1,5221,0.013277689615885416,S1C_W0.800_r05,0.8,5
original,2,11934,0.0303497314453125,S1C_W0.800_r05,0.8,5
original,3,23833,0.060610453287760414,S1C_W0.800_r05,0.8,5
original,4,38001,0.09664154052734375,S1C_W0.800_r05,0.8,5
original,5,48535,0.12343088785807292,S1C_W0.800_r05,0.8,5
original,6,54347,0.1382115681966146,S1C_W0.800_r05,0.8,5
original,7,53300,0.13554890950520834,S1C_W0.800_r05,0.8,5
original,8,46312,0.11777750651041667,S1C_W0.800_r05,0.8,5
original,9,36623,0.09313710530598958,S1C_W0.800_r05,0.8,5
original,10,26835,0.06824493408203125,S1C_W0.800_r05,0.8,5
original,11,18214,0.046320597330729164,S1C_W0.800_r05,0.8,5
original,12,11807,0.030026753743489582,S1C_W0.800_r05,0.8,5
original,13,6867,0.01746368408203125,S1C_W0.800_r05,0.8,5
original,14,3971,0.010098775227864584,S1C_W0.800_r05,0.8,5
original,15,2230,0.005671183268229167,S1C_W0.800_r05,0.8,5
original,16,1150,0.0029246012369791665,S1C_W0.800_r05,0.8,5
original,17,605,0.0015385945638020833,S1C_W0.800_r05,0.8,5
original,18,371,0.0009435017903645834,S1C_W0.800_r05,0.8,5
original,19,170,0.0004323323567708333,S1C_W0.800_r05,0.8,5
original,20,121,0.0003077189127604167,S1C_W0.800_r05,0.8,5
original,21,72,0.00018310546875,S1C_W0.800_r05,0.8,5
original,22,42,0.0001068115234375,S1C_W0.800_r05,0.8,5
original,23,44,0.00011189778645833333,S1C_W0.800_r05,0.8,5
original,24,44,0.00011189778645833333,S1C_W0.800_r05,0.8,5
original,25,39,9.918212890625e-05,S1C_W0.800_r05,0.8,5
original,26,34,8.646647135416667e-05,S1C_W0.800_r05,0.8,5
original,27,31,7.883707682291667e-05,S1C_W0.800_r05,0.8,5
original,28,24,6.103515625e-05,S1C_W0.800_r05,0.8,5
original,29,30,7.62939453125e-05,S1C_W0.800_r05,0.8,5
original,30,20,5.0862630208333336e-05,S1C_W0.800_r05,0.8,5
original,31,30,7.62939453125e-05,S1C_W0.800_r05,0.8,5
original,32,26,6.612141927083333e-05,S1C_W0.800_r05,0.8,5
original,33,25,6.357828776041667e-05,S1C_W0.800_r05,0.8,5
original,34,23,5.8492024739583336e-05,S1C_W0.800_r05,0.8,5
original,35,25,6.357828776041667e-05,S1C_W0.800_r05,0.8,5
original,36,19,4.8319498697916664e-05,S1C_W0.800_r05,0.8,5
original,37,18,4.57763671875e-05,S1C_W0.800_r05,0.8,5
original,38,21,5.340576171875e-05,S1C_W0.800_r05,0.8,5
original,39,24,6.103515625e-05,S1C_W0.800_r05,0.8,5
original,40,24,6.103515625e-05,S1C_W0.800_r05,0.8,5
original,41,24,6.103515625e-05,S1C_W0.800_r05,0.8,5
original,42,24,6.103515625e-05,S1C_W0.800_r05,0.8,5
original,43,27,6.866455078125e-05,S1C_W0.800_r05,0.8,5
original,44,22,5.5948893229166664e-05,S1C_W0.800_r05,0.8,5
original,45,24,6.103515625e-05,S1C_W0.800_r05,0.8,5
original,46,14,3.5603841145833336e-05,S1C_W0.800_r05,0.8,5
original,47,18,4.57763671875e-05,S1C_W0.800_r05,0.8,5
original,48,14,3.5603841145833336e-05,S1C_W0.800_r05,0.8,5
original,49,10,2.5431315104166668e-05,S1C_W0.800_r05,0.8,5
original,50,8,2.0345052083333332e-05,S1C_W0.800_r05,0.8,5
original,51,4,1.0172526041666666e-05,S1C_W0.800_r05,0.8,5
original,52,7,1.7801920572916668e-05,S1C_W0.800_r05,0.8,5
original,53,3,7.62939453125e-06,S1C_W0.800_r05,0.8,5
original,54,7,1.7801920572916668e-05,S1C_W0.800_r05,0.8,5
original,55,3,7.62939453125e-06,S1C_W0.800_r05,0.8,5
original,56,7,1.7801920572916668e-05,S1C_W0.800_r05,0.8,5
original,57,6,1.52587890625e-05,S1C_W0.800_r05,0.8,5
original,58,3,7.62939453125e-06,S1C_W0.800_r05,0.8,5
original,59,0,0.0,S1C_W0.800_r05,0.8,5
original,60,1,2.5431315104166665e-06,S1C_W0.800_r05,0.8,5
original,61,1,2.5431315104166665e-06,S1C_W0.800_r05,0.8,5
original,62,1,2.5431315104166665e-06,S1C_W0.800_r05,0.8,5
reassigned,0,8960,0.022786458333333332,S1C_W0.800_r05,0.8,5
reassigned,1,13597,0.034578959147135414,S1C_W0.800_r05,0.8,5
reassigned,2,25125,0.06389617919921875,S1C_W0.800_r05,0.8,5
reassigned,3,36360,0.09246826171875,S1C_W0.800_r05,0.8,5
reassigned,4,42355,0.10771433512369792,S1C_W0.800_r05,0.8,5
reassigned,5,43874,0.11157735188802083,S1C_W0.800_r05,0.8,5
reassigned,6,41110,0.10454813639322917,S1C_W0.800_r05,0.8,5
reassigned,7,36626,0.09314473470052083,S1C_W0.800_r05,0.8,5
reassigned,8,30801,0.07833099365234375,S1C_W0.800_r05,0.8,5
reassigned,9,25230,0.0641632080078125,S1C_W0.800_r05,0.8,5
reassigned,10,20212,0.051401774088541664,S1C_W0.800_r05,0.8,5
reassigned,11,15467,0.039334615071614586,S1C_W0.800_r05,0.8,5
reassigned,12,12184,0.030985514322916668,S1C_W0.800_r05,0.8,5
reassigned,13,9409,0.023928324381510418,S1C_W0.800_r05,0.8,5
reassigned,14,7266,0.0184783935546875,S1C_W0.800_r05,0.8,5
reassigned,15,5570,0.014165242513020834,S1C_W0.800_r05,0.8,5
reassigned,16,4187,0.010648091634114584,S1C_W0.800_r05,0.8,5
reassigned,17,3161,0.008038838704427084,S1C_W0.800_r05,0.8,5
reassigned,18,2426,0.006169637044270833,S1C_W0.800_r05,0.8,5
reassigned,19,1910,0.004857381184895833,S1C_W0.800_r05,0.8,5
reassigned,20,1499,0.0038121541341145835,S1C_W0.800_r05,0.8,5
reassigned,21,1227,0.00312042236328125,S1C_W0.800_r05,0.8,5
reassigned,22,925,0.0023523966471354165,S1C_W0.800_r05,0.8,5
reassigned,23,726,0.0018463134765625,S1C_W0.800_r05,0.8,5
reassigned,24,564,0.001434326171875,S1C_W0.800_r05,0.8,5
reassigned,25,421,0.0010706583658854167,S1C_W0.800_r05,0.8,5
reassigned,26,342,0.0008697509765625,S1C_W0.800_r05,0.8,5
reassigned,27,254,0.0006459554036458334,S1C_W0.800_r05,0.8,5
reassigned,28,247,0.0006281534830729166,S1C_W0.800_r05,0.8,5
reassigned,29,173,0.0004399617513020833,S1C_W0.800_r05,0.8,5
reassigned,30,150,0.0003814697265625,S1C_W0.800_r05,0.8,5
reassigned,31,108,0.000274658203125,S1C_W0.800_r05,0.8,5
reassigned,32,97,0.0002466837565104167,S1C_W0.800_r05,0.8,5
reassigned,33,81,0.00020599365234375,S1C_W0.800_r05,0.8,5
reassigned,34,69,0.00017547607421875,S1C_W0.800_r05,0.8,5
reassigned,35,37,9.409586588541667e-05,S1C_W0.800_r05,0.8,5
reassigned,36,41,0.00010426839192708333,S1C_W0.800_r05,0.8,5
reassigned,37,28,7.120768229166667e-05,S1C_W0.800_r05,0.8,5
reassigned,38,34,8.646647135416667e-05,S1C_W0.800_r05,0.8,5
reassigned,39,26,6.612141927083333e-05,S1C_W0.800_r05,0.8,5
reassigned,40,19,4.8319498697916664e-05,S1C_W0.800_r05,0.8,5
reassigned,41,19,4.8319498697916664e-05,S1C_W0.800_r05,0.8,5
reassigned,42,27,6.866455078125e-05,S1C_W0.800_r05,0.8,5
reassigned,43,17,4.3233235677083336e-05,S1C_W0.800_r05,0.8,5
reassigned,44,8,2.0345052083333332e-05,S1C_W0.800_r05,0.8,5
reassigned,45,10,2.5431315104166668e-05,S1C_W0.800_r05,0.8,5
reassigned,46,13,3.3060709635416664e-05,S1C_W0.800_r05,0.8,5
reassigned,47,13,3.3060709635416664e-05,S1C_W0.800_r05,0.8,5
reassigned,48,10,2.5431315104166668e-05,S1C_W0.800_r05,0.8,5
reassigned,49,8,2.0345052083333332e-05,S1C_W0.800_r05,0.8,5
reassigned,50,8,2.0345052083333332e-05,S1C_W0.800_r05,0.8,5
reassigned,51,11,2.7974446614583332e-05,S1C_W0.800_r05,0.8,5
reassigned,52,7,1.7801920572916668e-05,S1C_W0.800_r05,0.8,5
reassigned,53,6,1.52587890625e-05,S1C_W0.800_r05,0.8,5
reassigned,54,5,1.2715657552083334e-05,S1C_W0.800_r05,0.8,5
reassigned,55,9,2.288818359375e-05,S1C_W0.800_r05,0.8,5
reassigned,56,8,2.0345052083333332e-05,S1C_W0.800_r05,0.8,5
reassigned,57,5,1.2715657552083334e-05,S1C_W0.800_r05,0.8,5
reassigned,58,3,7.62939453125e-06,S1C_W0.800_r05,0.8,5
reassigned,59,4,1.0172526041666666e-05,S1C_W0.800_r05,0.8,5
reassigned,60,5,1.2715657552083334e-05,S1C_W0.800_r05,0.8,5
reassigned,61,4,1.0172526041666666e-05,S1C_W0.800_r05,0.8,5
reassigned,62,1,2.5431315104166665e-06,S1C_W0.800_r05,0.8,5
reassigned,63,1,2.5431315104166665e-06,S1C_W0.800_r05,0.8,5
reassigned,64,2,5.086263020833333e-06,S1C_W0.800_r05,0.8,5
reassigned,65,6,1.52587890625e-05,S1C_W0.800_r05,0.8,5
reassigned,66,3,7.62939453125e-06,S1C_W0.800_r05,0.8,5
reassigned,67,5,1.2715657552083334e-05,S1C_W0.800_r05,0.8,5
reassigned,68,2,5.086263020833333e-06,S1C_W0.800_r05,0.8,5
reassigned,69,2,5.086263020833333e-06,S1C_W0.800_r05,0.8,5
reassigned,70,5,1.2715657552083334e-05,S1C_W0.800_r05,0.8,5
reassigned,71,2,5.086263020833333e-06,S1C_W0.800_r05,0.8,5
reassigned,72,2,5.086263020833333e-06,S1C_W0.800_r05,0.8,5
reassigned,73,9,2.288818359375e-05,S1C_W0.800_r05,0.8,5
reassigned,74,3,7.62939453125e-06,S1C_W0.800_r05,0.8,5
reassigned,75,4,1.0172526041666666e-05,S1C_W0.800_r05,0.8,5
reassigned,76,1,2.5431315104166665e-06,S1C_W0.800_r05,0.8,5
reassigned,77,5,1.2715657552083334e-05,S1C_W0.800_r05,0.8,5
reassigned,78,1,2.5431315104166665e-06,S1C_W0.800_r05,0.8,5
reassigned,79,1,2.5431315104166665e-06,S1C_W0.800_r05,0.8,5
reassigned,80,2,5.086263020833333e-06,S1C_W0.800_r05,0.8,5
reassigned,81,0,0.0,S1C_W0.800_r05,0.8,5
reassigned,82,2,5.086263020833333e-06,S1C_W0.800_r05,0.8,5
reassigned,83,2,5.086263020833333e-06,S1C_W0.800_r05,0.8,5
reassigned,84,2,5.086263020833333e-06,S1C_W0.800_r05,0.8,5
reassigned,85,5,1.2715657552083334e-05,S1C_W0.800_r05,0.8,5
reassigned,86,1,2.5431315104166665e-06,S1C_W0.800_r05,0.8,5
reassigned,87,0,0.0,S1C_W0.800_r05,0.8,5
reassigned,88,0,0.0,S1C_W0.800_r05,0.8,5
reassigned,89,2,5.086263020833333e-06,S1C_W0.800_r05,0.8,5
reassigned,90,0,0.0,S1C_W0.800_r05,0.8,5
reassigned,91,2,5.086263020833333e-06,S1C_W0.800_r05,0.8,5
reassigned,92,1,2.5431315104166665e-06,S1C_W0.800_r05,0.8,5
reassigned,93,0,0.0,S1C_W0.800_r05,0.8,5
reassigned,94,0,0.0,S1C_W0.800_r05,0.8,5
reassigned,95,1,2.5431315104166665e-06,S1C_W0.800_r05,0.8,5
reassigned,96,2,5.086263020833333e-06,S1C_W0.800_r05,0.8,5
reassigned,97,0,0.0,S1C_W0.800_r05,0.8,5
reassigned,98,0,0.0,S1C_W0.800_r05,0.8,5
reassigned,99,3,7.62939453125e-06,S1C_W0.800_r05,0.8,5
reassigned,100,2,5.086263020833333e-06,S1C_W0.800_r05,0.8,5
reassigned,101,2,5.086263020833333e-06,S1C_W0.800_r05,0.8,5
reassigned,102,2,5.086263020833333e-06,S1C_W0.800_r05,0.8,5
reassigned,103,1,2.5431315104166665e-06,S1C_W0.800_r05,0.8,5
reassigned,104,1,2.5431315104166665e-06,S1C_W0.800_r05,0.8,5
reassigned,105,1,2.5431315104166665e-06,S1C_W0.800_r05,0.8,5
reassigned,106,1,2.5431315104166665e-06,S1C_W0.800_r05,0.8,5
reassigned,107,2,5.086263020833333e-06,S1C_W0.800_r05,0.8,5
reassigned,108,1,2.5431315104166665e-06,S1C_W0.800_r05,0.8,5
reassigned,109,1,2.5431315104166665e-06,S1C_W0.800_r05,0.8,5
reassigned,110,0,0.0,S1C_W0.800_r05,0.8,5
reassigned,111,3,7.62939453125e-06,S1C_W0.800_r05,0.8,5
reassigned,112,0,0.0,S1C_W0.800_r05,0.8,5
reassigned,113,0,0.0,S1C_W0.800_r05,0.8,5
reassigned,114,1,2.5431315104166665e-06,S1C_W0.800_r05,0.8,5
reassigned,115,1,2.5431315104166665e-06,S1C_W0.800_r05,0.8,5
reassigned,116,1,2.5431315104166665e-06,S1C_W0.800_r05,0.8,5
reassigned,117,0,0.0,S1C_W0.800_r05,0.8,5
reassigned,118,0,0.0,S1C_W0.800_r05,0.8,5
reassigned,119,0,0.0,S1C_W0.800_r05,0.8,5
reassigned,120,2,5.086263020833333e-06,S1C_W0.800_r05,0.8,5
reassigned,121,1,2.5431315104166665e-06,S1C_W0.800_r05,0.8,5
reassigned,122,2,5.086263020833333e-06,S1C_W0.800_r05,0.8,5
reassigned,123,3,7.62939453125e-06,S1C_W0.800_r05,0.8,5
reassigned,124,1,2.5431315104166665e-06,S1C_W0.800_r05,0.8,5
reassigned,125,0,0.0,S1C_W0.800_r05,0.8,5
reassigned,126,1,2.5431315104166665e-06,S1C_W0.800_r05,0.8,5
reassigned,127,0,0.0,S1C_W0.800_r05,0.8,5
reassigned,128,1,2.5431315104166665e-06,S1C_W0.800_r05,0.8,5
reassigned,129,0,0.0,S1C_W0.800_r05,0.8,5
reassigned,130,0,0.0,S1C_W0.800_r05,0.8,5
reassigned,131,0,0.0,S1C_W0.800_r05,0.8,5
reassigned,132,1,2.5431315104166665e-06,S1C_W0.800_r05,0.8,5
reassigned,133,1,2.5431315104166665e-06,S1C_W0.800_r05,0.8,5
reassigned,134,0,0.0,S1C_W0.800_r05,0.8,5
reassigned,135,2,5.086263020833333e-06,S1C_W0.800_r05,0.8,5
reassigned,136,0,0.0,S1C_W0.800_r05,0.8,5
reassigned,137,2,5.086263020833333e-06,S1C_W0.800_r05,0.8,5
reassigned,138,0,0.0,S1C_W0.800_r05,0.8,5
reassigned,139,0,0.0,S1C_W0.800_r05,0.8,5
reassigned,140,0,0.0,S1C_W0.800_r05,0.8,5
reassigned,141,0,0.0,S1C_W0.800_r05,0.8,5
reassigned,142,0,0.0,S1C_W0.800_r05,0.8,5
reassigned,143,0,0.0,S1C_W0.800_r05,0.8,5
reassigned,144,0,0.0,S1C_W0.800_r05,0.8,5
reassigned,145,1,2.5431315104166665e-06,S1C_W0.800_r05,0.8,5
original,0,1998,0.0050811767578125,S1C_W0.800_r06,0.8,6
original,1,5318,0.013524373372395834,S1C_W0.800_r06,0.8,6
original,2,12397,0.031527201334635414,S1C_W0.800_r06,0.8,6
original,3,24138,0.0613861083984375,S1C_W0.800_r06,0.8,6
original,4,37747,0.09599558512369792,S1C_W0.800_r06,0.8,6
original,5,48718,0.12389628092447917,S1C_W0.800_r06,0.8,6
original,6,54062,0.13748677571614584,S1C_W0.800_r06,0.8,6
original,7,52700,0.13402303059895834,S1C_W0.800_r06,0.8,6
original,8,45955,0.11686960856119792,S1C_W0.800_r06,0.8,6
original,9,36404,0.09258015950520833,S1C_W0.800_r06,0.8,6
original,10,27011,0.06869252522786458,S1C_W0.800_r06,0.8,6
original,11,18189,0.04625701904296875,S1C_W0.800_r06,0.8,6
original,12,11642,0.029607137044270832,S1C_W0.800_r06,0.8,6
original,13,7198,0.018305460611979168,S1C_W0.800_r06,0.8,6
original,14,4053,0.01030731201171875,S1C_W0.800_r06,0.8,6
original,15,2194,0.005579630533854167,S1C_W0.800_r06,0.8,6
original,16,1301,0.0033086140950520835,S1C_W0.800_r06,0.8,6
original,17,599,0.0015233357747395833,S1C_W0.800_r06,0.8,6
original,18,369,0.00093841552734375,S1C_W0.800_r06,0.8,6
original,19,203,0.0005162556966145834,S1C_W0.800_r06,0.8,6
original,20,125,0.0003178914388020833,S1C_W0.800_r06,0.8,6
original,21,86,0.00021870930989583334,S1C_W0.800_r06,0.8,6
original,22,57,0.00014495849609375,S1C_W0.800_r06,0.8,6
original,23,52,0.00013224283854166666,S1C_W0.800_r06,0.8,6
original,24,39,9.918212890625e-05,S1C_W0.800_r06,0.8,6
original,25,45,0.00011444091796875,S1C_W0.800_r06,0.8,6
original,26,31,7.883707682291667e-05,S1C_W0.800_r06,0.8,6
original,27,34,8.646647135416667e-05,S1C_W0.800_r06,0.8,6
original,28,27,6.866455078125e-05,S1C_W0.800_r06,0.8,6
original,29,26,6.612141927083333e-05,S1C_W0.800_r06,0.8,6
original,30,26,6.612141927083333e-05,S1C_W0.800_r06,0.8,6
original,31,22,5.5948893229166664e-05,S1C_W0.800_r06,0.8,6
original,32,27,6.866455078125e-05,S1C_W0.800_r06,0.8,6
original,33,26,6.612141927083333e-05,S1C_W0.800_r06,0.8,6
original,34,27,6.866455078125e-05,S1C_W0.800_r06,0.8,6
original,35,37,9.409586588541667e-05,S1C_W0.800_r06,0.8,6
original,36,27,6.866455078125e-05,S1C_W0.800_r06,0.8,6
original,37,20,5.0862630208333336e-05,S1C_W0.800_r06,0.8,6
original,38,16,4.0690104166666664e-05,S1C_W0.800_r06,0.8,6
original,39,31,7.883707682291667e-05,S1C_W0.800_r06,0.8,6
original,40,26,6.612141927083333e-05,S1C_W0.800_r06,0.8,6
original,41,16,4.0690104166666664e-05,S1C_W0.800_r06,0.8,6
original,42,17,4.3233235677083336e-05,S1C_W0.800_r06,0.8,6
original,43,19,4.8319498697916664e-05,S1C_W0.800_r06,0.8,6
original,44,17,4.3233235677083336e-05,S1C_W0.800_r06,0.8,6
original,45,16,4.0690104166666664e-05,S1C_W0.800_r06,0.8,6
original,46,12,3.0517578125e-05,S1C_W0.800_r06,0.8,6
original,47,13,3.3060709635416664e-05,S1C_W0.800_r06,0.8,6
original,48,13,3.3060709635416664e-05,S1C_W0.800_r06,0.8,6
original,49,11,2.7974446614583332e-05,S1C_W0.800_r06,0.8,6
original,50,12,3.0517578125e-05,S1C_W0.800_r06,0.8,6
original,51,12,3.0517578125e-05,S1C_W0.800_r06,0.8,6
original,52,7,1.7801920572916668e-05,S1C_W0.800_r06,0.8,6
original,53,9,2.288818359375e-05,S1C_W0.800_r06,0.8,6
original,54,9,2.288818359375e-05,S1C_W0.800_r06,0.8,6
original,55,9,2.288818359375e-05,S1C_W0.800_r06,0.8,6
original,56,7,1.7801920572916668e-05,S1C_W0.800_r06,0.8,6
original,57,5,1.2715657552083334e-05,S1C_W0.800_r06,0.8,6
original,58,2,5.086263020833333e-06,S1C_W0.800_r06,0.8,6
original,59,5,1.2715657552083334e-05,S1C_W0.800_r06,0.8,6
original,60,1,2.5431315104166665e-06,S1C_W0.800_r06,0.8,6
original,61,0,0.0,S1C_W0.800_r06,0.8,6
original,62,0,0.0,S1C_W0.800_r06,0.8,6
original,63,1,2.5431315104166665e-06,S1C_W0.800_r06,0.8,6
reassigned,0,8575,0.021807352701822918,S1C_W0.800_r06,0.8,6
reassigned,1,13243,0.033678690592447914,S1C_W0.800_r06,0.8,6
reassigned,2,24957,0.06346893310546875,S1C_W0.800_r06,0.8,6
reassigned,3,35850,0.0911712646484375,S1C_W0.800_r06,0.8,6
reassigned,4,42493,0.10806528727213542,S1C_W0.800_r06,0.8,6
reassigned,5,43989,0.11186981201171875,S1C_W0.800_r06,0.8,6
reassigned,6,41536,0.10563151041666667,S1C_W0.800_r06,0.8,6
reassigned,7,36753,0.09346771240234375,S1C_W0.800_r06,0.8,6
reassigned,8,31413,0.07988739013671875,S1C_W0.800_r06,0.8,6
reassigned,9,25857,0.06575775146484375,S1C_W0.800_r06,0.8,6
reassigned,10,20476,0.052073160807291664,S1C_W0.800_r06,0.8,6
reassigned,11,16092,0.040924072265625,S1C_W0.800_r06,0.8,6
reassigned,12,12074,0.030705769856770832,S1C_W0.800_r06,0.8,6
reassigned,13,9350,0.023778279622395832,S1C_W0.800_r06,0.8,6
reassigned,14,7064,0.017964680989583332,S1C_W0.800_r06,0.8,6
reassigned,15,5312,0.013509114583333334,S1C_W0.800_r06,0.8,6
reassigned,16,4013,0.010205586751302084,S1C_W0.800_r06,0.8,6
reassigned,17,3110,0.007909138997395834,S1C_W0.800_r06,0.8,6
reassigned,18,2309,0.005872090657552083,S1C_W0.800_r06,0.8,6
reassigned,19,1816,0.004618326822916667,S1C_W0.800_r06,0.8,6
reassigned,20,1368,0.00347900390625,S1C_W0.800_r06,0.8,6
reassigned,21,1053,0.00267791748046875,S1C_W0.800_r06,0.8,6
reassigned,22,835,0.0021235148111979165,S1C_W0.800_r06,0.8,6
reassigned,23,656,0.0016682942708333333,S1C_W0.800_r06,0.8,6
reassigned,24,537,0.00136566162109375,S1C_W0.800_r06,0.8,6
reassigned,25,437,0.0011113484700520833,S1C_W0.800_r06,0.8,6
reassigned,26,297,0.00075531005859375,S1C_W0.800_r06,0.8,6
reassigned,27,270,0.0006866455078125,S1C_W0.800_r06,0.8,6
reassigned,28,223,0.0005671183268229166,S1C_W0.800_r06,0.8,6
reassigned,29,167,0.0004247029622395833,S1C_W0.800_r06,0.8,6
reassigned,30,116,0.0002950032552083333,S1C_W0.800_r06,0.8,6
reassigned,31,104,0.0002644856770833333,S1C_W0.800_r06,0.8,6
reassigned,32,108,0.000274658203125,S1C_W0.800_r06,0.8,6
reassigned,33,86,0.00021870930989583334,S1C_W0.800_r06,0.8,6
reassigned,34,69,0.00017547607421875,S1C_W0.800_r06,0.8,6
reassigned,35,37,9.409586588541667e-05,S1C_W0.800_r06,0.8,6
reassigned,36,43,0.00010935465494791667,S1C_W0.800_r06,0.8,6
reassigned,37,37,9.409586588541667e-05,S1C_W0.800_r06,0.8,6
reassigned,38,32,8.138020833333333e-05,S1C_W0.800_r06,0.8,6
reassigned,39,23,5.8492024739583336e-05,S1C_W0.800_r06,0.8,6
reassigned,40,37,9.409586588541667e-05,S1C_W0.800_r06,0.8,6
reassigned,41,23,5.8492024739583336e-05,S1C_W0.800_r06,0.8,6
reassigned,42,21,5.340576171875e-05,S1C_W0.800_r06,0.8,6
reassigned,43,17,4.3233235677083336e-05,S1C_W0.800_r06,0.8,6
reassigned,44,13,3.3060709635416664e-05,S1C_W0.800_r06,0.8,6
reassigned,45,22,5.5948893229166664e-05,S1C_W0.800_r06,0.8,6
reassigned,46,14,3.5603841145833336e-05,S1C_W0.800_r06,0.8,6
reassigned,47,7,1.7801920572916668e-05,S1C_W0.800_r06,0.8,6
reassigned,48,11,2.7974446614583332e-05,S1C_W0.800_r06,0.8,6
reassigned,49,9,2.288818359375e-05,S1C_W0.800_r06,0.8,6
reassigned,50,15,3.814697265625e-05,S1C_W0.800_r06,0.8,6
reassigned,51,7,1.7801920572916668e-05,S1C_W0.800_r06,0.8,6
reassigned,52,15,3.814697265625e-05,S1C_W0.800_r06,0.8,6
reassigned,53,9,2.288818359375e-05,S1C_W0.800_r06,0.8,6
reassigned,54,7,1.7801920572916668e-05,S1C_W0.800_r06,0.8,6
reassigned,55,6,1.52587890625e-05,S1C_W0.800_r06,0.8,6
reassigned,56,10,2.5431315104166668e-05,S1C_W0.800_r06,0.8,6
reassigned,57,13,3.3060709635416664e-05,S1C_W0.800_r06,0.8,6
reassigned,58,3,7.62939453125e-06,S1C_W0.800_r06,0.8,6
reassigned,59,8,2.0345052083333332e-05,S1C_W0.800_r06,0.8,6
reassigned,60,7,1.7801920572916668e-05,S1C_W0.800_r06,0.8,6
reassigned,61,8,2.0345052083333332e-05,S1C_W0.800_r06,0.8,6
reassigned,62,6,1.52587890625e-05,S1C_W0.800_r06,0.8,6
reassigned,63,2,5.086263020833333e-06,S1C_W0.800_r06,0.8,6
reassigned,64,7,1.7801920572916668e-05,S1C_W0.800_r06,0.8,6
reassigned,65,3,7.62939453125e-06,S1C_W0.800_r06,0.8,6
reassigned,66,5,1.2715657552083334e-05,S1C_W0.800_r06,0.8,6
reassigned,67,7,1.7801920572916668e-05,S1C_W0.800_r06,0.8,6
reassigned,68,2,5.086263020833333e-06,S1C_W0.800_r06,0.8,6
reassigned,69,1,2.5431315104166665e-06,S1C_W0.800_r06,0.8,6
reassigned,70,3,7.62939453125e-06,S1C_W0.800_r06,0.8,6
reassigned,71,3,7.62939453125e-06,S1C_W0.800_r06,0.8,6
reassigned,72,3,7.62939453125e-06,S1C_W0.800_r06,0.8,6
reassigned,73,7,1.7801920572916668e-05,S1C_W0.800_r06,0.8,6
reassigned,74,5,1.2715657552083334e-05,S1C_W0.800_r06,0.8,6
reassigned,75,5,1.2715657552083334e-05,S1C_W0.800_r06,0.8,6
reassigned,76,3,7.62939453125e-06,S1C_W0.800_r06,0.8,6
reassigned,77,5,1.2715657552083334e-05,S1C_W0.800_r06,0.8,6
reassigned,78,2,5.086263020833333e-06,S1C_W0.800_r06,0.8,6
reassigned,79,4,1.0172526041666666e-05,S1C_W0.800_r06,0.8,6
reassigned,80,3,7.62939453125e-06,S1C_W0.800_r06,0.8,6
reassigned,81,2,5.086263020833333e-06,S1C_W0.800_r06,0.8,6
reassigned,82,2,5.086263020833333e-06,S1C_W0.800_r06,0.8,6
reassigned,83,2,5.086263020833333e-06,S1C_W0.800_r06,0.8,6
reassigned,84,4,1.0172526041666666e-05,S1C_W0.800_r06,0.8,6
reassigned,85,1,2.5431315104166665e-06,S1C_W0.800_r06,0.8,6
reassigned,86,2,5.086263020833333e-06,S1C_W0.800_r06,0.8,6
reassigned,87,1,2.5431315104166665e-06,S1C_W0.800_r06,0.8,6
reassigned,88,0,0.0,S1C_W0.800_r06,0.8,6
reassigned,89,2,5.086263020833333e-06,S1C_W0.800_r06,0.8,6
reassigned,90,4,1.0172526041666666e-05,S1C_W0.800_r06,0.8,6
reassigned,91,3,7.62939453125e-06,S1C_W0.800_r06,0.8,6
reassigned,92,3,7.62939453125e-06,S1C_W0.800_r06,0.8,6
reassigned,93,2,5.086263020833333e-06,S1C_W0.800_r06,0.8,6
reassigned,94,2,5.086263020833333e-06,S1C_W0.800_r06,0.8,6
reassigned,95,1,2.5431315104166665e-06,S1C_W0.800_r06,0.8,6
reassigned,96,2,5.086263020833333e-06,S1C_W0.800_r06,0.8,6
reassigned,97,1,2.5431315104166665e-06,S1C_W0.800_r06,0.8,6
reassigned,98,4,1.0172526041666666e-05,S1C_W0.800_r06,0.8,6
reassigned,99,3,7.62939453125e-06,S1C_W0.800_r06,0.8,6
reassigned,100,1,2.5431315104166665e-06,S1C_W0.800_r06,0.8,6
reassigned,101,2,5.086263020833333e-06,S1C_W0.800_r06,0.8,6
reassigned,102,1,2.5431315104166665e-06,S1C_W0.800_r06,0.8,6
reassigned,103,1,2.5431315104166665e-06,S1C_W0.800_r06,0.8,6
reassigned,104,1,2.5431315104166665e-06,S1C_W0.800_r06,0.8,6
reassigned,105,2,5.086263020833333e-06,S1C_W0.800_r06,0.8,6
reassigned,106,4,1.0172526041666666e-05,S1C_W0.800_r06,0.8,6
reassigned,107,0,0.0,S1C_W0.800_r06,0.8,6
reassigned,108,3,7.62939453125e-06,S1C_W0.800_r06,0.8,6
reassigned,109,1,2.5431315104166665e-06,S1C_W0.800_r06,0.8,6
reassigned,110,3,7.62939453125e-06,S1C_W0.800_r06,0.8,6
reassigned,111,0,0.0,S1C_W0.800_r06,0.8,6
reassigned,112,0,0.0,S1C_W0.800_r06,0.8,6
reassigned,113,0,0.0,S1C_W0.800_r06,0.8,6
reassigned,114,0,0.0,S1C_W0.800_r06,0.8,6
reassigned,115,0,0.0,S1C_W0.800_r06,0.8,6
reassigned,116,1,2.5431315104166665e-06,S1C_W0.800_r06,0.8,6
reassigned,117,1,2.5431315104166665e-06,S1C_W0.800_r06,0.8,6
reassigned,118,1,2.5431315104166665e-06,S1C_W0.800_r06,0.8,6
reassigned,119,0,0.0,S1C_W0.800_r06,0.8,6
reassigned,120,1,2.5431315104166665e-06,S1C_W0.800_r06,0.8,6
reassigned,121,2,5.086263020833333e-06,S1C_W0.800_r06,0.8,6
reassigned,122,1,2.5431315104166665e-06,S1C_W0.800_r06,0.8,6
reassigned,123,1,2.5431315104166665e-06,S1C_W0.800_r06,0.8,6
reassigned,124,0,0.0,S1C_W0.800_r06,0.8,6
reassigned,125,1,2.5431315104166665e-06,S1C_W0.800_r06,0.8,6
reassigned,126,0,0.0,S1C_W0.800_r06,0.8,6
reassigned,127,0,0.0,S1C_W0.800_r06,0.8,6
reassigned,128,0,0.0,S1C_W0.800_r06,0.8,6
reassigned,129,0,0.0,S1C_W0.800_r06,0.8,6
reassigned,130,0,0.0,S1C_W0.800_r06,0.8,6
reassigned,131,0,0.0,S1C_W0.800_r06,0.8,6
reassigned,132,1,2.5431315104166665e-06,S1C_W0.800_r06,0.8,6
reassigned,133,0,0.0,S1C_W0.800_r06,0.8,6
reassigned,134,0,0.0,S1C_W0.800_r06,0.8,6
reassigned,135,1,2.5431315104166665e-06,S1C_W0.800_r06,0.8,6
reassigned,136,0,0.0,S1C_W0.800_r06,0.8,6
reassigned,137,0,0.0,S1C_W0.800_r06,0.8,6
reassigned,138,0,0.0,S1C_W0.800_r06,0.8,6
reassigned,139,0,0.0,S1C_W0.800_r06,0.8,6
reassigned,140,1,2.5431315104166665e-06,S1C_W0.800_r06,0.8,6
reassigned,141,0,0.0,S1C_W0.800_r06,0.8,6
reassigned,142,0,0.0,S1C_W0.800_r06,0.8,6
reassigned,143,0,0.0,S1C_W0.800_r06,0.8,6
reassigned,144,0,0.0,S1C_W0.800_r06,0.8,6
reassigned,145,1,2.5431315104166665e-06,S1C_W0.800_r06,0.8,6
reassigned,146,0,0.0,S1C_W0.800_r06,0.8,6
reassigned,147,0,0.0,S1C_W0.800_r06,0.8,6
reassigned,148,0,0.0,S1C_W0.800_r06,0.8,6
reassigned,149,0,0.0,S1C_W0.800_r06,0.8,6
reassigned,150,3,7.62939453125e-06,S1C_W0.800_r06,0.8,6
reassigned,151,0,0.0,S1C_W0.800_r06,0.8,6
reassigned,152,1,2.5431315104166665e-06,S1C_W0.800_r06,0.8,6
reassigned,153,0,0.0,S1C_W0.800_r06,0.8,6
reassigned,154,0,0.0,S1C_W0.800_r06,0.8,6
reassigned,155,0,0.0,S1C_W0.800_r06,0.8,6
reassigned,156,0,0.0,S1C_W0.800_r06,0.8,6
reassigned,157,0,0.0,S1C_W0.800_r06,0.8,6
reassigned,158,0,0.0,S1C_W0.800_r06,0.8,6
reassigned,159,1,2.5431315104166665e-06,S1C_W0.800_r06,0.8,6
original,0,1952,0.004964192708333333,S1C_W0.800_r07,0.8,7
original,1,5167,0.013140360514322916,S1C_W0.800_r07,0.8,7
original,2,12480,0.03173828125,S1C_W0.800_r07,0.8,7
original,3,23964,0.060943603515625,S1C_W0.800_r07,0.8,7
original,4,37512,0.09539794921875,S1C_W0.800_r07,0.8,7
original,5,48813,0.12413787841796875,S1C_W0.800_r07,0.8,7
original,6,54149,0.1377080281575521,S1C_W0.800_r07,0.8,7
original,7,52722,0.1340789794921875,S1C_W0.800_r07,0.8,7
original,8,46280,0.11769612630208333,S1C_W0.800_r07,0.8,7
original,9,36572,0.09300740559895833,S1C_W0.800_r07,0.8,7
original,10,26961,0.06856536865234375,S1C_W0.800_r07,0.8,7
original,11,18337,0.046633402506510414,S1C_W0.800_r07,0.8,7
original,12,11659,0.029650370279947918,S1C_W0.800_r07,0.8,7
original,13,7001,0.017804463704427082,S1C_W0.800_r07,0.8,7
original,14,4084,0.010386149088541666,S1C_W0.800_r07,0.8,7
original,15,2242,0.005701700846354167,S1C_W0.800_r07,0.8,7
original,16,1195,0.0030390421549479165,S1C_W0.800_r07,0.8,7
original,17,633,0.00160980224609375,S1C_W0.800_r07,0.8,7
original,18,338,0.0008595784505208334,S1C_W0.800_r07,0.8,7
original,19,180,0.000457763671875,S1C_W0.800_r07,0.8,7
original,20,120,0.00030517578125,S1C_W0.800_r07,0.8,7
original,21,84,0.000213623046875,S1C_W0.800_r07,0.8,7
original,22,53,0.00013478597005208334,S1C_W0.800_r07,0.8,7
original,23,46,0.00011698404947916667,S1C_W0.800_r07,0.8,7
original,24,42,0.0001068115234375,S1C_W0.800_r07,0.8,7
original,25,30,7.62939453125e-05,S1C_W0.800_r07,0.8,7
original,26,33,8.392333984375e-05,S1C_W0.800_r07,0.8,7
original,27,33,8.392333984375e-05,S1C_W0.800_r07,0.8,7
original,28,28,7.120768229166667e-05,S1C_W0.800_r07,0.8,7
original,29,30,7.62939453125e-05,S1C_W0.800_r07,0.8,7
original,30,27,6.866455078125e-05,S1C_W0.800_r07,0.8,7
original,31,30,7.62939453125e-05,S1C_W0.800_r07,0.8,7
original,32,31,7.883707682291667e-05,S1C_W0.800_r07,0.8,7
original,33,28,7.120768229166667e-05,S1C_W0.800_r07,0.8,7
original,34,30,7.62939453125e-05,S1C_W0.800_r07,0.8,7
original,35,16,4.0690104166666664e-05,S1C_W0.800_r07,0.8,7
original,36,19,4.8319498697916664e-05,S1C_W0.800_r07,0.8,7
original,37,23,5.8492024739583336e-05,S1C_W0.800_r07,0.8,7
original,38,20,5.0862630208333336e-05,S1C_W0.800_r07,0.8,7
original,39,17,4.3233235677083336e-05,S1C_W0.800_r07,0.8,7
original,40,25,6.357828776041667e-05,S1C_W0.800_r07,0.8,7
original,41,22,5.5948893229166664e-05,S1C_W0.800_r07,0.8,7
original,42,25,6.357828776041667e-05,S1C_W0.800_r07,0.8,7
original,43,22,5.5948893229166664e-05,S1C_W0.800_r07,0.8,7
original,44,22,5.5948893229166664e-05,S1C_W0.800_r07,0.8,7
original,45,12,3.0517578125e-05,S1C_W0.800_r07,0.8,7
original,46,13,3.3060709635416664e-05,S1C_W0.800_r07,0.8,7
original,47,15,3.814697265625e-05,S1C_W0.800_r07,0.8,7
original,48,15,3.814697265625e-05,S1C_W0.800_r07,0.8,7
original,49,9,2.288818359375e-05,S1C_W0.800_r07,0.8,7
original,50,6,1.52587890625e-05,S1C_W0.800_r07,0.8,7
original,51,10,2.5431315104166668e-05,S1C_W0.800_r07,0.8,7
original,52,9,2.288818359375e-05,S1C_W0.800_r07,0.8,7
original,53,4,1.0172526041666666e-05,S1C_W0.800_r07,0.8,7
original,54,5,1.2715657552083334e-05,S1C_W0.800_r07,0.8,7
original,55,4,1.0172526041666666e-05,S1C_W0.800_r07,0.8,7
original,56,2,5.086263020833333e-06,S1C_W0.800_r07,0.8,7
original,57,3,7.62939453125e-06,S1C_W0.800_r07,0.8,7
original,58,1,2.5431315104166665e-06,S1C_W0.800_r07,0.8,7
original,59,3,7.62939453125e-06,S1C_W0.800_r07,0.8,7
original,60,2,5.086263020833333e-06,S1C_W0.800_r07,0.8,7
original,61,2,5.086263020833333e-06,S1C_W0.800_r07,0.8,7
original,62,0,0.0,S1C_W0.800_r07,0.8,7
original,63,0,0.0,S1C_W0.800_r07,0.8,7
original,64,1,2.5431315104166665e-06,S1C_W0.800_r07,0.8,7
original,65,1,2.5431315104166665e-06,S1C_W0.800_r07,0.8,7
original,66,1,2.5431315104166665e-06,S1C_W0.800_r07,0.8,7
original,67,1,2.5431315104166665e-06,S1C_W0.800_r07,0.8,7
reassigned,0,7676,0.019521077473958332,S1C_W0.800_r07,0.8,7
reassigned,1,12963,0.03296661376953125,S1C_W0.800_r07,0.8,7
reassigned,2,24782,0.06302388509114583,S1C_W0.800_r07,0.8,7
reassigned,3,36794,0.09357198079427083,S1C_W0.800_r07,0.8,7
reassigned,4,43359,0.11026763916015625,S1C_W0.800_r07,0.8,7
reassigned,5,44463,0.11307525634765625,S1C_W0.800_r07,0.8,7
reassigned,6,41968,0.10673014322916667,S1C_W0.800_r07,0.8,7
reassigned,7,37111,0.09437815348307292,S1C_W0.800_r07,0.8,7
reassigned,8,31143,0.07920074462890625,S1C_W0.800_r07,0.8,7
reassigned,9,25413,0.06462860107421875,S1C_W0.800_r07,0.8,7
reassigned,10,19958,0.050755818684895836,S1C_W0.800_r07,0.8,7
reassigned,11,15535,0.039507548014322914,S1C_W0.800_r07,0.8,7
reassigned,12,12080,0.030721028645833332,S1C_W0.800_r07,0.8,7
reassigned,13,9069,0.02306365966796875,S1C_W0.800_r07,0.8,7
reassigned,14,6861,0.01744842529296875,S1C_W0.800_r07,0.8,7
reassigned,15,5248,0.013346354166666666,S1C_W0.800_r07,0.8,7
reassigned,16,4135,0.010515848795572916,S1C_W0.800_r07,0.8,7
reassigned,17,3144,0.00799560546875,S1C_W0.800_r07,0.8,7
reassigned,18,2334,0.0059356689453125,S1C_W0.800_r07,0.8,7
reassigned,19,1856,0.004720052083333333,S1C_W0.800_r07,0.8,7
reassigned,20,1476,0.003753662109375,S1C_W0.800_r07,0.8,7
reassigned,21,1081,0.0027491251627604165,S1C_W0.800_r07,0.8,7
reassigned,22,854,0.0021718343098958335,S1C_W0.800_r07,0.8,7
reassigned,23,729,0.00185394287109375,S1C_W0.800_r07,0.8,7
reassigned,24,528,0.0013427734375,S1C_W0.800_r07,0.8,7
reassigned,25,437,0.0011113484700520833,S1C_W0.800_r07,0.8,7
reassigned,26,334,0.0008494059244791666,S1C_W0.800_r07,0.8,7
reassigned,27,291,0.00074005126953125,S1C_W0.800_r07,0.8,7
reassigned,28,237,0.00060272216796875,S1C_W0.800_r07,0.8,7
reassigned,29,189,0.00048065185546875,S1C_W0.800_r07,0.8,7
reassigned,30,168,0.00042724609375,S1C_W0.800_r07,0.8,7
reassigned,31,126,0.0003204345703125,S1C_W0.800_r07,0.8,7
reassigned,32,113,0.0002873738606770833,S1C_W0.800_r07,0.8,7
reassigned,33,105,0.00026702880859375,S1C_W0.800_r07,0.8,7
reassigned,34,69,0.00017547607421875,S1C_W0.800_r07,0.8,7
reassigned,35,62,0.00015767415364583334,S1C_W0.800_r07,0.8,7
reassigned,36,49,0.00012461344401041666,S1C_W0.800_r07,0.8,7
reassigned,37,43,0.00010935465494791667,S1C_W0.800_r07,0.8,7
reassigned,38,38,9.663899739583333e-05,S1C_W0.800_r07,0.8,7
reassigned,39,32,8.138020833333333e-05,S1C_W0.800_r07,0.8,7
reassigned,40,24,6.103515625e-05,S1C_W0.800_r07,0.8,7
reassigned,41,16,4.0690104166666664e-05,S1C_W0.800_r07,0.8,7
reassigned,42,34,8.646647135416667e-05,S1C_W0.800_r07,0.8,7
reassigned,43,15,3.814697265625e-05,S1C_W0.800_r07,0.8,7
reassigned,44,16,4.0690104166666664e-05,S1C_W0.800_r07,0.8,7
reassigned,45,7,1.7801920572916668e-05,S1C_W0.800_r07,0.8,7
reassigned,46,13,3.3060709635416664e-05,S1C_W0.800_r07,0.8,7
reassigned,47,7,1.7801920572916668e-05,S1C_W0.800_r07,0.8,7
reassigned,48,15,3.814697265625e-05,S1C_W0.800_r07,0.8,7
reassigned,49,10,2.5431315104166668e-05,S1C_W0.800_r07,0.8,7
reassigned,50,6,1.52587890625e-05,S1C_W0.800_r07,0.8,7
reassigned,51,9,2.288818359375e-05,S1C_W0.800_r07,0.8,7
reassigned,52,9,2.288818359375e-05,S1C_W0.800_r07,0.8,7
reassigned,53,9,2.288818359375e-05,S1C_W0.800_r07,0.8,7
reassigned,54,4,1.0172526041666666e-05,S1C_W0.800_r07,0.8,7
reassigned,55,6,1.52587890625e-05,S1C_W0.800_r07,0.8,7
reassigned,56,9,2.288818359375e-05,S1C_W0.800_r07,0.8,7
reassigned,57,2,5.086263020833333e-06,S1C_W0.800_r07,0.8,7
reassigned,58,5,1.2715657552083334e-05,S1C_W0.800_r07,0.8,7
reassigned,59,6,1.52587890625e-05,S1C_W0.800_r07,0.8,7
reassigned,60,6,1.52587890625e-05,S1C_W0.800_r07,0.8,7
reassigned,61,4,1.0172526041666666e-05,S1C_W0.800_r07,0.8,7
reassigned,62,7,1.7801920572916668e-05,S1C_W0.800_r07,0.8,7
reassigned,63,3,7.62939453125e-06,S1C_W0.800_r07,0.8,7
reassigned,64,2,5.086263020833333e-06,S1C_W0.800_r07,0.8,7
reassigned,65,5,1.2715657552083334e-05,S1C_W0.800_r07,0.8,7
reassigned,66,9,2.288818359375e-05,S1C_W0.800_r07,0.8,7
reassigned,67,2,5.086263020833333e-06,S1C_W0.800_r07,0.8,7
reassigned,68,1,2.5431315104166665e-06,S1C_W0.800_r07,0.8,7
reassigned,69,1,2.5431315104166665e-06,S1C_W0.800_r07,0.8,7
reassigned,70,5,1.2715657552083334e-05,S1C_W0.800_r07,0.8,7
reassigned,71,3,7.62939453125e-06,S1C_W0.800_r07,0.8,7
reassigned,72,3,7.62939453125e-06,S1C_W0.800_r07,0.8,7
reassigned,73,6,1.52587890625e-05,S1C_W0.800_r07,0.8,7
reassigned,74,3,7.62939453125e-06,S1C_W0.800_r07,0.8,7
reassigned,75,0,0.0,S1C_W0.800_r07,0.8,7
reassigned,76,0,0.0,S1C_W0.800_r07,0.8,7
reassigned,77,2,5.086263020833333e-06,S1C_W0.800_r07,0.8,7
reassigned,78,3,7.62939453125e-06,S1C_W0.800_r07,0.8,7
reassigned,79,1,2.5431315104166665e-06,S1C_W0.800_r07,0.8,7
reassigned,80,2,5.086263020833333e-06,S1C_W0.800_r07,0.8,7
reassigned,81,0,0.0,S1C_W0.800_r07,0.8,7
reassigned,82,2,5.086263020833333e-06,S1C_W0.800_r07,0.8,7
reassigned,83,3,7.62939453125e-06,S1C_W0.800_r07,0.8,7
reassigned,84,4,1.0172526041666666e-05,S1C_W0.800_r07,0.8,7
reassigned,85,3,7.62939453125e-06,S1C_W0.800_r07,0.8,7
reassigned,86,0,0.0,S1C_W0.800_r07,0.8,7
reassigned,87,1,2.5431315104166665e-06,S1C_W0.800_r07,0.8,7
reassigned,88,2,5.086263020833333e-06,S1C_W0.800_r07,0.8,7
reassigned,89,3,7.62939453125e-06,S1C_W0.800_r07,0.8,7
reassigned,90,4,1.0172526041666666e-05,S1C_W0.800_r07,0.8,7
reassigned,91,1,2.5431315104166665e-06,S1C_W0.800_r07,0.8,7
reassigned,92,1,2.5431315104166665e-06,S1C_W0.800_r07,0.8,7
reassigned,93,0,0.0,S1C_W0.800_r07,0.8,7
reassigned,94,0,0.0,S1C_W0.800_r07,0.8,7
reassigned,95,1,2.5431315104166665e-06,S1C_W0.800_r07,0.8,7
reassigned,96,3,7.62939453125e-06,S1C_W0.800_r07,0.8,7
reassigned,97,1,2.5431315104166665e-06,S1C_W0.800_r07,0.8,7
reassigned,98,3,7.62939453125e-06,S1C_W0.800_r07,0.8,7
reassigned,99,1,2.5431315104166665e-06,S1C_W0.800_r07,0.8,7
reassigned,100,2,5.086263020833333e-06,S1C_W0.800_r07,0.8,7
reassigned,101,1,2.5431315104166665e-06,S1C_W0.800_r07,0.8,7
reassigned,102,0,0.0,S1C_W0.800_r07,0.8,7
reassigned,103,1,2.5431315104166665e-06,S1C_W0.800_r07,0.8,7
reassigned,104,1,2.5431315104166665e-06,S1C_W0.800_r07,0.8,7
reassigned,105,0,0.0,S1C_W0.800_r07,0.8,7
reassigned,106,1,2.5431315104166665e-06,S1C_W0.800_r07,0.8,7
reassigned,107,1,2.5431315104166665e-06,S1C_W0.800_r07,0.8,7
reassigned,108,0,0.0,S1C_W0.800_r07,0.8,7
reassigned,109,1,2.5431315104166665e-06,S1C_W0.800_r07,0.8,7
reassigned,110,1,2.5431315104166665e-06,S1C_W0.800_r07,0.8,7
reassigned,111,1,2.5431315104166665e-06,S1C_W0.800_r07,0.8,7
reassigned,112,1,2.5431315104166665e-06,S1C_W0.800_r07,0.8,7
reassigned,113,2,5.086263020833333e-06,S1C_W0.800_r07,0.8,7
reassigned,114,1,2.5431315104166665e-06,S1C_W0.800_r07,0.8,7
reassigned,115,4,1.0172526041666666e-05,S1C_W0.800_r07,0.8,7
reassigned,116,0,0.0,S1C_W0.800_r07,0.8,7
reassigned,117,3,7.62939453125e-06,S1C_W0.800_r07,0.8,7
reassigned,118,1,2.5431315104166665e-06,S1C_W0.800_r07,0.8,7
reassigned,119,2,5.086263020833333e-06,S1C_W0.800_r07,0.8,7
reassigned,120,1,2.5431315104166665e-06,S1C_W0.800_r07,0.8,7
reassigned,121,1,2.5431315104166665e-06,S1C_W0.800_r07,0.8,7
reassigned,122,0,0.0,S1C_W0.800_r07,0.8,7
reassigned,123,0,0.0,S1C_W0.800_r07,0.8,7
reassigned,124,0,0.0,S1C_W0.800_r07,0.8,7
reassigned,125,0,0.0,S1C_W0.800_r07,0.8,7
reassigned,126,0,0.0,S1C_W0.800_r07,0.8,7
reassigned,127,0,0.0,S1C_W0.800_r07,0.8,7
reassigned,128,1,2.5431315104166665e-06,S1C_W0.800_r07,0.8,7
reassigned,129,2,5.086263020833333e-06,S1C_W0.800_r07,0.8,7
reassigned,130,0,0.0,S1C_W0.800_r07,0.8,7
reassigned,131,1,2.5431315104166665e-06,S1C_W0.800_r07,0.8,7
reassigned,132,0,0.0,S1C_W0.800_r07,0.8,7
reassigned,133,0,0.0,S1C_W0.800_r07,0.8,7
reassigned,134,1,2.5431315104166665e-06,S1C_W0.800_r07,0.8,7
reassigned,135,1,2.5431315104166665e-06,S1C_W0.800_r07,0.8,7
reassigned,136,0,0.0,S1C_W0.800_r07,0.8,7
reassigned,137,0,0.0,S1C_W0.800_r07,0.8,7
reassigned,138,0,0.0,S1C_W0.800_r07,0.8,7
reassigned,139,0,0.0,S1C_W0.800_r07,0.8,7
reassigned,140,0,0.0,S1C_W0.800_r07,0.8,7
reassigned,141,1,2.5431315104166665e-06,S1C_W0.800_r07,0.8,7
reassigned,142,1,2.5431315104166665e-06,S1C_W0.800_r07,0.8,7
reassigned,143,0,0.0,S1C_W0.800_r07,0.8,7
reassigned,144,0,0.0,S1C_W0.800_r07,0.8,7
reassigned,145,0,0.0,S1C_W0.800_r07,0.8,7
reassigned,146,1,2.5431315104166665e-06,S1C_W0.800_r07,0.8,7
reassigned,147,1,2.5431315104166665e-06,S1C_W0.800_r07,0.8,7
reassigned,148,0,0.0,S1C_W0.800_r07,0.8,7
reassigned,149,0,0.0,S1C_W0.800_r07,0.8,7
reassigned,150,0,0.0,S1C_W0.800_r07,0.8,7
reassigned,151,0,0.0,S1C_W0.800_r07,0.8,7
reassigned,152,1,2.5431315104166665e-06,S1C_W0.800_r07,0.8,7
reassigned,153,1,2.5431315104166665e-06,S1C_W0.800_r07,0.8,7
reassigned,154,1,2.5431315104166665e-06,S1C_W0.800_r07,0.8,7
reassigned,155,1,2.5431315104166665e-06,S1C_W0.800_r07,0.8,7
original,0,2030,0.005162556966145833,S1C_W0.800_r08,0.8,8
original,1,5207,0.013242085774739584,S1C_W0.800_r08,0.8,8
original,2,12159,0.03092193603515625,S1C_W0.800_r08,0.8,8
original,3,24303,0.06180572509765625,S1C_W0.800_r08,0.8,8
original,4,37430,0.09518941243489583,S1C_W0.800_r08,0.8,8
original,5,48764,0.12401326497395833,S1C_W0.800_r08,0.8,8
original,6,54125,0.1376469930013021,S1C_W0.800_r08,0.8,8
original,7,52778,0.13422139485677084,S1C_W0.800_r08,0.8,8
original,8,46006,0.11699930826822917,S1C_W0.800_r08,0.8,8
original,9,36704,0.09334309895833333,S1C_W0.800_r08,0.8,8
original,10,27014,0.06870015462239583,S1C_W0.800_r08,0.8,8
original,11,18527,0.047116597493489586,S1C_W0.800_r08,0.8,8
original,12,11652,0.029632568359375,S1C_W0.800_r08,0.8,8
original,13,7096,0.018046061197916668,S1C_W0.800_r08,0.8,8
original,14,4032,0.01025390625,S1C_W0.800_r08,0.8,8
original,15,2192,0.005574544270833333,S1C_W0.800_r08,0.8,8
original,16,1102,0.0028025309244791665,S1C_W0.800_r08,0.8,8
original,17,602,0.0015309651692708333,S1C_W0.800_r08,0.8,8
original,18,317,0.0008061726888020834,S1C_W0.800_r08,0.8,8
original,19,179,0.0004552205403645833,S1C_W0.800_r08,0.8,8
original,20,120,0.00030517578125,S1C_W0.800_r08,0.8,8
original,21,82,0.00020853678385416666,S1C_W0.800_r08,0.8,8
original,22,72,0.00018310546875,S1C_W0.800_r08,0.8,8
original,23,42,0.0001068115234375,S1C_W0.800_r08,0.8,8
original,24,46,0.00011698404947916667,S1C_W0.800_r08,0.8,8
original,25,27,6.866455078125e-05,S1C_W0.800_r08,0.8,8
original,26,32,8.138020833333333e-05,S1C_W0.800_r08,0.8,8
original,27,26,6.612141927083333e-05,S1C_W0.800_r08,0.8,8
original,28,35,8.900960286458333e-05,S1C_W0.800_r08,0.8,8
original,29,42,0.0001068115234375,S1C_W0.800_r08,0.8,8
original,30,23,5.8492024739583336e-05,S1C_W0.800_r08,0.8,8
original,31,27,6.866455078125e-05,S1C_W0.800_r08,0.8,8
original,32,25,6.357828776041667e-05,S1C_W0.800_r08,0.8,8
original,33,22,5.5948893229166664e-05,S1C_W0.800_r08,0.8,8
original,34,25,6.357828776041667e-05,S1C_W0.800_r08,0.8,8
original,35,22,5.5948893229166664e-05,S1C_W0.800_r08,0.8,8
original,36,18,4.57763671875e-05,S1C_W0.800_r08,0.8,8
original,37,19,4.8319498697916664e-05,S1C_W0.800_r08,0.8,8
original,38,13,3.3060709635416664e-05,S1C_W0.800_r08,0.8,8
original,39,21,5.340576171875e-05,S1C_W0.800_r08,0.8,8
original,40,20,5.0862630208333336e-05,S1C_W0.800_r08,0.8,8
original,41,22,5.5948893229166664e-05,S1C_W0.800_r08,0.8,8
original,42,14,3.5603841145833336e-05,S1C_W0.800_r08,0.8,8
original,43,13,3.3060709635416664e-05,S1C_W0.800_r08,0.8,8
original,44,21,5.340576171875e-05,S1C_W0.800_r08,0.8,8
original,45,25,6.357828776041667e-05,S1C_W0.800_r08,0.8,8
original,46,21,5.340576171875e-05,S1C_W0.800_r08,0.8,8
original,47,15,3.814697265625e-05,S1C_W0.800_r08,0.8,8
original,48,20,5.0862630208333336e-05,S1C_W0.800_r08,0.8,8
original,49,19,4.8319498697916664e-05,S1C_W0.800_r08,0.8,8
original,50,14,3.5603841145833336e-05,S1C_W0.800_r08,0.8,8
original,51,10,2.5431315104166668e-05,S1C_W0.800_r08,0.8,8
original,52,7,1.7801920572916668e-05,S1C_W0.800_r08,0.8,8
original,53,5,1.2715657552083334e-05,S1C_W0.800_r08,0.8,8
original,54,5,1.2715657552083334e-05,S1C_W0.800_r08,0.8,8
original,55,10,2.5431315104166668e-05,S1C_W0.800_r08,0.8,8
original,56,5,1.2715657552083334e-05,S1C_W0.800_r08,0.8,8
original,57,4,1.0172526041666666e-05,S1C_W0.800_r08,0.8,8
original,58,3,7.62939453125e-06,S1C_W0.800_r08,0.8,8
original,59,0,0.0,S1C_W0.800_r08,0.8,8
original,60,1,2.5431315104166665e-06,S1C_W0.800_r08,0.8,8
original,61,0,0.0,S1C_W0.800_r08,0.8,8
original,62,1,2.5431315104166665e-06,S1C_W0.800_r08,0.8,8
original,63,0,0.0,S1C_W0.800_r08,0.8,8
original,64,0,0.0,S1C_W0.800_r08,0.8,8
original,65,0,0.0,S1C_W0.800_r08,0.8,8
original,66,1,2.5431315104166665e-06,S1C_W0.800_r08,0.8,8
original,67,0,0.0,S1C_W0.800_r08,0.8,8
original,68,0,0.0,S1C_W0.800_r08,0.8,8
original,69,1,2.5431315104166665e-06,S1C_W0.800_r08,0.8,8
original,70,1,2.5431315104166665e-06,S1C_W0.800_r08,0.8,8
reassigned,0,8740,0.022226969401041668,S1C_W0.800_r08,0.8,8
reassigned,1,13416,0.03411865234375,S1C_W0.800_r08,0.8,8
reassigned,2,25201,0.06408945719401042,S1C_W0.800_r08,0.8,8
reassigned,3,35983,0.09150950113932292,S1C_W0.800_r08,0.8,8
reassigned,4,42139,0.10716501871744792,S1C_W0.800_r08,0.8,8
reassigned,5,43902,0.1116485595703125,S1C_W0.800_r08,0.8,8
reassigned,6,41633,0.10587819417317708,S1C_W0.800_r08,0.8,8
reassigned,7,37029,0.09416961669921875,S1C_W0.800_r08,0.8,8
reassigned,8,31260,0.079498291015625,S1C_W0.800_r08,0.8,8
reassigned,9,25678,0.06530253092447917,S1C_W0.800_r08,0.8,8
reassigned,10,20332,0.051706949869791664,S1C_W0.800_r08,0.8,8
reassigned,11,15603,0.03968048095703125,S1C_W0.800_r08,0.8,8
reassigned,12,12105,0.03078460693359375,S1C_W0.800_r08,0.8,8
reassigned,13,9217,0.023440043131510418,S1C_W0.800_r08,0.8,8
reassigned,14,7052,0.017934163411458332,S1C_W0.800_r08,0.8,8
reassigned,15,5222,0.013280232747395834,S1C_W0.800_r08,0.8,8
reassigned,16,4041,0.01027679443359375,S1C_W0.800_r08,0.8,8
reassigned,17,3086,0.007848103841145834,S1C_W0.800_r08,0.8,8
reassigned,18,2400,0.006103515625,S1C_W0.800_r08,0.8,8
reassigned,19,1794,0.0045623779296875,S1C_W0.800_r08,0.8,8
reassigned,20,1446,0.0036773681640625,S1C_W0.800_r08,0.8,8
reassigned,21,1153,0.0029322306315104165,S1C_W0.800_r08,0.8,8
reassigned,22,862,0.0021921793619791665,S1C_W0.800_r08,0.8,8
reassigned,23,718,0.0018259684244791667,S1C_W0.800_r08,0.8,8
reassigned,24,567,0.00144195556640625,S1C_W0.800_r08,0.8,8
reassigned,25,466,0.0011850992838541667,S1C_W0.800_r08,0.8,8
reassigned,26,375,0.00095367431640625,S1C_W0.800_r08,0.8,8
reassigned,27,275,0.0006993611653645834,S1C_W0.800_r08,0.8,8
reassigned,28,231,0.00058746337890625,S1C_W0.800_r08,0.8,8
reassigned,29,212,0.0005391438802083334,S1C_W0.800_r08,0.8,8
reassigned,30,162,0.0004119873046875,S1C_W0.800_r08,0.8,8
reassigned,31,129,0.00032806396484375,S1C_W0.800_r08,0.8,8
reassigned,32,86,0.00021870930989583334,S1C_W0.800_r08,0.8,8
reassigned,33,76,0.00019327799479166666,S1C_W0.800_r08,0.8,8
reassigned,34,63,0.00016021728515625,S1C_W0.800_r08,0.8,8
reassigned,35,56,0.00014241536458333334,S1C_W0.800_r08,0.8,8
reassigned,36,43,0.00010935465494791667,S1C_W0.800_r08,0.8,8
reassigned,37,34,8.646647135416667e-05,S1C_W0.800_r08,0.8,8
reassigned,38,25,6.357828776041667e-05,S1C_W0.800_r08,0.8,8
reassigned,39,33,8.392333984375e-05,S1C_W0.800_r08,0.8,8
reassigned,40,22,5.5948893229166664e-05,S1C_W0.800_r08,0.8,8
reassigned,41,19,4.8319498697916664e-05,S1C_W0.800_r08,0.8,8
reassigned,42,16,4.0690104166666664e-05,S1C_W0.800_r08,0.8,8
reassigned,43,18,4.57763671875e-05,S1C_W0.800_r08,0.8,8
reassigned,44,9,2.288818359375e-05,S1C_W0.800_r08,0.8,8
reassigned,45,14,3.5603841145833336e-05,S1C_W0.800_r08,0.8,8
reassigned,46,11,2.7974446614583332e-05,S1C_W0.800_r08,0.8,8
reassigned,47,11,2.7974446614583332e-05,S1C_W0.800_r08,0.8,8
reassigned,48,6,1.52587890625e-05,S1C_W0.800_r08,0.8,8
reassigned,49,9,2.288818359375e-05,S1C_W0.800_r08,0.8,8
reassigned,50,9,2.288818359375e-05,S1C_W0.800_r08,0.8,8
reassigned,51,7,1.7801920572916668e-05,S1C_W0.800_r08,0.8,8
reassigned,52,6,1.52587890625e-05,S1C_W0.800_r08,0.8,8
reassigned,53,8,2.0345052083333332e-05,S1C_W0.800_r08,0.8,8
reassigned,54,12,3.0517578125e-05,S1C_W0.800_r08,0.8,8
reassigned,55,6,1.52587890625e-05,S1C_W0.800_r08,0.8,8
reassigned,56,5,1.2715657552083334e-05,S1C_W0.800_r08,0.8,8
reassigned,57,8,2.0345052083333332e-05,S1C_W0.800_r08,0.8,8
reassigned,58,5,1.2715657552083334e-05,S1C_W0.800_r08,0.8,8
reassigned,59,6,1.52587890625e-05,S1C_W0.800_r08,0.8,8
reassigned,60,5,1.2715657552083334e-05,S1C_W0.800_r08,0.8,8
reassigned,61,6,1.52587890625e-05,S1C_W0.800_r08,0.8,8
reassigned,62,6,1.52587890625e-05,S1C_W0.800_r08,0.8,8
reassigned,63,7,1.7801920572916668e-05,S1C_W0.800_r08,0.8,8
reassigned,64,4,1.0172526041666666e-05,S1C_W0.800_r08,0.8,8
reassigned,65,4,1.0172526041666666e-05,S1C_W0.800_r08,0.8,8
reassigned,66,7,1.7801920572916668e-05,S1C_W0.800_r08,0.8,8
reassigned,67,2,5.086263020833333e-06,S1C_W0.800_r08,0.8,8
reassigned,68,5,1.2715657552083334e-05,S1C_W0.800_r08,0.8,8
reassigned,69,4,1.0172526041666666e-05,S1C_W0.800_r08,0.8,8
reassigned,70,4,1.0172526041666666e-05,S1C_W0.800_r08,0.8,8
reassigned,71,2,5.086263020833333e-06,S1C_W0.800_r08,0.8,8
reassigned,72,1,2.5431315104166665e-06,S1C_W0.800_r08,0.8,8
reassigned,73,1,2.5431315104166665e-06,S1C_W0.800_r08,0.8,8
reassigned,74,3,7.62939453125e-06,S1C_W0.800_r08,0.8,8
reassigned,75,2,5.086263020833333e-06,S1C_W0.800_r08,0.8,8
reassigned,76,5,1.2715657552083334e-05,S1C_W0.800_r08,0.8,8
reassigned,77,4,1.0172526041666666e-05,S1C_W0.800_r08,0.8,8
reassigned,78,1,2.5431315104166665e-06,S1C_W0.800_r08,0.8,8
reassigned,79,4,1.0172526041666666e-05,S1C_W0.800_r08,0.8,8
reassigned,80,3,7.62939453125e-06,S1C_W0.800_r08,0.8,8
reassigned,81,3,7.62939453125e-06,S1C_W0.800_r08,0.8,8
reassigned,82,2,5.086263020833333e-06,S1C_W0.800_r08,0.8,8
reassigned,83,2,5.086263020833333e-06,S1C_W0.800_r08,0.8,8
reassigned,84,5,1.2715657552083334e-05,S1C_W0.800_r08,0.8,8
reassigned,85,1,2.5431315104166665e-06,S1C_W0.800_r08,0.8,8
reassigned,86,2,5.086263020833333e-06,S1C_W0.800_r08,0.8,8
reassigned,87,3,7.62939453125e-06,S1C_W0.800_r08,0.8,8
reassigned,88,4,1.0172526041666666e-05,S1C_W0.800_r08,0.8,8
reassigned,89,2,5.086263020833333e-06,S1C_W0.800_r08,0.8,8
reassigned,90,1,2.5431315104166665e-06,S1C_W0.800_r08,0.8,8
reassigned,91,0,0.0,S1C_W0.800_r08,0.8,8
reassigned,92,0,0.0,S1C_W0.800_r08,0.8,8
reassigned,93,1,2.5431315104166665e-06,S1C_W0.800_r08,0.8,8
reassigned,94,1,2.5431315104166665e-06,S1C_W0.800_r08,0.8,8
reassigned,95,4,1.0172526041666666e-05,S1C_W0.800_r08,0.8,8
reassigned,96,2,5.086263020833333e-06,S1C_W0.800_r08,0.8,8
reassigned,97,2,5.086263020833333e-06,S1C_W0.800_r08,0.8,8
reassigned,98,3,7.62939453125e-06,S1C_W0.800_r08,0.8,8
reassigned,99,3,7.62939453125e-06,S1C_W0.800_r08,0.8,8
reassigned,100,0,0.0,S1C_W0.800_r08,0.8,8
reassigned,101,2,5.086263020833333e-06,S1C_W0.800_r08,0.8,8
reassigned,102,2,5.086263020833333e-06,S1C_W0.800_r08,0.8,8
reassigned,103,1,2.5431315104166665e-06,S1C_W0.800_r08,0.8,8
reassigned,104,1,2.5431315104166665e-06,S1C_W0.800_r08,0.8,8
reassigned,105,1,2.5431315104166665e-06,S1C_W0.800_r08,0.8,8
reassigned,106,2,5.086263020833333e-06,S1C_W0.800_r08,0.8,8
reassigned,107,2,5.086263020833333e-06,S1C_W0.800_r08,0.8,8
reassigned,108,2,5.086263020833333e-06,S1C_W0.800_r08,0.8,8
reassigned,109,3,7.62939453125e-06,S1C_W0.800_r08,0.8,8
reassigned,110,3,7.62939453125e-06,S1C_W0.800_r08,0.8,8
reassigned,111,0,0.0,S1C_W0.800_r08,0.8,8
reassigned,112,1,2.5431315104166665e-06,S1C_W0.800_r08,0.8,8
reassigned,113,1,2.5431315104166665e-06,S1C_W0.800_r08,0.8,8
reassigned,114,1,2.5431315104166665e-06,S1C_W0.800_r08,0.8,8
reassigned,115,2,5.086263020833333e-06,S1C_W0.800_r08,0.8,8
reassigned,116,0,0.0,S1C_W0.800_r08,0.8,8
reassigned,117,0,0.0,S1C_W0.800_r08,0.8,8
reassigned,118,1,2.5431315104166665e-06,S1C_W0.800_r08,0.8,8
reassigned,119,0,0.0,S1C_W0.800_r08,0.8,8
reassigned,120,0,0.0,S1C_W0.800_r08,0.8,8
reassigned,121,1,2.5431315104166665e-06,S1C_W0.800_r08,0.8,8
reassigned,122,3,7.62939453125e-06,S1C_W0.800_r08,0.8,8
reassigned,123,1,2.5431315104166665e-06,S1C_W0.800_r08,0.8,8
reassigned,124,0,0.0,S1C_W0.800_r08,0.8,8
reassigned,125,0,0.0,S1C_W0.800_r08,0.8,8
reassigned,126,0,0.0,S1C_W0.800_r08,0.8,8
reassigned,127,0,0.0,S1C_W0.800_r08,0.8,8
reassigned,128,0,0.0,S1C_W0.800_r08,0.8,8
reassigned,129,0,0.0,S1C_W0.800_r08,0.8,8
reassigned,130,3,7.62939453125e-06,S1C_W0.800_r08,0.8,8
reassigned,131,0,0.0,S1C_W0.800_r08,0.8,8
reassigned,132,0,0.0,S1C_W0.800_r08,0.8,8
reassigned,133,1,2.5431315104166665e-06,S1C_W0.800_r08,0.8,8
reassigned,134,0,0.0,S1C_W0.800_r08,0.8,8
reassigned,135,1,2.5431315104166665e-06,S1C_W0.800_r08,0.8,8
reassigned,136,0,0.0,S1C_W0.800_r08,0.8,8
reassigned,137,0,0.0,S1C_W0.800_r08,0.8,8
reassigned,138,0,0.0,S1C_W0.800_r08,0.8,8
reassigned,139,0,0.0,S1C_W0.800_r08,0.8,8
reassigned,140,0,0.0,S1C_W0.800_r08,0.8,8
reassigned,141,1,2.5431315104166665e-06,S1C_W0.800_r08,0.8,8
reassigned,142,1,2.5431315104166665e-06,S1C_W0.800_r08,0.8,8
reassigned,143,1,2.5431315104166665e-06,S1C_W0.800_r08,0.8,8
reassigned,144,0,0.0,S1C_W0.800_r08,0.8,8
reassigned,145,1,2.5431315104166665e-06,S1C_W0.800_r08,0.8,8
reassigned,146,0,0.0,S1C_W0.800_r08,0.8,8
reassigned,147,1,2.5431315104166665e-06,S1C_W0.800_r08,0.8,8
reassigned,148,1,2.5431315104166665e-06,S1C_W0.800_r08,0.8,8
reassigned,149,0,0.0,S1C_W0.800_r08,0.8,8
reassigned,150,0,0.0,S1C_W0.800_r08,0.8,8
reassigned,151,0,0.0,S1C_W0.800_r08,0.8,8
reassigned,152,0,0.0,S1C_W0.800_r08,0.8,8
reassigned,153,0,0.0,S1C_W0.800_r08,0.8,8
reassigned,154,1,2.5431315104166665e-06,S1C_W0.800_r08,0.8,8
reassigned,155,0,0.0,S1C_W0.800_r08,0.8,8
reassigned,156,0,0.0,S1C_W0.800_r08,0.8,8
reassigned,157,1,2.5431315104166665e-06,S1C_W0.800_r08,0.8,8
original,0,1931,0.004910786946614583,S1C_W0.800_r09,0.8,9
original,1,5319,0.01352691650390625,S1C_W0.800_r09,0.8,9
original,2,12401,0.031537373860677086,S1C_W0.800_r09,0.8,9
original,3,23959,0.060930887858072914,S1C_W0.800_r09,0.8,9
original,4,37610,0.09564717610677083,S1C_W0.800_r09,0.8,9
original,5,48606,0.1236114501953125,S1C_W0.800_r09,0.8,9
original,6,54096,0.1375732421875,S1C_W0.800_r09,0.8,9
original,7,52891,0.1345087687174479,S1C_W0.800_r09,0.8,9
original,8,46123,0.11729685465494792,S1C_W0.800_r09,0.8,9
original,9,36817,0.09363047281901042,S1C_W0.800_r09,0.8,9
original,10,27009,0.06868743896484375,S1C_W0.800_r09,0.8,9
original,11,18285,0.04650115966796875,S1C_W0.800_r09,0.8,9
original,12,11617,0.029543558756510418,S1C_W0.800_r09,0.8,9
original,13,6989,0.017773946126302082,S1C_W0.800_r09,0.8,9
original,14,4075,0.010363260904947916,S1C_W0.800_r09,0.8,9
original,15,2132,0.005421956380208333,S1C_W0.800_r09,0.8,9
original,16,1158,0.0029449462890625,S1C_W0.800_r09,0.8,9
original,17,635,0.0016148885091145833,S1C_W0.800_r09,0.8,9
original,18,352,0.0008951822916666666,S1C_W0.800_r09,0.8,9
original,19,219,0.00055694580078125,S1C_W0.800_r09,0.8,9
original,20,111,0.00028228759765625,S1C_W0.800_r09,0.8,9
original,21,98,0.0002492268880208333,S1C_W0.800_r09,0.8,9
original,22,51,0.00012969970703125,S1C_W0.800_r09,0.8,9
original,23,47,0.00011952718098958333,S1C_W0.800_r09,0.8,9
original,24,38,9.663899739583333e-05,S1C_W0.800_r09,0.8,9
original,25,36,9.1552734375e-05,S1C_W0.800_r09,0.8,9
original,26,31,7.883707682291667e-05,S1C_W0.800_r09,0.8,9
original,27,27,6.866455078125e-05,S1C_W0.800_r09,0.8,9
original,28,25,6.357828776041667e-05,S1C_W0.800_r09,0.8,9
original,29,34,8.646647135416667e-05,S1C_W0.800_r09,0.8,9
original,30,25,6.357828776041667e-05,S1C_W0.800_r09,0.8,9
original,31,35,8.900960286458333e-05,S1C_W0.800_r09,0.8,9
original,32,16,4.0690104166666664e-05,S1C_W0.800_r09,0.8,9
original,33,23,5.8492024739583336e-05,S1C_W0.800_r09,0.8,9
original,34,33,8.392333984375e-05,S1C_W0.800_r09,0.8,9
original,35,17,4.3233235677083336e-05,S1C_W0.800_r09,0.8,9
original,36,26,6.612141927083333e-05,S1C_W0.800_r09,0.8,9
original,37,26,6.612141927083333e-05,S1C_W0.800_r09,0.8,9
original,38,25,6.357828776041667e-05,S1C_W0.800_r09,0.8,9
original,39,23,5.8492024739583336e-05,S1C_W0.800_r09,0.8,9
original,40,21,5.340576171875e-05,S1C_W0.800_r09,0.8,9
original,41,20,5.0862630208333336e-05,S1C_W0.800_r09,0.8,9
original,42,18,4.57763671875e-05,S1C_W0.800_r09,0.8,9
original,43,27,6.866455078125e-05,S1C_W0.800_r09,0.8,9
original,44,18,4.57763671875e-05,S1C_W0.800_r09,0.8,9
original,45,20,5.0862630208333336e-05,S1C_W0.800_r09,0.8,9
original,46,14,3.5603841145833336e-05,S1C_W0.800_r09,0.8,9
original,47,13,3.3060709635416664e-05,S1C_W0.800_r09,0.8,9
original,48,11,2.7974446614583332e-05,S1C_W0.800_r09,0.8,9
original,49,11,2.7974446614583332e-05,S1C_W0.800_r09,0.8,9
original,50,14,3.5603841145833336e-05,S1C_W0.800_r09,0.8,9
original,51,5,1.2715657552083334e-05,S1C_W0.800_r09,0.8,9
original,52,11,2.7974446614583332e-05,S1C_W0.800_r09,0.8,9
original,53,4,1.0172526041666666e-05,S1C_W0.800_r09,0.8,9
original,54,7,1.7801920572916668e-05,S1C_W0.800_r09,0.8,9
original,55,7,1.7801920572916668e-05,S1C_W0.800_r09,0.8,9
original,56,6,1.52587890625e-05,S1C_W0.800_r09,0.8,9
original,57,9,2.288818359375e-05,S1C_W0.800_r09,0.8,9
original,58,4,1.0172526041666666e-05,S1C_W0.800_r09,0.8,9
original,59,1,2.5431315104166665e-06,S1C_W0.800_r09,0.8,9
original,60,2,5.086263020833333e-06,S1C_W0.800_r09,0.8,9
original,61,1,2.5431315104166665e-06,S1C_W0.800_r09,0.8,9
original,62,1,2.5431315104166665e-06,S1C_W0.800_r09,0.8,9
reassigned,0,8714,0.022160847981770832,S1C_W0.800_r09,0.8,9
reassigned,1,12773,0.032483418782552086,S1C_W0.800_r09,0.8,9
reassigned,2,24732,0.062896728515625,S1C_W0.800_r09,0.8,9
reassigned,3,35831,0.09112294514973958,S1C_W0.800_r09,0.8,9
reassigned,4,42872,0.10902913411458333,S1C_W0.800_r09,0.8,9
reassigned,5,44584,0.11338297526041667,S1C_W0.800_r09,0.8,9
reassigned,6,42586,0.10830179850260417,S1C_W0.800_r09,0.8,9
reassigned,7,37460,0.09526570638020833,S1C_W0.800_r09,0.8,9
reassigned,8,31096,0.07908121744791667,S1C_W0.800_r09,0.8,9
reassigned,9,24938,0.06342061360677083,S1C_W0.800_r09,0.8,9
reassigned,10,19877,0.050549825032552086,S1C_W0.800_r09,0.8,9
reassigned,11,15362,0.039067586263020836,S1C_W0.800_r09,0.8,9
reassigned,12,11695,0.029741923014322918,S1C_W0.800_r09,0.8,9
reassigned,13,9025,0.022951761881510418,S1C_W0.800_r09,0.8,9
reassigned,14,6904,0.017557779947916668,S1C_W0.800_r09,0.8,9
reassigned,15,5347,0.013598124186197916,S1C_W0.800_r09,0.8,9
reassigned,16,4080,0.0103759765625,S1C_W0.800_r09,0.8,9
reassigned,17,3250,0.008265177408854166,S1C_W0.800_r09,0.8,9
reassigned,18,2491,0.006334940592447917,S1C_W0.800_r09,0.8,9
reassigned,19,1923,0.00489044189453125,S1C_W0.800_r09,0.8,9
reassigned,20,1519,0.0038630167643229165,S1C_W0.800_r09,0.8,9
reassigned,21,1210,0.0030771891276041665,S1C_W0.800_r09,0.8,9
reassigned,22,961,0.0024439493815104165,S1C_W0.800_r09,0.8,9
reassigned,23,777,0.00197601318359375,S1C_W0.800_r09,0.8,9
reassigned,24,584,0.0014851888020833333,S1C_W0.800_r09,0.8,9
reassigned,25,482,0.0012257893880208333,S1C_W0.800_r09,0.8,9
reassigned,26,424,0.0010782877604166667,S1C_W0.800_r09,0.8,9
reassigned,27,276,0.000701904296875,S1C_W0.800_r09,0.8,9
reassigned,28,219,0.00055694580078125,S1C_W0.800_r09,0.8,9
reassigned,29,181,0.0004603068033854167,S1C_W0.800_r09,0.8,9
reassigned,30,148,0.0003763834635416667,S1C_W0.800_r09,0.8,9
reassigned,31,102,0.0002593994140625,S1C_W0.800_r09,0.8,9
reassigned,32,101,0.0002568562825520833,S1C_W0.800_r09,0.8,9
reassigned,33,90,0.0002288818359375,S1C_W0.800_r09,0.8,9
reassigned,34,88,0.00022379557291666666,S1C_W0.800_r09,0.8,9
reassigned,35,54,0.0001373291015625,S1C_W0.800_r09,0.8,9
reassigned,36,49,0.00012461344401041666,S1C_W0.800_r09,0.8,9
reassigned,37,38,9.663899739583333e-05,S1C_W0.800_r09,0.8,9
reassigned,38,37,9.409586588541667e-05,S1C_W0.800_r09,0.8,9
reassigned,39,28,7.120768229166667e-05,S1C_W0.800_r09,0.8,9
reassigned,40,28,7.120768229166667e-05,S1C_W0.800_r09,0.8,9
reassigned,41,23,5.8492024739583336e-05,S1C_W0.800_r09,0.8,9
reassigned,42,19,4.8319498697916664e-05,S1C_W0.800_r09,0.8,9
reassigned,43,18,4.57763671875e-05,S1C_W0.800_r09,0.8,9
reassigned,44,16,4.0690104166666664e-05,S1C_W0.800_r09,0.8,9
reassigned,45,12,3.0517578125e-05,S1C_W0.800_r09,0.8,9
reassigned,46,11,2.7974446614583332e-05,S1C_W0.800_r09,0.8,9
reassigned,47,15,3.814697265625e-05,S1C_W0.800_r09,0.8,9
reassigned,48,8,2.0345052083333332e-05,S1C_W0.800_r09,0.8,9
reassigned,49,9,2.288818359375e-05,S1C_W0.800_r09,0.8,9
reassigned,50,6,1.52587890625e-05,S1C_W0.800_r09,0.8,9
reassigned,51,3,7.62939453125e-06,S1C_W0.800_r09,0.8,9
reassigned,52,8,2.0345052083333332e-05,S1C_W0.800_r09,0.8,9
reassigned,53,4,1.0172526041666666e-05,S1C_W0.800_r09,0.8,9
reassigned,54,9,2.288818359375e-05,S1C_W0.800_r09,0.8,9
reassigned,55,4,1.0172526041666666e-05,S1C_W0.800_r09,0.8,9
reassigned,56,5,1.2715657552083334e-05,S1C_W0.800_r09,0.8,9
reassigned,57,7,1.7801920572916668e-05,S1C_W0.800_r09,0.8,9
reassigned,58,2,5.086263020833333e-06,S1C_W0.800_r09,0.8,9
reassigned,59,3,7.62939453125e-06,S1C_W0.800_r09,0.8,9
reassigned,60,5,1.2715657552083334e-05,S1C_W0.800_r09,0.8,9
reassigned,61,4,1.0172526041666666e-05,S1C_W0.800_r09,0.8,9
reassigned,62,5,1.2715657552083334e-05,S1C_W0.800_r09,0.8,9
reassigned,63,2,5.086263020833333e-06,S1C_W0.800_r09,0.8,9
reassigned,64,0,0.0,S1C_W0.800_r09,0.8,9
reassigned,65,2,5.086263020833333e-06,S1C_W0.800_r09,0.8,9
reassigned,66,3,7.62939453125e-06,S1C_W0.800_r09,0.8,9
reassigned,67,5,1.2715657552083334e-05,S1C_W0.800_r09,0.8,9
reassigned,68,1,2.5431315104166665e-06,S1C_W0.800_r09,0.8,9
reassigned,69,4,1.0172526041666666e-05,S1C_W0.800_r09,0.8,9
reassigned,70,4,1.0172526041666666e-05,S1C_W0.800_r09,0.8,9
reassigned,71,0,0.0,S1C_W0.800_r09,0.8,9
reassigned,72,2,5.086263020833333e-06,S1C_W0.800_r09,0.8,9
reassigned,73,1,2.5431315104166665e-06,S1C_W0.800_r09,0.8,9
reassigned,74,1,2.5431315104166665e-06,S1C_W0.800_r09,0.8,9
reassigned,75,3,7.62939453125e-06,S1C_W0.800_r09,0.8,9
reassigned,76,3,7.62939453125e-06,S1C_W0.800_r09,0.8,9
reassigned,77,2,5.086263020833333e-06,S1C_W0.800_r09,0.8,9
reassigned,78,4,1.0172526041666666e-05,S1C_W0.800_r09,0.8,9
reassigned,79,2,5.086263020833333e-06,S1C_W0.800_r09,0.8,9
reassigned,80,3,7.62939453125e-06,S1C_W0.800_r09,0.8,9
reassigned,81,1,2.5431315104166665e-06,S1C_W0.800_r09,0.8,9
reassigned,82,2,5.086263020833333e-06,S1C_W0.800_r09,0.8,9
reassigned,83,1,2.5431315104166665e-06,S1C_W0.800_r09,0.8,9
reassigned,84,0,0.0,S1C_W0.800_r09,0.8,9
reassigned,85,0,0.0,S1C_W0.800_r09,0.8,9
reassigned,86,0,0.0,S1C_W0.800_r09,0.8,9
reassigned,87,2,5.086263020833333e-06,S1C_W0.800_r09,0.8,9
reassigned,88,0,0.0,S1C_W0.800_r09,0.8,9
reassigned,89,1,2.5431315104166665e-06,S1C_W0.800_r09,0.8,9
reassigned,90,3,7.62939453125e-06,S1C_W0.800_r09,0.8,9
reassigned,91,2,5.086263020833333e-06,S1C_W0.800_r09,0.8,9
reassigned,92,1,2.5431315104166665e-06,S1C_W0.800_r09,0.8,9
reassigned,93,0,0.0,S1C_W0.800_r09,0.8,9
reassigned,94,0,0.0,S1C_W0.800_r09,0.8,9
reassigned,95,0,0.0,S1C_W0.800_r09,0.8,9
reassigned,96,0,0.0,S1C_W0.800_r09,0.8,9
reassigned,97,1,2.5431315104166665e-06,S1C_W0.800_r09,0.8,9
reassigned,98,1,2.5431315104166665e-06,S1C_W0.800_r09,0.8,9
reassigned,99,1,2.5431315104166665e-06,S1C_W0.800_r09,0.8,9
reassigned,100,0,0.0,S1C_W0.800_r09,0.8,9
reassigned,101,0,0.0,S1C_W0.800_r09,0.8,9
reassigned,102,1,2.5431315104166665e-06,S1C_W0.800_r09,0.8,9
reassigned,103,2,5.086263020833333e-06,S1C_W0.800_r09,0.8,9
reassigned,104,0,0.0,S1C_W0.800_r09,0.8,9
reassigned,105,2,5.086263020833333e-06,S1C_W0.800_r09,0.8,9
reassigned,106,0,0.0,S1C_W0.800_r09,0.8,9
reassigned,107,0,0.0,S1C_W0.800_r09,0.8,9
reassigned,108,0,0.0,S1C_W0.800_r09,0.8,9
reassigned,109,0,0.0,S1C_W0.800_r09,0.8,9
reassigned,110,0,0.0,S1C_W0.800_r09,0.8,9
reassigned,111,1,2.5431315104166665e-06,S1C_W0.800_r09,0.8,9
reassigned,112,0,0.0,S1C_W0.800_r09,0.8,9
reassigned,113,0,0.0,S1C_W0.800_r09,0.8,9
reassigned,114,0,0.0,S1C_W0.800_r09,0.8,9
reassigned,115,0,0.0,S1C_W0.800_r09,0.8,9
reassigned,116,2,5.086263020833333e-06,S1C_W0.800_r09,0.8,9
reassigned,117,0,0.0,S1C_W0.800_r09,0.8,9
reassigned,118,0,0.0,S1C_W0.800_r09,0.8,9
reassigned,119,1,2.5431315104166665e-06,S1C_W0.800_r09,0.8,9
reassigned,120,1,2.5431315104166665e-06,S1C_W0.800_r09,0.8,9
reassigned,121,3,7.62939453125e-06,S1C_W0.800_r09,0.8,9
reassigned,122,2,5.086263020833333e-06,S1C_W0.800_r09,0.8,9
reassigned,123,0,0.0,S1C_W0.800_r09,0.8,9
reassigned,124,1,2.5431315104166665e-06,S1C_W0.800_r09,0.8,9
reassigned,125,1,2.5431315104166665e-06,S1C_W0.800_r09,0.8,9
reassigned,126,0,0.0,S1C_W0.800_r09,0.8,9
reassigned,127,0,0.0,S1C_W0.800_r09,0.8,9
reassigned,128,1,2.5431315104166665e-06,S1C_W0.800_r09,0.8,9
reassigned,129,0,0.0,S1C_W0.800_r09,0.8,9
reassigned,130,1,2.5431315104166665e-06,S1C_W0.800_r09,0.8,9
reassigned,131,1,2.5431315104166665e-06,S1C_W0.800_r09,0.8,9
reassigned,132,0,0.0,S1C_W0.800_r09,0.8,9
reassigned,133,0,0.0,S1C_W0.800_r09,0.8,9
reassigned,134,0,0.0,S1C_W0.800_r09,0.8,9
reassigned,135,0,0.0,S1C_W0.800_r09,0.8,9
reassigned,136,0,0.0,S1C_W0.800_r09,0.8,9
reassigned,137,1,2.5431315104166665e-06,S1C_W0.800_r09,0.8,9
reassigned,138,2,5.086263020833333e-06,S1C_W0.800_r09,0.8,9
reassigned,139,0,0.0,S1C_W0.800_r09,0.8,9
reassigned,140,0,0.0,S1C_W0.800_r09,0.8,9
reassigned,141,1,2.5431315104166665e-06,S1C_W0.800_r09,0.8,9
reassigned,142,0,0.0,S1C_W0.800_r09,0.8,9
reassigned,143,0,0.0,S1C_W0.800_r09,0.8,9
reassigned,144,2,5.086263020833333e-06,S1C_W0.800_r09,0.8,9
original,0,1879,0.004778544108072917,S1C_W0.800_r10,0.8,10
original,1,5393,0.013715108235677084,S1C_W0.800_r10,0.8,10
original,2,12361,0.031435648600260414,S1C_W0.800_r10,0.8,10
original,3,24131,0.061368306477864586,S1C_W0.800_r10,0.8,10
original,4,37670,0.09579976399739583,S1C_W0.800_r10,0.8,10
original,5,48681,0.12380218505859375,S1C_W0.800_r10,0.8,10
original,6,53918,0.13712056477864584,S1C_W0.800_r10,0.8,10
original,7,52833,0.13436126708984375,S1C_W0.800_r10,0.8,10
original,8,45804,0.116485595703125,S1C_W0.800_r10,0.8,10
original,9,37054,0.09423319498697917,S1C_W0.800_r10,0.8,10
original,10,26807,0.06817372639973958,S1C_W0.800_r10,0.8,10
original,11,18182,0.046239217122395836,S1C_W0.800_r10,0.8,10
original,12,11805,0.03002166748046875,S1C_W0.800_r10,0.8,10
original,13,7114,0.018091837565104168,S1C_W0.800_r10,0.8,10
original,14,4061,0.010327657063802084,S1C_W0.800_r10,0.8,10
original,15,2173,0.005526224772135417,S1C_W0.800_r10,0.8,10
original,16,1142,0.0029042561848958335,S1C_W0.800_r10,0.8,10
original,17,676,0.0017191569010416667,S1C_W0.800_r10,0.8,10
original,18,342,0.0008697509765625,S1C_W0.800_r10,0.8,10
original,19,190,0.0004831949869791667,S1C_W0.800_r10,0.8,10
original,20,119,0.0003026326497395833,S1C_W0.800_r10,0.8,10
original,21,68,0.00017293294270833334,S1C_W0.800_r10,0.8,10
original,22,60,0.000152587890625,S1C_W0.800_r10,0.8,10
original,23,58,0.00014750162760416666,S1C_W0.800_r10,0.8,10
original,24,47,0.00011952718098958333,S1C_W0.800_r10,0.8,10
original,25,43,0.00010935465494791667,S1C_W0.800_r10,0.8,10
original,26,30,7.62939453125e-05,S1C_W0.800_r10,0.8,10
original,27,42,0.0001068115234375,S1C_W0.800_r10,0.8,10
original,28,28,7.120768229166667e-05,S1C_W0.800_r10,0.8,10
original,29,33,8.392333984375e-05,S1C_W0.800_r10,0.8,10
original,30,31,7.883707682291667e-05,S1C_W0.800_r10,0.8,10
original,31,30,7.62939453125e-05,S1C_W0.800_r10,0.8,10
original,32,18,4.57763671875e-05,S1C_W0.800_r10,0.8,10
original,33,31,7.883707682291667e-05,S1C_W0.800_r10,0.8,10
original,34,29,7.375081380208333e-05,S1C_W0.800_r10,0.8,10
original,35,22,5.5948893229166664e-05,S1C_W0.800_r10,0.8,10
original,36,15,3.814697265625e-05,S1C_W0.800_r10,0.8,10
original,37,25,6.357828776041667e-05,S1C_W0.800_r10,0.8,10
original,38,17,4.3233235677083336e-05,S1C_W0.800_r10,0.8,10
original,39,25,6.357828776041667e-05,S1C_W0.800_r10,0.8,10
original,40,27,6.866455078125e-05,S1C_W0.800_r10,0.8,10
original,41,22,5.5948893229166664e-05,S1C_W0.800_r10,0.8,10
original,42,19,4.8319498697916664e-05,S1C_W0.800_r10,0.8,10
original,43,13,3.3060709635416664e-05,S1C_W0.800_r10,0.8,10
original,44,16,4.0690104166666664e-05,S1C_W0.800_r10,0.8,10
original,45,14,3.5603841145833336e-05,S1C_W0.800_r10,0.8,10
original,46,9,2.288818359375e-05,S1C_W0.800_r10,0.8,10
original,47,9,2.288818359375e-05,S1C_W0.800_r10,0.8,10
original,48,14,3.5603841145833336e-05,S1C_W0.800_r10,0.8,10
original,49,15,3.814697265625e-05,S1C_W0.800_r10,0.8,10
original,50,7,1.7801920572916668e-05,S1C_W0.800_r10,0.8,10
original,51,13,3.3060709635416664e-05,S1C_W0.800_r10,0.8,10
original,52,7,1.7801920572916668e-05,S1C_W0.800_r10,0.8,10
original,53,2,5.086263020833333e-06,S1C_W0.800_r10,0.8,10
original,54,7,1.7801920572916668e-05,S1C_W0.800_r10,0.8,10
original,55,8,2.0345052083333332e-05,S1C_W0.800_r10,0.8,10
original,56,2,5.086263020833333e-06,S1C_W0.800_r10,0.8,10
original,57,4,1.0172526041666666e-05,S1C_W0.800_r10,0.8,10
original,58,5,1.2715657552083334e-05,S1C_W0.800_r10,0.8,10
original,59,4,1.0172526041666666e-05,S1C_W0.800_r10,0.8,10
original,60,3,7.62939453125e-06,S1C_W0.800_r10,0.8,10
original,61,0,0.0,S1C_W0.800_r10,0.8,10
original,62,3,7.62939453125e-06,S1C_W0.800_r10,0.8,10
original,63,1,2.5431315104166665e-06,S1C_W0.800_r10,0.8,10
original,64,0,0.0,S1C_W0.800_r10,0.8,10
original,65,1,2.5431315104166665e-06,S1C_W0.800_r10,0.8,10
original,66,0,0.0,S1C_W0.800_r10,0.8,10
original,67,3,7.62939453125e-06,S1C_W0.800_r10,0.8,10
original,68,0,0.0,S1C_W0.800_r10,0.8,10
original,69,1,2.5431315104166665e-06,S1C_W0.800_r10,0.8,10
reassigned,0,8559,0.02176666259765625,S1C_W0.800_r10,0.8,10
reassigned,1,14123,0.035916646321614586,S1C_W0.800_r10,0.8,10
reassigned,2,26226,0.0666961669921875,S1C_W0.800_r10,0.8,10
reassigned,3,37129,0.09442392985026042,S1C_W0.800_r10,0.8,10
reassigned,4,42807,0.10886383056640625,S1C_W0.800_r10,0.8,10
reassigned,5,43823,0.11144765218098958,S1C_W0.800_r10,0.8,10
reassigned,6,41693,0.10603078206380208,S1C_W0.800_r10,0.8,10
reassigned,7,35969,0.09147389729817708,S1C_W0.800_r10,0.8,10
reassigned,8,30118,0.07659403483072917,S1C_W0.800_r10,0.8,10
reassigned,9,24491,0.062283833821614586,S1C_W0.800_r10,0.8,10
reassigned,10,19305,0.04909515380859375,S1C_W0.800_r10,0.8,10
reassigned,11,15241,0.038759867350260414,S1C_W0.800_r10,0.8,10
reassigned,12,11746,0.029871622721354168,S1C_W0.800_r10,0.8,10
reassigned,13,9065,0.023053487141927082,S1C_W0.800_r10,0.8,10
reassigned,14,7050,0.0179290771484375,S1C_W0.800_r10,0.8,10
reassigned,15,5451,0.01386260986328125,S1C_W0.800_r10,0.8,10
reassigned,16,4228,0.010752360026041666,S1C_W0.800_r10,0.8,10
reassigned,17,3184,0.008097330729166666,S1C_W0.800_r10,0.8,10
reassigned,18,2578,0.006556193033854167,S1C_W0.800_r10,0.8,10
reassigned,19,2103,0.00534820556640625,S1C_W0.800_r10,0.8,10
reassigned,20,1596,0.004058837890625,S1C_W0.800_r10,0.8,10
reassigned,21,1253,0.0031865437825520835,S1C_W0.800_r10,0.8,10
reassigned,22,999,0.00254058837890625,S1C_W0.800_r10,0.8,10
reassigned,23,825,0.00209808349609375,S1C_W0.800_r10,0.8,10
reassigned,24,677,0.0017217000325520833,S1C_W0.800_r10,0.8,10
reassigned,25,492,0.001251220703125,S1C_W0.800_r10,0.8,10
reassigned,26,421,0.0010706583658854167,S1C_W0.800_r10,0.8,10
reassigned,27,360,0.00091552734375,S1C_W0.800_r10,0.8,10
reassigned,28,271,0.0006891886393229166,S1C_W0.800_r10,0.8,10
reassigned,29,209,0.0005315144856770834,S1C_W0.800_r10,0.8,10
reassigned,30,180,0.000457763671875,S1C_W0.800_r10,0.8,10
reassigned,31,128,0.0003255208333333333,S1C_W0.800_r10,0.8,10
reassigned,32,122,0.0003102620442708333,S1C_W0.800_r10,0.8,10
reassigned,33,97,0.0002466837565104167,S1C_W0.800_r10,0.8,10
reassigned,34,68,0.00017293294270833334,S1C_W0.800_r10,0.8,10
reassigned,35,76,0.00019327799479166666,S1C_W0.800_r10,0.8,10
reassigned,36,41,0.00010426839192708333,S1C_W0.800_r10,0.8,10
reassigned,37,44,0.00011189778645833333,S1C_W0.800_r10,0.8,10
reassigned,38,32,8.138020833333333e-05,S1C_W0.800_r10,0.8,10
reassigned,39,37,9.409586588541667e-05,S1C_W0.800_r10,0.8,10
reassigned,40,28,7.120768229166667e-05,S1C_W0.800_r10,0.8,10
reassigned,41,37,9.409586588541667e-05,S1C_W0.800_r10,0.8,10
reassigned,42,29,7.375081380208333e-05,S1C_W0.800_r10,0.8,10
reassigned,43,24,6.103515625e-05,S1C_W0.800_r10,0.8,10
reassigned,44,16,4.0690104166666664e-05,S1C_W0.800_r10,0.8,10
reassigned,45,21,5.340576171875e-05,S1C_W0.800_r10,0.8,10
reassigned,46,16,4.0690104166666664e-05,S1C_W0.800_r10,0.8,10
reassigned,47,10,2.5431315104166668e-05,S1C_W0.800_r10,0.8,10
reassigned,48,11,2.7974446614583332e-05,S1C_W0.800_r10,0.8,10
reassigned,49,9,2.288818359375e-05,S1C_W0.800_r10,0.8,10
reassigned,50,18,4.57763671875e-05,S1C_W0.800_r10,0.8,10
reassigned,51,11,2.7974446614583332e-05,S1C_W0.800_r10,0.8,10
reassigned,52,10,2.5431315104166668e-05,S1C_W0.800_r10,0.8,10
reassigned,53,7,1.7801920572916668e-05,S1C_W0.800_r10,0.8,10
reassigned,54,6,1.52587890625e-05,S1C_W0.800_r10,0.8,10
reassigned,55,8,2.0345052083333332e-05,S1C_W0.800_r10,0.8,10
reassigned,56,3,7.62939453125e-06,S1C_W0.800_r10,0.8,10
reassigned,57,7,1.7801920572916668e-05,S1C_W0.800_r10,0.8,10
reassigned,58,3,7.62939453125e-06,S1C_W0.800_r10,0.8,10
reassigned,59,1,2.5431315104166665e-06,S1C_W0.800_r10,0.8,10
reassigned,60,5,1.2715657552083334e-05,S1C_W0.800_r10,0.8,10
reassigned,61,3,7.62939453125e-06,S1C_W0.800_r10,0.8,10
reassigned,62,4,1.0172526041666666e-05,S1C_W0.800_r10,0.8,10
reassigned,63,3,7.62939453125e-06,S1C_W0.800_r10,0.8,10
reassigned,64,2,5.086263020833333e-06,S1C_W0.800_r10,0.8,10
reassigned,65,3,7.62939453125e-06,S1C_W0.800_r10,0.8,10
reassigned,66,2,5.086263020833333e-06,S1C_W0.800_r10,0.8,10
reassigned,67,7,1.7801920572916668e-05,S1C_W0.800_r10,0.8,10
reassigned,68,1,2.5431315104166665e-06,S1C_W0.800_r10,0.8,10
reassigned,69,4,1.0172526041666666e-05,S1C_W0.800_r10,0.8,10
reassigned,70,2,5.086263020833333e-06,S1C_W0.800_r10,0.8,10
reassigned,71,2,5.086263020833333e-06,S1C_W0.800_r10,0.8,10
reassigned,72,6,1.52587890625e-05,S1C_W0.800_r10,0.8,10
reassigned,73,1,2.5431315104166665e-06,S1C_W0.800_r10,0.8,10
reassigned,74,1,2.5431315104166665e-06,S1C_W0.800_r10,0.8,10
reassigned,75,1,2.5431315104166665e-06,S1C_W0.800_r10,0.8,10
reassigned,76,6,1.52587890625e-05,S1C_W0.800_r10,0.8,10
reassigned,77,3,7.62939453125e-06,S1C_W0.800_r10,0.8,10
reassigned,78,2,5.086263020833333e-06,S1C_W0.800_r10,0.8,10
reassigned,79,3,7.62939453125e-06,S1C_W0.800_r10,0.8,10
reassigned,80,1,2.5431315104166665e-06,S1C_W0.800_r10,0.8,10
reassigned,81,1,2.5431315104166665e-06,S1C_W0.800_r10,0.8,10
reassigned,82,3,7.62939453125e-06,S1C_W0.800_r10,0.8,10
reassigned,83,2,5.086263020833333e-06,S1C_W0.800_r10,0.8,10
reassigned,84,1,2.5431315104166665e-06,S1C_W0.800_r10,0.8,10
reassigned,85,4,1.0172526041666666e-05,S1C_W0.800_r10,0.8,10
reassigned,86,2,5.086263020833333e-06,S1C_W0.800_r10,0.8,10
reassigned,87,2,5.086263020833333e-06,S1C_W0.800_r10,0.8,10
reassigned,88,2,5.086263020833333e-06,S1C_W0.800_r10,0.8,10
reassigned,89,0,0.0,S1C_W0.800_r10,0.8,10
reassigned,90,0,0.0,S1C_W0.800_r10,0.8,10
reassigned,91,1,2.5431315104166665e-06,S1C_W0.800_r10,0.8,10
reassigned,92,1,2.5431315104166665e-06,S1C_W0.800_r10,0.8,10
reassigned,93,2,5.086263020833333e-06,S1C_W0.800_r10,0.8,10
reassigned,94,1,2.5431315104166665e-06,S1C_W0.800_r10,0.8,10
reassigned,95,1,2.5431315104166665e-06,S1C_W0.800_r10,0.8,10
reassigned,96,0,0.0,S1C_W0.800_r10,0.8,10
reassigned,97,1,2.5431315104166665e-06,S1C_W0.800_r10,0.8,10
reassigned,98,3,7.62939453125e-06,S1C_W0.800_r10,0.8,10
reassigned,99,0,0.0,S1C_W0.800_r10,0.8,10
reassigned,100,2,5.086263020833333e-06,S1C_W0.800_r10,0.8,10
reassigned,101,0,0.0,S1C_W0.800_r10,0.8,10
reassigned,102,3,7.62939453125e-06,S1C_W0.800_r10,0.8,10
reassigned,103,0,0.0,S1C_W0.800_r10,0.8,10
reassigned,104,1,2.5431315104166665e-06,S1C_W0.800_r10,0.8,10
reassigned,105,3,7.62939453125e-06,S1C_W0.800_r10,0.8,10
reassigned,106,1,2.5431315104166665e-06,S1C_W0.800_r10,0.8,10
reassigned,107,0,0.0,S1C_W0.800_r10,0.8,10
reassigned,108,0,0.0,S1C_W0.800_r10,0.8,10
reassigned,109,2,5.086263020833333e-06,S1C_W0.800_r10,0.8,10
reassigned,110,0,0.0,S1C_W0.800_r10,0.8,10
reassigned,111,1,2.5431315104166665e-06,S1C_W0.800_r10,0.8,10
reassigned,112,1,2.5431315104166665e-06,S1C_W0.800_r10,0.8,10
reassigned,113,0,0.0,S1C_W0.800_r10,0.8,10
reassigned,114,1,2.5431315104166665e-06,S1C_W0.800_r10,0.8,10
reassigned,115,1,2.5431315104166665e-06,S1C_W0.800_r10,0.8,10
reassigned,116,0,0.0,S1C_W0.800_r10,0.8,10
reassigned,117,0,0.0,S1C_W0.800_r10,0.8,10
reassigned,118,0,0.0,S1C_W0.800_r10,0.8,10
reassigned,119,2,5.086263020833333e-06,S1C_W0.800_r10,0.8,10
reassigned,120,0,0.0,S1C_W0.800_r10,0.8,10
reassigned,121,0,0.0,S1C_W0.800_r10,0.8,10
reassigned,122,0,0.0,S1C_W0.800_r10,0.8,10
reassigned,123,0,0.0,S1C_W0.800_r10,0.8,10
reassigned,124,1,2.5431315104166665e-06,S1C_W0.800_r10,0.8,10
reassigned,125,1,2.5431315104166665e-06,S1C_W0.800_r10,0.8,10
reassigned,126,1,2.5431315104166665e-06,S1C_W0.800_r10,0.8,10
reassigned,127,1,2.5431315104166665e-06,S1C_W0.800_r10,0.8,10
reassigned,128,2,5.086263020833333e-06,S1C_W0.800_r10,0.8,10
reassigned,129,1,2.5431315104166665e-06,S1C_W0.800_r10,0.8,10
reassigned,130,0,0.0,S1C_W0.800_r10,0.8,10
reassigned,131,0,0.0,S1C_W0.800_r10,0.8,10
reassigned,132,1,2.5431315104166665e-06,S1C_W0.800_r10,0.8,10
reassigned,133,1,2.5431315104166665e-06,S1C_W0.800_r10,0.8,10
reassigned,134,0,0.0,S1C_W0.800_r10,0.8,10
reassigned,135,1,2.5431315104166665e-06,S1C_W0.800_r10,0.8,10
reassigned,136,0,0.0,S1C_W0.800_r10,0.8,10
reassigned,137,0,0.0,S1C_W0.800_r10,0.8,10
reassigned,138,0,0.0,S1C_W0.800_r10,0.8,10
reassigned,139,2,5.086263020833333e-06,S1C_W0.800_r10,0.8,10
reassigned,140,1,2.5431315104166665e-06,S1C_W0.800_r10,0.8,10
reassigned,141,0,0.0,S1C_W0.800_r10,0.8,10
reassigned,142,1,2.5431315104166665e-06,S1C_W0.800_r10,0.8,10
reassigned,143,0,0.0,S1C_W0.800_r10,0.8,10
reassigned,144,1,2.5431315104166665e-06,S1C_W0.800_r10,0.8,10
reassigned,145,0,0.0,S1C_W0.800_r10,0.8,10
reassigned,146,0,0.0,S1C_W0.800_r10,0.8,10
reassigned,147,0,0.0,S1C_W0.800_r10,0.8,10
reassigned,148,0,0.0,S1C_W0.800_r10,0.8,10
reassigned,149,0,0.0,S1C_W0.800_r10,0.8,10
reassigned,150,0,0.0,S1C_W0.800_r10,0.8,10
reassigned,151,0,0.0,S1C_W0.800_r10,0.8,10
reassigned,152,0,0.0,S1C_W0.800_r10,0.8,10
reassigned,153,0,0.0,S1C_W0.800_r10,0.8,10
reassigned,154,0,0.0,S1C_W0.800_r10,0.8,10
reassigned,155,0,0.0,S1C_W0.800_r10,0.8,10
reassigned,156,1,2.5431315104166665e-06,S1C_W0.800_r10,0.8,10
reassigned,157,0,0.0,S1C_W0.800_r10,0.8,10
reassigned,158,0,0.0,S1C_W0.800_r10,0.8,10
reassigned,159,0,0.0,S1C_W0.800_r10,0.8,10
reassigned,160,0,0.0,S1C_W0.800_r10,0.8,10
reassigned,161,1,2.5431315104166665e-06,S1C_W0.800_r10,0.8,10
original,0,1958,0.004979451497395833,S1C_W0.800_r11,0.8,11
original,1,5333,0.013562520345052084,S1C_W0.800_r11,0.8,11
original,2,12399,0.03153228759765625,S1C_W0.800_r11,0.8,11
original,3,24222,0.0615997314453125,S1C_W0.800_r11,0.8,11
original,4,37504,0.09537760416666667,S1C_W0.800_r11,0.8,11
original,5,48712,0.12388102213541667,S1C_W0.800_r11,0.8,11
original,6,54140,0.13768513997395834,S1C_W0.800_r11,0.8,11
original,7,52327,0.1330744425455729,S1C_W0.800_r11,0.8,11
original,8,46311,0.11777496337890625,S1C_W0.800_r11,0.8,11
original,9,36699,0.09333038330078125,S1C_W0.800_r11,0.8,11
original,10,26921,0.06846364339192708,S1C_W0.800_r11,0.8,11
original,11,18145,0.046145121256510414,S1C_W0.800_r11,0.8,11
original,12,11747,0.029874165852864582,S1C_W0.800_r11,0.8,11
original,13,7135,0.018145243326822918,S1C_W0.800_r11,0.8,11
original,14,4024,0.010233561197916666,S1C_W0.800_r11,0.8,11
original,15,2284,0.005808512369791667,S1C_W0.800_r11,0.8,11
original,16,1177,0.0029932657877604165,S1C_W0.800_r11,0.8,11
original,17,657,0.00167083740234375,S1C_W0.800_r11,0.8,11
original,18,352,0.0008951822916666666,S1C_W0.800_r11,0.8,11
original,19,171,0.00043487548828125,S1C_W0.800_r11,0.8,11
original,20,114,0.0002899169921875,S1C_W0.800_r11,0.8,11
original,21,84,0.000213623046875,S1C_W0.800_r11,0.8,11
original,22,62,0.00015767415364583334,S1C_W0.800_r11,0.8,11
original,23,53,0.00013478597005208334,S1C_W0.800_r11,0.8,11
original,24,41,0.00010426839192708333,S1C_W0.800_r11,0.8,11
original,25,30,7.62939453125e-05,S1C_W0.800_r11,0.8,11
original,26,36,9.1552734375e-05,S1C_W0.800_r11,0.8,11
original,27,28,7.120768229166667e-05,S1C_W0.800_r11,0.8,11
original,28,30,7.62939453125e-05,S1C_W0.800_r11,0.8,11
original,29,37,9.409586588541667e-05,S1C_W0.800_r11,0.8,11
original,30,24,6.103515625e-05,S1C_W0.800_r11,0.8,11
original,31,28,7.120768229166667e-05,S1C_W0.800_r11,0.8,11
original,32,27,6.866455078125e-05,S1C_W0.800_r11,0.8,11
original,33,24,6.103515625e-05,S1C_W0.800_r11,0.8,11
original,34,24,6.103515625e-05,S1C_W0.800_r11,0.8,11
original,35,17,4.3233235677083336e-05,S1C_W0.800_r11,0.8,11
original,36,24,6.103515625e-05,S1C_W0.800_r11,0.8,11
original,37,20,5.0862630208333336e-05,S1C_W0.800_r11,0.8,11
original,38,19,4.8319498697916664e-05,S1C_W0.800_r11,0.8,11
original,39,30,7.62939453125e-05,S1C_W0.800_r11,0.8,11
original,40,29,7.375081380208333e-05,S1C_W0.800_r11,0.8,11
original,41,25,6.357828776041667e-05,S1C_W0.800_r11,0.8,11
original,42,20,5.0862630208333336e-05,S1C_W0.800_r11,0.8,11
original,43,20,5.0862630208333336e-05,S1C_W0.800_r11,0.8,11
original,44,25,6.357828776041667e-05,S1C_W0.800_r11,0.8,11
original,45,14,3.5603841145833336e-05,S1C_W0.800_r11,0.8,11
original,46,8,2.0345052083333332e-05,S1C_W0.800_r11,0.8,11
original,47,14,3.5603841145833336e-05,S1C_W0.800_r11,0.8,11
original,48,11,2.7974446614583332e-05,S1C_W0.800_r11,0.8,11
original,49,13,3.3060709635416664e-05,S1C_W0.800_r11,0.8,11
original,50,13,3.3060709635416664e-05,S1C_W0.800_r11,0.8,11
original,51,8,2.0345052083333332e-05,S1C_W0.800_r11,0.8,11
original,52,8,2.0345052083333332e-05,S1C_W0.800_r11,0.8,11
original,53,8,2.0345052083333332e-05,S1C_W0.800_r11,0.8,11
original,54,7,1.7801920572916668e-05,S1C_W0.800_r11,0.8,11
original,55,3,7.62939453125e-06,S1C_W0.800_r11,0.8,11
original,56,5,1.2715657552083334e-05,S1C_W0.800_r11,0.8,11
original,57,6,1.52587890625e-05,S1C_W0.800_r11,0.8,11
original,58,4,1.0172526041666666e-05,S1C_W0.800_r11,0.8,11
original,59,1,2.5431315104166665e-06,S1C_W0.800_r11,0.8,11
original,60,1,2.5431315104166665e-06,S1C_W0.800_r11,0.8,11
original,61,0,0.0,S1C_W0.800_r11,0.8,11
original,62,1,2.5431315104166665e-06,S1C_W0.800_r11,0.8,11
original,63,2,5.086263020833333e-06,S1C_W0.800_r11,0.8,11
reassigned,0,9385,0.023867289225260418,S1C_W0.800_r11,0.8,11
reassigned,1,14133,0.03594207763671875,S1C_W0.800_r11,0.8,11
reassigned,2,26336,0.06697591145833333,S1C_W0.800_r11,0.8,11
reassigned,3,36847,0.09370676676432292,S1C_W0.800_r11,0.8,11
reassigned,4,42831,0.10892486572265625,S1C_W0.800_r11,0.8,11
reassigned,5,43870,0.11156717936197917,S1C_W0.800_r11,0.8,11
reassigned,6,40823,0.10381825764973958,S1C_W0.800_r11,0.8,11
reassigned,7,35999,0.09155019124348958,S1C_W0.800_r11,0.8,11
reassigned,8,30119,0.07659657796223958,S1C_W0.800_r11,0.8,11
reassigned,9,24210,0.0615692138671875,S1C_W0.800_r11,0.8,11
reassigned,10,19109,0.048596700032552086,S1C_W0.800_r11,0.8,11
reassigned,11,15219,0.03870391845703125,S1C_W0.800_r11,0.8,11
reassigned,12,12108,0.030792236328125,S1C_W0.800_r11,0.8,11
reassigned,13,9096,0.02313232421875,S1C_W0.800_r11,0.8,11
reassigned,14,7024,0.017862955729166668,S1C_W0.800_r11,0.8,11
reassigned,15,5550,0.0141143798828125,S1C_W0.800_r11,0.8,11
reassigned,16,4248,0.01080322265625,S1C_W0.800_r11,0.8,11
reassigned,17,3396,0.008636474609375,S1C_W0.800_r11,0.8,11
reassigned,18,2587,0.006579081217447917,S1C_W0.800_r11,0.8,11
reassigned,19,2068,0.005259195963541667,S1C_W0.800_r11,0.8,11
reassigned,20,1624,0.004130045572916667,S1C_W0.800_r11,0.8,11
reassigned,21,1269,0.00322723388671875,S1C_W0.800_r11,0.8,11
reassigned,22,1043,0.0026524861653645835,S1C_W0.800_r11,0.8,11
reassigned,23,789,0.00200653076171875,S1C_W0.800_r11,0.8,11
reassigned,24,637,0.0016199747721354167,S1C_W0.800_r11,0.8,11
reassigned,25,516,0.001312255859375,S1C_W0.800_r11,0.8,11
reassigned,26,391,0.0009943644205729167,S1C_W0.800_r11,0.8,11
reassigned,27,328,0.0008341471354166666,S1C_W0.800_r11,0.8,11
reassigned,28,244,0.0006205240885416666,S1C_W0.800_r11,0.8,11
reassigned,29,197,0.0005009969075520834,S1C_W0.800_r11,0.8,11
reassigned,30,174,0.0004425048828125,S1C_W0.800_r11,0.8,11
reassigned,31,135,0.00034332275390625,S1C_W0.800_r11,0.8,11
reassigned,32,118,0.0003000895182291667,S1C_W0.800_r11,0.8,11
reassigned,33,85,0.00021616617838541666,S1C_W0.800_r11,0.8,11
reassigned,34,78,0.0001983642578125,S1C_W0.800_r11,0.8,11
reassigned,35,67,0.00017038981119791666,S1C_W0.800_r11,0.8,11
reassigned,36,51,0.00012969970703125,S1C_W0.800_r11,0.8,11
reassigned,37,44,0.00011189778645833333,S1C_W0.800_r11,0.8,11
reassigned,38,30,7.62939453125e-05,S1C_W0.800_r11,0.8,11
reassigned,39,25,6.357828776041667e-05,S1C_W0.800_r11,0.8,11
reassigned,40,21,5.340576171875e-05,S1C_W0.800_r11,0.8,11
reassigned,41,25,6.357828776041667e-05,S1C_W0.800_r11,0.8,11
reassigned,42,18,4.57763671875e-05,S1C_W0.800_r11,0.8,11
reassigned,43,11,2.7974446614583332e-05,S1C_W0.800_r11,0.8,11
reassigned,44,16,4.0690104166666664e-05,S1C_W0.800_r11,0.8,11
reassigned,45,15,3.814697265625e-05,S1C_W0.800_r11,0.8,11
reassigned,46,11,2.7974446614583332e-05,S1C_W0.800_r11,0.8,11
reassigned,47,18,4.57763671875e-05,S1C_W0.800_r11,0.8,11
reassigned,48,15,3.814697265625e-05,S1C_W0.800_r11,0.8,11
reassigned,49,14,3.5603841145833336e-05,S1C_W0.800_r11,0.8,11
reassigned,50,9,2.288818359375e-05,S1C_W0.800_r11,0.8,11
reassigned,51,12,3.0517578125e-05,S1C_W0.800_r11,0.8,11
reassigned,52,3,7.62939453125e-06,S1C_W0.800_r11,0.8,11
reassigned,53,5,1.2715657552083334e-05,S1C_W0.800_r11,0.8,11
reassigned,54,10,2.5431315104166668e-05,S1C_W0.800_r11,0.8,11
reassigned,55,11,2.7974446614583332e-05,S1C_W0.800_r11,0.8,11
reassigned,56,6,1.52587890625e-05,S1C_W0.800_r11,0.8,11
reassigned,57,5,1.2715657552083334e-05,S1C_W0.800_r11,0.8,11
reassigned,58,5,1.2715657552083334e-05,S1C_W0.800_r11,0.8,11
reassigned,59,15,3.814697265625e-05,S1C_W0.800_r11,0.8,11
reassigned,60,3,7.62939453125e-06,S1C_W0.800_r11,0.8,11
reassigned,61,6,1.52587890625e-05,S1C_W0.800_r11,0.8,11
reassigned,62,8,2.0345052083333332e-05,S1C_W0.800_r11,0.8,11
reassigned,63,3,7.62939453125e-06,S1C_W0.800_r11,0.8,11
reassigned,64,5,1.2715657552083334e-05,S1C_W0.800_r11,0.8,11
reassigned,65,5,1.2715657552083334e-05,S1C_W0.800_r11,0.8,11
reassigned,66,4,1.0172526041666666e-05,S1C_W0.800_r11,0.8,11
reassigned,67,4,1.0172526041666666e-05,S1C_W0.800_r11,0.8,11
reassigned,68,2,5.086263020833333e-06,S1C_W0.800_r11,0.8,11
reassigned,69,1,2.5431315104166665e-06,S1C_W0.800_r11,0.8,11
reassigned,70,4,1.0172526041666666e-05,S1C_W0.800_r11,0.8,11
reassigned,71,6,1.52587890625e-05,S1C_W0.800_r11,0.8,11
reassigned,72,1,2.5431315104166665e-06,S1C_W0.800_r11,0.8,11
reassigned,73,4,1.0172526041666666e-05,S1C_W0.800_r11,0.8,11
reassigned,74,4,1.0172526041666666e-05,S1C_W0.800_r11,0.8,11
reassigned,75,1,2.5431315104166665e-06,S1C_W0.800_r11,0.8,11
reassigned,76,3,7.62939453125e-06,S1C_W0.800_r11,0.8,11
reassigned,77,3,7.62939453125e-06,S1C_W0.800_r11,0.8,11
reassigned,78,0,0.0,S1C_W0.800_r11,0.8,11
reassigned,79,3,7.62939453125e-06,S1C_W0.800_r11,0.8,11
reassigned,80,3,7.62939453125e-06,S1C_W0.800_r11,0.8,11
reassigned,81,1,2.5431315104166665e-06,S1C_W0.800_r11,0.8,11
reassigned,82,2,5.086263020833333e-06,S1C_W0.800_r11,0.8,11
reassigned,83,7,1.7801920572916668e-05,S1C_W0.800_r11,0.8,11
reassigned,84,2,5.086263020833333e-06,S1C_W0.800_r11,0.8,11
reassigned,85,0,0.0,S1C_W0.800_r11,0.8,11
reassigned,86,4,1.0172526041666666e-05,S1C_W0.800_r11,0.8,11
reassigned,87,4,1.0172526041666666e-05,S1C_W0.800_r11,0.8,11
reassigned,88,4,1.0172526041666666e-05,S1C_W0.800_r11,0.8,11
reassigned,89,2,5.086263020833333e-06,S1C_W0.800_r11,0.8,11
reassigned,90,1,2.5431315104166665e-06,S1C_W0.800_r11,0.8,11
reassigned,91,2,5.086263020833333e-06,S1C_W0.800_r11,0.8,11
reassigned,92,0,0.0,S1C_W0.800_r11,0.8,11
reassigned,93,1,2.5431315104166665e-06,S1C_W0.800_r11,0.8,11
reassigned,94,4,1.0172526041666666e-05,S1C_W0.800_r11,0.8,11
reassigned,95,2,5.086263020833333e-06,S1C_W0.800_r11,0.8,11
reassigned,96,0,0.0,S1C_W0.800_r11,0.8,11
reassigned,97,5,1.2715657552083334e-05,S1C_W0.800_r11,0.8,11
reassigned,98,0,0.0,S1C_W0.800_r11,0.8,11
reassigned,99,1,2.5431315104166665e-06,S1C_W0.800_r11,0.8,11
reassigned,100,1,2.5431315104166665e-06,S1C_W0.800_r11,0.8,11
reassigned,101,1,2.5431315104166665e-06,S1C_W0.800_r11,0.8,11
reassigned,102,6,1.52587890625e-05,S1C_W0.800_r11,0.8,11
reassigned,103,5,1.2715657552083334e-05,S1C_W0.800_r11,0.8,11
reassigned,104,0,0.0,S1C_W0.800_r11,0.8,11
reassigned,105,2,5.086263020833333e-06,S1C_W0.800_r11,0.8,11
reassigned,106,2,5.086263020833333e-06,S1C_W0.800_r11,0.8,11
reassigned,107,0,0.0,S1C_W0.800_r11,0.8,11
reassigned,108,0,0.0,S1C_W0.800_r11,0.8,11
reassigned,109,0,0.0,S1C_W0.800_r11,0.8,11
reassigned,110,0,0.0,S1C_W0.800_r11,0.8,11
reassigned,111,2,5.086263020833333e-06,S1C_W0.800_r11,0.8,11
reassigned,112,0,0.0,S1C_W0.800_r11,0.8,11
reassigned,113,0,0.0,S1C_W0.800_r11,0.8,11
reassigned,114,2,5.086263020833333e-06,S1C_W0.800_r11,0.8,11
reassigned,115,0,0.0,S1C_W0.800_r11,0.8,11
reassigned,116,1,2.5431315104166665e-06,S1C_W0.800_r11,0.8,11
reassigned,117,1,2.5431315104166665e-06,S1C_W0.800_r11,0.8,11
reassigned,118,2,5.086263020833333e-06,S1C_W0.800_r11,0.8,11
reassigned,119,2,5.086263020833333e-06,S1C_W0.800_r11,0.8,11
reassigned,120,3,7.62939453125e-06,S1C_W0.800_r11,0.8,11
reassigned,121,0,0.0,S1C_W0.800_r11,0.8,11
reassigned,122,0,0.0,S1C_W0.800_r11,0.8,11
reassigned,123,2,5.086263020833333e-06,S1C_W0.800_r11,0.8,11
reassigned,124,2,5.086263020833333e-06,S1C_W0.800_r11,0.8,11
reassigned,125,2,5.086263020833333e-06,S1C_W0.800_r11,0.8,11
reassigned,126,0,0.0,S1C_W0.800_r11,0.8,11
reassigned,127,0,0.0,S1C_W0.800_r11,0.8,11
reassigned,128,0,0.0,S1C_W0.800_r11,0.8,11
reassigned,129,0,0.0,S1C_W0.800_r11,0.8,11
reassigned,130,1,2.5431315104166665e-06,S1C_W0.800_r11,0.8,11
reassigned,131,0,0.0,S1C_W0.800_r11,0.8,11
reassigned,132,0,0.0,S1C_W0.800_r11,0.8,11
reassigned,133,0,0.0,S1C_W0.800_r11,0.8,11
reassigned,134,0,0.0,S1C_W0.800_r11,0.8,11
reassigned,135,1,2.5431315104166665e-06,S1C_W0.800_r11,0.8,11
reassigned,136,0,0.0,S1C_W0.800_r11,0.8,11
reassigned,137,0,0.0,S1C_W0.800_r11,0.8,11
reassigned,138,0,0.0,S1C_W0.800_r11,0.8,11
reassigned,139,0,0.0,S1C_W0.800_r11,0.8,11
reassigned,140,1,2.5431315104166665e-06,S1C_W0.800_r11,0.8,11
reassigned,141,3,7.62939453125e-06,S1C_W0.800_r11,0.8,11
reassigned,142,0,0.0,S1C_W0.800_r11,0.8,11
reassigned,143,0,0.0,S1C_W0.800_r11,0.8,11
reassigned,144,0,0.0,S1C_W0.800_r11,0.8,11
reassigned,145,0,0.0,S1C_W0.800_r11,0.8,11
reassigned,146,2,5.086263020833333e-06,S1C_W0.800_r11,0.8,11
reassigned,147,0,0.0,S1C_W0.800_r11,0.8,11
reassigned,148,0,0.0,S1C_W0.800_r11,0.8,11
reassigned,149,0,0.0,S1C_W0.800_r11,0.8,11
reassigned,150,0,0.0,S1C_W0.800_r11,0.8,11
reassigned,151,0,0.0,S1C_W0.800_r11,0.8,11
reassigned,152,0,0.0,S1C_W0.800_r11,0.8,11
reassigned,153,0,0.0,S1C_W0.800_r11,0.8,11
reassigned,154,0,0.0,S1C_W0.800_r11,0.8,11
reassigned,155,1,2.5431315104166665e-06,S1C_W0.800_r11,0.8,11
reassigned,156,0,0.0,S1C_W0.800_r11,0.8,11
reassigned,157,0,0.0,S1C_W0.800_r11,0.8,11
reassigned,158,0,0.0,S1C_W0.800_r11,0.8,11
reassigned,159,0,0.0,S1C_W0.800_r11,0.8,11
reassigned,160,1,2.5431315104166665e-06,S1C_W0.800_r11,0.8,11
reassigned,161,2,5.086263020833333e-06,S1C_W0.800_r11,0.8,11
reassigned,162,0,0.0,S1C_W0.800_r11,0.8,11
reassigned,163,0,0.0,S1C_W0.800_r11,0.8,11
reassigned,164,0,0.0,S1C_W0.800_r11,0.8,11
reassigned,165,1,2.5431315104166665e-06,S1C_W0.800_r11,0.8,11
reassigned,166,1,2.5431315104166665e-06,S1C_W0.800_r11,0.8,11
reassigned,167,1,2.5431315104166665e-06,S1C_W0.800_r11,0.8,11
reassigned,168,0,0.0,S1C_W0.800_r11,0.8,11
reassigned,169,0,0.0,S1C_W0.800_r11,0.8,11
reassigned,170,0,0.0,S1C_W0.800_r11,0.8,11
reassigned,171,0,0.0,S1C_W0.800_r11,0.8,11
reassigned,172,0,0.0,S1C_W0.800_r11,0.8,11
reassigned,173,0,0.0,S1C_W0.800_r11,0.8,11
reassigned,174,0,0.0,S1C_W0.800_r11,0.8,11
reassigned,175,1,2.5431315104166665e-06,S1C_W0.800_r11,0.8,11
reassigned,176,1,2.5431315104166665e-06,S1C_W0.800_r11,0.8,11
original,0,1937,0.004926045735677083,S1C_W0.800_r12,0.8,12
original,1,5180,0.013173421223958334,S1C_W0.800_r12,0.8,12
original,2,12166,0.030939737955729168,S1C_W0.800_r12,0.8,12
original,3,23869,0.060702006022135414,S1C_W0.800_r12,0.8,12
original,4,37406,0.09512837727864583,S1C_W0.800_r12,0.8,12
original,5,48568,0.12351481119791667,S1C_W0.800_r12,0.8,12
original,6,54360,0.13824462890625,S1C_W0.800_r12,0.8,12
original,7,53247,0.13541412353515625,S1C_W0.800_r12,0.8,12
original,8,46765,0.11892954508463542,S1C_W0.800_r12,0.8,12
original,9,36858,0.0937347412109375,S1C_W0.800_r12,0.8,12
original,10,26657,0.06779225667317708,S1C_W0.800_r12,0.8,12
original,11,18382,0.046747843424479164,S1C_W0.800_r12,0.8,12
original,12,11409,0.02901458740234375,S1C_W0.800_r12,0.8,12
original,13,6974,0.017735799153645832,S1C_W0.800_r12,0.8,12
original,14,3990,0.0101470947265625,S1C_W0.800_r12,0.8,12
original,15,2180,0.005544026692708333,S1C_W0.800_r12,0.8,12
original,16,1172,0.0029805501302083335,S1C_W0.800_r12,0.8,12
original,17,636,0.001617431640625,S1C_W0.800_r12,0.8,12
original,18,319,0.0008112589518229166,S1C_W0.800_r12,0.8,12
original,19,180,0.000457763671875,S1C_W0.800_r12,0.8,12
original,20,99,0.00025177001953125,S1C_W0.800_r12,0.8,12
original,21,76,0.00019327799479166666,S1C_W0.800_r12,0.8,12
original,22,49,0.00012461344401041666,S1C_W0.800_r12,0.8,12
original,23,40,0.00010172526041666667,S1C_W0.800_r12,0.8,12
original,24,46,0.00011698404947916667,S1C_W0.800_r12,0.8,12
original,25,37,9.409586588541667e-05,S1C_W0.800_r12,0.8,12
original,26,29,7.375081380208333e-05,S1C_W0.800_r12,0.8,12
original,27,35,8.900960286458333e-05,S1C_W0.800_r12,0.8,12
original,28,29,7.375081380208333e-05,S1C_W0.800_r12,0.8,12
original,29,32,8.138020833333333e-05,S1C_W0.800_r12,0.8,12
original,30,17,4.3233235677083336e-05,S1C_W0.800_r12,0.8,12
original,31,25,6.357828776041667e-05,S1C_W0.800_r12,0.8,12
original,32,31,7.883707682291667e-05,S1C_W0.800_r12,0.8,12
original,33,27,6.866455078125e-05,S1C_W0.800_r12,0.8,12
original,34,28,7.120768229166667e-05,S1C_W0.800_r12,0.8,12
original,35,29,7.375081380208333e-05,S1C_W0.800_r12,0.8,12
original,36,32,8.138020833333333e-05,S1C_W0.800_r12,0.8,12
original,37,24,6.103515625e-05,S1C_W0.800_r12,0.8,12
original,38,22,5.5948893229166664e-05,S1C_W0.800_r12,0.8,12
original,39,21,5.340576171875e-05,S1C_W0.800_r12,0.8,12
original,40,23,5.8492024739583336e-05,S1C_W0.800_r12,0.8,12
original,41,25,6.357828776041667e-05,S1C_W0.800_r12,0.8,12
original,42,17,4.3233235677083336e-05,S1C_W0.800_r12,0.8,12
original,43,18,4.57763671875e-05,S1C_W0.800_r12,0.8,12
original,44,21,5.340576171875e-05,S1C_W0.800_r12,0.8,12
original,45,21,5.340576171875e-05,S1C_W0.800_r12,0.8,12
original,46,20,5.0862630208333336e-05,S1C_W0.800_r12,0.8,12
original,47,11,2.7974446614583332e-05,S1C_W0.800_r12,0.8,12
original,48,12,3.0517578125e-05,S1C_W0.800_r12,0.8,12
original,49,21,5.340576171875e-05,S1C_W0.800_r12,0.8,12
original,50,9,2.288818359375e-05,S1C_W0.800_r12,0.8,12
original,51,8,2.0345052083333332e-05,S1C_W0.800_r12,0.8,12
original,52,5,1.2715657552083334e-05,S1C_W0.800_r12,0.8,12
original,53,3,7.62939453125e-06,S1C_W0.800_r12,0.8,12
original,54,5,1.2715657552083334e-05,S1C_W0.800_r12,0.8,12
original,55,3,7.62939453125e-06,S1C_W0.800_r12,0.8,12
original,56,3,7.62939453125e-06,S1C_W0.800_r12,0.8,12
original,57,3,7.62939453125e-06,S1C_W0.800_r12,0.8,12
original,58,0,0.0,S1C_W0.800_r12,0.8,12
original,59,2,5.086263020833333e-06,S1C_W0.800_r12,0.8,12
original,60,0,0.0,S1C_W0.800_r12,0.8,12
original,61,1,2.5431315104166665e-06,S1C_W0.800_r12,0.8,12
original,62,2,5.086263020833333e-06,S1C_W0.800_r12,0.8,12
reassigned,0,9362,0.023808797200520832,S1C_W0.800_r12,0.8,12
reassigned,1,13557,0.03447723388671875,S1C_W0.800_r12,0.8,12
reassigned,2,25513,0.06488291422526042,S1C_W0.800_r12,0.8,12
reassigned,3,36276,0.092254638671875,S1C_W0.800_r12,0.8,12
reassigned,4,42843,0.10895538330078125,S1C_W0.800_r12,0.8,12
reassigned,5,43556,0.11076863606770833,S1C_W0.800_r12,0.8,12
reassigned,6,41246,0.10489400227864583,S1C_W0.800_r12,0.8,12
reassigned,7,36694,0.09331766764322917,S1C_W0.800_r12,0.8,12
reassigned,8,30276,0.076995849609375,S1C_W0.800_r12,0.8,12
reassigned,9,24841,0.06317392985026042,S1C_W0.800_r12,0.8,12
reassigned,10,19745,0.050214131673177086,S1C_W0.800_r12,0.8,12
reassigned,11,15281,0.038861592610677086,S1C_W0.800_r12,0.8,12
reassigned,12,11989,0.030489603678385418,S1C_W0.800_r12,0.8,12
reassigned,13,9237,0.02349090576171875,S1C_W0.800_r12,0.8,12
reassigned,14,7186,0.018274943033854168,S1C_W0.800_r12,0.8,12
reassigned,15,5547,0.01410675048828125,S1C_W0.800_r12,0.8,12
reassigned,16,4353,0.01107025146484375,S1C_W0.800_r12,0.8,12
reassigned,17,3345,0.00850677490234375,S1C_W0.800_r12,0.8,12
reassigned,18,2586,0.0065765380859375,S1C_W0.800_r12,0.8,12
reassigned,19,2010,0.0051116943359375,S1C_W0.800_r12,0.8,12
reassigned,20,1565,0.003980000813802083,S1C_W0.800_r12,0.8,12
reassigned,21,1195,0.0030390421549479165,S1C_W0.800_r12,0.8,12
reassigned,22,1000,0.0025431315104166665,S1C_W0.800_r12,0.8,12
reassigned,23,782,0.0019887288411458335,S1C_W0.800_r12,0.8,12
reassigned,24,625,0.0015894571940104167,S1C_W0.800_r12,0.8,12
reassigned,25,496,0.0012613932291666667,S1C_W0.800_r12,0.8,12
reassigned,26,377,0.0009587605794270834,S1C_W0.800_r12,0.8,12
reassigned,27,309,0.00078582763671875,S1C_W0.800_r12,0.8,12
reassigned,28,229,0.0005823771158854166,S1C_W0.800_r12,0.8,12
reassigned,29,190,0.0004831949869791667,S1C_W0.800_r12,0.8,12
reassigned,30,151,0.0003840128580729167,S1C_W0.800_r12,0.8,12
reassigned,31,128,0.0003255208333333333,S1C_W0.800_r12,0.8,12
reassigned,32,117,0.00029754638671875,S1C_W0.800_r12,0.8,12
reassigned,33,51,0.00012969970703125,S1C_W0.800_r12,0.8,12
reassigned,34,61,0.00015513102213541666,S1C_W0.800_r12,0.8,12
reassigned,35,60,0.000152587890625,S1C_W0.800_r12,0.8,12
reassigned,36,38,9.663899739583333e-05,S1C_W0.800_r12,0.8,12
reassigned,37,36,9.1552734375e-05,S1C_W0.800_r12,0.8,12
reassigned,38,28,7.120768229166667e-05,S1C_W0.800_r12,0.8,12
reassigned,39,21,5.340576171875e-05,S1C_W0.800_r12,0.8,12
reassigned,40,26,6.612141927083333e-05,S1C_W0.800_r12,0.8,12
reassigned,41,24,6.103515625e-05,S1C_W0.800_r12,0.8,12
reassigned,42,13,3.3060709635416664e-05,S1C_W0.800_r12,0.8,12
reassigned,43,23,5.8492024739583336e-05,S1C_W0.800_r12,0.8,12
reassigned,44,17,4.3233235677083336e-05,S1C_W0.800_r12,0.8,12
reassigned,45,12,3.0517578125e-05,S1C_W0.800_r12,0.8,12
reassigned,46,15,3.814697265625e-05,S1C_W0.800_r12,0.8,12
reassigned,47,13,3.3060709635416664e-05,S1C_W0.800_r12,0.8,12
reassigned,48,11,2.7974446614583332e-05,S1C_W0.800_r12,0.8,12
reassigned,49,8,2.0345052083333332e-05,S1C_W0.800_r12,0.8,12
reassigned,50,4,1.0172526041666666e-05,S1C_W0.800_r12,0.8,12
reassigned,51,9,2.288818359375e-05,S1C_W0.800_r12,0.8,12
reassigned,52,1,2.5431315104166665e-06,S1C_W0.800_r12,0.8,12
reassigned,53,3,7.62939453125e-06,S1C_W0.800_r12,0.8,12
reassigned,54,4,1.0172526041666666e-05,S1C_W0.800_r12,0.8,12
reassigned,55,5,1.2715657552083334e-05,S1C_W0.800_r12,0.8,12
reassigned,56,5,1.2715657552083334e-05,S1C_W0.800_r12,0.8,12
reassigned,57,3,7.62939453125e-06,S1C_W0.800_r12,0.8,12
reassigned,58,5,1.2715657552083334e-05,S1C_W0.800_r12,0.8,12
reassigned,59,2,5.086263020833333e-06,S1C_W0.800_r12,0.8,12
reassigned,60,1,2.5431315104166665e-06,S1C_W0.800_r12,0.8,12
reassigned,61,4,1.0172526041666666e-05,S1C_W0.800_r12,0.8,12
reassigned,62,7,1.7801920572916668e-05,S1C_W0.800_r12,0.8,12
reassigned,63,5,1.2715657552083334e-05,S1C_W0.800_r12,0.8,12
reassigned,64,3,7.62939453125e-06,S1C_W0.800_r12,0.8,12
reassigned,65,5,1.2715657552083334e-05,S1C_W0.800_r12,0.8,12
reassigned,66,6,1.52587890625e-05,S1C_W0.800_r12,0.8,12
reassigned,67,5,1.2715657552083334e-05,S1C_W0.800_r12,0.8,12
reassigned,68,2,5.086263020833333e-06,S1C_W0.800_r12,0.8,12
reassigned,69,1,2.5431315104166665e-06,S1C_W0.800_r12,0.8,12
reassigned,70,4,1.0172526041666666e-05,S1C_W0.800_r12,0.8,12
reassigned,71,2,5.086263020833333e-06,S1C_W0.800_r12,0.8,12
reassigned,72,2,5.086263020833333e-06,S1C_W0.800_r12,0.8,12
reassigned,73,0,0.0,S1C_W0.800_r12,0.8,12
reassigned,74,4,1.0172526041666666e-05,S1C_W0.800_r12,0.8,12
reassigned,75,1,2.5431315104166665e-06,S1C_W0.800_r12,0.8,12
reassigned,76,0,0.0,S1C_W0.800_r12,0.8,12
reassigned,77,1,2.5431315104166665e-06,S1C_W0.800_r12,0.8,12
reassigned,78,0,0.0,S1C_W0.800_r12,0.8,12
reassigned,79,2,5.086263020833333e-06,S1C_W0.800_r12,0.8,12
reassigned,80,2,5.086263020833333e-06,S1C_W0.800_r12,0.8,12
reassigned,81,2,5.086263020833333e-06,S1C_W0.800_r12,0.8,12
reassigned,82,3,7.62939453125e-06,S1C_W0.800_r12,0.8,12
reassigned,83,1,2.5431315104166665e-06,S1C_W0.800_r12,0.8,12
reassigned,84,2,5.086263020833333e-06,S1C_W0.800_r12,0.8,12
reassigned,85,2,5.086263020833333e-06,S1C_W0.800_r12,0.8,12
reassigned,86,1,2.5431315104166665e-06,S1C_W0.800_r12,0.8,12
reassigned,87,1,2.5431315104166665e-06,S1C_W0.800_r12,0.8,12
reassigned,88,3,7.62939453125e-06,S1C_W0.800_r12,0.8,12
reassigned,89,1,2.5431315104166665e-06,S1C_W0.800_r12,0.8,12
reassigned,90,0,0.0,S1C_W0.800_r12,0.8,12
reassigned,91,1,2.5431315104166665e-06,S1C_W0.800_r12,0.8,12
reassigned,92,2,5.086263020833333e-06,S1C_W0.800_r12,0.8,12
reassigned,93,1,2.5431315104166665e-06,S1C_W0.800_r12,0.8,12
reassigned,94,0,0.0,S1C_W0.800_r12,0.8,12
reassigned,95,1,2.5431315104166665e-06,S1C_W0.800_r12,0.8,12
reassigned,96,3,7.62939453125e-06,S1C_W0.800_r12,0.8,12
reassigned,97,2,5.086263020833333e-06,S1C_W0.800_r12,0.8,12
reassigned,98,0,0.0,S1C_W0.800_r12,0.8,12
reassigned,99,1,2.5431315104166665e-06,S1C_W0.800_r12,0.8,12
reassigned,100,1,2.5431315104166665e-06,S1C_W0.800_r12,0.8,12
reassigned,101,1,2.5431315104166665e-06,S1C_W0.800_r12,0.8,12
reassigned,102,0,0.0,S1C_W0.800_r12,0.8,12
reassigned,103,1,2.5431315104166665e-06,S1C_W0.800_r12,0.8,12
reassigned,104,1,2.5431315104166665e-06,S1C_W0.800_r12,0.8,12
reassigned,105,1,2.5431315104166665e-06,S1C_W0.800_r12,0.8,12
reassigned,106,0,0.0,S1C_W0.800_r12,0.8,12
reassigned,107,0,0.0,S1C_W0.800_r12,0.8,12
reassigned,108,1,2.5431315104166665e-06,S1C_W0.800_r12,0.8,12
reassigned,109,0,0.0,S1C_W0.800_r12,0.8,12
reassigned,110,1,2.5431315104166665e-06,S1C_W0.800_r12,0.8,12
reassigned,111,1,2.5431315104166665e-06,S1C_W0.800_r12,0.8,12
reassigned,112,0,0.0,S1C_W0.800_r12,0.8,12
reassigned,113,0,0.0,S1C_W0.800_r12,0.8,12
reassigned,114,1,2.5431315104166665e-06,S1C_W0.800_r12,0.8,12
reassigned,115,1,2.5431315104166665e-06,S1C_W0.800_r12,0.8,12
reassigned,116,1,2.5431315104166665e-06,S1C_W0.800_r12,0.8,12
reassigned,117,2,5.086263020833333e-06,S1C_W0.800_r12,0.8,12
reassigned,118,1,2.5431315104166665e-06,S1C_W0.800_r12,0.8,12
reassigned,119,0,0.0,S1C_W0.800_r12,0.8,12
reassigned,120,1,2.5431315104166665e-06,S1C_W0.800_r12,0.8,12
reassigned,121,0,0.0,S1C_W0.800_r12,0.8,12
reassigned,122,0,0.0,S1C_W0.800_r12,0.8,12
reassigned,123,1,2.5431315104166665e-06,S1C_W0.800_r12,0.8,12
reassigned,124,1,2.5431315104166665e-06,S1C_W0.800_r12,0.8,12
reassigned,125,0,0.0,S1C_W0.800_r12,0.8,12
reassigned,126,0,0.0,S1C_W0.800_r12,0.8,12
reassigned,127,3,7.62939453125e-06,S1C_W0.800_r12,0.8,12
reassigned,128,1,2.5431315104166665e-06,S1C_W0.800_r12,0.8,12
reassigned,129,0,0.0,S1C_W0.800_r12,0.8,12
reassigned,130,1,2.5431315104166665e-06,S1C_W0.800_r12,0.8,12
reassigned,131,0,0.0,S1C_W0.800_r12,0.8,12
reassigned,132,1,2.5431315104166665e-06,S1C_W0.800_r12,0.8,12
reassigned,133,0,0.0,S1C_W0.800_r12,0.8,12
reassigned,134,1,2.5431315104166665e-06,S1C_W0.800_r12,0.8,12
reassigned,135,0,0.0,S1C_W0.800_r12,0.8,12
reassigned,136,1,2.5431315104166665e-06,S1C_W0.800_r12,0.8,12
reassigned,137,0,0.0,S1C_W0.800_r12,0.8,12
reassigned,138,0,0.0,S1C_W0.800_r12,0.8,12
reassigned,139,0,0.0,S1C_W0.800_r12,0.8,12
reassigned,140,0,0.0,S1C_W0.800_r12,0.8,12
reassigned,141,0,0.0,S1C_W0.800_r12,0.8,12
reassigned,142,1,2.5431315104166665e-06,S1C_W0.800_r12,0.8,12
reassigned,143,0,0.0,S1C_W0.800_r12,0.8,12
reassigned,144,1,2.5431315104166665e-06,S1C_W0.800_r12,0.8,12
original,0,2014,0.005121866861979167,S1C_W0.800_r13,0.8,13
original,1,5223,0.01328277587890625,S1C_W0.800_r13,0.8,13
original,2,12408,0.03155517578125,S1C_W0.800_r13,0.8,13
original,3,23984,0.060994466145833336,S1C_W0.800_r13,0.8,13
original,4,37478,0.09531148274739583,S1C_W0.800_r13,0.8,13
original,5,48808,0.12412516276041667,S1C_W0.800_r13,0.8,13
original,6,54173,0.1377690633138021,S1C_W0.800_r13,0.8,13
original,7,52998,0.1347808837890625,S1C_W0.800_r13,0.8,13
original,8,46098,0.1172332763671875,S1C_W0.800_r13,0.8,13
original,9,36697,0.09332529703776042,S1C_W0.800_r13,0.8,13
original,10,26610,0.0676727294921875,S1C_W0.800_r13,0.8,13
original,11,18147,0.04615020751953125,S1C_W0.800_r13,0.8,13
original,12,11649,0.02962493896484375,S1C_W0.800_r13,0.8,13
original,13,7146,0.0181732177734375,S1C_W0.800_r13,0.8,13
original,14,4143,0.01053619384765625,S1C_W0.800_r13,0.8,13
original,15,2242,0.005701700846354167,S1C_W0.800_r13,0.8,13
original,16,1244,0.0031636555989583335,S1C_W0.800_r13,0.8,13
original,17,638,0.0016225179036458333,S1C_W0.800_r13,0.8,13
original,18,369,0.00093841552734375,S1C_W0.800_r13,0.8,13
original,19,186,0.0004730224609375,S1C_W0.800_r13,0.8,13
original,20,104,0.0002644856770833333,S1C_W0.800_r13,0.8,13
original,21,66,0.0001678466796875,S1C_W0.800_r13,0.8,13
original,22,48,0.0001220703125,S1C_W0.800_r13,0.8,13
original,23,45,0.00011444091796875,S1C_W0.800_r13,0.8,13
original,24,46,0.00011698404947916667,S1C_W0.800_r13,0.8,13
original,25,39,9.918212890625e-05,S1C_W0.800_r13,0.8,13
original,26,47,0.00011952718098958333,S1C_W0.800_r13,0.8,13
original,27,29,7.375081380208333e-05,S1C_W0.800_r13,0.8,13
original,28,26,6.612141927083333e-05,S1C_W0.800_r13,0.8,13
original,29,33,8.392333984375e-05,S1C_W0.800_r13,0.8,13
original,30,27,6.866455078125e-05,S1C_W0.800_r13,0.8,13
original,31,36,9.1552734375e-05,S1C_W0.800_r13,0.8,13
original,32,20,5.0862630208333336e-05,S1C_W0.800_r13,0.8,13
original,33,28,7.120768229166667e-05,S1C_W0.800_r13,0.8,13
original,34,29,7.375081380208333e-05,S1C_W0.800_r13,0.8,13
original,35,25,6.357828776041667e-05,S1C_W0.800_r13,0.8,13
original,36,20,5.0862630208333336e-05,S1C_W0.800_r13,0.8,13
original,37,20,5.0862630208333336e-05,S1C_W0.800_r13,0.8,13
original,38,21,5.340576171875e-05,S1C_W0.800_r13,0.8,13
original,39,24,6.103515625e-05,S1C_W0.800_r13,0.8,13
original,40,16,4.0690104166666664e-05,S1C_W0.800_r13,0.8,13
original,41,17,4.3233235677083336e-05,S1C_W0.800_r13,0.8,13
original,42,21,5.340576171875e-05,S1C_W0.800_r13,0.8,13
original,43,17,4.3233235677083336e-05,S1C_W0.800_r13,0.8,13
original,44,23,5.8492024739583336e-05,S1C_W0.800_r13,0.8,13
original,45,12,3.0517578125e-05,S1C_W0.800_r13,0.8,13
original,46,19,4.8319498697916664e-05,S1C_W0.800_r13,0.8,13
original,47,13,3.3060709635416664e-05,S1C_W0.800_r13,0.8,13
original,48,18,4.57763671875e-05,S1C_W0.800_r13,0.8,13
original,49,13,3.3060709635416664e-05,S1C_W0.800_r13,0.8,13
original,50,9,2.288818359375e-05,S1C_W0.800_r13,0.8,13
original,51,6,1.52587890625e-05,S1C_W0.800_r13,0.8,13
original,52,10,2.5431315104166668e-05,S1C_W0.800_r13,0.8,13
original,53,9,2.288818359375e-05,S1C_W0.800_r13,0.8,13
original,54,9,2.288818359375e-05,S1C_W0.800_r13,0.8,13
original,55,5,1.2715657552083334e-05,S1C_W0.800_r13,0.8,13
original,56,1,2.5431315104166665e-06,S1C_W0.800_r13,0.8,13
original,57,3,7.62939453125e-06,S1C_W0.800_r13,0.8,13
original,58,2,5.086263020833333e-06,S1C_W0.800_r13,0.8,13
original,59,1,2.5431315104166665e-06,S1C_W0.800_r13,0.8,13
original,60,0,0.0,S1C_W0.800_r13,0.8,13
original,61,0,0.0,S1C_W0.800_r13,0.8,13
original,62,2,5.086263020833333e-06,S1C_W0.800_r13,0.8,13
original,63,1,2.5431315104166665e-06,S1C_W0.800_r13,0.8,13
original,64,0,0.0,S1C_W0.800_r13,0.8,13
original,65,1,2.5431315104166665e-06,S1C_W0.800_r13,0.8,13
reassigned,0,7883,0.020047505696614582,S1C_W0.800_r13,0.8,13
reassigned,1,13707,0.03485870361328125,S1C_W0.800_r13,0.8,13
reassigned,2,26166,0.0665435791015625,S1C_W0.800_r13,0.8,13
reassigned,3,37015,0.09413401285807292,S1C_W0.800_r13,0.8,13
reassigned,4,43061,0.10950978597005208,S1C_W0.800_r13,0.8,13
reassigned,5,44623,0.11348215738932292,S1C_W0.800_r13,0.8,13
reassigned,6,41629,0.10586802164713542,S1C_W0.800_r13,0.8,13
reassigned,7,36362,0.09247334798177083,S1C_W0.800_r13,0.8,13
reassigned,8,30547,0.07768503824869792,S1C_W0.800_r13,0.8,13
reassigned,9,24407,0.062070210774739586,S1C_W0.800_r13,0.8,13
reassigned,10,19506,0.0496063232421875,S1C_W0.800_r13,0.8,13
reassigned,11,15186,0.0386199951171875,S1C_W0.800_r13,0.8,13
reassigned,12,11518,0.029291788736979168,S1C_W0.800_r13,0.8,13
reassigned,13,9183,0.02335357666015625,S1C_W0.800_r13,0.8,13
reassigned,14,6949,0.017672220865885418,S1C_W0.800_r13,0.8,13
reassigned,15,5387,0.013699849446614584,S1C_W0.800_r13,0.8,13
reassigned,16,4240,0.010782877604166666,S1C_W0.800_r13,0.8,13
reassigned,17,3313,0.008425394694010416,S1C_W0.800_r13,0.8,13
reassigned,18,2464,0.006266276041666667,S1C_W0.800_r13,0.8,13
reassigned,19,1980,0.005035400390625,S1C_W0.800_r13,0.8,13
reassigned,20,1555,0.003954569498697917,S1C_W0.800_r13,0.8,13
reassigned,21,1289,0.0032780965169270835,S1C_W0.800_r13,0.8,13
reassigned,22,1004,0.0025533040364583335,S1C_W0.800_r13,0.8,13
reassigned,23,713,0.0018132527669270833,S1C_W0.800_r13,0.8,13
reassigned,24,610,0.0015513102213541667,S1C_W0.800_r13,0.8,13
reassigned,25,508,0.0012919108072916667,S1C_W0.800_r13,0.8,13
reassigned,26,425,0.0010808308919270833,S1C_W0.800_r13,0.8,13
reassigned,27,321,0.00081634521484375,S1C_W0.800_r13,0.8,13
reassigned,28,266,0.0006764729817708334,S1C_W0.800_r13,0.8,13
reassigned,29,198,0.0005035400390625,S1C_W0.800_r13,0.8,13
reassigned,30,158,0.0004018147786458333,S1C_W0.800_r13,0.8,13
reassigned,31,132,0.000335693359375,S1C_W0.800_r13,0.8,13
reassigned,32,123,0.00031280517578125,S1C_W0.800_r13,0.8,13
reassigned,33,104,0.0002644856770833333,S1C_W0.800_r13,0.8,13
reassigned,34,63,0.00016021728515625,S1C_W0.800_r13,0.8,13
reassigned,35,50,0.00012715657552083334,S1C_W0.800_r13,0.8,13
reassigned,36,67,0.00017038981119791666,S1C_W0.800_r13,0.8,13
reassigned,37,35,8.900960286458333e-05,S1C_W0.800_r13,0.8,13
reassigned,38,38,9.663899739583333e-05,S1C_W0.800_r13,0.8,13
reassigned,39,25,6.357828776041667e-05,S1C_W0.800_r13,0.8,13
reassigned,40,25,6.357828776041667e-05,S1C_W0.800_r13,0.8,13
reassigned,41,31,7.883707682291667e-05,S1C_W0.800_r13,0.8,13
reassigned,42,18,4.57763671875e-05,S1C_W0.800_r13,0.8,13
reassigned,43,19,4.8319498697916664e-05,S1C_W0.800_r13,0.8,13
reassigned,44,17,4.3233235677083336e-05,S1C_W0.800_r13,0.8,13
reassigned,45,21,5.340576171875e-05,S1C_W0.800_r13,0.8,13
reassigned,46,17,4.3233235677083336e-05,S1C_W0.800_r13,0.8,13
reassigned,47,11,2.7974446614583332e-05,S1C_W0.800_r13,0.8,13
reassigned,48,15,3.814697265625e-05,S1C_W0.800_r13,0.8,13
reassigned,49,10,2.5431315104166668e-05,S1C_W0.800_r13,0.8,13
reassigned,50,8,2.0345052083333332e-05,S1C_W0.800_r13,0.8,13
reassigned,51,12,3.0517578125e-05,S1C_W0.800_r13,0.8,13
reassigned,52,11,2.7974446614583332e-05,S1C_W0.800_r13,0.8,13
reassigned,53,14,3.5603841145833336e-05,S1C_W0.800_r13,0.8,13
reassigned,54,7,1.7801920572916668e-05,S1C_W0.800_r13,0.8,13
reassigned,55,6,1.52587890625e-05,S1C_W0.800_r13,0.8,13
reassigned,56,5,1.2715657552083334e-05,S1C_W0.800_r13,0.8,13
reassigned,57,5,1.2715657552083334e-05,S1C_W0.800_r13,0.8,13
reassigned,58,2,5.086263020833333e-06,S1C_W0.800_r13,0.8,13
reassigned,59,5,1.2715657552083334e-05,S1C_W0.800_r13,0.8,13
reassigned,60,6,1.52587890625e-05,S1C_W0.800_r13,0.8,13
reassigned,61,6,1.52587890625e-05,S1C_W0.800_r13,0.8,13
reassigned,62,7,1.7801920572916668e-05,S1C_W0.800_r13,0.8,13
reassigned,63,3,7.62939453125e-06,S1C_W0.800_r13,0.8,13
reassigned,64,2,5.086263020833333e-06,S1C_W0.800_r13,0.8,13
reassigned,65,6,1.52587890625e-05,S1C_W0.800_r13,0.8,13
reassigned,66,4,1.0172526041666666e-05,S1C_W0.800_r13,0.8,13
reassigned,67,10,2.5431315104166668e-05,S1C_W0.800_r13,0.8,13
reassigned,68,4,1.0172526041666666e-05,S1C_W0.800_r13,0.8,13
reassigned,69,2,5.086263020833333e-06,S1C_W0.800_r13,0.8,13
reassigned,70,1,2.5431315104166665e-06,S1C_W0.800_r13,0.8,13
reassigned,71,3,7.62939453125e-06,S1C_W0.800_r13,0.8,13
reassigned,72,1,2.5431315104166665e-06,S1C_W0.800_r13,0.8,13
reassigned,73,4,1.0172526041666666e-05,S1C_W0.800_r13,0.8,13
reassigned,74,3,7.62939453125e-06,S1C_W0.800_r13,0.8,13
reassigned,75,3,7.62939453125e-06,S1C_W0.800_r13,0.8,13
reassigned,76,2,5.086263020833333e-06,S1C_W0.800_r13,0.8,13
reassigned,77,2,5.086263020833333e-06,S1C_W0.800_r13,0.8,13
reassigned,78,2,5.086263020833333e-06,S1C_W0.800_r13,0.8,13
reassigned,79,2,5.086263020833333e-06,S1C_W0.800_r13,0.8,13
reassigned,80,3,7.62939453125e-06,S1C_W0.800_r13,0.8,13
reassigned,81,1,2.5431315104166665e-06,S1C_W0.800_r13,0.8,13
reassigned,82,5,1.2715657552083334e-05,S1C_W0.800_r13,0.8,13
reassigned,83,3,7.62939453125e-06,S1C_W0.800_r13,0.8,13
reassigned,84,3,7.62939453125e-06,S1C_W0.800_r13,0.8,13
reassigned,85,1,2.5431315104166665e-06,S1C_W0.800_r13,0.8,13
reassigned,86,2,5.086263020833333e-06,S1C_W0.800_r13,0.8,13
reassigned,87,3,7.62939453125e-06,S1C_W0.800_r13,0.8,13
reassigned,88,1,2.5431315104166665e-06,S1C_W0.800_r13,0.8,13
reassigned,89,2,5.086263020833333e-06,S1C_W0.800_r13,0.8,13
reassigned,90,2,5.086263020833333e-06,S1C_W0.800_r13,0.8,13
reassigned,91,2,5.086263020833333e-06,S1C_W0.800_r13,0.8,13
reassigned,92,1,2.5431315104166665e-06,S1C_W0.800_r13,0.8,13
reassigned,93,3,7.62939453125e-06,S1C_W0.800_r13,0.8,13
reassigned,94,1,2.5431315104166665e-06,S1C_W0.800_r13,0.8,13
reassigned,95,2,5.086263020833333e-06,S1C_W0.800_r13,0.8,13
reassigned,96,2,5.086263020833333e-06,S1C_W0.800_r13,0.8,13
reassigned,97,1,2.5431315104166665e-06,S1C_W0.800_r13,0.8,13
reassigned,98,0,0.0,S1C_W0.800_r13,0.8,13
reassigned,99,1,2.5431315104166665e-06,S1C_W0.800_r13,0.8,13
reassigned,100,0,0.0,S1C_W0.800_r13,0.8,13
reassigned,101,0,0.0,S1C_W0.800_r13,0.8,13
reassigned,102,0,0.0,S1C_W0.800_r13,0.8,13
reassigned,103,0,0.0,S1C_W0.800_r13,0.8,13
reassigned,104,3,7.62939453125e-06,S1C_W0.800_r13,0.8,13
reassigned,105,4,1.0172526041666666e-05,S1C_W0.800_r13,0.8,13
reassigned,106,2,5.086263020833333e-06,S1C_W0.800_r13,0.8,13
reassigned,107,0,0.0,S1C_W0.800_r13,0.8,13
reassigned,108,1,2.5431315104166665e-06,S1C_W0.800_r13,0.8,13
reassigned,109,0,0.0,S1C_W0.800_r13,0.8,13
reassigned,110,1,2.5431315104166665e-06,S1C_W0.800_r13,0.8,13
reassigned,111,2,5.086263020833333e-06,S1C_W0.800_r13,0.8,13
reassigned,112,0,0.0,S1C_W0.800_r13,0.8,13
reassigned,113,1,2.5431315104166665e-06,S1C_W0.800_r13,0.8,13
reassigned,114,2,5.086263020833333e-06,S1C_W0.800_r13,0.8,13
reassigned,115,1,2.5431315104166665e-06,S1C_W0.800_r13,0.8,13
reassigned,116,1,2.5431315104166665e-06,S1C_W0.800_r13,0.8,13
reassigned,117,0,0.0,S1C_W0.800_r13,0.8,13
reassigned,118,2,5.086263020833333e-06,S1C_W0.800_r13,0.8,13
reassigned,119,1,2.5431315104166665e-06,S1C_W0.800_r13,0.8,13
reassigned,120,0,0.0,S1C_W0.800_r13,0.8,13
reassigned,121,1,2.5431315104166665e-06,S1C_W0.800_r13,0.8,13
reassigned,122,1,2.5431315104166665e-06,S1C_W0.800_r13,0.8,13
reassigned,123,1,2.5431315104166665e-06,S1C_W0.800_r13,0.8,13
reassigned,124,0,0.0,S1C_W0.800_r13,0.8,13
reassigned,125,1,2.5431315104166665e-06,S1C_W0.800_r13,0.8,13
reassigned,126,0,0.0,S1C_W0.800_r13,0.8,13
reassigned,127,0,0.0,S1C_W0.800_r13,0.8,13
reassigned,128,0,0.0,S1C_W0.800_r13,0.8,13
reassigned,129,0,0.0,S1C_W0.800_r13,0.8,13
reassigned,130,1,2.5431315104166665e-06,S1C_W0.800_r13,0.8,13
reassigned,131,0,0.0,S1C_W0.800_r13,0.8,13
reassigned,132,0,0.0,S1C_W0.800_r13,0.8,13
reassigned,133,0,0.0,S1C_W0.800_r13,0.8,13
reassigned,134,1,2.5431315104166665e-06,S1C_W0.800_r13,0.8,13
reassigned,135,0,0.0,S1C_W0.800_r13,0.8,13
reassigned,136,0,0.0,S1C_W0.800_r13,0.8,13
reassigned,137,0,0.0,S1C_W0.800_r13,0.8,13
reassigned,138,0,0.0,S1C_W0.800_r13,0.8,13
reassigned,139,0,0.0,S1C_W0.800_r13,0.8,13
reassigned,140,0,0.0,S1C_W0.800_r13,0.8,13
reassigned,141,0,0.0,S1C_W0.800_r13,0.8,13
reassigned,142,0,0.0,S1C_W0.800_r13,0.8,13
reassigned,143,0,0.0,S1C_W0.800_r13,0.8,13
reassigned,144,1,2.5431315104166665e-06,S1C_W0.800_r13,0.8,13
reassigned,145,0,0.0,S1C_W0.800_r13,0.8,13
reassigned,146,1,2.5431315104166665e-06,S1C_W0.800_r13,0.8,13
reassigned,147,2,5.086263020833333e-06,S1C_W0.800_r13,0.8,13
reassigned,148,0,0.0,S1C_W0.800_r13,0.8,13
reassigned,149,0,0.0,S1C_W0.800_r13,0.8,13
reassigned,150,1,2.5431315104166665e-06,S1C_W0.800_r13,0.8,13
reassigned,151,0,0.0,S1C_W0.800_r13,0.8,13
reassigned,152,0,0.0,S1C_W0.800_r13,0.8,13
reassigned,153,0,0.0,S1C_W0.800_r13,0.8,13
reassigned,154,0,0.0,S1C_W0.800_r13,0.8,13
reassigned,155,1,2.5431315104166665e-06,S1C_W0.800_r13,0.8,13
reassigned,156,0,0.0,S1C_W0.800_r13,0.8,13
reassigned,157,1,2.5431315104166665e-06,S1C_W0.800_r13,0.8,13
reassigned,158,0,0.0,S1C_W0.800_r13,0.8,13
reassigned,159,0,0.0,S1C_W0.800_r13,0.8,13
reassigned,160,0,0.0,S1C_W0.800_r13,0.8,13
reassigned,161,0,0.0,S1C_W0.800_r13,0.8,13
reassigned,162,1,2.5431315104166665e-06,S1C_W0.800_r13,0.8,13
original,0,2024,0.005147298177083333,S1C_W0.800_r14,0.8,14
original,1,5260,0.013376871744791666,S1C_W0.800_r14,0.8,14
original,2,12441,0.03163909912109375,S1C_W0.800_r14,0.8,14
original,3,24023,0.061093648274739586,S1C_W0.800_r14,0.8,14
original,4,37468,0.09528605143229167,S1C_W0.800_r14,0.8,14
original,5,48644,0.12370808919270833,S1C_W0.800_r14,0.8,14
original,6,54365,0.1382573445638021,S1C_W0.800_r14,0.8,14
original,7,52106,0.13251241048177084,S1C_W0.800_r14,0.8,14
original,8,46184,0.11745198567708333,S1C_W0.800_r14,0.8,14
original,9,37146,0.0944671630859375,S1C_W0.800_r14,0.8,14
original,10,26925,0.06847381591796875,S1C_W0.800_r14,0.8,14
original,11,18486,0.0470123291015625,S1C_W0.800_r14,0.8,14
original,12,11616,0.029541015625,S1C_W0.800_r14,0.8,14
original,13,6994,0.017786661783854168,S1C_W0.800_r14,0.8,14
original,14,4071,0.01035308837890625,S1C_W0.800_r14,0.8,14
original,15,2236,0.005686442057291667,S1C_W0.800_r14,0.8,14
original,16,1125,0.00286102294921875,S1C_W0.800_r14,0.8,14
original,17,631,0.0016047159830729167,S1C_W0.800_r14,0.8,14
original,18,308,0.0007832845052083334,S1C_W0.800_r14,0.8,14
original,19,170,0.0004323323567708333,S1C_W0.800_r14,0.8,14
original,20,123,0.00031280517578125,S1C_W0.800_r14,0.8,14
original,21,72,0.00018310546875,S1C_W0.800_r14,0.8,14
original,22,53,0.00013478597005208334,S1C_W0.800_r14,0.8,14
original,23,41,0.00010426839192708333,S1C_W0.800_r14,0.8,14
original,24,53,0.00013478597005208334,S1C_W0.800_r14,0.8,14
original,25,50,0.00012715657552083334,S1C_W0.800_r14,0.8,14
original,26,37,9.409586588541667e-05,S1C_W0.800_r14,0.8,14
original,27,24,6.103515625e-05,S1C_W0.800_r14,0.8,14
original,28,31,7.883707682291667e-05,S1C_W0.800_r14,0.8,14
original,29,31,7.883707682291667e-05,S1C_W0.800_r14,0.8,14
original,30,25,6.357828776041667e-05,S1C_W0.800_r14,0.8,14
original,31,22,5.5948893229166664e-05,S1C_W0.800_r14,0.8,14
original,32,23,5.8492024739583336e-05,S1C_W0.800_r14,0.8,14
original,33,20,5.0862630208333336e-05,S1C_W0.800_r14,0.8,14
original,34,26,6.612141927083333e-05,S1C_W0.800_r14,0.8,14
original,35,19,4.8319498697916664e-05,S1C_W0.800_r14,0.8,14
original,36,26,6.612141927083333e-05,S1C_W0.800_r14,0.8,14
original,37,24,6.103515625e-05,S1C_W0.800_r14,0.8,14
original,38,21,5.340576171875e-05,S1C_W0.800_r14,0.8,14
original,39,19,4.8319498697916664e-05,S1C_W0.800_r14,0.8,14
original,40,29,7.375081380208333e-05,S1C_W0.800_r14,0.8,14
original,41,23,5.8492024739583336e-05,S1C_W0.800_r14,0.8,14
original,42,21,5.340576171875e-05,S1C_W0.800_r14,0.8,14
original,43,16,4.0690104166666664e-05,S1C_W0.800_r14,0.8,14
original,44,17,4.3233235677083336e-05,S1C_W0.800_r14,0.8,14
original,45,15,3.814697265625e-05,S1C_W0.800_r14,0.8,14
original,46,16,4.0690104166666664e-05,S1C_W0.800_r14,0.8,14
original,47,20,5.0862630208333336e-05,S1C_W0.800_r14,0.8,14
original,48,14,3.5603841145833336e-05,S1C_W0.800_r14,0.8,14
original,49,9,2.288818359375e-05,S1C_W0.800_r14,0.8,14
original,50,13,3.3060709635416664e-05,S1C_W0.800_r14,0.8,14
original,51,9,2.288818359375e-05,S1C_W0.800_r14,0.8,14
original,52,8,2.0345052083333332e-05,S1C_W0.800_r14,0.8,14
original,53,10,2.5431315104166668e-05,S1C_W0.800_r14,0.8,14
original,54,7,1.7801920572916668e-05,S1C_W0.800_r14,0.8,14
original,55,4,1.0172526041666666e-05,S1C_W0.800_r14,0.8,14
original,56,4,1.0172526041666666e-05,S1C_W0.800_r14,0.8,14
original,57,7,1.7801920572916668e-05,S1C_W0.800_r14,0.8,14
original,58,1,2.5431315104166665e-06,S1C_W0.800_r14,0.8,14
original,59,4,1.0172526041666666e-05,S1C_W0.800_r14,0.8,14
original,60,2,5.086263020833333e-06,S1C_W0.800_r14,0.8,14
original,61,2,5.086263020833333e-06,S1C_W0.800_r14,0.8,14
original,62,0,0.0,S1C_W0.800_r14,0.8,14
original,63,0,0.0,S1C_W0.800_r14,0.8,14
original,64,1,2.5431315104166665e-06,S1C_W0.800_r14,0.8,14
original,65,1,2.5431315104166665e-06,S1C_W0.800_r14,0.8,14
reassigned,0,8718,0.0221710205078125,S1C_W0.800_r14,0.8,14
reassigned,1,13652,0.034718831380208336,S1C_W0.800_r14,0.8,14
reassigned,2,25858,0.06576029459635417,S1C_W0.800_r14,0.8,14
reassigned,3,37089,0.09432220458984375,S1C_W0.800_r14,0.8,14
reassigned,4,42938,0.10919698079427083,S1C_W0.800_r14,0.8,14
reassigned,5,43963,0.11180369059244792,S1C_W0.800_r14,0.8,14
reassigned,6,41285,0.10499318440755208,S1C_W0.800_r14,0.8,14
reassigned,7,36375,0.09250640869140625,S1C_W0.800_r14,0.8,14
reassigned,8,30437,0.07740529378255208,S1C_W0.800_r14,0.8,14
reassigned,9,24760,0.06296793619791667,S1C_W0.800_r14,0.8,14
reassigned,10,19483,0.049547831217447914,S1C_W0.800_r14,0.8,14
reassigned,11,15258,0.0388031005859375,S1C_W0.800_r14,0.8,14
reassigned,12,11944,0.030375162760416668,S1C_W0.800_r14,0.8,14
reassigned,13,9118,0.023188273111979168,S1C_W0.800_r14,0.8,14
reassigned,14,6985,0.017763773600260418,S1C_W0.800_r14,0.8,14
reassigned,15,5292,0.013458251953125,S1C_W0.800_r14,0.8,14
reassigned,16,4164,0.010589599609375,S1C_W0.800_r14,0.8,14
reassigned,17,3173,0.008069356282552084,S1C_W0.800_r14,0.8,14
reassigned,18,2519,0.006406148274739583,S1C_W0.800_r14,0.8,14
reassigned,19,2042,0.005193074544270833,S1C_W0.800_r14,0.8,14
reassigned,20,1606,0.004084269205729167,S1C_W0.800_r14,0.8,14
reassigned,21,1162,0.0029551188151041665,S1C_W0.800_r14,0.8,14
reassigned,22,955,0.0024286905924479165,S1C_W0.800_r14,0.8,14
reassigned,23,818,0.0020802815755208335,S1C_W0.800_r14,0.8,14
reassigned,24,681,0.00173187255859375,S1C_W0.800_r14,0.8,14
reassigned,25,502,0.0012766520182291667,S1C_W0.800_r14,0.8,14
reassigned,26,405,0.00102996826171875,S1C_W0.800_r14,0.8,14
reassigned,27,337,0.0008570353190104166,S1C_W0.800_r14,0.8,14
reassigned,28,266,0.0006764729817708334,S1C_W0.800_r14,0.8,14
reassigned,29,251,0.0006383260091145834,S1C_W0.800_r14,0.8,14
reassigned,30,165,0.00041961669921875,S1C_W0.800_r14,0.8,14
reassigned,31,159,0.00040435791015625,S1C_W0.800_r14,0.8,14
reassigned,32,103,0.0002619425455729167,S1C_W0.800_r14,0.8,14
reassigned,33,83,0.00021107991536458334,S1C_W0.800_r14,0.8,14
reassigned,34,79,0.00020090738932291666,S1C_W0.800_r14,0.8,14
reassigned,35,54,0.0001373291015625,S1C_W0.800_r14,0.8,14
reassigned,36,52,0.00013224283854166666,S1C_W0.800_r14,0.8,14
reassigned,37,48,0.0001220703125,S1C_W0.800_r14,0.8,14
reassigned,38,42,0.0001068115234375,S1C_W0.800_r14,0.8,14
reassigned,39,23,5.8492024739583336e-05,S1C_W0.800_r14,0.8,14
reassigned,40,28,7.120768229166667e-05,S1C_W0.800_r14,0.8,14
reassigned,41,22,5.5948893229166664e-05,S1C_W0.800_r14,0.8,14
reassigned,42,17,4.3233235677083336e-05,S1C_W0.800_r14,0.8,14
reassigned,43,17,4.3233235677083336e-05,S1C_W0.800_r14,0.8,14
reassigned,44,12,3.0517578125e-05,S1C_W0.800_r14,0.8,14
reassigned,45,17,4.3233235677083336e-05,S1C_W0.800_r14,0.8,14
reassigned,46,13,3.3060709635416664e-05,S1C_W0.800_r14,0.8,14
reassigned,47,11,2.7974446614583332e-05,S1C_W0.800_r14,0.8,14
reassigned,48,15,3.814697265625e-05,S1C_W0.800_r14,0.8,14
reassigned,49,8,2.0345052083333332e-05,S1C_W0.800_r14,0.8,14
reassigned,50,6,1.52587890625e-05,S1C_W0.800_r14,0.8,14
reassigned,51,9,2.288818359375e-05,S1C_W0.800_r14,0.8,14
reassigned,52,10,2.5431315104166668e-05,S1C_W0.800_r14,0.8,14
reassigned,53,1,2.5431315104166665e-06,S1C_W0.800_r14,0.8,14
reassigned,54,14,3.5603841145833336e-05,S1C_W0.800_r14,0.8,14
reassigned,55,10,2.5431315104166668e-05,S1C_W0.800_r14,0.8,14
reassigned,56,10,2.5431315104166668e-05,S1C_W0.800_r14,0.8,14
reassigned,57,9,2.288818359375e-05,S1C_W0.800_r14,0.8,14
reassigned,58,6,1.52587890625e-05,S1C_W0.800_r14,0.8,14
reassigned,59,3,7.62939453125e-06,S1C_W0.800_r14,0.8,14
reassigned,60,6,1.52587890625e-05,S1C_W0.800_r14,0.8,14
reassigned,61,10,2.5431315104166668e-05,S1C_W0.800_r14,0.8,14
reassigned,62,5,1.2715657552083334e-05,S1C_W0.800_r14,0.8,14
reassigned,63,2,5.086263020833333e-06,S1C_W0.800_r14,0.8,14
reassigned,64,6,1.52587890625e-05,S1C_W0.800_r14,0.8,14
reassigned,65,1,2.5431315104166665e-06,S1C_W0.800_r14,0.8,14
reassigned,66,3,7.62939453125e-06,S1C_W0.800_r14,0.8,14
reassigned,67,1,2.5431315104166665e-06,S1C_W0.800_r14,0.8,14
reassigned,68,6,1.52587890625e-05,S1C_W0.800_r14,0.8,14
reassigned,69,2,5.086263020833333e-06,S1C_W0.800_r14,0.8,14
reassigned,70,3,7.62939453125e-06,S1C_W0.800_r14,0.8,14
reassigned,71,1,2.5431315104166665e-06,S1C_W0.800_r14,0.8,14
reassigned,72,3,7.62939453125e-06,S1C_W0.800_r14,0.8,14
reassigned,73,3,7.62939453125e-06,S1C_W0.800_r14,0.8,14
reassigned,74,6,1.52587890625e-05,S1C_W0.800_r14,0.8,14
reassigned,75,3,7.62939453125e-06,S1C_W0.800_r14,0.8,14
reassigned,76,1,2.5431315104166665e-06,S1C_W0.800_r14,0.8,14
reassigned,77,0,0.0,S1C_W0.800_r14,0.8,14
reassigned,78,2,5.086263020833333e-06,S1C_W0.800_r14,0.8,14
reassigned,79,1,2.5431315104166665e-06,S1C_W0.800_r14,0.8,14
reassigned,80,2,5.086263020833333e-06,S1C_W0.800_r14,0.8,14
reassigned,81,2,5.086263020833333e-06,S1C_W0.800_r14,0.8,14
reassigned,82,1,2.5431315104166665e-06,S1C_W0.800_r14,0.8,14
reassigned,83,1,2.5431315104166665e-06,S1C_W0.800_r14,0.8,14
reassigned,84,3,7.62939453125e-06,S1C_W0.800_r14,0.8,14
reassigned,85,0,0.0,S1C_W0.800_r14,0.8,14
reassigned,86,1,2.5431315104166665e-06,S1C_W0.800_r14,0.8,14
reassigned,87,0,0.0,S1C_W0.800_r14,0.8,14
reassigned,88,5,1.2715657552083334e-05,S1C_W0.800_r14,0.8,14
reassigned,89,1,2.5431315104166665e-06,S1C_W0.800_r14,0.8,14
reassigned,90,3,7.62939453125e-06,S1C_W0.800_r14,0.8,14
reassigned,91,0,0.0,S1C_W0.800_r14,0.8,14
reassigned,92,0,0.0,S1C_W0.800_r14,0.8,14
reassigned,93,3,7.62939453125e-06,S1C_W0.800_r14,0.8,14
reassigned,94,2,5.086263020833333e-06,S1C_W0.800_r14,0.8,14
reassigned,95,3,7.62939453125e-06,S1C_W0.800_r14,0.8,14
reassigned,96,1,2.5431315104166665e-06,S1C_W0.800_r14,0.8,14
reassigned,97,1,2.5431315104166665e-06,S1C_W0.800_r14,0.8,14
reassigned,98,3,7.62939453125e-06,S1C_W0.800_r14,0.8,14
reassigned,99,1,2.5431315104166665e-06,S1C_W0.800_r14,0.8,14
reassigned,100,0,0.0,S1C_W0.800_r14,0.8,14
reassigned,101,1,2.5431315104166665e-06,S1C_W0.800_r14,0.8,14
reassigned,102,1,2.5431315104166665e-06,S1C_W0.800_r14,0.8,14
reassigned,103,0,0.0,S1C_W0.800_r14,0.8,14
reassigned,104,1,2.5431315104166665e-06,S1C_W0.800_r14,0.8,14
reassigned,105,0,0.0,S1C_W0.800_r14,0.8,14
reassigned,106,1,2.5431315104166665e-06,S1C_W0.800_r14,0.8,14
reassigned,107,1,2.5431315104166665e-06,S1C_W0.800_r14,0.8,14
reassigned,108,0,0.0,S1C_W0.800_r14,0.8,14
reassigned,109,4,1.0172526041666666e-05,S1C_W0.800_r14,0.8,14
reassigned,110,2,5.086263020833333e-06,S1C_W0.800_r14,0.8,14
reassigned,111,3,7.62939453125e-06,S1C_W0.800_r14,0.8,14
reassigned,112,0,0.0,S1C_W0.800_r14,0.8,14
reassigned,113,0,0.0,S1C_W0.800_r14,0.8,14
reassigned,114,0,0.0,S1C_W0.800_r14,0.8,14
reassigned,115,0,0.0,S1C_W0.800_r14,0.8,14
reassigned,116,0,0.0,S1C_W0.800_r14,0.8,14
reassigned,117,2,5.086263020833333e-06,S1C_W0.800_r14,0.8,14
reassigned,118,0,0.0,S1C_W0.800_r14,0.8,14
reassigned,119,0,0.0,S1C_W0.800_r14,0.8,14
reassigned,120,1,2.5431315104166665e-06,S1C_W0.800_r14,0.8,14
reassigned,121,0,0.0,S1C_W0.800_r14,0.8,14
reassigned,122,2,5.086263020833333e-06,S1C_W0.800_r14,0.8,14
reassigned,123,1,2.5431315104166665e-06,S1C_W0.800_r14,0.8,14
reassigned,124,0,0.0,S1C_W0.800_r14,0.8,14
reassigned,125,2,5.086263020833333e-06,S1C_W0.800_r14,0.8,14
reassigned,126,1,2.5431315104166665e-06,S1C_W0.800_r14,0.8,14
reassigned,127,0,0.0,S1C_W0.800_r14,0.8,14
reassigned,128,1,2.5431315104166665e-06,S1C_W0.800_r14,0.8,14
reassigned,129,0,0.0,S1C_W0.800_r14,0.8,14
reassigned,130,0,0.0,S1C_W0.800_r14,0.8,14
reassigned,131,2,5.086263020833333e-06,S1C_W0.800_r14,0.8,14
reassigned,132,0,0.0,S1C_W0.800_r14,0.8,14
reassigned,133,1,2.5431315104166665e-06,S1C_W0.800_r14,0.8,14
reassigned,134,0,0.0,S1C_W0.800_r14,0.8,14
reassigned,135,0,0.0,S1C_W0.800_r14,0.8,14
reassigned,136,1,2.5431315104166665e-06,S1C_W0.800_r14,0.8,14
reassigned,137,0,0.0,S1C_W0.800_r14,0.8,14
reassigned,138,0,0.0,S1C_W0.800_r14,0.8,14
reassigned,139,0,0.0,S1C_W0.800_r14,0.8,14
reassigned,140,0,0.0,S1C_W0.800_r14,0.8,14
reassigned,141,0,0.0,S1C_W0.800_r14,0.8,14
reassigned,142,1,2.5431315104166665e-06,S1C_W0.800_r14,0.8,14
reassigned,143,1,2.5431315104166665e-06,S1C_W0.800_r14,0.8,14
reassigned,144,0,0.0,S1C_W0.800_r14,0.8,14
reassigned,145,0,0.0,S1C_W0.800_r14,0.8,14
reassigned,146,0,0.0,S1C_W0.800_r14,0.8,14
reassigned,147,1,2.5431315104166665e-06,S1C_W0.800_r14,0.8,14
reassigned,148,2,5.086263020833333e-06,S1C_W0.800_r14,0.8,14
reassigned,149,0,0.0,S1C_W0.800_r14,0.8,14
reassigned,150,0,0.0,S1C_W0.800_r14,0.8,14
reassigned,151,0,0.0,S1C_W0.800_r14,0.8,14
reassigned,152,0,0.0,S1C_W0.800_r14,0.8,14
reassigned,153,0,0.0,S1C_W0.800_r14,0.8,14
reassigned,154,1,2.5431315104166665e-06,S1C_W0.800_r14,0.8,14
reassigned,155,0,0.0,S1C_W0.800_r14,0.8,14
reassigned,156,1,2.5431315104166665e-06,S1C_W0.800_r14,0.8,14
reassigned,157,1,2.5431315104166665e-06,S1C_W0.800_r14,0.8,14
original,0,2054,0.005223592122395833,S1C_W0.800_r15,0.8,15
original,1,5345,0.013593037923177084,S1C_W0.800_r15,0.8,15
original,2,12317,0.031323750813802086,S1C_W0.800_r15,0.8,15
original,3,24226,0.061609903971354164,S1C_W0.800_r15,0.8,15
original,4,37581,0.09557342529296875,S1C_W0.800_r15,0.8,15
original,5,48099,0.12232208251953125,S1C_W0.800_r15,0.8,15
original,6,54287,0.1380589803059896,S1C_W0.800_r15,0.8,15
original,7,52936,0.13462320963541666,S1C_W0.800_r15,0.8,15
original,8,45690,0.1161956787109375,S1C_W0.800_r15,0.8,15
original,9,36978,0.0940399169921875,S1C_W0.800_r15,0.8,15
original,10,26878,0.06835428873697917,S1C_W0.800_r15,0.8,15
original,11,18421,0.046847025553385414,S1C_W0.800_r15,0.8,15
original,12,11788,0.029978434244791668,S1C_W0.800_r15,0.8,15
original,13,6982,0.017756144205729168,S1C_W0.800_r15,0.8,15
original,14,4108,0.010447184244791666,S1C_W0.800_r15,0.8,15
original,15,2184,0.00555419921875,S1C_W0.800_r15,0.8,15
original,16,1211,0.0030797322591145835,S1C_W0.800_r15,0.8,15
original,17,627,0.00159454345703125,S1C_W0.800_r15,0.8,15
original,18,334,0.0008494059244791666,S1C_W0.800_r15,0.8,15
original,19,200,0.0005086263020833334,S1C_W0.800_r15,0.8,15
original,20,118,0.0003000895182291667,S1C_W0.800_r15,0.8,15
original,21,78,0.0001983642578125,S1C_W0.800_r15,0.8,15
original,22,53,0.00013478597005208334,S1C_W0.800_r15,0.8,15
original,23,40,0.00010172526041666667,S1C_W0.800_r15,0.8,15
original,24,44,0.00011189778645833333,S1C_W0.800_r15,0.8,15
original,25,34,8.646647135416667e-05,S1C_W0.800_r15,0.8,15
original,26,28,7.120768229166667e-05,S1C_W0.800_r15,0.8,15
original,27,41,0.00010426839192708333,S1C_W0.800_r15,0.8,15
original,28,26,6.612141927083333e-05,S1C_W0.800_r15,0.8,15
original,29,32,8.138020833333333e-05,S1C_W0.800_r15,0.8,15
original,30,27,6.866455078125e-05,S1C_W0.800_r15,0.8,15
original,31,18,4.57763671875e-05,S1C_W0.800_r15,0.8,15
original,32,23,5.8492024739583336e-05,S1C_W0.800_r15,0.8,15
original,33,30,7.62939453125e-05,S1C_W0.800_r15,0.8,15
original,34,22,5.5948893229166664e-05,S1C_W0.800_r15,0.8,15
original,35,30,7.62939453125e-05,S1C_W0.800_r15,0.8,15
original,36,18,4.57763671875e-05,S1C_W0.800_r15,0.8,15
original,37,22,5.5948893229166664e-05,S1C_W0.800_r15,0.8,15
original,38,32,8.138020833333333e-05,S1C_W0.800_r15,0.8,15
original,39,19,4.8319498697916664e-05,S1C_W0.800_r15,0.8,15
original,40,19,4.8319498697916664e-05,S1C_W0.800_r15,0.8,15
original,41,26,6.612141927083333e-05,S1C_W0.800_r15,0.8,15
original,42,24,6.103515625e-05,S1C_W0.800_r15,0.8,15
original,43,19,4.8319498697916664e-05,S1C_W0.800_r15,0.8,15
original,44,21,5.340576171875e-05,S1C_W0.800_r15,0.8,15
original,45,10,2.5431315104166668e-05,S1C_W0.800_r15,0.8,15
original,46,16,4.0690104166666664e-05,S1C_W0.800_r15,0.8,15
original,47,14,3.5603841145833336e-05,S1C_W0.800_r15,0.8,15
original,48,13,3.3060709635416664e-05,S1C_W0.800_r15,0.8,15
original,49,12,3.0517578125e-05,S1C_W0.800_r15,0.8,15
original,50,16,4.0690104166666664e-05,S1C_W0.800_r15,0.8,15
original,51,9,2.288818359375e-05,S1C_W0.800_r15,0.8,15
original,52,5,1.2715657552083334e-05,S1C_W0.800_r15,0.8,15
original,53,4,1.0172526041666666e-05,S1C_W0.800_r15,0.8,15
original,54,9,2.288818359375e-05,S1C_W0.800_r15,0.8,15
original,55,3,7.62939453125e-06,S1C_W0.800_r15,0.8,15
original,56,5,1.2715657552083334e-05,S1C_W0.800_r15,0.8,15
original,57,1,2.5431315104166665e-06,S1C_W0.800_r15,0.8,15
original,58,1,2.5431315104166665e-06,S1C_W0.800_r15,0.8,15
original,59,1,2.5431315104166665e-06,S1C_W0.800_r15,0.8,15
original,60,2,5.086263020833333e-06,S1C_W0.800_r15,0.8,15
original,61,1,2.5431315104166665e-06,S1C_W0.800_r15,0.8,15
original,62,4,1.0172526041666666e-05,S1C_W0.800_r15,0.8,15
reassigned,0,9708,0.024688720703125,S1C_W0.800_r15,0.8,15
reassigned,1,13215,0.03360748291015625,S1C_W0.800_r15,0.8,15
reassigned,2,25039,0.06367746988932292,S1C_W0.800_r15,0.8,15
reassigned,3,35645,0.09064992268880208,S1C_W0.800_r15,0.8,15
reassigned,4,42291,0.10755157470703125,S1C_W0.800_r15,0.8,15
reassigned,5,43727,0.11120351155598958,S1C_W0.800_r15,0.8,15
reassigned,6,41332,0.10511271158854167,S1C_W0.800_r15,0.8,15
reassigned,7,36938,0.09393819173177083,S1C_W0.800_r15,0.8,15
reassigned,8,30980,0.07878621419270833,S1C_W0.800_r15,0.8,15
reassigned,9,25377,0.06453704833984375,S1C_W0.800_r15,0.8,15
reassigned,10,20171,0.051297505696614586,S1C_W0.800_r15,0.8,15
reassigned,11,15891,0.04041290283203125,S1C_W0.800_r15,0.8,15
reassigned,12,12228,0.031097412109375,S1C_W0.800_r15,0.8,15
reassigned,13,9261,0.02355194091796875,S1C_W0.800_r15,0.8,15
reassigned,14,7068,0.017974853515625,S1C_W0.800_r15,0.8,15
reassigned,15,5315,0.013516743977864584,S1C_W0.800_r15,0.8,15
reassigned,16,4085,0.010388692220052084,S1C_W0.800_r15,0.8,15
reassigned,17,3165,0.00804901123046875,S1C_W0.800_r15,0.8,15
reassigned,18,2394,0.0060882568359375,S1C_W0.800_r15,0.8,15
reassigned,19,1844,0.004689534505208333,S1C_W0.800_r15,0.8,15
reassigned,20,1434,0.0036468505859375,S1C_W0.800_r15,0.8,15
reassigned,21,1165,0.0029627482096354165,S1C_W0.800_r15,0.8,15
reassigned,22,935,0.0023778279622395835,S1C_W0.800_r15,0.8,15
reassigned,23,689,0.0017522176106770833,S1C_W0.800_r15,0.8,15
reassigned,24,573,0.00145721435546875,S1C_W0.800_r15,0.8,15
reassigned,25,478,0.0012156168619791667,S1C_W0.800_r15,0.8,15
reassigned,26,411,0.00104522705078125,S1C_W0.800_r15,0.8,15
reassigned,27,291,0.00074005126953125,S1C_W0.800_r15,0.8,15
reassigned,28,217,0.0005518595377604166,S1C_W0.800_r15,0.8,15
reassigned,29,223,0.0005671183268229166,S1C_W0.800_r15,0.8,15
reassigned,30,153,0.00038909912109375,S1C_W0.800_r15,0.8,15
reassigned,31,148,0.0003763834635416667,S1C_W0.800_r15,0.8,15
reassigned,32,105,0.00026702880859375,S1C_W0.800_r15,0.8,15
reassigned,33,84,0.000213623046875,S1C_W0.800_r15,0.8,15
reassigned,34,68,0.00017293294270833334,S1C_W0.800_r15,0.8,15
reassigned,35,61,0.00015513102213541666,S1C_W0.800_r15,0.8,15
reassigned,36,37,9.409586588541667e-05,S1C_W0.800_r15,0.8,15
reassigned,37,40,0.00010172526041666667,S1C_W0.800_r15,0.8,15
reassigned,38,33,8.392333984375e-05,S1C_W0.800_r15,0.8,15
reassigned,39,33,8.392333984375e-05,S1C_W0.800_r15,0.8,15
reassigned,40,28,7.120768229166667e-05,S1C_W0.800_r15,0.8,15
reassigned,41,28,7.120768229166667e-05,S1C_W0.800_r15,0.8,15
reassigned,42,16,4.0690104166666664e-05,S1C_W0.800_r15,0.8,15
reassigned,43,24,6.103515625e-05,S1C_W0.800_r15,0.8,15
reassigned,44,21,5.340576171875e-05,S1C_W0.800_r15,0.8,15
reassigned,45,16,4.0690104166666664e-05,S1C_W0.800_r15,0.8,15
reassigned,46,9,2.288818359375e-05,S1C_W0.800_r15,0.8,15
reassigned,47,16,4.0690104166666664e-05,S1C_W0.800_r15,0.8,15
reassigned,48,6,1.52587890625e-05,S1C_W0.800_r15,0.8,15
reassigned,49,13,3.3060709635416664e-05,S1C_W0.800_r15,0.8,15
reassigned,50,10,2.5431315104166668e-05,S1C_W0.800_r15,0.8,15
reassigned,51,16,4.0690104166666664e-05,S1C_W0.800_r15,0.8,15
reassigned,52,11,2.7974446614583332e-05,S1C_W0.800_r15,0.8,15
reassigned,53,4,1.0172526041666666e-05,S1C_W0.800_r15,0.8,15
reassigned,54,5,1.2715657552083334e-05,S1C_W0.800_r15,0.8,15
reassigned,55,6,1.52587890625e-05,S1C_W0.800_r15,0.8,15
reassigned,56,7,1.7801920572916668e-05,S1C_W0.800_r15,0.8,15
reassigned,57,8,2.0345052083333332e-05,S1C_W0.800_r15,0.8,15
reassigned,58,6,1.52587890625e-05,S1C_W0.800_r15,0.8,15
reassigned,59,5,1.2715657552083334e-05,S1C_W0.800_r15,0.8,15
reassigned,60,3,7.62939453125e-06,S1C_W0.800_r15,0.8,15
reassigned,61,9,2.288818359375e-05,S1C_W0.800_r15,0.8,15
reassigned,62,8,2.0345052083333332e-05,S1C_W0.800_r15,0.8,15
reassigned,63,4,1.0172526041666666e-05,S1C_W0.800_r15,0.8,15
reassigned,64,6,1.52587890625e-05,S1C_W0.800_r15,0.8,15
reassigned,65,6,1.52587890625e-05,S1C_W0.800_r15,0.8,15
reassigned,66,3,7.62939453125e-06,S1C_W0.800_r15,0.8,15
reassigned,67,5,1.2715657552083334e-05,S1C_W0.800_r15,0.8,15
reassigned,68,3,7.62939453125e-06,S1C_W0.800_r15,0.8,15
reassigned,69,0,0.0,S1C_W0.800_r15,0.8,15
reassigned,70,2,5.086263020833333e-06,S1C_W0.800_r15,0.8,15
reassigned,71,0,0.0,S1C_W0.800_r15,0.8,15
reassigned,72,2,5.086263020833333e-06,S1C_W0.800_r15,0.8,15
reassigned,73,4,1.0172526041666666e-05,S1C_W0.800_r15,0.8,15
reassigned,74,4,1.0172526041666666e-05,S1C_W0.800_r15,0.8,15
reassigned,75,3,7.62939453125e-06,S1C_W0.800_r15,0.8,15
reassigned,76,4,1.0172526041666666e-05,S1C_W0.800_r15,0.8,15
reassigned,77,1,2.5431315104166665e-06,S1C_W0.800_r15,0.8,15
reassigned,78,2,5.086263020833333e-06,S1C_W0.800_r15,0.8,15
reassigned,79,1,2.5431315104166665e-06,S1C_W0.800_r15,0.8,15
reassigned,80,1,2.5431315104166665e-06,S1C_W0.800_r15,0.8,15
reassigned,81,1,2.5431315104166665e-06,S1C_W0.800_r15,0.8,15
reassigned,82,1,2.5431315104166665e-06,S1C_W0.800_r15,0.8,15
reassigned,83,0,0.0,S1C_W0.800_r15,0.8,15
reassigned,84,4,1.0172526041666666e-05,S1C_W0.800_r15,0.8,15
reassigned,85,1,2.5431315104166665e-06,S1C_W0.800_r15,0.8,15
reassigned,86,1,2.5431315104166665e-06,S1C_W0.800_r15,0.8,15
reassigned,87,0,0.0,S1C_W0.800_r15,0.8,15
reassigned,88,2,5.086263020833333e-06,S1C_W0.800_r15,0.8,15
reassigned,89,0,0.0,S1C_W0.800_r15,0.8,15
reassigned,90,0,0.0,S1C_W0.800_r15,0.8,15
reassigned,91,2,5.086263020833333e-06,S1C_W0.800_r15,0.8,15
reassigned,92,0,0.0,S1C_W0.800_r15,0.8,15
reassigned,93,2,5.086263020833333e-06,S1C_W0.800_r15,0.8,15
reassigned,94,0,0.0,S1C_W0.800_r15,0.8,15
reassigned,95,1,2.5431315104166665e-06,S1C_W0.800_r15,0.8,15
reassigned,96,0,0.0,S1C_W0.800_r15,0.8,15
reassigned,97,0,0.0,S1C_W0.800_r15,0.8,15
reassigned,98,2,5.086263020833333e-06,S1C_W0.800_r15,0.8,15
reassigned,99,1,2.5431315104166665e-06,S1C_W0.800_r15,0.8,15
reassigned,100,1,2.5431315104166665e-06,S1C_W0.800_r15,0.8,15
reassigned,101,1,2.5431315104166665e-06,S1C_W0.800_r15,0.8,15
reassigned,102,2,5.086263020833333e-06,S1C_W0.800_r15,0.8,15
reassigned,103,1,2.5431315104166665e-06,S1C_W0.800_r15,0.8,15
reassigned,104,0,0.0,S1C_W0.800_r15,0.8,15
reassigned,105,0,0.0,S1C_W0.800_r15,0.8,15
reassigned,106,0,0.0,S1C_W0.800_r15,0.8,15
reassigned,107,1,2.5431315104166665e-06,S1C_W0.800_r15,0.8,15
reassigned,108,2,5.086263020833333e-06,S1C_W0.800_r15,0.8,15
reassigned,109,0,0.0,S1C_W0.800_r15,0.8,15
reassigned,110,0,0.0,S1C_W0.800_r15,0.8,15
reassigned,111,1,2.5431315104166665e-06,S1C_W0.800_r15,0.8,15
reassigned,112,1,2.5431315104166665e-06,S1C_W0.800_r15,0.8,15
reassigned,113,0,0.0,S1C_W0.800_r15,0.8,15
reassigned,114,1,2.5431315104166665e-06,S1C_W0.800_r15,0.8,15
reassigned,115,1,2.5431315104166665e-06,S1C_W0.800_r15,0.8,15
reassigned,116,0,0.0,S1C_W0.800_r15,0.8,15
reassigned,117,0,0.0,S1C_W0.800_r15,0.8,15
reassigned,118,0,0.0,S1C_W0.800_r15,0.8,15
reassigned,119,0,0.0,S1C_W0.800_r15,0.8,15
reassigned,120,1,2.5431315104166665e-06,S1C_W0.800_r15,0.8,15
reassigned,121,0,0.0,S1C_W0.800_r15,0.8,15
reassigned,122,0,0.0,S1C_W0.800_r15,0.8,15
reassigned,123,0,0.0,S1C_W0.800_r15,0.8,15
reassigned,124,0,0.0,S1C_W0.800_r15,0.8,15
reassigned,125,0,0.0,S1C_W0.800_r15,0.8,15
reassigned,126,2,5.086263020833333e-06,S1C_W0.800_r15,0.8,15
reassigned,127,0,0.0,S1C_W0.800_r15,0.8,15
reassigned,128,0,0.0,S1C_W0.800_r15,0.8,15
reassigned,129,0,0.0,S1C_W0.800_r15,0.8,15
reassigned,130,1,2.5431315104166665e-06,S1C_W0.800_r15,0.8,15
reassigned,131,0,0.0,S1C_W0.800_r15,0.8,15
reassigned,132,0,0.0,S1C_W0.800_r15,0.8,15
reassigned,133,1,2.5431315104166665e-06,S1C_W0.800_r15,0.8,15
reassigned,134,0,0.0,S1C_W0.800_r15,0.8,15
reassigned,135,0,0.0,S1C_W0.800_r15,0.8,15
reassigned,136,0,0.0,S1C_W0.800_r15,0.8,15
reassigned,137,0,0.0,S1C_W0.800_r15,0.8,15
reassigned,138,0,0.0,S1C_W0.800_r15,0.8,15
reassigned,139,0,0.0,S1C_W0.800_r15,0.8,15
reassigned,140,2,5.086263020833333e-06,S1C_W0.800_r15,0.8,15
reassigned,141,0,0.0,S1C_W0.800_r15,0.8,15
reassigned,142,0,0.0,S1C_W0.800_r15,0.8,15
reassigned,143,1,2.5431315104166665e-06,S1C_W0.800_r15,0.8,15
original,0,1948,0.004954020182291667,S1C_W0.810_r00,0.81,0
original,1,5178,0.0131683349609375,S1C_W0.810_r00,0.81,0
original,2,12535,0.031878153483072914,S1C_W0.810_r00,0.81,0
original,3,23770,0.060450236002604164,S1C_W0.810_r00,0.81,0
original,4,37659,0.09577178955078125,S1C_W0.810_r00,0.81,0
original,5,48998,0.12460835774739583,S1C_W0.810_r00,0.81,0
original,6,54028,0.13740030924479166,S1C_W0.810_r00,0.81,0
original,7,52980,0.134735107421875,S1C_W0.810_r00,0.81,0
original,8,45936,0.1168212890625,S1C_W0.810_r00,0.81,0
original,9,36616,0.09311930338541667,S1C_W0.810_r00,0.81,0
original,10,26885,0.06837209065755208,S1C_W0.810_r00,0.81,0
original,11,18425,0.046857198079427086,S1C_W0.810_r00,0.81,0
original,12,11723,0.029813130696614582,S1C_W0.810_r00,0.81,0
original,13,6907,0.017565409342447918,S1C_W0.810_r00,0.81,0
original,14,4064,0.010335286458333334,S1C_W0.810_r00,0.81,0
original,15,2186,0.005559285481770833,S1C_W0.810_r00,0.81,0
original,16,1220,0.0031026204427083335,S1C_W0.810_r00,0.81,0
original,17,611,0.0015538533528645833,S1C_W0.810_r00,0.81,0
original,18,340,0.0008646647135416666,S1C_W0.810_r00,0.81,0
original,19,209,0.0005315144856770834,S1C_W0.810_r00,0.81,0
original,20,109,0.0002772013346354167,S1C_W0.810_r00,0.81,0
original,21,79,0.00020090738932291666,S1C_W0.810_r00,0.81,0
original,22,65,0.00016530354817708334,S1C_W0.810_r00,0.81,0
original,23,49,0.00012461344401041666,S1C_W0.810_r00,0.81,0
original,24,32,8.138020833333333e-05,S1C_W0.810_r00,0.81,0
original,25,41,0.00010426839192708333,S1C_W0.810_r00,0.81,0
original,26,37,9.409586588541667e-05,S1C_W0.810_r00,0.81,0
original,27,31,7.883707682291667e-05,S1C_W0.810_r00,0.81,0
original,28,40,0.00010172526041666667,S1C_W0.810_r00,0.81,0
original,29,35,8.900960286458333e-05,S1C_W0.810_r00,0.81,0
original,30,28,7.120768229166667e-05,S1C_W0.810_r00,0.81,0
original,31,22,5.5948893229166664e-05,S1C_W0.810_r00,0.81,0
original,32,29,7.375081380208333e-05,S1C_W0.810_r00,0.81,0
original,33,25,6.357828776041667e-05,S1C_W0.810_r00,0.81,0
original,34,30,7.62939453125e-05,S1C_W0.810_r00,0.81,0
original,35,25,6.357828776041667e-05,S1C_W0.810_r00,0.81,0
original,36,14,3.5603841145833336e-05,S1C_W0.810_r00,0.81,0
original,37,35,8.900960286458333e-05,S1C_W0.810_r00,0.81,0
original,38,25,6.357828776041667e-05,S1C_W0.810_r00,0.81,0
original,39,15,3.814697265625e-05,S1C_W0.810_r00,0.81,0
original,40,17,4.3233235677083336e-05,S1C_W0.810_r00,0.81,0
original,41,20,5.0862630208333336e-05,S1C_W0.810_r00,0.81,0
original,42,20,5.0862630208333336e-05,S1C_W0.810_r00,0.81,0
original,43,18,4.57763671875e-05,S1C_W0.810_r00,0.81,0
original,44,16,4.0690104166666664e-05,S1C_W0.810_r00,0.81,0
original,45,12,3.0517578125e-05,S1C_W0.810_r00,0.81,0
original,46,14,3.5603841145833336e-05,S1C_W0.810_r00,0.81,0
original,47,20,5.0862630208333336e-05,S1C_W0.810_r00,0.81,0
original,48,13,3.3060709635416664e-05,S1C_W0.810_r00,0.81,0
original,49,7,1.7801920572916668e-05,S1C_W0.810_r00,0.81,0
original,50,14,3.5603841145833336e-05,S1C_W0.810_r00,0.81,0
original,51,10,2.5431315104166668e-05,S1C_W0.810_r00,0.81,0
original,52,8,2.0345052083333332e-05,S1C_W0.810_r00,0.81,0
original,53,3,7.62939453125e-06,S1C_W0.810_r00,0.81,0
original,54,10,2.5431315104166668e-05,S1C_W0.810_r00,0.81,0
original,55,5,1.2715657552083334e-05,S1C_W0.810_r00,0.81,0
original,56,8,2.0345052083333332e-05,S1C_W0.810_r00,0.81,0
original,57,8,2.0345052083333332e-05,S1C_W0.810_r00,0.81,0
original,58,1,2.5431315104166665e-06,S1C_W0.810_r00,0.81,0
original,59,2,5.086263020833333e-06,S1C_W0.810_r00,0.81,0
original,60,1,2.5431315104166665e-06,S1C_W0.810_r00,0.81,0
original,61,0,0.0,S1C_W0.810_r00,0.81,0
original,62,2,5.086263020833333e-06,S1C_W0.810_r00,0.81,0
original,63,2,5.086263020833333e-06,S1C_W0.810_r00,0.81,0
original,64,0,0.0,S1C_W0.810_r00,0.81,0
original,65,0,0.0,S1C_W0.810_r00,0.81,0
original,66,1,2.5431315104166665e-06,S1C_W0.810_r00,0.81,0
reassigned,0,8138,0.020696004231770832,S1C_W0.810_r00,0.81,0
reassigned,1,13383,0.03403472900390625,S1C_W0.810_r00,0.81,0
reassigned,2,25655,0.06524403889973958,S1C_W0.810_r00,0.81,0
reassigned,3,36758,0.09348042805989583,S1C_W0.810_r00,0.81,0
reassigned,4,42994,0.10933939615885417,S1C_W0.810_r00,0.81,0
reassigned,5,44411,0.11294301350911458,S1C_W0.810_r00,0.81,0
reassigned,6,41743,0.10615793863932292,S1C_W0.810_r00,0.81,0
reassigned,7,36456,0.09271240234375,S1C_W0.810_r00,0.81,0
reassigned,8,30905,0.07859547932942708,S1C_W0.810_r00,0.81,0
reassigned,9,25134,0.0639190673828125,S1C_W0.810_r00,0.81,0
reassigned,10,19726,0.050165812174479164,S1C_W0.810_r00,0.81,0
reassigned,11,15369,0.03908538818359375,S1C_W0.810_r00,0.81,0
reassigned,12,11929,0.030337015787760418,S1C_W0.810_r00,0.81,0
reassigned,13,9319,0.023699442545572918,S1C_W0.810_r00,0.81,0
reassigned,14,7122,0.0181121826171875,S1C_W0.810_r00,0.81,0
reassigned,15,5300,0.013478597005208334,S1C_W0.810_r00,0.81,0
reassigned,16,4057,0.010317484537760416,S1C_W0.810_r00,0.81,0
reassigned,17,3245,0.008252461751302084,S1C_W0.810_r00,0.81,0
reassigned,18,2400,0.006103515625,S1C_W0.810_r00,0.81,0
reassigned,19,1825,0.004641215006510417,S1C_W0.810_r00,0.81,0
reassigned,20,1515,0.00385284423828125,S1C_W0.810_r00,0.81,0
reassigned,21,1178,0.0029958089192708335,S1C_W0.810_r00,0.81,0
reassigned,22,895,0.0022761027018229165,S1C_W0.810_r00,0.81,0
reassigned,23,662,0.0016835530598958333,S1C_W0.810_r00,0.81,0
reassigned,24,575,0.0014623006184895833,S1C_W0.810_r00,0.81,0
reassigned,25,397,0.0010096232096354167,S1C_W0.810_r00,0.81,0
reassigned,26,321,0.00081634521484375,S1C_W0.810_r00,0.81,0
reassigned,27,269,0.0006841023763020834,S1C_W0.810_r00,0.81,0
reassigned,28,217,0.0005518595377604166,S1C_W0.810_r00,0.81,0
reassigned,29,153,0.00038909912109375,S1C_W0.810_r00,0.81,0
reassigned,30,118,0.0003000895182291667,S1C_W0.810_r00,0.81,0
reassigned,31,113,0.0002873738606770833,S1C_W0.810_r00,0.81,0
reassigned,32,67,0.00017038981119791666,S1C_W0.810_r00,0.81,0
reassigned,33,64,0.00016276041666666666,S1C_W0.810_r00,0.81,0
reassigned,34,59,0.00015004475911458334,S1C_W0.810_r00,0.81,0
reassigned,35,34,8.646647135416667e-05,S1C_W0.810_r00,0.81,0
reassigned,36,58,0.00014750162760416666,S1C_W0.810_r00,0.81,0
reassigned,37,37,9.409586588541667e-05,S1C_W0.810_r00,0.81,0
reassigned,38,47,0.00011952718098958333,S1C_W0.810_r00,0.81,0
reassigned,39,34,8.646647135416667e-05,S1C_W0.810_r00,0.81,0
reassigned,40,22,5.5948893229166664e-05,S1C_W0.810_r00,0.81,0
reassigned,41,21,5.340576171875e-05,S1C_W0.810_r00,0.81,0
reassigned,42,20,5.0862630208333336e-05,S1C_W0.810_r00,0.81,0
reassigned,43,20,5.0862630208333336e-05,S1C_W0.810_r00,0.81,0
reassigned,44,17,4.3233235677083336e-05,S1C_W0.810_r00,0.81,0
reassigned,45,22,5.5948893229166664e-05,S1C_W0.810_r00,0.81,0
reassigned,46,20,5.0862630208333336e-05,S1C_W0.810_r00,0.81,0
reassigned,47,14,3.5603841145833336e-05,S1C_W0.810_r00,0.81,0
reassigned,48,20,5.0862630208333336e-05,S1C_W0.810_r00,0.81,0
reassigned,49,7,1.7801920572916668e-05,S1C_W0.810_r00,0.81,0
reassigned,50,10,2.5431315104166668e-05,S1C_W0.810_r00,0.81,0
reassigned,51,14,3.5603841145833336e-05,S1C_W0.810_r00,0.81,0
reassigned,52,4,1.0172526041666666e-05,S1C_W0.810_r00,0.81,0
reassigned,53,11,2.7974446614583332e-05,S1C_W0.810_r00,0.81,0
reassigned,54,14,3.5603841145833336e-05,S1C_W0.810_r00,0.81,0
reassigned,55,9,2.288818359375e-05,S1C_W0.810_r00,0.81,0
reassigned,56,6,1.52587890625e-05,S1C_W0.810_r00,0.81,0
reassigned,57,14,3.5603841145833336e-05,S1C_W0.810_r00,0.81,0
reassigned,58,7,1.7801920572916668e-05,S1C_W0.810_r00,0.81,0
reassigned,59,10,2.5431315104166668e-05,S1C_W0.810_r00,0.81,0
reassigned,60,9,2.288818359375e-05,S1C_W0.810_r00,0.81,0
reassigned,61,5,1.2715657552083334e-05,S1C_W0.810_r00,0.81,0
reassigned,62,6,1.52587890625e-05,S1C_W0.810_r00,0.81,0
reassigned,63,10,2.5431315104166668e-05,S1C_W0.810_r00,0.81,0
reassigned,64,6,1.52587890625e-05,S1C_W0.810_r00,0.81,0
reassigned,65,7,1.7801920572916668e-05,S1C_W0.810_r00,0.81,0
reassigned,66,6,1.52587890625e-05,S1C_W0.810_r00,0.81,0
reassigned,67,7,1.7801920572916668e-05,S1C_W0.810_r00,0.81,0
reassigned,68,13,3.3060709635416664e-05,S1C_W0.810_r00,0.81,0
reassigned,69,3,7.62939453125e-06,S1C_W0.810_r00,0.81,0
reassigned,70,3,7.62939453125e-06,S1C_W0.810_r00,0.81,0
reassigned,71,8,2.0345052083333332e-05,S1C_W0.810_r00,0.81,0
reassigned,72,5,1.2715657552083334e-05,S1C_W0.810_r00,0.81,0
reassigned,73,4,1.0172526041666666e-05,S1C_W0.810_r00,0.81,0
reassigned,74,6,1.52587890625e-05,S1C_W0.810_r00,0.81,0
reassigned,75,4,1.0172526041666666e-05,S1C_W0.810_r00,0.81,0
reassigned,76,3,7.62939453125e-06,S1C_W0.810_r00,0.81,0
reassigned,77,7,1.7801920572916668e-05,S1C_W0.810_r00,0.81,0
reassigned,78,3,7.62939453125e-06,S1C_W0.810_r00,0.81,0
reassigned,79,2,5.086263020833333e-06,S1C_W0.810_r00,0.81,0
reassigned,80,1,2.5431315104166665e-06,S1C_W0.810_r00,0.81,0
reassigned,81,8,2.0345052083333332e-05,S1C_W0.810_r00,0.81,0
reassigned,82,1,2.5431315104166665e-06,S1C_W0.810_r00,0.81,0
reassigned,83,7,1.7801920572916668e-05,S1C_W0.810_r00,0.81,0
reassigned,84,2,5.086263020833333e-06,S1C_W0.810_r00,0.81,0
reassigned,85,8,2.0345052083333332e-05,S1C_W0.810_r00,0.81,0
reassigned,86,1,2.5431315104166665e-06,S1C_W0.810_r00,0.81,0
reassigned,87,4,1.0172526041666666e-05,S1C_W0.810_r00,0.81,0
reassigned,88,4,1.0172526041666666e-05,S1C_W0.810_r00,0.81,0
reassigned,89,4,1.0172526041666666e-05,S1C_W0.810_r00,0.81,0
reassigned,90,1,2.5431315104166665e-06,S1C_W0.810_r00,0.81,0
reassigned,91,4,1.0172526041666666e-05,S1C_W0.810_r00,0.81,0
reassigned,92,7,1.7801920572916668e-05,S1C_W0.810_r00,0.81,0
reassigned,93,4,1.0172526041666666e-05,S1C_W0.810_r00,0.81,0
reassigned,94,2,5.086263020833333e-06,S1C_W0.810_r00,0.81,0
reassigned,95,5,1.2715657552083334e-05,S1C_W0.810_r00,0.81,0
reassigned,96,2,5.086263020833333e-06,S1C_W0.810_r00,0.81,0
reassigned,97,1,2.5431315104166665e-06,S1C_W0.810_r00,0.81,0
reassigned,98,3,7.62939453125e-06,S1C_W0.810_r00,0.81,0
reassigned,99,2,5.086263020833333e-06,S1C_W0.810_r00,0.81,0
reassigned,100,4,1.0172526041666666e-05,S1C_W0.810_r00,0.81,0
reassigned,101,1,2.5431315104166665e-06,S1C_W0.810_r00,0.81,0
reassigned,102,3,7.62939453125e-06,S1C_W0.810_r00,0.81,0
reassigned,103,0,0.0,S1C_W0.810_r00,0.81,0
reassigned,104,5,1.2715657552083334e-05,S1C_W0.810_r00,0.81,0
reassigned,105,1,2.5431315104166665e-06,S1C_W0.810_r00,0.81,0
reassigned,106,0,0.0,S1C_W0.810_r00,0.81,0
reassigned,107,2,5.086263020833333e-06,S1C_W0.810_r00,0.81,0
reassigned,108,1,2.5431315104166665e-06,S1C_W0.810_r00,0.81,0
reassigned,109,1,2.5431315104166665e-06,S1C_W0.810_r00,0.81,0
reassigned,110,3,7.62939453125e-06,S1C_W0.810_r00,0.81,0
reassigned,111,1,2.5431315104166665e-06,S1C_W0.810_r00,0.81,0
reassigned,112,2,5.086263020833333e-06,S1C_W0.810_r00,0.81,0
reassigned,113,1,2.5431315104166665e-06,S1C_W0.810_r00,0.81,0
reassigned,114,1,2.5431315104166665e-06,S1C_W0.810_r00,0.81,0
reassigned,115,1,2.5431315104166665e-06,S1C_W0.810_r00,0.81,0
reassigned,116,1,2.5431315104166665e-06,S1C_W0.810_r00,0.81,0
reassigned,117,1,2.5431315104166665e-06,S1C_W0.810_r00,0.81,0
reassigned,118,2,5.086263020833333e-06,S1C_W0.810_r00,0.81,0
reassigned,119,1,2.5431315104166665e-06,S1C_W0.810_r00,0.81,0
reassigned,120,2,5.086263020833333e-06,S1C_W0.810_r00,0.81,0
reassigned,121,2,5.086263020833333e-06,S1C_W0.810_r00,0.81,0
reassigned,122,0,0.0,S1C_W0.810_r00,0.81,0
reassigned,123,1,2.5431315104166665e-06,S1C_W0.810_r00,0.81,0
reassigned,124,0,0.0,S1C_W0.810_r00,0.81,0
reassigned,125,0,0.0,S1C_W0.810_r00,0.81,0
reassigned,126,1,2.5431315104166665e-06,S1C_W0.810_r00,0.81,0
reassigned,127,0,0.0,S1C_W0.810_r00,0.81,0
reassigned,128,0,0.0,S1C_W0.810_r00,0.81,0
reassigned,129,1,2.5431315104166665e-06,S1C_W0.810_r00,0.81,0
reassigned,130,1,2.5431315104166665e-06,S1C_W0.810_r00,0.81,0
reassigned,131,0,0.0,S1C_W0.810_r00,0.81,0
reassigned,132,0,0.0,S1C_W0.810_r00,0.81,0
reassigned,133,1,2.5431315104166665e-06,S1C_W0.810_r00,0.81,0
reassigned,134,1,2.5431315104166665e-06,S1C_W0.810_r00,0.81,0
reassigned,135,1,2.5431315104166665e-06,S1C_W0.810_r00,0.81,0
reassigned,136,1,2.5431315104166665e-06,S1C_W0.810_r00,0.81,0
reassigned,137,0,0.0,S1C_W0.810_r00,0.81,0
reassigned,138,2,5.086263020833333e-06,S1C_W0.810_r00,0.81,0
reassigned,139,1,2.5431315104166665e-06,S1C_W0.810_r00,0.81,0
reassigned,140,0,0.0,S1C_W0.810_r00,0.81,0
reassigned,141,2,5.086263020833333e-06,S1C_W0.810_r00,0.81,0
reassigned,142,0,0.0,S1C_W0.810_r00,0.81,0
reassigned,143,1,2.5431315104166665e-06,S1C_W0.810_r00,0.81,0
reassigned,144,1,2.5431315104166665e-06,S1C_W0.810_r00,0.81,0
reassigned,145,0,0.0,S1C_W0.810_r00,0.81,0
reassigned,146,0,0.0,S1C_W0.810_r00,0.81,0
reassigned,147,0,0.0,S1C_W0.810_r00,0.81,0
reassigned,148,1,2.5431315104166665e-06,S1C_W0.810_r00,0.81,0
reassigned,149,0,0.0,S1C_W0.810_r00,0.81,0
reassigned,150,0,0.0,S1C_W0.810_r00,0.81,0
reassigned,151,2,5.086263020833333e-06,S1C_W0.810_r00,0.81,0
reassigned,152,1,2.5431315104166665e-06,S1C_W0.810_r00,0.81,0
reassigned,153,1,2.5431315104166665e-06,S1C_W0.810_r00,0.81,0
reassigned,154,1,2.5431315104166665e-06,S1C_W0.810_r00,0.81,0
reassigned,155,0,0.0,S1C_W0.810_r00,0.81,0
reassigned,156,0,0.0,S1C_W0.810_r00,0.81,0
reassigned,157,1,2.5431315104166665e-06,S1C_W0.810_r00,0.81,0
reassigned,158,0,0.0,S1C_W0.810_r00,0.81,0
reassigned,159,0,0.0,S1C_W0.810_r00,0.81,0
reassigned,160,0,0.0,S1C_W0.810_r00,0.81,0
reassigned,161,0,0.0,S1C_W0.810_r00,0.81,0
reassigned,162,0,0.0,S1C_W0.810_r00,0.81,0
reassigned,163,0,0.0,S1C_W0.810_r00,0.81,0
reassigned,164,0,0.0,S1C_W0.810_r00,0.81,0
reassigned,165,0,0.0,S1C_W0.810_r00,0.81,0
reassigned,166,2,5.086263020833333e-06,S1C_W0.810_r00,0.81,0
reassigned,167,0,0.0,S1C_W0.810_r00,0.81,0
reassigned,168,0,0.0,S1C_W0.810_r00,0.81,0
reassigned,169,1,2.5431315104166665e-06,S1C_W0.810_r00,0.81,0
reassigned,170,0,0.0,S1C_W0.810_r00,0.81,0
reassigned,171,0,0.0,S1C_W0.810_r00,0.81,0
reassigned,172,0,0.0,S1C_W0.810_r00,0.81,0
reassigned,173,1,2.5431315104166665e-06,S1C_W0.810_r00,0.81,0
reassigned,174,0,0.0,S1C_W0.810_r00,0.81,0
reassigned,175,0,0.0,S1C_W0.810_r00,0.81,0
reassigned,176,1,2.5431315104166665e-06,S1C_W0.810_r00,0.81,0
reassigned,177,1,2.5431315104166665e-06,S1C_W0.810_r00,0.81,0
original,0,1837,0.004671732584635417,S1C_W0.810_r01,0.81,1
original,1,5197,0.013216654459635416,S1C_W0.810_r01,0.81,1
original,2,12409,0.031557718912760414,S1C_W0.810_r01,0.81,1
original,3,23949,0.06090545654296875,S1C_W0.810_r01,0.81,1
original,4,37818,0.0961761474609375,S1C_W0.810_r01,0.81,1
original,5,48881,0.12431081136067708,S1C_W0.810_r01,0.81,1
original,6,54118,0.13762919108072916,S1C_W0.810_r01,0.81,1
original,7,52504,0.13352457682291666,S1C_W0.810_r01,0.81,1
original,8,46215,0.11753082275390625,S1C_W0.810_r01,0.81,1
original,9,36486,0.0927886962890625,S1C_W0.810_r01,0.81,1
original,10,27039,0.06876373291015625,S1C_W0.810_r01,0.81,1
original,11,18483,0.04700469970703125,S1C_W0.810_r01,0.81,1
original,12,11745,0.02986907958984375,S1C_W0.810_r01,0.81,1
original,13,7101,0.01805877685546875,S1C_W0.810_r01,0.81,1
original,14,3964,0.010080973307291666,S1C_W0.810_r01,0.81,1
original,15,2172,0.005523681640625,S1C_W0.810_r01,0.81,1
original,16,1224,0.00311279296875,S1C_W0.810_r01,0.81,1
original,17,599,0.0015233357747395833,S1C_W0.810_r01,0.81,1
original,18,297,0.00075531005859375,S1C_W0.810_r01,0.81,1
original,19,197,0.0005009969075520834,S1C_W0.810_r01,0.81,1
original,20,104,0.0002644856770833333,S1C_W0.810_r01,0.81,1
original,21,73,0.00018564860026041666,S1C_W0.810_r01,0.81,1
original,22,64,0.00016276041666666666,S1C_W0.810_r01,0.81,1
original,23,49,0.00012461344401041666,S1C_W0.810_r01,0.81,1
original,24,36,9.1552734375e-05,S1C_W0.810_r01,0.81,1
original,25,51,0.00012969970703125,S1C_W0.810_r01,0.81,1
original,26,43,0.00010935465494791667,S1C_W0.810_r01,0.81,1
original,27,25,6.357828776041667e-05,S1C_W0.810_r01,0.81,1
original,28,35,8.900960286458333e-05,S1C_W0.810_r01,0.81,1
original,29,24,6.103515625e-05,S1C_W0.810_r01,0.81,1
original,30,33,8.392333984375e-05,S1C_W0.810_r01,0.81,1
original,31,24,6.103515625e-05,S1C_W0.810_r01,0.81,1
original,32,27,6.866455078125e-05,S1C_W0.810_r01,0.81,1
original,33,25,6.357828776041667e-05,S1C_W0.810_r01,0.81,1
original,34,16,4.0690104166666664e-05,S1C_W0.810_r01,0.81,1
original,35,33,8.392333984375e-05,S1C_W0.810_r01,0.81,1
original,36,25,6.357828776041667e-05,S1C_W0.810_r01,0.81,1
original,37,25,6.357828776041667e-05,S1C_W0.810_r01,0.81,1
original,38,21,5.340576171875e-05,S1C_W0.810_r01,0.81,1
original,39,16,4.0690104166666664e-05,S1C_W0.810_r01,0.81,1
original,40,23,5.8492024739583336e-05,S1C_W0.810_r01,0.81,1
original,41,21,5.340576171875e-05,S1C_W0.810_r01,0.81,1
original,42,27,6.866455078125e-05,S1C_W0.810_r01,0.81,1
original,43,17,4.3233235677083336e-05,S1C_W0.810_r01,0.81,1
original,44,27,6.866455078125e-05,S1C_W0.810_r01,0.81,1
original,45,16,4.0690104166666664e-05,S1C_W0.810_r01,0.81,1
original,46,15,3.814697265625e-05,S1C_W0.810_r01,0.81,1
original,47,22,5.5948893229166664e-05,S1C_W0.810_r01,0.81,1
original,48,7,1.7801920572916668e-05,S1C_W0.810_r01,0.81,1
original,49,7,1.7801920572916668e-05,S1C_W0.810_r01,0.81,1
original,50,7,1.7801920572916668e-05,S1C_W0.810_r01,0.81,1
original,51,8,2.0345052083333332e-05,S1C_W0.810_r01,0.81,1
original,52,6,1.52587890625e-05,S1C_W0.810_r01,0.81,1
original,53,8,2.0345052083333332e-05,S1C_W0.810_r01,0.81,1
original,54,5,1.2715657552083334e-05,S1C_W0.810_r01,0.81,1
original,55,6,1.52587890625e-05,S1C_W0.810_r01,0.81,1
original,56,3,7.62939453125e-06,S1C_W0.810_r01,0.81,1
original,57,2,5.086263020833333e-06,S1C_W0.810_r01,0.81,1
original,58,2,5.086263020833333e-06,S1C_W0.810_r01,0.81,1
original,59,1,2.5431315104166665e-06,S1C_W0.810_r01,0.81,1
original,60,1,2.5431315104166665e-06,S1C_W0.810_r01,0.81,1
original,61,0,0.0,S1C_W0.810_r01,0.81,1
original,62,1,2.5431315104166665e-06,S1C_W0.810_r01,0.81,1
reassigned,0,8775,0.02231597900390625,S1C_W0.810_r01,0.81,1
reassigned,1,13752,0.03497314453125,S1C_W0.810_r01,0.81,1
reassigned,2,26265,0.06679534912109375,S1C_W0.810_r01,0.81,1
reassigned,3,37345,0.09497324625651042,S1C_W0.810_r01,0.81,1
reassigned,4,43373,0.11030324300130208,S1C_W0.810_r01,0.81,1
reassigned,5,44051,0.11202748616536458,S1C_W0.810_r01,0.81,1
reassigned,6,41573,0.10572560628255208,S1C_W0.810_r01,0.81,1
reassigned,7,36196,0.09205118815104167,S1C_W0.810_r01,0.81,1
reassigned,8,29946,0.0761566162109375,S1C_W0.810_r01,0.81,1
reassigned,9,24127,0.061358133951822914,S1C_W0.810_r01,0.81,1
reassigned,10,19019,0.048367818196614586,S1C_W0.810_r01,0.81,1
reassigned,11,14747,0.037503560384114586,S1C_W0.810_r01,0.81,1
reassigned,12,11614,0.029535929361979168,S1C_W0.810_r01,0.81,1
reassigned,13,8776,0.022318522135416668,S1C_W0.810_r01,0.81,1
reassigned,14,7044,0.017913818359375,S1C_W0.810_r01,0.81,1
reassigned,15,5523,0.01404571533203125,S1C_W0.810_r01,0.81,1
reassigned,16,4336,0.011027018229166666,S1C_W0.810_r01,0.81,1
reassigned,17,3327,0.00846099853515625,S1C_W0.810_r01,0.81,1
reassigned,18,2726,0.006932576497395833,S1C_W0.810_r01,0.81,1
reassigned,19,2085,0.00530242919921875,S1C_W0.810_r01,0.81,1
reassigned,20,1642,0.004175821940104167,S1C_W0.810_r01,0.81,1
reassigned,21,1349,0.0034306844075520835,S1C_W0.810_r01,0.81,1
reassigned,22,1048,0.0026652018229166665,S1C_W0.810_r01,0.81,1
reassigned,23,807,0.00205230712890625,S1C_W0.810_r01,0.81,1
reassigned,24,662,0.0016835530598958333,S1C_W0.810_r01,0.81,1
reassigned,25,535,0.0013605753580729167,S1C_W0.810_r01,0.81,1
reassigned,26,456,0.00115966796875,S1C_W0.810_r01,0.81,1
reassigned,27,355,0.0009028116861979166,S1C_W0.810_r01,0.81,1
reassigned,28,284,0.0007222493489583334,S1C_W0.810_r01,0.81,1
reassigned,29,212,0.0005391438802083334,S1C_W0.810_r01,0.81,1
reassigned,30,204,0.000518798828125,S1C_W0.810_r01,0.81,1
reassigned,31,162,0.0004119873046875,S1C_W0.810_r01,0.81,1
reassigned,32,132,0.000335693359375,S1C_W0.810_r01,0.81,1
reassigned,33,101,0.0002568562825520833,S1C_W0.810_r01,0.81,1
reassigned,34,77,0.00019582112630208334,S1C_W0.810_r01,0.81,1
reassigned,35,68,0.00017293294270833334,S1C_W0.810_r01,0.81,1
reassigned,36,48,0.0001220703125,S1C_W0.810_r01,0.81,1
reassigned,37,35,8.900960286458333e-05,S1C_W0.810_r01,0.81,1
reassigned,38,47,0.00011952718098958333,S1C_W0.810_r01,0.81,1
reassigned,39,29,7.375081380208333e-05,S1C_W0.810_r01,0.81,1
reassigned,40,21,5.340576171875e-05,S1C_W0.810_r01,0.81,1
reassigned,41,20,5.0862630208333336e-05,S1C_W0.810_r01,0.81,1
reassigned,42,27,6.866455078125e-05,S1C_W0.810_r01,0.81,1
reassigned,43,15,3.814697265625e-05,S1C_W0.810_r01,0.81,1
reassigned,44,17,4.3233235677083336e-05,S1C_W0.810_r01,0.81,1
reassigned,45,17,4.3233235677083336e-05,S1C_W0.810_r01,0.81,1
reassigned,46,11,2.7974446614583332e-05,S1C_W0.810_r01,0.81,1
reassigned,47,9,2.288818359375e-05,S1C_W0.810_r01,0.81,1
reassigned,48,5,1.2715657552083334e-05,S1C_W0.810_r01,0.81,1
reassigned,49,9,2.288818359375e-05,S1C_W0.810_r01,0.81,1
reassigned,50,9,2.288818359375e-05,S1C_W0.810_r01,0.81,1
reassigned,51,10,2.5431315104166668e-05,S1C_W0.810_r01,0.81,1
reassigned,52,9,2.288818359375e-05,S1C_W0.810_r01,0.81,1
reassigned,53,4,1.0172526041666666e-05,S1C_W0.810_r01,0.81,1
reassigned,54,7,1.7801920572916668e-05,S1C_W0.810_r01,0.81,1
reassigned,55,11,2.7974446614583332e-05,S1C_W0.810_r01,0.81,1
reassigned,56,7,1.7801920572916668e-05,S1C_W0.810_r01,0.81,1
reassigned,57,9,2.288818359375e-05,S1C_W0.810_r01,0.81,1
reassigned,58,9,2.288818359375e-05,S1C_W0.810_r01,0.81,1
reassigned,59,4,1.0172526041666666e-05,S1C_W0.810_r01,0.81,1
reassigned,60,8,2.0345052083333332e-05,S1C_W0.810_r01,0.81,1
reassigned,61,5,1.2715657552083334e-05,S1C_W0.810_r01,0.81,1
reassigned,62,9,2.288818359375e-05,S1C_W0.810_r01,0.81,1
reassigned,63,4,1.0172526041666666e-05,S1C_W0.810_r01,0.81,1
reassigned,64,0,0.0,S1C_W0.810_r01,0.81,1
reassigned,65,2,5.086263020833333e-06,S1C_W0.810_r01,0.81,1
reassigned,66,5,1.2715657552083334e-05,S1C_W0.810_r01,0.81,1
reassigned,67,7,1.7801920572916668e-05,S1C_W0.810_r01,0.81,1
reassigned,68,6,1.52587890625e-05,S1C_W0.810_r01,0.81,1
reassigned,69,6,1.52587890625e-05,S1C_W0.810_r01,0.81,1
reassigned,70,3,7.62939453125e-06,S1C_W0.810_r01,0.81,1
reassigned,71,2,5.086263020833333e-06,S1C_W0.810_r01,0.81,1
reassigned,72,2,5.086263020833333e-06,S1C_W0.810_r01,0.81,1
reassigned,73,3,7.62939453125e-06,S1C_W0.810_r01,0.81,1
reassigned,74,4,1.0172526041666666e-05,S1C_W0.810_r01,0.81,1
reassigned,75,4,1.0172526041666666e-05,S1C_W0.810_r01,0.81,1
reassigned,76,2,5.086263020833333e-06,S1C_W0.810_r01,0.81,1
reassigned,77,1,2.5431315104166665e-06,S1C_W0.810_r01,0.81,1
reassigned,78,3,7.62939453125e-06,S1C_W0.810_r01,0.81,1
reassigned,79,3,7.62939453125e-06,S1C_W0.810_r01,0.81,1
reassigned,80,0,0.0,S1C_W0.810_r01,0.81,1
reassigned,81,0,0.0,S1C_W0.810_r01,0.81,1
reassigned,82,5,1.2715657552083334e-05,S1C_W0.810_r01,0.81,1
reassigned,83,1,2.5431315104166665e-06,S1C_W0.810_r01,0.81,1
reassigned,84,4,1.0172526041666666e-05,S1C_W0.810_r01,0.81,1
reassigned,85,1,2.5431315104166665e-06,S1C_W0.810_r01,0.81,1
reassigned,86,1,2.5431315104166665e-06,S1C_W0.810_r01,0.81,1
reassigned,87,1,2.5431315104166665e-06,S1C_W0.810_r01,0.81,1
reassigned,88,0,0.0,S1C_W0.810_r01,0.81,1
reassigned,89,2,5.086263020833333e-06,S1C_W0.810_r01,0.81,1
reassigned,90,1,2.5431315104166665e-06,S1C_W0.810_r01,0.81,1
reassigned,91,4,1.0172526041666666e-05,S1C_W0.810_r01,0.81,1
reassigned,92,0,0.0,S1C_W0.810_r01,0.81,1
reassigned,93,2,5.086263020833333e-06,S1C_W0.810_r01,0.81,1
reassigned,94,2,5.086263020833333e-06,S1C_W0.810_r01,0.81,1
reassigned,95,1,2.5431315104166665e-06,S1C_W0.810_r01,0.81,1
reassigned,96,0,0.0,S1C_W0.810_r01,0.81,1
reassigned,97,0,0.0,S1C_W0.810_r01,0.81,1
reassigned,98,1,2.5431315104166665e-06,S1C_W0.810_r01,0.81,1
reassigned,99,2,5.086263020833333e-06,S1C_W0.810_r01,0.81,1
reassigned,100,2,5.086263020833333e-06,S1C_W0.810_r01,0.81,1
reassigned,101,1,2.5431315104166665e-06,S1C_W0.810_r01,0.81,1
reassigned,102,1,2.5431315104166665e-06,S1C_W0.810_r01,0.81,1
reassigned,103,2,5.086263020833333e-06,S1C_W0.810_r01,0.81,1
reassigned,104,1,2.5431315104166665e-06,S1C_W0.810_r01,0.81,1
reassigned,105,0,0.0,S1C_W0.810_r01,0.81,1
reassigned,106,1,2.5431315104166665e-06,S1C_W0.810_r01,0.81,1
reassigned,107,2,5.086263020833333e-06,S1C_W0.810_r01,0.81,1
reassigned,108,1,2.5431315104166665e-06,S1C_W0.810_r01,0.81,1
reassigned,109,0,0.0,S1C_W0.810_r01,0.81,1
reassigned,110,1,2.5431315104166665e-06,S1C_W0.810_r01,0.81,1
reassigned,111,0,0.0,S1C_W0.810_r01,0.81,1
reassigned,112,1,2.5431315104166665e-06,S1C_W0.810_r01,0.81,1
reassigned,113,0,0.0,S1C_W0.810_r01,0.81,1
reassigned,114,0,0.0,S1C_W0.810_r01,0.81,1
reassigned,115,1,2.5431315104166665e-06,S1C_W0.810_r01,0.81,1
reassigned,116,0,0.0,S1C_W0.810_r01,0.81,1
reassigned,117,0,0.0,S1C_W0.810_r01,0.81,1
reassigned,118,0,0.0,S1C_W0.810_r01,0.81,1
reassigned,119,0,0.0,S1C_W0.810_r01,0.81,1
reassigned,120,2,5.086263020833333e-06,S1C_W0.810_r01,0.81,1
reassigned,121,0,0.0,S1C_W0.810_r01,0.81,1
reassigned,122,0,0.0,S1C_W0.810_r01,0.81,1
reassigned,123,3,7.62939453125e-06,S1C_W0.810_r01,0.81,1
reassigned,124,0,0.0,S1C_W0.810_r01,0.81,1
reassigned,125,1,2.5431315104166665e-06,S1C_W0.810_r01,0.81,1
reassigned,126,0,0.0,S1C_W0.810_r01,0.81,1
reassigned,127,0,0.0,S1C_W0.810_r01,0.81,1
reassigned,128,0,0.0,S1C_W0.810_r01,0.81,1
reassigned,129,0,0.0,S1C_W0.810_r01,0.81,1
reassigned,130,0,0.0,S1C_W0.810_r01,0.81,1
reassigned,131,0,0.0,S1C_W0.810_r01,0.81,1
reassigned,132,0,0.0,S1C_W0.810_r01,0.81,1
reassigned,133,0,0.0,S1C_W0.810_r01,0.81,1
reassigned,134,0,0.0,S1C_W0.810_r01,0.81,1
reassigned,135,1,2.5431315104166665e-06,S1C_W0.810_r01,0.81,1
reassigned,136,0,0.0,S1C_W0.810_r01,0.81,1
reassigned,137,0,0.0,S1C_W0.810_r01,0.81,1
reassigned,138,0,0.0,S1C_W0.810_r01,0.81,1
reassigned,139,1,2.5431315104166665e-06,S1C_W0.810_r01,0.81,1
reassigned,140,1,2.5431315104166665e-06,S1C_W0.810_r01,0.81,1
reassigned,141,0,0.0,S1C_W0.810_r01,0.81,1
reassigned,142,0,0.0,S1C_W0.810_r01,0.81,1
reassigned,143,0,0.0,S1C_W0.810_r01,0.81,1
reassigned,144,1,2.5431315104166665e-06,S1C_W0.810_r01,0.81,1
reassigned,145,0,0.0,S1C_W0.810_r01,0.81,1
reassigned,146,0,0.0,S1C_W0.810_r01,0.81,1
reassigned,147,0,0.0,S1C_W0.810_r01,0.81,1
reassigned,148,1,2.5431315104166665e-06,S1C_W0.810_r01,0.81,1
reassigned,149,0,0.0,S1C_W0.810_r01,0.81,1
reassigned,150,0,0.0,S1C_W0.810_r01,0.81,1
reassigned,151,1,2.5431315104166665e-06,S1C_W0.810_r01,0.81,1
original,0,1805,0.004590352376302083,S1C_W0.810_r02,0.81,2
original,1,5225,0.013287862141927084,S1C_W0.810_r02,0.81,2
original,2,12405,0.03154754638671875,S1C_W0.810_r02,0.81,2
original,3,23841,0.06063079833984375,S1C_W0.810_r02,0.81,2
original,4,37608,0.09564208984375,S1C_W0.810_r02,0.81,2
original,5,48992,0.12459309895833333,S1C_W0.810_r02,0.81,2
original,6,54360,0.13824462890625,S1C_W0.810_r02,0.81,2
original,7,52960,0.13468424479166666,S1C_W0.810_r02,0.81,2
original,8,46058,0.11713155110677083,S1C_W0.810_r02,0.81,2
original,9,36656,0.09322102864583333,S1C_W0.810_r02,0.81,2
original,10,27019,0.06871287027994792,S1C_W0.810_r02,0.81,2
original,11,18112,0.046061197916666664,S1C_W0.810_r02,0.81,2
original,12,11532,0.029327392578125,S1C_W0.810_r02,0.81,2
original,13,6982,0.017756144205729168,S1C_W0.810_r02,0.81,2
original,14,4079,0.010373433430989584,S1C_W0.810_r02,0.81,2
original,15,2199,0.00559234619140625,S1C_W0.810_r02,0.81,2
original,16,1176,0.00299072265625,S1C_W0.810_r02,0.81,2
original,17,675,0.00171661376953125,S1C_W0.810_r02,0.81,2
original,18,352,0.0008951822916666666,S1C_W0.810_r02,0.81,2
original,19,213,0.00054168701171875,S1C_W0.810_r02,0.81,2
original,20,113,0.0002873738606770833,S1C_W0.810_r02,0.81,2
original,21,68,0.00017293294270833334,S1C_W0.810_r02,0.81,2
original,22,63,0.00016021728515625,S1C_W0.810_r02,0.81,2
original,23,52,0.00013224283854166666,S1C_W0.810_r02,0.81,2
original,24,32,8.138020833333333e-05,S1C_W0.810_r02,0.81,2
original,25,31,7.883707682291667e-05,S1C_W0.810_r02,0.81,2
original,26,25,6.357828776041667e-05,S1C_W0.810_r02,0.81,2
original,27,31,7.883707682291667e-05,S1C_W0.810_r02,0.81,2
original,28,37,9.409586588541667e-05,S1C_W0.810_r02,0.81,2
original,29,33,8.392333984375e-05,S1C_W0.810_r02,0.81,2
original,30,25,6.357828776041667e-05,S1C_W0.810_r02,0.81,2
original,31,29,7.375081380208333e-05,S1C_W0.810_r02,0.81,2
original,32,33,8.392333984375e-05,S1C_W0.810_r02,0.81,2
original,33,26,6.612141927083333e-05,S1C_W0.810_r02,0.81,2
original,34,21,5.340576171875e-05,S1C_W0.810_r02,0.81,2
original,35,17,4.3233235677083336e-05,S1C_W0.810_r02,0.81,2
original,36,23,5.8492024739583336e-05,S1C_W0.810_r02,0.81,2
original,37,23,5.8492024739583336e-05,S1C_W0.810_r02,0.81,2
original,38,21,5.340576171875e-05,S1C_W0.810_r02,0.81,2
original,39,12,3.0517578125e-05,S1C_W0.810_r02,0.81,2
original,40,25,6.357828776041667e-05,S1C_W0.810_r02,0.81,2
original,41,20,5.0862630208333336e-05,S1C_W0.810_r02,0.81,2
original,42,21,5.340576171875e-05,S1C_W0.810_r02,0.81,2
original,43,28,7.120768229166667e-05,S1C_W0.810_r02,0.81,2
original,44,22,5.5948893229166664e-05,S1C_W0.810_r02,0.81,2
original,45,18,4.57763671875e-05,S1C_W0.810_r02,0.81,2
original,46,10,2.5431315104166668e-05,S1C_W0.810_r02,0.81,2
original,47,12,3.0517578125e-05,S1C_W0.810_r02,0.81,2
original,48,5,1.2715657552083334e-05,S1C_W0.810_r02,0.81,2
original,49,5,1.2715657552083334e-05,S1C_W0.810_r02,0.81,2
original,50,12,3.0517578125e-05,S1C_W0.810_r02,0.81,2
original,51,13,3.3060709635416664e-05,S1C_W0.810_r02,0.81,2
original,52,11,2.7974446614583332e-05,S1C_W0.810_r02,0.81,2
original,53,15,3.814697265625e-05,S1C_W0.810_r02,0.81,2
original,54,3,7.62939453125e-06,S1C_W0.810_r02,0.81,2
original,55,6,1.52587890625e-05,S1C_W0.810_r02,0.81,2
original,56,4,1.0172526041666666e-05,S1C_W0.810_r02,0.81,2
original,57,5,1.2715657552083334e-05,S1C_W0.810_r02,0.81,2
original,58,3,7.62939453125e-06,S1C_W0.810_r02,0.81,2
original,59,3,7.62939453125e-06,S1C_W0.810_r02,0.81,2
original,60,2,5.086263020833333e-06,S1C_W0.810_r02,0.81,2
original,61,3,7.62939453125e-06,S1C_W0.810_r02,0.81,2
original,62,2,5.086263020833333e-06,S1C_W0.810_r02,0.81,2
original,63,0,0.0,S1C_W0.810_r02,0.81,2
original,64,0,0.0,S1C_W0.810_r02,0.81,2
original,65,2,5.086263020833333e-06,S1C_W0.810_r02,0.81,2
original,66,0,0.0,S1C_W0.810_r02,0.81,2
original,67,1,2.5431315104166665e-06,S1C_W0.810_r02,0.81,2
original,68,1,2.5431315104166665e-06,S1C_W0.810_r02,0.81,2
reassigned,0,8130,0.0206756591796875,S1C_W0.810_r02,0.81,2
reassigned,1,13363,0.033983866373697914,S1C_W0.810_r02,0.81,2
reassigned,2,25599,0.06510162353515625,S1C_W0.810_r02,0.81,2
reassigned,3,36407,0.09258778889973958,S1C_W0.810_r02,0.81,2
reassigned,4,43252,0.10999552408854167,S1C_W0.810_r02,0.81,2
reassigned,5,44864,0.11409505208333333,S1C_W0.810_r02,0.81,2
reassigned,6,41488,0.10550944010416667,S1C_W0.810_r02,0.81,2
reassigned,7,36443,0.09267934163411458,S1C_W0.810_r02,0.81,2
reassigned,8,30626,0.07788594563802083,S1C_W0.810_r02,0.81,2
reassigned,9,24938,0.06342061360677083,S1C_W0.810_r02,0.81,2
reassigned,10,19993,0.050844828287760414,S1C_W0.810_r02,0.81,2
reassigned,11,15253,0.038790384928385414,S1C_W0.810_r02,0.81,2
reassigned,12,11950,0.030390421549479168,S1C_W0.810_r02,0.81,2
reassigned,13,8989,0.022860209147135418,S1C_W0.810_r02,0.81,2
reassigned,14,6968,0.017720540364583332,S1C_W0.810_r02,0.81,2
reassigned,15,5278,0.013422648111979166,S1C_W0.810_r02,0.81,2
reassigned,16,4031,0.010251363118489584,S1C_W0.810_r02,0.81,2
reassigned,17,3170,0.008061726888020834,S1C_W0.810_r02,0.81,2
reassigned,18,2481,0.00630950927734375,S1C_W0.810_r02,0.81,2
reassigned,19,1988,0.005055745442708333,S1C_W0.810_r02,0.81,2
reassigned,20,1477,0.0037562052408854165,S1C_W0.810_r02,0.81,2
reassigned,21,1161,0.00295257568359375,S1C_W0.810_r02,0.81,2
reassigned,22,942,0.0023956298828125,S1C_W0.810_r02,0.81,2
reassigned,23,764,0.0019429524739583333,S1C_W0.810_r02,0.81,2
reassigned,24,637,0.0016199747721354167,S1C_W0.810_r02,0.81,2
reassigned,25,512,0.0013020833333333333,S1C_W0.810_r02,0.81,2
reassigned,26,415,0.0010553995768229167,S1C_W0.810_r02,0.81,2
reassigned,27,341,0.0008672078450520834,S1C_W0.810_r02,0.81,2
reassigned,28,304,0.0007731119791666666,S1C_W0.810_r02,0.81,2
reassigned,29,227,0.0005772908528645834,S1C_W0.810_r02,0.81,2
reassigned,30,189,0.00048065185546875,S1C_W0.810_r02,0.81,2
reassigned,31,140,0.0003560384114583333,S1C_W0.810_r02,0.81,2
reassigned,32,129,0.00032806396484375,S1C_W0.810_r02,0.81,2
reassigned,33,114,0.0002899169921875,S1C_W0.810_r02,0.81,2
reassigned,34,81,0.00020599365234375,S1C_W0.810_r02,0.81,2
reassigned,35,74,0.00018819173177083334,S1C_W0.810_r02,0.81,2
reassigned,36,55,0.00013987223307291666,S1C_W0.810_r02,0.81,2
reassigned,37,54,0.0001373291015625,S1C_W0.810_r02,0.81,2
reassigned,38,40,0.00010172526041666667,S1C_W0.810_r02,0.81,2
reassigned,39,41,0.00010426839192708333,S1C_W0.810_r02,0.81,2
reassigned,40,30,7.62939453125e-05,S1C_W0.810_r02,0.81,2
reassigned,41,27,6.866455078125e-05,S1C_W0.810_r02,0.81,2
reassigned,42,16,4.0690104166666664e-05,S1C_W0.810_r02,0.81,2
reassigned,43,21,5.340576171875e-05,S1C_W0.810_r02,0.81,2
reassigned,44,14,3.5603841145833336e-05,S1C_W0.810_r02,0.81,2
reassigned,45,21,5.340576171875e-05,S1C_W0.810_r02,0.81,2
reassigned,46,22,5.5948893229166664e-05,S1C_W0.810_r02,0.81,2
reassigned,47,12,3.0517578125e-05,S1C_W0.810_r02,0.81,2
reassigned,48,14,3.5603841145833336e-05,S1C_W0.810_r02,0.81,2
reassigned,49,15,3.814697265625e-05,S1C_W0.810_r02,0.81,2
reassigned,50,8,2.0345052083333332e-05,S1C_W0.810_r02,0.81,2
reassigned,51,4,1.0172526041666666e-05,S1C_W0.810_r02,0.81,2
reassigned,52,8,2.0345052083333332e-05,S1C_W0.810_r02,0.81,2
reassigned,53,12,3.0517578125e-05,S1C_W0.810_r02,0.81,2
reassigned,54,7,1.7801920572916668e-05,S1C_W0.810_r02,0.81,2
reassigned,55,2,5.086263020833333e-06,S1C_W0.810_r02,0.81,2
reassigned,56,4,1.0172526041666666e-05,S1C_W0.810_r02,0.81,2
reassigned,57,3,7.62939453125e-06,S1C_W0.810_r02,0.81,2
reassigned,58,4,1.0172526041666666e-05,S1C_W0.810_r02,0.81,2
reassigned,59,5,1.2715657552083334e-05,S1C_W0.810_r02,0.81,2
reassigned,60,3,7.62939453125e-06,S1C_W0.810_r02,0.81,2
reassigned,61,1,2.5431315104166665e-06,S1C_W0.810_r02,0.81,2
reassigned,62,1,2.5431315104166665e-06,S1C_W0.810_r02,0.81,2
reassigned,63,0,0.0,S1C_W0.810_r02,0.81,2
reassigned,64,1,2.5431315104166665e-06,S1C_W0.810_r02,0.81,2
reassigned,65,1,2.5431315104166665e-06,S1C_W0.810_r02,0.81,2
reassigned,66,0,0.0,S1C_W0.810_r02,0.81,2
reassigned,67,0,0.0,S1C_W0.810_r02,0.81,2
reassigned,68,1,2.5431315104166665e-06,S1C_W0.810_r02,0.81,2
reassigned,69,2,5.086263020833333e-06,S1C_W0.810_r02,0.81,2
reassigned,70,5,1.2715657552083334e-05,S1C_W0.810_r02,0.81,2
reassigned,71,1,2.5431315104166665e-06,S1C_W0.810_r02,0.81,2
reassigned,72,2,5.086263020833333e-06,S1C_W0.810_r02,0.81,2
reassigned,73,1,2.5431315104166665e-06,S1C_W0.810_r02,0.81,2
reassigned,74,0,0.0,S1C_W0.810_r02,0.81,2
reassigned,75,2,5.086263020833333e-06,S1C_W0.810_r02,0.81,2
reassigned,76,3,7.62939453125e-06,S1C_W0.810_r02,0.81,2
reassigned,77,1,2.5431315104166665e-06,S1C_W0.810_r02,0.81,2
reassigned,78,2,5.086263020833333e-06,S1C_W0.810_r02,0.81,2
reassigned,79,1,2.5431315104166665e-06,S1C_W0.810_r02,0.81,2
reassigned,80,1,2.5431315104166665e-06,S1C_W0.810_r02,0.81,2
reassigned,81,2,5.086263020833333e-06,S1C_W0.810_r02,0.81,2
reassigned,82,1,2.5431315104166665e-06,S1C_W0.810_r02,0.81,2
reassigned,83,0,0.0,S1C_W0.810_r02,0.81,2
reassigned,84,0,0.0,S1C_W0.810_r02,0.81,2
reassigned,85,1,2.5431315104166665e-06,S1C_W0.810_r02,0.81,2
reassigned,86,1,2.5431315104166665e-06,S1C_W0.810_r02,0.81,2
reassigned,87,0,0.0,S1C_W0.810_r02,0.81,2
reassigned,88,2,5.086263020833333e-06,S1C_W0.810_r02,0.81,2
reassigned,89,1,2.5431315104166665e-06,S1C_W0.810_r02,0.81,2
reassigned,90,0,0.0,S1C_W0.810_r02,0.81,2
reassigned,91,0,0.0,S1C_W0.810_r02,0.81,2
reassigned,92,0,0.0,S1C_W0.810_r02,0.81,2
reassigned,93,1,2.5431315104166665e-06,S1C_W0.810_r02,0.81,2
reassigned,94,0,0.0,S1C_W0.810_r02,0.81,2
reassigned,95,3,7.62939453125e-06,S1C_W0.810_r02,0.81,2
reassigned,96,2,5.086263020833333e-06,S1C_W0.810_r02,0.81,2
reassigned,97,0,0.0,S1C_W0.810_r02,0.81,2
reassigned,98,2,5.086263020833333e-06,S1C_W0.810_r02,0.81,2
reassigned,99,0,0.0,S1C_W0.810_r02,0.81,2
reassigned,100,0,0.0,S1C_W0.810_r02,0.81,2
reassigned,101,0,0.0,S1C_W0.810_r02,0.81,2
reassigned,102,1,2.5431315104166665e-06,S1C_W0.810_r02,0.81,2
reassigned,103,0,0.0,S1C_W0.810_r02,0.81,2
reassigned,104,1,2.5431315104166665e-06,S1C_W0.810_r02,0.81,2
reassigned,105,0,0.0,S1C_W0.810_r02,0.81,2
reassigned,106,0,0.0,S1C_W0.810_r02,0.81,2
reassigned,107,0,0.0,S1C_W0.810_r02,0.81,2
reassigned,108,1,2.5431315104166665e-06,S1C_W0.810_r02,0.81,2
reassigned,109,0,0.0,S1C_W0.810_r02,0.81,2
reassigned,110,2,5.086263020833333e-06,S1C_W0.810_r02,0.81,2
reassigned,111,0,0.0,S1C_W0.810_r02,0.81,2
reassigned,112,1,2.5431315104166665e-06,S1C_W0.810_r02,0.81,2
reassigned,113,0,0.0,S1C_W0.810_r02,0.81,2
reassigned,114,0,0.0,S1C_W0.810_r02,0.81,2
reassigned,115,0,0.0,S1C_W0.810_r02,0.81,2
reassigned,116,1,2.5431315104166665e-06,S1C_W0.810_r02,0.81,2
reassigned,117,0,0.0,S1C_W0.810_r02,0.81,2
reassigned,118,0,0.0,S1C_W0.810_r02,0.81,2
reassigned,119,1,2.5431315104166665e-06,S1C_W0.810_r02,0.81,2
reassigned,120,0,0.0,S1C_W0.810_r02,0.81,2
reassigned,121,0,0.0,S1C_W0.810_r02,0.81,2
reassigned,122,0,0.0,S1C_W0.810_r02,0.81,2
reassigned,123,0,0.0,S1C_W0.810_r02,0.81,2
reassigned,124,1,2.5431315104166665e-06,S1C_W0.810_r02,0.81,2
reassigned,125,0,0.0,S1C_W0.810_r02,0.81,2
reassigned,126,0,0.0,S1C_W0.810_r02,0.81,2
reassigned,127,1,2.5431315104166665e-06,S1C_W0.810_r02,0.81,2
reassigned,128,0,0.0,S1C_W0.810_r02,0.81,2
reassigned,129,0,0.0,S1C_W0.810_r02,0.81,2
reassigned,130,0,0.0,S1C_W0.810_r02,0.81,2
reassigned,131,0,0.0,S1C_W0.810_r02,0.81,2
reassigned,132,0,0.0,S1C_W0.810_r02,0.81,2
reassigned,133,0,0.0,S1C_W0.810_r02,0.81,2
reassigned,134,1,2.5431315104166665e-06,S1C_W0.810_r02,0.81,2
reassigned,135,0,0.0,S1C_W0.810_r02,0.81,2
reassigned,136,0,0.0,S1C_W0.810_r02,0.81,2
reassigned,137,0,0.0,S1C_W0.810_r02,0.81,2
reassigned,138,0,0.0,S1C_W0.810_r02,0.81,2
reassigned,139,0,0.0,S1C_W0.810_r02,0.81,2
reassigned,140,1,2.5431315104166665e-06,S1C_W0.810_r02,0.81,2
reassigned,141,1,2.5431315104166665e-06,S1C_W0.810_r02,0.81,2
reassigned,142,0,0.0,S1C_W0.810_r02,0.81,2
reassigned,143,0,0.0,S1C_W0.810_r02,0.81,2
reassigned,144,0,0.0,S1C_W0.810_r02,0.81,2
reassigned,145,0,0.0,S1C_W0.810_r02,0.81,2
reassigned,146,1,2.5431315104166665e-06,S1C_W0.810_r02,0.81,2
original,0,1934,0.004918416341145833,S1C_W0.810_r03,0.81,3
original,1,5267,0.013394673665364584,S1C_W0.810_r03,0.81,3
original,2,12446,0.031651814778645836,S1C_W0.810_r03,0.81,3
original,3,23948,0.060902913411458336,S1C_W0.810_r03,0.81,3
original,4,37566,0.0955352783203125,S1C_W0.810_r03,0.81,3
original,5,48687,0.12381744384765625,S1C_W0.810_r03,0.81,3
original,6,54409,0.1383692423502604,S1C_W0.810_r03,0.81,3
original,7,52476,0.133453369140625,S1C_W0.810_r03,0.81,3
original,8,46270,0.11767069498697917,S1C_W0.810_r03,0.81,3
original,9,36582,0.0930328369140625,S1C_W0.810_r03,0.81,3
original,10,26935,0.06849924723307292,S1C_W0.810_r03,0.81,3
original,11,18528,0.047119140625,S1C_W0.810_r03,0.81,3
original,12,11650,0.029627482096354168,S1C_W0.810_r03,0.81,3
original,13,7001,0.017804463704427082,S1C_W0.810_r03,0.81,3
original,14,3998,0.010167439778645834,S1C_W0.810_r03,0.81,3
original,15,2139,0.00543975830078125,S1C_W0.810_r03,0.81,3
original,16,1198,0.0030466715494791665,S1C_W0.810_r03,0.81,3
original,17,630,0.0016021728515625,S1C_W0.810_r03,0.81,3
original,18,354,0.0009002685546875,S1C_W0.810_r03,0.81,3
original,19,179,0.0004552205403645833,S1C_W0.810_r03,0.81,3
original,20,115,0.0002924601236979167,S1C_W0.810_r03,0.81,3
original,21,76,0.00019327799479166666,S1C_W0.810_r03,0.81,3
original,22,75,0.00019073486328125,S1C_W0.810_r03,0.81,3
original,23,59,0.00015004475911458334,S1C_W0.810_r03,0.81,3
original,24,45,0.00011444091796875,S1C_W0.810_r03,0.81,3
original,25,42,0.0001068115234375,S1C_W0.810_r03,0.81,3
original,26,31,7.883707682291667e-05,S1C_W0.810_r03,0.81,3
original,27,36,9.1552734375e-05,S1C_W0.810_r03,0.81,3
original,28,31,7.883707682291667e-05,S1C_W0.810_r03,0.81,3
original,29,25,6.357828776041667e-05,S1C_W0.810_r03,0.81,3
original,30,24,6.103515625e-05,S1C_W0.810_r03,0.81,3
original,31,23,5.8492024739583336e-05,S1C_W0.810_r03,0.81,3
original,32,32,8.138020833333333e-05,S1C_W0.810_r03,0.81,3
original,33,27,6.866455078125e-05,S1C_W0.810_r03,0.81,3
original,34,26,6.612141927083333e-05,S1C_W0.810_r03,0.81,3
original,35,26,6.612141927083333e-05,S1C_W0.810_r03,0.81,3
original,36,24,6.103515625e-05,S1C_W0.810_r03,0.81,3
original,37,27,6.866455078125e-05,S1C_W0.810_r03,0.81,3
original,38,22,5.5948893229166664e-05,S1C_W0.810_r03,0.81,3
original,39,15,3.814697265625e-05,S1C_W0.810_r03,0.81,3
original,40,27,6.866455078125e-05,S1C_W0.810_r03,0.81,3
original,41,24,6.103515625e-05,S1C_W0.810_r03,0.81,3
original,42,22,5.5948893229166664e-05,S1C_W0.810_r03,0.81,3
original,43,14,3.5603841145833336e-05,S1C_W0.810_r03,0.81,3
original,44,19,4.8319498697916664e-05,S1C_W0.810_r03,0.81,3
original,45,12,3.0517578125e-05,S1C_W0.810_r03,0.81,3
original,46,13,3.3060709635416664e-05,S1C_W0.810_r03,0.81,3
original,47,12,3.0517578125e-05,S1C_W0.810_r03,0.81,3
original,48,17,4.3233235677083336e-05,S1C_W0.810_r03,0.81,3
original,49,10,2.5431315104166668e-05,S1C_W0.810_r03,0.81,3
original,50,13,3.3060709635416664e-05,S1C_W0.810_r03,0.81,3
original,51,17,4.3233235677083336e-05,S1C_W0.810_r03,0.81,3
original,52,3,7.62939453125e-06,S1C_W0.810_r03,0.81,3
original,53,2,5.086263020833333e-06,S1C_W0.810_r03,0.81,3
original,54,7,1.7801920572916668e-05,S1C_W0.810_r03,0.81,3
original,55,5,1.2715657552083334e-05,S1C_W0.810_r03,0.81,3
original,56,6,1.52587890625e-05,S1C_W0.810_r03,0.81,3
original,57,1,2.5431315104166665e-06,S1C_W0.810_r03,0.81,3
original,58,3,7.62939453125e-06,S1C_W0.810_r03,0.81,3
original,59,2,5.086263020833333e-06,S1C_W0.810_r03,0.81,3
original,60,1,2.5431315104166665e-06,S1C_W0.810_r03,0.81,3
original,61,4,1.0172526041666666e-05,S1C_W0.810_r03,0.81,3
original,62,0,0.0,S1C_W0.810_r03,0.81,3
original,63,0,0.0,S1C_W0.810_r03,0.81,3
original,64,1,2.5431315104166665e-06,S1C_W0.810_r03,0.81,3
original,65,1,2.5431315104166665e-06,S1C_W0.810_r03,0.81,3
original,66,1,2.5431315104166665e-06,S1C_W0.810_r03,0.81,3
original,67,1,2.5431315104166665e-06,S1C_W0.810_r03,0.81,3
reassigned,0,7972,0.020273844401041668,S1C_W0.810_r03,0.81,3
reassigned,1,13262,0.033727010091145836,S1C_W0.810_r03,0.81,3
reassigned,2,24898,0.06331888834635417,S1C_W0.810_r03,0.81,3
reassigned,3,36064,0.09171549479166667,S1C_W0.810_r03,0.81,3
reassigned,4,42652,0.10846964518229167,S1C_W0.810_r03,0.81,3
reassigned,5,44372,0.11284383138020833,S1C_W0.810_r03,0.81,3
reassigned,6,42028,0.10688273111979167,S1C_W0.810_r03,0.81,3
reassigned,7,37577,0.09556325276692708,S1C_W0.810_r03,0.81,3
reassigned,8,31506,0.0801239013671875,S1C_W0.810_r03,0.81,3
reassigned,9,25123,0.06389109293619792,S1C_W0.810_r03,0.81,3
reassigned,10,20480,0.052083333333333336,S1C_W0.810_r03,0.81,3
reassigned,11,15740,0.040028889973958336,S1C_W0.810_r03,0.81,3
reassigned,12,12041,0.030621846516927082,S1C_W0.810_r03,0.81,3
reassigned,13,8994,0.0228729248046875,S1C_W0.810_r03,0.81,3
reassigned,14,6846,0.0174102783203125,S1C_W0.810_r03,0.81,3
reassigned,15,5358,0.0136260986328125,S1C_W0.810_r03,0.81,3
reassigned,16,3985,0.010134379069010416,S1C_W0.810_r03,0.81,3
reassigned,17,2999,0.007626851399739583,S1C_W0.810_r03,0.81,3
reassigned,18,2341,0.005953470865885417,S1C_W0.810_r03,0.81,3
reassigned,19,1755,0.00446319580078125,S1C_W0.810_r03,0.81,3
reassigned,20,1452,0.003692626953125,S1C_W0.810_r03,0.81,3
reassigned,21,1096,0.0027872721354166665,S1C_W0.810_r03,0.81,3
reassigned,22,842,0.0021413167317708335,S1C_W0.810_r03,0.81,3
reassigned,23,638,0.0016225179036458333,S1C_W0.810_r03,0.81,3
reassigned,24,515,0.0013097127278645833,S1C_W0.810_r03,0.81,3
reassigned,25,423,0.00107574462890625,S1C_W0.810_r03,0.81,3
reassigned,26,333,0.00084686279296875,S1C_W0.810_r03,0.81,3
reassigned,27,254,0.0006459554036458334,S1C_W0.810_r03,0.81,3
reassigned,28,219,0.00055694580078125,S1C_W0.810_r03,0.81,3
reassigned,29,176,0.0004475911458333333,S1C_W0.810_r03,0.81,3
reassigned,30,143,0.0003636678059895833,S1C_W0.810_r03,0.81,3
reassigned,31,124,0.0003153483072916667,S1C_W0.810_r03,0.81,3
reassigned,32,102,0.0002593994140625,S1C_W0.810_r03,0.81,3
reassigned,33,103,0.0002619425455729167,S1C_W0.810_r03,0.81,3
reassigned,34,78,0.0001983642578125,S1C_W0.810_r03,0.81,3
reassigned,35,83,0.00021107991536458334,S1C_W0.810_r03,0.81,3
reassigned,36,55,0.00013987223307291666,S1C_W0.810_r03,0.81,3
reassigned,37,46,0.00011698404947916667,S1C_W0.810_r03,0.81,3
reassigned,38,53,0.00013478597005208334,S1C_W0.810_r03,0.81,3
reassigned,39,35,8.900960286458333e-05,S1C_W0.810_r03,0.81,3
reassigned,40,26,6.612141927083333e-05,S1C_W0.810_r03,0.81,3
reassigned,41,29,7.375081380208333e-05,S1C_W0.810_r03,0.81,3
reassigned,42,26,6.612141927083333e-05,S1C_W0.810_r03,0.81,3
reassigned,43,20,5.0862630208333336e-05,S1C_W0.810_r03,0.81,3
reassigned,44,21,5.340576171875e-05,S1C_W0.810_r03,0.81,3
reassigned,45,16,4.0690104166666664e-05,S1C_W0.810_r03,0.81,3
reassigned,46,15,3.814697265625e-05,S1C_W0.810_r03,0.81,3
reassigned,47,16,4.0690104166666664e-05,S1C_W0.810_r03,0.81,3
reassigned,48,17,4.3233235677083336e-05,S1C_W0.810_r03,0.81,3
reassigned,49,8,2.0345052083333332e-05,S1C_W0.810_r03,0.81,3
reassigned,50,14,3.5603841145833336e-05,S1C_W0.810_r03,0.81,3
reassigned,51,10,2.5431315104166668e-05,S1C_W0.810_r03,0.81,3
reassigned,52,9,2.288818359375e-05,S1C_W0.810_r03,0.81,3
reassigned,53,10,2.5431315104166668e-05,S1C_W0.810_r03,0.81,3
reassigned,54,11,2.7974446614583332e-05,S1C_W0.810_r03,0.81,3
reassigned,55,7,1.7801920572916668e-05,S1C_W0.810_r03,0.81,3
reassigned,56,9,2.288818359375e-05,S1C_W0.810_r03,0.81,3
reassigned,57,10,2.5431315104166668e-05,S1C_W0.810_r03,0.81,3
reassigned,58,3,7.62939453125e-06,S1C_W0.810_r03,0.81,3
reassigned,59,5,1.2715657552083334e-05,S1C_W0.810_r03,0.81,3
reassigned,60,10,2.5431315104166668e-05,S1C_W0.810_r03,0.81,3
reassigned,61,6,1.52587890625e-05,S1C_W0.810_r03,0.81,3
reassigned,62,4,1.0172526041666666e-05,S1C_W0.810_r03,0.81,3
reassigned,63,7,1.7801920572916668e-05,S1C_W0.810_r03,0.81,3
reassigned,64,11,2.7974446614583332e-05,S1C_W0.810_r03,0.81,3
reassigned,65,8,2.0345052083333332e-05,S1C_W0.810_r03,0.81,3
reassigned,66,6,1.52587890625e-05,S1C_W0.810_r03,0.81,3
reassigned,67,6,1.52587890625e-05,S1C_W0.810_r03,0.81,3
reassigned,68,7,1.7801920572916668e-05,S1C_W0.810_r03,0.81,3
reassigned,69,6,1.52587890625e-05,S1C_W0.810_r03,0.81,3
reassigned,70,3,7.62939453125e-06,S1C_W0.810_r03,0.81,3
reassigned,71,3,7.62939453125e-06,S1C_W0.810_r03,0.81,3
reassigned,72,1,2.5431315104166665e-06,S1C_W0.810_r03,0.81,3
reassigned,73,3,7.62939453125e-06,S1C_W0.810_r03,0.81,3
reassigned,74,5,1.2715657552083334e-05,S1C_W0.810_r03,0.81,3
reassigned,75,4,1.0172526041666666e-05,S1C_W0.810_r03,0.81,3
reassigned,76,4,1.0172526041666666e-05,S1C_W0.810_r03,0.81,3
reassigned,77,3,7.62939453125e-06,S1C_W0.810_r03,0.81,3
reassigned,78,4,1.0172526041666666e-05,S1C_W0.810_r03,0.81,3
reassigned,79,3,7.62939453125e-06,S1C_W0.810_r03,0.81,3
reassigned,80,3,7.62939453125e-06,S1C_W0.810_r03,0.81,3
reassigned,81,1,2.5431315104166665e-06,S1C_W0.810_r03,0.81,3
reassigned,82,7,1.7801920572916668e-05,S1C_W0.810_r03,0.81,3
reassigned,83,1,2.5431315104166665e-06,S1C_W0.810_r03,0.81,3
reassigned,84,2,5.086263020833333e-06,S1C_W0.810_r03,0.81,3
reassigned,85,1,2.5431315104166665e-06,S1C_W0.810_r03,0.81,3
reassigned,86,3,7.62939453125e-06,S1C_W0.810_r03,0.81,3
reassigned,87,0,0.0,S1C_W0.810_r03,0.81,3
reassigned,88,2,5.086263020833333e-06,S1C_W0.810_r03,0.81,3
reassigned,89,1,2.5431315104166665e-06,S1C_W0.810_r03,0.81,3
reassigned,90,1,2.5431315104166665e-06,S1C_W0.810_r03,0.81,3
reassigned,91,0,0.0,S1C_W0.810_r03,0.81,3
reassigned,92,0,0.0,S1C_W0.810_r03,0.81,3
reassigned,93,2,5.086263020833333e-06,S1C_W0.810_r03,0.81,3
reassigned,94,2,5.086263020833333e-06,S1C_W0.810_r03,0.81,3
reassigned,95,2,5.086263020833333e-06,S1C_W0.810_r03,0.81,3
reassigned,96,1,2.5431315104166665e-06,S1C_W0.810_r03,0.81,3
reassigned,97,1,2.5431315104166665e-06,S1C_W0.810_r03,0.81,3
reassigned,98,1,2.5431315104166665e-06,S1C_W0.810_r03,0.81,3
reassigned,99,1,2.5431315104166665e-06,S1C_W0.810_r03,0.81,3
reassigned,100,0,0.0,S1C_W0.810_r03,0.81,3
reassigned,101,2,5.086263020833333e-06,S1C_W0.810_r03,0.81,3
reassigned,102,1,2.5431315104166665e-06,S1C_W0.810_r03,0.81,3
reassigned,103,2,5.086263020833333e-06,S1C_W0.810_r03,0.81,3
reassigned,104,1,2.5431315104166665e-06,S1C_W0.810_r03,0.81,3
reassigned,105,2,5.086263020833333e-06,S1C_W0.810_r03,0.81,3
reassigned,106,1,2.5431315104166665e-06,S1C_W0.810_r03,0.81,3
reassigned,107,2,5.086263020833333e-06,S1C_W0.810_r03,0.81,3
reassigned,108,0,0.0,S1C_W0.810_r03,0.81,3
reassigned,109,1,2.5431315104166665e-06,S1C_W0.810_r03,0.81,3
reassigned,110,2,5.086263020833333e-06,S1C_W0.810_r03,0.81,3
reassigned,111,1,2.5431315104166665e-06,S1C_W0.810_r03,0.81,3
reassigned,112,0,0.0,S1C_W0.810_r03,0.81,3
reassigned,113,0,0.0,S1C_W0.810_r03,0.81,3
reassigned,114,1,2.5431315104166665e-06,S1C_W0.810_r03,0.81,3
reassigned,115,1,2.5431315104166665e-06,S1C_W0.810_r03,0.81,3
reassigned,116,0,0.0,S1C_W0.810_r03,0.81,3
reassigned,117,2,5.086263020833333e-06,S1C_W0.810_r03,0.81,3
reassigned,118,0,0.0,S1C_W0.810_r03,0.81,3
reassigned,119,2,5.086263020833333e-06,S1C_W0.810_r03,0.81,3
reassigned,120,1,2.5431315104166665e-06,S1C_W0.810_r03,0.81,3
reassigned,121,0,0.0,S1C_W0.810_r03,0.81,3
reassigned,122,0,0.0,S1C_W0.810_r03,0.81,3
reassigned,123,0,0.0,S1C_W0.810_r03,0.81,3
reassigned,124,2,5.086263020833333e-06,S1C_W0.810_r03,0.81,3
reassigned,125,0,0.0,S1C_W0.810_r03,0.81,3
reassigned,126,0,0.0,S1C_W0.810_r03,0.81,3
reassigned,127,1,2.5431315104166665e-06,S1C_W0.810_r03,0.81,3
reassigned,128,1,2.5431315104166665e-06,S1C_W0.810_r03,0.81,3
reassigned,129,1,2.5431315104166665e-06,S1C_W0.810_r03,0.81,3
reassigned,130,0,0.0,S1C_W0.810_r03,0.81,3
reassigned,131,0,0.0,S1C_W0.810_r03,0.81,3
reassigned,132,0,0.0,S1C_W0.810_r03,0.81,3
reassigned,133,0,0.0,S1C_W0.810_r03,0.81,3
reassigned,134,0,0.0,S1C_W0.810_r03,0.81,3
reassigned,135,0,0.0,S1C_W0.810_r03,0.81,3
reassigned,136,1,2.5431315104166665e-06,S1C_W0.810_r03,0.81,3
reassigned,137,0,0.0,S1C_W0.810_r03,0.81,3
reassigned,138,0,0.0,S1C_W0.810_r03,0.81,3
reassigned,139,1,2.5431315104166665e-06,S1C_W0.810_r03,0.81,3
reassigned,140,0,0.0,S1C_W0.810_r03,0.81,3
reassigned,141,0,0.0,S1C_W0.810_r03,0.81,3
reassigned,142,0,0.0,S1C_W0.810_r03,0.81,3
reassigned,143,1,2.5431315104166665e-06,S1C_W0.810_r03,0.81,3
reassigned,144,0,0.0,S1C_W0.810_r03,0.81,3
reassigned,145,0,0.0,S1C_W0.810_r03,0.81,3
reassigned,146,0,0.0,S1C_W0.810_r03,0.81,3
reassigned,147,0,0.0,S1C_W0.810_r03,0.81,3
reassigned,148,0,0.0,S1C_W0.810_r03,0.81,3
reassigned,149,0,0.0,S1C_W0.810_r03,0.81,3
reassigned,150,0,0.0,S1C_W0.810_r03,0.81,3
reassigned,151,0,0.0,S1C_W0.810_r03,0.81,3
reassigned,152,1,2.5431315104166665e-06,S1C_W0.810_r03,0.81,3
reassigned,153,1,2.5431315104166665e-06,S1C_W0.810_r03,0.81,3
reassigned,154,0,0.0,S1C_W0.810_r03,0.81,3
reassigned,155,0,0.0,S1C_W0.810_r03,0.81,3
reassigned,156,0,0.0,S1C_W0.810_r03,0.81,3
reassigned,157,0,0.0,S1C_W0.810_r03,0.81,3
reassigned,158,1,2.5431315104166665e-06,S1C_W0.810_r03,0.81,3
reassigned,159,1,2.5431315104166665e-06,S1C_W0.810_r03,0.81,3
reassigned,160,0,0.0,S1C_W0.810_r03,0.81,3
reassigned,161,0,0.0,S1C_W0.810_r03,0.81,3
reassigned,162,0,0.0,S1C_W0.810_r03,0.81,3
reassigned,163,0,0.0,S1C_W0.810_r03,0.81,3
reassigned,164,0,0.0,S1C_W0.810_r03,0.81,3
reassigned,165,0,0.0,S1C_W0.810_r03,0.81,3
reassigned,166,0,0.0,S1C_W0.810_r03,0.81,3
reassigned,167,1,2.5431315104166665e-06,S1C_W0.810_r03,0.81,3
original,0,1882,0.004786173502604167,S1C_W0.810_r04,0.81,4
original,1,5075,0.012906392415364584,S1C_W0.810_r04,0.81,4
original,2,12546,0.0319061279296875,S1C_W0.810_r04,0.81,4
original,3,24033,0.06111907958984375,S1C_W0.810_r04,0.81,4
original,4,37473,0.09529876708984375,S1C_W0.810_r04,0.81,4
original,5,48819,0.12415313720703125,S1C_W0.810_r04,0.81,4
original,6,54061,0.1374842325846354,S1C_W0.810_r04,0.81,4
original,7,52778,0.13422139485677084,S1C_W0.810_r04,0.81,4
original,8,46353,0.11788177490234375,S1C_W0.810_r04,0.81,4
original,9,37063,0.09425608317057292,S1C_W0.810_r04,0.81,4
original,10,26866,0.06832377115885417,S1C_W0.810_r04,0.81,4
original,11,18053,0.045911153157552086,S1C_W0.810_r04,0.81,4
original,12,11768,0.029927571614583332,S1C_W0.810_r04,0.81,4
original,13,6996,0.017791748046875,S1C_W0.810_r04,0.81,4
original,14,3872,0.009847005208333334,S1C_W0.810_r04,0.81,4
original,15,2281,0.005800882975260417,S1C_W0.810_r04,0.81,4
original,16,1192,0.0030314127604166665,S1C_W0.810_r04,0.81,4
original,17,569,0.0014470418294270833,S1C_W0.810_r04,0.81,4
original,18,370,0.0009409586588541666,S1C_W0.810_r04,0.81,4
original,19,193,0.0004908243815104166,S1C_W0.810_r04,0.81,4
original,20,112,0.0002848307291666667,S1C_W0.810_r04,0.81,4
original,21,76,0.00019327799479166666,S1C_W0.810_r04,0.81,4
original,22,59,0.00015004475911458334,S1C_W0.810_r04,0.81,4
original,23,33,8.392333984375e-05,S1C_W0.810_r04,0.81,4
original,24,37,9.409586588541667e-05,S1C_W0.810_r04,0.81,4
original,25,36,9.1552734375e-05,S1C_W0.810_r04,0.81,4
original,26,45,0.00011444091796875,S1C_W0.810_r04,0.81,4
original,27,25,6.357828776041667e-05,S1C_W0.810_r04,0.81,4
original,28,27,6.866455078125e-05,S1C_W0.810_r04,0.81,4
original,29,30,7.62939453125e-05,S1C_W0.810_r04,0.81,4
original,30,21,5.340576171875e-05,S1C_W0.810_r04,0.81,4
original,31,24,6.103515625e-05,S1C_W0.810_r04,0.81,4
original,32,36,9.1552734375e-05,S1C_W0.810_r04,0.81,4
original,33,28,7.120768229166667e-05,S1C_W0.810_r04,0.81,4
original,34,26,6.612141927083333e-05,S1C_W0.810_r04,0.81,4
original,35,25,6.357828776041667e-05,S1C_W0.810_r04,0.81,4
original,36,19,4.8319498697916664e-05,S1C_W0.810_r04,0.81,4
original,37,30,7.62939453125e-05,S1C_W0.810_r04,0.81,4
original,38,16,4.0690104166666664e-05,S1C_W0.810_r04,0.81,4
original,39,23,5.8492024739583336e-05,S1C_W0.810_r04,0.81,4
original,40,21,5.340576171875e-05,S1C_W0.810_r04,0.81,4
original,41,18,4.57763671875e-05,S1C_W0.810_r04,0.81,4
original,42,18,4.57763671875e-05,S1C_W0.810_r04,0.81,4
original,43,22,5.5948893229166664e-05,S1C_W0.810_r04,0.81,4
original,44,23,5.8492024739583336e-05,S1C_W0.810_r04,0.81,4
original,45,14,3.5603841145833336e-05,S1C_W0.810_r04,0.81,4
original,46,12,3.0517578125e-05,S1C_W0.810_r04,0.81,4
original,47,16,4.0690104166666664e-05,S1C_W0.810_r04,0.81,4
original,48,16,4.0690104166666664e-05,S1C_W0.810_r04,0.81,4
original,49,20,5.0862630208333336e-05,S1C_W0.810_r04,0.81,4
original,50,10,2.5431315104166668e-05,S1C_W0.810_r04,0.81,4
original,51,9,2.288818359375e-05,S1C_W0.810_r04,0.81,4
original,52,6,1.52587890625e-05,S1C_W0.810_r04,0.81,4
original,53,10,2.5431315104166668e-05,S1C_W0.810_r04,0.81,4
original,54,4,1.0172526041666666e-05,S1C_W0.810_r04,0.81,4
original,55,6,1.52587890625e-05,S1C_W0.810_r04,0.81,4
original,56,4,1.0172526041666666e-05,S1C_W0.810_r04,0.81,4
original,57,3,7.62939453125e-06,S1C_W0.810_r04,0.81,4
original,58,6,1.52587890625e-05,S1C_W0.810_r04,0.81,4
original,59,3,7.62939453125e-06,S1C_W0.810_r04,0.81,4
original,60,0,0.0,S1C_W0.810_r04,0.81,4
original,61,1,2.5431315104166665e-06,S1C_W0.810_r04,0.81,4
original,62,0,0.0,S1C_W0.810_r04,0.81,4
original,63,1,2.5431315104166665e-06,S1C_W0.810_r04,0.81,4
original,64,1,2.5431315104166665e-06,S1C_W0.810_r04,0.81,4
original,65,1,2.5431315104166665e-06,S1C_W0.810_r04,0.81,4
reassigned,0,8800,0.022379557291666668,S1C_W0.810_r04,0.81,4
reassigned,1,12671,0.032224019368489586,S1C_W0.810_r04,0.81,4
reassigned,2,24780,0.063018798828125,S1C_W0.810_r04,0.81,4
reassigned,3,36168,0.09197998046875,S1C_W0.810_r04,0.81,4
reassigned,4,42450,0.1079559326171875,S1C_W0.810_r04,0.81,4
reassigned,5,44516,0.11321004231770833,S1C_W0.810_r04,0.81,4
reassigned,6,42649,0.10846201578776042,S1C_W0.810_r04,0.81,4
reassigned,7,37547,0.09548695882161458,S1C_W0.810_r04,0.81,4
reassigned,8,31120,0.07914225260416667,S1C_W0.810_r04,0.81,4
reassigned,9,25632,0.065185546875,S1C_W0.810_r04,0.81,4
reassigned,10,20077,0.051058451334635414,S1C_W0.810_r04,0.81,4
reassigned,11,15548,0.039540608723958336,S1C_W0.810_r04,0.81,4
reassigned,12,11704,0.029764811197916668,S1C_W0.810_r04,0.81,4
reassigned,13,9012,0.022918701171875,S1C_W0.810_r04,0.81,4
reassigned,14,6812,0.017323811848958332,S1C_W0.810_r04,0.81,4
reassigned,15,5230,0.013300577799479166,S1C_W0.810_r04,0.81,4
reassigned,16,3973,0.010103861490885416,S1C_W0.810_r04,0.81,4
reassigned,17,3046,0.007746378580729167,S1C_W0.810_r04,0.81,4
reassigned,18,2345,0.005963643391927083,S1C_W0.810_r04,0.81,4
reassigned,19,1868,0.004750569661458333,S1C_W0.810_r04,0.81,4
reassigned,20,1376,0.0034993489583333335,S1C_W0.810_r04,0.81,4
reassigned,21,1102,0.0028025309244791665,S1C_W0.810_r04,0.81,4
reassigned,22,865,0.0021998087565104165,S1C_W0.810_r04,0.81,4
reassigned,23,683,0.0017369588216145833,S1C_W0.810_r04,0.81,4
reassigned,24,550,0.0013987223307291667,S1C_W0.810_r04,0.81,4
reassigned,25,438,0.0011138916015625,S1C_W0.810_r04,0.81,4
reassigned,26,340,0.0008646647135416666,S1C_W0.810_r04,0.81,4
reassigned,27,260,0.0006612141927083334,S1C_W0.810_r04,0.81,4
reassigned,28,221,0.0005620320638020834,S1C_W0.810_r04,0.81,4
reassigned,29,194,0.0004933675130208334,S1C_W0.810_r04,0.81,4
reassigned,30,148,0.0003763834635416667,S1C_W0.810_r04,0.81,4
reassigned,31,108,0.000274658203125,S1C_W0.810_r04,0.81,4
reassigned,32,93,0.00023651123046875,S1C_W0.810_r04,0.81,4
reassigned,33,82,0.00020853678385416666,S1C_W0.810_r04,0.81,4
reassigned,34,57,0.00014495849609375,S1C_W0.810_r04,0.81,4
reassigned,35,61,0.00015513102213541666,S1C_W0.810_r04,0.81,4
reassigned,36,42,0.0001068115234375,S1C_W0.810_r04,0.81,4
reassigned,37,46,0.00011698404947916667,S1C_W0.810_r04,0.81,4
reassigned,38,30,7.62939453125e-05,S1C_W0.810_r04,0.81,4
reassigned,39,41,0.00010426839192708333,S1C_W0.810_r04,0.81,4
reassigned,40,31,7.883707682291667e-05,S1C_W0.810_r04,0.81,4
reassigned,41,27,6.866455078125e-05,S1C_W0.810_r04,0.81,4
reassigned,42,14,3.5603841145833336e-05,S1C_W0.810_r04,0.81,4
reassigned,43,23,5.8492024739583336e-05,S1C_W0.810_r04,0.81,4
reassigned,44,18,4.57763671875e-05,S1C_W0.810_r04,0.81,4
reassigned,45,17,4.3233235677083336e-05,S1C_W0.810_r04,0.81,4
reassigned,46,17,4.3233235677083336e-05,S1C_W0.810_r04,0.81,4
reassigned,47,20,5.0862630208333336e-05,S1C_W0.810_r04,0.81,4
reassigned,48,15,3.814697265625e-05,S1C_W0.810_r04,0.81,4
reassigned,49,17,4.3233235677083336e-05,S1C_W0.810_r04,0.81,4
reassigned,50,13,3.3060709635416664e-05,S1C_W0.810_r04,0.81,4
reassigned,51,16,4.0690104166666664e-05,S1C_W0.810_r04,0.81,4
reassigned,52,14,3.5603841145833336e-05,S1C_W0.810_r04,0.81,4
reassigned,53,17,4.3233235677083336e-05,S1C_W0.810_r04,0.81,4
reassigned,54,9,2.288818359375e-05,S1C_W0.810_r04,0.81,4
reassigned,55,7,1.7801920572916668e-05,S1C_W0.810_r04,0.81,4
reassigned,56,11,2.7974446614583332e-05,S1C_W0.810_r04,0.81,4
reassigned,57,6,1.52587890625e-05,S1C_W0.810_r04,0.81,4
reassigned,58,8,2.0345052083333332e-05,S1C_W0.810_r04,0.81,4
reassigned,59,12,3.0517578125e-05,S1C_W0.810_r04,0.81,4
reassigned,60,7,1.7801920572916668e-05,S1C_W0.810_r04,0.81,4
reassigned,61,11,2.7974446614583332e-05,S1C_W0.810_r04,0.81,4
reassigned,62,8,2.0345052083333332e-05,S1C_W0.810_r04,0.81,4
reassigned,63,4,1.0172526041666666e-05,S1C_W0.810_r04,0.81,4
reassigned,64,7,1.7801920572916668e-05,S1C_W0.810_r04,0.81,4
reassigned,65,5,1.2715657552083334e-05,S1C_W0.810_r04,0.81,4
reassigned,66,6,1.52587890625e-05,S1C_W0.810_r04,0.81,4
reassigned,67,5,1.2715657552083334e-05,S1C_W0.810_r04,0.81,4
reassigned,68,4,1.0172526041666666e-05,S1C_W0.810_r04,0.81,4
reassigned,69,3,7.62939453125e-06,S1C_W0.810_r04,0.81,4
reassigned,70,6,1.52587890625e-05,S1C_W0.810_r04,0.81,4
reassigned,71,10,2.5431315104166668e-05,S1C_W0.810_r04,0.81,4
reassigned,72,7,1.7801920572916668e-05,S1C_W0.810_r04,0.81,4
reassigned,73,4,1.0172526041666666e-05,S1C_W0.810_r04,0.81,4
reassigned,74,4,1.0172526041666666e-05,S1C_W0.810_r04,0.81,4
reassigned,75,3,7.62939453125e-06,S1C_W0.810_r04,0.81,4
reassigned,76,3,7.62939453125e-06,S1C_W0.810_r04,0.81,4
reassigned,77,3,7.62939453125e-06,S1C_W0.810_r04,0.81,4
reassigned,78,6,1.52587890625e-05,S1C_W0.810_r04,0.81,4
reassigned,79,0,0.0,S1C_W0.810_r04,0.81,4
reassigned,80,3,7.62939453125e-06,S1C_W0.810_r04,0.81,4
reassigned,81,3,7.62939453125e-06,S1C_W0.810_r04,0.81,4
reassigned,82,2,5.086263020833333e-06,S1C_W0.810_r04,0.81,4
reassigned,83,1,2.5431315104166665e-06,S1C_W0.810_r04,0.81,4
reassigned,84,7,1.7801920572916668e-05,S1C_W0.810_r04,0.81,4
reassigned,85,2,5.086263020833333e-06,S1C_W0.810_r04,0.81,4
reassigned,86,4,1.0172526041666666e-05,S1C_W0.810_r04,0.81,4
reassigned,87,3,7.62939453125e-06,S1C_W0.810_r04,0.81,4
reassigned,88,5,1.2715657552083334e-05,S1C_W0.810_r04,0.81,4
reassigned,89,2,5.086263020833333e-06,S1C_W0.810_r04,0.81,4
reassigned,90,2,5.086263020833333e-06,S1C_W0.810_r04,0.81,4
reassigned,91,2,5.086263020833333e-06,S1C_W0.810_r04,0.81,4
reassigned,92,1,2.5431315104166665e-06,S1C_W0.810_r04,0.81,4
reassigned,93,3,7.62939453125e-06,S1C_W0.810_r04,0.81,4
reassigned,94,1,2.5431315104166665e-06,S1C_W0.810_r04,0.81,4
reassigned,95,3,7.62939453125e-06,S1C_W0.810_r04,0.81,4
reassigned,96,6,1.52587890625e-05,S1C_W0.810_r04,0.81,4
reassigned,97,1,2.5431315104166665e-06,S1C_W0.810_r04,0.81,4
reassigned,98,1,2.5431315104166665e-06,S1C_W0.810_r04,0.81,4
reassigned,99,2,5.086263020833333e-06,S1C_W0.810_r04,0.81,4
reassigned,100,3,7.62939453125e-06,S1C_W0.810_r04,0.81,4
reassigned,101,3,7.62939453125e-06,S1C_W0.810_r04,0.81,4
reassigned,102,5,1.2715657552083334e-05,S1C_W0.810_r04,0.81,4
reassigned,103,1,2.5431315104166665e-06,S1C_W0.810_r04,0.81,4
reassigned,104,1,2.5431315104166665e-06,S1C_W0.810_r04,0.81,4
reassigned,105,0,0.0,S1C_W0.810_r04,0.81,4
reassigned,106,3,7.62939453125e-06,S1C_W0.810_r04,0.81,4
reassigned,107,1,2.5431315104166665e-06,S1C_W0.810_r04,0.81,4
reassigned,108,1,2.5431315104166665e-06,S1C_W0.810_r04,0.81,4
reassigned,109,1,2.5431315104166665e-06,S1C_W0.810_r04,0.81,4
reassigned,110,2,5.086263020833333e-06,S1C_W0.810_r04,0.81,4
reassigned,111,2,5.086263020833333e-06,S1C_W0.810_r04,0.81,4
reassigned,112,1,2.5431315104166665e-06,S1C_W0.810_r04,0.81,4
reassigned,113,2,5.086263020833333e-06,S1C_W0.810_r04,0.81,4
reassigned,114,1,2.5431315104166665e-06,S1C_W0.810_r04,0.81,4
reassigned,115,0,0.0,S1C_W0.810_r04,0.81,4
reassigned,116,1,2.5431315104166665e-06,S1C_W0.810_r04,0.81,4
reassigned,117,0,0.0,S1C_W0.810_r04,0.81,4
reassigned,118,1,2.5431315104166665e-06,S1C_W0.810_r04,0.81,4
reassigned,119,0,0.0,S1C_W0.810_r04,0.81,4
reassigned,120,1,2.5431315104166665e-06,S1C_W0.810_r04,0.81,4
reassigned,121,0,0.0,S1C_W0.810_r04,0.81,4
reassigned,122,1,2.5431315104166665e-06,S1C_W0.810_r04,0.81,4
reassigned,123,0,0.0,S1C_W0.810_r04,0.81,4
reassigned,124,0,0.0,S1C_W0.810_r04,0.81,4
reassigned,125,1,2.5431315104166665e-06,S1C_W0.810_r04,0.81,4
reassigned,126,1,2.5431315104166665e-06,S1C_W0.810_r04,0.81,4
reassigned,127,1,2.5431315104166665e-06,S1C_W0.810_r04,0.81,4
reassigned,128,2,5.086263020833333e-06,S1C_W0.810_r04,0.81,4
reassigned,129,2,5.086263020833333e-06,S1C_W0.810_r04,0.81,4
reassigned,130,1,2.5431315104166665e-06,S1C_W0.810_r04,0.81,4
reassigned,131,3,7.62939453125e-06,S1C_W0.810_r04,0.81,4
reassigned,132,1,2.5431315104166665e-06,S1C_W0.810_r04,0.81,4
reassigned,133,1,2.5431315104166665e-06,S1C_W0.810_r04,0.81,4
reassigned,134,0,0.0,S1C_W0.810_r04,0.81,4
reassigned,135,1,2.5431315104166665e-06,S1C_W0.810_r04,0.81,4
reassigned,136,1,2.5431315104166665e-06,S1C_W0.810_r04,0.81,4
reassigned,137,0,0.0,S1C_W0.810_r04,0.81,4
reassigned,138,0,0.0,S1C_W0.810_r04,0.81,4
reassigned,139,1,2.5431315104166665e-06,S1C_W0.810_r04,0.81,4
reassigned,140,2,5.086263020833333e-06,S1C_W0.810_r04,0.81,4
reassigned,141,1,2.5431315104166665e-06,S1C_W0.810_r04,0.81,4
reassigned,142,0,0.0,S1C_W0.810_r04,0.81,4
reassigned,143,1,2.5431315104166665e-06,S1C_W0.810_r04,0.81,4
reassigned,144,1,2.5431315104166665e-06,S1C_W0.810_r04,0.81,4
reassigned,145,0,0.0,S1C_W0.810_r04,0.81,4
reassigned,146,1,2.5431315104166665e-06,S1C_W0.810_r04,0.81,4
reassigned,147,1,2.5431315104166665e-06,S1C_W0.810_r04,0.81,4
reassigned,148,0,0.0,S1C_W0.810_r04,0.81,4
reassigned,149,0,0.0,S1C_W0.810_r04,0.81,4
reassigned,150,1,2.5431315104166665e-06,S1C_W0.810_r04,0.81,4
reassigned,151,0,0.0,S1C_W0.810_r04,0.81,4
reassigned,152,1,2.5431315104166665e-06,S1C_W0.810_r04,0.81,4
reassigned,153,0,0.0,S1C_W0.810_r04,0.81,4
reassigned,154,1,2.5431315104166665e-06,S1C_W0.810_r04,0.81,4
reassigned,155,1,2.5431315104166665e-06,S1C_W0.810_r04,0.81,4
reassigned,156,0,0.0,S1C_W0.810_r04,0.81,4
reassigned,157,0,0.0,S1C_W0.810_r04,0.81,4
reassigned,158,0,0.0,S1C_W0.810_r04,0.81,4
reassigned,159,1,2.5431315104166665e-06,S1C_W0.810_r04,0.81,4
original,0,1882,0.004786173502604167,S1C_W0.810_r05,0.81,5
original,1,5171,0.013150533040364584,S1C_W0.810_r05,0.81,5
original,2,12075,0.03070831298828125,S1C_W0.810_r05,0.81,5
original,3,23787,0.06049346923828125,S1C_W0.810_r05,0.81,5
original,4,38019,0.09668731689453125,S1C_W0.810_r05,0.81,5
original,5,48546,0.1234588623046875,S1C_W0.810_r05,0.81,5
original,6,54221,0.1378911336263021,S1C_W0.810_r05,0.81,5
original,7,53380,0.13575236002604166,S1C_W0.810_r05,0.81,5
original,8,46269,0.11766815185546875,S1C_W0.810_r05,0.81,5
original,9,36715,0.09337107340494792,S1C_W0.810_r05,0.81,5
original,10,26789,0.06812795003255208,S1C_W0.810_r05,0.81,5
original,11,18263,0.046445210774739586,S1C_W0.810_r05,0.81,5
original,12,11789,0.029980977376302082,S1C_W0.810_r05,0.81,5
original,13,6819,0.01734161376953125,S1C_W0.810_r05,0.81,5
original,14,3986,0.010136922200520834,S1C_W0.810_r05,0.81,5
original,15,2245,0.005709330240885417,S1C_W0.810_r05,0.81,5
original,16,1158,0.0029449462890625,S1C_W0.810_r05,0.81,5
original,17,601,0.0015284220377604167,S1C_W0.810_r05,0.81,5
original,18,349,0.0008875528971354166,S1C_W0.810_r05,0.81,5
original,19,191,0.0004857381184895833,S1C_W0.810_r05,0.81,5
original,20,118,0.0003000895182291667,S1C_W0.810_r05,0.81,5
original,21,73,0.00018564860026041666,S1C_W0.810_r05,0.81,5
original,22,46,0.00011698404947916667,S1C_W0.810_r05,0.81,5
original,23,40,0.00010172526041666667,S1C_W0.810_r05,0.81,5
original,24,47,0.00011952718098958333,S1C_W0.810_r05,0.81,5
original,25,40,0.00010172526041666667,S1C_W0.810_r05,0.81,5
original,26,38,9.663899739583333e-05,S1C_W0.810_r05,0.81,5
original,27,26,6.612141927083333e-05,S1C_W0.810_r05,0.81,5
original,28,25,6.357828776041667e-05,S1C_W0.810_r05,0.81,5
original,29,32,8.138020833333333e-05,S1C_W0.810_r05,0.81,5
original,30,22,5.5948893229166664e-05,S1C_W0.810_r05,0.81,5
original,31,26,6.612141927083333e-05,S1C_W0.810_r05,0.81,5
original,32,27,6.866455078125e-05,S1C_W0.810_r05,0.81,5
original,33,26,6.612141927083333e-05,S1C_W0.810_r05,0.81,5
original,34,22,5.5948893229166664e-05,S1C_W0.810_r05,0.81,5
original,35,26,6.612141927083333e-05,S1C_W0.810_r05,0.81,5
original,36,14,3.5603841145833336e-05,S1C_W0.810_r05,0.81,5
original,37,22,5.5948893229166664e-05,S1C_W0.810_r05,0.81,5
original,38,25,6.357828776041667e-05,S1C_W0.810_r05,0.81,5
original,39,23,5.8492024739583336e-05,S1C_W0.810_r05,0.81,5
original,40,23,5.8492024739583336e-05,S1C_W0.810_r05,0.81,5
original,41,27,6.866455078125e-05,S1C_W0.810_r05,0.81,5
original,42,16,4.0690104166666664e-05,S1C_W0.810_r05,0.81,5
original,43,32,8.138020833333333e-05,S1C_W0.810_r05,0.81,5
original,44,25,6.357828776041667e-05,S1C_W0.810_r05,0.81,5
original,45,18,4.57763671875e-05,S1C_W0.810_r05,0.81,5
original,46,14,3.5603841145833336e-05,S1C_W0.810_r05,0.81,5
original,47,21,5.340576171875e-05,S1C_W0.810_r05,0.81,5
original,48,7,1.7801920572916668e-05,S1C_W0.810_r05,0.81,5
original,49,9,2.288818359375e-05,S1C_W0.810_r05,0.81,5
original,50,11,2.7974446614583332e-05,S1C_W0.810_r05,0.81,5
original,51,5,1.2715657552083334e-05,S1C_W0.810_r05,0.81,5
original,52,3,7.62939453125e-06,S1C_W0.810_r05,0.81,5
original,53,6,1.52587890625e-05,S1C_W0.810_r05,0.81,5
original,54,7,1.7801920572916668e-05,S1C_W0.810_r05,0.81,5
original,55,2,5.086263020833333e-06,S1C_W0.810_r05,0.81,5
original,56,6,1.52587890625e-05,S1C_W0.810_r05,0.81,5
original,57,5,1.2715657552083334e-05,S1C_W0.810_r05,0.81,5
original,58,3,7.62939453125e-06,S1C_W0.810_r05,0.81,5
original,59,1,2.5431315104166665e-06,S1C_W0.810_r05,0.81,5
original,60,0,0.0,S1C_W0.810_r05,0.81,5
original,61,2,5.086263020833333e-06,S1C_W0.810_r05,0.81,5
reassigned,0,9017,0.022931416829427082,S1C_W0.810_r05,0.81,5
reassigned,1,13661,0.034741719563802086,S1C_W0.810_r05,0.81,5
reassigned,2,25376,0.06453450520833333,S1C_W0.810_r05,0.81,5
reassigned,3,36593,0.09306081136067708,S1C_W0.810_r05,0.81,5
reassigned,4,42372,0.107757568359375,S1C_W0.810_r05,0.81,5
reassigned,5,43829,0.11146291097005208,S1C_W0.810_r05,0.81,5
reassigned,6,41091,0.10449981689453125,S1C_W0.810_r05,0.81,5
reassigned,7,36402,0.0925750732421875,S1C_W0.810_r05,0.81,5
reassigned,8,30645,0.07793426513671875,S1C_W0.810_r05,0.81,5
reassigned,9,24993,0.06356048583984375,S1C_W0.810_r05,0.81,5
reassigned,10,20047,0.050982157389322914,S1C_W0.810_r05,0.81,5
reassigned,11,15542,0.039525349934895836,S1C_W0.810_r05,0.81,5
reassigned,12,12108,0.030792236328125,S1C_W0.810_r05,0.81,5
reassigned,13,9432,0.02398681640625,S1C_W0.810_r05,0.81,5
reassigned,14,7219,0.018358866373697918,S1C_W0.810_r05,0.81,5
reassigned,15,5555,0.014127095540364584,S1C_W0.810_r05,0.81,5
reassigned,16,4196,0.010670979817708334,S1C_W0.810_r05,0.81,5
reassigned,17,3144,0.00799560546875,S1C_W0.810_r05,0.81,5
reassigned,18,2490,0.0063323974609375,S1C_W0.810_r05,0.81,5
reassigned,19,1912,0.004862467447916667,S1C_W0.810_r05,0.81,5
reassigned,20,1532,0.0038960774739583335,S1C_W0.810_r05,0.81,5
reassigned,21,1262,0.0032094319661458335,S1C_W0.810_r05,0.81,5
reassigned,22,910,0.0023142496744791665,S1C_W0.810_r05,0.81,5
reassigned,23,756,0.001922607421875,S1C_W0.810_r05,0.81,5
reassigned,24,591,0.00150299072265625,S1C_W0.810_r05,0.81,5
reassigned,25,454,0.0011545817057291667,S1C_W0.810_r05,0.81,5
reassigned,26,341,0.0008672078450520834,S1C_W0.810_r05,0.81,5
reassigned,27,291,0.00074005126953125,S1C_W0.810_r05,0.81,5
reassigned,28,223,0.0005671183268229166,S1C_W0.810_r05,0.81,5
reassigned,29,184,0.0004679361979166667,S1C_W0.810_r05,0.81,5
reassigned,30,155,0.0003941853841145833,S1C_W0.810_r05,0.81,5
reassigned,31,123,0.00031280517578125,S1C_W0.810_r05,0.81,5
reassigned,32,105,0.00026702880859375,S1C_W0.810_r05,0.81,5
reassigned,33,77,0.00019582112630208334,S1C_W0.810_r05,0.81,5
reassigned,34,66,0.0001678466796875,S1C_W0.810_r05,0.81,5
reassigned,35,48,0.0001220703125,S1C_W0.810_r05,0.81,5
reassigned,36,35,8.900960286458333e-05,S1C_W0.810_r05,0.81,5
reassigned,37,35,8.900960286458333e-05,S1C_W0.810_r05,0.81,5
reassigned,38,35,8.900960286458333e-05,S1C_W0.810_r05,0.81,5
reassigned,39,30,7.62939453125e-05,S1C_W0.810_r05,0.81,5
reassigned,40,19,4.8319498697916664e-05,S1C_W0.810_r05,0.81,5
reassigned,41,22,5.5948893229166664e-05,S1C_W0.810_r05,0.81,5
reassigned,42,14,3.5603841145833336e-05,S1C_W0.810_r05,0.81,5
reassigned,43,21,5.340576171875e-05,S1C_W0.810_r05,0.81,5
reassigned,44,12,3.0517578125e-05,S1C_W0.810_r05,0.81,5
reassigned,45,14,3.5603841145833336e-05,S1C_W0.810_r05,0.81,5
reassigned,46,11,2.7974446614583332e-05,S1C_W0.810_r05,0.81,5
reassigned,47,16,4.0690104166666664e-05,S1C_W0.810_r05,0.81,5
reassigned,48,8,2.0345052083333332e-05,S1C_W0.810_r05,0.81,5
reassigned,49,10,2.5431315104166668e-05,S1C_W0.810_r05,0.81,5
reassigned,50,6,1.52587890625e-05,S1C_W0.810_r05,0.81,5
reassigned,51,14,3.5603841145833336e-05,S1C_W0.810_r05,0.81,5
reassigned,52,3,7.62939453125e-06,S1C_W0.810_r05,0.81,5
reassigned,53,9,2.288818359375e-05,S1C_W0.810_r05,0.81,5
reassigned,54,3,7.62939453125e-06,S1C_W0.810_r05,0.81,5
reassigned,55,10,2.5431315104166668e-05,S1C_W0.810_r05,0.81,5
reassigned,56,6,1.52587890625e-05,S1C_W0.810_r05,0.81,5
reassigned,57,5,1.2715657552083334e-05,S1C_W0.810_r05,0.81,5
reassigned,58,2,5.086263020833333e-06,S1C_W0.810_r05,0.81,5
reassigned,59,3,7.62939453125e-06,S1C_W0.810_r05,0.81,5
reassigned,60,5,1.2715657552083334e-05,S1C_W0.810_r05,0.81,5
reassigned,61,4,1.0172526041666666e-05,S1C_W0.810_r05,0.81,5
reassigned,62,3,7.62939453125e-06,S1C_W0.810_r05,0.81,5
reassigned,63,2,5.086263020833333e-06,S1C_W0.810_r05,0.81,5
reassigned,64,1,2.5431315104166665e-06,S1C_W0.810_r05,0.81,5
reassigned,65,4,1.0172526041666666e-05,S1C_W0.810_r05,0.81,5
reassigned,66,5,1.2715657552083334e-05,S1C_W0.810_r05,0.81,5
reassigned,67,5,1.2715657552083334e-05,S1C_W0.810_r05,0.81,5
reassigned,68,3,7.62939453125e-06,S1C_W0.810_r05,0.81,5
reassigned,69,2,5.086263020833333e-06,S1C_W0.810_r05,0.81,5
reassigned,70,5,1.2715657552083334e-05,S1C_W0.810_r05,0.81,5
reassigned,71,1,2.5431315104166665e-06,S1C_W0.810_r05,0.81,5
reassigned,72,4,1.0172526041666666e-05,S1C_W0.810_r05,0.81,5
reassigned,73,7,1.7801920572916668e-05,S1C_W0.810_r05,0.81,5
reassigned,74,7,1.7801920572916668e-05,S1C_W0.810_r05,0.81,5
reassigned,75,2,5.086263020833333e-06,S1C_W0.810_r05,0.81,5
reassigned,76,0,0.0,S1C_W0.810_r05,0.81,5
reassigned,77,6,1.52587890625e-05,S1C_W0.810_r05,0.81,5
reassigned,78,1,2.5431315104166665e-06,S1C_W0.810_r05,0.81,5
reassigned,79,0,0.0,S1C_W0.810_r05,0.81,5
reassigned,80,1,2.5431315104166665e-06,S1C_W0.810_r05,0.81,5
reassigned,81,0,0.0,S1C_W0.810_r05,0.81,5
reassigned,82,5,1.2715657552083334e-05,S1C_W0.810_r05,0.81,5
reassigned,83,3,7.62939453125e-06,S1C_W0.810_r05,0.81,5
reassigned,84,2,5.086263020833333e-06,S1C_W0.810_r05,0.81,5
reassigned,85,4,1.0172526041666666e-05,S1C_W0.810_r05,0.81,5
reassigned,86,0,0.0,S1C_W0.810_r05,0.81,5
reassigned,87,1,2.5431315104166665e-06,S1C_W0.810_r05,0.81,5
reassigned,88,0,0.0,S1C_W0.810_r05,0.81,5
reassigned,89,1,2.5431315104166665e-06,S1C_W0.810_r05,0.81,5
reassigned,90,0,0.0,S1C_W0.810_r05,0.81,5
reassigned,91,2,5.086263020833333e-06,S1C_W0.810_r05,0.81,5
reassigned,92,0,0.0,S1C_W0.810_r05,0.81,5
reassigned,93,1,2.5431315104166665e-06,S1C_W0.810_r05,0.81,5
reassigned,94,1,2.5431315104166665e-06,S1C_W0.810_r05,0.81,5
reassigned,95,0,0.0,S1C_W0.810_r05,0.81,5
reassigned,96,2,5.086263020833333e-06,S1C_W0.810_r05,0.81,5
reassigned,97,1,2.5431315104166665e-06,S1C_W0.810_r05,0.81,5
reassigned,98,0,0.0,S1C_W0.810_r05,0.81,5
reassigned,99,4,1.0172526041666666e-05,S1C_W0.810_r05,0.81,5
reassigned,100,3,7.62939453125e-06,S1C_W0.810_r05,0.81,5
reassigned,101,1,2.5431315104166665e-06,S1C_W0.810_r05,0.81,5
reassigned,102,0,0.0,S1C_W0.810_r05,0.81,5
reassigned,103,1,2.5431315104166665e-06,S1C_W0.810_r05,0.81,5
reassigned,104,2,5.086263020833333e-06,S1C_W0.810_r05,0.81,5
reassigned,105,1,2.5431315104166665e-06,S1C_W0.810_r05,0.81,5
reassigned,106,1,2.5431315104166665e-06,S1C_W0.810_r05,0.81,5
reassigned,107,0,0.0,S1C_W0.810_r05,0.81,5
reassigned,108,2,5.086263020833333e-06,S1C_W0.810_r05,0.81,5
reassigned,109,1,2.5431315104166665e-06,S1C_W0.810_r05,0.81,5
reassigned,110,1,2.5431315104166665e-06,S1C_W0.810_r05,0.81,5
reassigned,111,2,5.086263020833333e-06,S1C_W0.810_r05,0.81,5
reassigned,112,0,0.0,S1C_W0.810_r05,0.81,5
reassigned,113,0,0.0,S1C_W0.810_r05,0.81,5
reassigned,114,1,2.5431315104166665e-06,S1C_W0.810_r05,0.81,5
reassigned,115,0,0.0,S1C_W0.810_r05,0.81,5
reassigned,116,1,2.5431315104166665e-06,S1C_W0.810_r05,0.81,5
reassigned,117,1,2.5431315104166665e-06,S1C_W0.810_r05,0.81,5
reassigned,118,0,0.0,S1C_W0.810_r05,0.81,5
reassigned,119,0,0.0,S1C_W0.810_r05,0.81,5
reassigned,120,3,7.62939453125e-06,S1C_W0.810_r05,0.81,5
reassigned,121,2,5.086263020833333e-06,S1C_W0.810_r05,0.81,5
reassigned,122,1,2.5431315104166665e-06,S1C_W0.810_r05,0.81,5
reassigned,123,3,7.62939453125e-06,S1C_W0.810_r05,0.81,5
reassigned,124,0,0.0,S1C_W0.810_r05,0.81,5
reassigned,125,0,0.0,S1C_W0.810_r05,0.81,5
reassigned,126,1,2.5431315104166665e-06,S1C_W0.810_r05,0.81,5
reassigned,127,0,0.0,S1C_W0.810_r05,0.81,5
reassigned,128,1,2.5431315104166665e-06,S1C_W0.810_r05,0.81,5
reassigned,129,1,2.5431315104166665e-06,S1C_W0.810_r05,0.81,5
reassigned,130,0,0.0,S1C_W0.810_r05,0.81,5
reassigned,131,0,0.0,S1C_W0.810_r05,0.81,5
reassigned,132,1,2.5431315104166665e-06,S1C_W0.810_r05,0.81,5
reassigned,133,1,2.5431315104166665e-06,S1C_W0.810_r05,0.81,5
reassigned,134,0,0.0,S1C_W0.810_r05,0.81,5
reassigned,135,1,2.5431315104166665e-06,S1C_W0.810_r05,0.81,5
reassigned,136,0,0.0,S1C_W0.810_r05,0.81,5
reassigned,137,1,2.5431315104166665e-06,S1C_W0.810_r05,0.81,5
reassigned,138,0,0.0,S1C_W0.810_r05,0.81,5
reassigned,139,0,0.0,S1C_W0.810_r05,0.81,5
reassigned,140,1,2.5431315104166665e-06,S1C_W0.810_r05,0.81,5
reassigned,141,0,0.0,S1C_W0.810_r05,0.81,5
reassigned,142,0,0.0,S1C_W0.810_r05,0.81,5
reassigned,143,0,0.0,S1C_W0.810_r05,0.81,5
reassigned,144,0,0.0,S1C_W0.810_r05,0.81,5
reassigned,145,1,2.5431315104166665e-06,S1C_W0.810_r05,0.81,5
original,0,1937,0.004926045735677083,S1C_W0.810_r06,0.81,6
original,1,5328,0.0135498046875,S1C_W0.810_r06,0.81,6
original,2,12304,0.031290690104166664,S1C_W0.810_r06,0.81,6
original,3,24192,0.0615234375,S1C_W0.810_r06,0.81,6
original,4,37815,0.09616851806640625,S1C_W0.810_r06,0.81,6
original,5,48657,0.12374114990234375,S1C_W0.810_r06,0.81,6
original,6,53995,0.1373163859049479,S1C_W0.810_r06,0.81,6
original,7,52890,0.1345062255859375,S1C_W0.810_r06,0.81,6
original,8,45939,0.11682891845703125,S1C_W0.810_r06,0.81,6
original,9,36424,0.09263102213541667,S1C_W0.810_r06,0.81,6
original,10,27053,0.06879933675130208,S1C_W0.810_r06,0.81,6
original,11,18274,0.046473185221354164,S1C_W0.810_r06,0.81,6
original,12,11565,0.02941131591796875,S1C_W0.810_r06,0.81,6
original,13,7112,0.018086751302083332,S1C_W0.810_r06,0.81,6
original,14,4036,0.010264078776041666,S1C_W0.810_r06,0.81,6
original,15,2189,0.005566914876302083,S1C_W0.810_r06,0.81,6
original,16,1293,0.00328826904296875,S1C_W0.810_r06,0.81,6
original,17,622,0.0015818277994791667,S1C_W0.810_r06,0.81,6
original,18,367,0.0009333292643229166,S1C_W0.810_r06,0.81,6
original,19,201,0.00051116943359375,S1C_W0.810_r06,0.81,6
original,20,126,0.0003204345703125,S1C_W0.810_r06,0.81,6
original,21,88,0.00022379557291666666,S1C_W0.810_r06,0.81,6
original,22,59,0.00015004475911458334,S1C_W0.810_r06,0.81,6
original,23,46,0.00011698404947916667,S1C_W0.810_r06,0.81,6
original,24,47,0.00011952718098958333,S1C_W0.810_r06,0.81,6
original,25,48,0.0001220703125,S1C_W0.810_r06,0.81,6
original,26,30,7.62939453125e-05,S1C_W0.810_r06,0.81,6
original,27,32,8.138020833333333e-05,S1C_W0.810_r06,0.81,6
original,28,29,7.375081380208333e-05,S1C_W0.810_r06,0.81,6
original,29,21,5.340576171875e-05,S1C_W0.810_r06,0.81,6
original,30,27,6.866455078125e-05,S1C_W0.810_r06,0.81,6
original,31,26,6.612141927083333e-05,S1C_W0.810_r06,0.81,6
original,32,23,5.8492024739583336e-05,S1C_W0.810_r06,0.81,6
original,33,34,8.646647135416667e-05,S1C_W0.810_r06,0.81,6
original,34,31,7.883707682291667e-05,S1C_W0.810_r06,0.81,6
original,35,31,7.883707682291667e-05,S1C_W0.810_r06,0.81,6
original,36,24,6.103515625e-05,S1C_W0.810_r06,0.81,6
original,37,25,6.357828776041667e-05,S1C_W0.810_r06,0.81,6
original,38,16,4.0690104166666664e-05,S1C_W0.810_r06,0.81,6
original,39,30,7.62939453125e-05,S1C_W0.810_r06,0.81,6
original,40,23,5.8492024739583336e-05,S1C_W0.810_r06,0.81,6
original,41,13,3.3060709635416664e-05,S1C_W0.810_r06,0.81,6
original,42,22,5.5948893229166664e-05,S1C_W0.810_r06,0.81,6
original,43,18,4.57763671875e-05,S1C_W0.810_r06,0.81,6
original,44,15,3.814697265625e-05,S1C_W0.810_r06,0.81,6
original,45,15,3.814697265625e-05,S1C_W0.810_r06,0.81,6
original,46,10,2.5431315104166668e-05,S1C_W0.810_r06,0.81,6
original,47,15,3.814697265625e-05,S1C_W0.810_r06,0.81,6
original,48,15,3.814697265625e-05,S1C_W0.810_r06,0.81,6
original,49,11,2.7974446614583332e-05,S1C_W0.810_r06,0.81,6
original,50,10,2.5431315104166668e-05,S1C_W0.810_r06,0.81,6
original,51,12,3.0517578125e-05,S1C_W0.810_r06,0.81,6
original,52,9,2.288818359375e-05,S1C_W0.810_r06,0.81,6
original,53,8,2.0345052083333332e-05,S1C_W0.810_r06,0.81,6
original,54,7,1.7801920572916668e-05,S1C_W0.810_r06,0.81,6
original,55,8,2.0345052083333332e-05,S1C_W0.810_r06,0.81,6
original,56,7,1.7801920572916668e-05,S1C_W0.810_r06,0.81,6
original,57,5,1.2715657552083334e-05,S1C_W0.810_r06,0.81,6
original,58,2,5.086263020833333e-06,S1C_W0.810_r06,0.81,6
original,59,3,7.62939453125e-06,S1C_W0.810_r06,0.81,6
original,60,1,2.5431315104166665e-06,S1C_W0.810_r06,0.81,6
original,61,0,0.0,S1C_W0.810_r06,0.81,6
original,62,1,2.5431315104166665e-06,S1C_W0.810_r06,0.81,6
reassigned,0,8644,0.021982828776041668,S1C_W0.810_r06,0.81,6
reassigned,1,13400,0.034077962239583336,S1C_W0.810_r06,0.81,6
reassigned,2,25040,0.06368001302083333,S1C_W0.810_r06,0.81,6
reassigned,3,36074,0.09174092610677083,S1C_W0.810_r06,0.81,6
reassigned,4,42531,0.10816192626953125,S1C_W0.810_r06,0.81,6
reassigned,5,43943,0.11175282796223958,S1C_W0.810_r06,0.81,6
reassigned,6,41409,0.10530853271484375,S1C_W0.810_r06,0.81,6
reassigned,7,36565,0.09298960367838542,S1C_W0.810_r06,0.81,6
reassigned,8,31337,0.07969411214192708,S1C_W0.810_r06,0.81,6
reassigned,9,25676,0.06529744466145833,S1C_W0.810_r06,0.81,6
reassigned,10,20402,0.051884969075520836,S1C_W0.810_r06,0.81,6
reassigned,11,16027,0.040758768717447914,S1C_W0.810_r06,0.81,6
reassigned,12,12100,0.030771891276041668,S1C_W0.810_r06,0.81,6
reassigned,13,9283,0.023607889811197918,S1C_W0.810_r06,0.81,6
reassigned,14,6937,0.017641703287760418,S1C_W0.810_r06,0.81,6
reassigned,15,5443,0.013842264811197916,S1C_W0.810_r06,0.81,6
reassigned,16,4042,0.010279337565104166,S1C_W0.810_r06,0.81,6
reassigned,17,3102,0.0078887939453125,S1C_W0.810_r06,0.81,6
reassigned,18,2346,0.0059661865234375,S1C_W0.810_r06,0.81,6
reassigned,19,1820,0.004628499348958333,S1C_W0.810_r06,0.81,6
reassigned,20,1401,0.00356292724609375,S1C_W0.810_r06,0.81,6
reassigned,21,1046,0.0026601155598958335,S1C_W0.810_r06,0.81,6
reassigned,22,858,0.0021820068359375,S1C_W0.810_r06,0.81,6
reassigned,23,656,0.0016682942708333333,S1C_W0.810_r06,0.81,6
reassigned,24,572,0.0014546712239583333,S1C_W0.810_r06,0.81,6
reassigned,25,443,0.0011266072591145833,S1C_W0.810_r06,0.81,6
reassigned,26,313,0.0007960001627604166,S1C_W0.810_r06,0.81,6
reassigned,27,292,0.0007425944010416666,S1C_W0.810_r06,0.81,6
reassigned,28,224,0.0005696614583333334,S1C_W0.810_r06,0.81,6
reassigned,29,168,0.00042724609375,S1C_W0.810_r06,0.81,6
reassigned,30,118,0.0003000895182291667,S1C_W0.810_r06,0.81,6
reassigned,31,127,0.0003229777018229167,S1C_W0.810_r06,0.81,6
reassigned,32,103,0.0002619425455729167,S1C_W0.810_r06,0.81,6
reassigned,33,88,0.00022379557291666666,S1C_W0.810_r06,0.81,6
reassigned,34,64,0.00016276041666666666,S1C_W0.810_r06,0.81,6
reassigned,35,46,0.00011698404947916667,S1C_W0.810_r06,0.81,6
reassigned,36,43,0.00010935465494791667,S1C_W0.810_r06,0.81,6
reassigned,37,36,9.1552734375e-05,S1C_W0.810_r06,0.81,6
reassigned,38,32,8.138020833333333e-05,S1C_W0.810_r06,0.81,6
reassigned,39,30,7.62939453125e-05,S1C_W0.810_r06,0.81,6
reassigned,40,33,8.392333984375e-05,S1C_W0.810_r06,0.81,6
reassigned,41,18,4.57763671875e-05,S1C_W0.810_r06,0.81,6
reassigned,42,23,5.8492024739583336e-05,S1C_W0.810_r06,0.81,6
reassigned,43,18,4.57763671875e-05,S1C_W0.810_r06,0.81,6
reassigned,44,18,4.57763671875e-05,S1C_W0.810_r06,0.81,6
reassigned,45,18,4.57763671875e-05,S1C_W0.810_r06,0.81,6
reassigned,46,16,4.0690104166666664e-05,S1C_W0.810_r06,0.81,6
reassigned,47,7,1.7801920572916668e-05,S1C_W0.810_r06,0.81,6
reassigned,48,15,3.814697265625e-05,S1C_W0.810_r06,0.81,6
reassigned,49,7,1.7801920572916668e-05,S1C_W0.810_r06,0.81,6
reassigned,50,13,3.3060709635416664e-05,S1C_W0.810_r06,0.81,6
reassigned,51,8,2.0345052083333332e-05,S1C_W0.810_r06,0.81,6
reassigned,52,13,3.3060709635416664e-05,S1C_W0.810_r06,0.81,6
reassigned,53,11,2.7974446614583332e-05,S1C_W0.810_r06,0.81,6
reassigned,54,7,1.7801920572916668e-05,S1C_W0.810_r06,0.81,6
reassigned,55,4,1.0172526041666666e-05,S1C_W0.810_r06,0.81,6
reassigned,56,11,2.7974446614583332e-05,S1C_W0.810_r06,0.81,6
reassigned,57,9,2.288818359375e-05,S1C_W0.810_r06,0.81,6
reassigned,58,5,1.2715657552083334e-05,S1C_W0.810_r06,0.81,6
reassigned,59,11,2.7974446614583332e-05,S1C_W0.810_r06,0.81,6
reassigned,60,8,2.0345052083333332e-05,S1C_W0.810_r06,0.81,6
reassigned,61,5,1.2715657552083334e-05,S1C_W0.810_r06,0.81,6
reassigned,62,4,1.0172526041666666e-05,S1C_W0.810_r06,0.81,6
reassigned,63,6,1.52587890625e-05,S1C_W0.810_r06,0.81,6
reassigned,64,6,1.52587890625e-05,S1C_W0.810_r06,0.81,6
reassigned,65,6,1.52587890625e-05,S1C_W0.810_r06,0.81,6
reassigned,66,5,1.2715657552083334e-05,S1C_W0.810_r06,0.81,6
reassigned,67,6,1.52587890625e-05,S1C_W0.810_r06,0.81,6
reassigned,68,2,5.086263020833333e-06,S1C_W0.810_r06,0.81,6
reassigned,69,3,7.62939453125e-06,S1C_W0.810_r06,0.81,6
reassigned,70,3,7.62939453125e-06,S1C_W0.810_r06,0.81,6
reassigned,71,4,1.0172526041666666e-05,S1C_W0.810_r06,0.81,6
reassigned,72,4,1.0172526041666666e-05,S1C_W0.810_r06,0.81,6
reassigned,73,5,1.2715657552083334e-05,S1C_W0.810_r06,0.81,6
reassigned,74,5,1.2715657552083334e-05,S1C_W0.810_r06,0.81,6
reassigned,75,6,1.52587890625e-05,S1C_W0.810_r06,0.81,6
reassigned,76,4,1.0172526041666666e-05,S1C_W0.810_r06,0.81,6
reassigned,77,3,7.62939453125e-06,S1C_W0.810_r06,0.81,6
reassigned,78,4,1.0172526041666666e-05,S1C_W0.810_r06,0.81,6
reassigned,79,2,5.086263020833333e-06,S1C_W0.810_r06,0.81,6
reassigned,80,2,5.086263020833333e-06,S1C_W0.810_r06,0.81,6
reassigned,81,1,2.5431315104166665e-06,S1C_W0.810_r06,0.81,6
reassigned,82,4,1.0172526041666666e-05,S1C_W0.810_r06,0.81,6
reassigned,83,0,0.0,S1C_W0.810_r06,0.81,6
reassigned,84,3,7.62939453125e-06,S1C_W0.810_r06,0.81,6
reassigned,85,2,5.086263020833333e-06,S1C_W0.810_r06,0.81,6
reassigned,86,1,2.5431315104166665e-06,S1C_W0.810_r06,0.81,6
reassigned,87,2,5.086263020833333e-06,S1C_W0.810_r06,0.81,6
reassigned,88,1,2.5431315104166665e-06,S1C_W0.810_r06,0.81,6
reassigned,89,2,5.086263020833333e-06,S1C_W0.810_r06,0.81,6
reassigned,90,2,5.086263020833333e-06,S1C_W0.810_r06,0.81,6
reassigned,91,5,1.2715657552083334e-05,S1C_W0.810_r06,0.81,6
reassigned,92,4,1.0172526041666666e-05,S1C_W0.810_r06,0.81,6
reassigned,93,0,0.0,S1C_W0.810_r06,0.81,6
reassigned,94,1,2.5431315104166665e-06,S1C_W0.810_r06,0.81,6
reassigned,95,1,2.5431315104166665e-06,S1C_W0.810_r06,0.81,6
reassigned,96,3,7.62939453125e-06,S1C_W0.810_r06,0.81,6
reassigned,97,3,7.62939453125e-06,S1C_W0.810_r06,0.81,6
reassigned,98,3,7.62939453125e-06,S1C_W0.810_r06,0.81,6
reassigned,99,1,2.5431315104166665e-06,S1C_W0.810_r06,0.81,6
reassigned,100,1,2.5431315104166665e-06,S1C_W0.810_r06,0.81,6
reassigned,101,2,5.086263020833333e-06,S1C_W0.810_r06,0.81,6
reassigned,102,1,2.5431315104166665e-06,S1C_W0.810_r06,0.81,6
reassigned,103,1,2.5431315104166665e-06,S1C_W0.810_r06,0.81,6
reassigned,104,0,0.0,S1C_W0.810_r06,0.81,6
reassigned,105,3,7.62939453125e-06,S1C_W0.810_r06,0.81,6
reassigned,106,5,1.2715657552083334e-05,S1C_W0.810_r06,0.81,6
reassigned,107,1,2.5431315104166665e-06,S1C_W0.810_r06,0.81,6
reassigned,108,1,2.5431315104166665e-06,S1C_W0.810_r06,0.81,6
reassigned,109,2,5.086263020833333e-06,S1C_W0.810_r06,0.81,6
reassigned,110,2,5.086263020833333e-06,S1C_W0.810_r06,0.81,6
reassigned,111,1,2.5431315104166665e-06,S1C_W0.810_r06,0.81,6
reassigned,112,0,0.0,S1C_W0.810_r06,0.81,6
reassigned,113,0,0.0,S1C_W0.810_r06,0.81,6
reassigned,114,0,0.0,S1C_W0.810_r06,0.81,6
reassigned,115,2,5.086263020833333e-06,S1C_W0.810_r06,0.81,6
reassigned,116,0,0.0,S1C_W0.810_r06,0.81,6
reassigned,117,1,2.5431315104166665e-06,S1C_W0.810_r06,0.81,6
reassigned,118,0,0.0,S1C_W0.810_r06,0.81,6
reassigned,119,0,0.0,S1C_W0.810_r06,0.81,6
reassigned,120,2,5.086263020833333e-06,S1C_W0.810_r06,0.81,6
reassigned,121,1,2.5431315104166665e-06,S1C_W0.810_r06,0.81,6
reassigned,122,1,2.5431315104166665e-06,S1C_W0.810_r06,0.81,6
reassigned,123,1,2.5431315104166665e-06,S1C_W0.810_r06,0.81,6
reassigned,124,0,0.0,S1C_W0.810_r06,0.81,6
reassigned,125,1,2.5431315104166665e-06,S1C_W0.810_r06,0.81,6
reassigned,126,0,0.0,S1C_W0.810_r06,0.81,6
reassigned,127,0,0.0,S1C_W0.810_r06,0.81,6
reassigned,128,0,0.0,S1C_W0.810_r06,0.81,6
reassigned,129,0,0.0,S1C_W0.810_r06,0.81,6
reassigned,130,0,0.0,S1C_W0.810_r06,0.81,6
reassigned,131,0,0.0,S1C_W0.810_r06,0.81,6
reassigned,132,1,2.5431315104166665e-06,S1C_W0.810_r06,0.81,6
reassigned,133,0,0.0,S1C_W0.810_r06,0.81,6
reassigned,134,0,0.0,S1C_W0.810_r06,0.81,6
reassigned,135,1,2.5431315104166665e-06,S1C_W0.810_r06,0.81,6
reassigned,136,0,0.0,S1C_W0.810_r06,0.81,6
reassigned,137,0,0.0,S1C_W0.810_r06,0.81,6
reassigned,138,0,0.0,S1C_W0.810_r06,0.81,6
reassigned,139,0,0.0,S1C_W0.810_r06,0.81,6
reassigned,140,1,2.5431315104166665e-06,S1C_W0.810_r06,0.81,6
reassigned,141,0,0.0,S1C_W0.810_r06,0.81,6
reassigned,142,0,0.0,S1C_W0.810_r06,0.81,6
reassigned,143,0,0.0,S1C_W0.810_r06,0.81,6
reassigned,144,0,0.0,S1C_W0.810_r06,0.81,6
reassigned,145,0,0.0,S1C_W0.810_r06,0.81,6
reassigned,146,0,0.0,S1C_W0.810_r06,0.81,6
reassigned,147,0,0.0,S1C_W0.810_r06,0.81,6
reassigned,148,0,0.0,S1C_W0.810_r06,0.81,6
reassigned,149,0,0.0,S1C_W0.810_r06,0.81,6
reassigned,150,1,2.5431315104166665e-06,S1C_W0.810_r06,0.81,6
reassigned,151,0,0.0,S1C_W0.810_r06,0.81,6
reassigned,152,1,2.5431315104166665e-06,S1C_W0.810_r06,0.81,6
reassigned,153,1,2.5431315104166665e-06,S1C_W0.810_r06,0.81,6
reassigned,154,0,0.0,S1C_W0.810_r06,0.81,6
reassigned,155,0,0.0,S1C_W0.810_r06,0.81,6
reassigned,156,0,0.0,S1C_W0.810_r06,0.81,6
reassigned,157,0,0.0,S1C_W0.810_r06,0.81,6
reassigned,158,1,2.5431315104166665e-06,S1C_W0.810_r06,0.81,6
reassigned,159,1,2.5431315104166665e-06,S1C_W0.810_r06,0.81,6
reassigned,160,0,0.0,S1C_W0.810_r06,0.81,6
reassigned,161,0,0.0,S1C_W0.810_r06,0.81,6
reassigned,162,0,0.0,S1C_W0.810_r06,0.81,6
reassigned,163,0,0.0,S1C_W0.810_r06,0.81,6
reassigned,164,1,2.5431315104166665e-06,S1C_W0.810_r06,0.81,6
original,0,1880,0.004781087239583333,S1C_W0.810_r07,0.81,7
original,1,5183,0.013181050618489584,S1C_W0.810_r07,0.81,7
original,2,12441,0.03163909912109375,S1C_W0.810_r07,0.81,7
original,3,24017,0.061078389485677086,S1C_W0.810_r07,0.81,7
original,4,37487,0.09533437093098958,S1C_W0.810_r07,0.81,7
original,5,48923,0.12441762288411458,S1C_W0.810_r07,0.81,7
original,6,54026,0.13739522298177084,S1C_W0.810_r07,0.81,7
original,7,52873,0.1344629923502604,S1C_W0.810_r07,0.81,7
original,8,46353,0.11788177490234375,S1C_W0.810_r07,0.81,7
original,9,36404,0.09258015950520833,S1C_W0.810_r07,0.81,7
original,10,26975,0.06860097249348958,S1C_W0.810_r07,0.81,7
original,11,18324,0.046600341796875,S1C_W0.810_r07,0.81,7
original,12,11648,0.029622395833333332,S1C_W0.810_r07,0.81,7
original,13,7091,0.018033345540364582,S1C_W0.810_r07,0.81,7
original,14,4066,0.010340372721354166,S1C_W0.810_r07,0.81,7
original,15,2207,0.005612691243489583,S1C_W0.810_r07,0.81,7
original,16,1196,0.0030415852864583335,S1C_W0.810_r07,0.81,7
original,17,614,0.0015614827473958333,S1C_W0.810_r07,0.81,7
original,18,343,0.0008722941080729166,S1C_W0.810_r07,0.81,7
original,19,192,0.00048828125,S1C_W0.810_r07,0.81,7
original,20,114,0.0002899169921875,S1C_W0.810_r07,0.81,7
original,21,87,0.00022125244140625,S1C_W0.810_r07,0.81,7
original,22,60,0.000152587890625,S1C_W0.810_r07,0.81,7
original,23,47,0.00011952718098958333,S1C_W0.810_r07,0.81,7
original,24,42,0.0001068115234375,S1C_W0.810_r07,0.81,7
original,25,26,6.612141927083333e-05,S1C_W0.810_r07,0.81,7
original,26,37,9.409586588541667e-05,S1C_W0.810_r07,0.81,7
original,27,35,8.900960286458333e-05,S1C_W0.810_r07,0.81,7
original,28,26,6.612141927083333e-05,S1C_W0.810_r07,0.81,7
original,29,26,6.612141927083333e-05,S1C_W0.810_r07,0.81,7
original,30,28,7.120768229166667e-05,S1C_W0.810_r07,0.81,7
original,31,33,8.392333984375e-05,S1C_W0.810_r07,0.81,7
original,32,27,6.866455078125e-05,S1C_W0.810_r07,0.81,7
original,33,29,7.375081380208333e-05,S1C_W0.810_r07,0.81,7
original,34,27,6.866455078125e-05,S1C_W0.810_r07,0.81,7
original,35,19,4.8319498697916664e-05,S1C_W0.810_r07,0.81,7
original,36,24,6.103515625e-05,S1C_W0.810_r07,0.81,7
original,37,16,4.0690104166666664e-05,S1C_W0.810_r07,0.81,7
original,38,23,5.8492024739583336e-05,S1C_W0.810_r07,0.81,7
original,39,18,4.57763671875e-05,S1C_W0.810_r07,0.81,7
original,40,27,6.866455078125e-05,S1C_W0.810_r07,0.81,7
original,41,21,5.340576171875e-05,S1C_W0.810_r07,0.81,7
original,42,24,6.103515625e-05,S1C_W0.810_r07,0.81,7
original,43,21,5.340576171875e-05,S1C_W0.810_r07,0.81,7
original,44,22,5.5948893229166664e-05,S1C_W0.810_r07,0.81,7
original,45,13,3.3060709635416664e-05,S1C_W0.810_r07,0.81,7
original,46,13,3.3060709635416664e-05,S1C_W0.810_r07,0.81,7
original,47,16,4.0690104166666664e-05,S1C_W0.810_r07,0.81,7
original,48,11,2.7974446614583332e-05,S1C_W0.810_r07,0.81,7
original,49,8,2.0345052083333332e-05,S1C_W0.810_r07,0.81,7
original,50,9,2.288818359375e-05,S1C_W0.810_r07,0.81,7
original,51,9,2.288818359375e-05,S1C_W0.810_r07,0.81,7
original,52,6,1.52587890625e-05,S1C_W0.810_r07,0.81,7
original,53,5,1.2715657552083334e-05,S1C_W0.810_r07,0.81,7
original,54,7,1.7801920572916668e-05,S1C_W0.810_r07,0.81,7
original,55,2,5.086263020833333e-06,S1C_W0.810_r07,0.81,7
original,56,1,2.5431315104166665e-06,S1C_W0.810_r07,0.81,7
original,57,2,5.086263020833333e-06,S1C_W0.810_r07,0.81,7
original,58,2,5.086263020833333e-06,S1C_W0.810_r07,0.81,7
original,59,2,5.086263020833333e-06,S1C_W0.810_r07,0.81,7
original,60,2,5.086263020833333e-06,S1C_W0.810_r07,0.81,7
original,61,2,5.086263020833333e-06,S1C_W0.810_r07,0.81,7
original,62,0,0.0,S1C_W0.810_r07,0.81,7
original,63,1,2.5431315104166665e-06,S1C_W0.810_r07,0.81,7
original,64,0,0.0,S1C_W0.810_r07,0.81,7
original,65,2,5.086263020833333e-06,S1C_W0.810_r07,0.81,7
original,66,1,2.5431315104166665e-06,S1C_W0.810_r07,0.81,7
reassigned,0,7723,0.019640604654947918,S1C_W0.810_r07,0.81,7
reassigned,1,12993,0.03304290771484375,S1C_W0.810_r07,0.81,7
reassigned,2,25153,0.06396738688151042,S1C_W0.810_r07,0.81,7
reassigned,3,36831,0.09366607666015625,S1C_W0.810_r07,0.81,7
reassigned,4,43433,0.11045583089192708,S1C_W0.810_r07,0.81,7
reassigned,5,44534,0.11325581868489583,S1C_W0.810_r07,0.81,7
reassigned,6,41894,0.10654195149739583,S1C_W0.810_r07,0.81,7
reassigned,7,36847,0.09370676676432292,S1C_W0.810_r07,0.81,7
reassigned,8,31023,0.07889556884765625,S1C_W0.810_r07,0.81,7
reassigned,9,25160,0.06398518880208333,S1C_W0.810_r07,0.81,7
reassigned,10,19910,0.050633748372395836,S1C_W0.810_r07,0.81,7
reassigned,11,15443,0.039273579915364586,S1C_W0.810_r07,0.81,7
reassigned,12,11945,0.030377705891927082,S1C_W0.810_r07,0.81,7
reassigned,13,9121,0.023195902506510418,S1C_W0.810_r07,0.81,7
reassigned,14,6969,0.01772308349609375,S1C_W0.810_r07,0.81,7
reassigned,15,5252,0.013356526692708334,S1C_W0.810_r07,0.81,7
reassigned,16,4154,0.010564168294270834,S1C_W0.810_r07,0.81,7
reassigned,17,3100,0.007883707682291666,S1C_W0.810_r07,0.81,7
reassigned,18,2381,0.006055196126302083,S1C_W0.810_r07,0.81,7
reassigned,19,1839,0.00467681884765625,S1C_W0.810_r07,0.81,7
reassigned,20,1518,0.0038604736328125,S1C_W0.810_r07,0.81,7
reassigned,21,1085,0.0027592976888020835,S1C_W0.810_r07,0.81,7
reassigned,22,856,0.0021769205729166665,S1C_W0.810_r07,0.81,7
reassigned,23,726,0.0018463134765625,S1C_W0.810_r07,0.81,7
reassigned,24,575,0.0014623006184895833,S1C_W0.810_r07,0.81,7
reassigned,25,437,0.0011113484700520833,S1C_W0.810_r07,0.81,7
reassigned,26,354,0.0009002685546875,S1C_W0.810_r07,0.81,7
reassigned,27,311,0.0007909138997395834,S1C_W0.810_r07,0.81,7
reassigned,28,240,0.0006103515625,S1C_W0.810_r07,0.81,7
reassigned,29,208,0.0005289713541666666,S1C_W0.810_r07,0.81,7
reassigned,30,178,0.0004526774088541667,S1C_W0.810_r07,0.81,7
reassigned,31,136,0.0003458658854166667,S1C_W0.810_r07,0.81,7
reassigned,32,105,0.00026702880859375,S1C_W0.810_r07,0.81,7
reassigned,33,117,0.00029754638671875,S1C_W0.810_r07,0.81,7
reassigned,34,69,0.00017547607421875,S1C_W0.810_r07,0.81,7
reassigned,35,68,0.00017293294270833334,S1C_W0.810_r07,0.81,7
reassigned,36,52,0.00013224283854166666,S1C_W0.810_r07,0.81,7
reassigned,37,40,0.00010172526041666667,S1C_W0.810_r07,0.81,7
reassigned,38,32,8.138020833333333e-05,S1C_W0.810_r07,0.81,7
reassigned,39,37,9.409586588541667e-05,S1C_W0.810_r07,0.81,7
reassigned,40,25,6.357828776041667e-05,S1C_W0.810_r07,0.81,7
reassigned,41,25,6.357828776041667e-05,S1C_W0.810_r07,0.81,7
reassigned,42,26,6.612141927083333e-05,S1C_W0.810_r07,0.81,7
reassigned,43,15,3.814697265625e-05,S1C_W0.810_r07,0.81,7
reassigned,44,13,3.3060709635416664e-05,S1C_W0.810_r07,0.81,7
reassigned,45,8,2.0345052083333332e-05,S1C_W0.810_r07,0.81,7
reassigned,46,12,3.0517578125e-05,S1C_W0.810_r07,0.81,7
reassigned,47,13,3.3060709635416664e-05,S1C_W0.810_r07,0.81,7
reassigned,48,15,3.814697265625e-05,S1C_W0.810_r07,0.81,7
reassigned,49,8,2.0345052083333332e-05,S1C_W0.810_r07,0.81,7
reassigned,50,7,1.7801920572916668e-05,S1C_W0.810_r07,0.81,7
reassigned,51,9,2.288818359375e-05,S1C_W0.810_r07,0.81,7
reassigned,52,8,2.0345052083333332e-05,S1C_W0.810_r07,0.81,7
reassigned,53,10,2.5431315104166668e-05,S1C_W0.810_r07,0.81,7
reassigned,54,6,1.52587890625e-05,S1C_W0.810_r07,0.81,7
reassigned,55,2,5.086263020833333e-06,S1C_W0.810_r07,0.81,7
reassigned,56,7,1.7801920572916668e-05,S1C_W0.810_r07,0.81,7
reassigned,57,4,1.0172526041666666e-05,S1C_W0.810_r07,0.81,7
reassigned,58,2,5.086263020833333e-06,S1C_W0.810_r07,0.81,7
reassigned,59,5,1.2715657552083334e-05,S1C_W0.810_r07,0.81,7
reassigned,60,5,1.2715657552083334e-05,S1C_W0.810_r07,0.81,7
reassigned,61,11,2.7974446614583332e-05,S1C_W0.810_r07,0.81,7
reassigned,62,7,1.7801920572916668e-05,S1C_W0.810_r07,0.81,7
reassigned,63,2,5.086263020833333e-06,S1C_W0.810_r07,0.81,7
reassigned,64,2,5.086263020833333e-06,S1C_W0.810_r07,0.81,7
reassigned,65,7,1.7801920572916668e-05,S1C_W0.810_r07,0.81,7
reassigned,66,7,1.7801920572916668e-05,S1C_W0.810_r07,0.81,7
reassigned,67,4,1.0172526041666666e-05,S1C_W0.810_r07,0.81,7
reassigned,68,1,2.5431315104166665e-06,S1C_W0.810_r07,0.81,7
reassigned,69,2,5.086263020833333e-06,S1C_W0.810_r07,0.81,7
reassigned,70,4,1.0172526041666666e-05,S1C_W0.810_r07,0.81,7
reassigned,71,3,7.62939453125e-06,S1C_W0.810_r07,0.81,7
reassigned,72,4,1.0172526041666666e-05,S1C_W0.810_r07,0.81,7
reassigned,73,4,1.0172526041666666e-05,S1C_W0.810_r07,0.81,7
reassigned,74,1,2.5431315104166665e-06,S1C_W0.810_r07,0.81,7
reassigned,75,0,0.0,S1C_W0.810_r07,0.81,7
reassigned,76,1,2.5431315104166665e-06,S1C_W0.810_r07,0.81,7
reassigned,77,2,5.086263020833333e-06,S1C_W0.810_r07,0.81,7
reassigned,78,3,7.62939453125e-06,S1C_W0.810_r07,0.81,7
reassigned,79,2,5.086263020833333e-06,S1C_W0.810_r07,0.81,7
reassigned,80,2,5.086263020833333e-06,S1C_W0.810_r07,0.81,7
reassigned,81,2,5.086263020833333e-06,S1C_W0.810_r07,0.81,7
reassigned,82,4,1.0172526041666666e-05,S1C_W0.810_r07,0.81,7
reassigned,83,1,2.5431315104166665e-06,S1C_W0.810_r07,0.81,7
reassigned,84,2,5.086263020833333e-06,S1C_W0.810_r07,0.81,7
reassigned,85,1,2.5431315104166665e-06,S1C_W0.810_r07,0.81,7
reassigned,86,0,0.0,S1C_W0.810_r07,0.81,7
reassigned,87,4,1.0172526041666666e-05,S1C_W0.810_r07,0.81,7
reassigned,88,2,5.086263020833333e-06,S1C_W0.810_r07,0.81,7
reassigned,89,3,7.62939453125e-06,S1C_W0.810_r07,0.81,7
reassigned,90,3,7.62939453125e-06,S1C_W0.810_r07,0.81,7
reassigned,91,2,5.086263020833333e-06,S1C_W0.810_r07,0.81,7
reassigned,92,1,2.5431315104166665e-06,S1C_W0.810_r07,0.81,7
reassigned,93,1,2.5431315104166665e-06,S1C_W0.810_r07,0.81,7
reassigned,94,0,0.0,S1C_W0.810_r07,0.81,7
reassigned,95,0,0.0,S1C_W0.810_r07,0.81,7
reassigned,96,2,5.086263020833333e-06,S1C_W0.810_r07,0.81,7
reassigned,97,4,1.0172526041666666e-05,S1C_W0.810_r07,0.81,7
reassigned,98,3,7.62939453125e-06,S1C_W0.810_r07,0.81,7
reassigned,99,1,2.5431315104166665e-06,S1C_W0.810_r07,0.81,7
reassigned,100,2,5.086263020833333e-06,S1C_W0.810_r07,0.81,7
reassigned,101,0,0.0,S1C_W0.810_r07,0.81,7
reassigned,102,0,0.0,S1C_W0.810_r07,0.81,7
reassigned,103,1,2.5431315104166665e-06,S1C_W0.810_r07,0.81,7
reassigned,104,0,0.0,S1C_W0.810_r07,0.81,7
reassigned,105,1,2.5431315104166665e-06,S1C_W0.810_r07,0.81,7
reassigned,106,0,0.0,S1C_W0.810_r07,0.81,7
reassigned,107,0,0.0,S1C_W0.810_r07,0.81,7
reassigned,108,2,5.086263020833333e-06,S1C_W0.810_r07,0.81,7
reassigned,109,1,2.5431315104166665e-06,S1C_W0.810_r07,0.81,7
reassigned,110,1,2.5431315104166665e-06,S1C_W0.810_r07,0.81,7
reassigned,111,1,2.5431315104166665e-06,S1C_W0.810_r07,0.81,7
reassigned,112,2,5.086263020833333e-06,S1C_W0.810_r07,0.81,7
reassigned,113,1,2.5431315104166665e-06,S1C_W0.810_r07,0.81,7
reassigned,114,1,2.5431315104166665e-06,S1C_W0.810_r07,0.81,7
reassigned,115,3,7.62939453125e-06,S1C_W0.810_r07,0.81,7
reassigned,116,0,0.0,S1C_W0.810_r07,0.81,7
reassigned,117,2,5.086263020833333e-06,S1C_W0.810_r07,0.81,7
reassigned,118,3,7.62939453125e-06,S1C_W0.810_r07,0.81,7
reassigned,119,1,2.5431315104166665e-06,S1C_W0.810_r07,0.81,7
reassigned,120,0,0.0,S1C_W0.810_r07,0.81,7
reassigned,121,1,2.5431315104166665e-06,S1C_W0.810_r07,0.81,7
reassigned,122,0,0.0,S1C_W0.810_r07,0.81,7
reassigned,123,0,0.0,S1C_W0.810_r07,0.81,7
reassigned,124,0,0.0,S1C_W0.810_r07,0.81,7
reassigned,125,0,0.0,S1C_W0.810_r07,0.81,7
reassigned,126,0,0.0,S1C_W0.810_r07,0.81,7
reassigned,127,0,0.0,S1C_W0.810_r07,0.81,7
reassigned,128,1,2.5431315104166665e-06,S1C_W0.810_r07,0.81,7
reassigned,129,2,5.086263020833333e-06,S1C_W0.810_r07,0.81,7
reassigned,130,0,0.0,S1C_W0.810_r07,0.81,7
reassigned,131,1,2.5431315104166665e-06,S1C_W0.810_r07,0.81,7
reassigned,132,0,0.0,S1C_W0.810_r07,0.81,7
reassigned,133,0,0.0,S1C_W0.810_r07,0.81,7
reassigned,134,1,2.5431315104166665e-06,S1C_W0.810_r07,0.81,7
reassigned,135,0,0.0,S1C_W0.810_r07,0.81,7
reassigned,136,0,0.0,S1C_W0.810_r07,0.81,7
reassigned,137,0,0.0,S1C_W0.810_r07,0.81,7
reassigned,138,1,2.5431315104166665e-06,S1C_W0.810_r07,0.81,7
reassigned,139,1,2.5431315104166665e-06,S1C_W0.810_r07,0.81,7
reassigned,140,0,0.0,S1C_W0.810_r07,0.81,7
reassigned,141,1,2.5431315104166665e-06,S1C_W0.810_r07,0.81,7
reassigned,142,1,2.5431315104166665e-06,S1C_W0.810_r07,0.81,7
reassigned,143,0,0.0,S1C_W0.810_r07,0.81,7
reassigned,144,0,0.0,S1C_W0.810_r07,0.81,7
reassigned,145,0,0.0,S1C_W0.810_r07,0.81,7
reassigned,146,0,0.0,S1C_W0.810_r07,0.81,7
reassigned,147,1,2.5431315104166665e-06,S1C_W0.810_r07,0.81,7
reassigned,148,0,0.0,S1C_W0.810_r07,0.81,7
reassigned,149,0,0.0,S1C_W0.810_r07,0.81,7
reassigned,150,1,2.5431315104166665e-06,S1C_W0.810_r07,0.81,7
reassigned,151,1,2.5431315104166665e-06,S1C_W0.810_r07,0.81,7
reassigned,152,0,0.0,S1C_W0.810_r07,0.81,7
reassigned,153,1,2.5431315104166665e-06,S1C_W0.810_r07,0.81,7
reassigned,154,1,2.5431315104166665e-06,S1C_W0.810_r07,0.81,7
original,0,1966,0.004999796549479167,S1C_W0.810_r08,0.81,8
original,1,5206,0.013239542643229166,S1C_W0.810_r08,0.81,8
original,2,12188,0.030995686848958332,S1C_W0.810_r08,0.81,8
original,3,24323,0.061856587727864586,S1C_W0.810_r08,0.81,8
original,4,37356,0.095001220703125,S1C_W0.810_r08,0.81,8
original,5,48849,0.12422943115234375,S1C_W0.810_r08,0.81,8
original,6,54077,0.1375249226888021,S1C_W0.810_r08,0.81,8
original,7,52738,0.13411966959635416,S1C_W0.810_r08,0.81,8
original,8,46154,0.11737569173177083,S1C_W0.810_r08,0.81,8
original,9,36686,0.09329732259114583,S1C_W0.810_r08,0.81,8
original,10,27018,0.0687103271484375,S1C_W0.810_r08,0.81,8
original,11,18518,0.047093709309895836,S1C_W0.810_r08,0.81,8
original,12,11643,0.02960968017578125,S1C_W0.810_r08,0.81,8
original,13,7114,0.018091837565104168,S1C_W0.810_r08,0.81,8
original,14,4025,0.010236104329427084,S1C_W0.810_r08,0.81,8
original,15,2158,0.005488077799479167,S1C_W0.810_r08,0.81,8
original,16,1077,0.00273895263671875,S1C_W0.810_r08,0.81,8
original,17,618,0.0015716552734375,S1C_W0.810_r08,0.81,8
original,18,329,0.0008366902669270834,S1C_W0.810_r08,0.81,8
original,19,185,0.0004704793294270833,S1C_W0.810_r08,0.81,8
original,20,109,0.0002772013346354167,S1C_W0.810_r08,0.81,8
original,21,88,0.00022379557291666666,S1C_W0.810_r08,0.81,8
original,22,69,0.00017547607421875,S1C_W0.810_r08,0.81,8
original,23,47,0.00011952718098958333,S1C_W0.810_r08,0.81,8
original,24,44,0.00011189778645833333,S1C_W0.810_r08,0.81,8
original,25,23,5.8492024739583336e-05,S1C_W0.810_r08,0.81,8
original,26,35,8.900960286458333e-05,S1C_W0.810_r08,0.81,8
original,27,31,7.883707682291667e-05,S1C_W0.810_r08,0.81,8
original,28,37,9.409586588541667e-05,S1C_W0.810_r08,0.81,8
original,29,32,8.138020833333333e-05,S1C_W0.810_r08,0.81,8
original,30,30,7.62939453125e-05,S1C_W0.810_r08,0.81,8
original,31,27,6.866455078125e-05,S1C_W0.810_r08,0.81,8
original,32,23,5.8492024739583336e-05,S1C_W0.810_r08,0.81,8
original,33,28,7.120768229166667e-05,S1C_W0.810_r08,0.81,8
original,34,24,6.103515625e-05,S1C_W0.810_r08,0.81,8
original,35,20,5.0862630208333336e-05,S1C_W0.810_r08,0.81,8
original,36,17,4.3233235677083336e-05,S1C_W0.810_r08,0.81,8
original,37,18,4.57763671875e-05,S1C_W0.810_r08,0.81,8
original,38,12,3.0517578125e-05,S1C_W0.810_r08,0.81,8
original,39,21,5.340576171875e-05,S1C_W0.810_r08,0.81,8
original,40,20,5.0862630208333336e-05,S1C_W0.810_r08,0.81,8
original,41,20,5.0862630208333336e-05,S1C_W0.810_r08,0.81,8
original,42,17,4.3233235677083336e-05,S1C_W0.810_r08,0.81,8
original,43,19,4.8319498697916664e-05,S1C_W0.810_r08,0.81,8
original,44,19,4.8319498697916664e-05,S1C_W0.810_r08,0.81,8
original,45,19,4.8319498697916664e-05,S1C_W0.810_r08,0.81,8
original,46,20,5.0862630208333336e-05,S1C_W0.810_r08,0.81,8
original,47,20,5.0862630208333336e-05,S1C_W0.810_r08,0.81,8
original,48,18,4.57763671875e-05,S1C_W0.810_r08,0.81,8
original,49,18,4.57763671875e-05,S1C_W0.810_r08,0.81,8
original,50,10,2.5431315104166668e-05,S1C_W0.810_r08,0.81,8
original,51,11,2.7974446614583332e-05,S1C_W0.810_r08,0.81,8
original,52,6,1.52587890625e-05,S1C_W0.810_r08,0.81,8
original,53,5,1.2715657552083334e-05,S1C_W0.810_r08,0.81,8
original,54,7,1.7801920572916668e-05,S1C_W0.810_r08,0.81,8
original,55,8,2.0345052083333332e-05,S1C_W0.810_r08,0.81,8
original,56,7,1.7801920572916668e-05,S1C_W0.810_r08,0.81,8
original,57,1,2.5431315104166665e-06,S1C_W0.810_r08,0.81,8
original,58,3,7.62939453125e-06,S1C_W0.810_r08,0.81,8
original,59,0,0.0,S1C_W0.810_r08,0.81,8
original,60,1,2.5431315104166665e-06,S1C_W0.810_r08,0.81,8
original,61,1,2.5431315104166665e-06,S1C_W0.810_r08,0.81,8
original,62,0,0.0,S1C_W0.810_r08,0.81,8
original,63,0,0.0,S1C_W0.810_r08,0.81,8
original,64,0,0.0,S1C_W0.810_r08,0.81,8
original,65,0,0.0,S1C_W0.810_r08,0.81,8
original,66,1,2.5431315104166665e-06,S1C_W0.810_r08,0.81,8
original,67,0,0.0,S1C_W0.810_r08,0.81,8
original,68,1,2.5431315104166665e-06,S1C_W0.810_r08,0.81,8
original,69,0,0.0,S1C_W0.810_r08,0.81,8
original,70,1,2.5431315104166665e-06,S1C_W0.810_r08,0.81,8
reassigned,0,8792,0.022359212239583332,S1C_W0.810_r08,0.81,8
reassigned,1,13535,0.034421284993489586,S1C_W0.810_r08,0.81,8
reassigned,2,25313,0.06437428792317708,S1C_W0.810_r08,0.81,8
reassigned,3,36167,0.09197743733723958,S1C_W0.810_r08,0.81,8
reassigned,4,42354,0.1077117919921875,S1C_W0.810_r08,0.81,8
reassigned,5,43808,0.11140950520833333,S1C_W0.810_r08,0.81,8
reassigned,6,41582,0.10574849446614583,S1C_W0.810_r08,0.81,8
reassigned,7,36753,0.09346771240234375,S1C_W0.810_r08,0.81,8
reassigned,8,31185,0.07930755615234375,S1C_W0.810_r08,0.81,8
reassigned,9,25398,0.0645904541015625,S1C_W0.810_r08,0.81,8
reassigned,10,20229,0.05144500732421875,S1C_W0.810_r08,0.81,8
reassigned,11,15600,0.0396728515625,S1C_W0.810_r08,0.81,8
reassigned,12,12082,0.030726114908854168,S1C_W0.810_r08,0.81,8
reassigned,13,9158,0.023289998372395832,S1C_W0.810_r08,0.81,8
reassigned,14,7003,0.017809549967447918,S1C_W0.810_r08,0.81,8
reassigned,15,5263,0.013384501139322916,S1C_W0.810_r08,0.81,8
reassigned,16,4082,0.010381062825520834,S1C_W0.810_r08,0.81,8
reassigned,17,3147,0.00800323486328125,S1C_W0.810_r08,0.81,8
reassigned,18,2377,0.006045023600260417,S1C_W0.810_r08,0.81,8
reassigned,19,1873,0.004763285319010417,S1C_W0.810_r08,0.81,8
reassigned,20,1416,0.00360107421875,S1C_W0.810_r08,0.81,8
reassigned,21,1125,0.00286102294921875,S1C_W0.810_r08,0.81,8
reassigned,22,939,0.00238800048828125,S1C_W0.810_r08,0.81,8
reassigned,23,744,0.00189208984375,S1C_W0.810_r08,0.81,8
reassigned,24,576,0.00146484375,S1C_W0.810_r08,0.81,8
reassigned,25,481,0.0012232462565104167,S1C_W0.810_r08,0.81,8
reassigned,26,399,0.00101470947265625,S1C_W0.810_r08,0.81,8
reassigned,27,278,0.0007069905598958334,S1C_W0.810_r08,0.81,8
reassigned,28,251,0.0006383260091145834,S1C_W0.810_r08,0.81,8
reassigned,29,206,0.0005238850911458334,S1C_W0.810_r08,0.81,8
reassigned,30,157,0.0003992716471354167,S1C_W0.810_r08,0.81,8
reassigned,31,129,0.00032806396484375,S1C_W0.810_r08,0.81,8
reassigned,32,103,0.0002619425455729167,S1C_W0.810_r08,0.81,8
reassigned,33,79,0.00020090738932291666,S1C_W0.810_r08,0.81,8
reassigned,34,63,0.00016021728515625,S1C_W0.810_r08,0.81,8
reassigned,35,49,0.00012461344401041666,S1C_W0.810_r08,0.81,8
reassigned,36,42,0.0001068115234375,S1C_W0.810_r08,0.81,8
reassigned,37,43,0.00010935465494791667,S1C_W0.810_r08,0.81,8
reassigned,38,25,6.357828776041667e-05,S1C_W0.810_r08,0.81,8
reassigned,39,32,8.138020833333333e-05,S1C_W0.810_r08,0.81,8
reassigned,40,25,6.357828776041667e-05,S1C_W0.810_r08,0.81,8
reassigned,41,16,4.0690104166666664e-05,S1C_W0.810_r08,0.81,8
reassigned,42,22,5.5948893229166664e-05,S1C_W0.810_r08,0.81,8
reassigned,43,18,4.57763671875e-05,S1C_W0.810_r08,0.81,8
reassigned,44,15,3.814697265625e-05,S1C_W0.810_r08,0.81,8
reassigned,45,12,3.0517578125e-05,S1C_W0.810_r08,0.81,8
reassigned,46,12,3.0517578125e-05,S1C_W0.810_r08,0.81,8
reassigned,47,10,2.5431315104166668e-05,S1C_W0.810_r08,0.81,8
reassigned,48,8,2.0345052083333332e-05,S1C_W0.810_r08,0.81,8
reassigned,49,7,1.7801920572916668e-05,S1C_W0.810_r08,0.81,8
reassigned,50,10,2.5431315104166668e-05,S1C_W0.810_r08,0.81,8
reassigned,51,7,1.7801920572916668e-05,S1C_W0.810_r08,0.81,8
reassigned,52,6,1.52587890625e-05,S1C_W0.810_r08,0.81,8
reassigned,53,9,2.288818359375e-05,S1C_W0.810_r08,0.81,8
reassigned,54,9,2.288818359375e-05,S1C_W0.810_r08,0.81,8
reassigned,55,4,1.0172526041666666e-05,S1C_W0.810_r08,0.81,8
reassigned,56,6,1.52587890625e-05,S1C_W0.810_r08,0.81,8
reassigned,57,7,1.7801920572916668e-05,S1C_W0.810_r08,0.81,8
reassigned,58,4,1.0172526041666666e-05,S1C_W0.810_r08,0.81,8
reassigned,59,6,1.52587890625e-05,S1C_W0.810_r08,0.81,8
reassigned,60,6,1.52587890625e-05,S1C_W0.810_r08,0.81,8
reassigned,61,6,1.52587890625e-05,S1C_W0.810_r08,0.81,8
reassigned,62,5,1.2715657552083334e-05,S1C_W0.810_r08,0.81,8
reassigned,63,8,2.0345052083333332e-05,S1C_W0.810_r08,0.81,8
reassigned,64,3,7.62939453125e-06,S1C_W0.810_r08,0.81,8
reassigned,65,4,1.0172526041666666e-05,S1C_W0.810_r08,0.81,8
reassigned,66,6,1.52587890625e-05,S1C_W0.810_r08,0.81,8
reassigned,67,4,1.0172526041666666e-05,S1C_W0.810_r08,0.81,8
reassigned,68,5,1.2715657552083334e-05,S1C_W0.810_r08,0.81,8
reassigned,69,3,7.62939453125e-06,S1C_W0.810_r08,0.81,8
reassigned,70,5,1.2715657552083334e-05,S1C_W0.810_r08,0.81,8
reassigned,71,2,5.086263020833333e-06,S1C_W0.810_r08,0.81,8
reassigned,72,2,5.086263020833333e-06,S1C_W0.810_r08,0.81,8
reassigned,73,1,2.5431315104166665e-06,S1C_W0.810_r08,0.81,8
reassigned,74,4,1.0172526041666666e-05,S1C_W0.810_r08,0.81,8
reassigned,75,3,7.62939453125e-06,S1C_W0.810_r08,0.81,8
reassigned,76,4,1.0172526041666666e-05,S1C_W0.810_r08,0.81,8
reassigned,77,2,5.086263020833333e-06,S1C_W0.810_r08,0.81,8
reassigned,78,0,0.0,S1C_W0.810_r08,0.81,8
reassigned,79,4,1.0172526041666666e-05,S1C_W0.810_r08,0.81,8
reassigned,80,5,1.2715657552083334e-05,S1C_W0.810_r08,0.81,8
reassigned,81,2,5.086263020833333e-06,S1C_W0.810_r08,0.81,8
reassigned,82,5,1.2715657552083334e-05,S1C_W0.810_r08,0.81,8
reassigned,83,3,7.62939453125e-06,S1C_W0.810_r08,0.81,8
reassigned,84,3,7.62939453125e-06,S1C_W0.810_r08,0.81,8
reassigned,85,3,7.62939453125e-06,S1C_W0.810_r08,0.81,8
reassigned,86,0,0.0,S1C_W0.810_r08,0.81,8
reassigned,87,2,5.086263020833333e-06,S1C_W0.810_r08,0.81,8
reassigned,88,3,7.62939453125e-06,S1C_W0.810_r08,0.81,8
reassigned,89,1,2.5431315104166665e-06,S1C_W0.810_r08,0.81,8
reassigned,90,1,2.5431315104166665e-06,S1C_W0.810_r08,0.81,8
reassigned,91,0,0.0,S1C_W0.810_r08,0.81,8
reassigned,92,2,5.086263020833333e-06,S1C_W0.810_r08,0.81,8
reassigned,93,2,5.086263020833333e-06,S1C_W0.810_r08,0.81,8
reassigned,94,1,2.5431315104166665e-06,S1C_W0.810_r08,0.81,8
reassigned,95,6,1.52587890625e-05,S1C_W0.810_r08,0.81,8
reassigned,96,0,0.0,S1C_W0.810_r08,0.81,8
reassigned,97,1,2.5431315104166665e-06,S1C_W0.810_r08,0.81,8
reassigned,98,3,7.62939453125e-06,S1C_W0.810_r08,0.81,8
reassigned,99,3,7.62939453125e-06,S1C_W0.810_r08,0.81,8
reassigned,100,1,2.5431315104166665e-06,S1C_W0.810_r08,0.81,8
reassigned,101,2,5.086263020833333e-06,S1C_W0.810_r08,0.81,8
reassigned,102,2,5.086263020833333e-06,S1C_W0.810_r08,0.81,8
reassigned,103,1,2.5431315104166665e-06,S1C_W0.810_r08,0.81,8
reassigned,104,1,2.5431315104166665e-06,S1C_W0.810_r08,0.81,8
reassigned,105,1,2.5431315104166665e-06,S1C_W0.810_r08,0.81,8
reassigned,106,2,5.086263020833333e-06,S1C_W0.810_r08,0.81,8
reassigned,107,2,5.086263020833333e-06,S1C_W0.810_r08,0.81,8
reassigned,108,2,5.086263020833333e-06,S1C_W0.810_r08,0.81,8
reassigned,109,1,2.5431315104166665e-06,S1C_W0.810_r08,0.81,8
reassigned,110,2,5.086263020833333e-06,S1C_W0.810_r08,0.81,8
reassigned,111,0,0.0,S1C_W0.810_r08,0.81,8
reassigned,112,3,7.62939453125e-06,S1C_W0.810_r08,0.81,8
reassigned,113,1,2.5431315104166665e-06,S1C_W0.810_r08,0.81,8
reassigned,114,2,5.086263020833333e-06,S1C_W0.810_r08,0.81,8
reassigned,115,2,5.086263020833333e-06,S1C_W0.810_r08,0.81,8
reassigned,116,0,0.0,S1C_W0.810_r08,0.81,8
reassigned,117,0,0.0,S1C_W0.810_r08,0.81,8
reassigned,118,1,2.5431315104166665e-06,S1C_W0.810_r08,0.81,8
reassigned,119,0,0.0,S1C_W0.810_r08,0.81,8
reassigned,120,1,2.5431315104166665e-06,S1C_W0.810_r08,0.81,8
reassigned,121,0,0.0,S1C_W0.810_r08,0.81,8
reassigned,122,0,0.0,S1C_W0.810_r08,0.81,8
reassigned,123,0,0.0,S1C_W0.810_r08,0.81,8
reassigned,124,3,7.62939453125e-06,S1C_W0.810_r08,0.81,8
reassigned,125,0,0.0,S1C_W0.810_r08,0.81,8
reassigned,126,0,0.0,S1C_W0.810_r08,0.81,8
reassigned,127,0,0.0,S1C_W0.810_r08,0.81,8
reassigned,128,0,0.0,S1C_W0.810_r08,0.81,8
reassigned,129,2,5.086263020833333e-06,S1C_W0.810_r08,0.81,8
reassigned,130,0,0.0,S1C_W0.810_r08,0.81,8
reassigned,131,0,0.0,S1C_W0.810_r08,0.81,8
reassigned,132,0,0.0,S1C_W0.810_r08,0.81,8
reassigned,133,2,5.086263020833333e-06,S1C_W0.810_r08,0.81,8
reassigned,134,0,0.0,S1C_W0.810_r08,0.81,8
reassigned,135,0,0.0,S1C_W0.810_r08,0.81,8
reassigned,136,0,0.0,S1C_W0.810_r08,0.81,8
reassigned,137,0,0.0,S1C_W0.810_r08,0.81,8
reassigned,138,0,0.0,S1C_W0.810_r08,0.81,8
reassigned,139,0,0.0,S1C_W0.810_r08,0.81,8
reassigned,140,1,2.5431315104166665e-06,S1C_W0.810_r08,0.81,8
reassigned,141,1,2.5431315104166665e-06,S1C_W0.810_r08,0.81,8
reassigned,142,0,0.0,S1C_W0.810_r08,0.81,8
reassigned,143,1,2.5431315104166665e-06,S1C_W0.810_r08,0.81,8
reassigned,144,0,0.0,S1C_W0.810_r08,0.81,8
reassigned,145,2,5.086263020833333e-06,S1C_W0.810_r08,0.81,8
reassigned,146,0,0.0,S1C_W0.810_r08,0.81,8
reassigned,147,0,0.0,S1C_W0.810_r08,0.81,8
reassigned,148,1,2.5431315104166665e-06,S1C_W0.810_r08,0.81,8
reassigned,149,0,0.0,S1C_W0.810_r08,0.81,8
reassigned,150,0,0.0,S1C_W0.810_r08,0.81,8
reassigned,151,0,0.0,S1C_W0.810_r08,0.81,8
reassigned,152,0,0.0,S1C_W0.810_r08,0.81,8
reassigned,153,0,0.0,S1C_W0.810_r08,0.81,8
reassigned,154,0,0.0,S1C_W0.810_r08,0.81,8
reassigned,155,1,2.5431315104166665e-06,S1C_W0.810_r08,0.81,8
reassigned,156,0,0.0,S1C_W0.810_r08,0.81,8
reassigned,157,1,2.5431315104166665e-06,S1C_W0.810_r08,0.81,8
original,0,1886,0.004796346028645833,S1C_W0.810_r09,0.81,9
original,1,5301,0.01348114013671875,S1C_W0.810_r09,0.81,9
original,2,12485,0.031750996907552086,S1C_W0.810_r09,0.81,9
original,3,23875,0.060717264811197914,S1C_W0.810_r09,0.81,9
original,4,37562,0.09552510579427083,S1C_W0.810_r09,0.81,9
original,5,48663,0.12375640869140625,S1C_W0.810_r09,0.81,9
original,6,54290,0.13806660970052084,S1C_W0.810_r09,0.81,9
original,7,52852,0.13440958658854166,S1C_W0.810_r09,0.81,9
original,8,45818,0.11652119954427083,S1C_W0.810_r09,0.81,9
original,9,37129,0.09442392985026042,S1C_W0.810_r09,0.81,9
original,10,26946,0.0685272216796875,S1C_W0.810_r09,0.81,9
original,11,18189,0.04625701904296875,S1C_W0.810_r09,0.81,9
original,12,11697,0.02974700927734375,S1C_W0.810_r09,0.81,9
original,13,6909,0.01757049560546875,S1C_W0.810_r09,0.81,9
original,14,4066,0.010340372721354166,S1C_W0.810_r09,0.81,9
original,15,2180,0.005544026692708333,S1C_W0.810_r09,0.81,9
original,16,1195,0.0030390421549479165,S1C_W0.810_r09,0.81,9
original,17,627,0.00159454345703125,S1C_W0.810_r09,0.81,9
original,18,347,0.0008824666341145834,S1C_W0.810_r09,0.81,9
original,19,217,0.0005518595377604166,S1C_W0.810_r09,0.81,9
original,20,110,0.0002797444661458333,S1C_W0.810_r09,0.81,9
original,21,83,0.00021107991536458334,S1C_W0.810_r09,0.81,9
original,22,60,0.000152587890625,S1C_W0.810_r09,0.81,9
original,23,51,0.00012969970703125,S1C_W0.810_r09,0.81,9
original,24,38,9.663899739583333e-05,S1C_W0.810_r09,0.81,9
original,25,34,8.646647135416667e-05,S1C_W0.810_r09,0.81,9
original,26,30,7.62939453125e-05,S1C_W0.810_r09,0.81,9
original,27,26,6.612141927083333e-05,S1C_W0.810_r09,0.81,9
original,28,26,6.612141927083333e-05,S1C_W0.810_r09,0.81,9
original,29,33,8.392333984375e-05,S1C_W0.810_r09,0.81,9
original,30,27,6.866455078125e-05,S1C_W0.810_r09,0.81,9
original,31,34,8.646647135416667e-05,S1C_W0.810_r09,0.81,9
original,32,18,4.57763671875e-05,S1C_W0.810_r09,0.81,9
original,33,29,7.375081380208333e-05,S1C_W0.810_r09,0.81,9
original,34,26,6.612141927083333e-05,S1C_W0.810_r09,0.81,9
original,35,25,6.357828776041667e-05,S1C_W0.810_r09,0.81,9
original,36,19,4.8319498697916664e-05,S1C_W0.810_r09,0.81,9
original,37,24,6.103515625e-05,S1C_W0.810_r09,0.81,9
original,38,26,6.612141927083333e-05,S1C_W0.810_r09,0.81,9
original,39,24,6.103515625e-05,S1C_W0.810_r09,0.81,9
original,40,24,6.103515625e-05,S1C_W0.810_r09,0.81,9
original,41,16,4.0690104166666664e-05,S1C_W0.810_r09,0.81,9
original,42,22,5.5948893229166664e-05,S1C_W0.810_r09,0.81,9
original,43,28,7.120768229166667e-05,S1C_W0.810_r09,0.81,9
original,44,15,3.814697265625e-05,S1C_W0.810_r09,0.81,9
original,45,16,4.0690104166666664e-05,S1C_W0.810_r09,0.81,9
original,46,16,4.0690104166666664e-05,S1C_W0.810_r09,0.81,9
original,47,10,2.5431315104166668e-05,S1C_W0.810_r09,0.81,9
original,48,11,2.7974446614583332e-05,S1C_W0.810_r09,0.81,9
original,49,17,4.3233235677083336e-05,S1C_W0.810_r09,0.81,9
original,50,10,2.5431315104166668e-05,S1C_W0.810_r09,0.81,9
original,51,10,2.5431315104166668e-05,S1C_W0.810_r09,0.81,9
original,52,6,1.52587890625e-05,S1C_W0.810_r09,0.81,9
original,53,7,1.7801920572916668e-05,S1C_W0.810_r09,0.81,9
original,54,4,1.0172526041666666e-05,S1C_W0.810_r09,0.81,9
original,55,9,2.288818359375e-05,S1C_W0.810_r09,0.81,9
original,56,3,7.62939453125e-06,S1C_W0.810_r09,0.81,9
original,57,9,2.288818359375e-05,S1C_W0.810_r09,0.81,9
original,58,1,2.5431315104166665e-06,S1C_W0.810_r09,0.81,9
original,59,2,5.086263020833333e-06,S1C_W0.810_r09,0.81,9
original,60,1,2.5431315104166665e-06,S1C_W0.810_r09,0.81,9
original,61,1,2.5431315104166665e-06,S1C_W0.810_r09,0.81,9
original,62,1,2.5431315104166665e-06,S1C_W0.810_r09,0.81,9
reassigned,0,8818,0.022425333658854168,S1C_W0.810_r09,0.81,9
reassigned,1,12876,0.032745361328125,S1C_W0.810_r09,0.81,9
reassigned,2,24924,0.063385009765625,S1C_W0.810_r09,0.81,9
reassigned,3,35961,0.09145355224609375,S1C_W0.810_r09,0.81,9
reassigned,4,42862,0.10900370279947917,S1C_W0.810_r09,0.81,9
reassigned,5,44677,0.11361948649088542,S1C_W0.810_r09,0.81,9
reassigned,6,42501,0.10808563232421875,S1C_W0.810_r09,0.81,9
reassigned,7,37251,0.09473419189453125,S1C_W0.810_r09,0.81,9
reassigned,8,30896,0.07857259114583333,S1C_W0.810_r09,0.81,9
reassigned,9,24878,0.06326802571614583,S1C_W0.810_r09,0.81,9
reassigned,10,19608,0.04986572265625,S1C_W0.810_r09,0.81,9
reassigned,11,15380,0.039113362630208336,S1C_W0.810_r09,0.81,9
reassigned,12,11678,0.029698689778645832,S1C_W0.810_r09,0.81,9
reassigned,13,9033,0.02297210693359375,S1C_W0.810_r09,0.81,9
reassigned,14,6854,0.017430623372395832,S1C_W0.810_r09,0.81,9
reassigned,15,5315,0.013516743977864584,S1C_W0.810_r09,0.81,9
reassigned,16,4087,0.010393778483072916,S1C_W0.810_r09,0.81,9
reassigned,17,3238,0.008234659830729166,S1C_W0.810_r09,0.81,9
reassigned,18,2562,0.0065155029296875,S1C_W0.810_r09,0.81,9
reassigned,19,1973,0.005017598470052083,S1C_W0.810_r09,0.81,9
reassigned,20,1480,0.0037638346354166665,S1C_W0.810_r09,0.81,9
reassigned,21,1274,0.0032399495442708335,S1C_W0.810_r09,0.81,9
reassigned,22,1007,0.0025609334309895835,S1C_W0.810_r09,0.81,9
reassigned,23,796,0.0020243326822916665,S1C_W0.810_r09,0.81,9
reassigned,24,574,0.0014597574869791667,S1C_W0.810_r09,0.81,9
reassigned,25,493,0.0012537638346354167,S1C_W0.810_r09,0.81,9
reassigned,26,415,0.0010553995768229167,S1C_W0.810_r09,0.81,9
reassigned,27,314,0.0007985432942708334,S1C_W0.810_r09,0.81,9
reassigned,28,214,0.0005442301432291666,S1C_W0.810_r09,0.81,9
reassigned,29,189,0.00048065185546875,S1C_W0.810_r09,0.81,9
reassigned,30,164,0.0004170735677083333,S1C_W0.810_r09,0.81,9
reassigned,31,105,0.00026702880859375,S1C_W0.810_r09,0.81,9
reassigned,32,102,0.0002593994140625,S1C_W0.810_r09,0.81,9
reassigned,33,100,0.0002543131510416667,S1C_W0.810_r09,0.81,9
reassigned,34,81,0.00020599365234375,S1C_W0.810_r09,0.81,9
reassigned,35,71,0.00018056233723958334,S1C_W0.810_r09,0.81,9
reassigned,36,45,0.00011444091796875,S1C_W0.810_r09,0.81,9
reassigned,37,37,9.409586588541667e-05,S1C_W0.810_r09,0.81,9
reassigned,38,40,0.00010172526041666667,S1C_W0.810_r09,0.81,9
reassigned,39,33,8.392333984375e-05,S1C_W0.810_r09,0.81,9
reassigned,40,22,5.5948893229166664e-05,S1C_W0.810_r09,0.81,9
reassigned,41,30,7.62939453125e-05,S1C_W0.810_r09,0.81,9
reassigned,42,21,5.340576171875e-05,S1C_W0.810_r09,0.81,9
reassigned,43,16,4.0690104166666664e-05,S1C_W0.810_r09,0.81,9
reassigned,44,13,3.3060709635416664e-05,S1C_W0.810_r09,0.81,9
reassigned,45,17,4.3233235677083336e-05,S1C_W0.810_r09,0.81,9
reassigned,46,11,2.7974446614583332e-05,S1C_W0.810_r09,0.81,9
reassigned,47,9,2.288818359375e-05,S1C_W0.810_r09,0.81,9
reassigned,48,9,2.288818359375e-05,S1C_W0.810_r09,0.81,9
reassigned,49,9,2.288818359375e-05,S1C_W0.810_r09,0.81,9
reassigned,50,6,1.52587890625e-05,S1C_W0.810_r09,0.81,9
reassigned,51,8,2.0345052083333332e-05,S1C_W0.810_r09,0.81,9
reassigned,52,8,2.0345052083333332e-05,S1C_W0.810_r09,0.81,9
reassigned,53,8,2.0345052083333332e-05,S1C_W0.810_r09,0.81,9
reassigned,54,6,1.52587890625e-05,S1C_W0.810_r09,0.81,9
reassigned,55,3,7.62939453125e-06,S1C_W0.810_r09,0.81,9
reassigned,56,7,1.7801920572916668e-05,S1C_W0.810_r09,0.81,9
reassigned,57,6,1.52587890625e-05,S1C_W0.810_r09,0.81,9
reassigned,58,2,5.086263020833333e-06,S1C_W0.810_r09,0.81,9
reassigned,59,2,5.086263020833333e-06,S1C_W0.810_r09,0.81,9
reassigned,60,6,1.52587890625e-05,S1C_W0.810_r09,0.81,9
reassigned,61,1,2.5431315104166665e-06,S1C_W0.810_r09,0.81,9
reassigned,62,7,1.7801920572916668e-05,S1C_W0.810_r09,0.81,9
reassigned,63,1,2.5431315104166665e-06,S1C_W0.810_r09,0.81,9
reassigned,64,1,2.5431315104166665e-06,S1C_W0.810_r09,0.81,9
reassigned,65,3,7.62939453125e-06,S1C_W0.810_r09,0.81,9
reassigned,66,1,2.5431315104166665e-06,S1C_W0.810_r09,0.81,9
reassigned,67,3,7.62939453125e-06,S1C_W0.810_r09,0.81,9
reassigned,68,1,2.5431315104166665e-06,S1C_W0.810_r09,0.81,9
reassigned,69,7,1.7801920572916668e-05,S1C_W0.810_r09,0.81,9
reassigned,70,1,2.5431315104166665e-06,S1C_W0.810_r09,0.81,9
reassigned,71,2,5.086263020833333e-06,S1C_W0.810_r09,0.81,9
reassigned,72,4,1.0172526041666666e-05,S1C_W0.810_r09,0.81,9
reassigned,73,1,2.5431315104166665e-06,S1C_W0.810_r09,0.81,9
reassigned,74,2,5.086263020833333e-06,S1C_W0.810_r09,0.81,9
reassigned,75,1,2.5431315104166665e-06,S1C_W0.810_r09,0.81,9
reassigned,76,3,7.62939453125e-06,S1C_W0.810_r09,0.81,9
reassigned,77,3,7.62939453125e-06,S1C_W0.810_r09,0.81,9
reassigned,78,2,5.086263020833333e-06,S1C_W0.810_r09,0.81,9
reassigned,79,1,2.5431315104166665e-06,S1C_W0.810_r09,0.81,9
reassigned,80,3,7.62939453125e-06,S1C_W0.810_r09,0.81,9
reassigned,81,1,2.5431315104166665e-06,S1C_W0.810_r09,0.81,9
reassigned,82,1,2.5431315104166665e-06,S1C_W0.810_r09,0.81,9
reassigned,83,3,7.62939453125e-06,S1C_W0.810_r09,0.81,9
reassigned,84,0,0.0,S1C_W0.810_r09,0.81,9
reassigned,85,0,0.0,S1C_W0.810_r09,0.81,9
reassigned,86,0,0.0,S1C_W0.810_r09,0.81,9
reassigned,87,1,2.5431315104166665e-06,S1C_W0.810_r09,0.81,9
reassigned,88,0,0.0,S1C_W0.810_r09,0.81,9
reassigned,89,1,2.5431315104166665e-06,S1C_W0.810_r09,0.81,9
reassigned,90,2,5.086263020833333e-06,S1C_W0.810_r09,0.81,9
reassigned,91,1,2.5431315104166665e-06,S1C_W0.810_r09,0.81,9
reassigned,92,2,5.086263020833333e-06,S1C_W0.810_r09,0.81,9
reassigned,93,0,0.0,S1C_W0.810_r09,0.81,9
reassigned,94,1,2.5431315104166665e-06,S1C_W0.810_r09,0.81,9
reassigned,95,1,2.5431315104166665e-06,S1C_W0.810_r09,0.81,9
reassigned,96,0,0.0,S1C_W0.810_r09,0.81,9
reassigned,97,0,0.0,S1C_W0.810_r09,0.81,9
reassigned,98,1,2.5431315104166665e-06,S1C_W0.810_r09,0.81,9
reassigned,99,1,2.5431315104166665e-06,S1C_W0.810_r09,0.81,9
reassigned,100,0,0.0,S1C_W0.810_r09,0.81,9
reassigned,101,1,2.5431315104166665e-06,S1C_W0.810_r09,0.81,9
reassigned,102,3,7.62939453125e-06,S1C_W0.810_r09,0.81,9
reassigned,103,0,0.0,S1C_W0.810_r09,0.81,9
reassigned,104,1,2.5431315104166665e-06,S1C_W0.810_r09,0.81,9
reassigned,105,0,0.0,S1C_W0.810_r09,0.81,9
reassigned,106,0,0.0,S1C_W0.810_r09,0.81,9
reassigned,107,0,0.0,S1C_W0.810_r09,0.81,9
reassigned,108,1,2.5431315104166665e-06,S1C_W0.810_r09,0.81,9
reassigned,109,0,0.0,S1C_W0.810_r09,0.81,9
reassigned,110,0,0.0,S1C_W0.810_r09,0.81,9
reassigned,111,1,2.5431315104166665e-06,S1C_W0.810_r09,0.81,9
reassigned,112,0,0.0,S1C_W0.810_r09,0.81,9
reassigned,113,0,0.0,S1C_W0.810_r09,0.81,9
reassigned,114,0,0.0,S1C_W0.810_r09,0.81,9
reassigned,115,0,0.0,S1C_W0.810_r09,0.81,9
reassigned,116,1,2.5431315104166665e-06,S1C_W0.810_r09,0.81,9
reassigned,117,0,0.0,S1C_W0.810_r09,0.81,9
reassigned,118,0,0.0,S1C_W0.810_r09,0.81,9
reassigned,119,1,2.5431315104166665e-06,S1C_W0.810_r09,0.81,9
reassigned,120,2,5.086263020833333e-06,S1C_W0.810_r09,0.81,9
reassigned,121,2,5.086263020833333e-06,S1C_W0.810_r09,0.81,9
reassigned,122,3,7.62939453125e-06,S1C_W0.810_r09,0.81,9
reassigned,123,0,0.0,S1C_W0.810_r09,0.81,9
reassigned,124,1,2.5431315104166665e-06,S1C_W0.810_r09,0.81,9
reassigned,125,1,2.5431315104166665e-06,S1C_W0.810_r09,0.81,9
reassigned,126,0,0.0,S1C_W0.810_r09,0.81,9
reassigned,127,0,0.0,S1C_W0.810_r09,0.81,9
reassigned,128,1,2.5431315104166665e-06,S1C_W0.810_r09,0.81,9
reassigned,129,0,0.0,S1C_W0.810_r09,0.81,9
reassigned,130,1,2.5431315104166665e-06,S1C_W0.810_r09,0.81,9
reassigned,131,1,2.5431315104166665e-06,S1C_W0.810_r09,0.81,9
reassigned,132,0,0.0,S1C_W0.810_r09,0.81,9
reassigned,133,0,0.0,S1C_W0.810_r09,0.81,9
reassigned,134,0,0.0,S1C_W0.810_r09,0.81,9
reassigned,135,1,2.5431315104166665e-06,S1C_W0.810_r09,0.81,9
reassigned,136,1,2.5431315104166665e-06,S1C_W0.810_r09,0.81,9
reassigned,137,0,0.0,S1C_W0.810_r09,0.81,9
reassigned,138,2,5.086263020833333e-06,S1C_W0.810_r09,0.81,9
reassigned,139,0,0.0,S1C_W0.810_r09,0.81,9
reassigned,140,1,2.5431315104166665e-06,S1C_W0.810_r09,0.81,9
reassigned,141,0,0.0,S1C_W0.810_r09,0.81,9
reassigned,142,0,0.0,S1C_W0.810_r09,0.81,9
reassigned,143,0,0.0,S1C_W0.810_r09,0.81,9
reassigned,144,1,2.5431315104166665e-06,S1C_W0.810_r09,0.81,9
original,0,1826,0.004643758138020833,S1C_W0.810_r10,0.81,10
original,1,5399,0.013730367024739584,S1C_W0.810_r10,0.81,10
original,2,12361,0.031435648600260414,S1C_W0.810_r10,0.81,10
original,3,24130,0.061365763346354164,S1C_W0.810_r10,0.81,10
original,4,37692,0.095855712890625,S1C_W0.810_r10,0.81,10
original,5,48606,0.1236114501953125,S1C_W0.810_r10,0.81,10
original,6,54076,0.13752237955729166,S1C_W0.810_r10,0.81,10
original,7,52790,0.13425191243489584,S1C_W0.810_r10,0.81,10
original,8,45823,0.11653391520182292,S1C_W0.810_r10,0.81,10
original,9,37002,0.0941009521484375,S1C_W0.810_r10,0.81,10
original,10,26804,0.06816609700520833,S1C_W0.810_r10,0.81,10
original,11,18250,0.046412150065104164,S1C_W0.810_r10,0.81,10
original,12,11768,0.029927571614583332,S1C_W0.810_r10,0.81,10
original,13,7136,0.018147786458333332,S1C_W0.810_r10,0.81,10
original,14,4038,0.0102691650390625,S1C_W0.810_r10,0.81,10
original,15,2184,0.00555419921875,S1C_W0.810_r10,0.81,10
original,16,1101,0.00279998779296875,S1C_W0.810_r10,0.81,10
original,17,690,0.0017547607421875,S1C_W0.810_r10,0.81,10
original,18,362,0.0009206136067708334,S1C_W0.810_r10,0.81,10
original,19,173,0.0004399617513020833,S1C_W0.810_r10,0.81,10
original,20,126,0.0003204345703125,S1C_W0.810_r10,0.81,10
original,21,69,0.00017547607421875,S1C_W0.810_r10,0.81,10
original,22,66,0.0001678466796875,S1C_W0.810_r10,0.81,10
original,23,54,0.0001373291015625,S1C_W0.810_r10,0.81,10
original,24,40,0.00010172526041666667,S1C_W0.810_r10,0.81,10
original,25,49,0.00012461344401041666,S1C_W0.810_r10,0.81,10
original,26,36,9.1552734375e-05,S1C_W0.810_r10,0.81,10
original,27,33,8.392333984375e-05,S1C_W0.810_r10,0.81,10
original,28,28,7.120768229166667e-05,S1C_W0.810_r10,0.81,10
original,29,36,9.1552734375e-05,S1C_W0.810_r10,0.81,10
original,30,37,9.409586588541667e-05,S1C_W0.810_r10,0.81,10
original,31,26,6.612141927083333e-05,S1C_W0.810_r10,0.81,10
original,32,21,5.340576171875e-05,S1C_W0.810_r10,0.81,10
original,33,31,7.883707682291667e-05,S1C_W0.810_r10,0.81,10
original,34,24,6.103515625e-05,S1C_W0.810_r10,0.81,10
original,35,17,4.3233235677083336e-05,S1C_W0.810_r10,0.81,10
original,36,21,5.340576171875e-05,S1C_W0.810_r10,0.81,10
original,37,22,5.5948893229166664e-05,S1C_W0.810_r10,0.81,10
original,38,21,5.340576171875e-05,S1C_W0.810_r10,0.81,10
original,39,28,7.120768229166667e-05,S1C_W0.810_r10,0.81,10
original,40,25,6.357828776041667e-05,S1C_W0.810_r10,0.81,10
original,41,25,6.357828776041667e-05,S1C_W0.810_r10,0.81,10
original,42,16,4.0690104166666664e-05,S1C_W0.810_r10,0.81,10
original,43,11,2.7974446614583332e-05,S1C_W0.810_r10,0.81,10
original,44,14,3.5603841145833336e-05,S1C_W0.810_r10,0.81,10
original,45,15,3.814697265625e-05,S1C_W0.810_r10,0.81,10
original,46,8,2.0345052083333332e-05,S1C_W0.810_r10,0.81,10
original,47,11,2.7974446614583332e-05,S1C_W0.810_r10,0.81,10
original,48,15,3.814697265625e-05,S1C_W0.810_r10,0.81,10
original,49,10,2.5431315104166668e-05,S1C_W0.810_r10,0.81,10
original,50,8,2.0345052083333332e-05,S1C_W0.810_r10,0.81,10
original,51,13,3.3060709635416664e-05,S1C_W0.810_r10,0.81,10
original,52,6,1.52587890625e-05,S1C_W0.810_r10,0.81,10
original,53,3,7.62939453125e-06,S1C_W0.810_r10,0.81,10
original,54,9,2.288818359375e-05,S1C_W0.810_r10,0.81,10
original,55,4,1.0172526041666666e-05,S1C_W0.810_r10,0.81,10
original,56,4,1.0172526041666666e-05,S1C_W0.810_r10,0.81,10
original,57,3,7.62939453125e-06,S1C_W0.810_r10,0.81,10
original,58,8,2.0345052083333332e-05,S1C_W0.810_r10,0.81,10
original,59,1,2.5431315104166665e-06,S1C_W0.810_r10,0.81,10
original,60,2,5.086263020833333e-06,S1C_W0.810_r10,0.81,10
original,61,1,2.5431315104166665e-06,S1C_W0.810_r10,0.81,10
original,62,2,5.086263020833333e-06,S1C_W0.810_r10,0.81,10
original,63,1,2.5431315104166665e-06,S1C_W0.810_r10,0.81,10
original,64,0,0.0,S1C_W0.810_r10,0.81,10
original,65,1,2.5431315104166665e-06,S1C_W0.810_r10,0.81,10
original,66,1,2.5431315104166665e-06,S1C_W0.810_r10,0.81,10
original,67,2,5.086263020833333e-06,S1C_W0.810_r10,0.81,10
original,68,1,2.5431315104166665e-06,S1C_W0.810_r10,0.81,10
reassigned,0,8599,0.021868387858072918,S1C_W0.810_r10,0.81,10
reassigned,1,14244,0.036224365234375,S1C_W0.810_r10,0.81,10
reassigned,2,26414,0.06717427571614583,S1C_W0.810_r10,0.81,10
reassigned,3,37286,0.09482320149739583,S1C_W0.810_r10,0.81,10
reassigned,4,43078,0.10955301920572917,S1C_W0.810_r10,0.81,10
reassigned,5,43782,0.1113433837890625,S1C_W0.810_r10,0.81,10
reassigned,6,41463,0.10544586181640625,S1C_W0.810_r10,0.81,10
reassigned,7,35760,0.0909423828125,S1C_W0.810_r10,0.81,10
reassigned,8,29921,0.07609303792317708,S1C_W0.810_r10,0.81,10
reassigned,9,24389,0.062024434407552086,S1C_W0.810_r10,0.81,10
reassigned,10,19293,0.04906463623046875,S1C_W0.810_r10,0.81,10
reassigned,11,15084,0.038360595703125,S1C_W0.810_r10,0.81,10
reassigned,12,11745,0.02986907958984375,S1C_W0.810_r10,0.81,10
reassigned,13,8917,0.022677103678385418,S1C_W0.810_r10,0.81,10
reassigned,14,7055,0.017941792805989582,S1C_W0.810_r10,0.81,10
reassigned,15,5449,0.013857523600260416,S1C_W0.810_r10,0.81,10
reassigned,16,4229,0.010754903157552084,S1C_W0.810_r10,0.81,10
reassigned,17,3293,0.008374532063802084,S1C_W0.810_r10,0.81,10
reassigned,18,2562,0.0065155029296875,S1C_W0.810_r10,0.81,10
reassigned,19,2085,0.00530242919921875,S1C_W0.810_r10,0.81,10
reassigned,20,1646,0.004185994466145833,S1C_W0.810_r10,0.81,10
reassigned,21,1297,0.0032984415690104165,S1C_W0.810_r10,0.81,10
reassigned,22,1019,0.0025914510091145835,S1C_W0.810_r10,0.81,10
reassigned,23,843,0.00214385986328125,S1C_W0.810_r10,0.81,10
reassigned,24,651,0.00165557861328125,S1C_W0.810_r10,0.81,10
reassigned,25,542,0.0013783772786458333,S1C_W0.810_r10,0.81,10
reassigned,26,435,0.00110626220703125,S1C_W0.810_r10,0.81,10
reassigned,27,352,0.0008951822916666666,S1C_W0.810_r10,0.81,10
reassigned,28,302,0.0007680257161458334,S1C_W0.810_r10,0.81,10
reassigned,29,228,0.000579833984375,S1C_W0.810_r10,0.81,10
reassigned,30,162,0.0004119873046875,S1C_W0.810_r10,0.81,10
reassigned,31,151,0.0003840128580729167,S1C_W0.810_r10,0.81,10
reassigned,32,113,0.0002873738606770833,S1C_W0.810_r10,0.81,10
reassigned,33,100,0.0002543131510416667,S1C_W0.810_r10,0.81,10
reassigned,34,87,0.00022125244140625,S1C_W0.810_r10,0.81,10
reassigned,35,78,0.0001983642578125,S1C_W0.810_r10,0.81,10
reassigned,36,51,0.00012969970703125,S1C_W0.810_r10,0.81,10
reassigned,37,43,0.00010935465494791667,S1C_W0.810_r10,0.81,10
reassigned,38,33,8.392333984375e-05,S1C_W0.810_r10,0.81,10
reassigned,39,35,8.900960286458333e-05,S1C_W0.810_r10,0.81,10
reassigned,40,31,7.883707682291667e-05,S1C_W0.810_r10,0.81,10
reassigned,41,36,9.1552734375e-05,S1C_W0.810_r10,0.81,10
reassigned,42,29,7.375081380208333e-05,S1C_W0.810_r10,0.81,10
reassigned,43,24,6.103515625e-05,S1C_W0.810_r10,0.81,10
reassigned,44,13,3.3060709635416664e-05,S1C_W0.810_r10,0.81,10
reassigned,45,22,5.5948893229166664e-05,S1C_W0.810_r10,0.81,10
reassigned,46,12,3.0517578125e-05,S1C_W0.810_r10,0.81,10
reassigned,47,10,2.5431315104166668e-05,S1C_W0.810_r10,0.81,10
reassigned,48,14,3.5603841145833336e-05,S1C_W0.810_r10,0.81,10
reassigned,49,11,2.7974446614583332e-05,S1C_W0.810_r10,0.81,10
reassigned,50,12,3.0517578125e-05,S1C_W0.810_r10,0.81,10
reassigned,51,14,3.5603841145833336e-05,S1C_W0.810_r10,0.81,10
reassigned,52,10,2.5431315104166668e-05,S1C_W0.810_r10,0.81,10
reassigned,53,6,1.52587890625e-05,S1C_W0.810_r10,0.81,10
reassigned,54,9,2.288818359375e-05,S1C_W0.810_r10,0.81,10
reassigned,55,5,1.2715657552083334e-05,S1C_W0.810_r10,0.81,10
reassigned,56,8,2.0345052083333332e-05,S1C_W0.810_r10,0.81,10
reassigned,57,7,1.7801920572916668e-05,S1C_W0.810_r10,0.81,10
reassigned,58,2,5.086263020833333e-06,S1C_W0.810_r10,0.81,10
reassigned,59,5,1.2715657552083334e-05,S1C_W0.810_r10,0.81,10
reassigned,60,4,1.0172526041666666e-05,S1C_W0.810_r10,0.81,10
reassigned,61,1,2.5431315104166665e-06,S1C_W0.810_r10,0.81,10
reassigned,62,4,1.0172526041666666e-05,S1C_W0.810_r10,0.81,10
reassigned,63,3,7.62939453125e-06,S1C_W0.810_r10,0.81,10
reassigned,64,1,2.5431315104166665e-06,S1C_W0.810_r10,0.81,10
reassigned,65,3,7.62939453125e-06,S1C_W0.810_r10,0.81,10
reassigned,66,4,1.0172526041666666e-05,S1C_W0.810_r10,0.81,10
reassigned,67,4,1.0172526041666666e-05,S1C_W0.810_r10,0.81,10
reassigned,68,3,7.62939453125e-06,S1C_W0.810_r10,0.81,10
reassigned,69,4,1.0172526041666666e-05,S1C_W0.810_r10,0.81,10
reassigned,70,1,2.5431315104166665e-06,S1C_W0.810_r10,0.81,10
reassigned,71,1,2.5431315104166665e-06,S1C_W0.810_r10,0.81,10
reassigned,72,7,1.7801920572916668e-05,S1C_W0.810_r10,0.81,10
reassigned,73,1,2.5431315104166665e-06,S1C_W0.810_r10,0.81,10
reassigned,74,1,2.5431315104166665e-06,S1C_W0.810_r10,0.81,10
reassigned,75,4,1.0172526041666666e-05,S1C_W0.810_r10,0.81,10
reassigned,76,2,5.086263020833333e-06,S1C_W0.810_r10,0.81,10
reassigned,77,4,1.0172526041666666e-05,S1C_W0.810_r10,0.81,10
reassigned,78,4,1.0172526041666666e-05,S1C_W0.810_r10,0.81,10
reassigned,79,3,7.62939453125e-06,S1C_W0.810_r10,0.81,10
reassigned,80,2,5.086263020833333e-06,S1C_W0.810_r10,0.81,10
reassigned,81,1,2.5431315104166665e-06,S1C_W0.810_r10,0.81,10
reassigned,82,1,2.5431315104166665e-06,S1C_W0.810_r10,0.81,10
reassigned,83,1,2.5431315104166665e-06,S1C_W0.810_r10,0.81,10
reassigned,84,3,7.62939453125e-06,S1C_W0.810_r10,0.81,10
reassigned,85,4,1.0172526041666666e-05,S1C_W0.810_r10,0.81,10
reassigned,86,2,5.086263020833333e-06,S1C_W0.810_r10,0.81,10
reassigned,87,1,2.5431315104166665e-06,S1C_W0.810_r10,0.81,10
reassigned,88,2,5.086263020833333e-06,S1C_W0.810_r10,0.81,10
reassigned,89,0,0.0,S1C_W0.810_r10,0.81,10
reassigned,90,0,0.0,S1C_W0.810_r10,0.81,10
reassigned,91,0,0.0,S1C_W0.810_r10,0.81,10
reassigned,92,1,2.5431315104166665e-06,S1C_W0.810_r10,0.81,10
reassigned,93,3,7.62939453125e-06,S1C_W0.810_r10,0.81,10
reassigned,94,0,0.0,S1C_W0.810_r10,0.81,10
reassigned,95,1,2.5431315104166665e-06,S1C_W0.810_r10,0.81,10
reassigned,96,1,2.5431315104166665e-06,S1C_W0.810_r10,0.81,10
reassigned,97,1,2.5431315104166665e-06,S1C_W0.810_r10,0.81,10
reassigned,98,2,5.086263020833333e-06,S1C_W0.810_r10,0.81,10
reassigned,99,1,2.5431315104166665e-06,S1C_W0.810_r10,0.81,10
reassigned,100,2,5.086263020833333e-06,S1C_W0.810_r10,0.81,10
reassigned,101,0,0.0,S1C_W0.810_r10,0.81,10
reassigned,102,1,2.5431315104166665e-06,S1C_W0.810_r10,0.81,10
reassigned,103,1,2.5431315104166665e-06,S1C_W0.810_r10,0.81,10
reassigned,104,2,5.086263020833333e-06,S1C_W0.810_r10,0.81,10
reassigned,105,3,7.62939453125e-06,S1C_W0.810_r10,0.81,10
reassigned,106,0,0.0,S1C_W0.810_r10,0.81,10
reassigned,107,0,0.0,S1C_W0.810_r10,0.81,10
reassigned,108,1,2.5431315104166665e-06,S1C_W0.810_r10,0.81,10
reassigned,109,1,2.5431315104166665e-06,S1C_W0.810_r10,0.81,10
reassigned,110,0,0.0,S1C_W0.810_r10,0.81,10
reassigned,111,0,0.0,S1C_W0.810_r10,0.81,10
reassigned,112,2,5.086263020833333e-06,S1C_W0.810_r10,0.81,10
reassigned,113,1,2.5431315104166665e-06,S1C_W0.810_r10,0.81,10
reassigned,114,1,2.5431315104166665e-06,S1C_W0.810_r10,0.81,10
reassigned,115,0,0.0,S1C_W0.810_r10,0.81,10
reassigned,116,0,0.0,S1C_W0.810_r10,0.81,10
reassigned,117,0,0.0,S1C_W0.810_r10,0.81,10
reassigned,118,0,0.0,S1C_W0.810_r10,0.81,10
reassigned,119,2,5.086263020833333e-06,S1C_W0.810_r10,0.81,10
reassigned,120,0,0.0,S1C_W0.810_r10,0.81,10
reassigned,121,0,0.0,S1C_W0.810_r10,0.81,10
reassigned,122,0,0.0,S1C_W0.810_r10,0.81,10
reassigned,123,0,0.0,S1C_W0.810_r10,0.81,10
reassigned,124,0,0.0,S1C_W0.810_r10,0.81,10
reassigned,125,0,0.0,S1C_W0.810_r10,0.81,10
reassigned,126,1,2.5431315104166665e-06,S1C_W0.810_r10,0.81,10
reassigned,127,3,7.62939453125e-06,S1C_W0.810_r10,0.81,10
reassigned,128,0,0.0,S1C_W0.810_r10,0.81,10
reassigned,129,0,0.0,S1C_W0.810_r10,0.81,10
reassigned,130,0,0.0,S1C_W0.810_r10,0.81,10
reassigned,131,2,5.086263020833333e-06,S1C_W0.810_r10,0.81,10
reassigned,132,1,2.5431315104166665e-06,S1C_W0.810_r10,0.81,10
reassigned,133,1,2.5431315104166665e-06,S1C_W0.810_r10,0.81,10
reassigned,134,1,2.5431315104166665e-06,S1C_W0.810_r10,0.81,10
reassigned,135,0,0.0,S1C_W0.810_r10,0.81,10
reassigned,136,0,0.0,S1C_W0.810_r10,0.81,10
reassigned,137,1,2.5431315104166665e-06,S1C_W0.810_r10,0.81,10
reassigned,138,0,0.0,S1C_W0.810_r10,0.81,10
reassigned,139,2,5.086263020833333e-06,S1C_W0.810_r10,0.81,10
reassigned,140,0,0.0,S1C_W0.810_r10,0.81,10
reassigned,141,0,0.0,S1C_W0.810_r10,0.81,10
reassigned,142,1,2.5431315104166665e-06,S1C_W0.810_r10,0.81,10
reassigned,143,1,2.5431315104166665e-06,S1C_W0.810_r10,0.81,10
reassigned,144,1,2.5431315104166665e-06,S1C_W0.810_r10,0.81,10
reassigned,145,0,0.0,S1C_W0.810_r10,0.81,10
reassigned,146,0,0.0,S1C_W0.810_r10,0.81,10
reassigned,147,0,0.0,S1C_W0.810_r10,0.81,10
reassigned,148,0,0.0,S1C_W0.810_r10,0.81,10
reassigned,149,0,0.0,S1C_W0.810_r10,0.81,10
reassigned,150,0,0.0,S1C_W0.810_r10,0.81,10
reassigned,151,0,0.0,S1C_W0.810_r10,0.81,10
reassigned,152,0,0.0,S1C_W0.810_r10,0.81,10
reassigned,153,0,0.0,S1C_W0.810_r10,0.81,10
reassigned,154,1,2.5431315104166665e-06,S1C_W0.810_r10,0.81,10
reassigned,155,0,0.0,S1C_W0.810_r10,0.81,10
reassigned,156,0,0.0,S1C_W0.810_r10,0.81,10
reassigned,157,1,2.5431315104166665e-06,S1C_W0.810_r10,0.81,10
original,0,1909,0.004854838053385417,S1C_W0.810_r11,0.81,11
original,1,5301,0.01348114013671875,S1C_W0.810_r11,0.81,11
original,2,12438,0.0316314697265625,S1C_W0.810_r11,0.81,11
original,3,24251,0.061673482259114586,S1C_W0.810_r11,0.81,11
original,4,37555,0.09550730387369792,S1C_W0.810_r11,0.81,11
original,5,48571,0.12352244059244792,S1C_W0.810_r11,0.81,11
original,6,54214,0.13787333170572916,S1C_W0.810_r11,0.81,11
original,7,52404,0.133270263671875,S1C_W0.810_r11,0.81,11
original,8,46205,0.11750539143880208,S1C_W0.810_r11,0.81,11
original,9,36855,0.09372711181640625,S1C_W0.810_r11,0.81,11
original,10,26799,0.06815338134765625,S1C_W0.810_r11,0.81,11
original,11,18137,0.046124776204427086,S1C_W0.810_r11,0.81,11
original,12,11781,0.02996063232421875,S1C_W0.810_r11,0.81,11
original,13,7153,0.018191019694010418,S1C_W0.810_r11,0.81,11
original,14,4034,0.010258992513020834,S1C_W0.810_r11,0.81,11
original,15,2263,0.005755106608072917,S1C_W0.810_r11,0.81,11
original,16,1147,0.0029169718424479165,S1C_W0.810_r11,0.81,11
original,17,689,0.0017522176106770833,S1C_W0.810_r11,0.81,11
original,18,342,0.0008697509765625,S1C_W0.810_r11,0.81,11
original,19,171,0.00043487548828125,S1C_W0.810_r11,0.81,11
original,20,125,0.0003178914388020833,S1C_W0.810_r11,0.81,11
original,21,84,0.000213623046875,S1C_W0.810_r11,0.81,11
original,22,52,0.00013224283854166666,S1C_W0.810_r11,0.81,11
original,23,52,0.00013224283854166666,S1C_W0.810_r11,0.81,11
original,24,43,0.00010935465494791667,S1C_W0.810_r11,0.81,11
original,25,32,8.138020833333333e-05,S1C_W0.810_r11,0.81,11
original,26,36,9.1552734375e-05,S1C_W0.810_r11,0.81,11
original,27,31,7.883707682291667e-05,S1C_W0.810_r11,0.81,11
original,28,33,8.392333984375e-05,S1C_W0.810_r11,0.81,11
original,29,29,7.375081380208333e-05,S1C_W0.810_r11,0.81,11
original,30,28,7.120768229166667e-05,S1C_W0.810_r11,0.81,11
original,31,27,6.866455078125e-05,S1C_W0.810_r11,0.81,11
original,32,28,7.120768229166667e-05,S1C_W0.810_r11,0.81,11
original,33,21,5.340576171875e-05,S1C_W0.810_r11,0.81,11
original,34,20,5.0862630208333336e-05,S1C_W0.810_r11,0.81,11
original,35,20,5.0862630208333336e-05,S1C_W0.810_r11,0.81,11
original,36,25,6.357828776041667e-05,S1C_W0.810_r11,0.81,11
original,37,21,5.340576171875e-05,S1C_W0.810_r11,0.81,11
original,38,21,5.340576171875e-05,S1C_W0.810_r11,0.81,11
original,39,31,7.883707682291667e-05,S1C_W0.810_r11,0.81,11
original,40,25,6.357828776041667e-05,S1C_W0.810_r11,0.81,11
original,41,27,6.866455078125e-05,S1C_W0.810_r11,0.81,11
original,42,20,5.0862630208333336e-05,S1C_W0.810_r11,0.81,11
original,43,19,4.8319498697916664e-05,S1C_W0.810_r11,0.81,11
original,44,25,6.357828776041667e-05,S1C_W0.810_r11,0.81,11
original,45,15,3.814697265625e-05,S1C_W0.810_r11,0.81,11
original,46,7,1.7801920572916668e-05,S1C_W0.810_r11,0.81,11
original,47,14,3.5603841145833336e-05,S1C_W0.810_r11,0.81,11
original,48,12,3.0517578125e-05,S1C_W0.810_r11,0.81,11
original,49,12,3.0517578125e-05,S1C_W0.810_r11,0.81,11
original,50,12,3.0517578125e-05,S1C_W0.810_r11,0.81,11
original,51,8,2.0345052083333332e-05,S1C_W0.810_r11,0.81,11
original,52,8,2.0345052083333332e-05,S1C_W0.810_r11,0.81,11
original,53,6,1.52587890625e-05,S1C_W0.810_r11,0.81,11
original,54,5,1.2715657552083334e-05,S1C_W0.810_r11,0.81,11
original,55,5,1.2715657552083334e-05,S1C_W0.810_r11,0.81,11
original,56,8,2.0345052083333332e-05,S1C_W0.810_r11,0.81,11
original,57,4,1.0172526041666666e-05,S1C_W0.810_r11,0.81,11
original,58,3,7.62939453125e-06,S1C_W0.810_r11,0.81,11
original,59,0,0.0,S1C_W0.810_r11,0.81,11
original,60,0,0.0,S1C_W0.810_r11,0.81,11
original,61,0,0.0,S1C_W0.810_r11,0.81,11
original,62,2,5.086263020833333e-06,S1C_W0.810_r11,0.81,11
original,63,1,2.5431315104166665e-06,S1C_W0.810_r11,0.81,11
reassigned,0,9450,0.0240325927734375,S1C_W0.810_r11,0.81,11
reassigned,1,14339,0.036465962727864586,S1C_W0.810_r11,0.81,11
reassigned,2,26492,0.06737263997395833,S1C_W0.810_r11,0.81,11
reassigned,3,36994,0.09408060709635417,S1C_W0.810_r11,0.81,11
reassigned,4,42880,0.10904947916666667,S1C_W0.810_r11,0.81,11
reassigned,5,43771,0.11131540934244792,S1C_W0.810_r11,0.81,11
reassigned,6,40775,0.10369618733723958,S1C_W0.810_r11,0.81,11
reassigned,7,35847,0.09116363525390625,S1C_W0.810_r11,0.81,11
reassigned,8,29898,0.0760345458984375,S1C_W0.810_r11,0.81,11
reassigned,9,24000,0.06103515625,S1C_W0.810_r11,0.81,11
reassigned,10,19160,0.048726399739583336,S1C_W0.810_r11,0.81,11
reassigned,11,15129,0.03847503662109375,S1C_W0.810_r11,0.81,11
reassigned,12,12063,0.03067779541015625,S1C_W0.810_r11,0.81,11
reassigned,13,9090,0.0231170654296875,S1C_W0.810_r11,0.81,11
reassigned,14,7012,0.017832438151041668,S1C_W0.810_r11,0.81,11
reassigned,15,5546,0.014104207356770834,S1C_W0.810_r11,0.81,11
reassigned,16,4151,0.010556538899739584,S1C_W0.810_r11,0.81,11
reassigned,17,3437,0.008740743001302084,S1C_W0.810_r11,0.81,11
reassigned,18,2600,0.006612141927083333,S1C_W0.810_r11,0.81,11
reassigned,19,2055,0.00522613525390625,S1C_W0.810_r11,0.81,11
reassigned,20,1665,0.00423431396484375,S1C_W0.810_r11,0.81,11
reassigned,21,1359,0.00345611572265625,S1C_W0.810_r11,0.81,11
reassigned,22,1029,0.00261688232421875,S1C_W0.810_r11,0.81,11
reassigned,23,809,0.0020573933919270835,S1C_W0.810_r11,0.81,11
reassigned,24,655,0.0016657511393229167,S1C_W0.810_r11,0.81,11
reassigned,25,561,0.00142669677734375,S1C_W0.810_r11,0.81,11
reassigned,26,401,0.0010197957356770833,S1C_W0.810_r11,0.81,11
reassigned,27,321,0.00081634521484375,S1C_W0.810_r11,0.81,11
reassigned,28,254,0.0006459554036458334,S1C_W0.810_r11,0.81,11
reassigned,29,215,0.0005467732747395834,S1C_W0.810_r11,0.81,11
reassigned,30,173,0.0004399617513020833,S1C_W0.810_r11,0.81,11
reassigned,31,150,0.0003814697265625,S1C_W0.810_r11,0.81,11
reassigned,32,117,0.00029754638671875,S1C_W0.810_r11,0.81,11
reassigned,33,100,0.0002543131510416667,S1C_W0.810_r11,0.81,11
reassigned,34,81,0.00020599365234375,S1C_W0.810_r11,0.81,11
reassigned,35,65,0.00016530354817708334,S1C_W0.810_r11,0.81,11
reassigned,36,52,0.00013224283854166666,S1C_W0.810_r11,0.81,11
reassigned,37,44,0.00011189778645833333,S1C_W0.810_r11,0.81,11
reassigned,38,34,8.646647135416667e-05,S1C_W0.810_r11,0.81,11
reassigned,39,29,7.375081380208333e-05,S1C_W0.810_r11,0.81,11
reassigned,40,24,6.103515625e-05,S1C_W0.810_r11,0.81,11
reassigned,41,25,6.357828776041667e-05,S1C_W0.810_r11,0.81,11
reassigned,42,11,2.7974446614583332e-05,S1C_W0.810_r11,0.81,11
reassigned,43,17,4.3233235677083336e-05,S1C_W0.810_r11,0.81,11
reassigned,44,11,2.7974446614583332e-05,S1C_W0.810_r11,0.81,11
reassigned,45,19,4.8319498697916664e-05,S1C_W0.810_r11,0.81,11
reassigned,46,7,1.7801920572916668e-05,S1C_W0.810_r11,0.81,11
reassigned,47,21,5.340576171875e-05,S1C_W0.810_r11,0.81,11
reassigned,48,19,4.8319498697916664e-05,S1C_W0.810_r11,0.81,11
reassigned,49,9,2.288818359375e-05,S1C_W0.810_r11,0.81,11
reassigned,50,10,2.5431315104166668e-05,S1C_W0.810_r11,0.81,11
reassigned,51,10,2.5431315104166668e-05,S1C_W0.810_r11,0.81,11
reassigned,52,8,2.0345052083333332e-05,S1C_W0.810_r11,0.81,11
reassigned,53,6,1.52587890625e-05,S1C_W0.810_r11,0.81,11
reassigned,54,6,1.52587890625e-05,S1C_W0.810_r11,0.81,11
reassigned,55,14,3.5603841145833336e-05,S1C_W0.810_r11,0.81,11
reassigned,56,4,1.0172526041666666e-05,S1C_W0.810_r11,0.81,11
reassigned,57,6,1.52587890625e-05,S1C_W0.810_r11,0.81,11
reassigned,58,7,1.7801920572916668e-05,S1C_W0.810_r11,0.81,11
reassigned,59,8,2.0345052083333332e-05,S1C_W0.810_r11,0.81,11
reassigned,60,7,1.7801920572916668e-05,S1C_W0.810_r11,0.81,11
reassigned,61,5,1.2715657552083334e-05,S1C_W0.810_r11,0.81,11
reassigned,62,5,1.2715657552083334e-05,S1C_W0.810_r11,0.81,11
reassigned,63,4,1.0172526041666666e-05,S1C_W0.810_r11,0.81,11
reassigned,64,9,2.288818359375e-05,S1C_W0.810_r11,0.81,11
reassigned,65,4,1.0172526041666666e-05,S1C_W0.810_r11,0.81,11
reassigned,66,4,1.0172526041666666e-05,S1C_W0.810_r11,0.81,11
reassigned,67,0,0.0,S1C_W0.810_r11,0.81,11
reassigned,68,4,1.0172526041666666e-05,S1C_W0.810_r11,0.81,11
reassigned,69,1,2.5431315104166665e-06,S1C_W0.810_r11,0.81,11
reassigned,70,3,7.62939453125e-06,S1C_W0.810_r11,0.81,11
reassigned,71,5,1.2715657552083334e-05,S1C_W0.810_r11,0.81,11
reassigned,72,3,7.62939453125e-06,S1C_W0.810_r11,0.81,11
reassigned,73,3,7.62939453125e-06,S1C_W0.810_r11,0.81,11
reassigned,74,6,1.52587890625e-05,S1C_W0.810_r11,0.81,11
reassigned,75,1,2.5431315104166665e-06,S1C_W0.810_r11,0.81,11
reassigned,76,4,1.0172526041666666e-05,S1C_W0.810_r11,0.81,11
reassigned,77,1,2.5431315104166665e-06,S1C_W0.810_r11,0.81,11
reassigned,78,2,5.086263020833333e-06,S1C_W0.810_r11,0.81,11
reassigned,79,1,2.5431315104166665e-06,S1C_W0.810_r11,0.81,11
reassigned,80,3,7.62939453125e-06,S1C_W0.810_r11,0.81,11
reassigned,81,1,2.5431315104166665e-06,S1C_W0.810_r11,0.81,11
reassigned,82,7,1.7801920572916668e-05,S1C_W0.810_r11,0.81,11
reassigned,83,4,1.0172526041666666e-05,S1C_W0.810_r11,0.81,11
reassigned,84,2,5.086263020833333e-06,S1C_W0.810_r11,0.81,11
reassigned,85,3,7.62939453125e-06,S1C_W0.810_r11,0.81,11
reassigned,86,1,2.5431315104166665e-06,S1C_W0.810_r11,0.81,11
reassigned,87,3,7.62939453125e-06,S1C_W0.810_r11,0.81,11
reassigned,88,4,1.0172526041666666e-05,S1C_W0.810_r11,0.81,11
reassigned,89,3,7.62939453125e-06,S1C_W0.810_r11,0.81,11
reassigned,90,1,2.5431315104166665e-06,S1C_W0.810_r11,0.81,11
reassigned,91,2,5.086263020833333e-06,S1C_W0.810_r11,0.81,11
reassigned,92,0,0.0,S1C_W0.810_r11,0.81,11
reassigned,93,2,5.086263020833333e-06,S1C_W0.810_r11,0.81,11
reassigned,94,3,7.62939453125e-06,S1C_W0.810_r11,0.81,11
reassigned,95,2,5.086263020833333e-06,S1C_W0.810_r11,0.81,11
reassigned,96,2,5.086263020833333e-06,S1C_W0.810_r11,0.81,11
reassigned,97,1,2.5431315104166665e-06,S1C_W0.810_r11,0.81,11
reassigned,98,2,5.086263020833333e-06,S1C_W0.810_r11,0.81,11
reassigned,99,0,0.0,S1C_W0.810_r11,0.81,11
reassigned,100,1,2.5431315104166665e-06,S1C_W0.810_r11,0.81,11
reassigned,101,3,7.62939453125e-06,S1C_W0.810_r11,0.81,11
reassigned,102,4,1.0172526041666666e-05,S1C_W0.810_r11,0.81,11
reassigned,103,4,1.0172526041666666e-05,S1C_W0.810_r11,0.81,11
reassigned,104,1,2.5431315104166665e-06,S1C_W0.810_r11,0.81,11
reassigned,105,1,2.5431315104166665e-06,S1C_W0.810_r11,0.81,11
reassigned,106,2,5.086263020833333e-06,S1C_W0.810_r11,0.81,11
reassigned,107,0,0.0,S1C_W0.810_r11,0.81,11
reassigned,108,1,2.5431315104166665e-06,S1C_W0.810_r11,0.81,11
reassigned,109,0,0.0,S1C_W0.810_r11,0.81,11
reassigned,110,0,0.0,S1C_W0.810_r11,0.81,11
reassigned,111,2,5.086263020833333e-06,S1C_W0.810_r11,0.81,11
reassigned,112,2,5.086263020833333e-06,S1C_W0.810_r11,0.81,11
reassigned,113,0,0.0,S1C_W0.810_r11,0.81,11
reassigned,114,1,2.5431315104166665e-06,S1C_W0.810_r11,0.81,11
reassigned,115,1,2.5431315104166665e-06,S1C_W0.810_r11,0.81,11
reassigned,116,0,0.0,S1C_W0.810_r11,0.81,11
reassigned,117,2,5.086263020833333e-06,S1C_W0.810_r11,0.81,11
reassigned,118,3,7.62939453125e-06,S1C_W0.810_r11,0.81,11
reassigned,119,0,0.0,S1C_W0.810_r11,0.81,11
reassigned,120,2,5.086263020833333e-06,S1C_W0.810_r11,0.81,11
reassigned,121,0,0.0,S1C_W0.810_r11,0.81,11
reassigned,122,1,2.5431315104166665e-06,S1C_W0.810_r11,0.81,11
reassigned,123,4,1.0172526041666666e-05,S1C_W0.810_r11,0.81,11
reassigned,124,0,0.0,S1C_W0.810_r11,0.81,11
reassigned,125,2,5.086263020833333e-06,S1C_W0.810_r11,0.81,11
reassigned,126,0,0.0,S1C_W0.810_r11,0.81,11
reassigned,127,0,0.0,S1C_W0.810_r11,0.81,11
reassigned,128,0,0.0,S1C_W0.810_r11,0.81,11
reassigned,129,0,0.0,S1C_W0.810_r11,0.81,11
reassigned,130,0,0.0,S1C_W0.810_r11,0.81,11
reassigned,131,0,0.0,S1C_W0.810_r11,0.81,11
reassigned,132,0,0.0,S1C_W0.810_r11,0.81,11
reassigned,133,0,0.0,S1C_W0.810_r11,0.81,11
reassigned,134,0,0.0,S1C_W0.810_r11,0.81,11
reassigned,135,0,0.0,S1C_W0.810_r11,0.81,11
reassigned,136,0,0.0,S1C_W0.810_r11,0.81,11
reassigned,137,1,2.5431315104166665e-06,S1C_W0.810_r11,0.81,11
reassigned,138,0,0.0,S1C_W0.810_r11,0.81,11
reassigned,139,1,2.5431315104166665e-06,S1C_W0.810_r11,0.81,11
reassigned,140,0,0.0,S1C_W0.810_r11,0.81,11
reassigned,141,2,5.086263020833333e-06,S1C_W0.810_r11,0.81,11
reassigned,142,0,0.0,S1C_W0.810_r11,0.81,11
reassigned,143,0,0.0,S1C_W0.810_r11,0.81,11
reassigned,144,1,2.5431315104166665e-06,S1C_W0.810_r11,0.81,11
reassigned,145,0,0.0,S1C_W0.810_r11,0.81,11
reassigned,146,2,5.086263020833333e-06,S1C_W0.810_r11,0.81,11
reassigned,147,0,0.0,S1C_W0.810_r11,0.81,11
reassigned,148,0,0.0,S1C_W0.810_r11,0.81,11
reassigned,149,0,0.0,S1C_W0.810_r11,0.81,11
reassigned,150,0,0.0,S1C_W0.810_r11,0.81,11
reassigned,151,0,0.0,S1C_W0.810_r11,0.81,11
reassigned,152,0,0.0,S1C_W0.810_r11,0.81,11
reassigned,153,0,0.0,S1C_W0.810_r11,0.81,11
reassigned,154,0,0.0,S1C_W0.810_r11,0.81,11
reassigned,155,1,2.5431315104166665e-06,S1C_W0.810_r11,0.81,11
reassigned,156,0,0.0,S1C_W0.810_r11,0.81,11
reassigned,157,0,0.0,S1C_W0.810_r11,0.81,11
reassigned,158,0,0.0,S1C_W0.810_r11,0.81,11
reassigned,159,0,0.0,S1C_W0.810_r11,0.81,11
reassigned,160,2,5.086263020833333e-06,S1C_W0.810_r11,0.81,11
reassigned,161,1,2.5431315104166665e-06,S1C_W0.810_r11,0.81,11
reassigned,162,0,0.0,S1C_W0.810_r11,0.81,11
reassigned,163,0,0.0,S1C_W0.810_r11,0.81,11
reassigned,164,0,0.0,S1C_W0.810_r11,0.81,11
reassigned,165,0,0.0,S1C_W0.810_r11,0.81,11
reassigned,166,1,2.5431315104166665e-06,S1C_W0.810_r11,0.81,11
reassigned,167,0,0.0,S1C_W0.810_r11,0.81,11
reassigned,168,0,0.0,S1C_W0.810_r11,0.81,11
reassigned,169,0,0.0,S1C_W0.810_r11,0.81,11
reassigned,170,0,0.0,S1C_W0.810_r11,0.81,11
reassigned,171,0,0.0,S1C_W0.810_r11,0.81,11
reassigned,172,0,0.0,S1C_W0.810_r11,0.81,11
reassigned,173,0,0.0,S1C_W0.810_r11,0.81,11
reassigned,174,1,2.5431315104166665e-06,S1C_W0.810_r11,0.81,11
reassigned,175,2,5.086263020833333e-06,S1C_W0.810_r11,0.81,11
reassigned,176,0,0.0,S1C_W0.810_r11,0.81,11
reassigned,177,1,2.5431315104166665e-06,S1C_W0.810_r11,0.81,11
original,0,1870,0.004755655924479167,S1C_W0.810_r12,0.81,12
original,1,5174,0.013158162434895834,S1C_W0.810_r12,0.81,12
original,2,12192,0.031005859375,S1C_W0.810_r12,0.81,12
original,3,23768,0.060445149739583336,S1C_W0.810_r12,0.81,12
original,4,37542,0.0954742431640625,S1C_W0.810_r12,0.81,12
original,5,48707,0.12386830647786458,S1C_W0.810_r12,0.81,12
original,6,54194,0.13782246907552084,S1C_W0.810_r12,0.81,12
original,7,53085,0.13500213623046875,S1C_W0.810_r12,0.81,12
original,8,46917,0.11931610107421875,S1C_W0.810_r12,0.81,12
original,9,37033,0.09417978922526042,S1C_W0.810_r12,0.81,12
original,10,26710,0.06792704264322917,S1C_W0.810_r12,0.81,12
original,11,18158,0.046178181966145836,S1C_W0.810_r12,0.81,12
original,12,11442,0.0290985107421875,S1C_W0.810_r12,0.81,12
original,13,7021,0.017855326334635418,S1C_W0.810_r12,0.81,12
original,14,3934,0.010004679361979166,S1C_W0.810_r12,0.81,12
original,15,2229,0.00566864013671875,S1C_W0.810_r12,0.81,12
original,16,1157,0.0029424031575520835,S1C_W0.810_r12,0.81,12
original,17,624,0.0015869140625,S1C_W0.810_r12,0.81,12
original,18,323,0.0008214314778645834,S1C_W0.810_r12,0.81,12
original,19,180,0.000457763671875,S1C_W0.810_r12,0.81,12
original,20,95,0.00024159749348958334,S1C_W0.810_r12,0.81,12
original,21,78,0.0001983642578125,S1C_W0.810_r12,0.81,12
original,22,52,0.00013224283854166666,S1C_W0.810_r12,0.81,12
original,23,41,0.00010426839192708333,S1C_W0.810_r12,0.81,12
original,24,43,0.00010935465494791667,S1C_W0.810_r12,0.81,12
original,25,38,9.663899739583333e-05,S1C_W0.810_r12,0.81,12
original,26,24,6.103515625e-05,S1C_W0.810_r12,0.81,12
original,27,40,0.00010172526041666667,S1C_W0.810_r12,0.81,12
original,28,31,7.883707682291667e-05,S1C_W0.810_r12,0.81,12
original,29,28,7.120768229166667e-05,S1C_W0.810_r12,0.81,12
original,30,18,4.57763671875e-05,S1C_W0.810_r12,0.81,12
original,31,28,7.120768229166667e-05,S1C_W0.810_r12,0.81,12
original,32,30,7.62939453125e-05,S1C_W0.810_r12,0.81,12
original,33,24,6.103515625e-05,S1C_W0.810_r12,0.81,12
original,34,33,8.392333984375e-05,S1C_W0.810_r12,0.81,12
original,35,30,7.62939453125e-05,S1C_W0.810_r12,0.81,12
original,36,32,8.138020833333333e-05,S1C_W0.810_r12,0.81,12
original,37,19,4.8319498697916664e-05,S1C_W0.810_r12,0.81,12
original,38,28,7.120768229166667e-05,S1C_W0.810_r12,0.81,12
original,39,20,5.0862630208333336e-05,S1C_W0.810_r12,0.81,12
original,40,22,5.5948893229166664e-05,S1C_W0.810_r12,0.81,12
original,41,25,6.357828776041667e-05,S1C_W0.810_r12,0.81,12
original,42,16,4.0690104166666664e-05,S1C_W0.810_r12,0.81,12
original,43,19,4.8319498697916664e-05,S1C_W0.810_r12,0.81,12
original,44,19,4.8319498697916664e-05,S1C_W0.810_r12,0.81,12
original,45,20,5.0862630208333336e-05,S1C_W0.810_r12,0.81,12
original,46,18,4.57763671875e-05,S1C_W0.810_r12,0.81,12
original,47,19,4.8319498697916664e-05,S1C_W0.810_r12,0.81,12
original,48,10,2.5431315104166668e-05,S1C_W0.810_r12,0.81,12
original,49,16,4.0690104166666664e-05,S1C_W0.810_r12,0.81,12
original,50,11,2.7974446614583332e-05,S1C_W0.810_r12,0.81,12
original,51,3,7.62939453125e-06,S1C_W0.810_r12,0.81,12
original,52,4,1.0172526041666666e-05,S1C_W0.810_r12,0.81,12
original,53,5,1.2715657552083334e-05,S1C_W0.810_r12,0.81,12
original,54,3,7.62939453125e-06,S1C_W0.810_r12,0.81,12
original,55,5,1.2715657552083334e-05,S1C_W0.810_r12,0.81,12
original,56,2,5.086263020833333e-06,S1C_W0.810_r12,0.81,12
original,57,2,5.086263020833333e-06,S1C_W0.810_r12,0.81,12
original,58,2,5.086263020833333e-06,S1C_W0.810_r12,0.81,12
original,59,0,0.0,S1C_W0.810_r12,0.81,12
original,60,1,2.5431315104166665e-06,S1C_W0.810_r12,0.81,12
original,61,1,2.5431315104166665e-06,S1C_W0.810_r12,0.81,12
original,62,1,2.5431315104166665e-06,S1C_W0.810_r12,0.81,12
reassigned,0,9434,0.023991902669270832,S1C_W0.810_r12,0.81,12
reassigned,1,13667,0.034756978352864586,S1C_W0.810_r12,0.81,12
reassigned,2,25736,0.06545003255208333,S1C_W0.810_r12,0.81,12
reassigned,3,36527,0.09289296468098958,S1C_W0.810_r12,0.81,12
reassigned,4,42738,0.1086883544921875,S1C_W0.810_r12,0.81,12
reassigned,5,43661,0.11103566487630208,S1C_W0.810_r12,0.81,12
reassigned,6,41125,0.10458628336588542,S1C_W0.810_r12,0.81,12
reassigned,7,36591,0.09305572509765625,S1C_W0.810_r12,0.81,12
reassigned,8,30022,0.07634989420572917,S1C_W0.810_r12,0.81,12
reassigned,9,24645,0.06267547607421875,S1C_W0.810_r12,0.81,12
reassigned,10,19692,0.050079345703125,S1C_W0.810_r12,0.81,12
reassigned,11,15228,0.038726806640625,S1C_W0.810_r12,0.81,12
reassigned,12,11836,0.030100504557291668,S1C_W0.810_r12,0.81,12
reassigned,13,9265,0.023562113444010418,S1C_W0.810_r12,0.81,12
reassigned,14,7089,0.01802825927734375,S1C_W0.810_r12,0.81,12
reassigned,15,5596,0.014231363932291666,S1C_W0.810_r12,0.81,12
reassigned,16,4353,0.01107025146484375,S1C_W0.810_r12,0.81,12
reassigned,17,3351,0.00852203369140625,S1C_W0.810_r12,0.81,12
reassigned,18,2627,0.006680806477864583,S1C_W0.810_r12,0.81,12
reassigned,19,2067,0.00525665283203125,S1C_W0.810_r12,0.81,12
reassigned,20,1558,0.003962198893229167,S1C_W0.810_r12,0.81,12
reassigned,21,1256,0.0031941731770833335,S1C_W0.810_r12,0.81,12
reassigned,22,967,0.0024592081705729165,S1C_W0.810_r12,0.81,12
reassigned,23,836,0.0021260579427083335,S1C_W0.810_r12,0.81,12
reassigned,24,633,0.00160980224609375,S1C_W0.810_r12,0.81,12
reassigned,25,524,0.0013326009114583333,S1C_W0.810_r12,0.81,12
reassigned,26,387,0.00098419189453125,S1C_W0.810_r12,0.81,12
reassigned,27,316,0.0008036295572916666,S1C_W0.810_r12,0.81,12
reassigned,28,243,0.00061798095703125,S1C_W0.810_r12,0.81,12
reassigned,29,201,0.00051116943359375,S1C_W0.810_r12,0.81,12
reassigned,30,168,0.00042724609375,S1C_W0.810_r12,0.81,12
reassigned,31,125,0.0003178914388020833,S1C_W0.810_r12,0.81,12
reassigned,32,107,0.0002721150716145833,S1C_W0.810_r12,0.81,12
reassigned,33,73,0.00018564860026041666,S1C_W0.810_r12,0.81,12
reassigned,34,60,0.000152587890625,S1C_W0.810_r12,0.81,12
reassigned,35,71,0.00018056233723958334,S1C_W0.810_r12,0.81,12
reassigned,36,34,8.646647135416667e-05,S1C_W0.810_r12,0.81,12
reassigned,37,35,8.900960286458333e-05,S1C_W0.810_r12,0.81,12
reassigned,38,29,7.375081380208333e-05,S1C_W0.810_r12,0.81,12
reassigned,39,30,7.62939453125e-05,S1C_W0.810_r12,0.81,12
reassigned,40,21,5.340576171875e-05,S1C_W0.810_r12,0.81,12
reassigned,41,21,5.340576171875e-05,S1C_W0.810_r12,0.81,12
reassigned,42,22,5.5948893229166664e-05,S1C_W0.810_r12,0.81,12
reassigned,43,22,5.5948893229166664e-05,S1C_W0.810_r12,0.81,12
reassigned,44,13,3.3060709635416664e-05,S1C_W0.810_r12,0.81,12
reassigned,45,15,3.814697265625e-05,S1C_W0.810_r12,0.81,12
reassigned,46,8,2.0345052083333332e-05,S1C_W0.810_r12,0.81,12
reassigned,47,14,3.5603841145833336e-05,S1C_W0.810_r12,0.81,12
reassigned,48,14,3.5603841145833336e-05,S1C_W0.810_r12,0.81,12
reassigned,49,10,2.5431315104166668e-05,S1C_W0.810_r12,0.81,12
reassigned,50,4,1.0172526041666666e-05,S1C_W0.810_r12,0.81,12
reassigned,51,9,2.288818359375e-05,S1C_W0.810_r12,0.81,12
reassigned,52,3,7.62939453125e-06,S1C_W0.810_r12,0.81,12
reassigned,53,4,1.0172526041666666e-05,S1C_W0.810_r12,0.81,12
reassigned,54,2,5.086263020833333e-06,S1C_W0.810_r12,0.81,12
reassigned,55,7,1.7801920572916668e-05,S1C_W0.810_r12,0.81,12
reassigned,56,4,1.0172526041666666e-05,S1C_W0.810_r12,0.81,12
reassigned,57,4,1.0172526041666666e-05,S1C_W0.810_r12,0.81,12
reassigned,58,3,7.62939453125e-06,S1C_W0.810_r12,0.81,12
reassigned,59,3,7.62939453125e-06,S1C_W0.810_r12,0.81,12
reassigned,60,1,2.5431315104166665e-06,S1C_W0.810_r12,0.81,12
reassigned,61,7,1.7801920572916668e-05,S1C_W0.810_r12,0.81,12
reassigned,62,5,1.2715657552083334e-05,S1C_W0.810_r12,0.81,12
reassigned,63,4,1.0172526041666666e-05,S1C_W0.810_r12,0.81,12
reassigned,64,3,7.62939453125e-06,S1C_W0.810_r12,0.81,12
reassigned,65,3,7.62939453125e-06,S1C_W0.810_r12,0.81,12
reassigned,66,5,1.2715657552083334e-05,S1C_W0.810_r12,0.81,12
reassigned,67,4,1.0172526041666666e-05,S1C_W0.810_r12,0.81,12
reassigned,68,3,7.62939453125e-06,S1C_W0.810_r12,0.81,12
reassigned,69,1,2.5431315104166665e-06,S1C_W0.810_r12,0.81,12
reassigned,70,2,5.086263020833333e-06,S1C_W0.810_r12,0.81,12
reassigned,71,2,5.086263020833333e-06,S1C_W0.810_r12,0.81,12
reassigned,72,3,7.62939453125e-06,S1C_W0.810_r12,0.81,12
reassigned,73,1,2.5431315104166665e-06,S1C_W0.810_r12,0.81,12
reassigned,74,3,7.62939453125e-06,S1C_W0.810_r12,0.81,12
reassigned,75,3,7.62939453125e-06,S1C_W0.810_r12,0.81,12
reassigned,76,1,2.5431315104166665e-06,S1C_W0.810_r12,0.81,12
reassigned,77,1,2.5431315104166665e-06,S1C_W0.810_r12,0.81,12
reassigned,78,1,2.5431315104166665e-06,S1C_W0.810_r12,0.81,12
reassigned,79,2,5.086263020833333e-06,S1C_W0.810_r12,0.81,12
reassigned,80,2,5.086263020833333e-06,S1C_W0.810_r12,0.81,12
reassigned,81,1,2.5431315104166665e-06,S1C_W0.810_r12,0.81,12
reassigned,82,1,2.5431315104166665e-06,S1C_W0.810_r12,0.81,12
reassigned,83,3,7.62939453125e-06,S1C_W0.810_r12,0.81,12
reassigned,84,2,5.086263020833333e-06,S1C_W0.810_r12,0.81,12
reassigned,85,0,0.0,S1C_W0.810_r12,0.81,12
reassigned,86,1,2.5431315104166665e-06,S1C_W0.810_r12,0.81,12
reassigned,87,1,2.5431315104166665e-06,S1C_W0.810_r12,0.81,12
reassigned,88,2,5.086263020833333e-06,S1C_W0.810_r12,0.81,12
reassigned,89,0,0.0,S1C_W0.810_r12,0.81,12
reassigned,90,1,2.5431315104166665e-06,S1C_W0.810_r12,0.81,12
reassigned,91,2,5.086263020833333e-06,S1C_W0.810_r12,0.81,12
reassigned,92,2,5.086263020833333e-06,S1C_W0.810_r12,0.81,12
reassigned,93,0,0.0,S1C_W0.810_r12,0.81,12
reassigned,94,0,0.0,S1C_W0.810_r12,0.81,12
reassigned,95,1,2.5431315104166665e-06,S1C_W0.810_r12,0.81,12
reassigned,96,1,2.5431315104166665e-06,S1C_W0.810_r12,0.81,12
reassigned,97,2,5.086263020833333e-06,S1C_W0.810_r12,0.81,12
reassigned,98,2,5.086263020833333e-06,S1C_W0.810_r12,0.81,12
reassigned,99,2,5.086263020833333e-06,S1C_W0.810_r12,0.81,12
reassigned,100,2,5.086263020833333e-06,S1C_W0.810_r12,0.81,12
reassigned,101,1,2.5431315104166665e-06,S1C_W0.810_r12,0.81,12
reassigned,102,1,2.5431315104166665e-06,S1C_W0.810_r12,0.81,12
reassigned,103,1,2.5431315104166665e-06,S1C_W0.810_r12,0.81,12
reassigned,104,0,0.0,S1C_W0.810_r12,0.81,12
reassigned,105,2,5.086263020833333e-06,S1C_W0.810_r12,0.81,12
reassigned,106,0,0.0,S1C_W0.810_r12,0.81,12
reassigned,107,2,5.086263020833333e-06,S1C_W0.810_r12,0.81,12
reassigned,108,0,0.0,S1C_W0.810_r12,0.81,12
reassigned,109,1,2.5431315104166665e-06,S1C_W0.810_r12,0.81,12
reassigned,110,1,2.5431315104166665e-06,S1C_W0.810_r12,0.81,12
reassigned,111,0,0.0,S1C_W0.810_r12,0.81,12
reassigned,112,0,0.0,S1C_W0.810_r12,0.81,12
reassigned,113,0,0.0,S1C_W0.810_r12,0.81,12
reassigned,114,1,2.5431315104166665e-06,S1C_W0.810_r12,0.81,12
reassigned,115,2,5.086263020833333e-06,S1C_W0.810_r12,0.81,12
reassigned,116,0,0.0,S1C_W0.810_r12,0.81,12
reassigned,117,0,0.0,S1C_W0.810_r12,0.81,12
reassigned,118,3,7.62939453125e-06,S1C_W0.810_r12,0.81,12
reassigned,119,0,0.0,S1C_W0.810_r12,0.81,12
reassigned,120,0,0.0,S1C_W0.810_r12,0.81,12
reassigned,121,0,0.0,S1C_W0.810_r12,0.81,12
reassigned,122,0,0.0,S1C_W0.810_r12,0.81,12
reassigned,123,1,2.5431315104166665e-06,S1C_W0.810_r12,0.81,12
reassigned,124,0,0.0,S1C_W0.810_r12,0.81,12
reassigned,125,0,0.0,S1C_W0.810_r12,0.81,12
reassigned,126,2,5.086263020833333e-06,S1C_W0.810_r12,0.81,12
reassigned,127,1,2.5431315104166665e-06,S1C_W0.810_r12,0.81,12
reassigned,128,1,2.5431315104166665e-06,S1C_W0.810_r12,0.81,12
reassigned,129,1,2.5431315104166665e-06,S1C_W0.810_r12,0.81,12
reassigned,130,1,2.5431315104166665e-06,S1C_W0.810_r12,0.81,12
reassigned,131,1,2.5431315104166665e-06,S1C_W0.810_r12,0.81,12
reassigned,132,1,2.5431315104166665e-06,S1C_W0.810_r12,0.81,12
reassigned,133,0,0.0,S1C_W0.810_r12,0.81,12
reassigned,134,1,2.5431315104166665e-06,S1C_W0.810_r12,0.81,12
reassigned,135,0,0.0,S1C_W0.810_r12,0.81,12
reassigned,136,0,0.0,S1C_W0.810_r12,0.81,12
reassigned,137,1,2.5431315104166665e-06,S1C_W0.810_r12,0.81,12
reassigned,138,0,0.0,S1C_W0.810_r12,0.81,12
reassigned,139,0,0.0,S1C_W0.810_r12,0.81,12
reassigned,140,0,0.0,S1C_W0.810_r12,0.81,12
reassigned,141,0,0.0,S1C_W0.810_r12,0.81,12
reassigned,142,0,0.0,S1C_W0.810_r12,0.81,12
reassigned,143,0,0.0,S1C_W0.810_r12,0.81,12
reassigned,144,1,2.5431315104166665e-06,S1C_W0.810_r12,0.81,12
original,0,1946,0.004948933919270833,S1C_W0.810_r13,0.81,13
original,1,5258,0.013371785481770834,S1C_W0.810_r13,0.81,13
original,2,12372,0.031463623046875,S1C_W0.810_r13,0.81,13
original,3,24030,0.0611114501953125,S1C_W0.810_r13,0.81,13
original,4,37442,0.09521993001302083,S1C_W0.810_r13,0.81,13
original,5,48703,0.12385813395182292,S1C_W0.810_r13,0.81,13
original,6,54463,0.1385065714518229,S1C_W0.810_r13,0.81,13
original,7,52960,0.13468424479166666,S1C_W0.810_r13,0.81,13
original,8,45948,0.116851806640625,S1C_W0.810_r13,0.81,13
original,9,36829,0.09366099039713542,S1C_W0.810_r13,0.81,13
original,10,26537,0.06748708089192708,S1C_W0.810_r13,0.81,13
original,11,18116,0.046071370442708336,S1C_W0.810_r13,0.81,13
original,12,11678,0.029698689778645832,S1C_W0.810_r13,0.81,13
original,13,7185,0.01827239990234375,S1C_W0.810_r13,0.81,13
original,14,4129,0.010500590006510416,S1C_W0.810_r13,0.81,13
original,15,2237,0.005688985188802083,S1C_W0.810_r13,0.81,13
original,16,1236,0.003143310546875,S1C_W0.810_r13,0.81,13
original,17,636,0.001617431640625,S1C_W0.810_r13,0.81,13
original,18,349,0.0008875528971354166,S1C_W0.810_r13,0.81,13
original,19,199,0.0005060831705729166,S1C_W0.810_r13,0.81,13
original,20,113,0.0002873738606770833,S1C_W0.810_r13,0.81,13
original,21,54,0.0001373291015625,S1C_W0.810_r13,0.81,13
original,22,54,0.0001373291015625,S1C_W0.810_r13,0.81,13
original,23,50,0.00012715657552083334,S1C_W0.810_r13,0.81,13
original,24,47,0.00011952718098958333,S1C_W0.810_r13,0.81,13
original,25,37,9.409586588541667e-05,S1C_W0.810_r13,0.81,13
original,26,45,0.00011444091796875,S1C_W0.810_r13,0.81,13
original,27,31,7.883707682291667e-05,S1C_W0.810_r13,0.81,13
original,28,30,7.62939453125e-05,S1C_W0.810_r13,0.81,13
original,29,29,7.375081380208333e-05,S1C_W0.810_r13,0.81,13
original,30,30,7.62939453125e-05,S1C_W0.810_r13,0.81,13
original,31,28,7.120768229166667e-05,S1C_W0.810_r13,0.81,13
original,32,24,6.103515625e-05,S1C_W0.810_r13,0.81,13
original,33,29,7.375081380208333e-05,S1C_W0.810_r13,0.81,13
original,34,32,8.138020833333333e-05,S1C_W0.810_r13,0.81,13
original,35,25,6.357828776041667e-05,S1C_W0.810_r13,0.81,13
original,36,18,4.57763671875e-05,S1C_W0.810_r13,0.81,13
original,37,19,4.8319498697916664e-05,S1C_W0.810_r13,0.81,13
original,38,25,6.357828776041667e-05,S1C_W0.810_r13,0.81,13
original,39,19,4.8319498697916664e-05,S1C_W0.810_r13,0.81,13
original,40,18,4.57763671875e-05,S1C_W0.810_r13,0.81,13
original,41,22,5.5948893229166664e-05,S1C_W0.810_r13,0.81,13
original,42,14,3.5603841145833336e-05,S1C_W0.810_r13,0.81,13
original,43,20,5.0862630208333336e-05,S1C_W0.810_r13,0.81,13
original,44,20,5.0862630208333336e-05,S1C_W0.810_r13,0.81,13
original,45,13,3.3060709635416664e-05,S1C_W0.810_r13,0.81,13
original,46,21,5.340576171875e-05,S1C_W0.810_r13,0.81,13
original,47,13,3.3060709635416664e-05,S1C_W0.810_r13,0.81,13
original,48,14,3.5603841145833336e-05,S1C_W0.810_r13,0.81,13
original,49,11,2.7974446614583332e-05,S1C_W0.810_r13,0.81,13
original,50,9,2.288818359375e-05,S1C_W0.810_r13,0.81,13
original,51,10,2.5431315104166668e-05,S1C_W0.810_r13,0.81,13
original,52,7,1.7801920572916668e-05,S1C_W0.810_r13,0.81,13
original,53,9,2.288818359375e-05,S1C_W0.810_r13,0.81,13
original,54,9,2.288818359375e-05,S1C_W0.810_r13,0.81,13
original,55,3,7.62939453125e-06,S1C_W0.810_r13,0.81,13
original,56,3,7.62939453125e-06,S1C_W0.810_r13,0.81,13
original,57,2,5.086263020833333e-06,S1C_W0.810_r13,0.81,13
original,58,1,2.5431315104166665e-06,S1C_W0.810_r13,0.81,13
original,59,1,2.5431315104166665e-06,S1C_W0.810_r13,0.81,13
original,60,0,0.0,S1C_W0.810_r13,0.81,13
original,61,2,5.086263020833333e-06,S1C_W0.810_r13,0.81,13
original,62,0,0.0,S1C_W0.810_r13,0.81,13
original,63,1,2.5431315104166665e-06,S1C_W0.810_r13,0.81,13
original,64,0,0.0,S1C_W0.810_r13,0.81,13
original,65,1,2.5431315104166665e-06,S1C_W0.810_r13,0.81,13
reassigned,0,7889,0.020062764485677082,S1C_W0.810_r13,0.81,13
reassigned,1,13950,0.0354766845703125,S1C_W0.810_r13,0.81,13
reassigned,2,26115,0.06641387939453125,S1C_W0.810_r13,0.81,13
reassigned,3,37456,0.09525553385416667,S1C_W0.810_r13,0.81,13
reassigned,4,43132,0.10969034830729167,S1C_W0.810_r13,0.81,13
reassigned,5,44525,0.11323293050130208,S1C_W0.810_r13,0.81,13
reassigned,6,41513,0.10557301839192708,S1C_W0.810_r13,0.81,13
reassigned,7,36261,0.09221649169921875,S1C_W0.810_r13,0.81,13
reassigned,8,30318,0.0771026611328125,S1C_W0.810_r13,0.81,13
reassigned,9,24261,0.06169891357421875,S1C_W0.810_r13,0.81,13
reassigned,10,19256,0.048970540364583336,S1C_W0.810_r13,0.81,13
reassigned,11,15228,0.038726806640625,S1C_W0.810_r13,0.81,13
reassigned,12,11592,0.02947998046875,S1C_W0.810_r13,0.81,13
reassigned,13,9099,0.02313995361328125,S1C_W0.810_r13,0.81,13
reassigned,14,6891,0.01752471923828125,S1C_W0.810_r13,0.81,13
reassigned,15,5348,0.013600667317708334,S1C_W0.810_r13,0.81,13
reassigned,16,4206,0.0106964111328125,S1C_W0.810_r13,0.81,13
reassigned,17,3301,0.008394877115885416,S1C_W0.810_r13,0.81,13
reassigned,18,2544,0.0064697265625,S1C_W0.810_r13,0.81,13
reassigned,19,2015,0.005124409993489583,S1C_W0.810_r13,0.81,13
reassigned,20,1595,0.004056294759114583,S1C_W0.810_r13,0.81,13
reassigned,21,1302,0.0033111572265625,S1C_W0.810_r13,0.81,13
reassigned,22,1051,0.0026728312174479165,S1C_W0.810_r13,0.81,13
reassigned,23,745,0.0018946329752604167,S1C_W0.810_r13,0.81,13
reassigned,24,621,0.00157928466796875,S1C_W0.810_r13,0.81,13
reassigned,25,530,0.0013478597005208333,S1C_W0.810_r13,0.81,13
reassigned,26,405,0.00102996826171875,S1C_W0.810_r13,0.81,13
reassigned,27,341,0.0008672078450520834,S1C_W0.810_r13,0.81,13
reassigned,28,278,0.0007069905598958334,S1C_W0.810_r13,0.81,13
reassigned,29,218,0.0005544026692708334,S1C_W0.810_r13,0.81,13
reassigned,30,150,0.0003814697265625,S1C_W0.810_r13,0.81,13
reassigned,31,135,0.00034332275390625,S1C_W0.810_r13,0.81,13
reassigned,32,138,0.0003509521484375,S1C_W0.810_r13,0.81,13
reassigned,33,100,0.0002543131510416667,S1C_W0.810_r13,0.81,13
reassigned,34,84,0.000213623046875,S1C_W0.810_r13,0.81,13
reassigned,35,56,0.00014241536458333334,S1C_W0.810_r13,0.81,13
reassigned,36,57,0.00014495849609375,S1C_W0.810_r13,0.81,13
reassigned,37,35,8.900960286458333e-05,S1C_W0.810_r13,0.81,13
reassigned,38,35,8.900960286458333e-05,S1C_W0.810_r13,0.81,13
reassigned,39,24,6.103515625e-05,S1C_W0.810_r13,0.81,13
reassigned,40,30,7.62939453125e-05,S1C_W0.810_r13,0.81,13
reassigned,41,28,7.120768229166667e-05,S1C_W0.810_r13,0.81,13
reassigned,42,25,6.357828776041667e-05,S1C_W0.810_r13,0.81,13
reassigned,43,19,4.8319498697916664e-05,S1C_W0.810_r13,0.81,13
reassigned,44,20,5.0862630208333336e-05,S1C_W0.810_r13,0.81,13
reassigned,45,15,3.814697265625e-05,S1C_W0.810_r13,0.81,13
reassigned,46,19,4.8319498697916664e-05,S1C_W0.810_r13,0.81,13
reassigned,47,11,2.7974446614583332e-05,S1C_W0.810_r13,0.81,13
reassigned,48,16,4.0690104166666664e-05,S1C_W0.810_r13,0.81,13
reassigned,49,10,2.5431315104166668e-05,S1C_W0.810_r13,0.81,13
reassigned,50,10,2.5431315104166668e-05,S1C_W0.810_r13,0.81,13
reassigned,51,16,4.0690104166666664e-05,S1C_W0.810_r13,0.81,13
reassigned,52,11,2.7974446614583332e-05,S1C_W0.810_r13,0.81,13
reassigned,53,11,2.7974446614583332e-05,S1C_W0.810_r13,0.81,13
reassigned,54,4,1.0172526041666666e-05,S1C_W0.810_r13,0.81,13
reassigned,55,7,1.7801920572916668e-05,S1C_W0.810_r13,0.81,13
reassigned,56,5,1.2715657552083334e-05,S1C_W0.810_r13,0.81,13
reassigned,57,3,7.62939453125e-06,S1C_W0.810_r13,0.81,13
reassigned,58,4,1.0172526041666666e-05,S1C_W0.810_r13,0.81,13
reassigned,59,5,1.2715657552083334e-05,S1C_W0.810_r13,0.81,13
reassigned,60,5,1.2715657552083334e-05,S1C_W0.810_r13,0.81,13
reassigned,61,6,1.52587890625e-05,S1C_W0.810_r13,0.81,13
reassigned,62,7,1.7801920572916668e-05,S1C_W0.810_r13,0.81,13
reassigned,63,5,1.2715657552083334e-05,S1C_W0.810_r13,0.81,13
reassigned,64,5,1.2715657552083334e-05,S1C_W0.810_r13,0.81,13
reassigned,65,2,5.086263020833333e-06,S1C_W0.810_r13,0.81,13
reassigned,66,7,1.7801920572916668e-05,S1C_W0.810_r13,0.81,13
reassigned,67,5,1.2715657552083334e-05,S1C_W0.810_r13,0.81,13
reassigned,68,6,1.52587890625e-05,S1C_W0.810_r13,0.81,13
reassigned,69,1,2.5431315104166665e-06,S1C_W0.810_r13,0.81,13
reassigned,70,3,7.62939453125e-06,S1C_W0.810_r13,0.81,13
reassigned,71,3,7.62939453125e-06,S1C_W0.810_r13,0.81,13
reassigned,72,1,2.5431315104166665e-06,S1C_W0.810_r13,0.81,13
reassigned,73,3,7.62939453125e-06,S1C_W0.810_r13,0.81,13
reassigned,74,4,1.0172526041666666e-05,S1C_W0.810_r13,0.81,13
reassigned,75,2,5.086263020833333e-06,S1C_W0.810_r13,0.81,13
reassigned,76,5,1.2715657552083334e-05,S1C_W0.810_r13,0.81,13
reassigned,77,1,2.5431315104166665e-06,S1C_W0.810_r13,0.81,13
reassigned,78,0,0.0,S1C_W0.810_r13,0.81,13
reassigned,79,3,7.62939453125e-06,S1C_W0.810_r13,0.81,13
reassigned,80,4,1.0172526041666666e-05,S1C_W0.810_r13,0.81,13
reassigned,81,3,7.62939453125e-06,S1C_W0.810_r13,0.81,13
reassigned,82,1,2.5431315104166665e-06,S1C_W0.810_r13,0.81,13
reassigned,83,3,7.62939453125e-06,S1C_W0.810_r13,0.81,13
reassigned,84,3,7.62939453125e-06,S1C_W0.810_r13,0.81,13
reassigned,85,2,5.086263020833333e-06,S1C_W0.810_r13,0.81,13
reassigned,86,1,2.5431315104166665e-06,S1C_W0.810_r13,0.81,13
reassigned,87,1,2.5431315104166665e-06,S1C_W0.810_r13,0.81,13
reassigned,88,1,2.5431315104166665e-06,S1C_W0.810_r13,0.81,13
reassigned,89,3,7.62939453125e-06,S1C_W0.810_r13,0.81,13
reassigned,90,2,5.086263020833333e-06,S1C_W0.810_r13,0.81,13
reassigned,91,4,1.0172526041666666e-05,S1C_W0.810_r13,0.81,13
reassigned,92,3,7.62939453125e-06,S1C_W0.810_r13,0.81,13
reassigned,93,1,2.5431315104166665e-06,S1C_W0.810_r13,0.81,13
reassigned,94,1,2.5431315104166665e-06,S1C_W0.810_r13,0.81,13
reassigned,95,2,5.086263020833333e-06,S1C_W0.810_r13,0.81,13
reassigned,96,2,5.086263020833333e-06,S1C_W0.810_r13,0.81,13
reassigned,97,1,2.5431315104166665e-06,S1C_W0.810_r13,0.81,13
reassigned,98,0,0.0,S1C_W0.810_r13,0.81,13
reassigned,99,1,2.5431315104166665e-06,S1C_W0.810_r13,0.81,13
reassigned,100,0,0.0,S1C_W0.810_r13,0.81,13
reassigned,101,0,0.0,S1C_W0.810_r13,0.81,13
reassigned,102,1,2.5431315104166665e-06,S1C_W0.810_r13,0.81,13
reassigned,103,0,0.0,S1C_W0.810_r13,0.81,13
reassigned,104,3,7.62939453125e-06,S1C_W0.810_r13,0.81,13
reassigned,105,3,7.62939453125e-06,S1C_W0.810_r13,0.81,13
reassigned,106,2,5.086263020833333e-06,S1C_W0.810_r13,0.81,13
reassigned,107,0,0.0,S1C_W0.810_r13,0.81,13
reassigned,108,0,0.0,S1C_W0.810_r13,0.81,13
reassigned,109,1,2.5431315104166665e-06,S1C_W0.810_r13,0.81,13
reassigned,110,1,2.5431315104166665e-06,S1C_W0.810_r13,0.81,13
reassigned,111,1,2.5431315104166665e-06,S1C_W0.810_r13,0.81,13
reassigned,112,0,0.0,S1C_W0.810_r13,0.81,13
reassigned,113,1,2.5431315104166665e-06,S1C_W0.810_r13,0.81,13
reassigned,114,2,5.086263020833333e-06,S1C_W0.810_r13,0.81,13
reassigned,115,1,2.5431315104166665e-06,S1C_W0.810_r13,0.81,13
reassigned,116,0,0.0,S1C_W0.810_r13,0.81,13
reassigned,117,1,2.5431315104166665e-06,S1C_W0.810_r13,0.81,13
reassigned,118,2,5.086263020833333e-06,S1C_W0.810_r13,0.81,13
reassigned,119,1,2.5431315104166665e-06,S1C_W0.810_r13,0.81,13
reassigned,120,1,2.5431315104166665e-06,S1C_W0.810_r13,0.81,13
reassigned,121,0,0.0,S1C_W0.810_r13,0.81,13
reassigned,122,1,2.5431315104166665e-06,S1C_W0.810_r13,0.81,13
reassigned,123,1,2.5431315104166665e-06,S1C_W0.810_r13,0.81,13
reassigned,124,0,0.0,S1C_W0.810_r13,0.81,13
reassigned,125,1,2.5431315104166665e-06,S1C_W0.810_r13,0.81,13
reassigned,126,0,0.0,S1C_W0.810_r13,0.81,13
reassigned,127,0,0.0,S1C_W0.810_r13,0.81,13
reassigned,128,0,0.0,S1C_W0.810_r13,0.81,13
reassigned,129,0,0.0,S1C_W0.810_r13,0.81,13
reassigned,130,0,0.0,S1C_W0.810_r13,0.81,13
reassigned,131,0,0.0,S1C_W0.810_r13,0.81,13
reassigned,132,0,0.0,S1C_W0.810_r13,0.81,13
reassigned,133,1,2.5431315104166665e-06,S1C_W0.810_r13,0.81,13
reassigned,134,1,2.5431315104166665e-06,S1C_W0.810_r13,0.81,13
reassigned,135,0,0.0,S1C_W0.810_r13,0.81,13
reassigned,136,0,0.0,S1C_W0.810_r13,0.81,13
reassigned,137,0,0.0,S1C_W0.810_r13,0.81,13
reassigned,138,0,0.0,S1C_W0.810_r13,0.81,13
reassigned,139,0,0.0,S1C_W0.810_r13,0.81,13
reassigned,140,1,2.5431315104166665e-06,S1C_W0.810_r13,0.81,13
reassigned,141,0,0.0,S1C_W0.810_r13,0.81,13
reassigned,142,0,0.0,S1C_W0.810_r13,0.81,13
reassigned,143,1,2.5431315104166665e-06,S1C_W0.810_r13,0.81,13
reassigned,144,0,0.0,S1C_W0.810_r13,0.81,13
reassigned,145,1,2.5431315104166665e-06,S1C_W0.810_r13,0.81,13
reassigned,146,1,2.5431315104166665e-06,S1C_W0.810_r13,0.81,13
reassigned,147,0,0.0,S1C_W0.810_r13,0.81,13
reassigned,148,0,0.0,S1C_W0.810_r13,0.81,13
reassigned,149,0,0.0,S1C_W0.810_r13,0.81,13
reassigned,150,1,2.5431315104166665e-06,S1C_W0.810_r13,0.81,13
reassigned,151,0,0.0,S1C_W0.810_r13,0.81,13
reassigned,152,0,0.0,S1C_W0.810_r13,0.81,13
reassigned,153,0,0.0,S1C_W0.810_r13,0.81,13
reassigned,154,1,2.5431315104166665e-06,S1C_W0.810_r13,0.81,13
reassigned,155,0,0.0,S1C_W0.810_r13,0.81,13
reassigned,156,0,0.0,S1C_W0.810_r13,0.81,13
reassigned,157,1,2.5431315104166665e-06,S1C_W0.810_r13,0.81,13
reassigned,158,0,0.0,S1C_W0.810_r13,0.81,13
reassigned,159,0,0.0,S1C_W0.810_r13,0.81,13
reassigned,160,0,0.0,S1C_W0.810_r13,0.81,13
reassigned,161,0,0.0,S1C_W0.810_r13,0.81,13
reassigned,162,1,2.5431315104166665e-06,S1C_W0.810_r13,0.81,13
original,0,1971,0.00501251220703125,S1C_W0.810_r14,0.81,14
original,1,5307,0.01349639892578125,S1C_W0.810_r14,0.81,14
original,2,12467,0.031705220540364586,S1C_W0.810_r14,0.81,14
original,3,23865,0.06069183349609375,S1C_W0.810_r14,0.81,14
original,4,37839,0.09622955322265625,S1C_W0.810_r14,0.81,14
original,5,48227,0.12264760335286458,S1C_W0.810_r14,0.81,14
original,6,54326,0.13815816243489584,S1C_W0.810_r14,0.81,14
original,7,52377,0.13320159912109375,S1C_W0.810_r14,0.81,14
original,8,46102,0.11724344889322917,S1C_W0.810_r14,0.81,14
original,9,37183,0.09456125895182292,S1C_W0.810_r14,0.81,14
original,10,27014,0.06870015462239583,S1C_W0.810_r14,0.81,14
original,11,18378,0.0467376708984375,S1C_W0.810_r14,0.81,14
original,12,11671,0.029680887858072918,S1C_W0.810_r14,0.81,14
original,13,6963,0.01770782470703125,S1C_W0.810_r14,0.81,14
original,14,4065,0.01033782958984375,S1C_W0.810_r14,0.81,14
original,15,2233,0.005678812662760417,S1C_W0.810_r14,0.81,14
original,16,1141,0.0029017130533854165,S1C_W0.810_r14,0.81,14
original,17,614,0.0015614827473958333,S1C_W0.810_r14,0.81,14
original,18,321,0.00081634521484375,S1C_W0.810_r14,0.81,14
original,19,162,0.0004119873046875,S1C_W0.810_r14,0.81,14
original,20,118,0.0003000895182291667,S1C_W0.810_r14,0.81,14
original,21,70,0.00017801920572916666,S1C_W0.810_r14,0.81,14
original,22,59,0.00015004475911458334,S1C_W0.810_r14,0.81,14
original,23,46,0.00011698404947916667,S1C_W0.810_r14,0.81,14
original,24,55,0.00013987223307291666,S1C_W0.810_r14,0.81,14
original,25,44,0.00011189778645833333,S1C_W0.810_r14,0.81,14
original,26,38,9.663899739583333e-05,S1C_W0.810_r14,0.81,14
original,27,27,6.866455078125e-05,S1C_W0.810_r14,0.81,14
original,28,26,6.612141927083333e-05,S1C_W0.810_r14,0.81,14
original,29,34,8.646647135416667e-05,S1C_W0.810_r14,0.81,14
original,30,25,6.357828776041667e-05,S1C_W0.810_r14,0.81,14
original,31,24,6.103515625e-05,S1C_W0.810_r14,0.81,14
original,32,21,5.340576171875e-05,S1C_W0.810_r14,0.81,14
original,33,25,6.357828776041667e-05,S1C_W0.810_r14,0.81,14
original,34,21,5.340576171875e-05,S1C_W0.810_r14,0.81,14
original,35,26,6.612141927083333e-05,S1C_W0.810_r14,0.81,14
original,36,16,4.0690104166666664e-05,S1C_W0.810_r14,0.81,14
original,37,24,6.103515625e-05,S1C_W0.810_r14,0.81,14
original,38,24,6.103515625e-05,S1C_W0.810_r14,0.81,14
original,39,23,5.8492024739583336e-05,S1C_W0.810_r14,0.81,14
original,40,26,6.612141927083333e-05,S1C_W0.810_r14,0.81,14
original,41,29,7.375081380208333e-05,S1C_W0.810_r14,0.81,14
original,42,18,4.57763671875e-05,S1C_W0.810_r14,0.81,14
original,43,12,3.0517578125e-05,S1C_W0.810_r14,0.81,14
original,44,19,4.8319498697916664e-05,S1C_W0.810_r14,0.81,14
original,45,18,4.57763671875e-05,S1C_W0.810_r14,0.81,14
original,46,12,3.0517578125e-05,S1C_W0.810_r14,0.81,14
original,47,16,4.0690104166666664e-05,S1C_W0.810_r14,0.81,14
original,48,16,4.0690104166666664e-05,S1C_W0.810_r14,0.81,14
original,49,10,2.5431315104166668e-05,S1C_W0.810_r14,0.81,14
original,50,11,2.7974446614583332e-05,S1C_W0.810_r14,0.81,14
original,51,8,2.0345052083333332e-05,S1C_W0.810_r14,0.81,14
original,52,10,2.5431315104166668e-05,S1C_W0.810_r14,0.81,14
original,53,7,1.7801920572916668e-05,S1C_W0.810_r14,0.81,14
original,54,6,1.52587890625e-05,S1C_W0.810_r14,0.81,14
original,55,8,2.0345052083333332e-05,S1C_W0.810_r14,0.81,14
original,56,3,7.62939453125e-06,S1C_W0.810_r14,0.81,14
original,57,5,1.2715657552083334e-05,S1C_W0.810_r14,0.81,14
original,58,2,5.086263020833333e-06,S1C_W0.810_r14,0.81,14
original,59,3,7.62939453125e-06,S1C_W0.810_r14,0.81,14
original,60,1,2.5431315104166665e-06,S1C_W0.810_r14,0.81,14
original,61,2,5.086263020833333e-06,S1C_W0.810_r14,0.81,14
original,62,0,0.0,S1C_W0.810_r14,0.81,14
original,63,0,0.0,S1C_W0.810_r14,0.81,14
original,64,2,5.086263020833333e-06,S1C_W0.810_r14,0.81,14
reassigned,0,8788,0.022349039713541668,S1C_W0.810_r14,0.81,14
reassigned,1,13763,0.035001118977864586,S1C_W0.810_r14,0.81,14
reassigned,2,26017,0.06616465250651042,S1C_W0.810_r14,0.81,14
reassigned,3,37338,0.0949554443359375,S1C_W0.810_r14,0.81,14
reassigned,4,42983,0.10931142171223958,S1C_W0.810_r14,0.81,14
reassigned,5,43964,0.11180623372395833,S1C_W0.810_r14,0.81,14
reassigned,6,41078,0.10446675618489583,S1C_W0.810_r14,0.81,14
reassigned,7,36297,0.09230804443359375,S1C_W0.810_r14,0.81,14
reassigned,8,30352,0.07718912760416667,S1C_W0.810_r14,0.81,14
reassigned,9,24533,0.062390645345052086,S1C_W0.810_r14,0.81,14
reassigned,10,19344,0.0491943359375,S1C_W0.810_r14,0.81,14
reassigned,11,15162,0.0385589599609375,S1C_W0.810_r14,0.81,14
reassigned,12,11897,0.030255635579427082,S1C_W0.810_r14,0.81,14
reassigned,13,9074,0.023076375325520832,S1C_W0.810_r14,0.81,14
reassigned,14,7024,0.017862955729166668,S1C_W0.810_r14,0.81,14
reassigned,15,5224,0.013285319010416666,S1C_W0.810_r14,0.81,14
reassigned,16,4202,0.010686238606770834,S1C_W0.810_r14,0.81,14
reassigned,17,3154,0.008021036783854166,S1C_W0.810_r14,0.81,14
reassigned,18,2573,0.006543477376302083,S1C_W0.810_r14,0.81,14
reassigned,19,2042,0.005193074544270833,S1C_W0.810_r14,0.81,14
reassigned,20,1641,0.00417327880859375,S1C_W0.810_r14,0.81,14
reassigned,21,1241,0.0031560262044270835,S1C_W0.810_r14,0.81,14
reassigned,22,945,0.00240325927734375,S1C_W0.810_r14,0.81,14
reassigned,23,864,0.002197265625,S1C_W0.810_r14,0.81,14
reassigned,24,690,0.0017547607421875,S1C_W0.810_r14,0.81,14
reassigned,25,504,0.00128173828125,S1C_W0.810_r14,0.81,14
reassigned,26,425,0.0010808308919270833,S1C_W0.810_r14,0.81,14
reassigned,27,344,0.0008748372395833334,S1C_W0.810_r14,0.81,14
reassigned,28,269,0.0006841023763020834,S1C_W0.810_r14,0.81,14
reassigned,29,257,0.0006535847981770834,S1C_W0.810_r14,0.81,14
reassigned,30,178,0.0004526774088541667,S1C_W0.810_r14,0.81,14
reassigned,31,155,0.0003941853841145833,S1C_W0.810_r14,0.81,14
reassigned,32,122,0.0003102620442708333,S1C_W0.810_r14,0.81,14
reassigned,33,82,0.00020853678385416666,S1C_W0.810_r14,0.81,14
reassigned,34,91,0.00023142496744791666,S1C_W0.810_r14,0.81,14
reassigned,35,49,0.00012461344401041666,S1C_W0.810_r14,0.81,14
reassigned,36,61,0.00015513102213541666,S1C_W0.810_r14,0.81,14
reassigned,37,45,0.00011444091796875,S1C_W0.810_r14,0.81,14
reassigned,38,41,0.00010426839192708333,S1C_W0.810_r14,0.81,14
reassigned,39,27,6.866455078125e-05,S1C_W0.810_r14,0.81,14
reassigned,40,32,8.138020833333333e-05,S1C_W0.810_r14,0.81,14
reassigned,41,22,5.5948893229166664e-05,S1C_W0.810_r14,0.81,14
reassigned,42,24,6.103515625e-05,S1C_W0.810_r14,0.81,14
reassigned,43,14,3.5603841145833336e-05,S1C_W0.810_r14,0.81,14
reassigned,44,13,3.3060709635416664e-05,S1C_W0.810_r14,0.81,14
reassigned,45,10,2.5431315104166668e-05,S1C_W0.810_r14,0.81,14
reassigned,46,16,4.0690104166666664e-05,S1C_W0.810_r14,0.81,14
reassigned,47,14,3.5603841145833336e-05,S1C_W0.810_r14,0.81,14
reassigned,48,9,2.288818359375e-05,S1C_W0.810_r14,0.81,14
reassigned,49,6,1.52587890625e-05,S1C_W0.810_r14,0.81,14
reassigned,50,11,2.7974446614583332e-05,S1C_W0.810_r14,0.81,14
reassigned,51,8,2.0345052083333332e-05,S1C_W0.810_r14,0.81,14
reassigned,52,13,3.3060709635416664e-05,S1C_W0.810_r14,0.81,14
reassigned,53,4,1.0172526041666666e-05,S1C_W0.810_r14,0.81,14
reassigned,54,11,2.7974446614583332e-05,S1C_W0.810_r14,0.81,14
reassigned,55,8,2.0345052083333332e-05,S1C_W0.810_r14,0.81,14
reassigned,56,13,3.3060709635416664e-05,S1C_W0.810_r14,0.81,14
reassigned,57,6,1.52587890625e-05,S1C_W0.810_r14,0.81,14
reassigned,58,5,1.2715657552083334e-05,S1C_W0.810_r14,0.81,14
reassigned,59,5,1.2715657552083334e-05,S1C_W0.810_r14,0.81,14
reassigned,60,6,1.52587890625e-05,S1C_W0.810_r14,0.81,14
reassigned,61,9,2.288818359375e-05,S1C_W0.810_r14,0.81,14
reassigned,62,4,1.0172526041666666e-05,S1C_W0.810_r14,0.81,14
reassigned,63,1,2.5431315104166665e-06,S1C_W0.810_r14,0.81,14
reassigned,64,6,1.52587890625e-05,S1C_W0.810_r14,0.81,14
reassigned,65,0,0.0,S1C_W0.810_r14,0.81,14
reassigned,66,4,1.0172526041666666e-05,S1C_W0.810_r14,0.81,14
reassigned,67,4,1.0172526041666666e-05,S1C_W0.810_r14,0.81,14
reassigned,68,3,7.62939453125e-06,S1C_W0.810_r14,0.81,14
reassigned,69,2,5.086263020833333e-06,S1C_W0.810_r14,0.81,14
reassigned,70,5,1.2715657552083334e-05,S1C_W0.810_r14,0.81,14
reassigned,71,3,7.62939453125e-06,S1C_W0.810_r14,0.81,14
reassigned,72,1,2.5431315104166665e-06,S1C_W0.810_r14,0.81,14
reassigned,73,3,7.62939453125e-06,S1C_W0.810_r14,0.81,14
reassigned,74,7,1.7801920572916668e-05,S1C_W0.810_r14,0.81,14
reassigned,75,1,2.5431315104166665e-06,S1C_W0.810_r14,0.81,14
reassigned,76,0,0.0,S1C_W0.810_r14,0.81,14
reassigned,77,2,5.086263020833333e-06,S1C_W0.810_r14,0.81,14
reassigned,78,3,7.62939453125e-06,S1C_W0.810_r14,0.81,14
reassigned,79,1,2.5431315104166665e-06,S1C_W0.810_r14,0.81,14
reassigned,80,0,0.0,S1C_W0.810_r14,0.81,14
reassigned,81,1,2.5431315104166665e-06,S1C_W0.810_r14,0.81,14
reassigned,82,1,2.5431315104166665e-06,S1C_W0.810_r14,0.81,14
reassigned,83,3,7.62939453125e-06,S1C_W0.810_r14,0.81,14
reassigned,84,1,2.5431315104166665e-06,S1C_W0.810_r14,0.81,14
reassigned,85,1,2.5431315104166665e-06,S1C_W0.810_r14,0.81,14
reassigned,86,4,1.0172526041666666e-05,S1C_W0.810_r14,0.81,14
reassigned,87,1,2.5431315104166665e-06,S1C_W0.810_r14,0.81,14
reassigned,88,3,7.62939453125e-06,S1C_W0.810_r14,0.81,14
reassigned,89,0,0.0,S1C_W0.810_r14,0.81,14
reassigned,90,2,5.086263020833333e-06,S1C_W0.810_r14,0.81,14
reassigned,91,0,0.0,S1C_W0.810_r14,0.81,14
reassigned,92,3,7.62939453125e-06,S1C_W0.810_r14,0.81,14
reassigned,93,1,2.5431315104166665e-06,S1C_W0.810_r14,0.81,14
reassigned,94,2,5.086263020833333e-06,S1C_W0.810_r14,0.81,14
reassigned,95,3,7.62939453125e-06,S1C_W0.810_r14,0.81,14
reassigned,96,1,2.5431315104166665e-06,S1C_W0.810_r14,0.81,14
reassigned,97,2,5.086263020833333e-06,S1C_W0.810_r14,0.81,14
reassigned,98,1,2.5431315104166665e-06,S1C_W0.810_r14,0.81,14
reassigned,99,1,2.5431315104166665e-06,S1C_W0.810_r14,0.81,14
reassigned,100,0,0.0,S1C_W0.810_r14,0.81,14
reassigned,101,1,2.5431315104166665e-06,S1C_W0.810_r14,0.81,14
reassigned,102,1,2.5431315104166665e-06,S1C_W0.810_r14,0.81,14
reassigned,103,1,2.5431315104166665e-06,S1C_W0.810_r14,0.81,14
reassigned,104,0,0.0,S1C_W0.810_r14,0.81,14
reassigned,105,0,0.0,S1C_W0.810_r14,0.81,14
reassigned,106,0,0.0,S1C_W0.810_r14,0.81,14
reassigned,107,1,2.5431315104166665e-06,S1C_W0.810_r14,0.81,14
reassigned,108,4,1.0172526041666666e-05,S1C_W0.810_r14,0.81,14
reassigned,109,2,5.086263020833333e-06,S1C_W0.810_r14,0.81,14
reassigned,110,2,5.086263020833333e-06,S1C_W0.810_r14,0.81,14
reassigned,111,0,0.0,S1C_W0.810_r14,0.81,14
reassigned,112,1,2.5431315104166665e-06,S1C_W0.810_r14,0.81,14
reassigned,113,0,0.0,S1C_W0.810_r14,0.81,14
reassigned,114,0,0.0,S1C_W0.810_r14,0.81,14
reassigned,115,1,2.5431315104166665e-06,S1C_W0.810_r14,0.81,14
reassigned,116,1,2.5431315104166665e-06,S1C_W0.810_r14,0.81,14
reassigned,117,1,2.5431315104166665e-06,S1C_W0.810_r14,0.81,14
reassigned,118,0,0.0,S1C_W0.810_r14,0.81,14
reassigned,119,0,0.0,S1C_W0.810_r14,0.81,14
reassigned,120,1,2.5431315104166665e-06,S1C_W0.810_r14,0.81,14
reassigned,121,0,0.0,S1C_W0.810_r14,0.81,14
reassigned,122,1,2.5431315104166665e-06,S1C_W0.810_r14,0.81,14
reassigned,123,1,2.5431315104166665e-06,S1C_W0.810_r14,0.81,14
reassigned,124,0,0.0,S1C_W0.810_r14,0.81,14
reassigned,125,1,2.5431315104166665e-06,S1C_W0.810_r14,0.81,14
reassigned,126,1,2.5431315104166665e-06,S1C_W0.810_r14,0.81,14
reassigned,127,2,5.086263020833333e-06,S1C_W0.810_r14,0.81,14
reassigned,128,0,0.0,S1C_W0.810_r14,0.81,14
reassigned,129,1,2.5431315104166665e-06,S1C_W0.810_r14,0.81,14
reassigned,130,0,0.0,S1C_W0.810_r14,0.81,14
reassigned,131,1,2.5431315104166665e-06,S1C_W0.810_r14,0.81,14
reassigned,132,0,0.0,S1C_W0.810_r14,0.81,14
reassigned,133,2,5.086263020833333e-06,S1C_W0.810_r14,0.81,14
reassigned,134,0,0.0,S1C_W0.810_r14,0.81,14
reassigned,135,0,0.0,S1C_W0.810_r14,0.81,14
reassigned,136,1,2.5431315104166665e-06,S1C_W0.810_r14,0.81,14
reassigned,137,0,0.0,S1C_W0.810_r14,0.81,14
reassigned,138,0,0.0,S1C_W0.810_r14,0.81,14
reassigned,139,0,0.0,S1C_W0.810_r14,0.81,14
reassigned,140,0,0.0,S1C_W0.810_r14,0.81,14
reassigned,141,0,0.0,S1C_W0.810_r14,0.81,14
reassigned,142,0,0.0,S1C_W0.810_r14,0.81,14
reassigned,143,0,0.0,S1C_W0.810_r14,0.81,14
reassigned,144,0,0.0,S1C_W0.810_r14,0.81,14
reassigned,145,1,2.5431315104166665e-06,S1C_W0.810_r14,0.81,14
reassigned,146,1,2.5431315104166665e-06,S1C_W0.810_r14,0.81,14
reassigned,147,2,5.086263020833333e-06,S1C_W0.810_r14,0.81,14
reassigned,148,1,2.5431315104166665e-06,S1C_W0.810_r14,0.81,14
reassigned,149,0,0.0,S1C_W0.810_r14,0.81,14
reassigned,150,0,0.0,S1C_W0.810_r14,0.81,14
reassigned,151,0,0.0,S1C_W0.810_r14,0.81,14
reassigned,152,0,0.0,S1C_W0.810_r14,0.81,14
reassigned,153,0,0.0,S1C_W0.810_r14,0.81,14
reassigned,154,0,0.0,S1C_W0.810_r14,0.81,14
reassigned,155,2,5.086263020833333e-06,S1C_W0.810_r14,0.81,14
reassigned,156,0,0.0,S1C_W0.810_r14,0.81,14
reassigned,157,1,2.5431315104166665e-06,S1C_W0.810_r14,0.81,14
original,0,1976,0.005025227864583333,S1C_W0.810_r15,0.81,15
original,1,5319,0.01352691650390625,S1C_W0.810_r15,0.81,15
original,2,12438,0.0316314697265625,S1C_W0.810_r15,0.81,15
original,3,24202,0.061548868815104164,S1C_W0.810_r15,0.81,15
original,4,37508,0.09538777669270833,S1C_W0.810_r15,0.81,15
original,5,48094,0.12230936686197917,S1C_W0.810_r15,0.81,15
original,6,54284,0.13805135091145834,S1C_W0.810_r15,0.81,15
original,7,53085,0.13500213623046875,S1C_W0.810_r15,0.81,15
original,8,45705,0.11623382568359375,S1C_W0.810_r15,0.81,15
original,9,37013,0.09412892659505208,S1C_W0.810_r15,0.81,15
original,10,26737,0.06799570719401042,S1C_W0.810_r15,0.81,15
original,11,18461,0.046948750813802086,S1C_W0.810_r15,0.81,15
original,12,11815,0.030047098795572918,S1C_W0.810_r15,0.81,15
original,13,6969,0.01772308349609375,S1C_W0.810_r15,0.81,15
original,14,4065,0.01033782958984375,S1C_W0.810_r15,0.81,15
original,15,2187,0.00556182861328125,S1C_W0.810_r15,0.81,15
original,16,1248,0.003173828125,S1C_W0.810_r15,0.81,15
original,17,602,0.0015309651692708333,S1C_W0.810_r15,0.81,15
original,18,326,0.0008290608723958334,S1C_W0.810_r15,0.81,15
original,19,204,0.000518798828125,S1C_W0.810_r15,0.81,15
original,20,118,0.0003000895182291667,S1C_W0.810_r15,0.81,15
original,21,88,0.00022379557291666666,S1C_W0.810_r15,0.81,15
original,22,45,0.00011444091796875,S1C_W0.810_r15,0.81,15
original,23,54,0.0001373291015625,S1C_W0.810_r15,0.81,15
original,24,42,0.0001068115234375,S1C_W0.810_r15,0.81,15
original,25,34,8.646647135416667e-05,S1C_W0.810_r15,0.81,15
original,26,30,7.62939453125e-05,S1C_W0.810_r15,0.81,15
original,27,35,8.900960286458333e-05,S1C_W0.810_r15,0.81,15
original,28,29,7.375081380208333e-05,S1C_W0.810_r15,0.81,15
original,29,30,7.62939453125e-05,S1C_W0.810_r15,0.81,15
original,30,26,6.612141927083333e-05,S1C_W0.810_r15,0.81,15
original,31,21,5.340576171875e-05,S1C_W0.810_r15,0.81,15
original,32,21,5.340576171875e-05,S1C_W0.810_r15,0.81,15
original,33,29,7.375081380208333e-05,S1C_W0.810_r15,0.81,15
original,34,32,8.138020833333333e-05,S1C_W0.810_r15,0.81,15
original,35,25,6.357828776041667e-05,S1C_W0.810_r15,0.81,15
original,36,20,5.0862630208333336e-05,S1C_W0.810_r15,0.81,15
original,37,20,5.0862630208333336e-05,S1C_W0.810_r15,0.81,15
original,38,33,8.392333984375e-05,S1C_W0.810_r15,0.81,15
original,39,17,4.3233235677083336e-05,S1C_W0.810_r15,0.81,15
original,40,22,5.5948893229166664e-05,S1C_W0.810_r15,0.81,15
original,41,28,7.120768229166667e-05,S1C_W0.810_r15,0.81,15
original,42,18,4.57763671875e-05,S1C_W0.810_r15,0.81,15
original,43,19,4.8319498697916664e-05,S1C_W0.810_r15,0.81,15
original,44,19,4.8319498697916664e-05,S1C_W0.810_r15,0.81,15
original,45,15,3.814697265625e-05,S1C_W0.810_r15,0.81,15
original,46,16,4.0690104166666664e-05,S1C_W0.810_r15,0.81,15
original,47,10,2.5431315104166668e-05,S1C_W0.810_r15,0.81,15
original,48,14,3.5603841145833336e-05,S1C_W0.810_r15,0.81,15
original,49,12,3.0517578125e-05,S1C_W0.810_r15,0.81,15
original,50,14,3.5603841145833336e-05,S1C_W0.810_r15,0.81,15
original,51,9,2.288818359375e-05,S1C_W0.810_r15,0.81,15
original,52,4,1.0172526041666666e-05,S1C_W0.810_r15,0.81,15
original,53,5,1.2715657552083334e-05,S1C_W0.810_r15,0.81,15
original,54,6,1.52587890625e-05,S1C_W0.810_r15,0.81,15
original,55,9,2.288818359375e-05,S1C_W0.810_r15,0.81,15
original,56,0,0.0,S1C_W0.810_r15,0.81,15
original,57,1,2.5431315104166665e-06,S1C_W0.810_r15,0.81,15
original,58,0,0.0,S1C_W0.810_r15,0.81,15
original,59,2,5.086263020833333e-06,S1C_W0.810_r15,0.81,15
original,60,3,7.62939453125e-06,S1C_W0.810_r15,0.81,15
original,61,1,2.5431315104166665e-06,S1C_W0.810_r15,0.81,15
original,62,2,5.086263020833333e-06,S1C_W0.810_r15,0.81,15
reassigned,0,9787,0.024889628092447918,S1C_W0.810_r15,0.81,15
reassigned,1,13255,0.033709208170572914,S1C_W0.810_r15,0.81,15
reassigned,2,25225,0.06415049235026042,S1C_W0.810_r15,0.81,15
reassigned,3,35900,0.09129842122395833,S1C_W0.810_r15,0.81,15
reassigned,4,42158,0.10721333821614583,S1C_W0.810_r15,0.81,15
reassigned,5,43825,0.11145273844401042,S1C_W0.810_r15,0.81,15
reassigned,6,41451,0.10541534423828125,S1C_W0.810_r15,0.81,15
reassigned,7,36625,0.09314219156901042,S1C_W0.810_r15,0.81,15
reassigned,8,30800,0.07832845052083333,S1C_W0.810_r15,0.81,15
reassigned,9,25194,0.0640716552734375,S1C_W0.810_r15,0.81,15
reassigned,10,20124,0.051177978515625,S1C_W0.810_r15,0.81,15
reassigned,11,15832,0.040262858072916664,S1C_W0.810_r15,0.81,15
reassigned,12,12053,0.030652364095052082,S1C_W0.810_r15,0.81,15
reassigned,13,9354,0.0237884521484375,S1C_W0.810_r15,0.81,15
reassigned,14,7011,0.01782989501953125,S1C_W0.810_r15,0.81,15
reassigned,15,5326,0.013544718424479166,S1C_W0.810_r15,0.81,15
reassigned,16,4121,0.010480244954427084,S1C_W0.810_r15,0.81,15
reassigned,17,3163,0.008043924967447916,S1C_W0.810_r15,0.81,15
reassigned,18,2447,0.006223042805989583,S1C_W0.810_r15,0.81,15
reassigned,19,1860,0.004730224609375,S1C_W0.810_r15,0.81,15
reassigned,20,1471,0.0037409464518229165,S1C_W0.810_r15,0.81,15
reassigned,21,1144,0.0029093424479166665,S1C_W0.810_r15,0.81,15
reassigned,22,942,0.0023956298828125,S1C_W0.810_r15,0.81,15
reassigned,23,716,0.0018208821614583333,S1C_W0.810_r15,0.81,15
reassigned,24,608,0.0015462239583333333,S1C_W0.810_r15,0.81,15
reassigned,25,478,0.0012156168619791667,S1C_W0.810_r15,0.81,15
reassigned,26,399,0.00101470947265625,S1C_W0.810_r15,0.81,15
reassigned,27,311,0.0007909138997395834,S1C_W0.810_r15,0.81,15
reassigned,28,241,0.0006128946940104166,S1C_W0.810_r15,0.81,15
reassigned,29,224,0.0005696614583333334,S1C_W0.810_r15,0.81,15
reassigned,30,174,0.0004425048828125,S1C_W0.810_r15,0.81,15
reassigned,31,141,0.00035858154296875,S1C_W0.810_r15,0.81,15
reassigned,32,117,0.00029754638671875,S1C_W0.810_r15,0.81,15
reassigned,33,79,0.00020090738932291666,S1C_W0.810_r15,0.81,15
reassigned,34,80,0.00020345052083333334,S1C_W0.810_r15,0.81,15
reassigned,35,53,0.00013478597005208334,S1C_W0.810_r15,0.81,15
reassigned,36,54,0.0001373291015625,S1C_W0.810_r15,0.81,15
reassigned,37,41,0.00010426839192708333,S1C_W0.810_r15,0.81,15
reassigned,38,34,8.646647135416667e-05,S1C_W0.810_r15,0.81,15
reassigned,39,34,8.646647135416667e-05,S1C_W0.810_r15,0.81,15
reassigned,40,25,6.357828776041667e-05,S1C_W0.810_r15,0.81,15
reassigned,41,32,8.138020833333333e-05,S1C_W0.810_r15,0.81,15
reassigned,42,19,4.8319498697916664e-05,S1C_W0.810_r15,0.81,15
reassigned,43,25,6.357828776041667e-05,S1C_W0.810_r15,0.81,15
reassigned,44,17,4.3233235677083336e-05,S1C_W0.810_r15,0.81,15
reassigned,45,12,3.0517578125e-05,S1C_W0.810_r15,0.81,15
reassigned,46,16,4.0690104166666664e-05,S1C_W0.810_r15,0.81,15
reassigned,47,10,2.5431315104166668e-05,S1C_W0.810_r15,0.81,15
reassigned,48,10,2.5431315104166668e-05,S1C_W0.810_r15,0.81,15
reassigned,49,13,3.3060709635416664e-05,S1C_W0.810_r15,0.81,15
reassigned,50,11,2.7974446614583332e-05,S1C_W0.810_r15,0.81,15
reassigned,51,13,3.3060709635416664e-05,S1C_W0.810_r15,0.81,15
reassigned,52,13,3.3060709635416664e-05,S1C_W0.810_r15,0.81,15
reassigned,53,5,1.2715657552083334e-05,S1C_W0.810_r15,0.81,15
reassigned,54,3,7.62939453125e-06,S1C_W0.810_r15,0.81,15
reassigned,55,9,2.288818359375e-05,S1C_W0.810_r15,0.81,15
reassigned,56,5,1.2715657552083334e-05,S1C_W0.810_r15,0.81,15
reassigned,57,9,2.288818359375e-05,S1C_W0.810_r15,0.81,15
reassigned,58,4,1.0172526041666666e-05,S1C_W0.810_r15,0.81,15
reassigned,59,4,1.0172526041666666e-05,S1C_W0.810_r15,0.81,15
reassigned,60,6,1.52587890625e-05,S1C_W0.810_r15,0.81,15
reassigned,61,10,2.5431315104166668e-05,S1C_W0.810_r15,0.81,15
reassigned,62,3,7.62939453125e-06,S1C_W0.810_r15,0.81,15
reassigned,63,6,1.52587890625e-05,S1C_W0.810_r15,0.81,15
reassigned,64,8,2.0345052083333332e-05,S1C_W0.810_r15,0.81,15
reassigned,65,5,1.2715657552083334e-05,S1C_W0.810_r15,0.81,15
reassigned,66,2,5.086263020833333e-06,S1C_W0.810_r15,0.81,15
reassigned,67,5,1.2715657552083334e-05,S1C_W0.810_r15,0.81,15
reassigned,68,2,5.086263020833333e-06,S1C_W0.810_r15,0.81,15
reassigned,69,0,0.0,S1C_W0.810_r15,0.81,15
reassigned,70,2,5.086263020833333e-06,S1C_W0.810_r15,0.81,15
reassigned,71,0,0.0,S1C_W0.810_r15,0.81,15
reassigned,72,2,5.086263020833333e-06,S1C_W0.810_r15,0.81,15
reassigned,73,5,1.2715657552083334e-05,S1C_W0.810_r15,0.81,15
reassigned,74,3,7.62939453125e-06,S1C_W0.810_r15,0.81,15
reassigned,75,4,1.0172526041666666e-05,S1C_W0.810_r15,0.81,15
reassigned,76,2,5.086263020833333e-06,S1C_W0.810_r15,0.81,15
reassigned,77,0,0.0,S1C_W0.810_r15,0.81,15
reassigned,78,4,1.0172526041666666e-05,S1C_W0.810_r15,0.81,15
reassigned,79,0,0.0,S1C_W0.810_r15,0.81,15
reassigned,80,1,2.5431315104166665e-06,S1C_W0.810_r15,0.81,15
reassigned,81,1,2.5431315104166665e-06,S1C_W0.810_r15,0.81,15
reassigned,82,2,5.086263020833333e-06,S1C_W0.810_r15,0.81,15
reassigned,83,1,2.5431315104166665e-06,S1C_W0.810_r15,0.81,15
reassigned,84,3,7.62939453125e-06,S1C_W0.810_r15,0.81,15
reassigned,85,0,0.0,S1C_W0.810_r15,0.81,15
reassigned,86,1,2.5431315104166665e-06,S1C_W0.810_r15,0.81,15
reassigned,87,2,5.086263020833333e-06,S1C_W0.810_r15,0.81,15
reassigned,88,1,2.5431315104166665e-06,S1C_W0.810_r15,0.81,15
reassigned,89,0,0.0,S1C_W0.810_r15,0.81,15
reassigned,90,0,0.0,S1C_W0.810_r15,0.81,15
reassigned,91,1,2.5431315104166665e-06,S1C_W0.810_r15,0.81,15
reassigned,92,1,2.5431315104166665e-06,S1C_W0.810_r15,0.81,15
reassigned,93,3,7.62939453125e-06,S1C_W0.810_r15,0.81,15
reassigned,94,0,0.0,S1C_W0.810_r15,0.81,15
reassigned,95,0,0.0,S1C_W0.810_r15,0.81,15
reassigned,96,0,0.0,S1C_W0.810_r15,0.81,15
reassigned,97,1,2.5431315104166665e-06,S1C_W0.810_r15,0.81,15
reassigned,98,2,5.086263020833333e-06,S1C_W0.810_r15,0.81,15
reassigned,99,1,2.5431315104166665e-06,S1C_W0.810_r15,0.81,15
reassigned,100,1,2.5431315104166665e-06,S1C_W0.810_r15,0.81,15
reassigned,101,1,2.5431315104166665e-06,S1C_W0.810_r15,0.81,15
reassigned,102,1,2.5431315104166665e-06,S1C_W0.810_r15,0.81,15
reassigned,103,0,0.0,S1C_W0.810_r15,0.81,15
reassigned,104,0,0.0,S1C_W0.810_r15,0.81,15
reassigned,105,0,0.0,S1C_W0.810_r15,0.81,15
reassigned,106,1,2.5431315104166665e-06,S1C_W0.810_r15,0.81,15
reassigned,107,2,5.086263020833333e-06,S1C_W0.810_r15,0.81,15
reassigned,108,1,2.5431315104166665e-06,S1C_W0.810_r15,0.81,15
reassigned,109,1,2.5431315104166665e-06,S1C_W0.810_r15,0.81,15
reassigned,110,0,0.0,S1C_W0.810_r15,0.81,15
reassigned,111,0,0.0,S1C_W0.810_r15,0.81,15
reassigned,112,1,2.5431315104166665e-06,S1C_W0.810_r15,0.81,15
reassigned,113,0,0.0,S1C_W0.810_r15,0.81,15
reassigned,114,1,2.5431315104166665e-06,S1C_W0.810_r15,0.81,15
reassigned,115,1,2.5431315104166665e-06,S1C_W0.810_r15,0.81,15
reassigned,116,0,0.0,S1C_W0.810_r15,0.81,15
reassigned,117,0,0.0,S1C_W0.810_r15,0.81,15
reassigned,118,0,0.0,S1C_W0.810_r15,0.81,15
reassigned,119,0,0.0,S1C_W0.810_r15,0.81,15
reassigned,120,1,2.5431315104166665e-06,S1C_W0.810_r15,0.81,15
reassigned,121,1,2.5431315104166665e-06,S1C_W0.810_r15,0.81,15
reassigned,122,0,0.0,S1C_W0.810_r15,0.81,15
reassigned,123,0,0.0,S1C_W0.810_r15,0.81,15
reassigned,124,0,0.0,S1C_W0.810_r15,0.81,15
reassigned,125,0,0.0,S1C_W0.810_r15,0.81,15
reassigned,126,1,2.5431315104166665e-06,S1C_W0.810_r15,0.81,15
reassigned,127,1,2.5431315104166665e-06,S1C_W0.810_r15,0.81,15
reassigned,128,0,0.0,S1C_W0.810_r15,0.81,15
reassigned,129,0,0.0,S1C_W0.810_r15,0.81,15
reassigned,130,0,0.0,S1C_W0.810_r15,0.81,15
reassigned,131,0,0.0,S1C_W0.810_r15,0.81,15
reassigned,132,1,2.5431315104166665e-06,S1C_W0.810_r15,0.81,15
reassigned,133,0,0.0,S1C_W0.810_r15,0.81,15
reassigned,134,0,0.0,S1C_W0.810_r15,0.81,15
reassigned,135,0,0.0,S1C_W0.810_r15,0.81,15
reassigned,136,0,0.0,S1C_W0.810_r15,0.81,15
reassigned,137,0,0.0,S1C_W0.810_r15,0.81,15
reassigned,138,1,2.5431315104166665e-06,S1C_W0.810_r15,0.81,15
reassigned,139,0,0.0,S1C_W0.810_r15,0.81,15
reassigned,140,1,2.5431315104166665e-06,S1C_W0.810_r15,0.81,15
reassigned,141,0,0.0,S1C_W0.810_r15,0.81,15
reassigned,142,0,0.0,S1C_W0.810_r15,0.81,15
reassigned,143,1,2.5431315104166665e-06,S1C_W0.810_r15,0.81,15
