pair_id,W,state,bin_left,bin_right,count,probability
S1C_W0.79_r00,0.79,original,-2.0,-1.95,119498,0.043414161318824404
S1C_W0.79_r00,0.79,original,-1.95,-1.9,199856,0.07260858444940477
S1C_W0.79_r00,0.79,original,-1.9,-1.85,227430,0.0826263427734375
S1C_W0.79_r00,0.79,original,-1.85,-1.8,222671,0.08089737665085565
S1C_W0.79_r00,0.79,original,-1.8,-1.75,196308,0.071319580078125
S1C_W0.79_r00,0.79,original,-1.75,-1.7,162101,0.05889202299572173
S1C_W0.79_r00,0.79,original,-1.7,-1.65,134250,0.04877362932477679
S1C_W0.79_r00,0.79,original,-1.65,-1.6,114238,0.04150317964099702
S1C_W0.79_r00,0.79,original,-1.6,-1.55,99793,0.03625524611700149
S1C_W0.79_r00,0.79,original,-1.55,-1.5,89166,0.0323944091796875
S1C_W0.79_r00,0.79,original,-1.5,-1.45,79939,0.029042198544456846
S1C_W0.79_r00,0.79,original,-1.45,-1.4,73436,0.02667962937127976
S1C_W0.79_r00,0.79,original,-1.4,-1.35,67308,0.024453299386160716
S1C_W0.79_r00,0.79,original,-1.35,-1.2999999999999998,62224,0.02260625930059524
S1C_W0.79_r00,0.79,original,-1.2999999999999998,-1.25,57035,0.02072107224237351
S1C_W0.79_r00,0.79,original,-1.25,-1.2,52984,0.01924932570684524
S1C_W0.79_r00,0.79,original,-1.2,-1.15,49934,0.018141246977306548
S1C_W0.79_r00,0.79,original,-1.15,-1.1,46055,0.016731988816034226
S1C_W0.79_r00,0.79,original,-1.1,-1.0499999999999998,43140,0.015672956194196428
S1C_W0.79_r00,0.79,original,-1.0499999999999998,-1.0,40432,0.014689127604166666
S1C_W0.79_r00,0.79,original,-1.0,-0.95,37728,0.013706752232142858
S1C_W0.79_r00,0.79,original,-0.95,-0.8999999999999999,35330,0.012835548037574404
S1C_W0.79_r00,0.79,original,-0.8999999999999999,-0.8499999999999999,33242,0.012076968238467262
S1C_W0.79_r00,0.79,original,-0.8499999999999999,-0.7999999999999998,31495,0.01144227527436756
S1C_W0.79_r00,0.79,original,-0.7999999999999998,-0.75,29637,0.010767255510602678
S1C_W0.79_r00,0.79,original,-0.75,-0.7,27970,0.010161626906622024
S1C_W0.79_r00,0.79,original,-0.7,-0.6499999999999999,26303,0.00955599830264137
S1C_W0.79_r00,0.79,original,-0.6499999999999999,-0.5999999999999999,24796,0.00900849841889881
S1C_W0.79_r00,0.79,original,-0.5999999999999999,-0.5499999999999998,23349,0.008482796805245536
S1C_W0.79_r00,0.79,original,-0.5499999999999998,-0.5,22081,0.00802212669735863
S1C_W0.79_r00,0.79,original,-0.5,-0.44999999999999996,20937,0.00760650634765625
S1C_W0.79_r00,0.79,original,-0.44999999999999996,-0.3999999999999999,19834,0.007205781482514881
S1C_W0.79_r00,0.79,original,-0.3999999999999999,-0.34999999999999987,18894,0.006864275251116071
S1C_W0.79_r00,0.79,original,-0.34999999999999987,-0.2999999999999998,17473,0.006348019554501488
S1C_W0.79_r00,0.79,original,-0.2999999999999998,-0.25,16751,0.006085713704427083
S1C_W0.79_r00,0.79,original,-0.25,-0.19999999999999996,15698,0.005703154064360119
S1C_W0.79_r00,0.79,original,-0.19999999999999996,-0.1499999999999999,15193,0.005519685291108631
S1C_W0.79_r00,0.79,original,-0.1499999999999999,-0.09999999999999987,14132,0.005134219215029762
S1C_W0.79_r00,0.79,original,-0.09999999999999987,-0.04999999999999982,13379,0.004860650925409226
S1C_W0.79_r00,0.79,original,-0.04999999999999982,0.0,12781,0.004643394833519345
S1C_W0.79_r00,0.79,original,0.0,0.050000000000000266,11966,0.004347301664806548
S1C_W0.79_r00,0.79,original,0.050000000000000266,0.10000000000000009,11165,0.004056294759114583
S1C_W0.79_r00,0.79,original,0.10000000000000009,0.1499999999999999,10341,0.003756931849888393
S1C_W0.79_r00,0.79,original,0.1499999999999999,0.20000000000000018,9389,0.003411065964471726
S1C_W0.79_r00,0.79,original,0.20000000000000018,0.25,8848,0.0032145182291666665
S1C_W0.79_r00,0.79,original,0.25,0.30000000000000027,8172,0.0029689243861607145
S1C_W0.79_r00,0.79,original,0.30000000000000027,0.3500000000000001,7632,0.002772739955357143
S1C_W0.79_r00,0.79,original,0.3500000000000001,0.40000000000000036,7188,0.0026114327566964285
S1C_W0.79_r00,0.79,original,0.40000000000000036,0.4500000000000002,6536,0.0023745582217261905
S1C_W0.79_r00,0.79,original,0.4500000000000002,0.5,6125,0.0022252400716145835
S1C_W0.79_r00,0.79,original,0.5,0.5500000000000003,5911,0.002147492908296131
S1C_W0.79_r00,0.79,original,0.5500000000000003,0.6000000000000001,5346,0.0019422258649553572
S1C_W0.79_r00,0.79,original,0.6000000000000001,0.6500000000000004,5077,0.0018444969540550595
S1C_W0.79_r00,0.79,original,0.6500000000000004,0.7000000000000002,4755,0.0017275129045758928
S1C_W0.79_r00,0.79,original,0.7000000000000002,0.75,4369,0.001587277367001488
S1C_W0.79_r00,0.79,original,0.75,0.8000000000000003,3989,0.001449221656436012
S1C_W0.79_r00,0.79,original,0.8000000000000003,0.8500000000000001,3769,0.001369294666108631
S1C_W0.79_r00,0.79,original,0.8500000000000001,0.9000000000000004,3487,0.001266842796688988
S1C_W0.79_r00,0.79,original,0.9000000000000004,0.9500000000000002,3282,0.0011923653738839285
S1C_W0.79_r00,0.79,original,0.9500000000000002,1.0,3066,0.0011138916015625
S1C_W0.79_r00,0.79,original,1.0,1.0500000000000003,2759,0.0010023571196056548
S1C_W0.79_r00,0.79,original,1.0500000000000003,1.1,2653,0.0009638468424479166
S1C_W0.79_r00,0.79,original,1.1,1.1500000000000004,2408,0.0008748372395833334
S1C_W0.79_r00,0.79,original,1.1500000000000004,1.2000000000000002,2224,0.0008079892113095238
S1C_W0.79_r00,0.79,original,1.2000000000000002,1.25,2053,0.0007458641415550595
S1C_W0.79_r00,0.79,original,1.25,1.3000000000000003,1836,0.0006670270647321429
S1C_W0.79_r00,0.79,original,1.3000000000000003,1.35,1606,0.000583467029389881
S1C_W0.79_r00,0.79,original,1.35,1.4000000000000004,1559,0.0005663917178199405
S1C_W0.79_r00,0.79,original,1.4000000000000004,1.4500000000000002,1382,0.0005020868210565476
S1C_W0.79_r00,0.79,original,1.4500000000000002,1.5,1302,0.0004730224609375
S1C_W0.79_r00,0.79,original,1.5,1.5500000000000003,1237,0.0004494076683407738
S1C_W0.79_r00,0.79,original,1.5500000000000003,1.6,1066,0.0003872825985863095
S1C_W0.79_r00,0.79,original,1.6,1.6500000000000004,977,0.00035494849795386906
S1C_W0.79_r00,0.79,original,1.6500000000000004,1.7000000000000002,910,0.0003306070963541667
S1C_W0.79_r00,0.79,original,1.7000000000000002,1.75,785,0.00028519403366815475
S1C_W0.79_r00,0.79,original,1.75,1.8000000000000003,730,0.0002652122860863095
S1C_W0.79_r00,0.79,original,1.8000000000000003,1.85,625,0.00022706531343005953
S1C_W0.79_r00,0.79,original,1.85,1.9000000000000004,505,0.0001834687732514881
S1C_W0.79_r00,0.79,original,1.9000000000000004,1.9500000000000002,437,0.00015876406715029762
S1C_W0.79_r00,0.79,original,1.9500000000000002,2.0,244,8.864629836309523e-05
S1C_W0.79_r00,0.79,rearranged,-2.0,-1.95,119193,0.04330335344587054
S1C_W0.79_r00,0.79,rearranged,-1.95,-1.9,199624,0.07252429780505952
S1C_W0.79_r00,0.79,rearranged,-1.9,-1.85,227627,0.08269791376023065
S1C_W0.79_r00,0.79,rearranged,-1.85,-1.8,222653,0.08089083716982887
S1C_W0.79_r00,0.79,rearranged,-1.8,-1.75,195154,0.07090032668340773
S1C_W0.79_r00,0.79,rearranged,-1.75,-1.7,161933,0.05883098783947173
S1C_W0.79_r00,0.79,rearranged,-1.7,-1.65,134422,0.04883611769903274
S1C_W0.79_r00,0.79,rearranged,-1.65,-1.6,115353,0.04190826416015625
S1C_W0.79_r00,0.79,rearranged,-1.6,-1.55,100691,0.0365814935593378
S1C_W0.79_r00,0.79,rearranged,-1.55,-1.5,90073,0.0327239263625372
S1C_W0.79_r00,0.79,rearranged,-1.5,-1.45,80778,0.029347011021205356
S1C_W0.79_r00,0.79,rearranged,-1.45,-1.4,74133,0.026932852608816966
S1C_W0.79_r00,0.79,rearranged,-1.4,-1.35,67871,0.02465783982049851
S1C_W0.79_r00,0.79,rearranged,-1.35,-1.2999999999999998,62617,0.022749037969680058
S1C_W0.79_r00,0.79,rearranged,-1.2999999999999998,-1.25,57603,0.02092742919921875
S1C_W0.79_r00,0.79,rearranged,-1.25,-1.2,53751,0.019527980259486606
S1C_W0.79_r00,0.79,rearranged,-1.2,-1.15,49826,0.018102010091145832
S1C_W0.79_r00,0.79,rearranged,-1.15,-1.1,46463,0.01688021705264137
S1C_W0.79_r00,0.79,rearranged,-1.1,-1.0499999999999998,43137,0.015671866280691966
S1C_W0.79_r00,0.79,rearranged,-1.0499999999999998,-1.0,40544,0.014729817708333334
S1C_W0.79_r00,0.79,rearranged,-1.0,-0.95,38185,0.013872782389322916
S1C_W0.79_r00,0.79,rearranged,-0.95,-0.8999999999999999,35376,0.012852260044642858
S1C_W0.79_r00,0.79,rearranged,-0.8999999999999999,-0.8499999999999999,33519,0.012177603585379464
S1C_W0.79_r00,0.79,rearranged,-0.8499999999999999,-0.7999999999999998,31064,0.01128569103422619
S1C_W0.79_r00,0.79,rearranged,-0.7999999999999998,-0.75,29414,0.010686238606770834
S1C_W0.79_r00,0.79,rearranged,-0.75,-0.7,27690,0.010059901646205358
S1C_W0.79_r00,0.79,rearranged,-0.7,-0.6499999999999999,26031,0.009457179478236608
S1C_W0.79_r00,0.79,rearranged,-0.6499999999999999,-0.5999999999999999,24734,0.008985973539806548
S1C_W0.79_r00,0.79,rearranged,-0.5999999999999999,-0.5499999999999998,23224,0.008437383742559524
S1C_W0.79_r00,0.79,rearranged,-0.5499999999999998,-0.5,22027,0.008002508254278274
S1C_W0.79_r00,0.79,rearranged,-0.5,-0.44999999999999996,20679,0.007512773786272321
S1C_W0.79_r00,0.79,rearranged,-0.44999999999999996,-0.3999999999999999,19621,0.007128397623697917
S1C_W0.79_r00,0.79,rearranged,-0.3999999999999999,-0.34999999999999987,18198,0.006611415318080357
S1C_W0.79_r00,0.79,rearranged,-0.34999999999999987,-0.2999999999999998,17237,0.006262279692150298
S1C_W0.79_r00,0.79,rearranged,-0.2999999999999998,-0.25,16509,0.005997794015066964
S1C_W0.79_r00,0.79,rearranged,-0.25,-0.19999999999999996,15505,0.005633036295572917
S1C_W0.79_r00,0.79,rearranged,-0.19999999999999996,-0.1499999999999999,14768,0.00536528087797619
S1C_W0.79_r00,0.79,rearranged,-0.1499999999999999,-0.09999999999999987,13686,0.004972185407366071
S1C_W0.79_r00,0.79,rearranged,-0.09999999999999987,-0.04999999999999982,13144,0.004775274367559524
S1C_W0.79_r00,0.79,rearranged,-0.04999999999999982,0.0,12344,0.004484630766369048
S1C_W0.79_r00,0.79,rearranged,0.0,0.050000000000000266,11511,0.004181998116629464
S1C_W0.79_r00,0.79,rearranged,0.050000000000000266,0.10000000000000009,10826,0.003933134533110119
S1C_W0.79_r00,0.79,rearranged,0.10000000000000009,0.1499999999999999,9944,0.003612699962797619
S1C_W0.79_r00,0.79,rearranged,0.1499999999999999,0.20000000000000018,9341,0.0033936273484002975
S1C_W0.79_r00,0.79,rearranged,0.20000000000000018,0.25,8717,0.003166925339471726
S1C_W0.79_r00,0.79,rearranged,0.25,0.30000000000000027,8016,0.0029122488839285715
S1C_W0.79_r00,0.79,rearranged,0.30000000000000027,0.3500000000000001,7522,0.0027327764601934525
S1C_W0.79_r00,0.79,rearranged,0.3500000000000001,0.40000000000000036,6999,0.0025427682059151785
S1C_W0.79_r00,0.79,rearranged,0.40000000000000036,0.4500000000000002,6629,0.0024083455403645835
S1C_W0.79_r00,0.79,rearranged,0.4500000000000002,0.5,6035,0.002192542666480655
S1C_W0.79_r00,0.79,rearranged,0.5,0.5500000000000003,5563,0.002021062941778274
S1C_W0.79_r00,0.79,rearranged,0.5500000000000003,0.6000000000000001,5361,0.0019476754324776785
S1C_W0.79_r00,0.79,rearranged,0.6000000000000001,0.6500000000000004,5058,0.0018375941685267857
S1C_W0.79_r00,0.79,rearranged,0.6500000000000004,0.7000000000000002,4567,0.001659211658296131
S1C_W0.79_r00,0.79,rearranged,0.7000000000000002,0.75,4363,0.0015850975399925595
S1C_W0.79_r00,0.79,rearranged,0.75,0.8000000000000003,4085,0.001484098888578869
S1C_W0.79_r00,0.79,rearranged,0.8000000000000003,0.8500000000000001,3709,0.0013474963960193452
S1C_W0.79_r00,0.79,rearranged,0.8500000000000001,0.9000000000000004,3584,0.0013020833333333333
S1C_W0.79_r00,0.79,rearranged,0.9000000000000004,0.9500000000000002,3277,0.001190548851376488
S1C_W0.79_r00,0.79,rearranged,0.9500000000000002,1.0,3119,0.001133146740141369
S1C_W0.79_r00,0.79,rearranged,1.0,1.0500000000000003,2790,0.0010136195591517857
S1C_W0.79_r00,0.79,rearranged,1.0500000000000003,1.1,2597,0.0009435017903645834
S1C_W0.79_r00,0.79,rearranged,1.1,1.1500000000000004,2487,0.0009035382952008929
S1C_W0.79_r00,0.79,rearranged,1.1500000000000004,1.2000000000000002,2294,0.0008334205264136905
S1C_W0.79_r00,0.79,rearranged,1.2000000000000002,1.25,2087,0.0007582164946056548
S1C_W0.79_r00,0.79,rearranged,1.25,1.3000000000000003,1913,0.0006950015113467262
S1C_W0.79_r00,0.79,rearranged,1.3000000000000003,1.35,1752,0.0006365094866071429
S1C_W0.79_r00,0.79,rearranged,1.35,1.4000000000000004,1591,0.0005780174618675595
S1C_W0.79_r00,0.79,rearranged,1.4000000000000004,1.4500000000000002,1500,0.0005449567522321429
S1C_W0.79_r00,0.79,rearranged,1.4500000000000002,1.5,1321,0.0004799252464657738
S1C_W0.79_r00,0.79,rearranged,1.5,1.5500000000000003,1277,0.0004639398484002976
S1C_W0.79_r00,0.79,rearranged,1.5500000000000003,1.6,1090,0.0003960019066220238
S1C_W0.79_r00,0.79,rearranged,1.6,1.6500000000000004,985,0.0003578549339657738
S1C_W0.79_r00,0.79,rearranged,1.6500000000000004,1.7000000000000002,912,0.00033133370535714287
S1C_W0.79_r00,0.79,rearranged,1.7000000000000002,1.75,786,0.00028555733816964287
S1C_W0.79_r00,0.79,rearranged,1.75,1.8000000000000003,711,0.0002583095005580357
S1C_W0.79_r00,0.79,rearranged,1.8000000000000003,1.85,640,0.00023251488095238094
S1C_W0.79_r00,0.79,rearranged,1.85,1.9000000000000004,512,0.00018601190476190475
S1C_W0.79_r00,0.79,rearranged,1.9000000000000004,1.9500000000000002,398,0.0001445951915922619
S1C_W0.79_r00,0.79,rearranged,1.9500000000000002,2.0,242,8.791968936011905e-05
S1C_W0.79_r01,0.79,original,-2.0,-1.95,119580,0.04344395228794643
S1C_W0.79_r01,0.79,original,-1.95,-1.9,199638,0.07252938406808036
S1C_W0.79_r01,0.79,original,-1.9,-1.85,227423,0.08262379964192708
S1C_W0.79_r01,0.79,original,-1.85,-1.8,223416,0.08116803850446429
S1C_W0.79_r01,0.79,original,-1.8,-1.75,196841,0.07151322137741815
S1C_W0.79_r01,0.79,original,-1.75,-1.7,163112,0.05925932384672619
S1C_W0.79_r01,0.79,original,-1.7,-1.65,134848,0.048990885416666664
S1C_W0.79_r01,0.79,original,-1.65,-1.6,114489,0.04159436907087054
S1C_W0.79_r01,0.79,original,-1.6,-1.55,99863,0.036280677432105654
S1C_W0.79_r01,0.79,original,-1.55,-1.5,89042,0.03234935942150298
S1C_W0.79_r01,0.79,original,-1.5,-1.45,80497,0.029244922456287202
S1C_W0.79_r01,0.79,original,-1.45,-1.4,72834,0.026460920061383928
S1C_W0.79_r01,0.79,original,-1.4,-1.35,66915,0.024310520717075894
S1C_W0.79_r01,0.79,original,-1.35,-1.2999999999999998,61928,0.02249872116815476
S1C_W0.79_r01,0.79,original,-1.2999999999999998,-1.25,57367,0.020841689336867558
S1C_W0.79_r01,0.79,original,-1.25,-1.2,52932,0.019230433872767856
S1C_W0.79_r01,0.79,original,-1.2,-1.15,49373,0.017937433151971726
S1C_W0.79_r01,0.79,original,-1.15,-1.1,45864,0.01666259765625
S1C_W0.79_r01,0.79,original,-1.1,-1.0499999999999998,43168,0.015683128720238096
S1C_W0.79_r01,0.79,original,-1.0499999999999998,-1.0,40218,0.014611380440848214
S1C_W0.79_r01,0.79,original,-1.0,-0.95,37765,0.013720194498697916
S1C_W0.79_r01,0.79,original,-0.95,-0.8999999999999999,35304,0.012826102120535714
S1C_W0.79_r01,0.79,original,-0.8999999999999999,-0.8499999999999999,33368,0.012122744605654762
S1C_W0.79_r01,0.79,original,-0.8499999999999999,-0.7999999999999998,31413,0.011412484305245536
S1C_W0.79_r01,0.79,original,-0.7999999999999998,-0.75,29167,0.010596502394903274
S1C_W0.79_r01,0.79,original,-0.75,-0.7,27902,0.010136922200520834
S1C_W0.79_r01,0.79,original,-0.7,-0.6499999999999999,26368,0.009579613095238096
S1C_W0.79_r01,0.79,original,-0.6499999999999999,-0.5999999999999999,24886,0.009041195824032738
S1C_W0.79_r01,0.79,original,-0.5999999999999999,-0.5499999999999998,23281,0.008458092099144346
S1C_W0.79_r01,0.79,original,-0.5499999999999998,-0.5,21989,0.007988702683221726
S1C_W0.79_r01,0.79,original,-0.5,-0.44999999999999996,20760,0.007542201450892857
S1C_W0.79_r01,0.79,original,-0.44999999999999996,-0.3999999999999999,19524,0.007093157087053571
S1C_W0.79_r01,0.79,original,-0.3999999999999999,-0.34999999999999987,18691,0.006790524437313988
S1C_W0.79_r01,0.79,original,-0.34999999999999987,-0.2999999999999998,17474,0.006348382859002976
S1C_W0.79_r01,0.79,original,-0.2999999999999998,-0.25,16806,0.006105695452008929
S1C_W0.79_r01,0.79,original,-0.25,-0.19999999999999996,15782,0.005733671642485119
S1C_W0.79_r01,0.79,original,-0.19999999999999996,-0.1499999999999999,14823,0.005385262625558036
S1C_W0.79_r01,0.79,original,-0.1499999999999999,-0.09999999999999987,14006,0.005088442847842262
S1C_W0.79_r01,0.79,original,-0.09999999999999987,-0.04999999999999982,13297,0.004830859956287202
S1C_W0.79_r01,0.79,original,-0.04999999999999982,0.0,12652,0.004596528552827381
S1C_W0.79_r01,0.79,original,0.0,0.050000000000000266,11932,0.004334949311755952
S1C_W0.79_r01,0.79,original,0.050000000000000266,0.10000000000000009,10949,0.003977820986793155
S1C_W0.79_r01,0.79,original,0.10000000000000009,0.1499999999999999,10018,0.003639584495907738
S1C_W0.79_r01,0.79,original,0.1499999999999999,0.20000000000000018,9460,0.003436860584077381
S1C_W0.79_r01,0.79,original,0.20000000000000018,0.25,8623,0.003132774716331845
S1C_W0.79_r01,0.79,original,0.25,0.30000000000000027,8219,0.002985999697730655
S1C_W0.79_r01,0.79,original,0.30000000000000027,0.3500000000000001,7670,0.0027865455264136905
S1C_W0.79_r01,0.79,original,0.3500000000000001,0.40000000000000036,7007,0.0025456746419270835
S1C_W0.79_r01,0.79,original,0.40000000000000036,0.4500000000000002,6616,0.002403622581845238
S1C_W0.79_r01,0.79,original,0.4500000000000002,0.5,6122,0.002224150158110119
S1C_W0.79_r01,0.79,original,0.5,0.5500000000000003,5865,0.0021307809012276785
S1C_W0.79_r01,0.79,original,0.5500000000000003,0.6000000000000001,5468,0.001986549014136905
S1C_W0.79_r01,0.79,original,0.6000000000000001,0.6500000000000004,5085,0.0018474033900669643
S1C_W0.79_r01,0.79,original,0.6500000000000004,0.7000000000000002,4864,0.0017671130952380952
S1C_W0.79_r01,0.79,original,0.7000000000000002,0.75,4376,0.0015898204985119048
S1C_W0.79_r01,0.79,original,0.75,0.8000000000000003,4018,0.0014597574869791667
S1C_W0.79_r01,0.79,original,0.8000000000000003,0.8500000000000001,3927,0.00142669677734375
S1C_W0.79_r01,0.79,original,0.8500000000000001,0.9000000000000004,3625,0.0013169788178943452
S1C_W0.79_r01,0.79,original,0.9000000000000004,0.9500000000000002,3297,0.00119781494140625
S1C_W0.79_r01,0.79,original,0.9500000000000002,1.0,3040,0.0011044456845238095
S1C_W0.79_r01,0.79,original,1.0,1.0500000000000003,2761,0.001003083728608631
S1C_W0.79_r01,0.79,original,1.0500000000000003,1.1,2574,0.0009351457868303571
S1C_W0.79_r01,0.79,original,1.1,1.1500000000000004,2431,0.0008831932431175595
S1C_W0.79_r01,0.79,original,1.1500000000000004,1.2000000000000002,2268,0.000823974609375
S1C_W0.79_r01,0.79,original,1.2000000000000002,1.25,2092,0.0007600330171130952
S1C_W0.79_r01,0.79,original,1.25,1.3000000000000003,1889,0.0006862822033110119
S1C_W0.79_r01,0.79,original,1.3000000000000003,1.35,1731,0.0006288800920758929
S1C_W0.79_r01,0.79,original,1.35,1.4000000000000004,1606,0.000583467029389881
S1C_W0.79_r01,0.79,original,1.4000000000000004,1.4500000000000002,1404,0.0005100795200892857
S1C_W0.79_r01,0.79,original,1.4500000000000002,1.5,1356,0.0004926409040178571
S1C_W0.79_r01,0.79,original,1.5,1.5500000000000003,1241,0.0004508608863467262
S1C_W0.79_r01,0.79,original,1.5500000000000003,1.6,1066,0.0003872825985863095
S1C_W0.79_r01,0.79,original,1.6,1.6500000000000004,973,0.0003534952799479167
S1C_W0.79_r01,0.79,original,1.6500000000000004,1.7000000000000002,938,0.0003407796223958333
S1C_W0.79_r01,0.79,original,1.7000000000000002,1.75,801,0.0002910069056919643
S1C_W0.79_r01,0.79,original,1.75,1.8000000000000003,731,0.0002655755905877976
S1C_W0.79_r01,0.79,original,1.8000000000000003,1.85,680,0.00024704706101190475
S1C_W0.79_r01,0.79,original,1.85,1.9000000000000004,556,0.00020199730282738094
S1C_W0.79_r01,0.79,original,1.9000000000000004,1.9500000000000002,408,0.00014822823660714285
S1C_W0.79_r01,0.79,original,1.9500000000000002,2.0,219,7.956368582589286e-05
S1C_W0.79_r01,0.79,rearranged,-2.0,-1.95,120342,0.043720790318080356
S1C_W0.79_r01,0.79,rearranged,-1.95,-1.9,199609,0.07251884823753721
S1C_W0.79_r01,0.79,rearranged,-1.9,-1.85,228080,0.08286249069940477
S1C_W0.79_r01,0.79,rearranged,-1.85,-1.8,224602,0.08159891764322917
S1C_W0.79_r01,0.79,rearranged,-1.8,-1.75,197209,0.07164691743396577
S1C_W0.79_r01,0.79,rearranged,-1.75,-1.7,163569,0.05942535400390625
S1C_W0.79_r01,0.79,rearranged,-1.7,-1.65,134709,0.04894038609095982
S1C_W0.79_r01,0.79,rearranged,-1.65,-1.6,114402,0.04156276157924107
S1C_W0.79_r01,0.79,rearranged,-1.6,-1.55,100545,0.03652845110212054
S1C_W0.79_r01,0.79,rearranged,-1.55,-1.5,88690,0.032221476236979164
S1C_W0.79_r01,0.79,rearranged,-1.5,-1.45,80376,0.029200962611607144
S1C_W0.79_r01,0.79,rearranged,-1.45,-1.4,73089,0.026553562709263394
S1C_W0.79_r01,0.79,rearranged,-1.4,-1.35,67021,0.02434903099423363
S1C_W0.79_r01,0.79,rearranged,-1.35,-1.2999999999999998,61761,0.02243804931640625
S1C_W0.79_r01,0.79,rearranged,-1.2999999999999998,-1.25,56823,0.020644051688058034
S1C_W0.79_r01,0.79,rearranged,-1.25,-1.2,52527,0.019083295549665178
S1C_W0.79_r01,0.79,rearranged,-1.2,-1.15,49134,0.017850603376116072
S1C_W0.79_r01,0.79,rearranged,-1.15,-1.1,45994,0.016709827241443452
S1C_W0.79_r01,0.79,rearranged,-1.1,-1.0499999999999998,42779,0.015541803269159226
S1C_W0.79_r01,0.79,rearranged,-1.0499999999999998,-1.0,40398,0.014676775251116072
S1C_W0.79_r01,0.79,rearranged,-1.0,-0.95,37648,0.01367768787202381
S1C_W0.79_r01,0.79,rearranged,-0.95,-0.8999999999999999,35236,0.012801397414434524
S1C_W0.79_r01,0.79,rearranged,-0.8999999999999999,-0.8499999999999999,33179,0.012054080054873512
S1C_W0.79_r01,0.79,rearranged,-0.8499999999999999,-0.7999999999999998,31245,0.011351449148995536
S1C_W0.79_r01,0.79,rearranged,-0.7999999999999998,-0.75,29170,0.010597592308407738
S1C_W0.79_r01,0.79,rearranged,-0.75,-0.7,27723,0.010071890694754464
S1C_W0.79_r01,0.79,rearranged,-0.7,-0.6499999999999999,26129,0.00949278331938244
S1C_W0.79_r01,0.79,rearranged,-0.6499999999999999,-0.5999999999999999,24401,0.008864993140811012
S1C_W0.79_r01,0.79,rearranged,-0.5999999999999999,-0.5499999999999998,23320,0.00847226097470238
S1C_W0.79_r01,0.79,rearranged,-0.5499999999999998,-0.5,22123,0.00803738548642113
S1C_W0.79_r01,0.79,rearranged,-0.5,-0.44999999999999996,20619,0.007490975516183036
S1C_W0.79_r01,0.79,rearranged,-0.44999999999999996,-0.3999999999999999,19237,0.006988888695126488
S1C_W0.79_r01,0.79,rearranged,-0.3999999999999999,-0.34999999999999987,18267,0.006636483328683036
S1C_W0.79_r01,0.79,rearranged,-0.34999999999999987,-0.2999999999999998,17348,0.006302606491815476
S1C_W0.79_r01,0.79,rearranged,-0.2999999999999998,-0.25,16249,0.00590333484468006
S1C_W0.79_r01,0.79,rearranged,-0.25,-0.19999999999999996,15583,0.005661374046688988
S1C_W0.79_r01,0.79,rearranged,-0.19999999999999996,-0.1499999999999999,14783,0.005370730445498512
S1C_W0.79_r01,0.79,rearranged,-0.1499999999999999,-0.09999999999999987,13736,0.004990350632440476
S1C_W0.79_r01,0.79,rearranged,-0.09999999999999987,-0.04999999999999982,13254,0.004815237862723214
S1C_W0.79_r01,0.79,rearranged,-0.04999999999999982,0.0,12670,0.004603068033854167
S1C_W0.79_r01,0.79,rearranged,0.0,0.050000000000000266,11744,0.00426664806547619
S1C_W0.79_r01,0.79,rearranged,0.050000000000000266,0.10000000000000009,11003,0.003997439429873512
S1C_W0.79_r01,0.79,rearranged,0.10000000000000009,0.1499999999999999,10142,0.003684634254092262
S1C_W0.79_r01,0.79,rearranged,0.1499999999999999,0.20000000000000018,9392,0.0034121558779761905
S1C_W0.79_r01,0.79,rearranged,0.20000000000000018,0.25,8875,0.003224327450706845
S1C_W0.79_r01,0.79,rearranged,0.25,0.30000000000000027,8237,0.0029925391787574405
S1C_W0.79_r01,0.79,rearranged,0.30000000000000027,0.3500000000000001,7719,0.002804347446986607
S1C_W0.79_r01,0.79,rearranged,0.3500000000000001,0.40000000000000036,7241,0.0026306878952752975
S1C_W0.79_r01,0.79,rearranged,0.40000000000000036,0.4500000000000002,6764,0.002457391648065476
S1C_W0.79_r01,0.79,rearranged,0.4500000000000002,0.5,6220,0.0022597539992559525
S1C_W0.79_r01,0.79,rearranged,0.5,0.5500000000000003,5901,0.00214385986328125
S1C_W0.79_r01,0.79,rearranged,0.5500000000000003,0.6000000000000001,5400,0.0019618443080357145
S1C_W0.79_r01,0.79,rearranged,0.6000000000000001,0.6500000000000004,5135,0.001865568615141369
S1C_W0.79_r01,0.79,rearranged,0.6500000000000004,0.7000000000000002,4803,0.0017449515206473215
S1C_W0.79_r01,0.79,rearranged,0.7000000000000002,0.75,4368,0.0015869140625
S1C_W0.79_r01,0.79,rearranged,0.75,0.8000000000000003,4216,0.0015316917782738095
S1C_W0.79_r01,0.79,rearranged,0.8000000000000003,0.8500000000000001,3818,0.0013870965866815475
S1C_W0.79_r01,0.79,rearranged,0.8500000000000001,0.9000000000000004,3697,0.001343136742001488
S1C_W0.79_r01,0.79,rearranged,0.9000000000000004,0.9500000000000002,3373,0.0012254260835193452
S1C_W0.79_r01,0.79,rearranged,0.9500000000000002,1.0,3014,0.001094999767485119
S1C_W0.79_r01,0.79,rearranged,1.0,1.0500000000000003,2859,0.0010386875697544643
S1C_W0.79_r01,0.79,rearranged,1.0500000000000003,1.1,2593,0.000942048572358631
S1C_W0.79_r01,0.79,rearranged,1.1,1.1500000000000004,2454,0.0008915492466517857
S1C_W0.79_r01,0.79,rearranged,1.1500000000000004,1.2000000000000002,2267,0.0008236113048735119
S1C_W0.79_r01,0.79,rearranged,1.2000000000000002,1.25,2098,0.0007622128441220238
S1C_W0.79_r01,0.79,rearranged,1.25,1.3000000000000003,1848,0.00067138671875
S1C_W0.79_r01,0.79,rearranged,1.3000000000000003,1.35,1734,0.0006299700055803571
S1C_W0.79_r01,0.79,rearranged,1.35,1.4000000000000004,1619,0.0005881899879092262
S1C_W0.79_r01,0.79,rearranged,1.4000000000000004,1.4500000000000002,1423,0.0005169823056175595
S1C_W0.79_r01,0.79,rearranged,1.4500000000000002,1.5,1291,0.00046902611142113094
S1C_W0.79_r01,0.79,rearranged,1.5,1.5500000000000003,1213,0.0004406883603050595
S1C_W0.79_r01,0.79,rearranged,1.5500000000000003,1.6,1065,0.00038691929408482144
S1C_W0.79_r01,0.79,rearranged,1.6,1.6500000000000004,985,0.0003578549339657738
S1C_W0.79_r01,0.79,rearranged,1.6500000000000004,1.7000000000000002,894,0.00032479422433035713
S1C_W0.79_r01,0.79,rearranged,1.7000000000000002,1.75,816,0.0002964564732142857
S1C_W0.79_r01,0.79,rearranged,1.75,1.8000000000000003,770,0.0002797444661458333
S1C_W0.79_r01,0.79,rearranged,1.8000000000000003,1.85,664,0.00024123418898809525
S1C_W0.79_r01,0.79,rearranged,1.85,1.9000000000000004,608,0.0002208891369047619
S1C_W0.79_r01,0.79,rearranged,1.9000000000000004,1.9500000000000002,444,0.00016130719866071428
S1C_W0.79_r01,0.79,rearranged,1.9500000000000002,2.0,226,8.210681733630953e-05
S1C_W0.79_r02,0.79,original,-2.0,-1.95,120201,0.04366956438337054
S1C_W0.79_r02,0.79,original,-1.95,-1.9,200995,0.07302238827659971
S1C_W0.79_r02,0.79,original,-1.9,-1.85,227774,0.0827513195219494
S1C_W0.79_r02,0.79,original,-1.85,-1.8,223031,0.08102816627139137
S1C_W0.79_r02,0.79,original,-1.8,-1.75,195865,0.07115863618396577
S1C_W0.79_r02,0.79,original,-1.75,-1.7,162528,0.059047154017857144
S1C_W0.79_r02,0.79,original,-1.7,-1.65,133796,0.04860868908110119
S1C_W0.79_r02,0.79,original,-1.65,-1.6,114478,0.041590372721354164
S1C_W0.79_r02,0.79,original,-1.6,-1.55,99889,0.036290123349144346
S1C_W0.79_r02,0.79,original,-1.55,-1.5,88636,0.03220185779389881
S1C_W0.79_r02,0.79,original,-1.5,-1.45,80689,0.029314676920572918
S1C_W0.79_r02,0.79,original,-1.45,-1.4,73054,0.026540847051711308
S1C_W0.79_r02,0.79,original,-1.4,-1.35,66662,0.024218604678199404
S1C_W0.79_r02,0.79,original,-1.35,-1.2999999999999998,61801,0.022452581496465774
S1C_W0.79_r02,0.79,original,-1.2999999999999998,-1.25,57425,0.02086276099795387
S1C_W0.79_r02,0.79,original,-1.25,-1.2,52985,0.019249689011346726
S1C_W0.79_r02,0.79,original,-1.2,-1.15,49600,0.018019903273809524
S1C_W0.79_r02,0.79,original,-1.15,-1.1,45866,0.016663324265252976
S1C_W0.79_r02,0.79,original,-1.1,-1.0499999999999998,42631,0.015488034202938988
S1C_W0.79_r02,0.79,original,-1.0499999999999998,-1.0,40302,0.014641898018973214
S1C_W0.79_r02,0.79,original,-1.0,-0.95,37425,0.013596670968191964
S1C_W0.79_r02,0.79,original,-0.95,-0.8999999999999999,35530,0.012908208937872024
S1C_W0.79_r02,0.79,original,-0.8999999999999999,-0.8499999999999999,33147,0.012042454310825892
S1C_W0.79_r02,0.79,original,-0.8499999999999999,-0.7999999999999998,31188,0.011330740792410714
S1C_W0.79_r02,0.79,original,-0.7999999999999998,-0.75,29613,0.010758536202566964
S1C_W0.79_r02,0.79,original,-0.75,-0.7,27689,0.01005953834170387
S1C_W0.79_r02,0.79,original,-0.7,-0.6499999999999999,26404,0.009592692057291666
S1C_W0.79_r02,0.79,original,-0.6499999999999999,-0.5999999999999999,24999,0.009082249232700892
S1C_W0.79_r02,0.79,original,-0.5999999999999999,-0.5499999999999998,23438,0.008515130905877976
S1C_W0.79_r02,0.79,original,-0.5499999999999998,-0.5,22213,0.00807008289155506
S1C_W0.79_r02,0.79,original,-0.5,-0.44999999999999996,20711,0.00752439953031994
S1C_W0.79_r02,0.79,original,-0.44999999999999996,-0.3999999999999999,19649,0.007138570149739583
S1C_W0.79_r02,0.79,original,-0.3999999999999999,-0.34999999999999987,18840,0.006844656808035714
S1C_W0.79_r02,0.79,original,-0.34999999999999987,-0.2999999999999998,17703,0.00643157958984375
S1C_W0.79_r02,0.79,original,-0.2999999999999998,-0.25,16752,0.006086077008928571
S1C_W0.79_r02,0.79,original,-0.25,-0.19999999999999996,15723,0.005712236676897321
S1C_W0.79_r02,0.79,original,-0.19999999999999996,-0.1499999999999999,15067,0.005473908923921131
S1C_W0.79_r02,0.79,original,-0.1499999999999999,-0.09999999999999987,14105,0.005124409993489583
S1C_W0.79_r02,0.79,original,-0.09999999999999987,-0.04999999999999982,13305,0.004833766392299107
S1C_W0.79_r02,0.79,original,-0.04999999999999982,0.0,12586,0.004572550455729167
S1C_W0.79_r02,0.79,original,0.0,0.050000000000000266,12045,0.004376002720424107
S1C_W0.79_r02,0.79,original,0.050000000000000266,0.10000000000000009,10907,0.003962562197730655
S1C_W0.79_r02,0.79,original,0.10000000000000009,0.1499999999999999,10156,0.003689720517113095
S1C_W0.79_r02,0.79,original,0.1499999999999999,0.20000000000000018,9444,0.0034310477120535715
S1C_W0.79_r02,0.79,original,0.20000000000000018,0.25,8744,0.003176734561011905
S1C_W0.79_r02,0.79,original,0.25,0.30000000000000027,8363,0.0030383155459449405
S1C_W0.79_r02,0.79,original,0.30000000000000027,0.3500000000000001,7624,0.002769833519345238
S1C_W0.79_r02,0.79,original,0.3500000000000001,0.40000000000000036,7284,0.0026463099888392855
S1C_W0.79_r02,0.79,original,0.40000000000000036,0.4500000000000002,6590,0.0023941766648065475
S1C_W0.79_r02,0.79,original,0.4500000000000002,0.5,6071,0.002205621628534226
S1C_W0.79_r02,0.79,original,0.5,0.5500000000000003,5833,0.0021191551571800595
S1C_W0.79_r02,0.79,original,0.5500000000000003,0.6000000000000001,5376,0.001953125
S1C_W0.79_r02,0.79,original,0.6000000000000001,0.6500000000000004,4939,0.0017943609328497025
S1C_W0.79_r02,0.79,original,0.6500000000000004,0.7000000000000002,4781,0.0017369588216145833
S1C_W0.79_r02,0.79,original,0.7000000000000002,0.75,4386,0.0015934535435267857
S1C_W0.79_r02,0.79,original,0.75,0.8000000000000003,4118,0.0014960879371279762
S1C_W0.79_r02,0.79,original,0.8000000000000003,0.8500000000000001,3730,0.0013551257905505952
S1C_W0.79_r02,0.79,original,0.8500000000000001,0.9000000000000004,3599,0.0013075329008556548
S1C_W0.79_r02,0.79,original,0.9000000000000004,0.9500000000000002,3389,0.0012312389555431548
S1C_W0.79_r02,0.79,original,0.9500000000000002,1.0,2984,0.0010841006324404762
S1C_W0.79_r02,0.79,original,1.0,1.0500000000000003,2754,0.0010005405970982143
S1C_W0.79_r02,0.79,original,1.0500000000000003,1.1,2580,0.0009373256138392857
S1C_W0.79_r02,0.79,original,1.1,1.1500000000000004,2471,0.0008977254231770834
S1C_W0.79_r02,0.79,original,1.1500000000000004,1.2000000000000002,2324,0.0008443196614583334
S1C_W0.79_r02,0.79,original,1.2000000000000002,1.25,2175,0.0007901872907366071
S1C_W0.79_r02,0.79,original,1.25,1.3000000000000003,1922,0.000698271251860119
S1C_W0.79_r02,0.79,original,1.3000000000000003,1.35,1738,0.0006314232235863095
S1C_W0.79_r02,0.79,original,1.35,1.4000000000000004,1551,0.0005634852818080357
S1C_W0.79_r02,0.79,original,1.4000000000000004,1.4500000000000002,1476,0.0005362374441964286
S1C_W0.79_r02,0.79,original,1.4500000000000002,1.5,1315,0.00047774541945684525
S1C_W0.79_r02,0.79,original,1.5,1.5500000000000003,1198,0.0004352387927827381
S1C_W0.79_r02,0.79,original,1.5500000000000003,1.6,1045,0.0003796532040550595
S1C_W0.79_r02,0.79,original,1.6,1.6500000000000004,996,0.00036185128348214287
S1C_W0.79_r02,0.79,original,1.6500000000000004,1.7000000000000002,864,0.0003138950892857143
S1C_W0.79_r02,0.79,original,1.7000000000000002,1.75,789,0.00028664725167410713
S1C_W0.79_r02,0.79,original,1.75,1.8000000000000003,766,0.00027829124813988094
S1C_W0.79_r02,0.79,original,1.8000000000000003,1.85,648,0.00023542131696428572
S1C_W0.79_r02,0.79,original,1.85,1.9000000000000004,566,0.0002056303478422619
S1C_W0.79_r02,0.79,original,1.9000000000000004,1.9500000000000002,428,0.00015549432663690475
S1C_W0.79_r02,0.79,original,1.9500000000000002,2.0,248,9.009951636904762e-05
S1C_W0.79_r02,0.79,rearranged,-2.0,-1.95,120864,0.043910435267857144
S1C_W0.79_r02,0.79,rearranged,-1.95,-1.9,201994,0.07338532947358631
S1C_W0.79_r02,0.79,rearranged,-1.9,-1.85,229448,0.08335949125744048
S1C_W0.79_r02,0.79,rearranged,-1.85,-1.8,224950,0.08172534760974702
S1C_W0.79_r02,0.79,rearranged,-1.8,-1.75,197272,0.07166980561755952
S1C_W0.79_r02,0.79,rearranged,-1.75,-1.7,163050,0.05923679896763393
S1C_W0.79_r02,0.79,rearranged,-1.7,-1.65,134743,0.048952738444010414
S1C_W0.79_r02,0.79,rearranged,-1.65,-1.6,114497,0.04159727550688244
S1C_W0.79_r02,0.79,rearranged,-1.6,-1.55,100132,0.03637840634300595
S1C_W0.79_r02,0.79,rearranged,-1.55,-1.5,88331,0.03209104992094494
S1C_W0.79_r02,0.79,rearranged,-1.5,-1.45,79966,0.029052007765997024
S1C_W0.79_r02,0.79,rearranged,-1.45,-1.4,72243,0.026246207101004466
S1C_W0.79_r02,0.79,rearranged,-1.4,-1.35,66586,0.024190993536086308
S1C_W0.79_r02,0.79,rearranged,-1.35,-1.2999999999999998,60486,0.021974836077008928
S1C_W0.79_r02,0.79,rearranged,-1.2999999999999998,-1.25,56542,0.02054196312313988
S1C_W0.79_r02,0.79,rearranged,-1.25,-1.2,52692,0.019143240792410716
S1C_W0.79_r02,0.79,rearranged,-1.2,-1.15,48559,0.017641703287760418
S1C_W0.79_r02,0.79,rearranged,-1.15,-1.1,45411,0.016498020717075894
S1C_W0.79_r02,0.79,rearranged,-1.1,-1.0499999999999998,42676,0.015504382905505952
S1C_W0.79_r02,0.79,rearranged,-1.0499999999999998,-1.0,39604,0.014388311476934524
S1C_W0.79_r02,0.79,rearranged,-1.0,-0.95,37278,0.013543265206473214
S1C_W0.79_r02,0.79,rearranged,-0.95,-0.8999999999999999,35244,0.012804303850446428
S1C_W0.79_r02,0.79,rearranged,-0.8999999999999999,-0.8499999999999999,32931,0.011963980538504464
S1C_W0.79_r02,0.79,rearranged,-0.8499999999999999,-0.7999999999999998,30912,0.01123046875
S1C_W0.79_r02,0.79,rearranged,-0.7999999999999998,-0.75,29424,0.010689871651785714
S1C_W0.79_r02,0.79,rearranged,-0.75,-0.7,27453,0.009973798479352678
S1C_W0.79_r02,0.79,rearranged,-0.7,-0.6499999999999999,26100,0.009482247488839286
S1C_W0.79_r02,0.79,rearranged,-0.6499999999999999,-0.5999999999999999,24546,0.008917672293526786
S1C_W0.79_r02,0.79,rearranged,-0.5999999999999999,-0.5499999999999998,23364,0.008488246372767858
S1C_W0.79_r02,0.79,rearranged,-0.5499999999999998,-0.5,22056,0.008013044084821428
S1C_W0.79_r02,0.79,rearranged,-0.5,-0.44999999999999996,20643,0.00749969482421875
S1C_W0.79_r02,0.79,rearranged,-0.44999999999999996,-0.3999999999999999,19681,0.007150195893787202
S1C_W0.79_r02,0.79,rearranged,-0.3999999999999999,-0.34999999999999987,18498,0.006720406668526786
S1C_W0.79_r02,0.79,rearranged,-0.34999999999999987,-0.2999999999999998,17554,0.006377447219122024
S1C_W0.79_r02,0.79,rearranged,-0.2999999999999998,-0.25,16406,0.00596037365141369
S1C_W0.79_r02,0.79,rearranged,-0.25,-0.19999999999999996,15922,0.005784534272693452
S1C_W0.79_r02,0.79,rearranged,-0.19999999999999996,-0.1499999999999999,14826,0.0053863525390625
S1C_W0.79_r02,0.79,rearranged,-0.1499999999999999,-0.09999999999999987,14128,0.00513276599702381
S1C_W0.79_r02,0.79,rearranged,-0.09999999999999987,-0.04999999999999982,13256,0.00481596447172619
S1C_W0.79_r02,0.79,rearranged,-0.04999999999999982,0.0,12817,0.004656473795572917
S1C_W0.79_r02,0.79,rearranged,0.0,0.050000000000000266,12029,0.004370189848400298
S1C_W0.79_r02,0.79,rearranged,0.050000000000000266,0.10000000000000009,11276,0.004096621558779762
S1C_W0.79_r02,0.79,rearranged,0.10000000000000009,0.1499999999999999,10202,0.0037064325241815475
S1C_W0.79_r02,0.79,rearranged,0.1499999999999999,0.20000000000000018,9654,0.0035073416573660715
S1C_W0.79_r02,0.79,rearranged,0.20000000000000018,0.25,8988,0.003265380859375
S1C_W0.79_r02,0.79,rearranged,0.25,0.30000000000000027,8279,0.0030077979678199405
S1C_W0.79_r02,0.79,rearranged,0.30000000000000027,0.3500000000000001,7813,0.002838498070126488
S1C_W0.79_r02,0.79,rearranged,0.3500000000000001,0.40000000000000036,7299,0.002651759556361607
S1C_W0.79_r02,0.79,rearranged,0.40000000000000036,0.4500000000000002,6671,0.0024236043294270835
S1C_W0.79_r02,0.79,rearranged,0.4500000000000002,0.5,6440,0.0023396809895833335
S1C_W0.79_r02,0.79,rearranged,0.5,0.5500000000000003,5899,0.002143133254278274
S1C_W0.79_r02,0.79,rearranged,0.5500000000000003,0.6000000000000001,5571,0.0020239693777901785
S1C_W0.79_r02,0.79,rearranged,0.6000000000000001,0.6500000000000004,5214,0.0018942696707589285
S1C_W0.79_r02,0.79,rearranged,0.6500000000000004,0.7000000000000002,4813,0.0017485845656622025
S1C_W0.79_r02,0.79,rearranged,0.7000000000000002,0.75,4455,0.0016185215541294643
S1C_W0.79_r02,0.79,rearranged,0.75,0.8000000000000003,4164,0.0015127999441964285
S1C_W0.79_r02,0.79,rearranged,0.8000000000000003,0.8500000000000001,3701,0.0013445899600074405
S1C_W0.79_r02,0.79,rearranged,0.8500000000000001,0.9000000000000004,3426,0.0012446812220982143
S1C_W0.79_r02,0.79,rearranged,0.9000000000000004,0.9500000000000002,3308,0.001201811290922619
S1C_W0.79_r02,0.79,rearranged,0.9500000000000002,1.0,2962,0.001076107933407738
S1C_W0.79_r02,0.79,rearranged,1.0,1.0500000000000003,2904,0.0010550362723214285
S1C_W0.79_r02,0.79,rearranged,1.0500000000000003,1.1,2611,0.0009485880533854166
S1C_W0.79_r02,0.79,rearranged,1.1,1.1500000000000004,2471,0.0008977254231770834
S1C_W0.79_r02,0.79,rearranged,1.1500000000000004,1.2000000000000002,2214,0.0008043561662946429
S1C_W0.79_r02,0.79,rearranged,1.2000000000000002,1.25,2066,0.0007505871000744048
S1C_W0.79_r02,0.79,rearranged,1.25,1.3000000000000003,1902,0.0006910051618303571
S1C_W0.79_r02,0.79,rearranged,1.3000000000000003,1.35,1701,0.00061798095703125
S1C_W0.79_r02,0.79,rearranged,1.35,1.4000000000000004,1546,0.0005616687593005952
S1C_W0.79_r02,0.79,rearranged,1.4000000000000004,1.4500000000000002,1417,0.000514802478608631
S1C_W0.79_r02,0.79,rearranged,1.4500000000000002,1.5,1323,0.00048065185546875
S1C_W0.79_r02,0.79,rearranged,1.5,1.5500000000000003,1211,0.0004399617513020833
S1C_W0.79_r02,0.79,rearranged,1.5500000000000003,1.6,1037,0.00037674676804315475
S1C_W0.79_r02,0.79,rearranged,1.6,1.6500000000000004,874,0.00031752813430059525
S1C_W0.79_r02,0.79,rearranged,1.6500000000000004,1.7000000000000002,840,0.00030517578125
S1C_W0.79_r02,0.79,rearranged,1.7000000000000002,1.75,753,0.0002735682896205357
S1C_W0.79_r02,0.79,rearranged,1.75,1.8000000000000003,655,0.00023796444847470238
S1C_W0.79_r02,0.79,rearranged,1.8000000000000003,1.85,545,0.0001980009533110119
S1C_W0.79_r02,0.79,rearranged,1.85,1.9000000000000004,567,0.00020599365234375
S1C_W0.79_r02,0.79,rearranged,1.9000000000000004,1.9500000000000002,424,0.00015404110863095238
S1C_W0.79_r02,0.79,rearranged,1.9500000000000002,2.0,202,7.338750930059523e-05
S1C_W0.79_r03,0.79,original,-2.0,-1.95,119861,0.043546040852864586
S1C_W0.79_r03,0.79,original,-1.95,-1.9,200492,0.07283964611235119
S1C_W0.79_r03,0.79,original,-1.9,-1.85,228384,0.08297293526785714
S1C_W0.79_r03,0.79,original,-1.85,-1.8,224013,0.08138493129185267
S1C_W0.79_r03,0.79,original,-1.8,-1.75,196737,0.07147543770926339
S1C_W0.79_r03,0.79,original,-1.75,-1.7,162742,0.059124901181175596
S1C_W0.79_r03,0.79,original,-1.7,-1.65,134362,0.04881431942894345
S1C_W0.79_r03,0.79,original,-1.65,-1.6,114773,0.041697547549293154
S1C_W0.79_r03,0.79,original,-1.6,-1.55,100221,0.036410740443638394
S1C_W0.79_r03,0.79,original,-1.55,-1.5,88965,0.032321384974888394
S1C_W0.79_r03,0.79,original,-1.5,-1.45,81074,0.029454549153645832
S1C_W0.79_r03,0.79,original,-1.45,-1.4,73039,0.02653539748418899
S1C_W0.79_r03,0.79,original,-1.4,-1.35,66623,0.02420443580264137
S1C_W0.79_r03,0.79,original,-1.35,-1.2999999999999998,61559,0.022364661807105654
S1C_W0.79_r03,0.79,original,-1.2999999999999998,-1.25,56846,0.02065240769159226
S1C_W0.79_r03,0.79,original,-1.25,-1.2,52302,0.019001552036830356
S1C_W0.79_r03,0.79,original,-1.2,-1.15,49045,0.01781826927548363
S1C_W0.79_r03,0.79,original,-1.15,-1.1,46103,0.016749427432105654
S1C_W0.79_r03,0.79,original,-1.1,-1.0499999999999998,42891,0.015582493373325892
S1C_W0.79_r03,0.79,original,-1.0499999999999998,-1.0,40113,0.014573233468191964
S1C_W0.79_r03,0.79,original,-1.0,-0.95,37878,0.013761247907366072
S1C_W0.79_r03,0.79,original,-0.95,-0.8999999999999999,35181,0.012781415666852678
S1C_W0.79_r03,0.79,original,-0.8999999999999999,-0.8499999999999999,32868,0.011941092354910714
S1C_W0.79_r03,0.79,original,-0.8499999999999999,-0.7999999999999998,31252,0.011353992280505952
S1C_W0.79_r03,0.79,original,-0.7999999999999998,-0.75,29124,0.010580880301339286
S1C_W0.79_r03,0.79,original,-0.75,-0.7,27567,0.010015215192522322
S1C_W0.79_r03,0.79,original,-0.7,-0.6499999999999999,26295,0.009553091866629464
S1C_W0.79_r03,0.79,original,-0.6499999999999999,-0.5999999999999999,24657,0.008957999093191964
S1C_W0.79_r03,0.79,original,-0.5999999999999999,-0.5499999999999998,23368,0.00848969959077381
S1C_W0.79_r03,0.79,original,-0.5499999999999998,-0.5,22050,0.0080108642578125
S1C_W0.79_r03,0.79,original,-0.5,-0.44999999999999996,20916,0.007598876953125
S1C_W0.79_r03,0.79,original,-0.44999999999999996,-0.3999999999999999,19544,0.007100423177083333
S1C_W0.79_r03,0.79,original,-0.3999999999999999,-0.34999999999999987,18517,0.00672730945405506
S1C_W0.79_r03,0.79,original,-0.34999999999999987,-0.2999999999999998,17527,0.006367637997581845
S1C_W0.79_r03,0.79,original,-0.2999999999999998,-0.25,16848,0.006120954241071429
S1C_W0.79_r03,0.79,original,-0.25,-0.19999999999999996,15699,0.005703517368861607
S1C_W0.79_r03,0.79,original,-0.19999999999999996,-0.1499999999999999,14791,0.005373636881510417
S1C_W0.79_r03,0.79,original,-0.1499999999999999,-0.09999999999999987,13892,0.005047026134672619
S1C_W0.79_r03,0.79,original,-0.09999999999999987,-0.04999999999999982,13340,0.00484648204985119
S1C_W0.79_r03,0.79,original,-0.04999999999999982,0.0,12767,0.004638308570498512
S1C_W0.79_r03,0.79,original,0.0,0.050000000000000266,11977,0.004351298014322917
S1C_W0.79_r03,0.79,original,0.050000000000000266,0.10000000000000009,11011,0.004000345865885417
S1C_W0.79_r03,0.79,original,0.10000000000000009,0.1499999999999999,10287,0.0037373134068080355
S1C_W0.79_r03,0.79,original,0.1499999999999999,0.20000000000000018,9648,0.003505161830357143
S1C_W0.79_r03,0.79,original,0.20000000000000018,0.25,9035,0.0032824561709449405
S1C_W0.79_r03,0.79,original,0.25,0.30000000000000027,8395,0.0030499412899925595
S1C_W0.79_r03,0.79,original,0.30000000000000027,0.3500000000000001,7705,0.002799261183965774
S1C_W0.79_r03,0.79,original,0.3500000000000001,0.40000000000000036,7084,0.0025736490885416665
S1C_W0.79_r03,0.79,original,0.40000000000000036,0.4500000000000002,6711,0.002438136509486607
S1C_W0.79_r03,0.79,original,0.4500000000000002,0.5,6137,0.0022295997256324405
S1C_W0.79_r03,0.79,original,0.5,0.5500000000000003,5919,0.0021503993443080355
S1C_W0.79_r03,0.79,original,0.5500000000000003,0.6000000000000001,5304,0.0019269670758928572
S1C_W0.79_r03,0.79,original,0.6000000000000001,0.6500000000000004,5058,0.0018375941685267857
S1C_W0.79_r03,0.79,original,0.6500000000000004,0.7000000000000002,4657,0.0016919090634300595
S1C_W0.79_r03,0.79,original,0.7000000000000002,0.75,4404,0.0015999930245535715
S1C_W0.79_r03,0.79,original,0.75,0.8000000000000003,4060,0.0014750162760416667
S1C_W0.79_r03,0.79,original,0.8000000000000003,0.8500000000000001,3821,0.001388186500186012
S1C_W0.79_r03,0.79,original,0.8500000000000001,0.9000000000000004,3664,0.001331147693452381
S1C_W0.79_r03,0.79,original,0.9000000000000004,0.9500000000000002,3326,0.0012083507719494048
S1C_W0.79_r03,0.79,original,0.9500000000000002,1.0,2988,0.0010855538504464285
S1C_W0.79_r03,0.79,original,1.0,1.0500000000000003,2704,0.0009823753720238095
S1C_W0.79_r03,0.79,original,1.0500000000000003,1.1,2614,0.000949677966889881
S1C_W0.79_r03,0.79,original,1.1,1.1500000000000004,2440,0.0008864629836309524
S1C_W0.79_r03,0.79,original,1.1500000000000004,1.2000000000000002,2253,0.0008185250418526786
S1C_W0.79_r03,0.79,original,1.2000000000000002,1.25,1998,0.0007258823939732143
S1C_W0.79_r03,0.79,original,1.25,1.3000000000000003,1866,0.0006779261997767857
S1C_W0.79_r03,0.79,original,1.3000000000000003,1.35,1664,0.0006045386904761905
S1C_W0.79_r03,0.79,original,1.35,1.4000000000000004,1550,0.0005631219773065476
S1C_W0.79_r03,0.79,original,1.4000000000000004,1.4500000000000002,1450,0.0005267915271577381
S1C_W0.79_r03,0.79,original,1.4500000000000002,1.5,1243,0.0004515874953497024
S1C_W0.79_r03,0.79,original,1.5,1.5500000000000003,1193,0.0004334222702752976
S1C_W0.79_r03,0.79,original,1.5500000000000003,1.6,1039,0.00037747337704613094
S1C_W0.79_r03,0.79,original,1.6,1.6500000000000004,931,0.0003382364908854167
S1C_W0.79_r03,0.79,original,1.6500000000000004,1.7000000000000002,857,0.0003113519577752976
S1C_W0.79_r03,0.79,original,1.7000000000000002,1.75,761,0.0002764747256324405
S1C_W0.79_r03,0.79,original,1.75,1.8000000000000003,706,0.00025649297805059525
S1C_W0.79_r03,0.79,original,1.8000000000000003,1.85,625,0.00022706531343005953
S1C_W0.79_r03,0.79,original,1.85,1.9000000000000004,544,0.0001976376488095238
S1C_W0.79_r03,0.79,original,1.9000000000000004,1.9500000000000002,426,0.00015476771763392856
S1C_W0.79_r03,0.79,original,1.9500000000000002,2.0,231,8.392333984375e-05
S1C_W0.79_r03,0.79,rearranged,-2.0,-1.95,119646,0.043467930385044644
S1C_W0.79_r03,0.79,rearranged,-1.95,-1.9,200770,0.07294064476376488
S1C_W0.79_r03,0.79,rearranged,-1.9,-1.85,228453,0.08299800327845983
S1C_W0.79_r03,0.79,rearranged,-1.85,-1.8,223345,0.08114224388485863
S1C_W0.79_r03,0.79,rearranged,-1.8,-1.75,197329,0.07169051397414435
S1C_W0.79_r03,0.79,rearranged,-1.75,-1.7,162687,0.05910491943359375
S1C_W0.79_r03,0.79,rearranged,-1.7,-1.65,134752,0.04895600818452381
S1C_W0.79_r03,0.79,rearranged,-1.65,-1.6,114487,0.04159364246186756
S1C_W0.79_r03,0.79,rearranged,-1.6,-1.55,99845,0.036274137951078866
S1C_W0.79_r03,0.79,rearranged,-1.55,-1.5,89125,0.03237951369512649
S1C_W0.79_r03,0.79,rearranged,-1.5,-1.45,80452,0.02922857375372024
S1C_W0.79_r03,0.79,rearranged,-1.45,-1.4,72810,0.026452200753348216
S1C_W0.79_r03,0.79,rearranged,-1.4,-1.35,67062,0.024363926478794644
S1C_W0.79_r03,0.79,rearranged,-1.35,-1.2999999999999998,61438,0.022320701962425596
S1C_W0.79_r03,0.79,rearranged,-1.2999999999999998,-1.25,56966,0.020696004231770832
S1C_W0.79_r03,0.79,rearranged,-1.25,-1.2,52166,0.018952142624627976
S1C_W0.79_r03,0.79,rearranged,-1.2,-1.15,48906,0.017767769949776784
S1C_W0.79_r03,0.79,rearranged,-1.15,-1.1,46109,0.016751607259114582
S1C_W0.79_r03,0.79,rearranged,-1.1,-1.0499999999999998,42722,0.015521094912574404
S1C_W0.79_r03,0.79,rearranged,-1.0499999999999998,-1.0,39754,0.014442807152157738
S1C_W0.79_r03,0.79,rearranged,-1.0,-0.95,37737,0.01371002197265625
S1C_W0.79_r03,0.79,rearranged,-0.95,-0.8999999999999999,35060,0.01273745582217262
S1C_W0.79_r03,0.79,rearranged,-0.8999999999999999,-0.8499999999999999,33463,0.01215725853329613
S1C_W0.79_r03,0.79,rearranged,-0.8499999999999999,-0.7999999999999998,31015,0.011267889113653274
S1C_W0.79_r03,0.79,rearranged,-0.7999999999999998,-0.75,29326,0.01065426781063988
S1C_W0.79_r03,0.79,rearranged,-0.75,-0.7,27512,0.009995233444940476
S1C_W0.79_r03,0.79,rearranged,-0.7,-0.6499999999999999,26262,0.009541102818080358
S1C_W0.79_r03,0.79,rearranged,-0.6499999999999999,-0.5999999999999999,24376,0.00885591052827381
S1C_W0.79_r03,0.79,rearranged,-0.5999999999999999,-0.5499999999999998,23423,0.008509681338355654
S1C_W0.79_r03,0.79,rearranged,-0.5499999999999998,-0.5,22072,0.008018856956845238
S1C_W0.79_r03,0.79,rearranged,-0.5,-0.44999999999999996,20718,0.007526942661830357
S1C_W0.79_r03,0.79,rearranged,-0.44999999999999996,-0.3999999999999999,19853,0.007212684268043155
S1C_W0.79_r03,0.79,rearranged,-0.3999999999999999,-0.34999999999999987,18498,0.006720406668526786
S1C_W0.79_r03,0.79,rearranged,-0.34999999999999987,-0.2999999999999998,17769,0.006455557686941964
S1C_W0.79_r03,0.79,rearranged,-0.2999999999999998,-0.25,16669,0.00605592273530506
S1C_W0.79_r03,0.79,rearranged,-0.25,-0.19999999999999996,15761,0.005726042247953869
S1C_W0.79_r03,0.79,rearranged,-0.19999999999999996,-0.1499999999999999,14967,0.005437578473772321
S1C_W0.79_r03,0.79,rearranged,-0.1499999999999999,-0.09999999999999987,14021,0.005093892415364583
S1C_W0.79_r03,0.79,rearranged,-0.09999999999999987,-0.04999999999999982,13388,0.004863920665922619
S1C_W0.79_r03,0.79,rearranged,-0.04999999999999982,0.0,12861,0.004672459193638393
S1C_W0.79_r03,0.79,rearranged,0.0,0.050000000000000266,11789,0.004282996768043155
S1C_W0.79_r03,0.79,rearranged,0.050000000000000266,0.10000000000000009,11156,0.00405302501860119
S1C_W0.79_r03,0.79,rearranged,0.10000000000000009,0.1499999999999999,10067,0.003657386416480655
S1C_W0.79_r03,0.79,rearranged,0.1499999999999999,0.20000000000000018,9477,0.0034430367606026785
S1C_W0.79_r03,0.79,rearranged,0.20000000000000018,0.25,8839,0.003211248488653274
S1C_W0.79_r03,0.79,rearranged,0.25,0.30000000000000027,8244,0.002995082310267857
S1C_W0.79_r03,0.79,rearranged,0.30000000000000027,0.3500000000000001,7626,0.0027705601283482145
S1C_W0.79_r03,0.79,rearranged,0.3500000000000001,0.40000000000000036,7164,0.0026027134486607145
S1C_W0.79_r03,0.79,rearranged,0.40000000000000036,0.4500000000000002,6459,0.002346583775111607
S1C_W0.79_r03,0.79,rearranged,0.4500000000000002,0.5,6332,0.002300444103422619
S1C_W0.79_r03,0.79,rearranged,0.5,0.5500000000000003,5774,0.002097720191592262
S1C_W0.79_r03,0.79,rearranged,0.5500000000000003,0.6000000000000001,5401,0.0019622076125372025
S1C_W0.79_r03,0.79,rearranged,0.6000000000000001,0.6500000000000004,5067,0.0018408639090401785
S1C_W0.79_r03,0.79,rearranged,0.6500000000000004,0.7000000000000002,4661,0.001693362281436012
S1C_W0.79_r03,0.79,rearranged,0.7000000000000002,0.75,4273,0.001552400134858631
S1C_W0.79_r03,0.79,rearranged,0.75,0.8000000000000003,4119,0.0014964512416294643
S1C_W0.79_r03,0.79,rearranged,0.8000000000000003,0.8500000000000001,3817,0.0013867332821800595
S1C_W0.79_r03,0.79,rearranged,0.8500000000000001,0.9000000000000004,3591,0.00130462646484375
S1C_W0.79_r03,0.79,rearranged,0.9000000000000004,0.9500000000000002,3209,0.0011658441452752975
S1C_W0.79_r03,0.79,rearranged,0.9500000000000002,1.0,3069,0.0011149815150669643
S1C_W0.79_r03,0.79,rearranged,1.0,1.0500000000000003,2945,0.0010699317568824405
S1C_W0.79_r03,0.79,rearranged,1.0500000000000003,1.1,2647,0.0009616670154389881
S1C_W0.79_r03,0.79,rearranged,1.1,1.1500000000000004,2412,0.0008762904575892857
S1C_W0.79_r03,0.79,rearranged,1.1500000000000004,1.2000000000000002,2224,0.0008079892113095238
S1C_W0.79_r03,0.79,rearranged,1.2000000000000002,1.25,2123,0.0007712954566592262
S1C_W0.79_r03,0.79,rearranged,1.25,1.3000000000000003,1948,0.0007077171688988095
S1C_W0.79_r03,0.79,rearranged,1.3000000000000003,1.35,1825,0.0006630307152157738
S1C_W0.79_r03,0.79,rearranged,1.35,1.4000000000000004,1681,0.0006107148670014881
S1C_W0.79_r03,0.79,rearranged,1.4000000000000004,1.4500000000000002,1558,0.0005660284133184524
S1C_W0.79_r03,0.79,rearranged,1.4500000000000002,1.5,1416,0.0005144391741071429
S1C_W0.79_r03,0.79,rearranged,1.5,1.5500000000000003,1283,0.0004661196754092262
S1C_W0.79_r03,0.79,rearranged,1.5500000000000003,1.6,1242,0.0004512241908482143
S1C_W0.79_r03,0.79,rearranged,1.6,1.6500000000000004,1041,0.00037819998604910713
S1C_W0.79_r03,0.79,rearranged,1.6500000000000004,1.7000000000000002,896,0.0003255208333333333
S1C_W0.79_r03,0.79,rearranged,1.7000000000000002,1.75,843,0.0003062656947544643
S1C_W0.79_r03,0.79,rearranged,1.75,1.8000000000000003,732,0.0002659388950892857
S1C_W0.79_r03,0.79,rearranged,1.8000000000000003,1.85,663,0.00024087088448660715
S1C_W0.79_r03,0.79,rearranged,1.85,1.9000000000000004,596,0.00021652948288690475
S1C_W0.79_r03,0.79,rearranged,1.9000000000000004,1.9500000000000002,479,0.00017402285621279762
S1C_W0.79_r03,0.79,rearranged,1.9500000000000002,2.0,249,9.046282087053572e-05
S1C_W0.79_r04,0.79,original,-2.0,-1.95,119644,0.043467203776041664
S1C_W0.79_r04,0.79,original,-1.95,-1.9,200039,0.07267506917317708
S1C_W0.79_r04,0.79,original,-1.9,-1.85,227060,0.0824919201078869
S1C_W0.79_r04,0.79,original,-1.85,-1.8,223742,0.0812864757719494
S1C_W0.79_r04,0.79,original,-1.8,-1.75,195950,0.07118951706659227
S1C_W0.79_r04,0.79,original,-1.75,-1.7,162313,0.0589690435500372
S1C_W0.79_r04,0.79,original,-1.7,-1.65,133461,0.04848698207310268
S1C_W0.79_r04,0.79,original,-1.65,-1.6,114069,0.04144178118024554
S1C_W0.79_r04,0.79,original,-1.6,-1.55,100209,0.03640638078962054
S1C_W0.79_r04,0.79,original,-1.55,-1.5,89189,0.03240276518322173
S1C_W0.79_r04,0.79,original,-1.5,-1.45,79942,0.029043288457961308
S1C_W0.79_r04,0.79,original,-1.45,-1.4,73597,0.026738121396019346
S1C_W0.79_r04,0.79,original,-1.4,-1.35,66966,0.024329049246651784
S1C_W0.79_r04,0.79,original,-1.35,-1.2999999999999998,61784,0.022446405319940476
S1C_W0.79_r04,0.79,original,-1.2999999999999998,-1.25,57350,0.02083551316034226
S1C_W0.79_r04,0.79,original,-1.25,-1.2,52609,0.019113086518787202
S1C_W0.79_r04,0.79,original,-1.2,-1.15,49062,0.017824445452008928
S1C_W0.79_r04,0.79,original,-1.15,-1.1,45639,0.016580854143415178
S1C_W0.79_r04,0.79,original,-1.1,-1.0499999999999998,42725,0.01552218482607887
S1C_W0.79_r04,0.79,original,-1.0499999999999998,-1.0,40394,0.01467532203311012
S1C_W0.79_r04,0.79,original,-1.0,-0.95,37800,0.01373291015625
S1C_W0.79_r04,0.79,original,-0.95,-0.8999999999999999,35579,0.01292601085844494
S1C_W0.79_r04,0.79,original,-0.8999999999999999,-0.8499999999999999,33605,0.01220884777250744
S1C_W0.79_r04,0.79,original,-0.8499999999999999,-0.7999999999999998,31539,0.011458260672433036
S1C_W0.79_r04,0.79,original,-0.7999999999999998,-0.75,29398,0.010680425734747024
S1C_W0.79_r04,0.79,original,-0.75,-0.7,28039,0.010186694917224702
S1C_W0.79_r04,0.79,original,-0.7,-0.6499999999999999,26208,0.009521484375
S1C_W0.79_r04,0.79,original,-0.6499999999999999,-0.5999999999999999,24592,0.008934384300595238
S1C_W0.79_r04,0.79,original,-0.5999999999999999,-0.5499999999999998,23353,0.008484250023251488
S1C_W0.79_r04,0.79,original,-0.5499999999999998,-0.5,22106,0.008031209309895834
S1C_W0.79_r04,0.79,original,-0.5,-0.44999999999999996,21029,0.007639930361793155
S1C_W0.79_r04,0.79,original,-0.44999999999999996,-0.3999999999999999,19979,0.007258460635230655
S1C_W0.79_r04,0.79,original,-0.3999999999999999,-0.34999999999999987,18560,0.006742931547619048
S1C_W0.79_r04,0.79,original,-0.34999999999999987,-0.2999999999999998,17628,0.006404331752232143
S1C_W0.79_r04,0.79,original,-0.2999999999999998,-0.25,16650,0.006049019949776786
S1C_W0.79_r04,0.79,original,-0.25,-0.19999999999999996,15818,0.00574675060453869
S1C_W0.79_r04,0.79,original,-0.19999999999999996,-0.1499999999999999,15064,0.005472819010416667
S1C_W0.79_r04,0.79,original,-0.1499999999999999,-0.09999999999999987,14269,0.005183991931733631
S1C_W0.79_r04,0.79,original,-0.09999999999999987,-0.04999999999999982,13190,0.004791986374627976
S1C_W0.79_r04,0.79,original,-0.04999999999999982,0.0,12574,0.00456819080171131
S1C_W0.79_r04,0.79,original,0.0,0.050000000000000266,11878,0.004315330868675595
S1C_W0.79_r04,0.79,original,0.050000000000000266,0.10000000000000009,11111,0.004036676316034226
S1C_W0.79_r04,0.79,original,0.10000000000000009,0.1499999999999999,10450,0.003796532040550595
S1C_W0.79_r04,0.79,original,0.1499999999999999,0.20000000000000018,9636,0.0035008021763392855
S1C_W0.79_r04,0.79,original,0.20000000000000018,0.25,8899,0.0032330467587425595
S1C_W0.79_r04,0.79,original,0.25,0.30000000000000027,8276,0.003006708054315476
S1C_W0.79_r04,0.79,original,0.30000000000000027,0.3500000000000001,7714,0.0028025309244791665
S1C_W0.79_r04,0.79,original,0.3500000000000001,0.40000000000000036,7266,0.0026397705078125
S1C_W0.79_r04,0.79,original,0.40000000000000036,0.4500000000000002,6788,0.0024661109561011905
S1C_W0.79_r04,0.79,original,0.4500000000000002,0.5,6419,0.0023320515950520835
S1C_W0.79_r04,0.79,original,0.5,0.5500000000000003,5797,0.002106076195126488
S1C_W0.79_r04,0.79,original,0.5500000000000003,0.6000000000000001,5520,0.0020054408482142855
S1C_W0.79_r04,0.79,original,0.6000000000000001,0.6500000000000004,5099,0.0018524896530877975
S1C_W0.79_r04,0.79,original,0.6500000000000004,0.7000000000000002,4654,0.0016908191499255952
S1C_W0.79_r04,0.79,original,0.7000000000000002,0.75,4451,0.001617068336123512
S1C_W0.79_r04,0.79,original,0.75,0.8000000000000003,4152,0.0015084402901785715
S1C_W0.79_r04,0.79,original,0.8000000000000003,0.8500000000000001,3785,0.0013751075381324405
S1C_W0.79_r04,0.79,original,0.8500000000000001,0.9000000000000004,3559,0.001293000720796131
S1C_W0.79_r04,0.79,original,0.9000000000000004,0.9500000000000002,3285,0.0011934552873883928
S1C_W0.79_r04,0.79,original,0.9500000000000002,1.0,3083,0.0011200677780877975
S1C_W0.79_r04,0.79,original,1.0,1.0500000000000003,2778,0.0010092599051339285
S1C_W0.79_r04,0.79,original,1.0500000000000003,1.1,2613,0.0009493146623883929
S1C_W0.79_r04,0.79,original,1.1,1.1500000000000004,2451,0.0008904593331473214
S1C_W0.79_r04,0.79,original,1.1500000000000004,1.2000000000000002,2214,0.0008043561662946429
S1C_W0.79_r04,0.79,original,1.2000000000000002,1.25,2097,0.0007618495396205357
S1C_W0.79_r04,0.79,original,1.25,1.3000000000000003,1894,0.0006880987258184524
S1C_W0.79_r04,0.79,original,1.3000000000000003,1.35,1776,0.0006452287946428571
S1C_W0.79_r04,0.79,original,1.35,1.4000000000000004,1634,0.0005936395554315476
S1C_W0.79_r04,0.79,original,1.4000000000000004,1.4500000000000002,1427,0.0005184355236235119
S1C_W0.79_r04,0.79,original,1.4500000000000002,1.5,1349,0.0004900977725074405
S1C_W0.79_r04,0.79,original,1.5,1.5500000000000003,1251,0.00045449393136160713
S1C_W0.79_r04,0.79,original,1.5500000000000003,1.6,1113,0.00040435791015625
S1C_W0.79_r04,0.79,original,1.6,1.6500000000000004,999,0.00036294119698660713
S1C_W0.79_r04,0.79,original,1.6500000000000004,1.7000000000000002,895,0.00032515752883184525
S1C_W0.79_r04,0.79,original,1.7000000000000002,1.75,860,0.0003124418712797619
S1C_W0.79_r04,0.79,original,1.75,1.8000000000000003,689,0.0002503168015252976
S1C_W0.79_r04,0.79,original,1.8000000000000003,1.85,666,0.00024196079799107144
S1C_W0.79_r04,0.79,original,1.85,1.9000000000000004,562,0.00020417712983630953
S1C_W0.79_r04,0.79,original,1.9000000000000004,1.9500000000000002,441,0.00016021728515625
S1C_W0.79_r04,0.79,original,1.9500000000000002,2.0,257,9.336925688244047e-05
S1C_W0.79_r04,0.79,rearranged,-2.0,-1.95,119446,0.04339526948474702
S1C_W0.79_r04,0.79,rearranged,-1.95,-1.9,199116,0.07233973911830358
S1C_W0.79_r04,0.79,rearranged,-1.9,-1.85,226636,0.08233787899925596
S1C_W0.79_r04,0.79,rearranged,-1.85,-1.8,222027,0.08066340855189733
S1C_W0.79_r04,0.79,rearranged,-1.8,-1.75,195446,0.07100641159784227
S1C_W0.79_r04,0.79,rearranged,-1.75,-1.7,162653,0.059092567080543154
S1C_W0.79_r04,0.79,rearranged,-1.7,-1.65,134646,0.04891749790736607
S1C_W0.79_r04,0.79,rearranged,-1.65,-1.6,114325,0.04153478713262649
S1C_W0.79_r04,0.79,rearranged,-1.6,-1.55,99836,0.03627086821056548
S1C_W0.79_r04,0.79,rearranged,-1.55,-1.5,89635,0.032564798990885414
S1C_W0.79_r04,0.79,rearranged,-1.5,-1.45,80496,0.029244559151785716
S1C_W0.79_r04,0.79,rearranged,-1.45,-1.4,73913,0.026852925618489582
S1C_W0.79_r04,0.79,rearranged,-1.4,-1.35,67611,0.024563380650111606
S1C_W0.79_r04,0.79,rearranged,-1.35,-1.2999999999999998,62093,0.022558666410900298
S1C_W0.79_r04,0.79,rearranged,-1.2999999999999998,-1.25,57695,0.020960853213355654
S1C_W0.79_r04,0.79,rearranged,-1.25,-1.2,53364,0.019387381417410716
S1C_W0.79_r04,0.79,rearranged,-1.2,-1.15,49840,0.018107096354166668
S1C_W0.79_r04,0.79,rearranged,-1.15,-1.1,45847,0.016656421479724702
S1C_W0.79_r04,0.79,rearranged,-1.1,-1.0499999999999998,43106,0.015660603841145832
S1C_W0.79_r04,0.79,rearranged,-1.0499999999999998,-1.0,40426,0.014686947777157738
S1C_W0.79_r04,0.79,rearranged,-1.0,-0.95,37935,0.013781956263950892
S1C_W0.79_r04,0.79,rearranged,-0.95,-0.8999999999999999,35344,0.012840634300595238
S1C_W0.79_r04,0.79,rearranged,-0.8999999999999999,-0.8499999999999999,33570,0.012196132114955358
S1C_W0.79_r04,0.79,rearranged,-0.8499999999999999,-0.7999999999999998,31321,0.01137906029110863
S1C_W0.79_r04,0.79,rearranged,-0.7999999999999998,-0.75,29475,0.010708400181361608
S1C_W0.79_r04,0.79,rearranged,-0.75,-0.7,27669,0.010052272251674108
S1C_W0.79_r04,0.79,rearranged,-0.7,-0.6499999999999999,26289,0.009550912039620536
S1C_W0.79_r04,0.79,rearranged,-0.6499999999999999,-0.5999999999999999,24692,0.008970714750744048
S1C_W0.79_r04,0.79,rearranged,-0.5999999999999999,-0.5499999999999998,23512,0.008542015438988096
S1C_W0.79_r04,0.79,rearranged,-0.5499999999999998,-0.5,21880,0.007949102492559524
S1C_W0.79_r04,0.79,rearranged,-0.5,-0.44999999999999996,20791,0.007553463890438988
S1C_W0.79_r04,0.79,rearranged,-0.44999999999999996,-0.3999999999999999,19648,0.007138206845238095
S1C_W0.79_r04,0.79,rearranged,-0.3999999999999999,-0.34999999999999987,18417,0.00669097900390625
S1C_W0.79_r04,0.79,rearranged,-0.34999999999999987,-0.2999999999999998,17361,0.006307329450334821
S1C_W0.79_r04,0.79,rearranged,-0.2999999999999998,-0.25,16624,0.006039574032738095
S1C_W0.79_r04,0.79,rearranged,-0.25,-0.19999999999999996,15494,0.005629039946056548
S1C_W0.79_r04,0.79,rearranged,-0.19999999999999996,-0.1499999999999999,14882,0.005406697591145833
S1C_W0.79_r04,0.79,rearranged,-0.1499999999999999,-0.09999999999999987,14107,0.00512513660249256
S1C_W0.79_r04,0.79,rearranged,-0.09999999999999987,-0.04999999999999982,13276,0.004823230561755952
S1C_W0.79_r04,0.79,rearranged,-0.04999999999999982,0.0,12635,0.004590352376302083
S1C_W0.79_r04,0.79,rearranged,0.0,0.050000000000000266,11675,0.004241580054873512
S1C_W0.79_r04,0.79,rearranged,0.050000000000000266,0.10000000000000009,10906,0.003962198893229167
S1C_W0.79_r04,0.79,rearranged,0.10000000000000009,0.1499999999999999,10101,0.00366973876953125
S1C_W0.79_r04,0.79,rearranged,0.1499999999999999,0.20000000000000018,9291,0.003375462123325893
S1C_W0.79_r04,0.79,rearranged,0.20000000000000018,0.25,8783,0.0031909034365699405
S1C_W0.79_r04,0.79,rearranged,0.25,0.30000000000000027,8094,0.002940586635044643
S1C_W0.79_r04,0.79,rearranged,0.30000000000000027,0.3500000000000001,7592,0.002758207775297619
S1C_W0.79_r04,0.79,rearranged,0.3500000000000001,0.40000000000000036,7095,0.0025776454380580355
S1C_W0.79_r04,0.79,rearranged,0.40000000000000036,0.4500000000000002,6408,0.0023280552455357145
S1C_W0.79_r04,0.79,rearranged,0.4500000000000002,0.5,6216,0.00225830078125
S1C_W0.79_r04,0.79,rearranged,0.5,0.5500000000000003,5815,0.002112615676153274
S1C_W0.79_r04,0.79,rearranged,0.5500000000000003,0.6000000000000001,5440,0.001976376488095238
S1C_W0.79_r04,0.79,rearranged,0.6000000000000001,0.6500000000000004,5116,0.0018586658296130952
S1C_W0.79_r04,0.79,rearranged,0.6500000000000004,0.7000000000000002,4800,0.0017438616071428572
S1C_W0.79_r04,0.79,rearranged,0.7000000000000002,0.75,4369,0.001587277367001488
S1C_W0.79_r04,0.79,rearranged,0.75,0.8000000000000003,4045,0.0014695667085193452
S1C_W0.79_r04,0.79,rearranged,0.8000000000000003,0.8500000000000001,3828,0.0013907296316964285
S1C_W0.79_r04,0.79,rearranged,0.8500000000000001,0.9000000000000004,3623,0.001316252208891369
S1C_W0.79_r04,0.79,rearranged,0.9000000000000004,0.9500000000000002,3369,0.0012239728655133928
S1C_W0.79_r04,0.79,rearranged,0.9500000000000002,1.0,3208,0.0011654808407738095
S1C_W0.79_r04,0.79,rearranged,1.0,1.0500000000000003,2983,0.001083737327938988
S1C_W0.79_r04,0.79,rearranged,1.0500000000000003,1.1,2672,0.0009707496279761905
S1C_W0.79_r04,0.79,rearranged,1.1,1.1500000000000004,2563,0.0009311494373139881
S1C_W0.79_r04,0.79,rearranged,1.1500000000000004,1.2000000000000002,2301,0.0008359636579241071
S1C_W0.79_r04,0.79,rearranged,1.2000000000000002,1.25,2160,0.0007847377232142857
S1C_W0.79_r04,0.79,rearranged,1.25,1.3000000000000003,2056,0.0007469540550595238
S1C_W0.79_r04,0.79,rearranged,1.3000000000000003,1.35,1780,0.0006466820126488095
S1C_W0.79_r04,0.79,rearranged,1.35,1.4000000000000004,1649,0.000599089122953869
S1C_W0.79_r04,0.79,rearranged,1.4000000000000004,1.4500000000000002,1525,0.0005540393647693452
S1C_W0.79_r04,0.79,rearranged,1.4500000000000002,1.5,1457,0.0005293346586681548
S1C_W0.79_r04,0.79,rearranged,1.5,1.5500000000000003,1319,0.0004791986374627976
S1C_W0.79_r04,0.79,rearranged,1.5500000000000003,1.6,1213,0.0004406883603050595
S1C_W0.79_r04,0.79,rearranged,1.6,1.6500000000000004,1124,0.00040835425967261906
S1C_W0.79_r04,0.79,rearranged,1.6500000000000004,1.7000000000000002,1006,0.0003654843284970238
S1C_W0.79_r04,0.79,rearranged,1.7000000000000002,1.75,972,0.00035313197544642856
S1C_W0.79_r04,0.79,rearranged,1.75,1.8000000000000003,855,0.00031062534877232144
S1C_W0.79_r04,0.79,rearranged,1.8000000000000003,1.85,746,0.00027102515811011906
S1C_W0.79_r04,0.79,rearranged,1.85,1.9000000000000004,607,0.0002205258324032738
S1C_W0.79_r04,0.79,rearranged,1.9000000000000004,1.9500000000000002,406,0.00014750162760416666
S1C_W0.79_r04,0.79,rearranged,1.9500000000000002,2.0,265,9.627569289434523e-05
S1C_W0.79_r05,0.79,original,-2.0,-1.95,120297,0.043704441615513394
S1C_W0.79_r05,0.79,original,-1.95,-1.9,200374,0.0727967761811756
S1C_W0.79_r05,0.79,original,-1.9,-1.85,228681,0.08308083670479911
S1C_W0.79_r05,0.79,original,-1.85,-1.8,224051,0.08139873686290923
S1C_W0.79_r05,0.79,original,-1.8,-1.75,196737,0.07147543770926339
S1C_W0.79_r05,0.79,original,-1.75,-1.7,162690,0.05910600934709821
S1C_W0.79_r05,0.79,original,-1.7,-1.65,134744,0.048953101748511904
S1C_W0.79_r05,0.79,original,-1.65,-1.6,113857,0.04136476062593006
S1C_W0.79_r05,0.79,original,-1.6,-1.55,100025,0.03633953276134673
S1C_W0.79_r05,0.79,original,-1.55,-1.5,88899,0.03229740687779018
S1C_W0.79_r05,0.79,original,-1.5,-1.45,80167,0.02912503197079613
S1C_W0.79_r05,0.79,original,-1.45,-1.4,73336,0.026643298921130952
S1C_W0.79_r05,0.79,original,-1.4,-1.35,66602,0.02419680640811012
S1C_W0.79_r05,0.79,original,-1.35,-1.2999999999999998,61323,0.022278921944754466
S1C_W0.79_r05,0.79,original,-1.2999999999999998,-1.25,56947,0.020689101446242558
S1C_W0.79_r05,0.79,original,-1.25,-1.2,52601,0.019110180082775298
S1C_W0.79_r05,0.79,original,-1.2,-1.15,49070,0.017827351888020832
S1C_W0.79_r05,0.79,original,-1.15,-1.1,46086,0.016743251255580356
S1C_W0.79_r05,0.79,original,-1.1,-1.0499999999999998,42784,0.015543619791666666
S1C_W0.79_r05,0.79,original,-1.0499999999999998,-1.0,40182,0.014598301478794642
S1C_W0.79_r05,0.79,original,-1.0,-0.95,37732,0.01370820545014881
S1C_W0.79_r05,0.79,original,-0.95,-0.8999999999999999,35518,0.012903849283854166
S1C_W0.79_r05,0.79,original,-0.8999999999999999,-0.8499999999999999,33003,0.011990138462611608
S1C_W0.79_r05,0.79,original,-0.8499999999999999,-0.7999999999999998,31348,0.01138886951264881
S1C_W0.79_r05,0.79,original,-0.7999999999999998,-0.75,29493,0.010714939662388392
S1C_W0.79_r05,0.79,original,-0.75,-0.7,27594,0.0100250244140625
S1C_W0.79_r05,0.79,original,-0.7,-0.6499999999999999,26200,0.009518577938988096
S1C_W0.79_r05,0.79,original,-0.6499999999999999,-0.5999999999999999,24749,0.00899142310732887
S1C_W0.79_r05,0.79,original,-0.5999999999999999,-0.5499999999999998,23275,0.008455912272135416
S1C_W0.79_r05,0.79,original,-0.5499999999999998,-0.5,22191,0.008062090192522322
S1C_W0.79_r05,0.79,original,-0.5,-0.44999999999999996,20974,0.00761994861421131
S1C_W0.79_r05,0.79,original,-0.44999999999999996,-0.3999999999999999,19699,0.007156735374813988
S1C_W0.79_r05,0.79,original,-0.3999999999999999,-0.34999999999999987,18713,0.006798517136346726
S1C_W0.79_r05,0.79,original,-0.34999999999999987,-0.2999999999999998,17707,0.006433032807849702
S1C_W0.79_r05,0.79,original,-0.2999999999999998,-0.25,16648,0.00604829334077381
S1C_W0.79_r05,0.79,original,-0.25,-0.19999999999999996,15603,0.00566864013671875
S1C_W0.79_r05,0.79,original,-0.19999999999999996,-0.1499999999999999,14794,0.005374726795014881
S1C_W0.79_r05,0.79,original,-0.1499999999999999,-0.09999999999999987,14038,0.005100068591889881
S1C_W0.79_r05,0.79,original,-0.09999999999999987,-0.04999999999999982,13199,0.004795256115141369
S1C_W0.79_r05,0.79,original,-0.04999999999999982,0.0,12631,0.004588899158296131
S1C_W0.79_r05,0.79,original,0.0,0.050000000000000266,11816,0.004292805989583333
S1C_W0.79_r05,0.79,original,0.050000000000000266,0.10000000000000009,10925,0.00396910167875744
S1C_W0.79_r05,0.79,original,0.10000000000000009,0.1499999999999999,10184,0.003699893043154762
S1C_W0.79_r05,0.79,original,0.1499999999999999,0.20000000000000018,9568,0.003476097470238095
S1C_W0.79_r05,0.79,original,0.20000000000000018,0.25,8728,0.003170921688988095
S1C_W0.79_r05,0.79,original,0.25,0.30000000000000027,8292,0.0030125209263392855
S1C_W0.79_r05,0.79,original,0.30000000000000027,0.3500000000000001,7781,0.002826872326078869
S1C_W0.79_r05,0.79,original,0.3500000000000001,0.40000000000000036,7084,0.0025736490885416665
S1C_W0.79_r05,0.79,original,0.40000000000000036,0.4500000000000002,6579,0.0023901803152901785
S1C_W0.79_r05,0.79,original,0.4500000000000002,0.5,6311,0.002292814708891369
S1C_W0.79_r05,0.79,original,0.5,0.5500000000000003,5774,0.002097720191592262
S1C_W0.79_r05,0.79,original,0.5500000000000003,0.6000000000000001,5587,0.002029782249813988
S1C_W0.79_r05,0.79,original,0.6000000000000001,0.6500000000000004,5055,0.0018365042550223215
S1C_W0.79_r05,0.79,original,0.6500000000000004,0.7000000000000002,4772,0.0017336890811011905
S1C_W0.79_r05,0.79,original,0.7000000000000002,0.75,4412,0.0016028994605654762
S1C_W0.79_r05,0.79,original,0.75,0.8000000000000003,4145,0.0015058971586681548
S1C_W0.79_r05,0.79,original,0.8000000000000003,0.8500000000000001,3852,0.0013994489397321428
S1C_W0.79_r05,0.79,original,0.8500000000000001,0.9000000000000004,3519,0.0012784685407366072
S1C_W0.79_r05,0.79,original,0.9000000000000004,0.9500000000000002,3286,0.001193818591889881
S1C_W0.79_r05,0.79,original,0.9500000000000002,1.0,3106,0.0011284237816220238
S1C_W0.79_r05,0.79,original,1.0,1.0500000000000003,2841,0.0010321480887276785
S1C_W0.79_r05,0.79,original,1.0500000000000003,1.1,2569,0.0009333292643229166
S1C_W0.79_r05,0.79,original,1.1,1.1500000000000004,2313,0.0008403233119419643
S1C_W0.79_r05,0.79,original,1.1500000000000004,1.2000000000000002,2160,0.0007847377232142857
S1C_W0.79_r05,0.79,original,1.2000000000000002,1.25,1955,0.0007102603004092262
S1C_W0.79_r05,0.79,original,1.25,1.3000000000000003,1898,0.0006895519438244048
S1C_W0.79_r05,0.79,original,1.3000000000000003,1.35,1698,0.0006168910435267857
S1C_W0.79_r05,0.79,original,1.35,1.4000000000000004,1508,0.0005478631882440476
S1C_W0.79_r05,0.79,original,1.4000000000000004,1.4500000000000002,1428,0.000518798828125
S1C_W0.79_r05,0.79,original,1.4500000000000002,1.5,1268,0.00046067010788690475
S1C_W0.79_r05,0.79,original,1.5,1.5500000000000003,1135,0.0004123506091889881
S1C_W0.79_r05,0.79,original,1.5500000000000003,1.6,1058,0.00038437616257440475
S1C_W0.79_r05,0.79,original,1.6,1.6500000000000004,978,0.00035531180245535713
S1C_W0.79_r05,0.79,original,1.6500000000000004,1.7000000000000002,818,0.0002971830822172619
S1C_W0.79_r05,0.79,original,1.7000000000000002,1.75,828,0.00030081612723214287
S1C_W0.79_r05,0.79,original,1.75,1.8000000000000003,749,0.0002721150716145833
S1C_W0.79_r05,0.79,original,1.8000000000000003,1.85,672,0.000244140625
S1C_W0.79_r05,0.79,original,1.85,1.9000000000000004,589,0.0002139863513764881
S1C_W0.79_r05,0.79,original,1.9000000000000004,1.9500000000000002,460,0.0001671200706845238
S1C_W0.79_r05,0.79,original,1.9500000000000002,2.0,249,9.046282087053572e-05
S1C_W0.79_r05,0.79,rearranged,-2.0,-1.95,120319,0.043712434314546134
S1C_W0.79_r05,0.79,rearranged,-1.95,-1.9,201108,0.07306344168526786
S1C_W0.79_r05,0.79,rearranged,-1.9,-1.85,228728,0.08309791201636904
S1C_W0.79_r05,0.79,rearranged,-1.85,-1.8,223631,0.08124614897228423
S1C_W0.79_r05,0.79,rearranged,-1.8,-1.75,196608,0.07142857142857142
S1C_W0.79_r05,0.79,rearranged,-1.75,-1.7,162975,0.05920955113002232
S1C_W0.79_r05,0.79,rearranged,-1.7,-1.65,135527,0.049237569173177086
S1C_W0.79_r05,0.79,rearranged,-1.65,-1.6,114615,0.04164014543805804
S1C_W0.79_r05,0.79,rearranged,-1.6,-1.55,100585,0.03654298328218006
S1C_W0.79_r05,0.79,rearranged,-1.55,-1.5,88823,0.032269795735677086
S1C_W0.79_r05,0.79,rearranged,-1.5,-1.45,80327,0.029183160691034226
S1C_W0.79_r05,0.79,rearranged,-1.45,-1.4,72923,0.02649325416201637
S1C_W0.79_r05,0.79,rearranged,-1.4,-1.35,67007,0.024343944731212798
S1C_W0.79_r05,0.79,rearranged,-1.35,-1.2999999999999998,61165,0.022221519833519346
S1C_W0.79_r05,0.79,rearranged,-1.2999999999999998,-1.25,57444,0.020869663783482144
S1C_W0.79_r05,0.79,rearranged,-1.25,-1.2,52992,0.019252232142857144
S1C_W0.79_r05,0.79,rearranged,-1.2,-1.15,49025,0.01781100318545387
S1C_W0.79_r05,0.79,rearranged,-1.15,-1.1,45810,0.016642979213169644
S1C_W0.79_r05,0.79,rearranged,-1.1,-1.0499999999999998,42935,0.01559847877139137
S1C_W0.79_r05,0.79,rearranged,-1.0499999999999998,-1.0,40245,0.014621189662388392
S1C_W0.79_r05,0.79,rearranged,-1.0,-0.95,37545,0.013640267508370536
S1C_W0.79_r05,0.79,rearranged,-0.95,-0.8999999999999999,35110,0.012755621047247024
S1C_W0.79_r05,0.79,rearranged,-0.8999999999999999,-0.8499999999999999,33340,0.012112572079613096
S1C_W0.79_r05,0.79,rearranged,-0.8499999999999999,-0.7999999999999998,31032,0.011274065290178572
S1C_W0.79_r05,0.79,rearranged,-0.7999999999999998,-0.75,29348,0.01066226050967262
S1C_W0.79_r05,0.79,rearranged,-0.75,-0.7,27688,0.01005917503720238
S1C_W0.79_r05,0.79,rearranged,-0.7,-0.6499999999999999,25880,0.009402320498511904
S1C_W0.79_r05,0.79,rearranged,-0.6499999999999999,-0.5999999999999999,24418,0.00887116931733631
S1C_W0.79_r05,0.79,rearranged,-0.5999999999999999,-0.5499999999999998,23157,0.008413042340959822
S1C_W0.79_r05,0.79,rearranged,-0.5499999999999998,-0.5,21507,0.007813589913504464
S1C_W0.79_r05,0.79,rearranged,-0.5,-0.44999999999999996,20548,0.007465180896577381
S1C_W0.79_r05,0.79,rearranged,-0.44999999999999996,-0.3999999999999999,19556,0.00710478283110119
S1C_W0.79_r05,0.79,rearranged,-0.3999999999999999,-0.34999999999999987,18342,0.006663731166294643
S1C_W0.79_r05,0.79,rearranged,-0.34999999999999987,-0.2999999999999998,17549,0.006375630696614583
S1C_W0.79_r05,0.79,rearranged,-0.2999999999999998,-0.25,16317,0.00592803955078125
S1C_W0.79_r05,0.79,rearranged,-0.25,-0.19999999999999996,15477,0.00562286376953125
S1C_W0.79_r05,0.79,rearranged,-0.19999999999999996,-0.1499999999999999,14628,0.005314418247767857
S1C_W0.79_r05,0.79,rearranged,-0.1499999999999999,-0.09999999999999987,14126,0.005132039388020833
S1C_W0.79_r05,0.79,rearranged,-0.09999999999999987,-0.04999999999999982,13069,0.004748026529947917
S1C_W0.79_r05,0.79,rearranged,-0.04999999999999982,0.0,12511,0.00454530261811756
S1C_W0.79_r05,0.79,rearranged,0.0,0.050000000000000266,11860,0.00430879138764881
S1C_W0.79_r05,0.79,rearranged,0.050000000000000266,0.10000000000000009,11002,0.003997076125372024
S1C_W0.79_r05,0.79,rearranged,0.10000000000000009,0.1499999999999999,10070,0.003658476329985119
S1C_W0.79_r05,0.79,rearranged,0.1499999999999999,0.20000000000000018,9603,0.0034888131277901785
S1C_W0.79_r05,0.79,rearranged,0.20000000000000018,0.25,9026,0.0032791864304315475
S1C_W0.79_r05,0.79,rearranged,0.25,0.30000000000000027,8285,0.003009977794828869
S1C_W0.79_r05,0.79,rearranged,0.30000000000000027,0.3500000000000001,7663,0.002784002394903274
S1C_W0.79_r05,0.79,rearranged,0.3500000000000001,0.40000000000000036,7255,0.002635774158296131
S1C_W0.79_r05,0.79,rearranged,0.40000000000000036,0.4500000000000002,6700,0.002434140159970238
S1C_W0.79_r05,0.79,rearranged,0.4500000000000002,0.5,6353,0.002308073497953869
S1C_W0.79_r05,0.79,rearranged,0.5,0.5500000000000003,5902,0.002144223167782738
S1C_W0.79_r05,0.79,rearranged,0.5500000000000003,0.6000000000000001,5409,0.001965114048549107
S1C_W0.79_r05,0.79,rearranged,0.6000000000000001,0.6500000000000004,5074,0.0018434070405505952
S1C_W0.79_r05,0.79,rearranged,0.6500000000000004,0.7000000000000002,4735,0.001720246814546131
S1C_W0.79_r05,0.79,rearranged,0.7000000000000002,0.75,4418,0.0016050792875744048
S1C_W0.79_r05,0.79,rearranged,0.75,0.8000000000000003,4158,0.0015106201171875
S1C_W0.79_r05,0.79,rearranged,0.8000000000000003,0.8500000000000001,3855,0.0014005388532366072
S1C_W0.79_r05,0.79,rearranged,0.8500000000000001,0.9000000000000004,3631,0.0013191586449032738
S1C_W0.79_r05,0.79,rearranged,0.9000000000000004,0.9500000000000002,3125,0.0011353265671502975
S1C_W0.79_r05,0.79,rearranged,0.9500000000000002,1.0,2961,0.00107574462890625
S1C_W0.79_r05,0.79,rearranged,1.0,1.0500000000000003,2781,0.0010103498186383928
S1C_W0.79_r05,0.79,rearranged,1.0500000000000003,1.1,2564,0.0009315127418154762
S1C_W0.79_r05,0.79,rearranged,1.1,1.1500000000000004,2363,0.000858488537016369
S1C_W0.79_r05,0.79,rearranged,1.1500000000000004,1.2000000000000002,2177,0.0007909138997395834
S1C_W0.79_r05,0.79,rearranged,1.2000000000000002,1.25,1998,0.0007258823939732143
S1C_W0.79_r05,0.79,rearranged,1.25,1.3000000000000003,1875,0.0006811959402901786
S1C_W0.79_r05,0.79,rearranged,1.3000000000000003,1.35,1662,0.0006038120814732143
S1C_W0.79_r05,0.79,rearranged,1.35,1.4000000000000004,1496,0.0005435035342261905
S1C_W0.79_r05,0.79,rearranged,1.4000000000000004,1.4500000000000002,1432,0.0005202520461309524
S1C_W0.79_r05,0.79,rearranged,1.4500000000000002,1.5,1260,0.000457763671875
S1C_W0.79_r05,0.79,rearranged,1.5,1.5500000000000003,1147,0.00041671026320684525
S1C_W0.79_r05,0.79,rearranged,1.5500000000000003,1.6,1045,0.0003796532040550595
S1C_W0.79_r05,0.79,rearranged,1.6,1.6500000000000004,983,0.0003571283249627976
S1C_W0.79_r05,0.79,rearranged,1.6500000000000004,1.7000000000000002,912,0.00033133370535714287
S1C_W0.79_r05,0.79,rearranged,1.7000000000000002,1.75,884,0.0003211611793154762
S1C_W0.79_r05,0.79,rearranged,1.75,1.8000000000000003,783,0.00028446742466517856
S1C_W0.79_r05,0.79,rearranged,1.8000000000000003,1.85,711,0.0002583095005580357
S1C_W0.79_r05,0.79,rearranged,1.85,1.9000000000000004,612,0.00022234235491071428
S1C_W0.79_r05,0.79,rearranged,1.9000000000000004,1.9500000000000002,494,0.00017947242373511906
S1C_W0.79_r05,0.79,rearranged,1.9500000000000002,2.0,308,0.00011189778645833333
S1C_W0.79_r06,0.79,original,-2.0,-1.95,119760,0.04350934709821429
S1C_W0.79_r06,0.79,original,-1.95,-1.9,200198,0.07273283458891369
S1C_W0.79_r06,0.79,original,-1.9,-1.85,228251,0.08292461576915923
S1C_W0.79_r06,0.79,original,-1.85,-1.8,223255,0.08110954647972471
S1C_W0.79_r06,0.79,original,-1.8,-1.75,195973,0.07119787307012648
S1C_W0.79_r06,0.79,original,-1.75,-1.7,162469,0.059025719052269346
S1C_W0.79_r06,0.79,original,-1.7,-1.65,134312,0.04879615420386905
S1C_W0.79_r06,0.79,original,-1.65,-1.6,114272,0.041515531994047616
S1C_W0.79_r06,0.79,original,-1.6,-1.55,99125,0.03601255871000744
S1C_W0.79_r06,0.79,original,-1.55,-1.5,88845,0.03227778843470982
S1C_W0.79_r06,0.79,original,-1.5,-1.45,80452,0.02922857375372024
S1C_W0.79_r06,0.79,original,-1.45,-1.4,73328,0.026640392485119048
S1C_W0.79_r06,0.79,original,-1.4,-1.35,67338,0.024464198521205356
S1C_W0.79_r06,0.79,original,-1.35,-1.2999999999999998,61358,0.022291637602306548
S1C_W0.79_r06,0.79,original,-1.2999999999999998,-1.25,56618,0.020569574265252976
S1C_W0.79_r06,0.79,original,-1.25,-1.2,53246,0.01934451148623512
S1C_W0.79_r06,0.79,original,-1.2,-1.15,49328,0.01792108444940476
S1C_W0.79_r06,0.79,original,-1.15,-1.1,46022,0.01671999976748512
S1C_W0.79_r06,0.79,original,-1.1,-1.0499999999999998,43042,0.015637352353050596
S1C_W0.79_r06,0.79,original,-1.0499999999999998,-1.0,40281,0.014634268624441964
S1C_W0.79_r06,0.79,original,-1.0,-0.95,37617,0.013666425432477678
S1C_W0.79_r06,0.79,original,-0.95,-0.8999999999999999,35687,0.012965247744605654
S1C_W0.79_r06,0.79,original,-0.8999999999999999,-0.8499999999999999,33528,0.012180873325892858
S1C_W0.79_r06,0.79,original,-0.8499999999999999,-0.7999999999999998,31126,0.011308215913318452
S1C_W0.79_r06,0.79,original,-0.7999999999999998,-0.75,29598,0.010753086635044642
S1C_W0.79_r06,0.79,original,-0.75,-0.7,27708,0.010066441127232142
S1C_W0.79_r06,0.79,original,-0.7,-0.6499999999999999,26319,0.009561811174665178
S1C_W0.79_r06,0.79,original,-0.6499999999999999,-0.5999999999999999,24488,0.008896600632440476
S1C_W0.79_r06,0.79,original,-0.5999999999999999,-0.5499999999999998,23027,0.00836581275576637
S1C_W0.79_r06,0.79,original,-0.5499999999999998,-0.5,22046,0.008009411039806548
S1C_W0.79_r06,0.79,original,-0.5,-0.44999999999999996,20947,0.007610139392671131
S1C_W0.79_r06,0.79,original,-0.44999999999999996,-0.3999999999999999,20126,0.007311866396949405
S1C_W0.79_r06,0.79,original,-0.3999999999999999,-0.34999999999999987,18437,0.006698245093936012
S1C_W0.79_r06,0.79,original,-0.34999999999999987,-0.2999999999999998,17928,0.006513323102678571
S1C_W0.79_r06,0.79,original,-0.2999999999999998,-0.25,16340,0.005936395554315476
S1C_W0.79_r06,0.79,original,-0.25,-0.19999999999999996,15562,0.005653744652157738
S1C_W0.79_r06,0.79,original,-0.19999999999999996,-0.1499999999999999,15134,0.005498250325520833
S1C_W0.79_r06,0.79,original,-0.1499999999999999,-0.09999999999999987,14171,0.005148388090587798
S1C_W0.79_r06,0.79,original,-0.09999999999999987,-0.04999999999999982,13240,0.004810151599702381
S1C_W0.79_r06,0.79,original,-0.04999999999999982,0.0,12734,0.004626319521949405
S1C_W0.79_r06,0.79,original,0.0,0.050000000000000266,11939,0.004337492443266369
S1C_W0.79_r06,0.79,original,0.050000000000000266,0.10000000000000009,11078,0.004024687267485119
S1C_W0.79_r06,0.79,original,0.10000000000000009,0.1499999999999999,10406,0.003780546642485119
S1C_W0.79_r06,0.79,original,0.1499999999999999,0.20000000000000018,9509,0.0034546625046502975
S1C_W0.79_r06,0.79,original,0.20000000000000018,0.25,8771,0.0031865437825520835
S1C_W0.79_r06,0.79,original,0.25,0.30000000000000027,8386,0.0030466715494791665
S1C_W0.79_r06,0.79,original,0.30000000000000027,0.3500000000000001,7495,0.002722967238653274
S1C_W0.79_r06,0.79,original,0.3500000000000001,0.40000000000000036,7306,0.002654302687872024
S1C_W0.79_r06,0.79,original,0.40000000000000036,0.4500000000000002,6806,0.002472650437127976
S1C_W0.79_r06,0.79,original,0.4500000000000002,0.5,6374,0.002315702892485119
S1C_W0.79_r06,0.79,original,0.5,0.5500000000000003,5929,0.0021540323893229165
S1C_W0.79_r06,0.79,original,0.5500000000000003,0.6000000000000001,5507,0.0020007178896949405
S1C_W0.79_r06,0.79,original,0.6000000000000001,0.6500000000000004,5141,0.0018677484421502975
S1C_W0.79_r06,0.79,original,0.6500000000000004,0.7000000000000002,4680,0.0017002650669642857
S1C_W0.79_r06,0.79,original,0.7000000000000002,0.75,4461,0.0016207013811383928
S1C_W0.79_r06,0.79,original,0.75,0.8000000000000003,4146,0.0015062604631696428
S1C_W0.79_r06,0.79,original,0.8000000000000003,0.8500000000000001,3815,0.0013860066731770833
S1C_W0.79_r06,0.79,original,0.8500000000000001,0.9000000000000004,3532,0.0012831914992559525
S1C_W0.79_r06,0.79,original,0.9000000000000004,0.9500000000000002,3320,0.0012061709449404762
S1C_W0.79_r06,0.79,original,0.9500000000000002,1.0,3041,0.0011048089890252975
S1C_W0.79_r06,0.79,original,1.0,1.0500000000000003,2857,0.001037960960751488
S1C_W0.79_r06,0.79,original,1.0500000000000003,1.1,2684,0.0009751092819940476
S1C_W0.79_r06,0.79,original,1.1,1.1500000000000004,2392,0.0008690243675595238
S1C_W0.79_r06,0.79,original,1.1500000000000004,1.2000000000000002,2286,0.0008305140904017857
S1C_W0.79_r06,0.79,original,1.2000000000000002,1.25,2028,0.0007367815290178571
S1C_W0.79_r06,0.79,original,1.25,1.3000000000000003,1929,0.0007008143833705357
S1C_W0.79_r06,0.79,original,1.3000000000000003,1.35,1743,0.00063323974609375
S1C_W0.79_r06,0.79,original,1.35,1.4000000000000004,1558,0.0005660284133184524
S1C_W0.79_r06,0.79,original,1.4000000000000004,1.4500000000000002,1395,0.0005068097795758929
S1C_W0.79_r06,0.79,original,1.4500000000000002,1.5,1218,0.0004425048828125
S1C_W0.79_r06,0.79,original,1.5,1.5500000000000003,1191,0.00043269566127232144
S1C_W0.79_r06,0.79,original,1.5500000000000003,1.6,1077,0.00039127894810267856
S1C_W0.79_r06,0.79,original,1.6,1.6500000000000004,1041,0.00037819998604910713
S1C_W0.79_r06,0.79,original,1.6500000000000004,1.7000000000000002,889,0.0003229777018229167
S1C_W0.79_r06,0.79,original,1.7000000000000002,1.75,802,0.0002913702101934524
S1C_W0.79_r06,0.79,original,1.75,1.8000000000000003,711,0.0002583095005580357
S1C_W0.79_r06,0.79,original,1.8000000000000003,1.85,686,0.0002492268880208333
S1C_W0.79_r06,0.79,original,1.85,1.9000000000000004,531,0.00019291469029017856
S1C_W0.79_r06,0.79,original,1.9000000000000004,1.9500000000000002,427,0.00015513102213541666
S1C_W0.79_r06,0.79,original,1.9500000000000002,2.0,189,6.866455078125e-05
S1C_W0.79_r06,0.79,rearranged,-2.0,-1.95,118918,0.04320344470796131
S1C_W0.79_r06,0.79,rearranged,-1.95,-1.9,199480,0.07247198195684523
S1C_W0.79_r06,0.79,rearranged,-1.9,-1.85,226471,0.08227793375651042
S1C_W0.79_r06,0.79,rearranged,-1.85,-1.8,222679,0.08090028308686756
S1C_W0.79_r06,0.79,rearranged,-1.8,-1.75,196553,0.07140858968098958
S1C_W0.79_r06,0.79,rearranged,-1.75,-1.7,162652,0.059092203776041664
S1C_W0.79_r06,0.79,rearranged,-1.7,-1.65,134168,0.04874383835565476
S1C_W0.79_r06,0.79,rearranged,-1.65,-1.6,113819,0.04135095505487351
S1C_W0.79_r06,0.79,rearranged,-1.6,-1.55,99356,0.03609648204985119
S1C_W0.79_r06,0.79,rearranged,-1.55,-1.5,89079,0.03236280168805804
S1C_W0.79_r06,0.79,rearranged,-1.5,-1.45,80912,0.02939569382440476
S1C_W0.79_r06,0.79,rearranged,-1.45,-1.4,73007,0.02652377174014137
S1C_W0.79_r06,0.79,rearranged,-1.4,-1.35,67267,0.024438403901599702
S1C_W0.79_r06,0.79,rearranged,-1.35,-1.2999999999999998,62054,0.02254449753534226
S1C_W0.79_r06,0.79,rearranged,-1.2999999999999998,-1.25,56980,0.020701090494791668
S1C_W0.79_r06,0.79,rearranged,-1.25,-1.2,53192,0.01932489304315476
S1C_W0.79_r06,0.79,rearranged,-1.2,-1.15,49675,0.01804715111142113
S1C_W0.79_r06,0.79,rearranged,-1.15,-1.1,46470,0.016882760184151784
S1C_W0.79_r06,0.79,rearranged,-1.1,-1.0499999999999998,43353,0.015750340053013394
S1C_W0.79_r06,0.79,rearranged,-1.0499999999999998,-1.0,40235,0.014617556617373512
S1C_W0.79_r06,0.79,rearranged,-1.0,-0.95,37668,0.013684953962053572
S1C_W0.79_r06,0.79,rearranged,-0.95,-0.8999999999999999,35431,0.012872241792224702
S1C_W0.79_r06,0.79,rearranged,-0.8999999999999999,-0.8499999999999999,33676,0.012234642392113096
S1C_W0.79_r06,0.79,rearranged,-0.8499999999999999,-0.7999999999999998,31788,0.011548723493303572
S1C_W0.79_r06,0.79,rearranged,-0.7999999999999998,-0.75,29692,0.010787237258184524
S1C_W0.79_r06,0.79,rearranged,-0.75,-0.7,27925,0.01014527820405506
S1C_W0.79_r06,0.79,rearranged,-0.7,-0.6499999999999999,26119,0.00948915027436756
S1C_W0.79_r06,0.79,rearranged,-0.6499999999999999,-0.5999999999999999,24956,0.009066627139136904
S1C_W0.79_r06,0.79,rearranged,-0.5999999999999999,-0.5499999999999998,23502,0.008538382393973214
S1C_W0.79_r06,0.79,rearranged,-0.5499999999999998,-0.5,22388,0.008133661179315476
S1C_W0.79_r06,0.79,rearranged,-0.5,-0.44999999999999996,20804,0.007558186848958333
S1C_W0.79_r06,0.79,rearranged,-0.44999999999999996,-0.3999999999999999,19782,0.0071868896484375
S1C_W0.79_r06,0.79,rearranged,-0.3999999999999999,-0.34999999999999987,18613,0.006762186686197917
S1C_W0.79_r06,0.79,rearranged,-0.34999999999999987,-0.2999999999999998,17563,0.006380716959635417
S1C_W0.79_r06,0.79,rearranged,-0.2999999999999998,-0.25,16876,0.006131126767113095
S1C_W0.79_r06,0.79,rearranged,-0.25,-0.19999999999999996,15668,0.005692254929315476
S1C_W0.79_r06,0.79,rearranged,-0.19999999999999996,-0.1499999999999999,15034,0.005461919875372024
S1C_W0.79_r06,0.79,rearranged,-0.1499999999999999,-0.09999999999999987,14146,0.005139305478050595
S1C_W0.79_r06,0.79,rearranged,-0.09999999999999987,-0.04999999999999982,13224,0.004804338727678571
S1C_W0.79_r06,0.79,rearranged,-0.04999999999999982,0.0,12483,0.004535130092075893
S1C_W0.79_r06,0.79,rearranged,0.0,0.050000000000000266,12006,0.004361833844866071
S1C_W0.79_r06,0.79,rearranged,0.050000000000000266,0.10000000000000009,11063,0.004019237699962798
S1C_W0.79_r06,0.79,rearranged,0.10000000000000009,0.1499999999999999,10259,0.003727140880766369
S1C_W0.79_r06,0.79,rearranged,0.1499999999999999,0.20000000000000018,9718,0.0035305931454613095
S1C_W0.79_r06,0.79,rearranged,0.20000000000000018,0.25,8836,0.0032101585751488095
S1C_W0.79_r06,0.79,rearranged,0.25,0.30000000000000027,8227,0.0029889061337425595
S1C_W0.79_r06,0.79,rearranged,0.30000000000000027,0.3500000000000001,7641,0.0027760096958705355
S1C_W0.79_r06,0.79,rearranged,0.3500000000000001,0.40000000000000036,6989,0.0025391351609002975
S1C_W0.79_r06,0.79,rearranged,0.40000000000000036,0.4500000000000002,6733,0.002446129208519345
S1C_W0.79_r06,0.79,rearranged,0.4500000000000002,0.5,6255,0.0022724696568080355
S1C_W0.79_r06,0.79,rearranged,0.5,0.5500000000000003,5960,0.0021652948288690475
S1C_W0.79_r06,0.79,rearranged,0.5500000000000003,0.6000000000000001,5527,0.0020079839797247025
S1C_W0.79_r06,0.79,rearranged,0.6000000000000001,0.6500000000000004,5015,0.0018219720749627975
S1C_W0.79_r06,0.79,rearranged,0.6500000000000004,0.7000000000000002,4734,0.0017198835100446428
S1C_W0.79_r06,0.79,rearranged,0.7000000000000002,0.75,4501,0.0016352335611979167
S1C_W0.79_r06,0.79,rearranged,0.75,0.8000000000000003,4143,0.0015051705496651785
S1C_W0.79_r06,0.79,rearranged,0.8000000000000003,0.8500000000000001,3855,0.0014005388532366072
S1C_W0.79_r06,0.79,rearranged,0.8500000000000001,0.9000000000000004,3559,0.001293000720796131
S1C_W0.79_r06,0.79,rearranged,0.9000000000000004,0.9500000000000002,3344,0.0012148902529761905
S1C_W0.79_r06,0.79,rearranged,0.9500000000000002,1.0,2985,0.0010844639369419643
S1C_W0.79_r06,0.79,rearranged,1.0,1.0500000000000003,2898,0.0010528564453125
S1C_W0.79_r06,0.79,rearranged,1.0500000000000003,1.1,2724,0.0009896414620535715
S1C_W0.79_r06,0.79,rearranged,1.1,1.1500000000000004,2479,0.0009006318591889881
S1C_W0.79_r06,0.79,rearranged,1.1500000000000004,1.2000000000000002,2247,0.00081634521484375
S1C_W0.79_r06,0.79,rearranged,1.2000000000000002,1.25,2066,0.0007505871000744048
S1C_W0.79_r06,0.79,rearranged,1.25,1.3000000000000003,1827,0.00066375732421875
S1C_W0.79_r06,0.79,rearranged,1.3000000000000003,1.35,1751,0.0006361461821056548
S1C_W0.79_r06,0.79,rearranged,1.35,1.4000000000000004,1584,0.0005754743303571429
S1C_W0.79_r06,0.79,rearranged,1.4000000000000004,1.4500000000000002,1439,0.000522795177641369
S1C_W0.79_r06,0.79,rearranged,1.4500000000000002,1.5,1331,0.00048355829148065475
S1C_W0.79_r06,0.79,rearranged,1.5,1.5500000000000003,1133,0.0004116240001860119
S1C_W0.79_r06,0.79,rearranged,1.5500000000000003,1.6,1043,0.0003789265950520833
S1C_W0.79_r06,0.79,rearranged,1.6,1.6500000000000004,964,0.0003502255394345238
S1C_W0.79_r06,0.79,rearranged,1.6500000000000004,1.7000000000000002,813,0.00029536655970982144
S1C_W0.79_r06,0.79,rearranged,1.7000000000000002,1.75,796,0.0002891903831845238
S1C_W0.79_r06,0.79,rearranged,1.75,1.8000000000000003,659,0.00023941766648065475
S1C_W0.79_r06,0.79,rearranged,1.8000000000000003,1.85,628,0.0002281552269345238
S1C_W0.79_r06,0.79,rearranged,1.85,1.9000000000000004,494,0.00017947242373511906
S1C_W0.79_r06,0.79,rearranged,1.9000000000000004,1.9500000000000002,407,0.00014786493210565475
S1C_W0.79_r06,0.79,rearranged,1.9500000000000002,2.0,221,8.029029482886905e-05
S1C_W0.79_r07,0.79,original,-2.0,-1.95,119782,0.04351733979724702
S1C_W0.79_r07,0.79,original,-1.95,-1.9,200097,0.07269614083426339
S1C_W0.79_r07,0.79,original,-1.9,-1.85,228405,0.08298056466238839
S1C_W0.79_r07,0.79,original,-1.85,-1.8,224252,0.08147176106770833
S1C_W0.79_r07,0.79,original,-1.8,-1.75,196862,0.0715208507719494
S1C_W0.79_r07,0.79,original,-1.75,-1.7,162043,0.058870951334635414
S1C_W0.79_r07,0.79,original,-1.7,-1.65,134406,0.04883030482700893
S1C_W0.79_r07,0.79,original,-1.65,-1.6,114013,0.0414214361281622
S1C_W0.79_r07,0.79,original,-1.6,-1.55,99638,0.036198933919270836
S1C_W0.79_r07,0.79,original,-1.55,-1.5,89150,0.03238859630766369
S1C_W0.79_r07,0.79,original,-1.5,-1.45,80585,0.029276893252418154
S1C_W0.79_r07,0.79,original,-1.45,-1.4,72614,0.026380993071056548
S1C_W0.79_r07,0.79,original,-1.4,-1.35,67488,0.024518694196428572
S1C_W0.79_r07,0.79,original,-1.35,-1.2999999999999998,61483,0.022337050664992558
S1C_W0.79_r07,0.79,original,-1.2999999999999998,-1.25,57528,0.020900181361607144
S1C_W0.79_r07,0.79,original,-1.25,-1.2,52824,0.019191196986607144
S1C_W0.79_r07,0.79,original,-1.2,-1.15,49169,0.017863319033668154
S1C_W0.79_r07,0.79,original,-1.15,-1.1,45922,0.016683669317336308
S1C_W0.79_r07,0.79,original,-1.1,-1.0499999999999998,42961,0.01560792468843006
S1C_W0.79_r07,0.79,original,-1.0499999999999998,-1.0,39826,0.01446896507626488
S1C_W0.79_r07,0.79,original,-1.0,-0.95,37459,0.01360902332124256
S1C_W0.79_r07,0.79,original,-0.95,-0.8999999999999999,35545,0.012913658505394346
S1C_W0.79_r07,0.79,original,-0.8999999999999999,-0.8499999999999999,33138,0.0120391845703125
S1C_W0.79_r07,0.79,original,-0.8499999999999999,-0.7999999999999998,31586,0.011475335984002976
S1C_W0.79_r07,0.79,original,-0.7999999999999998,-0.75,29595,0.010751996721540178
S1C_W0.79_r07,0.79,original,-0.75,-0.7,27536,0.01000395275297619
S1C_W0.79_r07,0.79,original,-0.7,-0.6499999999999999,26365,0.00957852318173363
S1C_W0.79_r07,0.79,original,-0.6499999999999999,-0.5999999999999999,24393,0.008862086704799108
S1C_W0.79_r07,0.79,original,-0.5999999999999999,-0.5499999999999998,23267,0.008453005836123512
S1C_W0.79_r07,0.79,original,-0.5499999999999998,-0.5,22048,0.008010137648809524
S1C_W0.79_r07,0.79,original,-0.5,-0.44999999999999996,20529,0.007458278111049107
S1C_W0.79_r07,0.79,original,-0.44999999999999996,-0.3999999999999999,19706,0.007159278506324405
S1C_W0.79_r07,0.79,original,-0.3999999999999999,-0.34999999999999987,18474,0.006711687360491071
S1C_W0.79_r07,0.79,original,-0.34999999999999987,-0.2999999999999998,17570,0.006383260091145833
S1C_W0.79_r07,0.79,original,-0.2999999999999998,-0.25,16650,0.006049019949776786
S1C_W0.79_r07,0.79,original,-0.25,-0.19999999999999996,15528,0.005641392299107143
S1C_W0.79_r07,0.79,original,-0.19999999999999996,-0.1499999999999999,15035,0.005462283179873512
S1C_W0.79_r07,0.79,original,-0.1499999999999999,-0.09999999999999987,14118,0.005129132952008929
S1C_W0.79_r07,0.79,original,-0.09999999999999987,-0.04999999999999982,13267,0.00481996082124256
S1C_W0.79_r07,0.79,original,-0.04999999999999982,0.0,12592,0.004574730282738095
S1C_W0.79_r07,0.79,original,0.0,0.050000000000000266,11878,0.004315330868675595
S1C_W0.79_r07,0.79,original,0.050000000000000266,0.10000000000000009,11038,0.004010155087425595
S1C_W0.79_r07,0.79,original,0.10000000000000009,0.1499999999999999,10344,0.003758021763392857
S1C_W0.79_r07,0.79,original,0.1499999999999999,0.20000000000000018,9619,0.003494625999813988
S1C_W0.79_r07,0.79,original,0.20000000000000018,0.25,8965,0.003257024855840774
S1C_W0.79_r07,0.79,original,0.25,0.30000000000000027,8389,0.003047761462983631
S1C_W0.79_r07,0.79,original,0.30000000000000027,0.3500000000000001,7747,0.002814519973028274
S1C_W0.79_r07,0.79,original,0.3500000000000001,0.40000000000000036,7088,0.002575102306547619
S1C_W0.79_r07,0.79,original,0.40000000000000036,0.4500000000000002,6800,0.0024704706101190475
S1C_W0.79_r07,0.79,original,0.4500000000000002,0.5,6200,0.0022524879092261905
S1C_W0.79_r07,0.79,original,0.5,0.5500000000000003,5846,0.002123878115699405
S1C_W0.79_r07,0.79,original,0.5500000000000003,0.6000000000000001,5409,0.001965114048549107
S1C_W0.79_r07,0.79,original,0.6000000000000001,0.6500000000000004,5023,0.0018248785109747025
S1C_W0.79_r07,0.79,original,0.6500000000000004,0.7000000000000002,4731,0.0017187935965401785
S1C_W0.79_r07,0.79,original,0.7000000000000002,0.75,4443,0.0016141619001116072
S1C_W0.79_r07,0.79,original,0.75,0.8000000000000003,4015,0.0014586675734747025
S1C_W0.79_r07,0.79,original,0.8000000000000003,0.8500000000000001,3670,0.0013333275204613095
S1C_W0.79_r07,0.79,original,0.8500000000000001,0.9000000000000004,3579,0.0013002668108258928
S1C_W0.79_r07,0.79,original,0.9000000000000004,0.9500000000000002,3347,0.0012159801664806548
S1C_W0.79_r07,0.79,original,0.9500000000000002,1.0,3092,0.0011233375186011905
S1C_W0.79_r07,0.79,original,1.0,1.0500000000000003,2811,0.0010212489536830357
S1C_W0.79_r07,0.79,original,1.0500000000000003,1.1,2603,0.0009456816173735119
S1C_W0.79_r07,0.79,original,1.1,1.1500000000000004,2453,0.0008911859421502976
S1C_W0.79_r07,0.79,original,1.1500000000000004,1.2000000000000002,2181,0.0007923671177455357
S1C_W0.79_r07,0.79,original,1.2000000000000002,1.25,2007,0.0007291521344866071
S1C_W0.79_r07,0.79,original,1.25,1.3000000000000003,1927,0.0007000877743675595
S1C_W0.79_r07,0.79,original,1.3000000000000003,1.35,1748,0.0006350562686011905
S1C_W0.79_r07,0.79,original,1.35,1.4000000000000004,1569,0.0005700247628348214
S1C_W0.79_r07,0.79,original,1.4000000000000004,1.4500000000000002,1422,0.0005166190011160714
S1C_W0.79_r07,0.79,original,1.4500000000000002,1.5,1339,0.0004864647274925595
S1C_W0.79_r07,0.79,original,1.5,1.5500000000000003,1051,0.0003818330310639881
S1C_W0.79_r07,0.79,original,1.5500000000000003,1.6,1104,0.00040108816964285713
S1C_W0.79_r07,0.79,original,1.6,1.6500000000000004,1013,0.0003680274600074405
S1C_W0.79_r07,0.79,original,1.6500000000000004,1.7000000000000002,951,0.00034550258091517856
S1C_W0.79_r07,0.79,original,1.7000000000000002,1.75,838,0.0003044491722470238
S1C_W0.79_r07,0.79,original,1.75,1.8000000000000003,732,0.0002659388950892857
S1C_W0.79_r07,0.79,original,1.8000000000000003,1.85,786,0.00028555733816964287
S1C_W0.79_r07,0.79,original,1.85,1.9000000000000004,577,0.00020962669735863094
S1C_W0.79_r07,0.79,original,1.9000000000000004,1.9500000000000002,472,0.00017147972470238094
S1C_W0.79_r07,0.79,original,1.9500000000000002,2.0,256,9.300595238095238e-05
S1C_W0.79_r07,0.79,rearranged,-2.0,-1.95,120048,0.043613978794642856
S1C_W0.79_r07,0.79,rearranged,-1.95,-1.9,199971,0.07265036446707589
S1C_W0.79_r07,0.79,rearranged,-1.9,-1.85,227564,0.0826750255766369
S1C_W0.79_r07,0.79,rearranged,-1.85,-1.8,223703,0.08127230689639137
S1C_W0.79_r07,0.79,rearranged,-1.8,-1.75,196574,0.07141621907552083
S1C_W0.79_r07,0.79,rearranged,-1.75,-1.7,162675,0.059100559779575894
S1C_W0.79_r07,0.79,rearranged,-1.7,-1.65,134900,0.04900977725074405
S1C_W0.79_r07,0.79,rearranged,-1.65,-1.6,114410,0.04156566801525298
S1C_W0.79_r07,0.79,rearranged,-1.6,-1.55,100286,0.036434355236235116
S1C_W0.79_r07,0.79,rearranged,-1.55,-1.5,88825,0.03227052234468006
S1C_W0.79_r07,0.79,rearranged,-1.5,-1.45,80393,0.029207138788132442
S1C_W0.79_r07,0.79,rearranged,-1.45,-1.4,73351,0.026648748488653274
S1C_W0.79_r07,0.79,rearranged,-1.4,-1.35,67124,0.024386451357886904
S1C_W0.79_r07,0.79,rearranged,-1.35,-1.2999999999999998,61204,0.02223568870907738
S1C_W0.79_r07,0.79,rearranged,-1.2999999999999998,-1.25,56842,0.020650954473586308
S1C_W0.79_r07,0.79,rearranged,-1.25,-1.2,53280,0.019356863839285716
S1C_W0.79_r07,0.79,rearranged,-1.2,-1.15,49087,0.01783352806454613
S1C_W0.79_r07,0.79,rearranged,-1.15,-1.1,45946,0.016692388625372024
S1C_W0.79_r07,0.79,rearranged,-1.1,-1.0499999999999998,43134,0.0156707763671875
S1C_W0.79_r07,0.79,rearranged,-1.0499999999999998,-1.0,40317,0.014647347586495536
S1C_W0.79_r07,0.79,rearranged,-1.0,-0.95,37810,0.01373654320126488
S1C_W0.79_r07,0.79,rearranged,-0.95,-0.8999999999999999,35598,0.012932913643973214
S1C_W0.79_r07,0.79,rearranged,-0.8999999999999999,-0.8499999999999999,32947,0.011969793410528274
S1C_W0.79_r07,0.79,rearranged,-0.8499999999999999,-0.7999999999999998,31030,0.011273338681175596
S1C_W0.79_r07,0.79,rearranged,-0.7999999999999998,-0.75,29171,0.010597955612909226
S1C_W0.79_r07,0.79,rearranged,-0.75,-0.7,27540,0.010005405970982142
S1C_W0.79_r07,0.79,rearranged,-0.7,-0.6499999999999999,26031,0.009457179478236608
S1C_W0.79_r07,0.79,rearranged,-0.6499999999999999,-0.5999999999999999,24580,0.00893002464657738
S1C_W0.79_r07,0.79,rearranged,-0.5999999999999999,-0.5499999999999998,23287,0.008460271926153274
S1C_W0.79_r07,0.79,rearranged,-0.5499999999999998,-0.5,22042,0.008007957821800596
S1C_W0.79_r07,0.79,rearranged,-0.5,-0.44999999999999996,20884,0.007587251209077381
S1C_W0.79_r07,0.79,rearranged,-0.44999999999999996,-0.3999999999999999,19694,0.007154918852306548
S1C_W0.79_r07,0.79,rearranged,-0.3999999999999999,-0.34999999999999987,18509,0.006724403018043155
S1C_W0.79_r07,0.79,rearranged,-0.34999999999999987,-0.2999999999999998,17581,0.006387256440662202
S1C_W0.79_r07,0.79,rearranged,-0.2999999999999998,-0.25,16510,0.005998157319568452
S1C_W0.79_r07,0.79,rearranged,-0.25,-0.19999999999999996,15706,0.005706060500372024
S1C_W0.79_r07,0.79,rearranged,-0.19999999999999996,-0.1499999999999999,14571,0.005293709891183036
S1C_W0.79_r07,0.79,rearranged,-0.1499999999999999,-0.09999999999999987,14086,0.00511750720796131
S1C_W0.79_r07,0.79,rearranged,-0.09999999999999987,-0.04999999999999982,13160,0.004781087239583333
S1C_W0.79_r07,0.79,rearranged,-0.04999999999999982,0.0,12629,0.004588172549293155
S1C_W0.79_r07,0.79,rearranged,0.0,0.050000000000000266,11806,0.004289172944568452
S1C_W0.79_r07,0.79,rearranged,0.050000000000000266,0.10000000000000009,11243,0.004084632510230655
S1C_W0.79_r07,0.79,rearranged,0.10000000000000009,0.1499999999999999,10244,0.0037216913132440475
S1C_W0.79_r07,0.79,rearranged,0.1499999999999999,0.20000000000000018,9439,0.003429231189546131
S1C_W0.79_r07,0.79,rearranged,0.20000000000000018,0.25,8789,0.003193083263578869
S1C_W0.79_r07,0.79,rearranged,0.25,0.30000000000000027,8092,0.0029398600260416665
S1C_W0.79_r07,0.79,rearranged,0.30000000000000027,0.3500000000000001,7719,0.002804347446986607
S1C_W0.79_r07,0.79,rearranged,0.3500000000000001,0.40000000000000036,7199,0.0026154291062127975
S1C_W0.79_r07,0.79,rearranged,0.40000000000000036,0.4500000000000002,6769,0.0024592081705729165
S1C_W0.79_r07,0.79,rearranged,0.4500000000000002,0.5,6354,0.002308436802455357
S1C_W0.79_r07,0.79,rearranged,0.5,0.5500000000000003,5861,0.002129327683221726
S1C_W0.79_r07,0.79,rearranged,0.5500000000000003,0.6000000000000001,5459,0.001983279273623512
S1C_W0.79_r07,0.79,rearranged,0.6000000000000001,0.6500000000000004,5202,0.0018899100167410715
S1C_W0.79_r07,0.79,rearranged,0.6500000000000004,0.7000000000000002,4801,0.0017442249116443452
S1C_W0.79_r07,0.79,rearranged,0.7000000000000002,0.75,4479,0.0016272408621651785
S1C_W0.79_r07,0.79,rearranged,0.75,0.8000000000000003,4153,0.0015088035946800595
S1C_W0.79_r07,0.79,rearranged,0.8000000000000003,0.8500000000000001,3993,0.0014506748744419643
S1C_W0.79_r07,0.79,rearranged,0.8500000000000001,0.9000000000000004,3580,0.001300630115327381
S1C_W0.79_r07,0.79,rearranged,0.9000000000000004,0.9500000000000002,3312,0.0012032645089285715
S1C_W0.79_r07,0.79,rearranged,0.9500000000000002,1.0,3105,0.0011280604771205357
S1C_W0.79_r07,0.79,rearranged,1.0,1.0500000000000003,2856,0.00103759765625
S1C_W0.79_r07,0.79,rearranged,1.0500000000000003,1.1,2736,0.0009940011160714285
S1C_W0.79_r07,0.79,rearranged,1.1,1.1500000000000004,2467,0.000896272205171131
S1C_W0.79_r07,0.79,rearranged,1.1500000000000004,1.2000000000000002,2206,0.0008014497302827381
S1C_W0.79_r07,0.79,rearranged,1.2000000000000002,1.25,2061,0.0007487705775669643
S1C_W0.79_r07,0.79,rearranged,1.25,1.3000000000000003,1880,0.000683012462797619
S1C_W0.79_r07,0.79,rearranged,1.3000000000000003,1.35,1794,0.0006517682756696429
S1C_W0.79_r07,0.79,rearranged,1.35,1.4000000000000004,1561,0.0005671183268229166
S1C_W0.79_r07,0.79,rearranged,1.4000000000000004,1.4500000000000002,1442,0.0005238850911458334
S1C_W0.79_r07,0.79,rearranged,1.4500000000000002,1.5,1325,0.0004813784644717262
S1C_W0.79_r07,0.79,rearranged,1.5,1.5500000000000003,1138,0.0004134405226934524
S1C_W0.79_r07,0.79,rearranged,1.5500000000000003,1.6,1035,0.00037602015904017856
S1C_W0.79_r07,0.79,rearranged,1.6,1.6500000000000004,949,0.0003447759719122024
S1C_W0.79_r07,0.79,rearranged,1.6500000000000004,1.7000000000000002,886,0.0003218877883184524
S1C_W0.79_r07,0.79,rearranged,1.7000000000000002,1.75,834,0.00030299595424107144
S1C_W0.79_r07,0.79,rearranged,1.75,1.8000000000000003,745,0.00027066185360863094
S1C_W0.79_r07,0.79,rearranged,1.8000000000000003,1.85,696,0.0002528599330357143
S1C_W0.79_r07,0.79,rearranged,1.85,1.9000000000000004,609,0.00022125244140625
S1C_W0.79_r07,0.79,rearranged,1.9000000000000004,1.9500000000000002,448,0.00016276041666666666
S1C_W0.79_r07,0.79,rearranged,1.9500000000000002,2.0,245,8.900960286458333e-05
S1C_W0.79_r08,0.79,original,-2.0,-1.95,119899,0.043559846423921134
S1C_W0.79_r08,0.79,original,-1.95,-1.9,200278,0.07276189894903273
S1C_W0.79_r08,0.79,original,-1.9,-1.85,227697,0.08272334507533483
S1C_W0.79_r08,0.79,original,-1.85,-1.8,222958,0.08100164504278273
S1C_W0.79_r08,0.79,original,-1.8,-1.75,196200,0.07128034319196429
S1C_W0.79_r08,0.79,original,-1.75,-1.7,162540,0.059051513671875
S1C_W0.79_r08,0.79,original,-1.7,-1.65,134351,0.048810323079427086
S1C_W0.79_r08,0.79,original,-1.65,-1.6,113766,0.041331699916294644
S1C_W0.79_r08,0.79,original,-1.6,-1.55,99505,0.036150614420572914
S1C_W0.79_r08,0.79,original,-1.55,-1.5,88801,0.032261803036644346
S1C_W0.79_r08,0.79,original,-1.5,-1.45,81088,0.029459635416666668
S1C_W0.79_r08,0.79,original,-1.45,-1.4,73124,0.026566278366815476
S1C_W0.79_r08,0.79,original,-1.4,-1.35,67317,0.024456569126674106
S1C_W0.79_r08,0.79,original,-1.35,-1.2999999999999998,61799,0.022451854887462798
S1C_W0.79_r08,0.79,original,-1.2999999999999998,-1.25,57479,0.020882379441034226
S1C_W0.79_r08,0.79,original,-1.25,-1.2,53133,0.019303458077566966
S1C_W0.79_r08,0.79,original,-1.2,-1.15,49320,0.017918178013392856
S1C_W0.79_r08,0.79,original,-1.15,-1.1,45760,0.01662481398809524
S1C_W0.79_r08,0.79,original,-1.1,-1.0499999999999998,43094,0.015656244187127976
S1C_W0.79_r08,0.79,original,-1.0499999999999998,-1.0,40575,0.014741080147879464
S1C_W0.79_r08,0.79,original,-1.0,-0.95,37840,0.013747442336309524
S1C_W0.79_r08,0.79,original,-0.95,-0.8999999999999999,35608,0.012936546688988096
S1C_W0.79_r08,0.79,original,-0.8999999999999999,-0.8499999999999999,33432,0.01214599609375
S1C_W0.79_r08,0.79,original,-0.8499999999999999,-0.7999999999999998,31340,0.011385963076636904
S1C_W0.79_r08,0.79,original,-0.7999999999999998,-0.75,29538,0.010731288364955358
S1C_W0.79_r08,0.79,original,-0.75,-0.7,27561,0.010013035365513392
S1C_W0.79_r08,0.79,original,-0.7,-0.6499999999999999,26336,0.009567987351190476
S1C_W0.79_r08,0.79,original,-0.6499999999999999,-0.5999999999999999,24766,0.008997599283854166
S1C_W0.79_r08,0.79,original,-0.5999999999999999,-0.5499999999999998,23382,0.008494785853794642
S1C_W0.79_r08,0.79,original,-0.5499999999999998,-0.5,22311,0.008105686732700892
S1C_W0.79_r08,0.79,original,-0.5,-0.44999999999999996,20812,0.007561093284970238
S1C_W0.79_r08,0.79,original,-0.44999999999999996,-0.3999999999999999,19808,0.00719633556547619
S1C_W0.79_r08,0.79,original,-0.3999999999999999,-0.34999999999999987,18503,0.006722223191034226
S1C_W0.79_r08,0.79,original,-0.34999999999999987,-0.2999999999999998,17700,0.006430489676339286
S1C_W0.79_r08,0.79,original,-0.2999999999999998,-0.25,16608,0.006033761160714286
S1C_W0.79_r08,0.79,original,-0.25,-0.19999999999999996,15761,0.005726042247953869
S1C_W0.79_r08,0.79,original,-0.19999999999999996,-0.1499999999999999,14807,0.005379449753534226
S1C_W0.79_r08,0.79,original,-0.1499999999999999,-0.09999999999999987,14156,0.005142938523065476
S1C_W0.79_r08,0.79,original,-0.09999999999999987,-0.04999999999999982,13242,0.004810878208705357
S1C_W0.79_r08,0.79,original,-0.04999999999999982,0.0,12480,0.004534040178571429
S1C_W0.79_r08,0.79,original,0.0,0.050000000000000266,11713,0.00425538562593006
S1C_W0.79_r08,0.79,original,0.050000000000000266,0.10000000000000009,11006,0.003998529343377976
S1C_W0.79_r08,0.79,original,0.10000000000000009,0.1499999999999999,10030,0.003643944149925595
S1C_W0.79_r08,0.79,original,0.1499999999999999,0.20000000000000018,9453,0.0034343174525669645
S1C_W0.79_r08,0.79,original,0.20000000000000018,0.25,8743,0.0031763712565104165
S1C_W0.79_r08,0.79,original,0.25,0.30000000000000027,8153,0.0029620216006324405
S1C_W0.79_r08,0.79,original,0.30000000000000027,0.3500000000000001,7681,0.0027905418759300595
S1C_W0.79_r08,0.79,original,0.3500000000000001,0.40000000000000036,7267,0.002640133812313988
S1C_W0.79_r08,0.79,original,0.40000000000000036,0.4500000000000002,6688,0.002429780505952381
S1C_W0.79_r08,0.79,original,0.4500000000000002,0.5,6342,0.0023040771484375
S1C_W0.79_r08,0.79,original,0.5,0.5500000000000003,6017,0.002186003185453869
S1C_W0.79_r08,0.79,original,0.5500000000000003,0.6000000000000001,5466,0.0019858224051339285
S1C_W0.79_r08,0.79,original,0.6000000000000001,0.6500000000000004,4983,0.0018103463309151785
S1C_W0.79_r08,0.79,original,0.6500000000000004,0.7000000000000002,4791,0.0017405918666294643
S1C_W0.79_r08,0.79,original,0.7000000000000002,0.75,4356,0.0015825544084821428
S1C_W0.79_r08,0.79,original,0.75,0.8000000000000003,4023,0.0014615740094866072
S1C_W0.79_r08,0.79,original,0.8000000000000003,0.8500000000000001,3740,0.0013587588355654762
S1C_W0.79_r08,0.79,original,0.8500000000000001,0.9000000000000004,3506,0.001273745582217262
S1C_W0.79_r08,0.79,original,0.9000000000000004,0.9500000000000002,3342,0.0012141636439732143
S1C_W0.79_r08,0.79,original,0.9500000000000002,1.0,3062,0.0011124383835565475
S1C_W0.79_r08,0.79,original,1.0,1.0500000000000003,2919,0.00106048583984375
S1C_W0.79_r08,0.79,original,1.0500000000000003,1.1,2631,0.0009558541434151786
S1C_W0.79_r08,0.79,original,1.1,1.1500000000000004,2445,0.0008882795061383929
S1C_W0.79_r08,0.79,original,1.1500000000000004,1.2000000000000002,2157,0.0007836478097098214
S1C_W0.79_r08,0.79,original,1.2000000000000002,1.25,2059,0.0007480439685639881
S1C_W0.79_r08,0.79,original,1.25,1.3000000000000003,1831,0.0006652105422247024
S1C_W0.79_r08,0.79,original,1.3000000000000003,1.35,1621,0.0005889165969122024
S1C_W0.79_r08,0.79,original,1.35,1.4000000000000004,1513,0.0005496797107514881
S1C_W0.79_r08,0.79,original,1.4000000000000004,1.4500000000000002,1489,0.0005409604027157738
S1C_W0.79_r08,0.79,original,1.4500000000000002,1.5,1319,0.0004791986374627976
S1C_W0.79_r08,0.79,original,1.5,1.5500000000000003,1140,0.00041416713169642856
S1C_W0.79_r08,0.79,original,1.5500000000000003,1.6,1075,0.0003905523390997024
S1C_W0.79_r08,0.79,original,1.6,1.6500000000000004,933,0.00033896309988839287
S1C_W0.79_r08,0.79,original,1.6500000000000004,1.7000000000000002,864,0.0003138950892857143
S1C_W0.79_r08,0.79,original,1.7000000000000002,1.75,764,0.00027756463913690475
S1C_W0.79_r08,0.79,original,1.75,1.8000000000000003,766,0.00027829124813988094
S1C_W0.79_r08,0.79,original,1.8000000000000003,1.85,658,0.00023905436197916666
S1C_W0.79_r08,0.79,original,1.85,1.9000000000000004,612,0.00022234235491071428
S1C_W0.79_r08,0.79,original,1.9000000000000004,1.9500000000000002,451,0.00016385033017113094
S1C_W0.79_r08,0.79,original,1.9500000000000002,2.0,228,8.283342633928572e-05
S1C_W0.79_r08,0.79,rearranged,-2.0,-1.95,120185,0.04366375151134673
S1C_W0.79_r08,0.79,rearranged,-1.95,-1.9,200482,0.07283601306733631
S1C_W0.79_r08,0.79,rearranged,-1.9,-1.85,227338,0.0825929187593006
S1C_W0.79_r08,0.79,rearranged,-1.85,-1.8,223723,0.08127957298642113
S1C_W0.79_r08,0.79,rearranged,-1.8,-1.75,195686,0.0710936046781994
S1C_W0.79_r08,0.79,rearranged,-1.75,-1.7,163193,0.05928875151134673
S1C_W0.79_r08,0.79,rearranged,-1.7,-1.65,134774,0.04896400088355655
S1C_W0.79_r08,0.79,rearranged,-1.65,-1.6,113742,0.04132298060825893
S1C_W0.79_r08,0.79,rearranged,-1.6,-1.55,99247,0.03605688185918899
S1C_W0.79_r08,0.79,rearranged,-1.55,-1.5,88782,0.03225490025111607
S1C_W0.79_r08,0.79,rearranged,-1.5,-1.45,80118,0.029107230050223216
S1C_W0.79_r08,0.79,rearranged,-1.45,-1.4,72897,0.026483808244977678
S1C_W0.79_r08,0.79,rearranged,-1.4,-1.35,67157,0.02439844040643601
S1C_W0.79_r08,0.79,rearranged,-1.35,-1.2999999999999998,61739,0.02243005661737351
S1C_W0.79_r08,0.79,rearranged,-1.2999999999999998,-1.25,57081,0.020737784249441966
S1C_W0.79_r08,0.79,rearranged,-1.25,-1.2,53154,0.019311087472098216
S1C_W0.79_r08,0.79,rearranged,-1.2,-1.15,49362,0.017933436802455356
S1C_W0.79_r08,0.79,rearranged,-1.15,-1.1,45871,0.016665140787760418
S1C_W0.79_r08,0.79,rearranged,-1.1,-1.0499999999999998,43062,0.015644618443080356
S1C_W0.79_r08,0.79,rearranged,-1.0499999999999998,-1.0,40445,0.014693850562686012
S1C_W0.79_r08,0.79,rearranged,-1.0,-0.95,37760,0.013718377976190476
S1C_W0.79_r08,0.79,rearranged,-0.95,-0.8999999999999999,35724,0.012978690011160714
S1C_W0.79_r08,0.79,rearranged,-0.8999999999999999,-0.8499999999999999,33103,0.012026468912760416
S1C_W0.79_r08,0.79,rearranged,-0.8499999999999999,-0.7999999999999998,31499,0.011443728492373512
S1C_W0.79_r08,0.79,rearranged,-0.7999999999999998,-0.75,29554,0.010737101236979166
S1C_W0.79_r08,0.79,rearranged,-0.75,-0.7,28108,0.01021176292782738
S1C_W0.79_r08,0.79,rearranged,-0.7,-0.6499999999999999,26098,0.00948152087983631
S1C_W0.79_r08,0.79,rearranged,-0.6499999999999999,-0.5999999999999999,24747,0.008990696498325892
S1C_W0.79_r08,0.79,rearranged,-0.5999999999999999,-0.5499999999999998,23242,0.00844392322358631
S1C_W0.79_r08,0.79,rearranged,-0.5499999999999998,-0.5,21947,0.007973443894159226
S1C_W0.79_r08,0.79,rearranged,-0.5,-0.44999999999999996,20825,0.007565816243489583
S1C_W0.79_r08,0.79,rearranged,-0.44999999999999996,-0.3999999999999999,19858,0.007214500790550595
S1C_W0.79_r08,0.79,rearranged,-0.3999999999999999,-0.34999999999999987,18624,0.006766183035714286
S1C_W0.79_r08,0.79,rearranged,-0.34999999999999987,-0.2999999999999998,17804,0.006468273344494048
S1C_W0.79_r08,0.79,rearranged,-0.2999999999999998,-0.25,16639,0.006045023600260417
S1C_W0.79_r08,0.79,rearranged,-0.25,-0.19999999999999996,15694,0.005701700846354167
S1C_W0.79_r08,0.79,rearranged,-0.19999999999999996,-0.1499999999999999,14725,0.005349658784412202
S1C_W0.79_r08,0.79,rearranged,-0.1499999999999999,-0.09999999999999987,14003,0.005087352934337798
S1C_W0.79_r08,0.79,rearranged,-0.09999999999999987,-0.04999999999999982,12987,0.004718235560825893
S1C_W0.79_r08,0.79,rearranged,-0.04999999999999982,0.0,12295,0.004466828845796131
S1C_W0.79_r08,0.79,rearranged,0.0,0.050000000000000266,11855,0.004306974865141369
S1C_W0.79_r08,0.79,rearranged,0.050000000000000266,0.10000000000000009,11004,0.003997802734375
S1C_W0.79_r08,0.79,rearranged,0.10000000000000009,0.1499999999999999,10146,0.0036860874720982145
S1C_W0.79_r08,0.79,rearranged,0.1499999999999999,0.20000000000000018,9657,0.0035084315708705355
S1C_W0.79_r08,0.79,rearranged,0.20000000000000018,0.25,8801,0.003197442917596726
S1C_W0.79_r08,0.79,rearranged,0.25,0.30000000000000027,8072,0.002932593936011905
S1C_W0.79_r08,0.79,rearranged,0.30000000000000027,0.3500000000000001,7563,0.0027476719447544645
S1C_W0.79_r08,0.79,rearranged,0.3500000000000001,0.40000000000000036,7192,0.002612885974702381
S1C_W0.79_r08,0.79,rearranged,0.40000000000000036,0.4500000000000002,6681,0.0024272373744419645
S1C_W0.79_r08,0.79,rearranged,0.4500000000000002,0.5,6269,0.002277555919828869
S1C_W0.79_r08,0.79,rearranged,0.5,0.5500000000000003,5846,0.002123878115699405
S1C_W0.79_r08,0.79,rearranged,0.5500000000000003,0.6000000000000001,5403,0.0019629342215401785
S1C_W0.79_r08,0.79,rearranged,0.6000000000000001,0.6500000000000004,4946,0.001796904064360119
S1C_W0.79_r08,0.79,rearranged,0.6500000000000004,0.7000000000000002,4709,0.0017108008975074405
S1C_W0.79_r08,0.79,rearranged,0.7000000000000002,0.75,4291,0.0015589396158854167
S1C_W0.79_r08,0.79,rearranged,0.75,0.8000000000000003,4024,0.0014619373139880952
S1C_W0.79_r08,0.79,rearranged,0.8000000000000003,0.8500000000000001,3827,0.0013903663271949405
S1C_W0.79_r08,0.79,rearranged,0.8500000000000001,0.9000000000000004,3527,0.001281374976748512
S1C_W0.79_r08,0.79,rearranged,0.9000000000000004,0.9500000000000002,3182,0.001156034923735119
S1C_W0.79_r08,0.79,rearranged,0.9500000000000002,1.0,3033,0.0011019025530133928
S1C_W0.79_r08,0.79,rearranged,1.0,1.0500000000000003,2840,0.0010317847842261905
S1C_W0.79_r08,0.79,rearranged,1.0500000000000003,1.1,2594,0.000942411876860119
S1C_W0.79_r08,0.79,rearranged,1.1,1.1500000000000004,2447,0.000889006115141369
S1C_W0.79_r08,0.79,rearranged,1.1500000000000004,1.2000000000000002,2178,0.0007912772042410714
S1C_W0.79_r08,0.79,rearranged,1.2000000000000002,1.25,2122,0.0007709321521577381
S1C_W0.79_r08,0.79,rearranged,1.25,1.3000000000000003,1931,0.0007015409923735119
S1C_W0.79_r08,0.79,rearranged,1.3000000000000003,1.35,1833,0.0006659371512276786
S1C_W0.79_r08,0.79,rearranged,1.35,1.4000000000000004,1694,0.0006154378255208334
S1C_W0.79_r08,0.79,rearranged,1.4000000000000004,1.4500000000000002,1541,0.0005598522367931548
S1C_W0.79_r08,0.79,rearranged,1.4500000000000002,1.5,1520,0.0005522228422619048
S1C_W0.79_r08,0.79,rearranged,1.5,1.5500000000000003,1272,0.00046212332589285713
S1C_W0.79_r08,0.79,rearranged,1.5500000000000003,1.6,1217,0.0004421415783110119
S1C_W0.79_r08,0.79,rearranged,1.6,1.6500000000000004,1101,0.00039999825613839287
S1C_W0.79_r08,0.79,rearranged,1.6500000000000004,1.7000000000000002,996,0.00036185128348214287
S1C_W0.79_r08,0.79,rearranged,1.7000000000000002,1.75,926,0.0003364199683779762
S1C_W0.79_r08,0.79,rearranged,1.75,1.8000000000000003,792,0.00028773716517857144
S1C_W0.79_r08,0.79,rearranged,1.8000000000000003,1.85,745,0.00027066185360863094
S1C_W0.79_r08,0.79,rearranged,1.85,1.9000000000000004,665,0.00024159749348958334
S1C_W0.79_r08,0.79,rearranged,1.9000000000000004,1.9500000000000002,505,0.0001834687732514881
S1C_W0.79_r08,0.79,rearranged,1.9500000000000002,2.0,291,0.00010572160993303572
S1C_W0.79_r09,0.79,original,-2.0,-1.95,120026,0.043605986095610116
S1C_W0.79_r09,0.79,original,-1.95,-1.9,200403,0.07280731201171875
S1C_W0.79_r09,0.79,original,-1.9,-1.85,228124,0.08287847609747023
S1C_W0.79_r09,0.79,original,-1.85,-1.8,223812,0.08131190708705358
S1C_W0.79_r09,0.79,original,-1.8,-1.75,196179,0.07127271379743304
S1C_W0.79_r09,0.79,original,-1.75,-1.7,162924,0.05919102260044643
S1C_W0.79_r09,0.79,original,-1.7,-1.65,134281,0.048784891764322914
S1C_W0.79_r09,0.79,original,-1.65,-1.6,114521,0.041605994814918154
S1C_W0.79_r09,0.79,original,-1.6,-1.55,99758,0.036242530459449404
S1C_W0.79_r09,0.79,original,-1.55,-1.5,88863,0.032284327915736606
S1C_W0.79_r09,0.79,original,-1.5,-1.45,80432,0.029221307663690476
S1C_W0.79_r09,0.79,original,-1.45,-1.4,72392,0.026300339471726192
S1C_W0.79_r09,0.79,original,-1.4,-1.35,67049,0.024359203520275298
S1C_W0.79_r09,0.79,original,-1.35,-1.2999999999999998,61551,0.02236175537109375
S1C_W0.79_r09,0.79,original,-1.2999999999999998,-1.25,56917,0.020678202311197918
S1C_W0.79_r09,0.79,original,-1.25,-1.2,53292,0.019361223493303572
S1C_W0.79_r09,0.79,original,-1.2,-1.15,49575,0.018010820661272322
S1C_W0.79_r09,0.79,original,-1.15,-1.1,46017,0.016718183244977678
S1C_W0.79_r09,0.79,original,-1.1,-1.0499999999999998,42910,0.015589396158854166
S1C_W0.79_r09,0.79,original,-1.0499999999999998,-1.0,39777,0.014451163155691964
S1C_W0.79_r09,0.79,original,-1.0,-0.95,37738,0.013710385277157738
S1C_W0.79_r09,0.79,original,-0.95,-0.8999999999999999,35351,0.012843177432105654
S1C_W0.79_r09,0.79,original,-0.8999999999999999,-0.8499999999999999,33386,0.012129284086681548
S1C_W0.79_r09,0.79,original,-0.8499999999999999,-0.7999999999999998,31197,0.011334010532924108
S1C_W0.79_r09,0.79,original,-0.7999999999999998,-0.75,29598,0.010753086635044642
S1C_W0.79_r09,0.79,original,-0.75,-0.7,27686,0.010058448428199404
S1C_W0.79_r09,0.79,original,-0.7,-0.6499999999999999,26429,0.00960177466982887
S1C_W0.79_r09,0.79,original,-0.6499999999999999,-0.5999999999999999,24582,0.008930751255580358
S1C_W0.79_r09,0.79,original,-0.5999999999999999,-0.5499999999999998,23380,0.008494059244791666
S1C_W0.79_r09,0.79,original,-0.5499999999999998,-0.5,21824,0.00792875744047619
S1C_W0.79_r09,0.79,original,-0.5,-0.44999999999999996,20806,0.00755891345796131
S1C_W0.79_r09,0.79,original,-0.44999999999999996,-0.3999999999999999,19753,0.007176353817894345
S1C_W0.79_r09,0.79,original,-0.3999999999999999,-0.34999999999999987,18819,0.006837027413504464
S1C_W0.79_r09,0.79,original,-0.34999999999999987,-0.2999999999999998,17582,0.00638761974516369
S1C_W0.79_r09,0.79,original,-0.2999999999999998,-0.25,16612,0.006035214378720238
S1C_W0.79_r09,0.79,original,-0.25,-0.19999999999999996,15746,0.005720592680431548
S1C_W0.79_r09,0.79,original,-0.19999999999999996,-0.1499999999999999,14809,0.005380176362537202
S1C_W0.79_r09,0.79,original,-0.1499999999999999,-0.09999999999999987,14050,0.005104428245907738
S1C_W0.79_r09,0.79,original,-0.09999999999999987,-0.04999999999999982,13570,0.004930042085193452
S1C_W0.79_r09,0.79,original,-0.04999999999999982,0.0,12602,0.004578363327752976
S1C_W0.79_r09,0.79,original,0.0,0.050000000000000266,11870,0.00431242443266369
S1C_W0.79_r09,0.79,original,0.050000000000000266,0.10000000000000009,10890,0.003956386021205357
S1C_W0.79_r09,0.79,original,0.10000000000000009,0.1499999999999999,10236,0.003718784877232143
S1C_W0.79_r09,0.79,original,0.1499999999999999,0.20000000000000018,9551,0.0034699212937127975
S1C_W0.79_r09,0.79,original,0.20000000000000018,0.25,9003,0.0032708304268973215
S1C_W0.79_r09,0.79,original,0.25,0.30000000000000027,8346,0.003032139369419643
S1C_W0.79_r09,0.79,original,0.30000000000000027,0.3500000000000001,7638,0.0027749197823660715
S1C_W0.79_r09,0.79,original,0.3500000000000001,0.40000000000000036,7172,0.002605619884672619
S1C_W0.79_r09,0.79,original,0.40000000000000036,0.4500000000000002,6719,0.002441042945498512
S1C_W0.79_r09,0.79,original,0.4500000000000002,0.5,6302,0.002289544968377976
S1C_W0.79_r09,0.79,original,0.5,0.5500000000000003,5842,0.0021224248976934525
S1C_W0.79_r09,0.79,original,0.5500000000000003,0.6000000000000001,5511,0.002002171107700893
S1C_W0.79_r09,0.79,original,0.6000000000000001,0.6500000000000004,4910,0.0017838251023065475
S1C_W0.79_r09,0.79,original,0.6500000000000004,0.7000000000000002,4671,0.0016969953264508928
S1C_W0.79_r09,0.79,original,0.7000000000000002,0.75,4402,0.0015992664155505952
S1C_W0.79_r09,0.79,original,0.75,0.8000000000000003,4066,0.0014771961030505952
S1C_W0.79_r09,0.79,original,0.8000000000000003,0.8500000000000001,3831,0.0013918195452008928
S1C_W0.79_r09,0.79,original,0.8500000000000001,0.9000000000000004,3635,0.0013206118629092262
S1C_W0.79_r09,0.79,original,0.9000000000000004,0.9500000000000002,3317,0.001205081031436012
S1C_W0.79_r09,0.79,original,0.9500000000000002,1.0,3043,0.0011055355980282738
S1C_W0.79_r09,0.79,original,1.0,1.0500000000000003,2838,0.0010310581752232143
S1C_W0.79_r09,0.79,original,1.0500000000000003,1.1,2617,0.0009507678803943452
S1C_W0.79_r09,0.79,original,1.1,1.1500000000000004,2366,0.0008595784505208334
S1C_W0.79_r09,0.79,original,1.1500000000000004,1.2000000000000002,2223,0.0008076259068080357
S1C_W0.79_r09,0.79,original,1.2000000000000002,1.25,2014,0.0007316952659970238
S1C_W0.79_r09,0.79,original,1.25,1.3000000000000003,1849,0.0006717500232514881
S1C_W0.79_r09,0.79,original,1.3000000000000003,1.35,1694,0.0006154378255208334
S1C_W0.79_r09,0.79,original,1.35,1.4000000000000004,1512,0.00054931640625
S1C_W0.79_r09,0.79,original,1.4000000000000004,1.4500000000000002,1385,0.0005031767345610119
S1C_W0.79_r09,0.79,original,1.4500000000000002,1.5,1325,0.0004813784644717262
S1C_W0.79_r09,0.79,original,1.5,1.5500000000000003,1170,0.00042506626674107144
S1C_W0.79_r09,0.79,original,1.5500000000000003,1.6,1070,0.0003887358165922619
S1C_W0.79_r09,0.79,original,1.6,1.6500000000000004,981,0.00035640171595982144
S1C_W0.79_r09,0.79,original,1.6500000000000004,1.7000000000000002,870,0.00031607491629464287
S1C_W0.79_r09,0.79,original,1.7000000000000002,1.75,787,0.00028592064267113094
S1C_W0.79_r09,0.79,original,1.75,1.8000000000000003,722,0.00026230585007440475
S1C_W0.79_r09,0.79,original,1.8000000000000003,1.85,664,0.00024123418898809525
S1C_W0.79_r09,0.79,original,1.85,1.9000000000000004,539,0.00019582112630208334
S1C_W0.79_r09,0.79,original,1.9000000000000004,1.9500000000000002,371,0.00013478597005208334
S1C_W0.79_r09,0.79,original,1.9500000000000002,2.0,237,8.610316685267858e-05
S1C_W0.79_r09,0.79,rearranged,-2.0,-1.95,120676,0.043842134021577384
S1C_W0.79_r09,0.79,rearranged,-1.95,-1.9,201318,0.07313973563058036
S1C_W0.79_r09,0.79,rearranged,-1.9,-1.85,229384,0.08333623976934523
S1C_W0.79_r09,0.79,rearranged,-1.85,-1.8,225106,0.08178202311197917
S1C_W0.79_r09,0.79,rearranged,-1.8,-1.75,197548,0.07177007765997023
S1C_W0.79_r09,0.79,rearranged,-1.75,-1.7,163394,0.059361775716145836
S1C_W0.79_r09,0.79,rearranged,-1.7,-1.65,135084,0.049076625279017856
S1C_W0.79_r09,0.79,rearranged,-1.65,-1.6,114172,0.04147920154389881
S1C_W0.79_r09,0.79,rearranged,-1.6,-1.55,99849,0.03627559116908482
S1C_W0.79_r09,0.79,rearranged,-1.55,-1.5,88388,0.03211175827752976
S1C_W0.79_r09,0.79,rearranged,-1.5,-1.45,79689,0.028951372419084822
S1C_W0.79_r09,0.79,rearranged,-1.45,-1.4,72701,0.02641260056268601
S1C_W0.79_r09,0.79,rearranged,-1.4,-1.35,66715,0.024237859816778274
S1C_W0.79_r09,0.79,rearranged,-1.35,-1.2999999999999998,61243,0.022249857584635418
S1C_W0.79_r09,0.79,rearranged,-1.2999999999999998,-1.25,56418,0.020496913364955356
S1C_W0.79_r09,0.79,rearranged,-1.25,-1.2,52563,0.01909637451171875
S1C_W0.79_r09,0.79,rearranged,-1.2,-1.15,48608,0.017659505208333332
S1C_W0.79_r09,0.79,rearranged,-1.15,-1.1,45521,0.016537984212239582
S1C_W0.79_r09,0.79,rearranged,-1.1,-1.0499999999999998,42826,0.015558878580729166
S1C_W0.79_r09,0.79,rearranged,-1.0499999999999998,-1.0,39746,0.014439900716145834
S1C_W0.79_r09,0.79,rearranged,-1.0,-0.95,37451,0.013606116885230654
S1C_W0.79_r09,0.79,rearranged,-0.95,-0.8999999999999999,34996,0.01271420433407738
S1C_W0.79_r09,0.79,rearranged,-0.8999999999999999,-0.8499999999999999,32909,0.011955987839471726
S1C_W0.79_r09,0.79,rearranged,-0.8499999999999999,-0.7999999999999998,31214,0.011340186709449404
S1C_W0.79_r09,0.79,rearranged,-0.7999999999999998,-0.75,29121,0.010579790387834822
S1C_W0.79_r09,0.79,rearranged,-0.75,-0.7,27913,0.010140918550037202
S1C_W0.79_r09,0.79,rearranged,-0.7,-0.6499999999999999,26325,0.009563991001674108
S1C_W0.79_r09,0.79,rearranged,-0.6499999999999999,-0.5999999999999999,24157,0.008776346842447916
S1C_W0.79_r09,0.79,rearranged,-0.5999999999999999,-0.5499999999999998,23226,0.0084381103515625
S1C_W0.79_r09,0.79,rearranged,-0.5499999999999998,-0.5,22024,0.00800141834077381
S1C_W0.79_r09,0.79,rearranged,-0.5,-0.44999999999999996,20652,0.007502964564732143
S1C_W0.79_r09,0.79,rearranged,-0.44999999999999996,-0.3999999999999999,19609,0.00712403796968006
S1C_W0.79_r09,0.79,rearranged,-0.3999999999999999,-0.34999999999999987,18847,0.006847199939546131
S1C_W0.79_r09,0.79,rearranged,-0.34999999999999987,-0.2999999999999998,17542,0.006373087565104167
S1C_W0.79_r09,0.79,rearranged,-0.2999999999999998,-0.25,16493,0.005991981143043155
S1C_W0.79_r09,0.79,rearranged,-0.25,-0.19999999999999996,15510,0.005634852818080357
S1C_W0.79_r09,0.79,rearranged,-0.19999999999999996,-0.1499999999999999,14923,0.005421593075706845
S1C_W0.79_r09,0.79,rearranged,-0.1499999999999999,-0.09999999999999987,14020,0.005093529110863095
S1C_W0.79_r09,0.79,rearranged,-0.09999999999999987,-0.04999999999999982,13244,0.004811604817708333
S1C_W0.79_r09,0.79,rearranged,-0.04999999999999982,0.0,12817,0.004656473795572917
S1C_W0.79_r09,0.79,rearranged,0.0,0.050000000000000266,12042,0.004374912806919643
S1C_W0.79_r09,0.79,rearranged,0.050000000000000266,0.10000000000000009,11148,0.004050118582589286
S1C_W0.79_r09,0.79,rearranged,0.10000000000000009,0.1499999999999999,10363,0.003764924548921131
S1C_W0.79_r09,0.79,rearranged,0.1499999999999999,0.20000000000000018,9677,0.0035156976609002975
S1C_W0.79_r09,0.79,rearranged,0.20000000000000018,0.25,9119,0.0033129737490699405
S1C_W0.79_r09,0.79,rearranged,0.25,0.30000000000000027,8311,0.0030194237118675595
S1C_W0.79_r09,0.79,rearranged,0.30000000000000027,0.3500000000000001,7789,0.002829778762090774
S1C_W0.79_r09,0.79,rearranged,0.3500000000000001,0.40000000000000036,7382,0.002681913829985119
S1C_W0.79_r09,0.79,rearranged,0.40000000000000036,0.4500000000000002,6865,0.002494085402715774
S1C_W0.79_r09,0.79,rearranged,0.4500000000000002,0.5,6331,0.002300080798921131
S1C_W0.79_r09,0.79,rearranged,0.5,0.5500000000000003,5931,0.002154758998325893
S1C_W0.79_r09,0.79,rearranged,0.5500000000000003,0.6000000000000001,5500,0.001998174758184524
S1C_W0.79_r09,0.79,rearranged,0.6000000000000001,0.6500000000000004,5068,0.0018412272135416667
S1C_W0.79_r09,0.79,rearranged,0.6500000000000004,0.7000000000000002,4815,0.0017493111746651785
S1C_W0.79_r09,0.79,rearranged,0.7000000000000002,0.75,4458,0.0016196114676339285
S1C_W0.79_r09,0.79,rearranged,0.75,0.8000000000000003,3998,0.0014524913969494048
S1C_W0.79_r09,0.79,rearranged,0.8000000000000003,0.8500000000000001,3714,0.0013493129185267857
S1C_W0.79_r09,0.79,rearranged,0.8500000000000001,0.9000000000000004,3603,0.0013089861188616072
S1C_W0.79_r09,0.79,rearranged,0.9000000000000004,0.9500000000000002,3240,0.0011771065848214285
S1C_W0.79_r09,0.79,rearranged,0.9500000000000002,1.0,3073,0.0011164347330729167
S1C_W0.79_r09,0.79,rearranged,1.0,1.0500000000000003,2788,0.0010128929501488095
S1C_W0.79_r09,0.79,rearranged,1.0500000000000003,1.1,2424,0.0008806501116071429
S1C_W0.79_r09,0.79,rearranged,1.1,1.1500000000000004,2356,0.0008559454055059524
S1C_W0.79_r09,0.79,rearranged,1.1500000000000004,1.2000000000000002,2090,0.000759306408110119
S1C_W0.79_r09,0.79,rearranged,1.2000000000000002,1.25,2001,0.0007269723074776786
S1C_W0.79_r09,0.79,rearranged,1.25,1.3000000000000003,1845,0.0006702968052455357
S1C_W0.79_r09,0.79,rearranged,1.3000000000000003,1.35,1738,0.0006314232235863095
S1C_W0.79_r09,0.79,rearranged,1.35,1.4000000000000004,1564,0.000568208240327381
S1C_W0.79_r09,0.79,rearranged,1.4000000000000004,1.4500000000000002,1362,0.0004948207310267857
S1C_W0.79_r09,0.79,rearranged,1.4500000000000002,1.5,1168,0.00042433965773809525
S1C_W0.79_r09,0.79,rearranged,1.5,1.5500000000000003,1104,0.00040108816964285713
S1C_W0.79_r09,0.79,rearranged,1.5500000000000003,1.6,1011,0.0003673008510044643
S1C_W0.79_r09,0.79,rearranged,1.6,1.6500000000000004,871,0.00031643822079613094
S1C_W0.79_r09,0.79,rearranged,1.6500000000000004,1.7000000000000002,824,0.0002993629092261905
S1C_W0.79_r09,0.79,rearranged,1.7000000000000002,1.75,734,0.0002666655040922619
S1C_W0.79_r09,0.79,rearranged,1.75,1.8000000000000003,655,0.00023796444847470238
S1C_W0.79_r09,0.79,rearranged,1.8000000000000003,1.85,558,0.00020272391183035715
S1C_W0.79_r09,0.79,rearranged,1.85,1.9000000000000004,465,0.00016893659319196428
S1C_W0.79_r09,0.79,rearranged,1.9000000000000004,1.9500000000000002,378,0.0001373291015625
S1C_W0.79_r09,0.79,rearranged,1.9500000000000002,2.0,207,7.520403180803572e-05
S1C_W0.79_r10,0.79,original,-2.0,-1.95,120734,0.04386320568266369
S1C_W0.79_r10,0.79,original,-1.95,-1.9,200317,0.07277606782459077
S1C_W0.79_r10,0.79,original,-1.9,-1.85,229061,0.08321889241536458
S1C_W0.79_r10,0.79,original,-1.85,-1.8,224401,0.08152589343843006
S1C_W0.79_r10,0.79,original,-1.8,-1.75,196995,0.07156917027064733
S1C_W0.79_r10,0.79,original,-1.75,-1.7,162393,0.05899810791015625
S1C_W0.79_r10,0.79,original,-1.7,-1.65,134542,0.04887971423921131
S1C_W0.79_r10,0.79,original,-1.65,-1.6,114325,0.04153478713262649
S1C_W0.79_r10,0.79,original,-1.6,-1.55,99754,0.03624107724144345
S1C_W0.79_r10,0.79,original,-1.55,-1.5,89239,0.032420930408296134
S1C_W0.79_r10,0.79,original,-1.5,-1.45,79803,0.028992789132254466
S1C_W0.79_r10,0.79,original,-1.45,-1.4,73010,0.026524861653645832
S1C_W0.79_r10,0.79,original,-1.4,-1.35,66879,0.024297441755022322
S1C_W0.79_r10,0.79,original,-1.35,-1.2999999999999998,61507,0.022345769973028274
S1C_W0.79_r10,0.79,original,-1.2999999999999998,-1.25,56913,0.020676749093191966
S1C_W0.79_r10,0.79,original,-1.25,-1.2,52622,0.019117809477306548
S1C_W0.79_r10,0.79,original,-1.2,-1.15,49104,0.017839704241071428
S1C_W0.79_r10,0.79,original,-1.15,-1.1,45979,0.01670437767392113
S1C_W0.79_r10,0.79,original,-1.1,-1.0499999999999998,42973,0.015612284342447916
S1C_W0.79_r10,0.79,original,-1.0499999999999998,-1.0,40236,0.014617919921875
S1C_W0.79_r10,0.79,original,-1.0,-0.95,37725,0.013705662318638392
S1C_W0.79_r10,0.79,original,-0.95,-0.8999999999999999,35346,0.012841360909598214
S1C_W0.79_r10,0.79,original,-0.8999999999999999,-0.8499999999999999,33013,0.011993771507626488
S1C_W0.79_r10,0.79,original,-0.8499999999999999,-0.7999999999999998,31323,0.011379786900111608
S1C_W0.79_r10,0.79,original,-0.7999999999999998,-0.75,29333,0.010656810942150298
S1C_W0.79_r10,0.79,original,-0.75,-0.7,27447,0.00997161865234375
S1C_W0.79_r10,0.79,original,-0.7,-0.6499999999999999,25916,0.009415399460565476
S1C_W0.79_r10,0.79,original,-0.6499999999999999,-0.5999999999999999,24954,0.009065900530133928
S1C_W0.79_r10,0.79,original,-0.5999999999999999,-0.5499999999999998,23342,0.00848025367373512
S1C_W0.79_r10,0.79,original,-0.5499999999999998,-0.5,21864,0.007943289620535714
S1C_W0.79_r10,0.79,original,-0.5,-0.44999999999999996,20672,0.007510230654761905
S1C_W0.79_r10,0.79,original,-0.44999999999999996,-0.3999999999999999,19600,0.007120768229166667
S1C_W0.79_r10,0.79,original,-0.3999999999999999,-0.34999999999999987,18421,0.006692432221912202
S1C_W0.79_r10,0.79,original,-0.34999999999999987,-0.2999999999999998,17467,0.00634583972749256
S1C_W0.79_r10,0.79,original,-0.2999999999999998,-0.25,16660,0.006052652994791667
S1C_W0.79_r10,0.79,original,-0.25,-0.19999999999999996,15912,0.005780901227678571
S1C_W0.79_r10,0.79,original,-0.19999999999999996,-0.1499999999999999,14832,0.005388532366071429
S1C_W0.79_r10,0.79,original,-0.1499999999999999,-0.09999999999999987,14075,0.00511351085844494
S1C_W0.79_r10,0.79,original,-0.09999999999999987,-0.04999999999999982,13259,0.004817054385230655
S1C_W0.79_r10,0.79,original,-0.04999999999999982,0.0,12467,0.004529317220052083
S1C_W0.79_r10,0.79,original,0.0,0.050000000000000266,11701,0.004251025971912202
S1C_W0.79_r10,0.79,original,0.050000000000000266,0.10000000000000009,10870,0.003949119931175595
S1C_W0.79_r10,0.79,original,0.10000000000000009,0.1499999999999999,10092,0.003666469029017857
S1C_W0.79_r10,0.79,original,0.1499999999999999,0.20000000000000018,9622,0.0034957159133184525
S1C_W0.79_r10,0.79,original,0.20000000000000018,0.25,8747,0.003177824474516369
S1C_W0.79_r10,0.79,original,0.25,0.30000000000000027,8233,0.002991085960751488
S1C_W0.79_r10,0.79,original,0.30000000000000027,0.3500000000000001,7731,0.0028087071010044645
S1C_W0.79_r10,0.79,original,0.3500000000000001,0.40000000000000036,7284,0.0026463099888392855
S1C_W0.79_r10,0.79,original,0.40000000000000036,0.4500000000000002,6638,0.002411615280877976
S1C_W0.79_r10,0.79,original,0.4500000000000002,0.5,6309,0.002292088099888393
S1C_W0.79_r10,0.79,original,0.5,0.5500000000000003,5732,0.002082461402529762
S1C_W0.79_r10,0.79,original,0.5500000000000003,0.6000000000000001,5456,0.0019821893601190475
S1C_W0.79_r10,0.79,original,0.6000000000000001,0.6500000000000004,5064,0.0018397739955357143
S1C_W0.79_r10,0.79,original,0.6500000000000004,0.7000000000000002,4690,0.0017038981119791667
S1C_W0.79_r10,0.79,original,0.7000000000000002,0.75,4375,0.0015894571940104167
S1C_W0.79_r10,0.79,original,0.75,0.8000000000000003,4253,0.001545134044828869
S1C_W0.79_r10,0.79,original,0.8000000000000003,0.8500000000000001,3838,0.0013943626767113095
S1C_W0.79_r10,0.79,original,0.8500000000000001,0.9000000000000004,3600,0.0013078962053571428
S1C_W0.79_r10,0.79,original,0.9000000000000004,0.9500000000000002,3323,0.0012072608584449405
S1C_W0.79_r10,0.79,original,0.9500000000000002,1.0,3017,0.0010960896809895833
S1C_W0.79_r10,0.79,original,1.0,1.0500000000000003,2813,0.001021975562686012
S1C_W0.79_r10,0.79,original,1.0500000000000003,1.1,2557,0.0009289696103050595
S1C_W0.79_r10,0.79,original,1.1,1.1500000000000004,2361,0.0008577619280133929
S1C_W0.79_r10,0.79,original,1.1500000000000004,1.2000000000000002,2179,0.0007916405087425595
S1C_W0.79_r10,0.79,original,1.2000000000000002,1.25,2057,0.0007473173595610119
S1C_W0.79_r10,0.79,original,1.25,1.3000000000000003,1908,0.0006931849888392857
S1C_W0.79_r10,0.79,original,1.3000000000000003,1.35,1702,0.0006183442615327381
S1C_W0.79_r10,0.79,original,1.35,1.4000000000000004,1538,0.0005587623232886905
S1C_W0.79_r10,0.79,original,1.4000000000000004,1.4500000000000002,1423,0.0005169823056175595
S1C_W0.79_r10,0.79,original,1.4500000000000002,1.5,1374,0.0004991803850446429
S1C_W0.79_r10,0.79,original,1.5,1.5500000000000003,1225,0.0004450480143229167
S1C_W0.79_r10,0.79,original,1.5500000000000003,1.6,1068,0.0003880092075892857
S1C_W0.79_r10,0.79,original,1.6,1.6500000000000004,982,0.0003567650204613095
S1C_W0.79_r10,0.79,original,1.6500000000000004,1.7000000000000002,919,0.0003338768368675595
S1C_W0.79_r10,0.79,original,1.7000000000000002,1.75,814,0.0002957298642113095
S1C_W0.79_r10,0.79,original,1.75,1.8000000000000003,750,0.00027247837611607144
S1C_W0.79_r10,0.79,original,1.8000000000000003,1.85,616,0.00022379557291666666
S1C_W0.79_r10,0.79,original,1.85,1.9000000000000004,554,0.00020127069382440475
S1C_W0.79_r10,0.79,original,1.9000000000000004,1.9500000000000002,443,0.0001609438941592262
S1C_W0.79_r10,0.79,original,1.9500000000000002,2.0,239,8.682977585565477e-05
S1C_W0.79_r10,0.79,rearranged,-2.0,-1.95,121890,0.04428318568638393
S1C_W0.79_r10,0.79,rearranged,-1.95,-1.9,201277,0.07312484014601935
S1C_W0.79_r10,0.79,rearranged,-1.9,-1.85,229139,0.08324723016648065
S1C_W0.79_r10,0.79,rearranged,-1.85,-1.8,224624,0.0816069103422619
S1C_W0.79_r10,0.79,rearranged,-1.8,-1.75,197010,0.07157461983816964
S1C_W0.79_r10,0.79,rearranged,-1.75,-1.7,162419,0.05900755382719494
S1C_W0.79_r10,0.79,rearranged,-1.7,-1.65,133906,0.048648652576264884
S1C_W0.79_r10,0.79,rearranged,-1.65,-1.6,114170,0.041478474934895836
S1C_W0.79_r10,0.79,rearranged,-1.6,-1.55,100054,0.036350068591889884
S1C_W0.79_r10,0.79,rearranged,-1.55,-1.5,88592,0.032185872395833336
S1C_W0.79_r10,0.79,rearranged,-1.5,-1.45,79837,0.029005141485305058
S1C_W0.79_r10,0.79,rearranged,-1.45,-1.4,72494,0.026337396530877976
S1C_W0.79_r10,0.79,rearranged,-1.4,-1.35,66411,0.024127415248325894
S1C_W0.79_r10,0.79,rearranged,-1.35,-1.2999999999999998,61114,0.022202991303943452
S1C_W0.79_r10,0.79,rearranged,-1.2999999999999998,-1.25,56372,0.020480201357886904
S1C_W0.79_r10,0.79,rearranged,-1.25,-1.2,52556,0.019093831380208332
S1C_W0.79_r10,0.79,rearranged,-1.2,-1.15,48816,0.017735072544642856
S1C_W0.79_r10,0.79,rearranged,-1.15,-1.1,45779,0.01663171677362351
S1C_W0.79_r10,0.79,rearranged,-1.1,-1.0499999999999998,42945,0.01560211181640625
S1C_W0.79_r10,0.79,rearranged,-1.0499999999999998,-1.0,39783,0.014453342982700892
S1C_W0.79_r10,0.79,rearranged,-1.0,-0.95,37935,0.013781956263950892
S1C_W0.79_r10,0.79,rearranged,-0.95,-0.8999999999999999,35174,0.012778872535342262
S1C_W0.79_r10,0.79,rearranged,-0.8999999999999999,-0.8499999999999999,33343,0.01211366199311756
S1C_W0.79_r10,0.79,rearranged,-0.8499999999999999,-0.7999999999999998,31540,0.011458623976934524
S1C_W0.79_r10,0.79,rearranged,-0.7999999999999998,-0.75,29616,0.010759626116071428
S1C_W0.79_r10,0.79,rearranged,-0.75,-0.7,27969,0.010161263602120536
S1C_W0.79_r10,0.79,rearranged,-0.7,-0.6499999999999999,26071,0.00947171165829613
S1C_W0.79_r10,0.79,rearranged,-0.6499999999999999,-0.5999999999999999,24685,0.00896817161923363
S1C_W0.79_r10,0.79,rearranged,-0.5999999999999999,-0.5499999999999998,23331,0.00847625732421875
S1C_W0.79_r10,0.79,rearranged,-0.5499999999999998,-0.5,21916,0.007962181454613096
S1C_W0.79_r10,0.79,rearranged,-0.5,-0.44999999999999996,21042,0.0076446533203125
S1C_W0.79_r10,0.79,rearranged,-0.44999999999999996,-0.3999999999999999,19611,0.007124764578683036
S1C_W0.79_r10,0.79,rearranged,-0.3999999999999999,-0.34999999999999987,18576,0.006748744419642857
S1C_W0.79_r10,0.79,rearranged,-0.34999999999999987,-0.2999999999999998,17452,0.006340390159970238
S1C_W0.79_r10,0.79,rearranged,-0.2999999999999998,-0.25,16548,0.006011962890625
S1C_W0.79_r10,0.79,rearranged,-0.25,-0.19999999999999996,15610,0.005671183268229167
S1C_W0.79_r10,0.79,rearranged,-0.19999999999999996,-0.1499999999999999,14746,0.005357288178943452
S1C_W0.79_r10,0.79,rearranged,-0.1499999999999999,-0.09999999999999987,14138,0.00513639904203869
S1C_W0.79_r10,0.79,rearranged,-0.09999999999999987,-0.04999999999999982,13442,0.004883539109002976
S1C_W0.79_r10,0.79,rearranged,-0.04999999999999982,0.0,12516,0.004547119140625
S1C_W0.79_r10,0.79,rearranged,0.0,0.050000000000000266,11592,0.00421142578125
S1C_W0.79_r10,0.79,rearranged,0.050000000000000266,0.10000000000000009,10922,0.003968011765252976
S1C_W0.79_r10,0.79,rearranged,0.10000000000000009,0.1499999999999999,10235,0.003718421572730655
S1C_W0.79_r10,0.79,rearranged,0.1499999999999999,0.20000000000000018,9347,0.003395807175409226
S1C_W0.79_r10,0.79,rearranged,0.20000000000000018,0.25,8944,0.003249395461309524
S1C_W0.79_r10,0.79,rearranged,0.25,0.30000000000000027,8289,0.0030114310128348215
S1C_W0.79_r10,0.79,rearranged,0.30000000000000027,0.3500000000000001,7646,0.002777826218377976
S1C_W0.79_r10,0.79,rearranged,0.3500000000000001,0.40000000000000036,7096,0.002578008742559524
S1C_W0.79_r10,0.79,rearranged,0.40000000000000036,0.4500000000000002,6686,0.002429053896949405
S1C_W0.79_r10,0.79,rearranged,0.4500000000000002,0.5,6237,0.00226593017578125
S1C_W0.79_r10,0.79,rearranged,0.5,0.5500000000000003,5849,0.002124968029203869
S1C_W0.79_r10,0.79,rearranged,0.5500000000000003,0.6000000000000001,5491,0.001994905017671131
S1C_W0.79_r10,0.79,rearranged,0.6000000000000001,0.6500000000000004,5062,0.001839047386532738
S1C_W0.79_r10,0.79,rearranged,0.6500000000000004,0.7000000000000002,4733,0.0017195202055431548
S1C_W0.79_r10,0.79,rearranged,0.7000000000000002,0.75,4325,0.001571291968936012
S1C_W0.79_r10,0.79,rearranged,0.75,0.8000000000000003,4087,0.0014848254975818452
S1C_W0.79_r10,0.79,rearranged,0.8000000000000003,0.8500000000000001,3881,0.0014099847702752975
S1C_W0.79_r10,0.79,rearranged,0.8500000000000001,0.9000000000000004,3551,0.0012900942847842262
S1C_W0.79_r10,0.79,rearranged,0.9000000000000004,0.9500000000000002,3401,0.001235598609561012
S1C_W0.79_r10,0.79,rearranged,0.9500000000000002,1.0,3077,0.001117887951078869
S1C_W0.79_r10,0.79,rearranged,1.0,1.0500000000000003,2857,0.001037960960751488
S1C_W0.79_r10,0.79,rearranged,1.0500000000000003,1.1,2631,0.0009558541434151786
S1C_W0.79_r10,0.79,rearranged,1.1,1.1500000000000004,2416,0.0008777436755952381
S1C_W0.79_r10,0.79,rearranged,1.1500000000000004,1.2000000000000002,2317,0.0008417765299479166
S1C_W0.79_r10,0.79,rearranged,1.2000000000000002,1.25,2047,0.000743684314546131
S1C_W0.79_r10,0.79,rearranged,1.25,1.3000000000000003,1973,0.0007167997814360119
S1C_W0.79_r10,0.79,rearranged,1.3000000000000003,1.35,1785,0.00064849853515625
S1C_W0.79_r10,0.79,rearranged,1.35,1.4000000000000004,1519,0.0005518595377604166
S1C_W0.79_r10,0.79,rearranged,1.4000000000000004,1.4500000000000002,1408,0.0005115327380952381
S1C_W0.79_r10,0.79,rearranged,1.4500000000000002,1.5,1345,0.0004886445545014881
S1C_W0.79_r10,0.79,rearranged,1.5,1.5500000000000003,1220,0.0004432314918154762
S1C_W0.79_r10,0.79,rearranged,1.5500000000000003,1.6,1064,0.0003865559895833333
S1C_W0.79_r10,0.79,rearranged,1.6,1.6500000000000004,969,0.0003520420619419643
S1C_W0.79_r10,0.79,rearranged,1.6500000000000004,1.7000000000000002,809,0.00029391334170386906
S1C_W0.79_r10,0.79,rearranged,1.7000000000000002,1.75,807,0.00029318673270089287
S1C_W0.79_r10,0.79,rearranged,1.75,1.8000000000000003,669,0.00024305071149553572
S1C_W0.79_r10,0.79,rearranged,1.8000000000000003,1.85,653,0.0002372378394717262
S1C_W0.79_r10,0.79,rearranged,1.85,1.9000000000000004,497,0.00018056233723958334
S1C_W0.79_r10,0.79,rearranged,1.9000000000000004,1.9500000000000002,399,0.00014495849609375
S1C_W0.79_r10,0.79,rearranged,1.9500000000000002,2.0,227,8.247012183779762e-05
S1C_W0.79_r11,0.79,original,-2.0,-1.95,120176,0.043660481770833336
S1C_W0.79_r11,0.79,original,-1.95,-1.9,199547,0.07249632335844494
S1C_W0.79_r11,0.79,original,-1.9,-1.85,228028,0.08284359886532738
S1C_W0.79_r11,0.79,original,-1.85,-1.8,223589,0.08123089018322173
S1C_W0.79_r11,0.79,original,-1.8,-1.75,196646,0.07144237699962798
S1C_W0.79_r11,0.79,original,-1.75,-1.7,162882,0.05917576381138393
S1C_W0.79_r11,0.79,original,-1.7,-1.65,134234,0.04876781645275298
S1C_W0.79_r11,0.79,original,-1.65,-1.6,114013,0.0414214361281622
S1C_W0.79_r11,0.79,original,-1.6,-1.55,99826,0.036267235165550596
S1C_W0.79_r11,0.79,original,-1.55,-1.5,89330,0.03245399111793155
S1C_W0.79_r11,0.79,original,-1.5,-1.45,80564,0.029269263857886904
S1C_W0.79_r11,0.79,original,-1.45,-1.4,72795,0.026446751185825894
S1C_W0.79_r11,0.79,original,-1.4,-1.35,66949,0.02432287307012649
S1C_W0.79_r11,0.79,original,-1.35,-1.2999999999999998,61598,0.022378830682663692
S1C_W0.79_r11,0.79,original,-1.2999999999999998,-1.25,57253,0.020800272623697918
S1C_W0.79_r11,0.79,original,-1.25,-1.2,53080,0.019284202938988096
S1C_W0.79_r11,0.79,original,-1.2,-1.15,49338,0.017924717494419644
S1C_W0.79_r11,0.79,original,-1.15,-1.1,46254,0.016804286411830356
S1C_W0.79_r11,0.79,original,-1.1,-1.0499999999999998,43003,0.01562318347749256
S1C_W0.79_r11,0.79,original,-1.0499999999999998,-1.0,40116,0.014574323381696428
S1C_W0.79_r11,0.79,original,-1.0,-0.95,37733,0.013708568754650298
S1C_W0.79_r11,0.79,original,-0.95,-0.8999999999999999,35574,0.0129241943359375
S1C_W0.79_r11,0.79,original,-0.8999999999999999,-0.8499999999999999,33282,0.012091500418526786
S1C_W0.79_r11,0.79,original,-0.8499999999999999,-0.7999999999999998,31275,0.011362348284040178
S1C_W0.79_r11,0.79,original,-0.7999999999999998,-0.75,29461,0.010703313918340774
S1C_W0.79_r11,0.79,original,-0.75,-0.7,27700,0.010063534691220238
S1C_W0.79_r11,0.79,original,-0.7,-0.6499999999999999,26148,0.009499686104910714
S1C_W0.79_r11,0.79,original,-0.6499999999999999,-0.5999999999999999,24862,0.009032476515997024
S1C_W0.79_r11,0.79,original,-0.5999999999999999,-0.5499999999999998,23414,0.008506411597842262
S1C_W0.79_r11,0.79,original,-0.5499999999999998,-0.5,22079,0.008021400088355654
S1C_W0.79_r11,0.79,original,-0.5,-0.44999999999999996,20907,0.007595607212611607
S1C_W0.79_r11,0.79,original,-0.44999999999999996,-0.3999999999999999,19565,0.007108052571614583
S1C_W0.79_r11,0.79,original,-0.3999999999999999,-0.34999999999999987,18654,0.006777082170758929
S1C_W0.79_r11,0.79,original,-0.34999999999999987,-0.2999999999999998,17640,0.00640869140625
S1C_W0.79_r11,0.79,original,-0.2999999999999998,-0.25,16513,0.005999247233072917
S1C_W0.79_r11,0.79,original,-0.25,-0.19999999999999996,15660,0.005689348493303571
S1C_W0.79_r11,0.79,original,-0.19999999999999996,-0.1499999999999999,14763,0.00536346435546875
S1C_W0.79_r11,0.79,original,-0.1499999999999999,-0.09999999999999987,14182,0.005152384440104167
S1C_W0.79_r11,0.79,original,-0.09999999999999987,-0.04999999999999982,13470,0.004893711635044643
S1C_W0.79_r11,0.79,original,-0.04999999999999982,0.0,12844,0.004666283017113095
S1C_W0.79_r11,0.79,original,0.0,0.050000000000000266,11935,0.004336039225260417
S1C_W0.79_r11,0.79,original,0.050000000000000266,0.10000000000000009,10811,0.003927684965587798
S1C_W0.79_r11,0.79,original,0.10000000000000009,0.1499999999999999,10040,0.003647577194940476
S1C_W0.79_r11,0.79,original,0.1499999999999999,0.20000000000000018,9458,0.003436133975074405
S1C_W0.79_r11,0.79,original,0.20000000000000018,0.25,8747,0.003177824474516369
S1C_W0.79_r11,0.79,original,0.25,0.30000000000000027,8152,0.0029616582961309525
S1C_W0.79_r11,0.79,original,0.30000000000000027,0.3500000000000001,7696,0.002795991443452381
S1C_W0.79_r11,0.79,original,0.3500000000000001,0.40000000000000036,7096,0.002578008742559524
S1C_W0.79_r11,0.79,original,0.40000000000000036,0.4500000000000002,6622,0.0024058024088541665
S1C_W0.79_r11,0.79,original,0.4500000000000002,0.5,6134,0.002228509812127976
S1C_W0.79_r11,0.79,original,0.5,0.5500000000000003,5888,0.002139136904761905
S1C_W0.79_r11,0.79,original,0.5500000000000003,0.6000000000000001,5409,0.001965114048549107
S1C_W0.79_r11,0.79,original,0.6000000000000001,0.6500000000000004,4992,0.0018136160714285715
S1C_W0.79_r11,0.79,original,0.6500000000000004,0.7000000000000002,4639,0.0016853695824032738
S1C_W0.79_r11,0.79,original,0.7000000000000002,0.75,4299,0.0015618460518973215
S1C_W0.79_r11,0.79,original,0.75,0.8000000000000003,4176,0.0015171595982142857
S1C_W0.79_r11,0.79,original,0.8000000000000003,0.8500000000000001,3927,0.00142669677734375
S1C_W0.79_r11,0.79,original,0.8500000000000001,0.9000000000000004,3496,0.001270112537202381
S1C_W0.79_r11,0.79,original,0.9000000000000004,0.9500000000000002,3290,0.0011952718098958333
S1C_W0.79_r11,0.79,original,0.9500000000000002,1.0,3099,0.0011258806501116072
S1C_W0.79_r11,0.79,original,1.0,1.0500000000000003,2814,0.0010223388671875
S1C_W0.79_r11,0.79,original,1.0500000000000003,1.1,2544,0.0009242466517857143
S1C_W0.79_r11,0.79,original,1.1,1.1500000000000004,2419,0.0008788335890997024
S1C_W0.79_r11,0.79,original,1.1500000000000004,1.2000000000000002,2239,0.0008134387788318452
S1C_W0.79_r11,0.79,original,1.2000000000000002,1.25,2041,0.0007415044875372024
S1C_W0.79_r11,0.79,original,1.25,1.3000000000000003,1889,0.0006862822033110119
S1C_W0.79_r11,0.79,original,1.3000000000000003,1.35,1680,0.0006103515625
S1C_W0.79_r11,0.79,original,1.35,1.4000000000000004,1574,0.0005718412853422619
S1C_W0.79_r11,0.79,original,1.4000000000000004,1.4500000000000002,1420,0.0005158923921130952
S1C_W0.79_r11,0.79,original,1.4500000000000002,1.5,1351,0.0004908243815104166
S1C_W0.79_r11,0.79,original,1.5,1.5500000000000003,1225,0.0004450480143229167
S1C_W0.79_r11,0.79,original,1.5500000000000003,1.6,1141,0.0004145304361979167
S1C_W0.79_r11,0.79,original,1.6,1.6500000000000004,1046,0.0003800165085565476
S1C_W0.79_r11,0.79,original,1.6500000000000004,1.7000000000000002,879,0.0003193446568080357
S1C_W0.79_r11,0.79,original,1.7000000000000002,1.75,801,0.0002910069056919643
S1C_W0.79_r11,0.79,original,1.75,1.8000000000000003,721,0.0002619425455729167
S1C_W0.79_r11,0.79,original,1.8000000000000003,1.85,649,0.0002357846214657738
S1C_W0.79_r11,0.79,original,1.85,1.9000000000000004,551,0.00020018078031994047
S1C_W0.79_r11,0.79,original,1.9000000000000004,1.9500000000000002,432,0.00015694754464285715
S1C_W0.79_r11,0.79,original,1.9500000000000002,2.0,243,8.828299386160714e-05
S1C_W0.79_r11,0.79,rearranged,-2.0,-1.95,119760,0.04350934709821429
S1C_W0.79_r11,0.79,rearranged,-1.95,-1.9,199754,0.07257152739025298
S1C_W0.79_r11,0.79,rearranged,-1.9,-1.85,226977,0.08246176583426339
S1C_W0.79_r11,0.79,rearranged,-1.85,-1.8,222734,0.0809202648344494
S1C_W0.79_r11,0.79,rearranged,-1.8,-1.75,196215,0.07128579275948661
S1C_W0.79_r11,0.79,rearranged,-1.75,-1.7,162076,0.05888294038318452
S1C_W0.79_r11,0.79,rearranged,-1.7,-1.65,135195,0.04911695207868304
S1C_W0.79_r11,0.79,rearranged,-1.65,-1.6,114217,0.04149555024646577
S1C_W0.79_r11,0.79,rearranged,-1.6,-1.55,99993,0.036327907017299106
S1C_W0.79_r11,0.79,rearranged,-1.55,-1.5,89350,0.03246125720796131
S1C_W0.79_r11,0.79,rearranged,-1.5,-1.45,80763,0.029341561453683034
S1C_W0.79_r11,0.79,rearranged,-1.45,-1.4,73309,0.026633489699590774
S1C_W0.79_r11,0.79,rearranged,-1.4,-1.35,66915,0.024310520717075894
S1C_W0.79_r11,0.79,rearranged,-1.35,-1.2999999999999998,62152,0.022580101376488096
S1C_W0.79_r11,0.79,rearranged,-1.2999999999999998,-1.25,56904,0.020673479352678572
S1C_W0.79_r11,0.79,rearranged,-1.25,-1.2,53313,0.019368852887834822
S1C_W0.79_r11,0.79,rearranged,-1.2,-1.15,49544,0.017999558221726192
S1C_W0.79_r11,0.79,rearranged,-1.15,-1.1,46056,0.016732352120535716
S1C_W0.79_r11,0.79,rearranged,-1.1,-1.0499999999999998,43346,0.015747796921502976
S1C_W0.79_r11,0.79,rearranged,-1.0499999999999998,-1.0,40184,0.01459902808779762
S1C_W0.79_r11,0.79,rearranged,-1.0,-0.95,37885,0.013763791038876488
S1C_W0.79_r11,0.79,rearranged,-0.95,-0.8999999999999999,36019,0.013085864839099702
S1C_W0.79_r11,0.79,rearranged,-0.8999999999999999,-0.8499999999999999,33407,0.012136913481212798
S1C_W0.79_r11,0.79,rearranged,-0.8499999999999999,-0.7999999999999998,31610,0.01148405529203869
S1C_W0.79_r11,0.79,rearranged,-0.7999999999999998,-0.75,29599,0.01075344993954613
S1C_W0.79_r11,0.79,rearranged,-0.75,-0.7,27829,0.010110400971912202
S1C_W0.79_r11,0.79,rearranged,-0.7,-0.6499999999999999,26364,0.009578159877232142
S1C_W0.79_r11,0.79,rearranged,-0.6499999999999999,-0.5999999999999999,24747,0.008990696498325892
S1C_W0.79_r11,0.79,rearranged,-0.5999999999999999,-0.5499999999999998,23212,0.008433024088541666
S1C_W0.79_r11,0.79,rearranged,-0.5499999999999998,-0.5,21755,0.007903689429873512
S1C_W0.79_r11,0.79,rearranged,-0.5,-0.44999999999999996,20745,0.007536751883370536
S1C_W0.79_r11,0.79,rearranged,-0.44999999999999996,-0.3999999999999999,19455,0.007068089076450893
S1C_W0.79_r11,0.79,rearranged,-0.3999999999999999,-0.34999999999999987,18344,0.006664457775297619
S1C_W0.79_r11,0.79,rearranged,-0.34999999999999987,-0.2999999999999998,17536,0.006370907738095238
S1C_W0.79_r11,0.79,rearranged,-0.2999999999999998,-0.25,16469,0.00598326183500744
S1C_W0.79_r11,0.79,rearranged,-0.25,-0.19999999999999996,15605,0.005669366745721726
S1C_W0.79_r11,0.79,rearranged,-0.19999999999999996,-0.1499999999999999,14653,0.00532350086030506
S1C_W0.79_r11,0.79,rearranged,-0.1499999999999999,-0.09999999999999987,14006,0.005088442847842262
S1C_W0.79_r11,0.79,rearranged,-0.09999999999999987,-0.04999999999999982,13392,0.004865373883928571
S1C_W0.79_r11,0.79,rearranged,-0.04999999999999982,0.0,12793,0.004647754487537202
S1C_W0.79_r11,0.79,rearranged,0.0,0.050000000000000266,11780,0.004279727027529762
S1C_W0.79_r11,0.79,rearranged,0.050000000000000266,0.10000000000000009,10755,0.003907339913504464
S1C_W0.79_r11,0.79,rearranged,0.10000000000000009,0.1499999999999999,10244,0.0037216913132440475
S1C_W0.79_r11,0.79,rearranged,0.1499999999999999,0.20000000000000018,9353,0.003397987002418155
S1C_W0.79_r11,0.79,rearranged,0.20000000000000018,0.25,8665,0.003148033505394345
S1C_W0.79_r11,0.79,rearranged,0.25,0.30000000000000027,8107,0.002945309593563988
S1C_W0.79_r11,0.79,rearranged,0.30000000000000027,0.3500000000000001,7494,0.0027226039341517855
S1C_W0.79_r11,0.79,rearranged,0.3500000000000001,0.40000000000000036,7114,0.0025845482235863095
S1C_W0.79_r11,0.79,rearranged,0.40000000000000036,0.4500000000000002,6525,0.0023705618722098215
S1C_W0.79_r11,0.79,rearranged,0.4500000000000002,0.5,6195,0.00225067138671875
S1C_W0.79_r11,0.79,rearranged,0.5,0.5500000000000003,5693,0.002068292526971726
S1C_W0.79_r11,0.79,rearranged,0.5500000000000003,0.6000000000000001,5328,0.0019356863839285715
S1C_W0.79_r11,0.79,rearranged,0.6000000000000001,0.6500000000000004,4992,0.0018136160714285715
S1C_W0.79_r11,0.79,rearranged,0.6500000000000004,0.7000000000000002,4675,0.0016984485444568452
S1C_W0.79_r11,0.79,rearranged,0.7000000000000002,0.75,4362,0.0015847342354910715
S1C_W0.79_r11,0.79,rearranged,0.75,0.8000000000000003,4123,0.0014979044596354167
S1C_W0.79_r11,0.79,rearranged,0.8000000000000003,0.8500000000000001,3795,0.0013787405831473215
S1C_W0.79_r11,0.79,rearranged,0.8500000000000001,0.9000000000000004,3536,0.0012846447172619048
S1C_W0.79_r11,0.79,rearranged,0.9000000000000004,0.9500000000000002,3305,0.0012007213774181548
S1C_W0.79_r11,0.79,rearranged,0.9500000000000002,1.0,3105,0.0011280604771205357
S1C_W0.79_r11,0.79,rearranged,1.0,1.0500000000000003,2850,0.0010354178292410715
S1C_W0.79_r11,0.79,rearranged,1.0500000000000003,1.1,2659,0.0009660266694568452
S1C_W0.79_r11,0.79,rearranged,1.1,1.1500000000000004,2383,0.000865754627046131
S1C_W0.79_r11,0.79,rearranged,1.1500000000000004,1.2000000000000002,2262,0.0008217947823660714
S1C_W0.79_r11,0.79,rearranged,1.2000000000000002,1.25,2120,0.0007702055431547619
S1C_W0.79_r11,0.79,rearranged,1.25,1.3000000000000003,2056,0.0007469540550595238
S1C_W0.79_r11,0.79,rearranged,1.3000000000000003,1.35,1786,0.0006488618396577381
S1C_W0.79_r11,0.79,rearranged,1.35,1.4000000000000004,1676,0.0006088983444940476
S1C_W0.79_r11,0.79,rearranged,1.4000000000000004,1.4500000000000002,1578,0.0005732945033482143
S1C_W0.79_r11,0.79,rearranged,1.4500000000000002,1.5,1460,0.000530424572172619
S1C_W0.79_r11,0.79,rearranged,1.5,1.5500000000000003,1287,0.00046757289341517856
S1C_W0.79_r11,0.79,rearranged,1.5500000000000003,1.6,1184,0.00043015252976190475
S1C_W0.79_r11,0.79,rearranged,1.6,1.6500000000000004,1075,0.0003905523390997024
S1C_W0.79_r11,0.79,rearranged,1.6500000000000004,1.7000000000000002,987,0.00035858154296875
S1C_W0.79_r11,0.79,rearranged,1.7000000000000002,1.75,865,0.0003142583937872024
S1C_W0.79_r11,0.79,rearranged,1.75,1.8000000000000003,808,0.00029355003720238094
S1C_W0.79_r11,0.79,rearranged,1.8000000000000003,1.85,744,0.00027029854910714287
S1C_W0.79_r11,0.79,rearranged,1.85,1.9000000000000004,623,0.00022633870442708334
S1C_W0.79_r11,0.79,rearranged,1.9000000000000004,1.9500000000000002,497,0.00018056233723958334
S1C_W0.79_r11,0.79,rearranged,1.9500000000000002,2.0,284,0.00010317847842261905
S1C_W0.79_r12,0.79,original,-2.0,-1.95,119548,0.04343232654389881
S1C_W0.79_r12,0.79,original,-1.95,-1.9,200134,0.07270958310081846
S1C_W0.79_r12,0.79,original,-1.9,-1.85,227298,0.08257838657924108
S1C_W0.79_r12,0.79,original,-1.85,-1.8,223785,0.08130209786551339
S1C_W0.79_r12,0.79,original,-1.8,-1.75,196234,0.07129269554501488
S1C_W0.79_r12,0.79,original,-1.75,-1.7,162470,0.059026082356770836
S1C_W0.79_r12,0.79,original,-1.7,-1.65,134520,0.04887172154017857
S1C_W0.79_r12,0.79,original,-1.65,-1.6,114265,0.0415129888625372
S1C_W0.79_r12,0.79,original,-1.6,-1.55,99699,0.036221095493861606
S1C_W0.79_r12,0.79,original,-1.55,-1.5,89170,0.03239586239769345
S1C_W0.79_r12,0.79,original,-1.5,-1.45,80410,0.02921331496465774
S1C_W0.79_r12,0.79,original,-1.45,-1.4,72723,0.02642059326171875
S1C_W0.79_r12,0.79,original,-1.4,-1.35,66878,0.024297078450520832
S1C_W0.79_r12,0.79,original,-1.35,-1.2999999999999998,62004,0.022526332310267856
S1C_W0.79_r12,0.79,original,-1.2999999999999998,-1.25,57160,0.020766485305059524
S1C_W0.79_r12,0.79,original,-1.25,-1.2,53220,0.019335065569196428
S1C_W0.79_r12,0.79,original,-1.2,-1.15,49316,0.017916724795386904
S1C_W0.79_r12,0.79,original,-1.15,-1.1,45662,0.016589210146949404
S1C_W0.79_r12,0.79,original,-1.1,-1.0499999999999998,42911,0.015589759463355654
S1C_W0.79_r12,0.79,original,-1.0499999999999998,-1.0,40535,0.01472654796781994
S1C_W0.79_r12,0.79,original,-1.0,-0.95,38377,0.01394253685360863
S1C_W0.79_r12,0.79,original,-0.95,-0.8999999999999999,35161,0.012774149576822916
S1C_W0.79_r12,0.79,original,-0.8999999999999999,-0.8499999999999999,33603,0.012208121163504464
S1C_W0.79_r12,0.79,original,-0.8499999999999999,-0.7999999999999998,31806,0.011555262974330358
S1C_W0.79_r12,0.79,original,-0.7999999999999998,-0.75,29469,0.010706220354352678
S1C_W0.79_r12,0.79,original,-0.75,-0.7,27798,0.010099138532366072
S1C_W0.79_r12,0.79,original,-0.7,-0.6499999999999999,25998,0.0094451904296875
S1C_W0.79_r12,0.79,original,-0.6499999999999999,-0.5999999999999999,24710,0.008977254231770834
S1C_W0.79_r12,0.79,original,-0.5999999999999999,-0.5499999999999998,23404,0.00850277855282738
S1C_W0.79_r12,0.79,original,-0.5499999999999998,-0.5,22105,0.008030846005394346
S1C_W0.79_r12,0.79,original,-0.5,-0.44999999999999996,20986,0.007624308268229167
S1C_W0.79_r12,0.79,original,-0.44999999999999996,-0.3999999999999999,19663,0.007143656412760417
S1C_W0.79_r12,0.79,original,-0.3999999999999999,-0.34999999999999987,18507,0.006723676409040179
S1C_W0.79_r12,0.79,original,-0.34999999999999987,-0.2999999999999998,17648,0.006411597842261905
S1C_W0.79_r12,0.79,original,-0.2999999999999998,-0.25,16600,0.006030854724702381
S1C_W0.79_r12,0.79,original,-0.25,-0.19999999999999996,15617,0.005673726399739583
S1C_W0.79_r12,0.79,original,-0.19999999999999996,-0.1499999999999999,14636,0.005317324683779762
S1C_W0.79_r12,0.79,original,-0.1499999999999999,-0.09999999999999987,14262,0.005181448800223214
S1C_W0.79_r12,0.79,original,-0.09999999999999987,-0.04999999999999982,13185,0.004790169852120536
S1C_W0.79_r12,0.79,original,-0.04999999999999982,0.0,12725,0.004623049781436012
S1C_W0.79_r12,0.79,original,0.0,0.050000000000000266,11625,0.004223414829799107
S1C_W0.79_r12,0.79,original,0.050000000000000266,0.10000000000000009,11083,0.00402650378999256
S1C_W0.79_r12,0.79,original,0.10000000000000009,0.1499999999999999,9953,0.003615969703311012
S1C_W0.79_r12,0.79,original,0.1499999999999999,0.20000000000000018,9361,0.0034008934384300595
S1C_W0.79_r12,0.79,original,0.20000000000000018,0.25,8836,0.0032101585751488095
S1C_W0.79_r12,0.79,original,0.25,0.30000000000000027,8161,0.002964928036644345
S1C_W0.79_r12,0.79,original,0.30000000000000027,0.3500000000000001,7820,0.002841041201636905
S1C_W0.79_r12,0.79,original,0.3500000000000001,0.40000000000000036,7116,0.0025852748325892855
S1C_W0.79_r12,0.79,original,0.40000000000000036,0.4500000000000002,6664,0.0024210611979166665
S1C_W0.79_r12,0.79,original,0.4500000000000002,0.5,6280,0.002281552269345238
S1C_W0.79_r12,0.79,original,0.5,0.5500000000000003,5787,0.002102443150111607
S1C_W0.79_r12,0.79,original,0.5500000000000003,0.6000000000000001,5481,0.00199127197265625
S1C_W0.79_r12,0.79,original,0.6000000000000001,0.6500000000000004,5029,0.001827058337983631
S1C_W0.79_r12,0.79,original,0.6500000000000004,0.7000000000000002,4592,0.0016682942708333333
S1C_W0.79_r12,0.79,original,0.7000000000000002,0.75,4348,0.001579647972470238
S1C_W0.79_r12,0.79,original,0.75,0.8000000000000003,4135,0.0015022641136532738
S1C_W0.79_r12,0.79,original,0.8000000000000003,0.8500000000000001,3884,0.001411074683779762
S1C_W0.79_r12,0.79,original,0.8500000000000001,0.9000000000000004,3580,0.001300630115327381
S1C_W0.79_r12,0.79,original,0.9000000000000004,0.9500000000000002,3201,0.0011629377092633928
S1C_W0.79_r12,0.79,original,0.9500000000000002,1.0,3092,0.0011233375186011905
S1C_W0.79_r12,0.79,original,1.0,1.0500000000000003,2816,0.0010230654761904762
S1C_W0.79_r12,0.79,original,1.0500000000000003,1.1,2653,0.0009638468424479166
S1C_W0.79_r12,0.79,original,1.1,1.1500000000000004,2374,0.0008624848865327381
S1C_W0.79_r12,0.79,original,1.1500000000000004,1.2000000000000002,2198,0.0007985432942708334
S1C_W0.79_r12,0.79,original,1.2000000000000002,1.25,2088,0.0007585797991071429
S1C_W0.79_r12,0.79,original,1.25,1.3000000000000003,1950,0.0007084437779017857
S1C_W0.79_r12,0.79,original,1.3000000000000003,1.35,1719,0.0006245204380580357
S1C_W0.79_r12,0.79,original,1.35,1.4000000000000004,1629,0.0005918230329241071
S1C_W0.79_r12,0.79,original,1.4000000000000004,1.4500000000000002,1419,0.0005155290876116071
S1C_W0.79_r12,0.79,original,1.4500000000000002,1.5,1355,0.000492277599516369
S1C_W0.79_r12,0.79,original,1.5,1.5500000000000003,1231,0.00044722784133184525
S1C_W0.79_r12,0.79,original,1.5500000000000003,1.6,1097,0.0003985450381324405
S1C_W0.79_r12,0.79,original,1.6,1.6500000000000004,1037,0.00037674676804315475
S1C_W0.79_r12,0.79,original,1.6500000000000004,1.7000000000000002,1003,0.0003643944149925595
S1C_W0.79_r12,0.79,original,1.7000000000000002,1.75,881,0.0003200712658110119
S1C_W0.79_r12,0.79,original,1.75,1.8000000000000003,783,0.00028446742466517856
S1C_W0.79_r12,0.79,original,1.8000000000000003,1.85,731,0.0002655755905877976
S1C_W0.79_r12,0.79,original,1.85,1.9000000000000004,615,0.00022343226841517856
S1C_W0.79_r12,0.79,original,1.9000000000000004,1.9500000000000002,456,0.00016566685267857144
S1C_W0.79_r12,0.79,original,1.9500000000000002,2.0,247,8.973621186755953e-05
S1C_W0.79_r12,0.79,rearranged,-2.0,-1.95,119699,0.04348718552362351
S1C_W0.79_r12,0.79,rearranged,-1.95,-1.9,199632,0.07252720424107142
S1C_W0.79_r12,0.79,rearranged,-1.9,-1.85,227348,0.08259655180431548
S1C_W0.79_r12,0.79,rearranged,-1.85,-1.8,223759,0.08129265194847471
S1C_W0.79_r12,0.79,rearranged,-1.8,-1.75,197218,0.07165018717447917
S1C_W0.79_r12,0.79,rearranged,-1.75,-1.7,163997,0.059580848330543154
S1C_W0.79_r12,0.79,rearranged,-1.7,-1.65,134664,0.048924037388392856
S1C_W0.79_r12,0.79,rearranged,-1.65,-1.6,114696,0.04166957310267857
S1C_W0.79_r12,0.79,rearranged,-1.6,-1.55,100116,0.036372593470982144
S1C_W0.79_r12,0.79,rearranged,-1.55,-1.5,89242,0.032422020321800596
S1C_W0.79_r12,0.79,rearranged,-1.5,-1.45,79555,0.028902689615885418
S1C_W0.79_r12,0.79,rearranged,-1.45,-1.4,72742,0.026427496047247024
S1C_W0.79_r12,0.79,rearranged,-1.4,-1.35,67123,0.024386088053385418
S1C_W0.79_r12,0.79,rearranged,-1.35,-1.2999999999999998,61655,0.02239953903924851
S1C_W0.79_r12,0.79,rearranged,-1.2999999999999998,-1.25,57031,0.020719619024367558
S1C_W0.79_r12,0.79,rearranged,-1.25,-1.2,52876,0.019210088820684524
S1C_W0.79_r12,0.79,rearranged,-1.2,-1.15,48767,0.017717270624069942
S1C_W0.79_r12,0.79,rearranged,-1.15,-1.1,45593,0.016564142136346726
S1C_W0.79_r12,0.79,rearranged,-1.1,-1.0499999999999998,43259,0.01571618942987351
S1C_W0.79_r12,0.79,rearranged,-1.0499999999999998,-1.0,40055,0.014552161807105654
S1C_W0.79_r12,0.79,rearranged,-1.0,-0.95,37712,0.013700939360119048
S1C_W0.79_r12,0.79,rearranged,-0.95,-0.8999999999999999,35284,0.012818836030505952
S1C_W0.79_r12,0.79,rearranged,-0.8999999999999999,-0.8499999999999999,33393,0.012131827218191964
S1C_W0.79_r12,0.79,rearranged,-0.8499999999999999,-0.7999999999999998,31317,0.011377607073102678
S1C_W0.79_r12,0.79,rearranged,-0.7999999999999998,-0.75,29320,0.010652087983630952
S1C_W0.79_r12,0.79,rearranged,-0.75,-0.7,27940,0.01015072777157738
S1C_W0.79_r12,0.79,rearranged,-0.7,-0.6499999999999999,26213,0.00952330089750744
S1C_W0.79_r12,0.79,rearranged,-0.6499999999999999,-0.5999999999999999,24574,0.008927844819568452
S1C_W0.79_r12,0.79,rearranged,-0.5999999999999999,-0.5499999999999998,23301,0.008465358189174108
S1C_W0.79_r12,0.79,rearranged,-0.5499999999999998,-0.5,21910,0.007960001627604166
S1C_W0.79_r12,0.79,rearranged,-0.5,-0.44999999999999996,20585,0.00747862316313244
S1C_W0.79_r12,0.79,rearranged,-0.44999999999999996,-0.3999999999999999,19582,0.007114228748139881
S1C_W0.79_r12,0.79,rearranged,-0.3999999999999999,-0.34999999999999987,18512,0.006725492931547619
S1C_W0.79_r12,0.79,rearranged,-0.34999999999999987,-0.2999999999999998,17677,0.00642213367280506
S1C_W0.79_r12,0.79,rearranged,-0.2999999999999998,-0.25,16604,0.006032307942708333
S1C_W0.79_r12,0.79,rearranged,-0.25,-0.19999999999999996,15776,0.00573149181547619
S1C_W0.79_r12,0.79,rearranged,-0.19999999999999996,-0.1499999999999999,14876,0.005404517764136905
S1C_W0.79_r12,0.79,rearranged,-0.1499999999999999,-0.09999999999999987,14205,0.005160740443638393
S1C_W0.79_r12,0.79,rearranged,-0.09999999999999987,-0.04999999999999982,13187,0.004790896461123512
S1C_W0.79_r12,0.79,rearranged,-0.04999999999999982,0.0,12848,0.004667736235119048
S1C_W0.79_r12,0.79,rearranged,0.0,0.050000000000000266,11872,0.004313151041666667
S1C_W0.79_r12,0.79,rearranged,0.050000000000000266,0.10000000000000009,10951,0.003978547595796131
S1C_W0.79_r12,0.79,rearranged,0.10000000000000009,0.1499999999999999,10289,0.003738040015811012
S1C_W0.79_r12,0.79,rearranged,0.1499999999999999,0.20000000000000018,9627,0.003497532435825893
S1C_W0.79_r12,0.79,rearranged,0.20000000000000018,0.25,8811,0.003201075962611607
S1C_W0.79_r12,0.79,rearranged,0.25,0.30000000000000027,8200,0.002979096912202381
S1C_W0.79_r12,0.79,rearranged,0.30000000000000027,0.3500000000000001,7755,0.0028174264090401785
S1C_W0.79_r12,0.79,rearranged,0.3500000000000001,0.40000000000000036,7251,0.0026343209402901785
S1C_W0.79_r12,0.79,rearranged,0.40000000000000036,0.4500000000000002,6785,0.002465021042596726
S1C_W0.79_r12,0.79,rearranged,0.4500000000000002,0.5,6361,0.002310979933965774
S1C_W0.79_r12,0.79,rearranged,0.5,0.5500000000000003,5987,0.002175104050409226
S1C_W0.79_r12,0.79,rearranged,0.5500000000000003,0.6000000000000001,5477,0.0019898187546502975
S1C_W0.79_r12,0.79,rearranged,0.6000000000000001,0.6500000000000004,5040,0.0018310546875
S1C_W0.79_r12,0.79,rearranged,0.6500000000000004,0.7000000000000002,4836,0.0017569405691964285
S1C_W0.79_r12,0.79,rearranged,0.7000000000000002,0.75,4367,0.001586550757998512
S1C_W0.79_r12,0.79,rearranged,0.75,0.8000000000000003,4129,0.0015000842866443452
S1C_W0.79_r12,0.79,rearranged,0.8000000000000003,0.8500000000000001,3920,0.0014241536458333333
S1C_W0.79_r12,0.79,rearranged,0.8500000000000001,0.9000000000000004,3730,0.0013551257905505952
S1C_W0.79_r12,0.79,rearranged,0.9000000000000004,0.9500000000000002,3356,0.0012192499069940475
S1C_W0.79_r12,0.79,rearranged,0.9500000000000002,1.0,3096,0.0011247907366071428
S1C_W0.79_r12,0.79,rearranged,1.0,1.0500000000000003,2796,0.0010157993861607143
S1C_W0.79_r12,0.79,rearranged,1.0500000000000003,1.1,2687,0.0009761991954985119
S1C_W0.79_r12,0.79,rearranged,1.1,1.1500000000000004,2447,0.000889006115141369
S1C_W0.79_r12,0.79,rearranged,1.1500000000000004,1.2000000000000002,2171,0.0007887340727306548
S1C_W0.79_r12,0.79,rearranged,1.2000000000000002,1.25,2106,0.0007651192801339286
S1C_W0.79_r12,0.79,rearranged,1.25,1.3000000000000003,1949,0.0007080804734002976
S1C_W0.79_r12,0.79,rearranged,1.3000000000000003,1.35,1714,0.0006227039155505952
S1C_W0.79_r12,0.79,rearranged,1.35,1.4000000000000004,1589,0.0005772908528645834
S1C_W0.79_r12,0.79,rearranged,1.4000000000000004,1.4500000000000002,1420,0.0005158923921130952
S1C_W0.79_r12,0.79,rearranged,1.4500000000000002,1.5,1215,0.0004414149693080357
S1C_W0.79_r12,0.79,rearranged,1.5,1.5500000000000003,1160,0.0004214332217261905
S1C_W0.79_r12,0.79,rearranged,1.5500000000000003,1.6,1068,0.0003880092075892857
S1C_W0.79_r12,0.79,rearranged,1.6,1.6500000000000004,886,0.0003218877883184524
S1C_W0.79_r12,0.79,rearranged,1.6500000000000004,1.7000000000000002,798,0.0002899169921875
S1C_W0.79_r12,0.79,rearranged,1.7000000000000002,1.75,700,0.0002543131510416667
S1C_W0.79_r12,0.79,rearranged,1.75,1.8000000000000003,665,0.00024159749348958334
S1C_W0.79_r12,0.79,rearranged,1.8000000000000003,1.85,537,0.00019509451729910715
S1C_W0.79_r12,0.79,rearranged,1.85,1.9000000000000004,438,0.00015912737165178572
S1C_W0.79_r12,0.79,rearranged,1.9000000000000004,1.9500000000000002,337,0.0001224336170014881
S1C_W0.79_r12,0.79,rearranged,1.9500000000000002,2.0,146,5.3042457217261906e-05
S1C_W0.79_r13,0.79,original,-2.0,-1.95,119473,0.0434050787062872
S1C_W0.79_r13,0.79,original,-1.95,-1.9,199824,0.07259695870535714
S1C_W0.79_r13,0.79,original,-1.9,-1.85,228120,0.08287702287946429
S1C_W0.79_r13,0.79,original,-1.85,-1.8,223488,0.08119419642857142
S1C_W0.79_r13,0.79,original,-1.8,-1.75,196476,0.071380615234375
S1C_W0.79_r13,0.79,original,-1.75,-1.7,163110,0.05925859723772321
S1C_W0.79_r13,0.79,original,-1.7,-1.65,134358,0.0488128662109375
S1C_W0.79_r13,0.79,original,-1.65,-1.6,114201,0.04148973737444196
S1C_W0.79_r13,0.79,original,-1.6,-1.55,100007,0.03633299328031994
S1C_W0.79_r13,0.79,original,-1.55,-1.5,89125,0.03237951369512649
S1C_W0.79_r13,0.79,original,-1.5,-1.45,80771,0.029344467889694942
S1C_W0.79_r13,0.79,original,-1.45,-1.4,73084,0.026551746186755952
S1C_W0.79_r13,0.79,original,-1.4,-1.35,67217,0.024420238676525298
S1C_W0.79_r13,0.79,original,-1.35,-1.2999999999999998,62083,0.022555033365885418
S1C_W0.79_r13,0.79,original,-1.2999999999999998,-1.25,57104,0.020746140252976192
S1C_W0.79_r13,0.79,original,-1.25,-1.2,53067,0.01927947998046875
S1C_W0.79_r13,0.79,original,-1.2,-1.15,49160,0.01786004929315476
S1C_W0.79_r13,0.79,original,-1.15,-1.1,46211,0.01678866431826637
S1C_W0.79_r13,0.79,original,-1.1,-1.0499999999999998,42869,0.015574500674293154
S1C_W0.79_r13,0.79,original,-1.0499999999999998,-1.0,39857,0.014480227515811012
S1C_W0.79_r13,0.79,original,-1.0,-0.95,37706,0.01369875953311012
S1C_W0.79_r13,0.79,original,-0.95,-0.8999999999999999,35216,0.012794131324404762
S1C_W0.79_r13,0.79,original,-0.8999999999999999,-0.8499999999999999,32994,0.011986868722098214
S1C_W0.79_r13,0.79,original,-0.8499999999999999,-0.7999999999999998,30910,0.011229742140997024
S1C_W0.79_r13,0.79,original,-0.7999999999999998,-0.75,29580,0.010746547154017858
S1C_W0.79_r13,0.79,original,-0.75,-0.7,27772,0.01008969261532738
S1C_W0.79_r13,0.79,original,-0.7,-0.6499999999999999,26155,0.00950222923642113
S1C_W0.79_r13,0.79,original,-0.6499999999999999,-0.5999999999999999,24679,0.008965991792224702
S1C_W0.79_r13,0.79,original,-0.5999999999999999,-0.5499999999999998,23387,0.008496602376302084
S1C_W0.79_r13,0.79,original,-0.5499999999999998,-0.5,21673,0.007873898460751488
S1C_W0.79_r13,0.79,original,-0.5,-0.44999999999999996,20465,0.007435026622953869
S1C_W0.79_r13,0.79,original,-0.44999999999999996,-0.3999999999999999,19590,0.007117135184151786
S1C_W0.79_r13,0.79,original,-0.3999999999999999,-0.34999999999999987,18319,0.006655375162760417
S1C_W0.79_r13,0.79,original,-0.34999999999999987,-0.2999999999999998,17608,0.006397065662202381
S1C_W0.79_r13,0.79,original,-0.2999999999999998,-0.25,16686,0.006062098911830357
S1C_W0.79_r13,0.79,original,-0.25,-0.19999999999999996,15765,0.005727495465959821
S1C_W0.79_r13,0.79,original,-0.19999999999999996,-0.1499999999999999,14779,0.00536927722749256
S1C_W0.79_r13,0.79,original,-0.1499999999999999,-0.09999999999999987,13935,0.005062648228236607
S1C_W0.79_r13,0.79,original,-0.09999999999999987,-0.04999999999999982,13313,0.004836672828311012
S1C_W0.79_r13,0.79,original,-0.04999999999999982,0.0,12607,0.004580179850260417
S1C_W0.79_r13,0.79,original,0.0,0.050000000000000266,11662,0.004236857096354167
S1C_W0.79_r13,0.79,original,0.050000000000000266,0.10000000000000009,11086,0.004027593703497024
S1C_W0.79_r13,0.79,original,0.10000000000000009,0.1499999999999999,10460,0.003800165085565476
S1C_W0.79_r13,0.79,original,0.1499999999999999,0.20000000000000018,9604,0.0034891764322916665
S1C_W0.79_r13,0.79,original,0.20000000000000018,0.25,8965,0.003257024855840774
S1C_W0.79_r13,0.79,original,0.25,0.30000000000000027,8295,0.00301361083984375
S1C_W0.79_r13,0.79,original,0.30000000000000027,0.3500000000000001,7736,0.002810523623511905
S1C_W0.79_r13,0.79,original,0.3500000000000001,0.40000000000000036,7237,0.002629234677269345
S1C_W0.79_r13,0.79,original,0.40000000000000036,0.4500000000000002,6705,0.0024359566824776785
S1C_W0.79_r13,0.79,original,0.4500000000000002,0.5,6241,0.0022673833937872025
S1C_W0.79_r13,0.79,original,0.5,0.5500000000000003,5927,0.0021533057803199405
S1C_W0.79_r13,0.79,original,0.5500000000000003,0.6000000000000001,5526,0.0020076206752232145
S1C_W0.79_r13,0.79,original,0.6000000000000001,0.6500000000000004,5084,0.0018470400855654762
S1C_W0.79_r13,0.79,original,0.6500000000000004,0.7000000000000002,4757,0.001728239513578869
S1C_W0.79_r13,0.79,original,0.7000000000000002,0.75,4332,0.0015738351004464285
S1C_W0.79_r13,0.79,original,0.75,0.8000000000000003,4209,0.0015291486467633928
S1C_W0.79_r13,0.79,original,0.8000000000000003,0.8500000000000001,3769,0.001369294666108631
S1C_W0.79_r13,0.79,original,0.8500000000000001,0.9000000000000004,3693,0.0013416835239955357
S1C_W0.79_r13,0.79,original,0.9000000000000004,0.9500000000000002,3375,0.0012261526925223215
S1C_W0.79_r13,0.79,original,0.9500000000000002,1.0,3083,0.0011200677780877975
S1C_W0.79_r13,0.79,original,1.0,1.0500000000000003,2844,0.0010332380022321428
S1C_W0.79_r13,0.79,original,1.0500000000000003,1.1,2697,0.0009798322405133928
S1C_W0.79_r13,0.79,original,1.1,1.1500000000000004,2429,0.0008824666341145834
S1C_W0.79_r13,0.79,original,1.1500000000000004,1.2000000000000002,2241,0.0008141653878348214
S1C_W0.79_r13,0.79,original,1.2000000000000002,1.25,2105,0.0007647559756324405
S1C_W0.79_r13,0.79,original,1.25,1.3000000000000003,1913,0.0006950015113467262
S1C_W0.79_r13,0.79,original,1.3000000000000003,1.35,1789,0.0006499517531622024
S1C_W0.79_r13,0.79,original,1.35,1.4000000000000004,1592,0.0005783807663690476
S1C_W0.79_r13,0.79,original,1.4000000000000004,1.4500000000000002,1498,0.0005442301432291666
S1C_W0.79_r13,0.79,original,1.4500000000000002,1.5,1358,0.0004933675130208334
S1C_W0.79_r13,0.79,original,1.5,1.5500000000000003,1172,0.0004257928757440476
S1C_W0.79_r13,0.79,original,1.5500000000000003,1.6,1139,0.0004138038271949405
S1C_W0.79_r13,0.79,original,1.6,1.6500000000000004,960,0.00034877232142857144
S1C_W0.79_r13,0.79,original,1.6500000000000004,1.7000000000000002,860,0.0003124418712797619
S1C_W0.79_r13,0.79,original,1.7000000000000002,1.75,835,0.0003033592587425595
S1C_W0.79_r13,0.79,original,1.75,1.8000000000000003,774,0.0002811976841517857
S1C_W0.79_r13,0.79,original,1.8000000000000003,1.85,644,0.00023396809895833334
S1C_W0.79_r13,0.79,original,1.85,1.9000000000000004,518,0.00018819173177083334
S1C_W0.79_r13,0.79,original,1.9000000000000004,1.9500000000000002,437,0.00015876406715029762
S1C_W0.79_r13,0.79,original,1.9500000000000002,2.0,217,7.883707682291667e-05
S1C_W0.79_r13,0.79,rearranged,-2.0,-1.95,119735,0.043500264485677086
S1C_W0.79_r13,0.79,rearranged,-1.95,-1.9,199452,0.07246180943080358
S1C_W0.79_r13,0.79,rearranged,-1.9,-1.85,227382,0.08260890415736608
S1C_W0.79_r13,0.79,rearranged,-1.85,-1.8,223723,0.08127957298642113
S1C_W0.79_r13,0.79,rearranged,-1.8,-1.75,195969,0.07119641985212054
S1C_W0.79_r13,0.79,rearranged,-1.75,-1.7,162273,0.05895451136997768
S1C_W0.79_r13,0.79,rearranged,-1.7,-1.65,133540,0.04851568312872024
S1C_W0.79_r13,0.79,rearranged,-1.65,-1.6,113434,0.041211082821800596
S1C_W0.79_r13,0.79,rearranged,-1.6,-1.55,100141,0.036381676083519346
S1C_W0.79_r13,0.79,rearranged,-1.55,-1.5,88893,0.03229522705078125
S1C_W0.79_r13,0.79,rearranged,-1.5,-1.45,80122,0.029108683268229168
S1C_W0.79_r13,0.79,rearranged,-1.45,-1.4,73160,0.026579357328869048
S1C_W0.79_r13,0.79,rearranged,-1.4,-1.35,66798,0.024268014090401784
S1C_W0.79_r13,0.79,rearranged,-1.35,-1.2999999999999998,61699,0.02241552443731399
S1C_W0.79_r13,0.79,rearranged,-1.2999999999999998,-1.25,57006,0.020710536411830356
S1C_W0.79_r13,0.79,rearranged,-1.25,-1.2,52651,0.019128345307849702
S1C_W0.79_r13,0.79,rearranged,-1.2,-1.15,49400,0.017947242373511904
S1C_W0.79_r13,0.79,rearranged,-1.15,-1.1,45712,0.016607375372023808
S1C_W0.79_r13,0.79,rearranged,-1.1,-1.0499999999999998,43266,0.015718732561383928
S1C_W0.79_r13,0.79,rearranged,-1.0499999999999998,-1.0,40316,0.014646984281994048
S1C_W0.79_r13,0.79,rearranged,-1.0,-0.95,37859,0.013754345121837798
S1C_W0.79_r13,0.79,rearranged,-0.95,-0.8999999999999999,35200,0.012788318452380952
S1C_W0.79_r13,0.79,rearranged,-0.8999999999999999,-0.8499999999999999,33152,0.012044270833333334
S1C_W0.79_r13,0.79,rearranged,-0.8499999999999999,-0.7999999999999998,31365,0.011395045689174108
S1C_W0.79_r13,0.79,rearranged,-0.7999999999999998,-0.75,29673,0.01078033447265625
S1C_W0.79_r13,0.79,rearranged,-0.75,-0.7,28004,0.01017397925967262
S1C_W0.79_r13,0.79,rearranged,-0.7,-0.6499999999999999,26417,0.009597415015811012
S1C_W0.79_r13,0.79,rearranged,-0.6499999999999999,-0.5999999999999999,24856,0.009030296688988096
S1C_W0.79_r13,0.79,rearranged,-0.5999999999999999,-0.5499999999999998,23221,0.00843629382905506
S1C_W0.79_r13,0.79,rearranged,-0.5499999999999998,-0.5,22179,0.008057730538504464
S1C_W0.79_r13,0.79,rearranged,-0.5,-0.44999999999999996,21075,0.007656642368861607
S1C_W0.79_r13,0.79,rearranged,-0.44999999999999996,-0.3999999999999999,19850,0.00721159435453869
S1C_W0.79_r13,0.79,rearranged,-0.3999999999999999,-0.34999999999999987,18713,0.006798517136346726
S1C_W0.79_r13,0.79,rearranged,-0.34999999999999987,-0.2999999999999998,17845,0.00648316882905506
S1C_W0.79_r13,0.79,rearranged,-0.2999999999999998,-0.25,16810,0.006107148670014881
S1C_W0.79_r13,0.79,rearranged,-0.25,-0.19999999999999996,15616,0.005673363095238095
S1C_W0.79_r13,0.79,rearranged,-0.19999999999999996,-0.1499999999999999,15275,0.005549476260230655
S1C_W0.79_r13,0.79,rearranged,-0.1499999999999999,-0.09999999999999987,14103,0.005123683384486607
S1C_W0.79_r13,0.79,rearranged,-0.09999999999999987,-0.04999999999999982,13724,0.004985990978422619
S1C_W0.79_r13,0.79,rearranged,-0.04999999999999982,0.0,12850,0.004668462844122024
S1C_W0.79_r13,0.79,rearranged,0.0,0.050000000000000266,12014,0.004364740280877976
S1C_W0.79_r13,0.79,rearranged,0.050000000000000266,0.10000000000000009,11132,0.004044305710565476
S1C_W0.79_r13,0.79,rearranged,0.10000000000000009,0.1499999999999999,10394,0.003776186988467262
S1C_W0.79_r13,0.79,rearranged,0.1499999999999999,0.20000000000000018,9648,0.003505161830357143
S1C_W0.79_r13,0.79,rearranged,0.20000000000000018,0.25,9057,0.0032904488699776785
S1C_W0.79_r13,0.79,rearranged,0.25,0.30000000000000027,8360,0.003037225632440476
S1C_W0.79_r13,0.79,rearranged,0.30000000000000027,0.3500000000000001,7905,0.002871922084263393
S1C_W0.79_r13,0.79,rearranged,0.3500000000000001,0.40000000000000036,7283,0.0026459466843377975
S1C_W0.79_r13,0.79,rearranged,0.40000000000000036,0.4500000000000002,6816,0.002476283482142857
S1C_W0.79_r13,0.79,rearranged,0.4500000000000002,0.5,6256,0.002272832961309524
S1C_W0.79_r13,0.79,rearranged,0.5,0.5500000000000003,5919,0.0021503993443080355
S1C_W0.79_r13,0.79,rearranged,0.5500000000000003,0.6000000000000001,5502,0.0019989013671875
S1C_W0.79_r13,0.79,rearranged,0.6000000000000001,0.6500000000000004,5148,0.0018702915736607143
S1C_W0.79_r13,0.79,rearranged,0.6500000000000004,0.7000000000000002,4770,0.0017329624720982143
S1C_W0.79_r13,0.79,rearranged,0.7000000000000002,0.75,4524,0.0016435895647321428
S1C_W0.79_r13,0.79,rearranged,0.75,0.8000000000000003,4140,0.0015040806361607143
S1C_W0.79_r13,0.79,rearranged,0.8000000000000003,0.8500000000000001,3831,0.0013918195452008928
S1C_W0.79_r13,0.79,rearranged,0.8500000000000001,0.9000000000000004,3618,0.0013144356863839285
S1C_W0.79_r13,0.79,rearranged,0.9000000000000004,0.9500000000000002,3286,0.001193818591889881
S1C_W0.79_r13,0.79,rearranged,0.9500000000000002,1.0,3064,0.0011131649925595238
S1C_W0.79_r13,0.79,rearranged,1.0,1.0500000000000003,2773,0.001007443382626488
S1C_W0.79_r13,0.79,rearranged,1.0500000000000003,1.1,2665,0.0009682064964657738
S1C_W0.79_r13,0.79,rearranged,1.1,1.1500000000000004,2394,0.0008697509765625
S1C_W0.79_r13,0.79,rearranged,1.1500000000000004,1.2000000000000002,2210,0.0008029029482886905
S1C_W0.79_r13,0.79,rearranged,1.2000000000000002,1.25,2106,0.0007651192801339286
S1C_W0.79_r13,0.79,rearranged,1.25,1.3000000000000003,1828,0.0006641206287202381
S1C_W0.79_r13,0.79,rearranged,1.3000000000000003,1.35,1684,0.0006118047805059524
S1C_W0.79_r13,0.79,rearranged,1.35,1.4000000000000004,1626,0.0005907331194196429
S1C_W0.79_r13,0.79,rearranged,1.4000000000000004,1.4500000000000002,1432,0.0005202520461309524
S1C_W0.79_r13,0.79,rearranged,1.4500000000000002,1.5,1309,0.0004755655924479167
S1C_W0.79_r13,0.79,rearranged,1.5,1.5500000000000003,1256,0.0004563104538690476
S1C_W0.79_r13,0.79,rearranged,1.5500000000000003,1.6,1092,0.000396728515625
S1C_W0.79_r13,0.79,rearranged,1.6,1.6500000000000004,885,0.0003215244838169643
S1C_W0.79_r13,0.79,rearranged,1.6500000000000004,1.7000000000000002,874,0.00031752813430059525
S1C_W0.79_r13,0.79,rearranged,1.7000000000000002,1.75,734,0.0002666655040922619
S1C_W0.79_r13,0.79,rearranged,1.75,1.8000000000000003,687,0.00024959019252232144
S1C_W0.79_r13,0.79,rearranged,1.8000000000000003,1.85,642,0.00023324148995535715
S1C_W0.79_r13,0.79,rearranged,1.85,1.9000000000000004,560,0.00020345052083333334
S1C_W0.79_r13,0.79,rearranged,1.9000000000000004,1.9500000000000002,424,0.00015404110863095238
S1C_W0.79_r13,0.79,rearranged,1.9500000000000002,2.0,205,7.447742280505953e-05
S1C_W0.79_r14,0.79,original,-2.0,-1.95,120058,0.04361761183965774
S1C_W0.79_r14,0.79,original,-1.95,-1.9,201155,0.07308051699683779
S1C_W0.79_r14,0.79,original,-1.9,-1.85,228557,0.08303578694661458
S1C_W0.79_r14,0.79,original,-1.85,-1.8,224515,0.08156731015159971
S1C_W0.79_r14,0.79,original,-1.8,-1.75,196623,0.07143402099609375
S1C_W0.79_r14,0.79,original,-1.75,-1.7,162735,0.05912235804966518
S1C_W0.79_r14,0.79,original,-1.7,-1.65,134324,0.048800513857886904
S1C_W0.79_r14,0.79,original,-1.65,-1.6,114552,0.04161725725446429
S1C_W0.79_r14,0.79,original,-1.6,-1.55,99582,0.0361785888671875
S1C_W0.79_r14,0.79,original,-1.55,-1.5,88925,0.032306852794828866
S1C_W0.79_r14,0.79,original,-1.5,-1.45,80481,0.029239109584263394
S1C_W0.79_r14,0.79,original,-1.45,-1.4,73142,0.02657281784784226
S1C_W0.79_r14,0.79,original,-1.4,-1.35,66917,0.02431124732607887
S1C_W0.79_r14,0.79,original,-1.35,-1.2999999999999998,61231,0.022245497930617558
S1C_W0.79_r14,0.79,original,-1.2999999999999998,-1.25,57115,0.020750136602492558
S1C_W0.79_r14,0.79,original,-1.25,-1.2,52971,0.019244602748325894
S1C_W0.79_r14,0.79,original,-1.2,-1.15,49154,0.017857869466145832
S1C_W0.79_r14,0.79,original,-1.15,-1.1,45747,0.016620091029575894
S1C_W0.79_r14,0.79,original,-1.1,-1.0499999999999998,42955,0.01560574486142113
S1C_W0.79_r14,0.79,original,-1.0499999999999998,-1.0,40283,0.01463499523344494
S1C_W0.79_r14,0.79,original,-1.0,-0.95,37657,0.013680957612537202
S1C_W0.79_r14,0.79,original,-0.95,-0.8999999999999999,35124,0.012760707310267858
S1C_W0.79_r14,0.79,original,-0.8999999999999999,-0.8499999999999999,33090,0.012021745954241072
S1C_W0.79_r14,0.79,original,-0.8499999999999999,-0.7999999999999998,31261,0.011357262021019346
S1C_W0.79_r14,0.79,original,-0.7999999999999998,-0.75,29227,0.01061830066499256
S1C_W0.79_r14,0.79,original,-0.75,-0.7,27913,0.010140918550037202
S1C_W0.79_r14,0.79,original,-0.7,-0.6499999999999999,26290,0.009551275344122024
S1C_W0.79_r14,0.79,original,-0.6499999999999999,-0.5999999999999999,24656,0.008957635788690476
S1C_W0.79_r14,0.79,original,-0.5999999999999999,-0.5499999999999998,23006,0.00835818336123512
S1C_W0.79_r14,0.79,original,-0.5499999999999998,-0.5,22270,0.00809079124813988
S1C_W0.79_r14,0.79,original,-0.5,-0.44999999999999996,20846,0.007573445638020833
S1C_W0.79_r14,0.79,original,-0.44999999999999996,-0.3999999999999999,19653,0.007140023367745536
S1C_W0.79_r14,0.79,original,-0.3999999999999999,-0.34999999999999987,18490,0.006717500232514881
S1C_W0.79_r14,0.79,original,-0.34999999999999987,-0.2999999999999998,17336,0.006298246837797619
S1C_W0.79_r14,0.79,original,-0.2999999999999998,-0.25,16737,0.00608062744140625
S1C_W0.79_r14,0.79,original,-0.25,-0.19999999999999996,15693,0.005701337541852679
S1C_W0.79_r14,0.79,original,-0.19999999999999996,-0.1499999999999999,14769,0.005365644182477679
S1C_W0.79_r14,0.79,original,-0.1499999999999999,-0.09999999999999987,13919,0.005056835356212798
S1C_W0.79_r14,0.79,original,-0.09999999999999987,-0.04999999999999982,13450,0.004886445545014881
S1C_W0.79_r14,0.79,original,-0.04999999999999982,0.0,12423,0.004513331821986607
S1C_W0.79_r14,0.79,original,0.0,0.050000000000000266,11434,0.004154023670014881
S1C_W0.79_r14,0.79,original,0.050000000000000266,0.10000000000000009,11034,0.004008701869419643
S1C_W0.79_r14,0.79,original,0.10000000000000009,0.1499999999999999,10323,0.003750392368861607
S1C_W0.79_r14,0.79,original,0.1499999999999999,0.20000000000000018,9601,0.0034880865187872025
S1C_W0.79_r14,0.79,original,0.20000000000000018,0.25,8827,0.0032068888346354165
S1C_W0.79_r14,0.79,original,0.25,0.30000000000000027,8250,0.0029972621372767855
S1C_W0.79_r14,0.79,original,0.30000000000000027,0.3500000000000001,7700,0.0027974446614583335
S1C_W0.79_r14,0.79,original,0.3500000000000001,0.40000000000000036,7121,0.002587091355096726
S1C_W0.79_r14,0.79,original,0.40000000000000036,0.4500000000000002,6640,0.0024123418898809525
S1C_W0.79_r14,0.79,original,0.4500000000000002,0.5,6214,0.002257574172247024
S1C_W0.79_r14,0.79,original,0.5,0.5500000000000003,5939,0.0021576654343377975
S1C_W0.79_r14,0.79,original,0.5500000000000003,0.6000000000000001,5430,0.001972743443080357
S1C_W0.79_r14,0.79,original,0.6000000000000001,0.6500000000000004,4999,0.001816159202938988
S1C_W0.79_r14,0.79,original,0.6500000000000004,0.7000000000000002,4663,0.001694088890438988
S1C_W0.79_r14,0.79,original,0.7000000000000002,0.75,4400,0.001598539806547619
S1C_W0.79_r14,0.79,original,0.75,0.8000000000000003,4035,0.0014659336635044643
S1C_W0.79_r14,0.79,original,0.8000000000000003,0.8500000000000001,3871,0.0014063517252604167
S1C_W0.79_r14,0.79,original,0.8500000000000001,0.9000000000000004,3414,0.0012403215680803572
S1C_W0.79_r14,0.79,original,0.9000000000000004,0.9500000000000002,3295,0.0011970883324032738
S1C_W0.79_r14,0.79,original,0.9500000000000002,1.0,2976,0.0010811941964285715
S1C_W0.79_r14,0.79,original,1.0,1.0500000000000003,2841,0.0010321480887276785
S1C_W0.79_r14,0.79,original,1.0500000000000003,1.1,2574,0.0009351457868303571
S1C_W0.79_r14,0.79,original,1.1,1.1500000000000004,2310,0.0008392333984375
S1C_W0.79_r14,0.79,original,1.1500000000000004,1.2000000000000002,2151,0.0007814679827008929
S1C_W0.79_r14,0.79,original,1.2000000000000002,1.25,2149,0.0007807413736979166
S1C_W0.79_r14,0.79,original,1.25,1.3000000000000003,1823,0.0006623041062127976
S1C_W0.79_r14,0.79,original,1.3000000000000003,1.35,1681,0.0006107148670014881
S1C_W0.79_r14,0.79,original,1.35,1.4000000000000004,1536,0.0005580357142857143
S1C_W0.79_r14,0.79,original,1.4000000000000004,1.4500000000000002,1479,0.0005373273577008929
S1C_W0.79_r14,0.79,original,1.4500000000000002,1.5,1307,0.0004748389834449405
S1C_W0.79_r14,0.79,original,1.5,1.5500000000000003,1194,0.0004337855747767857
S1C_W0.79_r14,0.79,original,1.5500000000000003,1.6,1104,0.00040108816964285713
S1C_W0.79_r14,0.79,original,1.6,1.6500000000000004,1016,0.00036911737351190475
S1C_W0.79_r14,0.79,original,1.6500000000000004,1.7000000000000002,874,0.00031752813430059525
S1C_W0.79_r14,0.79,original,1.7000000000000002,1.75,762,0.00027683803013392856
S1C_W0.79_r14,0.79,original,1.75,1.8000000000000003,708,0.00025721958705357144
S1C_W0.79_r14,0.79,original,1.8000000000000003,1.85,668,0.00024268740699404762
S1C_W0.79_r14,0.79,original,1.85,1.9000000000000004,605,0.00021979922340029762
S1C_W0.79_r14,0.79,original,1.9000000000000004,1.9500000000000002,457,0.00016603015718005953
S1C_W0.79_r14,0.79,original,1.9500000000000002,2.0,275,9.990873790922619e-05
S1C_W0.79_r14,0.79,rearranged,-2.0,-1.95,119725,0.0434966314406622
S1C_W0.79_r14,0.79,rearranged,-1.95,-1.9,201302,0.07313392275855654
S1C_W0.79_r14,0.79,rearranged,-1.9,-1.85,227854,0.08278038388206846
S1C_W0.79_r14,0.79,rearranged,-1.85,-1.8,225419,0.08189573742094494
S1C_W0.79_r14,0.79,rearranged,-1.8,-1.75,197184,0.07163783482142858
S1C_W0.79_r14,0.79,rearranged,-1.75,-1.7,162241,0.05894288562593006
S1C_W0.79_r14,0.79,rearranged,-1.7,-1.65,134825,0.04898252941313244
S1C_W0.79_r14,0.79,rearranged,-1.65,-1.6,114953,0.04176294235956101
S1C_W0.79_r14,0.79,rearranged,-1.6,-1.55,99334,0.03608848935081845
S1C_W0.79_r14,0.79,rearranged,-1.55,-1.5,88668,0.03221348353794643
S1C_W0.79_r14,0.79,rearranged,-1.5,-1.45,80152,0.029119582403273808
S1C_W0.79_r14,0.79,rearranged,-1.45,-1.4,72760,0.026434035528273808
S1C_W0.79_r14,0.79,rearranged,-1.4,-1.35,66634,0.02420843215215774
S1C_W0.79_r14,0.79,rearranged,-1.35,-1.2999999999999998,61294,0.022268386114211308
S1C_W0.79_r14,0.79,rearranged,-1.2999999999999998,-1.25,56555,0.020546686081659226
S1C_W0.79_r14,0.79,rearranged,-1.25,-1.2,52655,0.019129798525855654
S1C_W0.79_r14,0.79,rearranged,-1.2,-1.15,49268,0.017899286179315476
S1C_W0.79_r14,0.79,rearranged,-1.15,-1.1,45968,0.01670038132440476
S1C_W0.79_r14,0.79,rearranged,-1.1,-1.0499999999999998,42631,0.015488034202938988
S1C_W0.79_r14,0.79,rearranged,-1.0499999999999998,-1.0,40194,0.0146026611328125
S1C_W0.79_r14,0.79,rearranged,-1.0,-0.95,37535,0.013636634463355654
S1C_W0.79_r14,0.79,rearranged,-0.95,-0.8999999999999999,35484,0.012891496930803572
S1C_W0.79_r14,0.79,rearranged,-0.8999999999999999,-0.8499999999999999,33193,0.012059166317894346
S1C_W0.79_r14,0.79,rearranged,-0.8499999999999999,-0.7999999999999998,31133,0.01131075904482887
S1C_W0.79_r14,0.79,rearranged,-0.7999999999999998,-0.75,29498,0.010716756184895834
S1C_W0.79_r14,0.79,rearranged,-0.75,-0.7,27692,0.010060628255208334
S1C_W0.79_r14,0.79,rearranged,-0.7,-0.6499999999999999,26395,0.009589422316778274
S1C_W0.79_r14,0.79,rearranged,-0.6499999999999999,-0.5999999999999999,24847,0.009027026948474702
S1C_W0.79_r14,0.79,rearranged,-0.5999999999999999,-0.5499999999999998,23319,0.008471897670200892
S1C_W0.79_r14,0.79,rearranged,-0.5499999999999998,-0.5,21992,0.00798979259672619
S1C_W0.79_r14,0.79,rearranged,-0.5,-0.44999999999999996,20847,0.007573808942522321
S1C_W0.79_r14,0.79,rearranged,-0.44999999999999996,-0.3999999999999999,19660,0.007142566499255952
S1C_W0.79_r14,0.79,rearranged,-0.3999999999999999,-0.34999999999999987,18476,0.006712413969494048
S1C_W0.79_r14,0.79,rearranged,-0.34999999999999987,-0.2999999999999998,17654,0.006413777669270833
S1C_W0.79_r14,0.79,rearranged,-0.2999999999999998,-0.25,16632,0.00604248046875
S1C_W0.79_r14,0.79,rearranged,-0.25,-0.19999999999999996,15972,0.005802699497767857
S1C_W0.79_r14,0.79,rearranged,-0.19999999999999996,-0.1499999999999999,15000,0.005449567522321429
S1C_W0.79_r14,0.79,rearranged,-0.1499999999999999,-0.09999999999999987,14055,0.005106244768415179
S1C_W0.79_r14,0.79,rearranged,-0.09999999999999987,-0.04999999999999982,13431,0.004879542759486607
S1C_W0.79_r14,0.79,rearranged,-0.04999999999999982,0.0,12560,0.004563104538690476
S1C_W0.79_r14,0.79,rearranged,0.0,0.050000000000000266,11695,0.004248846144903274
S1C_W0.79_r14,0.79,rearranged,0.050000000000000266,0.10000000000000009,10944,0.003976004464285714
S1C_W0.79_r14,0.79,rearranged,0.10000000000000009,0.1499999999999999,10232,0.0037173316592261905
S1C_W0.79_r14,0.79,rearranged,0.1499999999999999,0.20000000000000018,9424,0.0034237816220238095
S1C_W0.79_r14,0.79,rearranged,0.20000000000000018,0.25,8790,0.003193446568080357
S1C_W0.79_r14,0.79,rearranged,0.25,0.30000000000000027,8106,0.0029449462890625
S1C_W0.79_r14,0.79,rearranged,0.30000000000000027,0.3500000000000001,7555,0.0027447655087425595
S1C_W0.79_r14,0.79,rearranged,0.3500000000000001,0.40000000000000036,7018,0.0025496709914434525
S1C_W0.79_r14,0.79,rearranged,0.40000000000000036,0.4500000000000002,6657,0.00241851806640625
S1C_W0.79_r14,0.79,rearranged,0.4500000000000002,0.5,6155,0.002236139206659226
S1C_W0.79_r14,0.79,rearranged,0.5,0.5500000000000003,5769,0.0020959036690848215
S1C_W0.79_r14,0.79,rearranged,0.5500000000000003,0.6000000000000001,5274,0.0019160679408482143
S1C_W0.79_r14,0.79,rearranged,0.6000000000000001,0.6500000000000004,4972,0.0018063499813988095
S1C_W0.79_r14,0.79,rearranged,0.6500000000000004,0.7000000000000002,4674,0.0016980852399553572
S1C_W0.79_r14,0.79,rearranged,0.7000000000000002,0.75,4405,0.0016003563290550595
S1C_W0.79_r14,0.79,rearranged,0.75,0.8000000000000003,4061,0.0014753795805431548
S1C_W0.79_r14,0.79,rearranged,0.8000000000000003,0.8500000000000001,3757,0.0013649350120907738
S1C_W0.79_r14,0.79,rearranged,0.8500000000000001,0.9000000000000004,3500,0.0012715657552083333
S1C_W0.79_r14,0.79,rearranged,0.9000000000000004,0.9500000000000002,3238,0.0011763799758184525
S1C_W0.79_r14,0.79,rearranged,0.9500000000000002,1.0,2906,0.0010557628813244048
S1C_W0.79_r14,0.79,rearranged,1.0,1.0500000000000003,2717,0.0009870983305431548
S1C_W0.79_r14,0.79,rearranged,1.0500000000000003,1.1,2637,0.0009580339704241071
S1C_W0.79_r14,0.79,rearranged,1.1,1.1500000000000004,2413,0.0008766537620907738
S1C_W0.79_r14,0.79,rearranged,1.1500000000000004,1.2000000000000002,2123,0.0007712954566592262
S1C_W0.79_r14,0.79,rearranged,1.2000000000000002,1.25,2026,0.000736054920014881
S1C_W0.79_r14,0.79,rearranged,1.25,1.3000000000000003,1932,0.000701904296875
S1C_W0.79_r14,0.79,rearranged,1.3000000000000003,1.35,1706,0.0006197974795386905
S1C_W0.79_r14,0.79,rearranged,1.35,1.4000000000000004,1626,0.0005907331194196429
S1C_W0.79_r14,0.79,rearranged,1.4000000000000004,1.4500000000000002,1463,0.0005315144856770834
S1C_W0.79_r14,0.79,rearranged,1.4500000000000002,1.5,1316,0.0004781087239583333
S1C_W0.79_r14,0.79,rearranged,1.5,1.5500000000000003,1173,0.0004261561802455357
S1C_W0.79_r14,0.79,rearranged,1.5500000000000003,1.6,1126,0.00040908086867559525
S1C_W0.79_r14,0.79,rearranged,1.6,1.6500000000000004,1086,0.00039454868861607144
S1C_W0.79_r14,0.79,rearranged,1.6500000000000004,1.7000000000000002,1008,0.0003662109375
S1C_W0.79_r14,0.79,rearranged,1.7000000000000002,1.75,881,0.0003200712658110119
S1C_W0.79_r14,0.79,rearranged,1.75,1.8000000000000003,855,0.00031062534877232144
S1C_W0.79_r14,0.79,rearranged,1.8000000000000003,1.85,765,0.00027792794363839287
S1C_W0.79_r14,0.79,rearranged,1.85,1.9000000000000004,685,0.00024886358351934525
S1C_W0.79_r14,0.79,rearranged,1.9000000000000004,1.9500000000000002,541,0.00019654773530505953
S1C_W0.79_r14,0.79,rearranged,1.9500000000000002,2.0,310,0.00011262439546130953
S1C_W0.79_r15,0.79,original,-2.0,-1.95,120006,0.043598720005580356
S1C_W0.79_r15,0.79,original,-1.95,-1.9,199944,0.07264055524553571
S1C_W0.79_r15,0.79,original,-1.9,-1.85,227238,0.08255658830915179
S1C_W0.79_r15,0.79,original,-1.85,-1.8,224327,0.08149900890531994
S1C_W0.79_r15,0.79,original,-1.8,-1.75,196648,0.07144310360863096
S1C_W0.79_r15,0.79,original,-1.75,-1.7,163126,0.05926441010974702
S1C_W0.79_r15,0.79,original,-1.7,-1.65,134917,0.049015953427269346
S1C_W0.79_r15,0.79,original,-1.65,-1.6,115044,0.04179600306919643
S1C_W0.79_r15,0.79,original,-1.6,-1.55,100622,0.036556425548735116
S1C_W0.79_r15,0.79,original,-1.55,-1.5,88692,0.032222202845982144
S1C_W0.79_r15,0.79,original,-1.5,-1.45,80330,0.029184250604538692
S1C_W0.79_r15,0.79,original,-1.45,-1.4,73019,0.026528131394159226
S1C_W0.79_r15,0.79,original,-1.4,-1.35,66734,0.024244762602306548
S1C_W0.79_r15,0.79,original,-1.35,-1.2999999999999998,62015,0.022530328659784226
S1C_W0.79_r15,0.79,original,-1.2999999999999998,-1.25,57118,0.020751226515997024
S1C_W0.79_r15,0.79,original,-1.25,-1.2,52726,0.019155593145461308
S1C_W0.79_r15,0.79,original,-1.2,-1.15,49508,0.01798647925967262
S1C_W0.79_r15,0.79,original,-1.15,-1.1,46132,0.016759963262648808
S1C_W0.79_r15,0.79,original,-1.1,-1.0499999999999998,42980,0.015614827473958334
S1C_W0.79_r15,0.79,original,-1.0499999999999998,-1.0,39653,0.01440611339750744
S1C_W0.79_r15,0.79,original,-1.0,-0.95,37620,0.013667515345982142
S1C_W0.79_r15,0.79,original,-0.95,-0.8999999999999999,35556,0.012917654854910714
S1C_W0.79_r15,0.79,original,-0.8999999999999999,-0.8499999999999999,33045,0.012005397251674108
S1C_W0.79_r15,0.79,original,-0.8499999999999999,-0.7999999999999998,31527,0.011453901018415178
S1C_W0.79_r15,0.79,original,-0.7999999999999998,-0.75,29460,0.010702950613839286
S1C_W0.79_r15,0.79,original,-0.75,-0.7,27676,0.010054815383184524
S1C_W0.79_r15,0.79,original,-0.7,-0.6499999999999999,26214,0.009523664202008928
S1C_W0.79_r15,0.79,original,-0.6499999999999999,-0.5999999999999999,24400,0.008864629836309524
S1C_W0.79_r15,0.79,original,-0.5999999999999999,-0.5499999999999998,23360,0.008486793154761904
S1C_W0.79_r15,0.79,original,-0.5499999999999998,-0.5,21844,0.007936023530505952
S1C_W0.79_r15,0.79,original,-0.5,-0.44999999999999996,20698,0.007519676571800595
S1C_W0.79_r15,0.79,original,-0.44999999999999996,-0.3999999999999999,19656,0.00714111328125
S1C_W0.79_r15,0.79,original,-0.3999999999999999,-0.34999999999999987,18424,0.006693522135416667
S1C_W0.79_r15,0.79,original,-0.34999999999999987,-0.2999999999999998,17463,0.006344386509486607
S1C_W0.79_r15,0.79,original,-0.2999999999999998,-0.25,16613,0.006035577683221726
S1C_W0.79_r15,0.79,original,-0.25,-0.19999999999999996,15793,0.005737667992001488
S1C_W0.79_r15,0.79,original,-0.19999999999999996,-0.1499999999999999,14651,0.005322774251302083
S1C_W0.79_r15,0.79,original,-0.1499999999999999,-0.09999999999999987,14077,0.005114237467447917
S1C_W0.79_r15,0.79,original,-0.09999999999999987,-0.04999999999999982,13385,0.004862830752418155
S1C_W0.79_r15,0.79,original,-0.04999999999999982,0.0,12614,0.004582722981770833
S1C_W0.79_r15,0.79,original,0.0,0.050000000000000266,11732,0.004262288411458333
S1C_W0.79_r15,0.79,original,0.050000000000000266,0.10000000000000009,10931,0.003971281505766369
S1C_W0.79_r15,0.79,original,0.10000000000000009,0.1499999999999999,10129,0.0036799112955729165
S1C_W0.79_r15,0.79,original,0.1499999999999999,0.20000000000000018,9565,0.003475007556733631
S1C_W0.79_r15,0.79,original,0.20000000000000018,0.25,8835,0.0032097952706473215
S1C_W0.79_r15,0.79,original,0.25,0.30000000000000027,8142,0.0029580252511160715
S1C_W0.79_r15,0.79,original,0.30000000000000027,0.3500000000000001,7612,0.002765473865327381
S1C_W0.79_r15,0.79,original,0.3500000000000001,0.40000000000000036,7155,0.0025994437081473215
S1C_W0.79_r15,0.79,original,0.40000000000000036,0.4500000000000002,6692,0.0024312337239583335
S1C_W0.79_r15,0.79,original,0.4500000000000002,0.5,6367,0.0023131597609747025
S1C_W0.79_r15,0.79,original,0.5,0.5500000000000003,5886,0.0021384102957589285
S1C_W0.79_r15,0.79,original,0.5500000000000003,0.6000000000000001,5417,0.001968020484561012
S1C_W0.79_r15,0.79,original,0.6000000000000001,0.6500000000000004,5079,0.0018452235630580357
S1C_W0.79_r15,0.79,original,0.6500000000000004,0.7000000000000002,4629,0.0016817365373883928
S1C_W0.79_r15,0.79,original,0.7000000000000002,0.75,4324,0.0015709286644345238
S1C_W0.79_r15,0.79,original,0.75,0.8000000000000003,4014,0.0014583042689732143
S1C_W0.79_r15,0.79,original,0.8000000000000003,0.8500000000000001,3800,0.001380557105654762
S1C_W0.79_r15,0.79,original,0.8500000000000001,0.9000000000000004,3482,0.0012650262741815475
S1C_W0.79_r15,0.79,original,0.9000000000000004,0.9500000000000002,3165,0.0011498587472098215
S1C_W0.79_r15,0.79,original,0.9500000000000002,1.0,2949,0.0010713849748883928
S1C_W0.79_r15,0.79,original,1.0,1.0500000000000003,2791,0.0010139828636532738
S1C_W0.79_r15,0.79,original,1.0500000000000003,1.1,2725,0.0009900047665550595
S1C_W0.79_r15,0.79,original,1.1,1.1500000000000004,2379,0.0008643014090401786
S1C_W0.79_r15,0.79,original,1.1500000000000004,1.2000000000000002,2225,0.0008083525158110119
S1C_W0.79_r15,0.79,original,1.2000000000000002,1.25,1992,0.0007237025669642857
S1C_W0.79_r15,0.79,original,1.25,1.3000000000000003,1935,0.0007029942103794643
S1C_W0.79_r15,0.79,original,1.3000000000000003,1.35,1760,0.0006394159226190476
S1C_W0.79_r15,0.79,original,1.35,1.4000000000000004,1664,0.0006045386904761905
S1C_W0.79_r15,0.79,original,1.4000000000000004,1.4500000000000002,1433,0.0005206153506324405
S1C_W0.79_r15,0.79,original,1.4500000000000002,1.5,1296,0.00047084263392857144
S1C_W0.79_r15,0.79,original,1.5,1.5500000000000003,1188,0.00043160574776785713
S1C_W0.79_r15,0.79,original,1.5500000000000003,1.6,1028,0.0003734770275297619
S1C_W0.79_r15,0.79,original,1.6,1.6500000000000004,988,0.0003589448474702381
S1C_W0.79_r15,0.79,original,1.6500000000000004,1.7000000000000002,889,0.0003229777018229167
S1C_W0.79_r15,0.79,original,1.7000000000000002,1.75,842,0.0003059023902529762
S1C_W0.79_r15,0.79,original,1.75,1.8000000000000003,704,0.00025576636904761906
S1C_W0.79_r15,0.79,original,1.8000000000000003,1.85,668,0.00024268740699404762
S1C_W0.79_r15,0.79,original,1.85,1.9000000000000004,564,0.00020490373883928572
S1C_W0.79_r15,0.79,original,1.9000000000000004,1.9500000000000002,430,0.00015622093563988094
S1C_W0.79_r15,0.79,original,1.9500000000000002,2.0,251,9.11894298735119e-05
S1C_W0.79_r15,0.79,rearranged,-2.0,-1.95,119649,0.043469020298549106
S1C_W0.79_r15,0.79,rearranged,-1.95,-1.9,200820,0.07295880998883929
S1C_W0.79_r15,0.79,rearranged,-1.9,-1.85,227986,0.08282834007626488
S1C_W0.79_r15,0.79,rearranged,-1.85,-1.8,224227,0.08146267845517113
S1C_W0.79_r15,0.79,rearranged,-1.8,-1.75,196564,0.07141258603050596
S1C_W0.79_r15,0.79,rearranged,-1.75,-1.7,162466,0.059024629138764884
S1C_W0.79_r15,0.79,rearranged,-1.7,-1.65,134353,0.04881104968843006
S1C_W0.79_r15,0.79,rearranged,-1.65,-1.6,114409,0.04156530471075149
S1C_W0.79_r15,0.79,rearranged,-1.6,-1.55,100018,0.03633698962983631
S1C_W0.79_r15,0.79,rearranged,-1.55,-1.5,88857,0.03228214808872768
S1C_W0.79_r15,0.79,rearranged,-1.5,-1.45,80352,0.029192243303571428
S1C_W0.79_r15,0.79,rearranged,-1.45,-1.4,72550,0.026357741582961308
S1C_W0.79_r15,0.79,rearranged,-1.4,-1.35,67102,0.024378458658854168
S1C_W0.79_r15,0.79,rearranged,-1.35,-1.2999999999999998,61822,0.022460210890997024
S1C_W0.79_r15,0.79,rearranged,-1.2999999999999998,-1.25,56960,0.020693824404761904
S1C_W0.79_r15,0.79,rearranged,-1.25,-1.2,52879,0.01921117873418899
S1C_W0.79_r15,0.79,rearranged,-1.2,-1.15,48805,0.01773107619512649
S1C_W0.79_r15,0.79,rearranged,-1.15,-1.1,46007,0.016714550199962798
S1C_W0.79_r15,0.79,rearranged,-1.1,-1.0499999999999998,42906,0.015587942940848214
S1C_W0.79_r15,0.79,rearranged,-1.0499999999999998,-1.0,40420,0.01468476795014881
S1C_W0.79_r15,0.79,rearranged,-1.0,-0.95,37509,0.013627188546316964
S1C_W0.79_r15,0.79,rearranged,-0.95,-0.8999999999999999,35094,0.012749808175223214
S1C_W0.79_r15,0.79,rearranged,-0.8999999999999999,-0.8499999999999999,33127,0.01203518822079613
S1C_W0.79_r15,0.79,rearranged,-0.8499999999999999,-0.7999999999999998,31203,0.011336190359933036
S1C_W0.79_r15,0.79,rearranged,-0.7999999999999998,-0.75,29763,0.010813031877790178
S1C_W0.79_r15,0.79,rearranged,-0.75,-0.7,27530,0.010001772925967262
S1C_W0.79_r15,0.79,rearranged,-0.7,-0.6499999999999999,26246,0.009535289946056548
S1C_W0.79_r15,0.79,rearranged,-0.6499999999999999,-0.5999999999999999,24508,0.008903866722470238
S1C_W0.79_r15,0.79,rearranged,-0.5999999999999999,-0.5499999999999998,23302,0.008465721493675596
S1C_W0.79_r15,0.79,rearranged,-0.5499999999999998,-0.5,21982,0.00798615955171131
S1C_W0.79_r15,0.79,rearranged,-0.5,-0.44999999999999996,20762,0.007542928059895833
S1C_W0.79_r15,0.79,rearranged,-0.44999999999999996,-0.3999999999999999,19898,0.007229032970610119
S1C_W0.79_r15,0.79,rearranged,-0.3999999999999999,-0.34999999999999987,18905,0.00686827160063244
S1C_W0.79_r15,0.79,rearranged,-0.34999999999999987,-0.2999999999999998,17654,0.006413777669270833
S1C_W0.79_r15,0.79,rearranged,-0.2999999999999998,-0.25,16884,0.006134033203125
S1C_W0.79_r15,0.79,rearranged,-0.25,-0.19999999999999996,15715,0.005709330240885417
S1C_W0.79_r15,0.79,rearranged,-0.19999999999999996,-0.1499999999999999,14860,0.005398704892113095
S1C_W0.79_r15,0.79,rearranged,-0.1499999999999999,-0.09999999999999987,14155,0.005142575218563988
S1C_W0.79_r15,0.79,rearranged,-0.09999999999999987,-0.04999999999999982,13473,0.004894801548549107
S1C_W0.79_r15,0.79,rearranged,-0.04999999999999982,0.0,12516,0.004547119140625
S1C_W0.79_r15,0.79,rearranged,0.0,0.050000000000000266,12068,0.004384358723958333
S1C_W0.79_r15,0.79,rearranged,0.050000000000000266,0.10000000000000009,11133,0.004044669015066964
S1C_W0.79_r15,0.79,rearranged,0.10000000000000009,0.1499999999999999,10263,0.0037285940987723215
S1C_W0.79_r15,0.79,rearranged,0.1499999999999999,0.20000000000000018,9730,0.0035349527994791665
S1C_W0.79_r15,0.79,rearranged,0.20000000000000018,0.25,8832,0.003208705357142857
S1C_W0.79_r15,0.79,rearranged,0.25,0.30000000000000027,8121,0.0029503958565848215
S1C_W0.79_r15,0.79,rearranged,0.30000000000000027,0.3500000000000001,7603,0.002762204124813988
S1C_W0.79_r15,0.79,rearranged,0.3500000000000001,0.40000000000000036,7051,0.0025616600399925595
S1C_W0.79_r15,0.79,rearranged,0.40000000000000036,0.4500000000000002,6602,0.002398536318824405
S1C_W0.79_r15,0.79,rearranged,0.4500000000000002,0.5,6232,0.0022641136532738095
S1C_W0.79_r15,0.79,rearranged,0.5,0.5500000000000003,5845,0.0021235148111979165
S1C_W0.79_r15,0.79,rearranged,0.5500000000000003,0.6000000000000001,5431,0.001973106747581845
S1C_W0.79_r15,0.79,rearranged,0.6000000000000001,0.6500000000000004,4978,0.001808529808407738
S1C_W0.79_r15,0.79,rearranged,0.6500000000000004,0.7000000000000002,4694,0.001705351329985119
S1C_W0.79_r15,0.79,rearranged,0.7000000000000002,0.75,4277,0.0015538533528645833
S1C_W0.79_r15,0.79,rearranged,0.75,0.8000000000000003,4024,0.0014619373139880952
S1C_W0.79_r15,0.79,rearranged,0.8000000000000003,0.8500000000000001,3674,0.001334780738467262
S1C_W0.79_r15,0.79,rearranged,0.8500000000000001,0.9000000000000004,3504,0.0012730189732142857
S1C_W0.79_r15,0.79,rearranged,0.9000000000000004,0.9500000000000002,3175,0.0011534917922247025
S1C_W0.79_r15,0.79,rearranged,0.9500000000000002,1.0,3085,0.0011207943870907738
S1C_W0.79_r15,0.79,rearranged,1.0,1.0500000000000003,2865,0.0010408673967633928
S1C_W0.79_r15,0.79,rearranged,1.0500000000000003,1.1,2652,0.0009634835379464286
S1C_W0.79_r15,0.79,rearranged,1.1,1.1500000000000004,2403,0.0008730207170758929
S1C_W0.79_r15,0.79,rearranged,1.1500000000000004,1.2000000000000002,2265,0.0008228846958705357
S1C_W0.79_r15,0.79,rearranged,1.2000000000000002,1.25,2031,0.0007378714425223214
S1C_W0.79_r15,0.79,rearranged,1.25,1.3000000000000003,1911,0.00069427490234375
S1C_W0.79_r15,0.79,rearranged,1.3000000000000003,1.35,1795,0.000652131580171131
S1C_W0.79_r15,0.79,rearranged,1.35,1.4000000000000004,1580,0.0005740211123511905
S1C_W0.79_r15,0.79,rearranged,1.4000000000000004,1.4500000000000002,1479,0.0005373273577008929
S1C_W0.79_r15,0.79,rearranged,1.4500000000000002,1.5,1356,0.0004926409040178571
S1C_W0.79_r15,0.79,rearranged,1.5,1.5500000000000003,1295,0.0004704793294270833
S1C_W0.79_r15,0.79,rearranged,1.5500000000000003,1.6,1028,0.0003734770275297619
S1C_W0.79_r15,0.79,rearranged,1.6,1.6500000000000004,977,0.00035494849795386906
S1C_W0.79_r15,0.79,rearranged,1.6500000000000004,1.7000000000000002,866,0.0003146216982886905
S1C_W0.79_r15,0.79,rearranged,1.7000000000000002,1.75,844,0.0003066289992559524
S1C_W0.79_r15,0.79,rearranged,1.75,1.8000000000000003,741,0.00026920863560267856
S1C_W0.79_r15,0.79,rearranged,1.8000000000000003,1.85,681,0.00024741036551339287
S1C_W0.79_r15,0.79,rearranged,1.85,1.9000000000000004,552,0.00020054408482142856
S1C_W0.79_r15,0.79,rearranged,1.9000000000000004,1.9500000000000002,409,0.00014859154110863094
S1C_W0.79_r15,0.79,rearranged,1.9500000000000002,2.0,222,8.065359933035714e-05
S1C_W0.80_r00,0.8,original,-2.0,-1.95,118199,0.042942228771391366
S1C_W0.80_r00,0.8,original,-1.95,-1.9,197714,0.07183038620721727
S1C_W0.80_r00,0.8,original,-1.9,-1.85,225103,0.08178093319847471
S1C_W0.80_r00,0.8,original,-1.85,-1.8,220404,0.08007376534598214
S1C_W0.80_r00,0.8,original,-1.8,-1.75,194371,0.07061585925874256
S1C_W0.80_r00,0.8,original,-1.75,-1.7,160635,0.05835941859654018
S1C_W0.80_r00,0.8,original,-1.7,-1.65,133229,0.04840269542875744
S1C_W0.80_r00,0.8,original,-1.65,-1.6,113446,0.04121544247581845
S1C_W0.80_r00,0.8,original,-1.6,-1.55,99078,0.0359954833984375
S1C_W0.80_r00,0.8,original,-1.55,-1.5,88803,0.03226252964564732
S1C_W0.80_r00,0.8,original,-1.5,-1.45,79582,0.028912498837425596
S1C_W0.80_r00,0.8,original,-1.45,-1.4,73188,0.026589529854910716
S1C_W0.80_r00,0.8,original,-1.4,-1.35,67145,0.024394080752418154
S1C_W0.80_r00,0.8,original,-1.35,-1.2999999999999998,62190,0.022593906947544644
S1C_W0.80_r00,0.8,original,-1.2999999999999998,-1.25,57063,0.020731244768415178
S1C_W0.80_r00,0.8,original,-1.25,-1.2,52991,0.019251868838355654
S1C_W0.80_r00,0.8,original,-1.2,-1.15,50035,0.018177940731956846
S1C_W0.80_r00,0.8,original,-1.15,-1.1,46217,0.016790844145275298
S1C_W0.80_r00,0.8,original,-1.1,-1.0499999999999998,43296,0.015729631696428572
S1C_W0.80_r00,0.8,original,-1.0499999999999998,-1.0,40585,0.014744713192894346
S1C_W0.80_r00,0.8,original,-1.0,-0.95,37910,0.01377287365141369
S1C_W0.80_r00,0.8,original,-0.95,-0.8999999999999999,35578,0.012925647553943452
S1C_W0.80_r00,0.8,original,-0.8999999999999999,-0.8499999999999999,33431,0.012145632789248512
S1C_W0.80_r00,0.8,original,-0.8499999999999999,-0.7999999999999998,31790,0.011549450102306548
S1C_W0.80_r00,0.8,original,-0.7999999999999998,-0.75,29961,0.010884966169084822
S1C_W0.80_r00,0.8,original,-0.75,-0.7,28235,0.01025790259951637
S1C_W0.80_r00,0.8,original,-0.7,-0.6499999999999999,26559,0.009649004255022322
S1C_W0.80_r00,0.8,original,-0.6499999999999999,-0.5999999999999999,25116,0.009124755859375
S1C_W0.80_r00,0.8,original,-0.5999999999999999,-0.5499999999999998,23650,0.008592151460193452
S1C_W0.80_r00,0.8,original,-0.5499999999999998,-0.5,22474,0.008164905366443452
S1C_W0.80_r00,0.8,original,-0.5,-0.44999999999999996,21323,0.007746741885230655
S1C_W0.80_r00,0.8,original,-0.44999999999999996,-0.3999999999999999,20233,0.007350739978608631
S1C_W0.80_r00,0.8,original,-0.3999999999999999,-0.34999999999999987,19211,0.006979442778087798
S1C_W0.80_r00,0.8,original,-0.34999999999999987,-0.2999999999999998,17859,0.006488255092075893
S1C_W0.80_r00,0.8,original,-0.2999999999999998,-0.25,17142,0.006227765764508929
S1C_W0.80_r00,0.8,original,-0.25,-0.19999999999999996,16025,0.005821954636346726
S1C_W0.80_r00,0.8,original,-0.19999999999999996,-0.1499999999999999,15586,0.005662463960193452
S1C_W0.80_r00,0.8,original,-0.1499999999999999,-0.09999999999999987,14476,0.005259195963541667
S1C_W0.80_r00,0.8,original,-0.09999999999999987,-0.04999999999999982,13774,0.005004156203497024
S1C_W0.80_r00,0.8,original,-0.04999999999999982,0.0,13136,0.004772367931547619
S1C_W0.80_r00,0.8,original,0.0,0.050000000000000266,12332,0.00448027111235119
S1C_W0.80_r00,0.8,original,0.050000000000000266,0.10000000000000009,11489,0.004174005417596726
S1C_W0.80_r00,0.8,original,0.10000000000000009,0.1499999999999999,10692,0.0038844517299107145
S1C_W0.80_r00,0.8,original,0.1499999999999999,0.20000000000000018,9732,0.003535679408482143
S1C_W0.80_r00,0.8,original,0.20000000000000018,0.25,9190,0.003338768368675595
S1C_W0.80_r00,0.8,original,0.25,0.30000000000000027,8466,0.0030757359095982145
S1C_W0.80_r00,0.8,original,0.30000000000000027,0.3500000000000001,7984,0.0029006231398809525
S1C_W0.80_r00,0.8,original,0.3500000000000001,0.40000000000000036,7502,0.0027255103701636905
S1C_W0.80_r00,0.8,original,0.40000000000000036,0.4500000000000002,6786,0.0024653843470982145
S1C_W0.80_r00,0.8,original,0.4500000000000002,0.5,6403,0.002326238723028274
S1C_W0.80_r00,0.8,original,0.5,0.5500000000000003,6203,0.002253577822730655
S1C_W0.80_r00,0.8,original,0.5500000000000003,0.6000000000000001,5588,0.002030145554315476
S1C_W0.80_r00,0.8,original,0.6000000000000001,0.6500000000000004,5385,0.001956394740513393
S1C_W0.80_r00,0.8,original,0.6500000000000004,0.7000000000000002,4989,0.0018125261579241072
S1C_W0.80_r00,0.8,original,0.7000000000000002,0.75,4603,0.0016722906203497025
S1C_W0.80_r00,0.8,original,0.75,0.8000000000000003,4213,0.0015306018647693452
S1C_W0.80_r00,0.8,original,0.8000000000000003,0.8500000000000001,3990,0.0014495849609375
S1C_W0.80_r00,0.8,original,0.8500000000000001,0.9000000000000004,3715,0.0013496762230282738
S1C_W0.80_r00,0.8,original,0.9000000000000004,0.9500000000000002,3494,0.0012693859281994048
S1C_W0.80_r00,0.8,original,0.9500000000000002,1.0,3244,0.001178559802827381
S1C_W0.80_r00,0.8,original,1.0,1.0500000000000003,2969,0.0010786510649181548
S1C_W0.80_r00,0.8,original,1.0500000000000003,1.1,2847,0.0010343279157366072
S1C_W0.80_r00,0.8,original,1.1,1.1500000000000004,2578,0.0009365990048363095
S1C_W0.80_r00,0.8,original,1.1500000000000004,1.2000000000000002,2395,0.0008701142810639881
S1C_W0.80_r00,0.8,original,1.2000000000000002,1.25,2215,0.000804719470796131
S1C_W0.80_r00,0.8,original,1.25,1.3000000000000003,1980,0.0007193429129464286
S1C_W0.80_r00,0.8,original,1.3000000000000003,1.35,1748,0.0006350562686011905
S1C_W0.80_r00,0.8,original,1.35,1.4000000000000004,1691,0.000614347912016369
S1C_W0.80_r00,0.8,original,1.4000000000000004,1.4500000000000002,1517,0.0005511329287574405
S1C_W0.80_r00,0.8,original,1.4500000000000002,1.5,1444,0.0005246117001488095
S1C_W0.80_r00,0.8,original,1.5,1.5500000000000003,1358,0.0004933675130208334
S1C_W0.80_r00,0.8,original,1.5500000000000003,1.6,1192,0.0004330589657738095
S1C_W0.80_r00,0.8,original,1.6,1.6500000000000004,1094,0.0003974551246279762
S1C_W0.80_r00,0.8,original,1.6500000000000004,1.7000000000000002,1009,0.0003665742420014881
S1C_W0.80_r00,0.8,original,1.7000000000000002,1.75,867,0.00031498500279017856
S1C_W0.80_r00,0.8,original,1.75,1.8000000000000003,814,0.0002957298642113095
S1C_W0.80_r00,0.8,original,1.8000000000000003,1.85,707,0.0002568562825520833
S1C_W0.80_r00,0.8,original,1.85,1.9000000000000004,575,0.00020890008835565475
S1C_W0.80_r00,0.8,original,1.9000000000000004,1.9500000000000002,496,0.00018019903273809525
S1C_W0.80_r00,0.8,original,1.9500000000000002,2.0,273,9.918212890625e-05
S1C_W0.80_r00,0.8,rearranged,-2.0,-1.95,117948,0.042851039341517856
S1C_W0.80_r00,0.8,rearranged,-1.95,-1.9,197502,0.07175336565290179
S1C_W0.80_r00,0.8,rearranged,-1.9,-1.85,225160,0.08180164155505952
S1C_W0.80_r00,0.8,rearranged,-1.85,-1.8,220277,0.08002762567429315
S1C_W0.80_r00,0.8,rearranged,-1.8,-1.75,193146,0.07017081124441964
S1C_W0.80_r00,0.8,rearranged,-1.75,-1.7,160483,0.05830419631231399
S1C_W0.80_r00,0.8,rearranged,-1.7,-1.65,133283,0.0484223138718378
S1C_W0.80_r00,0.8,rearranged,-1.65,-1.6,114574,0.04162524995349702
S1C_W0.80_r00,0.8,rearranged,-1.6,-1.55,100080,0.03635951450892857
S1C_W0.80_r00,0.8,rearranged,-1.55,-1.5,89634,0.03256443568638393
S1C_W0.80_r00,0.8,rearranged,-1.5,-1.45,80417,0.029215858096168154
S1C_W0.80_r00,0.8,rearranged,-1.45,-1.4,73925,0.026857285272507442
S1C_W0.80_r00,0.8,rearranged,-1.4,-1.35,67609,0.02456265404110863
S1C_W0.80_r00,0.8,rearranged,-1.35,-1.2999999999999998,62469,0.022695268903459822
S1C_W0.80_r00,0.8,rearranged,-1.2999999999999998,-1.25,57515,0.020895458403087798
S1C_W0.80_r00,0.8,rearranged,-1.25,-1.2,53863,0.019568670363653274
S1C_W0.80_r00,0.8,rearranged,-1.2,-1.15,49845,0.018108912876674106
S1C_W0.80_r00,0.8,rearranged,-1.15,-1.1,46622,0.016937982468377976
S1C_W0.80_r00,0.8,rearranged,-1.1,-1.0499999999999998,43349,0.015748886835007442
S1C_W0.80_r00,0.8,rearranged,-1.0499999999999998,-1.0,40766,0.01481047130766369
S1C_W0.80_r00,0.8,rearranged,-1.0,-0.95,38448,0.013968331473214286
S1C_W0.80_r00,0.8,rearranged,-0.95,-0.8999999999999999,35573,0.012923831031436012
S1C_W0.80_r00,0.8,rearranged,-0.8999999999999999,-0.8499999999999999,33753,0.012262616838727678
S1C_W0.80_r00,0.8,rearranged,-0.8499999999999999,-0.7999999999999998,31402,0.011408487955729166
S1C_W0.80_r00,0.8,rearranged,-0.7999999999999998,-0.75,29680,0.010782877604166666
S1C_W0.80_r00,0.8,rearranged,-0.75,-0.7,28050,0.010190691266741072
S1C_W0.80_r00,0.8,rearranged,-0.7,-0.6499999999999999,26379,0.009583609444754464
S1C_W0.80_r00,0.8,rearranged,-0.6499999999999999,-0.5999999999999999,25062,0.009105137416294642
S1C_W0.80_r00,0.8,rearranged,-0.5999999999999999,-0.5499999999999998,23551,0.00855618431454613
S1C_W0.80_r00,0.8,rearranged,-0.5499999999999998,-0.5,22389,0.008134024483816964
S1C_W0.80_r00,0.8,rearranged,-0.5,-0.44999999999999996,21003,0.007630484444754464
S1C_W0.80_r00,0.8,rearranged,-0.44999999999999996,-0.3999999999999999,19972,0.007255917503720238
S1C_W0.80_r00,0.8,rearranged,-0.3999999999999999,-0.34999999999999987,18610,0.006761096772693452
S1C_W0.80_r00,0.8,rearranged,-0.34999999999999987,-0.2999999999999998,17640,0.00640869140625
S1C_W0.80_r00,0.8,rearranged,-0.2999999999999998,-0.25,16810,0.006107148670014881
S1C_W0.80_r00,0.8,rearranged,-0.25,-0.19999999999999996,15855,0.00576019287109375
S1C_W0.80_r00,0.8,rearranged,-0.19999999999999996,-0.1499999999999999,15173,0.005512419201078869
S1C_W0.80_r00,0.8,rearranged,-0.1499999999999999,-0.09999999999999987,14068,0.005110967726934524
S1C_W0.80_r00,0.8,rearranged,-0.09999999999999987,-0.04999999999999982,13508,0.00490751720610119
S1C_W0.80_r00,0.8,rearranged,-0.04999999999999982,0.0,12683,0.004607790992373512
S1C_W0.80_r00,0.8,rearranged,0.0,0.050000000000000266,11898,0.004322596958705357
S1C_W0.80_r00,0.8,rearranged,0.050000000000000266,0.10000000000000009,11167,0.00405702136811756
S1C_W0.80_r00,0.8,rearranged,0.10000000000000009,0.1499999999999999,10270,0.003731137230282738
S1C_W0.80_r00,0.8,rearranged,0.1499999999999999,0.20000000000000018,9633,0.0034997122628348215
S1C_W0.80_r00,0.8,rearranged,0.20000000000000018,0.25,9077,0.0032977149600074405
S1C_W0.80_r00,0.8,rearranged,0.25,0.30000000000000027,8393,0.0030492146809895835
S1C_W0.80_r00,0.8,rearranged,0.30000000000000027,0.3500000000000001,7834,0.002846127464657738
S1C_W0.80_r00,0.8,rearranged,0.3500000000000001,0.40000000000000036,7297,0.002651032947358631
S1C_W0.80_r00,0.8,rearranged,0.40000000000000036,0.4500000000000002,6921,0.002514430454799107
S1C_W0.80_r00,0.8,rearranged,0.4500000000000002,0.5,6346,0.0023055303664434525
S1C_W0.80_r00,0.8,rearranged,0.5,0.5500000000000003,5848,0.002124604724702381
S1C_W0.80_r00,0.8,rearranged,0.5500000000000003,0.6000000000000001,5647,0.002051580519903274
S1C_W0.80_r00,0.8,rearranged,0.6000000000000001,0.6500000000000004,5351,0.0019440423874627975
S1C_W0.80_r00,0.8,rearranged,0.6500000000000004,0.7000000000000002,4805,0.0017456781296502975
S1C_W0.80_r00,0.8,rearranged,0.7000000000000002,0.75,4583,0.0016650245303199405
S1C_W0.80_r00,0.8,rearranged,0.75,0.8000000000000003,4323,0.0015705653599330357
S1C_W0.80_r00,0.8,rearranged,0.8000000000000003,0.8500000000000001,3953,0.0014361426943824405
S1C_W0.80_r00,0.8,rearranged,0.8500000000000001,0.9000000000000004,3784,0.0013747442336309525
S1C_W0.80_r00,0.8,rearranged,0.9000000000000004,0.9500000000000002,3462,0.0012577601841517857
S1C_W0.80_r00,0.8,rearranged,0.9500000000000002,1.0,3328,0.001209077380952381
S1C_W0.80_r00,0.8,rearranged,1.0,1.0500000000000003,2987,0.0010851905459449405
S1C_W0.80_r00,0.8,rearranged,1.0500000000000003,1.1,2787,0.0010125296456473215
S1C_W0.80_r00,0.8,rearranged,1.1,1.1500000000000004,2684,0.0009751092819940476
S1C_W0.80_r00,0.8,rearranged,1.1500000000000004,1.2000000000000002,2478,0.0009002685546875
S1C_W0.80_r00,0.8,rearranged,1.2000000000000002,1.25,2258,0.000820341564360119
S1C_W0.80_r00,0.8,rearranged,1.25,1.3000000000000003,2093,0.0007603963216145834
S1C_W0.80_r00,0.8,rearranged,1.3000000000000003,1.35,1902,0.0006910051618303571
S1C_W0.80_r00,0.8,rearranged,1.35,1.4000000000000004,1725,0.0006267002650669643
S1C_W0.80_r00,0.8,rearranged,1.4000000000000004,1.4500000000000002,1649,0.000599089122953869
S1C_W0.80_r00,0.8,rearranged,1.4500000000000002,1.5,1464,0.0005318777901785714
S1C_W0.80_r00,0.8,rearranged,1.5,1.5500000000000003,1412,0.0005129859561011905
S1C_W0.80_r00,0.8,rearranged,1.5500000000000003,1.6,1207,0.00043850853329613094
S1C_W0.80_r00,0.8,rearranged,1.6,1.6500000000000004,1095,0.0003978184291294643
S1C_W0.80_r00,0.8,rearranged,1.6500000000000004,1.7000000000000002,1020,0.00037057059151785713
S1C_W0.80_r00,0.8,rearranged,1.7000000000000002,1.75,893,0.00032443091982886906
S1C_W0.80_r00,0.8,rearranged,1.75,1.8000000000000003,812,0.0002950032552083333
S1C_W0.80_r00,0.8,rearranged,1.8000000000000003,1.85,728,0.0002644856770833333
S1C_W0.80_r00,0.8,rearranged,1.85,1.9000000000000004,593,0.00021543956938244047
S1C_W0.80_r00,0.8,rearranged,1.9000000000000004,1.9500000000000002,457,0.00016603015718005953
S1C_W0.80_r00,0.8,rearranged,1.9500000000000002,2.0,272,9.88188244047619e-05
S1C_W0.80_r01,0.8,original,-2.0,-1.95,118341,0.04299381801060268
S1C_W0.80_r01,0.8,original,-1.95,-1.9,197505,0.07175445556640625
S1C_W0.80_r01,0.8,original,-1.9,-1.85,224938,0.08172098795572917
S1C_W0.80_r01,0.8,original,-1.85,-1.8,221199,0.08036259242466517
S1C_W0.80_r01,0.8,original,-1.8,-1.75,194975,0.07083529517764137
S1C_W0.80_r01,0.8,original,-1.75,-1.7,161724,0.05875505719866071
S1C_W0.80_r01,0.8,original,-1.7,-1.65,133737,0.048587254115513394
S1C_W0.80_r01,0.8,original,-1.65,-1.6,113650,0.04128955659412202
S1C_W0.80_r01,0.8,original,-1.6,-1.55,99211,0.036043802897135414
S1C_W0.80_r01,0.8,original,-1.55,-1.5,88559,0.03217388334728423
S1C_W0.80_r01,0.8,original,-1.5,-1.45,80142,0.029115949358258928
S1C_W0.80_r01,0.8,original,-1.45,-1.4,72587,0.02637118384951637
S1C_W0.80_r01,0.8,original,-1.4,-1.35,66803,0.024269830612909226
S1C_W0.80_r01,0.8,original,-1.35,-1.2999999999999998,61843,0.022467840285528274
S1C_W0.80_r01,0.8,original,-1.2999999999999998,-1.25,57377,0.020845322381882442
S1C_W0.80_r01,0.8,original,-1.25,-1.2,53009,0.019258408319382442
S1C_W0.80_r01,0.8,original,-1.2,-1.15,49524,0.017992292131696428
S1C_W0.80_r01,0.8,original,-1.15,-1.1,45967,0.016700018019903274
S1C_W0.80_r01,0.8,original,-1.1,-1.0499999999999998,43341,0.015745980398995534
S1C_W0.80_r01,0.8,original,-1.0499999999999998,-1.0,40466,0.014701479957217262
S1C_W0.80_r01,0.8,original,-1.0,-0.95,38051,0.013824099586123512
S1C_W0.80_r01,0.8,original,-0.95,-0.8999999999999999,35505,0.012899126325334822
S1C_W0.80_r01,0.8,original,-0.8999999999999999,-0.8499999999999999,33578,0.012199038550967262
S1C_W0.80_r01,0.8,original,-0.8499999999999999,-0.7999999999999998,31651,0.011498950776599702
S1C_W0.80_r01,0.8,original,-0.7999999999999998,-0.75,29445,0.010697501046316964
S1C_W0.80_r01,0.8,original,-0.75,-0.7,28248,0.010262625558035714
S1C_W0.80_r01,0.8,original,-0.7,-0.6499999999999999,26761,0.009722391764322916
S1C_W0.80_r01,0.8,original,-0.6499999999999999,-0.5999999999999999,25176,0.009146554129464286
S1C_W0.80_r01,0.8,original,-0.5999999999999999,-0.5499999999999998,23716,0.008616129557291666
S1C_W0.80_r01,0.8,original,-0.5499999999999998,-0.5,22363,0.008124578566778274
S1C_W0.80_r01,0.8,original,-0.5,-0.44999999999999996,21109,0.007668994721912202
S1C_W0.80_r01,0.8,original,-0.44999999999999996,-0.3999999999999999,19889,0.007225763230096726
S1C_W0.80_r01,0.8,original,-0.3999999999999999,-0.34999999999999987,19042,0.00691804431733631
S1C_W0.80_r01,0.8,original,-0.34999999999999987,-0.2999999999999998,17836,0.006479899088541667
S1C_W0.80_r01,0.8,original,-0.2999999999999998,-0.25,17159,0.006233941941034226
S1C_W0.80_r01,0.8,original,-0.25,-0.19999999999999996,16105,0.005851018996465774
S1C_W0.80_r01,0.8,original,-0.19999999999999996,-0.1499999999999999,15140,0.005500430152529762
S1C_W0.80_r01,0.8,original,-0.1499999999999999,-0.09999999999999987,14405,0.005233401343936012
S1C_W0.80_r01,0.8,original,-0.09999999999999987,-0.04999999999999982,13619,0.004947844005766369
S1C_W0.80_r01,0.8,original,-0.04999999999999982,0.0,13013,0.004727681477864583
S1C_W0.80_r01,0.8,original,0.0,0.050000000000000266,12257,0.004453023274739583
S1C_W0.80_r01,0.8,original,0.050000000000000266,0.10000000000000009,11200,0.004069010416666667
S1C_W0.80_r01,0.8,original,0.10000000000000009,0.1499999999999999,10365,0.003765651157924107
S1C_W0.80_r01,0.8,original,0.1499999999999999,0.20000000000000018,9822,0.0035683768136160715
S1C_W0.80_r01,0.8,original,0.20000000000000018,0.25,8961,0.0032555716378348215
S1C_W0.80_r01,0.8,original,0.25,0.30000000000000027,8528,0.003098260788690476
S1C_W0.80_r01,0.8,original,0.30000000000000027,0.3500000000000001,7996,0.0029049827938988095
S1C_W0.80_r01,0.8,original,0.3500000000000001,0.40000000000000036,7320,0.002659388950892857
S1C_W0.80_r01,0.8,original,0.40000000000000036,0.4500000000000002,6889,0.002502804710751488
S1C_W0.80_r01,0.8,original,0.4500000000000002,0.5,6411,0.0023291451590401785
S1C_W0.80_r01,0.8,original,0.5,0.5500000000000003,6108,0.0022190638950892855
S1C_W0.80_r01,0.8,original,0.5500000000000003,0.6000000000000001,5694,0.0020686558314732145
S1C_W0.80_r01,0.8,original,0.6000000000000001,0.6500000000000004,5348,0.0019429524739583333
S1C_W0.80_r01,0.8,original,0.6500000000000004,0.7000000000000002,5091,0.0018495832170758928
S1C_W0.80_r01,0.8,original,0.7000000000000002,0.75,4640,0.001685732886904762
S1C_W0.80_r01,0.8,original,0.75,0.8000000000000003,4258,0.0015469505673363095
S1C_W0.80_r01,0.8,original,0.8000000000000003,0.8500000000000001,4166,0.0015135265531994048
S1C_W0.80_r01,0.8,original,0.8500000000000001,0.9000000000000004,3823,0.001388913109188988
S1C_W0.80_r01,0.8,original,0.9000000000000004,0.9500000000000002,3523,0.0012799217587425595
S1C_W0.80_r01,0.8,original,0.9500000000000002,1.0,3223,0.001170930408296131
S1C_W0.80_r01,0.8,original,1.0,1.0500000000000003,2962,0.001076107933407738
S1C_W0.80_r01,0.8,original,1.0500000000000003,1.1,2776,0.0010085332961309525
S1C_W0.80_r01,0.8,original,1.1,1.1500000000000004,2616,0.0009504045758928571
S1C_W0.80_r01,0.8,original,1.1500000000000004,1.2000000000000002,2427,0.0008817400251116071
S1C_W0.80_r01,0.8,original,1.2000000000000002,1.25,2278,0.000827607654389881
S1C_W0.80_r01,0.8,original,1.25,1.3000000000000003,2082,0.0007563999720982143
S1C_W0.80_r01,0.8,original,1.3000000000000003,1.35,1841,0.0006688435872395834
S1C_W0.80_r01,0.8,original,1.35,1.4000000000000004,1730,0.0006285167875744048
S1C_W0.80_r01,0.8,original,1.4000000000000004,1.4500000000000002,1536,0.0005580357142857143
S1C_W0.80_r01,0.8,original,1.4500000000000002,1.5,1468,0.0005333310081845238
S1C_W0.80_r01,0.8,original,1.5,1.5500000000000003,1348,0.0004897344680059524
S1C_W0.80_r01,0.8,original,1.5500000000000003,1.6,1168,0.00042433965773809525
S1C_W0.80_r01,0.8,original,1.6,1.6500000000000004,1081,0.00039273216610863094
S1C_W0.80_r01,0.8,original,1.6500000000000004,1.7000000000000002,1050,0.0003814697265625
S1C_W0.80_r01,0.8,original,1.7000000000000002,1.75,872,0.00031680152529761906
S1C_W0.80_r01,0.8,original,1.75,1.8000000000000003,818,0.0002971830822172619
S1C_W0.80_r01,0.8,original,1.8000000000000003,1.85,763,0.0002772013346354167
S1C_W0.80_r01,0.8,original,1.85,1.9000000000000004,644,0.00023396809895833334
S1C_W0.80_r01,0.8,original,1.9000000000000004,1.9500000000000002,469,0.00017038981119791666
S1C_W0.80_r01,0.8,original,1.9500000000000002,2.0,251,9.11894298735119e-05
S1C_W0.80_r01,0.8,rearranged,-2.0,-1.95,118993,0.043230692545572914
S1C_W0.80_r01,0.8,rearranged,-1.95,-1.9,197507,0.07175518217540923
S1C_W0.80_r01,0.8,rearranged,-1.9,-1.85,225711,0.08200182233537946
S1C_W0.80_r01,0.8,rearranged,-1.85,-1.8,222305,0.08076440720331102
S1C_W0.80_r01,0.8,rearranged,-1.8,-1.75,195164,0.07090395972842262
S1C_W0.80_r01,0.8,rearranged,-1.75,-1.7,162150,0.058909824916294644
S1C_W0.80_r01,0.8,rearranged,-1.7,-1.65,133675,0.048564729236421134
S1C_W0.80_r01,0.8,rearranged,-1.65,-1.6,113684,0.041301908947172616
S1C_W0.80_r01,0.8,rearranged,-1.6,-1.55,100007,0.03633299328031994
S1C_W0.80_r01,0.8,rearranged,-1.55,-1.5,88313,0.032084510439918154
S1C_W0.80_r01,0.8,rearranged,-1.5,-1.45,80088,0.029096330915178572
S1C_W0.80_r01,0.8,rearranged,-1.45,-1.4,72879,0.026477268763950894
S1C_W0.80_r01,0.8,rearranged,-1.4,-1.35,66854,0.02428835914248512
S1C_W0.80_r01,0.8,rearranged,-1.35,-1.2999999999999998,61702,0.022416614350818452
S1C_W0.80_r01,0.8,rearranged,-1.2999999999999998,-1.25,56867,0.02066003708612351
S1C_W0.80_r01,0.8,rearranged,-1.25,-1.2,52499,0.01907312302362351
S1C_W0.80_r01,0.8,rearranged,-1.2,-1.15,49230,0.017885480608258928
S1C_W0.80_r01,0.8,rearranged,-1.15,-1.1,46124,0.016757056826636904
S1C_W0.80_r01,0.8,rearranged,-1.1,-1.0499999999999998,43040,0.01563662574404762
S1C_W0.80_r01,0.8,rearranged,-1.0499999999999998,-1.0,40527,0.014723641531808036
S1C_W0.80_r01,0.8,rearranged,-1.0,-0.95,37909,0.013772510346912202
S1C_W0.80_r01,0.8,rearranged,-0.95,-0.8999999999999999,35437,0.01287442161923363
S1C_W0.80_r01,0.8,rearranged,-0.8999999999999999,-0.8499999999999999,33487,0.012165977841331846
S1C_W0.80_r01,0.8,rearranged,-0.8499999999999999,-0.7999999999999998,31488,0.011439732142857142
S1C_W0.80_r01,0.8,rearranged,-0.7999999999999998,-0.75,29414,0.010686238606770834
S1C_W0.80_r01,0.8,rearranged,-0.75,-0.7,28091,0.010205586751302084
S1C_W0.80_r01,0.8,rearranged,-0.7,-0.6499999999999999,26417,0.009597415015811012
S1C_W0.80_r01,0.8,rearranged,-0.6499999999999999,-0.5999999999999999,24754,0.00899323962983631
S1C_W0.80_r01,0.8,rearranged,-0.5999999999999999,-0.5499999999999998,23600,0.008573986235119048
S1C_W0.80_r01,0.8,rearranged,-0.5499999999999998,-0.5,22448,0.008155459449404762
S1C_W0.80_r01,0.8,rearranged,-0.5,-0.44999999999999996,20890,0.00758943103608631
S1C_W0.80_r01,0.8,rearranged,-0.44999999999999996,-0.3999999999999999,19594,0.007118588402157738
S1C_W0.80_r01,0.8,rearranged,-0.3999999999999999,-0.34999999999999987,18674,0.00678434826078869
S1C_W0.80_r01,0.8,rearranged,-0.34999999999999987,-0.2999999999999998,17667,0.006418500627790179
S1C_W0.80_r01,0.8,rearranged,-0.2999999999999998,-0.25,16603,0.006031944638206845
S1C_W0.80_r01,0.8,rearranged,-0.25,-0.19999999999999996,15936,0.005789620535714286
S1C_W0.80_r01,0.8,rearranged,-0.19999999999999996,-0.1499999999999999,15197,0.005521138509114583
S1C_W0.80_r01,0.8,rearranged,-0.1499999999999999,-0.09999999999999987,14109,0.005125863211495536
S1C_W0.80_r01,0.8,rearranged,-0.09999999999999987,-0.04999999999999982,13581,0.004934038434709821
S1C_W0.80_r01,0.8,rearranged,-0.04999999999999982,0.0,12985,0.004717508951822917
S1C_W0.80_r01,0.8,rearranged,0.0,0.050000000000000266,12048,0.004377092633928571
S1C_W0.80_r01,0.8,rearranged,0.050000000000000266,0.10000000000000009,11346,0.004122052873883929
S1C_W0.80_r01,0.8,rearranged,0.10000000000000009,0.1499999999999999,10477,0.003806341262090774
S1C_W0.80_r01,0.8,rearranged,0.1499999999999999,0.20000000000000018,9761,0.0035462152390252975
S1C_W0.80_r01,0.8,rearranged,0.20000000000000018,0.25,9142,0.0033213297526041665
S1C_W0.80_r01,0.8,rearranged,0.25,0.30000000000000027,8584,0.0031186058407738095
S1C_W0.80_r01,0.8,rearranged,0.30000000000000027,0.3500000000000001,8106,0.0029449462890625
S1C_W0.80_r01,0.8,rearranged,0.3500000000000001,0.40000000000000036,7536,0.0027378627232142855
S1C_W0.80_r01,0.8,rearranged,0.40000000000000036,0.4500000000000002,7015,0.002548581077938988
S1C_W0.80_r01,0.8,rearranged,0.4500000000000002,0.5,6536,0.0023745582217261905
S1C_W0.80_r01,0.8,rearranged,0.5,0.5500000000000003,6161,0.002238319033668155
S1C_W0.80_r01,0.8,rearranged,0.5500000000000003,0.6000000000000001,5672,0.002060663132440476
S1C_W0.80_r01,0.8,rearranged,0.6000000000000001,0.6500000000000004,5388,0.001957484654017857
S1C_W0.80_r01,0.8,rearranged,0.6500000000000004,0.7000000000000002,5026,0.0018259684244791667
S1C_W0.80_r01,0.8,rearranged,0.7000000000000002,0.75,4621,0.001678830101376488
S1C_W0.80_r01,0.8,rearranged,0.75,0.8000000000000003,4437,0.0016119820731026785
S1C_W0.80_r01,0.8,rearranged,0.8000000000000003,0.8500000000000001,4056,0.0014735630580357143
S1C_W0.80_r01,0.8,rearranged,0.8500000000000001,0.9000000000000004,3914,0.0014219738188244048
S1C_W0.80_r01,0.8,rearranged,0.9000000000000004,0.9500000000000002,3575,0.0012988135928199405
S1C_W0.80_r01,0.8,rearranged,0.9500000000000002,1.0,3250,0.0011807396298363095
S1C_W0.80_r01,0.8,rearranged,1.0,1.0500000000000003,3040,0.0011044456845238095
S1C_W0.80_r01,0.8,rearranged,1.0500000000000003,1.1,2765,0.0010045369466145833
S1C_W0.80_r01,0.8,rearranged,1.1,1.1500000000000004,2610,0.0009482247488839286
S1C_W0.80_r01,0.8,rearranged,1.1500000000000004,1.2000000000000002,2450,0.0008900960286458334
S1C_W0.80_r01,0.8,rearranged,1.2000000000000002,1.25,2275,0.0008265177408854166
S1C_W0.80_r01,0.8,rearranged,1.25,1.3000000000000003,1974,0.0007171630859375
S1C_W0.80_r01,0.8,rearranged,1.3000000000000003,1.35,1882,0.0006837390718005952
S1C_W0.80_r01,0.8,rearranged,1.35,1.4000000000000004,1757,0.0006383260091145834
S1C_W0.80_r01,0.8,rearranged,1.4000000000000004,1.4500000000000002,1553,0.0005642118908110119
S1C_W0.80_r01,0.8,rearranged,1.4500000000000002,1.5,1423,0.0005169823056175595
S1C_W0.80_r01,0.8,rearranged,1.5,1.5500000000000003,1324,0.0004810151599702381
S1C_W0.80_r01,0.8,rearranged,1.5500000000000003,1.6,1181,0.0004290626162574405
S1C_W0.80_r01,0.8,rearranged,1.6,1.6500000000000004,1074,0.0003901890345982143
S1C_W0.80_r01,0.8,rearranged,1.6500000000000004,1.7000000000000002,985,0.0003578549339657738
S1C_W0.80_r01,0.8,rearranged,1.7000000000000002,1.75,920,0.0003342401413690476
S1C_W0.80_r01,0.8,rearranged,1.75,1.8000000000000003,852,0.00030953543526785713
S1C_W0.80_r01,0.8,rearranged,1.8000000000000003,1.85,743,0.00026993524460565475
S1C_W0.80_r01,0.8,rearranged,1.85,1.9000000000000004,689,0.0002503168015252976
S1C_W0.80_r01,0.8,rearranged,1.9000000000000004,1.9500000000000002,510,0.00018528529575892856
S1C_W0.80_r01,0.8,rearranged,1.9500000000000002,2.0,254,9.227934337797619e-05
S1C_W0.80_r02,0.8,original,-2.0,-1.95,118869,0.043185642787388394
S1C_W0.80_r02,0.8,original,-1.95,-1.9,198749,0.07220640636625744
S1C_W0.80_r02,0.8,original,-1.9,-1.85,225333,0.08186449323381696
S1C_W0.80_r02,0.8,original,-1.85,-1.8,220645,0.08016132173084077
S1C_W0.80_r02,0.8,original,-1.8,-1.75,194074,0.0705079578218006
S1C_W0.80_r02,0.8,original,-1.75,-1.7,161040,0.058506556919642856
S1C_W0.80_r02,0.8,original,-1.7,-1.65,132687,0.048205784388950894
S1C_W0.80_r02,0.8,original,-1.65,-1.6,113714,0.04131280808221726
S1C_W0.80_r02,0.8,original,-1.6,-1.55,99337,0.036089579264322914
S1C_W0.80_r02,0.8,original,-1.55,-1.5,88271,0.032069251650855654
S1C_W0.80_r02,0.8,original,-1.5,-1.45,80335,0.02918606712704613
S1C_W0.80_r02,0.8,original,-1.45,-1.4,72816,0.026454380580357144
S1C_W0.80_r02,0.8,original,-1.4,-1.35,66569,0.02418481735956101
S1C_W0.80_r02,0.8,original,-1.35,-1.2999999999999998,61754,0.022435506184895832
S1C_W0.80_r02,0.8,original,-1.2999999999999998,-1.25,57413,0.02085840134393601
S1C_W0.80_r02,0.8,original,-1.25,-1.2,53062,0.019277663457961308
S1C_W0.80_r02,0.8,original,-1.2,-1.15,49705,0.018058050246465774
S1C_W0.80_r02,0.8,original,-1.15,-1.1,45957,0.016696384974888394
S1C_W0.80_r02,0.8,original,-1.1,-1.0499999999999998,42810,0.015553065708705358
S1C_W0.80_r02,0.8,original,-1.0499999999999998,-1.0,40534,0.014726184663318452
S1C_W0.80_r02,0.8,original,-1.0,-0.95,37604,0.013661702473958334
S1C_W0.80_r02,0.8,original,-0.95,-0.8999999999999999,35819,0.013013203938802084
S1C_W0.80_r02,0.8,original,-0.8999999999999999,-0.8499999999999999,33420,0.012141636439732142
S1C_W0.80_r02,0.8,original,-0.8499999999999999,-0.7999999999999998,31490,0.01144045875186012
S1C_W0.80_r02,0.8,original,-0.7999999999999998,-0.75,29861,0.010848635718936012
S1C_W0.80_r02,0.8,original,-0.75,-0.7,28036,0.010185605003720238
S1C_W0.80_r02,0.8,original,-0.7,-0.6499999999999999,26720,0.009707496279761904
S1C_W0.80_r02,0.8,original,-0.6499999999999999,-0.5999999999999999,25383,0.009221758161272322
S1C_W0.80_r02,0.8,original,-0.5999999999999999,-0.5499999999999998,23767,0.00863465808686756
S1C_W0.80_r02,0.8,original,-0.5499999999999998,-0.5,22513,0.008179074242001488
S1C_W0.80_r02,0.8,original,-0.5,-0.44999999999999996,21020,0.007636660621279762
S1C_W0.80_r02,0.8,original,-0.44999999999999996,-0.3999999999999999,20018,0.00727262951078869
S1C_W0.80_r02,0.8,original,-0.3999999999999999,-0.34999999999999987,19152,0.0069580078125
S1C_W0.80_r02,0.8,original,-0.34999999999999987,-0.2999999999999998,18052,0.006558372860863095
S1C_W0.80_r02,0.8,original,-0.2999999999999998,-0.25,17094,0.0062103271484375
S1C_W0.80_r02,0.8,original,-0.25,-0.19999999999999996,16110,0.005852835518973214
S1C_W0.80_r02,0.8,original,-0.19999999999999996,-0.1499999999999999,15426,0.005604335239955357
S1C_W0.80_r02,0.8,original,-0.1499999999999999,-0.09999999999999987,14457,0.005252293178013393
S1C_W0.80_r02,0.8,original,-0.09999999999999987,-0.04999999999999982,13750,0.00499543689546131
S1C_W0.80_r02,0.8,original,-0.04999999999999982,0.0,12914,0.004691714332217262
S1C_W0.80_r02,0.8,original,0.0,0.050000000000000266,12356,0.004488990420386905
S1C_W0.80_r02,0.8,original,0.050000000000000266,0.10000000000000009,11219,0.00407591320219494
S1C_W0.80_r02,0.8,original,0.10000000000000009,0.1499999999999999,10510,0.003818330310639881
S1C_W0.80_r02,0.8,original,0.1499999999999999,0.20000000000000018,9763,0.003546941848028274
S1C_W0.80_r02,0.8,original,0.20000000000000018,0.25,9062,0.003292265392485119
S1C_W0.80_r02,0.8,original,0.25,0.30000000000000027,8679,0.0031531197684151785
S1C_W0.80_r02,0.8,original,0.30000000000000027,0.3500000000000001,7870,0.0028592064267113095
S1C_W0.80_r02,0.8,original,0.3500000000000001,0.40000000000000036,7565,0.0027483985537574405
S1C_W0.80_r02,0.8,original,0.40000000000000036,0.4500000000000002,6867,0.00249481201171875
S1C_W0.80_r02,0.8,original,0.4500000000000002,0.5,6362,0.002311343238467262
S1C_W0.80_r02,0.8,original,0.5,0.5500000000000003,6109,0.002219427199590774
S1C_W0.80_r02,0.8,original,0.5500000000000003,0.6000000000000001,5669,0.002059573218936012
S1C_W0.80_r02,0.8,original,0.6000000000000001,0.6500000000000004,5193,0.0018866402762276785
S1C_W0.80_r02,0.8,original,0.6500000000000004,0.7000000000000002,5061,0.00183868408203125
S1C_W0.80_r02,0.8,original,0.7000000000000002,0.75,4640,0.001685732886904762
S1C_W0.80_r02,0.8,original,0.75,0.8000000000000003,4359,0.0015836443219866072
S1C_W0.80_r02,0.8,original,0.8000000000000003,0.8500000000000001,3993,0.0014506748744419643
S1C_W0.80_r02,0.8,original,0.8500000000000001,0.9000000000000004,3798,0.0013798304966517857
S1C_W0.80_r02,0.8,original,0.9000000000000004,0.9500000000000002,3612,0.001312255859375
S1C_W0.80_r02,0.8,original,0.9500000000000002,1.0,3194,0.0011603945777529762
S1C_W0.80_r02,0.8,original,1.0,1.0500000000000003,2959,0.0010750180199032738
S1C_W0.80_r02,0.8,original,1.0500000000000003,1.1,2785,0.0010118030366443452
S1C_W0.80_r02,0.8,original,1.1,1.1500000000000004,2638,0.0009583972749255952
S1C_W0.80_r02,0.8,original,1.1500000000000004,1.2000000000000002,2510,0.000911894298735119
S1C_W0.80_r02,0.8,original,1.2000000000000002,1.25,2335,0.0008483160109747024
S1C_W0.80_r02,0.8,original,1.25,1.3000000000000003,2071,0.0007524036225818452
S1C_W0.80_r02,0.8,original,1.3000000000000003,1.35,1879,0.000682649158296131
S1C_W0.80_r02,0.8,original,1.35,1.4000000000000004,1702,0.0006183442615327381
S1C_W0.80_r02,0.8,original,1.4000000000000004,1.4500000000000002,1599,0.0005809238978794643
S1C_W0.80_r02,0.8,original,1.4500000000000002,1.5,1455,0.0005286080496651786
S1C_W0.80_r02,0.8,original,1.5,1.5500000000000003,1303,0.0004733857654389881
S1C_W0.80_r02,0.8,original,1.5500000000000003,1.6,1150,0.0004178001767113095
S1C_W0.80_r02,0.8,original,1.6,1.6500000000000004,1108,0.0004025413876488095
S1C_W0.80_r02,0.8,original,1.6500000000000004,1.7000000000000002,973,0.0003534952799479167
S1C_W0.80_r02,0.8,original,1.7000000000000002,1.75,882,0.0003204345703125
S1C_W0.80_r02,0.8,original,1.75,1.8000000000000003,840,0.00030517578125
S1C_W0.80_r02,0.8,original,1.8000000000000003,1.85,742,0.0002695719401041667
S1C_W0.80_r02,0.8,original,1.85,1.9000000000000004,649,0.0002357846214657738
S1C_W0.80_r02,0.8,original,1.9000000000000004,1.9500000000000002,488,0.00017729259672619047
S1C_W0.80_r02,0.8,original,1.9500000000000002,2.0,283,0.00010281517392113095
S1C_W0.80_r02,0.8,rearranged,-2.0,-1.95,119567,0.043439229329427086
S1C_W0.80_r02,0.8,rearranged,-1.95,-1.9,199866,0.07261221749441964
S1C_W0.80_r02,0.8,rearranged,-1.9,-1.85,226971,0.08245958600725446
S1C_W0.80_r02,0.8,rearranged,-1.85,-1.8,222644,0.08088756742931548
S1C_W0.80_r02,0.8,rearranged,-1.8,-1.75,195359,0.07097480410621279
S1C_W0.80_r02,0.8,rearranged,-1.75,-1.7,161505,0.05867549351283482
S1C_W0.80_r02,0.8,rearranged,-1.7,-1.65,133737,0.048587254115513394
S1C_W0.80_r02,0.8,rearranged,-1.65,-1.6,113783,0.04133787609281994
S1C_W0.80_r02,0.8,rearranged,-1.6,-1.55,99495,0.03614698137555804
S1C_W0.80_r02,0.8,rearranged,-1.55,-1.5,87962,0.031956990559895836
S1C_W0.80_r02,0.8,rearranged,-1.5,-1.45,79704,0.028956821986607144
S1C_W0.80_r02,0.8,rearranged,-1.45,-1.4,71967,0.02614593505859375
S1C_W0.80_r02,0.8,rearranged,-1.4,-1.35,66468,0.024148123604910716
S1C_W0.80_r02,0.8,rearranged,-1.35,-1.2999999999999998,60462,0.021966116768973216
S1C_W0.80_r02,0.8,rearranged,-1.2999999999999998,-1.25,56509,0.020529974074590774
S1C_W0.80_r02,0.8,rearranged,-1.25,-1.2,52796,0.019181024460565476
S1C_W0.80_r02,0.8,rearranged,-1.2,-1.15,48690,0.017689296177455356
S1C_W0.80_r02,0.8,rearranged,-1.15,-1.1,45550,0.01654852004278274
S1C_W0.80_r02,0.8,rearranged,-1.1,-1.0499999999999998,42809,0.01555270240420387
S1C_W0.80_r02,0.8,rearranged,-1.0499999999999998,-1.0,39789,0.014455522809709822
S1C_W0.80_r02,0.8,rearranged,-1.0,-0.95,37488,0.013619559151785714
S1C_W0.80_r02,0.8,rearranged,-0.95,-0.8999999999999999,35447,0.012878054664248512
S1C_W0.80_r02,0.8,rearranged,-0.8999999999999999,-0.8499999999999999,33169,0.01205044700985863
S1C_W0.80_r02,0.8,rearranged,-0.8499999999999999,-0.7999999999999998,31142,0.011314028785342262
S1C_W0.80_r02,0.8,rearranged,-0.7999999999999998,-0.75,29691,0.010786873953683036
S1C_W0.80_r02,0.8,rearranged,-0.75,-0.7,27792,0.010096958705357142
S1C_W0.80_r02,0.8,rearranged,-0.7,-0.6499999999999999,26410,0.009594871884300596
S1C_W0.80_r02,0.8,rearranged,-0.6499999999999999,-0.5999999999999999,24892,0.009043375651041666
S1C_W0.80_r02,0.8,rearranged,-0.5999999999999999,-0.5499999999999998,23727,0.008620125906808036
S1C_W0.80_r02,0.8,rearranged,-0.5499999999999998,-0.5,22375,0.00812893822079613
S1C_W0.80_r02,0.8,rearranged,-0.5,-0.44999999999999996,21006,0.007631574358258929
S1C_W0.80_r02,0.8,rearranged,-0.44999999999999996,-0.3999999999999999,20033,0.007278079078311012
S1C_W0.80_r02,0.8,rearranged,-0.3999999999999999,-0.34999999999999987,18852,0.006849016462053571
S1C_W0.80_r02,0.8,rearranged,-0.34999999999999987,-0.2999999999999998,17901,0.006503513881138393
S1C_W0.80_r02,0.8,rearranged,-0.2999999999999998,-0.25,16749,0.006084987095424107
S1C_W0.80_r02,0.8,rearranged,-0.25,-0.19999999999999996,16323,0.005930219377790179
S1C_W0.80_r02,0.8,rearranged,-0.19999999999999996,-0.1499999999999999,15212,0.005526588076636905
S1C_W0.80_r02,0.8,rearranged,-0.1499999999999999,-0.09999999999999987,14510,0.005271548316592262
S1C_W0.80_r02,0.8,rearranged,-0.09999999999999987,-0.04999999999999982,13631,0.004952203659784226
S1C_W0.80_r02,0.8,rearranged,-0.04999999999999982,0.0,13121,0.004766918364025298
S1C_W0.80_r02,0.8,rearranged,0.0,0.050000000000000266,12391,0.004501706077938988
S1C_W0.80_r02,0.8,rearranged,0.050000000000000266,0.10000000000000009,11594,0.004212152390252976
S1C_W0.80_r02,0.8,rearranged,0.10000000000000009,0.1499999999999999,10532,0.003826323009672619
S1C_W0.80_r02,0.8,rearranged,0.1499999999999999,0.20000000000000018,9976,0.003624325706845238
S1C_W0.80_r02,0.8,rearranged,0.20000000000000018,0.25,9290,0.003375098818824405
S1C_W0.80_r02,0.8,rearranged,0.25,0.30000000000000027,8595,0.0031226021902901785
S1C_W0.80_r02,0.8,rearranged,0.30000000000000027,0.3500000000000001,8108,0.002945672898065476
S1C_W0.80_r02,0.8,rearranged,0.3500000000000001,0.40000000000000036,7633,0.002773103259858631
S1C_W0.80_r02,0.8,rearranged,0.40000000000000036,0.4500000000000002,6927,0.0025166102818080355
S1C_W0.80_r02,0.8,rearranged,0.4500000000000002,0.5,6727,0.0024439493815104165
S1C_W0.80_r02,0.8,rearranged,0.5,0.5500000000000003,6160,0.0022379557291666665
S1C_W0.80_r02,0.8,rearranged,0.5500000000000003,0.6000000000000001,5840,0.002121698288690476
S1C_W0.80_r02,0.8,rearranged,0.6000000000000001,0.6500000000000004,5452,0.001980736142113095
S1C_W0.80_r02,0.8,rearranged,0.6500000000000004,0.7000000000000002,5076,0.0018441336495535715
S1C_W0.80_r02,0.8,rearranged,0.7000000000000002,0.75,4708,0.0017104375930059525
S1C_W0.80_r02,0.8,rearranged,0.75,0.8000000000000003,4386,0.0015934535435267857
S1C_W0.80_r02,0.8,rearranged,0.8000000000000003,0.8500000000000001,3959,0.001438322521391369
S1C_W0.80_r02,0.8,rearranged,0.8500000000000001,0.9000000000000004,3638,0.0013217017764136905
S1C_W0.80_r02,0.8,rearranged,0.9000000000000004,0.9500000000000002,3529,0.001282101585751488
S1C_W0.80_r02,0.8,rearranged,0.9500000000000002,1.0,3192,0.00115966796875
S1C_W0.80_r02,0.8,rearranged,1.0,1.0500000000000003,3100,0.0011262439546130952
S1C_W0.80_r02,0.8,rearranged,1.0500000000000003,1.1,2787,0.0010125296456473215
S1C_W0.80_r02,0.8,rearranged,1.1,1.1500000000000004,2615,0.000950041271391369
S1C_W0.80_r02,0.8,rearranged,1.1500000000000004,1.2000000000000002,2417,0.0008781069800967262
S1C_W0.80_r02,0.8,rearranged,1.2000000000000002,1.25,2206,0.0008014497302827381
S1C_W0.80_r02,0.8,rearranged,1.25,1.3000000000000003,2056,0.0007469540550595238
S1C_W0.80_r02,0.8,rearranged,1.3000000000000003,1.35,1853,0.0006732032412574405
S1C_W0.80_r02,0.8,rearranged,1.35,1.4000000000000004,1656,0.0006016322544642857
S1C_W0.80_r02,0.8,rearranged,1.4000000000000004,1.4500000000000002,1513,0.0005496797107514881
S1C_W0.80_r02,0.8,rearranged,1.4500000000000002,1.5,1473,0.0005351475306919643
S1C_W0.80_r02,0.8,rearranged,1.5,1.5500000000000003,1342,0.0004875546409970238
S1C_W0.80_r02,0.8,rearranged,1.5500000000000003,1.6,1154,0.0004192533947172619
S1C_W0.80_r02,0.8,rearranged,1.6,1.6500000000000004,976,0.00035458519345238094
S1C_W0.80_r02,0.8,rearranged,1.6500000000000004,1.7000000000000002,949,0.0003447759719122024
S1C_W0.80_r02,0.8,rearranged,1.7000000000000002,1.75,858,0.0003117152622767857
S1C_W0.80_r02,0.8,rearranged,1.75,1.8000000000000003,747,0.00027138846261160713
S1C_W0.80_r02,0.8,rearranged,1.8000000000000003,1.85,644,0.00023396809895833334
S1C_W0.80_r02,0.8,rearranged,1.85,1.9000000000000004,636,0.00023106166294642856
S1C_W0.80_r02,0.8,rearranged,1.9000000000000004,1.9500000000000002,475,0.00017256963820684525
S1C_W0.80_r02,0.8,rearranged,1.9500000000000002,2.0,238,8.646647135416667e-05
S1C_W0.80_r03,0.8,original,-2.0,-1.95,118570,0.04307701474144345
S1C_W0.80_r03,0.8,original,-1.95,-1.9,198406,0.07208179292224702
S1C_W0.80_r03,0.8,original,-1.9,-1.85,225999,0.08210645403180804
S1C_W0.80_r03,0.8,original,-1.85,-1.8,221630,0.08051917666480654
S1C_W0.80_r03,0.8,original,-1.8,-1.75,194837,0.07078515915643602
S1C_W0.80_r03,0.8,original,-1.75,-1.7,161296,0.05859956287202381
S1C_W0.80_r03,0.8,original,-1.7,-1.65,133194,0.048389979771205356
S1C_W0.80_r03,0.8,original,-1.65,-1.6,114058,0.041437784830729164
S1C_W0.80_r03,0.8,original,-1.6,-1.55,99707,0.03622400192987351
S1C_W0.80_r03,0.8,original,-1.55,-1.5,88593,0.03218623570033482
S1C_W0.80_r03,0.8,original,-1.5,-1.45,80734,0.02933102562313988
S1C_W0.80_r03,0.8,original,-1.45,-1.4,72829,0.02645910353887649
S1C_W0.80_r03,0.8,original,-1.4,-1.35,66534,0.024172101702008928
S1C_W0.80_r03,0.8,original,-1.35,-1.2999999999999998,61471,0.022332691010974702
S1C_W0.80_r03,0.8,original,-1.2999999999999998,-1.25,56888,0.02066766648065476
S1C_W0.80_r03,0.8,original,-1.25,-1.2,52349,0.019018627348400298
S1C_W0.80_r03,0.8,original,-1.2,-1.15,49207,0.017877124604724702
S1C_W0.80_r03,0.8,original,-1.15,-1.1,46274,0.01681155250186012
S1C_W0.80_r03,0.8,original,-1.1,-1.0499999999999998,43118,0.015664963495163692
S1C_W0.80_r03,0.8,original,-1.0499999999999998,-1.0,40269,0.014629908970424108
S1C_W0.80_r03,0.8,original,-1.0,-0.95,38136,0.01385498046875
S1C_W0.80_r03,0.8,original,-0.95,-0.8999999999999999,35388,0.012856619698660714
S1C_W0.80_r03,0.8,original,-0.8999999999999999,-0.8499999999999999,33143,0.01204100109281994
S1C_W0.80_r03,0.8,original,-0.8499999999999999,-0.7999999999999998,31467,0.011432102748325892
S1C_W0.80_r03,0.8,original,-0.7999999999999998,-0.75,29470,0.010706583658854166
S1C_W0.80_r03,0.8,original,-0.75,-0.7,27869,0.010124933151971726
S1C_W0.80_r03,0.8,original,-0.7,-0.6499999999999999,26600,0.009663899739583334
S1C_W0.80_r03,0.8,original,-0.6499999999999999,-0.5999999999999999,24978,0.009074619838169642
S1C_W0.80_r03,0.8,original,-0.5999999999999999,-0.5499999999999998,23658,0.008595057896205358
S1C_W0.80_r03,0.8,original,-0.5499999999999998,-0.5,22318,0.00810822986421131
S1C_W0.80_r03,0.8,original,-0.5,-0.44999999999999996,21302,0.007739112490699405
S1C_W0.80_r03,0.8,original,-0.44999999999999996,-0.3999999999999999,19826,0.007202875046502976
S1C_W0.80_r03,0.8,original,-0.3999999999999999,-0.34999999999999987,18871,0.006855919247581845
S1C_W0.80_r03,0.8,original,-0.34999999999999987,-0.2999999999999998,17869,0.006491888137090774
S1C_W0.80_r03,0.8,original,-0.2999999999999998,-0.25,17184,0.006243024553571429
S1C_W0.80_r03,0.8,original,-0.25,-0.19999999999999996,16050,0.005831037248883929
S1C_W0.80_r03,0.8,original,-0.19999999999999996,-0.1499999999999999,15158,0.005506969633556548
S1C_W0.80_r03,0.8,original,-0.1499999999999999,-0.09999999999999987,14232,0.005170549665178571
S1C_W0.80_r03,0.8,original,-0.09999999999999987,-0.04999999999999982,13663,0.004963829403831845
S1C_W0.80_r03,0.8,original,-0.04999999999999982,0.0,13059,0.004744393484933036
S1C_W0.80_r03,0.8,original,0.0,0.050000000000000266,12298,0.004467918759300595
S1C_W0.80_r03,0.8,original,0.050000000000000266,0.10000000000000009,11334,0.004117693219866071
S1C_W0.80_r03,0.8,original,0.10000000000000009,0.1499999999999999,10604,0.003852480933779762
S1C_W0.80_r03,0.8,original,0.1499999999999999,0.20000000000000018,10011,0.0036370413643973215
S1C_W0.80_r03,0.8,original,0.20000000000000018,0.25,9408,0.00341796875
S1C_W0.80_r03,0.8,original,0.25,0.30000000000000027,8694,0.0031585693359375
S1C_W0.80_r03,0.8,original,0.30000000000000027,0.3500000000000001,8008,0.0029093424479166665
S1C_W0.80_r03,0.8,original,0.3500000000000001,0.40000000000000036,7380,0.002681187220982143
S1C_W0.80_r03,0.8,original,0.40000000000000036,0.4500000000000002,6988,0.0025387718563988095
S1C_W0.80_r03,0.8,original,0.4500000000000002,0.5,6432,0.0023367745535714285
S1C_W0.80_r03,0.8,original,0.5,0.5500000000000003,6187,0.002247764950706845
S1C_W0.80_r03,0.8,original,0.5500000000000003,0.6000000000000001,5577,0.002026149204799107
S1C_W0.80_r03,0.8,original,0.6000000000000001,0.6500000000000004,5306,0.0019276936848958333
S1C_W0.80_r03,0.8,original,0.6500000000000004,0.7000000000000002,4912,0.0017845517113095238
S1C_W0.80_r03,0.8,original,0.7000000000000002,0.75,4616,0.0016770135788690475
S1C_W0.80_r03,0.8,original,0.75,0.8000000000000003,4273,0.001552400134858631
S1C_W0.80_r03,0.8,original,0.8000000000000003,0.8500000000000001,4068,0.0014779227120535715
S1C_W0.80_r03,0.8,original,0.8500000000000001,0.9000000000000004,3867,0.0014048985072544643
S1C_W0.80_r03,0.8,original,0.9000000000000004,0.9500000000000002,3539,0.001285734630766369
S1C_W0.80_r03,0.8,original,0.9500000000000002,1.0,3185,0.0011571248372395833
S1C_W0.80_r03,0.8,original,1.0,1.0500000000000003,2910,0.0010572160993303572
S1C_W0.80_r03,0.8,original,1.0500000000000003,1.1,2778,0.0010092599051339285
S1C_W0.80_r03,0.8,original,1.1,1.1500000000000004,2614,0.000949677966889881
S1C_W0.80_r03,0.8,original,1.1500000000000004,1.2000000000000002,2434,0.0008842831566220238
S1C_W0.80_r03,0.8,original,1.2000000000000002,1.25,2195,0.000797453380766369
S1C_W0.80_r03,0.8,original,1.25,1.3000000000000003,2028,0.0007367815290178571
S1C_W0.80_r03,0.8,original,1.3000000000000003,1.35,1826,0.0006633940197172619
S1C_W0.80_r03,0.8,original,1.35,1.4000000000000004,1706,0.0006197974795386905
S1C_W0.80_r03,0.8,original,1.4000000000000004,1.4500000000000002,1581,0.0005743844168526786
S1C_W0.80_r03,0.8,original,1.4500000000000002,1.5,1361,0.0004944574265252976
S1C_W0.80_r03,0.8,original,1.5,1.5500000000000003,1301,0.0004726591564360119
S1C_W0.80_r03,0.8,original,1.5500000000000003,1.6,1170,0.00042506626674107144
S1C_W0.80_r03,0.8,original,1.6,1.6500000000000004,1035,0.00037602015904017856
S1C_W0.80_r03,0.8,original,1.6500000000000004,1.7000000000000002,946,0.0003436860584077381
S1C_W0.80_r03,0.8,original,1.7000000000000002,1.75,859,0.0003120785667782738
S1C_W0.80_r03,0.8,original,1.75,1.8000000000000003,812,0.0002950032552083333
S1C_W0.80_r03,0.8,original,1.8000000000000003,1.85,710,0.0002579461960565476
S1C_W0.80_r03,0.8,original,1.85,1.9000000000000004,613,0.00022270565941220238
S1C_W0.80_r03,0.8,original,1.9000000000000004,1.9500000000000002,487,0.00017692929222470238
S1C_W0.80_r03,0.8,original,1.9500000000000002,2.0,255,9.264264787946428e-05
S1C_W0.80_r03,0.8,rearranged,-2.0,-1.95,118374,0.04300580705915179
S1C_W0.80_r03,0.8,rearranged,-1.95,-1.9,198608,0.07215518043154762
S1C_W0.80_r03,0.8,rearranged,-1.9,-1.85,226004,0.08210827055431548
S1C_W0.80_r03,0.8,rearranged,-1.85,-1.8,220979,0.08028266543433779
S1C_W0.80_r03,0.8,rearranged,-1.8,-1.75,195366,0.07097734723772321
S1C_W0.80_r03,0.8,rearranged,-1.75,-1.7,161216,0.05857049851190476
S1C_W0.80_r03,0.8,rearranged,-1.7,-1.65,133735,0.048586527506510414
S1C_W0.80_r03,0.8,rearranged,-1.65,-1.6,113703,0.041308811732700894
S1C_W0.80_r03,0.8,rearranged,-1.6,-1.55,99354,0.03609575544084821
S1C_W0.80_r03,0.8,rearranged,-1.55,-1.5,88598,0.03218805222284226
S1C_W0.80_r03,0.8,rearranged,-1.5,-1.45,80126,0.02911013648623512
S1C_W0.80_r03,0.8,rearranged,-1.45,-1.4,72642,0.026391165597098216
S1C_W0.80_r03,0.8,rearranged,-1.4,-1.35,66949,0.02432287307012649
S1C_W0.80_r03,0.8,rearranged,-1.35,-1.2999999999999998,61372,0.02229672386532738
S1C_W0.80_r03,0.8,rearranged,-1.2999999999999998,-1.25,56983,0.02070218040829613
S1C_W0.80_r03,0.8,rearranged,-1.25,-1.2,52208,0.018967401413690476
S1C_W0.80_r03,0.8,rearranged,-1.2,-1.15,49038,0.017815726143973216
S1C_W0.80_r03,0.8,rearranged,-1.15,-1.1,46311,0.016824994768415178
S1C_W0.80_r03,0.8,rearranged,-1.1,-1.0499999999999998,42911,0.015589759463355654
S1C_W0.80_r03,0.8,rearranged,-1.0499999999999998,-1.0,39984,0.0145263671875
S1C_W0.80_r03,0.8,rearranged,-1.0,-0.95,37876,0.013760521298363096
S1C_W0.80_r03,0.8,rearranged,-0.95,-0.8999999999999999,35345,0.012840997605096726
S1C_W0.80_r03,0.8,rearranged,-0.8999999999999999,-0.8499999999999999,33668,0.01223173595610119
S1C_W0.80_r03,0.8,rearranged,-0.8499999999999999,-0.7999999999999998,31337,0.01138487316313244
S1C_W0.80_r03,0.8,rearranged,-0.7999999999999998,-0.75,29600,0.01075381324404762
S1C_W0.80_r03,0.8,rearranged,-0.75,-0.7,27828,0.010110037667410714
S1C_W0.80_r03,0.8,rearranged,-0.7,-0.6499999999999999,26569,0.009652637300037202
S1C_W0.80_r03,0.8,rearranged,-0.6499999999999999,-0.5999999999999999,24690,0.008969988141741072
S1C_W0.80_r03,0.8,rearranged,-0.5999999999999999,-0.5499999999999998,23747,0.008627391996837798
S1C_W0.80_r03,0.8,rearranged,-0.5499999999999998,-0.5,22394,0.008135841006324404
S1C_W0.80_r03,0.8,rearranged,-0.5,-0.44999999999999996,21065,0.007653009323846726
S1C_W0.80_r03,0.8,rearranged,-0.44999999999999996,-0.3999999999999999,20117,0.007308596656436012
S1C_W0.80_r03,0.8,rearranged,-0.3999999999999999,-0.34999999999999987,18839,0.006844293503534226
S1C_W0.80_r03,0.8,rearranged,-0.34999999999999987,-0.2999999999999998,18131,0.006587073916480655
S1C_W0.80_r03,0.8,rearranged,-0.2999999999999998,-0.25,16994,0.00617399669828869
S1C_W0.80_r03,0.8,rearranged,-0.25,-0.19999999999999996,16110,0.005852835518973214
S1C_W0.80_r03,0.8,rearranged,-0.19999999999999996,-0.1499999999999999,15361,0.005580720447358631
S1C_W0.80_r03,0.8,rearranged,-0.1499999999999999,-0.09999999999999987,14398,0.005230858212425595
S1C_W0.80_r03,0.8,rearranged,-0.09999999999999987,-0.04999999999999982,13757,0.004997980026971726
S1C_W0.80_r03,0.8,rearranged,-0.04999999999999982,0.0,13217,0.004801795596168155
S1C_W0.80_r03,0.8,rearranged,0.0,0.050000000000000266,12107,0.004398527599516369
S1C_W0.80_r03,0.8,rearranged,0.050000000000000266,0.10000000000000009,11526,0.004187447684151786
S1C_W0.80_r03,0.8,rearranged,0.10000000000000009,0.1499999999999999,10382,0.003771827334449405
S1C_W0.80_r03,0.8,rearranged,0.1499999999999999,0.20000000000000018,9807,0.00356292724609375
S1C_W0.80_r03,0.8,rearranged,0.20000000000000018,0.25,9132,0.0033176967075892855
S1C_W0.80_r03,0.8,rearranged,0.25,0.30000000000000027,8560,0.003109886532738095
S1C_W0.80_r03,0.8,rearranged,0.30000000000000027,0.3500000000000001,7933,0.0028820946103050595
S1C_W0.80_r03,0.8,rearranged,0.3500000000000001,0.40000000000000036,7515,0.0027302333286830355
S1C_W0.80_r03,0.8,rearranged,0.40000000000000036,0.4500000000000002,6776,0.0024617513020833335
S1C_W0.80_r03,0.8,rearranged,0.4500000000000002,0.5,6627,0.002407618931361607
S1C_W0.80_r03,0.8,rearranged,0.5,0.5500000000000003,6020,0.0021870930989583335
S1C_W0.80_r03,0.8,rearranged,0.5500000000000003,0.6000000000000001,5691,0.00206756591796875
S1C_W0.80_r03,0.8,rearranged,0.6000000000000001,0.6500000000000004,5342,0.0019407726469494048
S1C_W0.80_r03,0.8,rearranged,0.6500000000000004,0.7000000000000002,4868,0.0017685663132440475
S1C_W0.80_r03,0.8,rearranged,0.7000000000000002,0.75,4471,0.0016243344261532738
S1C_W0.80_r03,0.8,rearranged,0.75,0.8000000000000003,4334,0.0015745617094494048
S1C_W0.80_r03,0.8,rearranged,0.8000000000000003,0.8500000000000001,4048,0.0014706566220238095
S1C_W0.80_r03,0.8,rearranged,0.8500000000000001,0.9000000000000004,3828,0.0013907296316964285
S1C_W0.80_r03,0.8,rearranged,0.9000000000000004,0.9500000000000002,3401,0.001235598609561012
S1C_W0.80_r03,0.8,rearranged,0.9500000000000002,1.0,3250,0.0011807396298363095
S1C_W0.80_r03,0.8,rearranged,1.0,1.0500000000000003,3153,0.0011454990931919643
S1C_W0.80_r03,0.8,rearranged,1.0500000000000003,1.1,2833,0.0010292416527157738
S1C_W0.80_r03,0.8,rearranged,1.1,1.1500000000000004,2579,0.0009369623093377976
S1C_W0.80_r03,0.8,rearranged,1.1500000000000004,1.2000000000000002,2399,0.0008715674990699405
S1C_W0.80_r03,0.8,rearranged,1.2000000000000002,1.25,2293,0.0008330572219122024
S1C_W0.80_r03,0.8,rearranged,1.25,1.3000000000000003,2107,0.0007654825846354166
S1C_W0.80_r03,0.8,rearranged,1.3000000000000003,1.35,1963,0.000713166736421131
S1C_W0.80_r03,0.8,rearranged,1.35,1.4000000000000004,1839,0.0006681169782366071
S1C_W0.80_r03,0.8,rearranged,1.4000000000000004,1.4500000000000002,1671,0.0006070818219866071
S1C_W0.80_r03,0.8,rearranged,1.4500000000000002,1.5,1561,0.0005671183268229166
S1C_W0.80_r03,0.8,rearranged,1.5,1.5500000000000003,1435,0.0005213419596354166
S1C_W0.80_r03,0.8,rearranged,1.5500000000000003,1.6,1358,0.0004933675130208334
S1C_W0.80_r03,0.8,rearranged,1.6,1.6500000000000004,1124,0.00040835425967261906
S1C_W0.80_r03,0.8,rearranged,1.6500000000000004,1.7000000000000002,995,0.00036148797898065475
S1C_W0.80_r03,0.8,rearranged,1.7000000000000002,1.75,960,0.00034877232142857144
S1C_W0.80_r03,0.8,rearranged,1.75,1.8000000000000003,838,0.0003044491722470238
S1C_W0.80_r03,0.8,rearranged,1.8000000000000003,1.85,763,0.0002772013346354167
S1C_W0.80_r03,0.8,rearranged,1.85,1.9000000000000004,684,0.00024850027901785713
S1C_W0.80_r03,0.8,rearranged,1.9000000000000004,1.9500000000000002,541,0.00019654773530505953
S1C_W0.80_r03,0.8,rearranged,1.9500000000000002,2.0,294,0.0001068115234375
S1C_W0.80_r04,0.8,original,-2.0,-1.95,118320,0.04298618861607143
S1C_W0.80_r04,0.8,original,-1.95,-1.9,197869,0.07188669840494792
S1C_W0.80_r04,0.8,original,-1.9,-1.85,224530,0.08157275971912202
S1C_W0.80_r04,0.8,original,-1.85,-1.8,221442,0.08045087541852679
S1C_W0.80_r04,0.8,original,-1.8,-1.75,194002,0.07048179989769346
S1C_W0.80_r04,0.8,original,-1.75,-1.7,160857,0.05844007219587054
S1C_W0.80_r04,0.8,original,-1.7,-1.65,132334,0.048077537899925596
S1C_W0.80_r04,0.8,original,-1.65,-1.6,113349,0.041180201939174106
S1C_W0.80_r04,0.8,original,-1.6,-1.55,99635,0.036197844005766366
S1C_W0.80_r04,0.8,original,-1.55,-1.5,88750,0.03224327450706845
S1C_W0.80_r04,0.8,original,-1.5,-1.45,79583,0.028912862141927082
S1C_W0.80_r04,0.8,original,-1.45,-1.4,73307,0.026632763090587798
S1C_W0.80_r04,0.8,original,-1.4,-1.35,66888,0.024300711495535716
S1C_W0.80_r04,0.8,original,-1.35,-1.2999999999999998,61774,0.022442772274925596
S1C_W0.80_r04,0.8,original,-1.2999999999999998,-1.25,57353,0.020836603073846726
S1C_W0.80_r04,0.8,original,-1.25,-1.2,52689,0.01914215087890625
S1C_W0.80_r04,0.8,original,-1.2,-1.15,49252,0.017893473307291668
S1C_W0.80_r04,0.8,original,-1.15,-1.1,45782,0.016632806687127976
S1C_W0.80_r04,0.8,original,-1.1,-1.0499999999999998,42892,0.01558285667782738
S1C_W0.80_r04,0.8,original,-1.0499999999999998,-1.0,40594,0.014747982933407738
S1C_W0.80_r04,0.8,original,-1.0,-0.95,38034,0.013817923409598214
S1C_W0.80_r04,0.8,original,-0.95,-0.8999999999999999,35813,0.013011024111793154
S1C_W0.80_r04,0.8,original,-0.8999999999999999,-0.8499999999999999,33842,0.01229495093936012
S1C_W0.80_r04,0.8,original,-0.8499999999999999,-0.7999999999999998,31799,0.01155271984281994
S1C_W0.80_r04,0.8,original,-0.7999999999999998,-0.75,29770,0.010815575009300596
S1C_W0.80_r04,0.8,original,-0.75,-0.7,28335,0.010294233049665178
S1C_W0.80_r04,0.8,original,-0.7,-0.6499999999999999,26532,0.009639195033482142
S1C_W0.80_r04,0.8,original,-0.6499999999999999,-0.5999999999999999,24929,0.009056817917596726
S1C_W0.80_r04,0.8,original,-0.5999999999999999,-0.5499999999999998,23677,0.00860196068173363
S1C_W0.80_r04,0.8,original,-0.5499999999999998,-0.5,22518,0.008180890764508928
S1C_W0.80_r04,0.8,original,-0.5,-0.44999999999999996,21374,0.007765270414806548
S1C_W0.80_r04,0.8,original,-0.44999999999999996,-0.3999999999999999,20384,0.007405598958333333
S1C_W0.80_r04,0.8,original,-0.3999999999999999,-0.34999999999999987,18966,0.006890433175223214
S1C_W0.80_r04,0.8,original,-0.34999999999999987,-0.2999999999999998,17980,0.006532214936755952
S1C_W0.80_r04,0.8,original,-0.2999999999999998,-0.25,17048,0.006193615141369048
S1C_W0.80_r04,0.8,original,-0.25,-0.19999999999999996,16204,0.005886986142113095
S1C_W0.80_r04,0.8,original,-0.19999999999999996,-0.1499999999999999,15409,0.00559815906343006
S1C_W0.80_r04,0.8,original,-0.1499999999999999,-0.09999999999999987,14578,0.005296253022693452
S1C_W0.80_r04,0.8,original,-0.09999999999999987,-0.04999999999999982,13560,0.004926409040178571
S1C_W0.80_r04,0.8,original,-0.04999999999999982,0.0,12879,0.004678998674665179
S1C_W0.80_r04,0.8,original,0.0,0.050000000000000266,12151,0.004414512997581845
S1C_W0.80_r04,0.8,original,0.050000000000000266,0.10000000000000009,11442,0.004156930106026786
S1C_W0.80_r04,0.8,original,0.10000000000000009,0.1499999999999999,10765,0.003910972958519345
S1C_W0.80_r04,0.8,original,0.1499999999999999,0.20000000000000018,9933,0.00360870361328125
S1C_W0.80_r04,0.8,original,0.20000000000000018,0.25,9201,0.0033427647181919645
S1C_W0.80_r04,0.8,original,0.25,0.30000000000000027,8546,0.003104800269717262
S1C_W0.80_r04,0.8,original,0.30000000000000027,0.3500000000000001,8050,0.0029246012369791665
S1C_W0.80_r04,0.8,original,0.3500000000000001,0.40000000000000036,7559,0.002746218726748512
S1C_W0.80_r04,0.8,original,0.40000000000000036,0.4500000000000002,7073,0.0025696527390252975
S1C_W0.80_r04,0.8,original,0.4500000000000002,0.5,6703,0.0024352300734747025
S1C_W0.80_r04,0.8,original,0.5,0.5500000000000003,6056,0.002200172061011905
S1C_W0.80_r04,0.8,original,0.5500000000000003,0.6000000000000001,5818,0.002113705589657738
S1C_W0.80_r04,0.8,original,0.6000000000000001,0.6500000000000004,5352,0.0019444056919642857
S1C_W0.80_r04,0.8,original,0.6500000000000004,0.7000000000000002,4895,0.0017783755347842262
S1C_W0.80_r04,0.8,original,0.7000000000000002,0.75,4744,0.0017235165550595238
S1C_W0.80_r04,0.8,original,0.75,0.8000000000000003,4356,0.0015825544084821428
S1C_W0.80_r04,0.8,original,0.8000000000000003,0.8500000000000001,4033,0.001465207054501488
S1C_W0.80_r04,0.8,original,0.8500000000000001,0.9000000000000004,3777,0.0013722011021205357
S1C_W0.80_r04,0.8,original,0.9000000000000004,0.9500000000000002,3503,0.0012726556687127975
S1C_W0.80_r04,0.8,original,0.9500000000000002,1.0,3265,0.001186189197358631
S1C_W0.80_r04,0.8,original,1.0,1.0500000000000003,2988,0.0010855538504464285
S1C_W0.80_r04,0.8,original,1.0500000000000003,1.1,2828,0.0010274251302083333
S1C_W0.80_r04,0.8,original,1.1,1.1500000000000004,2605,0.0009464082263764881
S1C_W0.80_r04,0.8,original,1.1500000000000004,1.2000000000000002,2366,0.0008595784505208334
S1C_W0.80_r04,0.8,original,1.2000000000000002,1.25,2256,0.0008196149553571429
S1C_W0.80_r04,0.8,original,1.25,1.3000000000000003,2053,0.0007458641415550595
S1C_W0.80_r04,0.8,original,1.3000000000000003,1.35,1932,0.000701904296875
S1C_W0.80_r04,0.8,original,1.35,1.4000000000000004,1752,0.0006365094866071429
S1C_W0.80_r04,0.8,original,1.4000000000000004,1.4500000000000002,1552,0.0005638485863095238
S1C_W0.80_r04,0.8,original,1.4500000000000002,1.5,1485,0.0005395071847098214
S1C_W0.80_r04,0.8,original,1.5,1.5500000000000003,1344,0.00048828125
S1C_W0.80_r04,0.8,original,1.5500000000000003,1.6,1244,0.0004519507998511905
S1C_W0.80_r04,0.8,original,1.6,1.6500000000000004,1110,0.0004032679966517857
S1C_W0.80_r04,0.8,original,1.6500000000000004,1.7000000000000002,1001,0.0003636678059895833
S1C_W0.80_r04,0.8,original,1.7000000000000002,1.75,961,0.0003491356259300595
S1C_W0.80_r04,0.8,original,1.75,1.8000000000000003,795,0.0002888270786830357
S1C_W0.80_r04,0.8,original,1.8000000000000003,1.85,738,0.0002681187220982143
S1C_W0.80_r04,0.8,original,1.85,1.9000000000000004,645,0.00023433140345982144
S1C_W0.80_r04,0.8,original,1.9000000000000004,1.9500000000000002,506,0.0001838320777529762
S1C_W0.80_r04,0.8,original,1.9500000000000002,2.0,296,0.00010753813244047619
S1C_W0.80_r04,0.8,rearranged,-2.0,-1.95,118169,0.04293132963634673
S1C_W0.80_r04,0.8,rearranged,-1.95,-1.9,196981,0.07156408400762648
S1C_W0.80_r04,0.8,rearranged,-1.9,-1.85,224140,0.08143107096354167
S1C_W0.80_r04,0.8,rearranged,-1.85,-1.8,219718,0.07982453845796131
S1C_W0.80_r04,0.8,rearranged,-1.8,-1.75,193566,0.07032339913504464
S1C_W0.80_r04,0.8,rearranged,-1.75,-1.7,161180,0.05855741954985119
S1C_W0.80_r04,0.8,rearranged,-1.7,-1.65,133534,0.04851350330171131
S1C_W0.80_r04,0.8,rearranged,-1.65,-1.6,113462,0.04122125534784226
S1C_W0.80_r04,0.8,rearranged,-1.6,-1.55,99230,0.03605070568266369
S1C_W0.80_r04,0.8,rearranged,-1.55,-1.5,89226,0.03241620744977679
S1C_W0.80_r04,0.8,rearranged,-1.5,-1.45,80178,0.0291290283203125
S1C_W0.80_r04,0.8,rearranged,-1.45,-1.4,73678,0.02676754906063988
S1C_W0.80_r04,0.8,rearranged,-1.4,-1.35,67463,0.02450961158389137
S1C_W0.80_r04,0.8,rearranged,-1.35,-1.2999999999999998,62067,0.022549220493861606
S1C_W0.80_r04,0.8,rearranged,-1.2999999999999998,-1.25,57632,0.020937965029761904
S1C_W0.80_r04,0.8,rearranged,-1.25,-1.2,53501,0.019437154134114582
S1C_W0.80_r04,0.8,rearranged,-1.2,-1.15,49953,0.018148149762834822
S1C_W0.80_r04,0.8,rearranged,-1.15,-1.1,46027,0.016721816289992558
S1C_W0.80_r04,0.8,rearranged,-1.1,-1.0499999999999998,43279,0.015723455519903274
S1C_W0.80_r04,0.8,rearranged,-1.0499999999999998,-1.0,40609,0.01475343250093006
S1C_W0.80_r04,0.8,rearranged,-1.0,-0.95,38202,0.013878958565848214
S1C_W0.80_r04,0.8,rearranged,-0.95,-0.8999999999999999,35618,0.012940179734002976
S1C_W0.80_r04,0.8,rearranged,-0.8999999999999999,-0.8499999999999999,33820,0.01228695824032738
S1C_W0.80_r04,0.8,rearranged,-0.8499999999999999,-0.7999999999999998,31583,0.011474246070498512
S1C_W0.80_r04,0.8,rearranged,-0.7999999999999998,-0.75,29727,0.010799952915736608
S1C_W0.80_r04,0.8,rearranged,-0.75,-0.7,27984,0.010166713169642858
S1C_W0.80_r04,0.8,rearranged,-0.7,-0.6499999999999999,26617,0.00967007591610863
S1C_W0.80_r04,0.8,rearranged,-0.6499999999999999,-0.5999999999999999,24999,0.009082249232700892
S1C_W0.80_r04,0.8,rearranged,-0.5999999999999999,-0.5499999999999998,23845,0.00866299583798363
S1C_W0.80_r04,0.8,rearranged,-0.5499999999999998,-0.5,22149,0.008046831403459822
S1C_W0.80_r04,0.8,rearranged,-0.5,-0.44999999999999996,21139,0.007679893856956845
S1C_W0.80_r04,0.8,rearranged,-0.44999999999999996,-0.3999999999999999,19996,0.007264636811755952
S1C_W0.80_r04,0.8,rearranged,-0.3999999999999999,-0.34999999999999987,18825,0.006839207240513393
S1C_W0.80_r04,0.8,rearranged,-0.34999999999999987,-0.2999999999999998,17763,0.006453377859933036
S1C_W0.80_r04,0.8,rearranged,-0.2999999999999998,-0.25,16981,0.006169273739769345
S1C_W0.80_r04,0.8,rearranged,-0.25,-0.19999999999999996,15896,0.005775088355654762
S1C_W0.80_r04,0.8,rearranged,-0.19999999999999996,-0.1499999999999999,15195,0.005520411900111607
S1C_W0.80_r04,0.8,rearranged,-0.1499999999999999,-0.09999999999999987,14434,0.005243937174479167
S1C_W0.80_r04,0.8,rearranged,-0.09999999999999987,-0.04999999999999982,13638,0.004954746791294643
S1C_W0.80_r04,0.8,rearranged,-0.04999999999999982,0.0,12967,0.004710969470796131
S1C_W0.80_r04,0.8,rearranged,0.0,0.050000000000000266,12029,0.004370189848400298
S1C_W0.80_r04,0.8,rearranged,0.050000000000000266,0.10000000000000009,11258,0.004090082077752976
S1C_W0.80_r04,0.8,rearranged,0.10000000000000009,0.1499999999999999,10486,0.0038096110026041665
S1C_W0.80_r04,0.8,rearranged,0.1499999999999999,0.20000000000000018,9597,0.00348663330078125
S1C_W0.80_r04,0.8,rearranged,0.20000000000000018,0.25,9102,0.003306797572544643
S1C_W0.80_r04,0.8,rearranged,0.25,0.30000000000000027,8378,0.003043765113467262
S1C_W0.80_r04,0.8,rearranged,0.30000000000000027,0.3500000000000001,7883,0.002863929385230655
S1C_W0.80_r04,0.8,rearranged,0.3500000000000001,0.40000000000000036,7394,0.002686273484002976
S1C_W0.80_r04,0.8,rearranged,0.40000000000000036,0.4500000000000002,6686,0.002429053896949405
S1C_W0.80_r04,0.8,rearranged,0.4500000000000002,0.5,6482,0.0023549397786458335
S1C_W0.80_r04,0.8,rearranged,0.5,0.5500000000000003,6090,0.0022125244140625
S1C_W0.80_r04,0.8,rearranged,0.5500000000000003,0.6000000000000001,5700,0.002070835658482143
S1C_W0.80_r04,0.8,rearranged,0.6000000000000001,0.6500000000000004,5364,0.0019487653459821428
S1C_W0.80_r04,0.8,rearranged,0.6500000000000004,0.7000000000000002,5066,0.0018405006045386905
S1C_W0.80_r04,0.8,rearranged,0.7000000000000002,0.75,4581,0.0016642979213169643
S1C_W0.80_r04,0.8,rearranged,0.75,0.8000000000000003,4260,0.0015476771763392857
S1C_W0.80_r04,0.8,rearranged,0.8000000000000003,0.8500000000000001,4064,0.001476469494047619
S1C_W0.80_r04,0.8,rearranged,0.8500000000000001,0.9000000000000004,3878,0.0014088948567708333
S1C_W0.80_r04,0.8,rearranged,0.9000000000000004,0.9500000000000002,3592,0.001304989769345238
S1C_W0.80_r04,0.8,rearranged,0.9500000000000002,1.0,3397,0.0012341453915550595
S1C_W0.80_r04,0.8,rearranged,1.0,1.0500000000000003,3154,0.0011458623976934525
S1C_W0.80_r04,0.8,rearranged,1.0500000000000003,1.1,2851,0.0010357811337425595
S1C_W0.80_r04,0.8,rearranged,1.1,1.1500000000000004,2720,0.000988188244047619
S1C_W0.80_r04,0.8,rearranged,1.1500000000000004,1.2000000000000002,2470,0.0008973621186755952
S1C_W0.80_r04,0.8,rearranged,1.2000000000000002,1.25,2327,0.0008454095749627976
S1C_W0.80_r04,0.8,rearranged,1.25,1.3000000000000003,2232,0.0008108956473214286
S1C_W0.80_r04,0.8,rearranged,1.3000000000000003,1.35,1936,0.0007033575148809524
S1C_W0.80_r04,0.8,rearranged,1.35,1.4000000000000004,1819,0.0006608508882068452
S1C_W0.80_r04,0.8,rearranged,1.4000000000000004,1.4500000000000002,1670,0.000606718517485119
S1C_W0.80_r04,0.8,rearranged,1.4500000000000002,1.5,1596,0.000579833984375
S1C_W0.80_r04,0.8,rearranged,1.5,1.5500000000000003,1462,0.0005311511811755952
S1C_W0.80_r04,0.8,rearranged,1.5500000000000003,1.6,1332,0.00048392159598214287
S1C_W0.80_r04,0.8,rearranged,1.6,1.6500000000000004,1231,0.00044722784133184525
S1C_W0.80_r04,0.8,rearranged,1.6500000000000004,1.7000000000000002,1111,0.0004036313011532738
S1C_W0.80_r04,0.8,rearranged,1.7000000000000002,1.75,1075,0.0003905523390997024
S1C_W0.80_r04,0.8,rearranged,1.75,1.8000000000000003,963,0.0003498622349330357
S1C_W0.80_r04,0.8,rearranged,1.8000000000000003,1.85,835,0.0003033592587425595
S1C_W0.80_r04,0.8,rearranged,1.85,1.9000000000000004,689,0.0002503168015252976
S1C_W0.80_r04,0.8,rearranged,1.9000000000000004,1.9500000000000002,485,0.0001762026832217262
S1C_W0.80_r04,0.8,rearranged,1.9500000000000002,2.0,296,0.00010753813244047619
S1C_W0.80_r05,0.8,original,-2.0,-1.95,119037,0.043246677943638394
S1C_W0.80_r05,0.8,original,-1.95,-1.9,198147,0.07198769705636161
S1C_W0.80_r05,0.8,original,-1.9,-1.85,226219,0.08218638102213542
S1C_W0.80_r05,0.8,original,-1.85,-1.8,221766,0.08056858607700892
S1C_W0.80_r05,0.8,original,-1.8,-1.75,194740,0.07074991861979167
S1C_W0.80_r05,0.8,original,-1.75,-1.7,161297,0.0585999261765253
S1C_W0.80_r05,0.8,original,-1.7,-1.65,133647,0.04855455671037946
S1C_W0.80_r05,0.8,original,-1.65,-1.6,113077,0.041081383114769346
S1C_W0.80_r05,0.8,original,-1.6,-1.55,99439,0.0361266363234747
S1C_W0.80_r05,0.8,original,-1.55,-1.5,88507,0.032154991513206846
S1C_W0.80_r05,0.8,original,-1.5,-1.45,79796,0.028990246000744048
S1C_W0.80_r05,0.8,original,-1.45,-1.4,73164,0.026580810546875
S1C_W0.80_r05,0.8,original,-1.4,-1.35,66395,0.024121602376302082
S1C_W0.80_r05,0.8,original,-1.35,-1.2999999999999998,61232,0.022245861235119048
S1C_W0.80_r05,0.8,original,-1.2999999999999998,-1.25,56930,0.02068292526971726
S1C_W0.80_r05,0.8,original,-1.25,-1.2,52721,0.01915377662295387
S1C_W0.80_r05,0.8,original,-1.2,-1.15,49227,0.017884390694754466
S1C_W0.80_r05,0.8,original,-1.15,-1.1,46213,0.016789390927269346
S1C_W0.80_r05,0.8,original,-1.1,-1.0499999999999998,42996,0.015620640345982142
S1C_W0.80_r05,0.8,original,-1.0499999999999998,-1.0,40375,0.014668419247581846
S1C_W0.80_r05,0.8,original,-1.0,-0.95,37925,0.013778323218936012
S1C_W0.80_r05,0.8,original,-0.95,-0.8999999999999999,35808,0.013009207589285714
S1C_W0.80_r05,0.8,original,-0.8999999999999999,-0.8499999999999999,33346,0.012114751906622024
S1C_W0.80_r05,0.8,original,-0.8499999999999999,-0.7999999999999998,31676,0.011508033389136904
S1C_W0.80_r05,0.8,original,-0.7999999999999998,-0.75,29856,0.010846819196428572
S1C_W0.80_r05,0.8,original,-0.75,-0.7,27884,0.010130382719494048
S1C_W0.80_r05,0.8,original,-0.7,-0.6499999999999999,26536,0.009640648251488096
S1C_W0.80_r05,0.8,original,-0.6499999999999999,-0.5999999999999999,25079,0.00911131359281994
S1C_W0.80_r05,0.8,original,-0.5999999999999999,-0.5499999999999998,23638,0.008587791806175596
S1C_W0.80_r05,0.8,original,-0.5499999999999998,-0.5,22498,0.008173624674479166
S1C_W0.80_r05,0.8,original,-0.5,-0.44999999999999996,21295,0.007736569359188988
S1C_W0.80_r05,0.8,original,-0.44999999999999996,-0.3999999999999999,20068,0.007290794735863095
S1C_W0.80_r05,0.8,original,-0.3999999999999999,-0.34999999999999987,19049,0.006920587448846726
S1C_W0.80_r05,0.8,original,-0.34999999999999987,-0.2999999999999998,18080,0.006568545386904762
S1C_W0.80_r05,0.8,original,-0.2999999999999998,-0.25,16996,0.006174723307291667
S1C_W0.80_r05,0.8,original,-0.25,-0.19999999999999996,15990,0.005809238978794643
S1C_W0.80_r05,0.8,original,-0.19999999999999996,-0.1499999999999999,15226,0.005531674339657738
S1C_W0.80_r05,0.8,original,-0.1499999999999999,-0.09999999999999987,14385,0.00522613525390625
S1C_W0.80_r05,0.8,original,-0.09999999999999987,-0.04999999999999982,13508,0.00490751720610119
S1C_W0.80_r05,0.8,original,-0.04999999999999982,0.0,13015,0.00472840808686756
S1C_W0.80_r05,0.8,original,0.0,0.050000000000000266,12136,0.004409063430059524
S1C_W0.80_r05,0.8,original,0.050000000000000266,0.10000000000000009,11238,0.004082815987723214
S1C_W0.80_r05,0.8,original,0.10000000000000009,0.1499999999999999,10499,0.003814333961123512
S1C_W0.80_r05,0.8,original,0.1499999999999999,0.20000000000000018,9840,0.003574916294642857
S1C_W0.80_r05,0.8,original,0.20000000000000018,0.25,9034,0.0032820928664434525
S1C_W0.80_r05,0.8,original,0.25,0.30000000000000027,8612,0.003128778366815476
S1C_W0.80_r05,0.8,original,0.30000000000000027,0.3500000000000001,8092,0.0029398600260416665
S1C_W0.80_r05,0.8,original,0.3500000000000001,0.40000000000000036,7348,0.002669561476934524
S1C_W0.80_r05,0.8,original,0.40000000000000036,0.4500000000000002,6885,0.0025013514927455355
S1C_W0.80_r05,0.8,original,0.4500000000000002,0.5,6579,0.0023901803152901785
S1C_W0.80_r05,0.8,original,0.5,0.5500000000000003,6014,0.002184913271949405
S1C_W0.80_r05,0.8,original,0.5500000000000003,0.6000000000000001,5886,0.0021384102957589285
S1C_W0.80_r05,0.8,original,0.6000000000000001,0.6500000000000004,5366,0.001949491954985119
S1C_W0.80_r05,0.8,original,0.6500000000000004,0.7000000000000002,5017,0.0018226986839657738
S1C_W0.80_r05,0.8,original,0.7000000000000002,0.75,4653,0.0016904558454241072
S1C_W0.80_r05,0.8,original,0.75,0.8000000000000003,4370,0.0015876406715029762
S1C_W0.80_r05,0.8,original,0.8000000000000003,0.8500000000000001,4110,0.0014931815011160715
S1C_W0.80_r05,0.8,original,0.8500000000000001,0.9000000000000004,3754,0.0013638450985863095
S1C_W0.80_r05,0.8,original,0.9000000000000004,0.9500000000000002,3514,0.0012766520182291667
S1C_W0.80_r05,0.8,original,0.9500000000000002,1.0,3298,0.001198178245907738
S1C_W0.80_r05,0.8,original,1.0,1.0500000000000003,2995,0.0010880969819568452
S1C_W0.80_r05,0.8,original,1.0500000000000003,1.1,2742,0.0009961809430803572
S1C_W0.80_r05,0.8,original,1.1,1.1500000000000004,2479,0.0009006318591889881
S1C_W0.80_r05,0.8,original,1.1500000000000004,1.2000000000000002,2324,0.0008443196614583334
S1C_W0.80_r05,0.8,original,1.2000000000000002,1.25,2102,0.0007636660621279762
S1C_W0.80_r05,0.8,original,1.25,1.3000000000000003,2046,0.0007433210100446429
S1C_W0.80_r05,0.8,original,1.3000000000000003,1.35,1828,0.0006641206287202381
S1C_W0.80_r05,0.8,original,1.35,1.4000000000000004,1633,0.0005932762509300595
S1C_W0.80_r05,0.8,original,1.4000000000000004,1.4500000000000002,1563,0.0005678449358258929
S1C_W0.80_r05,0.8,original,1.4500000000000002,1.5,1411,0.0005126226515997024
S1C_W0.80_r05,0.8,original,1.5,1.5500000000000003,1235,0.0004486810593377976
S1C_W0.80_r05,0.8,original,1.5500000000000003,1.6,1150,0.0004178001767113095
S1C_W0.80_r05,0.8,original,1.6,1.6500000000000004,1064,0.0003865559895833333
S1C_W0.80_r05,0.8,original,1.6500000000000004,1.7000000000000002,917,0.0003331502278645833
S1C_W0.80_r05,0.8,original,1.7000000000000002,1.75,910,0.0003306070963541667
S1C_W0.80_r05,0.8,original,1.75,1.8000000000000003,840,0.00030517578125
S1C_W0.80_r05,0.8,original,1.8000000000000003,1.85,749,0.0002721150716145833
S1C_W0.80_r05,0.8,original,1.85,1.9000000000000004,680,0.00024704706101190475
S1C_W0.80_r05,0.8,original,1.9000000000000004,1.9500000000000002,532,0.00019327799479166666
S1C_W0.80_r05,0.8,original,1.9500000000000002,2.0,284,0.00010317847842261905
S1C_W0.80_r05,0.8,rearranged,-2.0,-1.95,118982,0.04322669619605655
S1C_W0.80_r05,0.8,rearranged,-1.95,-1.9,198922,0.07226925804501488
S1C_W0.80_r05,0.8,rearranged,-1.9,-1.85,226296,0.08221435546875
S1C_W0.80_r05,0.8,rearranged,-1.85,-1.8,221373,0.08042580740792411
S1C_W0.80_r05,0.8,rearranged,-1.8,-1.75,194712,0.07073974609375
S1C_W0.80_r05,0.8,rearranged,-1.75,-1.7,161540,0.058688209170386904
S1C_W0.80_r05,0.8,rearranged,-1.7,-1.65,134490,0.04886082240513393
S1C_W0.80_r05,0.8,rearranged,-1.65,-1.6,113820,0.041351318359375
S1C_W0.80_r05,0.8,rearranged,-1.6,-1.55,99949,0.036311921619233634
S1C_W0.80_r05,0.8,rearranged,-1.55,-1.5,88365,0.03210340227399554
S1C_W0.80_r05,0.8,rearranged,-1.5,-1.45,80022,0.029072352818080356
S1C_W0.80_r05,0.8,rearranged,-1.45,-1.4,72743,0.02642785935174851
S1C_W0.80_r05,0.8,rearranged,-1.4,-1.35,66864,0.0242919921875
S1C_W0.80_r05,0.8,rearranged,-1.35,-1.2999999999999998,61185,0.022228785923549106
S1C_W0.80_r05,0.8,rearranged,-1.2999999999999998,-1.25,57473,0.020880199614025298
S1C_W0.80_r05,0.8,rearranged,-1.25,-1.2,53065,0.019278753371465774
S1C_W0.80_r05,0.8,rearranged,-1.2,-1.15,49044,0.017817905970982144
S1C_W0.80_r05,0.8,rearranged,-1.15,-1.1,45957,0.016696384974888394
S1C_W0.80_r05,0.8,rearranged,-1.1,-1.0499999999999998,43058,0.015643165225074404
S1C_W0.80_r05,0.8,rearranged,-1.0499999999999998,-1.0,40419,0.014684404645647322
S1C_W0.80_r05,0.8,rearranged,-1.0,-0.95,37776,0.013724190848214286
S1C_W0.80_r05,0.8,rearranged,-0.95,-0.8999999999999999,35322,0.0128326416015625
S1C_W0.80_r05,0.8,rearranged,-0.8999999999999999,-0.8499999999999999,33642,0.0122222900390625
S1C_W0.80_r05,0.8,rearranged,-0.8499999999999999,-0.7999999999999998,31303,0.011372520810081846
S1C_W0.80_r05,0.8,rearranged,-0.7999999999999998,-0.75,29640,0.010768345424107142
S1C_W0.80_r05,0.8,rearranged,-0.75,-0.7,27995,0.010170709519159226
S1C_W0.80_r05,0.8,rearranged,-0.7,-0.6499999999999999,26191,0.009515308198474702
S1C_W0.80_r05,0.8,rearranged,-0.6499999999999999,-0.5999999999999999,24751,0.008992149716331846
S1C_W0.80_r05,0.8,rearranged,-0.5999999999999999,-0.5499999999999998,23511,0.008541652134486608
S1C_W0.80_r05,0.8,rearranged,-0.5499999999999998,-0.5,21908,0.00795927501860119
S1C_W0.80_r05,0.8,rearranged,-0.5,-0.44999999999999996,20884,0.007587251209077381
S1C_W0.80_r05,0.8,rearranged,-0.44999999999999996,-0.3999999999999999,19876,0.007221040271577381
S1C_W0.80_r05,0.8,rearranged,-0.3999999999999999,-0.34999999999999987,18682,0.006787254696800595
S1C_W0.80_r05,0.8,rearranged,-0.34999999999999987,-0.2999999999999998,17836,0.006479899088541667
S1C_W0.80_r05,0.8,rearranged,-0.2999999999999998,-0.25,16667,0.006055196126302083
S1C_W0.80_r05,0.8,rearranged,-0.25,-0.19999999999999996,15822,0.005748203822544643
S1C_W0.80_r05,0.8,rearranged,-0.19999999999999996,-0.1499999999999999,14980,0.005442301432291667
S1C_W0.80_r05,0.8,rearranged,-0.1499999999999999,-0.09999999999999987,14485,0.00526246570405506
S1C_W0.80_r05,0.8,rearranged,-0.09999999999999987,-0.04999999999999982,13437,0.004881722586495536
S1C_W0.80_r05,0.8,rearranged,-0.04999999999999982,0.0,12860,0.004672095889136905
S1C_W0.80_r05,0.8,rearranged,0.0,0.050000000000000266,12229,0.004442850748697917
S1C_W0.80_r05,0.8,rearranged,0.050000000000000266,0.10000000000000009,11343,0.004120962960379464
S1C_W0.80_r05,0.8,rearranged,0.10000000000000009,0.1499999999999999,10417,0.003784542992001488
S1C_W0.80_r05,0.8,rearranged,0.1499999999999999,0.20000000000000018,9921,0.003604343959263393
S1C_W0.80_r05,0.8,rearranged,0.20000000000000018,0.25,9357,0.003399440220424107
S1C_W0.80_r05,0.8,rearranged,0.25,0.30000000000000027,8637,0.0031378609793526785
S1C_W0.80_r05,0.8,rearranged,0.30000000000000027,0.3500000000000001,7957,0.002890813918340774
S1C_W0.80_r05,0.8,rearranged,0.3500000000000001,0.40000000000000036,7570,0.002750215076264881
S1C_W0.80_r05,0.8,rearranged,0.40000000000000036,0.4500000000000002,6966,0.0025307791573660715
S1C_W0.80_r05,0.8,rearranged,0.4500000000000002,0.5,6642,0.0024130684988839285
S1C_W0.80_r05,0.8,rearranged,0.5,0.5500000000000003,6167,0.0022404988606770835
S1C_W0.80_r05,0.8,rearranged,0.5500000000000003,0.6000000000000001,5693,0.002068292526971726
S1C_W0.80_r05,0.8,rearranged,0.6000000000000001,0.6500000000000004,5334,0.0019378662109375
S1C_W0.80_r05,0.8,rearranged,0.6500000000000004,0.7000000000000002,4978,0.001808529808407738
S1C_W0.80_r05,0.8,rearranged,0.7000000000000002,0.75,4668,0.0016959054129464285
S1C_W0.80_r05,0.8,rearranged,0.75,0.8000000000000003,4417,0.0016047159830729167
S1C_W0.80_r05,0.8,rearranged,0.8000000000000003,0.8500000000000001,4041,0.0014681134905133928
S1C_W0.80_r05,0.8,rearranged,0.8500000000000001,0.9000000000000004,3843,0.00139617919921875
S1C_W0.80_r05,0.8,rearranged,0.9000000000000004,0.9500000000000002,3366,0.0012228829520089285
S1C_W0.80_r05,0.8,rearranged,0.9500000000000002,1.0,3180,0.0011553083147321428
S1C_W0.80_r05,0.8,rearranged,1.0,1.0500000000000003,2972,0.001079740978422619
S1C_W0.80_r05,0.8,rearranged,1.0500000000000003,1.1,2768,0.0010056268601190475
S1C_W0.80_r05,0.8,rearranged,1.1,1.1500000000000004,2577,0.0009362357003348214
S1C_W0.80_r05,0.8,rearranged,1.1500000000000004,1.2000000000000002,2359,0.0008570353190104166
S1C_W0.80_r05,0.8,rearranged,1.2000000000000002,1.25,2139,0.0007771083286830357
S1C_W0.80_r05,0.8,rearranged,1.25,1.3000000000000003,2014,0.0007316952659970238
S1C_W0.80_r05,0.8,rearranged,1.3000000000000003,1.35,1805,0.0006557646251860119
S1C_W0.80_r05,0.8,rearranged,1.35,1.4000000000000004,1620,0.0005885532924107143
S1C_W0.80_r05,0.8,rearranged,1.4000000000000004,1.4500000000000002,1560,0.0005667550223214286
S1C_W0.80_r05,0.8,rearranged,1.4500000000000002,1.5,1384,0.0005028134300595238
S1C_W0.80_r05,0.8,rearranged,1.5,1.5500000000000003,1272,0.00046212332589285713
S1C_W0.80_r05,0.8,rearranged,1.5500000000000003,1.6,1162,0.0004221598307291667
S1C_W0.80_r05,0.8,rearranged,1.6,1.6500000000000004,1061,0.00038546607607886906
S1C_W0.80_r05,0.8,rearranged,1.6500000000000004,1.7000000000000002,1006,0.0003654843284970238
S1C_W0.80_r05,0.8,rearranged,1.7000000000000002,1.75,969,0.0003520420619419643
S1C_W0.80_r05,0.8,rearranged,1.75,1.8000000000000003,872,0.00031680152529761906
S1C_W0.80_r05,0.8,rearranged,1.8000000000000003,1.85,805,0.0002924601236979167
S1C_W0.80_r05,0.8,rearranged,1.85,1.9000000000000004,703,0.00025540306454613094
S1C_W0.80_r05,0.8,rearranged,1.9000000000000004,1.9500000000000002,543,0.00019727434430803572
S1C_W0.80_r05,0.8,rearranged,1.9500000000000002,2.0,348,0.00012642996651785715
S1C_W0.80_r06,0.8,original,-2.0,-1.95,118478,0.04304359072730655
S1C_W0.80_r06,0.8,original,-1.95,-1.9,198016,0.07194010416666667
S1C_W0.80_r06,0.8,original,-1.9,-1.85,225868,0.0820588611421131
S1C_W0.80_r06,0.8,original,-1.85,-1.8,220888,0.08024960472470238
S1C_W0.80_r06,0.8,original,-1.8,-1.75,193987,0.07047635033017113
S1C_W0.80_r06,0.8,original,-1.75,-1.7,161047,0.05850910005115327
S1C_W0.80_r06,0.8,original,-1.7,-1.65,133301,0.048428853352864586
S1C_W0.80_r06,0.8,original,-1.65,-1.6,113423,0.04120708647228423
S1C_W0.80_r06,0.8,original,-1.6,-1.55,98537,0.03579893566313244
S1C_W0.80_r06,0.8,original,-1.55,-1.5,88374,0.03210667201450893
S1C_W0.80_r06,0.8,original,-1.5,-1.45,80142,0.029115949358258928
S1C_W0.80_r06,0.8,original,-1.45,-1.4,73088,0.026553199404761904
S1C_W0.80_r06,0.8,original,-1.4,-1.35,67220,0.02442132859002976
S1C_W0.80_r06,0.8,original,-1.35,-1.2999999999999998,61278,0.0222625732421875
S1C_W0.80_r06,0.8,original,-1.2999999999999998,-1.25,56545,0.020543053036644346
S1C_W0.80_r06,0.8,original,-1.25,-1.2,53257,0.01934850783575149
S1C_W0.80_r06,0.8,original,-1.2,-1.15,49404,0.017948695591517856
S1C_W0.80_r06,0.8,original,-1.15,-1.1,46094,0.01674615769159226
S1C_W0.80_r06,0.8,original,-1.1,-1.0499999999999998,43159,0.015679858979724702
S1C_W0.80_r06,0.8,original,-1.0499999999999998,-1.0,40544,0.014729817708333334
S1C_W0.80_r06,0.8,original,-1.0,-0.95,37843,0.013748532249813988
S1C_W0.80_r06,0.8,original,-0.95,-0.8999999999999999,35934,0.013054983956473214
S1C_W0.80_r06,0.8,original,-0.8999999999999999,-0.8499999999999999,33911,0.012320018949962798
S1C_W0.80_r06,0.8,original,-0.8499999999999999,-0.7999999999999998,31493,0.011441548665364584
S1C_W0.80_r06,0.8,original,-0.7999999999999998,-0.75,29908,0.010865711030505952
S1C_W0.80_r06,0.8,original,-0.75,-0.7,28008,0.010175432477678572
S1C_W0.80_r06,0.8,original,-0.7,-0.6499999999999999,26633,0.00967588878813244
S1C_W0.80_r06,0.8,original,-0.6499999999999999,-0.5999999999999999,24821,0.009017581031436012
S1C_W0.80_r06,0.8,original,-0.5999999999999999,-0.5499999999999998,23444,0.008517310732886904
S1C_W0.80_r06,0.8,original,-0.5499999999999998,-0.5,22344,0.00811767578125
S1C_W0.80_r06,0.8,original,-0.5,-0.44999999999999996,21297,0.007737295968191964
S1C_W0.80_r06,0.8,original,-0.44999999999999996,-0.3999999999999999,20511,0.007451738630022321
S1C_W0.80_r06,0.8,original,-0.3999999999999999,-0.34999999999999987,18818,0.006836664109002976
S1C_W0.80_r06,0.8,original,-0.34999999999999987,-0.2999999999999998,18316,0.006654285249255952
S1C_W0.80_r06,0.8,original,-0.2999999999999998,-0.25,16755,0.006087166922433036
S1C_W0.80_r06,0.8,original,-0.25,-0.19999999999999996,15972,0.005802699497767857
S1C_W0.80_r06,0.8,original,-0.19999999999999996,-0.1499999999999999,15489,0.005627223423549107
S1C_W0.80_r06,0.8,original,-0.1499999999999999,-0.09999999999999987,14478,0.005259922572544643
S1C_W0.80_r06,0.8,original,-0.09999999999999987,-0.04999999999999982,13581,0.004934038434709821
S1C_W0.80_r06,0.8,original,-0.04999999999999982,0.0,13102,0.004760015578497024
S1C_W0.80_r06,0.8,original,0.0,0.050000000000000266,12301,0.00446900867280506
S1C_W0.80_r06,0.8,original,0.050000000000000266,0.10000000000000009,11442,0.004156930106026786
S1C_W0.80_r06,0.8,original,0.10000000000000009,0.1499999999999999,10739,0.003901527041480655
S1C_W0.80_r06,0.8,original,0.1499999999999999,0.20000000000000018,9834,0.0035727364676339285
S1C_W0.80_r06,0.8,original,0.20000000000000018,0.25,9086,0.0033009847005208335
S1C_W0.80_r06,0.8,original,0.25,0.30000000000000027,8686,0.003155662899925595
S1C_W0.80_r06,0.8,original,0.30000000000000027,0.3500000000000001,7816,0.0028395879836309525
S1C_W0.80_r06,0.8,original,0.3500000000000001,0.40000000000000036,7578,0.0027531215122767855
S1C_W0.80_r06,0.8,original,0.40000000000000036,0.4500000000000002,7089,0.002575465611049107
S1C_W0.80_r06,0.8,original,0.4500000000000002,0.5,6639,0.0024119785853794645
S1C_W0.80_r06,0.8,original,0.5,0.5500000000000003,6197,0.002251397995721726
S1C_W0.80_r06,0.8,original,0.5500000000000003,0.6000000000000001,5774,0.002097720191592262
S1C_W0.80_r06,0.8,original,0.6000000000000001,0.6500000000000004,5403,0.0019629342215401785
S1C_W0.80_r06,0.8,original,0.6500000000000004,0.7000000000000002,4915,0.001785641624813988
S1C_W0.80_r06,0.8,original,0.7000000000000002,0.75,4675,0.0016984485444568452
S1C_W0.80_r06,0.8,original,0.75,0.8000000000000003,4374,0.0015890938895089285
S1C_W0.80_r06,0.8,original,0.8000000000000003,0.8500000000000001,4005,0.0014550345284598215
S1C_W0.80_r06,0.8,original,0.8500000000000001,0.9000000000000004,3766,0.0013682047526041667
S1C_W0.80_r06,0.8,original,0.9000000000000004,0.9500000000000002,3535,0.0012842814127604167
S1C_W0.80_r06,0.8,original,0.9500000000000002,1.0,3264,0.0011858258928571428
S1C_W0.80_r06,0.8,original,1.0,1.0500000000000003,3025,0.001098996117001488
S1C_W0.80_r06,0.8,original,1.0500000000000003,1.1,2882,0.0010470435732886905
S1C_W0.80_r06,0.8,original,1.1,1.1500000000000004,2573,0.000934782482328869
S1C_W0.80_r06,0.8,original,1.1500000000000004,1.2000000000000002,2448,0.0008893694196428571
S1C_W0.80_r06,0.8,original,1.2000000000000002,1.25,2207,0.0008018130347842262
S1C_W0.80_r06,0.8,original,1.25,1.3000000000000003,2080,0.0007556733630952381
S1C_W0.80_r06,0.8,original,1.3000000000000003,1.35,1906,0.0006924583798363095
S1C_W0.80_r06,0.8,original,1.35,1.4000000000000004,1680,0.0006103515625
S1C_W0.80_r06,0.8,original,1.4000000000000004,1.4500000000000002,1518,0.0005514962332589286
S1C_W0.80_r06,0.8,original,1.4500000000000002,1.5,1333,0.00048428490048363094
S1C_W0.80_r06,0.8,original,1.5,1.5500000000000003,1305,0.0004741123744419643
S1C_W0.80_r06,0.8,original,1.5500000000000003,1.6,1207,0.00043850853329613094
S1C_W0.80_r06,0.8,original,1.6,1.6500000000000004,1143,0.00041525704520089287
S1C_W0.80_r06,0.8,original,1.6500000000000004,1.7000000000000002,989,0.0003593081519717262
S1C_W0.80_r06,0.8,original,1.7000000000000002,1.75,893,0.00032443091982886906
S1C_W0.80_r06,0.8,original,1.75,1.8000000000000003,782,0.0002841041201636905
S1C_W0.80_r06,0.8,original,1.8000000000000003,1.85,788,0.00028628394717261906
S1C_W0.80_r06,0.8,original,1.85,1.9000000000000004,606,0.00022016252790178572
S1C_W0.80_r06,0.8,original,1.9000000000000004,1.9500000000000002,493,0.00017910911923363094
S1C_W0.80_r06,0.8,original,1.9500000000000002,2.0,228,8.283342633928572e-05
S1C_W0.80_r06,0.8,rearranged,-2.0,-1.95,117592,0.042721702938988096
S1C_W0.80_r06,0.8,rearranged,-1.95,-1.9,197289,0.07167598179408483
S1C_W0.80_r06,0.8,rearranged,-1.9,-1.85,224116,0.08142235165550596
S1C_W0.80_r06,0.8,rearranged,-1.85,-1.8,220379,0.08006468273344494
S1C_W0.80_r06,0.8,rearranged,-1.8,-1.75,194549,0.07068052746000744
S1C_W0.80_r06,0.8,rearranged,-1.75,-1.7,161246,0.058581397646949404
S1C_W0.80_r06,0.8,rearranged,-1.7,-1.65,133063,0.048342386881510414
S1C_W0.80_r06,0.8,rearranged,-1.65,-1.6,112960,0.04103887648809524
S1C_W0.80_r06,0.8,rearranged,-1.6,-1.55,98698,0.03585742768787202
S1C_W0.80_r06,0.8,rearranged,-1.55,-1.5,88617,0.03219495500837054
S1C_W0.80_r06,0.8,rearranged,-1.5,-1.45,80537,0.029259454636346726
S1C_W0.80_r06,0.8,rearranged,-1.45,-1.4,72809,0.026451837448846726
S1C_W0.80_r06,0.8,rearranged,-1.4,-1.35,67157,0.02439844040643601
S1C_W0.80_r06,0.8,rearranged,-1.35,-1.2999999999999998,62053,0.022544134230840774
S1C_W0.80_r06,0.8,rearranged,-1.2999999999999998,-1.25,57079,0.02073705764043899
S1C_W0.80_r06,0.8,rearranged,-1.25,-1.2,53265,0.019351414271763394
S1C_W0.80_r06,0.8,rearranged,-1.2,-1.15,49842,0.018107822963169644
S1C_W0.80_r06,0.8,rearranged,-1.15,-1.1,46557,0.01691436767578125
S1C_W0.80_r06,0.8,rearranged,-1.1,-1.0499999999999998,43484,0.015797932942708332
S1C_W0.80_r06,0.8,rearranged,-1.0499999999999998,-1.0,40461,0.014699663434709822
S1C_W0.80_r06,0.8,rearranged,-1.0,-0.95,37846,0.013749622163318452
S1C_W0.80_r06,0.8,rearranged,-0.95,-0.8999999999999999,35679,0.01296234130859375
S1C_W0.80_r06,0.8,rearranged,-0.8999999999999999,-0.8499999999999999,33961,0.012338184175037202
S1C_W0.80_r06,0.8,rearranged,-0.8499999999999999,-0.7999999999999998,32041,0.01164063953218006
S1C_W0.80_r06,0.8,rearranged,-0.7999999999999998,-0.75,29975,0.010890052432105654
S1C_W0.80_r06,0.8,rearranged,-0.75,-0.7,28309,0.010284787132626488
S1C_W0.80_r06,0.8,rearranged,-0.7,-0.6499999999999999,26433,0.009603227887834822
S1C_W0.80_r06,0.8,rearranged,-0.6499999999999999,-0.5999999999999999,25311,0.009195600237165178
S1C_W0.80_r06,0.8,rearranged,-0.5999999999999999,-0.5499999999999998,23829,0.008657182965959822
S1C_W0.80_r06,0.8,rearranged,-0.5499999999999998,-0.5,22742,0.008262270972842262
S1C_W0.80_r06,0.8,rearranged,-0.5,-0.44999999999999996,21148,0.007683163597470238
S1C_W0.80_r06,0.8,rearranged,-0.44999999999999996,-0.3999999999999999,20147,0.007319495791480655
S1C_W0.80_r06,0.8,rearranged,-0.3999999999999999,-0.34999999999999987,18919,0.006873357863653274
S1C_W0.80_r06,0.8,rearranged,-0.34999999999999987,-0.2999999999999998,17928,0.006513323102678571
S1C_W0.80_r06,0.8,rearranged,-0.2999999999999998,-0.25,17194,0.00624665759858631
S1C_W0.80_r06,0.8,rearranged,-0.25,-0.19999999999999996,16024,0.005821591331845238
S1C_W0.80_r06,0.8,rearranged,-0.19999999999999996,-0.1499999999999999,15458,0.005615960984002976
S1C_W0.80_r06,0.8,rearranged,-0.1499999999999999,-0.09999999999999987,14512,0.005272274925595238
S1C_W0.80_r06,0.8,rearranged,-0.09999999999999987,-0.04999999999999982,13557,0.004925319126674107
S1C_W0.80_r06,0.8,rearranged,-0.04999999999999982,0.0,12814,0.004655383882068452
S1C_W0.80_r06,0.8,rearranged,0.0,0.050000000000000266,12310,0.004472278413318452
S1C_W0.80_r06,0.8,rearranged,0.050000000000000266,0.10000000000000009,11393,0.004139128185453869
S1C_W0.80_r06,0.8,rearranged,0.10000000000000009,0.1499999999999999,10570,0.0038401285807291665
S1C_W0.80_r06,0.8,rearranged,0.1499999999999999,0.20000000000000018,10037,0.003646487281436012
S1C_W0.80_r06,0.8,rearranged,0.20000000000000018,0.25,9179,0.003334772019159226
S1C_W0.80_r06,0.8,rearranged,0.25,0.30000000000000027,8509,0.0030913580031622025
S1C_W0.80_r06,0.8,rearranged,0.30000000000000027,0.3500000000000001,7953,0.0028893607003348215
S1C_W0.80_r06,0.8,rearranged,0.3500000000000001,0.40000000000000036,7285,0.002646673293340774
S1C_W0.80_r06,0.8,rearranged,0.40000000000000036,0.4500000000000002,7070,0.0025685628255208335
S1C_W0.80_r06,0.8,rearranged,0.4500000000000002,0.5,6536,0.0023745582217261905
S1C_W0.80_r06,0.8,rearranged,0.5,0.5500000000000003,6252,0.0022713797433035715
S1C_W0.80_r06,0.8,rearranged,0.5500000000000003,0.6000000000000001,5829,0.002117701939174107
S1C_W0.80_r06,0.8,rearranged,0.6000000000000001,0.6500000000000004,5277,0.0019171578543526785
S1C_W0.80_r06,0.8,rearranged,0.6500000000000004,0.7000000000000002,4989,0.0018125261579241072
S1C_W0.80_r06,0.8,rearranged,0.7000000000000002,0.75,4739,0.0017217000325520833
S1C_W0.80_r06,0.8,rearranged,0.75,0.8000000000000003,4346,0.001578921363467262
S1C_W0.80_r06,0.8,rearranged,0.8000000000000003,0.8500000000000001,4090,0.0014859154110863095
S1C_W0.80_r06,0.8,rearranged,0.8500000000000001,0.9000000000000004,3781,0.001373654320126488
S1C_W0.80_r06,0.8,rearranged,0.9000000000000004,0.9500000000000002,3592,0.001304989769345238
S1C_W0.80_r06,0.8,rearranged,0.9500000000000002,1.0,3171,0.00115203857421875
S1C_W0.80_r06,0.8,rearranged,1.0,1.0500000000000003,3083,0.0011200677780877975
S1C_W0.80_r06,0.8,rearranged,1.0500000000000003,1.1,2906,0.0010557628813244048
S1C_W0.80_r06,0.8,rearranged,1.1,1.1500000000000004,2670,0.0009700230189732143
S1C_W0.80_r06,0.8,rearranged,1.1500000000000004,1.2000000000000002,2398,0.0008712041945684524
S1C_W0.80_r06,0.8,rearranged,1.2000000000000002,1.25,2229,0.0008098057338169643
S1C_W0.80_r06,0.8,rearranged,1.25,1.3000000000000003,2006,0.000728788829985119
S1C_W0.80_r06,0.8,rearranged,1.3000000000000003,1.35,1917,0.0006964547293526786
S1C_W0.80_r06,0.8,rearranged,1.35,1.4000000000000004,1723,0.0006259736560639881
S1C_W0.80_r06,0.8,rearranged,1.4000000000000004,1.4500000000000002,1579,0.0005736578078497024
S1C_W0.80_r06,0.8,rearranged,1.4500000000000002,1.5,1443,0.0005242483956473214
S1C_W0.80_r06,0.8,rearranged,1.5,1.5500000000000003,1238,0.0004497709728422619
S1C_W0.80_r06,0.8,rearranged,1.5500000000000003,1.6,1159,0.0004210699172247024
S1C_W0.80_r06,0.8,rearranged,1.6,1.6500000000000004,1085,0.0003941853841145833
S1C_W0.80_r06,0.8,rearranged,1.6500000000000004,1.7000000000000002,919,0.0003338768368675595
S1C_W0.80_r06,0.8,rearranged,1.7000000000000002,1.75,914,0.00033206031436011906
S1C_W0.80_r06,0.8,rearranged,1.75,1.8000000000000003,765,0.00027792794363839287
S1C_W0.80_r06,0.8,rearranged,1.8000000000000003,1.85,697,0.0002532232375372024
S1C_W0.80_r06,0.8,rearranged,1.85,1.9000000000000004,569,0.0002067202613467262
S1C_W0.80_r06,0.8,rearranged,1.9000000000000004,1.9500000000000002,475,0.00017256963820684525
S1C_W0.80_r06,0.8,rearranged,1.9500000000000002,2.0,249,9.046282087053572e-05
S1C_W0.80_r07,0.8,original,-2.0,-1.95,118507,0.0430541265578497
S1C_W0.80_r07,0.8,original,-1.95,-1.9,197863,0.07188451857793898
S1C_W0.80_r07,0.8,original,-1.9,-1.85,225928,0.08208065941220238
S1C_W0.80_r07,0.8,original,-1.85,-1.8,221985,0.08064814976283483
S1C_W0.80_r07,0.8,original,-1.8,-1.75,195030,0.07085527692522321
S1C_W0.80_r07,0.8,original,-1.75,-1.7,160642,0.058361961728050596
S1C_W0.80_r07,0.8,original,-1.7,-1.65,133387,0.04846009753999256
S1C_W0.80_r07,0.8,original,-1.65,-1.6,113312,0.04116675967261905
S1C_W0.80_r07,0.8,original,-1.6,-1.55,99026,0.035976591564360116
S1C_W0.80_r07,0.8,original,-1.55,-1.5,88735,0.032237824939546134
S1C_W0.80_r07,0.8,original,-1.5,-1.45,80210,0.02914065406436012
S1C_W0.80_r07,0.8,original,-1.45,-1.4,72447,0.026320321219308034
S1C_W0.80_r07,0.8,original,-1.4,-1.35,67269,0.024439130510602678
S1C_W0.80_r07,0.8,original,-1.35,-1.2999999999999998,61451,0.022325424920944942
S1C_W0.80_r07,0.8,original,-1.2999999999999998,-1.25,57495,0.020888192313058034
S1C_W0.80_r07,0.8,original,-1.25,-1.2,52854,0.019202096121651784
S1C_W0.80_r07,0.8,original,-1.2,-1.15,49244,0.01789056687127976
S1C_W0.80_r07,0.8,original,-1.15,-1.1,46009,0.016715276808965774
S1C_W0.80_r07,0.8,original,-1.1,-1.0499999999999998,43120,0.015665690104166668
S1C_W0.80_r07,0.8,original,-1.0499999999999998,-1.0,39990,0.014528547014508928
S1C_W0.80_r07,0.8,original,-1.0,-0.95,37653,0.01367950439453125
S1C_W0.80_r07,0.8,original,-0.95,-0.8999999999999999,35789,0.01300230480375744
S1C_W0.80_r07,0.8,original,-0.8999999999999999,-0.8499999999999999,33447,0.012151445661272322
S1C_W0.80_r07,0.8,original,-0.8499999999999999,-0.7999999999999998,31902,0.011590140206473214
S1C_W0.80_r07,0.8,original,-0.7999999999999998,-0.75,29836,0.01083955310639881
S1C_W0.80_r07,0.8,original,-0.75,-0.7,27882,0.010129656110491072
S1C_W0.80_r07,0.8,original,-0.7,-0.6499999999999999,26681,0.00969332740420387
S1C_W0.80_r07,0.8,original,-0.6499999999999999,-0.5999999999999999,24759,0.00899505615234375
S1C_W0.80_r07,0.8,original,-0.5999999999999999,-0.5499999999999998,23625,0.00858306884765625
S1C_W0.80_r07,0.8,original,-0.5499999999999998,-0.5,22433,0.00815000988188244
S1C_W0.80_r07,0.8,original,-0.5,-0.44999999999999996,20796,0.007555280412946429
S1C_W0.80_r07,0.8,original,-0.44999999999999996,-0.3999999999999999,20101,0.007302783784412202
S1C_W0.80_r07,0.8,original,-0.3999999999999999,-0.34999999999999987,18775,0.006821042015438988
S1C_W0.80_r07,0.8,original,-0.34999999999999987,-0.2999999999999998,17912,0.006507510230654762
S1C_W0.80_r07,0.8,original,-0.2999999999999998,-0.25,17031,0.00618743896484375
S1C_W0.80_r07,0.8,original,-0.25,-0.19999999999999996,15881,0.00576963878813244
S1C_W0.80_r07,0.8,original,-0.19999999999999996,-0.1499999999999999,15383,0.005588713146391369
S1C_W0.80_r07,0.8,original,-0.1499999999999999,-0.09999999999999987,14472,0.005257742745535714
S1C_W0.80_r07,0.8,original,-0.09999999999999987,-0.04999999999999982,13635,0.004953656877790179
S1C_W0.80_r07,0.8,original,-0.04999999999999982,0.0,12978,0.0047149658203125
S1C_W0.80_r07,0.8,original,0.0,0.050000000000000266,12277,0.004460289364769345
S1C_W0.80_r07,0.8,original,0.050000000000000266,0.10000000000000009,11390,0.004138038271949405
S1C_W0.80_r07,0.8,original,0.10000000000000009,0.1499999999999999,10665,0.0038746425083705355
S1C_W0.80_r07,0.8,original,0.1499999999999999,0.20000000000000018,9919,0.0036036173502604165
S1C_W0.80_r07,0.8,original,0.20000000000000018,0.25,9232,0.003354027157738095
S1C_W0.80_r07,0.8,original,0.25,0.30000000000000027,8703,0.003161839076450893
S1C_W0.80_r07,0.8,original,0.30000000000000027,0.3500000000000001,8067,0.0029307774135044645
S1C_W0.80_r07,0.8,original,0.3500000000000001,0.40000000000000036,7413,0.00269317626953125
S1C_W0.80_r07,0.8,original,0.40000000000000036,0.4500000000000002,7106,0.002581641787574405
S1C_W0.80_r07,0.8,original,0.4500000000000002,0.5,6493,0.0023589361281622025
S1C_W0.80_r07,0.8,original,0.5,0.5500000000000003,6114,0.0022212437220982145
S1C_W0.80_r07,0.8,original,0.5500000000000003,0.6000000000000001,5676,0.0020621163504464285
S1C_W0.80_r07,0.8,original,0.6000000000000001,0.6500000000000004,5269,0.0019142514183407738
S1C_W0.80_r07,0.8,original,0.6500000000000004,0.7000000000000002,4987,0.001811799548921131
S1C_W0.80_r07,0.8,original,0.7000000000000002,0.75,4717,0.0017137073335193452
S1C_W0.80_r07,0.8,original,0.75,0.8000000000000003,4228,0.0015360514322916667
S1C_W0.80_r07,0.8,original,0.8000000000000003,0.8500000000000001,3886,0.001411801292782738
S1C_W0.80_r07,0.8,original,0.8500000000000001,0.9000000000000004,3782,0.0013740176246279762
S1C_W0.80_r07,0.8,original,0.9000000000000004,0.9500000000000002,3587,0.0013031732468377975
S1C_W0.80_r07,0.8,original,0.9500000000000002,1.0,3272,0.0011887323288690475
S1C_W0.80_r07,0.8,original,1.0,1.0500000000000003,3009,0.0010931832449776785
S1C_W0.80_r07,0.8,original,1.0500000000000003,1.1,2801,0.0010176159086681548
S1C_W0.80_r07,0.8,original,1.1,1.1500000000000004,2592,0.0009416852678571429
S1C_W0.80_r07,0.8,original,1.1500000000000004,1.2000000000000002,2346,0.0008523123604910714
S1C_W0.80_r07,0.8,original,1.2000000000000002,1.25,2160,0.0007847377232142857
S1C_W0.80_r07,0.8,original,1.25,1.3000000000000003,2084,0.0007571265811011905
S1C_W0.80_r07,0.8,original,1.3000000000000003,1.35,1902,0.0006910051618303571
S1C_W0.80_r07,0.8,original,1.35,1.4000000000000004,1698,0.0006168910435267857
S1C_W0.80_r07,0.8,original,1.4000000000000004,1.4500000000000002,1548,0.0005623953683035714
S1C_W0.80_r07,0.8,original,1.4500000000000002,1.5,1455,0.0005286080496651786
S1C_W0.80_r07,0.8,original,1.5,1.5500000000000003,1151,0.0004181634812127976
S1C_W0.80_r07,0.8,original,1.5500000000000003,1.6,1215,0.0004414149693080357
S1C_W0.80_r07,0.8,original,1.6,1.6500000000000004,1131,0.0004108973911830357
S1C_W0.80_r07,0.8,original,1.6500000000000004,1.7000000000000002,1051,0.0003818330310639881
S1C_W0.80_r07,0.8,original,1.7000000000000002,1.75,934,0.00033932640438988094
S1C_W0.80_r07,0.8,original,1.75,1.8000000000000003,835,0.0003033592587425595
S1C_W0.80_r07,0.8,original,1.8000000000000003,1.85,875,0.0003178914388020833
S1C_W0.80_r07,0.8,original,1.85,1.9000000000000004,660,0.00023978097098214285
S1C_W0.80_r07,0.8,original,1.9000000000000004,1.9500000000000002,513,0.00018637520926339285
S1C_W0.80_r07,0.8,original,1.9500000000000002,2.0,294,0.0001068115234375
S1C_W0.80_r07,0.8,rearranged,-2.0,-1.95,118730,0.04313514346168155
S1C_W0.80_r07,0.8,rearranged,-1.95,-1.9,197764,0.07184855143229167
S1C_W0.80_r07,0.8,rearranged,-1.9,-1.85,225173,0.08180636451357887
S1C_W0.80_r07,0.8,rearranged,-1.85,-1.8,221376,0.08042689732142858
S1C_W0.80_r07,0.8,rearranged,-1.8,-1.75,194716,0.07074119931175596
S1C_W0.80_r07,0.8,rearranged,-1.75,-1.7,161092,0.05852544875372024
S1C_W0.80_r07,0.8,rearranged,-1.7,-1.65,133781,0.048603239513578866
S1C_W0.80_r07,0.8,rearranged,-1.65,-1.6,113582,0.041264851888020836
S1C_W0.80_r07,0.8,rearranged,-1.6,-1.55,99628,0.03619530087425595
S1C_W0.80_r07,0.8,rearranged,-1.55,-1.5,88376,0.032107398623511904
S1C_W0.80_r07,0.8,rearranged,-1.5,-1.45,80093,0.02909814743768601
S1C_W0.80_r07,0.8,rearranged,-1.45,-1.4,73147,0.026574634370349702
S1C_W0.80_r07,0.8,rearranged,-1.4,-1.35,66966,0.024329049246651784
S1C_W0.80_r07,0.8,rearranged,-1.35,-1.2999999999999998,61174,0.02222478957403274
S1C_W0.80_r07,0.8,rearranged,-1.2999999999999998,-1.25,56838,0.020649501255580356
S1C_W0.80_r07,0.8,rearranged,-1.25,-1.2,53368,0.019388834635416668
S1C_W0.80_r07,0.8,rearranged,-1.2,-1.15,49174,0.017865135556175596
S1C_W0.80_r07,0.8,rearranged,-1.15,-1.1,46063,0.01673489525204613
S1C_W0.80_r07,0.8,rearranged,-1.1,-1.0499999999999998,43344,0.0157470703125
S1C_W0.80_r07,0.8,rearranged,-1.0499999999999998,-1.0,40584,0.014744349888392858
S1C_W0.80_r07,0.8,rearranged,-1.0,-0.95,37944,0.013785226004464286
S1C_W0.80_r07,0.8,rearranged,-0.95,-0.8999999999999999,35812,0.013010660807291666
S1C_W0.80_r07,0.8,rearranged,-0.8999999999999999,-0.8499999999999999,33220,0.012068975539434524
S1C_W0.80_r07,0.8,rearranged,-0.8499999999999999,-0.7999999999999998,31323,0.011379786900111608
S1C_W0.80_r07,0.8,rearranged,-0.7999999999999998,-0.75,29445,0.010697501046316964
S1C_W0.80_r07,0.8,rearranged,-0.75,-0.7,27856,0.01012021019345238
S1C_W0.80_r07,0.8,rearranged,-0.7,-0.6499999999999999,26417,0.009597415015811012
S1C_W0.80_r07,0.8,rearranged,-0.6499999999999999,-0.5999999999999999,24959,0.00906771705264137
S1C_W0.80_r07,0.8,rearranged,-0.5999999999999999,-0.5499999999999998,23666,0.008597964332217262
S1C_W0.80_r07,0.8,rearranged,-0.5499999999999998,-0.5,22443,0.008153642926897322
S1C_W0.80_r07,0.8,rearranged,-0.5,-0.44999999999999996,21278,0.00773039318266369
S1C_W0.80_r07,0.8,rearranged,-0.44999999999999996,-0.3999999999999999,20054,0.007285708472842262
S1C_W0.80_r07,0.8,rearranged,-0.3999999999999999,-0.34999999999999987,18870,0.006855555943080357
S1C_W0.80_r07,0.8,rearranged,-0.34999999999999987,-0.2999999999999998,17957,0.006523858933221726
S1C_W0.80_r07,0.8,rearranged,-0.2999999999999998,-0.25,16902,0.006140572684151786
S1C_W0.80_r07,0.8,rearranged,-0.25,-0.19999999999999996,16069,0.005837940034412202
S1C_W0.80_r07,0.8,rearranged,-0.19999999999999996,-0.1499999999999999,14930,0.005424136207217262
S1C_W0.80_r07,0.8,rearranged,-0.1499999999999999,-0.09999999999999987,14449,0.005249386742001488
S1C_W0.80_r07,0.8,rearranged,-0.09999999999999987,-0.04999999999999982,13558,0.004925682431175595
S1C_W0.80_r07,0.8,rearranged,-0.04999999999999982,0.0,12984,0.004717145647321429
S1C_W0.80_r07,0.8,rearranged,0.0,0.050000000000000266,12106,0.004398164295014881
S1C_W0.80_r07,0.8,rearranged,0.050000000000000266,0.10000000000000009,11576,0.00420561290922619
S1C_W0.80_r07,0.8,rearranged,0.10000000000000009,0.1499999999999999,10555,0.003834679013206845
S1C_W0.80_r07,0.8,rearranged,0.1499999999999999,0.20000000000000018,9756,0.003544398716517857
S1C_W0.80_r07,0.8,rearranged,0.20000000000000018,0.25,9107,0.0033086140950520835
S1C_W0.80_r07,0.8,rearranged,0.25,0.30000000000000027,8408,0.003054664248511905
S1C_W0.80_r07,0.8,rearranged,0.30000000000000027,0.3500000000000001,8020,0.002913702101934524
S1C_W0.80_r07,0.8,rearranged,0.3500000000000001,0.40000000000000036,7504,0.0027262369791666665
S1C_W0.80_r07,0.8,rearranged,0.40000000000000036,0.4500000000000002,7096,0.002578008742559524
S1C_W0.80_r07,0.8,rearranged,0.4500000000000002,0.5,6606,0.002399989536830357
S1C_W0.80_r07,0.8,rearranged,0.5,0.5500000000000003,6156,0.0022365025111607145
S1C_W0.80_r07,0.8,rearranged,0.5500000000000003,0.6000000000000001,5739,0.0020850045340401785
S1C_W0.80_r07,0.8,rearranged,0.6000000000000001,0.6500000000000004,5491,0.001994905017671131
S1C_W0.80_r07,0.8,rearranged,0.6500000000000004,0.7000000000000002,5062,0.001839047386532738
S1C_W0.80_r07,0.8,rearranged,0.7000000000000002,0.75,4682,0.001700991675967262
S1C_W0.80_r07,0.8,rearranged,0.75,0.8000000000000003,4373,0.0015887305850074405
S1C_W0.80_r07,0.8,rearranged,0.8000000000000003,0.8500000000000001,4230,0.0015367780412946428
S1C_W0.80_r07,0.8,rearranged,0.8500000000000001,0.9000000000000004,3804,0.0013820103236607143
S1C_W0.80_r07,0.8,rearranged,0.9000000000000004,0.9500000000000002,3535,0.0012842814127604167
S1C_W0.80_r07,0.8,rearranged,0.9500000000000002,1.0,3310,0.0012025378999255952
S1C_W0.80_r07,0.8,rearranged,1.0,1.0500000000000003,3042,0.0011051722935267857
S1C_W0.80_r07,0.8,rearranged,1.0500000000000003,1.1,2892,0.0010506766183035715
S1C_W0.80_r07,0.8,rearranged,1.1,1.1500000000000004,2627,0.0009544009254092262
S1C_W0.80_r07,0.8,rearranged,1.1500000000000004,1.2000000000000002,2357,0.0008563087100074405
S1C_W0.80_r07,0.8,rearranged,1.2000000000000002,1.25,2226,0.0008087158203125
S1C_W0.80_r07,0.8,rearranged,1.25,1.3000000000000003,2029,0.0007371448335193452
S1C_W0.80_r07,0.8,rearranged,1.3000000000000003,1.35,1943,0.000705900646391369
S1C_W0.80_r07,0.8,rearranged,1.35,1.4000000000000004,1674,0.0006081717354910714
S1C_W0.80_r07,0.8,rearranged,1.4000000000000004,1.4500000000000002,1569,0.0005700247628348214
S1C_W0.80_r07,0.8,rearranged,1.4500000000000002,1.5,1464,0.0005318777901785714
S1C_W0.80_r07,0.8,rearranged,1.5,1.5500000000000003,1247,0.00045304071335565475
S1C_W0.80_r07,0.8,rearranged,1.5500000000000003,1.6,1159,0.0004210699172247024
S1C_W0.80_r07,0.8,rearranged,1.6,1.6500000000000004,1055,0.0003832862490699405
S1C_W0.80_r07,0.8,rearranged,1.6500000000000004,1.7000000000000002,981,0.00035640171595982144
S1C_W0.80_r07,0.8,rearranged,1.7000000000000002,1.75,934,0.00033932640438988094
S1C_W0.80_r07,0.8,rearranged,1.75,1.8000000000000003,851,0.00030917213076636906
S1C_W0.80_r07,0.8,rearranged,1.8000000000000003,1.85,785,0.00028519403366815475
S1C_W0.80_r07,0.8,rearranged,1.85,1.9000000000000004,670,0.0002434140159970238
S1C_W0.80_r07,0.8,rearranged,1.9000000000000004,1.9500000000000002,508,0.00018455868675595238
S1C_W0.80_r07,0.8,rearranged,1.9500000000000002,2.0,278,0.00010099865141369047
S1C_W0.80_r08,0.8,original,-2.0,-1.95,118633,0.0430999029250372
S1C_W0.80_r08,0.8,original,-1.95,-1.9,198123,0.07197897774832589
S1C_W0.80_r08,0.8,original,-1.9,-1.85,225295,0.08185068766276042
S1C_W0.80_r08,0.8,original,-1.85,-1.8,220699,0.08018094017392113
S1C_W0.80_r08,0.8,original,-1.8,-1.75,194309,0.07059333437965029
S1C_W0.80_r08,0.8,original,-1.75,-1.7,161022,0.05850001743861607
S1C_W0.80_r08,0.8,original,-1.7,-1.65,133291,0.0484252203078497
S1C_W0.80_r08,0.8,original,-1.65,-1.6,112954,0.04103669666108631
S1C_W0.80_r08,0.8,original,-1.6,-1.55,98908,0.03593372163318452
S1C_W0.80_r08,0.8,original,-1.55,-1.5,88352,0.03209867931547619
S1C_W0.80_r08,0.8,original,-1.5,-1.45,80729,0.029329209100632442
S1C_W0.80_r08,0.8,original,-1.45,-1.4,72859,0.02647000267392113
S1C_W0.80_r08,0.8,original,-1.4,-1.35,67210,0.02441769554501488
S1C_W0.80_r08,0.8,original,-1.35,-1.2999999999999998,61738,0.022429693312872024
S1C_W0.80_r08,0.8,original,-1.2999999999999998,-1.25,57477,0.02088165283203125
S1C_W0.80_r08,0.8,original,-1.25,-1.2,53175,0.019318716866629466
S1C_W0.80_r08,0.8,original,-1.2,-1.15,49361,0.01793307349795387
S1C_W0.80_r08,0.8,original,-1.15,-1.1,45810,0.016642979213169644
S1C_W0.80_r08,0.8,original,-1.1,-1.0499999999999998,43296,0.015729631696428572
S1C_W0.80_r08,0.8,original,-1.0499999999999998,-1.0,40825,0.014831906273251488
S1C_W0.80_r08,0.8,original,-1.0,-0.95,38073,0.01383209228515625
S1C_W0.80_r08,0.8,original,-0.95,-0.8999999999999999,35838,0.013020106724330358
S1C_W0.80_r08,0.8,original,-0.8999999999999999,-0.8499999999999999,33758,0.01226443336123512
S1C_W0.80_r08,0.8,original,-0.8499999999999999,-0.7999999999999998,31572,0.011470249720982142
S1C_W0.80_r08,0.8,original,-0.7999999999999998,-0.75,29882,0.010856265113467262
S1C_W0.80_r08,0.8,original,-0.75,-0.7,27849,0.010117667061941964
S1C_W0.80_r08,0.8,original,-0.7,-0.6499999999999999,26644,0.00967988513764881
S1C_W0.80_r08,0.8,original,-0.6499999999999999,-0.5999999999999999,25088,0.009114583333333334
S1C_W0.80_r08,0.8,original,-0.5999999999999999,-0.5499999999999998,23747,0.008627391996837798
S1C_W0.80_r08,0.8,original,-0.5499999999999998,-0.5,22716,0.008252825055803572
S1C_W0.80_r08,0.8,original,-0.5,-0.44999999999999996,21186,0.007696969168526786
S1C_W0.80_r08,0.8,original,-0.44999999999999996,-0.3999999999999999,20147,0.007319495791480655
S1C_W0.80_r08,0.8,original,-0.3999999999999999,-0.34999999999999987,18888,0.006862095424107143
S1C_W0.80_r08,0.8,original,-0.34999999999999987,-0.2999999999999998,18045,0.006555829729352679
S1C_W0.80_r08,0.8,original,-0.2999999999999998,-0.25,17004,0.006177629743303571
S1C_W0.80_r08,0.8,original,-0.25,-0.19999999999999996,16106,0.005851382300967262
S1C_W0.80_r08,0.8,original,-0.19999999999999996,-0.1499999999999999,15208,0.005525134858630952
S1C_W0.80_r08,0.8,original,-0.1499999999999999,-0.09999999999999987,14488,0.005263555617559524
S1C_W0.80_r08,0.8,original,-0.09999999999999987,-0.04999999999999982,13540,0.00491914295014881
S1C_W0.80_r08,0.8,original,-0.04999999999999982,0.0,12840,0.004664829799107143
S1C_W0.80_r08,0.8,original,0.0,0.050000000000000266,12069,0.004384722028459821
S1C_W0.80_r08,0.8,original,0.050000000000000266,0.10000000000000009,11423,0.004150027320498512
S1C_W0.80_r08,0.8,original,0.10000000000000009,0.1499999999999999,10348,0.0037594749813988095
S1C_W0.80_r08,0.8,original,0.1499999999999999,0.20000000000000018,9753,0.003543308803013393
S1C_W0.80_r08,0.8,original,0.20000000000000018,0.25,9028,0.003279913039434524
S1C_W0.80_r08,0.8,original,0.25,0.30000000000000027,8476,0.003079368954613095
S1C_W0.80_r08,0.8,original,0.30000000000000027,0.3500000000000001,7980,0.002899169921875
S1C_W0.80_r08,0.8,original,0.3500000000000001,0.40000000000000036,7581,0.00275421142578125
S1C_W0.80_r08,0.8,original,0.40000000000000036,0.4500000000000002,6945,0.0025231497628348215
S1C_W0.80_r08,0.8,original,0.4500000000000002,0.5,6665,0.002421424502418155
S1C_W0.80_r08,0.8,original,0.5,0.5500000000000003,6259,0.002273922874813988
S1C_W0.80_r08,0.8,original,0.5500000000000003,0.6000000000000001,5734,0.002083188011532738
S1C_W0.80_r08,0.8,original,0.6000000000000001,0.6500000000000004,5213,0.0018939063662574405
S1C_W0.80_r08,0.8,original,0.6500000000000004,0.7000000000000002,5050,0.001834687732514881
S1C_W0.80_r08,0.8,original,0.7000000000000002,0.75,4628,0.0016813732328869048
S1C_W0.80_r08,0.8,original,0.75,0.8000000000000003,4253,0.001545134044828869
S1C_W0.80_r08,0.8,original,0.8000000000000003,0.8500000000000001,3991,0.001449948265438988
S1C_W0.80_r08,0.8,original,0.8500000000000001,0.9000000000000004,3724,0.0013529459635416667
S1C_W0.80_r08,0.8,original,0.9000000000000004,0.9500000000000002,3532,0.0012831914992559525
S1C_W0.80_r08,0.8,original,0.9500000000000002,1.0,3253,0.0011818295433407738
S1C_W0.80_r08,0.8,original,1.0,1.0500000000000003,3141,0.0011411394391741072
S1C_W0.80_r08,0.8,original,1.0500000000000003,1.1,2842,0.0010325113932291667
S1C_W0.80_r08,0.8,original,1.1,1.1500000000000004,2623,0.0009529477074032738
S1C_W0.80_r08,0.8,original,1.1500000000000004,1.2000000000000002,2323,0.0008439563569568452
S1C_W0.80_r08,0.8,original,1.2000000000000002,1.25,2227,0.0008090791248139881
S1C_W0.80_r08,0.8,original,1.25,1.3000000000000003,1974,0.0007171630859375
S1C_W0.80_r08,0.8,original,1.3000000000000003,1.35,1753,0.000636872791108631
S1C_W0.80_r08,0.8,original,1.35,1.4000000000000004,1666,0.0006052652994791666
S1C_W0.80_r08,0.8,original,1.4000000000000004,1.4500000000000002,1594,0.0005791073753720238
S1C_W0.80_r08,0.8,original,1.4500000000000002,1.5,1424,0.0005173456101190476
S1C_W0.80_r08,0.8,original,1.5,1.5500000000000003,1254,0.00045558384486607144
S1C_W0.80_r08,0.8,original,1.5500000000000003,1.6,1198,0.0004352387927827381
S1C_W0.80_r08,0.8,original,1.6,1.6500000000000004,1021,0.00037093389601934525
S1C_W0.80_r08,0.8,original,1.6500000000000004,1.7000000000000002,958,0.00034804571242559525
S1C_W0.80_r08,0.8,original,1.7000000000000002,1.75,876,0.00031825474330357144
S1C_W0.80_r08,0.8,original,1.75,1.8000000000000003,849,0.00030844552176339287
S1C_W0.80_r08,0.8,original,1.8000000000000003,1.85,737,0.0002677554175967262
S1C_W0.80_r08,0.8,original,1.85,1.9000000000000004,700,0.0002543131510416667
S1C_W0.80_r08,0.8,original,1.9000000000000004,1.9500000000000002,504,0.00018310546875
S1C_W0.80_r08,0.8,original,1.9500000000000002,2.0,258,9.373256138392858e-05
S1C_W0.80_r08,0.8,rearranged,-2.0,-1.95,118945,0.04321325392950149
S1C_W0.80_r08,0.8,rearranged,-1.95,-1.9,198328,0.07205345517113096
S1C_W0.80_r08,0.8,rearranged,-1.9,-1.85,224858,0.08169192359561012
S1C_W0.80_r08,0.8,rearranged,-1.85,-1.8,221432,0.0804472423735119
S1C_W0.80_r08,0.8,rearranged,-1.8,-1.75,193733,0.07038407098679315
S1C_W0.80_r08,0.8,rearranged,-1.75,-1.7,161741,0.05876123337518601
S1C_W0.80_r08,0.8,rearranged,-1.7,-1.65,133544,0.04851713634672619
S1C_W0.80_r08,0.8,rearranged,-1.65,-1.6,112882,0.041010538736979164
S1C_W0.80_r08,0.8,rearranged,-1.6,-1.55,98685,0.03585270472935268
S1C_W0.80_r08,0.8,rearranged,-1.55,-1.5,88278,0.03207179478236607
S1C_W0.80_r08,0.8,rearranged,-1.5,-1.45,79850,0.029009864443824404
S1C_W0.80_r08,0.8,rearranged,-1.45,-1.4,72690,0.026408604213169644
S1C_W0.80_r08,0.8,rearranged,-1.4,-1.35,66951,0.024323599679129466
S1C_W0.80_r08,0.8,rearranged,-1.35,-1.2999999999999998,61644,0.022395542689732144
S1C_W0.80_r08,0.8,rearranged,-1.2999999999999998,-1.25,57055,0.020728338332403274
S1C_W0.80_r08,0.8,rearranged,-1.25,-1.2,53195,0.019325982956659226
S1C_W0.80_r08,0.8,rearranged,-1.2,-1.15,49446,0.017963954380580356
S1C_W0.80_r08,0.8,rearranged,-1.15,-1.1,45971,0.016701471237909226
S1C_W0.80_r08,0.8,rearranged,-1.1,-1.0499999999999998,43286,0.015725998651413692
S1C_W0.80_r08,0.8,rearranged,-1.0499999999999998,-1.0,40711,0.014790489560081846
S1C_W0.80_r08,0.8,rearranged,-1.0,-0.95,38068,0.01383027576264881
S1C_W0.80_r08,0.8,rearranged,-0.95,-0.8999999999999999,36008,0.013081868489583334
S1C_W0.80_r08,0.8,rearranged,-0.8999999999999999,-0.8499999999999999,33404,0.012135823567708334
S1C_W0.80_r08,0.8,rearranged,-0.8499999999999999,-0.7999999999999998,31743,0.011532374790736608
S1C_W0.80_r08,0.8,rearranged,-0.7999999999999998,-0.75,29832,0.010838099888392858
S1C_W0.80_r08,0.8,rearranged,-0.75,-0.7,28506,0.010356358119419642
S1C_W0.80_r08,0.8,rearranged,-0.7,-0.6499999999999999,26410,0.009594871884300596
S1C_W0.80_r08,0.8,rearranged,-0.6499999999999999,-0.5999999999999999,25139,0.009133111862909226
S1C_W0.80_r08,0.8,rearranged,-0.5999999999999999,-0.5499999999999998,23607,0.008576529366629464
S1C_W0.80_r08,0.8,rearranged,-0.5499999999999998,-0.5,22329,0.008112226213727678
S1C_W0.80_r08,0.8,rearranged,-0.5,-0.44999999999999996,21149,0.007683526901971726
S1C_W0.80_r08,0.8,rearranged,-0.44999999999999996,-0.3999999999999999,20136,0.007315499441964286
S1C_W0.80_r08,0.8,rearranged,-0.3999999999999999,-0.34999999999999987,18984,0.00689697265625
S1C_W0.80_r08,0.8,rearranged,-0.34999999999999987,-0.2999999999999998,18162,0.006598336356026786
S1C_W0.80_r08,0.8,rearranged,-0.2999999999999998,-0.25,17055,0.006196158272879464
S1C_W0.80_r08,0.8,rearranged,-0.25,-0.19999999999999996,16036,0.005825950985863095
S1C_W0.80_r08,0.8,rearranged,-0.19999999999999996,-0.1499999999999999,15102,0.005486624581473214
S1C_W0.80_r08,0.8,rearranged,-0.1499999999999999,-0.09999999999999987,14315,0.005200703938802083
S1C_W0.80_r08,0.8,rearranged,-0.09999999999999987,-0.04999999999999982,13347,0.004849025181361607
S1C_W0.80_r08,0.8,rearranged,-0.04999999999999982,0.0,12594,0.004575456891741071
S1C_W0.80_r08,0.8,rearranged,0.0,0.050000000000000266,12186,0.004427228655133929
S1C_W0.80_r08,0.8,rearranged,0.050000000000000266,0.10000000000000009,11375,0.004132588704427083
S1C_W0.80_r08,0.8,rearranged,0.10000000000000009,0.1499999999999999,10483,0.0038085210890997025
S1C_W0.80_r08,0.8,rearranged,0.1499999999999999,0.20000000000000018,9984,0.003627232142857143
S1C_W0.80_r08,0.8,rearranged,0.20000000000000018,0.25,9123,0.003314426967075893
S1C_W0.80_r08,0.8,rearranged,0.25,0.30000000000000027,8376,0.0030430385044642855
S1C_W0.80_r08,0.8,rearranged,0.30000000000000027,0.3500000000000001,7865,0.002857389904203869
S1C_W0.80_r08,0.8,rearranged,0.3500000000000001,0.40000000000000036,7452,0.0027073451450892855
S1C_W0.80_r08,0.8,rearranged,0.40000000000000036,0.4500000000000002,6999,0.0025427682059151785
S1C_W0.80_r08,0.8,rearranged,0.4500000000000002,0.5,6545,0.0023778279622395835
S1C_W0.80_r08,0.8,rearranged,0.5,0.5500000000000003,6129,0.0022266932896205355
S1C_W0.80_r08,0.8,rearranged,0.5500000000000003,0.6000000000000001,5662,0.002057030087425595
S1C_W0.80_r08,0.8,rearranged,0.6000000000000001,0.6500000000000004,5183,0.0018830072312127975
S1C_W0.80_r08,0.8,rearranged,0.6500000000000004,0.7000000000000002,4986,0.0018114362444196428
S1C_W0.80_r08,0.8,rearranged,0.7000000000000002,0.75,4523,0.0016432262602306548
S1C_W0.80_r08,0.8,rearranged,0.75,0.8000000000000003,4219,0.0015327816917782738
S1C_W0.80_r08,0.8,rearranged,0.8000000000000003,0.8500000000000001,4055,0.0014731997535342262
S1C_W0.80_r08,0.8,rearranged,0.8500000000000001,0.9000000000000004,3744,0.0013602120535714285
S1C_W0.80_r08,0.8,rearranged,0.9000000000000004,0.9500000000000002,3425,0.0012443179175967262
S1C_W0.80_r08,0.8,rearranged,0.9500000000000002,1.0,3252,0.0011814662388392857
S1C_W0.80_r08,0.8,rearranged,1.0,1.0500000000000003,3020,0.0010971795944940475
S1C_W0.80_r08,0.8,rearranged,1.0500000000000003,1.1,2760,0.0010027204241071428
S1C_W0.80_r08,0.8,rearranged,1.1,1.1500000000000004,2637,0.0009580339704241071
S1C_W0.80_r08,0.8,rearranged,1.1500000000000004,1.2000000000000002,2341,0.000850495837983631
S1C_W0.80_r08,0.8,rearranged,1.2000000000000002,1.25,2299,0.000835237048921131
S1C_W0.80_r08,0.8,rearranged,1.25,1.3000000000000003,2080,0.0007556733630952381
S1C_W0.80_r08,0.8,rearranged,1.3000000000000003,1.35,1988,0.0007222493489583334
S1C_W0.80_r08,0.8,rearranged,1.35,1.4000000000000004,1856,0.0006742931547619048
S1C_W0.80_r08,0.8,rearranged,1.4000000000000004,1.4500000000000002,1667,0.0006056286039806548
S1C_W0.80_r08,0.8,rearranged,1.4500000000000002,1.5,1667,0.0006056286039806548
S1C_W0.80_r08,0.8,rearranged,1.5,1.5500000000000003,1396,0.000507173084077381
S1C_W0.80_r08,0.8,rearranged,1.5500000000000003,1.6,1331,0.00048355829148065475
S1C_W0.80_r08,0.8,rearranged,1.6,1.6500000000000004,1203,0.00043705531529017856
S1C_W0.80_r08,0.8,rearranged,1.6500000000000004,1.7000000000000002,1102,0.00040036156063988094
S1C_W0.80_r08,0.8,rearranged,1.7000000000000002,1.75,1036,0.0003763834635416667
S1C_W0.80_r08,0.8,rearranged,1.75,1.8000000000000003,893,0.00032443091982886906
S1C_W0.80_r08,0.8,rearranged,1.8000000000000003,1.85,845,0.0003069923037574405
S1C_W0.80_r08,0.8,rearranged,1.85,1.9000000000000004,755,0.0002742948986235119
S1C_W0.80_r08,0.8,rearranged,1.9000000000000004,1.9500000000000002,578,0.00020999000186011906
S1C_W0.80_r08,0.8,rearranged,1.9500000000000002,2.0,341,0.00012388683500744047
S1C_W0.80_r09,0.8,original,-2.0,-1.95,118705,0.043126060849144346
S1C_W0.80_r09,0.8,original,-1.95,-1.9,198298,0.07204255603608631
S1C_W0.80_r09,0.8,original,-1.9,-1.85,225734,0.08201017833891369
S1C_W0.80_r09,0.8,original,-1.85,-1.8,221458,0.0804566882905506
S1C_W0.80_r09,0.8,original,-1.8,-1.75,194331,0.07060132707868304
S1C_W0.80_r09,0.8,original,-1.75,-1.7,161472,0.05866350446428571
S1C_W0.80_r09,0.8,original,-1.7,-1.65,133206,0.04839433942522321
S1C_W0.80_r09,0.8,original,-1.65,-1.6,113679,0.04130009242466518
S1C_W0.80_r09,0.8,original,-1.6,-1.55,99102,0.03600420270647321
S1C_W0.80_r09,0.8,original,-1.55,-1.5,88381,0.032109215146019346
S1C_W0.80_r09,0.8,original,-1.5,-1.45,80150,0.029118855794270832
S1C_W0.80_r09,0.8,original,-1.45,-1.4,72148,0.026211693173363096
S1C_W0.80_r09,0.8,original,-1.4,-1.35,66880,0.024297805059523808
S1C_W0.80_r09,0.8,original,-1.35,-1.2999999999999998,61550,0.02236139206659226
S1C_W0.80_r09,0.8,original,-1.2999999999999998,-1.25,56876,0.020663306826636904
S1C_W0.80_r09,0.8,original,-1.25,-1.2,53410,0.019404093424479168
S1C_W0.80_r09,0.8,original,-1.2,-1.15,49642,0.018035162062872024
S1C_W0.80_r09,0.8,original,-1.15,-1.1,46078,0.016740344819568452
S1C_W0.80_r09,0.8,original,-1.1,-1.0499999999999998,43058,0.015643165225074404
S1C_W0.80_r09,0.8,original,-1.0499999999999998,-1.0,40021,0.01453980945405506
S1C_W0.80_r09,0.8,original,-1.0,-0.95,37977,0.013797215053013392
S1C_W0.80_r09,0.8,original,-0.95,-0.8999999999999999,35555,0.012917291550409226
S1C_W0.80_r09,0.8,original,-0.8999999999999999,-0.8499999999999999,33665,0.012230646042596726
S1C_W0.80_r09,0.8,original,-0.8499999999999999,-0.7999999999999998,31484,0.01143827892485119
S1C_W0.80_r09,0.8,original,-0.7999999999999998,-0.75,29885,0.010857355026971726
S1C_W0.80_r09,0.8,original,-0.75,-0.7,28009,0.01017579578218006
S1C_W0.80_r09,0.8,original,-0.7,-0.6499999999999999,26763,0.009723118373325892
S1C_W0.80_r09,0.8,original,-0.6499999999999999,-0.5999999999999999,24968,0.009070986793154762
S1C_W0.80_r09,0.8,original,-0.5999999999999999,-0.5499999999999998,23725,0.00861939929780506
S1C_W0.80_r09,0.8,original,-0.5499999999999998,-0.5,22212,0.008069719587053572
S1C_W0.80_r09,0.8,original,-0.5,-0.44999999999999996,21110,0.00766935802641369
S1C_W0.80_r09,0.8,original,-0.44999999999999996,-0.3999999999999999,20091,0.007299150739397321
S1C_W0.80_r09,0.8,original,-0.3999999999999999,-0.34999999999999987,19196,0.006973993210565476
S1C_W0.80_r09,0.8,original,-0.34999999999999987,-0.2999999999999998,17987,0.006534758068266369
S1C_W0.80_r09,0.8,original,-0.2999999999999998,-0.25,16901,0.006140209379650298
S1C_W0.80_r09,0.8,original,-0.25,-0.19999999999999996,16121,0.005856831868489583
S1C_W0.80_r09,0.8,original,-0.19999999999999996,-0.1499999999999999,15142,0.005501156761532738
S1C_W0.80_r09,0.8,original,-0.1499999999999999,-0.09999999999999987,14413,0.005236307779947917
S1C_W0.80_r09,0.8,original,-0.09999999999999987,-0.04999999999999982,13913,0.005054655529203869
S1C_W0.80_r09,0.8,original,-0.04999999999999982,0.0,12976,0.004714239211309524
S1C_W0.80_r09,0.8,original,0.0,0.050000000000000266,12217,0.00443849109468006
S1C_W0.80_r09,0.8,original,0.050000000000000266,0.10000000000000009,11255,0.004088992164248512
S1C_W0.80_r09,0.8,original,0.10000000000000009,0.1499999999999999,10562,0.003837222144717262
S1C_W0.80_r09,0.8,original,0.1499999999999999,0.20000000000000018,9889,0.003592718215215774
S1C_W0.80_r09,0.8,original,0.20000000000000018,0.25,9352,0.0033976236979166665
S1C_W0.80_r09,0.8,original,0.25,0.30000000000000027,8698,0.0031600225539434525
S1C_W0.80_r09,0.8,original,0.30000000000000027,0.3500000000000001,7925,0.002879188174293155
S1C_W0.80_r09,0.8,original,0.3500000000000001,0.40000000000000036,7517,0.002730959937686012
S1C_W0.80_r09,0.8,original,0.40000000000000036,0.4500000000000002,7004,0.002544584728422619
S1C_W0.80_r09,0.8,original,0.4500000000000002,0.5,6586,0.002392723446800595
S1C_W0.80_r09,0.8,original,0.5,0.5500000000000003,6101,0.002216520763578869
S1C_W0.80_r09,0.8,original,0.5500000000000003,0.6000000000000001,5784,0.002101353236607143
S1C_W0.80_r09,0.8,original,0.6000000000000001,0.6500000000000004,5195,0.0018873668852306548
S1C_W0.80_r09,0.8,original,0.6500000000000004,0.7000000000000002,4917,0.0017863682338169643
S1C_W0.80_r09,0.8,original,0.7000000000000002,0.75,4652,0.001690092540922619
S1C_W0.80_r09,0.8,original,0.75,0.8000000000000003,4299,0.0015618460518973215
S1C_W0.80_r09,0.8,original,0.8000000000000003,0.8500000000000001,4044,0.0014692034040178572
S1C_W0.80_r09,0.8,original,0.8500000000000001,0.9000000000000004,3836,0.0013936360677083333
S1C_W0.80_r09,0.8,original,0.9000000000000004,0.9500000000000002,3530,0.0012824648902529762
S1C_W0.80_r09,0.8,original,0.9500000000000002,1.0,3231,0.0011738368443080357
S1C_W0.80_r09,0.8,original,1.0,1.0500000000000003,3031,0.0011011759440104167
S1C_W0.80_r09,0.8,original,1.0500000000000003,1.1,2829,0.0010277884347098215
S1C_W0.80_r09,0.8,original,1.1,1.1500000000000004,2542,0.0009235200427827381
S1C_W0.80_r09,0.8,original,1.1500000000000004,1.2000000000000002,2376,0.0008632114955357143
S1C_W0.80_r09,0.8,original,1.2000000000000002,1.25,2178,0.0007912772042410714
S1C_W0.80_r09,0.8,original,1.25,1.3000000000000003,1986,0.0007215227399553571
S1C_W0.80_r09,0.8,original,1.3000000000000003,1.35,1811,0.0006579444521949405
S1C_W0.80_r09,0.8,original,1.35,1.4000000000000004,1653,0.0006005423409598214
S1C_W0.80_r09,0.8,original,1.4000000000000004,1.4500000000000002,1529,0.0005554925827752976
S1C_W0.80_r09,0.8,original,1.4500000000000002,1.5,1448,0.0005260649181547619
S1C_W0.80_r09,0.8,original,1.5,1.5500000000000003,1289,0.00046829950241815475
S1C_W0.80_r09,0.8,original,1.5500000000000003,1.6,1167,0.00042397635323660713
S1C_W0.80_r09,0.8,original,1.6,1.6500000000000004,1090,0.0003960019066220238
S1C_W0.80_r09,0.8,original,1.6500000000000004,1.7000000000000002,966,0.0003509521484375
S1C_W0.80_r09,0.8,original,1.7000000000000002,1.75,871,0.00031643822079613094
S1C_W0.80_r09,0.8,original,1.75,1.8000000000000003,807,0.00029318673270089287
S1C_W0.80_r09,0.8,original,1.8000000000000003,1.85,750,0.00027247837611607144
S1C_W0.80_r09,0.8,original,1.85,1.9000000000000004,623,0.00022633870442708334
S1C_W0.80_r09,0.8,original,1.9000000000000004,1.9500000000000002,422,0.0001533144996279762
S1C_W0.80_r09,0.8,original,1.9500000000000002,2.0,278,0.00010099865141369047
S1C_W0.80_r09,0.8,rearranged,-2.0,-1.95,119311,0.043346223377046134
S1C_W0.80_r09,0.8,rearranged,-1.95,-1.9,199170,0.07235935756138392
S1C_W0.80_r09,0.8,rearranged,-1.9,-1.85,226960,0.0824555896577381
S1C_W0.80_r09,0.8,rearranged,-1.85,-1.8,222806,0.08094642275855654
S1C_W0.80_r09,0.8,rearranged,-1.8,-1.75,195644,0.0710783458891369
S1C_W0.80_r09,0.8,rearranged,-1.75,-1.7,161948,0.05883643740699405
S1C_W0.80_r09,0.8,rearranged,-1.7,-1.65,133919,0.04865337553478423
S1C_W0.80_r09,0.8,rearranged,-1.65,-1.6,113378,0.04119073776971726
S1C_W0.80_r09,0.8,rearranged,-1.6,-1.55,99204,0.036041259765625
S1C_W0.80_r09,0.8,rearranged,-1.55,-1.5,87894,0.031932285853794644
S1C_W0.80_r09,0.8,rearranged,-1.5,-1.45,79351,0.028828575497581846
S1C_W0.80_r09,0.8,rearranged,-1.45,-1.4,72483,0.026333400181361606
S1C_W0.80_r09,0.8,rearranged,-1.4,-1.35,66664,0.02421933128720238
S1C_W0.80_r09,0.8,rearranged,-1.35,-1.2999999999999998,61255,0.022254217238653274
S1C_W0.80_r09,0.8,rearranged,-1.2999999999999998,-1.25,56470,0.02051580519903274
S1C_W0.80_r09,0.8,rearranged,-1.25,-1.2,52632,0.019121442522321428
S1C_W0.80_r09,0.8,rearranged,-1.2,-1.15,48686,0.017687842959449404
S1C_W0.80_r09,0.8,rearranged,-1.15,-1.1,45636,0.016579764229910716
S1C_W0.80_r09,0.8,rearranged,-1.1,-1.0499999999999998,43048,0.015639532180059524
S1C_W0.80_r09,0.8,rearranged,-1.0499999999999998,-1.0,39959,0.014517284574962798
S1C_W0.80_r09,0.8,rearranged,-1.0,-0.95,37713,0.013701302664620536
S1C_W0.80_r09,0.8,rearranged,-0.95,-0.8999999999999999,35255,0.012808300199962798
S1C_W0.80_r09,0.8,rearranged,-0.8999999999999999,-0.8499999999999999,33165,0.012048993791852678
S1C_W0.80_r09,0.8,rearranged,-0.8499999999999999,-0.7999999999999998,31481,0.011437189011346726
S1C_W0.80_r09,0.8,rearranged,-0.7999999999999998,-0.75,29518,0.010724022274925596
S1C_W0.80_r09,0.8,rearranged,-0.75,-0.7,28168,0.010233561197916666
S1C_W0.80_r09,0.8,rearranged,-0.7,-0.6499999999999999,26689,0.009696233840215774
S1C_W0.80_r09,0.8,rearranged,-0.6499999999999999,-0.5999999999999999,24521,0.008908589680989584
S1C_W0.80_r09,0.8,rearranged,-0.5999999999999999,-0.5499999999999998,23537,0.008551098051525298
S1C_W0.80_r09,0.8,rearranged,-0.5499999999999998,-0.5,22388,0.008133661179315476
S1C_W0.80_r09,0.8,rearranged,-0.5,-0.44999999999999996,21038,0.007643200102306548
S1C_W0.80_r09,0.8,rearranged,-0.44999999999999996,-0.3999999999999999,19983,0.007259913853236607
S1C_W0.80_r09,0.8,rearranged,-0.3999999999999999,-0.34999999999999987,19175,0.006966363816034226
S1C_W0.80_r09,0.8,rearranged,-0.34999999999999987,-0.2999999999999998,17916,0.006508963448660714
S1C_W0.80_r09,0.8,rearranged,-0.2999999999999998,-0.25,16816,0.00610932849702381
S1C_W0.80_r09,0.8,rearranged,-0.25,-0.19999999999999996,15830,0.005751110258556548
S1C_W0.80_r09,0.8,rearranged,-0.19999999999999996,-0.1499999999999999,15296,0.005557105654761905
S1C_W0.80_r09,0.8,rearranged,-0.1499999999999999,-0.09999999999999987,14354,0.005214872814360119
S1C_W0.80_r09,0.8,rearranged,-0.09999999999999987,-0.04999999999999982,13577,0.004932585216703869
S1C_W0.80_r09,0.8,rearranged,-0.04999999999999982,0.0,13154,0.004778907412574405
S1C_W0.80_r09,0.8,rearranged,0.0,0.050000000000000266,12328,0.004478817894345238
S1C_W0.80_r09,0.8,rearranged,0.050000000000000266,0.10000000000000009,11481,0.004171098981584821
S1C_W0.80_r09,0.8,rearranged,0.10000000000000009,0.1499999999999999,10647,0.00386810302734375
S1C_W0.80_r09,0.8,rearranged,0.1499999999999999,0.20000000000000018,10008,0.003635951450892857
S1C_W0.80_r09,0.8,rearranged,0.20000000000000018,0.25,9451,0.003433590843563988
S1C_W0.80_r09,0.8,rearranged,0.25,0.30000000000000027,8597,0.003123328799293155
S1C_W0.80_r09,0.8,rearranged,0.30000000000000027,0.3500000000000001,8132,0.0029543922061011905
S1C_W0.80_r09,0.8,rearranged,0.3500000000000001,0.40000000000000036,7684,0.002791631789434524
S1C_W0.80_r09,0.8,rearranged,0.40000000000000036,0.4500000000000002,7190,0.002612159365699405
S1C_W0.80_r09,0.8,rearranged,0.4500000000000002,0.5,6615,0.00240325927734375
S1C_W0.80_r09,0.8,rearranged,0.5,0.5500000000000003,6212,0.0022568475632440475
S1C_W0.80_r09,0.8,rearranged,0.5500000000000003,0.6000000000000001,5784,0.002101353236607143
S1C_W0.80_r09,0.8,rearranged,0.6000000000000001,0.6500000000000004,5363,0.0019484020414806548
S1C_W0.80_r09,0.8,rearranged,0.6500000000000004,0.7000000000000002,5039,0.001830691382998512
S1C_W0.80_r09,0.8,rearranged,0.7000000000000002,0.75,4722,0.0017155238560267857
S1C_W0.80_r09,0.8,rearranged,0.75,0.8000000000000003,4258,0.0015469505673363095
S1C_W0.80_r09,0.8,rearranged,0.8000000000000003,0.8500000000000001,3915,0.0014223371233258928
S1C_W0.80_r09,0.8,rearranged,0.8500000000000001,0.9000000000000004,3812,0.001384916759672619
S1C_W0.80_r09,0.8,rearranged,0.9000000000000004,0.9500000000000002,3465,0.00125885009765625
S1C_W0.80_r09,0.8,rearranged,0.9500000000000002,1.0,3295,0.0011970883324032738
S1C_W0.80_r09,0.8,rearranged,1.0,1.0500000000000003,2988,0.0010855538504464285
S1C_W0.80_r09,0.8,rearranged,1.0500000000000003,1.1,2594,0.000942411876860119
S1C_W0.80_r09,0.8,rearranged,1.1,1.1500000000000004,2548,0.0009256998697916666
S1C_W0.80_r09,0.8,rearranged,1.1500000000000004,1.2000000000000002,2275,0.0008265177408854166
S1C_W0.80_r09,0.8,rearranged,1.2000000000000002,1.25,2171,0.0007887340727306548
S1C_W0.80_r09,0.8,rearranged,1.25,1.3000000000000003,2007,0.0007291521344866071
S1C_W0.80_r09,0.8,rearranged,1.3000000000000003,1.35,1891,0.0006870088123139881
S1C_W0.80_r09,0.8,rearranged,1.35,1.4000000000000004,1709,0.0006208873930431548
S1C_W0.80_r09,0.8,rearranged,1.4000000000000004,1.4500000000000002,1474,0.0005355108351934524
S1C_W0.80_r09,0.8,rearranged,1.4500000000000002,1.5,1287,0.00046757289341517856
S1C_W0.80_r09,0.8,rearranged,1.5,1.5500000000000003,1220,0.0004432314918154762
S1C_W0.80_r09,0.8,rearranged,1.5500000000000003,1.6,1099,0.0003992716471354167
S1C_W0.80_r09,0.8,rearranged,1.6,1.6500000000000004,953,0.00034622918991815475
S1C_W0.80_r09,0.8,rearranged,1.6500000000000004,1.7000000000000002,911,0.00033097040085565475
S1C_W0.80_r09,0.8,rearranged,1.7000000000000002,1.75,826,0.0003000895182291667
S1C_W0.80_r09,0.8,rearranged,1.75,1.8000000000000003,731,0.0002655755905877976
S1C_W0.80_r09,0.8,rearranged,1.8000000000000003,1.85,636,0.00023106166294642856
S1C_W0.80_r09,0.8,rearranged,1.85,1.9000000000000004,540,0.00019618443080357144
S1C_W0.80_r09,0.8,rearranged,1.9000000000000004,1.9500000000000002,428,0.00015549432663690475
S1C_W0.80_r09,0.8,rearranged,1.9500000000000002,2.0,234,8.501325334821428e-05
S1C_W0.80_r10,0.8,original,-2.0,-1.95,119456,0.043398902529761904
S1C_W0.80_r10,0.8,original,-1.95,-1.9,198077,0.07196226574125744
S1C_W0.80_r10,0.8,original,-1.9,-1.85,226641,0.08233969552176339
S1C_W0.80_r10,0.8,original,-1.85,-1.8,222038,0.08066740490141369
S1C_W0.80_r10,0.8,original,-1.8,-1.75,195128,0.07089088076636904
S1C_W0.80_r10,0.8,original,-1.75,-1.7,161055,0.05851200648716518
S1C_W0.80_r10,0.8,original,-1.7,-1.65,133520,0.04850841703869048
S1C_W0.80_r10,0.8,original,-1.65,-1.6,113486,0.04122997465587798
S1C_W0.80_r10,0.8,original,-1.6,-1.55,99214,0.036044892810639884
S1C_W0.80_r10,0.8,original,-1.55,-1.5,88774,0.032251993815104164
S1C_W0.80_r10,0.8,original,-1.5,-1.45,79546,0.028899419875372024
S1C_W0.80_r10,0.8,original,-1.45,-1.4,72727,0.026422046479724702
S1C_W0.80_r10,0.8,original,-1.4,-1.35,66673,0.024222601027715774
S1C_W0.80_r10,0.8,original,-1.35,-1.2999999999999998,61383,0.02230072021484375
S1C_W0.80_r10,0.8,original,-1.2999999999999998,-1.25,56846,0.02065240769159226
S1C_W0.80_r10,0.8,original,-1.25,-1.2,52716,0.019151960100446428
S1C_W0.80_r10,0.8,original,-1.2,-1.15,49248,0.017892020089285716
S1C_W0.80_r10,0.8,original,-1.15,-1.1,46086,0.016743251255580356
S1C_W0.80_r10,0.8,original,-1.1,-1.0499999999999998,43167,0.015682765415736606
S1C_W0.80_r10,0.8,original,-1.0499999999999998,-1.0,40409,0.01468077160063244
S1C_W0.80_r10,0.8,original,-1.0,-0.95,37912,0.013773600260416666
S1C_W0.80_r10,0.8,original,-0.95,-0.8999999999999999,35548,0.01291474841889881
S1C_W0.80_r10,0.8,original,-0.8999999999999999,-0.8499999999999999,33259,0.01208314441499256
S1C_W0.80_r10,0.8,original,-0.8499999999999999,-0.7999999999999998,31592,0.011477515811011904
S1C_W0.80_r10,0.8,original,-0.7999999999999998,-0.75,29637,0.010767255510602678
S1C_W0.80_r10,0.8,original,-0.75,-0.7,27810,0.010103498186383928
S1C_W0.80_r10,0.8,original,-0.7,-0.6499999999999999,26246,0.009535289946056548
S1C_W0.80_r10,0.8,original,-0.6499999999999999,-0.5999999999999999,25261,0.009177435012090774
S1C_W0.80_r10,0.8,original,-0.5999999999999999,-0.5499999999999998,23671,0.008599780854724702
S1C_W0.80_r10,0.8,original,-0.5499999999999998,-0.5,22206,0.008067539760044642
S1C_W0.80_r10,0.8,original,-0.5,-0.44999999999999996,21018,0.007635934012276786
S1C_W0.80_r10,0.8,original,-0.44999999999999996,-0.3999999999999999,19963,0.007252647763206845
S1C_W0.80_r10,0.8,original,-0.3999999999999999,-0.34999999999999987,18852,0.006849016462053571
S1C_W0.80_r10,0.8,original,-0.34999999999999987,-0.2999999999999998,17875,0.006494067964099702
S1C_W0.80_r10,0.8,original,-0.2999999999999998,-0.25,17050,0.006194341750372024
S1C_W0.80_r10,0.8,original,-0.25,-0.19999999999999996,16252,0.005904424758184524
S1C_W0.80_r10,0.8,original,-0.19999999999999996,-0.1499999999999999,15195,0.005520411900111607
S1C_W0.80_r10,0.8,original,-0.1499999999999999,-0.09999999999999987,14458,0.005252656482514881
S1C_W0.80_r10,0.8,original,-0.09999999999999987,-0.04999999999999982,13571,0.00493040538969494
S1C_W0.80_r10,0.8,original,-0.04999999999999982,0.0,12827,0.004660106840587798
S1C_W0.80_r10,0.8,original,0.0,0.050000000000000266,12088,0.004391624813988095
S1C_W0.80_r10,0.8,original,0.050000000000000266,0.10000000000000009,11258,0.004090082077752976
S1C_W0.80_r10,0.8,original,0.10000000000000009,0.1499999999999999,10473,0.0038048880440848215
S1C_W0.80_r10,0.8,original,0.1499999999999999,0.20000000000000018,9956,0.003617059616815476
S1C_W0.80_r10,0.8,original,0.20000000000000018,0.25,9072,0.0032958984375
S1C_W0.80_r10,0.8,original,0.25,0.30000000000000027,8538,0.003101893833705357
S1C_W0.80_r10,0.8,original,0.30000000000000027,0.3500000000000001,8014,0.002911522274925595
S1C_W0.80_r10,0.8,original,0.3500000000000001,0.40000000000000036,7585,0.0027556646437872025
S1C_W0.80_r10,0.8,original,0.40000000000000036,0.4500000000000002,6874,0.0024973551432291665
S1C_W0.80_r10,0.8,original,0.4500000000000002,0.5,6599,0.0023974464053199405
S1C_W0.80_r10,0.8,original,0.5,0.5500000000000003,6025,0.002188909621465774
S1C_W0.80_r10,0.8,original,0.5500000000000003,0.6000000000000001,5744,0.002086821056547619
S1C_W0.80_r10,0.8,original,0.6000000000000001,0.6500000000000004,5349,0.0019433157784598215
S1C_W0.80_r10,0.8,original,0.6500000000000004,0.7000000000000002,4929,0.0017907278878348215
S1C_W0.80_r10,0.8,original,0.7000000000000002,0.75,4584,0.0016653878348214285
S1C_W0.80_r10,0.8,original,0.75,0.8000000000000003,4452,0.001617431640625
S1C_W0.80_r10,0.8,original,0.8000000000000003,0.8500000000000001,4048,0.0014706566220238095
S1C_W0.80_r10,0.8,original,0.8500000000000001,0.9000000000000004,3805,0.0013823736281622025
S1C_W0.80_r10,0.8,original,0.9000000000000004,0.9500000000000002,3535,0.0012842814127604167
S1C_W0.80_r10,0.8,original,0.9500000000000002,1.0,3204,0.0011640276227678572
S1C_W0.80_r10,0.8,original,1.0,1.0500000000000003,3007,0.0010924566359747025
S1C_W0.80_r10,0.8,original,1.0500000000000003,1.1,2751,0.00099945068359375
S1C_W0.80_r10,0.8,original,1.1,1.1500000000000004,2531,0.000919523693266369
S1C_W0.80_r10,0.8,original,1.1500000000000004,1.2000000000000002,2327,0.0008454095749627976
S1C_W0.80_r10,0.8,original,1.2000000000000002,1.25,2237,0.000812712169828869
S1C_W0.80_r10,0.8,original,1.25,1.3000000000000003,2035,0.0007393246605282738
S1C_W0.80_r10,0.8,original,1.3000000000000003,1.35,1877,0.0006819225492931548
S1C_W0.80_r10,0.8,original,1.35,1.4000000000000004,1691,0.000614347912016369
S1C_W0.80_r10,0.8,original,1.4000000000000004,1.4500000000000002,1561,0.0005671183268229166
S1C_W0.80_r10,0.8,original,1.4500000000000002,1.5,1490,0.0005413237072172619
S1C_W0.80_r10,0.8,original,1.5,1.5500000000000003,1346,0.0004890078590029762
S1C_W0.80_r10,0.8,original,1.5500000000000003,1.6,1166,0.00042361304873511906
S1C_W0.80_r10,0.8,original,1.6,1.6500000000000004,1072,0.0003894624255952381
S1C_W0.80_r10,0.8,original,1.6500000000000004,1.7000000000000002,1018,0.00036984398251488094
S1C_W0.80_r10,0.8,original,1.7000000000000002,1.75,914,0.00033206031436011906
S1C_W0.80_r10,0.8,original,1.75,1.8000000000000003,849,0.00030844552176339287
S1C_W0.80_r10,0.8,original,1.8000000000000003,1.85,693,0.00025177001953125
S1C_W0.80_r10,0.8,original,1.85,1.9000000000000004,640,0.00023251488095238094
S1C_W0.80_r10,0.8,original,1.9000000000000004,1.9500000000000002,511,0.00018564860026041666
S1C_W0.80_r10,0.8,original,1.9500000000000002,2.0,271,9.845551990327381e-05
S1C_W0.80_r10,0.8,rearranged,-2.0,-1.95,120628,0.04382469540550595
S1C_W0.80_r10,0.8,rearranged,-1.95,-1.9,199113,0.07233864920479911
S1C_W0.80_r10,0.8,rearranged,-1.9,-1.85,226640,0.0823393322172619
S1C_W0.80_r10,0.8,rearranged,-1.85,-1.8,222291,0.08075932094029017
S1C_W0.80_r10,0.8,rearranged,-1.8,-1.75,195075,0.07087162562779017
S1C_W0.80_r10,0.8,rearranged,-1.75,-1.7,160958,0.058476765950520836
S1C_W0.80_r10,0.8,rearranged,-1.7,-1.65,132899,0.048282804943266366
S1C_W0.80_r10,0.8,rearranged,-1.65,-1.6,113384,0.04119291759672619
S1C_W0.80_r10,0.8,rearranged,-1.6,-1.55,99419,0.03611937023344494
S1C_W0.80_r10,0.8,rearranged,-1.55,-1.5,88201,0.03204382033575149
S1C_W0.80_r10,0.8,rearranged,-1.5,-1.45,79487,0.028877984909784226
S1C_W0.80_r10,0.8,rearranged,-1.45,-1.4,72339,0.026281084333147322
S1C_W0.80_r10,0.8,rearranged,-1.4,-1.35,66334,0.024099440801711308
S1C_W0.80_r10,0.8,rearranged,-1.35,-1.2999999999999998,61135,0.022210620698474702
S1C_W0.80_r10,0.8,rearranged,-1.2999999999999998,-1.25,56327,0.020463852655319942
S1C_W0.80_r10,0.8,rearranged,-1.25,-1.2,52555,0.019093468075706846
S1C_W0.80_r10,0.8,rearranged,-1.2,-1.15,48945,0.017781938825334822
S1C_W0.80_r10,0.8,rearranged,-1.15,-1.1,45938,0.01668948218936012
S1C_W0.80_r10,0.8,rearranged,-1.1,-1.0499999999999998,43103,0.01565951392764137
S1C_W0.80_r10,0.8,rearranged,-1.0499999999999998,-1.0,39950,0.014514014834449404
S1C_W0.80_r10,0.8,rearranged,-1.0,-0.95,38195,0.013876415434337798
S1C_W0.80_r10,0.8,rearranged,-0.95,-0.8999999999999999,35372,0.012850806826636904
S1C_W0.80_r10,0.8,rearranged,-0.8999999999999999,-0.8499999999999999,33598,0.012206304640997024
S1C_W0.80_r10,0.8,rearranged,-0.8499999999999999,-0.7999999999999998,31849,0.011570885067894346
S1C_W0.80_r10,0.8,rearranged,-0.7999999999999998,-0.75,29891,0.010859534853980654
S1C_W0.80_r10,0.8,rearranged,-0.75,-0.7,28247,0.010262262253534226
S1C_W0.80_r10,0.8,rearranged,-0.7,-0.6499999999999999,26394,0.009589059012276786
S1C_W0.80_r10,0.8,rearranged,-0.6499999999999999,-0.5999999999999999,25008,0.009085518973214286
S1C_W0.80_r10,0.8,rearranged,-0.5999999999999999,-0.5499999999999998,23672,0.00860014415922619
S1C_W0.80_r10,0.8,rearranged,-0.5499999999999998,-0.5,22190,0.008061726888020834
S1C_W0.80_r10,0.8,rearranged,-0.5,-0.44999999999999996,21426,0.007784162248883929
S1C_W0.80_r10,0.8,rearranged,-0.44999999999999996,-0.3999999999999999,19971,0.00725555419921875
S1C_W0.80_r10,0.8,rearranged,-0.3999999999999999,-0.34999999999999987,18940,0.006880987258184524
S1C_W0.80_r10,0.8,rearranged,-0.34999999999999987,-0.2999999999999998,17833,0.006478809175037202
S1C_W0.80_r10,0.8,rearranged,-0.2999999999999998,-0.25,16961,0.006162007649739583
S1C_W0.80_r10,0.8,rearranged,-0.25,-0.19999999999999996,15982,0.005806332542782738
S1C_W0.80_r10,0.8,rearranged,-0.19999999999999996,-0.1499999999999999,15128,0.005496070498511905
S1C_W0.80_r10,0.8,rearranged,-0.1499999999999999,-0.09999999999999987,14482,0.005261375790550595
S1C_W0.80_r10,0.8,rearranged,-0.09999999999999987,-0.04999999999999982,13767,0.005001613071986607
S1C_W0.80_r10,0.8,rearranged,-0.04999999999999982,0.0,12891,0.004683358328683036
S1C_W0.80_r10,0.8,rearranged,0.0,0.050000000000000266,11961,0.004345485142299107
S1C_W0.80_r10,0.8,rearranged,0.050000000000000266,0.10000000000000009,11256,0.00408935546875
S1C_W0.80_r10,0.8,rearranged,0.10000000000000009,0.1499999999999999,10518,0.0038212367466517855
S1C_W0.80_r10,0.8,rearranged,0.1499999999999999,0.20000000000000018,9654,0.0035073416573660715
S1C_W0.80_r10,0.8,rearranged,0.20000000000000018,0.25,9279,0.0033711024693080355
S1C_W0.80_r10,0.8,rearranged,0.25,0.30000000000000027,8628,0.0031345912388392855
S1C_W0.80_r10,0.8,rearranged,0.30000000000000027,0.3500000000000001,8019,0.0029133387974330355
S1C_W0.80_r10,0.8,rearranged,0.3500000000000001,0.40000000000000036,7329,0.00266265869140625
S1C_W0.80_r10,0.8,rearranged,0.40000000000000036,0.4500000000000002,6979,0.0025355021158854165
S1C_W0.80_r10,0.8,rearranged,0.4500000000000002,0.5,6508,0.002364385695684524
S1C_W0.80_r10,0.8,rearranged,0.5,0.5500000000000003,6137,0.0022295997256324405
S1C_W0.80_r10,0.8,rearranged,0.5500000000000003,0.6000000000000001,5742,0.002086094447544643
S1C_W0.80_r10,0.8,rearranged,0.6000000000000001,0.6500000000000004,5300,0.0019255138578869048
S1C_W0.80_r10,0.8,rearranged,0.6500000000000004,0.7000000000000002,4960,0.0018019903273809525
S1C_W0.80_r10,0.8,rearranged,0.7000000000000002,0.75,4576,0.0016624813988095238
S1C_W0.80_r10,0.8,rearranged,0.75,0.8000000000000003,4272,0.0015520368303571428
S1C_W0.80_r10,0.8,rearranged,0.8000000000000003,0.8500000000000001,4089,0.0014855521065848215
S1C_W0.80_r10,0.8,rearranged,0.8500000000000001,0.9000000000000004,3779,0.001372927711123512
S1C_W0.80_r10,0.8,rearranged,0.9000000000000004,0.9500000000000002,3596,0.0013064429873511905
S1C_W0.80_r10,0.8,rearranged,0.9500000000000002,1.0,3267,0.0011869158063616072
S1C_W0.80_r10,0.8,rearranged,1.0,1.0500000000000003,3041,0.0011048089890252975
S1C_W0.80_r10,0.8,rearranged,1.0500000000000003,1.1,2824,0.001025971912202381
S1C_W0.80_r10,0.8,rearranged,1.1,1.1500000000000004,2600,0.0009445917038690476
S1C_W0.80_r10,0.8,rearranged,1.1500000000000004,1.2000000000000002,2481,0.0009013584681919643
S1C_W0.80_r10,0.8,rearranged,1.2000000000000002,1.25,2229,0.0008098057338169643
S1C_W0.80_r10,0.8,rearranged,1.25,1.3000000000000003,2137,0.0007763817196800595
S1C_W0.80_r10,0.8,rearranged,1.3000000000000003,1.35,1938,0.0007040841238839286
S1C_W0.80_r10,0.8,rearranged,1.35,1.4000000000000004,1671,0.0006070818219866071
S1C_W0.80_r10,0.8,rearranged,1.4000000000000004,1.4500000000000002,1533,0.00055694580078125
S1C_W0.80_r10,0.8,rearranged,1.4500000000000002,1.5,1456,0.0005289713541666666
S1C_W0.80_r10,0.8,rearranged,1.5,1.5500000000000003,1350,0.0004904610770089286
S1C_W0.80_r10,0.8,rearranged,1.5500000000000003,1.6,1213,0.0004406883603050595
S1C_W0.80_r10,0.8,rearranged,1.6,1.6500000000000004,1074,0.0003901890345982143
S1C_W0.80_r10,0.8,rearranged,1.6500000000000004,1.7000000000000002,904,0.0003284272693452381
S1C_W0.80_r10,0.8,rearranged,1.7000000000000002,1.75,908,0.0003298804873511905
S1C_W0.80_r10,0.8,rearranged,1.75,1.8000000000000003,762,0.00027683803013392856
S1C_W0.80_r10,0.8,rearranged,1.8000000000000003,1.85,739,0.0002684820265997024
S1C_W0.80_r10,0.8,rearranged,1.85,1.9000000000000004,570,0.00020708356584821428
S1C_W0.80_r10,0.8,rearranged,1.9000000000000004,1.9500000000000002,462,0.0001678466796875
S1C_W0.80_r10,0.8,rearranged,1.9500000000000002,2.0,253,9.19160388764881e-05
S1C_W0.80_r11,0.8,original,-2.0,-1.95,118917,0.04320308140345982
S1C_W0.80_r11,0.8,original,-1.95,-1.9,197369,0.07170504615420387
S1C_W0.80_r11,0.8,original,-1.9,-1.85,225674,0.0819883800688244
S1C_W0.80_r11,0.8,original,-1.85,-1.8,221318,0.08040582566034227
S1C_W0.80_r11,0.8,original,-1.8,-1.75,194732,0.07074701218377977
S1C_W0.80_r11,0.8,original,-1.75,-1.7,161379,0.05862971714564732
S1C_W0.80_r11,0.8,original,-1.7,-1.65,133112,0.048360188802083336
S1C_W0.80_r11,0.8,original,-1.65,-1.6,113218,0.041132609049479164
S1C_W0.80_r11,0.8,original,-1.6,-1.55,99163,0.03602636428106399
S1C_W0.80_r11,0.8,original,-1.55,-1.5,88885,0.032292320614769346
S1C_W0.80_r11,0.8,original,-1.5,-1.45,80257,0.029157729375930058
S1C_W0.80_r11,0.8,original,-1.45,-1.4,72531,0.026350838797433034
S1C_W0.80_r11,0.8,original,-1.4,-1.35,66715,0.024237859816778274
S1C_W0.80_r11,0.8,original,-1.35,-1.2999999999999998,61555,0.022363208589099702
S1C_W0.80_r11,0.8,original,-1.2999999999999998,-1.25,57203,0.02078210739862351
S1C_W0.80_r11,0.8,original,-1.25,-1.2,53121,0.019299098423549106
S1C_W0.80_r11,0.8,original,-1.2,-1.15,49451,0.017965770903087798
S1C_W0.80_r11,0.8,original,-1.15,-1.1,46406,0.016859508696056548
S1C_W0.80_r11,0.8,original,-1.1,-1.0499999999999998,43171,0.015684218633742558
S1C_W0.80_r11,0.8,original,-1.0499999999999998,-1.0,40301,0.014641534714471726
S1C_W0.80_r11,0.8,original,-1.0,-0.95,38022,0.013813563755580358
S1C_W0.80_r11,0.8,original,-0.95,-0.8999999999999999,35808,0.013009207589285714
S1C_W0.80_r11,0.8,original,-0.8999999999999999,-0.8499999999999999,33554,0.012190319242931548
S1C_W0.80_r11,0.8,original,-0.8499999999999999,-0.7999999999999998,31545,0.011460440499441964
S1C_W0.80_r11,0.8,original,-0.7999999999999998,-0.75,29811,0.010830470493861608
S1C_W0.80_r11,0.8,original,-0.75,-0.7,27999,0.010172162737165178
S1C_W0.80_r11,0.8,original,-0.7,-0.6499999999999999,26474,0.009618123372395834
S1C_W0.80_r11,0.8,original,-0.6499999999999999,-0.5999999999999999,25184,0.00914946056547619
S1C_W0.80_r11,0.8,original,-0.5999999999999999,-0.5499999999999998,23813,0.008651370093936012
S1C_W0.80_r11,0.8,original,-0.5499999999999998,-0.5,22370,0.00812712169828869
S1C_W0.80_r11,0.8,original,-0.5,-0.44999999999999996,21262,0.007724580310639881
S1C_W0.80_r11,0.8,original,-0.44999999999999996,-0.3999999999999999,19922,0.007237752278645833
S1C_W0.80_r11,0.8,original,-0.3999999999999999,-0.34999999999999987,19025,0.006911868140811012
S1C_W0.80_r11,0.8,original,-0.34999999999999987,-0.2999999999999998,17979,0.006531851632254464
S1C_W0.80_r11,0.8,original,-0.2999999999999998,-0.25,16863,0.00612640380859375
S1C_W0.80_r11,0.8,original,-0.25,-0.19999999999999996,16032,0.005824497767857143
S1C_W0.80_r11,0.8,original,-0.19999999999999996,-0.1499999999999999,15132,0.005497523716517857
S1C_W0.80_r11,0.8,original,-0.1499999999999999,-0.09999999999999987,14567,0.005292256673177083
S1C_W0.80_r11,0.8,original,-0.09999999999999987,-0.04999999999999982,13863,0.005036490304129464
S1C_W0.80_r11,0.8,original,-0.04999999999999982,0.0,13168,0.004783993675595238
S1C_W0.80_r11,0.8,original,0.0,0.050000000000000266,12288,0.004464285714285714
S1C_W0.80_r11,0.8,original,0.050000000000000266,0.10000000000000009,11164,0.004055931454613095
S1C_W0.80_r11,0.8,original,0.10000000000000009,0.1499999999999999,10389,0.0037743704659598215
S1C_W0.80_r11,0.8,original,0.1499999999999999,0.20000000000000018,9776,0.003551664806547619
S1C_W0.80_r11,0.8,original,0.20000000000000018,0.25,9078,0.0032980782645089285
S1C_W0.80_r11,0.8,original,0.25,0.30000000000000027,8486,0.003083001999627976
S1C_W0.80_r11,0.8,original,0.30000000000000027,0.3500000000000001,8069,0.0029315040225074405
S1C_W0.80_r11,0.8,original,0.3500000000000001,0.40000000000000036,7399,0.0026880900065104165
S1C_W0.80_r11,0.8,original,0.40000000000000036,0.4500000000000002,6922,0.002514793759300595
S1C_W0.80_r11,0.8,original,0.4500000000000002,0.5,6454,0.0023447672526041665
S1C_W0.80_r11,0.8,original,0.5,0.5500000000000003,6152,0.002235049293154762
S1C_W0.80_r11,0.8,original,0.5500000000000003,0.6000000000000001,5688,0.0020664760044642855
S1C_W0.80_r11,0.8,original,0.6000000000000001,0.6500000000000004,5231,0.0019004458472842262
S1C_W0.80_r11,0.8,original,0.6500000000000004,0.7000000000000002,4880,0.0017729259672619048
S1C_W0.80_r11,0.8,original,0.7000000000000002,0.75,4543,0.0016504923502604167
S1C_W0.80_r11,0.8,original,0.75,0.8000000000000003,4380,0.0015912737165178572
S1C_W0.80_r11,0.8,original,0.8000000000000003,0.8500000000000001,4148,0.001506987072172619
S1C_W0.80_r11,0.8,original,0.8500000000000001,0.9000000000000004,3720,0.0013514927455357143
S1C_W0.80_r11,0.8,original,0.9000000000000004,0.9500000000000002,3476,0.001262846447172619
S1C_W0.80_r11,0.8,original,0.9500000000000002,1.0,3304,0.0012003580729166667
S1C_W0.80_r11,0.8,original,1.0,1.0500000000000003,2998,0.0010891868954613095
S1C_W0.80_r11,0.8,original,1.0500000000000003,1.1,2723,0.0009892781575520833
S1C_W0.80_r11,0.8,original,1.1,1.1500000000000004,2580,0.0009373256138392857
S1C_W0.80_r11,0.8,original,1.1500000000000004,1.2000000000000002,2419,0.0008788335890997024
S1C_W0.80_r11,0.8,original,1.2000000000000002,1.25,2201,0.0007996332077752976
S1C_W0.80_r11,0.8,original,1.25,1.3000000000000003,2061,0.0007487705775669643
S1C_W0.80_r11,0.8,original,1.3000000000000003,1.35,1830,0.0006648472377232143
S1C_W0.80_r11,0.8,original,1.35,1.4000000000000004,1690,0.000613984607514881
S1C_W0.80_r11,0.8,original,1.4000000000000004,1.4500000000000002,1565,0.000568571544828869
S1C_W0.80_r11,0.8,original,1.4500000000000002,1.5,1459,0.000530061267671131
S1C_W0.80_r11,0.8,original,1.5,1.5500000000000003,1365,0.00049591064453125
S1C_W0.80_r11,0.8,original,1.5500000000000003,1.6,1245,0.00045231410435267856
S1C_W0.80_r11,0.8,original,1.6,1.6500000000000004,1143,0.00041525704520089287
S1C_W0.80_r11,0.8,original,1.6500000000000004,1.7000000000000002,970,0.0003524053664434524
S1C_W0.80_r11,0.8,original,1.7000000000000002,1.75,885,0.0003215244838169643
S1C_W0.80_r11,0.8,original,1.75,1.8000000000000003,816,0.0002964564732142857
S1C_W0.80_r11,0.8,original,1.8000000000000003,1.85,721,0.0002619425455729167
S1C_W0.80_r11,0.8,original,1.85,1.9000000000000004,651,0.00023651123046875
S1C_W0.80_r11,0.8,original,1.9000000000000004,1.9500000000000002,492,0.00017874581473214285
S1C_W0.80_r11,0.8,original,1.9500000000000002,2.0,280,0.00010172526041666667
S1C_W0.80_r11,0.8,rearranged,-2.0,-1.95,118519,0.04305848621186756
S1C_W0.80_r11,0.8,rearranged,-1.95,-1.9,197624,0.07179768880208333
S1C_W0.80_r11,0.8,rearranged,-1.9,-1.85,224526,0.08157130650111608
S1C_W0.80_r11,0.8,rearranged,-1.85,-1.8,220436,0.08008539109002977
S1C_W0.80_r11,0.8,rearranged,-1.8,-1.75,194244,0.07056971958705358
S1C_W0.80_r11,0.8,rearranged,-1.75,-1.7,160586,0.05834161667596726
S1C_W0.80_r11,0.8,rearranged,-1.7,-1.65,134078,0.048711140950520836
S1C_W0.80_r11,0.8,rearranged,-1.65,-1.6,113462,0.04122125534784226
S1C_W0.80_r11,0.8,rearranged,-1.6,-1.55,99405,0.036114283970424106
S1C_W0.80_r11,0.8,rearranged,-1.55,-1.5,88927,0.032307579403831846
S1C_W0.80_r11,0.8,rearranged,-1.5,-1.45,80303,0.02917444138299851
S1C_W0.80_r11,0.8,rearranged,-1.45,-1.4,73103,0.026558648972284226
S1C_W0.80_r11,0.8,rearranged,-1.4,-1.35,66674,0.02422296433221726
S1C_W0.80_r11,0.8,rearranged,-1.35,-1.2999999999999998,62029,0.022535414922805058
S1C_W0.80_r11,0.8,rearranged,-1.2999999999999998,-1.25,57008,0.020711263020833332
S1C_W0.80_r11,0.8,rearranged,-1.25,-1.2,53345,0.019380478631882442
S1C_W0.80_r11,0.8,rearranged,-1.2,-1.15,49650,0.018038068498883928
S1C_W0.80_r11,0.8,rearranged,-1.15,-1.1,46202,0.016785394577752976
S1C_W0.80_r11,0.8,rearranged,-1.1,-1.0499999999999998,43498,0.015803019205729168
S1C_W0.80_r11,0.8,rearranged,-1.0499999999999998,-1.0,40501,0.014714195614769346
S1C_W0.80_r11,0.8,rearranged,-1.0,-0.95,38098,0.013841174897693452
S1C_W0.80_r11,0.8,rearranged,-0.95,-0.8999999999999999,36198,0.013150896344866072
S1C_W0.80_r11,0.8,rearranged,-0.8999999999999999,-0.8499999999999999,33646,0.012223743257068452
S1C_W0.80_r11,0.8,rearranged,-0.8499999999999999,-0.7999999999999998,31939,0.011603582473028274
S1C_W0.80_r11,0.8,rearranged,-0.7999999999999998,-0.75,29901,0.010863167898995536
S1C_W0.80_r11,0.8,rearranged,-0.75,-0.7,28221,0.010252816336495536
S1C_W0.80_r11,0.8,rearranged,-0.7,-0.6499999999999999,26625,0.009672982352120536
S1C_W0.80_r11,0.8,rearranged,-0.6499999999999999,-0.5999999999999999,25072,0.009108770461309524
S1C_W0.80_r11,0.8,rearranged,-0.5999999999999999,-0.5499999999999998,23627,0.008583795456659226
S1C_W0.80_r11,0.8,rearranged,-0.5499999999999998,-0.5,22201,0.008065723237537202
S1C_W0.80_r11,0.8,rearranged,-0.5,-0.44999999999999996,21096,0.007664271763392857
S1C_W0.80_r11,0.8,rearranged,-0.44999999999999996,-0.3999999999999999,19760,0.007178896949404762
S1C_W0.80_r11,0.8,rearranged,-0.3999999999999999,-0.34999999999999987,18716,0.00679960704985119
S1C_W0.80_r11,0.8,rearranged,-0.34999999999999987,-0.2999999999999998,17857,0.006487528483072917
S1C_W0.80_r11,0.8,rearranged,-0.2999999999999998,-0.25,16892,0.006136939639136905
S1C_W0.80_r11,0.8,rearranged,-0.25,-0.19999999999999996,15970,0.005801972888764881
S1C_W0.80_r11,0.8,rearranged,-0.19999999999999996,-0.1499999999999999,15057,0.00547027587890625
S1C_W0.80_r11,0.8,rearranged,-0.1499999999999999,-0.09999999999999987,14344,0.005211239769345238
S1C_W0.80_r11,0.8,rearranged,-0.09999999999999987,-0.04999999999999982,13743,0.004992893763950893
S1C_W0.80_r11,0.8,rearranged,-0.04999999999999982,0.0,13160,0.004781087239583333
S1C_W0.80_r11,0.8,rearranged,0.0,0.050000000000000266,12089,0.004391988118489583
S1C_W0.80_r11,0.8,rearranged,0.050000000000000266,0.10000000000000009,11068,0.004021054222470238
S1C_W0.80_r11,0.8,rearranged,0.10000000000000009,0.1499999999999999,10576,0.003842308407738095
S1C_W0.80_r11,0.8,rearranged,0.1499999999999999,0.20000000000000018,9711,0.003528050013950893
S1C_W0.80_r11,0.8,rearranged,0.20000000000000018,0.25,9006,0.0032719203404017855
S1C_W0.80_r11,0.8,rearranged,0.25,0.30000000000000027,8402,0.003052484421502976
S1C_W0.80_r11,0.8,rearranged,0.30000000000000027,0.3500000000000001,7792,0.002830868675595238
S1C_W0.80_r11,0.8,rearranged,0.3500000000000001,0.40000000000000036,7458,0.0027095249720982145
S1C_W0.80_r11,0.8,rearranged,0.40000000000000036,0.4500000000000002,6859,0.002491905575706845
S1C_W0.80_r11,0.8,rearranged,0.4500000000000002,0.5,6453,0.0023444039481026785
S1C_W0.80_r11,0.8,rearranged,0.5,0.5500000000000003,5971,0.0021692911783854165
S1C_W0.80_r11,0.8,rearranged,0.5500000000000003,0.6000000000000001,5592,0.0020315987723214285
S1C_W0.80_r11,0.8,rearranged,0.6000000000000001,0.6500000000000004,5248,0.0019066220238095238
S1C_W0.80_r11,0.8,rearranged,0.6500000000000004,0.7000000000000002,4911,0.0017841884068080357
S1C_W0.80_r11,0.8,rearranged,0.7000000000000002,0.75,4599,0.00167083740234375
S1C_W0.80_r11,0.8,rearranged,0.75,0.8000000000000003,4334,0.0015745617094494048
S1C_W0.80_r11,0.8,rearranged,0.8000000000000003,0.8500000000000001,3985,0.0014477684384300595
S1C_W0.80_r11,0.8,rearranged,0.8500000000000001,0.9000000000000004,3712,0.0013485863095238095
S1C_W0.80_r11,0.8,rearranged,0.9000000000000004,0.9500000000000002,3489,0.0012675694056919643
S1C_W0.80_r11,0.8,rearranged,0.9500000000000002,1.0,3315,0.0012043544224330357
S1C_W0.80_r11,0.8,rearranged,1.0,1.0500000000000003,3071,0.0011157081240699405
S1C_W0.80_r11,0.8,rearranged,1.0500000000000003,1.1,2840,0.0010317847842261905
S1C_W0.80_r11,0.8,rearranged,1.1,1.1500000000000004,2574,0.0009351457868303571
S1C_W0.80_r11,0.8,rearranged,1.1500000000000004,1.2000000000000002,2407,0.0008744739350818452
S1C_W0.80_r11,0.8,rearranged,1.2000000000000002,1.25,2286,0.0008305140904017857
S1C_W0.80_r11,0.8,rearranged,1.25,1.3000000000000003,2206,0.0008014497302827381
S1C_W0.80_r11,0.8,rearranged,1.3000000000000003,1.35,1937,0.0007037208193824405
S1C_W0.80_r11,0.8,rearranged,1.35,1.4000000000000004,1817,0.000660124279203869
S1C_W0.80_r11,0.8,rearranged,1.4000000000000004,1.4500000000000002,1694,0.0006154378255208334
S1C_W0.80_r11,0.8,rearranged,1.4500000000000002,1.5,1545,0.0005613054547991071
S1C_W0.80_r11,0.8,rearranged,1.5,1.5500000000000003,1422,0.0005166190011160714
S1C_W0.80_r11,0.8,rearranged,1.5500000000000003,1.6,1305,0.0004741123744419643
S1C_W0.80_r11,0.8,rearranged,1.6,1.6500000000000004,1183,0.0004297892252604167
S1C_W0.80_r11,0.8,rearranged,1.6500000000000004,1.7000000000000002,1114,0.0004047212146577381
S1C_W0.80_r11,0.8,rearranged,1.7000000000000002,1.75,974,0.00035385858444940475
S1C_W0.80_r11,0.8,rearranged,1.75,1.8000000000000003,901,0.0003273373558407738
S1C_W0.80_r11,0.8,rearranged,1.8000000000000003,1.85,827,0.00030045282273065475
S1C_W0.80_r11,0.8,rearranged,1.85,1.9000000000000004,708,0.00025721958705357144
S1C_W0.80_r11,0.8,rearranged,1.9000000000000004,1.9500000000000002,569,0.0002067202613467262
S1C_W0.80_r11,0.8,rearranged,1.9500000000000002,2.0,319,0.00011589413597470238
S1C_W0.80_r12,0.8,original,-2.0,-1.95,118283,0.042972746349516366
S1C_W0.80_r12,0.8,original,-1.95,-1.9,198023,0.07194264729817708
S1C_W0.80_r12,0.8,original,-1.9,-1.85,224852,0.08168974376860119
S1C_W0.80_r12,0.8,original,-1.85,-1.8,221475,0.08046286446707589
S1C_W0.80_r12,0.8,original,-1.8,-1.75,194393,0.07062385195777529
S1C_W0.80_r12,0.8,original,-1.75,-1.7,161051,0.05851055326915923
S1C_W0.80_r12,0.8,original,-1.7,-1.65,133469,0.048489888509114586
S1C_W0.80_r12,0.8,original,-1.65,-1.6,113432,0.041210356212797616
S1C_W0.80_r12,0.8,original,-1.6,-1.55,99139,0.03601764497302827
S1C_W0.80_r12,0.8,original,-1.55,-1.5,88671,0.032214573451450894
S1C_W0.80_r12,0.8,original,-1.5,-1.45,80143,0.029116312662760418
S1C_W0.80_r12,0.8,original,-1.45,-1.4,72415,0.026308695475260418
S1C_W0.80_r12,0.8,original,-1.4,-1.35,66678,0.024224417550223216
S1C_W0.80_r12,0.8,original,-1.35,-1.2999999999999998,61876,0.02247982933407738
S1C_W0.80_r12,0.8,original,-1.2999999999999998,-1.25,57115,0.020750136602492558
S1C_W0.80_r12,0.8,original,-1.25,-1.2,53225,0.01933688209170387
S1C_W0.80_r12,0.8,original,-1.2,-1.15,49425,0.017956324986049106
S1C_W0.80_r12,0.8,original,-1.15,-1.1,45767,0.016627357119605654
S1C_W0.80_r12,0.8,original,-1.1,-1.0499999999999998,43148,0.015675862630208332
S1C_W0.80_r12,0.8,original,-1.0499999999999998,-1.0,40667,0.01477450416201637
S1C_W0.80_r12,0.8,original,-1.0,-0.95,38618,0.014030093238467262
S1C_W0.80_r12,0.8,original,-0.95,-0.8999999999999999,35414,0.012866065615699404
S1C_W0.80_r12,0.8,original,-0.8999999999999999,-0.8499999999999999,33855,0.012299673897879464
S1C_W0.80_r12,0.8,original,-0.8499999999999999,-0.7999999999999998,32068,0.011650448753720238
S1C_W0.80_r12,0.8,original,-0.7999999999999998,-0.75,29759,0.010811578659784226
S1C_W0.80_r12,0.8,original,-0.75,-0.7,28090,0.010205223446800596
S1C_W0.80_r12,0.8,original,-0.7,-0.6499999999999999,26365,0.00957852318173363
S1C_W0.80_r12,0.8,original,-0.6499999999999999,-0.5999999999999999,25090,0.00911530994233631
S1C_W0.80_r12,0.8,original,-0.5999999999999999,-0.5499999999999998,23777,0.00863829113188244
S1C_W0.80_r12,0.8,original,-0.5499999999999998,-0.5,22429,0.008148556663876488
S1C_W0.80_r12,0.8,original,-0.5,-0.44999999999999996,21349,0.007756187802269345
S1C_W0.80_r12,0.8,original,-0.44999999999999996,-0.3999999999999999,20038,0.007279895600818452
S1C_W0.80_r12,0.8,original,-0.3999999999999999,-0.34999999999999987,18849,0.006847926548549107
S1C_W0.80_r12,0.8,original,-0.34999999999999987,-0.2999999999999998,18060,0.006561279296875
S1C_W0.80_r12,0.8,original,-0.2999999999999998,-0.25,16944,0.006155831473214286
S1C_W0.80_r12,0.8,original,-0.25,-0.19999999999999996,15986,0.00580778576078869
S1C_W0.80_r12,0.8,original,-0.19999999999999996,-0.1499999999999999,14966,0.005437215169270833
S1C_W0.80_r12,0.8,original,-0.1499999999999999,-0.09999999999999987,14621,0.00531187511625744
S1C_W0.80_r12,0.8,original,-0.09999999999999987,-0.04999999999999982,13475,0.004895528157552083
S1C_W0.80_r12,0.8,original,-0.04999999999999982,0.0,13049,0.004740760439918155
S1C_W0.80_r12,0.8,original,0.0,0.050000000000000266,12035,0.004372369675409226
S1C_W0.80_r12,0.8,original,0.050000000000000266,0.10000000000000009,11420,0.004148937406994048
S1C_W0.80_r12,0.8,original,0.10000000000000009,0.1499999999999999,10295,0.0037402198428199405
S1C_W0.80_r12,0.8,original,0.1499999999999999,0.20000000000000018,9716,0.0035298665364583335
S1C_W0.80_r12,0.8,original,0.20000000000000018,0.25,9153,0.0033253261021205355
S1C_W0.80_r12,0.8,original,0.25,0.30000000000000027,8476,0.003079368954613095
S1C_W0.80_r12,0.8,original,0.30000000000000027,0.3500000000000001,8159,0.002964201427641369
S1C_W0.80_r12,0.8,original,0.3500000000000001,0.40000000000000036,7419,0.0026953560965401785
S1C_W0.80_r12,0.8,original,0.40000000000000036,0.4500000000000002,6974,0.002533685593377976
S1C_W0.80_r12,0.8,original,0.4500000000000002,0.5,6577,0.0023894537062872025
S1C_W0.80_r12,0.8,original,0.5,0.5500000000000003,6028,0.002189999534970238
S1C_W0.80_r12,0.8,original,0.5500000000000003,0.6000000000000001,5758,0.0020919073195684525
S1C_W0.80_r12,0.8,original,0.6000000000000001,0.6500000000000004,5332,0.0019371396019345238
S1C_W0.80_r12,0.8,original,0.6500000000000004,0.7000000000000002,4842,0.0017591203962053572
S1C_W0.80_r12,0.8,original,0.7000000000000002,0.75,4561,0.0016570318312872025
S1C_W0.80_r12,0.8,original,0.75,0.8000000000000003,4369,0.001587277367001488
S1C_W0.80_r12,0.8,original,0.8000000000000003,0.8500000000000001,4110,0.0014931815011160715
S1C_W0.80_r12,0.8,original,0.8500000000000001,0.9000000000000004,3803,0.0013816470191592262
S1C_W0.80_r12,0.8,original,0.9000000000000004,0.9500000000000002,3386,0.0012301490420386905
S1C_W0.80_r12,0.8,original,0.9500000000000002,1.0,3307,0.001201447986421131
S1C_W0.80_r12,0.8,original,1.0,1.0500000000000003,2998,0.0010891868954613095
S1C_W0.80_r12,0.8,original,1.0500000000000003,1.1,2832,0.0010288783482142857
S1C_W0.80_r12,0.8,original,1.1,1.1500000000000004,2558,0.0009293329148065476
S1C_W0.80_r12,0.8,original,1.1500000000000004,1.2000000000000002,2347,0.0008526756649925595
S1C_W0.80_r12,0.8,original,1.2000000000000002,1.25,2266,0.0008232480003720238
S1C_W0.80_r12,0.8,original,1.25,1.3000000000000003,2103,0.0007640293666294643
S1C_W0.80_r12,0.8,original,1.3000000000000003,1.35,1840,0.0006684802827380952
S1C_W0.80_r12,0.8,original,1.35,1.4000000000000004,1761,0.0006397792271205357
S1C_W0.80_r12,0.8,original,1.4000000000000004,1.4500000000000002,1547,0.0005620320638020834
S1C_W0.80_r12,0.8,original,1.4500000000000002,1.5,1477,0.0005366007486979166
S1C_W0.80_r12,0.8,original,1.5,1.5500000000000003,1351,0.0004908243815104166
S1C_W0.80_r12,0.8,original,1.5500000000000003,1.6,1213,0.0004406883603050595
S1C_W0.80_r12,0.8,original,1.6,1.6500000000000004,1141,0.0004145304361979167
S1C_W0.80_r12,0.8,original,1.6500000000000004,1.7000000000000002,1090,0.0003960019066220238
S1C_W0.80_r12,0.8,original,1.7000000000000002,1.75,995,0.00036148797898065475
S1C_W0.80_r12,0.8,original,1.75,1.8000000000000003,896,0.0003255208333333333
S1C_W0.80_r12,0.8,original,1.8000000000000003,1.85,824,0.0002993629092261905
S1C_W0.80_r12,0.8,original,1.85,1.9000000000000004,695,0.0002524966285342262
S1C_W0.80_r12,0.8,original,1.9000000000000004,1.9500000000000002,524,0.0001903715587797619
S1C_W0.80_r12,0.8,original,1.9500000000000002,2.0,285,0.00010354178292410714
S1C_W0.80_r12,0.8,rearranged,-2.0,-1.95,118432,0.043026878720238096
S1C_W0.80_r12,0.8,rearranged,-1.95,-1.9,197512,0.07175699869791667
S1C_W0.80_r12,0.8,rearranged,-1.9,-1.85,224938,0.08172098795572917
S1C_W0.80_r12,0.8,rearranged,-1.85,-1.8,221347,0.08041636149088542
S1C_W0.80_r12,0.8,rearranged,-1.8,-1.75,195324,0.07096208844866071
S1C_W0.80_r12,0.8,rearranged,-1.75,-1.7,162539,0.05905115036737351
S1C_W0.80_r12,0.8,rearranged,-1.7,-1.65,133627,0.0485472906203497
S1C_W0.80_r12,0.8,rearranged,-1.65,-1.6,113919,0.04138728550502232
S1C_W0.80_r12,0.8,rearranged,-1.6,-1.55,99521,0.03615642729259673
S1C_W0.80_r12,0.8,rearranged,-1.55,-1.5,88783,0.03225526355561756
S1C_W0.80_r12,0.8,rearranged,-1.5,-1.45,79176,0.028764997209821428
S1C_W0.80_r12,0.8,rearranged,-1.45,-1.4,72564,0.026362827845982144
S1C_W0.80_r12,0.8,rearranged,-1.4,-1.35,67005,0.024343218122209822
S1C_W0.80_r12,0.8,rearranged,-1.35,-1.2999999999999998,61570,0.022368658156622024
S1C_W0.80_r12,0.8,rearranged,-1.2999999999999998,-1.25,57026,0.02071780250186012
S1C_W0.80_r12,0.8,rearranged,-1.25,-1.2,52957,0.019239516485305058
S1C_W0.80_r12,0.8,rearranged,-1.2,-1.15,48923,0.017773946126302082
S1C_W0.80_r12,0.8,rearranged,-1.15,-1.1,45711,0.016607012067522322
S1C_W0.80_r12,0.8,rearranged,-1.1,-1.0499999999999998,43508,0.015806652250744048
S1C_W0.80_r12,0.8,rearranged,-1.0499999999999998,-1.0,40243,0.014620463053385416
S1C_W0.80_r12,0.8,rearranged,-1.0,-0.95,37882,0.013762701125372024
S1C_W0.80_r12,0.8,rearranged,-0.95,-0.8999999999999999,35543,0.01291293189639137
S1C_W0.80_r12,0.8,rearranged,-0.8999999999999999,-0.8499999999999999,33584,0.01220121837797619
S1C_W0.80_r12,0.8,rearranged,-0.8499999999999999,-0.7999999999999998,31565,0.011467706589471726
S1C_W0.80_r12,0.8,rearranged,-0.7999999999999998,-0.75,29617,0.010759989420572916
S1C_W0.80_r12,0.8,rearranged,-0.75,-0.7,28207,0.010247730073474702
S1C_W0.80_r12,0.8,rearranged,-0.7,-0.6499999999999999,26545,0.009643917992001488
S1C_W0.80_r12,0.8,rearranged,-0.6499999999999999,-0.5999999999999999,24916,0.00905209495907738
S1C_W0.80_r12,0.8,rearranged,-0.5999999999999999,-0.5499999999999998,23623,0.008582342238653274
S1C_W0.80_r12,0.8,rearranged,-0.5499999999999998,-0.5,22235,0.008078075590587798
S1C_W0.80_r12,0.8,rearranged,-0.5,-0.44999999999999996,20935,0.007605779738653274
S1C_W0.80_r12,0.8,rearranged,-0.44999999999999996,-0.3999999999999999,19934,0.00724211193266369
S1C_W0.80_r12,0.8,rearranged,-0.3999999999999999,-0.34999999999999987,18873,0.006856645856584821
S1C_W0.80_r12,0.8,rearranged,-0.34999999999999987,-0.2999999999999998,18071,0.006565275646391369
S1C_W0.80_r12,0.8,rearranged,-0.2999999999999998,-0.25,16976,0.006167457217261905
S1C_W0.80_r12,0.8,rearranged,-0.25,-0.19999999999999996,16143,0.005864824567522321
S1C_W0.80_r12,0.8,rearranged,-0.19999999999999996,-0.1499999999999999,15222,0.005530221121651786
S1C_W0.80_r12,0.8,rearranged,-0.1499999999999999,-0.09999999999999987,14564,0.005291166759672619
S1C_W0.80_r12,0.8,rearranged,-0.09999999999999987,-0.04999999999999982,13523,0.004912966773623512
S1C_W0.80_r12,0.8,rearranged,-0.04999999999999982,0.0,13177,0.004787263416108631
S1C_W0.80_r12,0.8,rearranged,0.0,0.050000000000000266,12205,0.004434131440662202
S1C_W0.80_r12,0.8,rearranged,0.050000000000000266,0.10000000000000009,11283,0.004099164690290179
S1C_W0.80_r12,0.8,rearranged,0.10000000000000009,0.1499999999999999,10639,0.003865196591331845
S1C_W0.80_r12,0.8,rearranged,0.1499999999999999,0.20000000000000018,9988,0.003628685360863095
S1C_W0.80_r12,0.8,rearranged,0.20000000000000018,0.25,9127,0.003315880185081845
S1C_W0.80_r12,0.8,rearranged,0.25,0.30000000000000027,8535,0.003100803920200893
S1C_W0.80_r12,0.8,rearranged,0.30000000000000027,0.3500000000000001,8108,0.002945672898065476
S1C_W0.80_r12,0.8,rearranged,0.3500000000000001,0.40000000000000036,7532,0.0027364095052083335
S1C_W0.80_r12,0.8,rearranged,0.40000000000000036,0.4500000000000002,7062,0.0025656563895089285
S1C_W0.80_r12,0.8,rearranged,0.4500000000000002,0.5,6610,0.0024014427548363095
S1C_W0.80_r12,0.8,rearranged,0.5,0.5500000000000003,6270,0.002277919224330357
S1C_W0.80_r12,0.8,rearranged,0.5500000000000003,0.6000000000000001,5785,0.002101716541108631
S1C_W0.80_r12,0.8,rearranged,0.6000000000000001,0.6500000000000004,5305,0.0019273303803943452
S1C_W0.80_r12,0.8,rearranged,0.6500000000000004,0.7000000000000002,5098,0.0018521263485863095
S1C_W0.80_r12,0.8,rearranged,0.7000000000000002,0.75,4604,0.0016726539248511905
S1C_W0.80_r12,0.8,rearranged,0.75,0.8000000000000003,4372,0.0015883672805059525
S1C_W0.80_r12,0.8,rearranged,0.8000000000000003,0.8500000000000001,4150,0.0015077136811755952
S1C_W0.80_r12,0.8,rearranged,0.8500000000000001,0.9000000000000004,3952,0.0014357793898809525
S1C_W0.80_r12,0.8,rearranged,0.9000000000000004,0.9500000000000002,3569,0.001296633765811012
S1C_W0.80_r12,0.8,rearranged,0.9500000000000002,1.0,3291,0.0011956351143973215
S1C_W0.80_r12,0.8,rearranged,1.0,1.0500000000000003,2981,0.001083010718936012
S1C_W0.80_r12,0.8,rearranged,1.0500000000000003,1.1,2888,0.001049223400297619
S1C_W0.80_r12,0.8,rearranged,1.1,1.1500000000000004,2638,0.0009583972749255952
S1C_W0.80_r12,0.8,rearranged,1.1500000000000004,1.2000000000000002,2313,0.0008403233119419643
S1C_W0.80_r12,0.8,rearranged,1.2000000000000002,1.25,2256,0.0008196149553571429
S1C_W0.80_r12,0.8,rearranged,1.25,1.3000000000000003,2110,0.000766572498139881
S1C_W0.80_r12,0.8,rearranged,1.3000000000000003,1.35,1835,0.0006666637602306548
S1C_W0.80_r12,0.8,rearranged,1.35,1.4000000000000004,1723,0.0006259736560639881
S1C_W0.80_r12,0.8,rearranged,1.4000000000000004,1.4500000000000002,1548,0.0005623953683035714
S1C_W0.80_r12,0.8,rearranged,1.4500000000000002,1.5,1349,0.0004900977725074405
S1C_W0.80_r12,0.8,rearranged,1.5,1.5500000000000003,1305,0.0004741123744419643
S1C_W0.80_r12,0.8,rearranged,1.5500000000000003,1.6,1170,0.00042506626674107144
S1C_W0.80_r12,0.8,rearranged,1.6,1.6500000000000004,975,0.00035422188895089287
S1C_W0.80_r12,0.8,rearranged,1.6500000000000004,1.7000000000000002,901,0.0003273373558407738
S1C_W0.80_r12,0.8,rearranged,1.7000000000000002,1.75,814,0.0002957298642113095
S1C_W0.80_r12,0.8,rearranged,1.75,1.8000000000000003,770,0.0002797444661458333
S1C_W0.80_r12,0.8,rearranged,1.8000000000000003,1.85,611,0.0002219790504092262
S1C_W0.80_r12,0.8,rearranged,1.85,1.9000000000000004,505,0.0001834687732514881
S1C_W0.80_r12,0.8,rearranged,1.9000000000000004,1.9500000000000002,391,0.00014205206008184525
S1C_W0.80_r12,0.8,rearranged,1.9500000000000002,2.0,184,6.684802827380953e-05
S1C_W0.80_r13,0.8,original,-2.0,-1.95,118159,0.042927696591331846
S1C_W0.80_r13,0.8,original,-1.95,-1.9,197661,0.07181113106863839
S1C_W0.80_r13,0.8,original,-1.9,-1.85,225683,0.08199164980933779
S1C_W0.80_r13,0.8,original,-1.85,-1.8,221138,0.0803404308500744
S1C_W0.80_r13,0.8,original,-1.8,-1.75,194575,0.07068997337704613
S1C_W0.80_r13,0.8,original,-1.75,-1.7,161621,0.05871763683500744
S1C_W0.80_r13,0.8,original,-1.7,-1.65,133300,0.048428490048363096
S1C_W0.80_r13,0.8,original,-1.65,-1.6,113372,0.041188557942708336
S1C_W0.80_r13,0.8,original,-1.6,-1.55,99384,0.036106654575892856
S1C_W0.80_r13,0.8,original,-1.55,-1.5,88639,0.03220294770740327
S1C_W0.80_r13,0.8,original,-1.5,-1.45,80442,0.029224940708705356
S1C_W0.80_r13,0.8,original,-1.45,-1.4,72909,0.026488167898995534
S1C_W0.80_r13,0.8,original,-1.4,-1.35,67039,0.024355570475260418
S1C_W0.80_r13,0.8,original,-1.35,-1.2999999999999998,61985,0.022519429524739582
S1C_W0.80_r13,0.8,original,-1.2999999999999998,-1.25,57177,0.020772661481584822
S1C_W0.80_r13,0.8,original,-1.25,-1.2,53164,0.019314720517113096
S1C_W0.80_r13,0.8,original,-1.2,-1.15,49254,0.017894199916294644
S1C_W0.80_r13,0.8,original,-1.15,-1.1,46444,0.016873314267113096
S1C_W0.80_r13,0.8,original,-1.1,-1.0499999999999998,43032,0.015633719308035716
S1C_W0.80_r13,0.8,original,-1.0499999999999998,-1.0,40080,0.014561244419642858
S1C_W0.80_r13,0.8,original,-1.0,-0.95,37943,0.013784862699962798
S1C_W0.80_r13,0.8,original,-0.95,-0.8999999999999999,35443,0.01287660144624256
S1C_W0.80_r13,0.8,original,-0.8999999999999999,-0.8499999999999999,33216,0.012067522321428572
S1C_W0.80_r13,0.8,original,-0.8499999999999999,-0.7999999999999998,31229,0.011345636276971726
S1C_W0.80_r13,0.8,original,-0.7999999999999998,-0.75,29871,0.010852268763950892
S1C_W0.80_r13,0.8,original,-0.75,-0.7,28126,0.010218302408854166
S1C_W0.80_r13,0.8,original,-0.7,-0.6499999999999999,26469,0.009616306849888392
S1C_W0.80_r13,0.8,original,-0.6499999999999999,-0.5999999999999999,24931,0.009057544526599702
S1C_W0.80_r13,0.8,original,-0.5999999999999999,-0.5499999999999998,23730,0.0086212158203125
S1C_W0.80_r13,0.8,original,-0.5499999999999998,-0.5,22025,0.008001781645275298
S1C_W0.80_r13,0.8,original,-0.5,-0.44999999999999996,20869,0.00758180164155506
S1C_W0.80_r13,0.8,original,-0.44999999999999996,-0.3999999999999999,19982,0.007259550548735119
S1C_W0.80_r13,0.8,original,-0.3999999999999999,-0.34999999999999987,18713,0.006798517136346726
S1C_W0.80_r13,0.8,original,-0.34999999999999987,-0.2999999999999998,17941,0.006518046061197917
S1C_W0.80_r13,0.8,original,-0.2999999999999998,-0.25,17104,0.006213960193452381
S1C_W0.80_r13,0.8,original,-0.25,-0.19999999999999996,16102,0.00584992908296131
S1C_W0.80_r13,0.8,original,-0.19999999999999996,-0.1499999999999999,15136,0.00549897693452381
S1C_W0.80_r13,0.8,original,-0.1499999999999999,-0.09999999999999987,14277,0.005186898367745536
S1C_W0.80_r13,0.8,original,-0.09999999999999987,-0.04999999999999982,13707,0.004979814801897321
S1C_W0.80_r13,0.8,original,-0.04999999999999982,0.0,12937,0.004700070335751488
S1C_W0.80_r13,0.8,original,0.0,0.050000000000000266,11999,0.004359290713355655
S1C_W0.80_r13,0.8,original,0.050000000000000266,0.10000000000000009,11384,0.004135858444940476
S1C_W0.80_r13,0.8,original,0.10000000000000009,0.1499999999999999,10767,0.003911699567522321
S1C_W0.80_r13,0.8,original,0.1499999999999999,0.20000000000000018,9961,0.0036188761393229165
S1C_W0.80_r13,0.8,original,0.20000000000000018,0.25,9260,0.003364199683779762
S1C_W0.80_r13,0.8,original,0.25,0.30000000000000027,8611,0.003128415062313988
S1C_W0.80_r13,0.8,original,0.30000000000000027,0.3500000000000001,8033,0.002918425060453869
S1C_W0.80_r13,0.8,original,0.3500000000000001,0.40000000000000036,7537,0.002738226027715774
S1C_W0.80_r13,0.8,original,0.40000000000000036,0.4500000000000002,7017,0.0025493076869419645
S1C_W0.80_r13,0.8,original,0.4500000000000002,0.5,6527,0.0023712884812127975
S1C_W0.80_r13,0.8,original,0.5,0.5500000000000003,6185,0.002247038341703869
S1C_W0.80_r13,0.8,original,0.5500000000000003,0.6000000000000001,5812,0.0021115257626488095
S1C_W0.80_r13,0.8,original,0.6000000000000001,0.6500000000000004,5351,0.0019440423874627975
S1C_W0.80_r13,0.8,original,0.6500000000000004,0.7000000000000002,4978,0.001808529808407738
S1C_W0.80_r13,0.8,original,0.7000000000000002,0.75,4583,0.0016650245303199405
S1C_W0.80_r13,0.8,original,0.75,0.8000000000000003,4423,0.0016068958100818452
S1C_W0.80_r13,0.8,original,0.8000000000000003,0.8500000000000001,3983,0.0014470418294270833
S1C_W0.80_r13,0.8,original,0.8500000000000001,0.9000000000000004,3924,0.0014256068638392857
S1C_W0.80_r13,0.8,original,0.9000000000000004,0.9500000000000002,3544,0.0012875511532738095
S1C_W0.80_r13,0.8,original,0.9500000000000002,1.0,3260,0.0011843726748511905
S1C_W0.80_r13,0.8,original,1.0,1.0500000000000003,3040,0.0011044456845238095
S1C_W0.80_r13,0.8,original,1.0500000000000003,1.1,2882,0.0010470435732886905
S1C_W0.80_r13,0.8,original,1.1,1.1500000000000004,2608,0.0009474981398809524
S1C_W0.80_r13,0.8,original,1.1500000000000004,1.2000000000000002,2434,0.0008842831566220238
S1C_W0.80_r13,0.8,original,1.2000000000000002,1.25,2259,0.0008207048688616071
S1C_W0.80_r13,0.8,original,1.25,1.3000000000000003,2091,0.0007596697126116071
S1C_W0.80_r13,0.8,original,1.3000000000000003,1.35,1951,0.0007088070824032738
S1C_W0.80_r13,0.8,original,1.35,1.4000000000000004,1733,0.000629606701078869
S1C_W0.80_r13,0.8,original,1.4000000000000004,1.4500000000000002,1634,0.0005936395554315476
S1C_W0.80_r13,0.8,original,1.4500000000000002,1.5,1498,0.0005442301432291666
S1C_W0.80_r13,0.8,original,1.5,1.5500000000000003,1288,0.0004679361979166667
S1C_W0.80_r13,0.8,original,1.5500000000000003,1.6,1258,0.0004570370628720238
S1C_W0.80_r13,0.8,original,1.6,1.6500000000000004,1060,0.00038510277157738094
S1C_W0.80_r13,0.8,original,1.6500000000000004,1.7000000000000002,963,0.0003498622349330357
S1C_W0.80_r13,0.8,original,1.7000000000000002,1.75,934,0.00033932640438988094
S1C_W0.80_r13,0.8,original,1.75,1.8000000000000003,868,0.0003153483072916667
S1C_W0.80_r13,0.8,original,1.8000000000000003,1.85,723,0.00026266915457589287
S1C_W0.80_r13,0.8,original,1.85,1.9000000000000004,583,0.00021180652436755953
S1C_W0.80_r13,0.8,original,1.9000000000000004,1.9500000000000002,500,0.00018165225074404762
S1C_W0.80_r13,0.8,original,1.9500000000000002,2.0,257,9.336925688244047e-05
S1C_W0.80_r13,0.8,rearranged,-2.0,-1.95,118467,0.04303959437779018
S1C_W0.80_r13,0.8,rearranged,-1.95,-1.9,197317,0.07168615432012648
S1C_W0.80_r13,0.8,rearranged,-1.9,-1.85,224915,0.08171263195219494
S1C_W0.80_r13,0.8,rearranged,-1.85,-1.8,221533,0.08048393612816221
S1C_W0.80_r13,0.8,rearranged,-1.8,-1.75,194050,0.07049923851376488
S1C_W0.80_r13,0.8,rearranged,-1.75,-1.7,160785,0.058413914271763394
S1C_W0.80_r13,0.8,rearranged,-1.7,-1.65,132434,0.048113868350074404
S1C_W0.80_r13,0.8,rearranged,-1.65,-1.6,112618,0.04091462634858631
S1C_W0.80_r13,0.8,rearranged,-1.6,-1.55,99560,0.03617059616815476
S1C_W0.80_r13,0.8,rearranged,-1.55,-1.5,88464,0.032139369419642856
S1C_W0.80_r13,0.8,rearranged,-1.5,-1.45,79795,0.028989882696242558
S1C_W0.80_r13,0.8,rearranged,-1.45,-1.4,72962,0.026507423037574404
S1C_W0.80_r13,0.8,rearranged,-1.4,-1.35,66713,0.024237133207775298
S1C_W0.80_r13,0.8,rearranged,-1.35,-1.2999999999999998,61675,0.022406805129278274
S1C_W0.80_r13,0.8,rearranged,-1.2999999999999998,-1.25,56967,0.020696367536272322
S1C_W0.80_r13,0.8,rearranged,-1.25,-1.2,52632,0.019121442522321428
S1C_W0.80_r13,0.8,rearranged,-1.2,-1.15,49486,0.01797848656063988
S1C_W0.80_r13,0.8,rearranged,-1.15,-1.1,45808,0.016642252604166668
S1C_W0.80_r13,0.8,rearranged,-1.1,-1.0499999999999998,43487,0.015799022856212798
S1C_W0.80_r13,0.8,rearranged,-1.0499999999999998,-1.0,40589,0.014746166410900298
S1C_W0.80_r13,0.8,rearranged,-1.0,-0.95,38128,0.013852074032738096
S1C_W0.80_r13,0.8,rearranged,-0.95,-0.8999999999999999,35513,0.012902032761346726
S1C_W0.80_r13,0.8,rearranged,-0.8999999999999999,-0.8499999999999999,33464,0.01215762183779762
S1C_W0.80_r13,0.8,rearranged,-0.8499999999999999,-0.7999999999999998,31692,0.011513846261160714
S1C_W0.80_r13,0.8,rearranged,-0.7999999999999998,-0.75,29963,0.010885692778087798
S1C_W0.80_r13,0.8,rearranged,-0.75,-0.7,28304,0.010282970610119048
S1C_W0.80_r13,0.8,rearranged,-0.7,-0.6499999999999999,26699,0.009699866885230654
S1C_W0.80_r13,0.8,rearranged,-0.6499999999999999,-0.5999999999999999,25186,0.009150187174479166
S1C_W0.80_r13,0.8,rearranged,-0.5999999999999999,-0.5499999999999998,23576,0.008565266927083334
S1C_W0.80_r13,0.8,rearranged,-0.5499999999999998,-0.5,22540,0.008188883463541666
S1C_W0.80_r13,0.8,rearranged,-0.5,-0.44999999999999996,21429,0.007785252162388393
S1C_W0.80_r13,0.8,rearranged,-0.44999999999999996,-0.3999999999999999,20197,0.00733766101655506
S1C_W0.80_r13,0.8,rearranged,-0.3999999999999999,-0.34999999999999987,19063,0.00692567371186756
S1C_W0.80_r13,0.8,rearranged,-0.34999999999999987,-0.2999999999999998,18221,0.006619771321614583
S1C_W0.80_r13,0.8,rearranged,-0.2999999999999998,-0.25,17192,0.006245930989583333
S1C_W0.80_r13,0.8,rearranged,-0.25,-0.19999999999999996,15948,0.005793980189732143
S1C_W0.80_r13,0.8,rearranged,-0.19999999999999996,-0.1499999999999999,15546,0.005647931780133929
S1C_W0.80_r13,0.8,rearranged,-0.1499999999999999,-0.09999999999999987,14484,0.005262102399553571
S1C_W0.80_r13,0.8,rearranged,-0.09999999999999987,-0.04999999999999982,14023,0.00509461902436756
S1C_W0.80_r13,0.8,rearranged,-0.04999999999999982,0.0,13178,0.004787626720610119
S1C_W0.80_r13,0.8,rearranged,0.0,0.050000000000000266,12325,0.004477727980840774
S1C_W0.80_r13,0.8,rearranged,0.050000000000000266,0.10000000000000009,11487,0.00417327880859375
S1C_W0.80_r13,0.8,rearranged,0.10000000000000009,0.1499999999999999,10743,0.003902980259486607
S1C_W0.80_r13,0.8,rearranged,0.1499999999999999,0.20000000000000018,9934,0.003609066917782738
S1C_W0.80_r13,0.8,rearranged,0.20000000000000018,0.25,9336,0.003391810825892857
S1C_W0.80_r13,0.8,rearranged,0.25,0.30000000000000027,8714,0.003165835425967262
S1C_W0.80_r13,0.8,rearranged,0.30000000000000027,0.3500000000000001,8217,0.0029852730887276785
S1C_W0.80_r13,0.8,rearranged,0.3500000000000001,0.40000000000000036,7561,0.002746945335751488
S1C_W0.80_r13,0.8,rearranged,0.40000000000000036,0.4500000000000002,7114,0.0025845482235863095
S1C_W0.80_r13,0.8,rearranged,0.4500000000000002,0.5,6538,0.0023752848307291665
S1C_W0.80_r13,0.8,rearranged,0.5,0.5500000000000003,6156,0.0022365025111607145
S1C_W0.80_r13,0.8,rearranged,0.5500000000000003,0.6000000000000001,5778,0.0020991734095982145
S1C_W0.80_r13,0.8,rearranged,0.6000000000000001,0.6500000000000004,5375,0.001952761695498512
S1C_W0.80_r13,0.8,rearranged,0.6500000000000004,0.7000000000000002,5009,0.001819792247953869
S1C_W0.80_r13,0.8,rearranged,0.7000000000000002,0.75,4729,0.0017180669875372025
S1C_W0.80_r13,0.8,rearranged,0.75,0.8000000000000003,4368,0.0015869140625
S1C_W0.80_r13,0.8,rearranged,0.8000000000000003,0.8500000000000001,4056,0.0014735630580357143
S1C_W0.80_r13,0.8,rearranged,0.8500000000000001,0.9000000000000004,3847,0.0013976324172247025
S1C_W0.80_r13,0.8,rearranged,0.9000000000000004,0.9500000000000002,3498,0.0012708391462053572
S1C_W0.80_r13,0.8,rearranged,0.9500000000000002,1.0,3253,0.0011818295433407738
S1C_W0.80_r13,0.8,rearranged,1.0,1.0500000000000003,2964,0.0010768345424107143
S1C_W0.80_r13,0.8,rearranged,1.0500000000000003,1.1,2844,0.0010332380022321428
S1C_W0.80_r13,0.8,rearranged,1.1,1.1500000000000004,2550,0.0009264264787946429
S1C_W0.80_r13,0.8,rearranged,1.1500000000000004,1.2000000000000002,2382,0.0008653913225446429
S1C_W0.80_r13,0.8,rearranged,1.2000000000000002,1.25,2295,0.0008337838309151786
S1C_W0.80_r13,0.8,rearranged,1.25,1.3000000000000003,1979,0.0007189796084449405
S1C_W0.80_r13,0.8,rearranged,1.3000000000000003,1.35,1835,0.0006666637602306548
S1C_W0.80_r13,0.8,rearranged,1.35,1.4000000000000004,1784,0.0006481352306547619
S1C_W0.80_r13,0.8,rearranged,1.4000000000000004,1.4500000000000002,1569,0.0005700247628348214
S1C_W0.80_r13,0.8,rearranged,1.4500000000000002,1.5,1433,0.0005206153506324405
S1C_W0.80_r13,0.8,rearranged,1.5,1.5500000000000003,1371,0.0004980904715401786
S1C_W0.80_r13,0.8,rearranged,1.5500000000000003,1.6,1201,0.0004363287062872024
S1C_W0.80_r13,0.8,rearranged,1.6,1.6500000000000004,993,0.00036076136997767856
S1C_W0.80_r13,0.8,rearranged,1.6500000000000004,1.7000000000000002,961,0.0003491356259300595
S1C_W0.80_r13,0.8,rearranged,1.7000000000000002,1.75,833,0.0003026326497395833
S1C_W0.80_r13,0.8,rearranged,1.75,1.8000000000000003,780,0.0002833775111607143
S1C_W0.80_r13,0.8,rearranged,1.8000000000000003,1.85,734,0.0002666655040922619
S1C_W0.80_r13,0.8,rearranged,1.85,1.9000000000000004,638,0.00023178827194940475
S1C_W0.80_r13,0.8,rearranged,1.9000000000000004,1.9500000000000002,488,0.00017729259672619047
S1C_W0.80_r13,0.8,rearranged,1.9500000000000002,2.0,237,8.610316685267858e-05
S1C_W0.80_r14,0.8,original,-2.0,-1.95,118698,0.04312351771763393
S1C_W0.80_r14,0.8,original,-1.95,-1.9,198948,0.07227870396205358
S1C_W0.80_r14,0.8,original,-1.9,-1.85,226177,0.08217112223307292
S1C_W0.80_r14,0.8,original,-1.85,-1.8,222237,0.08073970249720983
S1C_W0.80_r14,0.8,original,-1.8,-1.75,194740,0.07074991861979167
S1C_W0.80_r14,0.8,original,-1.75,-1.7,161263,0.0585875738234747
S1C_W0.80_r14,0.8,original,-1.7,-1.65,133226,0.04840160551525298
S1C_W0.80_r14,0.8,original,-1.65,-1.6,113814,0.04134913853236607
S1C_W0.80_r14,0.8,original,-1.6,-1.55,99078,0.0359954833984375
S1C_W0.80_r14,0.8,original,-1.55,-1.5,88417,0.032122294108072914
S1C_W0.80_r14,0.8,original,-1.5,-1.45,80101,0.029101053873697918
S1C_W0.80_r14,0.8,original,-1.45,-1.4,72937,0.026498340425037202
S1C_W0.80_r14,0.8,original,-1.4,-1.35,66735,0.024245125906808034
S1C_W0.80_r14,0.8,original,-1.35,-1.2999999999999998,61170,0.022223336356026784
S1C_W0.80_r14,0.8,original,-1.2999999999999998,-1.25,57187,0.020776294526599702
S1C_W0.80_r14,0.8,original,-1.25,-1.2,52982,0.01924859909784226
S1C_W0.80_r14,0.8,original,-1.2,-1.15,49302,0.017911638532366072
S1C_W0.80_r14,0.8,original,-1.15,-1.1,45884,0.01666986374627976
S1C_W0.80_r14,0.8,original,-1.1,-1.0499999999999998,43074,0.015648978097098216
S1C_W0.80_r14,0.8,original,-1.0499999999999998,-1.0,40457,0.01469821021670387
S1C_W0.80_r14,0.8,original,-1.0,-0.95,37935,0.013781956263950892
S1C_W0.80_r14,0.8,original,-0.95,-0.8999999999999999,35359,0.01284608386811756
S1C_W0.80_r14,0.8,original,-0.8999999999999999,-0.8499999999999999,33399,0.012134007045200892
S1C_W0.80_r14,0.8,original,-0.8499999999999999,-0.7999999999999998,31558,0.01146516345796131
S1C_W0.80_r14,0.8,original,-0.7999999999999998,-0.75,29500,0.01071748279389881
S1C_W0.80_r14,0.8,original,-0.75,-0.7,28243,0.010260809035528274
S1C_W0.80_r14,0.8,original,-0.7,-0.6499999999999999,26633,0.00967588878813244
S1C_W0.80_r14,0.8,original,-0.6499999999999999,-0.5999999999999999,24986,0.009077526274181548
S1C_W0.80_r14,0.8,original,-0.5999999999999999,-0.5499999999999998,23348,0.008482433500744048
S1C_W0.80_r14,0.8,original,-0.5499999999999998,-0.5,22611,0.008214678083147322
S1C_W0.80_r14,0.8,original,-0.5,-0.44999999999999996,21104,0.007667178199404762
S1C_W0.80_r14,0.8,original,-0.44999999999999996,-0.3999999999999999,20004,0.007267543247767857
S1C_W0.80_r14,0.8,original,-0.3999999999999999,-0.34999999999999987,18852,0.006849016462053571
S1C_W0.80_r14,0.8,original,-0.34999999999999987,-0.2999999999999998,17720,0.006437755766369048
S1C_W0.80_r14,0.8,original,-0.2999999999999998,-0.25,17035,0.006188892182849702
S1C_W0.80_r14,0.8,original,-0.25,-0.19999999999999996,16014,0.005817958286830357
S1C_W0.80_r14,0.8,original,-0.19999999999999996,-0.1499999999999999,15167,0.00551023937406994
S1C_W0.80_r14,0.8,original,-0.1499999999999999,-0.09999999999999987,14320,0.005202520461309524
S1C_W0.80_r14,0.8,original,-0.09999999999999987,-0.04999999999999982,13848,0.005031040736607143
S1C_W0.80_r14,0.8,original,-0.04999999999999982,0.0,12739,0.004628136044456845
S1C_W0.80_r14,0.8,original,0.0,0.050000000000000266,11811,0.004290989467075893
S1C_W0.80_r14,0.8,original,0.050000000000000266,0.10000000000000009,11374,0.004132225399925595
S1C_W0.80_r14,0.8,original,0.10000000000000009,0.1499999999999999,10646,0.003867739722842262
S1C_W0.80_r14,0.8,original,0.1499999999999999,0.20000000000000018,9945,0.003613063267299107
S1C_W0.80_r14,0.8,original,0.20000000000000018,0.25,9165,0.003329685756138393
S1C_W0.80_r14,0.8,original,0.25,0.30000000000000027,8534,0.003100440615699405
S1C_W0.80_r14,0.8,original,0.30000000000000027,0.3500000000000001,7981,0.002899533226376488
S1C_W0.80_r14,0.8,original,0.3500000000000001,0.40000000000000036,7443,0.002704075404575893
S1C_W0.80_r14,0.8,original,0.40000000000000036,0.4500000000000002,6915,0.0025122506277901785
S1C_W0.80_r14,0.8,original,0.4500000000000002,0.5,6522,0.002369471958705357
S1C_W0.80_r14,0.8,original,0.5,0.5500000000000003,6193,0.002249944777715774
S1C_W0.80_r14,0.8,original,0.5500000000000003,0.6000000000000001,5696,0.0020693824404761905
S1C_W0.80_r14,0.8,original,0.6000000000000001,0.6500000000000004,5228,0.001899355933779762
S1C_W0.80_r14,0.8,original,0.6500000000000004,0.7000000000000002,4919,0.0017870948428199405
S1C_W0.80_r14,0.8,original,0.7000000000000002,0.75,4671,0.0016969953264508928
S1C_W0.80_r14,0.8,original,0.75,0.8000000000000003,4263,0.00154876708984375
S1C_W0.80_r14,0.8,original,0.8000000000000003,0.8500000000000001,4086,0.0014844621930803572
S1C_W0.80_r14,0.8,original,0.8500000000000001,0.9000000000000004,3656,0.0013282412574404762
S1C_W0.80_r14,0.8,original,0.9000000000000004,0.9500000000000002,3502,0.0012722923642113095
S1C_W0.80_r14,0.8,original,0.9500000000000002,1.0,3170,0.001151675269717262
S1C_W0.80_r14,0.8,original,1.0,1.0500000000000003,3032,0.0011015392485119048
S1C_W0.80_r14,0.8,original,1.0500000000000003,1.1,2769,0.0010059901646205357
S1C_W0.80_r14,0.8,original,1.1,1.1500000000000004,2499,0.00090789794921875
S1C_W0.80_r14,0.8,original,1.1500000000000004,1.2000000000000002,2337,0.0008490426199776786
S1C_W0.80_r14,0.8,original,1.2000000000000002,1.25,2317,0.0008417765299479166
S1C_W0.80_r14,0.8,original,1.25,1.3000000000000003,1972,0.0007164364769345238
S1C_W0.80_r14,0.8,original,1.3000000000000003,1.35,1817,0.000660124279203869
S1C_W0.80_r14,0.8,original,1.35,1.4000000000000004,1685,0.0006121680850074405
S1C_W0.80_r14,0.8,original,1.4000000000000004,1.4500000000000002,1608,0.0005841936383928571
S1C_W0.80_r14,0.8,original,1.4500000000000002,1.5,1420,0.0005158923921130952
S1C_W0.80_r14,0.8,original,1.5,1.5500000000000003,1306,0.0004744756789434524
S1C_W0.80_r14,0.8,original,1.5500000000000003,1.6,1206,0.00043814522879464287
S1C_W0.80_r14,0.8,original,1.6,1.6500000000000004,1105,0.00040145147414434525
S1C_W0.80_r14,0.8,original,1.6500000000000004,1.7000000000000002,981,0.00035640171595982144
S1C_W0.80_r14,0.8,original,1.7000000000000002,1.75,861,0.00031280517578125
S1C_W0.80_r14,0.8,original,1.75,1.8000000000000003,797,0.0002895536876860119
S1C_W0.80_r14,0.8,original,1.8000000000000003,1.85,769,0.00027938116164434525
S1C_W0.80_r14,0.8,original,1.85,1.9000000000000004,672,0.000244140625
S1C_W0.80_r14,0.8,original,1.9000000000000004,1.9500000000000002,531,0.00019291469029017856
S1C_W0.80_r14,0.8,original,1.9500000000000002,2.0,306,0.00011117117745535714
S1C_W0.80_r14,0.8,rearranged,-2.0,-1.95,118413,0.04301997593470982
S1C_W0.80_r14,0.8,rearranged,-1.95,-1.9,199094,0.07233174641927083
S1C_W0.80_r14,0.8,rearranged,-1.9,-1.85,225306,0.08185468401227679
S1C_W0.80_r14,0.8,rearranged,-1.85,-1.8,223032,0.08102852957589286
S1C_W0.80_r14,0.8,rearranged,-1.8,-1.75,195293,0.07095082600911458
S1C_W0.80_r14,0.8,rearranged,-1.75,-1.7,160798,0.05841863723028274
S1C_W0.80_r14,0.8,rearranged,-1.7,-1.65,133760,0.048595610119047616
S1C_W0.80_r14,0.8,rearranged,-1.65,-1.6,114220,0.04149664015997024
S1C_W0.80_r14,0.8,rearranged,-1.6,-1.55,98718,0.03586469377790179
S1C_W0.80_r14,0.8,rearranged,-1.55,-1.5,88318,0.032086326962425596
S1C_W0.80_r14,0.8,rearranged,-1.5,-1.45,79883,0.02902185349237351
S1C_W0.80_r14,0.8,rearranged,-1.45,-1.4,72509,0.026342846098400298
S1C_W0.80_r14,0.8,rearranged,-1.4,-1.35,66526,0.024169195265997024
S1C_W0.80_r14,0.8,rearranged,-1.35,-1.2999999999999998,61191,0.022230965750558034
S1C_W0.80_r14,0.8,rearranged,-1.2999999999999998,-1.25,56540,0.020541236514136904
S1C_W0.80_r14,0.8,rearranged,-1.25,-1.2,52693,0.019143604096912202
S1C_W0.80_r14,0.8,rearranged,-1.2,-1.15,49413,0.01795196533203125
S1C_W0.80_r14,0.8,rearranged,-1.15,-1.1,46124,0.016757056826636904
S1C_W0.80_r14,0.8,rearranged,-1.1,-1.0499999999999998,42794,0.015547252836681548
S1C_W0.80_r14,0.8,rearranged,-1.0499999999999998,-1.0,40364,0.014664422898065476
S1C_W0.80_r14,0.8,rearranged,-1.0,-0.95,37782,0.013726370675223214
S1C_W0.80_r14,0.8,rearranged,-0.95,-0.8999999999999999,35684,0.01296415783110119
S1C_W0.80_r14,0.8,rearranged,-0.8999999999999999,-0.8499999999999999,33447,0.012151445661272322
S1C_W0.80_r14,0.8,rearranged,-0.8499999999999999,-0.7999999999999998,31481,0.011437189011346726
S1C_W0.80_r14,0.8,rearranged,-0.7999999999999998,-0.75,29773,0.01081666492280506
S1C_W0.80_r14,0.8,rearranged,-0.75,-0.7,27954,0.010155814034598214
S1C_W0.80_r14,0.8,rearranged,-0.7,-0.6499999999999999,26693,0.009697687058221726
S1C_W0.80_r14,0.8,rearranged,-0.6499999999999999,-0.5999999999999999,25242,0.0091705322265625
S1C_W0.80_r14,0.8,rearranged,-0.5999999999999999,-0.5499999999999998,23693,0.00860777355375744
S1C_W0.80_r14,0.8,rearranged,-0.5499999999999998,-0.5,22371,0.008127485002790178
S1C_W0.80_r14,0.8,rearranged,-0.5,-0.44999999999999996,21156,0.007686070033482143
S1C_W0.80_r14,0.8,rearranged,-0.44999999999999996,-0.3999999999999999,20013,0.00727081298828125
S1C_W0.80_r14,0.8,rearranged,-0.3999999999999999,-0.34999999999999987,18835,0.006842840285528274
S1C_W0.80_r14,0.8,rearranged,-0.34999999999999987,-0.2999999999999998,17984,0.006533668154761905
S1C_W0.80_r14,0.8,rearranged,-0.2999999999999998,-0.25,16967,0.006164187476748512
S1C_W0.80_r14,0.8,rearranged,-0.25,-0.19999999999999996,16307,0.005924406505766369
S1C_W0.80_r14,0.8,rearranged,-0.19999999999999996,-0.1499999999999999,15340,0.005573091052827381
S1C_W0.80_r14,0.8,rearranged,-0.1499999999999999,-0.09999999999999987,14362,0.005217779250372024
S1C_W0.80_r14,0.8,rearranged,-0.09999999999999987,-0.04999999999999982,13834,0.00502595447358631
S1C_W0.80_r14,0.8,rearranged,-0.04999999999999982,0.0,12930,0.004697527204241071
S1C_W0.80_r14,0.8,rearranged,0.0,0.050000000000000266,12089,0.004391988118489583
S1C_W0.80_r14,0.8,rearranged,0.050000000000000266,0.10000000000000009,11311,0.004109337216331845
S1C_W0.80_r14,0.8,rearranged,0.10000000000000009,0.1499999999999999,10571,0.003840491885230655
S1C_W0.80_r14,0.8,rearranged,0.1499999999999999,0.20000000000000018,9833,0.0035723731631324405
S1C_W0.80_r14,0.8,rearranged,0.20000000000000018,0.25,9086,0.0033009847005208335
S1C_W0.80_r14,0.8,rearranged,0.25,0.30000000000000027,8430,0.003062656947544643
S1C_W0.80_r14,0.8,rearranged,0.30000000000000027,0.3500000000000001,7842,0.002849033900669643
S1C_W0.80_r14,0.8,rearranged,0.3500000000000001,0.40000000000000036,7316,0.002657935732886905
S1C_W0.80_r14,0.8,rearranged,0.40000000000000036,0.4500000000000002,6933,0.0025187901088169645
S1C_W0.80_r14,0.8,rearranged,0.4500000000000002,0.5,6443,0.0023407709030877975
S1C_W0.80_r14,0.8,rearranged,0.5,0.5500000000000003,6031,0.0021910894484747025
S1C_W0.80_r14,0.8,rearranged,0.5500000000000003,0.6000000000000001,5530,0.0020090738932291665
S1C_W0.80_r14,0.8,rearranged,0.6000000000000001,0.6500000000000004,5210,0.0018928164527529762
S1C_W0.80_r14,0.8,rearranged,0.6500000000000004,0.7000000000000002,4930,0.0017910911923363095
S1C_W0.80_r14,0.8,rearranged,0.7000000000000002,0.75,4676,0.0016988118489583333
S1C_W0.80_r14,0.8,rearranged,0.75,0.8000000000000003,4283,0.001556033179873512
S1C_W0.80_r14,0.8,rearranged,0.8000000000000003,0.8500000000000001,3995,0.0014514014834449405
S1C_W0.80_r14,0.8,rearranged,0.8500000000000001,0.9000000000000004,3706,0.001346406482514881
S1C_W0.80_r14,0.8,rearranged,0.9000000000000004,0.9500000000000002,3496,0.001270112537202381
S1C_W0.80_r14,0.8,rearranged,0.9500000000000002,1.0,3113,0.0011309669131324405
S1C_W0.80_r14,0.8,rearranged,1.0,1.0500000000000003,2908,0.001056489490327381
S1C_W0.80_r14,0.8,rearranged,1.0500000000000003,1.1,2833,0.0010292416527157738
S1C_W0.80_r14,0.8,rearranged,1.1,1.1500000000000004,2590,0.0009409586588541666
S1C_W0.80_r14,0.8,rearranged,1.1500000000000004,1.2000000000000002,2272,0.0008254278273809524
S1C_W0.80_r14,0.8,rearranged,1.2000000000000002,1.25,2171,0.0007887340727306548
S1C_W0.80_r14,0.8,rearranged,1.25,1.3000000000000003,2097,0.0007618495396205357
S1C_W0.80_r14,0.8,rearranged,1.3000000000000003,1.35,1813,0.0006586710611979166
S1C_W0.80_r14,0.8,rearranged,1.35,1.4000000000000004,1759,0.0006390526181175595
S1C_W0.80_r14,0.8,rearranged,1.4000000000000004,1.4500000000000002,1629,0.0005918230329241071
S1C_W0.80_r14,0.8,rearranged,1.4500000000000002,1.5,1438,0.000522431873139881
S1C_W0.80_r14,0.8,rearranged,1.5,1.5500000000000003,1280,0.0004650297619047619
S1C_W0.80_r14,0.8,rearranged,1.5500000000000003,1.6,1240,0.0004504975818452381
S1C_W0.80_r14,0.8,rearranged,1.6,1.6500000000000004,1192,0.0004330589657738095
S1C_W0.80_r14,0.8,rearranged,1.6500000000000004,1.7000000000000002,1107,0.00040217808314732144
S1C_W0.80_r14,0.8,rearranged,1.7000000000000002,1.75,986,0.0003582182384672619
S1C_W0.80_r14,0.8,rearranged,1.75,1.8000000000000003,941,0.0003418695359002976
S1C_W0.80_r14,0.8,rearranged,1.8000000000000003,1.85,854,0.0003102620442708333
S1C_W0.80_r14,0.8,rearranged,1.85,1.9000000000000004,776,0.0002819242931547619
S1C_W0.80_r14,0.8,rearranged,1.9000000000000004,1.9500000000000002,615,0.00022343226841517856
S1C_W0.80_r14,0.8,rearranged,1.9500000000000002,2.0,350,0.00012715657552083334
S1C_W0.80_r15,0.8,original,-2.0,-1.95,118690,0.04312061128162202
S1C_W0.80_r15,0.8,original,-1.95,-1.9,197718,0.07183183942522321
S1C_W0.80_r15,0.8,original,-1.9,-1.85,224861,0.08169301350911458
S1C_W0.80_r15,0.8,original,-1.85,-1.8,221951,0.08063579740978423
S1C_W0.80_r15,0.8,original,-1.8,-1.75,194842,0.07078697567894346
S1C_W0.80_r15,0.8,original,-1.75,-1.7,161747,0.05876341320219494
S1C_W0.80_r15,0.8,original,-1.7,-1.65,133840,0.048624674479166664
S1C_W0.80_r15,0.8,original,-1.65,-1.6,114258,0.04151044573102679
S1C_W0.80_r15,0.8,original,-1.6,-1.55,100048,0.03634788876488095
S1C_W0.80_r15,0.8,original,-1.55,-1.5,88290,0.03207615443638393
S1C_W0.80_r15,0.8,original,-1.5,-1.45,80009,0.02906762985956101
S1C_W0.80_r15,0.8,original,-1.45,-1.4,72837,0.026462009974888394
S1C_W0.80_r15,0.8,original,-1.4,-1.35,66632,0.02420770554315476
S1C_W0.80_r15,0.8,original,-1.35,-1.2999999999999998,61933,0.022500537690662202
S1C_W0.80_r15,0.8,original,-1.2999999999999998,-1.25,57114,0.020749773297991072
S1C_W0.80_r15,0.8,original,-1.25,-1.2,52804,0.01918393089657738
S1C_W0.80_r15,0.8,original,-1.2,-1.15,49509,0.017986842564174106
S1C_W0.80_r15,0.8,original,-1.15,-1.1,46233,0.016796657017299106
S1C_W0.80_r15,0.8,original,-1.1,-1.0499999999999998,43117,0.015664600190662202
S1C_W0.80_r15,0.8,original,-1.0499999999999998,-1.0,39848,0.01447695777529762
S1C_W0.80_r15,0.8,original,-1.0,-0.95,37810,0.01373654320126488
S1C_W0.80_r15,0.8,original,-0.95,-0.8999999999999999,35768,0.01299467540922619
S1C_W0.80_r15,0.8,original,-0.8999999999999999,-0.8499999999999999,33298,0.012097313290550596
S1C_W0.80_r15,0.8,original,-0.8499999999999999,-0.7999999999999998,31808,0.011555989583333334
S1C_W0.80_r15,0.8,original,-0.7999999999999998,-0.75,29788,0.01082211449032738
S1C_W0.80_r15,0.8,original,-0.75,-0.7,28019,0.01017942882719494
S1C_W0.80_r15,0.8,original,-0.7,-0.6499999999999999,26561,0.009649730864025298
S1C_W0.80_r15,0.8,original,-0.6499999999999999,-0.5999999999999999,24766,0.008997599283854166
S1C_W0.80_r15,0.8,original,-0.5999999999999999,-0.5499999999999998,23723,0.008618672688802084
S1C_W0.80_r15,0.8,original,-0.5499999999999998,-0.5,22193,0.008062816801525298
S1C_W0.80_r15,0.8,original,-0.5,-0.44999999999999996,21047,0.00764646984281994
S1C_W0.80_r15,0.8,original,-0.44999999999999996,-0.3999999999999999,20018,0.00727262951078869
S1C_W0.80_r15,0.8,original,-0.3999999999999999,-0.34999999999999987,18823,0.006838480631510417
S1C_W0.80_r15,0.8,original,-0.34999999999999987,-0.2999999999999998,17787,0.00646209716796875
S1C_W0.80_r15,0.8,original,-0.2999999999999998,-0.25,16971,0.006165640694754464
S1C_W0.80_r15,0.8,original,-0.25,-0.19999999999999996,16154,0.00586882091703869
S1C_W0.80_r15,0.8,original,-0.19999999999999996,-0.1499999999999999,15003,0.005450657435825893
S1C_W0.80_r15,0.8,original,-0.1499999999999999,-0.09999999999999987,14376,0.005222865513392857
S1C_W0.80_r15,0.8,original,-0.09999999999999987,-0.04999999999999982,13756,0.004997616722470238
S1C_W0.80_r15,0.8,original,-0.04999999999999982,0.0,12940,0.004701160249255952
S1C_W0.80_r15,0.8,original,0.0,0.050000000000000266,12089,0.004391988118489583
S1C_W0.80_r15,0.8,original,0.050000000000000266,0.10000000000000009,11290,0.004101707821800595
S1C_W0.80_r15,0.8,original,0.10000000000000009,0.1499999999999999,10485,0.0038092476981026785
S1C_W0.80_r15,0.8,original,0.1499999999999999,0.20000000000000018,9906,0.0035988943917410715
S1C_W0.80_r15,0.8,original,0.20000000000000018,0.25,9157,0.003326779320126488
S1C_W0.80_r15,0.8,original,0.25,0.30000000000000027,8420,0.003059023902529762
S1C_W0.80_r15,0.8,original,0.30000000000000027,0.3500000000000001,7927,0.002879914783296131
S1C_W0.80_r15,0.8,original,0.3500000000000001,0.40000000000000036,7427,0.0026982625325520835
S1C_W0.80_r15,0.8,original,0.40000000000000036,0.4500000000000002,6984,0.002537318638392857
S1C_W0.80_r15,0.8,original,0.4500000000000002,0.5,6700,0.002434140159970238
S1C_W0.80_r15,0.8,original,0.5,0.5500000000000003,6189,0.0022484915597098215
S1C_W0.80_r15,0.8,original,0.5500000000000003,0.6000000000000001,5662,0.002057030087425595
S1C_W0.80_r15,0.8,original,0.6000000000000001,0.6500000000000004,5377,0.001953488304501488
S1C_W0.80_r15,0.8,original,0.6500000000000004,0.7000000000000002,4847,0.0017609369187127975
S1C_W0.80_r15,0.8,original,0.7000000000000002,0.75,4558,0.001655941917782738
S1C_W0.80_r15,0.8,original,0.75,0.8000000000000003,4227,0.0015356881277901785
S1C_W0.80_r15,0.8,original,0.8000000000000003,0.8500000000000001,4054,0.001472836449032738
S1C_W0.80_r15,0.8,original,0.8500000000000001,0.9000000000000004,3670,0.0013333275204613095
S1C_W0.80_r15,0.8,original,0.9000000000000004,0.9500000000000002,3357,0.0012196132114955357
S1C_W0.80_r15,0.8,original,0.9500000000000002,1.0,3157,0.0011469523111979167
S1C_W0.80_r15,0.8,original,1.0,1.0500000000000003,2997,0.0010888235909598215
S1C_W0.80_r15,0.8,original,1.0500000000000003,1.1,2869,0.0010423206147693452
S1C_W0.80_r15,0.8,original,1.1,1.1500000000000004,2536,0.0009213402157738095
S1C_W0.80_r15,0.8,original,1.1500000000000004,1.2000000000000002,2377,0.0008635748000372024
S1C_W0.80_r15,0.8,original,1.2000000000000002,1.25,2131,0.000774201892671131
S1C_W0.80_r15,0.8,original,1.25,1.3000000000000003,2093,0.0007603963216145834
S1C_W0.80_r15,0.8,original,1.3000000000000003,1.35,1915,0.0006957281203497024
S1C_W0.80_r15,0.8,original,1.35,1.4000000000000004,1804,0.0006554013206845238
S1C_W0.80_r15,0.8,original,1.4000000000000004,1.4500000000000002,1557,0.0005656651088169643
S1C_W0.80_r15,0.8,original,1.4500000000000002,1.5,1423,0.0005169823056175595
S1C_W0.80_r15,0.8,original,1.5,1.5500000000000003,1297,0.0004712059384300595
S1C_W0.80_r15,0.8,original,1.5500000000000003,1.6,1165,0.00042324974423363094
S1C_W0.80_r15,0.8,original,1.6,1.6500000000000004,1090,0.0003960019066220238
S1C_W0.80_r15,0.8,original,1.6500000000000004,1.7000000000000002,954,0.00034659249441964287
S1C_W0.80_r15,0.8,original,1.7000000000000002,1.75,945,0.00034332275390625
S1C_W0.80_r15,0.8,original,1.75,1.8000000000000003,804,0.00029209681919642856
S1C_W0.80_r15,0.8,original,1.8000000000000003,1.85,757,0.0002750215076264881
S1C_W0.80_r15,0.8,original,1.85,1.9000000000000004,650,0.0002361479259672619
S1C_W0.80_r15,0.8,original,1.9000000000000004,1.9500000000000002,488,0.00017729259672619047
S1C_W0.80_r15,0.8,original,1.9500000000000002,2.0,287,0.00010426839192708333
S1C_W0.80_r15,0.8,rearranged,-2.0,-1.95,118357,0.04299963088262649
S1C_W0.80_r15,0.8,rearranged,-1.95,-1.9,198663,0.07217516217912946
S1C_W0.80_r15,0.8,rearranged,-1.9,-1.85,225661,0.08198365711030506
S1C_W0.80_r15,0.8,rearranged,-1.85,-1.8,221938,0.08063107445126488
S1C_W0.80_r15,0.8,rearranged,-1.8,-1.75,194589,0.07069505964006696
S1C_W0.80_r15,0.8,rearranged,-1.75,-1.7,161039,0.058506193615141366
S1C_W0.80_r15,0.8,rearranged,-1.7,-1.65,133207,0.0483947027297247
S1C_W0.80_r15,0.8,rearranged,-1.65,-1.6,113650,0.04128955659412202
S1C_W0.80_r15,0.8,rearranged,-1.6,-1.55,99437,0.03612590971447173
S1C_W0.80_r15,0.8,rearranged,-1.55,-1.5,88462,0.032138642810639884
S1C_W0.80_r15,0.8,rearranged,-1.5,-1.45,80037,0.029077802385602678
S1C_W0.80_r15,0.8,rearranged,-1.45,-1.4,72313,0.02627163841610863
S1C_W0.80_r15,0.8,rearranged,-1.4,-1.35,67046,0.024358113606770832
S1C_W0.80_r15,0.8,rearranged,-1.35,-1.2999999999999998,61785,0.022446768624441966
S1C_W0.80_r15,0.8,rearranged,-1.2999999999999998,-1.25,56936,0.020685105096726192
S1C_W0.80_r15,0.8,rearranged,-1.25,-1.2,52943,0.019234430222284226
S1C_W0.80_r15,0.8,rearranged,-1.2,-1.15,48932,0.017777215866815476
S1C_W0.80_r15,0.8,rearranged,-1.15,-1.1,46090,0.016744704473586308
S1C_W0.80_r15,0.8,rearranged,-1.1,-1.0499999999999998,43082,0.01565188453311012
S1C_W0.80_r15,0.8,rearranged,-1.0499999999999998,-1.0,40665,0.014773777553013392
S1C_W0.80_r15,0.8,rearranged,-1.0,-0.95,37674,0.0136871337890625
S1C_W0.80_r15,0.8,rearranged,-0.95,-0.8999999999999999,35303,0.012825738816034226
S1C_W0.80_r15,0.8,rearranged,-0.8999999999999999,-0.8499999999999999,33412,0.012138730003720238
S1C_W0.80_r15,0.8,rearranged,-0.8499999999999999,-0.7999999999999998,31439,0.011421930222284226
S1C_W0.80_r15,0.8,rearranged,-0.7999999999999998,-0.75,30006,0.010901314871651786
S1C_W0.80_r15,0.8,rearranged,-0.75,-0.7,27830,0.01011076427641369
S1C_W0.80_r15,0.8,rearranged,-0.7,-0.6499999999999999,26571,0.009653363909040178
S1C_W0.80_r15,0.8,rearranged,-0.6499999999999999,-0.5999999999999999,24856,0.009030296688988096
S1C_W0.80_r15,0.8,rearranged,-0.5999999999999999,-0.5499999999999998,23630,0.00858488537016369
S1C_W0.80_r15,0.8,rearranged,-0.5499999999999998,-0.5,22315,0.008107139950706846
S1C_W0.80_r15,0.8,rearranged,-0.5,-0.44999999999999996,21087,0.007661002022879464
S1C_W0.80_r15,0.8,rearranged,-0.44999999999999996,-0.3999999999999999,20248,0.007356189546130952
S1C_W0.80_r15,0.8,rearranged,-0.3999999999999999,-0.34999999999999987,19289,0.007007780529203869
S1C_W0.80_r15,0.8,rearranged,-0.34999999999999987,-0.2999999999999998,17990,0.006535847981770833
S1C_W0.80_r15,0.8,rearranged,-0.2999999999999998,-0.25,17231,0.006260099865141369
S1C_W0.80_r15,0.8,rearranged,-0.25,-0.19999999999999996,16103,0.005850292387462798
S1C_W0.80_r15,0.8,rearranged,-0.19999999999999996,-0.1499999999999999,15229,0.005532764253162202
S1C_W0.80_r15,0.8,rearranged,-0.1499999999999999,-0.09999999999999987,14520,0.005275181361607143
S1C_W0.80_r15,0.8,rearranged,-0.09999999999999987,-0.04999999999999982,13872,0.005039760044642857
S1C_W0.80_r15,0.8,rearranged,-0.04999999999999982,0.0,12820,0.004657563709077381
S1C_W0.80_r15,0.8,rearranged,0.0,0.050000000000000266,12394,0.004502795991443452
S1C_W0.80_r15,0.8,rearranged,0.050000000000000266,0.10000000000000009,11471,0.00416746593656994
S1C_W0.80_r15,0.8,rearranged,0.10000000000000009,0.1499999999999999,10588,0.0038466680617559525
S1C_W0.80_r15,0.8,rearranged,0.1499999999999999,0.20000000000000018,10026,0.003642490931919643
S1C_W0.80_r15,0.8,rearranged,0.20000000000000018,0.25,9163,0.0033289591471354165
S1C_W0.80_r15,0.8,rearranged,0.25,0.30000000000000027,8440,0.003066289992559524
S1C_W0.80_r15,0.8,rearranged,0.30000000000000027,0.3500000000000001,7915,0.002875555129278274
S1C_W0.80_r15,0.8,rearranged,0.3500000000000001,0.40000000000000036,7359,0.002673557826450893
S1C_W0.80_r15,0.8,rearranged,0.40000000000000036,0.4500000000000002,6926,0.0025162469773065475
S1C_W0.80_r15,0.8,rearranged,0.4500000000000002,0.5,6519,0.002368382045200893
S1C_W0.80_r15,0.8,rearranged,0.5,0.5500000000000003,6144,0.002232142857142857
S1C_W0.80_r15,0.8,rearranged,0.5500000000000003,0.6000000000000001,5723,0.002079191662016369
S1C_W0.80_r15,0.8,rearranged,0.6000000000000001,0.6500000000000004,5206,0.0018913632347470238
S1C_W0.80_r15,0.8,rearranged,0.6500000000000004,0.7000000000000002,4953,0.0017994471958705357
S1C_W0.80_r15,0.8,rearranged,0.7000000000000002,0.75,4518,0.0016414097377232143
S1C_W0.80_r15,0.8,rearranged,0.75,0.8000000000000003,4250,0.0015440441313244048
S1C_W0.80_r15,0.8,rearranged,0.8000000000000003,0.8500000000000001,3877,0.0014085315522693452
S1C_W0.80_r15,0.8,rearranged,0.8500000000000001,0.9000000000000004,3743,0.0013598487490699405
S1C_W0.80_r15,0.8,rearranged,0.9000000000000004,0.9500000000000002,3371,0.001224699474516369
S1C_W0.80_r15,0.8,rearranged,0.9500000000000002,1.0,3272,0.0011887323288690475
S1C_W0.80_r15,0.8,rearranged,1.0,1.0500000000000003,3061,0.0011120750790550595
S1C_W0.80_r15,0.8,rearranged,1.0500000000000003,1.1,2816,0.0010230654761904762
S1C_W0.80_r15,0.8,rearranged,1.1,1.1500000000000004,2596,0.0009431384858630952
S1C_W0.80_r15,0.8,rearranged,1.1500000000000004,1.2000000000000002,2480,0.0009009951636904762
S1C_W0.80_r15,0.8,rearranged,1.2000000000000002,1.25,2214,0.0008043561662946429
S1C_W0.80_r15,0.8,rearranged,1.25,1.3000000000000003,2047,0.000743684314546131
S1C_W0.80_r15,0.8,rearranged,1.3000000000000003,1.35,1935,0.0007029942103794643
S1C_W0.80_r15,0.8,rearranged,1.35,1.4000000000000004,1701,0.00061798095703125
S1C_W0.80_r15,0.8,rearranged,1.4000000000000004,1.4500000000000002,1601,0.0005816505068824405
S1C_W0.80_r15,0.8,rearranged,1.4500000000000002,1.5,1483,0.0005387805757068452
S1C_W0.80_r15,0.8,rearranged,1.5,1.5500000000000003,1398,0.0005078996930803571
S1C_W0.80_r15,0.8,rearranged,1.5500000000000003,1.6,1147,0.00041671026320684525
S1C_W0.80_r15,0.8,rearranged,1.6,1.6500000000000004,1078,0.0003916422526041667
S1C_W0.80_r15,0.8,rearranged,1.6500000000000004,1.7000000000000002,960,0.00034877232142857144
S1C_W0.80_r15,0.8,rearranged,1.7000000000000002,1.75,924,0.000335693359375
S1C_W0.80_r15,0.8,rearranged,1.75,1.8000000000000003,828,0.00030081612723214287
S1C_W0.80_r15,0.8,rearranged,1.8000000000000003,1.85,769,0.00027938116164434525
S1C_W0.80_r15,0.8,rearranged,1.85,1.9000000000000004,631,0.0002292451404389881
S1C_W0.80_r15,0.8,rearranged,1.9000000000000004,1.9500000000000002,471,0.00017111642020089285
S1C_W0.80_r15,0.8,rearranged,1.9500000000000002,2.0,257,9.336925688244047e-05
S1C_W0.81_r00,0.81,original,-2.0,-1.95,116928,0.04248046875
S1C_W0.81_r00,0.81,original,-1.95,-1.9,195570,0.07105146135602679
S1C_W0.81_r00,0.81,original,-1.9,-1.85,222726,0.0809173583984375
S1C_W0.81_r00,0.81,original,-1.85,-1.8,218168,0.07926141648065477
S1C_W0.81_r00,0.81,original,-1.8,-1.75,192522,0.06994410923549108
S1C_W0.81_r00,0.81,original,-1.75,-1.7,159282,0.05786786760602679
S1C_W0.81_r00,0.81,original,-1.7,-1.65,132193,0.04802631196521577
S1C_W0.81_r00,0.81,original,-1.65,-1.6,112627,0.0409178960890997
S1C_W0.81_r00,0.81,original,-1.6,-1.55,98588,0.035817464192708336
S1C_W0.81_r00,0.81,original,-1.55,-1.5,88322,0.03208778018043155
S1C_W0.81_r00,0.81,original,-1.5,-1.45,79210,0.028777349562872024
S1C_W0.81_r00,0.81,original,-1.45,-1.4,72949,0.026502700079055058
S1C_W0.81_r00,0.81,original,-1.4,-1.35,66886,0.02429998488653274
S1C_W0.81_r00,0.81,original,-1.35,-1.2999999999999998,62070,0.022550310407366072
S1C_W0.81_r00,0.81,original,-1.2999999999999998,-1.25,57084,0.020738874162946428
S1C_W0.81_r00,0.81,original,-1.25,-1.2,53003,0.01925622849237351
S1C_W0.81_r00,0.81,original,-1.2,-1.15,50172,0.018227713448660716
S1C_W0.81_r00,0.81,original,-1.15,-1.1,46325,0.01683008103143601
S1C_W0.81_r00,0.81,original,-1.1,-1.0499999999999998,43468,0.015792120070684524
S1C_W0.81_r00,0.81,original,-1.0499999999999998,-1.0,40804,0.014824276878720238
S1C_W0.81_r00,0.81,original,-1.0,-0.95,38124,0.013850620814732142
S1C_W0.81_r00,0.81,original,-0.95,-0.8999999999999999,35810,0.01300993419828869
S1C_W0.81_r00,0.81,original,-0.8999999999999999,-0.8499999999999999,33673,0.01223355247860863
S1C_W0.81_r00,0.81,original,-0.8499999999999999,-0.7999999999999998,32110,0.011665707542782738
S1C_W0.81_r00,0.81,original,-0.7999999999999998,-0.75,30195,0.010969979422433036
S1C_W0.81_r00,0.81,original,-0.75,-0.7,28477,0.010345822288876488
S1C_W0.81_r00,0.81,original,-0.7,-0.6499999999999999,26866,0.009760538736979166
S1C_W0.81_r00,0.81,original,-0.6499999999999999,-0.5999999999999999,25442,0.00924319312686012
S1C_W0.81_r00,0.81,original,-0.5999999999999999,-0.5499999999999998,23965,0.008706592378162202
S1C_W0.81_r00,0.81,original,-0.5499999999999998,-0.5,22774,0.00827389671688988
S1C_W0.81_r00,0.81,original,-0.5,-0.44999999999999996,21659,0.007868812197730654
S1C_W0.81_r00,0.81,original,-0.44999999999999996,-0.3999999999999999,20561,0.007469903855096726
S1C_W0.81_r00,0.81,original,-0.3999999999999999,-0.34999999999999987,19598,0.00712004162016369
S1C_W0.81_r00,0.81,original,-0.34999999999999987,-0.2999999999999998,18233,0.00662413097563244
S1C_W0.81_r00,0.81,original,-0.2999999999999998,-0.25,17508,0.006360735212053571
S1C_W0.81_r00,0.81,original,-0.25,-0.19999999999999996,16449,0.005975995744977679
S1C_W0.81_r00,0.81,original,-0.19999999999999996,-0.1499999999999999,15939,0.00579071044921875
S1C_W0.81_r00,0.81,original,-0.1499999999999999,-0.09999999999999987,14849,0.005394708542596726
S1C_W0.81_r00,0.81,original,-0.09999999999999987,-0.04999999999999982,14100,0.005122593470982143
S1C_W0.81_r00,0.81,original,-0.04999999999999982,0.0,13492,0.004901704334077381
S1C_W0.81_r00,0.81,original,0.0,0.050000000000000266,12648,0.004595075334821429
S1C_W0.81_r00,0.81,original,0.050000000000000266,0.10000000000000009,11805,0.004288809640066964
S1C_W0.81_r00,0.81,original,0.10000000000000009,0.1499999999999999,11035,0.004009065173921131
S1C_W0.81_r00,0.81,original,0.1499999999999999,0.20000000000000018,10043,0.0036486671084449405
S1C_W0.81_r00,0.81,original,0.20000000000000018,0.25,9490,0.003447759719122024
S1C_W0.81_r00,0.81,original,0.25,0.30000000000000027,8788,0.003192719959077381
S1C_W0.81_r00,0.81,original,0.30000000000000027,0.3500000000000001,8277,0.0030070713588169645
S1C_W0.81_r00,0.81,original,0.3500000000000001,0.40000000000000036,7749,0.00281524658203125
S1C_W0.81_r00,0.81,original,0.40000000000000036,0.4500000000000002,7066,0.002567109607514881
S1C_W0.81_r00,0.81,original,0.4500000000000002,0.5,6688,0.002429780505952381
S1C_W0.81_r00,0.81,original,0.5,0.5500000000000003,6519,0.002368382045200893
S1C_W0.81_r00,0.81,original,0.5500000000000003,0.6000000000000001,5885,0.0021380469912574405
S1C_W0.81_r00,0.81,original,0.6000000000000001,0.6500000000000004,5632,0.0020461309523809525
S1C_W0.81_r00,0.81,original,0.6500000000000004,0.7000000000000002,5253,0.0019084385463169643
S1C_W0.81_r00,0.81,original,0.7000000000000002,0.75,4863,0.0017667497907366072
S1C_W0.81_r00,0.81,original,0.75,0.8000000000000003,4455,0.0016185215541294643
S1C_W0.81_r00,0.81,original,0.8000000000000003,0.8500000000000001,4212,0.0015302385602678572
S1C_W0.81_r00,0.81,original,0.8500000000000001,0.9000000000000004,3918,0.0014234270368303572
S1C_W0.81_r00,0.81,original,0.9000000000000004,0.9500000000000002,3733,0.0013562157040550595
S1C_W0.81_r00,0.81,original,0.9500000000000002,1.0,3404,0.0012366885230654762
S1C_W0.81_r00,0.81,original,1.0,1.0500000000000003,3175,0.0011534917922247025
S1C_W0.81_r00,0.81,original,1.0500000000000003,1.1,3012,0.0010942731584821428
S1C_W0.81_r00,0.81,original,1.1,1.1500000000000004,2731,0.000992184593563988
S1C_W0.81_r00,0.81,original,1.1500000000000004,1.2000000000000002,2577,0.0009362357003348214
S1C_W0.81_r00,0.81,original,1.2000000000000002,1.25,2369,0.0008606683640252976
S1C_W0.81_r00,0.81,original,1.25,1.3000000000000003,2148,0.0007803780691964286
S1C_W0.81_r00,0.81,original,1.3000000000000003,1.35,1907,0.0006928216843377976
S1C_W0.81_r00,0.81,original,1.35,1.4000000000000004,1837,0.000667390369233631
S1C_W0.81_r00,0.81,original,1.4000000000000004,1.4500000000000002,1631,0.0005925496419270834
S1C_W0.81_r00,0.81,original,1.4500000000000002,1.5,1589,0.0005772908528645834
S1C_W0.81_r00,0.81,original,1.5,1.5500000000000003,1483,0.0005387805757068452
S1C_W0.81_r00,0.81,original,1.5500000000000003,1.6,1300,0.0004722958519345238
S1C_W0.81_r00,0.81,original,1.6,1.6500000000000004,1212,0.00044032505580357144
S1C_W0.81_r00,0.81,original,1.6500000000000004,1.7000000000000002,1125,0.00040871756417410713
S1C_W0.81_r00,0.81,original,1.7000000000000002,1.75,957,0.00034768240792410713
S1C_W0.81_r00,0.81,original,1.75,1.8000000000000003,919,0.0003338768368675595
S1C_W0.81_r00,0.81,original,1.8000000000000003,1.85,803,0.0002917335146949405
S1C_W0.81_r00,0.81,original,1.85,1.9000000000000004,668,0.00024268740699404762
S1C_W0.81_r00,0.81,original,1.9000000000000004,1.9500000000000002,573,0.00020817347935267856
S1C_W0.81_r00,0.81,original,1.9500000000000002,2.0,312,0.00011335100446428572
S1C_W0.81_r00,0.81,rearranged,-2.0,-1.95,116643,0.042376926967075894
S1C_W0.81_r00,0.81,rearranged,-1.95,-1.9,195369,0.07097843715122767
S1C_W0.81_r00,0.81,rearranged,-1.9,-1.85,222811,0.08094823928106398
S1C_W0.81_r00,0.81,rearranged,-1.85,-1.8,218013,0.07920510428292411
S1C_W0.81_r00,0.81,rearranged,-1.8,-1.75,191296,0.06949869791666667
S1C_W0.81_r00,0.81,rearranged,-1.75,-1.7,159022,0.057773408435639884
S1C_W0.81_r00,0.81,rearranged,-1.7,-1.65,132173,0.04801904587518601
S1C_W0.81_r00,0.81,rearranged,-1.65,-1.6,113691,0.04130445207868304
S1C_W0.81_r00,0.81,rearranged,-1.6,-1.55,99412,0.03611682710193452
S1C_W0.81_r00,0.81,rearranged,-1.55,-1.5,89165,0.03239404587518601
S1C_W0.81_r00,0.81,rearranged,-1.5,-1.45,79993,0.029061816987537202
S1C_W0.81_r00,0.81,rearranged,-1.45,-1.4,73677,0.026767185756138394
S1C_W0.81_r00,0.81,rearranged,-1.4,-1.35,67533,0.024535042898995534
S1C_W0.81_r00,0.81,rearranged,-1.35,-1.2999999999999998,62414,0.022675287155877976
S1C_W0.81_r00,0.81,rearranged,-1.2999999999999998,-1.25,57426,0.020863124302455356
S1C_W0.81_r00,0.81,rearranged,-1.25,-1.2,53869,0.019570850190662202
S1C_W0.81_r00,0.81,rearranged,-1.2,-1.15,49978,0.018157232375372024
S1C_W0.81_r00,0.81,rearranged,-1.15,-1.1,46817,0.017008826846168154
S1C_W0.81_r00,0.81,rearranged,-1.1,-1.0499999999999998,43512,0.01580810546875
S1C_W0.81_r00,0.81,rearranged,-1.0499999999999998,-1.0,40964,0.014882405598958334
S1C_W0.81_r00,0.81,rearranged,-1.0,-0.95,38644,0.014039539155505952
S1C_W0.81_r00,0.81,rearranged,-0.95,-0.8999999999999999,35840,0.013020833333333334
S1C_W0.81_r00,0.81,rearranged,-0.8999999999999999,-0.8499999999999999,34070,0.012377784365699404
S1C_W0.81_r00,0.81,rearranged,-0.8499999999999999,-0.7999999999999998,31767,0.011541094098772322
S1C_W0.81_r00,0.81,rearranged,-0.7999999999999998,-0.75,29960,0.010884602864583334
S1C_W0.81_r00,0.81,rearranged,-0.75,-0.7,28377,0.010309491838727678
S1C_W0.81_r00,0.81,rearranged,-0.7,-0.6499999999999999,26701,0.00970059349423363
S1C_W0.81_r00,0.81,rearranged,-0.6499999999999999,-0.5999999999999999,25366,0.009215581984747024
S1C_W0.81_r00,0.81,rearranged,-0.5999999999999999,-0.5499999999999998,23899,0.008682614281063988
S1C_W0.81_r00,0.81,rearranged,-0.5499999999999998,-0.5,22743,0.00826263427734375
S1C_W0.81_r00,0.81,rearranged,-0.5,-0.44999999999999996,21325,0.007747468494233631
S1C_W0.81_r00,0.81,rearranged,-0.44999999999999996,-0.3999999999999999,20294,0.007372901553199405
S1C_W0.81_r00,0.81,rearranged,-0.3999999999999999,-0.34999999999999987,18935,0.006879170735677083
S1C_W0.81_r00,0.81,rearranged,-0.34999999999999987,-0.2999999999999998,17996,0.006538027808779762
S1C_W0.81_r00,0.81,rearranged,-0.2999999999999998,-0.25,17219,0.006255740211123512
S1C_W0.81_r00,0.81,rearranged,-0.25,-0.19999999999999996,16182,0.005878993443080357
S1C_W0.81_r00,0.81,rearranged,-0.19999999999999996,-0.1499999999999999,15520,0.005638485863095238
S1C_W0.81_r00,0.81,rearranged,-0.1499999999999999,-0.09999999999999987,14410,0.005235217866443452
S1C_W0.81_r00,0.81,rearranged,-0.09999999999999987,-0.04999999999999982,13822,0.005021594819568452
S1C_W0.81_r00,0.81,rearranged,-0.04999999999999982,0.0,12951,0.004705156598772321
S1C_W0.81_r00,0.81,rearranged,0.0,0.050000000000000266,12255,0.004452296665736607
S1C_W0.81_r00,0.81,rearranged,0.050000000000000266,0.10000000000000009,11471,0.00416746593656994
S1C_W0.81_r00,0.81,rearranged,0.10000000000000009,0.1499999999999999,10572,0.003840855189732143
S1C_W0.81_r00,0.81,rearranged,0.1499999999999999,0.20000000000000018,9962,0.003619239443824405
S1C_W0.81_r00,0.81,rearranged,0.20000000000000018,0.25,9355,0.003398713611421131
S1C_W0.81_r00,0.81,rearranged,0.25,0.30000000000000027,8711,0.0031647455124627975
S1C_W0.81_r00,0.81,rearranged,0.30000000000000027,0.3500000000000001,8102,0.0029434930710565475
S1C_W0.81_r00,0.81,rearranged,0.3500000000000001,0.40000000000000036,7621,0.002768743605840774
S1C_W0.81_r00,0.81,rearranged,0.40000000000000036,0.4500000000000002,7214,0.002620878673735119
S1C_W0.81_r00,0.81,rearranged,0.4500000000000002,0.5,6646,0.002414521716889881
S1C_W0.81_r00,0.81,rearranged,0.5,0.5500000000000003,6122,0.002224150158110119
S1C_W0.81_r00,0.81,rearranged,0.5500000000000003,0.6000000000000001,5944,0.002159481956845238
S1C_W0.81_r00,0.81,rearranged,0.6000000000000001,0.6500000000000004,5602,0.0020352318173363095
S1C_W0.81_r00,0.81,rearranged,0.6500000000000004,0.7000000000000002,5026,0.0018259684244791667
S1C_W0.81_r00,0.81,rearranged,0.7000000000000002,0.75,4816,0.0017496744791666667
S1C_W0.81_r00,0.81,rearranged,0.75,0.8000000000000003,4549,0.0016526721772693452
S1C_W0.81_r00,0.81,rearranged,0.8000000000000003,0.8500000000000001,4172,0.0015157063802083333
S1C_W0.81_r00,0.81,rearranged,0.8500000000000001,0.9000000000000004,3979,0.001445588611421131
S1C_W0.81_r00,0.81,rearranged,0.9000000000000004,0.9500000000000002,3706,0.001346406482514881
S1C_W0.81_r00,0.81,rearranged,0.9500000000000002,1.0,3533,0.0012835548037574405
S1C_W0.81_r00,0.81,rearranged,1.0,1.0500000000000003,3172,0.001152401878720238
S1C_W0.81_r00,0.81,rearranged,1.0500000000000003,1.1,2982,0.0010833740234375
S1C_W0.81_r00,0.81,rearranged,1.1,1.1500000000000004,2870,0.0010426839192708333
S1C_W0.81_r00,0.81,rearranged,1.1500000000000004,1.2000000000000002,2671,0.0009703863234747024
S1C_W0.81_r00,0.81,rearranged,1.2000000000000002,1.25,2426,0.000881376720610119
S1C_W0.81_r00,0.81,rearranged,1.25,1.3000000000000003,2255,0.0008192516508556548
S1C_W0.81_r00,0.81,rearranged,1.3000000000000003,1.35,2080,0.0007556733630952381
S1C_W0.81_r00,0.81,rearranged,1.35,1.4000000000000004,1898,0.0006895519438244048
S1C_W0.81_r00,0.81,rearranged,1.4000000000000004,1.4500000000000002,1805,0.0006557646251860119
S1C_W0.81_r00,0.81,rearranged,1.4500000000000002,1.5,1624,0.0005900065104166666
S1C_W0.81_r00,0.81,rearranged,1.5,1.5500000000000003,1542,0.0005602155412946429
S1C_W0.81_r00,0.81,rearranged,1.5500000000000003,1.6,1332,0.00048392159598214287
S1C_W0.81_r00,0.81,rearranged,1.6,1.6500000000000004,1225,0.0004450480143229167
S1C_W0.81_r00,0.81,rearranged,1.6500000000000004,1.7000000000000002,1131,0.0004108973911830357
S1C_W0.81_r00,0.81,rearranged,1.7000000000000002,1.75,1032,0.0003749302455357143
S1C_W0.81_r00,0.81,rearranged,1.75,1.8000000000000003,940,0.0003415062313988095
S1C_W0.81_r00,0.81,rearranged,1.8000000000000003,1.85,838,0.0003044491722470238
S1C_W0.81_r00,0.81,rearranged,1.85,1.9000000000000004,683,0.00024813697451636906
S1C_W0.81_r00,0.81,rearranged,1.9000000000000004,1.9500000000000002,539,0.00019582112630208334
S1C_W0.81_r00,0.81,rearranged,1.9500000000000002,2.0,310,0.00011262439546130953
S1C_W0.81_r01,0.81,original,-2.0,-1.95,117052,0.04252551850818452
S1C_W0.81_r01,0.81,original,-1.95,-1.9,195433,0.07100168863932292
S1C_W0.81_r01,0.81,original,-1.9,-1.85,222588,0.08086722237723214
S1C_W0.81_r01,0.81,original,-1.85,-1.8,218870,0.0795164562406994
S1C_W0.81_r01,0.81,original,-1.8,-1.75,193018,0.07012430826822917
S1C_W0.81_r01,0.81,original,-1.75,-1.7,160294,0.05823553176153274
S1C_W0.81_r01,0.81,original,-1.7,-1.65,132608,0.048177083333333336
S1C_W0.81_r01,0.81,original,-1.65,-1.6,112768,0.04096912202380952
S1C_W0.81_r01,0.81,original,-1.6,-1.55,98573,0.03581201462518601
S1C_W0.81_r01,0.81,original,-1.55,-1.5,88091,0.0320038568405878
S1C_W0.81_r01,0.81,original,-1.5,-1.45,79798,0.028990972609747024
S1C_W0.81_r01,0.81,original,-1.45,-1.4,72356,0.02628726050967262
S1C_W0.81_r01,0.81,original,-1.4,-1.35,66648,0.024213518415178572
S1C_W0.81_r01,0.81,original,-1.35,-1.2999999999999998,61908,0.022491455078125
S1C_W0.81_r01,0.81,original,-1.2999999999999998,-1.25,57310,0.02082098098028274
S1C_W0.81_r01,0.81,original,-1.25,-1.2,53018,0.019261678059895832
S1C_W0.81_r01,0.81,original,-1.2,-1.15,49616,0.018025716145833332
S1C_W0.81_r01,0.81,original,-1.15,-1.1,46018,0.016718546549479168
S1C_W0.81_r01,0.81,original,-1.1,-1.0499999999999998,43525,0.015812828427269346
S1C_W0.81_r01,0.81,original,-1.0499999999999998,-1.0,40702,0.014787219819568452
S1C_W0.81_r01,0.81,original,-1.0,-0.95,38261,0.013900393531436012
S1C_W0.81_r01,0.81,original,-0.95,-0.8999999999999999,35768,0.01299467540922619
S1C_W0.81_r01,0.81,original,-0.8999999999999999,-0.8499999999999999,33850,0.012297857375372024
S1C_W0.81_r01,0.81,original,-0.8499999999999999,-0.7999999999999998,31938,0.011603219168526786
S1C_W0.81_r01,0.81,original,-0.7999999999999998,-0.75,29767,0.01081448509579613
S1C_W0.81_r01,0.81,original,-0.75,-0.7,28587,0.010385785784040178
S1C_W0.81_r01,0.81,original,-0.7,-0.6499999999999999,27085,0.00984010242280506
S1C_W0.81_r01,0.81,original,-0.6499999999999999,-0.5999999999999999,25516,0.009270077659970238
S1C_W0.81_r01,0.81,original,-0.5999999999999999,-0.5499999999999998,24024,0.00872802734375
S1C_W0.81_r01,0.81,original,-0.5499999999999998,-0.5,22727,0.00825682140531994
S1C_W0.81_r01,0.81,original,-0.5,-0.44999999999999996,21450,0.007792881556919643
S1C_W0.81_r01,0.81,original,-0.44999999999999996,-0.3999999999999999,20217,0.007344927106584821
S1C_W0.81_r01,0.81,original,-0.3999999999999999,-0.34999999999999987,19388,0.00704374767485119
S1C_W0.81_r01,0.81,original,-0.34999999999999987,-0.2999999999999998,18238,0.006625947498139881
S1C_W0.81_r01,0.81,original,-0.2999999999999998,-0.25,17524,0.006366548084077381
S1C_W0.81_r01,0.81,original,-0.25,-0.19999999999999996,16493,0.005991981143043155
S1C_W0.81_r01,0.81,original,-0.19999999999999996,-0.1499999999999999,15559,0.005652654738653274
S1C_W0.81_r01,0.81,original,-0.1499999999999999,-0.09999999999999987,14793,0.005374363490513393
S1C_W0.81_r01,0.81,original,-0.09999999999999987,-0.04999999999999982,13985,0.005080813453311012
S1C_W0.81_r01,0.81,original,-0.04999999999999982,0.0,13369,0.004857017880394345
S1C_W0.81_r01,0.81,original,0.0,0.050000000000000266,12600,0.00457763671875
S1C_W0.81_r01,0.81,original,0.050000000000000266,0.10000000000000009,11545,0.00419435046968006
S1C_W0.81_r01,0.81,original,0.10000000000000009,0.1499999999999999,10643,0.0038666498093377975
S1C_W0.81_r01,0.81,original,0.1499999999999999,0.20000000000000018,10131,0.003680637904575893
S1C_W0.81_r01,0.81,original,0.20000000000000018,0.25,9279,0.0033711024693080355
S1C_W0.81_r01,0.81,original,0.25,0.30000000000000027,8857,0.0032177879696800595
S1C_W0.81_r01,0.81,original,0.30000000000000027,0.3500000000000001,8314,0.003020513625372024
S1C_W0.81_r01,0.81,original,0.3500000000000001,0.40000000000000036,7600,0.002761114211309524
S1C_W0.81_r01,0.81,original,0.40000000000000036,0.4500000000000002,7162,0.002601986839657738
S1C_W0.81_r01,0.81,original,0.4500000000000002,0.5,6649,0.002415611630394345
S1C_W0.81_r01,0.81,original,0.5,0.5500000000000003,6383,0.002318972632998512
S1C_W0.81_r01,0.81,original,0.5500000000000003,0.6000000000000001,5914,0.002148582821800595
S1C_W0.81_r01,0.81,original,0.6000000000000001,0.6500000000000004,5619,0.002041407993861607
S1C_W0.81_r01,0.81,original,0.6500000000000004,0.7000000000000002,5307,0.0019280569893973215
S1C_W0.81_r01,0.81,original,0.7000000000000002,0.75,4869,0.0017689296177455357
S1C_W0.81_r01,0.81,original,0.75,0.8000000000000003,4484,0.001629057384672619
S1C_W0.81_r01,0.81,original,0.8000000000000003,0.8500000000000001,4422,0.0016065325055803572
S1C_W0.81_r01,0.81,original,0.8500000000000001,0.9000000000000004,4073,0.001479739234561012
S1C_W0.81_r01,0.81,original,0.9000000000000004,0.9500000000000002,3743,0.0013598487490699405
S1C_W0.81_r01,0.81,original,0.9500000000000002,1.0,3421,0.0012428646995907738
S1C_W0.81_r01,0.81,original,1.0,1.0500000000000003,3152,0.0011451357886904762
S1C_W0.81_r01,0.81,original,1.0500000000000003,1.1,2968,0.0010782877604166667
S1C_W0.81_r01,0.81,original,1.1,1.1500000000000004,2812,0.0010216122581845238
S1C_W0.81_r01,0.81,original,1.1500000000000004,1.2000000000000002,2611,0.0009485880533854166
S1C_W0.81_r01,0.81,original,1.2000000000000002,1.25,2447,0.000889006115141369
S1C_W0.81_r01,0.81,original,1.25,1.3000000000000003,2264,0.0008225213913690476
S1C_W0.81_r01,0.81,original,1.3000000000000003,1.35,1994,0.0007244291759672619
S1C_W0.81_r01,0.81,original,1.35,1.4000000000000004,1850,0.0006721133277529762
S1C_W0.81_r01,0.81,original,1.4000000000000004,1.4500000000000002,1665,0.0006049019949776786
S1C_W0.81_r01,0.81,original,1.4500000000000002,1.5,1581,0.0005743844168526786
S1C_W0.81_r01,0.81,original,1.5,1.5500000000000003,1484,0.0005391438802083334
S1C_W0.81_r01,0.81,original,1.5500000000000003,1.6,1270,0.00046139671688988094
S1C_W0.81_r01,0.81,original,1.6,1.6500000000000004,1208,0.00043887183779761906
S1C_W0.81_r01,0.81,original,1.6500000000000004,1.7000000000000002,1168,0.00042433965773809525
S1C_W0.81_r01,0.81,original,1.7000000000000002,1.75,968,0.0003516787574404762
S1C_W0.81_r01,0.81,original,1.75,1.8000000000000003,915,0.00033242361886160713
S1C_W0.81_r01,0.81,original,1.8000000000000003,1.85,844,0.0003066289992559524
S1C_W0.81_r01,0.81,original,1.85,1.9000000000000004,723,0.00026266915457589287
S1C_W0.81_r01,0.81,original,1.9000000000000004,1.9500000000000002,543,0.00019727434430803572
S1C_W0.81_r01,0.81,original,1.9500000000000002,2.0,297,0.00010790143694196428
S1C_W0.81_r01,0.81,rearranged,-2.0,-1.95,117660,0.04274640764508929
S1C_W0.81_r01,0.81,rearranged,-1.95,-1.9,195382,0.07098316010974702
S1C_W0.81_r01,0.81,rearranged,-1.9,-1.85,223327,0.08113570440383185
S1C_W0.81_r01,0.81,rearranged,-1.85,-1.8,220018,0.07993352980840773
S1C_W0.81_r01,0.81,rearranged,-1.8,-1.75,193286,0.07022167387462798
S1C_W0.81_r01,0.81,rearranged,-1.75,-1.7,160700,0.058383033389136904
S1C_W0.81_r01,0.81,rearranged,-1.7,-1.65,132585,0.048168727329799106
S1C_W0.81_r01,0.81,rearranged,-1.65,-1.6,112899,0.04101671491350446
S1C_W0.81_r01,0.81,rearranged,-1.6,-1.55,99393,0.03610992431640625
S1C_W0.81_r01,0.81,rearranged,-1.55,-1.5,87900,0.03193446568080357
S1C_W0.81_r01,0.81,rearranged,-1.5,-1.45,79794,0.028989519391741072
S1C_W0.81_r01,0.81,rearranged,-1.45,-1.4,72673,0.026402428036644346
S1C_W0.81_r01,0.81,rearranged,-1.4,-1.35,66664,0.02421933128720238
S1C_W0.81_r01,0.81,rearranged,-1.35,-1.2999999999999998,61597,0.022378467378162202
S1C_W0.81_r01,0.81,rearranged,-1.2999999999999998,-1.25,56894,0.020669846307663692
S1C_W0.81_r01,0.81,rearranged,-1.25,-1.2,52581,0.019102913992745534
S1C_W0.81_r01,0.81,rearranged,-1.2,-1.15,49280,0.017903645833333332
S1C_W0.81_r01,0.81,rearranged,-1.15,-1.1,46233,0.016796657017299106
S1C_W0.81_r01,0.81,rearranged,-1.1,-1.0499999999999998,43211,0.015698750813802082
S1C_W0.81_r01,0.81,rearranged,-1.0499999999999998,-1.0,40685,0.014781043643043154
S1C_W0.81_r01,0.81,rearranged,-1.0,-0.95,38149,0.013859703427269346
S1C_W0.81_r01,0.81,rearranged,-0.95,-0.8999999999999999,35694,0.012967790876116072
S1C_W0.81_r01,0.81,rearranged,-0.8999999999999999,-0.8499999999999999,33829,0.012290227980840774
S1C_W0.81_r01,0.81,rearranged,-0.8499999999999999,-0.7999999999999998,31755,0.011536734444754464
S1C_W0.81_r01,0.81,rearranged,-0.7999999999999998,-0.75,29736,0.01080322265625
S1C_W0.81_r01,0.81,rearranged,-0.75,-0.7,28451,0.010336376371837798
S1C_W0.81_r01,0.81,rearranged,-0.7,-0.6499999999999999,26762,0.009722755068824404
S1C_W0.81_r01,0.81,rearranged,-0.6499999999999999,-0.5999999999999999,25061,0.009104774111793154
S1C_W0.81_r01,0.81,rearranged,-0.5999999999999999,-0.5499999999999998,23926,0.008692423502604166
S1C_W0.81_r01,0.81,rearranged,-0.5499999999999998,-0.5,22852,0.008302234468005952
S1C_W0.81_r01,0.81,rearranged,-0.5,-0.44999999999999996,21216,0.007707868303571429
S1C_W0.81_r01,0.81,rearranged,-0.44999999999999996,-0.3999999999999999,19925,0.007238842192150298
S1C_W0.81_r01,0.81,rearranged,-0.3999999999999999,-0.34999999999999987,19020,0.006910051618303571
S1C_W0.81_r01,0.81,rearranged,-0.34999999999999987,-0.2999999999999998,18022,0.006547473725818452
S1C_W0.81_r01,0.81,rearranged,-0.2999999999999998,-0.25,16941,0.006154741559709821
S1C_W0.81_r01,0.81,rearranged,-0.25,-0.19999999999999996,16306,0.005924043201264881
S1C_W0.81_r01,0.81,rearranged,-0.19999999999999996,-0.1499999999999999,15544,0.005647205171130952
S1C_W0.81_r01,0.81,rearranged,-0.1499999999999999,-0.09999999999999987,14424,0.005240304129464286
S1C_W0.81_r01,0.81,rearranged,-0.09999999999999987,-0.04999999999999982,13896,0.005048479352678571
S1C_W0.81_r01,0.81,rearranged,-0.04999999999999982,0.0,13318,0.004838489350818452
S1C_W0.81_r01,0.81,rearranged,0.0,0.050000000000000266,12387,0.004500252859933036
S1C_W0.81_r01,0.81,rearranged,0.050000000000000266,0.10000000000000009,11708,0.004253569103422619
S1C_W0.81_r01,0.81,rearranged,0.10000000000000009,0.1499999999999999,10822,0.003931681315104167
S1C_W0.81_r01,0.81,rearranged,0.1499999999999999,0.20000000000000018,10039,0.003647213890438988
S1C_W0.81_r01,0.81,rearranged,0.20000000000000018,0.25,9466,0.0034390404110863095
S1C_W0.81_r01,0.81,rearranged,0.25,0.30000000000000027,8928,0.0032435825892857145
S1C_W0.81_r01,0.81,rearranged,0.30000000000000027,0.3500000000000001,8398,0.003051031203497024
S1C_W0.81_r01,0.81,rearranged,0.3500000000000001,0.40000000000000036,7803,0.002834865025111607
S1C_W0.81_r01,0.81,rearranged,0.40000000000000036,0.4500000000000002,7316,0.002657935732886905
S1C_W0.81_r01,0.81,rearranged,0.4500000000000002,0.5,6836,0.002483549572172619
S1C_W0.81_r01,0.81,rearranged,0.5,0.5500000000000003,6425,0.002334231422061012
S1C_W0.81_r01,0.81,rearranged,0.5500000000000003,0.6000000000000001,5933,0.002155485607328869
S1C_W0.81_r01,0.81,rearranged,0.6000000000000001,0.6500000000000004,5615,0.002039954775855655
S1C_W0.81_r01,0.81,rearranged,0.6500000000000004,0.7000000000000002,5264,0.0019124348958333333
S1C_W0.81_r01,0.81,rearranged,0.7000000000000002,0.75,4865,0.0017674763997395833
S1C_W0.81_r01,0.81,rearranged,0.75,0.8000000000000003,4673,0.001697721935453869
S1C_W0.81_r01,0.81,rearranged,0.8000000000000003,0.8500000000000001,4263,0.00154876708984375
S1C_W0.81_r01,0.81,rearranged,0.8500000000000001,0.9000000000000004,4150,0.0015077136811755952
S1C_W0.81_r01,0.81,rearranged,0.9000000000000004,0.9500000000000002,3774,0.0013711111886160715
S1C_W0.81_r01,0.81,rearranged,0.9500000000000002,1.0,3460,0.0012570335751488095
S1C_W0.81_r01,0.81,rearranged,1.0,1.0500000000000003,3257,0.0011832827613467262
S1C_W0.81_r01,0.81,rearranged,1.0500000000000003,1.1,2938,0.0010673886253720238
S1C_W0.81_r01,0.81,rearranged,1.1,1.1500000000000004,2779,0.0010096232096354167
S1C_W0.81_r01,0.81,rearranged,1.1500000000000004,1.2000000000000002,2635,0.000957307361421131
S1C_W0.81_r01,0.81,rearranged,1.2000000000000002,1.25,2409,0.0008752005440848214
S1C_W0.81_r01,0.81,rearranged,1.25,1.3000000000000003,2137,0.0007763817196800595
S1C_W0.81_r01,0.81,rearranged,1.3000000000000003,1.35,2039,0.0007407778785342262
S1C_W0.81_r01,0.81,rearranged,1.35,1.4000000000000004,1890,0.0006866455078125
S1C_W0.81_r01,0.81,rearranged,1.4000000000000004,1.4500000000000002,1703,0.0006187075660342262
S1C_W0.81_r01,0.81,rearranged,1.4500000000000002,1.5,1549,0.0005627586728050595
S1C_W0.81_r01,0.81,rearranged,1.5,1.5500000000000003,1449,0.00052642822265625
S1C_W0.81_r01,0.81,rearranged,1.5500000000000003,1.6,1308,0.00047520228794642856
S1C_W0.81_r01,0.81,rearranged,1.6,1.6500000000000004,1183,0.0004297892252604167
S1C_W0.81_r01,0.81,rearranged,1.6500000000000004,1.7000000000000002,1072,0.0003894624255952381
S1C_W0.81_r01,0.81,rearranged,1.7000000000000002,1.75,1020,0.00037057059151785713
S1C_W0.81_r01,0.81,rearranged,1.75,1.8000000000000003,952,0.0003458658854166667
S1C_W0.81_r01,0.81,rearranged,1.8000000000000003,1.85,833,0.0003026326497395833
S1C_W0.81_r01,0.81,rearranged,1.85,1.9000000000000004,777,0.00028228759765625
S1C_W0.81_r01,0.81,rearranged,1.9000000000000004,1.9500000000000002,581,0.00021107991536458334
S1C_W0.81_r01,0.81,rearranged,1.9500000000000002,2.0,287,0.00010426839192708333
S1C_W0.81_r02,0.81,original,-2.0,-1.95,117603,0.04272569928850446
S1C_W0.81_r02,0.81,original,-1.95,-1.9,196538,0.07140314011346727
S1C_W0.81_r02,0.81,original,-1.9,-1.85,223012,0.0810212634858631
S1C_W0.81_r02,0.81,original,-1.85,-1.8,218453,0.07936495826357887
S1C_W0.81_r02,0.81,original,-1.8,-1.75,192156,0.06981113978794642
S1C_W0.81_r02,0.81,original,-1.75,-1.7,159602,0.05798412504650298
S1C_W0.81_r02,0.81,original,-1.7,-1.65,131707,0.04784974597749256
S1C_W0.81_r02,0.81,original,-1.65,-1.6,112947,0.041034153529575894
S1C_W0.81_r02,0.81,original,-1.6,-1.55,98734,0.035870506649925596
S1C_W0.81_r02,0.81,original,-1.55,-1.5,87807,0.03190067836216518
S1C_W0.81_r02,0.81,original,-1.5,-1.45,79935,0.029040745326450894
S1C_W0.81_r02,0.81,original,-1.45,-1.4,72536,0.026352655319940476
S1C_W0.81_r02,0.81,original,-1.4,-1.35,66441,0.024138314383370534
S1C_W0.81_r02,0.81,original,-1.35,-1.2999999999999998,61640,0.022394089471726192
S1C_W0.81_r02,0.81,original,-1.2999999999999998,-1.25,57421,0.020861307779947918
S1C_W0.81_r02,0.81,original,-1.25,-1.2,53162,0.01931399390811012
S1C_W0.81_r02,0.81,original,-1.2,-1.15,49750,0.01807439894903274
S1C_W0.81_r02,0.81,original,-1.15,-1.1,46112,0.016752697172619048
S1C_W0.81_r02,0.81,original,-1.1,-1.0499999999999998,42981,0.015615190778459822
S1C_W0.81_r02,0.81,original,-1.0499999999999998,-1.0,40744,0.014802478608630952
S1C_W0.81_r02,0.81,original,-1.0,-0.95,37830,0.013743809291294642
S1C_W0.81_r02,0.81,original,-0.95,-0.8999999999999999,36075,0.013106209891183036
S1C_W0.81_r02,0.81,original,-0.8999999999999999,-0.8499999999999999,33659,0.012228466215587798
S1C_W0.81_r02,0.81,original,-0.8499999999999999,-0.7999999999999998,31751,0.011535281226748512
S1C_W0.81_r02,0.81,original,-0.7999999999999998,-0.75,30196,0.010970342726934524
S1C_W0.81_r02,0.81,original,-0.75,-0.7,28309,0.010284787132626488
S1C_W0.81_r02,0.81,original,-0.7,-0.6499999999999999,27059,0.00983065650576637
S1C_W0.81_r02,0.81,original,-0.6499999999999999,-0.5999999999999999,25701,0.009337288992745536
S1C_W0.81_r02,0.81,original,-0.5999999999999999,-0.5499999999999998,24058,0.008740379696800596
S1C_W0.81_r02,0.81,original,-0.5499999999999998,-0.5,22766,0.008270990280877976
S1C_W0.81_r02,0.81,original,-0.5,-0.44999999999999996,21332,0.007750011625744048
S1C_W0.81_r02,0.81,original,-0.44999999999999996,-0.3999999999999999,20357,0.007395789736793155
S1C_W0.81_r02,0.81,original,-0.3999999999999999,-0.34999999999999987,19448,0.007065545944940476
S1C_W0.81_r02,0.81,original,-0.34999999999999987,-0.2999999999999998,18470,0.006710234142485119
S1C_W0.81_r02,0.81,original,-0.2999999999999998,-0.25,17413,0.006326221284412202
S1C_W0.81_r02,0.81,original,-0.25,-0.19999999999999996,16399,0.005957830519903274
S1C_W0.81_r02,0.81,original,-0.19999999999999996,-0.1499999999999999,15783,0.005734034946986607
S1C_W0.81_r02,0.81,original,-0.1499999999999999,-0.09999999999999987,14821,0.00538453601655506
S1C_W0.81_r02,0.81,original,-0.09999999999999987,-0.04999999999999982,14119,0.005129496256510417
S1C_W0.81_r02,0.81,original,-0.04999999999999982,0.0,13345,0.004848298572358631
S1C_W0.81_r02,0.81,original,0.0,0.050000000000000266,12716,0.004619780040922619
S1C_W0.81_r02,0.81,original,0.050000000000000266,0.10000000000000009,11562,0.004200526646205357
S1C_W0.81_r02,0.81,original,0.10000000000000009,0.1499999999999999,10831,0.00393495105561756
S1C_W0.81_r02,0.81,original,0.1499999999999999,0.20000000000000018,10087,0.0036646525065104165
S1C_W0.81_r02,0.81,original,0.20000000000000018,0.25,9369,0.0034037998744419645
S1C_W0.81_r02,0.81,original,0.25,0.30000000000000027,9029,0.003280276343936012
S1C_W0.81_r02,0.81,original,0.30000000000000027,0.3500000000000001,8218,0.0029856363932291665
S1C_W0.81_r02,0.81,original,0.3500000000000001,0.40000000000000036,7825,0.002842857724144345
S1C_W0.81_r02,0.81,original,0.40000000000000036,0.4500000000000002,7170,0.002604893275669643
S1C_W0.81_r02,0.81,original,0.4500000000000002,0.5,6622,0.0024058024088541665
S1C_W0.81_r02,0.81,original,0.5,0.5500000000000003,6387,0.0023204258510044645
S1C_W0.81_r02,0.81,original,0.5500000000000003,0.6000000000000001,5916,0.0021493094308035715
S1C_W0.81_r02,0.81,original,0.6000000000000001,0.6500000000000004,5429,0.001972380138578869
S1C_W0.81_r02,0.81,original,0.6500000000000004,0.7000000000000002,5309,0.0019287835984002975
S1C_W0.81_r02,0.81,original,0.7000000000000002,0.75,4883,0.001774015880766369
S1C_W0.81_r02,0.81,original,0.75,0.8000000000000003,4593,0.0016686575753348215
S1C_W0.81_r02,0.81,original,0.8000000000000003,0.8500000000000001,4229,0.0015364147367931548
S1C_W0.81_r02,0.81,original,0.8500000000000001,0.9000000000000004,4047,0.0014702933175223215
S1C_W0.81_r02,0.81,original,0.9000000000000004,0.9500000000000002,3803,0.0013816470191592262
S1C_W0.81_r02,0.81,original,0.9500000000000002,1.0,3373,0.0012254260835193452
S1C_W0.81_r02,0.81,original,1.0,1.0500000000000003,3143,0.0011418660481770833
S1C_W0.81_r02,0.81,original,1.0500000000000003,1.1,2993,0.001087370372953869
S1C_W0.81_r02,0.81,original,1.1,1.1500000000000004,2852,0.0010361444382440475
S1C_W0.81_r02,0.81,original,1.1500000000000004,1.2000000000000002,2670,0.0009700230189732143
S1C_W0.81_r02,0.81,original,1.2000000000000002,1.25,2519,0.0009151640392485119
S1C_W0.81_r02,0.81,original,1.25,1.3000000000000003,2239,0.0008134387788318452
S1C_W0.81_r02,0.81,original,1.3000000000000003,1.35,2027,0.000736418224516369
S1C_W0.81_r02,0.81,original,1.35,1.4000000000000004,1838,0.000667753673735119
S1C_W0.81_r02,0.81,original,1.4000000000000004,1.4500000000000002,1709,0.0006208873930431548
S1C_W0.81_r02,0.81,original,1.4500000000000002,1.5,1603,0.0005823771158854166
S1C_W0.81_r02,0.81,original,1.5,1.5500000000000003,1416,0.0005144391741071429
S1C_W0.81_r02,0.81,original,1.5500000000000003,1.6,1261,0.0004581269763764881
S1C_W0.81_r02,0.81,original,1.6,1.6500000000000004,1243,0.0004515874953497024
S1C_W0.81_r02,0.81,original,1.6500000000000004,1.7000000000000002,1077,0.00039127894810267856
S1C_W0.81_r02,0.81,original,1.7000000000000002,1.75,986,0.0003582182384672619
S1C_W0.81_r02,0.81,original,1.75,1.8000000000000003,914,0.00033206031436011906
S1C_W0.81_r02,0.81,original,1.8000000000000003,1.85,851,0.00030917213076636906
S1C_W0.81_r02,0.81,original,1.85,1.9000000000000004,728,0.0002644856770833333
S1C_W0.81_r02,0.81,original,1.9000000000000004,1.9500000000000002,548,0.0001990908668154762
S1C_W0.81_r02,0.81,original,1.9500000000000002,2.0,325,0.00011807396298363095
S1C_W0.81_r02,0.81,rearranged,-2.0,-1.95,118317,0.04298509870256696
S1C_W0.81_r02,0.81,rearranged,-1.95,-1.9,197796,0.07186017717633929
S1C_W0.81_r02,0.81,rearranged,-1.9,-1.85,224648,0.08161562965029762
S1C_W0.81_r02,0.81,rearranged,-1.85,-1.8,220367,0.08006032307942708
S1C_W0.81_r02,0.81,rearranged,-1.8,-1.75,193504,0.07030087425595238
S1C_W0.81_r02,0.81,rearranged,-1.75,-1.7,160046,0.05814543224516369
S1C_W0.81_r02,0.81,rearranged,-1.7,-1.65,132735,0.04822322300502232
S1C_W0.81_r02,0.81,rearranged,-1.65,-1.6,112994,0.041051228841145836
S1C_W0.81_r02,0.81,rearranged,-1.6,-1.55,98883,0.03592463902064732
S1C_W0.81_r02,0.81,rearranged,-1.55,-1.5,87450,0.03177097865513393
S1C_W0.81_r02,0.81,rearranged,-1.5,-1.45,79436,0.028859456380208332
S1C_W0.81_r02,0.81,rearranged,-1.45,-1.4,71661,0.026034763881138394
S1C_W0.81_r02,0.81,rearranged,-1.4,-1.35,66316,0.024092901320684524
S1C_W0.81_r02,0.81,rearranged,-1.35,-1.2999999999999998,60332,0.02191888718377976
S1C_W0.81_r02,0.81,rearranged,-1.2999999999999998,-1.25,56511,0.02053070068359375
S1C_W0.81_r02,0.81,rearranged,-1.25,-1.2,52809,0.019185747419084822
S1C_W0.81_r02,0.81,rearranged,-1.2,-1.15,48819,0.017736162458147322
S1C_W0.81_r02,0.81,rearranged,-1.15,-1.1,45677,0.016594659714471726
S1C_W0.81_r02,0.81,rearranged,-1.1,-1.0499999999999998,42969,0.015610831124441964
S1C_W0.81_r02,0.81,rearranged,-1.0499999999999998,-1.0,39924,0.014504568917410714
S1C_W0.81_r02,0.81,rearranged,-1.0,-0.95,37768,0.01372128441220238
S1C_W0.81_r02,0.81,rearranged,-0.95,-0.8999999999999999,35708,0.012972877139136904
S1C_W0.81_r02,0.81,rearranged,-0.8999999999999999,-0.8499999999999999,33412,0.012138730003720238
S1C_W0.81_r02,0.81,rearranged,-0.8499999999999999,-0.7999999999999998,31425,0.011416843959263392
S1C_W0.81_r02,0.81,rearranged,-0.7999999999999998,-0.75,29924,0.010871523902529762
S1C_W0.81_r02,0.81,rearranged,-0.75,-0.7,28148,0.010226295107886904
S1C_W0.81_r02,0.81,rearranged,-0.7,-0.6499999999999999,26700,0.009700230189732142
S1C_W0.81_r02,0.81,rearranged,-0.6499999999999999,-0.5999999999999999,25217,0.009161449614025298
S1C_W0.81_r02,0.81,rearranged,-0.5999999999999999,-0.5499999999999998,24009,0.008722577776227678
S1C_W0.81_r02,0.81,rearranged,-0.5499999999999998,-0.5,22713,0.008251735142299108
S1C_W0.81_r02,0.81,rearranged,-0.5,-0.44999999999999996,21328,0.007748558407738095
S1C_W0.81_r02,0.81,rearranged,-0.44999999999999996,-0.3999999999999999,20395,0.007409595307849702
S1C_W0.81_r02,0.81,rearranged,-0.3999999999999999,-0.34999999999999987,19217,0.006981622605096726
S1C_W0.81_r02,0.81,rearranged,-0.34999999999999987,-0.2999999999999998,18212,0.00661650158110119
S1C_W0.81_r02,0.81,rearranged,-0.2999999999999998,-0.25,17041,0.006191072009858631
S1C_W0.81_r02,0.81,rearranged,-0.25,-0.19999999999999996,16730,0.006078084309895833
S1C_W0.81_r02,0.81,rearranged,-0.19999999999999996,-0.1499999999999999,15571,0.005657014392671131
S1C_W0.81_r02,0.81,rearranged,-0.1499999999999999,-0.09999999999999987,14876,0.005404517764136905
S1C_W0.81_r02,0.81,rearranged,-0.09999999999999987,-0.04999999999999982,13979,0.005078633626302083
S1C_W0.81_r02,0.81,rearranged,-0.04999999999999982,0.0,13472,0.004894438244047619
S1C_W0.81_r02,0.81,rearranged,0.0,0.050000000000000266,12773,0.00464048839750744
S1C_W0.81_r02,0.81,rearranged,0.050000000000000266,0.10000000000000009,11935,0.004336039225260417
S1C_W0.81_r02,0.81,rearranged,0.10000000000000009,0.1499999999999999,10848,0.003941127232142857
S1C_W0.81_r02,0.81,rearranged,0.1499999999999999,0.20000000000000018,10312,0.003746396019345238
S1C_W0.81_r02,0.81,rearranged,0.20000000000000018,0.25,9588,0.003483363560267857
S1C_W0.81_r02,0.81,rearranged,0.25,0.30000000000000027,8881,0.003226507277715774
S1C_W0.81_r02,0.81,rearranged,0.30000000000000027,0.3500000000000001,8452,0.003070649646577381
S1C_W0.81_r02,0.81,rearranged,0.3500000000000001,0.40000000000000036,7939,0.002884274437313988
S1C_W0.81_r02,0.81,rearranged,0.40000000000000036,0.4500000000000002,7201,0.002616155715215774
S1C_W0.81_r02,0.81,rearranged,0.4500000000000002,0.5,6992,0.002540225074404762
S1C_W0.81_r02,0.81,rearranged,0.5,0.5500000000000003,6424,0.002333868117559524
S1C_W0.81_r02,0.81,rearranged,0.5500000000000003,0.6000000000000001,6093,0.0022136143275669645
S1C_W0.81_r02,0.81,rearranged,0.6000000000000001,0.6500000000000004,5711,0.002074832007998512
S1C_W0.81_r02,0.81,rearranged,0.6500000000000004,0.7000000000000002,5302,0.001926240466889881
S1C_W0.81_r02,0.81,rearranged,0.7000000000000002,0.75,4970,0.0018056233723958333
S1C_W0.81_r02,0.81,rearranged,0.75,0.8000000000000003,4590,0.0016675676618303572
S1C_W0.81_r02,0.81,rearranged,0.8000000000000003,0.8500000000000001,4176,0.0015171595982142857
S1C_W0.81_r02,0.81,rearranged,0.8500000000000001,0.9000000000000004,3876,0.0014081682477678572
S1C_W0.81_r02,0.81,rearranged,0.9000000000000004,0.9500000000000002,3764,0.0013674781436011905
S1C_W0.81_r02,0.81,rearranged,0.9500000000000002,1.0,3426,0.0012446812220982143
S1C_W0.81_r02,0.81,rearranged,1.0,1.0500000000000003,3304,0.0012003580729166667
S1C_W0.81_r02,0.81,rearranged,1.0500000000000003,1.1,2965,0.0010771978469122025
S1C_W0.81_r02,0.81,rearranged,1.1,1.1500000000000004,2801,0.0010176159086681548
S1C_W0.81_r02,0.81,rearranged,1.1500000000000004,1.2000000000000002,2584,0.0009387788318452381
S1C_W0.81_r02,0.81,rearranged,1.2000000000000002,1.25,2367,0.0008599417550223214
S1C_W0.81_r02,0.81,rearranged,1.25,1.3000000000000003,2198,0.0007985432942708334
S1C_W0.81_r02,0.81,rearranged,1.3000000000000003,1.35,2015,0.0007320585704985119
S1C_W0.81_r02,0.81,rearranged,1.35,1.4000000000000004,1792,0.0006510416666666666
S1C_W0.81_r02,0.81,rearranged,1.4000000000000004,1.4500000000000002,1647,0.0005983625139508929
S1C_W0.81_r02,0.81,rearranged,1.4500000000000002,1.5,1588,0.0005769275483630952
S1C_W0.81_r02,0.81,rearranged,1.5,1.5500000000000003,1465,0.0005322410946800595
S1C_W0.81_r02,0.81,rearranged,1.5500000000000003,1.6,1267,0.0004603068033854167
S1C_W0.81_r02,0.81,rearranged,1.6,1.6500000000000004,1091,0.0003963652111235119
S1C_W0.81_r02,0.81,rearranged,1.6500000000000004,1.7000000000000002,1056,0.00038364955357142856
S1C_W0.81_r02,0.81,rearranged,1.7000000000000002,1.75,960,0.00034877232142857144
S1C_W0.81_r02,0.81,rearranged,1.75,1.8000000000000003,842,0.0003059023902529762
S1C_W0.81_r02,0.81,rearranged,1.8000000000000003,1.85,734,0.0002666655040922619
S1C_W0.81_r02,0.81,rearranged,1.85,1.9000000000000004,724,0.00026303245907738094
S1C_W0.81_r02,0.81,rearranged,1.9000000000000004,1.9500000000000002,540,0.00019618443080357144
S1C_W0.81_r02,0.81,rearranged,1.9500000000000002,2.0,280,0.00010172526041666667
S1C_W0.81_r03,0.81,original,-2.0,-1.95,117294,0.042613438197544644
S1C_W0.81_r03,0.81,original,-1.95,-1.9,196292,0.07131376720610119
S1C_W0.81_r03,0.81,original,-1.9,-1.85,223689,0.08126722063337054
S1C_W0.81_r03,0.81,original,-1.85,-1.8,219404,0.07971046084449404
S1C_W0.81_r03,0.81,original,-1.8,-1.75,192928,0.07009161086309523
S1C_W0.81_r03,0.81,original,-1.75,-1.7,159802,0.058056785946800596
S1C_W0.81_r03,0.81,original,-1.7,-1.65,132135,0.04800524030412946
S1C_W0.81_r03,0.81,original,-1.65,-1.6,113168,0.04111444382440476
S1C_W0.81_r03,0.81,original,-1.6,-1.55,99075,0.03599439348493304
S1C_W0.81_r03,0.81,original,-1.55,-1.5,88243,0.03205907912481399
S1C_W0.81_r03,0.81,original,-1.5,-1.45,80449,0.029227483840215774
S1C_W0.81_r03,0.81,original,-1.45,-1.4,72590,0.026372273763020832
S1C_W0.81_r03,0.81,original,-1.4,-1.35,66378,0.024115426199776784
S1C_W0.81_r03,0.81,original,-1.35,-1.2999999999999998,61416,0.022312709263392856
S1C_W0.81_r03,0.81,original,-1.2999999999999998,-1.25,56953,0.02069128127325149
S1C_W0.81_r03,0.81,original,-1.25,-1.2,52370,0.019026256742931548
S1C_W0.81_r03,0.81,original,-1.2,-1.15,49262,0.017897106352306548
S1C_W0.81_r03,0.81,original,-1.15,-1.1,46380,0.016850062779017856
S1C_W0.81_r03,0.81,original,-1.1,-1.0499999999999998,43302,0.0157318115234375
S1C_W0.81_r03,0.81,original,-1.0499999999999998,-1.0,40401,0.014677865164620536
S1C_W0.81_r03,0.81,original,-1.0,-0.95,38378,0.01394290015811012
S1C_W0.81_r03,0.81,original,-0.95,-0.8999999999999999,35597,0.012932550339471726
S1C_W0.81_r03,0.81,original,-0.8999999999999999,-0.8499999999999999,33467,0.012158711751302084
S1C_W0.81_r03,0.81,original,-0.8499999999999999,-0.7999999999999998,31784,0.01154727027529762
S1C_W0.81_r03,0.81,original,-0.7999999999999998,-0.75,29729,0.010800679524739584
S1C_W0.81_r03,0.81,original,-0.75,-0.7,28144,0.010224841889880952
S1C_W0.81_r03,0.81,original,-0.7,-0.6499999999999999,26925,0.009781973702566964
S1C_W0.81_r03,0.81,original,-0.6499999999999999,-0.5999999999999999,25294,0.00918942406063988
S1C_W0.81_r03,0.81,original,-0.5999999999999999,-0.5499999999999998,23943,0.008698599679129464
S1C_W0.81_r03,0.81,original,-0.5499999999999998,-0.5,22626,0.008220127650669642
S1C_W0.81_r03,0.81,original,-0.5,-0.44999999999999996,21598,0.00784665062313988
S1C_W0.81_r03,0.81,original,-0.44999999999999996,-0.3999999999999999,20162,0.007324945359002976
S1C_W0.81_r03,0.81,original,-0.3999999999999999,-0.34999999999999987,19183,0.006969270252046131
S1C_W0.81_r03,0.81,original,-0.34999999999999987,-0.2999999999999998,18152,0.006594703311011905
S1C_W0.81_r03,0.81,original,-0.2999999999999998,-0.25,17564,0.006381080264136905
S1C_W0.81_r03,0.81,original,-0.25,-0.19999999999999996,16434,0.005970546177455357
S1C_W0.81_r03,0.81,original,-0.19999999999999996,-0.1499999999999999,15502,0.005631946382068452
S1C_W0.81_r03,0.81,original,-0.1499999999999999,-0.09999999999999987,14544,0.005283900669642857
S1C_W0.81_r03,0.81,original,-0.09999999999999987,-0.04999999999999982,13996,0.005084809802827381
S1C_W0.81_r03,0.81,original,-0.04999999999999982,0.0,13359,0.004853384835379464
S1C_W0.81_r03,0.81,original,0.0,0.050000000000000266,12672,0.004603794642857143
S1C_W0.81_r03,0.81,original,0.050000000000000266,0.10000000000000009,11656,0.004234677269345238
S1C_W0.81_r03,0.81,original,0.10000000000000009,0.1499999999999999,10939,0.003974187941778274
S1C_W0.81_r03,0.81,original,0.1499999999999999,0.20000000000000018,10305,0.0037438528878348215
S1C_W0.81_r03,0.81,original,0.20000000000000018,0.25,9729,0.0035345894949776785
S1C_W0.81_r03,0.81,original,0.25,0.30000000000000027,9039,0.003283909388950893
S1C_W0.81_r03,0.81,original,0.30000000000000027,0.3500000000000001,8345,0.003031776064918155
S1C_W0.81_r03,0.81,original,0.3500000000000001,0.40000000000000036,7682,0.0027909051804315475
S1C_W0.81_r03,0.81,original,0.40000000000000036,0.4500000000000002,7306,0.002654302687872024
S1C_W0.81_r03,0.81,original,0.4500000000000002,0.5,6721,0.002441769554501488
S1C_W0.81_r03,0.81,original,0.5,0.5500000000000003,6479,0.002353849865141369
S1C_W0.81_r03,0.81,original,0.5500000000000003,0.6000000000000001,5865,0.0021307809012276785
S1C_W0.81_r03,0.81,original,0.6000000000000001,0.6500000000000004,5555,0.002018156505766369
S1C_W0.81_r03,0.81,original,0.6500000000000004,0.7000000000000002,5207,0.001891726539248512
S1C_W0.81_r03,0.81,original,0.7000000000000002,0.75,4852,0.001762753441220238
S1C_W0.81_r03,0.81,original,0.75,0.8000000000000003,4486,0.0016297839936755952
S1C_W0.81_r03,0.81,original,0.8000000000000003,0.8500000000000001,4281,0.0015553065708705357
S1C_W0.81_r03,0.81,original,0.8500000000000001,0.9000000000000004,4062,0.0014757428850446428
S1C_W0.81_r03,0.81,original,0.9000000000000004,0.9500000000000002,3756,0.0013645717075892857
S1C_W0.81_r03,0.81,original,0.9500000000000002,1.0,3416,0.0012410481770833333
S1C_W0.81_r03,0.81,original,1.0,1.0500000000000003,3125,0.0011353265671502975
S1C_W0.81_r03,0.81,original,1.0500000000000003,1.1,2990,0.0010862804594494048
S1C_W0.81_r03,0.81,original,1.1,1.1500000000000004,2804,0.001018705822172619
S1C_W0.81_r03,0.81,original,1.1500000000000004,1.2000000000000002,2622,0.0009525844029017857
S1C_W0.81_r03,0.81,original,1.2000000000000002,1.25,2357,0.0008563087100074405
S1C_W0.81_r03,0.81,original,1.25,1.3000000000000003,2195,0.000797453380766369
S1C_W0.81_r03,0.81,original,1.3000000000000003,1.35,1968,0.0007149832589285714
S1C_W0.81_r03,0.81,original,1.35,1.4000000000000004,1862,0.0006764729817708334
S1C_W0.81_r03,0.81,original,1.4000000000000004,1.4500000000000002,1722,0.0006256103515625
S1C_W0.81_r03,0.81,original,1.4500000000000002,1.5,1473,0.0005351475306919643
S1C_W0.81_r03,0.81,original,1.5,1.5500000000000003,1425,0.0005177089146205357
S1C_W0.81_r03,0.81,original,1.5500000000000003,1.6,1280,0.0004650297619047619
S1C_W0.81_r03,0.81,original,1.6,1.6500000000000004,1158,0.0004207066127232143
S1C_W0.81_r03,0.81,original,1.6500000000000004,1.7000000000000002,1041,0.00037819998604910713
S1C_W0.81_r03,0.81,original,1.7000000000000002,1.75,951,0.00034550258091517856
S1C_W0.81_r03,0.81,original,1.75,1.8000000000000003,911,0.00033097040085565475
S1C_W0.81_r03,0.81,original,1.8000000000000003,1.85,805,0.0002924601236979167
S1C_W0.81_r03,0.81,original,1.85,1.9000000000000004,697,0.0002532232375372024
S1C_W0.81_r03,0.81,original,1.9000000000000004,1.9500000000000002,566,0.0002056303478422619
S1C_W0.81_r03,0.81,original,1.9500000000000002,2.0,295,0.0001071748279389881
S1C_W0.81_r03,0.81,rearranged,-2.0,-1.95,117155,0.0425629388718378
S1C_W0.81_r03,0.81,rearranged,-1.95,-1.9,196524,0.07139805385044642
S1C_W0.81_r03,0.81,rearranged,-1.9,-1.85,223603,0.08123597644624256
S1C_W0.81_r03,0.81,rearranged,-1.85,-1.8,218767,0.07947903587704613
S1C_W0.81_r03,0.81,rearranged,-1.8,-1.75,193499,0.07029905773344494
S1C_W0.81_r03,0.81,rearranged,-1.75,-1.7,159771,0.05804552350725446
S1C_W0.81_r03,0.81,rearranged,-1.7,-1.65,132760,0.04823230561755952
S1C_W0.81_r03,0.81,rearranged,-1.65,-1.6,112904,0.041018531436011904
S1C_W0.81_r03,0.81,rearranged,-1.6,-1.55,98773,0.035884675525483634
S1C_W0.81_r03,0.81,rearranged,-1.55,-1.5,88198,0.03204273042224702
S1C_W0.81_r03,0.81,rearranged,-1.5,-1.45,79853,0.02901095435732887
S1C_W0.81_r03,0.81,rearranged,-1.45,-1.4,72488,0.026335216703869048
S1C_W0.81_r03,0.81,rearranged,-1.4,-1.35,66762,0.024254935128348216
S1C_W0.81_r03,0.81,rearranged,-1.35,-1.2999999999999998,61252,0.022253127325148808
S1C_W0.81_r03,0.81,rearranged,-1.2999999999999998,-1.25,56933,0.020684015183221726
S1C_W0.81_r03,0.81,rearranged,-1.25,-1.2,52246,0.018981206984747024
S1C_W0.81_r03,0.81,rearranged,-1.2,-1.15,49117,0.017844427199590774
S1C_W0.81_r03,0.81,rearranged,-1.15,-1.1,46463,0.01688021705264137
S1C_W0.81_r03,0.81,rearranged,-1.1,-1.0499999999999998,43025,0.015631176176525298
S1C_W0.81_r03,0.81,rearranged,-1.0499999999999998,-1.0,40224,0.014613560267857142
S1C_W0.81_r03,0.81,rearranged,-1.0,-0.95,38116,0.013847714378720238
S1C_W0.81_r03,0.81,rearranged,-0.95,-0.8999999999999999,35511,0.01290130615234375
S1C_W0.81_r03,0.81,rearranged,-0.8999999999999999,-0.8499999999999999,33930,0.012326921735491072
S1C_W0.81_r03,0.81,rearranged,-0.8499999999999999,-0.7999999999999998,31627,0.011490231468563988
S1C_W0.81_r03,0.81,rearranged,-0.7999999999999998,-0.75,29921,0.010870433989025298
S1C_W0.81_r03,0.81,rearranged,-0.75,-0.7,28137,0.010222298758370536
S1C_W0.81_r03,0.81,rearranged,-0.7,-0.6499999999999999,26878,0.009764898390997024
S1C_W0.81_r03,0.81,rearranged,-0.6499999999999999,-0.5999999999999999,24950,0.009064447312127976
S1C_W0.81_r03,0.81,rearranged,-0.5999999999999999,-0.5499999999999998,24010,0.008722941080729166
S1C_W0.81_r03,0.81,rearranged,-0.5499999999999998,-0.5,22669,0.00823574974423363
S1C_W0.81_r03,0.81,rearranged,-0.5,-0.44999999999999996,21397,0.007773626418340774
S1C_W0.81_r03,0.81,rearranged,-0.44999999999999996,-0.3999999999999999,20458,0.007432483491443452
S1C_W0.81_r03,0.81,rearranged,-0.3999999999999999,-0.34999999999999987,19183,0.006969270252046131
S1C_W0.81_r03,0.81,rearranged,-0.34999999999999987,-0.2999999999999998,18454,0.00670442127046131
S1C_W0.81_r03,0.81,rearranged,-0.2999999999999998,-0.25,17353,0.006304423014322917
S1C_W0.81_r03,0.81,rearranged,-0.25,-0.19999999999999996,16476,0.005985804966517857
S1C_W0.81_r03,0.81,rearranged,-0.19999999999999996,-0.1499999999999999,15724,0.00571259998139881
S1C_W0.81_r03,0.81,rearranged,-0.1499999999999999,-0.09999999999999987,14749,0.005358378092447917
S1C_W0.81_r03,0.81,rearranged,-0.09999999999999987,-0.04999999999999982,14101,0.005122956775483631
S1C_W0.81_r03,0.81,rearranged,-0.04999999999999982,0.0,13533,0.004916599818638393
S1C_W0.81_r03,0.81,rearranged,0.0,0.050000000000000266,12450,0.004523141043526786
S1C_W0.81_r03,0.81,rearranged,0.050000000000000266,0.10000000000000009,11840,0.004301525297619048
S1C_W0.81_r03,0.81,rearranged,0.10000000000000009,0.1499999999999999,10716,0.0038931710379464285
S1C_W0.81_r03,0.81,rearranged,0.1499999999999999,0.20000000000000018,10124,0.003678094773065476
S1C_W0.81_r03,0.81,rearranged,0.20000000000000018,0.25,9423,0.0034234183175223215
S1C_W0.81_r03,0.81,rearranged,0.25,0.30000000000000027,8875,0.003224327450706845
S1C_W0.81_r03,0.81,rearranged,0.30000000000000027,0.3500000000000001,8266,0.003003075009300595
S1C_W0.81_r03,0.81,rearranged,0.3500000000000001,0.40000000000000036,7800,0.002833775111607143
S1C_W0.81_r03,0.81,rearranged,0.40000000000000036,0.4500000000000002,7036,0.002556210472470238
S1C_W0.81_r03,0.81,rearranged,0.4500000000000002,0.5,6881,0.0024998982747395835
S1C_W0.81_r03,0.81,rearranged,0.5,0.5500000000000003,6257,0.002273196265811012
S1C_W0.81_r03,0.81,rearranged,0.5500000000000003,0.6000000000000001,5971,0.0021692911783854165
S1C_W0.81_r03,0.81,rearranged,0.6000000000000001,0.6500000000000004,5590,0.0020308721633184525
S1C_W0.81_r03,0.81,rearranged,0.6500000000000004,0.7000000000000002,5094,0.0018506731305803572
S1C_W0.81_r03,0.81,rearranged,0.7000000000000002,0.75,4722,0.0017155238560267857
S1C_W0.81_r03,0.81,rearranged,0.75,0.8000000000000003,4600,0.001671200706845238
S1C_W0.81_r03,0.81,rearranged,0.8000000000000003,0.8500000000000001,4278,0.0015542166573660715
S1C_W0.81_r03,0.81,rearranged,0.8500000000000001,0.9000000000000004,4022,0.001461210704985119
S1C_W0.81_r03,0.81,rearranged,0.9000000000000004,0.9500000000000002,3604,0.0013093494233630952
S1C_W0.81_r03,0.81,rearranged,0.9500000000000002,1.0,3461,0.0012573968796502975
S1C_W0.81_r03,0.81,rearranged,1.0,1.0500000000000003,3369,0.0012239728655133928
S1C_W0.81_r03,0.81,rearranged,1.0500000000000003,1.1,3014,0.001094999767485119
S1C_W0.81_r03,0.81,rearranged,1.1,1.1500000000000004,2739,0.0009950910295758928
S1C_W0.81_r03,0.81,rearranged,1.1500000000000004,1.2000000000000002,2566,0.0009322393508184524
S1C_W0.81_r03,0.81,rearranged,1.2000000000000002,1.25,2454,0.0008915492466517857
S1C_W0.81_r03,0.81,rearranged,1.25,1.3000000000000003,2258,0.000820341564360119
S1C_W0.81_r03,0.81,rearranged,1.3000000000000003,1.35,2097,0.0007618495396205357
S1C_W0.81_r03,0.81,rearranged,1.35,1.4000000000000004,1984,0.000720796130952381
S1C_W0.81_r03,0.81,rearranged,1.4000000000000004,1.4500000000000002,1818,0.0006604875837053571
S1C_W0.81_r03,0.81,rearranged,1.4500000000000002,1.5,1695,0.0006158011300223214
S1C_W0.81_r03,0.81,rearranged,1.5,1.5500000000000003,1586,0.000576200939360119
S1C_W0.81_r03,0.81,rearranged,1.5500000000000003,1.6,1475,0.0005358741396949405
S1C_W0.81_r03,0.81,rearranged,1.6,1.6500000000000004,1232,0.0004475911458333333
S1C_W0.81_r03,0.81,rearranged,1.6500000000000004,1.7000000000000002,1100,0.00039963495163690475
S1C_W0.81_r03,0.81,rearranged,1.7000000000000002,1.75,1086,0.00039454868861607144
S1C_W0.81_r03,0.81,rearranged,1.75,1.8000000000000003,958,0.00034804571242559525
S1C_W0.81_r03,0.81,rearranged,1.8000000000000003,1.85,860,0.0003124418712797619
S1C_W0.81_r03,0.81,rearranged,1.85,1.9000000000000004,791,0.0002873738606770833
S1C_W0.81_r03,0.81,rearranged,1.9000000000000004,1.9500000000000002,599,0.00021761939639136906
S1C_W0.81_r03,0.81,rearranged,1.9500000000000002,2.0,327,0.00011880057198660714
S1C_W0.81_r04,0.81,original,-2.0,-1.95,117041,0.042521522158668154
S1C_W0.81_r04,0.81,original,-1.95,-1.9,195776,0.07112630208333333
S1C_W0.81_r04,0.81,original,-1.9,-1.85,222105,0.08069174630301339
S1C_W0.81_r04,0.81,original,-1.85,-1.8,219136,0.07961309523809523
S1C_W0.81_r04,0.81,original,-1.8,-1.75,192148,0.06980823335193452
S1C_W0.81_r04,0.81,original,-1.75,-1.7,159382,0.057904198056175596
S1C_W0.81_r04,0.81,original,-1.7,-1.65,131278,0.047693888346354164
S1C_W0.81_r04,0.81,original,-1.65,-1.6,112552,0.040890648251488096
S1C_W0.81_r04,0.81,original,-1.6,-1.55,98967,0.03595515659877232
S1C_W0.81_r04,0.81,original,-1.55,-1.5,88341,0.03209468296595982
S1C_W0.81_r04,0.81,original,-1.5,-1.45,79244,0.02878970191592262
S1C_W0.81_r04,0.81,original,-1.45,-1.4,73125,0.026566641671316966
S1C_W0.81_r04,0.81,original,-1.4,-1.35,66775,0.024259658086867558
S1C_W0.81_r04,0.81,original,-1.35,-1.2999999999999998,61745,0.022432236444382442
S1C_W0.81_r04,0.81,original,-1.2999999999999998,-1.25,57380,0.020846412295386904
S1C_W0.81_r04,0.81,original,-1.25,-1.2,52717,0.019152323404947918
S1C_W0.81_r04,0.81,original,-1.2,-1.15,49423,0.01795559837704613
S1C_W0.81_r04,0.81,original,-1.15,-1.1,45892,0.016672770182291668
S1C_W0.81_r04,0.81,original,-1.1,-1.0499999999999998,43071,0.01564788818359375
S1C_W0.81_r04,0.81,original,-1.0499999999999998,-1.0,40706,0.014788673037574404
S1C_W0.81_r04,0.81,original,-1.0,-0.95,38259,0.013899666922433036
S1C_W0.81_r04,0.81,original,-0.95,-0.8999999999999999,35966,0.013066609700520834
S1C_W0.81_r04,0.81,original,-0.8999999999999999,-0.8499999999999999,34113,0.012393406459263392
S1C_W0.81_r04,0.81,original,-0.8499999999999999,-0.7999999999999998,32060,0.011647542317708334
S1C_W0.81_r04,0.81,original,-0.7999999999999998,-0.75,30091,0.010932195754278274
S1C_W0.81_r04,0.81,original,-0.75,-0.7,28599,0.010390145438058036
S1C_W0.81_r04,0.81,original,-0.7,-0.6499999999999999,26890,0.00976925804501488
S1C_W0.81_r04,0.81,original,-0.6499999999999999,-0.5999999999999999,25238,0.009169079008556548
S1C_W0.81_r04,0.81,original,-0.5999999999999999,-0.5499999999999998,24023,0.008727664039248512
S1C_W0.81_r04,0.81,original,-0.5499999999999998,-0.5,22841,0.008298238118489584
S1C_W0.81_r04,0.81,original,-0.5,-0.44999999999999996,21756,0.007904052734375
S1C_W0.81_r04,0.81,original,-0.44999999999999996,-0.3999999999999999,20709,0.007523672921316964
S1C_W0.81_r04,0.81,original,-0.3999999999999999,-0.34999999999999987,19316,0.007017589750744048
S1C_W0.81_r04,0.81,original,-0.34999999999999987,-0.2999999999999998,18300,0.006648472377232143
S1C_W0.81_r04,0.81,original,-0.2999999999999998,-0.25,17371,0.006310962495349702
S1C_W0.81_r04,0.81,original,-0.25,-0.19999999999999996,16543,0.00601014636811756
S1C_W0.81_r04,0.81,original,-0.19999999999999996,-0.1499999999999999,15727,0.005713689894903274
S1C_W0.81_r04,0.81,original,-0.1499999999999999,-0.09999999999999987,14942,0.005428495861235119
S1C_W0.81_r04,0.81,original,-0.09999999999999987,-0.04999999999999982,13930,0.005060831705729167
S1C_W0.81_r04,0.81,original,-0.04999999999999982,0.0,13238,0.004809424990699405
S1C_W0.81_r04,0.81,original,0.0,0.050000000000000266,12485,0.004535856701078869
S1C_W0.81_r04,0.81,original,0.050000000000000266,0.10000000000000009,11773,0.004277183896019345
S1C_W0.81_r04,0.81,original,0.10000000000000009,0.1499999999999999,11094,0.004030500139508929
S1C_W0.81_r04,0.81,original,0.1499999999999999,0.20000000000000018,10278,0.003734043666294643
S1C_W0.81_r04,0.81,original,0.20000000000000018,0.25,9511,0.003455389113653274
S1C_W0.81_r04,0.81,original,0.25,0.30000000000000027,8877,0.0032250540597098215
S1C_W0.81_r04,0.81,original,0.30000000000000027,0.3500000000000001,8319,0.0030223301478794645
S1C_W0.81_r04,0.81,original,0.3500000000000001,0.40000000000000036,7857,0.0028544834681919645
S1C_W0.81_r04,0.81,original,0.40000000000000036,0.4500000000000002,7366,0.0026761009579613095
S1C_W0.81_r04,0.81,original,0.4500000000000002,0.5,7016,0.002548944382440476
S1C_W0.81_r04,0.81,original,0.5,0.5500000000000003,6319,0.002295721144903274
S1C_W0.81_r04,0.81,original,0.5500000000000003,0.6000000000000001,6086,0.0022110711960565475
S1C_W0.81_r04,0.81,original,0.6000000000000001,0.6500000000000004,5624,0.0020432245163690475
S1C_W0.81_r04,0.81,original,0.6500000000000004,0.7000000000000002,5153,0.0018721080961681548
S1C_W0.81_r04,0.81,original,0.7000000000000002,0.75,4986,0.0018114362444196428
S1C_W0.81_r04,0.81,original,0.75,0.8000000000000003,4578,0.0016632080078125
S1C_W0.81_r04,0.81,original,0.8000000000000003,0.8500000000000001,4241,0.001540774390811012
S1C_W0.81_r04,0.81,original,0.8500000000000001,0.9000000000000004,4001,0.001453581310453869
S1C_W0.81_r04,0.81,original,0.9000000000000004,0.9500000000000002,3733,0.0013562157040550595
S1C_W0.81_r04,0.81,original,0.9500000000000002,1.0,3468,0.0012599400111607143
S1C_W0.81_r04,0.81,original,1.0,1.0500000000000003,3207,0.0011651175362723215
S1C_W0.81_r04,0.81,original,1.0500000000000003,1.1,2976,0.0010811941964285715
S1C_W0.81_r04,0.81,original,1.1,1.1500000000000004,2784,0.0010114397321428572
S1C_W0.81_r04,0.81,original,1.1500000000000004,1.2000000000000002,2530,0.000919160388764881
S1C_W0.81_r04,0.81,original,1.2000000000000002,1.25,2399,0.0008715674990699405
S1C_W0.81_r04,0.81,original,1.25,1.3000000000000003,2229,0.0008098057338169643
S1C_W0.81_r04,0.81,original,1.3000000000000003,1.35,2053,0.0007458641415550595
S1C_W0.81_r04,0.81,original,1.35,1.4000000000000004,1886,0.0006851922898065476
S1C_W0.81_r04,0.81,original,1.4000000000000004,1.4500000000000002,1694,0.0006154378255208334
S1C_W0.81_r04,0.81,original,1.4500000000000002,1.5,1633,0.0005932762509300595
S1C_W0.81_r04,0.81,original,1.5,1.5500000000000003,1465,0.0005322410946800595
S1C_W0.81_r04,0.81,original,1.5500000000000003,1.6,1367,0.0004966372535342262
S1C_W0.81_r04,0.81,original,1.6,1.6500000000000004,1252,0.00045485723586309525
S1C_W0.81_r04,0.81,original,1.6500000000000004,1.7000000000000002,1102,0.00040036156063988094
S1C_W0.81_r04,0.81,original,1.7000000000000002,1.75,1075,0.0003905523390997024
S1C_W0.81_r04,0.81,original,1.75,1.8000000000000003,897,0.00032588413783482144
S1C_W0.81_r04,0.81,original,1.8000000000000003,1.85,820,0.0002979096912202381
S1C_W0.81_r04,0.81,original,1.85,1.9000000000000004,739,0.0002684820265997024
S1C_W0.81_r04,0.81,original,1.9000000000000004,1.9500000000000002,583,0.00021180652436755953
S1C_W0.81_r04,0.81,original,1.9500000000000002,2.0,340,0.00012352353050595238
S1C_W0.81_r04,0.81,rearranged,-2.0,-1.95,116881,0.04246339343843006
S1C_W0.81_r04,0.81,rearranged,-1.95,-1.9,194822,0.07077970958891369
S1C_W0.81_r04,0.81,rearranged,-1.9,-1.85,221749,0.08056240990048363
S1C_W0.81_r04,0.81,rearranged,-1.85,-1.8,217546,0.07903544108072917
S1C_W0.81_r04,0.81,rearranged,-1.8,-1.75,191770,0.06967090425037202
S1C_W0.81_r04,0.81,rearranged,-1.75,-1.7,159719,0.058026631673177086
S1C_W0.81_r04,0.81,rearranged,-1.7,-1.65,132455,0.048121497744605654
S1C_W0.81_r04,0.81,rearranged,-1.65,-1.6,112617,0.04091426304408482
S1C_W0.81_r04,0.81,rearranged,-1.6,-1.55,98636,0.03583490280877976
S1C_W0.81_r04,0.81,rearranged,-1.55,-1.5,88754,0.032244727725074404
S1C_W0.81_r04,0.81,rearranged,-1.5,-1.45,79764,0.028978620256696428
S1C_W0.81_r04,0.81,rearranged,-1.45,-1.4,73421,0.026674179803757442
S1C_W0.81_r04,0.81,rearranged,-1.4,-1.35,67327,0.02446020217168899
S1C_W0.81_r04,0.81,rearranged,-1.35,-1.2999999999999998,62006,0.022527058919270832
S1C_W0.81_r04,0.81,rearranged,-1.2999999999999998,-1.25,57590,0.020922706240699404
S1C_W0.81_r04,0.81,rearranged,-1.25,-1.2,53606,0.019475301106770832
S1C_W0.81_r04,0.81,rearranged,-1.2,-1.15,50049,0.018183026994977678
S1C_W0.81_r04,0.81,rearranged,-1.15,-1.1,46080,0.016741071428571428
S1C_W0.81_r04,0.81,rearranged,-1.1,-1.0499999999999998,43495,0.015801929292224702
S1C_W0.81_r04,0.81,rearranged,-1.0499999999999998,-1.0,40762,0.014809018089657738
S1C_W0.81_r04,0.81,rearranged,-1.0,-0.95,38407,0.013953435988653274
S1C_W0.81_r04,0.81,rearranged,-0.95,-0.8999999999999999,35804,0.013007754371279762
S1C_W0.81_r04,0.81,rearranged,-0.8999999999999999,-0.8499999999999999,34098,0.012387956891741072
S1C_W0.81_r04,0.81,rearranged,-0.8499999999999999,-0.7999999999999998,31842,0.011568341936383928
S1C_W0.81_r04,0.81,rearranged,-0.7999999999999998,-0.75,29984,0.010893322172619048
S1C_W0.81_r04,0.81,rearranged,-0.75,-0.7,28283,0.010275341215587798
S1C_W0.81_r04,0.81,rearranged,-0.7,-0.6499999999999999,26918,0.009779430571056548
S1C_W0.81_r04,0.81,rearranged,-0.6499999999999999,-0.5999999999999999,25278,0.009183611188616072
S1C_W0.81_r04,0.81,rearranged,-0.5999999999999999,-0.5499999999999998,24204,0.008793422154017858
S1C_W0.81_r04,0.81,rearranged,-0.5499999999999998,-0.5,22537,0.008187793550037202
S1C_W0.81_r04,0.81,rearranged,-0.5,-0.44999999999999996,21467,0.00779905773344494
S1C_W0.81_r04,0.81,rearranged,-0.44999999999999996,-0.3999999999999999,20383,0.007405235653831845
S1C_W0.81_r04,0.81,rearranged,-0.3999999999999999,-0.34999999999999987,19189,0.00697145007905506
S1C_W0.81_r04,0.81,rearranged,-0.34999999999999987,-0.2999999999999998,18151,0.006594340006510417
S1C_W0.81_r04,0.81,rearranged,-0.2999999999999998,-0.25,17390,0.006317865280877976
S1C_W0.81_r04,0.81,rearranged,-0.25,-0.19999999999999996,16240,0.005900065104166667
S1C_W0.81_r04,0.81,rearranged,-0.19999999999999996,-0.1499999999999999,15534,0.005643572126116071
S1C_W0.81_r04,0.81,rearranged,-0.1499999999999999,-0.09999999999999987,14797,0.005375816708519345
S1C_W0.81_r04,0.81,rearranged,-0.09999999999999987,-0.04999999999999982,13979,0.005078633626302083
S1C_W0.81_r04,0.81,rearranged,-0.04999999999999982,0.0,13321,0.004839579264322917
S1C_W0.81_r04,0.81,rearranged,0.0,0.050000000000000266,12388,0.004500616164434524
S1C_W0.81_r04,0.81,rearranged,0.050000000000000266,0.10000000000000009,11610,0.004217965262276786
S1C_W0.81_r04,0.81,rearranged,0.10000000000000009,0.1499999999999999,10826,0.003933134533110119
S1C_W0.81_r04,0.81,rearranged,0.1499999999999999,0.20000000000000018,9918,0.0036032540457589285
S1C_W0.81_r04,0.81,rearranged,0.20000000000000018,0.25,9427,0.003424871535528274
S1C_W0.81_r04,0.81,rearranged,0.25,0.30000000000000027,8685,0.003155299595424107
S1C_W0.81_r04,0.81,rearranged,0.30000000000000027,0.3500000000000001,8185,0.0029736473446800595
S1C_W0.81_r04,0.81,rearranged,0.3500000000000001,0.40000000000000036,7726,0.002806890578497024
S1C_W0.81_r04,0.81,rearranged,0.40000000000000036,0.4500000000000002,6978,0.0025351388113839285
S1C_W0.81_r04,0.81,rearranged,0.4500000000000002,0.5,6738,0.0024479457310267855
S1C_W0.81_r04,0.81,rearranged,0.5,0.5500000000000003,6388,0.0023207891555059525
S1C_W0.81_r04,0.81,rearranged,0.5500000000000003,0.6000000000000001,5926,0.0021529424758184525
S1C_W0.81_r04,0.81,rearranged,0.6000000000000001,0.6500000000000004,5630,0.002045404343377976
S1C_W0.81_r04,0.81,rearranged,0.6500000000000004,0.7000000000000002,5331,0.0019367762974330357
S1C_W0.81_r04,0.81,rearranged,0.7000000000000002,0.75,4799,0.001743498302641369
S1C_W0.81_r04,0.81,rearranged,0.75,0.8000000000000003,4471,0.0016243344261532738
S1C_W0.81_r04,0.81,rearranged,0.8000000000000003,0.8500000000000001,4267,0.0015502203078497025
S1C_W0.81_r04,0.81,rearranged,0.8500000000000001,0.9000000000000004,4100,0.0014895484561011905
S1C_W0.81_r04,0.81,rearranged,0.9000000000000004,0.9500000000000002,3793,0.0013780139741443452
S1C_W0.81_r04,0.81,rearranged,0.9500000000000002,1.0,3557,0.0012922741117931548
S1C_W0.81_r04,0.81,rearranged,1.0,1.0500000000000003,3316,0.0012047177269345238
S1C_W0.81_r04,0.81,rearranged,1.0500000000000003,1.1,2998,0.0010891868954613095
S1C_W0.81_r04,0.81,rearranged,1.1,1.1500000000000004,2912,0.0010579427083333333
S1C_W0.81_r04,0.81,rearranged,1.1500000000000004,1.2000000000000002,2650,0.0009627569289434524
S1C_W0.81_r04,0.81,rearranged,1.2000000000000002,1.25,2512,0.0009126209077380952
S1C_W0.81_r04,0.81,rearranged,1.25,1.3000000000000003,2389,0.0008679344540550595
S1C_W0.81_r04,0.81,rearranged,1.3000000000000003,1.35,2076,0.0007542201450892857
S1C_W0.81_r04,0.81,rearranged,1.35,1.4000000000000004,1949,0.0007080804734002976
S1C_W0.81_r04,0.81,rearranged,1.4000000000000004,1.4500000000000002,1807,0.0006564912341889881
S1C_W0.81_r04,0.81,rearranged,1.4500000000000002,1.5,1749,0.0006354195731026786
S1C_W0.81_r04,0.81,rearranged,1.5,1.5500000000000003,1612,0.0005856468563988095
S1C_W0.81_r04,0.81,rearranged,1.5500000000000003,1.6,1463,0.0005315144856770834
S1C_W0.81_r04,0.81,rearranged,1.6,1.6500000000000004,1385,0.0005031767345610119
S1C_W0.81_r04,0.81,rearranged,1.6500000000000004,1.7000000000000002,1232,0.0004475911458333333
S1C_W0.81_r04,0.81,rearranged,1.7000000000000002,1.75,1180,0.0004286993117559524
S1C_W0.81_r04,0.81,rearranged,1.75,1.8000000000000003,1072,0.0003894624255952381
S1C_W0.81_r04,0.81,rearranged,1.8000000000000003,1.85,935,0.00033968970889136906
S1C_W0.81_r04,0.81,rearranged,1.85,1.9000000000000004,778,0.0002826509021577381
S1C_W0.81_r04,0.81,rearranged,1.9000000000000004,1.9500000000000002,556,0.00020199730282738094
S1C_W0.81_r04,0.81,rearranged,1.9500000000000002,2.0,343,0.00012461344401041666
S1C_W0.81_r05,0.81,original,-2.0,-1.95,117781,0.042790367489769346
S1C_W0.81_r05,0.81,original,-1.95,-1.9,196091,0.07124074300130208
S1C_W0.81_r05,0.81,original,-1.9,-1.85,223850,0.08132571265811012
S1C_W0.81_r05,0.81,original,-1.85,-1.8,219611,0.07978566487630208
S1C_W0.81_r05,0.81,original,-1.8,-1.75,192811,0.07004910423642113
S1C_W0.81_r05,0.81,original,-1.75,-1.7,159840,0.058070591517857144
S1C_W0.81_r05,0.81,original,-1.7,-1.65,132521,0.048145475841703866
S1C_W0.81_r05,0.81,original,-1.65,-1.6,112298,0.040798368908110116
S1C_W0.81_r05,0.81,original,-1.6,-1.55,98859,0.035915919712611606
S1C_W0.81_r05,0.81,original,-1.55,-1.5,88069,0.03199586414155506
S1C_W0.81_r05,0.81,original,-1.5,-1.45,79498,0.028881981259300596
S1C_W0.81_r05,0.81,original,-1.45,-1.4,72900,0.026484898158482144
S1C_W0.81_r05,0.81,original,-1.4,-1.35,66276,0.024078369140625
S1C_W0.81_r05,0.81,original,-1.35,-1.2999999999999998,61226,0.02224368140811012
S1C_W0.81_r05,0.81,original,-1.2999999999999998,-1.25,56915,0.020677475702194942
S1C_W0.81_r05,0.81,original,-1.25,-1.2,52732,0.01915777297247024
S1C_W0.81_r05,0.81,original,-1.2,-1.15,49257,0.017895289829799106
S1C_W0.81_r05,0.81,original,-1.15,-1.1,46339,0.016835167294456846
S1C_W0.81_r05,0.81,original,-1.1,-1.0499999999999998,43120,0.015665690104166668
S1C_W0.81_r05,0.81,original,-1.0499999999999998,-1.0,40493,0.01471128917875744
S1C_W0.81_r05,0.81,original,-1.0,-0.95,38122,0.013849894205729166
S1C_W0.81_r05,0.81,original,-0.95,-0.8999999999999999,35999,0.01307859874906994
S1C_W0.81_r05,0.81,original,-0.8999999999999999,-0.8499999999999999,33575,0.012197948637462798
S1C_W0.81_r05,0.81,original,-0.8499999999999999,-0.7999999999999998,31901,0.011589776901971726
S1C_W0.81_r05,0.81,original,-0.7999999999999998,-0.75,30081,0.010928562709263392
S1C_W0.81_r05,0.81,original,-0.75,-0.7,28169,0.010233924502418154
S1C_W0.81_r05,0.81,original,-0.7,-0.6499999999999999,26901,0.00977325439453125
S1C_W0.81_r05,0.81,original,-0.6499999999999999,-0.5999999999999999,25351,0.009210132417224702
S1C_W0.81_r05,0.81,original,-0.5999999999999999,-0.5499999999999998,23967,0.008707318987165178
S1C_W0.81_r05,0.81,original,-0.5499999999999998,-0.5,22842,0.008298601422991072
S1C_W0.81_r05,0.81,original,-0.5,-0.44999999999999996,21626,0.007856823149181548
S1C_W0.81_r05,0.81,original,-0.44999999999999996,-0.3999999999999999,20422,0.007419404529389881
S1C_W0.81_r05,0.81,original,-0.3999999999999999,-0.34999999999999987,19476,0.007075718470982143
S1C_W0.81_r05,0.81,original,-0.34999999999999987,-0.2999999999999998,18449,0.006702604747953869
S1C_W0.81_r05,0.81,original,-0.2999999999999998,-0.25,17353,0.006304423014322917
S1C_W0.81_r05,0.81,original,-0.25,-0.19999999999999996,16334,0.005934215727306548
S1C_W0.81_r05,0.81,original,-0.19999999999999996,-0.1499999999999999,15568,0.005655924479166667
S1C_W0.81_r05,0.81,original,-0.1499999999999999,-0.09999999999999987,14771,0.005366370791480655
S1C_W0.81_r05,0.81,original,-0.09999999999999987,-0.04999999999999982,13860,0.005035400390625
S1C_W0.81_r05,0.81,original,-0.04999999999999982,0.0,13355,0.004851931617373512
S1C_W0.81_r05,0.81,original,0.0,0.050000000000000266,12521,0.00454893566313244
S1C_W0.81_r05,0.81,original,0.050000000000000266,0.10000000000000009,11585,0.004208882649739583
S1C_W0.81_r05,0.81,original,0.10000000000000009,0.1499999999999999,10837,0.003937130882626488
S1C_W0.81_r05,0.81,original,0.1499999999999999,0.20000000000000018,10158,0.0036904471261160715
S1C_W0.81_r05,0.81,original,0.20000000000000018,0.25,9375,0.003405979701450893
S1C_W0.81_r05,0.81,original,0.25,0.30000000000000027,8935,0.003246125720796131
S1C_W0.81_r05,0.81,original,0.30000000000000027,0.3500000000000001,8407,0.0030543009440104165
S1C_W0.81_r05,0.81,original,0.3500000000000001,0.40000000000000036,7610,0.002764747256324405
S1C_W0.81_r05,0.81,original,0.40000000000000036,0.4500000000000002,7220,0.0026230585007440475
S1C_W0.81_r05,0.81,original,0.4500000000000002,0.5,6871,0.0024962652297247025
S1C_W0.81_r05,0.81,original,0.5,0.5500000000000003,6346,0.0023055303664434525
S1C_W0.81_r05,0.81,original,0.5500000000000003,0.6000000000000001,6142,0.002231416248139881
S1C_W0.81_r05,0.81,original,0.6000000000000001,0.6500000000000004,5599,0.002034141903831845
S1C_W0.81_r05,0.81,original,0.6500000000000004,0.7000000000000002,5275,0.0019164312453497025
S1C_W0.81_r05,0.81,original,0.7000000000000002,0.75,4884,0.0017743791852678572
S1C_W0.81_r05,0.81,original,0.75,0.8000000000000003,4595,0.0016693841843377975
S1C_W0.81_r05,0.81,original,0.8000000000000003,0.8500000000000001,4309,0.0015654790969122025
S1C_W0.81_r05,0.81,original,0.8500000000000001,0.9000000000000004,4000,0.001453218005952381
S1C_W0.81_r05,0.81,original,0.9000000000000004,0.9500000000000002,3735,0.0013569423130580357
S1C_W0.81_r05,0.81,original,0.9500000000000002,1.0,3472,0.0012613932291666667
S1C_W0.81_r05,0.81,original,1.0,1.0500000000000003,3198,0.0011618477957589285
S1C_W0.81_r05,0.81,original,1.0500000000000003,1.1,2922,0.0010615757533482143
S1C_W0.81_r05,0.81,original,1.1,1.1500000000000004,2644,0.0009605771019345238
S1C_W0.81_r05,0.81,original,1.1500000000000004,1.2000000000000002,2488,0.000903901599702381
S1C_W0.81_r05,0.81,original,1.2000000000000002,1.25,2275,0.0008265177408854166
S1C_W0.81_r05,0.81,original,1.25,1.3000000000000003,2220,0.0008065359933035714
S1C_W0.81_r05,0.81,original,1.3000000000000003,1.35,1989,0.0007226126534598214
S1C_W0.81_r05,0.81,original,1.35,1.4000000000000004,1765,0.0006412324451264881
S1C_W0.81_r05,0.81,original,1.4000000000000004,1.4500000000000002,1674,0.0006081717354910714
S1C_W0.81_r05,0.81,original,1.4500000000000002,1.5,1542,0.0005602155412946429
S1C_W0.81_r05,0.81,original,1.5,1.5500000000000003,1370,0.0004977271670386905
S1C_W0.81_r05,0.81,original,1.5500000000000003,1.6,1259,0.0004574003673735119
S1C_W0.81_r05,0.81,original,1.6,1.6500000000000004,1170,0.00042506626674107144
S1C_W0.81_r05,0.81,original,1.6500000000000004,1.7000000000000002,1009,0.0003665742420014881
S1C_W0.81_r05,0.81,original,1.7000000000000002,1.75,1022,0.0003712972005208333
S1C_W0.81_r05,0.81,original,1.75,1.8000000000000003,951,0.00034550258091517856
S1C_W0.81_r05,0.81,original,1.8000000000000003,1.85,841,0.0003055390857514881
S1C_W0.81_r05,0.81,original,1.85,1.9000000000000004,761,0.0002764747256324405
S1C_W0.81_r05,0.81,original,1.9000000000000004,1.9500000000000002,595,0.00021616617838541666
S1C_W0.81_r05,0.81,original,1.9500000000000002,2.0,332,0.00012061709449404762
S1C_W0.81_r05,0.81,rearranged,-2.0,-1.95,117672,0.042750767299107144
S1C_W0.81_r05,0.81,rearranged,-1.95,-1.9,196710,0.07146562848772321
S1C_W0.81_r05,0.81,rearranged,-1.9,-1.85,223855,0.08132752918061756
S1C_W0.81_r05,0.81,rearranged,-1.85,-1.8,219094,0.07959783644903273
S1C_W0.81_r05,0.81,rearranged,-1.8,-1.75,192792,0.07004220145089286
S1C_W0.81_r05,0.81,rearranged,-1.75,-1.7,160038,0.05814252580915179
S1C_W0.81_r05,0.81,rearranged,-1.7,-1.65,133474,0.04849170503162202
S1C_W0.81_r05,0.81,rearranged,-1.65,-1.6,113124,0.04109845842633929
S1C_W0.81_r05,0.81,rearranged,-1.6,-1.55,99324,0.03608485630580357
S1C_W0.81_r05,0.81,rearranged,-1.55,-1.5,88017,0.03197697230747768
S1C_W0.81_r05,0.81,rearranged,-1.5,-1.45,79719,0.028962271554129466
S1C_W0.81_r05,0.81,rearranged,-1.45,-1.4,72530,0.026350475492931548
S1C_W0.81_r05,0.81,rearranged,-1.4,-1.35,66632,0.02420770554315476
S1C_W0.81_r05,0.81,rearranged,-1.35,-1.2999999999999998,61096,0.022196451822916668
S1C_W0.81_r05,0.81,rearranged,-1.2999999999999998,-1.25,57458,0.020874750046502976
S1C_W0.81_r05,0.81,rearranged,-1.25,-1.2,53123,0.019299825032552082
S1C_W0.81_r05,0.81,rearranged,-1.2,-1.15,49056,0.017822265625
S1C_W0.81_r05,0.81,rearranged,-1.15,-1.1,46084,0.01674252464657738
S1C_W0.81_r05,0.81,rearranged,-1.1,-1.0499999999999998,43170,0.015683855329241072
S1C_W0.81_r05,0.81,rearranged,-1.0499999999999998,-1.0,40569,0.014738900320870536
S1C_W0.81_r05,0.81,rearranged,-1.0,-0.95,38004,0.013807024274553572
S1C_W0.81_r05,0.81,rearranged,-0.95,-0.8999999999999999,35563,0.01292019798642113
S1C_W0.81_r05,0.81,rearranged,-0.8999999999999999,-0.8499999999999999,33884,0.01231020972842262
S1C_W0.81_r05,0.81,rearranged,-0.8499999999999999,-0.7999999999999998,31628,0.011490594773065476
S1C_W0.81_r05,0.81,rearranged,-0.7999999999999998,-0.75,29982,0.010892595563616072
S1C_W0.81_r05,0.81,rearranged,-0.75,-0.7,28319,0.01028842017764137
S1C_W0.81_r05,0.81,rearranged,-0.7,-0.6499999999999999,26525,0.009636651901971726
S1C_W0.81_r05,0.81,rearranged,-0.6499999999999999,-0.5999999999999999,25073,0.009109133765811012
S1C_W0.81_r05,0.81,rearranged,-0.5999999999999999,-0.5499999999999998,23809,0.00864991687593006
S1C_W0.81_r05,0.81,rearranged,-0.5499999999999998,-0.5,22208,0.00806826636904762
S1C_W0.81_r05,0.81,rearranged,-0.5,-0.44999999999999996,21276,0.007729666573660714
S1C_W0.81_r05,0.81,rearranged,-0.44999999999999996,-0.3999999999999999,20236,0.007351829892113095
S1C_W0.81_r05,0.81,rearranged,-0.3999999999999999,-0.34999999999999987,19098,0.006938389369419643
S1C_W0.81_r05,0.81,rearranged,-0.34999999999999987,-0.2999999999999998,18207,0.00661468505859375
S1C_W0.81_r05,0.81,rearranged,-0.2999999999999998,-0.25,17044,0.006192161923363095
S1C_W0.81_r05,0.81,rearranged,-0.25,-0.19999999999999996,16190,0.005881899879092262
S1C_W0.81_r05,0.81,rearranged,-0.19999999999999996,-0.1499999999999999,15365,0.005582173665364583
S1C_W0.81_r05,0.81,rearranged,-0.1499999999999999,-0.09999999999999987,14784,0.00537109375
S1C_W0.81_r05,0.81,rearranged,-0.09999999999999987,-0.04999999999999982,13776,0.0050048828125
S1C_W0.81_r05,0.81,rearranged,-0.04999999999999982,0.0,13187,0.004790896461123512
S1C_W0.81_r05,0.81,rearranged,0.0,0.050000000000000266,12539,0.004555475144159226
S1C_W0.81_r05,0.81,rearranged,0.050000000000000266,0.10000000000000009,11643,0.004229954310825893
S1C_W0.81_r05,0.81,rearranged,0.10000000000000009,0.1499999999999999,10681,0.003880455380394345
S1C_W0.81_r05,0.81,rearranged,0.1499999999999999,0.20000000000000018,10212,0.0037100655691964285
S1C_W0.81_r05,0.81,rearranged,0.20000000000000018,0.25,9641,0.003502618698846726
S1C_W0.81_r05,0.81,rearranged,0.25,0.30000000000000027,8922,0.0032414027622767855
S1C_W0.81_r05,0.81,rearranged,0.30000000000000027,0.3500000000000001,8290,0.0030117943173363095
S1C_W0.81_r05,0.81,rearranged,0.3500000000000001,0.40000000000000036,7879,0.0028624761672247025
S1C_W0.81_r05,0.81,rearranged,0.40000000000000036,0.4500000000000002,7277,0.002643766857328869
S1C_W0.81_r05,0.81,rearranged,0.4500000000000002,0.5,6956,0.0025271461123511905
S1C_W0.81_r05,0.81,rearranged,0.5,0.5500000000000003,6477,0.002353123256138393
S1C_W0.81_r05,0.81,rearranged,0.5500000000000003,0.6000000000000001,5974,0.002170381091889881
S1C_W0.81_r05,0.81,rearranged,0.6000000000000001,0.6500000000000004,5616,0.002040318080357143
S1C_W0.81_r05,0.81,rearranged,0.6500000000000004,0.7000000000000002,5214,0.0018942696707589285
S1C_W0.81_r05,0.81,rearranged,0.7000000000000002,0.75,4920,0.0017874581473214285
S1C_W0.81_r05,0.81,rearranged,0.75,0.8000000000000003,4647,0.0016882760184151785
S1C_W0.81_r05,0.81,rearranged,0.8000000000000003,0.8500000000000001,4307,0.0015647524879092262
S1C_W0.81_r05,0.81,rearranged,0.8500000000000001,0.9000000000000004,4100,0.0014895484561011905
S1C_W0.81_r05,0.81,rearranged,0.9000000000000004,0.9500000000000002,3561,0.0012937273297991072
S1C_W0.81_r05,0.81,rearranged,0.9500000000000002,1.0,3384,0.0012294224330357143
S1C_W0.81_r05,0.81,rearranged,1.0,1.0500000000000003,3142,0.0011415027436755952
S1C_W0.81_r05,0.81,rearranged,1.0500000000000003,1.1,2958,0.0010746547154017857
S1C_W0.81_r05,0.81,rearranged,1.1,1.1500000000000004,2761,0.001003083728608631
S1C_W0.81_r05,0.81,rearranged,1.1500000000000004,1.2000000000000002,2569,0.0009333292643229166
S1C_W0.81_r05,0.81,rearranged,1.2000000000000002,1.25,2305,0.0008374168759300595
S1C_W0.81_r05,0.81,rearranged,1.25,1.3000000000000003,2181,0.0007923671177455357
S1C_W0.81_r05,0.81,rearranged,1.3000000000000003,1.35,1977,0.0007182529994419643
S1C_W0.81_r05,0.81,rearranged,1.35,1.4000000000000004,1767,0.0006419590541294643
S1C_W0.81_r05,0.81,rearranged,1.4000000000000004,1.4500000000000002,1685,0.0006121680850074405
S1C_W0.81_r05,0.81,rearranged,1.4500000000000002,1.5,1505,0.0005467732747395834
S1C_W0.81_r05,0.81,rearranged,1.5,1.5500000000000003,1417,0.000514802478608631
S1C_W0.81_r05,0.81,rearranged,1.5500000000000003,1.6,1278,0.0004643031529017857
S1C_W0.81_r05,0.81,rearranged,1.6,1.6500000000000004,1172,0.0004257928757440476
S1C_W0.81_r05,0.81,rearranged,1.6500000000000004,1.7000000000000002,1119,0.00040653773716517856
S1C_W0.81_r05,0.81,rearranged,1.7000000000000002,1.75,1069,0.0003883725120907738
S1C_W0.81_r05,0.81,rearranged,1.75,1.8000000000000003,973,0.0003534952799479167
S1C_W0.81_r05,0.81,rearranged,1.8000000000000003,1.85,900,0.0003269740513392857
S1C_W0.81_r05,0.81,rearranged,1.85,1.9000000000000004,789,0.00028664725167410713
S1C_W0.81_r05,0.81,rearranged,1.9000000000000004,1.9500000000000002,617,0.00022415887741815475
S1C_W0.81_r05,0.81,rearranged,1.9500000000000002,2.0,393,0.00014277866908482144
S1C_W0.81_r06,0.81,original,-2.0,-1.95,117292,0.042612711588541664
S1C_W0.81_r06,0.81,original,-1.95,-1.9,195889,0.07116735549200148
S1C_W0.81_r06,0.81,original,-1.9,-1.85,223352,0.08114478701636904
S1C_W0.81_r06,0.81,original,-1.85,-1.8,218688,0.07945033482142858
S1C_W0.81_r06,0.81,original,-1.8,-1.75,192143,0.06980641682942708
S1C_W0.81_r06,0.81,original,-1.75,-1.7,159585,0.05797794886997768
S1C_W0.81_r06,0.81,original,-1.7,-1.65,132242,0.04804411388578869
S1C_W0.81_r06,0.81,original,-1.65,-1.6,112558,0.04089282807849702
S1C_W0.81_r06,0.81,original,-1.6,-1.55,97917,0.03557368687220982
S1C_W0.81_r06,0.81,original,-1.55,-1.5,87950,0.03195263090587798
S1C_W0.81_r06,0.81,original,-1.5,-1.45,79835,0.029004414876302082
S1C_W0.81_r06,0.81,original,-1.45,-1.4,72859,0.02647000267392113
S1C_W0.81_r06,0.81,original,-1.4,-1.35,67074,0.0243682861328125
S1C_W0.81_r06,0.81,original,-1.35,-1.2999999999999998,61189,0.022230239141555058
S1C_W0.81_r06,0.81,original,-1.2999999999999998,-1.25,56556,0.020547049386160716
S1C_W0.81_r06,0.81,original,-1.25,-1.2,53326,0.019373575846354168
S1C_W0.81_r06,0.81,original,-1.2,-1.15,49478,0.017975580124627976
S1C_W0.81_r06,0.81,original,-1.15,-1.1,46204,0.016786121186755952
S1C_W0.81_r06,0.81,original,-1.1,-1.0499999999999998,43334,0.01574343726748512
S1C_W0.81_r06,0.81,original,-1.0499999999999998,-1.0,40753,0.014805748349144346
S1C_W0.81_r06,0.81,original,-1.0,-0.95,38095,0.013840084984188988
S1C_W0.81_r06,0.81,original,-0.95,-0.8999999999999999,36113,0.013120015462239584
S1C_W0.81_r06,0.81,original,-0.8999999999999999,-0.8499999999999999,34166,0.012412661597842262
S1C_W0.81_r06,0.81,original,-0.8499999999999999,-0.7999999999999998,31752,0.01153564453125
S1C_W0.81_r06,0.81,original,-0.7999999999999998,-0.75,30188,0.01096743629092262
S1C_W0.81_r06,0.81,original,-0.75,-0.7,28350,0.0102996826171875
S1C_W0.81_r06,0.81,original,-0.7,-0.6499999999999999,26952,0.009791782924107142
S1C_W0.81_r06,0.81,original,-0.6499999999999999,-0.5999999999999999,25150,0.009137108212425596
S1C_W0.81_r06,0.81,original,-0.5999999999999999,-0.5499999999999998,23770,0.008635748000372024
S1C_W0.81_r06,0.81,original,-0.5499999999999998,-0.5,22694,0.008244832356770834
S1C_W0.81_r06,0.81,original,-0.5,-0.44999999999999996,21545,0.007827395484561012
S1C_W0.81_r06,0.81,original,-0.44999999999999996,-0.3999999999999999,20883,0.007586887904575893
S1C_W0.81_r06,0.81,original,-0.3999999999999999,-0.34999999999999987,19192,0.006972539992559524
S1C_W0.81_r06,0.81,original,-0.34999999999999987,-0.2999999999999998,18652,0.006776355561755952
S1C_W0.81_r06,0.81,original,-0.2999999999999998,-0.25,17103,0.006213596888950893
S1C_W0.81_r06,0.81,original,-0.25,-0.19999999999999996,16311,0.005925859723772321
S1C_W0.81_r06,0.81,original,-0.19999999999999996,-0.1499999999999999,15829,0.00575074695405506
S1C_W0.81_r06,0.81,original,-0.1499999999999999,-0.09999999999999987,14852,0.00539579845610119
S1C_W0.81_r06,0.81,original,-0.09999999999999987,-0.04999999999999982,13902,0.0050506591796875
S1C_W0.81_r06,0.81,original,-0.04999999999999982,0.0,13433,0.004880269368489583
S1C_W0.81_r06,0.81,original,0.0,0.050000000000000266,12659,0.004599071684337798
S1C_W0.81_r06,0.81,original,0.050000000000000266,0.10000000000000009,11719,0.004257565452938988
S1C_W0.81_r06,0.81,original,0.10000000000000009,0.1499999999999999,11120,0.004039946056547619
S1C_W0.81_r06,0.81,original,0.1499999999999999,0.20000000000000018,10113,0.003674098423549107
S1C_W0.81_r06,0.81,original,0.20000000000000018,0.25,9411,0.0034190586635044645
S1C_W0.81_r06,0.81,original,0.25,0.30000000000000027,9005,0.0032715570359002975
S1C_W0.81_r06,0.81,original,0.30000000000000027,0.3500000000000001,8162,0.0029652913411458335
S1C_W0.81_r06,0.81,original,0.3500000000000001,0.40000000000000036,7926,0.002879551478794643
S1C_W0.81_r06,0.81,original,0.40000000000000036,0.4500000000000002,7321,0.002659752255394345
S1C_W0.81_r06,0.81,original,0.4500000000000002,0.5,6896,0.002505347842261905
S1C_W0.81_r06,0.81,original,0.5,0.5500000000000003,6481,0.002354576474144345
S1C_W0.81_r06,0.81,original,0.5500000000000003,0.6000000000000001,6040,0.002194359188988095
S1C_W0.81_r06,0.81,original,0.6000000000000001,0.6500000000000004,5686,0.0020657493954613095
S1C_W0.81_r06,0.81,original,0.6500000000000004,0.7000000000000002,5136,0.0018659319196428572
S1C_W0.81_r06,0.81,original,0.7000000000000002,0.75,4941,0.0017950875418526785
S1C_W0.81_r06,0.81,original,0.75,0.8000000000000003,4630,0.001682099841889881
S1C_W0.81_r06,0.81,original,0.8000000000000003,0.8500000000000001,4238,0.0015396844773065475
S1C_W0.81_r06,0.81,original,0.8500000000000001,0.9000000000000004,3956,0.0014372326078869048
S1C_W0.81_r06,0.81,original,0.9000000000000004,0.9500000000000002,3713,0.0013489496140252975
S1C_W0.81_r06,0.81,original,0.9500000000000002,1.0,3467,0.0012595767066592262
S1C_W0.81_r06,0.81,original,1.0,1.0500000000000003,3224,0.001171293712797619
S1C_W0.81_r06,0.81,original,1.0500000000000003,1.1,3127,0.0011360531761532738
S1C_W0.81_r06,0.81,original,1.1,1.1500000000000004,2769,0.0010059901646205357
S1C_W0.81_r06,0.81,original,1.1500000000000004,1.2000000000000002,2616,0.0009504045758928571
S1C_W0.81_r06,0.81,original,1.2000000000000002,1.25,2370,0.0008610316685267857
S1C_W0.81_r06,0.81,original,1.25,1.3000000000000003,2245,0.0008156186058407738
S1C_W0.81_r06,0.81,original,1.3000000000000003,1.35,2031,0.0007378714425223214
S1C_W0.81_r06,0.81,original,1.35,1.4000000000000004,1836,0.0006670270647321429
S1C_W0.81_r06,0.81,original,1.4000000000000004,1.4500000000000002,1649,0.000599089122953869
S1C_W0.81_r06,0.81,original,1.4500000000000002,1.5,1463,0.0005315144856770834
S1C_W0.81_r06,0.81,original,1.5,1.5500000000000003,1406,0.0005108061290922619
S1C_W0.81_r06,0.81,original,1.5500000000000003,1.6,1330,0.0004831949869791667
S1C_W0.81_r06,0.81,original,1.6,1.6500000000000004,1286,0.0004672095889136905
S1C_W0.81_r06,0.81,original,1.6500000000000004,1.7000000000000002,1094,0.0003974551246279762
S1C_W0.81_r06,0.81,original,1.7000000000000002,1.75,1021,0.00037093389601934525
S1C_W0.81_r06,0.81,original,1.75,1.8000000000000003,875,0.0003178914388020833
S1C_W0.81_r06,0.81,original,1.8000000000000003,1.85,885,0.0003215244838169643
S1C_W0.81_r06,0.81,original,1.85,1.9000000000000004,685,0.00024886358351934525
S1C_W0.81_r06,0.81,original,1.9000000000000004,1.9500000000000002,557,0.00020236060732886906
S1C_W0.81_r06,0.81,original,1.9500000000000002,2.0,267,9.700230189732142e-05
S1C_W0.81_r06,0.81,rearranged,-2.0,-1.95,116357,0.0422730218796503
S1C_W0.81_r06,0.81,rearranged,-1.95,-1.9,195211,0.07092103503999256
S1C_W0.81_r06,0.81,rearranged,-1.9,-1.85,221647,0.08052535284133185
S1C_W0.81_r06,0.81,rearranged,-1.85,-1.8,218151,0.07925524030412946
S1C_W0.81_r06,0.81,rearranged,-1.8,-1.75,192727,0.07001858665829613
S1C_W0.81_r06,0.81,rearranged,-1.75,-1.7,159826,0.05806550525483631
S1C_W0.81_r06,0.81,rearranged,-1.7,-1.65,132029,0.04796673002697173
S1C_W0.81_r06,0.81,rearranged,-1.65,-1.6,112134,0.04073878696986607
S1C_W0.81_r06,0.81,rearranged,-1.6,-1.55,98045,0.0356201898484003
S1C_W0.81_r06,0.81,rearranged,-1.55,-1.5,88222,0.03205144973028274
S1C_W0.81_r06,0.81,rearranged,-1.5,-1.45,80222,0.029145013718377976
S1C_W0.81_r06,0.81,rearranged,-1.45,-1.4,72530,0.026350475492931548
S1C_W0.81_r06,0.81,rearranged,-1.4,-1.35,66930,0.024315970284598216
S1C_W0.81_r06,0.81,rearranged,-1.35,-1.2999999999999998,61965,0.022512163434709822
S1C_W0.81_r06,0.81,rearranged,-1.2999999999999998,-1.25,57066,0.020732334681919644
S1C_W0.81_r06,0.81,rearranged,-1.25,-1.2,53255,0.01934778122674851
S1C_W0.81_r06,0.81,rearranged,-1.2,-1.15,49918,0.01813543410528274
S1C_W0.81_r06,0.81,rearranged,-1.15,-1.1,46611,0.016933986118861606
S1C_W0.81_r06,0.81,rearranged,-1.1,-1.0499999999999998,43689,0.015872410365513394
S1C_W0.81_r06,0.81,rearranged,-1.0499999999999998,-1.0,40662,0.014772687639508928
S1C_W0.81_r06,0.81,rearranged,-1.0,-0.95,38030,0.013816470191592262
S1C_W0.81_r06,0.81,rearranged,-0.95,-0.8999999999999999,35847,0.01302337646484375
S1C_W0.81_r06,0.81,rearranged,-0.8999999999999999,-0.8499999999999999,34221,0.012432643345424108
S1C_W0.81_r06,0.81,rearranged,-0.8499999999999999,-0.7999999999999998,32284,0.011728922526041666
S1C_W0.81_r06,0.81,rearranged,-0.7999999999999998,-0.75,30303,0.01100921630859375
S1C_W0.81_r06,0.81,rearranged,-0.75,-0.7,28648,0.010407947358630952
S1C_W0.81_r06,0.81,rearranged,-0.7,-0.6499999999999999,26706,0.009702410016741072
S1C_W0.81_r06,0.81,rearranged,-0.6499999999999999,-0.5999999999999999,25637,0.009314037504650298
S1C_W0.81_r06,0.81,rearranged,-0.5999999999999999,-0.5499999999999998,24166,0.00877961658296131
S1C_W0.81_r06,0.81,rearranged,-0.5499999999999998,-0.5,23080,0.008385067894345238
S1C_W0.81_r06,0.81,rearranged,-0.5,-0.44999999999999996,21545,0.007827395484561012
S1C_W0.81_r06,0.81,rearranged,-0.44999999999999996,-0.3999999999999999,20483,0.007441566103980655
S1C_W0.81_r06,0.81,rearranged,-0.3999999999999999,-0.34999999999999987,19259,0.006996881394159226
S1C_W0.81_r06,0.81,rearranged,-0.34999999999999987,-0.2999999999999998,18312,0.00665283203125
S1C_W0.81_r06,0.81,rearranged,-0.2999999999999998,-0.25,17491,0.006354559035528274
S1C_W0.81_r06,0.81,rearranged,-0.25,-0.19999999999999996,16406,0.00596037365141369
S1C_W0.81_r06,0.81,rearranged,-0.19999999999999996,-0.1499999999999999,15798,0.005739484514508929
S1C_W0.81_r06,0.81,rearranged,-0.1499999999999999,-0.09999999999999987,14844,0.005392892020089286
S1C_W0.81_r06,0.81,rearranged,-0.09999999999999987,-0.04999999999999982,13907,0.00505247570219494
S1C_W0.81_r06,0.81,rearranged,-0.04999999999999982,0.0,13225,0.00480470203218006
S1C_W0.81_r06,0.81,rearranged,0.0,0.050000000000000266,12643,0.004593258812313988
S1C_W0.81_r06,0.81,rearranged,0.050000000000000266,0.10000000000000009,11696,0.004249209449404762
S1C_W0.81_r06,0.81,rearranged,0.10000000000000009,0.1499999999999999,10897,0.003958929152715774
S1C_W0.81_r06,0.81,rearranged,0.1499999999999999,0.20000000000000018,10407,0.003780909946986607
S1C_W0.81_r06,0.81,rearranged,0.20000000000000018,0.25,9517,0.0034575689406622025
S1C_W0.81_r06,0.81,rearranged,0.25,0.30000000000000027,8823,0.0032054356166294645
S1C_W0.81_r06,0.81,rearranged,0.30000000000000027,0.3500000000000001,8290,0.0030117943173363095
S1C_W0.81_r06,0.81,rearranged,0.3500000000000001,0.40000000000000036,7561,0.002746945335751488
S1C_W0.81_r06,0.81,rearranged,0.40000000000000036,0.4500000000000002,7355,0.0026721046084449405
S1C_W0.81_r06,0.81,rearranged,0.4500000000000002,0.5,6823,0.002478826613653274
S1C_W0.81_r06,0.81,rearranged,0.5,0.5500000000000003,6542,0.002376738048735119
S1C_W0.81_r06,0.81,rearranged,0.5500000000000003,0.6000000000000001,6081,0.002209254673549107
S1C_W0.81_r06,0.81,rearranged,0.6000000000000001,0.6500000000000004,5533,0.002010163806733631
S1C_W0.81_r06,0.81,rearranged,0.6500000000000004,0.7000000000000002,5215,0.0018946329752604167
S1C_W0.81_r06,0.81,rearranged,0.7000000000000002,0.75,4979,0.0018088931129092262
S1C_W0.81_r06,0.81,rearranged,0.75,0.8000000000000003,4569,0.0016599382672991072
S1C_W0.81_r06,0.81,rearranged,0.8000000000000003,0.8500000000000001,4316,0.001568022228422619
S1C_W0.81_r06,0.81,rearranged,0.8500000000000001,0.9000000000000004,4012,0.001457577659970238
S1C_W0.81_r06,0.81,rearranged,0.9000000000000004,0.9500000000000002,3807,0.0013831002371651785
S1C_W0.81_r06,0.81,rearranged,0.9500000000000002,1.0,3403,0.001236325218563988
S1C_W0.81_r06,0.81,rearranged,1.0,1.0500000000000003,3286,0.001193818591889881
S1C_W0.81_r06,0.81,rearranged,1.0500000000000003,1.1,3122,0.0011342366536458333
S1C_W0.81_r06,0.81,rearranged,1.1,1.1500000000000004,2834,0.001029604957217262
S1C_W0.81_r06,0.81,rearranged,1.1500000000000004,1.2000000000000002,2608,0.0009474981398809524
S1C_W0.81_r06,0.81,rearranged,1.2000000000000002,1.25,2417,0.0008781069800967262
S1C_W0.81_r06,0.81,rearranged,1.25,1.3000000000000003,2195,0.000797453380766369
S1C_W0.81_r06,0.81,rearranged,1.3000000000000003,1.35,2070,0.0007520403180803571
S1C_W0.81_r06,0.81,rearranged,1.35,1.4000000000000004,1875,0.0006811959402901786
S1C_W0.81_r06,0.81,rearranged,1.4000000000000004,1.4500000000000002,1703,0.0006187075660342262
S1C_W0.81_r06,0.81,rearranged,1.4500000000000002,1.5,1563,0.0005678449358258929
S1C_W0.81_r06,0.81,rearranged,1.5,1.5500000000000003,1350,0.0004904610770089286
S1C_W0.81_r06,0.81,rearranged,1.5500000000000003,1.6,1273,0.00046248663039434525
S1C_W0.81_r06,0.81,rearranged,1.6,1.6500000000000004,1171,0.0004254295712425595
S1C_W0.81_r06,0.81,rearranged,1.6500000000000004,1.7000000000000002,1009,0.0003665742420014881
S1C_W0.81_r06,0.81,rearranged,1.7000000000000002,1.75,1024,0.0003720238095238095
S1C_W0.81_r06,0.81,rearranged,1.75,1.8000000000000003,859,0.0003120785667782738
S1C_W0.81_r06,0.81,rearranged,1.8000000000000003,1.85,798,0.0002899169921875
S1C_W0.81_r06,0.81,rearranged,1.85,1.9000000000000004,670,0.0002434140159970238
S1C_W0.81_r06,0.81,rearranged,1.9000000000000004,1.9500000000000002,544,0.0001976376488095238
S1C_W0.81_r06,0.81,rearranged,1.9500000000000002,2.0,283,0.00010281517392113095
S1C_W0.81_r07,0.81,original,-2.0,-1.95,117190,0.042575654529389884
S1C_W0.81_r07,0.81,original,-1.95,-1.9,195758,0.07111976260230654
S1C_W0.81_r07,0.81,original,-1.9,-1.85,223505,0.08120037260509673
S1C_W0.81_r07,0.81,original,-1.85,-1.8,219715,0.07982344854445685
S1C_W0.81_r07,0.81,original,-1.8,-1.75,193182,0.07018389020647321
S1C_W0.81_r07,0.81,original,-1.75,-1.7,159248,0.05785551525297619
S1C_W0.81_r07,0.81,original,-1.7,-1.65,132315,0.04807063511439732
S1C_W0.81_r07,0.81,original,-1.65,-1.6,112591,0.040904817127046134
S1C_W0.81_r07,0.81,original,-1.6,-1.55,98458,0.035770234607514884
S1C_W0.81_r07,0.81,original,-1.55,-1.5,88333,0.032091776529947914
S1C_W0.81_r07,0.81,original,-1.5,-1.45,79910,0.029031662713913692
S1C_W0.81_r07,0.81,original,-1.45,-1.4,72216,0.026236397879464284
S1C_W0.81_r07,0.81,original,-1.4,-1.35,67116,0.024383544921875
S1C_W0.81_r07,0.81,original,-1.35,-1.2999999999999998,61373,0.02229708716982887
S1C_W0.81_r07,0.81,original,-1.2999999999999998,-1.25,57543,0.020905630929129466
S1C_W0.81_r07,0.81,original,-1.25,-1.2,52890,0.019215175083705356
S1C_W0.81_r07,0.81,original,-1.2,-1.15,49281,0.017904009137834822
S1C_W0.81_r07,0.81,original,-1.15,-1.1,46145,0.016764686221168154
S1C_W0.81_r07,0.81,original,-1.1,-1.0499999999999998,43276,0.015722365606398808
S1C_W0.81_r07,0.81,original,-1.0499999999999998,-1.0,40126,0.01457795642671131
S1C_W0.81_r07,0.81,original,-1.0,-0.95,37911,0.013773236955915178
S1C_W0.81_r07,0.81,original,-0.95,-0.8999999999999999,35979,0.013071332659040178
S1C_W0.81_r07,0.81,original,-0.8999999999999999,-0.8499999999999999,33672,0.012233189174107142
S1C_W0.81_r07,0.81,original,-0.8499999999999999,-0.7999999999999998,32097,0.011660984584263392
S1C_W0.81_r07,0.81,original,-0.7999999999999998,-0.75,30179,0.010964166550409226
S1C_W0.81_r07,0.81,original,-0.75,-0.7,28187,0.01024046398344494
S1C_W0.81_r07,0.81,original,-0.7,-0.6499999999999999,26970,0.009798322405133928
S1C_W0.81_r07,0.81,original,-0.6499999999999999,-0.5999999999999999,25097,0.009117853073846726
S1C_W0.81_r07,0.81,original,-0.5999999999999999,-0.5499999999999998,23943,0.008698599679129464
S1C_W0.81_r07,0.81,original,-0.5499999999999998,-0.5,22728,0.008257184709821428
S1C_W0.81_r07,0.81,original,-0.5,-0.44999999999999996,21185,0.007696605864025298
S1C_W0.81_r07,0.81,original,-0.44999999999999996,-0.3999999999999999,20469,0.007436479840959821
S1C_W0.81_r07,0.81,original,-0.3999999999999999,-0.34999999999999987,19081,0.006932213192894345
S1C_W0.81_r07,0.81,original,-0.34999999999999987,-0.2999999999999998,18250,0.006630307152157738
S1C_W0.81_r07,0.81,original,-0.2999999999999998,-0.25,17374,0.006312052408854167
S1C_W0.81_r07,0.81,original,-0.25,-0.19999999999999996,16223,0.005893888927641369
S1C_W0.81_r07,0.81,original,-0.19999999999999996,-0.1499999999999999,15736,0.005716959635416667
S1C_W0.81_r07,0.81,original,-0.1499999999999999,-0.09999999999999987,14782,0.005370367140997024
S1C_W0.81_r07,0.81,original,-0.09999999999999987,-0.04999999999999982,13948,0.005067371186755952
S1C_W0.81_r07,0.81,original,-0.04999999999999982,0.0,13343,0.004847571963355655
S1C_W0.81_r07,0.81,original,0.0,0.050000000000000266,12621,0.00458526611328125
S1C_W0.81_r07,0.81,original,0.050000000000000266,0.10000000000000009,11709,0.004253932407924107
S1C_W0.81_r07,0.81,original,0.10000000000000009,0.1499999999999999,11040,0.004010881696428571
S1C_W0.81_r07,0.81,original,0.1499999999999999,0.20000000000000018,10272,0.0037318638392857145
S1C_W0.81_r07,0.81,original,0.20000000000000018,0.25,9549,0.0034691946847098215
S1C_W0.81_r07,0.81,original,0.25,0.30000000000000027,8974,0.0032602945963541665
S1C_W0.81_r07,0.81,original,0.30000000000000027,0.3500000000000001,8374,0.0030423118954613095
S1C_W0.81_r07,0.81,original,0.3500000000000001,0.40000000000000036,7709,0.002800714401971726
S1C_W0.81_r07,0.81,original,0.40000000000000036,0.4500000000000002,7373,0.002678644089471726
S1C_W0.81_r07,0.81,original,0.4500000000000002,0.5,6767,0.0024584815615699405
S1C_W0.81_r07,0.81,original,0.5,0.5500000000000003,6362,0.002311343238467262
S1C_W0.81_r07,0.81,original,0.5500000000000003,0.6000000000000001,5947,0.0021605718703497025
S1C_W0.81_r07,0.81,original,0.6000000000000001,0.6500000000000004,5551,0.0020167032877604165
S1C_W0.81_r07,0.81,original,0.6500000000000004,0.7000000000000002,5262,0.0019117082868303572
S1C_W0.81_r07,0.81,original,0.7000000000000002,0.75,4958,0.0018012637183779762
S1C_W0.81_r07,0.81,original,0.75,0.8000000000000003,4481,0.0016279674711681548
S1C_W0.81_r07,0.81,original,0.8000000000000003,0.8500000000000001,4088,0.0014851888020833333
S1C_W0.81_r07,0.81,original,0.8500000000000001,0.9000000000000004,4002,0.0014539446149553572
S1C_W0.81_r07,0.81,original,0.9000000000000004,0.9500000000000002,3803,0.0013816470191592262
S1C_W0.81_r07,0.81,original,0.9500000000000002,1.0,3468,0.0012599400111607143
S1C_W0.81_r07,0.81,original,1.0,1.0500000000000003,3179,0.0011549450102306548
S1C_W0.81_r07,0.81,original,1.0500000000000003,1.1,2971,0.001079377673921131
S1C_W0.81_r07,0.81,original,1.1,1.1500000000000004,2770,0.0010063534691220238
S1C_W0.81_r07,0.81,original,1.1500000000000004,1.2000000000000002,2563,0.0009311494373139881
S1C_W0.81_r07,0.81,original,1.2000000000000002,1.25,2345,0.0008519490559895834
S1C_W0.81_r07,0.81,original,1.25,1.3000000000000003,2258,0.000820341564360119
S1C_W0.81_r07,0.81,original,1.3000000000000003,1.35,2067,0.0007509504045758929
S1C_W0.81_r07,0.81,original,1.35,1.4000000000000004,1833,0.0006659371512276786
S1C_W0.81_r07,0.81,original,1.4000000000000004,1.4500000000000002,1691,0.000614347912016369
S1C_W0.81_r07,0.81,original,1.4500000000000002,1.5,1574,0.0005718412853422619
S1C_W0.81_r07,0.81,original,1.5,1.5500000000000003,1263,0.0004588535853794643
S1C_W0.81_r07,0.81,original,1.5500000000000003,1.6,1339,0.0004864647274925595
S1C_W0.81_r07,0.81,original,1.6,1.6500000000000004,1255,0.0004559471493675595
S1C_W0.81_r07,0.81,original,1.6500000000000004,1.7000000000000002,1159,0.0004210699172247024
S1C_W0.81_r07,0.81,original,1.7000000000000002,1.75,1032,0.0003749302455357143
S1C_W0.81_r07,0.81,original,1.75,1.8000000000000003,942,0.0003422328404017857
S1C_W0.81_r07,0.81,original,1.8000000000000003,1.85,979,0.00035567510695684525
S1C_W0.81_r07,0.81,original,1.85,1.9000000000000004,748,0.00027175176711309525
S1C_W0.81_r07,0.81,original,1.9000000000000004,1.9500000000000002,576,0.00020926339285714285
S1C_W0.81_r07,0.81,original,1.9500000000000002,2.0,333,0.00012098039899553572
S1C_W0.81_r07,0.81,rearranged,-2.0,-1.95,117461,0.042674110049293154
S1C_W0.81_r07,0.81,rearranged,-1.95,-1.9,195646,0.07107907249813988
S1C_W0.81_r07,0.81,rearranged,-1.9,-1.85,222760,0.0809297107514881
S1C_W0.81_r07,0.81,rearranged,-1.85,-1.8,219132,0.07961164202008929
S1C_W0.81_r07,0.81,rearranged,-1.8,-1.75,192866,0.07006908598400298
S1C_W0.81_r07,0.81,rearranged,-1.75,-1.7,159587,0.057978675478980654
S1C_W0.81_r07,0.81,rearranged,-1.7,-1.65,132727,0.048220316569010414
S1C_W0.81_r07,0.81,rearranged,-1.65,-1.6,112864,0.041003999255952384
S1C_W0.81_r07,0.81,rearranged,-1.6,-1.55,99061,0.0359893072219122
S1C_W0.81_r07,0.81,rearranged,-1.55,-1.5,87898,0.031933739071800596
S1C_W0.81_r07,0.81,rearranged,-1.5,-1.45,79730,0.028966267903645832
S1C_W0.81_r07,0.81,rearranged,-1.45,-1.4,72929,0.026495433989025298
S1C_W0.81_r07,0.81,rearranged,-1.4,-1.35,66827,0.024278549920944942
S1C_W0.81_r07,0.81,rearranged,-1.35,-1.2999999999999998,61162,0.02222042992001488
S1C_W0.81_r07,0.81,rearranged,-1.2999999999999998,-1.25,56913,0.020676749093191966
S1C_W0.81_r07,0.81,rearranged,-1.25,-1.2,53392,0.01939755394345238
S1C_W0.81_r07,0.81,rearranged,-1.2,-1.15,49234,0.01788693382626488
S1C_W0.81_r07,0.81,rearranged,-1.15,-1.1,46152,0.016767229352678572
S1C_W0.81_r07,0.81,rearranged,-1.1,-1.0499999999999998,43475,0.015794663202194942
S1C_W0.81_r07,0.81,rearranged,-1.0499999999999998,-1.0,40775,0.014813741048177084
S1C_W0.81_r07,0.81,rearranged,-1.0,-0.95,38170,0.013867332821800596
S1C_W0.81_r07,0.81,rearranged,-0.95,-0.8999999999999999,36047,0.01309603736514137
S1C_W0.81_r07,0.81,rearranged,-0.8999999999999999,-0.8499999999999999,33506,0.01217288062686012
S1C_W0.81_r07,0.81,rearranged,-0.8499999999999999,-0.7999999999999998,31565,0.011467706589471726
S1C_W0.81_r07,0.81,rearranged,-0.7999999999999998,-0.75,29783,0.01082029796781994
S1C_W0.81_r07,0.81,rearranged,-0.75,-0.7,28158,0.010229928152901786
S1C_W0.81_r07,0.81,rearranged,-0.7,-0.6499999999999999,26669,0.009688967750186012
S1C_W0.81_r07,0.81,rearranged,-0.6499999999999999,-0.5999999999999999,25330,0.009202503022693452
S1C_W0.81_r07,0.81,rearranged,-0.5999999999999999,-0.5499999999999998,24035,0.00873202369326637
S1C_W0.81_r07,0.81,rearranged,-0.5499999999999998,-0.5,22769,0.00827208019438244
S1C_W0.81_r07,0.81,rearranged,-0.5,-0.44999999999999996,21601,0.007847740536644346
S1C_W0.81_r07,0.81,rearranged,-0.44999999999999996,-0.3999999999999999,20373,0.007401602608816964
S1C_W0.81_r07,0.81,rearranged,-0.3999999999999999,-0.34999999999999987,19186,0.006970360165550595
S1C_W0.81_r07,0.81,rearranged,-0.34999999999999987,-0.2999999999999998,18284,0.006642659505208333
S1C_W0.81_r07,0.81,rearranged,-0.2999999999999998,-0.25,17211,0.006252833775111607
S1C_W0.81_r07,0.81,rearranged,-0.25,-0.19999999999999996,16445,0.005974542526971726
S1C_W0.81_r07,0.81,rearranged,-0.19999999999999996,-0.1499999999999999,15281,0.005551656087239583
S1C_W0.81_r07,0.81,rearranged,-0.1499999999999999,-0.09999999999999987,14798,0.005376180013020833
S1C_W0.81_r07,0.81,rearranged,-0.09999999999999987,-0.04999999999999982,13882,0.005043393089657738
S1C_W0.81_r07,0.81,rearranged,-0.04999999999999982,0.0,13269,0.004820687430245536
S1C_W0.81_r07,0.81,rearranged,0.0,0.050000000000000266,12454,0.004524594261532738
S1C_W0.81_r07,0.81,rearranged,0.050000000000000266,0.10000000000000009,11834,0.004299345470610119
S1C_W0.81_r07,0.81,rearranged,0.10000000000000009,0.1499999999999999,10870,0.003949119931175595
S1C_W0.81_r07,0.81,rearranged,0.1499999999999999,0.20000000000000018,10074,0.0036599295479910715
S1C_W0.81_r07,0.81,rearranged,0.20000000000000018,0.25,9409,0.003418332054501488
S1C_W0.81_r07,0.81,rearranged,0.25,0.30000000000000027,8696,0.003159295944940476
S1C_W0.81_r07,0.81,rearranged,0.30000000000000027,0.3500000000000001,8336,0.003028506324404762
S1C_W0.81_r07,0.81,rearranged,0.3500000000000001,0.40000000000000036,7827,0.0028435843331473215
S1C_W0.81_r07,0.81,rearranged,0.40000000000000036,0.4500000000000002,7362,0.002674647739955357
S1C_W0.81_r07,0.81,rearranged,0.4500000000000002,0.5,6891,0.0025035313197544645
S1C_W0.81_r07,0.81,rearranged,0.5,0.5500000000000003,6430,0.0023360479445684525
S1C_W0.81_r07,0.81,rearranged,0.5500000000000003,0.6000000000000001,6058,0.002200898670014881
S1C_W0.81_r07,0.81,rearranged,0.6000000000000001,0.6500000000000004,5755,0.002090817406063988
S1C_W0.81_r07,0.81,rearranged,0.6500000000000004,0.7000000000000002,5341,0.0019404093424479167
S1C_W0.81_r07,0.81,rearranged,0.7000000000000002,0.75,4923,0.0017885480608258928
S1C_W0.81_r07,0.81,rearranged,0.75,0.8000000000000003,4603,0.0016722906203497025
S1C_W0.81_r07,0.81,rearranged,0.8000000000000003,0.8500000000000001,4460,0.0016203380766369048
S1C_W0.81_r07,0.81,rearranged,0.8500000000000001,0.9000000000000004,4030,0.0014641171409970238
S1C_W0.81_r07,0.81,rearranged,0.9000000000000004,0.9500000000000002,3739,0.001358395531063988
S1C_W0.81_r07,0.81,rearranged,0.9500000000000002,1.0,3526,0.0012810116722470238
S1C_W0.81_r07,0.81,rearranged,1.0,1.0500000000000003,3251,0.0011811029343377975
S1C_W0.81_r07,0.81,rearranged,1.0500000000000003,1.1,3073,0.0011164347330729167
S1C_W0.81_r07,0.81,rearranged,1.1,1.1500000000000004,2820,0.0010245186941964285
S1C_W0.81_r07,0.81,rearranged,1.1500000000000004,1.2000000000000002,2545,0.0009246099562872024
S1C_W0.81_r07,0.81,rearranged,1.2000000000000002,1.25,2411,0.0008759271530877976
S1C_W0.81_r07,0.81,rearranged,1.25,1.3000000000000003,2177,0.0007909138997395834
S1C_W0.81_r07,0.81,rearranged,1.3000000000000003,1.35,2085,0.0007574898856026786
S1C_W0.81_r07,0.81,rearranged,1.35,1.4000000000000004,1791,0.0006506783621651786
S1C_W0.81_r07,0.81,rearranged,1.4000000000000004,1.4500000000000002,1722,0.0006256103515625
S1C_W0.81_r07,0.81,rearranged,1.4500000000000002,1.5,1615,0.0005867367699032738
S1C_W0.81_r07,0.81,rearranged,1.5,1.5500000000000003,1363,0.0004951840355282738
S1C_W0.81_r07,0.81,rearranged,1.5500000000000003,1.6,1253,0.0004552205403645833
S1C_W0.81_r07,0.81,rearranged,1.6,1.6500000000000004,1165,0.00042324974423363094
S1C_W0.81_r07,0.81,rearranged,1.6500000000000004,1.7000000000000002,1097,0.0003985450381324405
S1C_W0.81_r07,0.81,rearranged,1.7000000000000002,1.75,1044,0.00037928989955357144
S1C_W0.81_r07,0.81,rearranged,1.75,1.8000000000000003,968,0.0003516787574404762
S1C_W0.81_r07,0.81,rearranged,1.8000000000000003,1.85,901,0.0003273373558407738
S1C_W0.81_r07,0.81,rearranged,1.85,1.9000000000000004,773,0.0002808343796502976
S1C_W0.81_r07,0.81,rearranged,1.9000000000000004,1.9500000000000002,571,0.00020744687034970238
S1C_W0.81_r07,0.81,rearranged,1.9500000000000002,2.0,316,0.0001148042224702381
S1C_W0.81_r08,0.81,original,-2.0,-1.95,117398,0.042651221865699404
S1C_W0.81_r08,0.81,original,-1.95,-1.9,195982,0.07120114281063988
S1C_W0.81_r08,0.81,original,-1.9,-1.85,222878,0.08097258068266369
S1C_W0.81_r08,0.81,original,-1.85,-1.8,218508,0.07938494001116071
S1C_W0.81_r08,0.81,original,-1.8,-1.75,192458,0.06992085774739583
S1C_W0.81_r08,0.81,original,-1.75,-1.7,159590,0.057979765392485116
S1C_W0.81_r08,0.81,original,-1.7,-1.65,132236,0.04804193405877976
S1C_W0.81_r08,0.81,original,-1.65,-1.6,112083,0.04072025844029018
S1C_W0.81_r08,0.81,original,-1.6,-1.55,98407,0.03575170607793899
S1C_W0.81_r08,0.81,original,-1.55,-1.5,87890,0.03193083263578869
S1C_W0.81_r08,0.81,original,-1.5,-1.45,80409,0.02921295166015625
S1C_W0.81_r08,0.81,original,-1.45,-1.4,72574,0.026366460890997024
S1C_W0.81_r08,0.81,original,-1.4,-1.35,67000,0.02434140159970238
S1C_W0.81_r08,0.81,original,-1.35,-1.2999999999999998,61647,0.022396632603236606
S1C_W0.81_r08,0.81,original,-1.2999999999999998,-1.25,57376,0.020844959077380952
S1C_W0.81_r08,0.81,original,-1.25,-1.2,53262,0.019350324358258928
S1C_W0.81_r08,0.81,original,-1.2,-1.15,49434,0.0179595947265625
S1C_W0.81_r08,0.81,original,-1.15,-1.1,45961,0.016697838192894346
S1C_W0.81_r08,0.81,original,-1.1,-1.0499999999999998,43517,0.015809921991257442
S1C_W0.81_r08,0.81,original,-1.0499999999999998,-1.0,41021,0.014903113955543154
S1C_W0.81_r08,0.81,original,-1.0,-0.95,38307,0.013917105538504464
S1C_W0.81_r08,0.81,original,-0.95,-0.8999999999999999,36063,0.013101850237165178
S1C_W0.81_r08,0.81,original,-0.8999999999999999,-0.8499999999999999,34032,0.012363978794642858
S1C_W0.81_r08,0.81,original,-0.8499999999999999,-0.7999999999999998,31877,0.011581057593936012
S1C_W0.81_r08,0.81,original,-0.7999999999999998,-0.75,30160,0.010957263764880952
S1C_W0.81_r08,0.81,original,-0.75,-0.7,28182,0.0102386474609375
S1C_W0.81_r08,0.81,original,-0.7,-0.6499999999999999,26908,0.009775797526041666
S1C_W0.81_r08,0.81,original,-0.6499999999999999,-0.5999999999999999,25387,0.009223211379278274
S1C_W0.81_r08,0.81,original,-0.5999999999999999,-0.5499999999999998,24037,0.008732750302269346
S1C_W0.81_r08,0.81,original,-0.5499999999999998,-0.5,23059,0.008377438499813988
S1C_W0.81_r08,0.81,original,-0.5,-0.44999999999999996,21512,0.007815406436011904
S1C_W0.81_r08,0.81,original,-0.44999999999999996,-0.3999999999999999,20485,0.007442292712983631
S1C_W0.81_r08,0.81,original,-0.3999999999999999,-0.34999999999999987,19272,0.007001604352678571
S1C_W0.81_r08,0.81,original,-0.34999999999999987,-0.2999999999999998,18413,0.006689525785900298
S1C_W0.81_r08,0.81,original,-0.2999999999999998,-0.25,17362,0.00630769275483631
S1C_W0.81_r08,0.81,original,-0.25,-0.19999999999999996,16485,0.00598907470703125
S1C_W0.81_r08,0.81,original,-0.19999999999999996,-0.1499999999999999,15572,0.005657377697172619
S1C_W0.81_r08,0.81,original,-0.1499999999999999,-0.09999999999999987,14839,0.005391075497581845
S1C_W0.81_r08,0.81,original,-0.09999999999999987,-0.04999999999999982,13877,0.005041576567150298
S1C_W0.81_r08,0.81,original,-0.04999999999999982,0.0,13129,0.004769824800037202
S1C_W0.81_r08,0.81,original,0.0,0.050000000000000266,12401,0.004505339122953869
S1C_W0.81_r08,0.81,original,0.050000000000000266,0.10000000000000009,11695,0.004248846144903274
S1C_W0.81_r08,0.81,original,0.10000000000000009,0.1499999999999999,10660,0.003872825985863095
S1C_W0.81_r08,0.81,original,0.1499999999999999,0.20000000000000018,10085,0.0036639258975074405
S1C_W0.81_r08,0.81,original,0.20000000000000018,0.25,9355,0.003398713611421131
S1C_W0.81_r08,0.81,original,0.25,0.30000000000000027,8789,0.003193083263578869
S1C_W0.81_r08,0.81,original,0.30000000000000027,0.3500000000000001,8297,0.003014337448846726
S1C_W0.81_r08,0.81,original,0.3500000000000001,0.40000000000000036,7871,0.0028595697312127975
S1C_W0.81_r08,0.81,original,0.40000000000000036,0.4500000000000002,7241,0.0026306878952752975
S1C_W0.81_r08,0.81,original,0.4500000000000002,0.5,6935,0.0025195167178199405
S1C_W0.81_r08,0.81,original,0.5,0.5500000000000003,6527,0.0023712884812127975
S1C_W0.81_r08,0.81,original,0.5500000000000003,0.6000000000000001,5996,0.002178373790922619
S1C_W0.81_r08,0.81,original,0.6000000000000001,0.6500000000000004,5483,0.001991998581659226
S1C_W0.81_r08,0.81,original,0.6500000000000004,0.7000000000000002,5321,0.0019331432524181548
S1C_W0.81_r08,0.81,original,0.7000000000000002,0.75,4858,0.0017649332682291667
S1C_W0.81_r08,0.81,original,0.75,0.8000000000000003,4491,0.0016316005161830357
S1C_W0.81_r08,0.81,original,0.8000000000000003,0.8500000000000001,4234,0.0015382312593005952
S1C_W0.81_r08,0.81,original,0.8500000000000001,0.9000000000000004,3941,0.0014317830403645833
S1C_W0.81_r08,0.81,original,0.9000000000000004,0.9500000000000002,3749,0.001362028576078869
S1C_W0.81_r08,0.81,original,0.9500000000000002,1.0,3453,0.0012544904436383928
S1C_W0.81_r08,0.81,original,1.0,1.0500000000000003,3329,0.001209440685453869
S1C_W0.81_r08,0.81,original,1.0500000000000003,1.1,3017,0.0010960896809895833
S1C_W0.81_r08,0.81,original,1.1,1.1500000000000004,2793,0.00101470947265625
S1C_W0.81_r08,0.81,original,1.1500000000000004,1.2000000000000002,2492,0.0009053548177083334
S1C_W0.81_r08,0.81,original,1.2000000000000002,1.25,2424,0.0008806501116071429
S1C_W0.81_r08,0.81,original,1.25,1.3000000000000003,2133,0.0007749285016741071
S1C_W0.81_r08,0.81,original,1.3000000000000003,1.35,1895,0.0006884620303199405
S1C_W0.81_r08,0.81,original,1.35,1.4000000000000004,1799,0.0006535847981770834
S1C_W0.81_r08,0.81,original,1.4000000000000004,1.4500000000000002,1724,0.0006263369605654762
S1C_W0.81_r08,0.81,original,1.4500000000000002,1.5,1559,0.0005663917178199405
S1C_W0.81_r08,0.81,original,1.5,1.5500000000000003,1409,0.0005118960425967262
S1C_W0.81_r08,0.81,original,1.5500000000000003,1.6,1323,0.00048065185546875
S1C_W0.81_r08,0.81,original,1.6,1.6500000000000004,1126,0.00040908086867559525
S1C_W0.81_r08,0.81,original,1.6500000000000004,1.7000000000000002,1072,0.0003894624255952381
S1C_W0.81_r08,0.81,original,1.7000000000000002,1.75,987,0.00035858154296875
S1C_W0.81_r08,0.81,original,1.75,1.8000000000000003,958,0.00034804571242559525
S1C_W0.81_r08,0.81,original,1.8000000000000003,1.85,834,0.00030299595424107144
S1C_W0.81_r08,0.81,original,1.85,1.9000000000000004,788,0.00028628394717261906
S1C_W0.81_r08,0.81,original,1.9000000000000004,1.9500000000000002,569,0.0002067202613467262
S1C_W0.81_r08,0.81,original,1.9500000000000002,2.0,310,0.00011262439546130953
S1C_W0.81_r08,0.81,rearranged,-2.0,-1.95,117672,0.042750767299107144
S1C_W0.81_r08,0.81,rearranged,-1.95,-1.9,196257,0.07130105154854911
S1C_W0.81_r08,0.81,rearranged,-1.9,-1.85,222428,0.08080909365699404
S1C_W0.81_r08,0.81,rearranged,-1.85,-1.8,219047,0.07958076113746279
S1C_W0.81_r08,0.81,rearranged,-1.8,-1.75,191911,0.06972213018508185
S1C_W0.81_r08,0.81,rearranged,-1.75,-1.7,160346,0.058254423595610116
S1C_W0.81_r08,0.81,rearranged,-1.7,-1.65,132462,0.04812404087611607
S1C_W0.81_r08,0.81,rearranged,-1.65,-1.6,112082,0.04071989513578869
S1C_W0.81_r08,0.81,rearranged,-1.6,-1.55,98155,0.03566015334356399
S1C_W0.81_r08,0.81,rearranged,-1.55,-1.5,87726,0.031871250697544644
S1C_W0.81_r08,0.81,rearranged,-1.5,-1.45,79509,0.028885977608816966
S1C_W0.81_r08,0.81,rearranged,-1.45,-1.4,72416,0.026309058779761904
S1C_W0.81_r08,0.81,rearranged,-1.4,-1.35,66801,0.02426910400390625
S1C_W0.81_r08,0.81,rearranged,-1.35,-1.2999999999999998,61570,0.022368658156622024
S1C_W0.81_r08,0.81,rearranged,-1.2999999999999998,-1.25,57057,0.02072906494140625
S1C_W0.81_r08,0.81,rearranged,-1.25,-1.2,53159,0.019312903994605654
S1C_W0.81_r08,0.81,rearranged,-1.2,-1.15,49497,0.01798248291015625
S1C_W0.81_r08,0.81,rearranged,-1.15,-1.1,46020,0.016719273158482144
S1C_W0.81_r08,0.81,rearranged,-1.1,-1.0499999999999998,43456,0.015787760416666668
S1C_W0.81_r08,0.81,rearranged,-1.0499999999999998,-1.0,40892,0.01485624767485119
S1C_W0.81_r08,0.81,rearranged,-1.0,-0.95,38252,0.01389712379092262
S1C_W0.81_r08,0.81,rearranged,-0.95,-0.8999999999999999,36194,0.01314944312686012
S1C_W0.81_r08,0.81,rearranged,-0.8999999999999999,-0.8499999999999999,33719,0.012250264485677084
S1C_W0.81_r08,0.81,rearranged,-0.8499999999999999,-0.7999999999999998,31969,0.011614481608072916
S1C_W0.81_r08,0.81,rearranged,-0.7999999999999998,-0.75,30103,0.01093655540829613
S1C_W0.81_r08,0.81,rearranged,-0.75,-0.7,28814,0.010468255905877976
S1C_W0.81_r08,0.81,rearranged,-0.7,-0.6499999999999999,26761,0.009722391764322916
S1C_W0.81_r08,0.81,rearranged,-0.6499999999999999,-0.5999999999999999,25419,0.009234837123325892
S1C_W0.81_r08,0.81,rearranged,-0.5999999999999999,-0.5499999999999998,23896,0.008681524367559524
S1C_W0.81_r08,0.81,rearranged,-0.5499999999999998,-0.5,22613,0.008215404692150298
S1C_W0.81_r08,0.81,rearranged,-0.5,-0.44999999999999996,21555,0.007831028529575892
S1C_W0.81_r08,0.81,rearranged,-0.44999999999999996,-0.3999999999999999,20471,0.007437206449962798
S1C_W0.81_r08,0.81,rearranged,-0.3999999999999999,-0.34999999999999987,19391,0.007044837588355655
S1C_W0.81_r08,0.81,rearranged,-0.34999999999999987,-0.2999999999999998,18489,0.006717136928013393
S1C_W0.81_r08,0.81,rearranged,-0.2999999999999998,-0.25,17369,0.006310235886346726
S1C_W0.81_r08,0.81,rearranged,-0.25,-0.19999999999999996,16375,0.00594911121186756
S1C_W0.81_r08,0.81,rearranged,-0.19999999999999996,-0.1499999999999999,15475,0.005622137160528274
S1C_W0.81_r08,0.81,rearranged,-0.1499999999999999,-0.09999999999999987,14706,0.005342755998883929
S1C_W0.81_r08,0.81,rearranged,-0.09999999999999987,-0.04999999999999982,13744,0.004993257068452381
S1C_W0.81_r08,0.81,rearranged,-0.04999999999999982,0.0,12938,0.004700433640252976
S1C_W0.81_r08,0.81,rearranged,0.0,0.050000000000000266,12520,0.004548572358630952
S1C_W0.81_r08,0.81,rearranged,0.050000000000000266,0.10000000000000009,11698,0.004249936058407738
S1C_W0.81_r08,0.81,rearranged,0.10000000000000009,0.1499999999999999,10784,0.003917875744047619
S1C_W0.81_r08,0.81,rearranged,0.1499999999999999,0.20000000000000018,10320,0.003749302455357143
S1C_W0.81_r08,0.81,rearranged,0.20000000000000018,0.25,9466,0.0034390404110863095
S1C_W0.81_r08,0.81,rearranged,0.25,0.30000000000000027,8703,0.003161839076450893
S1C_W0.81_r08,0.81,rearranged,0.30000000000000027,0.3500000000000001,8183,0.0029729207356770835
S1C_W0.81_r08,0.81,rearranged,0.3500000000000001,0.40000000000000036,7819,0.0028406778971354165
S1C_W0.81_r08,0.81,rearranged,0.40000000000000036,0.4500000000000002,7279,0.002644493466331845
S1C_W0.81_r08,0.81,rearranged,0.4500000000000002,0.5,6797,0.0024693806966145835
S1C_W0.81_r08,0.81,rearranged,0.5,0.5500000000000003,6398,0.0023244222005208335
S1C_W0.81_r08,0.81,rearranged,0.5500000000000003,0.6000000000000001,5958,0.0021645682198660715
S1C_W0.81_r08,0.81,rearranged,0.6000000000000001,0.6500000000000004,5462,0.001984369187127976
S1C_W0.81_r08,0.81,rearranged,0.6500000000000004,0.7000000000000002,5265,0.0019127982003348215
S1C_W0.81_r08,0.81,rearranged,0.7000000000000002,0.75,4786,0.0017387753441220238
S1C_W0.81_r08,0.81,rearranged,0.75,0.8000000000000003,4474,0.001625424339657738
S1C_W0.81_r08,0.81,rearranged,0.8000000000000003,0.8500000000000001,4283,0.001556033179873512
S1C_W0.81_r08,0.81,rearranged,0.8500000000000001,0.9000000000000004,3990,0.0014495849609375
S1C_W0.81_r08,0.81,rearranged,0.9000000000000004,0.9500000000000002,3632,0.001319521949404762
S1C_W0.81_r08,0.81,rearranged,0.9500000000000002,1.0,3462,0.0012577601841517857
S1C_W0.81_r08,0.81,rearranged,1.0,1.0500000000000003,3232,0.0011742001488095238
S1C_W0.81_r08,0.81,rearranged,1.0500000000000003,1.1,2934,0.0010659354073660715
S1C_W0.81_r08,0.81,rearranged,1.1,1.1500000000000004,2789,0.0010132562546502975
S1C_W0.81_r08,0.81,rearranged,1.1500000000000004,1.2000000000000002,2533,0.0009202503022693452
S1C_W0.81_r08,0.81,rearranged,1.2000000000000002,1.25,2452,0.0008908226376488095
S1C_W0.81_r08,0.81,rearranged,1.25,1.3000000000000003,2245,0.0008156186058407738
S1C_W0.81_r08,0.81,rearranged,1.3000000000000003,1.35,2186,0.0007941836402529762
S1C_W0.81_r08,0.81,rearranged,1.35,1.4000000000000004,1991,0.0007233392624627976
S1C_W0.81_r08,0.81,rearranged,1.4000000000000004,1.4500000000000002,1812,0.0006583077566964286
S1C_W0.81_r08,0.81,rearranged,1.4500000000000002,1.5,1787,0.0006492251441592262
S1C_W0.81_r08,0.81,rearranged,1.5,1.5500000000000003,1514,0.0005500430152529762
S1C_W0.81_r08,0.81,rearranged,1.5500000000000003,1.6,1470,0.0005340576171875
S1C_W0.81_r08,0.81,rearranged,1.6,1.6500000000000004,1327,0.0004821050734747024
S1C_W0.81_r08,0.81,rearranged,1.6500000000000004,1.7000000000000002,1226,0.00044541131882440475
S1C_W0.81_r08,0.81,rearranged,1.7000000000000002,1.75,1174,0.0004265194847470238
S1C_W0.81_r08,0.81,rearranged,1.75,1.8000000000000003,1008,0.0003662109375
S1C_W0.81_r08,0.81,rearranged,1.8000000000000003,1.85,939,0.00034114292689732144
S1C_W0.81_r08,0.81,rearranged,1.85,1.9000000000000004,846,0.00030735560825892856
S1C_W0.81_r08,0.81,rearranged,1.9000000000000004,1.9500000000000002,657,0.00023869105747767856
S1C_W0.81_r08,0.81,rearranged,1.9500000000000002,2.0,395,0.00014350527808779762
S1C_W0.81_r09,0.81,original,-2.0,-1.95,117377,0.042643592471168154
S1C_W0.81_r09,0.81,original,-1.95,-1.9,196119,0.07125091552734375
S1C_W0.81_r09,0.81,original,-1.9,-1.85,223321,0.08113352457682292
S1C_W0.81_r09,0.81,original,-1.85,-1.8,219122,0.0796080089750744
S1C_W0.81_r09,0.81,original,-1.8,-1.75,192418,0.06990632556733631
S1C_W0.81_r09,0.81,original,-1.75,-1.7,160138,0.058178856259300596
S1C_W0.81_r09,0.81,original,-1.7,-1.65,132206,0.048031034923735116
S1C_W0.81_r09,0.81,original,-1.65,-1.6,112745,0.0409607660202753
S1C_W0.81_r09,0.81,original,-1.6,-1.55,98546,0.035802205403645836
S1C_W0.81_r09,0.81,original,-1.55,-1.5,87960,0.031956263950892856
S1C_W0.81_r09,0.81,original,-1.5,-1.45,79771,0.028981163388206846
S1C_W0.81_r09,0.81,original,-1.45,-1.4,71958,0.026142665318080356
S1C_W0.81_r09,0.81,original,-1.4,-1.35,66807,0.024271283830915178
S1C_W0.81_r09,0.81,original,-1.35,-1.2999999999999998,61499,0.02234286353701637
S1C_W0.81_r09,0.81,original,-1.2999999999999998,-1.25,56896,0.020670572916666668
S1C_W0.81_r09,0.81,original,-1.25,-1.2,53485,0.019431341262090774
S1C_W0.81_r09,0.81,original,-1.2,-1.15,49706,0.01805841355096726
S1C_W0.81_r09,0.81,original,-1.15,-1.1,46239,0.016798836844308034
S1C_W0.81_r09,0.81,original,-1.1,-1.0499999999999998,43253,0.015714009602864582
S1C_W0.81_r09,0.81,original,-1.0499999999999998,-1.0,40196,0.014603387741815476
S1C_W0.81_r09,0.81,original,-1.0,-0.95,38192,0.013875325520833334
S1C_W0.81_r09,0.81,original,-0.95,-0.8999999999999999,35754,0.012989589146205358
S1C_W0.81_r09,0.81,original,-0.8999999999999999,-0.8499999999999999,33929,0.012326558430989584
S1C_W0.81_r09,0.81,original,-0.8499999999999999,-0.7999999999999998,31728,0.011526925223214286
S1C_W0.81_r09,0.81,original,-0.7999999999999998,-0.75,30155,0.010955447242373512
S1C_W0.81_r09,0.81,original,-0.75,-0.7,28294,0.010279337565104166
S1C_W0.81_r09,0.81,original,-0.7,-0.6499999999999999,27037,0.00982266380673363
S1C_W0.81_r09,0.81,original,-0.6499999999999999,-0.5999999999999999,25290,0.009187970842633928
S1C_W0.81_r09,0.81,original,-0.5999999999999999,-0.5499999999999998,24030,0.008730207170758928
S1C_W0.81_r09,0.81,original,-0.5499999999999998,-0.5,22576,0.008201962425595238
S1C_W0.81_r09,0.81,original,-0.5,-0.44999999999999996,21471,0.007800510951450893
S1C_W0.81_r09,0.81,original,-0.44999999999999996,-0.3999999999999999,20456,0.007431756882440476
S1C_W0.81_r09,0.81,original,-0.3999999999999999,-0.34999999999999987,19583,0.007114592052641369
S1C_W0.81_r09,0.81,original,-0.34999999999999987,-0.2999999999999998,18298,0.006647745768229167
S1C_W0.81_r09,0.81,original,-0.2999999999999998,-0.25,17306,0.006287347702752976
S1C_W0.81_r09,0.81,original,-0.25,-0.19999999999999996,16464,0.0059814453125
S1C_W0.81_r09,0.81,original,-0.19999999999999996,-0.1499999999999999,15472,0.00562104724702381
S1C_W0.81_r09,0.81,original,-0.1499999999999999,-0.09999999999999987,14774,0.005367460704985119
S1C_W0.81_r09,0.81,original,-0.09999999999999987,-0.04999999999999982,14218,0.005165463402157738
S1C_W0.81_r09,0.81,original,-0.04999999999999982,0.0,13297,0.004830859956287202
S1C_W0.81_r09,0.81,original,0.0,0.050000000000000266,12561,0.004563467843191964
S1C_W0.81_r09,0.81,original,0.050000000000000266,0.10000000000000009,11564,0.004201253255208333
S1C_W0.81_r09,0.81,original,0.10000000000000009,0.1499999999999999,10874,0.003950573149181548
S1C_W0.81_r09,0.81,original,0.1499999999999999,0.20000000000000018,10158,0.0036904471261160715
S1C_W0.81_r09,0.81,original,0.20000000000000018,0.25,9690,0.003520420619419643
S1C_W0.81_r09,0.81,original,0.25,0.30000000000000027,9046,0.0032864525204613095
S1C_W0.81_r09,0.81,original,0.30000000000000027,0.3500000000000001,8225,0.0029881795247395835
S1C_W0.81_r09,0.81,original,0.3500000000000001,0.40000000000000036,7867,0.002858116513206845
S1C_W0.81_r09,0.81,original,0.40000000000000036,0.4500000000000002,7295,0.002650306338355655
S1C_W0.81_r09,0.81,original,0.4500000000000002,0.5,6899,0.002506437755766369
S1C_W0.81_r09,0.81,original,0.5,0.5500000000000003,6402,0.0023258754185267855
S1C_W0.81_r09,0.81,original,0.5500000000000003,0.6000000000000001,6051,0.0021983555385044645
S1C_W0.81_r09,0.81,original,0.6000000000000001,0.6500000000000004,5432,0.0019734700520833335
S1C_W0.81_r09,0.81,original,0.6500000000000004,0.7000000000000002,5195,0.0018873668852306548
S1C_W0.81_r09,0.81,original,0.7000000000000002,0.75,4915,0.001785641624813988
S1C_W0.81_r09,0.81,original,0.75,0.8000000000000003,4550,0.0016530354817708333
S1C_W0.81_r09,0.81,original,0.8000000000000003,0.8500000000000001,4273,0.001552400134858631
S1C_W0.81_r09,0.81,original,0.8500000000000001,0.9000000000000004,4080,0.0014822823660714285
S1C_W0.81_r09,0.81,original,0.9000000000000004,0.9500000000000002,3731,0.0013554890950520833
S1C_W0.81_r09,0.81,original,0.9500000000000002,1.0,3459,0.0012566702706473215
S1C_W0.81_r09,0.81,original,1.0,1.0500000000000003,3219,0.0011694771902901785
S1C_W0.81_r09,0.81,original,1.0500000000000003,1.1,3008,0.0010928199404761905
S1C_W0.81_r09,0.81,original,1.1,1.1500000000000004,2709,0.00098419189453125
S1C_W0.81_r09,0.81,original,1.1500000000000004,1.2000000000000002,2532,0.0009198869977678571
S1C_W0.81_r09,0.81,original,1.2000000000000002,1.25,2333,0.0008475894019717262
S1C_W0.81_r09,0.81,original,1.25,1.3000000000000003,2151,0.0007814679827008929
S1C_W0.81_r09,0.81,original,1.3000000000000003,1.35,1967,0.0007146199544270834
S1C_W0.81_r09,0.81,original,1.35,1.4000000000000004,1799,0.0006535847981770834
S1C_W0.81_r09,0.81,original,1.4000000000000004,1.4500000000000002,1664,0.0006045386904761905
S1C_W0.81_r09,0.81,original,1.4500000000000002,1.5,1560,0.0005667550223214286
S1C_W0.81_r09,0.81,original,1.5,1.5500000000000003,1426,0.0005180722191220238
S1C_W0.81_r09,0.81,original,1.5500000000000003,1.6,1292,0.00046938941592261906
S1C_W0.81_r09,0.81,original,1.6,1.6500000000000004,1191,0.00043269566127232144
S1C_W0.81_r09,0.81,original,1.6500000000000004,1.7000000000000002,1077,0.00039127894810267856
S1C_W0.81_r09,0.81,original,1.7000000000000002,1.75,963,0.0003498622349330357
S1C_W0.81_r09,0.81,original,1.75,1.8000000000000003,907,0.0003295171828497024
S1C_W0.81_r09,0.81,original,1.8000000000000003,1.85,845,0.0003069923037574405
S1C_W0.81_r09,0.81,original,1.85,1.9000000000000004,711,0.0002583095005580357
S1C_W0.81_r09,0.81,original,1.9000000000000004,1.9500000000000002,482,0.0001751127697172619
S1C_W0.81_r09,0.81,original,1.9500000000000002,2.0,323,0.00011734735398065477
S1C_W0.81_r09,0.81,rearranged,-2.0,-1.95,118052,0.042888823009672616
S1C_W0.81_r09,0.81,rearranged,-1.95,-1.9,197006,0.07157316662016369
S1C_W0.81_r09,0.81,rearranged,-1.9,-1.85,224570,0.08158729189918154
S1C_W0.81_r09,0.81,rearranged,-1.85,-1.8,220532,0.08012026832217262
S1C_W0.81_r09,0.81,rearranged,-1.8,-1.75,193735,0.07038479759579613
S1C_W0.81_r09,0.81,rearranged,-1.75,-1.7,160543,0.05832599458240327
S1C_W0.81_r09,0.81,rearranged,-1.7,-1.65,132912,0.04828752790178571
S1C_W0.81_r09,0.81,rearranged,-1.65,-1.6,112604,0.04090954008556548
S1C_W0.81_r09,0.81,rearranged,-1.6,-1.55,98587,0.035817100888206846
S1C_W0.81_r09,0.81,rearranged,-1.55,-1.5,87410,0.031756446475074404
S1C_W0.81_r09,0.81,rearranged,-1.5,-1.45,79012,0.02870541527157738
S1C_W0.81_r09,0.81,rearranged,-1.45,-1.4,72341,0.026281810942150298
S1C_W0.81_r09,0.81,rearranged,-1.4,-1.35,66500,0.024159749348958332
S1C_W0.81_r09,0.81,rearranged,-1.35,-1.2999999999999998,61122,0.022205897739955356
S1C_W0.81_r09,0.81,rearranged,-1.2999999999999998,-1.25,56496,0.020525251116071428
S1C_W0.81_r09,0.81,rearranged,-1.25,-1.2,52676,0.019137427920386904
S1C_W0.81_r09,0.81,rearranged,-1.2,-1.15,48751,0.01771145775204613
S1C_W0.81_r09,0.81,rearranged,-1.15,-1.1,45768,0.016627720424107144
S1C_W0.81_r09,0.81,rearranged,-1.1,-1.0499999999999998,43197,0.01569366455078125
S1C_W0.81_r09,0.81,rearranged,-1.0499999999999998,-1.0,40156,0.014588855561755952
S1C_W0.81_r09,0.81,rearranged,-1.0,-0.95,37944,0.013785226004464286
S1C_W0.81_r09,0.81,rearranged,-0.95,-0.8999999999999999,35545,0.012913658505394346
S1C_W0.81_r09,0.81,rearranged,-0.8999999999999999,-0.8499999999999999,33381,0.012127467564174108
S1C_W0.81_r09,0.81,rearranged,-0.8499999999999999,-0.7999999999999998,31840,0.011567615327380952
S1C_W0.81_r09,0.81,rearranged,-0.7999999999999998,-0.75,29831,0.01083773658389137
S1C_W0.81_r09,0.81,rearranged,-0.75,-0.7,28453,0.010337102980840774
S1C_W0.81_r09,0.81,rearranged,-0.7,-0.6499999999999999,26898,0.009772164481026786
S1C_W0.81_r09,0.81,rearranged,-0.6499999999999999,-0.5999999999999999,24843,0.00902557373046875
S1C_W0.81_r09,0.81,rearranged,-0.5999999999999999,-0.5499999999999998,23848,0.008664085751488096
S1C_W0.81_r09,0.81,rearranged,-0.5499999999999998,-0.5,22662,0.008233206612723214
S1C_W0.81_r09,0.81,rearranged,-0.5,-0.44999999999999996,21379,0.007767086937313988
S1C_W0.81_r09,0.81,rearranged,-0.44999999999999996,-0.3999999999999999,20334,0.007387433733258929
S1C_W0.81_r09,0.81,rearranged,-0.3999999999999999,-0.34999999999999987,19573,0.007110959007626488
S1C_W0.81_r09,0.81,rearranged,-0.34999999999999987,-0.2999999999999998,18248,0.006629580543154762
S1C_W0.81_r09,0.81,rearranged,-0.2999999999999998,-0.25,17172,0.006238664899553571
S1C_W0.81_r09,0.81,rearranged,-0.25,-0.19999999999999996,16186,0.00588044666108631
S1C_W0.81_r09,0.81,rearranged,-0.19999999999999996,-0.1499999999999999,15677,0.005695524669828869
S1C_W0.81_r09,0.81,rearranged,-0.1499999999999999,-0.09999999999999987,14644,0.005320231119791667
S1C_W0.81_r09,0.81,rearranged,-0.09999999999999987,-0.04999999999999982,13943,0.005065554664248512
S1C_W0.81_r09,0.81,rearranged,-0.04999999999999982,0.0,13496,0.004903157552083333
S1C_W0.81_r09,0.81,rearranged,0.0,0.050000000000000266,12639,0.004591805594308036
S1C_W0.81_r09,0.81,rearranged,0.050000000000000266,0.10000000000000009,11839,0.00430116199311756
S1C_W0.81_r09,0.81,rearranged,0.10000000000000009,0.1499999999999999,10981,0.003989446730840774
S1C_W0.81_r09,0.81,rearranged,0.1499999999999999,0.20000000000000018,10307,0.0037445794968377975
S1C_W0.81_r09,0.81,rearranged,0.20000000000000018,0.25,9775,0.003551301502046131
S1C_W0.81_r09,0.81,rearranged,0.25,0.30000000000000027,8924,0.003242129371279762
S1C_W0.81_r09,0.81,rearranged,0.30000000000000027,0.3500000000000001,8436,0.0030648367745535715
S1C_W0.81_r09,0.81,rearranged,0.3500000000000001,0.40000000000000036,7969,0.002895173572358631
S1C_W0.81_r09,0.81,rearranged,0.40000000000000036,0.4500000000000002,7493,0.0027222406296502975
S1C_W0.81_r09,0.81,rearranged,0.4500000000000002,0.5,6902,0.0025075276692708335
S1C_W0.81_r09,0.81,rearranged,0.5,0.5500000000000003,6499,0.002361115955171131
S1C_W0.81_r09,0.81,rearranged,0.5500000000000003,0.6000000000000001,6062,0.0022023518880208335
S1C_W0.81_r09,0.81,rearranged,0.6000000000000001,0.6500000000000004,5608,0.002037411644345238
S1C_W0.81_r09,0.81,rearranged,0.6500000000000004,0.7000000000000002,5275,0.0019164312453497025
S1C_W0.81_r09,0.81,rearranged,0.7000000000000002,0.75,4977,0.00180816650390625
S1C_W0.81_r09,0.81,rearranged,0.75,0.8000000000000003,4491,0.0016316005161830357
S1C_W0.81_r09,0.81,rearranged,0.8000000000000003,0.8500000000000001,4158,0.0015106201171875
S1C_W0.81_r09,0.81,rearranged,0.8500000000000001,0.9000000000000004,4026,0.0014626639229910715
S1C_W0.81_r09,0.81,rearranged,0.9000000000000004,0.9500000000000002,3667,0.0013322376069568452
S1C_W0.81_r09,0.81,rearranged,0.9500000000000002,1.0,3512,0.0012759254092261905
S1C_W0.81_r09,0.81,rearranged,1.0,1.0500000000000003,3173,0.0011527651832217262
S1C_W0.81_r09,0.81,rearranged,1.0500000000000003,1.1,2773,0.001007443382626488
S1C_W0.81_r09,0.81,rearranged,1.1,1.1500000000000004,2763,0.0010038103376116072
S1C_W0.81_r09,0.81,rearranged,1.1500000000000004,1.2000000000000002,2453,0.0008911859421502976
S1C_W0.81_r09,0.81,rearranged,1.2000000000000002,1.25,2366,0.0008595784505208334
S1C_W0.81_r09,0.81,rearranged,1.25,1.3000000000000003,2193,0.0007967267717633929
S1C_W0.81_r09,0.81,rearranged,1.3000000000000003,1.35,2045,0.0007429577055431548
S1C_W0.81_r09,0.81,rearranged,1.35,1.4000000000000004,1857,0.0006746564592633929
S1C_W0.81_r09,0.81,rearranged,1.4000000000000004,1.4500000000000002,1598,0.0005805605933779762
S1C_W0.81_r09,0.81,rearranged,1.4500000000000002,1.5,1443,0.0005242483956473214
S1C_W0.81_r09,0.81,rearranged,1.5,1.5500000000000003,1346,0.0004890078590029762
S1C_W0.81_r09,0.81,rearranged,1.5500000000000003,1.6,1213,0.0004406883603050595
S1C_W0.81_r09,0.81,rearranged,1.6,1.6500000000000004,1056,0.00038364955357142856
S1C_W0.81_r09,0.81,rearranged,1.6500000000000004,1.7000000000000002,1016,0.00036911737351190475
S1C_W0.81_r09,0.81,rearranged,1.7000000000000002,1.75,916,0.00033278692336309525
S1C_W0.81_r09,0.81,rearranged,1.75,1.8000000000000003,824,0.0002993629092261905
S1C_W0.81_r09,0.81,rearranged,1.8000000000000003,1.85,714,0.0002593994140625
S1C_W0.81_r09,0.81,rearranged,1.85,1.9000000000000004,612,0.00022234235491071428
S1C_W0.81_r09,0.81,rearranged,1.9000000000000004,1.9500000000000002,480,0.00017438616071428572
S1C_W0.81_r09,0.81,rearranged,1.9500000000000002,2.0,264,9.591238839285714e-05
S1C_W0.81_r10,0.81,original,-2.0,-1.95,118180,0.042935325985863096
S1C_W0.81_r10,0.81,original,-1.95,-1.9,196035,0.07122039794921875
S1C_W0.81_r10,0.81,original,-1.9,-1.85,224304,0.08149065290178571
S1C_W0.81_r10,0.81,original,-1.85,-1.8,219746,0.07983471098400298
S1C_W0.81_r10,0.81,original,-1.8,-1.75,193197,0.07018933977399554
S1C_W0.81_r10,0.81,original,-1.75,-1.7,159673,0.058009919666108634
S1C_W0.81_r10,0.81,original,-1.7,-1.65,132465,0.04812513078962054
S1C_W0.81_r10,0.81,original,-1.65,-1.6,112682,0.04093787783668155
S1C_W0.81_r10,0.81,original,-1.6,-1.55,98735,0.035870869954427086
S1C_W0.81_r10,0.81,original,-1.55,-1.5,88335,0.032092503138950894
S1C_W0.81_r10,0.81,original,-1.5,-1.45,79211,0.02877771286737351
S1C_W0.81_r10,0.81,original,-1.45,-1.4,72557,0.026360284714471726
S1C_W0.81_r10,0.81,original,-1.4,-1.35,66437,0.024136861165364582
S1C_W0.81_r10,0.81,original,-1.35,-1.2999999999999998,61316,0.022276378813244048
S1C_W0.81_r10,0.81,original,-1.2999999999999998,-1.25,56792,0.020632789248511904
S1C_W0.81_r10,0.81,original,-1.25,-1.2,52774,0.01917303176153274
S1C_W0.81_r10,0.81,original,-1.2,-1.15,49385,0.017941792805989582
S1C_W0.81_r10,0.81,original,-1.15,-1.1,46215,0.016790117536272322
S1C_W0.81_r10,0.81,original,-1.1,-1.0499999999999998,43287,0.015726361955915178
S1C_W0.81_r10,0.81,original,-1.0499999999999998,-1.0,40587,0.014745439801897322
S1C_W0.81_r10,0.81,original,-1.0,-0.95,38118,0.013848440987723214
S1C_W0.81_r10,0.81,original,-0.95,-0.8999999999999999,35714,0.012975056966145834
S1C_W0.81_r10,0.81,original,-0.8999999999999999,-0.8499999999999999,33468,0.012159075055803572
S1C_W0.81_r10,0.81,original,-0.8499999999999999,-0.7999999999999998,31884,0.011583600725446428
S1C_W0.81_r10,0.81,original,-0.7999999999999998,-0.75,29923,0.010871160598028274
S1C_W0.81_r10,0.81,original,-0.75,-0.7,28149,0.010226658412388392
S1C_W0.81_r10,0.81,original,-0.7,-0.6499999999999999,26538,0.009641374860491072
S1C_W0.81_r10,0.81,original,-0.6499999999999999,-0.5999999999999999,25574,0.009291149321056548
S1C_W0.81_r10,0.81,original,-0.5999999999999999,-0.5499999999999998,23974,0.008709862118675596
S1C_W0.81_r10,0.81,original,-0.5499999999999998,-0.5,22547,0.008191426595052084
S1C_W0.81_r10,0.81,original,-0.5,-0.44999999999999996,21367,0.007762727283296131
S1C_W0.81_r10,0.81,original,-0.44999999999999996,-0.3999999999999999,20326,0.007384527297247024
S1C_W0.81_r10,0.81,original,-0.3999999999999999,-0.34999999999999987,19227,0.006985255650111607
S1C_W0.81_r10,0.81,original,-0.34999999999999987,-0.2999999999999998,18221,0.006619771321614583
S1C_W0.81_r10,0.81,original,-0.2999999999999998,-0.25,17341,0.00630006336030506
S1C_W0.81_r10,0.81,original,-0.25,-0.19999999999999996,16609,0.006034124465215774
S1C_W0.81_r10,0.81,original,-0.19999999999999996,-0.1499999999999999,15475,0.005622137160528274
S1C_W0.81_r10,0.81,original,-0.1499999999999999,-0.09999999999999987,14815,0.005382356189546131
S1C_W0.81_r10,0.81,original,-0.09999999999999987,-0.04999999999999982,13953,0.005069187709263393
S1C_W0.81_r10,0.81,original,-0.04999999999999982,0.0,13195,0.004793802897135417
S1C_W0.81_r10,0.81,original,0.0,0.050000000000000266,12424,0.004513695126488095
S1C_W0.81_r10,0.81,original,0.050000000000000266,0.10000000000000009,11520,0.004185267857142857
S1C_W0.81_r10,0.81,original,0.10000000000000009,0.1499999999999999,10787,0.003918965657552083
S1C_W0.81_r10,0.81,original,0.1499999999999999,0.20000000000000018,10237,0.003719148181733631
S1C_W0.81_r10,0.81,original,0.20000000000000018,0.25,9363,0.0034016200474330355
S1C_W0.81_r10,0.81,original,0.25,0.30000000000000027,8852,0.003215971447172619
S1C_W0.81_r10,0.81,original,0.30000000000000027,0.3500000000000001,8311,0.0030194237118675595
S1C_W0.81_r10,0.81,original,0.3500000000000001,0.40000000000000036,7893,0.0028675624302455355
S1C_W0.81_r10,0.81,original,0.40000000000000036,0.4500000000000002,7168,0.0026041666666666665
S1C_W0.81_r10,0.81,original,0.4500000000000002,0.5,6880,0.002499534970238095
S1C_W0.81_r10,0.81,original,0.5,0.5500000000000003,6307,0.0022913614908854165
S1C_W0.81_r10,0.81,original,0.5500000000000003,0.6000000000000001,6055,0.0021998087565104165
S1C_W0.81_r10,0.81,original,0.6000000000000001,0.6500000000000004,5630,0.002045404343377976
S1C_W0.81_r10,0.81,original,0.6500000000000004,0.7000000000000002,5211,0.0018931797572544643
S1C_W0.81_r10,0.81,original,0.7000000000000002,0.75,4797,0.0017427716936383928
S1C_W0.81_r10,0.81,original,0.75,0.8000000000000003,4703,0.001708621070498512
S1C_W0.81_r10,0.81,original,0.8000000000000003,0.8500000000000001,4290,0.0015585763113839285
S1C_W0.81_r10,0.81,original,0.8500000000000001,0.9000000000000004,4053,0.00147247314453125
S1C_W0.81_r10,0.81,original,0.9000000000000004,0.9500000000000002,3740,0.0013587588355654762
S1C_W0.81_r10,0.81,original,0.9500000000000002,1.0,3407,0.0012377784365699405
S1C_W0.81_r10,0.81,original,1.0,1.0500000000000003,3232,0.0011742001488095238
S1C_W0.81_r10,0.81,original,1.0500000000000003,1.1,2921,0.0010612124488467262
S1C_W0.81_r10,0.81,original,1.1,1.1500000000000004,2713,0.0009856451125372025
S1C_W0.81_r10,0.81,original,1.1500000000000004,1.2000000000000002,2514,0.0009133475167410714
S1C_W0.81_r10,0.81,original,1.2000000000000002,1.25,2381,0.0008650280180431548
S1C_W0.81_r10,0.81,original,1.25,1.3000000000000003,2177,0.0007909138997395834
S1C_W0.81_r10,0.81,original,1.3000000000000003,1.35,2037,0.00074005126953125
S1C_W0.81_r10,0.81,original,1.35,1.4000000000000004,1844,0.0006699335007440476
S1C_W0.81_r10,0.81,original,1.4000000000000004,1.4500000000000002,1713,0.0006223406110491071
S1C_W0.81_r10,0.81,original,1.4500000000000002,1.5,1634,0.0005936395554315476
S1C_W0.81_r10,0.81,original,1.5,1.5500000000000003,1459,0.000530061267671131
S1C_W0.81_r10,0.81,original,1.5500000000000003,1.6,1279,0.0004646664574032738
S1C_W0.81_r10,0.81,original,1.6,1.6500000000000004,1174,0.0004265194847470238
S1C_W0.81_r10,0.81,original,1.6500000000000004,1.7000000000000002,1119,0.00040653773716517856
S1C_W0.81_r10,0.81,original,1.7000000000000002,1.75,987,0.00035858154296875
S1C_W0.81_r10,0.81,original,1.75,1.8000000000000003,945,0.00034332275390625
S1C_W0.81_r10,0.81,original,1.8000000000000003,1.85,784,0.0002848307291666667
S1C_W0.81_r10,0.81,original,1.85,1.9000000000000004,731,0.0002655755905877976
S1C_W0.81_r10,0.81,original,1.9000000000000004,1.9500000000000002,585,0.00021253313337053572
S1C_W0.81_r10,0.81,original,1.9500000000000002,2.0,324,0.00011771065848214286
S1C_W0.81_r10,0.81,rearranged,-2.0,-1.95,119369,0.04336729503813244
S1C_W0.81_r10,0.81,rearranged,-1.95,-1.9,196976,0.07156226748511904
S1C_W0.81_r10,0.81,rearranged,-1.9,-1.85,224175,0.08144378662109375
S1C_W0.81_r10,0.81,rearranged,-1.85,-1.8,220023,0.07993534633091517
S1C_W0.81_r10,0.81,rearranged,-1.8,-1.75,193116,0.070159912109375
S1C_W0.81_r10,0.81,rearranged,-1.75,-1.7,159548,0.057964506603422616
S1C_W0.81_r10,0.81,rearranged,-1.7,-1.65,131957,0.047940572102864586
S1C_W0.81_r10,0.81,rearranged,-1.65,-1.6,112612,0.040912446521577384
S1C_W0.81_r10,0.81,rearranged,-1.6,-1.55,98798,0.035893758138020836
S1C_W0.81_r10,0.81,rearranged,-1.55,-1.5,87732,0.03187343052455357
S1C_W0.81_r10,0.81,rearranged,-1.5,-1.45,79249,0.028791518438430058
S1C_W0.81_r10,0.81,rearranged,-1.45,-1.4,72095,0.026192438034784226
S1C_W0.81_r10,0.81,rearranged,-1.4,-1.35,66147,0.024031502859933034
S1C_W0.81_r10,0.81,rearranged,-1.35,-1.2999999999999998,61059,0.022183009556361606
S1C_W0.81_r10,0.81,rearranged,-1.2999999999999998,-1.25,56211,0.020421709333147322
S1C_W0.81_r10,0.81,rearranged,-1.25,-1.2,52573,0.01910000755673363
S1C_W0.81_r10,0.81,rearranged,-1.2,-1.15,49098,0.0178375244140625
S1C_W0.81_r10,0.81,rearranged,-1.15,-1.1,46110,0.016751970563616072
S1C_W0.81_r10,0.81,rearranged,-1.1,-1.0499999999999998,43253,0.015714009602864582
S1C_W0.81_r10,0.81,rearranged,-1.0499999999999998,-1.0,40132,0.014580136253720238
S1C_W0.81_r10,0.81,rearranged,-1.0,-0.95,38455,0.013970874604724702
S1C_W0.81_r10,0.81,rearranged,-0.95,-0.8999999999999999,35528,0.012907482328869048
S1C_W0.81_r10,0.81,rearranged,-0.8999999999999999,-0.8499999999999999,33798,0.012278965541294642
S1C_W0.81_r10,0.81,rearranged,-0.8499999999999999,-0.7999999999999998,32027,0.011635553269159226
S1C_W0.81_r10,0.81,rearranged,-0.7999999999999998,-0.75,30173,0.010961986723400298
S1C_W0.81_r10,0.81,rearranged,-0.75,-0.7,28546,0.010370890299479166
S1C_W0.81_r10,0.81,rearranged,-0.7,-0.6499999999999999,26628,0.009674072265625
S1C_W0.81_r10,0.81,rearranged,-0.6499999999999999,-0.5999999999999999,25306,0.009193783714657738
S1C_W0.81_r10,0.81,rearranged,-0.5999999999999999,-0.5499999999999998,24078,0.008747645786830358
S1C_W0.81_r10,0.81,rearranged,-0.5499999999999998,-0.5,22561,0.008196512858072916
S1C_W0.81_r10,0.81,rearranged,-0.5,-0.44999999999999996,21733,0.007895696730840774
S1C_W0.81_r10,0.81,rearranged,-0.44999999999999996,-0.3999999999999999,20385,0.007405962262834821
S1C_W0.81_r10,0.81,rearranged,-0.3999999999999999,-0.34999999999999987,19281,0.007004874093191964
S1C_W0.81_r10,0.81,rearranged,-0.34999999999999987,-0.2999999999999998,18194,0.006609962100074405
S1C_W0.81_r10,0.81,rearranged,-0.2999999999999998,-0.25,17293,0.006282624744233631
S1C_W0.81_r10,0.81,rearranged,-0.25,-0.19999999999999996,16332,0.005933489118303571
S1C_W0.81_r10,0.81,rearranged,-0.19999999999999996,-0.1499999999999999,15457,0.005615597679501488
S1C_W0.81_r10,0.81,rearranged,-0.1499999999999999,-0.09999999999999987,14813,0.005381629580543155
S1C_W0.81_r10,0.81,rearranged,-0.09999999999999987,-0.04999999999999982,14143,0.005138215564546131
S1C_W0.81_r10,0.81,rearranged,-0.04999999999999982,0.0,13257,0.004816327776227679
S1C_W0.81_r10,0.81,rearranged,0.0,0.050000000000000266,12346,0.004485357375372024
S1C_W0.81_r10,0.81,rearranged,0.050000000000000266,0.10000000000000009,11610,0.004217965262276786
S1C_W0.81_r10,0.81,rearranged,0.10000000000000009,0.1499999999999999,10836,0.003936767578125
S1C_W0.81_r10,0.81,rearranged,0.1499999999999999,0.20000000000000018,10010,0.0036366780598958335
S1C_W0.81_r10,0.81,rearranged,0.20000000000000018,0.25,9597,0.00348663330078125
S1C_W0.81_r10,0.81,rearranged,0.25,0.30000000000000027,8966,0.003257388160342262
S1C_W0.81_r10,0.81,rearranged,0.30000000000000027,0.3500000000000001,8311,0.0030194237118675595
S1C_W0.81_r10,0.81,rearranged,0.3500000000000001,0.40000000000000036,7643,0.002776736304873512
S1C_W0.81_r10,0.81,rearranged,0.40000000000000036,0.4500000000000002,7258,0.002636864071800595
S1C_W0.81_r10,0.81,rearranged,0.4500000000000002,0.5,6789,0.0024664742606026785
S1C_W0.81_r10,0.81,rearranged,0.5,0.5500000000000003,6451,0.0023436773390997025
S1C_W0.81_r10,0.81,rearranged,0.5500000000000003,0.6000000000000001,5993,0.002177283877418155
S1C_W0.81_r10,0.81,rearranged,0.6000000000000001,0.6500000000000004,5591,0.0020312354678199405
S1C_W0.81_r10,0.81,rearranged,0.6500000000000004,0.7000000000000002,5239,0.001903352283296131
S1C_W0.81_r10,0.81,rearranged,0.7000000000000002,0.75,4811,0.0017478579566592262
S1C_W0.81_r10,0.81,rearranged,0.75,0.8000000000000003,4495,0.001633053734188988
S1C_W0.81_r10,0.81,rearranged,0.8000000000000003,0.8500000000000001,4318,0.0015687488374255952
S1C_W0.81_r10,0.81,rearranged,0.8500000000000001,0.9000000000000004,4013,0.0014579409644717262
S1C_W0.81_r10,0.81,rearranged,0.9000000000000004,0.9500000000000002,3814,0.0013856433686755952
S1C_W0.81_r10,0.81,rearranged,0.9500000000000002,1.0,3468,0.0012599400111607143
S1C_W0.81_r10,0.81,rearranged,1.0,1.0500000000000003,3247,0.0011796497163318452
S1C_W0.81_r10,0.81,rearranged,1.0500000000000003,1.1,3032,0.0011015392485119048
S1C_W0.81_r10,0.81,rearranged,1.1,1.1500000000000004,2773,0.001007443382626488
S1C_W0.81_r10,0.81,rearranged,1.1500000000000004,1.2000000000000002,2649,0.0009623936244419643
S1C_W0.81_r10,0.81,rearranged,1.2000000000000002,1.25,2387,0.0008672078450520834
S1C_W0.81_r10,0.81,rearranged,1.25,1.3000000000000003,2300,0.000835600353422619
S1C_W0.81_r10,0.81,rearranged,1.3000000000000003,1.35,2064,0.0007498604910714286
S1C_W0.81_r10,0.81,rearranged,1.35,1.4000000000000004,1804,0.0006554013206845238
S1C_W0.81_r10,0.81,rearranged,1.4000000000000004,1.4500000000000002,1676,0.0006088983444940476
S1C_W0.81_r10,0.81,rearranged,1.4500000000000002,1.5,1608,0.0005841936383928571
S1C_W0.81_r10,0.81,rearranged,1.5,1.5500000000000003,1488,0.0005405970982142857
S1C_W0.81_r10,0.81,rearranged,1.5500000000000003,1.6,1336,0.00048537481398809525
S1C_W0.81_r10,0.81,rearranged,1.6,1.6500000000000004,1193,0.0004334222702752976
S1C_W0.81_r10,0.81,rearranged,1.6500000000000004,1.7000000000000002,1001,0.0003636678059895833
S1C_W0.81_r10,0.81,rearranged,1.7000000000000002,1.75,1005,0.0003651210239955357
S1C_W0.81_r10,0.81,rearranged,1.75,1.8000000000000003,864,0.0003138950892857143
S1C_W0.81_r10,0.81,rearranged,1.8000000000000003,1.85,830,0.00030154273623511906
S1C_W0.81_r10,0.81,rearranged,1.85,1.9000000000000004,649,0.0002357846214657738
S1C_W0.81_r10,0.81,rearranged,1.9000000000000004,1.9500000000000002,531,0.00019291469029017856
S1C_W0.81_r10,0.81,rearranged,1.9500000000000002,2.0,295,0.0001071748279389881
S1C_W0.81_r11,0.81,original,-2.0,-1.95,117672,0.042750767299107144
S1C_W0.81_r11,0.81,original,-1.95,-1.9,195237,0.07093048095703125
S1C_W0.81_r11,0.81,original,-1.9,-1.85,223297,0.08112480526878721
S1C_W0.81_r11,0.81,original,-1.85,-1.8,219075,0.07959093366350446
S1C_W0.81_r11,0.81,original,-1.8,-1.75,192889,0.07007744198753721
S1C_W0.81_r11,0.81,original,-1.75,-1.7,159923,0.058100745791480654
S1C_W0.81_r11,0.81,original,-1.7,-1.65,132115,0.0479979742140997
S1C_W0.81_r11,0.81,original,-1.65,-1.6,112464,0.040858677455357144
S1C_W0.81_r11,0.81,original,-1.6,-1.55,98564,0.035808744884672616
S1C_W0.81_r11,0.81,original,-1.55,-1.5,88378,0.032108125232514884
S1C_W0.81_r11,0.81,original,-1.5,-1.45,79869,0.029016767229352678
S1C_W0.81_r11,0.81,original,-1.45,-1.4,72294,0.026264735630580356
S1C_W0.81_r11,0.81,original,-1.4,-1.35,66542,0.024175008138020832
S1C_W0.81_r11,0.81,original,-1.35,-1.2999999999999998,61479,0.022335597446986606
S1C_W0.81_r11,0.81,original,-1.2999999999999998,-1.25,57153,0.020763942173549106
S1C_W0.81_r11,0.81,original,-1.25,-1.2,53121,0.019299098423549106
S1C_W0.81_r11,0.81,original,-1.2,-1.15,49524,0.017992292131696428
S1C_W0.81_r11,0.81,original,-1.15,-1.1,46532,0.016905285063244048
S1C_W0.81_r11,0.81,original,-1.1,-1.0499999999999998,43336,0.015744163876488096
S1C_W0.81_r11,0.81,original,-1.0499999999999998,-1.0,40510,0.014717465355282738
S1C_W0.81_r11,0.81,original,-1.0,-0.95,38204,0.01387968517485119
S1C_W0.81_r11,0.81,original,-0.95,-0.8999999999999999,36036,0.013092041015625
S1C_W0.81_r11,0.81,original,-0.8999999999999999,-0.8499999999999999,33825,0.012288774762834822
S1C_W0.81_r11,0.81,original,-0.8499999999999999,-0.7999999999999998,31885,0.011583964029947916
S1C_W0.81_r11,0.81,original,-0.7999999999999998,-0.75,30089,0.010931469145275298
S1C_W0.81_r11,0.81,original,-0.75,-0.7,28344,0.010297502790178572
S1C_W0.81_r11,0.81,original,-0.7,-0.6499999999999999,26784,0.009730747767857142
S1C_W0.81_r11,0.81,original,-0.6499999999999999,-0.5999999999999999,25533,0.009276253836495536
S1C_W0.81_r11,0.81,original,-0.5999999999999999,-0.5499999999999998,24064,0.008742559523809524
S1C_W0.81_r11,0.81,original,-0.5499999999999998,-0.5,22748,0.00826445079985119
S1C_W0.81_r11,0.81,original,-0.5,-0.44999999999999996,21691,0.007880437941778274
S1C_W0.81_r11,0.81,original,-0.44999999999999996,-0.3999999999999999,20285,0.007369631812686012
S1C_W0.81_r11,0.81,original,-0.3999999999999999,-0.34999999999999987,19381,0.007041204543340774
S1C_W0.81_r11,0.81,original,-0.34999999999999987,-0.2999999999999998,18345,0.006664821079799107
S1C_W0.81_r11,0.81,original,-0.2999999999999998,-0.25,17255,0.006268819173177083
S1C_W0.81_r11,0.81,original,-0.25,-0.19999999999999996,16387,0.005953470865885417
S1C_W0.81_r11,0.81,original,-0.19999999999999996,-0.1499999999999999,15455,0.005614871070498512
S1C_W0.81_r11,0.81,original,-0.1499999999999999,-0.09999999999999987,14837,0.005390348888578869
S1C_W0.81_r11,0.81,original,-0.09999999999999987,-0.04999999999999982,14216,0.005164736793154762
S1C_W0.81_r11,0.81,original,-0.04999999999999982,0.0,13459,0.004889715285528274
S1C_W0.81_r11,0.81,original,0.0,0.050000000000000266,12605,0.00457945324125744
S1C_W0.81_r11,0.81,original,0.050000000000000266,0.10000000000000009,11436,0.004154750279017857
S1C_W0.81_r11,0.81,original,0.10000000000000009,0.1499999999999999,10746,0.0039040701729910715
S1C_W0.81_r11,0.81,original,0.1499999999999999,0.20000000000000018,10100,0.003669375465029762
S1C_W0.81_r11,0.81,original,0.20000000000000018,0.25,9385,0.003409612746465774
S1C_W0.81_r11,0.81,original,0.25,0.30000000000000027,8831,0.003208342052641369
S1C_W0.81_r11,0.81,original,0.30000000000000027,0.3500000000000001,8368,0.003040132068452381
S1C_W0.81_r11,0.81,original,0.3500000000000001,0.40000000000000036,7715,0.002802894228980655
S1C_W0.81_r11,0.81,original,0.40000000000000036,0.4500000000000002,7222,0.002623785109747024
S1C_W0.81_r11,0.81,original,0.4500000000000002,0.5,6750,0.002452305385044643
S1C_W0.81_r11,0.81,original,0.5,0.5500000000000003,6443,0.0023407709030877975
S1C_W0.81_r11,0.81,original,0.5500000000000003,0.6000000000000001,5968,0.0021682012648809525
S1C_W0.81_r11,0.81,original,0.6000000000000001,0.6500000000000004,5500,0.001998174758184524
S1C_W0.81_r11,0.81,original,0.6500000000000004,0.7000000000000002,5142,0.0018681117466517857
S1C_W0.81_r11,0.81,original,0.7000000000000002,0.75,4809,0.00174713134765625
S1C_W0.81_r11,0.81,original,0.75,0.8000000000000003,4608,0.0016741071428571428
S1C_W0.81_r11,0.81,original,0.8000000000000003,0.8500000000000001,4361,0.0015843709309895833
S1C_W0.81_r11,0.81,original,0.8500000000000001,0.9000000000000004,3903,0.0014179774693080357
S1C_W0.81_r11,0.81,original,0.9000000000000004,0.9500000000000002,3667,0.0013322376069568452
S1C_W0.81_r11,0.81,original,0.9500000000000002,1.0,3485,0.001266116187686012
S1C_W0.81_r11,0.81,original,1.0,1.0500000000000003,3197,0.0011614844912574405
S1C_W0.81_r11,0.81,original,1.0500000000000003,1.1,2923,0.0010619390578497025
S1C_W0.81_r11,0.81,original,1.1,1.1500000000000004,2738,0.0009947277250744048
S1C_W0.81_r11,0.81,original,1.1500000000000004,1.2000000000000002,2595,0.0009427751813616071
S1C_W0.81_r11,0.81,original,1.2000000000000002,1.25,2391,0.0008686610630580357
S1C_W0.81_r11,0.81,original,1.25,1.3000000000000003,2205,0.00080108642578125
S1C_W0.81_r11,0.81,original,1.3000000000000003,1.35,1984,0.000720796130952381
S1C_W0.81_r11,0.81,original,1.35,1.4000000000000004,1832,0.0006655738467261905
S1C_W0.81_r11,0.81,original,1.4000000000000004,1.4500000000000002,1699,0.0006172543480282738
S1C_W0.81_r11,0.81,original,1.4500000000000002,1.5,1571,0.0005707513718377976
S1C_W0.81_r11,0.81,original,1.5,1.5500000000000003,1487,0.0005402337937127976
S1C_W0.81_r11,0.81,original,1.5500000000000003,1.6,1373,0.0004988170805431548
S1C_W0.81_r11,0.81,original,1.6,1.6500000000000004,1248,0.00045340401785714287
S1C_W0.81_r11,0.81,original,1.6500000000000004,1.7000000000000002,1076,0.0003909156436011905
S1C_W0.81_r11,0.81,original,1.7000000000000002,1.75,1023,0.00037166050502232144
S1C_W0.81_r11,0.81,original,1.75,1.8000000000000003,899,0.0003266107468377976
S1C_W0.81_r11,0.81,original,1.8000000000000003,1.85,825,0.00029972621372767856
S1C_W0.81_r11,0.81,original,1.85,1.9000000000000004,737,0.0002677554175967262
S1C_W0.81_r11,0.81,original,1.9000000000000004,1.9500000000000002,558,0.00020272391183035715
S1C_W0.81_r11,0.81,original,1.9500000000000002,2.0,310,0.00011262439546130953
S1C_W0.81_r11,0.81,rearranged,-2.0,-1.95,117282,0.04260907854352679
S1C_W0.81_r11,0.81,rearranged,-1.95,-1.9,195492,0.07102312360491071
S1C_W0.81_r11,0.81,rearranged,-1.9,-1.85,222159,0.08071136474609375
S1C_W0.81_r11,0.81,rearranged,-1.85,-1.8,218156,0.0792570568266369
S1C_W0.81_r11,0.81,rearranged,-1.8,-1.75,192390,0.06989615304129464
S1C_W0.81_r11,0.81,rearranged,-1.75,-1.7,159023,0.057773771740141366
S1C_W0.81_r11,0.81,rearranged,-1.7,-1.65,132970,0.04830859956287202
S1C_W0.81_r11,0.81,rearranged,-1.65,-1.6,112700,0.040944417317708336
S1C_W0.81_r11,0.81,rearranged,-1.6,-1.55,98861,0.035916646321614586
S1C_W0.81_r11,0.81,rearranged,-1.55,-1.5,88508,0.032155354817708336
S1C_W0.81_r11,0.81,rearranged,-1.5,-1.45,79951,0.029046558198474702
S1C_W0.81_r11,0.81,rearranged,-1.45,-1.4,72818,0.02645510718936012
S1C_W0.81_r11,0.81,rearranged,-1.4,-1.35,66467,0.024147760300409226
S1C_W0.81_r11,0.81,rearranged,-1.35,-1.2999999999999998,61917,0.022494724818638394
S1C_W0.81_r11,0.81,rearranged,-1.2999999999999998,-1.25,56982,0.020701817103794644
S1C_W0.81_r11,0.81,rearranged,-1.25,-1.2,53423,0.01940881638299851
S1C_W0.81_r11,0.81,rearranged,-1.2,-1.15,49700,0.018056233723958332
S1C_W0.81_r11,0.81,rearranged,-1.15,-1.1,46277,0.016812642415364582
S1C_W0.81_r11,0.81,rearranged,-1.1,-1.0499999999999998,43632,0.015851702008928572
S1C_W0.81_r11,0.81,rearranged,-1.0499999999999998,-1.0,40661,0.01477232433500744
S1C_W0.81_r11,0.81,rearranged,-1.0,-0.95,38340,0.013929094587053572
S1C_W0.81_r11,0.81,rearranged,-0.95,-0.8999999999999999,36520,0.013267880394345238
S1C_W0.81_r11,0.81,rearranged,-0.8999999999999999,-0.8499999999999999,33894,0.0123138427734375
S1C_W0.81_r11,0.81,rearranged,-0.8499999999999999,-0.7999999999999998,32181,0.011691502162388392
S1C_W0.81_r11,0.81,rearranged,-0.7999999999999998,-0.75,30173,0.010961986723400298
S1C_W0.81_r11,0.81,rearranged,-0.75,-0.7,28510,0.010357811337425596
S1C_W0.81_r11,0.81,rearranged,-0.7,-0.6499999999999999,26937,0.009786333356584822
S1C_W0.81_r11,0.81,rearranged,-0.6499999999999999,-0.5999999999999999,25414,0.009233020600818452
S1C_W0.81_r11,0.81,rearranged,-0.5999999999999999,-0.5499999999999998,23913,0.008687700544084822
S1C_W0.81_r11,0.81,rearranged,-0.5499999999999998,-0.5,22568,0.008199055989583334
S1C_W0.81_r11,0.81,rearranged,-0.5,-0.44999999999999996,21474,0.007801600864955357
S1C_W0.81_r11,0.81,rearranged,-0.44999999999999996,-0.3999999999999999,20148,0.007319859095982143
S1C_W0.81_r11,0.81,rearranged,-0.3999999999999999,-0.34999999999999987,19079,0.006931486583891369
S1C_W0.81_r11,0.81,rearranged,-0.34999999999999987,-0.2999999999999998,18196,0.006610688709077381
S1C_W0.81_r11,0.81,rearranged,-0.2999999999999998,-0.25,17237,0.006262279692150298
S1C_W0.81_r11,0.81,rearranged,-0.25,-0.19999999999999996,16339,0.005936032249813988
S1C_W0.81_r11,0.81,rearranged,-0.19999999999999996,-0.1499999999999999,15375,0.005585806710379464
S1C_W0.81_r11,0.81,rearranged,-0.1499999999999999,-0.09999999999999987,14694,0.005338396344866071
S1C_W0.81_r11,0.81,rearranged,-0.09999999999999987,-0.04999999999999982,14075,0.00511351085844494
S1C_W0.81_r11,0.81,rearranged,-0.04999999999999982,0.0,13496,0.004903157552083333
S1C_W0.81_r11,0.81,rearranged,0.0,0.050000000000000266,12402,0.004505702427455357
S1C_W0.81_r11,0.81,rearranged,0.050000000000000266,0.10000000000000009,11367,0.004129682268415179
S1C_W0.81_r11,0.81,rearranged,0.10000000000000009,0.1499999999999999,10902,0.003960745675223214
S1C_W0.81_r11,0.81,rearranged,0.1499999999999999,0.20000000000000018,10101,0.00366973876953125
S1C_W0.81_r11,0.81,rearranged,0.20000000000000018,0.25,9343,0.003394353957403274
S1C_W0.81_r11,0.81,rearranged,0.25,0.30000000000000027,8753,0.0031800043015252975
S1C_W0.81_r11,0.81,rearranged,0.30000000000000027,0.3500000000000001,8064,0.0029296875
S1C_W0.81_r11,0.81,rearranged,0.3500000000000001,0.40000000000000036,7750,0.002815609886532738
S1C_W0.81_r11,0.81,rearranged,0.40000000000000036,0.4500000000000002,7153,0.002598717099144345
S1C_W0.81_r11,0.81,rearranged,0.4500000000000002,0.5,6752,0.002453031994047619
S1C_W0.81_r11,0.81,rearranged,0.5,0.5500000000000003,6269,0.002277555919828869
S1C_W0.81_r11,0.81,rearranged,0.5500000000000003,0.6000000000000001,5877,0.0021351405552455355
S1C_W0.81_r11,0.81,rearranged,0.6000000000000001,0.6500000000000004,5470,0.001987275623139881
S1C_W0.81_r11,0.81,rearranged,0.6500000000000004,0.7000000000000002,5180,0.0018819173177083333
S1C_W0.81_r11,0.81,rearranged,0.7000000000000002,0.75,4841,0.001758757091703869
S1C_W0.81_r11,0.81,rearranged,0.75,0.8000000000000003,4579,0.001663571312313988
S1C_W0.81_r11,0.81,rearranged,0.8000000000000003,0.8500000000000001,4231,0.001537141345796131
S1C_W0.81_r11,0.81,rearranged,0.8500000000000001,0.9000000000000004,3918,0.0014234270368303572
S1C_W0.81_r11,0.81,rearranged,0.9000000000000004,0.9500000000000002,3730,0.0013551257905505952
S1C_W0.81_r11,0.81,rearranged,0.9500000000000002,1.0,3514,0.0012766520182291667
S1C_W0.81_r11,0.81,rearranged,1.0,1.0500000000000003,3253,0.0011818295433407738
S1C_W0.81_r11,0.81,rearranged,1.0500000000000003,1.1,3031,0.0011011759440104167
S1C_W0.81_r11,0.81,rearranged,1.1,1.1500000000000004,2761,0.001003083728608631
S1C_W0.81_r11,0.81,rearranged,1.1500000000000004,1.2000000000000002,2594,0.000942411876860119
S1C_W0.81_r11,0.81,rearranged,1.2000000000000002,1.25,2442,0.0008871895926339286
S1C_W0.81_r11,0.81,rearranged,1.25,1.3000000000000003,2330,0.0008464994884672619
S1C_W0.81_r11,0.81,rearranged,1.3000000000000003,1.35,2105,0.0007647559756324405
S1C_W0.81_r11,0.81,rearranged,1.35,1.4000000000000004,1958,0.0007113502139136905
S1C_W0.81_r11,0.81,rearranged,1.4000000000000004,1.4500000000000002,1828,0.0006641206287202381
S1C_W0.81_r11,0.81,rearranged,1.4500000000000002,1.5,1706,0.0006197974795386905
S1C_W0.81_r11,0.81,rearranged,1.5,1.5500000000000003,1560,0.0005667550223214286
S1C_W0.81_r11,0.81,rearranged,1.5500000000000003,1.6,1439,0.000522795177641369
S1C_W0.81_r11,0.81,rearranged,1.6,1.6500000000000004,1313,0.00047701881045386906
S1C_W0.81_r11,0.81,rearranged,1.6500000000000004,1.7000000000000002,1222,0.0004439581008184524
S1C_W0.81_r11,0.81,rearranged,1.7000000000000002,1.75,1083,0.00039345877511160713
S1C_W0.81_r11,0.81,rearranged,1.75,1.8000000000000003,1025,0.0003723871140252976
S1C_W0.81_r11,0.81,rearranged,1.8000000000000003,1.85,935,0.00033968970889136906
S1C_W0.81_r11,0.81,rearranged,1.85,1.9000000000000004,801,0.0002910069056919643
S1C_W0.81_r11,0.81,rearranged,1.9000000000000004,1.9500000000000002,643,0.00023360479445684525
S1C_W0.81_r11,0.81,rearranged,1.9500000000000002,2.0,355,0.0001289730980282738
S1C_W0.81_r12,0.81,original,-2.0,-1.95,117039,0.04252079554966518
S1C_W0.81_r12,0.81,original,-1.95,-1.9,195901,0.07117171514601935
S1C_W0.81_r12,0.81,original,-1.9,-1.85,222544,0.08085123697916667
S1C_W0.81_r12,0.81,original,-1.85,-1.8,219225,0.07964542933872767
S1C_W0.81_r12,0.81,original,-1.8,-1.75,192479,0.06992848714192708
S1C_W0.81_r12,0.81,original,-1.75,-1.7,159585,0.05797794886997768
S1C_W0.81_r12,0.81,original,-1.7,-1.65,132409,0.0481047857375372
S1C_W0.81_r12,0.81,original,-1.65,-1.6,112657,0.040928795224144346
S1C_W0.81_r12,0.81,original,-1.6,-1.55,98453,0.03576841808500744
S1C_W0.81_r12,0.81,original,-1.55,-1.5,88295,0.032077970958891366
S1C_W0.81_r12,0.81,original,-1.5,-1.45,79843,0.02900732131231399
S1C_W0.81_r12,0.81,original,-1.45,-1.4,72227,0.026240394228980654
S1C_W0.81_r12,0.81,original,-1.4,-1.35,66553,0.024179004487537202
S1C_W0.81_r12,0.81,original,-1.35,-1.2999999999999998,61761,0.02243804931640625
S1C_W0.81_r12,0.81,original,-1.2999999999999998,-1.25,57146,0.020761399042038692
S1C_W0.81_r12,0.81,original,-1.25,-1.2,53245,0.01934414818173363
S1C_W0.81_r12,0.81,original,-1.2,-1.15,49450,0.017965407598586308
S1C_W0.81_r12,0.81,original,-1.15,-1.1,45891,0.016672406877790178
S1C_W0.81_r12,0.81,original,-1.1,-1.0499999999999998,43307,0.015733628045944942
S1C_W0.81_r12,0.81,original,-1.0499999999999998,-1.0,40836,0.014835902622767858
S1C_W0.81_r12,0.81,original,-1.0,-0.95,38836,0.014109293619791666
S1C_W0.81_r12,0.81,original,-0.95,-0.8999999999999999,35665,0.012957255045572916
S1C_W0.81_r12,0.81,original,-0.8999999999999999,-0.8499999999999999,34204,0.01242646716889881
S1C_W0.81_r12,0.81,original,-0.8499999999999999,-0.7999999999999998,32364,0.011757986886160714
S1C_W0.81_r12,0.81,original,-0.7999999999999998,-0.75,30018,0.010905674525669642
S1C_W0.81_r12,0.81,original,-0.75,-0.7,28381,0.01031094505673363
S1C_W0.81_r12,0.81,original,-0.7,-0.6499999999999999,26738,0.00971403576078869
S1C_W0.81_r12,0.81,original,-0.6499999999999999,-0.5999999999999999,25464,0.009251185825892858
S1C_W0.81_r12,0.81,original,-0.5999999999999999,-0.5499999999999998,24056,0.00873965308779762
S1C_W0.81_r12,0.81,original,-0.5499999999999998,-0.5,22813,0.008288065592447916
S1C_W0.81_r12,0.81,original,-0.5,-0.44999999999999996,21678,0.007875714983258928
S1C_W0.81_r12,0.81,original,-0.44999999999999996,-0.3999999999999999,20412,0.007415771484375
S1C_W0.81_r12,0.81,original,-0.3999999999999999,-0.34999999999999987,19152,0.0069580078125
S1C_W0.81_r12,0.81,original,-0.34999999999999987,-0.2999999999999998,18397,0.006683712913876488
S1C_W0.81_r12,0.81,original,-0.2999999999999998,-0.25,17284,0.006279355003720238
S1C_W0.81_r12,0.81,original,-0.25,-0.19999999999999996,16324,0.005930582682291667
S1C_W0.81_r12,0.81,original,-0.19999999999999996,-0.1499999999999999,15353,0.005577814011346726
S1C_W0.81_r12,0.81,original,-0.1499999999999999,-0.09999999999999987,14963,0.005436125255766369
S1C_W0.81_r12,0.81,original,-0.09999999999999987,-0.04999999999999982,13804,0.005015055338541667
S1C_W0.81_r12,0.81,original,-0.04999999999999982,0.0,13378,0.004860287620907738
S1C_W0.81_r12,0.81,original,0.0,0.050000000000000266,12364,0.00449189685639881
S1C_W0.81_r12,0.81,original,0.050000000000000266,0.10000000000000009,11761,0.004272824242001488
S1C_W0.81_r12,0.81,original,0.10000000000000009,0.1499999999999999,10584,0.00384521484375
S1C_W0.81_r12,0.81,original,0.1499999999999999,0.20000000000000018,10005,0.003634861537388393
S1C_W0.81_r12,0.81,original,0.20000000000000018,0.25,9465,0.0034386771065848215
S1C_W0.81_r12,0.81,original,0.25,0.30000000000000027,8798,0.003196353004092262
S1C_W0.81_r12,0.81,original,0.30000000000000027,0.3500000000000001,8469,0.0030768258231026785
S1C_W0.81_r12,0.81,original,0.3500000000000001,0.40000000000000036,7701,0.0027978079659598215
S1C_W0.81_r12,0.81,original,0.40000000000000036,0.4500000000000002,7239,0.0026299612862723215
S1C_W0.81_r12,0.81,original,0.4500000000000002,0.5,6832,0.0024820963541666665
S1C_W0.81_r12,0.81,original,0.5,0.5500000000000003,6300,0.002288818359375
S1C_W0.81_r12,0.81,original,0.5500000000000003,0.6000000000000001,6033,0.0021918160574776785
S1C_W0.81_r12,0.81,original,0.6000000000000001,0.6500000000000004,5603,0.0020355951218377975
S1C_W0.81_r12,0.81,original,0.6500000000000004,0.7000000000000002,5091,0.0018495832170758928
S1C_W0.81_r12,0.81,original,0.7000000000000002,0.75,4804,0.0017453148251488095
S1C_W0.81_r12,0.81,original,0.75,0.8000000000000003,4577,0.001662844703311012
S1C_W0.81_r12,0.81,original,0.8000000000000003,0.8500000000000001,4328,0.0015723818824404762
S1C_W0.81_r12,0.81,original,0.8500000000000001,0.9000000000000004,4035,0.0014659336635044643
S1C_W0.81_r12,0.81,original,0.9000000000000004,0.9500000000000002,3593,0.0013053530738467262
S1C_W0.81_r12,0.81,original,0.9500000000000002,1.0,3475,0.001262483142671131
S1C_W0.81_r12,0.81,original,1.0,1.0500000000000003,3202,0.001163301013764881
S1C_W0.81_r12,0.81,original,1.0500000000000003,1.1,2993,0.001087370372953869
S1C_W0.81_r12,0.81,original,1.1,1.1500000000000004,2752,0.000999813988095238
S1C_W0.81_r12,0.81,original,1.1500000000000004,1.2000000000000002,2489,0.000904264904203869
S1C_W0.81_r12,0.81,original,1.2000000000000002,1.25,2406,0.0008741106305803571
S1C_W0.81_r12,0.81,original,1.25,1.3000000000000003,2283,0.0008294241768973214
S1C_W0.81_r12,0.81,original,1.3000000000000003,1.35,1984,0.000720796130952381
S1C_W0.81_r12,0.81,original,1.35,1.4000000000000004,1894,0.0006880987258184524
S1C_W0.81_r12,0.81,original,1.4000000000000004,1.4500000000000002,1700,0.0006176176525297619
S1C_W0.81_r12,0.81,original,1.4500000000000002,1.5,1609,0.0005845569428943452
S1C_W0.81_r12,0.81,original,1.5,1.5500000000000003,1488,0.0005405970982142857
S1C_W0.81_r12,0.81,original,1.5500000000000003,1.6,1332,0.00048392159598214287
S1C_W0.81_r12,0.81,original,1.6,1.6500000000000004,1245,0.00045231410435267856
S1C_W0.81_r12,0.81,original,1.6500000000000004,1.7000000000000002,1210,0.00043959844680059525
S1C_W0.81_r12,0.81,original,1.7000000000000002,1.75,1096,0.0003981817336309524
S1C_W0.81_r12,0.81,original,1.75,1.8000000000000003,1008,0.0003662109375
S1C_W0.81_r12,0.81,original,1.8000000000000003,1.85,924,0.000335693359375
S1C_W0.81_r12,0.81,original,1.85,1.9000000000000004,782,0.0002841041201636905
S1C_W0.81_r12,0.81,original,1.9000000000000004,1.9500000000000002,596,0.00021652948288690475
S1C_W0.81_r12,0.81,original,1.9500000000000002,2.0,332,0.00012061709449404762
S1C_W0.81_r12,0.81,rearranged,-2.0,-1.95,117139,0.04255712599981399
S1C_W0.81_r12,0.81,rearranged,-1.95,-1.9,195414,0.07099478585379464
S1C_W0.81_r12,0.81,rearranged,-1.9,-1.85,222559,0.08085668654668898
S1C_W0.81_r12,0.81,rearranged,-1.85,-1.8,219136,0.07961309523809523
S1C_W0.81_r12,0.81,rearranged,-1.8,-1.75,193403,0.07026418050130208
S1C_W0.81_r12,0.81,rearranged,-1.75,-1.7,161070,0.0585174560546875
S1C_W0.81_r12,0.81,rearranged,-1.7,-1.65,132513,0.04814256940569196
S1C_W0.81_r12,0.81,rearranged,-1.65,-1.6,113159,0.041111174083891366
S1C_W0.81_r12,0.81,rearranged,-1.6,-1.55,98881,0.035923912411644346
S1C_W0.81_r12,0.81,rearranged,-1.55,-1.5,88295,0.032077970958891366
S1C_W0.81_r12,0.81,rearranged,-1.5,-1.45,78858,0.028649466378348216
S1C_W0.81_r12,0.81,rearranged,-1.45,-1.4,72332,0.026278541201636904
S1C_W0.81_r12,0.81,rearranged,-1.4,-1.35,66891,0.024301801409040178
S1C_W0.81_r12,0.81,rearranged,-1.35,-1.2999999999999998,61422,0.022314889090401784
S1C_W0.81_r12,0.81,rearranged,-1.2999999999999998,-1.25,57067,0.02073269798642113
S1C_W0.81_r12,0.81,rearranged,-1.25,-1.2,52926,0.019228254045758928
S1C_W0.81_r12,0.81,rearranged,-1.2,-1.15,48939,0.017779758998325894
S1C_W0.81_r12,0.81,rearranged,-1.15,-1.1,45829,0.016649881998697918
S1C_W0.81_r12,0.81,rearranged,-1.1,-1.0499999999999998,43774,0.01590329124813988
S1C_W0.81_r12,0.81,rearranged,-1.0499999999999998,-1.0,40430,0.01468840099516369
S1C_W0.81_r12,0.81,rearranged,-1.0,-0.95,38099,0.01384153820219494
S1C_W0.81_r12,0.81,rearranged,-0.95,-0.8999999999999999,35857,0.01302700950985863
S1C_W0.81_r12,0.81,rearranged,-0.8999999999999999,-0.8499999999999999,33847,0.01229676746186756
S1C_W0.81_r12,0.81,rearranged,-0.8499999999999999,-0.7999999999999998,31814,0.011558169410342262
S1C_W0.81_r12,0.81,rearranged,-0.7999999999999998,-0.75,29890,0.010859171549479166
S1C_W0.81_r12,0.81,rearranged,-0.75,-0.7,28548,0.010371616908482142
S1C_W0.81_r12,0.81,rearranged,-0.7,-0.6499999999999999,26867,0.009760902041480654
S1C_W0.81_r12,0.81,rearranged,-0.6499999999999999,-0.5999999999999999,25244,0.009171258835565476
S1C_W0.81_r12,0.81,rearranged,-0.5999999999999999,-0.5499999999999998,23956,0.00870332263764881
S1C_W0.81_r12,0.81,rearranged,-0.5499999999999998,-0.5,22598,0.008209955124627976
S1C_W0.81_r12,0.81,rearranged,-0.5,-0.44999999999999996,21273,0.00772857666015625
S1C_W0.81_r12,0.81,rearranged,-0.44999999999999996,-0.3999999999999999,20325,0.007384163992745536
S1C_W0.81_r12,0.81,rearranged,-0.3999999999999999,-0.34999999999999987,19209,0.006978716169084821
S1C_W0.81_r12,0.81,rearranged,-0.34999999999999987,-0.2999999999999998,18420,0.006692068917410714
S1C_W0.81_r12,0.81,rearranged,-0.2999999999999998,-0.25,17330,0.00629606701078869
S1C_W0.81_r12,0.81,rearranged,-0.25,-0.19999999999999996,16520,0.006001790364583333
S1C_W0.81_r12,0.81,rearranged,-0.19999999999999996,-0.1499999999999999,15533,0.005643208821614583
S1C_W0.81_r12,0.81,rearranged,-0.1499999999999999,-0.09999999999999987,14916,0.005419049944196429
S1C_W0.81_r12,0.81,rearranged,-0.09999999999999987,-0.04999999999999982,13848,0.005031040736607143
S1C_W0.81_r12,0.81,rearranged,-0.04999999999999982,0.0,13500,0.004904610770089286
S1C_W0.81_r12,0.81,rearranged,0.0,0.050000000000000266,12517,0.004547482445126488
S1C_W0.81_r12,0.81,rearranged,0.050000000000000266,0.10000000000000009,11630,0.004225231352306548
S1C_W0.81_r12,0.81,rearranged,0.10000000000000009,0.1499999999999999,10940,0.003974551246279762
S1C_W0.81_r12,0.81,rearranged,0.1499999999999999,0.20000000000000018,10287,0.0037373134068080355
S1C_W0.81_r12,0.81,rearranged,0.20000000000000018,0.25,9437,0.003428504580543155
S1C_W0.81_r12,0.81,rearranged,0.25,0.30000000000000027,8902,0.003234136672247024
S1C_W0.81_r12,0.81,rearranged,0.30000000000000027,0.3500000000000001,8452,0.003070649646577381
S1C_W0.81_r12,0.81,rearranged,0.3500000000000001,0.40000000000000036,7860,0.0028555733816964285
S1C_W0.81_r12,0.81,rearranged,0.40000000000000036,0.4500000000000002,7333,0.0026641119094122025
S1C_W0.81_r12,0.81,rearranged,0.4500000000000002,0.5,6860,0.0024922688802083335
S1C_W0.81_r12,0.81,rearranged,0.5,0.5500000000000003,6523,0.002369835263206845
S1C_W0.81_r12,0.81,rearranged,0.5500000000000003,0.6000000000000001,6015,0.002185276576450893
S1C_W0.81_r12,0.81,rearranged,0.6000000000000001,0.6500000000000004,5585,0.002029055640811012
S1C_W0.81_r12,0.81,rearranged,0.6500000000000004,0.7000000000000002,5361,0.0019476754324776785
S1C_W0.81_r12,0.81,rearranged,0.7000000000000002,0.75,4867,0.0017682030087425595
S1C_W0.81_r12,0.81,rearranged,0.75,0.8000000000000003,4567,0.001659211658296131
S1C_W0.81_r12,0.81,rearranged,0.8000000000000003,0.8500000000000001,4355,0.0015821911039806548
S1C_W0.81_r12,0.81,rearranged,0.8500000000000001,0.9000000000000004,4185,0.0015204293387276785
S1C_W0.81_r12,0.81,rearranged,0.9000000000000004,0.9500000000000002,3786,0.0013754708426339285
S1C_W0.81_r12,0.81,rearranged,0.9500000000000002,1.0,3511,0.0012755621047247025
S1C_W0.81_r12,0.81,rearranged,1.0,1.0500000000000003,3206,0.0011647542317708333
S1C_W0.81_r12,0.81,rearranged,1.0500000000000003,1.1,3085,0.0011207943870907738
S1C_W0.81_r12,0.81,rearranged,1.1,1.1500000000000004,2831,0.0010285150437127975
S1C_W0.81_r12,0.81,rearranged,1.1500000000000004,1.2000000000000002,2475,0.0008991786411830357
S1C_W0.81_r12,0.81,rearranged,1.2000000000000002,1.25,2438,0.0008857363746279762
S1C_W0.81_r12,0.81,rearranged,1.25,1.3000000000000003,2282,0.0008290608723958334
S1C_W0.81_r12,0.81,rearranged,1.3000000000000003,1.35,2008,0.0007295154389880952
S1C_W0.81_r12,0.81,rearranged,1.35,1.4000000000000004,1879,0.000682649158296131
S1C_W0.81_r12,0.81,rearranged,1.4000000000000004,1.4500000000000002,1675,0.0006085350399925595
S1C_W0.81_r12,0.81,rearranged,1.4500000000000002,1.5,1474,0.0005355108351934524
S1C_W0.81_r12,0.81,rearranged,1.5,1.5500000000000003,1429,0.0005191621326264881
S1C_W0.81_r12,0.81,rearranged,1.5500000000000003,1.6,1294,0.00047011602492559525
S1C_W0.81_r12,0.81,rearranged,1.6,1.6500000000000004,1110,0.0004032679966517857
S1C_W0.81_r12,0.81,rearranged,1.6500000000000004,1.7000000000000002,999,0.00036294119698660713
S1C_W0.81_r12,0.81,rearranged,1.7000000000000002,1.75,926,0.0003364199683779762
S1C_W0.81_r12,0.81,rearranged,1.75,1.8000000000000003,881,0.0003200712658110119
S1C_W0.81_r12,0.81,rearranged,1.8000000000000003,1.85,694,0.0002521333240327381
S1C_W0.81_r12,0.81,rearranged,1.85,1.9000000000000004,561,0.00020381382533482144
S1C_W0.81_r12,0.81,rearranged,1.9000000000000004,1.9500000000000002,442,0.0001605805896577381
S1C_W0.81_r12,0.81,rearranged,1.9500000000000002,2.0,219,7.956368582589286e-05
S1C_W0.81_r13,0.81,original,-2.0,-1.95,116864,0.04245721726190476
S1C_W0.81_r13,0.81,original,-1.95,-1.9,195566,0.07105000813802083
S1C_W0.81_r13,0.81,original,-1.9,-1.85,223350,0.08114406040736608
S1C_W0.81_r13,0.81,original,-1.85,-1.8,218841,0.07950592041015625
S1C_W0.81_r13,0.81,original,-1.8,-1.75,192702,0.07000950404575892
S1C_W0.81_r13,0.81,original,-1.75,-1.7,160173,0.05819157191685268
S1C_W0.81_r13,0.81,original,-1.7,-1.65,132301,0.04806554885137649
S1C_W0.81_r13,0.81,original,-1.65,-1.6,112477,0.04086340041387649
S1C_W0.81_r13,0.81,original,-1.6,-1.55,98769,0.03588322230747768
S1C_W0.81_r13,0.81,original,-1.55,-1.5,88103,0.032008216494605654
S1C_W0.81_r13,0.81,original,-1.5,-1.45,80092,0.029097784133184524
S1C_W0.81_r13,0.81,original,-1.45,-1.4,72713,0.02641696021670387
S1C_W0.81_r13,0.81,original,-1.4,-1.35,66862,0.024291265578497024
S1C_W0.81_r13,0.81,original,-1.35,-1.2999999999999998,61908,0.022491455078125
S1C_W0.81_r13,0.81,original,-1.2999999999999998,-1.25,57187,0.020776294526599702
S1C_W0.81_r13,0.81,original,-1.25,-1.2,53162,0.01931399390811012
S1C_W0.81_r13,0.81,original,-1.2,-1.15,49379,0.017939612978980654
S1C_W0.81_r13,0.81,original,-1.15,-1.1,46567,0.01691800072079613
S1C_W0.81_r13,0.81,original,-1.1,-1.0499999999999998,43236,0.015707833426339284
S1C_W0.81_r13,0.81,original,-1.0499999999999998,-1.0,40271,0.014630635579427084
S1C_W0.81_r13,0.81,original,-1.0,-0.95,38173,0.01386842273530506
S1C_W0.81_r13,0.81,original,-0.95,-0.8999999999999999,35660,0.012955438523065476
S1C_W0.81_r13,0.81,original,-0.8999999999999999,-0.8499999999999999,33497,0.012169610886346726
S1C_W0.81_r13,0.81,original,-0.8499999999999999,-0.7999999999999998,31577,0.011472066243489584
S1C_W0.81_r13,0.81,original,-0.7999999999999998,-0.75,30143,0.010951087588355654
S1C_W0.81_r13,0.81,original,-0.75,-0.7,28395,0.010316031319754464
S1C_W0.81_r13,0.81,original,-0.7,-0.6499999999999999,26853,0.009755815778459822
S1C_W0.81_r13,0.81,original,-0.6499999999999999,-0.5999999999999999,25199,0.009154910132998512
S1C_W0.81_r13,0.81,original,-0.5999999999999999,-0.5499999999999998,24064,0.008742559523809524
S1C_W0.81_r13,0.81,original,-0.5499999999999998,-0.5,22356,0.008122035435267858
S1C_W0.81_r13,0.81,original,-0.5,-0.44999999999999996,21234,0.007714407784598214
S1C_W0.81_r13,0.81,original,-0.44999999999999996,-0.3999999999999999,20287,0.007370358421688988
S1C_W0.81_r13,0.81,original,-0.3999999999999999,-0.34999999999999987,19054,0.006922403971354167
S1C_W0.81_r13,0.81,original,-0.34999999999999987,-0.2999999999999998,18248,0.006629580543154762
S1C_W0.81_r13,0.81,original,-0.2999999999999998,-0.25,17421,0.006329127720424107
S1C_W0.81_r13,0.81,original,-0.25,-0.19999999999999996,16441,0.005973089308965774
S1C_W0.81_r13,0.81,original,-0.19999999999999996,-0.1499999999999999,15469,0.005619957333519345
S1C_W0.81_r13,0.81,original,-0.1499999999999999,-0.09999999999999987,14616,0.00531005859375
S1C_W0.81_r13,0.81,original,-0.09999999999999987,-0.04999999999999982,14011,0.005090259370349702
S1C_W0.81_r13,0.81,original,-0.04999999999999982,0.0,13302,0.004832676478794643
S1C_W0.81_r13,0.81,original,0.0,0.050000000000000266,12340,0.004483177548363095
S1C_W0.81_r13,0.81,original,0.050000000000000266,0.10000000000000009,11757,0.004271371023995536
S1C_W0.81_r13,0.81,original,0.10000000000000009,0.1499999999999999,11122,0.004040672665550595
S1C_W0.81_r13,0.81,original,0.1499999999999999,0.20000000000000018,10273,0.0037322271437872025
S1C_W0.81_r13,0.81,original,0.20000000000000018,0.25,9555,0.00347137451171875
S1C_W0.81_r13,0.81,original,0.25,0.30000000000000027,8946,0.0032501220703125
S1C_W0.81_r13,0.81,original,0.30000000000000027,0.3500000000000001,8394,0.0030495779854910715
S1C_W0.81_r13,0.81,original,0.3500000000000001,0.40000000000000036,7807,0.0028363182431175595
S1C_W0.81_r13,0.81,original,0.40000000000000036,0.4500000000000002,7298,0.002651396251860119
S1C_W0.81_r13,0.81,original,0.4500000000000002,0.5,6808,0.0024733770461309525
S1C_W0.81_r13,0.81,original,0.5,0.5500000000000003,6446,0.002341860816592262
S1C_W0.81_r13,0.81,original,0.5500000000000003,0.6000000000000001,6102,0.002216884068080357
S1C_W0.81_r13,0.81,original,0.6000000000000001,0.6500000000000004,5637,0.002047947474888393
S1C_W0.81_r13,0.81,original,0.6500000000000004,0.7000000000000002,5214,0.0018942696707589285
S1C_W0.81_r13,0.81,original,0.7000000000000002,0.75,4830,0.0017547607421875
S1C_W0.81_r13,0.81,original,0.75,0.8000000000000003,4683,0.00170135498046875
S1C_W0.81_r13,0.81,original,0.8000000000000003,0.8500000000000001,4236,0.0015389578683035715
S1C_W0.81_r13,0.81,original,0.8500000000000001,0.9000000000000004,4157,0.001510256812686012
S1C_W0.81_r13,0.81,original,0.9000000000000004,0.9500000000000002,3783,0.0013743809291294643
S1C_W0.81_r13,0.81,original,0.9500000000000002,1.0,3461,0.0012573968796502975
S1C_W0.81_r13,0.81,original,1.0,1.0500000000000003,3210,0.0011662074497767857
S1C_W0.81_r13,0.81,original,1.0500000000000003,1.1,3033,0.0011019025530133928
S1C_W0.81_r13,0.81,original,1.1,1.1500000000000004,2784,0.0010114397321428572
S1C_W0.81_r13,0.81,original,1.1500000000000004,1.2000000000000002,2600,0.0009445917038690476
S1C_W0.81_r13,0.81,original,1.2000000000000002,1.25,2424,0.0008806501116071429
S1C_W0.81_r13,0.81,original,1.25,1.3000000000000003,2261,0.0008214314778645834
S1C_W0.81_r13,0.81,original,1.3000000000000003,1.35,2099,0.0007625761486235119
S1C_W0.81_r13,0.81,original,1.35,1.4000000000000004,1898,0.0006895519438244048
S1C_W0.81_r13,0.81,original,1.4000000000000004,1.4500000000000002,1770,0.0006430489676339286
S1C_W0.81_r13,0.81,original,1.4500000000000002,1.5,1622,0.0005892799014136905
S1C_W0.81_r13,0.81,original,1.5,1.5500000000000003,1431,0.0005198887416294643
S1C_W0.81_r13,0.81,original,1.5500000000000003,1.6,1375,0.000499543689546131
S1C_W0.81_r13,0.81,original,1.6,1.6500000000000004,1163,0.00042252313523065475
S1C_W0.81_r13,0.81,original,1.6500000000000004,1.7000000000000002,1058,0.00038437616257440475
S1C_W0.81_r13,0.81,original,1.7000000000000002,1.75,1050,0.0003814697265625
S1C_W0.81_r13,0.81,original,1.75,1.8000000000000003,967,0.0003513154529389881
S1C_W0.81_r13,0.81,original,1.8000000000000003,1.85,841,0.0003055390857514881
S1C_W0.81_r13,0.81,original,1.85,1.9000000000000004,671,0.0002437773204985119
S1C_W0.81_r13,0.81,original,1.9000000000000004,1.9500000000000002,588,0.000213623046875
S1C_W0.81_r13,0.81,original,1.9500000000000002,2.0,295,0.0001071748279389881
S1C_W0.81_r13,0.81,rearranged,-2.0,-1.95,117218,0.04258582705543155
S1C_W0.81_r13,0.81,rearranged,-1.95,-1.9,195197,0.07091594877697173
S1C_W0.81_r13,0.81,rearranged,-1.9,-1.85,222605,0.08087339855375744
S1C_W0.81_r13,0.81,rearranged,-1.85,-1.8,219279,0.07966504778180804
S1C_W0.81_r13,0.81,rearranged,-1.8,-1.75,192220,0.06983439127604167
S1C_W0.81_r13,0.81,rearranged,-1.75,-1.7,159353,0.05789366222563244
S1C_W0.81_r13,0.81,rearranged,-1.7,-1.65,131338,0.04771568661644345
S1C_W0.81_r13,0.81,rearranged,-1.65,-1.6,111848,0.04063488188244048
S1C_W0.81_r13,0.81,rearranged,-1.6,-1.55,99013,0.03597186860584077
S1C_W0.81_r13,0.81,rearranged,-1.55,-1.5,88041,0.031985691615513394
S1C_W0.81_r13,0.81,rearranged,-1.5,-1.45,79423,0.02885473342168899
S1C_W0.81_r13,0.81,rearranged,-1.45,-1.4,72660,0.026397705078125
S1C_W0.81_r13,0.81,rearranged,-1.4,-1.35,66550,0.02417791457403274
S1C_W0.81_r13,0.81,rearranged,-1.35,-1.2999999999999998,61555,0.022363208589099702
S1C_W0.81_r13,0.81,rearranged,-1.2999999999999998,-1.25,56973,0.02069854736328125
S1C_W0.81_r13,0.81,rearranged,-1.25,-1.2,52679,0.01913851783389137
S1C_W0.81_r13,0.81,rearranged,-1.2,-1.15,49528,0.01799374534970238
S1C_W0.81_r13,0.81,rearranged,-1.15,-1.1,45932,0.016687302362351192
S1C_W0.81_r13,0.81,rearranged,-1.1,-1.0499999999999998,43613,0.015844799223400298
S1C_W0.81_r13,0.81,rearranged,-1.0499999999999998,-1.0,40777,0.01481446765718006
S1C_W0.81_r13,0.81,rearranged,-1.0,-0.95,38287,0.013909839448474702
S1C_W0.81_r13,0.81,rearranged,-0.95,-0.8999999999999999,35662,0.012956165132068452
S1C_W0.81_r13,0.81,rearranged,-0.8999999999999999,-0.8499999999999999,33731,0.01225462413969494
S1C_W0.81_r13,0.81,rearranged,-0.8499999999999999,-0.7999999999999998,32007,0.011628287179129464
S1C_W0.81_r13,0.81,rearranged,-0.7999999999999998,-0.75,30278,0.011000133696056548
S1C_W0.81_r13,0.81,rearranged,-0.75,-0.7,28567,0.010378519694010416
S1C_W0.81_r13,0.81,rearranged,-0.7,-0.6499999999999999,27041,0.009824117024739584
S1C_W0.81_r13,0.81,rearranged,-0.6499999999999999,-0.5999999999999999,25534,0.009276617140997024
S1C_W0.81_r13,0.81,rearranged,-0.5999999999999999,-0.5499999999999998,23939,0.008697146461123512
S1C_W0.81_r13,0.81,rearranged,-0.5499999999999998,-0.5,22833,0.008295331682477678
S1C_W0.81_r13,0.81,rearranged,-0.5,-0.44999999999999996,21727,0.007893516903831846
S1C_W0.81_r13,0.81,rearranged,-0.44999999999999996,-0.3999999999999999,20535,0.007460457938058036
S1C_W0.81_r13,0.81,rearranged,-0.3999999999999999,-0.34999999999999987,19386,0.007043021065848214
S1C_W0.81_r13,0.81,rearranged,-0.34999999999999987,-0.2999999999999998,18567,0.006745474679129464
S1C_W0.81_r13,0.81,rearranged,-0.2999999999999998,-0.25,17597,0.006393069312686012
S1C_W0.81_r13,0.81,rearranged,-0.25,-0.19999999999999996,16316,0.005927676246279762
S1C_W0.81_r13,0.81,rearranged,-0.19999999999999996,-0.1499999999999999,15875,0.005767458961123512
S1C_W0.81_r13,0.81,rearranged,-0.1499999999999999,-0.09999999999999987,14781,0.005370003836495536
S1C_W0.81_r13,0.81,rearranged,-0.09999999999999987,-0.04999999999999982,14371,0.005221048990885417
S1C_W0.81_r13,0.81,rearranged,-0.04999999999999982,0.0,13558,0.004925682431175595
S1C_W0.81_r13,0.81,rearranged,0.0,0.050000000000000266,12654,0.004597255161830357
S1C_W0.81_r13,0.81,rearranged,0.050000000000000266,0.10000000000000009,11819,0.004293895903087798
S1C_W0.81_r13,0.81,rearranged,0.10000000000000009,0.1499999999999999,11074,0.004023234049479167
S1C_W0.81_r13,0.81,rearranged,0.1499999999999999,0.20000000000000018,10327,0.0037518455868675595
S1C_W0.81_r13,0.81,rearranged,0.20000000000000018,0.25,9664,0.0035109747023809525
S1C_W0.81_r13,0.81,rearranged,0.25,0.30000000000000027,9039,0.003283909388950893
S1C_W0.81_r13,0.81,rearranged,0.30000000000000027,0.3500000000000001,8540,0.0031026204427083335
S1C_W0.81_r13,0.81,rearranged,0.3500000000000001,0.40000000000000036,7864,0.002857026599702381
S1C_W0.81_r13,0.81,rearranged,0.40000000000000036,0.4500000000000002,7428,0.0026986258370535715
S1C_W0.81_r13,0.81,rearranged,0.4500000000000002,0.5,6822,0.0024784633091517855
S1C_W0.81_r13,0.81,rearranged,0.5,0.5500000000000003,6427,0.002334958031063988
S1C_W0.81_r13,0.81,rearranged,0.5500000000000003,0.6000000000000001,6048,0.002197265625
S1C_W0.81_r13,0.81,rearranged,0.6000000000000001,0.6500000000000004,5643,0.0020501273018973215
S1C_W0.81_r13,0.81,rearranged,0.6500000000000004,0.7000000000000002,5250,0.0019073486328125
S1C_W0.81_r13,0.81,rearranged,0.7000000000000002,0.75,4977,0.00180816650390625
S1C_W0.81_r13,0.81,rearranged,0.75,0.8000000000000003,4570,0.0016603015718005952
S1C_W0.81_r13,0.81,rearranged,0.8000000000000003,0.8500000000000001,4302,0.0015629359654017857
S1C_W0.81_r13,0.81,rearranged,0.8500000000000001,0.9000000000000004,4076,0.0014808291480654762
S1C_W0.81_r13,0.81,rearranged,0.9000000000000004,0.9500000000000002,3700,0.0013442266555059525
S1C_W0.81_r13,0.81,rearranged,0.9500000000000002,1.0,3450,0.0012534005301339285
S1C_W0.81_r13,0.81,rearranged,1.0,1.0500000000000003,3174,0.0011531284877232143
S1C_W0.81_r13,0.81,rearranged,1.0500000000000003,1.1,3030,0.0011008126395089285
S1C_W0.81_r13,0.81,rearranged,1.1,1.1500000000000004,2696,0.0009794689360119048
S1C_W0.81_r13,0.81,rearranged,1.1500000000000004,1.2000000000000002,2575,0.0009355090913318452
S1C_W0.81_r13,0.81,rearranged,1.2000000000000002,1.25,2426,0.000881376720610119
S1C_W0.81_r13,0.81,rearranged,1.25,1.3000000000000003,2153,0.000782194591703869
S1C_W0.81_r13,0.81,rearranged,1.3000000000000003,1.35,1976,0.0007178896949404762
S1C_W0.81_r13,0.81,rearranged,1.35,1.4000000000000004,1925,0.0006993611653645834
S1C_W0.81_r13,0.81,rearranged,1.4000000000000004,1.4500000000000002,1705,0.0006194341750372024
S1C_W0.81_r13,0.81,rearranged,1.4500000000000002,1.5,1544,0.000560942150297619
S1C_W0.81_r13,0.81,rearranged,1.5,1.5500000000000003,1510,0.0005485897972470238
S1C_W0.81_r13,0.81,rearranged,1.5500000000000003,1.6,1324,0.0004810151599702381
S1C_W0.81_r13,0.81,rearranged,1.6,1.6500000000000004,1101,0.00039999825613839287
S1C_W0.81_r13,0.81,rearranged,1.6500000000000004,1.7000000000000002,1078,0.0003916422526041667
S1C_W0.81_r13,0.81,rearranged,1.7000000000000002,1.75,916,0.00033278692336309525
S1C_W0.81_r13,0.81,rearranged,1.75,1.8000000000000003,892,0.00032406761532738094
S1C_W0.81_r13,0.81,rearranged,1.8000000000000003,1.85,837,0.0003040858677455357
S1C_W0.81_r13,0.81,rearranged,1.85,1.9000000000000004,728,0.0002644856770833333
S1C_W0.81_r13,0.81,rearranged,1.9000000000000004,1.9500000000000002,573,0.00020817347935267856
S1C_W0.81_r13,0.81,rearranged,1.9500000000000002,2.0,281,0.00010208856491815477
S1C_W0.81_r14,0.81,original,-2.0,-1.95,117417,0.04265812465122768
S1C_W0.81_r14,0.81,original,-1.95,-1.9,196897,0.07153356642950148
S1C_W0.81_r14,0.81,original,-1.9,-1.85,223824,0.08131626674107142
S1C_W0.81_r14,0.81,original,-1.85,-1.8,219907,0.07989320300874256
S1C_W0.81_r14,0.81,original,-1.8,-1.75,192905,0.07008325485956102
S1C_W0.81_r14,0.81,original,-1.75,-1.7,159837,0.05806950160435268
S1C_W0.81_r14,0.81,original,-1.7,-1.65,132148,0.04800996326264881
S1C_W0.81_r14,0.81,original,-1.65,-1.6,112967,0.041041419619605654
S1C_W0.81_r14,0.81,original,-1.6,-1.55,98432,0.03576078869047619
S1C_W0.81_r14,0.81,original,-1.55,-1.5,87984,0.03196498325892857
S1C_W0.81_r14,0.81,original,-1.5,-1.45,79726,0.02896481468563988
S1C_W0.81_r14,0.81,original,-1.45,-1.4,72823,0.026456923711867558
S1C_W0.81_r14,0.81,original,-1.4,-1.35,66614,0.024201166062127976
S1C_W0.81_r14,0.81,original,-1.35,-1.2999999999999998,61030,0.022172473725818452
S1C_W0.81_r14,0.81,original,-1.2999999999999998,-1.25,57193,0.02077847435360863
S1C_W0.81_r14,0.81,original,-1.25,-1.2,52967,0.019243149530319942
S1C_W0.81_r14,0.81,original,-1.2,-1.15,49458,0.017968314034598216
S1C_W0.81_r14,0.81,original,-1.15,-1.1,45970,0.01670110793340774
S1C_W0.81_r14,0.81,original,-1.1,-1.0499999999999998,43270,0.01572018577938988
S1C_W0.81_r14,0.81,original,-1.0499999999999998,-1.0,40675,0.014777410598028274
S1C_W0.81_r14,0.81,original,-1.0,-0.95,38184,0.013872419084821428
S1C_W0.81_r14,0.81,original,-0.95,-0.8999999999999999,35587,0.012928917294456846
S1C_W0.81_r14,0.81,original,-0.8999999999999999,-0.8499999999999999,33630,0.012217930385044642
S1C_W0.81_r14,0.81,original,-0.8499999999999999,-0.7999999999999998,31879,0.011581784202938988
S1C_W0.81_r14,0.81,original,-0.7999999999999998,-0.75,29724,0.010798863002232142
S1C_W0.81_r14,0.81,original,-0.75,-0.7,28578,0.010382516043526786
S1C_W0.81_r14,0.81,original,-0.7,-0.6499999999999999,26942,0.009788149879092262
S1C_W0.81_r14,0.81,original,-0.6499999999999999,-0.5999999999999999,25340,0.009206136067708334
S1C_W0.81_r14,0.81,original,-0.5999999999999999,-0.5499999999999998,23701,0.008610679989769346
S1C_W0.81_r14,0.81,original,-0.5499999999999998,-0.5,22894,0.008317493257068452
S1C_W0.81_r14,0.81,original,-0.5,-0.44999999999999996,21438,0.007788521902901786
S1C_W0.81_r14,0.81,original,-0.44999999999999996,-0.3999999999999999,20335,0.007387797037760417
S1C_W0.81_r14,0.81,original,-0.3999999999999999,-0.34999999999999987,19201,0.006975809733072917
S1C_W0.81_r14,0.81,original,-0.34999999999999987,-0.2999999999999998,18072,0.006565638950892857
S1C_W0.81_r14,0.81,original,-0.2999999999999998,-0.25,17414,0.00632658458891369
S1C_W0.81_r14,0.81,original,-0.25,-0.19999999999999996,16387,0.005953470865885417
S1C_W0.81_r14,0.81,original,-0.19999999999999996,-0.1499999999999999,15513,0.005635942731584821
S1C_W0.81_r14,0.81,original,-0.1499999999999999,-0.09999999999999987,14671,0.005330040341331845
S1C_W0.81_r14,0.81,original,-0.09999999999999987,-0.04999999999999982,14195,0.005157107398623512
S1C_W0.81_r14,0.81,original,-0.04999999999999982,0.0,13115,0.004764738537016369
S1C_W0.81_r14,0.81,original,0.0,0.050000000000000266,12152,0.004414876302083333
S1C_W0.81_r14,0.81,original,0.050000000000000266,0.10000000000000009,11709,0.004253932407924107
S1C_W0.81_r14,0.81,original,0.10000000000000009,0.1499999999999999,10957,0.00398072742280506
S1C_W0.81_r14,0.81,original,0.1499999999999999,0.20000000000000018,10217,0.003711882091703869
S1C_W0.81_r14,0.81,original,0.20000000000000018,0.25,9471,0.00344085693359375
S1C_W0.81_r14,0.81,original,0.25,0.30000000000000027,8845,0.0032134283156622025
S1C_W0.81_r14,0.81,original,0.30000000000000027,0.3500000000000001,8270,0.0030045282273065475
S1C_W0.81_r14,0.81,original,0.3500000000000001,0.40000000000000036,7779,0.002826145717075893
S1C_W0.81_r14,0.81,original,0.40000000000000036,0.4500000000000002,7183,0.002609616234188988
S1C_W0.81_r14,0.81,original,0.4500000000000002,0.5,6801,0.0024708339146205355
S1C_W0.81_r14,0.81,original,0.5,0.5500000000000003,6494,0.0023592994326636905
S1C_W0.81_r14,0.81,original,0.5500000000000003,0.6000000000000001,5942,0.002158755347842262
S1C_W0.81_r14,0.81,original,0.6000000000000001,0.6500000000000004,5487,0.0019934517996651785
S1C_W0.81_r14,0.81,original,0.6500000000000004,0.7000000000000002,5161,0.0018750145321800595
S1C_W0.81_r14,0.81,original,0.7000000000000002,0.75,4875,0.0017711094447544643
S1C_W0.81_r14,0.81,original,0.75,0.8000000000000003,4512,0.0016392299107142857
S1C_W0.81_r14,0.81,original,0.8000000000000003,0.8500000000000001,4292,0.0015593029203869048
S1C_W0.81_r14,0.81,original,0.8500000000000001,0.9000000000000004,3854,0.001400175548735119
S1C_W0.81_r14,0.81,original,0.9000000000000004,0.9500000000000002,3718,0.001350766136532738
S1C_W0.81_r14,0.81,original,0.9500000000000002,1.0,3397,0.0012341453915550595
S1C_W0.81_r14,0.81,original,1.0,1.0500000000000003,3239,0.0011767432803199405
S1C_W0.81_r14,0.81,original,1.0500000000000003,1.1,2966,0.0010775611514136905
S1C_W0.81_r14,0.81,original,1.1,1.1500000000000004,2662,0.0009671165829613095
S1C_W0.81_r14,0.81,original,1.1500000000000004,1.2000000000000002,2541,0.00092315673828125
S1C_W0.81_r14,0.81,original,1.2000000000000002,1.25,2460,0.0008937290736607143
S1C_W0.81_r14,0.81,original,1.25,1.3000000000000003,2145,0.0007792881556919643
S1C_W0.81_r14,0.81,original,1.3000000000000003,1.35,1953,0.00070953369140625
S1C_W0.81_r14,0.81,original,1.35,1.4000000000000004,1823,0.0006623041062127976
S1C_W0.81_r14,0.81,original,1.4000000000000004,1.4500000000000002,1737,0.0006310599190848214
S1C_W0.81_r14,0.81,original,1.4500000000000002,1.5,1546,0.0005616687593005952
S1C_W0.81_r14,0.81,original,1.5,1.5500000000000003,1421,0.0005162556966145834
S1C_W0.81_r14,0.81,original,1.5500000000000003,1.6,1315,0.00047774541945684525
S1C_W0.81_r14,0.81,original,1.6,1.6500000000000004,1192,0.0004330589657738095
S1C_W0.81_r14,0.81,original,1.6500000000000004,1.7000000000000002,1079,0.00039200555710565475
S1C_W0.81_r14,0.81,original,1.7000000000000002,1.75,986,0.0003582182384672619
S1C_W0.81_r14,0.81,original,1.75,1.8000000000000003,905,0.0003287905738467262
S1C_W0.81_r14,0.81,original,1.8000000000000003,1.85,882,0.0003204345703125
S1C_W0.81_r14,0.81,original,1.85,1.9000000000000004,756,0.000274658203125
S1C_W0.81_r14,0.81,original,1.9000000000000004,1.9500000000000002,587,0.0002132597423735119
S1C_W0.81_r14,0.81,original,1.9500000000000002,2.0,357,0.00012969970703125
S1C_W0.81_r14,0.81,rearranged,-2.0,-1.95,117152,0.042561848958333336
S1C_W0.81_r14,0.81,rearranged,-1.95,-1.9,196933,0.07154664539155506
S1C_W0.81_r14,0.81,rearranged,-1.9,-1.85,222887,0.08097585042317708
S1C_W0.81_r14,0.81,rearranged,-1.85,-1.8,220771,0.08020709809802827
S1C_W0.81_r14,0.81,rearranged,-1.8,-1.75,193362,0.07024928501674108
S1C_W0.81_r14,0.81,rearranged,-1.75,-1.7,159332,0.05788603283110119
S1C_W0.81_r14,0.81,rearranged,-1.7,-1.65,132677,0.04820215134393601
S1C_W0.81_r14,0.81,rearranged,-1.65,-1.6,113408,0.041201636904761904
S1C_W0.81_r14,0.81,rearranged,-1.6,-1.55,98159,0.03566160656156994
S1C_W0.81_r14,0.81,rearranged,-1.55,-1.5,87899,0.031934102376302086
S1C_W0.81_r14,0.81,rearranged,-1.5,-1.45,79526,0.02889215378534226
S1C_W0.81_r14,0.81,rearranged,-1.45,-1.4,72337,0.026280357724144346
S1C_W0.81_r14,0.81,rearranged,-1.4,-1.35,66436,0.024136497860863096
S1C_W0.81_r14,0.81,rearranged,-1.35,-1.2999999999999998,61150,0.022216070265997024
S1C_W0.81_r14,0.81,rearranged,-1.2999999999999998,-1.25,56513,0.020531427292596726
S1C_W0.81_r14,0.81,rearranged,-1.25,-1.2,52751,0.01916467575799851
S1C_W0.81_r14,0.81,rearranged,-1.2,-1.15,49459,0.017968677339099702
S1C_W0.81_r14,0.81,rearranged,-1.15,-1.1,46256,0.016805013020833332
S1C_W0.81_r14,0.81,rearranged,-1.1,-1.0499999999999998,42924,0.015594482421875
S1C_W0.81_r14,0.81,rearranged,-1.0499999999999998,-1.0,40518,0.014720371791294642
S1C_W0.81_r14,0.81,rearranged,-1.0,-0.95,37994,0.01380339122953869
S1C_W0.81_r14,0.81,rearranged,-0.95,-0.8999999999999999,35934,0.013054983956473214
S1C_W0.81_r14,0.81,rearranged,-0.8999999999999999,-0.8499999999999999,33687,0.012238638741629464
S1C_W0.81_r14,0.81,rearranged,-0.8499999999999999,-0.7999999999999998,31799,0.01155271984281994
S1C_W0.81_r14,0.81,rearranged,-0.7999999999999998,-0.75,30005,0.010900951567150298
S1C_W0.81_r14,0.81,rearranged,-0.75,-0.7,28215,0.010250636509486608
S1C_W0.81_r14,0.81,rearranged,-0.7,-0.6499999999999999,27048,0.00982666015625
S1C_W0.81_r14,0.81,rearranged,-0.6499999999999999,-0.5999999999999999,25576,0.009291875930059524
S1C_W0.81_r14,0.81,rearranged,-0.5999999999999999,-0.5499999999999998,24056,0.00873965308779762
S1C_W0.81_r14,0.81,rearranged,-0.5499999999999998,-0.5,22724,0.008255731491815476
S1C_W0.81_r14,0.81,rearranged,-0.5,-0.44999999999999996,21511,0.007815043131510416
S1C_W0.81_r14,0.81,rearranged,-0.44999999999999996,-0.3999999999999999,20387,0.007406688871837798
S1C_W0.81_r14,0.81,rearranged,-0.3999999999999999,-0.34999999999999987,19140,0.006953648158482143
S1C_W0.81_r14,0.81,rearranged,-0.34999999999999987,-0.2999999999999998,18379,0.006677173432849702
S1C_W0.81_r14,0.81,rearranged,-0.2999999999999998,-0.25,17326,0.006294613792782738
S1C_W0.81_r14,0.81,rearranged,-0.25,-0.19999999999999996,16681,0.006060282389322917
S1C_W0.81_r14,0.81,rearranged,-0.19999999999999996,-0.1499999999999999,15686,0.005698794410342262
S1C_W0.81_r14,0.81,rearranged,-0.1499999999999999,-0.09999999999999987,14682,0.005334036690848214
S1C_W0.81_r14,0.81,rearranged,-0.09999999999999987,-0.04999999999999982,14142,0.005137852260044643
S1C_W0.81_r14,0.81,rearranged,-0.04999999999999982,0.0,13226,0.004805065336681548
S1C_W0.81_r14,0.81,rearranged,0.0,0.050000000000000266,12461,0.004527137393043155
S1C_W0.81_r14,0.81,rearranged,0.050000000000000266,0.10000000000000009,11633,0.004226321265811012
S1C_W0.81_r14,0.81,rearranged,0.10000000000000009,0.1499999999999999,10928,0.003970191592261905
S1C_W0.81_r14,0.81,rearranged,0.1499999999999999,0.20000000000000018,10188,0.0037013462611607145
S1C_W0.81_r14,0.81,rearranged,0.20000000000000018,0.25,9394,0.0034128824869791665
S1C_W0.81_r14,0.81,rearranged,0.25,0.30000000000000027,8761,0.0031829107375372025
S1C_W0.81_r14,0.81,rearranged,0.30000000000000027,0.3500000000000001,8143,0.0029583885556175595
S1C_W0.81_r14,0.81,rearranged,0.3500000000000001,0.40000000000000036,7622,0.002769106910342262
S1C_W0.81_r14,0.81,rearranged,0.40000000000000036,0.4500000000000002,7269,0.0026408604213169645
S1C_W0.81_r14,0.81,rearranged,0.4500000000000002,0.5,6734,0.0024464925130208335
S1C_W0.81_r14,0.81,rearranged,0.5,0.5500000000000003,6320,0.002296084449404762
S1C_W0.81_r14,0.81,rearranged,0.5500000000000003,0.6000000000000001,5802,0.0021078927176339285
S1C_W0.81_r14,0.81,rearranged,0.6000000000000001,0.6500000000000004,5454,0.0019814627511160715
S1C_W0.81_r14,0.81,rearranged,0.6500000000000004,0.7000000000000002,5174,0.0018797374906994048
S1C_W0.81_r14,0.81,rearranged,0.7000000000000002,0.75,4914,0.0017852783203125
S1C_W0.81_r14,0.81,rearranged,0.75,0.8000000000000003,4492,0.0016319638206845238
S1C_W0.81_r14,0.81,rearranged,0.8000000000000003,0.8500000000000001,4227,0.0015356881277901785
S1C_W0.81_r14,0.81,rearranged,0.8500000000000001,0.9000000000000004,3931,0.0014281499953497025
S1C_W0.81_r14,0.81,rearranged,0.9000000000000004,0.9500000000000002,3695,0.001342410132998512
S1C_W0.81_r14,0.81,rearranged,0.9500000000000002,1.0,3326,0.0012083507719494048
S1C_W0.81_r14,0.81,rearranged,1.0,1.0500000000000003,3118,0.001132783435639881
S1C_W0.81_r14,0.81,rearranged,1.0500000000000003,1.1,3036,0.0011029924665178572
S1C_W0.81_r14,0.81,rearranged,1.1,1.1500000000000004,2770,0.0010063534691220238
S1C_W0.81_r14,0.81,rearranged,1.1500000000000004,1.2000000000000002,2460,0.0008937290736607143
S1C_W0.81_r14,0.81,rearranged,1.2000000000000002,1.25,2315,0.0008410499209449405
S1C_W0.81_r14,0.81,rearranged,1.25,1.3000000000000003,2231,0.0008105323428199405
S1C_W0.81_r14,0.81,rearranged,1.3000000000000003,1.35,1967,0.0007146199544270834
S1C_W0.81_r14,0.81,rearranged,1.35,1.4000000000000004,1888,0.0006859188988095238
S1C_W0.81_r14,0.81,rearranged,1.4000000000000004,1.4500000000000002,1763,0.0006405058361235119
S1C_W0.81_r14,0.81,rearranged,1.4500000000000002,1.5,1558,0.0005660284133184524
S1C_W0.81_r14,0.81,rearranged,1.5,1.5500000000000003,1402,0.0005093529110863095
S1C_W0.81_r14,0.81,rearranged,1.5500000000000003,1.6,1365,0.00049591064453125
S1C_W0.81_r14,0.81,rearranged,1.6,1.6500000000000004,1300,0.0004722958519345238
S1C_W0.81_r14,0.81,rearranged,1.6500000000000004,1.7000000000000002,1210,0.00043959844680059525
S1C_W0.81_r14,0.81,rearranged,1.7000000000000002,1.75,1087,0.0003949119931175595
S1C_W0.81_r14,0.81,rearranged,1.75,1.8000000000000003,1029,0.00037384033203125
S1C_W0.81_r14,0.81,rearranged,1.8000000000000003,1.85,965,0.0003505888439360119
S1C_W0.81_r14,0.81,rearranged,1.85,1.9000000000000004,857,0.0003113519577752976
S1C_W0.81_r14,0.81,rearranged,1.9000000000000004,1.9500000000000002,691,0.0002510434105282738
S1C_W0.81_r14,0.81,rearranged,1.9500000000000002,2.0,384,0.00013950892857142856
S1C_W0.81_r15,0.81,original,-2.0,-1.95,117404,0.042653401692708336
S1C_W0.81_r15,0.81,original,-1.95,-1.9,195637,0.07107580275762648
S1C_W0.81_r15,0.81,original,-1.9,-1.85,222472,0.08082507905505952
S1C_W0.81_r15,0.81,original,-1.85,-1.8,219701,0.07981836228143602
S1C_W0.81_r15,0.81,original,-1.8,-1.75,192862,0.07006763276599702
S1C_W0.81_r15,0.81,original,-1.75,-1.7,160415,0.0582794916062128
S1C_W0.81_r15,0.81,original,-1.7,-1.65,132687,0.048205784388950894
S1C_W0.81_r15,0.81,original,-1.65,-1.6,113557,0.041255769275483634
S1C_W0.81_r15,0.81,original,-1.6,-1.55,99476,0.03614007859002976
S1C_W0.81_r15,0.81,original,-1.55,-1.5,87778,0.03189014253162202
S1C_W0.81_r15,0.81,original,-1.5,-1.45,79683,0.028949192592075894
S1C_W0.81_r15,0.81,original,-1.45,-1.4,72557,0.026360284714471726
S1C_W0.81_r15,0.81,original,-1.4,-1.35,66507,0.02416229248046875
S1C_W0.81_r15,0.81,original,-1.35,-1.2999999999999998,61908,0.022491455078125
S1C_W0.81_r15,0.81,original,-1.2999999999999998,-1.25,57009,0.020711626325334822
S1C_W0.81_r15,0.81,original,-1.25,-1.2,52780,0.019175211588541668
S1C_W0.81_r15,0.81,original,-1.2,-1.15,49576,0.018011183965773808
S1C_W0.81_r15,0.81,original,-1.15,-1.1,46329,0.016831534249441966
S1C_W0.81_r15,0.81,original,-1.1,-1.0499999999999998,43303,0.01573217482793899
S1C_W0.81_r15,0.81,original,-1.0499999999999998,-1.0,40049,0.014549981980096726
S1C_W0.81_r15,0.81,original,-1.0,-0.95,38035,0.013818286714099702
S1C_W0.81_r15,0.81,original,-0.95,-0.8999999999999999,35996,0.013077508835565476
S1C_W0.81_r15,0.81,original,-0.8999999999999999,-0.8499999999999999,33597,0.012205941336495536
S1C_W0.81_r15,0.81,original,-0.8499999999999999,-0.7999999999999998,32107,0.011664617629278274
S1C_W0.81_r15,0.81,original,-0.7999999999999998,-0.75,30028,0.010909307570684524
S1C_W0.81_r15,0.81,original,-0.75,-0.7,28332,0.010293143136160714
S1C_W0.81_r15,0.81,original,-0.7,-0.6499999999999999,26921,0.009780520484561012
S1C_W0.81_r15,0.81,original,-0.6499999999999999,-0.5999999999999999,25060,0.009104410807291666
S1C_W0.81_r15,0.81,original,-0.5999999999999999,-0.5499999999999998,24048,0.008736746651785714
S1C_W0.81_r15,0.81,original,-0.5499999999999998,-0.5,22510,0.008177984328497024
S1C_W0.81_r15,0.81,original,-0.5,-0.44999999999999996,21396,0.007773263113839286
S1C_W0.81_r15,0.81,original,-0.44999999999999996,-0.3999999999999999,20425,0.007420494442894345
S1C_W0.81_r15,0.81,original,-0.3999999999999999,-0.34999999999999987,19250,0.006993611653645833
S1C_W0.81_r15,0.81,original,-0.34999999999999987,-0.2999999999999998,18154,0.006595429920014881
S1C_W0.81_r15,0.81,original,-0.2999999999999998,-0.25,17301,0.006285531180245536
S1C_W0.81_r15,0.81,original,-0.25,-0.19999999999999996,16485,0.00598907470703125
S1C_W0.81_r15,0.81,original,-0.19999999999999996,-0.1499999999999999,15372,0.005584716796875
S1C_W0.81_r15,0.81,original,-0.1499999999999999,-0.09999999999999987,14761,0.005362737746465774
S1C_W0.81_r15,0.81,original,-0.09999999999999987,-0.04999999999999982,14143,0.005138215564546131
S1C_W0.81_r15,0.81,original,-0.04999999999999982,0.0,13291,0.004828680129278274
S1C_W0.81_r15,0.81,original,0.0,0.050000000000000266,12398,0.004504249209449405
S1C_W0.81_r15,0.81,original,0.050000000000000266,0.10000000000000009,11616,0.004220145089285714
S1C_W0.81_r15,0.81,original,0.10000000000000009,0.1499999999999999,10839,0.003937857491629464
S1C_W0.81_r15,0.81,original,0.1499999999999999,0.20000000000000018,10189,0.0037017095656622025
S1C_W0.81_r15,0.81,original,0.20000000000000018,0.25,9478,0.0034434000651041665
S1C_W0.81_r15,0.81,original,0.25,0.30000000000000027,8744,0.003176734561011905
S1C_W0.81_r15,0.81,original,0.30000000000000027,0.3500000000000001,8223,0.002987452915736607
S1C_W0.81_r15,0.81,original,0.3500000000000001,0.40000000000000036,7736,0.002810523623511905
S1C_W0.81_r15,0.81,original,0.40000000000000036,0.4500000000000002,7301,0.0026524861653645835
S1C_W0.81_r15,0.81,original,0.4500000000000002,0.5,7002,0.002543858119419643
S1C_W0.81_r15,0.81,original,0.5,0.5500000000000003,6439,0.002339317685081845
S1C_W0.81_r15,0.81,original,0.5500000000000003,0.6000000000000001,5919,0.0021503993443080355
S1C_W0.81_r15,0.81,original,0.6000000000000001,0.6500000000000004,5621,0.0020421346028645835
S1C_W0.81_r15,0.81,original,0.6500000000000004,0.7000000000000002,5102,0.001853579566592262
S1C_W0.81_r15,0.81,original,0.7000000000000002,0.75,4811,0.0017478579566592262
S1C_W0.81_r15,0.81,original,0.75,0.8000000000000003,4442,0.001613798595610119
S1C_W0.81_r15,0.81,original,0.8000000000000003,0.8500000000000001,4267,0.0015502203078497025
S1C_W0.81_r15,0.81,original,0.8500000000000001,0.9000000000000004,3894,0.0014147077287946428
S1C_W0.81_r15,0.81,original,0.9000000000000004,0.9500000000000002,3558,0.0012926374162946428
S1C_W0.81_r15,0.81,original,0.9500000000000002,1.0,3397,0.0012341453915550595
S1C_W0.81_r15,0.81,original,1.0,1.0500000000000003,3210,0.0011662074497767857
S1C_W0.81_r15,0.81,original,1.0500000000000003,1.1,3039,0.0011040823800223215
S1C_W0.81_r15,0.81,original,1.1,1.1500000000000004,2697,0.0009798322405133928
S1C_W0.81_r15,0.81,original,1.1500000000000004,1.2000000000000002,2541,0.00092315673828125
S1C_W0.81_r15,0.81,original,1.2000000000000002,1.25,2271,0.0008250645228794643
S1C_W0.81_r15,0.81,original,1.25,1.3000000000000003,2254,0.0008188883463541666
S1C_W0.81_r15,0.81,original,1.3000000000000003,1.35,2082,0.0007563999720982143
S1C_W0.81_r15,0.81,original,1.35,1.4000000000000004,1940,0.0007048107328869048
S1C_W0.81_r15,0.81,original,1.4000000000000004,1.4500000000000002,1693,0.0006150745210193452
S1C_W0.81_r15,0.81,original,1.4500000000000002,1.5,1591,0.0005780174618675595
S1C_W0.81_r15,0.81,original,1.5,1.5500000000000003,1450,0.0005267915271577381
S1C_W0.81_r15,0.81,original,1.5500000000000003,1.6,1266,0.00045994349888392856
S1C_W0.81_r15,0.81,original,1.6,1.6500000000000004,1191,0.00043269566127232144
S1C_W0.81_r15,0.81,original,1.6500000000000004,1.7000000000000002,1032,0.0003749302455357143
S1C_W0.81_r15,0.81,original,1.7000000000000002,1.75,1023,0.00037166050502232144
S1C_W0.81_r15,0.81,original,1.75,1.8000000000000003,908,0.0003298804873511905
S1C_W0.81_r15,0.81,original,1.8000000000000003,1.85,834,0.00030299595424107144
S1C_W0.81_r15,0.81,original,1.85,1.9000000000000004,735,0.00026702880859375
S1C_W0.81_r15,0.81,original,1.9000000000000004,1.9500000000000002,549,0.00019945417131696428
S1C_W0.81_r15,0.81,original,1.9500000000000002,2.0,328,0.00011916387648809523
S1C_W0.81_r15,0.81,rearranged,-2.0,-1.95,117146,0.042559669131324404
S1C_W0.81_r15,0.81,rearranged,-1.95,-1.9,196575,0.07141658238002233
S1C_W0.81_r15,0.81,rearranged,-1.9,-1.85,223342,0.08114115397135417
S1C_W0.81_r15,0.81,rearranged,-1.85,-1.8,219689,0.07981400262741815
S1C_W0.81_r15,0.81,rearranged,-1.8,-1.75,192703,0.07000986735026042
S1C_W0.81_r15,0.81,rearranged,-1.75,-1.7,159630,0.057994297572544644
S1C_W0.81_r15,0.81,rearranged,-1.7,-1.65,132179,0.04802122570219494
S1C_W0.81_r15,0.81,rearranged,-1.65,-1.6,112854,0.0410003662109375
S1C_W0.81_r15,0.81,rearranged,-1.6,-1.55,98805,0.03589630126953125
S1C_W0.81_r15,0.81,rearranged,-1.55,-1.5,87959,0.031955900646391366
S1C_W0.81_r15,0.81,rearranged,-1.5,-1.45,79762,0.028977893647693452
S1C_W0.81_r15,0.81,rearranged,-1.45,-1.4,71997,0.026156834193638394
S1C_W0.81_r15,0.81,rearranged,-1.4,-1.35,66871,0.024294535319010418
S1C_W0.81_r15,0.81,rearranged,-1.35,-1.2999999999999998,61671,0.022405351911272322
S1C_W0.81_r15,0.81,rearranged,-1.2999999999999998,-1.25,56967,0.020696367536272322
S1C_W0.81_r15,0.81,rearranged,-1.25,-1.2,53012,0.019259498232886904
S1C_W0.81_r15,0.81,rearranged,-1.2,-1.15,49022,0.017809913271949404
S1C_W0.81_r15,0.81,rearranged,-1.15,-1.1,46137,0.01676177978515625
S1C_W0.81_r15,0.81,rearranged,-1.1,-1.0499999999999998,43279,0.015723455519903274
S1C_W0.81_r15,0.81,rearranged,-1.0499999999999998,-1.0,40873,0.014849344889322916
S1C_W0.81_r15,0.81,rearranged,-1.0,-0.95,37883,0.013763064429873512
S1C_W0.81_r15,0.81,rearranged,-0.95,-0.8999999999999999,35477,0.012888953799293154
S1C_W0.81_r15,0.81,rearranged,-0.8999999999999999,-0.8499999999999999,33661,0.012229192824590774
S1C_W0.81_r15,0.81,rearranged,-0.8499999999999999,-0.7999999999999998,31665,0.011504037039620536
S1C_W0.81_r15,0.81,rearranged,-0.7999999999999998,-0.75,30230,0.01098269507998512
S1C_W0.81_r15,0.81,rearranged,-0.75,-0.7,28115,0.010214306059337798
S1C_W0.81_r15,0.81,rearranged,-0.7,-0.6499999999999999,26888,0.009768531436011904
S1C_W0.81_r15,0.81,rearranged,-0.6499999999999999,-0.5999999999999999,25181,0.009148370651971726
S1C_W0.81_r15,0.81,rearranged,-0.5999999999999999,-0.5499999999999998,23955,0.008702959333147322
S1C_W0.81_r15,0.81,rearranged,-0.5499999999999998,-0.5,22629,0.008221217564174108
S1C_W0.81_r15,0.81,rearranged,-0.5,-0.44999999999999996,21427,0.007784525553385417
S1C_W0.81_r15,0.81,rearranged,-0.44999999999999996,-0.3999999999999999,20563,0.007470630464099702
S1C_W0.81_r15,0.81,rearranged,-0.3999999999999999,-0.34999999999999987,19676,0.007148379371279762
S1C_W0.81_r15,0.81,rearranged,-0.34999999999999987,-0.2999999999999998,18375,0.00667572021484375
S1C_W0.81_r15,0.81,rearranged,-0.2999999999999998,-0.25,17622,0.006402151925223214
S1C_W0.81_r15,0.81,rearranged,-0.25,-0.19999999999999996,16471,0.005983988444010417
S1C_W0.81_r15,0.81,rearranged,-0.19999999999999996,-0.1499999999999999,15600,0.005667550223214286
S1C_W0.81_r15,0.81,rearranged,-0.1499999999999999,-0.09999999999999987,14860,0.005398704892113095
S1C_W0.81_r15,0.81,rearranged,-0.09999999999999987,-0.04999999999999982,14247,0.005175999232700893
S1C_W0.81_r15,0.81,rearranged,-0.04999999999999982,0.0,13207,0.004798162551153274
S1C_W0.81_r15,0.81,rearranged,0.0,0.050000000000000266,12728,0.004624139694940476
S1C_W0.81_r15,0.81,rearranged,0.050000000000000266,0.10000000000000009,11799,0.004286629813058036
S1C_W0.81_r15,0.81,rearranged,0.10000000000000009,0.1499999999999999,10890,0.003956386021205357
S1C_W0.81_r15,0.81,rearranged,0.1499999999999999,0.20000000000000018,10350,0.0037602015904017855
S1C_W0.81_r15,0.81,rearranged,0.20000000000000018,0.25,9494,0.003449212937127976
S1C_W0.81_r15,0.81,rearranged,0.25,0.30000000000000027,8732,0.0031723749069940475
S1C_W0.81_r15,0.81,rearranged,0.30000000000000027,0.3500000000000001,8165,0.0029663812546502975
S1C_W0.81_r15,0.81,rearranged,0.3500000000000001,0.40000000000000036,7656,0.002781459263392857
S1C_W0.81_r15,0.81,rearranged,0.40000000000000036,0.4500000000000002,7232,0.002627418154761905
S1C_W0.81_r15,0.81,rearranged,0.4500000000000002,0.5,6851,0.0024889991396949405
S1C_W0.81_r15,0.81,rearranged,0.5,0.5500000000000003,6411,0.0023291451590401785
S1C_W0.81_r15,0.81,rearranged,0.5500000000000003,0.6000000000000001,6014,0.002184913271949405
S1C_W0.81_r15,0.81,rearranged,0.6000000000000001,0.6500000000000004,5509,0.0020014444986979165
S1C_W0.81_r15,0.81,rearranged,0.6500000000000004,0.7000000000000002,5193,0.0018866402762276785
S1C_W0.81_r15,0.81,rearranged,0.7000000000000002,0.75,4759,0.0017289661225818452
S1C_W0.81_r15,0.81,rearranged,0.75,0.8000000000000003,4520,0.0016421363467261905
S1C_W0.81_r15,0.81,rearranged,0.8000000000000003,0.8500000000000001,4096,0.001488095238095238
S1C_W0.81_r15,0.81,rearranged,0.8500000000000001,0.9000000000000004,3945,0.0014332362583705357
S1C_W0.81_r15,0.81,rearranged,0.9000000000000004,0.9500000000000002,3585,0.0013024466378348215
S1C_W0.81_r15,0.81,rearranged,0.9500000000000002,1.0,3467,0.0012595767066592262
S1C_W0.81_r15,0.81,rearranged,1.0,1.0500000000000003,3241,0.0011774698893229167
S1C_W0.81_r15,0.81,rearranged,1.0500000000000003,1.1,2983,0.001083737327938988
S1C_W0.81_r15,0.81,rearranged,1.1,1.1500000000000004,2754,0.0010005405970982143
S1C_W0.81_r15,0.81,rearranged,1.1500000000000004,1.2000000000000002,2636,0.000957670665922619
S1C_W0.81_r15,0.81,rearranged,1.2000000000000002,1.25,2369,0.0008606683640252976
S1C_W0.81_r15,0.81,rearranged,1.25,1.3000000000000003,2204,0.0008007231212797619
S1C_W0.81_r15,0.81,rearranged,1.3000000000000003,1.35,2087,0.0007582164946056548
S1C_W0.81_r15,0.81,rearranged,1.35,1.4000000000000004,1851,0.0006724766322544643
S1C_W0.81_r15,0.81,rearranged,1.4000000000000004,1.4500000000000002,1741,0.0006325131370907738
S1C_W0.81_r15,0.81,rearranged,1.4500000000000002,1.5,1611,0.0005852835518973214
S1C_W0.81_r15,0.81,rearranged,1.5,1.5500000000000003,1529,0.0005554925827752976
S1C_W0.81_r15,0.81,rearranged,1.5500000000000003,1.6,1251,0.00045449393136160713
S1C_W0.81_r15,0.81,rearranged,1.6,1.6500000000000004,1195,0.0004341488792782738
S1C_W0.81_r15,0.81,rearranged,1.6500000000000004,1.7000000000000002,1076,0.0003909156436011905
S1C_W0.81_r15,0.81,rearranged,1.7000000000000002,1.75,1027,0.0003731137230282738
S1C_W0.81_r15,0.81,rearranged,1.75,1.8000000000000003,929,0.0003375098818824405
S1C_W0.81_r15,0.81,rearranged,1.8000000000000003,1.85,865,0.0003142583937872024
S1C_W0.81_r15,0.81,rearranged,1.85,1.9000000000000004,720,0.00026157924107142856
S1C_W0.81_r15,0.81,rearranged,1.9000000000000004,1.9500000000000002,538,0.00019545782180059525
S1C_W0.81_r15,0.81,rearranged,1.9500000000000002,2.0,304,0.00011044456845238095
