case,family,N,edges,downward,order1,order2,gt2_or_infinite,mismatches
four_vertex_0000,all_four_vertex,4,0,0,0,0,0,0
four_vertex_0001,all_four_vertex,4,1,0,0,0,1,0
four_vertex_0002,all_four_vertex,4,1,0,0,0,1,0
four_vertex_0003,all_four_vertex,4,2,0,0,0,2,0
four_vertex_0004,all_four_vertex,4,1,0,0,0,1,0
four_vertex_0005,all_four_vertex,4,2,0,0,0,2,0
four_vertex_0006,all_four_vertex,4,2,0,0,0,2,0
four_vertex_0007,all_four_vertex,4,3,0,0,0,3,0
four_vertex_0008,all_four_vertex,4,1,1,0,0,0,0
four_vertex_0009,all_four_vertex,4,2,1,1,0,0,0
four_vertex_0010,all_four_vertex,4,2,1,0,0,1,0
four_vertex_0011,all_four_vertex,4,3,1,1,0,1,0
four_vertex_0012,all_four_vertex,4,2,1,0,0,1,0
four_vertex_0013,all_four_vertex,4,3,1,1,0,1,0
four_vertex_0014,all_four_vertex,4,3,1,0,0,2,0
four_vertex_0015,all_four_vertex,4,4,1,1,0,2,0
four_vertex_0016,all_four_vertex,4,1,0,0,0,1,0
four_vertex_0017,all_four_vertex,4,2,0,0,0,2,0
four_vertex_0018,all_four_vertex,4,2,0,0,0,2,0
four_vertex_0019,all_four_vertex,4,3,0,0,0,3,0
four_vertex_0020,all_four_vertex,4,2,0,0,0,2,0
four_vertex_0021,all_four_vertex,4,3,0,0,0,3,0
four_vertex_0022,all_four_vertex,4,3,0,0,0,3,0
four_vertex_0023,all_four_vertex,4,4,0,0,0,4,0
four_vertex_0024,all_four_vertex,4,2,1,0,0,1,0
four_vertex_0025,all_four_vertex,4,3,1,1,0,1,0
four_vertex_0026,all_four_vertex,4,3,1,0,0,2,0
four_vertex_0027,all_four_vertex,4,4,1,1,0,2,0
four_vertex_0028,all_four_vertex,4,3,1,0,0,2,0
four_vertex_0029,all_four_vertex,4,4,1,1,0,2,0
four_vertex_0030,all_four_vertex,4,4,1,0,0,3,0
four_vertex_0031,all_four_vertex,4,5,1,1,0,3,0
four_vertex_0032,all_four_vertex,4,1,0,0,0,1,0
four_vertex_0033,all_four_vertex,4,2,0,0,0,2,0
four_vertex_0034,all_four_vertex,4,2,0,0,0,2,0
four_vertex_0035,all_four_vertex,4,3,0,0,0,3,0
four_vertex_0036,all_four_vertex,4,2,0,0,0,2,0
four_vertex_0037,all_four_vertex,4,3,0,0,0,3,0
four_vertex_0038,all_four_vertex,4,3,0,0,0,3,0
four_vertex_0039,all_four_vertex,4,4,0,0,0,4,0
four_vertex_0040,all_four_vertex,4,2,1,0,0,1,0
four_vertex_0041,all_four_vertex,4,3,1,1,0,1,0
four_vertex_0042,all_four_vertex,4,3,1,0,0,2,0
four_vertex_0043,all_four_vertex,4,4,1,1,0,2,0
four_vertex_0044,all_four_vertex,4,3,1,0,0,2,0
four_vertex_0045,all_four_vertex,4,4,1,1,0,2,0
four_vertex_0046,all_four_vertex,4,4,1,0,0,3,0
four_vertex_0047,all_four_vertex,4,5,1,1,0,3,0
four_vertex_0048,all_four_vertex,4,2,0,0,0,2,0
four_vertex_0049,all_four_vertex,4,3,0,0,0,3,0
four_vertex_0050,all_four_vertex,4,3,0,0,0,3,0
four_vertex_0051,all_four_vertex,4,4,0,0,0,4,0
four_vertex_0052,all_four_vertex,4,3,0,0,0,3,0
four_vertex_0053,all_four_vertex,4,4,0,0,0,4,0
four_vertex_0054,all_four_vertex,4,4,0,0,0,4,0
four_vertex_0055,all_four_vertex,4,5,0,0,0,5,0
four_vertex_0056,all_four_vertex,4,3,1,0,0,2,0
four_vertex_0057,all_four_vertex,4,4,1,1,0,2,0
four_vertex_0058,all_four_vertex,4,4,1,0,0,3,0
four_vertex_0059,all_four_vertex,4,5,1,1,0,3,0
four_vertex_0060,all_four_vertex,4,4,1,0,0,3,0
four_vertex_0061,all_four_vertex,4,5,1,1,0,3,0
four_vertex_0062,all_four_vertex,4,5,1,0,0,4,0
four_vertex_0063,all_four_vertex,4,6,1,1,0,4,0
four_vertex_0064,all_four_vertex,4,1,1,0,0,0,0
four_vertex_0065,all_four_vertex,4,2,1,0,0,1,0
four_vertex_0066,all_four_vertex,4,2,1,1,0,0,0
four_vertex_0067,all_four_vertex,4,3,1,1,0,1,0
four_vertex_0068,all_four_vertex,4,2,1,0,0,1,0
four_vertex_0069,all_four_vertex,4,3,1,0,0,2,0
four_vertex_0070,all_four_vertex,4,3,1,1,0,1,0
four_vertex_0071,all_four_vertex,4,4,1,1,0,2,0
four_vertex_0072,all_four_vertex,4,2,2,0,0,0,0
four_vertex_0073,all_four_vertex,4,3,2,1,0,0,0
four_vertex_0074,all_four_vertex,4,3,2,1,0,0,0
four_vertex_0075,all_four_vertex,4,4,2,2,0,0,0
four_vertex_0076,all_four_vertex,4,3,2,0,0,1,0
four_vertex_0077,all_four_vertex,4,4,2,1,0,1,0
four_vertex_0078,all_four_vertex,4,4,2,1,0,1,0
four_vertex_0079,all_four_vertex,4,5,2,2,0,1,0
four_vertex_0080,all_four_vertex,4,2,1,0,0,1,0
four_vertex_0081,all_four_vertex,4,3,1,0,2,0,0
four_vertex_0082,all_four_vertex,4,3,1,1,0,1,0
four_vertex_0083,all_four_vertex,4,4,1,1,2,0,0
four_vertex_0084,all_four_vertex,4,3,1,0,0,2,0
four_vertex_0085,all_four_vertex,4,4,1,0,2,1,0
four_vertex_0086,all_four_vertex,4,4,1,1,0,2,0
four_vertex_0087,all_four_vertex,4,5,1,1,2,1,0
four_vertex_0088,all_four_vertex,4,3,2,0,0,1,0
four_vertex_0089,all_four_vertex,4,4,2,1,1,0,0
four_vertex_0090,all_four_vertex,4,4,2,1,0,1,0
four_vertex_0091,all_four_vertex,4,5,2,2,1,0,0
four_vertex_0092,all_four_vertex,4,4,2,0,0,2,0
four_vertex_0093,all_four_vertex,4,5,2,1,1,1,0
four_vertex_0094,all_four_vertex,4,5,2,1,0,2,0
four_vertex_0095,all_four_vertex,4,6,2,2,1,1,0
four_vertex_0096,all_four_vertex,4,2,1,0,0,1,0
four_vertex_0097,all_four_vertex,4,3,1,0,0,2,0
four_vertex_0098,all_four_vertex,4,3,1,1,0,1,0
four_vertex_0099,all_four_vertex,4,4,1,1,0,2,0
four_vertex_0100,all_four_vertex,4,3,1,0,0,2,0
four_vertex_0101,all_four_vertex,4,4,1,0,0,3,0
four_vertex_0102,all_four_vertex,4,4,1,1,0,2,0
four_vertex_0103,all_four_vertex,4,5,1,1,0,3,0
four_vertex_0104,all_four_vertex,4,3,2,0,0,1,0
four_vertex_0105,all_four_vertex,4,4,2,1,0,1,0
four_vertex_0106,all_four_vertex,4,4,2,1,0,1,0
four_vertex_0107,all_four_vertex,4,5,2,2,0,1,0
four_vertex_0108,all_four_vertex,4,4,2,0,0,2,0
four_vertex_0109,all_four_vertex,4,5,2,1,0,2,0
four_vertex_0110,all_four_vertex,4,5,2,1,0,2,0
four_vertex_0111,all_four_vertex,4,6,2,2,0,2,0
four_vertex_0112,all_four_vertex,4,3,1,0,0,2,0
four_vertex_0113,all_four_vertex,4,4,1,0,2,1,0
four_vertex_0114,all_four_vertex,4,4,1,1,0,2,0
four_vertex_0115,all_four_vertex,4,5,1,1,2,1,0
four_vertex_0116,all_four_vertex,4,4,1,0,0,3,0
four_vertex_0117,all_four_vertex,4,5,1,0,2,2,0
four_vertex_0118,all_four_vertex,4,5,1,1,0,3,0
four_vertex_0119,all_four_vertex,4,6,1,1,2,2,0
four_vertex_0120,all_four_vertex,4,4,2,0,0,2,0
four_vertex_0121,all_four_vertex,4,5,2,1,1,1,0
four_vertex_0122,all_four_vertex,4,5,2,1,0,2,0
four_vertex_0123,all_four_vertex,4,6,2,2,1,1,0
four_vertex_0124,all_four_vertex,4,5,2,0,0,3,0
four_vertex_0125,all_four_vertex,4,6,2,1,1,2,0
four_vertex_0126,all_four_vertex,4,6,2,1,0,3,0
four_vertex_0127,all_four_vertex,4,7,2,2,1,2,0
four_vertex_0128,all_four_vertex,4,1,1,0,0,0,0
four_vertex_0129,all_four_vertex,4,2,1,0,0,1,0
four_vertex_0130,all_four_vertex,4,2,1,0,0,1,0
four_vertex_0131,all_four_vertex,4,3,1,0,0,2,0
four_vertex_0132,all_four_vertex,4,2,1,0,0,1,0
four_vertex_0133,all_four_vertex,4,3,1,0,0,2,0
four_vertex_0134,all_four_vertex,4,3,1,0,0,2,0
four_vertex_0135,all_four_vertex,4,4,1,0,0,3,0
four_vertex_0136,all_four_vertex,4,2,2,0,0,0,0
four_vertex_0137,all_four_vertex,4,3,2,1,0,0,0
four_vertex_0138,all_four_vertex,4,3,2,1,0,0,0
four_vertex_0139,all_four_vertex,4,4,2,2,0,0,0
four_vertex_0140,all_four_vertex,4,3,2,0,0,1,0
four_vertex_0141,all_four_vertex,4,4,2,1,0,1,0
four_vertex_0142,all_four_vertex,4,4,2,1,0,1,0
four_vertex_0143,all_four_vertex,4,5,2,2,0,1,0
four_vertex_0144,all_four_vertex,4,2,1,1,0,0,0
four_vertex_0145,all_four_vertex,4,3,1,1,0,1,0
four_vertex_0146,all_four_vertex,4,3,1,1,0,1,0
four_vertex_0147,all_four_vertex,4,4,1,1,0,2,0
four_vertex_0148,all_four_vertex,4,3,1,1,0,1,0
four_vertex_0149,all_four_vertex,4,4,1,1,0,2,0
four_vertex_0150,all_four_vertex,4,4,1,1,0,2,0
four_vertex_0151,all_four_vertex,4,5,1,1,0,3,0
four_vertex_0152,all_four_vertex,4,3,2,1,0,0,0
four_vertex_0153,all_four_vertex,4,4,2,2,0,0,0
four_vertex_0154,all_four_vertex,4,4,2,2,0,0,0
four_vertex_0155,all_four_vertex,4,5,2,3,0,0,0
four_vertex_0156,all_four_vertex,4,4,2,1,0,1,0
four_vertex_0157,all_four_vertex,4,5,2,2,0,1,0
four_vertex_0158,all_four_vertex,4,5,2,2,0,1,0
four_vertex_0159,all_four_vertex,4,6,2,3,0,1,0
four_vertex_0160,all_four_vertex,4,2,1,0,0,1,0
four_vertex_0161,all_four_vertex,4,3,1,0,0,2,0
four_vertex_0162,all_four_vertex,4,3,1,0,0,2,0
four_vertex_0163,all_four_vertex,4,4,1,0,0,3,0
four_vertex_0164,all_four_vertex,4,3,1,0,0,2,0
four_vertex_0165,all_four_vertex,4,4,1,0,0,3,0
four_vertex_0166,all_four_vertex,4,4,1,0,0,3,0
four_vertex_0167,all_four_vertex,4,5,1,0,0,4,0
four_vertex_0168,all_four_vertex,4,3,2,0,0,1,0
four_vertex_0169,all_four_vertex,4,4,2,1,0,1,0
four_vertex_0170,all_four_vertex,4,4,2,1,0,1,0
four_vertex_0171,all_four_vertex,4,5,2,2,0,1,0
four_vertex_0172,all_four_vertex,4,4,2,0,0,2,0
four_vertex_0173,all_four_vertex,4,5,2,1,0,2,0
four_vertex_0174,all_four_vertex,4,5,2,1,0,2,0
four_vertex_0175,all_four_vertex,4,6,2,2,0,2,0
four_vertex_0176,all_four_vertex,4,3,1,1,0,1,0
four_vertex_0177,all_four_vertex,4,4,1,1,0,2,0
four_vertex_0178,all_four_vertex,4,4,1,1,0,2,0
four_vertex_0179,all_four_vertex,4,5,1,1,0,3,0
four_vertex_0180,all_four_vertex,4,4,1,1,0,2,0
four_vertex_0181,all_four_vertex,4,5,1,1,0,3,0
four_vertex_0182,all_four_vertex,4,5,1,1,0,3,0
four_vertex_0183,all_four_vertex,4,6,1,1,0,4,0
four_vertex_0184,all_four_vertex,4,4,2,1,0,1,0
four_vertex_0185,all_four_vertex,4,5,2,2,0,1,0
four_vertex_0186,all_four_vertex,4,5,2,2,0,1,0
four_vertex_0187,all_four_vertex,4,6,2,3,0,1,0
four_vertex_0188,all_four_vertex,4,5,2,1,0,2,0
four_vertex_0189,all_four_vertex,4,6,2,2,0,2,0
four_vertex_0190,all_four_vertex,4,6,2,2,0,2,0
four_vertex_0191,all_four_vertex,4,7,2,3,0,2,0
four_vertex_0192,all_four_vertex,4,2,2,0,0,0,0
four_vertex_0193,all_four_vertex,4,3,2,0,0,1,0
four_vertex_0194,all_four_vertex,4,3,2,1,0,0,0
four_vertex_0195,all_four_vertex,4,4,2,1,0,1,0
four_vertex_0196,all_four_vertex,4,3,2,0,0,1,0
four_vertex_0197,all_four_vertex,4,4,2,0,0,2,0
four_vertex_0198,all_four_vertex,4,4,2,1,0,1,0
four_vertex_0199,all_four_vertex,4,5,2,1,0,2,0
four_vertex_0200,all_four_vertex,4,3,3,0,0,0,0
four_vertex_0201,all_four_vertex,4,4,3,1,0,0,0
four_vertex_0202,all_four_vertex,4,4,3,1,0,0,0
four_vertex_0203,all_four_vertex,4,5,3,2,0,0,0
four_vertex_0204,all_four_vertex,4,4,3,0,0,1,0
four_vertex_0205,all_four_vertex,4,5,3,1,0,1,0
four_vertex_0206,all_four_vertex,4,5,3,1,0,1,0
four_vertex_0207,all_four_vertex,4,6,3,2,0,1,0
four_vertex_0208,all_four_vertex,4,3,2,1,0,0,0
four_vertex_0209,all_four_vertex,4,4,2,1,1,0,0
four_vertex_0210,all_four_vertex,4,4,2,2,0,0,0
four_vertex_0211,all_four_vertex,4,5,2,2,1,0,0
four_vertex_0212,all_four_vertex,4,4,2,1,0,1,0
four_vertex_0213,all_four_vertex,4,5,2,1,1,1,0
four_vertex_0214,all_four_vertex,4,5,2,2,0,1,0
four_vertex_0215,all_four_vertex,4,6,2,2,1,1,0
four_vertex_0216,all_four_vertex,4,4,3,1,0,0,0
four_vertex_0217,all_four_vertex,4,5,3,2,0,0,0
four_vertex_0218,all_four_vertex,4,5,3,2,0,0,0
four_vertex_0219,all_four_vertex,4,6,3,3,0,0,0
four_vertex_0220,all_four_vertex,4,5,3,1,0,1,0
four_vertex_0221,all_four_vertex,4,6,3,2,0,1,0
four_vertex_0222,all_four_vertex,4,6,3,2,0,1,0
four_vertex_0223,all_four_vertex,4,7,3,3,0,1,0
four_vertex_0224,all_four_vertex,4,3,2,0,0,1,0
four_vertex_0225,all_four_vertex,4,4,2,0,0,2,0
four_vertex_0226,all_four_vertex,4,4,2,1,0,1,0
four_vertex_0227,all_four_vertex,4,5,2,1,0,2,0
four_vertex_0228,all_four_vertex,4,4,2,0,0,2,0
four_vertex_0229,all_four_vertex,4,5,2,0,0,3,0
four_vertex_0230,all_four_vertex,4,5,2,1,0,2,0
four_vertex_0231,all_four_vertex,4,6,2,1,0,3,0
four_vertex_0232,all_four_vertex,4,4,3,0,0,1,0
four_vertex_0233,all_four_vertex,4,5,3,1,0,1,0
four_vertex_0234,all_four_vertex,4,5,3,1,0,1,0
four_vertex_0235,all_four_vertex,4,6,3,2,0,1,0
four_vertex_0236,all_four_vertex,4,5,3,0,0,2,0
four_vertex_0237,all_four_vertex,4,6,3,1,0,2,0
four_vertex_0238,all_four_vertex,4,6,3,1,0,2,0
four_vertex_0239,all_four_vertex,4,7,3,2,0,2,0
four_vertex_0240,all_four_vertex,4,4,2,1,0,1,0
four_vertex_0241,all_four_vertex,4,5,2,1,1,1,0
four_vertex_0242,all_four_vertex,4,5,2,2,0,1,0
four_vertex_0243,all_four_vertex,4,6,2,2,1,1,0
four_vertex_0244,all_four_vertex,4,5,2,1,0,2,0
four_vertex_0245,all_four_vertex,4,6,2,1,1,2,0
four_vertex_0246,all_four_vertex,4,6,2,2,0,2,0
four_vertex_0247,all_four_vertex,4,7,2,2,1,2,0
four_vertex_0248,all_four_vertex,4,5,3,1,0,1,0
four_vertex_0249,all_four_vertex,4,6,3,2,0,1,0
four_vertex_0250,all_four_vertex,4,6,3,2,0,1,0
four_vertex_0251,all_four_vertex,4,7,3,3,0,1,0
four_vertex_0252,all_four_vertex,4,6,3,1,0,2,0
four_vertex_0253,all_four_vertex,4,7,3,2,0,2,0
four_vertex_0254,all_four_vertex,4,7,3,2,0,2,0
four_vertex_0255,all_four_vertex,4,8,3,3,0,2,0
four_vertex_0256,all_four_vertex,4,1,0,0,0,1,0
four_vertex_0257,all_four_vertex,4,2,0,0,0,2,0
four_vertex_0258,all_four_vertex,4,2,0,0,0,2,0
four_vertex_0259,all_four_vertex,4,3,0,0,0,3,0
four_vertex_0260,all_four_vertex,4,2,0,0,0,2,0
four_vertex_0261,all_four_vertex,4,3,0,0,0,3,0
four_vertex_0262,all_four_vertex,4,3,0,0,0,3,0
four_vertex_0263,all_four_vertex,4,4,0,0,0,4,0
four_vertex_0264,all_four_vertex,4,2,1,0,0,1,0
four_vertex_0265,all_four_vertex,4,3,1,1,0,1,0
four_vertex_0266,all_four_vertex,4,3,1,0,0,2,0
four_vertex_0267,all_four_vertex,4,4,1,1,0,2,0
four_vertex_0268,all_four_vertex,4,3,1,0,0,2,0
four_vertex_0269,all_four_vertex,4,4,1,1,0,2,0
four_vertex_0270,all_four_vertex,4,4,1,0,0,3,0
four_vertex_0271,all_four_vertex,4,5,1,1,0,3,0
four_vertex_0272,all_four_vertex,4,2,0,0,0,2,0
four_vertex_0273,all_four_vertex,4,3,0,0,0,3,0
four_vertex_0274,all_four_vertex,4,3,0,0,0,3,0
four_vertex_0275,all_four_vertex,4,4,0,0,0,4,0
four_vertex_0276,all_four_vertex,4,3,0,0,0,3,0
four_vertex_0277,all_four_vertex,4,4,0,0,0,4,0
four_vertex_0278,all_four_vertex,4,4,0,0,0,4,0
four_vertex_0279,all_four_vertex,4,5,0,0,0,5,0
four_vertex_0280,all_four_vertex,4,3,1,0,0,2,0
four_vertex_0281,all_four_vertex,4,4,1,1,0,2,0
four_vertex_0282,all_four_vertex,4,4,1,0,0,3,0
four_vertex_0283,all_four_vertex,4,5,1,1,0,3,0
four_vertex_0284,all_four_vertex,4,4,1,0,0,3,0
four_vertex_0285,all_four_vertex,4,5,1,1,0,3,0
four_vertex_0286,all_four_vertex,4,5,1,0,0,4,0
four_vertex_0287,all_four_vertex,4,6,1,1,0,4,0
four_vertex_0288,all_four_vertex,4,2,0,0,0,2,0
four_vertex_0289,all_four_vertex,4,3,0,0,0,3,0
four_vertex_0290,all_four_vertex,4,3,0,0,0,3,0
four_vertex_0291,all_four_vertex,4,4,0,0,0,4,0
four_vertex_0292,all_four_vertex,4,3,0,0,0,3,0
four_vertex_0293,all_four_vertex,4,4,0,0,0,4,0
four_vertex_0294,all_four_vertex,4,4,0,0,0,4,0
four_vertex_0295,all_four_vertex,4,5,0,0,0,5,0
four_vertex_0296,all_four_vertex,4,3,1,0,0,2,0
four_vertex_0297,all_four_vertex,4,4,1,1,0,2,0
four_vertex_0298,all_four_vertex,4,4,1,0,0,3,0
four_vertex_0299,all_four_vertex,4,5,1,1,0,3,0
four_vertex_0300,all_four_vertex,4,4,1,0,0,3,0
four_vertex_0301,all_four_vertex,4,5,1,1,0,3,0
four_vertex_0302,all_four_vertex,4,5,1,0,0,4,0
four_vertex_0303,all_four_vertex,4,6,1,1,0,4,0
four_vertex_0304,all_four_vertex,4,3,0,0,0,3,0
four_vertex_0305,all_four_vertex,4,4,0,0,0,4,0
four_vertex_0306,all_four_vertex,4,4,0,0,0,4,0
four_vertex_0307,all_four_vertex,4,5,0,0,0,5,0
four_vertex_0308,all_four_vertex,4,4,0,0,0,4,0
four_vertex_0309,all_four_vertex,4,5,0,0,0,5,0
four_vertex_0310,all_four_vertex,4,5,0,0,0,5,0
four_vertex_0311,all_four_vertex,4,6,0,0,0,6,0
four_vertex_0312,all_four_vertex,4,4,1,0,0,3,0
four_vertex_0313,all_four_vertex,4,5,1,1,0,3,0
four_vertex_0314,all_four_vertex,4,5,1,0,0,4,0
four_vertex_0315,all_four_vertex,4,6,1,1,0,4,0
four_vertex_0316,all_four_vertex,4,5,1,0,0,4,0
four_vertex_0317,all_four_vertex,4,6,1,1,0,4,0
four_vertex_0318,all_four_vertex,4,6,1,0,0,5,0
four_vertex_0319,all_four_vertex,4,7,1,1,0,5,0
four_vertex_0320,all_four_vertex,4,2,1,0,0,1,0
four_vertex_0321,all_four_vertex,4,3,1,0,0,2,0
four_vertex_0322,all_four_vertex,4,3,1,1,0,1,0
four_vertex_0323,all_four_vertex,4,4,1,1,0,2,0
four_vertex_0324,all_four_vertex,4,3,1,0,0,2,0
four_vertex_0325,all_four_vertex,4,4,1,0,0,3,0
four_vertex_0326,all_four_vertex,4,4,1,1,0,2,0
four_vertex_0327,all_four_vertex,4,5,1,1,0,3,0
four_vertex_0328,all_four_vertex,4,3,2,0,0,1,0
four_vertex_0329,all_four_vertex,4,4,2,1,0,1,0
four_vertex_0330,all_four_vertex,4,4,2,1,0,1,0
four_vertex_0331,all_four_vertex,4,5,2,2,0,1,0
four_vertex_0332,all_four_vertex,4,4,2,0,0,2,0
four_vertex_0333,all_four_vertex,4,5,2,1,0,2,0
four_vertex_0334,all_four_vertex,4,5,2,1,0,2,0
four_vertex_0335,all_four_vertex,4,6,2,2,0,2,0
four_vertex_0336,all_four_vertex,4,3,1,0,0,2,0
four_vertex_0337,all_four_vertex,4,4,1,0,2,1,0
four_vertex_0338,all_four_vertex,4,4,1,1,0,2,0
four_vertex_0339,all_four_vertex,4,5,1,1,2,1,0
four_vertex_0340,all_four_vertex,4,4,1,0,0,3,0
four_vertex_0341,all_four_vertex,4,5,1,0,2,2,0
four_vertex_0342,all_four_vertex,4,5,1,1,0,3,0
four_vertex_0343,all_four_vertex,4,6,1,1,2,2,0
four_vertex_0344,all_four_vertex,4,4,2,0,0,2,0
four_vertex_0345,all_four_vertex,4,5,2,1,1,1,0
four_vertex_0346,all_four_vertex,4,5,2,1,0,2,0
four_vertex_0347,all_four_vertex,4,6,2,2,1,1,0
four_vertex_0348,all_four_vertex,4,5,2,0,0,3,0
four_vertex_0349,all_four_vertex,4,6,2,1,1,2,0
four_vertex_0350,all_four_vertex,4,6,2,1,0,3,0
four_vertex_0351,all_four_vertex,4,7,2,2,1,2,0
four_vertex_0352,all_four_vertex,4,3,1,0,0,2,0
four_vertex_0353,all_four_vertex,4,4,1,0,0,3,0
four_vertex_0354,all_four_vertex,4,4,1,1,0,2,0
four_vertex_0355,all_four_vertex,4,5,1,1,0,3,0
four_vertex_0356,all_four_vertex,4,4,1,0,0,3,0
four_vertex_0357,all_four_vertex,4,5,1,0,0,4,0
four_vertex_0358,all_four_vertex,4,5,1,1,0,3,0
four_vertex_0359,all_four_vertex,4,6,1,1,0,4,0
four_vertex_0360,all_four_vertex,4,4,2,0,0,2,0
four_vertex_0361,all_four_vertex,4,5,2,1,0,2,0
four_vertex_0362,all_four_vertex,4,5,2,1,0,2,0
four_vertex_0363,all_four_vertex,4,6,2,2,0,2,0
four_vertex_0364,all_four_vertex,4,5,2,0,0,3,0
four_vertex_0365,all_four_vertex,4,6,2,1,0,3,0
four_vertex_0366,all_four_vertex,4,6,2,1,0,3,0
four_vertex_0367,all_four_vertex,4,7,2,2,0,3,0
four_vertex_0368,all_four_vertex,4,4,1,0,0,3,0
four_vertex_0369,all_four_vertex,4,5,1,0,2,2,0
four_vertex_0370,all_four_vertex,4,5,1,1,0,3,0
four_vertex_0371,all_four_vertex,4,6,1,1,2,2,0
four_vertex_0372,all_four_vertex,4,5,1,0,0,4,0
four_vertex_0373,all_four_vertex,4,6,1,0,2,3,0
four_vertex_0374,all_four_vertex,4,6,1,1,0,4,0
four_vertex_0375,all_four_vertex,4,7,1,1,2,3,0
four_vertex_0376,all_four_vertex,4,5,2,0,0,3,0
four_vertex_0377,all_four_vertex,4,6,2,1,1,2,0
four_vertex_0378,all_four_vertex,4,6,2,1,0,3,0
four_vertex_0379,all_four_vertex,4,7,2,2,1,2,0
four_vertex_0380,all_four_vertex,4,6,2,0,0,4,0
four_vertex_0381,all_four_vertex,4,7,2,1,1,3,0
four_vertex_0382,all_four_vertex,4,7,2,1,0,4,0
four_vertex_0383,all_four_vertex,4,8,2,2,1,3,0
four_vertex_0384,all_four_vertex,4,2,1,0,0,1,0
four_vertex_0385,all_four_vertex,4,3,1,0,0,2,0
four_vertex_0386,all_four_vertex,4,3,1,0,0,2,0
four_vertex_0387,all_four_vertex,4,4,1,0,0,3,0
four_vertex_0388,all_four_vertex,4,3,1,0,0,2,0
four_vertex_0389,all_four_vertex,4,4,1,0,0,3,0
four_vertex_0390,all_four_vertex,4,4,1,0,0,3,0
four_vertex_0391,all_four_vertex,4,5,1,0,0,4,0
four_vertex_0392,all_four_vertex,4,3,2,0,0,1,0
four_vertex_0393,all_four_vertex,4,4,2,1,0,1,0
four_vertex_0394,all_four_vertex,4,4,2,1,0,1,0
four_vertex_0395,all_four_vertex,4,5,2,2,0,1,0
four_vertex_0396,all_four_vertex,4,4,2,0,0,2,0
four_vertex_0397,all_four_vertex,4,5,2,1,0,2,0
four_vertex_0398,all_four_vertex,4,5,2,1,0,2,0
four_vertex_0399,all_four_vertex,4,6,2,2,0,2,0
four_vertex_0400,all_four_vertex,4,3,1,1,0,1,0
four_vertex_0401,all_four_vertex,4,4,1,1,0,2,0
four_vertex_0402,all_four_vertex,4,4,1,1,0,2,0
four_vertex_0403,all_four_vertex,4,5,1,1,0,3,0
four_vertex_0404,all_four_vertex,4,4,1,1,0,2,0
four_vertex_0405,all_four_vertex,4,5,1,1,0,3,0
four_vertex_0406,all_four_vertex,4,5,1,1,0,3,0
four_vertex_0407,all_four_vertex,4,6,1,1,0,4,0
four_vertex_0408,all_four_vertex,4,4,2,1,0,1,0
four_vertex_0409,all_four_vertex,4,5,2,2,0,1,0
four_vertex_0410,all_four_vertex,4,5,2,2,0,1,0
four_vertex_0411,all_four_vertex,4,6,2,3,0,1,0
four_vertex_0412,all_four_vertex,4,5,2,1,0,2,0
four_vertex_0413,all_four_vertex,4,6,2,2,0,2,0
four_vertex_0414,all_four_vertex,4,6,2,2,0,2,0
four_vertex_0415,all_four_vertex,4,7,2,3,0,2,0
four_vertex_0416,all_four_vertex,4,3,1,0,0,2,0
four_vertex_0417,all_four_vertex,4,4,1,0,0,3,0
four_vertex_0418,all_four_vertex,4,4,1,0,0,3,0
four_vertex_0419,all_four_vertex,4,5,1,0,0,4,0
four_vertex_0420,all_four_vertex,4,4,1,0,0,3,0
four_vertex_0421,all_four_vertex,4,5,1,0,0,4,0
four_vertex_0422,all_four_vertex,4,5,1,0,0,4,0
four_vertex_0423,all_four_vertex,4,6,1,0,0,5,0
four_vertex_0424,all_four_vertex,4,4,2,0,0,2,0
four_vertex_0425,all_four_vertex,4,5,2,1,0,2,0
four_vertex_0426,all_four_vertex,4,5,2,1,0,2,0
four_vertex_0427,all_four_vertex,4,6,2,2,0,2,0
four_vertex_0428,all_four_vertex,4,5,2,0,0,3,0
four_vertex_0429,all_four_vertex,4,6,2,1,0,3,0
four_vertex_0430,all_four_vertex,4,6,2,1,0,3,0
four_vertex_0431,all_four_vertex,4,7,2,2,0,3,0
four_vertex_0432,all_four_vertex,4,4,1,1,0,2,0
four_vertex_0433,all_four_vertex,4,5,1,1,0,3,0
four_vertex_0434,all_four_vertex,4,5,1,1,0,3,0
four_vertex_0435,all_four_vertex,4,6,1,1,0,4,0
four_vertex_0436,all_four_vertex,4,5,1,1,0,3,0
four_vertex_0437,all_four_vertex,4,6,1,1,0,4,0
four_vertex_0438,all_four_vertex,4,6,1,1,0,4,0
four_vertex_0439,all_four_vertex,4,7,1,1,0,5,0
four_vertex_0440,all_four_vertex,4,5,2,1,0,2,0
four_vertex_0441,all_four_vertex,4,6,2,2,0,2,0
four_vertex_0442,all_four_vertex,4,6,2,2,0,2,0
four_vertex_0443,all_four_vertex,4,7,2,3,0,2,0
four_vertex_0444,all_four_vertex,4,6,2,1,0,3,0
four_vertex_0445,all_four_vertex,4,7,2,2,0,3,0
four_vertex_0446,all_four_vertex,4,7,2,2,0,3,0
four_vertex_0447,all_four_vertex,4,8,2,3,0,3,0
four_vertex_0448,all_four_vertex,4,3,2,0,0,1,0
four_vertex_0449,all_four_vertex,4,4,2,0,0,2,0
four_vertex_0450,all_four_vertex,4,4,2,1,0,1,0
four_vertex_0451,all_four_vertex,4,5,2,1,0,2,0
four_vertex_0452,all_four_vertex,4,4,2,0,0,2,0
four_vertex_0453,all_four_vertex,4,5,2,0,0,3,0
four_vertex_0454,all_four_vertex,4,5,2,1,0,2,0
four_vertex_0455,all_four_vertex,4,6,2,1,0,3,0
four_vertex_0456,all_four_vertex,4,4,3,0,0,1,0
four_vertex_0457,all_four_vertex,4,5,3,1,0,1,0
four_vertex_0458,all_four_vertex,4,5,3,1,0,1,0
four_vertex_0459,all_four_vertex,4,6,3,2,0,1,0
four_vertex_0460,all_four_vertex,4,5,3,0,0,2,0
four_vertex_0461,all_four_vertex,4,6,3,1,0,2,0
four_vertex_0462,all_four_vertex,4,6,3,1,0,2,0
four_vertex_0463,all_four_vertex,4,7,3,2,0,2,0
four_vertex_0464,all_four_vertex,4,4,2,1,0,1,0
four_vertex_0465,all_four_vertex,4,5,2,1,1,1,0
four_vertex_0466,all_four_vertex,4,5,2,2,0,1,0
four_vertex_0467,all_four_vertex,4,6,2,2,1,1,0
four_vertex_0468,all_four_vertex,4,5,2,1,0,2,0
four_vertex_0469,all_four_vertex,4,6,2,1,1,2,0
four_vertex_0470,all_four_vertex,4,6,2,2,0,2,0
four_vertex_0471,all_four_vertex,4,7,2,2,1,2,0
four_vertex_0472,all_four_vertex,4,5,3,1,0,1,0
four_vertex_0473,all_four_vertex,4,6,3,2,0,1,0
four_vertex_0474,all_four_vertex,4,6,3,2,0,1,0
four_vertex_0475,all_four_vertex,4,7,3,3,0,1,0
four_vertex_0476,all_four_vertex,4,6,3,1,0,2,0
four_vertex_0477,all_four_vertex,4,7,3,2,0,2,0
four_vertex_0478,all_four_vertex,4,7,3,2,0,2,0
four_vertex_0479,all_four_vertex,4,8,3,3,0,2,0
four_vertex_0480,all_four_vertex,4,4,2,0,0,2,0
four_vertex_0481,all_four_vertex,4,5,2,0,0,3,0
four_vertex_0482,all_four_vertex,4,5,2,1,0,2,0
four_vertex_0483,all_four_vertex,4,6,2,1,0,3,0
four_vertex_0484,all_four_vertex,4,5,2,0,0,3,0
four_vertex_0485,all_four_vertex,4,6,2,0,0,4,0
four_vertex_0486,all_four_vertex,4,6,2,1,0,3,0
four_vertex_0487,all_four_vertex,4,7,2,1,0,4,0
four_vertex_0488,all_four_vertex,4,5,3,0,0,2,0
four_vertex_0489,all_four_vertex,4,6,3,1,0,2,0
four_vertex_0490,all_four_vertex,4,6,3,1,0,2,0
four_vertex_0491,all_four_vertex,4,7,3,2,0,2,0
four_vertex_0492,all_four_vertex,4,6,3,0,0,3,0
four_vertex_0493,all_four_vertex,4,7,3,1,0,3,0
four_vertex_0494,all_four_vertex,4,7,3,1,0,3,0
four_vertex_0495,all_four_vertex,4,8,3,2,0,3,0
four_vertex_0496,all_four_vertex,4,5,2,1,0,2,0
four_vertex_0497,all_four_vertex,4,6,2,1,1,2,0
four_vertex_0498,all_four_vertex,4,6,2,2,0,2,0
four_vertex_0499,all_four_vertex,4,7,2,2,1,2,0
four_vertex_0500,all_four_vertex,4,6,2,1,0,3,0
four_vertex_0501,all_four_vertex,4,7,2,1,1,3,0
four_vertex_0502,all_four_vertex,4,7,2,2,0,3,0
four_vertex_0503,all_four_vertex,4,8,2,2,1,3,0
four_vertex_0504,all_four_vertex,4,6,3,1,0,2,0
four_vertex_0505,all_four_vertex,4,7,3,2,0,2,0
four_vertex_0506,all_four_vertex,4,7,3,2,0,2,0
four_vertex_0507,all_four_vertex,4,8,3,3,0,2,0
four_vertex_0508,all_four_vertex,4,7,3,1,0,3,0
four_vertex_0509,all_four_vertex,4,8,3,2,0,3,0
four_vertex_0510,all_four_vertex,4,8,3,2,0,3,0
four_vertex_0511,all_four_vertex,4,9,3,3,0,3,0
four_vertex_0512,all_four_vertex,4,1,1,0,0,0,0
four_vertex_0513,all_four_vertex,4,2,1,0,0,1,0
four_vertex_0514,all_four_vertex,4,2,1,0,0,1,0
four_vertex_0515,all_four_vertex,4,3,1,0,0,2,0
four_vertex_0516,all_four_vertex,4,2,1,1,0,0,0
four_vertex_0517,all_four_vertex,4,3,1,1,0,1,0
four_vertex_0518,all_four_vertex,4,3,1,1,0,1,0
four_vertex_0519,all_four_vertex,4,4,1,1,0,2,0
four_vertex_0520,all_four_vertex,4,2,2,0,0,0,0
four_vertex_0521,all_four_vertex,4,3,2,1,0,0,0
four_vertex_0522,all_four_vertex,4,3,2,0,0,1,0
four_vertex_0523,all_four_vertex,4,4,2,1,0,1,0
four_vertex_0524,all_four_vertex,4,3,2,1,0,0,0
four_vertex_0525,all_four_vertex,4,4,2,2,0,0,0
four_vertex_0526,all_four_vertex,4,4,2,1,0,1,0
four_vertex_0527,all_four_vertex,4,5,2,2,0,1,0
four_vertex_0528,all_four_vertex,4,2,1,0,0,1,0
four_vertex_0529,all_four_vertex,4,3,1,0,0,2,0
four_vertex_0530,all_four_vertex,4,3,1,0,0,2,0
four_vertex_0531,all_four_vertex,4,4,1,0,0,3,0
four_vertex_0532,all_four_vertex,4,3,1,1,0,1,0
four_vertex_0533,all_four_vertex,4,4,1,1,0,2,0
four_vertex_0534,all_four_vertex,4,4,1,1,0,2,0
four_vertex_0535,all_four_vertex,4,5,1,1,0,3,0
four_vertex_0536,all_four_vertex,4,3,2,0,0,1,0
four_vertex_0537,all_four_vertex,4,4,2,1,0,1,0
four_vertex_0538,all_four_vertex,4,4,2,0,0,2,0
four_vertex_0539,all_four_vertex,4,5,2,1,0,2,0
four_vertex_0540,all_four_vertex,4,4,2,1,0,1,0
four_vertex_0541,all_four_vertex,4,5,2,2,0,1,0
four_vertex_0542,all_four_vertex,4,5,2,1,0,2,0
four_vertex_0543,all_four_vertex,4,6,2,2,0,2,0
four_vertex_0544,all_four_vertex,4,2,1,0,0,1,0
four_vertex_0545,all_four_vertex,4,3,1,0,2,0,0
four_vertex_0546,all_four_vertex,4,3,1,0,0,2,0
four_vertex_0547,all_four_vertex,4,4,1,0,2,1,0
four_vertex_0548,all_four_vertex,4,3,1,1,0,1,0
four_vertex_0549,all_four_vertex,4,4,1,1,2,0,0
four_vertex_0550,all_four_vertex,4,4,1,1,0,2,0
four_vertex_0551,all_four_vertex,4,5,1,1,2,1,0
four_vertex_0552,all_four_vertex,4,3,2,0,0,1,0
four_vertex_0553,all_four_vertex,4,4,2,1,1,0,0
four_vertex_0554,all_four_vertex,4,4,2,0,0,2,0
four_vertex_0555,all_four_vertex,4,5,2,1,1,1,0
four_vertex_0556,all_four_vertex,4,4,2,1,0,1,0
four_vertex_0557,all_four_vertex,4,5,2,2,1,0,0
four_vertex_0558,all_four_vertex,4,5,2,1,0,2,0
four_vertex_0559,all_four_vertex,4,6,2,2,1,1,0
four_vertex_0560,all_four_vertex,4,3,1,0,0,2,0
four_vertex_0561,all_four_vertex,4,4,1,0,2,1,0
four_vertex_0562,all_four_vertex,4,4,1,0,0,3,0
four_vertex_0563,all_four_vertex,4,5,1,0,2,2,0
four_vertex_0564,all_four_vertex,4,4,1,1,0,2,0
four_vertex_0565,all_four_vertex,4,5,1,1,2,1,0
four_vertex_0566,all_four_vertex,4,5,1,1,0,3,0
four_vertex_0567,all_four_vertex,4,6,1,1,2,2,0
four_vertex_0568,all_four_vertex,4,4,2,0,0,2,0
four_vertex_0569,all_four_vertex,4,5,2,1,1,1,0
four_vertex_0570,all_four_vertex,4,5,2,0,0,3,0
four_vertex_0571,all_four_vertex,4,6,2,1,1,2,0
four_vertex_0572,all_four_vertex,4,5,2,1,0,2,0
four_vertex_0573,all_four_vertex,4,6,2,2,1,1,0
four_vertex_0574,all_four_vertex,4,6,2,1,0,3,0
four_vertex_0575,all_four_vertex,4,7,2,2,1,2,0
four_vertex_0576,all_four_vertex,4,2,2,0,0,0,0
four_vertex_0577,all_four_vertex,4,3,2,0,0,1,0
four_vertex_0578,all_four_vertex,4,3,2,1,0,0,0
four_vertex_0579,all_four_vertex,4,4,2,1,0,1,0
four_vertex_0580,all_four_vertex,4,3,2,1,0,0,0
four_vertex_0581,all_four_vertex,4,4,2,1,0,1,0
four_vertex_0582,all_four_vertex,4,4,2,2,0,0,0
four_vertex_0583,all_four_vertex,4,5,2,2,0,1,0
four_vertex_0584,all_four_vertex,4,3,3,0,0,0,0
four_vertex_0585,all_four_vertex,4,4,3,1,0,0,0
four_vertex_0586,all_four_vertex,4,4,3,1,0,0,0
four_vertex_0587,all_four_vertex,4,5,3,2,0,0,0
four_vertex_0588,all_four_vertex,4,4,3,1,0,0,0
four_vertex_0589,all_four_vertex,4,5,3,2,0,0,0
four_vertex_0590,all_four_vertex,4,5,3,2,0,0,0
four_vertex_0591,all_four_vertex,4,6,3,3,0,0,0
four_vertex_0592,all_four_vertex,4,3,2,0,0,1,0
four_vertex_0593,all_four_vertex,4,4,2,0,2,0,0
four_vertex_0594,all_four_vertex,4,4,2,1,0,1,0
four_vertex_0595,all_four_vertex,4,5,2,1,2,0,0
four_vertex_0596,all_four_vertex,4,4,2,1,0,1,0
four_vertex_0597,all_four_vertex,4,5,2,1,2,0,0
four_vertex_0598,all_four_vertex,4,5,2,2,0,1,0
four_vertex_0599,all_four_vertex,4,6,2,2,2,0,0
four_vertex_0600,all_four_vertex,4,4,3,0,0,1,0
four_vertex_0601,all_four_vertex,4,5,3,1,1,0,0
four_vertex_0602,all_four_vertex,4,5,3,1,0,1,0
four_vertex_0603,all_four_vertex,4,6,3,2,1,0,0
four_vertex_0604,all_four_vertex,4,5,3,1,0,1,0
four_vertex_0605,all_four_vertex,4,6,3,2,1,0,0
four_vertex_0606,all_four_vertex,4,6,3,2,0,1,0
four_vertex_0607,all_four_vertex,4,7,3,3,1,0,0
four_vertex_0608,all_four_vertex,4,3,2,0,0,1,0
four_vertex_0609,all_four_vertex,4,4,2,0,2,0,0
four_vertex_0610,all_four_vertex,4,4,2,1,0,1,0
four_vertex_0611,all_four_vertex,4,5,2,1,2,0,0
four_vertex_0612,all_four_vertex,4,4,2,1,0,1,0
four_vertex_0613,all_four_vertex,4,5,2,1,2,0,0
four_vertex_0614,all_four_vertex,4,5,2,2,0,1,0
four_vertex_0615,all_four_vertex,4,6,2,2,2,0,0
four_vertex_0616,all_four_vertex,4,4,3,0,0,1,0
four_vertex_0617,all_four_vertex,4,5,3,1,1,0,0
four_vertex_0618,all_four_vertex,4,5,3,1,0,1,0
four_vertex_0619,all_four_vertex,4,6,3,2,1,0,0
four_vertex_0620,all_four_vertex,4,5,3,1,0,1,0
four_vertex_0621,all_four_vertex,4,6,3,2,1,0,0
four_vertex_0622,all_four_vertex,4,6,3,2,0,1,0
four_vertex_0623,all_four_vertex,4,7,3,3,1,0,0
four_vertex_0624,all_four_vertex,4,4,2,0,0,2,0
four_vertex_0625,all_four_vertex,4,5,2,0,3,0,0
four_vertex_0626,all_four_vertex,4,5,2,1,0,2,0
four_vertex_0627,all_four_vertex,4,6,2,1,3,0,0
four_vertex_0628,all_four_vertex,4,5,2,1,0,2,0
four_vertex_0629,all_four_vertex,4,6,2,1,3,0,0
four_vertex_0630,all_four_vertex,4,6,2,2,0,2,0
four_vertex_0631,all_four_vertex,4,7,2,2,3,0,0
four_vertex_0632,all_four_vertex,4,5,3,0,0,2,0
four_vertex_0633,all_four_vertex,4,6,3,1,2,0,0
four_vertex_0634,all_four_vertex,4,6,3,1,0,2,0
four_vertex_0635,all_four_vertex,4,7,3,2,2,0,0
four_vertex_0636,all_four_vertex,4,6,3,1,0,2,0
four_vertex_0637,all_four_vertex,4,7,3,2,2,0,0
four_vertex_0638,all_four_vertex,4,7,3,2,0,2,0
four_vertex_0639,all_four_vertex,4,8,3,3,2,0,0
four_vertex_0640,all_four_vertex,4,2,2,0,0,0,0
four_vertex_0641,all_four_vertex,4,3,2,0,0,1,0
four_vertex_0642,all_four_vertex,4,3,2,0,0,1,0
four_vertex_0643,all_four_vertex,4,4,2,0,0,2,0
four_vertex_0644,all_four_vertex,4,3,2,1,0,0,0
four_vertex_0645,all_four_vertex,4,4,2,1,0,1,0
four_vertex_0646,all_four_vertex,4,4,2,1,0,1,0
four_vertex_0647,all_four_vertex,4,5,2,1,0,2,0
four_vertex_0648,all_four_vertex,4,3,3,0,0,0,0
four_vertex_0649,all_four_vertex,4,4,3,1,0,0,0
four_vertex_0650,all_four_vertex,4,4,3,1,0,0,0
four_vertex_0651,all_four_vertex,4,5,3,2,0,0,0
four_vertex_0652,all_four_vertex,4,4,3,1,0,0,0
four_vertex_0653,all_four_vertex,4,5,3,2,0,0,0
four_vertex_0654,all_four_vertex,4,5,3,2,0,0,0
four_vertex_0655,all_four_vertex,4,6,3,3,0,0,0
four_vertex_0656,all_four_vertex,4,3,2,1,0,0,0
four_vertex_0657,all_four_vertex,4,4,2,1,0,1,0
four_vertex_0658,all_four_vertex,4,4,2,1,0,1,0
four_vertex_0659,all_four_vertex,4,5,2,1,0,2,0
four_vertex_0660,all_four_vertex,4,4,2,2,0,0,0
four_vertex_0661,all_four_vertex,4,5,2,2,0,1,0
four_vertex_0662,all_four_vertex,4,5,2,2,0,1,0
four_vertex_0663,all_four_vertex,4,6,2,2,0,2,0
four_vertex_0664,all_four_vertex,4,4,3,1,0,0,0
four_vertex_0665,all_four_vertex,4,5,3,2,0,0,0
four_vertex_0666,all_four_vertex,4,5,3,2,0,0,0
four_vertex_0667,all_four_vertex,4,6,3,3,0,0,0
four_vertex_0668,all_four_vertex,4,5,3,2,0,0,0
four_vertex_0669,all_four_vertex,4,6,3,3,0,0,0
four_vertex_0670,all_four_vertex,4,6,3,3,0,0,0
four_vertex_0671,all_four_vertex,4,7,3,4,0,0,0
four_vertex_0672,all_four_vertex,4,3,2,0,0,1,0
four_vertex_0673,all_four_vertex,4,4,2,0,2,0,0
four_vertex_0674,all_four_vertex,4,4,2,0,2,0,0
four_vertex_0675,all_four_vertex,4,5,2,0,3,0,0
four_vertex_0676,all_four_vertex,4,4,2,1,0,1,0
four_vertex_0677,all_four_vertex,4,5,2,1,2,0,0
four_vertex_0678,all_four_vertex,4,5,2,1,2,0,0
four_vertex_0679,all_four_vertex,4,6,2,1,3,0,0
four_vertex_0680,all_four_vertex,4,4,3,0,0,1,0
four_vertex_0681,all_four_vertex,4,5,3,1,1,0,0
four_vertex_0682,all_four_vertex,4,5,3,1,1,0,0
four_vertex_0683,all_four_vertex,4,6,3,2,1,0,0
four_vertex_0684,all_four_vertex,4,5,3,1,0,1,0
four_vertex_0685,all_four_vertex,4,6,3,2,1,0,0
four_vertex_0686,all_four_vertex,4,6,3,2,1,0,0
four_vertex_0687,all_four_vertex,4,7,3,3,1,0,0
four_vertex_0688,all_four_vertex,4,4,2,1,0,1,0
four_vertex_0689,all_four_vertex,4,5,2,1,2,0,0
four_vertex_0690,all_four_vertex,4,5,2,1,2,0,0
four_vertex_0691,all_four_vertex,4,6,2,1,3,0,0
four_vertex_0692,all_four_vertex,4,5,2,2,0,1,0
four_vertex_0693,all_four_vertex,4,6,2,2,2,0,0
four_vertex_0694,all_four_vertex,4,6,2,2,2,0,0
four_vertex_0695,all_four_vertex,4,7,2,2,3,0,0
four_vertex_0696,all_four_vertex,4,5,3,1,0,1,0
four_vertex_0697,all_four_vertex,4,6,3,2,1,0,0
four_vertex_0698,all_four_vertex,4,6,3,2,1,0,0
four_vertex_0699,all_four_vertex,4,7,3,3,1,0,0
four_vertex_0700,all_four_vertex,4,6,3,2,0,1,0
four_vertex_0701,all_four_vertex,4,7,3,3,1,0,0
four_vertex_0702,all_four_vertex,4,7,3,3,1,0,0
four_vertex_0703,all_four_vertex,4,8,3,4,1,0,0
four_vertex_0704,all_four_vertex,4,3,3,0,0,0,0
four_vertex_0705,all_four_vertex,4,4,3,0,0,1,0
four_vertex_0706,all_four_vertex,4,4,3,1,0,0,0
four_vertex_0707,all_four_vertex,4,5,3,1,0,1,0
four_vertex_0708,all_four_vertex,4,4,3,1,0,0,0
four_vertex_0709,all_four_vertex,4,5,3,1,0,1,0
four_vertex_0710,all_four_vertex,4,5,3,2,0,0,0
four_vertex_0711,all_four_vertex,4,6,3,2,0,1,0
four_vertex_0712,all_four_vertex,4,4,4,0,0,0,0
four_vertex_0713,all_four_vertex,4,5,4,1,0,0,0
four_vertex_0714,all_four_vertex,4,5,4,1,0,0,0
four_vertex_0715,all_four_vertex,4,6,4,2,0,0,0
four_vertex_0716,all_four_vertex,4,5,4,1,0,0,0
four_vertex_0717,all_four_vertex,4,6,4,2,0,0,0
four_vertex_0718,all_four_vertex,4,6,4,2,0,0,0
four_vertex_0719,all_four_vertex,4,7,4,3,0,0,0
four_vertex_0720,all_four_vertex,4,4,3,1,0,0,0
four_vertex_0721,all_four_vertex,4,5,3,1,1,0,0
four_vertex_0722,all_four_vertex,4,5,3,2,0,0,0
four_vertex_0723,all_four_vertex,4,6,3,2,1,0,0
four_vertex_0724,all_four_vertex,4,5,3,2,0,0,0
four_vertex_0725,all_four_vertex,4,6,3,2,1,0,0
four_vertex_0726,all_four_vertex,4,6,3,3,0,0,0
four_vertex_0727,all_four_vertex,4,7,3,3,1,0,0
four_vertex_0728,all_four_vertex,4,5,4,1,0,0,0
four_vertex_0729,all_four_vertex,4,6,4,2,0,0,0
four_vertex_0730,all_four_vertex,4,6,4,2,0,0,0
four_vertex_0731,all_four_vertex,4,7,4,3,0,0,0
four_vertex_0732,all_four_vertex,4,6,4,2,0,0,0
four_vertex_0733,all_four_vertex,4,7,4,3,0,0,0
four_vertex_0734,all_four_vertex,4,7,4,3,0,0,0
four_vertex_0735,all_four_vertex,4,8,4,4,0,0,0
four_vertex_0736,all_four_vertex,4,4,3,0,0,1,0
four_vertex_0737,all_four_vertex,4,5,3,0,2,0,0
four_vertex_0738,all_four_vertex,4,5,3,1,1,0,0
four_vertex_0739,all_four_vertex,4,6,3,1,2,0,0
four_vertex_0740,all_four_vertex,4,5,3,1,0,1,0
four_vertex_0741,all_four_vertex,4,6,3,1,2,0,0
four_vertex_0742,all_four_vertex,4,6,3,2,1,0,0
four_vertex_0743,all_four_vertex,4,7,3,2,2,0,0
four_vertex_0744,all_four_vertex,4,5,4,0,0,1,0
four_vertex_0745,all_four_vertex,4,6,4,1,1,0,0
four_vertex_0746,all_four_vertex,4,6,4,1,1,0,0
four_vertex_0747,all_four_vertex,4,7,4,2,1,0,0
four_vertex_0748,all_four_vertex,4,6,4,1,0,1,0
four_vertex_0749,all_four_vertex,4,7,4,2,1,0,0
four_vertex_0750,all_four_vertex,4,7,4,2,1,0,0
four_vertex_0751,all_four_vertex,4,8,4,3,1,0,0
four_vertex_0752,all_four_vertex,4,5,3,1,0,1,0
four_vertex_0753,all_four_vertex,4,6,3,1,2,0,0
four_vertex_0754,all_four_vertex,4,6,3,2,1,0,0
four_vertex_0755,all_four_vertex,4,7,3,2,2,0,0
four_vertex_0756,all_four_vertex,4,6,3,2,0,1,0
four_vertex_0757,all_four_vertex,4,7,3,2,2,0,0
four_vertex_0758,all_four_vertex,4,7,3,3,1,0,0
four_vertex_0759,all_four_vertex,4,8,3,3,2,0,0
four_vertex_0760,all_four_vertex,4,6,4,1,0,1,0
four_vertex_0761,all_four_vertex,4,7,4,2,1,0,0
four_vertex_0762,all_four_vertex,4,7,4,2,1,0,0
four_vertex_0763,all_four_vertex,4,8,4,3,1,0,0
four_vertex_0764,all_four_vertex,4,7,4,2,0,1,0
four_vertex_0765,all_four_vertex,4,8,4,3,1,0,0
four_vertex_0766,all_four_vertex,4,8,4,3,1,0,0
four_vertex_0767,all_four_vertex,4,9,4,4,1,0,0
four_vertex_0768,all_four_vertex,4,2,1,0,0,1,0
four_vertex_0769,all_four_vertex,4,3,1,0,0,2,0
four_vertex_0770,all_four_vertex,4,3,1,0,2,0,0
four_vertex_0771,all_four_vertex,4,4,1,0,2,1,0
four_vertex_0772,all_four_vertex,4,3,1,1,0,1,0
four_vertex_0773,all_four_vertex,4,4,1,1,0,2,0
four_vertex_0774,all_four_vertex,4,4,1,1,2,0,0
four_vertex_0775,all_four_vertex,4,5,1,1,2,1,0
four_vertex_0776,all_four_vertex,4,3,2,0,0,1,0
four_vertex_0777,all_four_vertex,4,4,2,1,0,1,0
four_vertex_0778,all_four_vertex,4,4,2,0,2,0,0
four_vertex_0779,all_four_vertex,4,5,2,1,2,0,0
four_vertex_0780,all_four_vertex,4,4,2,1,0,1,0
four_vertex_0781,all_four_vertex,4,5,2,2,0,1,0
four_vertex_0782,all_four_vertex,4,5,2,1,2,0,0
four_vertex_0783,all_four_vertex,4,6,2,2,2,0,0
four_vertex_0784,all_four_vertex,4,3,1,0,0,2,0
four_vertex_0785,all_four_vertex,4,4,1,0,0,3,0
four_vertex_0786,all_four_vertex,4,4,1,0,2,1,0
four_vertex_0787,all_four_vertex,4,5,1,0,2,2,0
four_vertex_0788,all_four_vertex,4,4,1,1,0,2,0
four_vertex_0789,all_four_vertex,4,5,1,1,0,3,0
four_vertex_0790,all_four_vertex,4,5,1,1,2,1,0
four_vertex_0791,all_four_vertex,4,6,1,1,2,2,0
four_vertex_0792,all_four_vertex,4,4,2,0,0,2,0
four_vertex_0793,all_four_vertex,4,5,2,1,0,2,0
four_vertex_0794,all_four_vertex,4,5,2,0,2,1,0
four_vertex_0795,all_four_vertex,4,6,2,1,2,1,0
four_vertex_0796,all_four_vertex,4,5,2,1,0,2,0
four_vertex_0797,all_four_vertex,4,6,2,2,0,2,0
four_vertex_0798,all_four_vertex,4,6,2,1,2,1,0
four_vertex_0799,all_four_vertex,4,7,2,2,2,1,0
four_vertex_0800,all_four_vertex,4,3,1,0,0,2,0
four_vertex_0801,all_four_vertex,4,4,1,0,2,1,0
four_vertex_0802,all_four_vertex,4,4,1,0,2,1,0
four_vertex_0803,all_four_vertex,4,5,1,0,4,0,0
four_vertex_0804,all_four_vertex,4,4,1,1,0,2,0
four_vertex_0805,all_four_vertex,4,5,1,1,2,1,0
four_vertex_0806,all_four_vertex,4,5,1,1,2,1,0
four_vertex_0807,all_four_vertex,4,6,1,1,4,0,0
four_vertex_0808,all_four_vertex,4,4,2,0,0,2,0
four_vertex_0809,all_four_vertex,4,5,2,1,1,1,0
four_vertex_0810,all_four_vertex,4,5,2,0,2,1,0
four_vertex_0811,all_four_vertex,4,6,2,1,3,0,0
four_vertex_0812,all_four_vertex,4,5,2,1,0,2,0
four_vertex_0813,all_four_vertex,4,6,2,2,1,1,0
four_vertex_0814,all_four_vertex,4,6,2,1,2,1,0
four_vertex_0815,all_four_vertex,4,7,2,2,3,0,0
four_vertex_0816,all_four_vertex,4,4,1,0,0,3,0
four_vertex_0817,all_four_vertex,4,5,1,0,2,2,0
four_vertex_0818,all_four_vertex,4,5,1,0,2,2,0
four_vertex_0819,all_four_vertex,4,6,1,0,4,1,0
four_vertex_0820,all_four_vertex,4,5,1,1,0,3,0
four_vertex_0821,all_four_vertex,4,6,1,1,2,2,0
four_vertex_0822,all_four_vertex,4,6,1,1,2,2,0
four_vertex_0823,all_four_vertex,4,7,1,1,4,1,0
four_vertex_0824,all_four_vertex,4,5,2,0,0,3,0
four_vertex_0825,all_four_vertex,4,6,2,1,1,2,0
four_vertex_0826,all_four_vertex,4,6,2,0,2,2,0
four_vertex_0827,all_four_vertex,4,7,2,1,3,1,0
four_vertex_0828,all_four_vertex,4,6,2,1,0,3,0
four_vertex_0829,all_four_vertex,4,7,2,2,1,2,0
four_vertex_0830,all_four_vertex,4,7,2,1,2,2,0
four_vertex_0831,all_four_vertex,4,8,2,2,3,1,0
four_vertex_0832,all_four_vertex,4,3,2,0,0,1,0
four_vertex_0833,all_four_vertex,4,4,2,0,0,2,0
four_vertex_0834,all_four_vertex,4,4,2,1,1,0,0
four_vertex_0835,all_four_vertex,4,5,2,1,1,1,0
four_vertex_0836,all_four_vertex,4,4,2,1,0,1,0
four_vertex_0837,all_four_vertex,4,5,2,1,0,2,0
four_vertex_0838,all_four_vertex,4,5,2,2,1,0,0
four_vertex_0839,all_four_vertex,4,6,2,2,1,1,0
four_vertex_0840,all_four_vertex,4,4,3,0,0,1,0
four_vertex_0841,all_four_vertex,4,5,3,1,0,1,0
four_vertex_0842,all_four_vertex,4,5,3,1,1,0,0
four_vertex_0843,all_four_vertex,4,6,3,2,1,0,0
four_vertex_0844,all_four_vertex,4,5,3,1,0,1,0
four_vertex_0845,all_four_vertex,4,6,3,2,0,1,0
four_vertex_0846,all_four_vertex,4,6,3,2,1,0,0
four_vertex_0847,all_four_vertex,4,7,3,3,1,0,0
four_vertex_0848,all_four_vertex,4,4,2,0,0,2,0
four_vertex_0849,all_four_vertex,4,5,2,0,2,1,0
four_vertex_0850,all_four_vertex,4,5,2,1,1,1,0
four_vertex_0851,all_four_vertex,4,6,2,1,3,0,0
four_vertex_0852,all_four_vertex,4,5,2,1,0,2,0
four_vertex_0853,all_four_vertex,4,6,2,1,2,1,0
four_vertex_0854,all_four_vertex,4,6,2,2,1,1,0
four_vertex_0855,all_four_vertex,4,7,2,2,3,0,0
four_vertex_0856,all_four_vertex,4,5,3,0,0,2,0
four_vertex_0857,all_four_vertex,4,6,3,1,1,1,0
four_vertex_0858,all_four_vertex,4,6,3,1,1,1,0
four_vertex_0859,all_four_vertex,4,7,3,2,2,0,0
four_vertex_0860,all_four_vertex,4,6,3,1,0,2,0
four_vertex_0861,all_four_vertex,4,7,3,2,1,1,0
four_vertex_0862,all_four_vertex,4,7,3,2,1,1,0
four_vertex_0863,all_four_vertex,4,8,3,3,2,0,0
four_vertex_0864,all_four_vertex,4,4,2,0,0,2,0
four_vertex_0865,all_four_vertex,4,5,2,0,2,1,0
four_vertex_0866,all_four_vertex,4,5,2,1,1,1,0
four_vertex_0867,all_four_vertex,4,6,2,1,3,0,0
four_vertex_0868,all_four_vertex,4,5,2,1,0,2,0
four_vertex_0869,all_four_vertex,4,6,2,1,2,1,0
four_vertex_0870,all_four_vertex,4,6,2,2,1,1,0
four_vertex_0871,all_four_vertex,4,7,2,2,3,0,0
four_vertex_0872,all_four_vertex,4,5,3,0,0,2,0
four_vertex_0873,all_four_vertex,4,6,3,1,1,1,0
four_vertex_0874,all_four_vertex,4,6,3,1,1,1,0
four_vertex_0875,all_four_vertex,4,7,3,2,2,0,0
four_vertex_0876,all_four_vertex,4,6,3,1,0,2,0
four_vertex_0877,all_four_vertex,4,7,3,2,1,1,0
four_vertex_0878,all_four_vertex,4,7,3,2,1,1,0
four_vertex_0879,all_four_vertex,4,8,3,3,2,0,0
four_vertex_0880,all_four_vertex,4,5,2,0,0,3,0
four_vertex_0881,all_four_vertex,4,6,2,0,3,1,0
four_vertex_0882,all_four_vertex,4,6,2,1,1,2,0
four_vertex_0883,all_four_vertex,4,7,2,1,4,0,0
four_vertex_0884,all_four_vertex,4,6,2,1,0,3,0
four_vertex_0885,all_four_vertex,4,7,2,1,3,1,0
four_vertex_0886,all_four_vertex,4,7,2,2,1,2,0
four_vertex_0887,all_four_vertex,4,8,2,2,4,0,0
four_vertex_0888,all_four_vertex,4,6,3,0,0,3,0
four_vertex_0889,all_four_vertex,4,7,3,1,2,1,0
four_vertex_0890,all_four_vertex,4,7,3,1,1,2,0
four_vertex_0891,all_four_vertex,4,8,3,2,3,0,0
four_vertex_0892,all_four_vertex,4,7,3,1,0,3,0
four_vertex_0893,all_four_vertex,4,8,3,2,2,1,0
four_vertex_0894,all_four_vertex,4,8,3,2,1,2,0
four_vertex_0895,all_four_vertex,4,9,3,3,3,0,0
four_vertex_0896,all_four_vertex,4,3,2,0,0,1,0
four_vertex_0897,all_four_vertex,4,4,2,0,0,2,0
four_vertex_0898,all_four_vertex,4,4,2,0,2,0,0
four_vertex_0899,all_four_vertex,4,5,2,0,2,1,0
four_vertex_0900,all_four_vertex,4,4,2,1,0,1,0
four_vertex_0901,all_four_vertex,4,5,2,1,0,2,0
four_vertex_0902,all_four_vertex,4,5,2,1,2,0,0
four_vertex_0903,all_four_vertex,4,6,2,1,2,1,0
four_vertex_0904,all_four_vertex,4,4,3,0,0,1,0
four_vertex_0905,all_four_vertex,4,5,3,1,0,1,0
four_vertex_0906,all_four_vertex,4,5,3,1,1,0,0
four_vertex_0907,all_four_vertex,4,6,3,2,1,0,0
four_vertex_0908,all_four_vertex,4,5,3,1,0,1,0
four_vertex_0909,all_four_vertex,4,6,3,2,0,1,0
four_vertex_0910,all_four_vertex,4,6,3,2,1,0,0
four_vertex_0911,all_four_vertex,4,7,3,3,1,0,0
four_vertex_0912,all_four_vertex,4,4,2,1,0,1,0
four_vertex_0913,all_four_vertex,4,5,2,1,0,2,0
four_vertex_0914,all_four_vertex,4,5,2,1,2,0,0
four_vertex_0915,all_four_vertex,4,6,2,1,2,1,0
four_vertex_0916,all_four_vertex,4,5,2,2,0,1,0
four_vertex_0917,all_four_vertex,4,6,2,2,0,2,0
four_vertex_0918,all_four_vertex,4,6,2,2,2,0,0
four_vertex_0919,all_four_vertex,4,7,2,2,2,1,0
four_vertex_0920,all_four_vertex,4,5,3,1,0,1,0
four_vertex_0921,all_four_vertex,4,6,3,2,0,1,0
four_vertex_0922,all_four_vertex,4,6,3,2,1,0,0
four_vertex_0923,all_four_vertex,4,7,3,3,1,0,0
four_vertex_0924,all_four_vertex,4,6,3,2,0,1,0
four_vertex_0925,all_four_vertex,4,7,3,3,0,1,0
four_vertex_0926,all_four_vertex,4,7,3,3,1,0,0
four_vertex_0927,all_four_vertex,4,8,3,4,1,0,0
four_vertex_0928,all_four_vertex,4,4,2,0,0,2,0
four_vertex_0929,all_four_vertex,4,5,2,0,2,1,0
four_vertex_0930,all_four_vertex,4,5,2,0,3,0,0
four_vertex_0931,all_four_vertex,4,6,2,0,4,0,0
four_vertex_0932,all_four_vertex,4,5,2,1,0,2,0
four_vertex_0933,all_four_vertex,4,6,2,1,2,1,0
four_vertex_0934,all_four_vertex,4,6,2,1,3,0,0
four_vertex_0935,all_four_vertex,4,7,2,1,4,0,0
four_vertex_0936,all_four_vertex,4,5,3,0,0,2,0
four_vertex_0937,all_four_vertex,4,6,3,1,1,1,0
four_vertex_0938,all_four_vertex,4,6,3,1,2,0,0
four_vertex_0939,all_four_vertex,4,7,3,2,2,0,0
four_vertex_0940,all_four_vertex,4,6,3,1,0,2,0
four_vertex_0941,all_four_vertex,4,7,3,2,1,1,0
four_vertex_0942,all_four_vertex,4,7,3,2,2,0,0
four_vertex_0943,all_four_vertex,4,8,3,3,2,0,0
four_vertex_0944,all_four_vertex,4,5,2,1,0,2,0
four_vertex_0945,all_four_vertex,4,6,2,1,2,1,0
four_vertex_0946,all_four_vertex,4,6,2,1,3,0,0
four_vertex_0947,all_four_vertex,4,7,2,1,4,0,0
four_vertex_0948,all_four_vertex,4,6,2,2,0,2,0
four_vertex_0949,all_four_vertex,4,7,2,2,2,1,0
four_vertex_0950,all_four_vertex,4,7,2,2,3,0,0
four_vertex_0951,all_four_vertex,4,8,2,2,4,0,0
four_vertex_0952,all_four_vertex,4,6,3,1,0,2,0
four_vertex_0953,all_four_vertex,4,7,3,2,1,1,0
four_vertex_0954,all_four_vertex,4,7,3,2,2,0,0
four_vertex_0955,all_four_vertex,4,8,3,3,2,0,0
four_vertex_0956,all_four_vertex,4,7,3,2,0,2,0
four_vertex_0957,all_four_vertex,4,8,3,3,1,1,0
four_vertex_0958,all_four_vertex,4,8,3,3,2,0,0
four_vertex_0959,all_four_vertex,4,9,3,4,2,0,0
four_vertex_0960,all_four_vertex,4,4,3,0,0,1,0
four_vertex_0961,all_four_vertex,4,5,3,0,0,2,0
four_vertex_0962,all_four_vertex,4,5,3,1,1,0,0
four_vertex_0963,all_four_vertex,4,6,3,1,1,1,0
four_vertex_0964,all_four_vertex,4,5,3,1,0,1,0
four_vertex_0965,all_four_vertex,4,6,3,1,0,2,0
four_vertex_0966,all_four_vertex,4,6,3,2,1,0,0
four_vertex_0967,all_four_vertex,4,7,3,2,1,1,0
four_vertex_0968,all_four_vertex,4,5,4,0,0,1,0
four_vertex_0969,all_four_vertex,4,6,4,1,0,1,0
four_vertex_0970,all_four_vertex,4,6,4,1,1,0,0
four_vertex_0971,all_four_vertex,4,7,4,2,1,0,0
four_vertex_0972,all_four_vertex,4,6,4,1,0,1,0
four_vertex_0973,all_four_vertex,4,7,4,2,0,1,0
four_vertex_0974,all_four_vertex,4,7,4,2,1,0,0
four_vertex_0975,all_four_vertex,4,8,4,3,1,0,0
four_vertex_0976,all_four_vertex,4,5,3,1,0,1,0
four_vertex_0977,all_four_vertex,4,6,3,1,1,1,0
four_vertex_0978,all_four_vertex,4,6,3,2,1,0,0
four_vertex_0979,all_four_vertex,4,7,3,2,2,0,0
four_vertex_0980,all_four_vertex,4,6,3,2,0,1,0
four_vertex_0981,all_four_vertex,4,7,3,2,1,1,0
four_vertex_0982,all_four_vertex,4,7,3,3,1,0,0
four_vertex_0983,all_four_vertex,4,8,3,3,2,0,0
four_vertex_0984,all_four_vertex,4,6,4,1,0,1,0
four_vertex_0985,all_four_vertex,4,7,4,2,0,1,0
four_vertex_0986,all_four_vertex,4,7,4,2,1,0,0
four_vertex_0987,all_four_vertex,4,8,4,3,1,0,0
four_vertex_0988,all_four_vertex,4,7,4,2,0,1,0
four_vertex_0989,all_four_vertex,4,8,4,3,0,1,0
four_vertex_0990,all_four_vertex,4,8,4,3,1,0,0
four_vertex_0991,all_four_vertex,4,9,4,4,1,0,0
four_vertex_0992,all_four_vertex,4,5,3,0,0,2,0
four_vertex_0993,all_four_vertex,4,6,3,0,2,1,0
four_vertex_0994,all_four_vertex,4,6,3,1,2,0,0
four_vertex_0995,all_four_vertex,4,7,3,1,3,0,0
four_vertex_0996,all_four_vertex,4,6,3,1,0,2,0
four_vertex_0997,all_four_vertex,4,7,3,1,2,1,0
four_vertex_0998,all_four_vertex,4,7,3,2,2,0,0
four_vertex_0999,all_four_vertex,4,8,3,2,3,0,0
four_vertex_1000,all_four_vertex,4,6,4,0,0,2,0
four_vertex_1001,all_four_vertex,4,7,4,1,1,1,0
four_vertex_1002,all_four_vertex,4,7,4,1,2,0,0
four_vertex_1003,all_four_vertex,4,8,4,2,2,0,0
four_vertex_1004,all_four_vertex,4,7,4,1,0,2,0
four_vertex_1005,all_four_vertex,4,8,4,2,1,1,0
four_vertex_1006,all_four_vertex,4,8,4,2,2,0,0
four_vertex_1007,all_four_vertex,4,9,4,3,2,0,0
four_vertex_1008,all_four_vertex,4,6,3,1,0,2,0
four_vertex_1009,all_four_vertex,4,7,3,1,2,1,0
four_vertex_1010,all_four_vertex,4,7,3,2,2,0,0
four_vertex_1011,all_four_vertex,4,8,3,2,3,0,0
four_vertex_1012,all_four_vertex,4,7,3,2,0,2,0
four_vertex_1013,all_four_vertex,4,8,3,2,2,1,0
four_vertex_1014,all_four_vertex,4,8,3,3,2,0,0
four_vertex_1015,all_four_vertex,4,9,3,3,3,0,0
four_vertex_1016,all_four_vertex,4,7,4,1,0,2,0
four_vertex_1017,all_four_vertex,4,8,4,2,1,1,0
four_vertex_1018,all_four_vertex,4,8,4,2,2,0,0
four_vertex_1019,all_four_vertex,4,9,4,3,2,0,0
four_vertex_1020,all_four_vertex,4,8,4,2,0,2,0
four_vertex_1021,all_four_vertex,4,9,4,3,1,1,0
four_vertex_1022,all_four_vertex,4,9,4,3,2,0,0
four_vertex_1023,all_four_vertex,4,10,4,4,2,0,0
four_vertex_1024,all_four_vertex,4,1,1,0,0,0,0
four_vertex_1025,all_four_vertex,4,2,1,0,0,1,0
four_vertex_1026,all_four_vertex,4,2,1,0,0,1,0
four_vertex_1027,all_four_vertex,4,3,1,0,0,2,0
four_vertex_1028,all_four_vertex,4,2,1,0,0,1,0
four_vertex_1029,all_four_vertex,4,3,1,0,0,2,0
four_vertex_1030,all_four_vertex,4,3,1,0,0,2,0
four_vertex_1031,all_four_vertex,4,4,1,0,0,3,0
four_vertex_1032,all_four_vertex,4,2,2,0,0,0,0
four_vertex_1033,all_four_vertex,4,3,2,1,0,0,0
four_vertex_1034,all_four_vertex,4,3,2,0,0,1,0
four_vertex_1035,all_four_vertex,4,4,2,1,0,1,0
four_vertex_1036,all_four_vertex,4,3,2,1,0,0,0
four_vertex_1037,all_four_vertex,4,4,2,2,0,0,0
four_vertex_1038,all_four_vertex,4,4,2,1,0,1,0
four_vertex_1039,all_four_vertex,4,5,2,2,0,1,0
four_vertex_1040,all_four_vertex,4,2,1,0,0,1,0
four_vertex_1041,all_four_vertex,4,3,1,0,0,2,0
four_vertex_1042,all_four_vertex,4,3,1,0,0,2,0
four_vertex_1043,all_four_vertex,4,4,1,0,0,3,0
four_vertex_1044,all_four_vertex,4,3,1,0,0,2,0
four_vertex_1045,all_four_vertex,4,4,1,0,0,3,0
four_vertex_1046,all_four_vertex,4,4,1,0,0,3,0
four_vertex_1047,all_four_vertex,4,5,1,0,0,4,0
four_vertex_1048,all_four_vertex,4,3,2,0,0,1,0
four_vertex_1049,all_four_vertex,4,4,2,1,0,1,0
four_vertex_1050,all_four_vertex,4,4,2,0,0,2,0
four_vertex_1051,all_four_vertex,4,5,2,1,0,2,0
four_vertex_1052,all_four_vertex,4,4,2,1,0,1,0
four_vertex_1053,all_four_vertex,4,5,2,2,0,1,0
four_vertex_1054,all_four_vertex,4,5,2,1,0,2,0
four_vertex_1055,all_four_vertex,4,6,2,2,0,2,0
four_vertex_1056,all_four_vertex,4,2,1,1,0,0,0
four_vertex_1057,all_four_vertex,4,3,1,1,0,1,0
four_vertex_1058,all_four_vertex,4,3,1,1,0,1,0
four_vertex_1059,all_four_vertex,4,4,1,1,0,2,0
four_vertex_1060,all_four_vertex,4,3,1,1,0,1,0
four_vertex_1061,all_four_vertex,4,4,1,1,0,2,0
four_vertex_1062,all_four_vertex,4,4,1,1,0,2,0
four_vertex_1063,all_four_vertex,4,5,1,1,0,3,0
four_vertex_1064,all_four_vertex,4,3,2,1,0,0,0
four_vertex_1065,all_four_vertex,4,4,2,2,0,0,0
four_vertex_1066,all_four_vertex,4,4,2,1,0,1,0
four_vertex_1067,all_four_vertex,4,5,2,2,0,1,0
four_vertex_1068,all_four_vertex,4,4,2,2,0,0,0
four_vertex_1069,all_four_vertex,4,5,2,3,0,0,0
four_vertex_1070,all_four_vertex,4,5,2,2,0,1,0
four_vertex_1071,all_four_vertex,4,6,2,3,0,1,0
four_vertex_1072,all_four_vertex,4,3,1,1,0,1,0
four_vertex_1073,all_four_vertex,4,4,1,1,0,2,0
four_vertex_1074,all_four_vertex,4,4,1,1,0,2,0
four_vertex_1075,all_four_vertex,4,5,1,1,0,3,0
four_vertex_1076,all_four_vertex,4,4,1,1,0,2,0
four_vertex_1077,all_four_vertex,4,5,1,1,0,3,0
four_vertex_1078,all_four_vertex,4,5,1,1,0,3,0
four_vertex_1079,all_four_vertex,4,6,1,1,0,4,0
four_vertex_1080,all_four_vertex,4,4,2,1,0,1,0
four_vertex_1081,all_four_vertex,4,5,2,2,0,1,0
four_vertex_1082,all_four_vertex,4,5,2,1,0,2,0
four_vertex_1083,all_four_vertex,4,6,2,2,0,2,0
four_vertex_1084,all_four_vertex,4,5,2,2,0,1,0
four_vertex_1085,all_four_vertex,4,6,2,3,0,1,0
four_vertex_1086,all_four_vertex,4,6,2,2,0,2,0
four_vertex_1087,all_four_vertex,4,7,2,3,0,2,0
four_vertex_1088,all_four_vertex,4,2,2,0,0,0,0
four_vertex_1089,all_four_vertex,4,3,2,0,0,1,0
four_vertex_1090,all_four_vertex,4,3,2,1,0,0,0
four_vertex_1091,all_four_vertex,4,4,2,1,0,1,0
four_vertex_1092,all_four_vertex,4,3,2,0,0,1,0
four_vertex_1093,all_four_vertex,4,4,2,0,0,2,0
four_vertex_1094,all_four_vertex,4,4,2,1,0,1,0
four_vertex_1095,all_four_vertex,4,5,2,1,0,2,0
four_vertex_1096,all_four_vertex,4,3,3,0,0,0,0
four_vertex_1097,all_four_vertex,4,4,3,1,0,0,0
four_vertex_1098,all_four_vertex,4,4,3,1,0,0,0
four_vertex_1099,all_four_vertex,4,5,3,2,0,0,0
four_vertex_1100,all_four_vertex,4,4,3,1,0,0,0
four_vertex_1101,all_four_vertex,4,5,3,2,0,0,0
four_vertex_1102,all_four_vertex,4,5,3,2,0,0,0
four_vertex_1103,all_four_vertex,4,6,3,3,0,0,0
four_vertex_1104,all_four_vertex,4,3,2,0,0,1,0
four_vertex_1105,all_four_vertex,4,4,2,0,2,0,0
four_vertex_1106,all_four_vertex,4,4,2,1,0,1,0
four_vertex_1107,all_four_vertex,4,5,2,1,2,0,0
four_vertex_1108,all_four_vertex,4,4,2,0,2,0,0
four_vertex_1109,all_four_vertex,4,5,2,0,3,0,0
four_vertex_1110,all_four_vertex,4,5,2,1,2,0,0
four_vertex_1111,all_four_vertex,4,6,2,1,3,0,0
four_vertex_1112,all_four_vertex,4,4,3,0,0,1,0
four_vertex_1113,all_four_vertex,4,5,3,1,1,0,0
four_vertex_1114,all_four_vertex,4,5,3,1,0,1,0
four_vertex_1115,all_four_vertex,4,6,3,2,1,0,0
four_vertex_1116,all_four_vertex,4,5,3,1,1,0,0
four_vertex_1117,all_four_vertex,4,6,3,2,1,0,0
four_vertex_1118,all_four_vertex,4,6,3,2,1,0,0
four_vertex_1119,all_four_vertex,4,7,3,3,1,0,0
four_vertex_1120,all_four_vertex,4,3,2,1,0,0,0
four_vertex_1121,all_four_vertex,4,4,2,1,0,1,0
four_vertex_1122,all_four_vertex,4,4,2,2,0,0,0
four_vertex_1123,all_four_vertex,4,5,2,2,0,1,0
four_vertex_1124,all_four_vertex,4,4,2,1,0,1,0
four_vertex_1125,all_four_vertex,4,5,2,1,0,2,0
four_vertex_1126,all_four_vertex,4,5,2,2,0,1,0
four_vertex_1127,all_four_vertex,4,6,2,2,0,2,0
four_vertex_1128,all_four_vertex,4,4,3,1,0,0,0
four_vertex_1129,all_four_vertex,4,5,3,2,0,0,0
four_vertex_1130,all_four_vertex,4,5,3,2,0,0,0
four_vertex_1131,all_four_vertex,4,6,3,3,0,0,0
four_vertex_1132,all_four_vertex,4,5,3,2,0,0,0
four_vertex_1133,all_four_vertex,4,6,3,3,0,0,0
four_vertex_1134,all_four_vertex,4,6,3,3,0,0,0
four_vertex_1135,all_four_vertex,4,7,3,4,0,0,0
four_vertex_1136,all_four_vertex,4,4,2,1,0,1,0
four_vertex_1137,all_four_vertex,4,5,2,1,2,0,0
four_vertex_1138,all_four_vertex,4,5,2,2,0,1,0
four_vertex_1139,all_four_vertex,4,6,2,2,2,0,0
four_vertex_1140,all_four_vertex,4,5,2,1,2,0,0
four_vertex_1141,all_four_vertex,4,6,2,1,3,0,0
four_vertex_1142,all_four_vertex,4,6,2,2,2,0,0
four_vertex_1143,all_four_vertex,4,7,2,2,3,0,0
four_vertex_1144,all_four_vertex,4,5,3,1,0,1,0
four_vertex_1145,all_four_vertex,4,6,3,2,1,0,0
four_vertex_1146,all_four_vertex,4,6,3,2,0,1,0
four_vertex_1147,all_four_vertex,4,7,3,3,1,0,0
four_vertex_1148,all_four_vertex,4,6,3,2,1,0,0
four_vertex_1149,all_four_vertex,4,7,3,3,1,0,0
four_vertex_1150,all_four_vertex,4,7,3,3,1,0,0
four_vertex_1151,all_four_vertex,4,8,3,4,1,0,0
four_vertex_1152,all_four_vertex,4,2,2,0,0,0,0
four_vertex_1153,all_four_vertex,4,3,2,0,0,1,0
four_vertex_1154,all_four_vertex,4,3,2,0,0,1,0
four_vertex_1155,all_four_vertex,4,4,2,0,0,2,0
four_vertex_1156,all_four_vertex,4,3,2,0,0,1,0
four_vertex_1157,all_four_vertex,4,4,2,0,0,2,0
four_vertex_1158,all_four_vertex,4,4,2,0,0,2,0
four_vertex_1159,all_four_vertex,4,5,2,0,0,3,0
four_vertex_1160,all_four_vertex,4,3,3,0,0,0,0
four_vertex_1161,all_four_vertex,4,4,3,1,0,0,0
four_vertex_1162,all_four_vertex,4,4,3,1,0,0,0
four_vertex_1163,all_four_vertex,4,5,3,2,0,0,0
four_vertex_1164,all_four_vertex,4,4,3,1,0,0,0
four_vertex_1165,all_four_vertex,4,5,3,2,0,0,0
four_vertex_1166,all_four_vertex,4,5,3,2,0,0,0
four_vertex_1167,all_four_vertex,4,6,3,3,0,0,0
four_vertex_1168,all_four_vertex,4,3,2,1,0,0,0
four_vertex_1169,all_four_vertex,4,4,2,1,0,1,0
four_vertex_1170,all_four_vertex,4,4,2,1,0,1,0
four_vertex_1171,all_four_vertex,4,5,2,1,0,2,0
four_vertex_1172,all_four_vertex,4,4,2,1,0,1,0
four_vertex_1173,all_four_vertex,4,5,2,1,0,2,0
four_vertex_1174,all_four_vertex,4,5,2,1,0,2,0
four_vertex_1175,all_four_vertex,4,6,2,1,0,3,0
four_vertex_1176,all_four_vertex,4,4,3,1,0,0,0
four_vertex_1177,all_four_vertex,4,5,3,2,0,0,0
four_vertex_1178,all_four_vertex,4,5,3,2,0,0,0
four_vertex_1179,all_four_vertex,4,6,3,3,0,0,0
four_vertex_1180,all_four_vertex,4,5,3,2,0,0,0
four_vertex_1181,all_four_vertex,4,6,3,3,0,0,0
four_vertex_1182,all_four_vertex,4,6,3,3,0,0,0
four_vertex_1183,all_four_vertex,4,7,3,4,0,0,0
four_vertex_1184,all_four_vertex,4,3,2,1,0,0,0
four_vertex_1185,all_four_vertex,4,4,2,1,0,1,0
four_vertex_1186,all_four_vertex,4,4,2,1,0,1,0
four_vertex_1187,all_four_vertex,4,5,2,1,0,2,0
four_vertex_1188,all_four_vertex,4,4,2,1,0,1,0
four_vertex_1189,all_four_vertex,4,5,2,1,0,2,0
four_vertex_1190,all_four_vertex,4,5,2,1,0,2,0
four_vertex_1191,all_four_vertex,4,6,2,1,0,3,0
four_vertex_1192,all_four_vertex,4,4,3,1,0,0,0
four_vertex_1193,all_four_vertex,4,5,3,2,0,0,0
four_vertex_1194,all_four_vertex,4,5,3,2,0,0,0
four_vertex_1195,all_four_vertex,4,6,3,3,0,0,0
four_vertex_1196,all_four_vertex,4,5,3,2,0,0,0
four_vertex_1197,all_four_vertex,4,6,3,3,0,0,0
four_vertex_1198,all_four_vertex,4,6,3,3,0,0,0
four_vertex_1199,all_four_vertex,4,7,3,4,0,0,0
four_vertex_1200,all_four_vertex,4,4,2,2,0,0,0
four_vertex_1201,all_four_vertex,4,5,2,2,0,1,0
four_vertex_1202,all_four_vertex,4,5,2,2,0,1,0
four_vertex_1203,all_four_vertex,4,6,2,2,0,2,0
four_vertex_1204,all_four_vertex,4,5,2,2,0,1,0
four_vertex_1205,all_four_vertex,4,6,2,2,0,2,0
four_vertex_1206,all_four_vertex,4,6,2,2,0,2,0
four_vertex_1207,all_four_vertex,4,7,2,2,0,3,0
four_vertex_1208,all_four_vertex,4,5,3,2,0,0,0
four_vertex_1209,all_four_vertex,4,6,3,3,0,0,0
four_vertex_1210,all_four_vertex,4,6,3,3,0,0,0
four_vertex_1211,all_four_vertex,4,7,3,4,0,0,0
four_vertex_1212,all_four_vertex,4,6,3,3,0,0,0
four_vertex_1213,all_four_vertex,4,7,3,4,0,0,0
four_vertex_1214,all_four_vertex,4,7,3,4,0,0,0
four_vertex_1215,all_four_vertex,4,8,3,5,0,0,0
four_vertex_1216,all_four_vertex,4,3,3,0,0,0,0
four_vertex_1217,all_four_vertex,4,4,3,0,0,1,0
four_vertex_1218,all_four_vertex,4,4,3,1,0,0,0
four_vertex_1219,all_four_vertex,4,5,3,1,0,1,0
four_vertex_1220,all_four_vertex,4,4,3,0,0,1,0
four_vertex_1221,all_four_vertex,4,5,3,0,0,2,0
four_vertex_1222,all_four_vertex,4,5,3,1,0,1,0
four_vertex_1223,all_four_vertex,4,6,3,1,0,2,0
four_vertex_1224,all_four_vertex,4,4,4,0,0,0,0
four_vertex_1225,all_four_vertex,4,5,4,1,0,0,0
four_vertex_1226,all_four_vertex,4,5,4,1,0,0,0
four_vertex_1227,all_four_vertex,4,6,4,2,0,0,0
four_vertex_1228,all_four_vertex,4,5,4,1,0,0,0
four_vertex_1229,all_four_vertex,4,6,4,2,0,0,0
four_vertex_1230,all_four_vertex,4,6,4,2,0,0,0
four_vertex_1231,all_four_vertex,4,7,4,3,0,0,0
four_vertex_1232,all_four_vertex,4,4,3,1,0,0,0
four_vertex_1233,all_four_vertex,4,5,3,1,1,0,0
four_vertex_1234,all_four_vertex,4,5,3,2,0,0,0
four_vertex_1235,all_four_vertex,4,6,3,2,1,0,0
four_vertex_1236,all_four_vertex,4,5,3,1,1,0,0
four_vertex_1237,all_four_vertex,4,6,3,1,2,0,0
four_vertex_1238,all_four_vertex,4,6,3,2,1,0,0
four_vertex_1239,all_four_vertex,4,7,3,2,2,0,0
four_vertex_1240,all_four_vertex,4,5,4,1,0,0,0
four_vertex_1241,all_four_vertex,4,6,4,2,0,0,0
four_vertex_1242,all_four_vertex,4,6,4,2,0,0,0
four_vertex_1243,all_four_vertex,4,7,4,3,0,0,0
four_vertex_1244,all_four_vertex,4,6,4,2,0,0,0
four_vertex_1245,all_four_vertex,4,7,4,3,0,0,0
four_vertex_1246,all_four_vertex,4,7,4,3,0,0,0
four_vertex_1247,all_four_vertex,4,8,4,4,0,0,0
four_vertex_1248,all_four_vertex,4,4,3,1,0,0,0
four_vertex_1249,all_four_vertex,4,5,3,1,0,1,0
four_vertex_1250,all_four_vertex,4,5,3,2,0,0,0
four_vertex_1251,all_four_vertex,4,6,3,2,0,1,0
four_vertex_1252,all_four_vertex,4,5,3,1,0,1,0
four_vertex_1253,all_four_vertex,4,6,3,1,0,2,0
four_vertex_1254,all_four_vertex,4,6,3,2,0,1,0
four_vertex_1255,all_four_vertex,4,7,3,2,0,2,0
four_vertex_1256,all_four_vertex,4,5,4,1,0,0,0
four_vertex_1257,all_four_vertex,4,6,4,2,0,0,0
four_vertex_1258,all_four_vertex,4,6,4,2,0,0,0
four_vertex_1259,all_four_vertex,4,7,4,3,0,0,0
four_vertex_1260,all_four_vertex,4,6,4,2,0,0,0
four_vertex_1261,all_four_vertex,4,7,4,3,0,0,0
four_vertex_1262,all_four_vertex,4,7,4,3,0,0,0
four_vertex_1263,all_four_vertex,4,8,4,4,0,0,0
four_vertex_1264,all_four_vertex,4,5,3,2,0,0,0
four_vertex_1265,all_four_vertex,4,6,3,2,1,0,0
four_vertex_1266,all_four_vertex,4,6,3,3,0,0,0
four_vertex_1267,all_four_vertex,4,7,3,3,1,0,0
four_vertex_1268,all_four_vertex,4,6,3,2,1,0,0
four_vertex_1269,all_four_vertex,4,7,3,2,2,0,0
four_vertex_1270,all_four_vertex,4,7,3,3,1,0,0
four_vertex_1271,all_four_vertex,4,8,3,3,2,0,0
four_vertex_1272,all_four_vertex,4,6,4,2,0,0,0
four_vertex_1273,all_four_vertex,4,7,4,3,0,0,0
four_vertex_1274,all_four_vertex,4,7,4,3,0,0,0
four_vertex_1275,all_four_vertex,4,8,4,4,0,0,0
four_vertex_1276,all_four_vertex,4,7,4,3,0,0,0
four_vertex_1277,all_four_vertex,4,8,4,4,0,0,0
four_vertex_1278,all_four_vertex,4,8,4,4,0,0,0
four_vertex_1279,all_four_vertex,4,9,4,5,0,0,0
four_vertex_1280,all_four_vertex,4,2,1,0,0,1,0
four_vertex_1281,all_four_vertex,4,3,1,0,0,2,0
four_vertex_1282,all_four_vertex,4,3,1,0,0,2,0
four_vertex_1283,all_four_vertex,4,4,1,0,0,3,0
four_vertex_1284,all_four_vertex,4,3,1,0,0,2,0
four_vertex_1285,all_four_vertex,4,4,1,0,0,3,0
four_vertex_1286,all_four_vertex,4,4,1,0,0,3,0
four_vertex_1287,all_four_vertex,4,5,1,0,0,4,0
four_vertex_1288,all_four_vertex,4,3,2,0,0,1,0
four_vertex_1289,all_four_vertex,4,4,2,1,0,1,0
four_vertex_1290,all_four_vertex,4,4,2,0,2,0,0
four_vertex_1291,all_four_vertex,4,5,2,1,2,0,0
four_vertex_1292,all_four_vertex,4,4,2,1,0,1,0
four_vertex_1293,all_four_vertex,4,5,2,2,0,1,0
four_vertex_1294,all_four_vertex,4,5,2,1,2,0,0
four_vertex_1295,all_four_vertex,4,6,2,2,2,0,0
four_vertex_1296,all_four_vertex,4,3,1,0,2,0,0
four_vertex_1297,all_four_vertex,4,4,1,0,2,1,0
four_vertex_1298,all_four_vertex,4,4,1,0,2,1,0
four_vertex_1299,all_four_vertex,4,5,1,0,2,2,0
four_vertex_1300,all_four_vertex,4,4,1,0,2,1,0
four_vertex_1301,all_four_vertex,4,5,1,0,2,2,0
four_vertex_1302,all_four_vertex,4,5,1,0,2,2,0
four_vertex_1303,all_four_vertex,4,6,1,0,2,3,0
four_vertex_1304,all_four_vertex,4,4,2,0,2,0,0
four_vertex_1305,all_four_vertex,4,5,2,1,2,0,0
four_vertex_1306,all_four_vertex,4,5,2,0,3,0,0
four_vertex_1307,all_four_vertex,4,6,2,1,3,0,0
four_vertex_1308,all_four_vertex,4,5,2,1,2,0,0
four_vertex_1309,all_four_vertex,4,6,2,2,2,0,0
four_vertex_1310,all_four_vertex,4,6,2,1,3,0,0
four_vertex_1311,all_four_vertex,4,7,2,2,3,0,0
four_vertex_1312,all_four_vertex,4,3,1,1,0,1,0
four_vertex_1313,all_four_vertex,4,4,1,1,0,2,0
four_vertex_1314,all_four_vertex,4,4,1,1,0,2,0
four_vertex_1315,all_four_vertex,4,5,1,1,0,3,0
four_vertex_1316,all_four_vertex,4,4,1,1,0,2,0
four_vertex_1317,all_four_vertex,4,5,1,1,0,3,0
four_vertex_1318,all_four_vertex,4,5,1,1,0,3,0
four_vertex_1319,all_four_vertex,4,6,1,1,0,4,0
four_vertex_1320,all_four_vertex,4,4,2,1,0,1,0
four_vertex_1321,all_four_vertex,4,5,2,2,0,1,0
four_vertex_1322,all_four_vertex,4,5,2,1,2,0,0
four_vertex_1323,all_four_vertex,4,6,2,2,2,0,0
four_vertex_1324,all_four_vertex,4,5,2,2,0,1,0
four_vertex_1325,all_four_vertex,4,6,2,3,0,1,0
four_vertex_1326,all_four_vertex,4,6,2,2,2,0,0
four_vertex_1327,all_four_vertex,4,7,2,3,2,0,0
four_vertex_1328,all_four_vertex,4,4,1,1,2,0,0
four_vertex_1329,all_four_vertex,4,5,1,1,2,1,0
four_vertex_1330,all_four_vertex,4,5,1,1,2,1,0
four_vertex_1331,all_four_vertex,4,6,1,1,2,2,0
four_vertex_1332,all_four_vertex,4,5,1,1,2,1,0
four_vertex_1333,all_four_vertex,4,6,1,1,2,2,0
four_vertex_1334,all_four_vertex,4,6,1,1,2,2,0
four_vertex_1335,all_four_vertex,4,7,1,1,2,3,0
four_vertex_1336,all_four_vertex,4,5,2,1,2,0,0
four_vertex_1337,all_four_vertex,4,6,2,2,2,0,0
four_vertex_1338,all_four_vertex,4,6,2,1,3,0,0
four_vertex_1339,all_four_vertex,4,7,2,2,3,0,0
four_vertex_1340,all_four_vertex,4,6,2,2,2,0,0
four_vertex_1341,all_four_vertex,4,7,2,3,2,0,0
four_vertex_1342,all_four_vertex,4,7,2,2,3,0,0
four_vertex_1343,all_four_vertex,4,8,2,3,3,0,0
four_vertex_1344,all_four_vertex,4,3,2,0,0,1,0
four_vertex_1345,all_four_vertex,4,4,2,0,0,2,0
four_vertex_1346,all_four_vertex,4,4,2,1,0,1,0
four_vertex_1347,all_four_vertex,4,5,2,1,0,2,0
four_vertex_1348,all_four_vertex,4,4,2,0,0,2,0
four_vertex_1349,all_four_vertex,4,5,2,0,0,3,0
four_vertex_1350,all_four_vertex,4,5,2,1,0,2,0
four_vertex_1351,all_four_vertex,4,6,2,1,0,3,0
four_vertex_1352,all_four_vertex,4,4,3,0,0,1,0
four_vertex_1353,all_four_vertex,4,5,3,1,0,1,0
four_vertex_1354,all_four_vertex,4,5,3,1,1,0,0
four_vertex_1355,all_four_vertex,4,6,3,2,1,0,0
four_vertex_1356,all_four_vertex,4,5,3,1,0,1,0
four_vertex_1357,all_four_vertex,4,6,3,2,0,1,0
four_vertex_1358,all_four_vertex,4,6,3,2,1,0,0
four_vertex_1359,all_four_vertex,4,7,3,3,1,0,0
four_vertex_1360,all_four_vertex,4,4,2,0,2,0,0
four_vertex_1361,all_four_vertex,4,5,2,0,3,0,0
four_vertex_1362,all_four_vertex,4,5,2,1,2,0,0
four_vertex_1363,all_four_vertex,4,6,2,1,3,0,0
four_vertex_1364,all_four_vertex,4,5,2,0,3,0,0
four_vertex_1365,all_four_vertex,4,6,2,0,4,0,0
four_vertex_1366,all_four_vertex,4,6,2,1,3,0,0
four_vertex_1367,all_four_vertex,4,7,2,1,4,0,0
four_vertex_1368,all_four_vertex,4,5,3,0,2,0,0
four_vertex_1369,all_four_vertex,4,6,3,1,2,0,0
four_vertex_1370,all_four_vertex,4,6,3,1,2,0,0
four_vertex_1371,all_four_vertex,4,7,3,2,2,0,0
four_vertex_1372,all_four_vertex,4,6,3,1,2,0,0
four_vertex_1373,all_four_vertex,4,7,3,2,2,0,0
four_vertex_1374,all_four_vertex,4,7,3,2,2,0,0
four_vertex_1375,all_four_vertex,4,8,3,3,2,0,0
four_vertex_1376,all_four_vertex,4,4,2,1,0,1,0
four_vertex_1377,all_four_vertex,4,5,2,1,0,2,0
four_vertex_1378,all_four_vertex,4,5,2,2,0,1,0
four_vertex_1379,all_four_vertex,4,6,2,2,0,2,0
four_vertex_1380,all_four_vertex,4,5,2,1,0,2,0
four_vertex_1381,all_four_vertex,4,6,2,1,0,3,0
four_vertex_1382,all_four_vertex,4,6,2,2,0,2,0
four_vertex_1383,all_four_vertex,4,7,2,2,0,3,0
four_vertex_1384,all_four_vertex,4,5,3,1,0,1,0
four_vertex_1385,all_four_vertex,4,6,3,2,0,1,0
four_vertex_1386,all_four_vertex,4,6,3,2,1,0,0
four_vertex_1387,all_four_vertex,4,7,3,3,1,0,0
four_vertex_1388,all_four_vertex,4,6,3,2,0,1,0
four_vertex_1389,all_four_vertex,4,7,3,3,0,1,0
four_vertex_1390,all_four_vertex,4,7,3,3,1,0,0
four_vertex_1391,all_four_vertex,4,8,3,4,1,0,0
four_vertex_1392,all_four_vertex,4,5,2,1,2,0,0
four_vertex_1393,all_four_vertex,4,6,2,1,3,0,0
four_vertex_1394,all_four_vertex,4,6,2,2,2,0,0
four_vertex_1395,all_four_vertex,4,7,2,2,3,0,0
four_vertex_1396,all_four_vertex,4,6,2,1,3,0,0
four_vertex_1397,all_four_vertex,4,7,2,1,4,0,0
four_vertex_1398,all_four_vertex,4,7,2,2,3,0,0
four_vertex_1399,all_four_vertex,4,8,2,2,4,0,0
four_vertex_1400,all_four_vertex,4,6,3,1,2,0,0
four_vertex_1401,all_four_vertex,4,7,3,2,2,0,0
four_vertex_1402,all_four_vertex,4,7,3,2,2,0,0
four_vertex_1403,all_four_vertex,4,8,3,3,2,0,0
four_vertex_1404,all_four_vertex,4,7,3,2,2,0,0
four_vertex_1405,all_four_vertex,4,8,3,3,2,0,0
four_vertex_1406,all_four_vertex,4,8,3,3,2,0,0
four_vertex_1407,all_four_vertex,4,9,3,4,2,0,0
four_vertex_1408,all_four_vertex,4,3,2,0,0,1,0
four_vertex_1409,all_four_vertex,4,4,2,0,0,2,0
four_vertex_1410,all_four_vertex,4,4,2,0,0,2,0
four_vertex_1411,all_four_vertex,4,5,2,0,0,3,0
four_vertex_1412,all_four_vertex,4,4,2,0,0,2,0
four_vertex_1413,all_four_vertex,4,5,2,0,0,3,0
four_vertex_1414,all_four_vertex,4,5,2,0,0,3,0
four_vertex_1415,all_four_vertex,4,6,2,0,0,4,0
four_vertex_1416,all_four_vertex,4,4,3,0,0,1,0
four_vertex_1417,all_four_vertex,4,5,3,1,0,1,0
four_vertex_1418,all_four_vertex,4,5,3,1,1,0,0
four_vertex_1419,all_four_vertex,4,6,3,2,1,0,0
four_vertex_1420,all_four_vertex,4,5,3,1,0,1,0
four_vertex_1421,all_four_vertex,4,6,3,2,0,1,0
four_vertex_1422,all_four_vertex,4,6,3,2,1,0,0
four_vertex_1423,all_four_vertex,4,7,3,3,1,0,0
four_vertex_1424,all_four_vertex,4,4,2,1,1,0,0
four_vertex_1425,all_four_vertex,4,5,2,1,1,1,0
four_vertex_1426,all_four_vertex,4,5,2,1,1,1,0
four_vertex_1427,all_four_vertex,4,6,2,1,1,2,0
four_vertex_1428,all_four_vertex,4,5,2,1,1,1,0
four_vertex_1429,all_four_vertex,4,6,2,1,1,2,0
four_vertex_1430,all_four_vertex,4,6,2,1,1,2,0
four_vertex_1431,all_four_vertex,4,7,2,1,1,3,0
four_vertex_1432,all_four_vertex,4,5,3,1,1,0,0
four_vertex_1433,all_four_vertex,4,6,3,2,1,0,0
four_vertex_1434,all_four_vertex,4,6,3,2,1,0,0
four_vertex_1435,all_four_vertex,4,7,3,3,1,0,0
four_vertex_1436,all_four_vertex,4,6,3,2,1,0,0
four_vertex_1437,all_four_vertex,4,7,3,3,1,0,0
four_vertex_1438,all_four_vertex,4,7,3,3,1,0,0
four_vertex_1439,all_four_vertex,4,8,3,4,1,0,0
four_vertex_1440,all_four_vertex,4,4,2,1,0,1,0
four_vertex_1441,all_four_vertex,4,5,2,1,0,2,0
four_vertex_1442,all_four_vertex,4,5,2,1,0,2,0
four_vertex_1443,all_four_vertex,4,6,2,1,0,3,0
four_vertex_1444,all_four_vertex,4,5,2,1,0,2,0
four_vertex_1445,all_four_vertex,4,6,2,1,0,3,0
four_vertex_1446,all_four_vertex,4,6,2,1,0,3,0
four_vertex_1447,all_four_vertex,4,7,2,1,0,4,0
four_vertex_1448,all_four_vertex,4,5,3,1,0,1,0
four_vertex_1449,all_four_vertex,4,6,3,2,0,1,0
four_vertex_1450,all_four_vertex,4,6,3,2,1,0,0
four_vertex_1451,all_four_vertex,4,7,3,3,1,0,0
four_vertex_1452,all_four_vertex,4,6,3,2,0,1,0
four_vertex_1453,all_four_vertex,4,7,3,3,0,1,0
four_vertex_1454,all_four_vertex,4,7,3,3,1,0,0
four_vertex_1455,all_four_vertex,4,8,3,4,1,0,0
four_vertex_1456,all_four_vertex,4,5,2,2,1,0,0
four_vertex_1457,all_four_vertex,4,6,2,2,1,1,0
four_vertex_1458,all_four_vertex,4,6,2,2,1,1,0
four_vertex_1459,all_four_vertex,4,7,2,2,1,2,0
four_vertex_1460,all_four_vertex,4,6,2,2,1,1,0
four_vertex_1461,all_four_vertex,4,7,2,2,1,2,0
four_vertex_1462,all_four_vertex,4,7,2,2,1,2,0
four_vertex_1463,all_four_vertex,4,8,2,2,1,3,0
four_vertex_1464,all_four_vertex,4,6,3,2,1,0,0
four_vertex_1465,all_four_vertex,4,7,3,3,1,0,0
four_vertex_1466,all_four_vertex,4,7,3,3,1,0,0
four_vertex_1467,all_four_vertex,4,8,3,4,1,0,0
four_vertex_1468,all_four_vertex,4,7,3,3,1,0,0
four_vertex_1469,all_four_vertex,4,8,3,4,1,0,0
four_vertex_1470,all_four_vertex,4,8,3,4,1,0,0
four_vertex_1471,all_four_vertex,4,9,3,5,1,0,0
four_vertex_1472,all_four_vertex,4,4,3,0,0,1,0
four_vertex_1473,all_four_vertex,4,5,3,0,0,2,0
four_vertex_1474,all_four_vertex,4,5,3,1,0,1,0
four_vertex_1475,all_four_vertex,4,6,3,1,0,2,0
four_vertex_1476,all_four_vertex,4,5,3,0,0,2,0
four_vertex_1477,all_four_vertex,4,6,3,0,0,3,0
four_vertex_1478,all_four_vertex,4,6,3,1,0,2,0
four_vertex_1479,all_four_vertex,4,7,3,1,0,3,0
four_vertex_1480,all_four_vertex,4,5,4,0,0,1,0
four_vertex_1481,all_four_vertex,4,6,4,1,0,1,0
four_vertex_1482,all_four_vertex,4,6,4,1,1,0,0
four_vertex_1483,all_four_vertex,4,7,4,2,1,0,0
four_vertex_1484,all_four_vertex,4,6,4,1,0,1,0
four_vertex_1485,all_four_vertex,4,7,4,2,0,1,0
four_vertex_1486,all_four_vertex,4,7,4,2,1,0,0
four_vertex_1487,all_four_vertex,4,8,4,3,1,0,0
four_vertex_1488,all_four_vertex,4,5,3,1,1,0,0
four_vertex_1489,all_four_vertex,4,6,3,1,2,0,0
four_vertex_1490,all_four_vertex,4,6,3,2,1,0,0
four_vertex_1491,all_four_vertex,4,7,3,2,2,0,0
four_vertex_1492,all_four_vertex,4,6,3,1,2,0,0
four_vertex_1493,all_four_vertex,4,7,3,1,3,0,0
four_vertex_1494,all_four_vertex,4,7,3,2,2,0,0
four_vertex_1495,all_four_vertex,4,8,3,2,3,0,0
four_vertex_1496,all_four_vertex,4,6,4,1,1,0,0
four_vertex_1497,all_four_vertex,4,7,4,2,1,0,0
four_vertex_1498,all_four_vertex,4,7,4,2,1,0,0
four_vertex_1499,all_four_vertex,4,8,4,3,1,0,0
four_vertex_1500,all_four_vertex,4,7,4,2,1,0,0
four_vertex_1501,all_four_vertex,4,8,4,3,1,0,0
four_vertex_1502,all_four_vertex,4,8,4,3,1,0,0
four_vertex_1503,all_four_vertex,4,9,4,4,1,0,0
four_vertex_1504,all_four_vertex,4,5,3,1,0,1,0
four_vertex_1505,all_four_vertex,4,6,3,1,0,2,0
four_vertex_1506,all_four_vertex,4,6,3,2,0,1,0
four_vertex_1507,all_four_vertex,4,7,3,2,0,2,0
four_vertex_1508,all_four_vertex,4,6,3,1,0,2,0
four_vertex_1509,all_four_vertex,4,7,3,1,0,3,0
four_vertex_1510,all_four_vertex,4,7,3,2,0,2,0
four_vertex_1511,all_four_vertex,4,8,3,2,0,3,0
four_vertex_1512,all_four_vertex,4,6,4,1,0,1,0
four_vertex_1513,all_four_vertex,4,7,4,2,0,1,0
four_vertex_1514,all_four_vertex,4,7,4,2,1,0,0
four_vertex_1515,all_four_vertex,4,8,4,3,1,0,0
four_vertex_1516,all_four_vertex,4,7,4,2,0,1,0
four_vertex_1517,all_four_vertex,4,8,4,3,0,1,0
four_vertex_1518,all_four_vertex,4,8,4,3,1,0,0
four_vertex_1519,all_four_vertex,4,9,4,4,1,0,0
four_vertex_1520,all_four_vertex,4,6,3,2,1,0,0
four_vertex_1521,all_four_vertex,4,7,3,2,2,0,0
four_vertex_1522,all_four_vertex,4,7,3,3,1,0,0
four_vertex_1523,all_four_vertex,4,8,3,3,2,0,0
four_vertex_1524,all_four_vertex,4,7,3,2,2,0,0
four_vertex_1525,all_four_vertex,4,8,3,2,3,0,0
four_vertex_1526,all_four_vertex,4,8,3,3,2,0,0
four_vertex_1527,all_four_vertex,4,9,3,3,3,0,0
four_vertex_1528,all_four_vertex,4,7,4,2,1,0,0
four_vertex_1529,all_four_vertex,4,8,4,3,1,0,0
four_vertex_1530,all_four_vertex,4,8,4,3,1,0,0
four_vertex_1531,all_four_vertex,4,9,4,4,1,0,0
four_vertex_1532,all_four_vertex,4,8,4,3,1,0,0
four_vertex_1533,all_four_vertex,4,9,4,4,1,0,0
four_vertex_1534,all_four_vertex,4,9,4,4,1,0,0
four_vertex_1535,all_four_vertex,4,10,4,5,1,0,0
four_vertex_1536,all_four_vertex,4,2,2,0,0,0,0
four_vertex_1537,all_four_vertex,4,3,2,0,0,1,0
four_vertex_1538,all_four_vertex,4,3,2,0,0,1,0
four_vertex_1539,all_four_vertex,4,4,2,0,0,2,0
four_vertex_1540,all_four_vertex,4,3,2,1,0,0,0
four_vertex_1541,all_four_vertex,4,4,2,1,0,1,0
four_vertex_1542,all_four_vertex,4,4,2,1,0,1,0
four_vertex_1543,all_four_vertex,4,5,2,1,0,2,0
four_vertex_1544,all_four_vertex,4,3,3,0,0,0,0
four_vertex_1545,all_four_vertex,4,4,3,1,0,0,0
four_vertex_1546,all_four_vertex,4,4,3,0,0,1,0
four_vertex_1547,all_four_vertex,4,5,3,1,0,1,0
four_vertex_1548,all_four_vertex,4,4,3,1,0,0,0
four_vertex_1549,all_four_vertex,4,5,3,2,0,0,0
four_vertex_1550,all_four_vertex,4,5,3,1,0,1,0
four_vertex_1551,all_four_vertex,4,6,3,2,0,1,0
four_vertex_1552,all_four_vertex,4,3,2,0,0,1,0
four_vertex_1553,all_four_vertex,4,4,2,0,0,2,0
four_vertex_1554,all_four_vertex,4,4,2,0,0,2,0
four_vertex_1555,all_four_vertex,4,5,2,0,0,3,0
four_vertex_1556,all_four_vertex,4,4,2,1,0,1,0
four_vertex_1557,all_four_vertex,4,5,2,1,0,2,0
four_vertex_1558,all_four_vertex,4,5,2,1,0,2,0
four_vertex_1559,all_four_vertex,4,6,2,1,0,3,0
four_vertex_1560,all_four_vertex,4,4,3,0,0,1,0
four_vertex_1561,all_four_vertex,4,5,3,1,0,1,0
four_vertex_1562,all_four_vertex,4,5,3,0,0,2,0
four_vertex_1563,all_four_vertex,4,6,3,1,0,2,0
four_vertex_1564,all_four_vertex,4,5,3,1,0,1,0
four_vertex_1565,all_four_vertex,4,6,3,2,0,1,0
four_vertex_1566,all_four_vertex,4,6,3,1,0,2,0
four_vertex_1567,all_four_vertex,4,7,3,2,0,2,0
four_vertex_1568,all_four_vertex,4,3,2,1,0,0,0
four_vertex_1569,all_four_vertex,4,4,2,1,1,0,0
four_vertex_1570,all_four_vertex,4,4,2,1,0,1,0
four_vertex_1571,all_four_vertex,4,5,2,1,1,1,0
four_vertex_1572,all_four_vertex,4,4,2,2,0,0,0
four_vertex_1573,all_four_vertex,4,5,2,2,1,0,0
four_vertex_1574,all_four_vertex,4,5,2,2,0,1,0
four_vertex_1575,all_four_vertex,4,6,2,2,1,1,0
four_vertex_1576,all_four_vertex,4,4,3,1,0,0,0
four_vertex_1577,all_four_vertex,4,5,3,2,0,0,0
four_vertex_1578,all_four_vertex,4,5,3,1,0,1,0
four_vertex_1579,all_four_vertex,4,6,3,2,0,1,0
four_vertex_1580,all_four_vertex,4,5,3,2,0,0,0
four_vertex_1581,all_four_vertex,4,6,3,3,0,0,0
four_vertex_1582,all_four_vertex,4,6,3,2,0,1,0
four_vertex_1583,all_four_vertex,4,7,3,3,0,1,0
four_vertex_1584,all_four_vertex,4,4,2,1,0,1,0
four_vertex_1585,all_four_vertex,4,5,2,1,1,1,0
four_vertex_1586,all_four_vertex,4,5,2,1,0,2,0
four_vertex_1587,all_four_vertex,4,6,2,1,1,2,0
four_vertex_1588,all_four_vertex,4,5,2,2,0,1,0
four_vertex_1589,all_four_vertex,4,6,2,2,1,1,0
four_vertex_1590,all_four_vertex,4,6,2,2,0,2,0
four_vertex_1591,all_four_vertex,4,7,2,2,1,2,0
four_vertex_1592,all_four_vertex,4,5,3,1,0,1,0
four_vertex_1593,all_four_vertex,4,6,3,2,0,1,0
four_vertex_1594,all_four_vertex,4,6,3,1,0,2,0
four_vertex_1595,all_four_vertex,4,7,3,2,0,2,0
four_vertex_1596,all_four_vertex,4,6,3,2,0,1,0
four_vertex_1597,all_four_vertex,4,7,3,3,0,1,0
four_vertex_1598,all_four_vertex,4,7,3,2,0,2,0
four_vertex_1599,all_four_vertex,4,8,3,3,0,2,0
four_vertex_1600,all_four_vertex,4,3,3,0,0,0,0
four_vertex_1601,all_four_vertex,4,4,3,0,0,1,0
four_vertex_1602,all_four_vertex,4,4,3,1,0,0,0
four_vertex_1603,all_four_vertex,4,5,3,1,0,1,0
four_vertex_1604,all_four_vertex,4,4,3,1,0,0,0
four_vertex_1605,all_four_vertex,4,5,3,1,0,1,0
four_vertex_1606,all_four_vertex,4,5,3,2,0,0,0
four_vertex_1607,all_four_vertex,4,6,3,2,0,1,0
four_vertex_1608,all_four_vertex,4,4,4,0,0,0,0
four_vertex_1609,all_four_vertex,4,5,4,1,0,0,0
four_vertex_1610,all_four_vertex,4,5,4,1,0,0,0
four_vertex_1611,all_four_vertex,4,6,4,2,0,0,0
four_vertex_1612,all_four_vertex,4,5,4,1,0,0,0
four_vertex_1613,all_four_vertex,4,6,4,2,0,0,0
four_vertex_1614,all_four_vertex,4,6,4,2,0,0,0
four_vertex_1615,all_four_vertex,4,7,4,3,0,0,0
four_vertex_1616,all_four_vertex,4,4,3,0,0,1,0
four_vertex_1617,all_four_vertex,4,5,3,0,2,0,0
four_vertex_1618,all_four_vertex,4,5,3,1,0,1,0
four_vertex_1619,all_four_vertex,4,6,3,1,2,0,0
four_vertex_1620,all_four_vertex,4,5,3,1,1,0,0
four_vertex_1621,all_four_vertex,4,6,3,1,2,0,0
four_vertex_1622,all_four_vertex,4,6,3,2,1,0,0
four_vertex_1623,all_four_vertex,4,7,3,2,2,0,0
four_vertex_1624,all_four_vertex,4,5,4,0,0,1,0
four_vertex_1625,all_four_vertex,4,6,4,1,1,0,0
four_vertex_1626,all_four_vertex,4,6,4,1,0,1,0
four_vertex_1627,all_four_vertex,4,7,4,2,1,0,0
four_vertex_1628,all_four_vertex,4,6,4,1,1,0,0
four_vertex_1629,all_four_vertex,4,7,4,2,1,0,0
four_vertex_1630,all_four_vertex,4,7,4,2,1,0,0
four_vertex_1631,all_four_vertex,4,8,4,3,1,0,0
four_vertex_1632,all_four_vertex,4,4,3,1,0,0,0
four_vertex_1633,all_four_vertex,4,5,3,1,1,0,0
four_vertex_1634,all_four_vertex,4,5,3,2,0,0,0
four_vertex_1635,all_four_vertex,4,6,3,2,1,0,0
four_vertex_1636,all_four_vertex,4,5,3,2,0,0,0
four_vertex_1637,all_four_vertex,4,6,3,2,1,0,0
four_vertex_1638,all_four_vertex,4,6,3,3,0,0,0
four_vertex_1639,all_four_vertex,4,7,3,3,1,0,0
four_vertex_1640,all_four_vertex,4,5,4,1,0,0,0
four_vertex_1641,all_four_vertex,4,6,4,2,0,0,0
four_vertex_1642,all_four_vertex,4,6,4,2,0,0,0
four_vertex_1643,all_four_vertex,4,7,4,3,0,0,0
four_vertex_1644,all_four_vertex,4,6,4,2,0,0,0
four_vertex_1645,all_four_vertex,4,7,4,3,0,0,0
four_vertex_1646,all_four_vertex,4,7,4,3,0,0,0
four_vertex_1647,all_four_vertex,4,8,4,4,0,0,0
four_vertex_1648,all_four_vertex,4,5,3,1,0,1,0
four_vertex_1649,all_four_vertex,4,6,3,1,2,0,0
four_vertex_1650,all_four_vertex,4,6,3,2,0,1,0
four_vertex_1651,all_four_vertex,4,7,3,2,2,0,0
four_vertex_1652,all_four_vertex,4,6,3,2,1,0,0
four_vertex_1653,all_four_vertex,4,7,3,2,2,0,0
four_vertex_1654,all_four_vertex,4,7,3,3,1,0,0
four_vertex_1655,all_four_vertex,4,8,3,3,2,0,0
four_vertex_1656,all_four_vertex,4,6,4,1,0,1,0
four_vertex_1657,all_four_vertex,4,7,4,2,1,0,0
four_vertex_1658,all_four_vertex,4,7,4,2,0,1,0
four_vertex_1659,all_four_vertex,4,8,4,3,1,0,0
four_vertex_1660,all_four_vertex,4,7,4,2,1,0,0
four_vertex_1661,all_four_vertex,4,8,4,3,1,0,0
four_vertex_1662,all_four_vertex,4,8,4,3,1,0,0
four_vertex_1663,all_four_vertex,4,9,4,4,1,0,0
four_vertex_1664,all_four_vertex,4,3,3,0,0,0,0
four_vertex_1665,all_four_vertex,4,4,3,0,0,1,0
four_vertex_1666,all_four_vertex,4,4,3,0,0,1,0
four_vertex_1667,all_four_vertex,4,5,3,0,0,2,0
four_vertex_1668,all_four_vertex,4,4,3,1,0,0,0
four_vertex_1669,all_four_vertex,4,5,3,1,0,1,0
four_vertex_1670,all_four_vertex,4,5,3,1,0,1,0
four_vertex_1671,all_four_vertex,4,6,3,1,0,2,0
four_vertex_1672,all_four_vertex,4,4,4,0,0,0,0
four_vertex_1673,all_four_vertex,4,5,4,1,0,0,0
four_vertex_1674,all_four_vertex,4,5,4,1,0,0,0
four_vertex_1675,all_four_vertex,4,6,4,2,0,0,0
four_vertex_1676,all_four_vertex,4,5,4,1,0,0,0
four_vertex_1677,all_four_vertex,4,6,4,2,0,0,0
four_vertex_1678,all_four_vertex,4,6,4,2,0,0,0
four_vertex_1679,all_four_vertex,4,7,4,3,0,0,0
four_vertex_1680,all_four_vertex,4,4,3,1,0,0,0
four_vertex_1681,all_four_vertex,4,5,3,1,0,1,0
four_vertex_1682,all_four_vertex,4,5,3,1,0,1,0
four_vertex_1683,all_four_vertex,4,6,3,1,0,2,0
four_vertex_1684,all_four_vertex,4,5,3,2,0,0,0
four_vertex_1685,all_four_vertex,4,6,3,2,0,1,0
four_vertex_1686,all_four_vertex,4,6,3,2,0,1,0
four_vertex_1687,all_four_vertex,4,7,3,2,0,2,0
four_vertex_1688,all_four_vertex,4,5,4,1,0,0,0
four_vertex_1689,all_four_vertex,4,6,4,2,0,0,0
four_vertex_1690,all_four_vertex,4,6,4,2,0,0,0
four_vertex_1691,all_four_vertex,4,7,4,3,0,0,0
four_vertex_1692,all_four_vertex,4,6,4,2,0,0,0
four_vertex_1693,all_four_vertex,4,7,4,3,0,0,0
four_vertex_1694,all_four_vertex,4,7,4,3,0,0,0
four_vertex_1695,all_four_vertex,4,8,4,4,0,0,0
four_vertex_1696,all_four_vertex,4,4,3,1,0,0,0
four_vertex_1697,all_four_vertex,4,5,3,1,1,0,0
four_vertex_1698,all_four_vertex,4,5,3,1,1,0,0
four_vertex_1699,all_four_vertex,4,6,3,1,2,0,0
four_vertex_1700,all_four_vertex,4,5,3,2,0,0,0
four_vertex_1701,all_four_vertex,4,6,3,2,1,0,0
four_vertex_1702,all_four_vertex,4,6,3,2,1,0,0
four_vertex_1703,all_four_vertex,4,7,3,2,2,0,0
four_vertex_1704,all_four_vertex,4,5,4,1,0,0,0
four_vertex_1705,all_four_vertex,4,6,4,2,0,0,0
four_vertex_1706,all_four_vertex,4,6,4,2,0,0,0
four_vertex_1707,all_four_vertex,4,7,4,3,0,0,0
four_vertex_1708,all_four_vertex,4,6,4,2,0,0,0
four_vertex_1709,all_four_vertex,4,7,4,3,0,0,0
four_vertex_1710,all_four_vertex,4,7,4,3,0,0,0
four_vertex_1711,all_four_vertex,4,8,4,4,0,0,0
four_vertex_1712,all_four_vertex,4,5,3,2,0,0,0
four_vertex_1713,all_four_vertex,4,6,3,2,1,0,0
four_vertex_1714,all_four_vertex,4,6,3,2,1,0,0
four_vertex_1715,all_four_vertex,4,7,3,2,2,0,0
four_vertex_1716,all_four_vertex,4,6,3,3,0,0,0
four_vertex_1717,all_four_vertex,4,7,3,3,1,0,0
four_vertex_1718,all_four_vertex,4,7,3,3,1,0,0
four_vertex_1719,all_four_vertex,4,8,3,3,2,0,0
four_vertex_1720,all_four_vertex,4,6,4,2,0,0,0
four_vertex_1721,all_four_vertex,4,7,4,3,0,0,0
four_vertex_1722,all_four_vertex,4,7,4,3,0,0,0
four_vertex_1723,all_four_vertex,4,8,4,4,0,0,0
four_vertex_1724,all_four_vertex,4,7,4,3,0,0,0
four_vertex_1725,all_four_vertex,4,8,4,4,0,0,0
four_vertex_1726,all_four_vertex,4,8,4,4,0,0,0
four_vertex_1727,all_four_vertex,4,9,4,5,0,0,0
four_vertex_1728,all_four_vertex,4,4,4,0,0,0,0
four_vertex_1729,all_four_vertex,4,5,4,0,0,1,0
four_vertex_1730,all_four_vertex,4,5,4,1,0,0,0
four_vertex_1731,all_four_vertex,4,6,4,1,0,1,0
four_vertex_1732,all_four_vertex,4,5,4,1,0,0,0
four_vertex_1733,all_four_vertex,4,6,4,1,0,1,0
four_vertex_1734,all_four_vertex,4,6,4,2,0,0,0
four_vertex_1735,all_four_vertex,4,7,4,2,0,1,0
four_vertex_1736,all_four_vertex,4,5,5,0,0,0,0
four_vertex_1737,all_four_vertex,4,6,5,1,0,0,0
four_vertex_1738,all_four_vertex,4,6,5,1,0,0,0
four_vertex_1739,all_four_vertex,4,7,5,2,0,0,0
four_vertex_1740,all_four_vertex,4,6,5,1,0,0,0
four_vertex_1741,all_four_vertex,4,7,5,2,0,0,0
four_vertex_1742,all_four_vertex,4,7,5,2,0,0,0
four_vertex_1743,all_four_vertex,4,8,5,3,0,0,0
four_vertex_1744,all_four_vertex,4,5,4,1,0,0,0
four_vertex_1745,all_four_vertex,4,6,4,1,1,0,0
four_vertex_1746,all_four_vertex,4,6,4,2,0,0,0
four_vertex_1747,all_four_vertex,4,7,4,2,1,0,0
four_vertex_1748,all_four_vertex,4,6,4,2,0,0,0
four_vertex_1749,all_four_vertex,4,7,4,2,1,0,0
four_vertex_1750,all_four_vertex,4,7,4,3,0,0,0
four_vertex_1751,all_four_vertex,4,8,4,3,1,0,0
four_vertex_1752,all_four_vertex,4,6,5,1,0,0,0
four_vertex_1753,all_four_vertex,4,7,5,2,0,0,0
four_vertex_1754,all_four_vertex,4,7,5,2,0,0,0
four_vertex_1755,all_four_vertex,4,8,5,3,0,0,0
four_vertex_1756,all_four_vertex,4,7,5,2,0,0,0
four_vertex_1757,all_four_vertex,4,8,5,3,0,0,0
four_vertex_1758,all_four_vertex,4,8,5,3,0,0,0
four_vertex_1759,all_four_vertex,4,9,5,4,0,0,0
four_vertex_1760,all_four_vertex,4,5,4,1,0,0,0
four_vertex_1761,all_four_vertex,4,6,4,1,1,0,0
four_vertex_1762,all_four_vertex,4,6,4,2,0,0,0
four_vertex_1763,all_four_vertex,4,7,4,2,1,0,0
four_vertex_1764,all_four_vertex,4,6,4,2,0,0,0
four_vertex_1765,all_four_vertex,4,7,4,2,1,0,0
four_vertex_1766,all_four_vertex,4,7,4,3,0,0,0
four_vertex_1767,all_four_vertex,4,8,4,3,1,0,0
four_vertex_1768,all_four_vertex,4,6,5,1,0,0,0
four_vertex_1769,all_four_vertex,4,7,5,2,0,0,0
four_vertex_1770,all_four_vertex,4,7,5,2,0,0,0
four_vertex_1771,all_four_vertex,4,8,5,3,0,0,0
four_vertex_1772,all_four_vertex,4,7,5,2,0,0,0
four_vertex_1773,all_four_vertex,4,8,5,3,0,0,0
four_vertex_1774,all_four_vertex,4,8,5,3,0,0,0
four_vertex_1775,all_four_vertex,4,9,5,4,0,0,0
four_vertex_1776,all_four_vertex,4,6,4,2,0,0,0
four_vertex_1777,all_four_vertex,4,7,4,2,1,0,0
four_vertex_1778,all_four_vertex,4,7,4,3,0,0,0
four_vertex_1779,all_four_vertex,4,8,4,3,1,0,0
four_vertex_1780,all_four_vertex,4,7,4,3,0,0,0
four_vertex_1781,all_four_vertex,4,8,4,3,1,0,0
four_vertex_1782,all_four_vertex,4,8,4,4,0,0,0
four_vertex_1783,all_four_vertex,4,9,4,4,1,0,0
four_vertex_1784,all_four_vertex,4,7,5,2,0,0,0
four_vertex_1785,all_four_vertex,4,8,5,3,0,0,0
four_vertex_1786,all_four_vertex,4,8,5,3,0,0,0
four_vertex_1787,all_four_vertex,4,9,5,4,0,0,0
four_vertex_1788,all_four_vertex,4,8,5,3,0,0,0
four_vertex_1789,all_four_vertex,4,9,5,4,0,0,0
four_vertex_1790,all_four_vertex,4,9,5,4,0,0,0
four_vertex_1791,all_four_vertex,4,10,5,5,0,0,0
four_vertex_1792,all_four_vertex,4,3,2,0,0,1,0
four_vertex_1793,all_four_vertex,4,4,2,0,0,2,0
four_vertex_1794,all_four_vertex,4,4,2,0,2,0,0
four_vertex_1795,all_four_vertex,4,5,2,0,2,1,0
four_vertex_1796,all_four_vertex,4,4,2,1,0,1,0
four_vertex_1797,all_four_vertex,4,5,2,1,0,2,0
four_vertex_1798,all_four_vertex,4,5,2,1,2,0,0
four_vertex_1799,all_four_vertex,4,6,2,1,2,1,0
four_vertex_1800,all_four_vertex,4,4,3,0,0,1,0
four_vertex_1801,all_four_vertex,4,5,3,1,0,1,0
four_vertex_1802,all_four_vertex,4,5,3,0,2,0,0
four_vertex_1803,all_four_vertex,4,6,3,1,2,0,0
four_vertex_1804,all_four_vertex,4,5,3,1,0,1,0
four_vertex_1805,all_four_vertex,4,6,3,2,0,1,0
four_vertex_1806,all_four_vertex,4,6,3,1,2,0,0
four_vertex_1807,all_four_vertex,4,7,3,2,2,0,0
four_vertex_1808,all_four_vertex,4,4,2,0,2,0,0
four_vertex_1809,all_four_vertex,4,5,2,0,2,1,0
four_vertex_1810,all_four_vertex,4,5,2,0,3,0,0
four_vertex_1811,all_four_vertex,4,6,2,0,3,1,0
four_vertex_1812,all_four_vertex,4,5,2,1,2,0,0
four_vertex_1813,all_four_vertex,4,6,2,1,2,1,0
four_vertex_1814,all_four_vertex,4,6,2,1,3,0,0
four_vertex_1815,all_four_vertex,4,7,2,1,3,1,0
four_vertex_1816,all_four_vertex,4,5,3,0,2,0,0
four_vertex_1817,all_four_vertex,4,6,3,1,2,0,0
four_vertex_1818,all_four_vertex,4,6,3,0,3,0,0
four_vertex_1819,all_four_vertex,4,7,3,1,3,0,0
four_vertex_1820,all_four_vertex,4,6,3,1,2,0,0
four_vertex_1821,all_four_vertex,4,7,3,2,2,0,0
four_vertex_1822,all_four_vertex,4,7,3,1,3,0,0
four_vertex_1823,all_four_vertex,4,8,3,2,3,0,0
four_vertex_1824,all_four_vertex,4,4,2,1,0,1,0
four_vertex_1825,all_four_vertex,4,5,2,1,1,1,0
four_vertex_1826,all_four_vertex,4,5,2,1,2,0,0
four_vertex_1827,all_four_vertex,4,6,2,1,3,0,0
four_vertex_1828,all_four_vertex,4,5,2,2,0,1,0
four_vertex_1829,all_four_vertex,4,6,2,2,1,1,0
four_vertex_1830,all_four_vertex,4,6,2,2,2,0,0
four_vertex_1831,all_four_vertex,4,7,2,2,3,0,0
four_vertex_1832,all_four_vertex,4,5,3,1,0,1,0
four_vertex_1833,all_four_vertex,4,6,3,2,0,1,0
four_vertex_1834,all_four_vertex,4,6,3,1,2,0,0
four_vertex_1835,all_four_vertex,4,7,3,2,2,0,0
four_vertex_1836,all_four_vertex,4,6,3,2,0,1,0
four_vertex_1837,all_four_vertex,4,7,3,3,0,1,0
four_vertex_1838,all_four_vertex,4,7,3,2,2,0,0
four_vertex_1839,all_four_vertex,4,8,3,3,2,0,0
four_vertex_1840,all_four_vertex,4,5,2,1,2,0,0
four_vertex_1841,all_four_vertex,4,6,2,1,3,0,0
four_vertex_1842,all_four_vertex,4,6,2,1,3,0,0
four_vertex_1843,all_four_vertex,4,7,2,1,4,0,0
four_vertex_1844,all_four_vertex,4,6,2,2,2,0,0
four_vertex_1845,all_four_vertex,4,7,2,2,3,0,0
four_vertex_1846,all_four_vertex,4,7,2,2,3,0,0
four_vertex_1847,all_four_vertex,4,8,2,2,4,0,0
four_vertex_1848,all_four_vertex,4,6,3,1,2,0,0
four_vertex_1849,all_four_vertex,4,7,3,2,2,0,0
four_vertex_1850,all_four_vertex,4,7,3,1,3,0,0
four_vertex_1851,all_four_vertex,4,8,3,2,3,0,0
four_vertex_1852,all_four_vertex,4,7,3,2,2,0,0
four_vertex_1853,all_four_vertex,4,8,3,3,2,0,0
four_vertex_1854,all_four_vertex,4,8,3,2,3,0,0
four_vertex_1855,all_four_vertex,4,9,3,3,3,0,0
four_vertex_1856,all_four_vertex,4,4,3,0,0,1,0
four_vertex_1857,all_four_vertex,4,5,3,0,0,2,0
four_vertex_1858,all_four_vertex,4,5,3,1,1,0,0
four_vertex_1859,all_four_vertex,4,6,3,1,1,1,0
four_vertex_1860,all_four_vertex,4,5,3,1,0,1,0
four_vertex_1861,all_four_vertex,4,6,3,1,0,2,0
four_vertex_1862,all_four_vertex,4,6,3,2,1,0,0
four_vertex_1863,all_four_vertex,4,7,3,2,1,1,0
four_vertex_1864,all_four_vertex,4,5,4,0,0,1,0
four_vertex_1865,all_four_vertex,4,6,4,1,0,1,0
four_vertex_1866,all_four_vertex,4,6,4,1,1,0,0
four_vertex_1867,all_four_vertex,4,7,4,2,1,0,0
four_vertex_1868,all_four_vertex,4,6,4,1,0,1,0
four_vertex_1869,all_four_vertex,4,7,4,2,0,1,0
four_vertex_1870,all_four_vertex,4,7,4,2,1,0,0
four_vertex_1871,all_four_vertex,4,8,4,3,1,0,0
four_vertex_1872,all_four_vertex,4,5,3,0,2,0,0
four_vertex_1873,all_four_vertex,4,6,3,0,3,0,0
four_vertex_1874,all_four_vertex,4,6,3,1,2,0,0
four_vertex_1875,all_four_vertex,4,7,3,1,3,0,0
four_vertex_1876,all_four_vertex,4,6,3,1,2,0,0
four_vertex_1877,all_four_vertex,4,7,3,1,3,0,0
four_vertex_1878,all_four_vertex,4,7,3,2,2,0,0
four_vertex_1879,all_four_vertex,4,8,3,2,3,0,0
four_vertex_1880,all_four_vertex,4,6,4,0,2,0,0
four_vertex_1881,all_four_vertex,4,7,4,1,2,0,0
four_vertex_1882,all_four_vertex,4,7,4,1,2,0,0
four_vertex_1883,all_four_vertex,4,8,4,2,2,0,0
four_vertex_1884,all_four_vertex,4,7,4,1,2,0,0
four_vertex_1885,all_four_vertex,4,8,4,2,2,0,0
four_vertex_1886,all_four_vertex,4,8,4,2,2,0,0
four_vertex_1887,all_four_vertex,4,9,4,3,2,0,0
four_vertex_1888,all_four_vertex,4,5,3,1,0,1,0
four_vertex_1889,all_four_vertex,4,6,3,1,1,1,0
four_vertex_1890,all_four_vertex,4,6,3,2,1,0,0
four_vertex_1891,all_four_vertex,4,7,3,2,2,0,0
four_vertex_1892,all_four_vertex,4,6,3,2,0,1,0
four_vertex_1893,all_four_vertex,4,7,3,2,1,1,0
four_vertex_1894,all_four_vertex,4,7,3,3,1,0,0
four_vertex_1895,all_four_vertex,4,8,3,3,2,0,0
four_vertex_1896,all_four_vertex,4,6,4,1,0,1,0
four_vertex_1897,all_four_vertex,4,7,4,2,0,1,0
four_vertex_1898,all_four_vertex,4,7,4,2,1,0,0
four_vertex_1899,all_four_vertex,4,8,4,3,1,0,0
four_vertex_1900,all_four_vertex,4,7,4,2,0,1,0
four_vertex_1901,all_four_vertex,4,8,4,3,0,1,0
four_vertex_1902,all_four_vertex,4,8,4,3,1,0,0
four_vertex_1903,all_four_vertex,4,9,4,4,1,0,0
four_vertex_1904,all_four_vertex,4,6,3,1,2,0,0
four_vertex_1905,all_four_vertex,4,7,3,1,3,0,0
four_vertex_1906,all_four_vertex,4,7,3,2,2,0,0
four_vertex_1907,all_four_vertex,4,8,3,2,3,0,0
four_vertex_1908,all_four_vertex,4,7,3,2,2,0,0
four_vertex_1909,all_four_vertex,4,8,3,2,3,0,0
four_vertex_1910,all_four_vertex,4,8,3,3,2,0,0
four_vertex_1911,all_four_vertex,4,9,3,3,3,0,0
four_vertex_1912,all_four_vertex,4,7,4,1,2,0,0
four_vertex_1913,all_four_vertex,4,8,4,2,2,0,0
four_vertex_1914,all_four_vertex,4,8,4,2,2,0,0
four_vertex_1915,all_four_vertex,4,9,4,3,2,0,0
four_vertex_1916,all_four_vertex,4,8,4,2,2,0,0
four_vertex_1917,all_four_vertex,4,9,4,3,2,0,0
four_vertex_1918,all_four_vertex,4,9,4,3,2,0,0
four_vertex_1919,all_four_vertex,4,10,4,4,2,0,0
four_vertex_1920,all_four_vertex,4,4,3,0,0,1,0
four_vertex_1921,all_four_vertex,4,5,3,0,0,2,0
four_vertex_1922,all_four_vertex,4,5,3,0,2,0,0
four_vertex_1923,all_four_vertex,4,6,3,0,2,1,0
four_vertex_1924,all_four_vertex,4,5,3,1,0,1,0
four_vertex_1925,all_four_vertex,4,6,3,1,0,2,0
four_vertex_1926,all_four_vertex,4,6,3,1,2,0,0
four_vertex_1927,all_four_vertex,4,7,3,1,2,1,0
four_vertex_1928,all_four_vertex,4,5,4,0,0,1,0
four_vertex_1929,all_four_vertex,4,6,4,1,0,1,0
four_vertex_1930,all_four_vertex,4,6,4,1,1,0,0
four_vertex_1931,all_four_vertex,4,7,4,2,1,0,0
four_vertex_1932,all_four_vertex,4,6,4,1,0,1,0
four_vertex_1933,all_four_vertex,4,7,4,2,0,1,0
four_vertex_1934,all_four_vertex,4,7,4,2,1,0,0
four_vertex_1935,all_four_vertex,4,8,4,3,1,0,0
four_vertex_1936,all_four_vertex,4,5,3,1,1,0,0
four_vertex_1937,all_four_vertex,4,6,3,1,1,1,0
four_vertex_1938,all_four_vertex,4,6,3,1,2,0,0
four_vertex_1939,all_four_vertex,4,7,3,1,2,1,0
four_vertex_1940,all_four_vertex,4,6,3,2,1,0,0
four_vertex_1941,all_four_vertex,4,7,3,2,1,1,0
four_vertex_1942,all_four_vertex,4,7,3,2,2,0,0
four_vertex_1943,all_four_vertex,4,8,3,2,2,1,0
four_vertex_1944,all_four_vertex,4,6,4,1,1,0,0
four_vertex_1945,all_four_vertex,4,7,4,2,1,0,0
four_vertex_1946,all_four_vertex,4,7,4,2,1,0,0
four_vertex_1947,all_four_vertex,4,8,4,3,1,0,0
four_vertex_1948,all_four_vertex,4,7,4,2,1,0,0
four_vertex_1949,all_four_vertex,4,8,4,3,1,0,0
four_vertex_1950,all_four_vertex,4,8,4,3,1,0,0
four_vertex_1951,all_four_vertex,4,9,4,4,1,0,0
four_vertex_1952,all_four_vertex,4,5,3,1,0,1,0
four_vertex_1953,all_four_vertex,4,6,3,1,1,1,0
four_vertex_1954,all_four_vertex,4,6,3,1,2,0,0
four_vertex_1955,all_four_vertex,4,7,3,1,3,0,0
four_vertex_1956,all_four_vertex,4,6,3,2,0,1,0
four_vertex_1957,all_four_vertex,4,7,3,2,1,1,0
four_vertex_1958,all_four_vertex,4,7,3,2,2,0,0
four_vertex_1959,all_four_vertex,4,8,3,2,3,0,0
four_vertex_1960,all_four_vertex,4,6,4,1,0,1,0
four_vertex_1961,all_four_vertex,4,7,4,2,0,1,0
four_vertex_1962,all_four_vertex,4,7,4,2,1,0,0
four_vertex_1963,all_four_vertex,4,8,4,3,1,0,0
four_vertex_1964,all_four_vertex,4,7,4,2,0,1,0
four_vertex_1965,all_four_vertex,4,8,4,3,0,1,0
four_vertex_1966,all_four_vertex,4,8,4,3,1,0,0
four_vertex_1967,all_four_vertex,4,9,4,4,1,0,0
four_vertex_1968,all_four_vertex,4,6,3,2,1,0,0
four_vertex_1969,all_four_vertex,4,7,3,2,2,0,0
four_vertex_1970,all_four_vertex,4,7,3,2,2,0,0
four_vertex_1971,all_four_vertex,4,8,3,2,3,0,0
four_vertex_1972,all_four_vertex,4,7,3,3,1,0,0
four_vertex_1973,all_four_vertex,4,8,3,3,2,0,0
four_vertex_1974,all_four_vertex,4,8,3,3,2,0,0
four_vertex_1975,all_four_vertex,4,9,3,3,3,0,0
four_vertex_1976,all_four_vertex,4,7,4,2,1,0,0
four_vertex_1977,all_four_vertex,4,8,4,3,1,0,0
four_vertex_1978,all_four_vertex,4,8,4,3,1,0,0
four_vertex_1979,all_four_vertex,4,9,4,4,1,0,0
four_vertex_1980,all_four_vertex,4,8,4,3,1,0,0
four_vertex_1981,all_four_vertex,4,9,4,4,1,0,0
four_vertex_1982,all_four_vertex,4,9,4,4,1,0,0
four_vertex_1983,all_four_vertex,4,10,4,5,1,0,0
four_vertex_1984,all_four_vertex,4,5,4,0,0,1,0
four_vertex_1985,all_four_vertex,4,6,4,0,0,2,0
four_vertex_1986,all_four_vertex,4,6,4,1,1,0,0
four_vertex_1987,all_four_vertex,4,7,4,1,1,1,0
four_vertex_1988,all_four_vertex,4,6,4,1,0,1,0
four_vertex_1989,all_four_vertex,4,7,4,1,0,2,0
four_vertex_1990,all_four_vertex,4,7,4,2,1,0,0
four_vertex_1991,all_four_vertex,4,8,4,2,1,1,0
four_vertex_1992,all_four_vertex,4,6,5,0,0,1,0
four_vertex_1993,all_four_vertex,4,7,5,1,0,1,0
four_vertex_1994,all_four_vertex,4,7,5,1,1,0,0
four_vertex_1995,all_four_vertex,4,8,5,2,1,0,0
four_vertex_1996,all_four_vertex,4,7,5,1,0,1,0
four_vertex_1997,all_four_vertex,4,8,5,2,0,1,0
four_vertex_1998,all_four_vertex,4,8,5,2,1,0,0
four_vertex_1999,all_four_vertex,4,9,5,3,1,0,0
four_vertex_2000,all_four_vertex,4,6,4,1,1,0,0
four_vertex_2001,all_four_vertex,4,7,4,1,2,0,0
four_vertex_2002,all_four_vertex,4,7,4,2,1,0,0
four_vertex_2003,all_four_vertex,4,8,4,2,2,0,0
four_vertex_2004,all_four_vertex,4,7,4,2,1,0,0
four_vertex_2005,all_four_vertex,4,8,4,2,2,0,0
four_vertex_2006,all_four_vertex,4,8,4,3,1,0,0
four_vertex_2007,all_four_vertex,4,9,4,3,2,0,0
four_vertex_2008,all_four_vertex,4,7,5,1,1,0,0
four_vertex_2009,all_four_vertex,4,8,5,2,1,0,0
four_vertex_2010,all_four_vertex,4,8,5,2,1,0,0
four_vertex_2011,all_four_vertex,4,9,5,3,1,0,0
four_vertex_2012,all_four_vertex,4,8,5,2,1,0,0
four_vertex_2013,all_four_vertex,4,9,5,3,1,0,0
four_vertex_2014,all_four_vertex,4,9,5,3,1,0,0
four_vertex_2015,all_four_vertex,4,10,5,4,1,0,0
four_vertex_2016,all_four_vertex,4,6,4,1,0,1,0
four_vertex_2017,all_four_vertex,4,7,4,1,1,1,0
four_vertex_2018,all_four_vertex,4,7,4,2,1,0,0
four_vertex_2019,all_four_vertex,4,8,4,2,2,0,0
four_vertex_2020,all_four_vertex,4,7,4,2,0,1,0
four_vertex_2021,all_four_vertex,4,8,4,2,1,1,0
four_vertex_2022,all_four_vertex,4,8,4,3,1,0,0
four_vertex_2023,all_four_vertex,4,9,4,3,2,0,0
four_vertex_2024,all_four_vertex,4,7,5,1,0,1,0
four_vertex_2025,all_four_vertex,4,8,5,2,0,1,0
four_vertex_2026,all_four_vertex,4,8,5,2,1,0,0
four_vertex_2027,all_four_vertex,4,9,5,3,1,0,0
four_vertex_2028,all_four_vertex,4,8,5,2,0,1,0
four_vertex_2029,all_four_vertex,4,9,5,3,0,1,0
four_vertex_2030,all_four_vertex,4,9,5,3,1,0,0
four_vertex_2031,all_four_vertex,4,10,5,4,1,0,0
four_vertex_2032,all_four_vertex,4,7,4,2,1,0,0
four_vertex_2033,all_four_vertex,4,8,4,2,2,0,0
four_vertex_2034,all_four_vertex,4,8,4,3,1,0,0
four_vertex_2035,all_four_vertex,4,9,4,3,2,0,0
four_vertex_2036,all_four_vertex,4,8,4,3,1,0,0
four_vertex_2037,all_four_vertex,4,9,4,3,2,0,0
four_vertex_2038,all_four_vertex,4,9,4,4,1,0,0
four_vertex_2039,all_four_vertex,4,10,4,4,2,0,0
four_vertex_2040,all_four_vertex,4,8,5,2,1,0,0
four_vertex_2041,all_four_vertex,4,9,5,3,1,0,0
four_vertex_2042,all_four_vertex,4,9,5,3,1,0,0
four_vertex_2043,all_four_vertex,4,10,5,4,1,0,0
four_vertex_2044,all_four_vertex,4,9,5,3,1,0,0
four_vertex_2045,all_four_vertex,4,10,5,4,1,0,0
four_vertex_2046,all_four_vertex,4,10,5,4,1,0,0
four_vertex_2047,all_four_vertex,4,11,5,5,1,0,0
four_vertex_2048,all_four_vertex,4,1,1,0,0,0,0
four_vertex_2049,all_four_vertex,4,2,1,0,0,1,0
four_vertex_2050,all_four_vertex,4,2,1,0,0,1,0
four_vertex_2051,all_four_vertex,4,3,1,0,0,2,0
four_vertex_2052,all_four_vertex,4,2,1,0,0,1,0
four_vertex_2053,all_four_vertex,4,3,1,0,0,2,0
four_vertex_2054,all_four_vertex,4,3,1,0,0,2,0
four_vertex_2055,all_four_vertex,4,4,1,0,0,3,0
four_vertex_2056,all_four_vertex,4,2,2,0,0,0,0
four_vertex_2057,all_four_vertex,4,3,2,1,0,0,0
four_vertex_2058,all_four_vertex,4,3,2,0,0,1,0
four_vertex_2059,all_four_vertex,4,4,2,1,0,1,0
four_vertex_2060,all_four_vertex,4,3,2,0,0,1,0
four_vertex_2061,all_four_vertex,4,4,2,1,0,1,0
four_vertex_2062,all_four_vertex,4,4,2,0,0,2,0
four_vertex_2063,all_four_vertex,4,5,2,1,0,2,0
four_vertex_2064,all_four_vertex,4,2,1,0,0,1,0
four_vertex_2065,all_four_vertex,4,3,1,0,0,2,0
four_vertex_2066,all_four_vertex,4,3,1,0,0,2,0
four_vertex_2067,all_four_vertex,4,4,1,0,0,3,0
four_vertex_2068,all_four_vertex,4,3,1,0,0,2,0
four_vertex_2069,all_four_vertex,4,4,1,0,0,3,0
four_vertex_2070,all_four_vertex,4,4,1,0,0,3,0
four_vertex_2071,all_four_vertex,4,5,1,0,0,4,0
four_vertex_2072,all_four_vertex,4,3,2,0,0,1,0
four_vertex_2073,all_four_vertex,4,4,2,1,0,1,0
four_vertex_2074,all_four_vertex,4,4,2,0,0,2,0
four_vertex_2075,all_four_vertex,4,5,2,1,0,2,0
four_vertex_2076,all_four_vertex,4,4,2,0,0,2,0
four_vertex_2077,all_four_vertex,4,5,2,1,0,2,0
four_vertex_2078,all_four_vertex,4,5,2,0,0,3,0
four_vertex_2079,all_four_vertex,4,6,2,1,0,3,0
four_vertex_2080,all_four_vertex,4,2,1,0,0,1,0
four_vertex_2081,all_four_vertex,4,3,1,0,0,2,0
four_vertex_2082,all_four_vertex,4,3,1,0,0,2,0
four_vertex_2083,all_four_vertex,4,4,1,0,0,3,0
four_vertex_2084,all_four_vertex,4,3,1,0,0,2,0
four_vertex_2085,all_four_vertex,4,4,1,0,0,3,0
four_vertex_2086,all_four_vertex,4,4,1,0,0,3,0
four_vertex_2087,all_four_vertex,4,5,1,0,0,4,0
four_vertex_2088,all_four_vertex,4,3,2,0,0,1,0
four_vertex_2089,all_four_vertex,4,4,2,1,0,1,0
four_vertex_2090,all_four_vertex,4,4,2,0,0,2,0
four_vertex_2091,all_four_vertex,4,5,2,1,0,2,0
four_vertex_2092,all_four_vertex,4,4,2,0,0,2,0
four_vertex_2093,all_four_vertex,4,5,2,1,0,2,0
four_vertex_2094,all_four_vertex,4,5,2,0,0,3,0
four_vertex_2095,all_four_vertex,4,6,2,1,0,3,0
four_vertex_2096,all_four_vertex,4,3,1,0,0,2,0
four_vertex_2097,all_four_vertex,4,4,1,0,0,3,0
four_vertex_2098,all_four_vertex,4,4,1,0,0,3,0
four_vertex_2099,all_four_vertex,4,5,1,0,0,4,0
four_vertex_2100,all_four_vertex,4,4,1,0,0,3,0
four_vertex_2101,all_four_vertex,4,5,1,0,0,4,0
four_vertex_2102,all_four_vertex,4,5,1,0,0,4,0
four_vertex_2103,all_four_vertex,4,6,1,0,0,5,0
four_vertex_2104,all_four_vertex,4,4,2,0,0,2,0
four_vertex_2105,all_four_vertex,4,5,2,1,0,2,0
four_vertex_2106,all_four_vertex,4,5,2,0,0,3,0
four_vertex_2107,all_four_vertex,4,6,2,1,0,3,0
four_vertex_2108,all_four_vertex,4,5,2,0,0,3,0
four_vertex_2109,all_four_vertex,4,6,2,1,0,3,0
four_vertex_2110,all_four_vertex,4,6,2,0,0,4,0
four_vertex_2111,all_four_vertex,4,7,2,1,0,4,0
four_vertex_2112,all_four_vertex,4,2,2,0,0,0,0
four_vertex_2113,all_four_vertex,4,3,2,0,0,1,0
four_vertex_2114,all_four_vertex,4,3,2,1,0,0,0
four_vertex_2115,all_four_vertex,4,4,2,1,0,1,0
four_vertex_2116,all_four_vertex,4,3,2,1,0,0,0
four_vertex_2117,all_four_vertex,4,4,2,1,0,1,0
four_vertex_2118,all_four_vertex,4,4,2,2,0,0,0
four_vertex_2119,all_four_vertex,4,5,2,2,0,1,0
four_vertex_2120,all_four_vertex,4,3,3,0,0,0,0
four_vertex_2121,all_four_vertex,4,4,3,1,0,0,0
four_vertex_2122,all_four_vertex,4,4,3,1,0,0,0
four_vertex_2123,all_four_vertex,4,5,3,2,0,0,0
four_vertex_2124,all_four_vertex,4,4,3,1,0,0,0
four_vertex_2125,all_four_vertex,4,5,3,2,0,0,0
four_vertex_2126,all_four_vertex,4,5,3,2,0,0,0
four_vertex_2127,all_four_vertex,4,6,3,3,0,0,0
four_vertex_2128,all_four_vertex,4,3,2,0,0,1,0
four_vertex_2129,all_four_vertex,4,4,2,0,2,0,0
four_vertex_2130,all_four_vertex,4,4,2,1,0,1,0
four_vertex_2131,all_four_vertex,4,5,2,1,2,0,0
four_vertex_2132,all_four_vertex,4,4,2,1,0,1,0
four_vertex_2133,all_four_vertex,4,5,2,1,2,0,0
four_vertex_2134,all_four_vertex,4,5,2,2,0,1,0
four_vertex_2135,all_four_vertex,4,6,2,2,2,0,0
four_vertex_2136,all_four_vertex,4,4,3,0,0,1,0
four_vertex_2137,all_four_vertex,4,5,3,1,1,0,0
four_vertex_2138,all_four_vertex,4,5,3,1,0,1,0
four_vertex_2139,all_four_vertex,4,6,3,2,1,0,0
four_vertex_2140,all_four_vertex,4,5,3,1,0,1,0
four_vertex_2141,all_four_vertex,4,6,3,2,1,0,0
four_vertex_2142,all_four_vertex,4,6,3,2,0,1,0
four_vertex_2143,all_four_vertex,4,7,3,3,1,0,0
four_vertex_2144,all_four_vertex,4,3,2,0,0,1,0
four_vertex_2145,all_four_vertex,4,4,2,0,2,0,0
four_vertex_2146,all_four_vertex,4,4,2,1,0,1,0
four_vertex_2147,all_four_vertex,4,5,2,1,2,0,0
four_vertex_2148,all_four_vertex,4,4,2,1,0,1,0
four_vertex_2149,all_four_vertex,4,5,2,1,2,0,0
four_vertex_2150,all_four_vertex,4,5,2,2,0,1,0
four_vertex_2151,all_four_vertex,4,6,2,2,2,0,0
four_vertex_2152,all_four_vertex,4,4,3,0,0,1,0
four_vertex_2153,all_four_vertex,4,5,3,1,1,0,0
four_vertex_2154,all_four_vertex,4,5,3,1,0,1,0
four_vertex_2155,all_four_vertex,4,6,3,2,1,0,0
four_vertex_2156,all_four_vertex,4,5,3,1,0,1,0
four_vertex_2157,all_four_vertex,4,6,3,2,1,0,0
four_vertex_2158,all_four_vertex,4,6,3,2,0,1,0
four_vertex_2159,all_four_vertex,4,7,3,3,1,0,0
four_vertex_2160,all_four_vertex,4,4,2,0,0,2,0
four_vertex_2161,all_four_vertex,4,5,2,0,3,0,0
four_vertex_2162,all_four_vertex,4,5,2,1,0,2,0
four_vertex_2163,all_four_vertex,4,6,2,1,3,0,0
four_vertex_2164,all_four_vertex,4,5,2,1,0,2,0
four_vertex_2165,all_four_vertex,4,6,2,1,3,0,0
four_vertex_2166,all_four_vertex,4,6,2,2,0,2,0
four_vertex_2167,all_four_vertex,4,7,2,2,3,0,0
four_vertex_2168,all_four_vertex,4,5,3,0,0,2,0
four_vertex_2169,all_four_vertex,4,6,3,1,2,0,0
four_vertex_2170,all_four_vertex,4,6,3,1,0,2,0
four_vertex_2171,all_four_vertex,4,7,3,2,2,0,0
four_vertex_2172,all_four_vertex,4,6,3,1,0,2,0
four_vertex_2173,all_four_vertex,4,7,3,2,2,0,0
four_vertex_2174,all_four_vertex,4,7,3,2,0,2,0
four_vertex_2175,all_four_vertex,4,8,3,3,2,0,0
four_vertex_2176,all_four_vertex,4,2,2,0,0,0,0
four_vertex_2177,all_four_vertex,4,3,2,0,0,1,0
four_vertex_2178,all_four_vertex,4,3,2,0,0,1,0
four_vertex_2179,all_four_vertex,4,4,2,0,0,2,0
four_vertex_2180,all_four_vertex,4,3,2,0,0,1,0
four_vertex_2181,all_four_vertex,4,4,2,0,0,2,0
four_vertex_2182,all_four_vertex,4,4,2,0,0,2,0
four_vertex_2183,all_four_vertex,4,5,2,0,0,3,0
four_vertex_2184,all_four_vertex,4,3,3,0,0,0,0
four_vertex_2185,all_four_vertex,4,4,3,1,0,0,0
four_vertex_2186,all_four_vertex,4,4,3,1,0,0,0
four_vertex_2187,all_four_vertex,4,5,3,2,0,0,0
four_vertex_2188,all_four_vertex,4,4,3,1,0,0,0
four_vertex_2189,all_four_vertex,4,5,3,2,0,0,0
four_vertex_2190,all_four_vertex,4,5,3,2,0,0,0
four_vertex_2191,all_four_vertex,4,6,3,3,0,0,0
four_vertex_2192,all_four_vertex,4,3,2,1,0,0,0
four_vertex_2193,all_four_vertex,4,4,2,1,0,1,0
four_vertex_2194,all_four_vertex,4,4,2,1,0,1,0
four_vertex_2195,all_four_vertex,4,5,2,1,0,2,0
four_vertex_2196,all_four_vertex,4,4,2,1,0,1,0
four_vertex_2197,all_four_vertex,4,5,2,1,0,2,0
four_vertex_2198,all_four_vertex,4,5,2,1,0,2,0
four_vertex_2199,all_four_vertex,4,6,2,1,0,3,0
four_vertex_2200,all_four_vertex,4,4,3,1,0,0,0
four_vertex_2201,all_four_vertex,4,5,3,2,0,0,0
four_vertex_2202,all_four_vertex,4,5,3,2,0,0,0
four_vertex_2203,all_four_vertex,4,6,3,3,0,0,0
four_vertex_2204,all_four_vertex,4,5,3,2,0,0,0
four_vertex_2205,all_four_vertex,4,6,3,3,0,0,0
four_vertex_2206,all_four_vertex,4,6,3,3,0,0,0
four_vertex_2207,all_four_vertex,4,7,3,4,0,0,0
four_vertex_2208,all_four_vertex,4,3,2,1,0,0,0
four_vertex_2209,all_four_vertex,4,4,2,1,0,1,0
four_vertex_2210,all_four_vertex,4,4,2,1,0,1,0
four_vertex_2211,all_four_vertex,4,5,2,1,0,2,0
four_vertex_2212,all_four_vertex,4,4,2,1,0,1,0
four_vertex_2213,all_four_vertex,4,5,2,1,0,2,0
four_vertex_2214,all_four_vertex,4,5,2,1,0,2,0
four_vertex_2215,all_four_vertex,4,6,2,1,0,3,0
four_vertex_2216,all_four_vertex,4,4,3,1,0,0,0
four_vertex_2217,all_four_vertex,4,5,3,2,0,0,0
four_vertex_2218,all_four_vertex,4,5,3,2,0,0,0
four_vertex_2219,all_four_vertex,4,6,3,3,0,0,0
four_vertex_2220,all_four_vertex,4,5,3,2,0,0,0
four_vertex_2221,all_four_vertex,4,6,3,3,0,0,0
four_vertex_2222,all_four_vertex,4,6,3,3,0,0,0
four_vertex_2223,all_four_vertex,4,7,3,4,0,0,0
four_vertex_2224,all_four_vertex,4,4,2,2,0,0,0
four_vertex_2225,all_four_vertex,4,5,2,2,0,1,0
four_vertex_2226,all_four_vertex,4,5,2,2,0,1,0
four_vertex_2227,all_four_vertex,4,6,2,2,0,2,0
four_vertex_2228,all_four_vertex,4,5,2,2,0,1,0
four_vertex_2229,all_four_vertex,4,6,2,2,0,2,0
four_vertex_2230,all_four_vertex,4,6,2,2,0,2,0
four_vertex_2231,all_four_vertex,4,7,2,2,0,3,0
four_vertex_2232,all_four_vertex,4,5,3,2,0,0,0
four_vertex_2233,all_four_vertex,4,6,3,3,0,0,0
four_vertex_2234,all_four_vertex,4,6,3,3,0,0,0
four_vertex_2235,all_four_vertex,4,7,3,4,0,0,0
four_vertex_2236,all_four_vertex,4,6,3,3,0,0,0
four_vertex_2237,all_four_vertex,4,7,3,4,0,0,0
four_vertex_2238,all_four_vertex,4,7,3,4,0,0,0
four_vertex_2239,all_four_vertex,4,8,3,5,0,0,0
four_vertex_2240,all_four_vertex,4,3,3,0,0,0,0
four_vertex_2241,all_four_vertex,4,4,3,0,0,1,0
four_vertex_2242,all_four_vertex,4,4,3,1,0,0,0
four_vertex_2243,all_four_vertex,4,5,3,1,0,1,0
four_vertex_2244,all_four_vertex,4,4,3,1,0,0,0
four_vertex_2245,all_four_vertex,4,5,3,1,0,1,0
four_vertex_2246,all_four_vertex,4,5,3,2,0,0,0
four_vertex_2247,all_four_vertex,4,6,3,2,0,1,0
four_vertex_2248,all_four_vertex,4,4,4,0,0,0,0
four_vertex_2249,all_four_vertex,4,5,4,1,0,0,0
four_vertex_2250,all_four_vertex,4,5,4,1,0,0,0
four_vertex_2251,all_four_vertex,4,6,4,2,0,0,0
four_vertex_2252,all_four_vertex,4,5,4,1,0,0,0
four_vertex_2253,all_four_vertex,4,6,4,2,0,0,0
four_vertex_2254,all_four_vertex,4,6,4,2,0,0,0
four_vertex_2255,all_four_vertex,4,7,4,3,0,0,0
four_vertex_2256,all_four_vertex,4,4,3,1,0,0,0
four_vertex_2257,all_four_vertex,4,5,3,1,1,0,0
four_vertex_2258,all_four_vertex,4,5,3,2,0,0,0
four_vertex_2259,all_four_vertex,4,6,3,2,1,0,0
four_vertex_2260,all_four_vertex,4,5,3,2,0,0,0
four_vertex_2261,all_four_vertex,4,6,3,2,1,0,0
four_vertex_2262,all_four_vertex,4,6,3,3,0,0,0
four_vertex_2263,all_four_vertex,4,7,3,3,1,0,0
four_vertex_2264,all_four_vertex,4,5,4,1,0,0,0
four_vertex_2265,all_four_vertex,4,6,4,2,0,0,0
four_vertex_2266,all_four_vertex,4,6,4,2,0,0,0
four_vertex_2267,all_four_vertex,4,7,4,3,0,0,0
four_vertex_2268,all_four_vertex,4,6,4,2,0,0,0
four_vertex_2269,all_four_vertex,4,7,4,3,0,0,0
four_vertex_2270,all_four_vertex,4,7,4,3,0,0,0
four_vertex_2271,all_four_vertex,4,8,4,4,0,0,0
four_vertex_2272,all_four_vertex,4,4,3,1,0,0,0
four_vertex_2273,all_four_vertex,4,5,3,1,1,0,0
four_vertex_2274,all_four_vertex,4,5,3,2,0,0,0
four_vertex_2275,all_four_vertex,4,6,3,2,1,0,0
four_vertex_2276,all_four_vertex,4,5,3,2,0,0,0
four_vertex_2277,all_four_vertex,4,6,3,2,1,0,0
four_vertex_2278,all_four_vertex,4,6,3,3,0,0,0
four_vertex_2279,all_four_vertex,4,7,3,3,1,0,0
four_vertex_2280,all_four_vertex,4,5,4,1,0,0,0
four_vertex_2281,all_four_vertex,4,6,4,2,0,0,0
four_vertex_2282,all_four_vertex,4,6,4,2,0,0,0
four_vertex_2283,all_four_vertex,4,7,4,3,0,0,0
four_vertex_2284,all_four_vertex,4,6,4,2,0,0,0
four_vertex_2285,all_four_vertex,4,7,4,3,0,0,0
four_vertex_2286,all_four_vertex,4,7,4,3,0,0,0
four_vertex_2287,all_four_vertex,4,8,4,4,0,0,0
four_vertex_2288,all_four_vertex,4,5,3,2,0,0,0
four_vertex_2289,all_four_vertex,4,6,3,2,1,0,0
four_vertex_2290,all_four_vertex,4,6,3,3,0,0,0
four_vertex_2291,all_four_vertex,4,7,3,3,1,0,0
four_vertex_2292,all_four_vertex,4,6,3,3,0,0,0
four_vertex_2293,all_four_vertex,4,7,3,3,1,0,0
four_vertex_2294,all_four_vertex,4,7,3,4,0,0,0
four_vertex_2295,all_four_vertex,4,8,3,4,1,0,0
four_vertex_2296,all_four_vertex,4,6,4,2,0,0,0
four_vertex_2297,all_four_vertex,4,7,4,3,0,0,0
four_vertex_2298,all_four_vertex,4,7,4,3,0,0,0
four_vertex_2299,all_four_vertex,4,8,4,4,0,0,0
four_vertex_2300,all_four_vertex,4,7,4,3,0,0,0
four_vertex_2301,all_four_vertex,4,8,4,4,0,0,0
four_vertex_2302,all_four_vertex,4,8,4,4,0,0,0
four_vertex_2303,all_four_vertex,4,9,4,5,0,0,0
four_vertex_2304,all_four_vertex,4,2,1,1,0,0,0
four_vertex_2305,all_four_vertex,4,3,1,1,0,1,0
four_vertex_2306,all_four_vertex,4,3,1,1,0,1,0
four_vertex_2307,all_four_vertex,4,4,1,1,0,2,0
four_vertex_2308,all_four_vertex,4,3,1,1,0,1,0
four_vertex_2309,all_four_vertex,4,4,1,1,0,2,0
four_vertex_2310,all_four_vertex,4,4,1,1,0,2,0
four_vertex_2311,all_four_vertex,4,5,1,1,0,3,0
four_vertex_2312,all_four_vertex,4,3,2,1,0,0,0
four_vertex_2313,all_four_vertex,4,4,2,2,0,0,0
four_vertex_2314,all_four_vertex,4,4,2,1,0,1,0
four_vertex_2315,all_four_vertex,4,5,2,2,0,1,0
four_vertex_2316,all_four_vertex,4,4,2,1,0,1,0
four_vertex_2317,all_four_vertex,4,5,2,2,0,1,0
four_vertex_2318,all_four_vertex,4,5,2,1,0,2,0
four_vertex_2319,all_four_vertex,4,6,2,2,0,2,0
four_vertex_2320,all_four_vertex,4,3,1,1,0,1,0
four_vertex_2321,all_four_vertex,4,4,1,1,0,2,0
four_vertex_2322,all_four_vertex,4,4,1,1,0,2,0
four_vertex_2323,all_four_vertex,4,5,1,1,0,3,0
four_vertex_2324,all_four_vertex,4,4,1,1,0,2,0
four_vertex_2325,all_four_vertex,4,5,1,1,0,3,0
four_vertex_2326,all_four_vertex,4,5,1,1,0,3,0
four_vertex_2327,all_four_vertex,4,6,1,1,0,4,0
four_vertex_2328,all_four_vertex,4,4,2,1,0,1,0
four_vertex_2329,all_four_vertex,4,5,2,2,0,1,0
four_vertex_2330,all_four_vertex,4,5,2,1,0,2,0
four_vertex_2331,all_four_vertex,4,6,2,2,0,2,0
four_vertex_2332,all_four_vertex,4,5,2,1,0,2,0
four_vertex_2333,all_four_vertex,4,6,2,2,0,2,0
four_vertex_2334,all_four_vertex,4,6,2,1,0,3,0
four_vertex_2335,all_four_vertex,4,7,2,2,0,3,0
four_vertex_2336,all_four_vertex,4,3,1,1,0,1,0
four_vertex_2337,all_four_vertex,4,4,1,1,0,2,0
four_vertex_2338,all_four_vertex,4,4,1,1,0,2,0
four_vertex_2339,all_four_vertex,4,5,1,1,0,3,0
four_vertex_2340,all_four_vertex,4,4,1,1,0,2,0
four_vertex_2341,all_four_vertex,4,5,1,1,0,3,0
four_vertex_2342,all_four_vertex,4,5,1,1,0,3,0
four_vertex_2343,all_four_vertex,4,6,1,1,0,4,0
four_vertex_2344,all_four_vertex,4,4,2,1,0,1,0
four_vertex_2345,all_four_vertex,4,5,2,2,0,1,0
four_vertex_2346,all_four_vertex,4,5,2,1,0,2,0
four_vertex_2347,all_four_vertex,4,6,2,2,0,2,0
four_vertex_2348,all_four_vertex,4,5,2,1,0,2,0
four_vertex_2349,all_four_vertex,4,6,2,2,0,2,0
four_vertex_2350,all_four_vertex,4,6,2,1,0,3,0
four_vertex_2351,all_four_vertex,4,7,2,2,0,3,0
four_vertex_2352,all_four_vertex,4,4,1,1,0,2,0
four_vertex_2353,all_four_vertex,4,5,1,1,0,3,0
four_vertex_2354,all_four_vertex,4,5,1,1,0,3,0
four_vertex_2355,all_four_vertex,4,6,1,1,0,4,0
four_vertex_2356,all_four_vertex,4,5,1,1,0,3,0
four_vertex_2357,all_four_vertex,4,6,1,1,0,4,0
four_vertex_2358,all_four_vertex,4,6,1,1,0,4,0
four_vertex_2359,all_four_vertex,4,7,1,1,0,5,0
four_vertex_2360,all_four_vertex,4,5,2,1,0,2,0
four_vertex_2361,all_four_vertex,4,6,2,2,0,2,0
four_vertex_2362,all_four_vertex,4,6,2,1,0,3,0
four_vertex_2363,all_four_vertex,4,7,2,2,0,3,0
four_vertex_2364,all_four_vertex,4,6,2,1,0,3,0
four_vertex_2365,all_four_vertex,4,7,2,2,0,3,0
four_vertex_2366,all_four_vertex,4,7,2,1,0,4,0
four_vertex_2367,all_four_vertex,4,8,2,2,0,4,0
four_vertex_2368,all_four_vertex,4,3,2,1,0,0,0
four_vertex_2369,all_four_vertex,4,4,2,1,0,1,0
four_vertex_2370,all_four_vertex,4,4,2,2,0,0,0
four_vertex_2371,all_four_vertex,4,5,2,2,0,1,0
four_vertex_2372,all_four_vertex,4,4,2,2,0,0,0
four_vertex_2373,all_four_vertex,4,5,2,2,0,1,0
four_vertex_2374,all_four_vertex,4,5,2,3,0,0,0
four_vertex_2375,all_four_vertex,4,6,2,3,0,1,0
four_vertex_2376,all_four_vertex,4,4,3,1,0,0,0
four_vertex_2377,all_four_vertex,4,5,3,2,0,0,0
four_vertex_2378,all_four_vertex,4,5,3,2,0,0,0
four_vertex_2379,all_four_vertex,4,6,3,3,0,0,0
four_vertex_2380,all_four_vertex,4,5,3,2,0,0,0
four_vertex_2381,all_four_vertex,4,6,3,3,0,0,0
four_vertex_2382,all_four_vertex,4,6,3,3,0,0,0
four_vertex_2383,all_four_vertex,4,7,3,4,0,0,0
four_vertex_2384,all_four_vertex,4,4,2,1,0,1,0
four_vertex_2385,all_four_vertex,4,5,2,1,2,0,0
four_vertex_2386,all_four_vertex,4,5,2,2,0,1,0
four_vertex_2387,all_four_vertex,4,6,2,2,2,0,0
four_vertex_2388,all_four_vertex,4,5,2,2,0,1,0
four_vertex_2389,all_four_vertex,4,6,2,2,2,0,0
four_vertex_2390,all_four_vertex,4,6,2,3,0,1,0
four_vertex_2391,all_four_vertex,4,7,2,3,2,0,0
four_vertex_2392,all_four_vertex,4,5,3,1,0,1,0
four_vertex_2393,all_four_vertex,4,6,3,2,1,0,0
four_vertex_2394,all_four_vertex,4,6,3,2,0,1,0
four_vertex_2395,all_four_vertex,4,7,3,3,1,0,0
four_vertex_2396,all_four_vertex,4,6,3,2,0,1,0
four_vertex_2397,all_four_vertex,4,7,3,3,1,0,0
four_vertex_2398,all_four_vertex,4,7,3,3,0,1,0
four_vertex_2399,all_four_vertex,4,8,3,4,1,0,0
four_vertex_2400,all_four_vertex,4,4,2,1,0,1,0
four_vertex_2401,all_four_vertex,4,5,2,1,2,0,0
four_vertex_2402,all_four_vertex,4,5,2,2,0,1,0
four_vertex_2403,all_four_vertex,4,6,2,2,2,0,0
four_vertex_2404,all_four_vertex,4,5,2,2,0,1,0
four_vertex_2405,all_four_vertex,4,6,2,2,2,0,0
four_vertex_2406,all_four_vertex,4,6,2,3,0,1,0
four_vertex_2407,all_four_vertex,4,7,2,3,2,0,0
four_vertex_2408,all_four_vertex,4,5,3,1,0,1,0
four_vertex_2409,all_four_vertex,4,6,3,2,1,0,0
four_vertex_2410,all_four_vertex,4,6,3,2,0,1,0
four_vertex_2411,all_four_vertex,4,7,3,3,1,0,0
four_vertex_2412,all_four_vertex,4,6,3,2,0,1,0
four_vertex_2413,all_four_vertex,4,7,3,3,1,0,0
four_vertex_2414,all_four_vertex,4,7,3,3,0,1,0
four_vertex_2415,all_four_vertex,4,8,3,4,1,0,0
four_vertex_2416,all_four_vertex,4,5,2,1,0,2,0
four_vertex_2417,all_four_vertex,4,6,2,1,3,0,0
four_vertex_2418,all_four_vertex,4,6,2,2,0,2,0
four_vertex_2419,all_four_vertex,4,7,2,2,3,0,0
four_vertex_2420,all_four_vertex,4,6,2,2,0,2,0
four_vertex_2421,all_four_vertex,4,7,2,2,3,0,0
four_vertex_2422,all_four_vertex,4,7,2,3,0,2,0
four_vertex_2423,all_four_vertex,4,8,2,3,3,0,0
four_vertex_2424,all_four_vertex,4,6,3,1,0,2,0
four_vertex_2425,all_four_vertex,4,7,3,2,2,0,0
four_vertex_2426,all_four_vertex,4,7,3,2,0,2,0
four_vertex_2427,all_four_vertex,4,8,3,3,2,0,0
four_vertex_2428,all_four_vertex,4,7,3,2,0,2,0
four_vertex_2429,all_four_vertex,4,8,3,3,2,0,0
four_vertex_2430,all_four_vertex,4,8,3,3,0,2,0
four_vertex_2431,all_four_vertex,4,9,3,4,2,0,0
four_vertex_2432,all_four_vertex,4,3,2,1,0,0,0
four_vertex_2433,all_four_vertex,4,4,2,1,0,1,0
four_vertex_2434,all_four_vertex,4,4,2,1,0,1,0
four_vertex_2435,all_four_vertex,4,5,2,1,0,2,0
four_vertex_2436,all_four_vertex,4,4,2,1,0,1,0
four_vertex_2437,all_four_vertex,4,5,2,1,0,2,0
four_vertex_2438,all_four_vertex,4,5,2,1,0,2,0
four_vertex_2439,all_four_vertex,4,6,2,1,0,3,0
four_vertex_2440,all_four_vertex,4,4,3,1,0,0,0
four_vertex_2441,all_four_vertex,4,5,3,2,0,0,0
four_vertex_2442,all_four_vertex,4,5,3,2,0,0,0
four_vertex_2443,all_four_vertex,4,6,3,3,0,0,0
four_vertex_2444,all_four_vertex,4,5,3,2,0,0,0
four_vertex_2445,all_four_vertex,4,6,3,3,0,0,0
four_vertex_2446,all_four_vertex,4,6,3,3,0,0,0
four_vertex_2447,all_four_vertex,4,7,3,4,0,0,0
four_vertex_2448,all_four_vertex,4,4,2,2,0,0,0
four_vertex_2449,all_four_vertex,4,5,2,2,0,1,0
four_vertex_2450,all_four_vertex,4,5,2,2,0,1,0
four_vertex_2451,all_four_vertex,4,6,2,2,0,2,0
four_vertex_2452,all_four_vertex,4,5,2,2,0,1,0
four_vertex_2453,all_four_vertex,4,6,2,2,0,2,0
four_vertex_2454,all_four_vertex,4,6,2,2,0,2,0
four_vertex_2455,all_four_vertex,4,7,2,2,0,3,0
four_vertex_2456,all_four_vertex,4,5,3,2,0,0,0
four_vertex_2457,all_four_vertex,4,6,3,3,0,0,0
four_vertex_2458,all_four_vertex,4,6,3,3,0,0,0
four_vertex_2459,all_four_vertex,4,7,3,4,0,0,0
four_vertex_2460,all_four_vertex,4,6,3,3,0,0,0
four_vertex_2461,all_four_vertex,4,7,3,4,0,0,0
four_vertex_2462,all_four_vertex,4,7,3,4,0,0,0
four_vertex_2463,all_four_vertex,4,8,3,5,0,0,0
four_vertex_2464,all_four_vertex,4,4,2,2,0,0,0
four_vertex_2465,all_four_vertex,4,5,2,2,0,1,0
four_vertex_2466,all_four_vertex,4,5,2,2,0,1,0
four_vertex_2467,all_four_vertex,4,6,2,2,0,2,0
four_vertex_2468,all_four_vertex,4,5,2,2,0,1,0
four_vertex_2469,all_four_vertex,4,6,2,2,0,2,0
four_vertex_2470,all_four_vertex,4,6,2,2,0,2,0
four_vertex_2471,all_four_vertex,4,7,2,2,0,3,0
four_vertex_2472,all_four_vertex,4,5,3,2,0,0,0
four_vertex_2473,all_four_vertex,4,6,3,3,0,0,0
four_vertex_2474,all_four_vertex,4,6,3,3,0,0,0
four_vertex_2475,all_four_vertex,4,7,3,4,0,0,0
four_vertex_2476,all_four_vertex,4,6,3,3,0,0,0
four_vertex_2477,all_four_vertex,4,7,3,4,0,0,0
four_vertex_2478,all_four_vertex,4,7,3,4,0,0,0
four_vertex_2479,all_four_vertex,4,8,3,5,0,0,0
four_vertex_2480,all_four_vertex,4,5,2,3,0,0,0
four_vertex_2481,all_four_vertex,4,6,2,3,0,1,0
four_vertex_2482,all_four_vertex,4,6,2,3,0,1,0
four_vertex_2483,all_four_vertex,4,7,2,3,0,2,0
four_vertex_2484,all_four_vertex,4,6,2,3,0,1,0
four_vertex_2485,all_four_vertex,4,7,2,3,0,2,0
four_vertex_2486,all_four_vertex,4,7,2,3,0,2,0
four_vertex_2487,all_four_vertex,4,8,2,3,0,3,0
four_vertex_2488,all_four_vertex,4,6,3,3,0,0,0
four_vertex_2489,all_four_vertex,4,7,3,4,0,0,0
four_vertex_2490,all_four_vertex,4,7,3,4,0,0,0
four_vertex_2491,all_four_vertex,4,8,3,5,0,0,0
four_vertex_2492,all_four_vertex,4,7,3,4,0,0,0
four_vertex_2493,all_four_vertex,4,8,3,5,0,0,0
four_vertex_2494,all_four_vertex,4,8,3,5,0,0,0
four_vertex_2495,all_four_vertex,4,9,3,6,0,0,0
four_vertex_2496,all_four_vertex,4,4,3,1,0,0,0
four_vertex_2497,all_four_vertex,4,5,3,1,0,1,0
four_vertex_2498,all_four_vertex,4,5,3,2,0,0,0
four_vertex_2499,all_four_vertex,4,6,3,2,0,1,0
four_vertex_2500,all_four_vertex,4,5,3,2,0,0,0
four_vertex_2501,all_four_vertex,4,6,3,2,0,1,0
four_vertex_2502,all_four_vertex,4,6,3,3,0,0,0
four_vertex_2503,all_four_vertex,4,7,3,3,0,1,0
four_vertex_2504,all_four_vertex,4,5,4,1,0,0,0
four_vertex_2505,all_four_vertex,4,6,4,2,0,0,0
four_vertex_2506,all_four_vertex,4,6,4,2,0,0,0
four_vertex_2507,all_four_vertex,4,7,4,3,0,0,0
four_vertex_2508,all_four_vertex,4,6,4,2,0,0,0
four_vertex_2509,all_four_vertex,4,7,4,3,0,0,0
four_vertex_2510,all_four_vertex,4,7,4,3,0,0,0
four_vertex_2511,all_four_vertex,4,8,4,4,0,0,0
four_vertex_2512,all_four_vertex,4,5,3,2,0,0,0
four_vertex_2513,all_four_vertex,4,6,3,2,1,0,0
four_vertex_2514,all_four_vertex,4,6,3,3,0,0,0
four_vertex_2515,all_four_vertex,4,7,3,3,1,0,0
four_vertex_2516,all_four_vertex,4,6,3,3,0,0,0
four_vertex_2517,all_four_vertex,4,7,3,3,1,0,0
four_vertex_2518,all_four_vertex,4,7,3,4,0,0,0
four_vertex_2519,all_four_vertex,4,8,3,4,1,0,0
four_vertex_2520,all_four_vertex,4,6,4,2,0,0,0
four_vertex_2521,all_four_vertex,4,7,4,3,0,0,0
four_vertex_2522,all_four_vertex,4,7,4,3,0,0,0
four_vertex_2523,all_four_vertex,4,8,4,4,0,0,0
four_vertex_2524,all_four_vertex,4,7,4,3,0,0,0
four_vertex_2525,all_four_vertex,4,8,4,4,0,0,0
four_vertex_2526,all_four_vertex,4,8,4,4,0,0,0
four_vertex_2527,all_four_vertex,4,9,4,5,0,0,0
four_vertex_2528,all_four_vertex,4,5,3,2,0,0,0
four_vertex_2529,all_four_vertex,4,6,3,2,1,0,0
four_vertex_2530,all_four_vertex,4,6,3,3,0,0,0
four_vertex_2531,all_four_vertex,4,7,3,3,1,0,0
four_vertex_2532,all_four_vertex,4,6,3,3,0,0,0
four_vertex_2533,all_four_vertex,4,7,3,3,1,0,0
four_vertex_2534,all_four_vertex,4,7,3,4,0,0,0
four_vertex_2535,all_four_vertex,4,8,3,4,1,0,0
four_vertex_2536,all_four_vertex,4,6,4,2,0,0,0
four_vertex_2537,all_four_vertex,4,7,4,3,0,0,0
four_vertex_2538,all_four_vertex,4,7,4,3,0,0,0
four_vertex_2539,all_four_vertex,4,8,4,4,0,0,0
four_vertex_2540,all_four_vertex,4,7,4,3,0,0,0
four_vertex_2541,all_four_vertex,4,8,4,4,0,0,0
four_vertex_2542,all_four_vertex,4,8,4,4,0,0,0
four_vertex_2543,all_four_vertex,4,9,4,5,0,0,0
four_vertex_2544,all_four_vertex,4,6,3,3,0,0,0
four_vertex_2545,all_four_vertex,4,7,3,3,1,0,0
four_vertex_2546,all_four_vertex,4,7,3,4,0,0,0
four_vertex_2547,all_four_vertex,4,8,3,4,1,0,0
four_vertex_2548,all_four_vertex,4,7,3,4,0,0,0
four_vertex_2549,all_four_vertex,4,8,3,4,1,0,0
four_vertex_2550,all_four_vertex,4,8,3,5,0,0,0
four_vertex_2551,all_four_vertex,4,9,3,5,1,0,0
four_vertex_2552,all_four_vertex,4,7,4,3,0,0,0
four_vertex_2553,all_four_vertex,4,8,4,4,0,0,0
four_vertex_2554,all_four_vertex,4,8,4,4,0,0,0
four_vertex_2555,all_four_vertex,4,9,4,5,0,0,0
four_vertex_2556,all_four_vertex,4,8,4,4,0,0,0
four_vertex_2557,all_four_vertex,4,9,4,5,0,0,0
four_vertex_2558,all_four_vertex,4,9,4,5,0,0,0
four_vertex_2559,all_four_vertex,4,10,4,6,0,0,0
four_vertex_2560,all_four_vertex,4,2,2,0,0,0,0
four_vertex_2561,all_four_vertex,4,3,2,0,0,1,0
four_vertex_2562,all_four_vertex,4,3,2,0,0,1,0
four_vertex_2563,all_four_vertex,4,4,2,0,0,2,0
four_vertex_2564,all_four_vertex,4,3,2,1,0,0,0
four_vertex_2565,all_four_vertex,4,4,2,1,0,1,0
four_vertex_2566,all_four_vertex,4,4,2,1,0,1,0
four_vertex_2567,all_four_vertex,4,5,2,1,0,2,0
four_vertex_2568,all_four_vertex,4,3,3,0,0,0,0
four_vertex_2569,all_four_vertex,4,4,3,1,0,0,0
four_vertex_2570,all_four_vertex,4,4,3,0,0,1,0
four_vertex_2571,all_four_vertex,4,5,3,1,0,1,0
four_vertex_2572,all_four_vertex,4,4,3,1,0,0,0
four_vertex_2573,all_four_vertex,4,5,3,2,0,0,0
four_vertex_2574,all_four_vertex,4,5,3,1,0,1,0
four_vertex_2575,all_four_vertex,4,6,3,2,0,1,0
four_vertex_2576,all_four_vertex,4,3,2,0,0,1,0
four_vertex_2577,all_four_vertex,4,4,2,0,0,2,0
four_vertex_2578,all_four_vertex,4,4,2,0,0,2,0
four_vertex_2579,all_four_vertex,4,5,2,0,0,3,0
four_vertex_2580,all_four_vertex,4,4,2,1,0,1,0
four_vertex_2581,all_four_vertex,4,5,2,1,0,2,0
four_vertex_2582,all_four_vertex,4,5,2,1,0,2,0
four_vertex_2583,all_four_vertex,4,6,2,1,0,3,0
four_vertex_2584,all_four_vertex,4,4,3,0,0,1,0
four_vertex_2585,all_four_vertex,4,5,3,1,0,1,0
four_vertex_2586,all_four_vertex,4,5,3,0,0,2,0
four_vertex_2587,all_four_vertex,4,6,3,1,0,2,0
four_vertex_2588,all_four_vertex,4,5,3,1,0,1,0
four_vertex_2589,all_four_vertex,4,6,3,2,0,1,0
four_vertex_2590,all_four_vertex,4,6,3,1,0,2,0
four_vertex_2591,all_four_vertex,4,7,3,2,0,2,0
four_vertex_2592,all_four_vertex,4,3,2,0,0,1,0
four_vertex_2593,all_four_vertex,4,4,2,0,2,0,0
four_vertex_2594,all_four_vertex,4,4,2,0,0,2,0
four_vertex_2595,all_four_vertex,4,5,2,0,2,1,0
four_vertex_2596,all_four_vertex,4,4,2,1,0,1,0
four_vertex_2597,all_four_vertex,4,5,2,1,2,0,0
four_vertex_2598,all_four_vertex,4,5,2,1,0,2,0
four_vertex_2599,all_four_vertex,4,6,2,1,2,1,0
four_vertex_2600,all_four_vertex,4,4,3,0,0,1,0
four_vertex_2601,all_four_vertex,4,5,3,1,1,0,0
four_vertex_2602,all_four_vertex,4,5,3,0,0,2,0
four_vertex_2603,all_four_vertex,4,6,3,1,1,1,0
four_vertex_2604,all_four_vertex,4,5,3,1,0,1,0
four_vertex_2605,all_four_vertex,4,6,3,2,1,0,0
four_vertex_2606,all_four_vertex,4,6,3,1,0,2,0
four_vertex_2607,all_four_vertex,4,7,3,2,1,1,0
four_vertex_2608,all_four_vertex,4,4,2,0,0,2,0
four_vertex_2609,all_four_vertex,4,5,2,0,2,1,0
four_vertex_2610,all_four_vertex,4,5,2,0,0,3,0
four_vertex_2611,all_four_vertex,4,6,2,0,2,2,0
four_vertex_2612,all_four_vertex,4,5,2,1,0,2,0
four_vertex_2613,all_four_vertex,4,6,2,1,2,1,0
four_vertex_2614,all_four_vertex,4,6,2,1,0,3,0
four_vertex_2615,all_four_vertex,4,7,2,1,2,2,0
four_vertex_2616,all_four_vertex,4,5,3,0,0,2,0
four_vertex_2617,all_four_vertex,4,6,3,1,1,1,0
four_vertex_2618,all_four_vertex,4,6,3,0,0,3,0
four_vertex_2619,all_four_vertex,4,7,3,1,1,2,0
four_vertex_2620,all_four_vertex,4,6,3,1,0,2,0
four_vertex_2621,all_four_vertex,4,7,3,2,1,1,0
four_vertex_2622,all_four_vertex,4,7,3,1,0,3,0
four_vertex_2623,all_four_vertex,4,8,3,2,1,2,0
four_vertex_2624,all_four_vertex,4,3,3,0,0,0,0
four_vertex_2625,all_four_vertex,4,4,3,0,0,1,0
four_vertex_2626,all_four_vertex,4,4,3,1,0,0,0
four_vertex_2627,all_four_vertex,4,5,3,1,0,1,0
four_vertex_2628,all_four_vertex,4,4,3,1,0,0,0
four_vertex_2629,all_four_vertex,4,5,3,1,0,1,0
four_vertex_2630,all_four_vertex,4,5,3,2,0,0,0
four_vertex_2631,all_four_vertex,4,6,3,2,0,1,0
four_vertex_2632,all_four_vertex,4,4,4,0,0,0,0
four_vertex_2633,all_four_vertex,4,5,4,1,0,0,0
four_vertex_2634,all_four_vertex,4,5,4,1,0,0,0
four_vertex_2635,all_four_vertex,4,6,4,2,0,0,0
four_vertex_2636,all_four_vertex,4,5,4,1,0,0,0
four_vertex_2637,all_four_vertex,4,6,4,2,0,0,0
four_vertex_2638,all_four_vertex,4,6,4,2,0,0,0
four_vertex_2639,all_four_vertex,4,7,4,3,0,0,0
four_vertex_2640,all_four_vertex,4,4,3,0,0,1,0
four_vertex_2641,all_four_vertex,4,5,3,0,2,0,0
four_vertex_2642,all_four_vertex,4,5,3,1,0,1,0
four_vertex_2643,all_four_vertex,4,6,3,1,2,0,0
four_vertex_2644,all_four_vertex,4,5,3,1,0,1,0
four_vertex_2645,all_four_vertex,4,6,3,1,2,0,0
four_vertex_2646,all_four_vertex,4,6,3,2,0,1,0
four_vertex_2647,all_four_vertex,4,7,3,2,2,0,0
four_vertex_2648,all_four_vertex,4,5,4,0,0,1,0
four_vertex_2649,all_four_vertex,4,6,4,1,1,0,0
four_vertex_2650,all_four_vertex,4,6,4,1,0,1,0
four_vertex_2651,all_four_vertex,4,7,4,2,1,0,0
four_vertex_2652,all_four_vertex,4,6,4,1,0,1,0
four_vertex_2653,all_four_vertex,4,7,4,2,1,0,0
four_vertex_2654,all_four_vertex,4,7,4,2,0,1,0
four_vertex_2655,all_four_vertex,4,8,4,3,1,0,0
four_vertex_2656,all_four_vertex,4,4,3,0,0,1,0
four_vertex_2657,all_four_vertex,4,5,3,0,2,0,0
four_vertex_2658,all_four_vertex,4,5,3,1,0,1,0
four_vertex_2659,all_four_vertex,4,6,3,1,2,0,0
four_vertex_2660,all_four_vertex,4,5,3,1,0,1,0
four_vertex_2661,all_four_vertex,4,6,3,1,2,0,0
four_vertex_2662,all_four_vertex,4,6,3,2,0,1,0
four_vertex_2663,all_four_vertex,4,7,3,2,2,0,0
four_vertex_2664,all_four_vertex,4,5,4,0,0,1,0
four_vertex_2665,all_four_vertex,4,6,4,1,1,0,0
four_vertex_2666,all_four_vertex,4,6,4,1,0,1,0
four_vertex_2667,all_four_vertex,4,7,4,2,1,0,0
four_vertex_2668,all_four_vertex,4,6,4,1,0,1,0
four_vertex_2669,all_four_vertex,4,7,4,2,1,0,0
four_vertex_2670,all_four_vertex,4,7,4,2,0,1,0
four_vertex_2671,all_four_vertex,4,8,4,3,1,0,0
four_vertex_2672,all_four_vertex,4,5,3,0,0,2,0
four_vertex_2673,all_four_vertex,4,6,3,0,3,0,0
four_vertex_2674,all_four_vertex,4,6,3,1,0,2,0
four_vertex_2675,all_four_vertex,4,7,3,1,3,0,0
four_vertex_2676,all_four_vertex,4,6,3,1,0,2,0
four_vertex_2677,all_four_vertex,4,7,3,1,3,0,0
four_vertex_2678,all_four_vertex,4,7,3,2,0,2,0
four_vertex_2679,all_four_vertex,4,8,3,2,3,0,0
four_vertex_2680,all_four_vertex,4,6,4,0,0,2,0
four_vertex_2681,all_four_vertex,4,7,4,1,2,0,0
four_vertex_2682,all_four_vertex,4,7,4,1,0,2,0
four_vertex_2683,all_four_vertex,4,8,4,2,2,0,0
four_vertex_2684,all_four_vertex,4,7,4,1,0,2,0
four_vertex_2685,all_four_vertex,4,8,4,2,2,0,0
four_vertex_2686,all_four_vertex,4,8,4,2,0,2,0
four_vertex_2687,all_four_vertex,4,9,4,3,2,0,0
four_vertex_2688,all_four_vertex,4,3,3,0,0,0,0
four_vertex_2689,all_four_vertex,4,4,3,0,0,1,0
four_vertex_2690,all_four_vertex,4,4,3,0,0,1,0
four_vertex_2691,all_four_vertex,4,5,3,0,0,2,0
four_vertex_2692,all_four_vertex,4,4,3,1,0,0,0
four_vertex_2693,all_four_vertex,4,5,3,1,0,1,0
four_vertex_2694,all_four_vertex,4,5,3,1,0,1,0
four_vertex_2695,all_four_vertex,4,6,3,1,0,2,0
four_vertex_2696,all_four_vertex,4,4,4,0,0,0,0
four_vertex_2697,all_four_vertex,4,5,4,1,0,0,0
four_vertex_2698,all_four_vertex,4,5,4,1,0,0,0
four_vertex_2699,all_four_vertex,4,6,4,2,0,0,0
four_vertex_2700,all_four_vertex,4,5,4,1,0,0,0
four_vertex_2701,all_four_vertex,4,6,4,2,0,0,0
four_vertex_2702,all_four_vertex,4,6,4,2,0,0,0
four_vertex_2703,all_four_vertex,4,7,4,3,0,0,0
four_vertex_2704,all_four_vertex,4,4,3,1,0,0,0
four_vertex_2705,all_four_vertex,4,5,3,1,0,1,0
four_vertex_2706,all_four_vertex,4,5,3,1,0,1,0
four_vertex_2707,all_four_vertex,4,6,3,1,0,2,0
four_vertex_2708,all_four_vertex,4,5,3,2,0,0,0
four_vertex_2709,all_four_vertex,4,6,3,2,0,1,0
four_vertex_2710,all_four_vertex,4,6,3,2,0,1,0
four_vertex_2711,all_four_vertex,4,7,3,2,0,2,0
four_vertex_2712,all_four_vertex,4,5,4,1,0,0,0
four_vertex_2713,all_four_vertex,4,6,4,2,0,0,0
four_vertex_2714,all_four_vertex,4,6,4,2,0,0,0
four_vertex_2715,all_four_vertex,4,7,4,3,0,0,0
four_vertex_2716,all_four_vertex,4,6,4,2,0,0,0
four_vertex_2717,all_four_vertex,4,7,4,3,0,0,0
four_vertex_2718,all_four_vertex,4,7,4,3,0,0,0
four_vertex_2719,all_four_vertex,4,8,4,4,0,0,0
four_vertex_2720,all_four_vertex,4,4,3,1,0,0,0
four_vertex_2721,all_four_vertex,4,5,3,1,1,0,0
four_vertex_2722,all_four_vertex,4,5,3,1,1,0,0
four_vertex_2723,all_four_vertex,4,6,3,1,2,0,0
four_vertex_2724,all_four_vertex,4,5,3,2,0,0,0
four_vertex_2725,all_four_vertex,4,6,3,2,1,0,0
four_vertex_2726,all_four_vertex,4,6,3,2,1,0,0
four_vertex_2727,all_four_vertex,4,7,3,2,2,0,0
four_vertex_2728,all_four_vertex,4,5,4,1,0,0,0
four_vertex_2729,all_four_vertex,4,6,4,2,0,0,0
four_vertex_2730,all_four_vertex,4,6,4,2,0,0,0
four_vertex_2731,all_four_vertex,4,7,4,3,0,0,0
four_vertex_2732,all_four_vertex,4,6,4,2,0,0,0
four_vertex_2733,all_four_vertex,4,7,4,3,0,0,0
four_vertex_2734,all_four_vertex,4,7,4,3,0,0,0
four_vertex_2735,all_four_vertex,4,8,4,4,0,0,0
four_vertex_2736,all_four_vertex,4,5,3,2,0,0,0
four_vertex_2737,all_four_vertex,4,6,3,2,1,0,0
four_vertex_2738,all_four_vertex,4,6,3,2,1,0,0
four_vertex_2739,all_four_vertex,4,7,3,2,2,0,0
four_vertex_2740,all_four_vertex,4,6,3,3,0,0,0
four_vertex_2741,all_four_vertex,4,7,3,3,1,0,0
four_vertex_2742,all_four_vertex,4,7,3,3,1,0,0
four_vertex_2743,all_four_vertex,4,8,3,3,2,0,0
four_vertex_2744,all_four_vertex,4,6,4,2,0,0,0
four_vertex_2745,all_four_vertex,4,7,4,3,0,0,0
four_vertex_2746,all_four_vertex,4,7,4,3,0,0,0
four_vertex_2747,all_four_vertex,4,8,4,4,0,0,0
four_vertex_2748,all_four_vertex,4,7,4,3,0,0,0
four_vertex_2749,all_four_vertex,4,8,4,4,0,0,0
four_vertex_2750,all_four_vertex,4,8,4,4,0,0,0
four_vertex_2751,all_four_vertex,4,9,4,5,0,0,0
four_vertex_2752,all_four_vertex,4,4,4,0,0,0,0
four_vertex_2753,all_four_vertex,4,5,4,0,0,1,0
four_vertex_2754,all_four_vertex,4,5,4,1,0,0,0
four_vertex_2755,all_four_vertex,4,6,4,1,0,1,0
four_vertex_2756,all_four_vertex,4,5,4,1,0,0,0
four_vertex_2757,all_four_vertex,4,6,4,1,0,1,0
four_vertex_2758,all_four_vertex,4,6,4,2,0,0,0
four_vertex_2759,all_four_vertex,4,7,4,2,0,1,0
four_vertex_2760,all_four_vertex,4,5,5,0,0,0,0
four_vertex_2761,all_four_vertex,4,6,5,1,0,0,0
four_vertex_2762,all_four_vertex,4,6,5,1,0,0,0
four_vertex_2763,all_four_vertex,4,7,5,2,0,0,0
four_vertex_2764,all_four_vertex,4,6,5,1,0,0,0
four_vertex_2765,all_four_vertex,4,7,5,2,0,0,0
four_vertex_2766,all_four_vertex,4,7,5,2,0,0,0
four_vertex_2767,all_four_vertex,4,8,5,3,0,0,0
four_vertex_2768,all_four_vertex,4,5,4,1,0,0,0
four_vertex_2769,all_four_vertex,4,6,4,1,1,0,0
four_vertex_2770,all_four_vertex,4,6,4,2,0,0,0
four_vertex_2771,all_four_vertex,4,7,4,2,1,0,0
four_vertex_2772,all_four_vertex,4,6,4,2,0,0,0
four_vertex_2773,all_four_vertex,4,7,4,2,1,0,0
four_vertex_2774,all_four_vertex,4,7,4,3,0,0,0
four_vertex_2775,all_four_vertex,4,8,4,3,1,0,0
four_vertex_2776,all_four_vertex,4,6,5,1,0,0,0
four_vertex_2777,all_four_vertex,4,7,5,2,0,0,0
four_vertex_2778,all_four_vertex,4,7,5,2,0,0,0
four_vertex_2779,all_four_vertex,4,8,5,3,0,0,0
four_vertex_2780,all_four_vertex,4,7,5,2,0,0,0
four_vertex_2781,all_four_vertex,4,8,5,3,0,0,0
four_vertex_2782,all_four_vertex,4,8,5,3,0,0,0
four_vertex_2783,all_four_vertex,4,9,5,4,0,0,0
four_vertex_2784,all_four_vertex,4,5,4,1,0,0,0
four_vertex_2785,all_four_vertex,4,6,4,1,1,0,0
four_vertex_2786,all_four_vertex,4,6,4,2,0,0,0
four_vertex_2787,all_four_vertex,4,7,4,2,1,0,0
four_vertex_2788,all_four_vertex,4,6,4,2,0,0,0
four_vertex_2789,all_four_vertex,4,7,4,2,1,0,0
four_vertex_2790,all_four_vertex,4,7,4,3,0,0,0
four_vertex_2791,all_four_vertex,4,8,4,3,1,0,0
four_vertex_2792,all_four_vertex,4,6,5,1,0,0,0
four_vertex_2793,all_four_vertex,4,7,5,2,0,0,0
four_vertex_2794,all_four_vertex,4,7,5,2,0,0,0
four_vertex_2795,all_four_vertex,4,8,5,3,0,0,0
four_vertex_2796,all_four_vertex,4,7,5,2,0,0,0
four_vertex_2797,all_four_vertex,4,8,5,3,0,0,0
four_vertex_2798,all_four_vertex,4,8,5,3,0,0,0
four_vertex_2799,all_four_vertex,4,9,5,4,0,0,0
four_vertex_2800,all_four_vertex,4,6,4,2,0,0,0
four_vertex_2801,all_four_vertex,4,7,4,2,1,0,0
four_vertex_2802,all_four_vertex,4,7,4,3,0,0,0
four_vertex_2803,all_four_vertex,4,8,4,3,1,0,0
four_vertex_2804,all_four_vertex,4,7,4,3,0,0,0
four_vertex_2805,all_four_vertex,4,8,4,3,1,0,0
four_vertex_2806,all_four_vertex,4,8,4,4,0,0,0
four_vertex_2807,all_four_vertex,4,9,4,4,1,0,0
four_vertex_2808,all_four_vertex,4,7,5,2,0,0,0
four_vertex_2809,all_four_vertex,4,8,5,3,0,0,0
four_vertex_2810,all_four_vertex,4,8,5,3,0,0,0
four_vertex_2811,all_four_vertex,4,9,5,4,0,0,0
four_vertex_2812,all_four_vertex,4,8,5,3,0,0,0
four_vertex_2813,all_four_vertex,4,9,5,4,0,0,0
four_vertex_2814,all_four_vertex,4,9,5,4,0,0,0
four_vertex_2815,all_four_vertex,4,10,5,5,0,0,0
four_vertex_2816,all_four_vertex,4,3,2,1,0,0,0
four_vertex_2817,all_four_vertex,4,4,2,1,0,1,0
four_vertex_2818,all_four_vertex,4,4,2,1,1,0,0
four_vertex_2819,all_four_vertex,4,5,2,1,1,1,0
four_vertex_2820,all_four_vertex,4,4,2,2,0,0,0
four_vertex_2821,all_four_vertex,4,5,2,2,0,1,0
four_vertex_2822,all_four_vertex,4,5,2,2,1,0,0
four_vertex_2823,all_four_vertex,4,6,2,2,1,1,0
four_vertex_2824,all_four_vertex,4,4,3,1,0,0,0
four_vertex_2825,all_four_vertex,4,5,3,2,0,0,0
four_vertex_2826,all_four_vertex,4,5,3,1,1,0,0
four_vertex_2827,all_four_vertex,4,6,3,2,1,0,0
four_vertex_2828,all_four_vertex,4,5,3,2,0,0,0
four_vertex_2829,all_four_vertex,4,6,3,3,0,0,0
four_vertex_2830,all_four_vertex,4,6,3,2,1,0,0
four_vertex_2831,all_four_vertex,4,7,3,3,1,0,0
four_vertex_2832,all_four_vertex,4,4,2,1,0,1,0
four_vertex_2833,all_four_vertex,4,5,2,1,0,2,0
four_vertex_2834,all_four_vertex,4,5,2,1,1,1,0
four_vertex_2835,all_four_vertex,4,6,2,1,1,2,0
four_vertex_2836,all_four_vertex,4,5,2,2,0,1,0
four_vertex_2837,all_four_vertex,4,6,2,2,0,2,0
four_vertex_2838,all_four_vertex,4,6,2,2,1,1,0
four_vertex_2839,all_four_vertex,4,7,2,2,1,2,0
four_vertex_2840,all_four_vertex,4,5,3,1,0,1,0
four_vertex_2841,all_four_vertex,4,6,3,2,0,1,0
four_vertex_2842,all_four_vertex,4,6,3,1,1,1,0
four_vertex_2843,all_four_vertex,4,7,3,2,1,1,0
four_vertex_2844,all_four_vertex,4,6,3,2,0,1,0
four_vertex_2845,all_four_vertex,4,7,3,3,0,1,0
four_vertex_2846,all_four_vertex,4,7,3,2,1,1,0
four_vertex_2847,all_four_vertex,4,8,3,3,1,1,0
four_vertex_2848,all_four_vertex,4,4,2,1,0,1,0
four_vertex_2849,all_four_vertex,4,5,2,1,2,0,0
four_vertex_2850,all_four_vertex,4,5,2,1,1,1,0
four_vertex_2851,all_four_vertex,4,6,2,1,3,0,0
four_vertex_2852,all_four_vertex,4,5,2,2,0,1,0
four_vertex_2853,all_four_vertex,4,6,2,2,2,0,0
four_vertex_2854,all_four_vertex,4,6,2,2,1,1,0
four_vertex_2855,all_four_vertex,4,7,2,2,3,0,0
four_vertex_2856,all_four_vertex,4,5,3,1,0,1,0
four_vertex_2857,all_four_vertex,4,6,3,2,1,0,0
four_vertex_2858,all_four_vertex,4,6,3,1,1,1,0
four_vertex_2859,all_four_vertex,4,7,3,2,2,0,0
four_vertex_2860,all_four_vertex,4,6,3,2,0,1,0
four_vertex_2861,all_four_vertex,4,7,3,3,1,0,0
four_vertex_2862,all_four_vertex,4,7,3,2,1,1,0
four_vertex_2863,all_four_vertex,4,8,3,3,2,0,0
four_vertex_2864,all_four_vertex,4,5,2,1,0,2,0
four_vertex_2865,all_four_vertex,4,6,2,1,2,1,0
four_vertex_2866,all_four_vertex,4,6,2,1,1,2,0
four_vertex_2867,all_four_vertex,4,7,2,1,3,1,0
four_vertex_2868,all_four_vertex,4,6,2,2,0,2,0
four_vertex_2869,all_four_vertex,4,7,2,2,2,1,0
four_vertex_2870,all_four_vertex,4,7,2,2,1,2,0
four_vertex_2871,all_four_vertex,4,8,2,2,3,1,0
four_vertex_2872,all_four_vertex,4,6,3,1,0,2,0
four_vertex_2873,all_four_vertex,4,7,3,2,1,1,0
four_vertex_2874,all_four_vertex,4,7,3,1,1,2,0
four_vertex_2875,all_four_vertex,4,8,3,2,2,1,0
four_vertex_2876,all_four_vertex,4,7,3,2,0,2,0
four_vertex_2877,all_four_vertex,4,8,3,3,1,1,0
four_vertex_2878,all_four_vertex,4,8,3,2,1,2,0
four_vertex_2879,all_four_vertex,4,9,3,3,2,1,0
four_vertex_2880,all_four_vertex,4,4,3,1,0,0,0
four_vertex_2881,all_four_vertex,4,5,3,1,0,1,0
four_vertex_2882,all_four_vertex,4,5,3,2,0,0,0
four_vertex_2883,all_four_vertex,4,6,3,2,0,1,0
four_vertex_2884,all_four_vertex,4,5,3,2,0,0,0
four_vertex_2885,all_four_vertex,4,6,3,2,0,1,0
four_vertex_2886,all_four_vertex,4,6,3,3,0,0,0
four_vertex_2887,all_four_vertex,4,7,3,3,0,1,0
four_vertex_2888,all_four_vertex,4,5,4,1,0,0,0
four_vertex_2889,all_four_vertex,4,6,4,2,0,0,0
four_vertex_2890,all_four_vertex,4,6,4,2,0,0,0
four_vertex_2891,all_four_vertex,4,7,4,3,0,0,0
four_vertex_2892,all_four_vertex,4,6,4,2,0,0,0
four_vertex_2893,all_four_vertex,4,7,4,3,0,0,0
four_vertex_2894,all_four_vertex,4,7,4,3,0,0,0
four_vertex_2895,all_four_vertex,4,8,4,4,0,0,0
four_vertex_2896,all_four_vertex,4,5,3,1,0,1,0
four_vertex_2897,all_four_vertex,4,6,3,1,2,0,0
four_vertex_2898,all_four_vertex,4,6,3,2,0,1,0
four_vertex_2899,all_four_vertex,4,7,3,2,2,0,0
four_vertex_2900,all_four_vertex,4,6,3,2,0,1,0
four_vertex_2901,all_four_vertex,4,7,3,2,2,0,0
four_vertex_2902,all_four_vertex,4,7,3,3,0,1,0
four_vertex_2903,all_four_vertex,4,8,3,3,2,0,0
four_vertex_2904,all_four_vertex,4,6,4,1,0,1,0
four_vertex_2905,all_four_vertex,4,7,4,2,1,0,0
four_vertex_2906,all_four_vertex,4,7,4,2,0,1,0
four_vertex_2907,all_four_vertex,4,8,4,3,1,0,0
four_vertex_2908,all_four_vertex,4,7,4,2,0,1,0
four_vertex_2909,all_four_vertex,4,8,4,3,1,0,0
four_vertex_2910,all_four_vertex,4,8,4,3,0,1,0
four_vertex_2911,all_four_vertex,4,9,4,4,1,0,0
four_vertex_2912,all_four_vertex,4,5,3,1,0,1,0
four_vertex_2913,all_four_vertex,4,6,3,1,2,0,0
four_vertex_2914,all_four_vertex,4,6,3,2,0,1,0
four_vertex_2915,all_four_vertex,4,7,3,2,2,0,0
four_vertex_2916,all_four_vertex,4,6,3,2,0,1,0
four_vertex_2917,all_four_vertex,4,7,3,2,2,0,0
four_vertex_2918,all_four_vertex,4,7,3,3,0,1,0
four_vertex_2919,all_four_vertex,4,8,3,3,2,0,0
four_vertex_2920,all_four_vertex,4,6,4,1,0,1,0
four_vertex_2921,all_four_vertex,4,7,4,2,1,0,0
four_vertex_2922,all_four_vertex,4,7,4,2,0,1,0
four_vertex_2923,all_four_vertex,4,8,4,3,1,0,0
four_vertex_2924,all_four_vertex,4,7,4,2,0,1,0
four_vertex_2925,all_four_vertex,4,8,4,3,1,0,0
four_vertex_2926,all_four_vertex,4,8,4,3,0,1,0
four_vertex_2927,all_four_vertex,4,9,4,4,1,0,0
four_vertex_2928,all_four_vertex,4,6,3,1,0,2,0
four_vertex_2929,all_four_vertex,4,7,3,1,3,0,0
four_vertex_2930,all_four_vertex,4,7,3,2,0,2,0
four_vertex_2931,all_four_vertex,4,8,3,2,3,0,0
four_vertex_2932,all_four_vertex,4,7,3,2,0,2,0
four_vertex_2933,all_four_vertex,4,8,3,2,3,0,0
four_vertex_2934,all_four_vertex,4,8,3,3,0,2,0
four_vertex_2935,all_four_vertex,4,9,3,3,3,0,0
four_vertex_2936,all_four_vertex,4,7,4,1,0,2,0
four_vertex_2937,all_four_vertex,4,8,4,2,2,0,0
four_vertex_2938,all_four_vertex,4,8,4,2,0,2,0
four_vertex_2939,all_four_vertex,4,9,4,3,2,0,0
four_vertex_2940,all_four_vertex,4,8,4,2,0,2,0
four_vertex_2941,all_four_vertex,4,9,4,3,2,0,0
four_vertex_2942,all_four_vertex,4,9,4,3,0,2,0
four_vertex_2943,all_four_vertex,4,10,4,4,2,0,0
four_vertex_2944,all_four_vertex,4,4,3,1,0,0,0
four_vertex_2945,all_four_vertex,4,5,3,1,0,1,0
four_vertex_2946,all_four_vertex,4,5,3,1,1,0,0
four_vertex_2947,all_four_vertex,4,6,3,1,1,1,0
four_vertex_2948,all_four_vertex,4,5,3,2,0,0,0
four_vertex_2949,all_four_vertex,4,6,3,2,0,1,0
four_vertex_2950,all_four_vertex,4,6,3,2,1,0,0
four_vertex_2951,all_four_vertex,4,7,3,2,1,1,0
four_vertex_2952,all_four_vertex,4,5,4,1,0,0,0
four_vertex_2953,all_four_vertex,4,6,4,2,0,0,0
four_vertex_2954,all_four_vertex,4,6,4,2,0,0,0
four_vertex_2955,all_four_vertex,4,7,4,3,0,0,0
four_vertex_2956,all_four_vertex,4,6,4,2,0,0,0
four_vertex_2957,all_four_vertex,4,7,4,3,0,0,0
four_vertex_2958,all_four_vertex,4,7,4,3,0,0,0
four_vertex_2959,all_four_vertex,4,8,4,4,0,0,0
four_vertex_2960,all_four_vertex,4,5,3,2,0,0,0
four_vertex_2961,all_four_vertex,4,6,3,2,0,1,0
four_vertex_2962,all_four_vertex,4,6,3,2,1,0,0
four_vertex_2963,all_four_vertex,4,7,3,2,1,1,0
four_vertex_2964,all_four_vertex,4,6,3,3,0,0,0
four_vertex_2965,all_four_vertex,4,7,3,3,0,1,0
four_vertex_2966,all_four_vertex,4,7,3,3,1,0,0
four_vertex_2967,all_four_vertex,4,8,3,3,1,1,0
four_vertex_2968,all_four_vertex,4,6,4,2,0,0,0
four_vertex_2969,all_four_vertex,4,7,4,3,0,0,0
four_vertex_2970,all_four_vertex,4,7,4,3,0,0,0
four_vertex_2971,all_four_vertex,4,8,4,4,0,0,0
four_vertex_2972,all_four_vertex,4,7,4,3,0,0,0
four_vertex_2973,all_four_vertex,4,8,4,4,0,0,0
four_vertex_2974,all_four_vertex,4,8,4,4,0,0,0
four_vertex_2975,all_four_vertex,4,9,4,5,0,0,0
four_vertex_2976,all_four_vertex,4,5,3,2,0,0,0
four_vertex_2977,all_four_vertex,4,6,3,2,1,0,0
four_vertex_2978,all_four_vertex,4,6,3,2,1,0,0
four_vertex_2979,all_four_vertex,4,7,3,2,2,0,0
four_vertex_2980,all_four_vertex,4,6,3,3,0,0,0
four_vertex_2981,all_four_vertex,4,7,3,3,1,0,0
four_vertex_2982,all_four_vertex,4,7,3,3,1,0,0
four_vertex_2983,all_four_vertex,4,8,3,3,2,0,0
four_vertex_2984,all_four_vertex,4,6,4,2,0,0,0
four_vertex_2985,all_four_vertex,4,7,4,3,0,0,0
four_vertex_2986,all_four_vertex,4,7,4,3,0,0,0
four_vertex_2987,all_four_vertex,4,8,4,4,0,0,0
four_vertex_2988,all_four_vertex,4,7,4,3,0,0,0
four_vertex_2989,all_four_vertex,4,8,4,4,0,0,0
four_vertex_2990,all_four_vertex,4,8,4,4,0,0,0
four_vertex_2991,all_four_vertex,4,9,4,5,0,0,0
four_vertex_2992,all_four_vertex,4,6,3,3,0,0,0
four_vertex_2993,all_four_vertex,4,7,3,3,1,0,0
four_vertex_2994,all_four_vertex,4,7,3,3,1,0,0
four_vertex_2995,all_four_vertex,4,8,3,3,2,0,0
four_vertex_2996,all_four_vertex,4,7,3,4,0,0,0
four_vertex_2997,all_four_vertex,4,8,3,4,1,0,0
four_vertex_2998,all_four_vertex,4,8,3,4,1,0,0
four_vertex_2999,all_four_vertex,4,9,3,4,2,0,0
four_vertex_3000,all_four_vertex,4,7,4,3,0,0,0
four_vertex_3001,all_four_vertex,4,8,4,4,0,0,0
four_vertex_3002,all_four_vertex,4,8,4,4,0,0,0
four_vertex_3003,all_four_vertex,4,9,4,5,0,0,0
four_vertex_3004,all_four_vertex,4,8,4,4,0,0,0
four_vertex_3005,all_four_vertex,4,9,4,5,0,0,0
four_vertex_3006,all_four_vertex,4,9,4,5,0,0,0
four_vertex_3007,all_four_vertex,4,10,4,6,0,0,0
four_vertex_3008,all_four_vertex,4,5,4,1,0,0,0
four_vertex_3009,all_four_vertex,4,6,4,1,0,1,0
four_vertex_3010,all_four_vertex,4,6,4,2,0,0,0
four_vertex_3011,all_four_vertex,4,7,4,2,0,1,0
four_vertex_3012,all_four_vertex,4,6,4,2,0,0,0
four_vertex_3013,all_four_vertex,4,7,4,2,0,1,0
four_vertex_3014,all_four_vertex,4,7,4,3,0,0,0
four_vertex_3015,all_four_vertex,4,8,4,3,0,1,0
four_vertex_3016,all_four_vertex,4,6,5,1,0,0,0
four_vertex_3017,all_four_vertex,4,7,5,2,0,0,0
four_vertex_3018,all_four_vertex,4,7,5,2,0,0,0
four_vertex_3019,all_four_vertex,4,8,5,3,0,0,0
four_vertex_3020,all_four_vertex,4,7,5,2,0,0,0
four_vertex_3021,all_four_vertex,4,8,5,3,0,0,0
four_vertex_3022,all_four_vertex,4,8,5,3,0,0,0
four_vertex_3023,all_four_vertex,4,9,5,4,0,0,0
four_vertex_3024,all_four_vertex,4,6,4,2,0,0,0
four_vertex_3025,all_four_vertex,4,7,4,2,1,0,0
four_vertex_3026,all_four_vertex,4,7,4,3,0,0,0
four_vertex_3027,all_four_vertex,4,8,4,3,1,0,0
four_vertex_3028,all_four_vertex,4,7,4,3,0,0,0
four_vertex_3029,all_four_vertex,4,8,4,3,1,0,0
four_vertex_3030,all_four_vertex,4,8,4,4,0,0,0
four_vertex_3031,all_four_vertex,4,9,4,4,1,0,0
four_vertex_3032,all_four_vertex,4,7,5,2,0,0,0
four_vertex_3033,all_four_vertex,4,8,5,3,0,0,0
four_vertex_3034,all_four_vertex,4,8,5,3,0,0,0
four_vertex_3035,all_four_vertex,4,9,5,4,0,0,0
four_vertex_3036,all_four_vertex,4,8,5,3,0,0,0
four_vertex_3037,all_four_vertex,4,9,5,4,0,0,0
four_vertex_3038,all_four_vertex,4,9,5,4,0,0,0
four_vertex_3039,all_four_vertex,4,10,5,5,0,0,0
four_vertex_3040,all_four_vertex,4,6,4,2,0,0,0
four_vertex_3041,all_four_vertex,4,7,4,2,1,0,0
four_vertex_3042,all_four_vertex,4,7,4,3,0,0,0
four_vertex_3043,all_four_vertex,4,8,4,3,1,0,0
four_vertex_3044,all_four_vertex,4,7,4,3,0,0,0
four_vertex_3045,all_four_vertex,4,8,4,3,1,0,0
four_vertex_3046,all_four_vertex,4,8,4,4,0,0,0
four_vertex_3047,all_four_vertex,4,9,4,4,1,0,0
four_vertex_3048,all_four_vertex,4,7,5,2,0,0,0
four_vertex_3049,all_four_vertex,4,8,5,3,0,0,0
four_vertex_3050,all_four_vertex,4,8,5,3,0,0,0
four_vertex_3051,all_four_vertex,4,9,5,4,0,0,0
four_vertex_3052,all_four_vertex,4,8,5,3,0,0,0
four_vertex_3053,all_four_vertex,4,9,5,4,0,0,0
four_vertex_3054,all_four_vertex,4,9,5,4,0,0,0
four_vertex_3055,all_four_vertex,4,10,5,5,0,0,0
four_vertex_3056,all_four_vertex,4,7,4,3,0,0,0
four_vertex_3057,all_four_vertex,4,8,4,3,1,0,0
four_vertex_3058,all_four_vertex,4,8,4,4,0,0,0
four_vertex_3059,all_four_vertex,4,9,4,4,1,0,0
four_vertex_3060,all_four_vertex,4,8,4,4,0,0,0
four_vertex_3061,all_four_vertex,4,9,4,4,1,0,0
four_vertex_3062,all_four_vertex,4,9,4,5,0,0,0
four_vertex_3063,all_four_vertex,4,10,4,5,1,0,0
four_vertex_3064,all_four_vertex,4,8,5,3,0,0,0
four_vertex_3065,all_four_vertex,4,9,5,4,0,0,0
four_vertex_3066,all_four_vertex,4,9,5,4,0,0,0
four_vertex_3067,all_four_vertex,4,10,5,5,0,0,0
four_vertex_3068,all_four_vertex,4,9,5,4,0,0,0
four_vertex_3069,all_four_vertex,4,10,5,5,0,0,0
four_vertex_3070,all_four_vertex,4,10,5,5,0,0,0
four_vertex_3071,all_four_vertex,4,11,5,6,0,0,0
four_vertex_3072,all_four_vertex,4,2,2,0,0,0,0
four_vertex_3073,all_four_vertex,4,3,2,0,0,1,0
four_vertex_3074,all_four_vertex,4,3,2,0,0,1,0
four_vertex_3075,all_four_vertex,4,4,2,0,0,2,0
four_vertex_3076,all_four_vertex,4,3,2,0,0,1,0
four_vertex_3077,all_four_vertex,4,4,2,0,0,2,0
four_vertex_3078,all_four_vertex,4,4,2,0,0,2,0
four_vertex_3079,all_four_vertex,4,5,2,0,0,3,0
four_vertex_3080,all_four_vertex,4,3,3,0,0,0,0
four_vertex_3081,all_four_vertex,4,4,3,1,0,0,0
four_vertex_3082,all_four_vertex,4,4,3,0,0,1,0
four_vertex_3083,all_four_vertex,4,5,3,1,0,1,0
four_vertex_3084,all_four_vertex,4,4,3,1,0,0,0
four_vertex_3085,all_four_vertex,4,5,3,2,0,0,0
four_vertex_3086,all_four_vertex,4,5,3,1,0,1,0
four_vertex_3087,all_four_vertex,4,6,3,2,0,1,0
four_vertex_3088,all_four_vertex,4,3,2,0,0,1,0
four_vertex_3089,all_four_vertex,4,4,2,0,0,2,0
four_vertex_3090,all_four_vertex,4,4,2,0,0,2,0
four_vertex_3091,all_four_vertex,4,5,2,0,0,3,0
four_vertex_3092,all_four_vertex,4,4,2,0,0,2,0
four_vertex_3093,all_four_vertex,4,5,2,0,0,3,0
four_vertex_3094,all_four_vertex,4,5,2,0,0,3,0
four_vertex_3095,all_four_vertex,4,6,2,0,0,4,0
four_vertex_3096,all_four_vertex,4,4,3,0,0,1,0
four_vertex_3097,all_four_vertex,4,5,3,1,0,1,0
four_vertex_3098,all_four_vertex,4,5,3,0,0,2,0
four_vertex_3099,all_four_vertex,4,6,3,1,0,2,0
four_vertex_3100,all_four_vertex,4,5,3,1,0,1,0
four_vertex_3101,all_four_vertex,4,6,3,2,0,1,0
four_vertex_3102,all_four_vertex,4,6,3,1,0,2,0
four_vertex_3103,all_four_vertex,4,7,3,2,0,2,0
four_vertex_3104,all_four_vertex,4,3,2,1,0,0,0
four_vertex_3105,all_four_vertex,4,4,2,1,0,1,0
four_vertex_3106,all_four_vertex,4,4,2,1,0,1,0
four_vertex_3107,all_four_vertex,4,5,2,1,0,2,0
four_vertex_3108,all_four_vertex,4,4,2,1,0,1,0
four_vertex_3109,all_four_vertex,4,5,2,1,0,2,0
four_vertex_3110,all_four_vertex,4,5,2,1,0,2,0
four_vertex_3111,all_four_vertex,4,6,2,1,0,3,0
four_vertex_3112,all_four_vertex,4,4,3,1,0,0,0
four_vertex_3113,all_four_vertex,4,5,3,2,0,0,0
four_vertex_3114,all_four_vertex,4,5,3,1,0,1,0
four_vertex_3115,all_four_vertex,4,6,3,2,0,1,0
four_vertex_3116,all_four_vertex,4,5,3,2,0,0,0
four_vertex_3117,all_four_vertex,4,6,3,3,0,0,0
four_vertex_3118,all_four_vertex,4,6,3,2,0,1,0
four_vertex_3119,all_four_vertex,4,7,3,3,0,1,0
four_vertex_3120,all_four_vertex,4,4,2,1,0,1,0
four_vertex_3121,all_four_vertex,4,5,2,1,0,2,0
four_vertex_3122,all_four_vertex,4,5,2,1,0,2,0
four_vertex_3123,all_four_vertex,4,6,2,1,0,3,0
four_vertex_3124,all_four_vertex,4,5,2,1,0,2,0
four_vertex_3125,all_four_vertex,4,6,2,1,0,3,0
four_vertex_3126,all_four_vertex,4,6,2,1,0,3,0
four_vertex_3127,all_four_vertex,4,7,2,1,0,4,0
four_vertex_3128,all_four_vertex,4,5,3,1,0,1,0
four_vertex_3129,all_four_vertex,4,6,3,2,0,1,0
four_vertex_3130,all_four_vertex,4,6,3,1,0,2,0
four_vertex_3131,all_four_vertex,4,7,3,2,0,2,0
four_vertex_3132,all_four_vertex,4,6,3,2,0,1,0
four_vertex_3133,all_four_vertex,4,7,3,3,0,1,0
four_vertex_3134,all_four_vertex,4,7,3,2,0,2,0
four_vertex_3135,all_four_vertex,4,8,3,3,0,2,0
four_vertex_3136,all_four_vertex,4,3,3,0,0,0,0
four_vertex_3137,all_four_vertex,4,4,3,0,0,1,0
four_vertex_3138,all_four_vertex,4,4,3,1,0,0,0
four_vertex_3139,all_four_vertex,4,5,3,1,0,1,0
four_vertex_3140,all_four_vertex,4,4,3,1,0,0,0
four_vertex_3141,all_four_vertex,4,5,3,1,0,1,0
four_vertex_3142,all_four_vertex,4,5,3,2,0,0,0
four_vertex_3143,all_four_vertex,4,6,3,2,0,1,0
four_vertex_3144,all_four_vertex,4,4,4,0,0,0,0
four_vertex_3145,all_four_vertex,4,5,4,1,0,0,0
four_vertex_3146,all_four_vertex,4,5,4,1,0,0,0
four_vertex_3147,all_four_vertex,4,6,4,2,0,0,0
four_vertex_3148,all_four_vertex,4,5,4,1,0,0,0
four_vertex_3149,all_four_vertex,4,6,4,2,0,0,0
four_vertex_3150,all_four_vertex,4,6,4,2,0,0,0
four_vertex_3151,all_four_vertex,4,7,4,3,0,0,0
four_vertex_3152,all_four_vertex,4,4,3,0,0,1,0
four_vertex_3153,all_four_vertex,4,5,3,0,2,0,0
four_vertex_3154,all_four_vertex,4,5,3,1,0,1,0
four_vertex_3155,all_four_vertex,4,6,3,1,2,0,0
four_vertex_3156,all_four_vertex,4,5,3,1,1,0,0
four_vertex_3157,all_four_vertex,4,6,3,1,2,0,0
four_vertex_3158,all_four_vertex,4,6,3,2,1,0,0
four_vertex_3159,all_four_vertex,4,7,3,2,2,0,0
four_vertex_3160,all_four_vertex,4,5,4,0,0,1,0
four_vertex_3161,all_four_vertex,4,6,4,1,1,0,0
four_vertex_3162,all_four_vertex,4,6,4,1,0,1,0
four_vertex_3163,all_four_vertex,4,7,4,2,1,0,0
four_vertex_3164,all_four_vertex,4,6,4,1,1,0,0
four_vertex_3165,all_four_vertex,4,7,4,2,1,0,0
four_vertex_3166,all_four_vertex,4,7,4,2,1,0,0
four_vertex_3167,all_four_vertex,4,8,4,3,1,0,0
four_vertex_3168,all_four_vertex,4,4,3,1,0,0,0
four_vertex_3169,all_four_vertex,4,5,3,1,1,0,0
four_vertex_3170,all_four_vertex,4,5,3,2,0,0,0
four_vertex_3171,all_four_vertex,4,6,3,2,1,0,0
four_vertex_3172,all_four_vertex,4,5,3,2,0,0,0
four_vertex_3173,all_four_vertex,4,6,3,2,1,0,0
four_vertex_3174,all_four_vertex,4,6,3,3,0,0,0
four_vertex_3175,all_four_vertex,4,7,3,3,1,0,0
four_vertex_3176,all_four_vertex,4,5,4,1,0,0,0
four_vertex_3177,all_four_vertex,4,6,4,2,0,0,0
four_vertex_3178,all_four_vertex,4,6,4,2,0,0,0
four_vertex_3179,all_four_vertex,4,7,4,3,0,0,0
four_vertex_3180,all_four_vertex,4,6,4,2,0,0,0
four_vertex_3181,all_four_vertex,4,7,4,3,0,0,0
four_vertex_3182,all_four_vertex,4,7,4,3,0,0,0
four_vertex_3183,all_four_vertex,4,8,4,4,0,0,0
four_vertex_3184,all_four_vertex,4,5,3,1,0,1,0
four_vertex_3185,all_four_vertex,4,6,3,1,2,0,0
four_vertex_3186,all_four_vertex,4,6,3,2,0,1,0
four_vertex_3187,all_four_vertex,4,7,3,2,2,0,0
four_vertex_3188,all_four_vertex,4,6,3,2,1,0,0
four_vertex_3189,all_four_vertex,4,7,3,2,2,0,0
four_vertex_3190,all_four_vertex,4,7,3,3,1,0,0
four_vertex_3191,all_four_vertex,4,8,3,3,2,0,0
four_vertex_3192,all_four_vertex,4,6,4,1,0,1,0
four_vertex_3193,all_four_vertex,4,7,4,2,1,0,0
four_vertex_3194,all_four_vertex,4,7,4,2,0,1,0
four_vertex_3195,all_four_vertex,4,8,4,3,1,0,0
four_vertex_3196,all_four_vertex,4,7,4,2,1,0,0
four_vertex_3197,all_four_vertex,4,8,4,3,1,0,0
four_vertex_3198,all_four_vertex,4,8,4,3,1,0,0
four_vertex_3199,all_four_vertex,4,9,4,4,1,0,0
four_vertex_3200,all_four_vertex,4,3,3,0,0,0,0
four_vertex_3201,all_four_vertex,4,4,3,0,0,1,0
four_vertex_3202,all_four_vertex,4,4,3,0,0,1,0
four_vertex_3203,all_four_vertex,4,5,3,0,0,2,0
four_vertex_3204,all_four_vertex,4,4,3,0,0,1,0
four_vertex_3205,all_four_vertex,4,5,3,0,0,2,0
four_vertex_3206,all_four_vertex,4,5,3,0,0,2,0
four_vertex_3207,all_four_vertex,4,6,3,0,0,3,0
four_vertex_3208,all_four_vertex,4,4,4,0,0,0,0
four_vertex_3209,all_four_vertex,4,5,4,1,0,0,0
four_vertex_3210,all_four_vertex,4,5,4,1,0,0,0
four_vertex_3211,all_four_vertex,4,6,4,2,0,0,0
four_vertex_3212,all_four_vertex,4,5,4,1,0,0,0
four_vertex_3213,all_four_vertex,4,6,4,2,0,0,0
four_vertex_3214,all_four_vertex,4,6,4,2,0,0,0
four_vertex_3215,all_four_vertex,4,7,4,3,0,0,0
four_vertex_3216,all_four_vertex,4,4,3,1,0,0,0
four_vertex_3217,all_four_vertex,4,5,3,1,0,1,0
four_vertex_3218,all_four_vertex,4,5,3,1,0,1,0
four_vertex_3219,all_four_vertex,4,6,3,1,0,2,0
four_vertex_3220,all_four_vertex,4,5,3,1,0,1,0
four_vertex_3221,all_four_vertex,4,6,3,1,0,2,0
four_vertex_3222,all_four_vertex,4,6,3,1,0,2,0
four_vertex_3223,all_four_vertex,4,7,3,1,0,3,0
four_vertex_3224,all_four_vertex,4,5,4,1,0,0,0
four_vertex_3225,all_four_vertex,4,6,4,2,0,0,0
four_vertex_3226,all_four_vertex,4,6,4,2,0,0,0
four_vertex_3227,all_four_vertex,4,7,4,3,0,0,0
four_vertex_3228,all_four_vertex,4,6,4,2,0,0,0
four_vertex_3229,all_four_vertex,4,7,4,3,0,0,0
four_vertex_3230,all_four_vertex,4,7,4,3,0,0,0
four_vertex_3231,all_four_vertex,4,8,4,4,0,0,0
four_vertex_3232,all_four_vertex,4,4,3,1,0,0,0
four_vertex_3233,all_four_vertex,4,5,3,1,0,1,0
four_vertex_3234,all_four_vertex,4,5,3,1,0,1,0
four_vertex_3235,all_four_vertex,4,6,3,1,0,2,0
four_vertex_3236,all_four_vertex,4,5,3,1,0,1,0
four_vertex_3237,all_four_vertex,4,6,3,1,0,2,0
four_vertex_3238,all_four_vertex,4,6,3,1,0,2,0
four_vertex_3239,all_four_vertex,4,7,3,1,0,3,0
four_vertex_3240,all_four_vertex,4,5,4,1,0,0,0
four_vertex_3241,all_four_vertex,4,6,4,2,0,0,0
four_vertex_3242,all_four_vertex,4,6,4,2,0,0,0
four_vertex_3243,all_four_vertex,4,7,4,3,0,0,0
four_vertex_3244,all_four_vertex,4,6,4,2,0,0,0
four_vertex_3245,all_four_vertex,4,7,4,3,0,0,0
four_vertex_3246,all_four_vertex,4,7,4,3,0,0,0
four_vertex_3247,all_four_vertex,4,8,4,4,0,0,0
four_vertex_3248,all_four_vertex,4,5,3,2,0,0,0
four_vertex_3249,all_four_vertex,4,6,3,2,0,1,0
four_vertex_3250,all_four_vertex,4,6,3,2,0,1,0
four_vertex_3251,all_four_vertex,4,7,3,2,0,2,0
four_vertex_3252,all_four_vertex,4,6,3,2,0,1,0
four_vertex_3253,all_four_vertex,4,7,3,2,0,2,0
four_vertex_3254,all_four_vertex,4,7,3,2,0,2,0
four_vertex_3255,all_four_vertex,4,8,3,2,0,3,0
four_vertex_3256,all_four_vertex,4,6,4,2,0,0,0
four_vertex_3257,all_four_vertex,4,7,4,3,0,0,0
four_vertex_3258,all_four_vertex,4,7,4,3,0,0,0
four_vertex_3259,all_four_vertex,4,8,4,4,0,0,0
four_vertex_3260,all_four_vertex,4,7,4,3,0,0,0
four_vertex_3261,all_four_vertex,4,8,4,4,0,0,0
four_vertex_3262,all_four_vertex,4,8,4,4,0,0,0
four_vertex_3263,all_four_vertex,4,9,4,5,0,0,0
four_vertex_3264,all_four_vertex,4,4,4,0,0,0,0
four_vertex_3265,all_four_vertex,4,5,4,0,0,1,0
four_vertex_3266,all_four_vertex,4,5,4,1,0,0,0
four_vertex_3267,all_four_vertex,4,6,4,1,0,1,0
four_vertex_3268,all_four_vertex,4,5,4,1,0,0,0
four_vertex_3269,all_four_vertex,4,6,4,1,0,1,0
four_vertex_3270,all_four_vertex,4,6,4,2,0,0,0
four_vertex_3271,all_four_vertex,4,7,4,2,0,1,0
four_vertex_3272,all_four_vertex,4,5,5,0,0,0,0
four_vertex_3273,all_four_vertex,4,6,5,1,0,0,0
four_vertex_3274,all_four_vertex,4,6,5,1,0,0,0
four_vertex_3275,all_four_vertex,4,7,5,2,0,0,0
four_vertex_3276,all_four_vertex,4,6,5,1,0,0,0
four_vertex_3277,all_four_vertex,4,7,5,2,0,0,0
four_vertex_3278,all_four_vertex,4,7,5,2,0,0,0
four_vertex_3279,all_four_vertex,4,8,5,3,0,0,0
four_vertex_3280,all_four_vertex,4,5,4,1,0,0,0
four_vertex_3281,all_four_vertex,4,6,4,1,1,0,0
four_vertex_3282,all_four_vertex,4,6,4,2,0,0,0
four_vertex_3283,all_four_vertex,4,7,4,2,1,0,0
four_vertex_3284,all_four_vertex,4,6,4,2,0,0,0
four_vertex_3285,all_four_vertex,4,7,4,2,1,0,0
four_vertex_3286,all_four_vertex,4,7,4,3,0,0,0
four_vertex_3287,all_four_vertex,4,8,4,3,1,0,0
four_vertex_3288,all_four_vertex,4,6,5,1,0,0,0
four_vertex_3289,all_four_vertex,4,7,5,2,0,0,0
four_vertex_3290,all_four_vertex,4,7,5,2,0,0,0
four_vertex_3291,all_four_vertex,4,8,5,3,0,0,0
four_vertex_3292,all_four_vertex,4,7,5,2,0,0,0
four_vertex_3293,all_four_vertex,4,8,5,3,0,0,0
four_vertex_3294,all_four_vertex,4,8,5,3,0,0,0
four_vertex_3295,all_four_vertex,4,9,5,4,0,0,0
four_vertex_3296,all_four_vertex,4,5,4,1,0,0,0
four_vertex_3297,all_four_vertex,4,6,4,1,1,0,0
four_vertex_3298,all_four_vertex,4,6,4,2,0,0,0
four_vertex_3299,all_four_vertex,4,7,4,2,1,0,0
four_vertex_3300,all_four_vertex,4,6,4,2,0,0,0
four_vertex_3301,all_four_vertex,4,7,4,2,1,0,0
four_vertex_3302,all_four_vertex,4,7,4,3,0,0,0
four_vertex_3303,all_four_vertex,4,8,4,3,1,0,0
four_vertex_3304,all_four_vertex,4,6,5,1,0,0,0
four_vertex_3305,all_four_vertex,4,7,5,2,0,0,0
four_vertex_3306,all_four_vertex,4,7,5,2,0,0,0
four_vertex_3307,all_four_vertex,4,8,5,3,0,0,0
four_vertex_3308,all_four_vertex,4,7,5,2,0,0,0
four_vertex_3309,all_four_vertex,4,8,5,3,0,0,0
four_vertex_3310,all_four_vertex,4,8,5,3,0,0,0
four_vertex_3311,all_four_vertex,4,9,5,4,0,0,0
four_vertex_3312,all_four_vertex,4,6,4,2,0,0,0
four_vertex_3313,all_four_vertex,4,7,4,2,1,0,0
four_vertex_3314,all_four_vertex,4,7,4,3,0,0,0
four_vertex_3315,all_four_vertex,4,8,4,3,1,0,0
four_vertex_3316,all_four_vertex,4,7,4,3,0,0,0
four_vertex_3317,all_four_vertex,4,8,4,3,1,0,0
four_vertex_3318,all_four_vertex,4,8,4,4,0,0,0
four_vertex_3319,all_four_vertex,4,9,4,4,1,0,0
four_vertex_3320,all_four_vertex,4,7,5,2,0,0,0
four_vertex_3321,all_four_vertex,4,8,5,3,0,0,0
four_vertex_3322,all_four_vertex,4,8,5,3,0,0,0
four_vertex_3323,all_four_vertex,4,9,5,4,0,0,0
four_vertex_3324,all_four_vertex,4,8,5,3,0,0,0
four_vertex_3325,all_four_vertex,4,9,5,4,0,0,0
four_vertex_3326,all_four_vertex,4,9,5,4,0,0,0
four_vertex_3327,all_four_vertex,4,10,5,5,0,0,0
four_vertex_3328,all_four_vertex,4,3,2,1,0,0,0
four_vertex_3329,all_four_vertex,4,4,2,1,0,1,0
four_vertex_3330,all_four_vertex,4,4,2,1,0,1,0
four_vertex_3331,all_four_vertex,4,5,2,1,0,2,0
four_vertex_3332,all_four_vertex,4,4,2,1,0,1,0
four_vertex_3333,all_four_vertex,4,5,2,1,0,2,0
four_vertex_3334,all_four_vertex,4,5,2,1,0,2,0
four_vertex_3335,all_four_vertex,4,6,2,1,0,3,0
four_vertex_3336,all_four_vertex,4,4,3,1,0,0,0
four_vertex_3337,all_four_vertex,4,5,3,2,0,0,0
four_vertex_3338,all_four_vertex,4,5,3,1,1,0,0
four_vertex_3339,all_four_vertex,4,6,3,2,1,0,0
four_vertex_3340,all_four_vertex,4,5,3,2,0,0,0
four_vertex_3341,all_four_vertex,4,6,3,3,0,0,0
four_vertex_3342,all_four_vertex,4,6,3,2,1,0,0
four_vertex_3343,all_four_vertex,4,7,3,3,1,0,0
four_vertex_3344,all_four_vertex,4,4,2,1,1,0,0
four_vertex_3345,all_four_vertex,4,5,2,1,1,1,0
four_vertex_3346,all_four_vertex,4,5,2,1,1,1,0
four_vertex_3347,all_four_vertex,4,6,2,1,1,2,0
four_vertex_3348,all_four_vertex,4,5,2,1,1,1,0
four_vertex_3349,all_four_vertex,4,6,2,1,1,2,0
four_vertex_3350,all_four_vertex,4,6,2,1,1,2,0
four_vertex_3351,all_four_vertex,4,7,2,1,1,3,0
four_vertex_3352,all_four_vertex,4,5,3,1,1,0,0
four_vertex_3353,all_four_vertex,4,6,3,2,1,0,0
four_vertex_3354,all_four_vertex,4,6,3,1,2,0,0
four_vertex_3355,all_four_vertex,4,7,3,2,2,0,0
four_vertex_3356,all_four_vertex,4,6,3,2,1,0,0
four_vertex_3357,all_four_vertex,4,7,3,3,1,0,0
four_vertex_3358,all_four_vertex,4,7,3,2,2,0,0
four_vertex_3359,all_four_vertex,4,8,3,3,2,0,0
four_vertex_3360,all_four_vertex,4,4,2,2,0,0,0
four_vertex_3361,all_four_vertex,4,5,2,2,0,1,0
four_vertex_3362,all_four_vertex,4,5,2,2,0,1,0
four_vertex_3363,all_four_vertex,4,6,2,2,0,2,0
four_vertex_3364,all_four_vertex,4,5,2,2,0,1,0
four_vertex_3365,all_four_vertex,4,6,2,2,0,2,0
four_vertex_3366,all_four_vertex,4,6,2,2,0,2,0
four_vertex_3367,all_four_vertex,4,7,2,2,0,3,0
four_vertex_3368,all_four_vertex,4,5,3,2,0,0,0
four_vertex_3369,all_four_vertex,4,6,3,3,0,0,0
four_vertex_3370,all_four_vertex,4,6,3,2,1,0,0
four_vertex_3371,all_four_vertex,4,7,3,3,1,0,0
four_vertex_3372,all_four_vertex,4,6,3,3,0,0,0
four_vertex_3373,all_four_vertex,4,7,3,4,0,0,0
four_vertex_3374,all_four_vertex,4,7,3,3,1,0,0
four_vertex_3375,all_four_vertex,4,8,3,4,1,0,0
four_vertex_3376,all_four_vertex,4,5,2,2,1,0,0
four_vertex_3377,all_four_vertex,4,6,2,2,1,1,0
four_vertex_3378,all_four_vertex,4,6,2,2,1,1,0
four_vertex_3379,all_four_vertex,4,7,2,2,1,2,0
four_vertex_3380,all_four_vertex,4,6,2,2,1,1,0
four_vertex_3381,all_four_vertex,4,7,2,2,1,2,0
four_vertex_3382,all_four_vertex,4,7,2,2,1,2,0
four_vertex_3383,all_four_vertex,4,8,2,2,1,3,0
four_vertex_3384,all_four_vertex,4,6,3,2,1,0,0
four_vertex_3385,all_four_vertex,4,7,3,3,1,0,0
four_vertex_3386,all_four_vertex,4,7,3,2,2,0,0
four_vertex_3387,all_four_vertex,4,8,3,3,2,0,0
four_vertex_3388,all_four_vertex,4,7,3,3,1,0,0
four_vertex_3389,all_four_vertex,4,8,3,4,1,0,0
four_vertex_3390,all_four_vertex,4,8,3,3,2,0,0
four_vertex_3391,all_four_vertex,4,9,3,4,2,0,0
four_vertex_3392,all_four_vertex,4,4,3,1,0,0,0
four_vertex_3393,all_four_vertex,4,5,3,1,0,1,0
four_vertex_3394,all_four_vertex,4,5,3,2,0,0,0
four_vertex_3395,all_four_vertex,4,6,3,2,0,1,0
four_vertex_3396,all_four_vertex,4,5,3,2,0,0,0
four_vertex_3397,all_four_vertex,4,6,3,2,0,1,0
four_vertex_3398,all_four_vertex,4,6,3,3,0,0,0
four_vertex_3399,all_four_vertex,4,7,3,3,0,1,0
four_vertex_3400,all_four_vertex,4,5,4,1,0,0,0
four_vertex_3401,all_four_vertex,4,6,4,2,0,0,0
four_vertex_3402,all_four_vertex,4,6,4,2,0,0,0
four_vertex_3403,all_four_vertex,4,7,4,3,0,0,0
four_vertex_3404,all_four_vertex,4,6,4,2,0,0,0
four_vertex_3405,all_four_vertex,4,7,4,3,0,0,0
four_vertex_3406,all_four_vertex,4,7,4,3,0,0,0
four_vertex_3407,all_four_vertex,4,8,4,4,0,0,0
four_vertex_3408,all_four_vertex,4,5,3,1,1,0,0
four_vertex_3409,all_four_vertex,4,6,3,1,2,0,0
four_vertex_3410,all_four_vertex,4,6,3,2,1,0,0
four_vertex_3411,all_four_vertex,4,7,3,2,2,0,0
four_vertex_3412,all_four_vertex,4,6,3,2,1,0,0
four_vertex_3413,all_four_vertex,4,7,3,2,2,0,0
four_vertex_3414,all_four_vertex,4,7,3,3,1,0,0
four_vertex_3415,all_four_vertex,4,8,3,3,2,0,0
four_vertex_3416,all_four_vertex,4,6,4,1,1,0,0
four_vertex_3417,all_four_vertex,4,7,4,2,1,0,0
four_vertex_3418,all_four_vertex,4,7,4,2,1,0,0
four_vertex_3419,all_four_vertex,4,8,4,3,1,0,0
four_vertex_3420,all_four_vertex,4,7,4,2,1,0,0
four_vertex_3421,all_four_vertex,4,8,4,3,1,0,0
four_vertex_3422,all_four_vertex,4,8,4,3,1,0,0
four_vertex_3423,all_four_vertex,4,9,4,4,1,0,0
four_vertex_3424,all_four_vertex,4,5,3,2,0,0,0
four_vertex_3425,all_four_vertex,4,6,3,2,1,0,0
four_vertex_3426,all_four_vertex,4,6,3,3,0,0,0
four_vertex_3427,all_four_vertex,4,7,3,3,1,0,0
four_vertex_3428,all_four_vertex,4,6,3,3,0,0,0
four_vertex_3429,all_four_vertex,4,7,3,3,1,0,0
four_vertex_3430,all_four_vertex,4,7,3,4,0,0,0
four_vertex_3431,all_four_vertex,4,8,3,4,1,0,0
four_vertex_3432,all_four_vertex,4,6,4,2,0,0,0
four_vertex_3433,all_four_vertex,4,7,4,3,0,0,0
four_vertex_3434,all_four_vertex,4,7,4,3,0,0,0
four_vertex_3435,all_four_vertex,4,8,4,4,0,0,0
four_vertex_3436,all_four_vertex,4,7,4,3,0,0,0
four_vertex_3437,all_four_vertex,4,8,4,4,0,0,0
four_vertex_3438,all_four_vertex,4,8,4,4,0,0,0
four_vertex_3439,all_four_vertex,4,9,4,5,0,0,0
four_vertex_3440,all_four_vertex,4,6,3,2,1,0,0
four_vertex_3441,all_four_vertex,4,7,3,2,2,0,0
four_vertex_3442,all_four_vertex,4,7,3,3,1,0,0
four_vertex_3443,all_four_vertex,4,8,3,3,2,0,0
four_vertex_3444,all_four_vertex,4,7,3,3,1,0,0
four_vertex_3445,all_four_vertex,4,8,3,3,2,0,0
four_vertex_3446,all_four_vertex,4,8,3,4,1,0,0
four_vertex_3447,all_four_vertex,4,9,3,4,2,0,0
four_vertex_3448,all_four_vertex,4,7,4,2,1,0,0
four_vertex_3449,all_four_vertex,4,8,4,3,1,0,0
four_vertex_3450,all_four_vertex,4,8,4,3,1,0,0
four_vertex_3451,all_four_vertex,4,9,4,4,1,0,0
four_vertex_3452,all_four_vertex,4,8,4,3,1,0,0
four_vertex_3453,all_four_vertex,4,9,4,4,1,0,0
four_vertex_3454,all_four_vertex,4,9,4,4,1,0,0
four_vertex_3455,all_four_vertex,4,10,4,5,1,0,0
four_vertex_3456,all_four_vertex,4,4,3,1,0,0,0
four_vertex_3457,all_four_vertex,4,5,3,1,0,1,0
four_vertex_3458,all_four_vertex,4,5,3,1,0,1,0
four_vertex_3459,all_four_vertex,4,6,3,1,0,2,0
four_vertex_3460,all_four_vertex,4,5,3,1,0,1,0
four_vertex_3461,all_four_vertex,4,6,3,1,0,2,0
four_vertex_3462,all_four_vertex,4,6,3,1,0,2,0
four_vertex_3463,all_four_vertex,4,7,3,1,0,3,0
four_vertex_3464,all_four_vertex,4,5,4,1,0,0,0
four_vertex_3465,all_four_vertex,4,6,4,2,0,0,0
four_vertex_3466,all_four_vertex,4,6,4,2,0,0,0
four_vertex_3467,all_four_vertex,4,7,4,3,0,0,0
four_vertex_3468,all_four_vertex,4,6,4,2,0,0,0
four_vertex_3469,all_four_vertex,4,7,4,3,0,0,0
four_vertex_3470,all_four_vertex,4,7,4,3,0,0,0
four_vertex_3471,all_four_vertex,4,8,4,4,0,0,0
four_vertex_3472,all_four_vertex,4,5,3,2,0,0,0
four_vertex_3473,all_four_vertex,4,6,3,2,0,1,0
four_vertex_3474,all_four_vertex,4,6,3,2,0,1,0
four_vertex_3475,all_four_vertex,4,7,3,2,0,2,0
four_vertex_3476,all_four_vertex,4,6,3,2,0,1,0
four_vertex_3477,all_four_vertex,4,7,3,2,0,2,0
four_vertex_3478,all_four_vertex,4,7,3,2,0,2,0
four_vertex_3479,all_four_vertex,4,8,3,2,0,3,0
four_vertex_3480,all_four_vertex,4,6,4,2,0,0,0
four_vertex_3481,all_four_vertex,4,7,4,3,0,0,0
four_vertex_3482,all_four_vertex,4,7,4,3,0,0,0
four_vertex_3483,all_four_vertex,4,8,4,4,0,0,0
four_vertex_3484,all_four_vertex,4,7,4,3,0,0,0
four_vertex_3485,all_four_vertex,4,8,4,4,0,0,0
four_vertex_3486,all_four_vertex,4,8,4,4,0,0,0
four_vertex_3487,all_four_vertex,4,9,4,5,0,0,0
four_vertex_3488,all_four_vertex,4,5,3,2,0,0,0
four_vertex_3489,all_four_vertex,4,6,3,2,0,1,0
four_vertex_3490,all_four_vertex,4,6,3,2,0,1,0
four_vertex_3491,all_four_vertex,4,7,3,2,0,2,0
four_vertex_3492,all_four_vertex,4,6,3,2,0,1,0
four_vertex_3493,all_four_vertex,4,7,3,2,0,2,0
four_vertex_3494,all_four_vertex,4,7,3,2,0,2,0
four_vertex_3495,all_four_vertex,4,8,3,2,0,3,0
four_vertex_3496,all_four_vertex,4,6,4,2,0,0,0
four_vertex_3497,all_four_vertex,4,7,4,3,0,0,0
four_vertex_3498,all_four_vertex,4,7,4,3,0,0,0
four_vertex_3499,all_four_vertex,4,8,4,4,0,0,0
four_vertex_3500,all_four_vertex,4,7,4,3,0,0,0
four_vertex_3501,all_four_vertex,4,8,4,4,0,0,0
four_vertex_3502,all_four_vertex,4,8,4,4,0,0,0
four_vertex_3503,all_four_vertex,4,9,4,5,0,0,0
four_vertex_3504,all_four_vertex,4,6,3,3,0,0,0
four_vertex_3505,all_four_vertex,4,7,3,3,0,1,0
four_vertex_3506,all_four_vertex,4,7,3,3,0,1,0
four_vertex_3507,all_four_vertex,4,8,3,3,0,2,0
four_vertex_3508,all_four_vertex,4,7,3,3,0,1,0
four_vertex_3509,all_four_vertex,4,8,3,3,0,2,0
four_vertex_3510,all_four_vertex,4,8,3,3,0,2,0
four_vertex_3511,all_four_vertex,4,9,3,3,0,3,0
four_vertex_3512,all_four_vertex,4,7,4,3,0,0,0
four_vertex_3513,all_four_vertex,4,8,4,4,0,0,0
four_vertex_3514,all_four_vertex,4,8,4,4,0,0,0
four_vertex_3515,all_four_vertex,4,9,4,5,0,0,0
four_vertex_3516,all_four_vertex,4,8,4,4,0,0,0
four_vertex_3517,all_four_vertex,4,9,4,5,0,0,0
four_vertex_3518,all_four_vertex,4,9,4,5,0,0,0
four_vertex_3519,all_four_vertex,4,10,4,6,0,0,0
four_vertex_3520,all_four_vertex,4,5,4,1,0,0,0
four_vertex_3521,all_four_vertex,4,6,4,1,0,1,0
four_vertex_3522,all_four_vertex,4,6,4,2,0,0,0
four_vertex_3523,all_four_vertex,4,7,4,2,0,1,0
four_vertex_3524,all_four_vertex,4,6,4,2,0,0,0
four_vertex_3525,all_four_vertex,4,7,4,2,0,1,0
four_vertex_3526,all_four_vertex,4,7,4,3,0,0,0
four_vertex_3527,all_four_vertex,4,8,4,3,0,1,0
four_vertex_3528,all_four_vertex,4,6,5,1,0,0,0
four_vertex_3529,all_four_vertex,4,7,5,2,0,0,0
four_vertex_3530,all_four_vertex,4,7,5,2,0,0,0
four_vertex_3531,all_four_vertex,4,8,5,3,0,0,0
four_vertex_3532,all_four_vertex,4,7,5,2,0,0,0
four_vertex_3533,all_four_vertex,4,8,5,3,0,0,0
four_vertex_3534,all_four_vertex,4,8,5,3,0,0,0
four_vertex_3535,all_four_vertex,4,9,5,4,0,0,0
four_vertex_3536,all_four_vertex,4,6,4,2,0,0,0
four_vertex_3537,all_four_vertex,4,7,4,2,1,0,0
four_vertex_3538,all_four_vertex,4,7,4,3,0,0,0
four_vertex_3539,all_four_vertex,4,8,4,3,1,0,0
four_vertex_3540,all_four_vertex,4,7,4,3,0,0,0
four_vertex_3541,all_four_vertex,4,8,4,3,1,0,0
four_vertex_3542,all_four_vertex,4,8,4,4,0,0,0
four_vertex_3543,all_four_vertex,4,9,4,4,1,0,0
four_vertex_3544,all_four_vertex,4,7,5,2,0,0,0
four_vertex_3545,all_four_vertex,4,8,5,3,0,0,0
four_vertex_3546,all_four_vertex,4,8,5,3,0,0,0
four_vertex_3547,all_four_vertex,4,9,5,4,0,0,0
four_vertex_3548,all_four_vertex,4,8,5,3,0,0,0
four_vertex_3549,all_four_vertex,4,9,5,4,0,0,0
four_vertex_3550,all_four_vertex,4,9,5,4,0,0,0
four_vertex_3551,all_four_vertex,4,10,5,5,0,0,0
four_vertex_3552,all_four_vertex,4,6,4,2,0,0,0
four_vertex_3553,all_four_vertex,4,7,4,2,1,0,0
four_vertex_3554,all_four_vertex,4,7,4,3,0,0,0
four_vertex_3555,all_four_vertex,4,8,4,3,1,0,0
four_vertex_3556,all_four_vertex,4,7,4,3,0,0,0
four_vertex_3557,all_four_vertex,4,8,4,3,1,0,0
four_vertex_3558,all_four_vertex,4,8,4,4,0,0,0
four_vertex_3559,all_four_vertex,4,9,4,4,1,0,0
four_vertex_3560,all_four_vertex,4,7,5,2,0,0,0
four_vertex_3561,all_four_vertex,4,8,5,3,0,0,0
four_vertex_3562,all_four_vertex,4,8,5,3,0,0,0
four_vertex_3563,all_four_vertex,4,9,5,4,0,0,0
four_vertex_3564,all_four_vertex,4,8,5,3,0,0,0
four_vertex_3565,all_four_vertex,4,9,5,4,0,0,0
four_vertex_3566,all_four_vertex,4,9,5,4,0,0,0
four_vertex_3567,all_four_vertex,4,10,5,5,0,0,0
four_vertex_3568,all_four_vertex,4,7,4,3,0,0,0
four_vertex_3569,all_four_vertex,4,8,4,3,1,0,0
four_vertex_3570,all_four_vertex,4,8,4,4,0,0,0
four_vertex_3571,all_four_vertex,4,9,4,4,1,0,0
four_vertex_3572,all_four_vertex,4,8,4,4,0,0,0
four_vertex_3573,all_four_vertex,4,9,4,4,1,0,0
four_vertex_3574,all_four_vertex,4,9,4,5,0,0,0
four_vertex_3575,all_four_vertex,4,10,4,5,1,0,0
four_vertex_3576,all_four_vertex,4,8,5,3,0,0,0
four_vertex_3577,all_four_vertex,4,9,5,4,0,0,0
four_vertex_3578,all_four_vertex,4,9,5,4,0,0,0
four_vertex_3579,all_four_vertex,4,10,5,5,0,0,0
four_vertex_3580,all_four_vertex,4,9,5,4,0,0,0
four_vertex_3581,all_four_vertex,4,10,5,5,0,0,0
four_vertex_3582,all_four_vertex,4,10,5,5,0,0,0
four_vertex_3583,all_four_vertex,4,11,5,6,0,0,0
four_vertex_3584,all_four_vertex,4,3,3,0,0,0,0
four_vertex_3585,all_four_vertex,4,4,3,0,0,1,0
four_vertex_3586,all_four_vertex,4,4,3,0,0,1,0
four_vertex_3587,all_four_vertex,4,5,3,0,0,2,0
four_vertex_3588,all_four_vertex,4,4,3,1,0,0,0
four_vertex_3589,all_four_vertex,4,5,3,1,0,1,0
four_vertex_3590,all_four_vertex,4,5,3,1,0,1,0
four_vertex_3591,all_four_vertex,4,6,3,1,0,2,0
four_vertex_3592,all_four_vertex,4,4,4,0,0,0,0
four_vertex_3593,all_four_vertex,4,5,4,1,0,0,0
four_vertex_3594,all_four_vertex,4,5,4,0,0,1,0
four_vertex_3595,all_four_vertex,4,6,4,1,0,1,0
four_vertex_3596,all_four_vertex,4,5,4,1,0,0,0
four_vertex_3597,all_four_vertex,4,6,4,2,0,0,0
four_vertex_3598,all_four_vertex,4,6,4,1,0,1,0
four_vertex_3599,all_four_vertex,4,7,4,2,0,1,0
four_vertex_3600,all_four_vertex,4,4,3,0,0,1,0
four_vertex_3601,all_four_vertex,4,5,3,0,0,2,0
four_vertex_3602,all_four_vertex,4,5,3,0,0,2,0
four_vertex_3603,all_four_vertex,4,6,3,0,0,3,0
four_vertex_3604,all_four_vertex,4,5,3,1,0,1,0
four_vertex_3605,all_four_vertex,4,6,3,1,0,2,0
four_vertex_3606,all_four_vertex,4,6,3,1,0,2,0
four_vertex_3607,all_four_vertex,4,7,3,1,0,3,0
four_vertex_3608,all_four_vertex,4,5,4,0,0,1,0
four_vertex_3609,all_four_vertex,4,6,4,1,0,1,0
four_vertex_3610,all_four_vertex,4,6,4,0,0,2,0
four_vertex_3611,all_four_vertex,4,7,4,1,0,2,0
four_vertex_3612,all_four_vertex,4,6,4,1,0,1,0
four_vertex_3613,all_four_vertex,4,7,4,2,0,1,0
four_vertex_3614,all_four_vertex,4,7,4,1,0,2,0
four_vertex_3615,all_four_vertex,4,8,4,2,0,2,0
four_vertex_3616,all_four_vertex,4,4,3,1,0,0,0
four_vertex_3617,all_four_vertex,4,5,3,1,1,0,0
four_vertex_3618,all_four_vertex,4,5,3,1,0,1,0
four_vertex_3619,all_four_vertex,4,6,3,1,1,1,0
four_vertex_3620,all_four_vertex,4,5,3,2,0,0,0
four_vertex_3621,all_four_vertex,4,6,3,2,1,0,0
four_vertex_3622,all_four_vertex,4,6,3,2,0,1,0
four_vertex_3623,all_four_vertex,4,7,3,2,1,1,0
four_vertex_3624,all_four_vertex,4,5,4,1,0,0,0
four_vertex_3625,all_four_vertex,4,6,4,2,0,0,0
four_vertex_3626,all_four_vertex,4,6,4,1,0,1,0
four_vertex_3627,all_four_vertex,4,7,4,2,0,1,0
four_vertex_3628,all_four_vertex,4,6,4,2,0,0,0
four_vertex_3629,all_four_vertex,4,7,4,3,0,0,0
four_vertex_3630,all_four_vertex,4,7,4,2,0,1,0
four_vertex_3631,all_four_vertex,4,8,4,3,0,1,0
four_vertex_3632,all_four_vertex,4,5,3,1,0,1,0
four_vertex_3633,all_four_vertex,4,6,3,1,1,1,0
four_vertex_3634,all_four_vertex,4,6,3,1,0,2,0
four_vertex_3635,all_four_vertex,4,7,3,1,1,2,0
four_vertex_3636,all_four_vertex,4,6,3,2,0,1,0
four_vertex_3637,all_four_vertex,4,7,3,2,1,1,0
four_vertex_3638,all_four_vertex,4,7,3,2,0,2,0
four_vertex_3639,all_four_vertex,4,8,3,2,1,2,0
four_vertex_3640,all_four_vertex,4,6,4,1,0,1,0
four_vertex_3641,all_four_vertex,4,7,4,2,0,1,0
four_vertex_3642,all_four_vertex,4,7,4,1,0,2,0
four_vertex_3643,all_four_vertex,4,8,4,2,0,2,0
four_vertex_3644,all_four_vertex,4,7,4,2,0,1,0
four_vertex_3645,all_four_vertex,4,8,4,3,0,1,0
four_vertex_3646,all_four_vertex,4,8,4,2,0,2,0
four_vertex_3647,all_four_vertex,4,9,4,3,0,2,0
four_vertex_3648,all_four_vertex,4,4,4,0,0,0,0
four_vertex_3649,all_four_vertex,4,5,4,0,0,1,0
four_vertex_3650,all_four_vertex,4,5,4,1,0,0,0
four_vertex_3651,all_four_vertex,4,6,4,1,0,1,0
four_vertex_3652,all_four_vertex,4,5,4,1,0,0,0
four_vertex_3653,all_four_vertex,4,6,4,1,0,1,0
four_vertex_3654,all_four_vertex,4,6,4,2,0,0,0
four_vertex_3655,all_four_vertex,4,7,4,2,0,1,0
four_vertex_3656,all_four_vertex,4,5,5,0,0,0,0
four_vertex_3657,all_four_vertex,4,6,5,1,0,0,0
four_vertex_3658,all_four_vertex,4,6,5,1,0,0,0
four_vertex_3659,all_four_vertex,4,7,5,2,0,0,0
four_vertex_3660,all_four_vertex,4,6,5,1,0,0,0
four_vertex_3661,all_four_vertex,4,7,5,2,0,0,0
four_vertex_3662,all_four_vertex,4,7,5,2,0,0,0
four_vertex_3663,all_four_vertex,4,8,5,3,0,0,0
four_vertex_3664,all_four_vertex,4,5,4,0,0,1,0
four_vertex_3665,all_four_vertex,4,6,4,0,2,0,0
four_vertex_3666,all_four_vertex,4,6,4,1,0,1,0
four_vertex_3667,all_four_vertex,4,7,4,1,2,0,0
four_vertex_3668,all_four_vertex,4,6,4,1,1,0,0
four_vertex_3669,all_four_vertex,4,7,4,1,2,0,0
four_vertex_3670,all_four_vertex,4,7,4,2,1,0,0
four_vertex_3671,all_four_vertex,4,8,4,2,2,0,0
four_vertex_3672,all_four_vertex,4,6,5,0,0,1,0
four_vertex_3673,all_four_vertex,4,7,5,1,1,0,0
four_vertex_3674,all_four_vertex,4,7,5,1,0,1,0
four_vertex_3675,all_four_vertex,4,8,5,2,1,0,0
four_vertex_3676,all_four_vertex,4,7,5,1,1,0,0
four_vertex_3677,all_four_vertex,4,8,5,2,1,0,0
four_vertex_3678,all_four_vertex,4,8,5,2,1,0,0
four_vertex_3679,all_four_vertex,4,9,5,3,1,0,0
four_vertex_3680,all_four_vertex,4,5,4,1,0,0,0
four_vertex_3681,all_four_vertex,4,6,4,1,1,0,0
four_vertex_3682,all_four_vertex,4,6,4,2,0,0,0
four_vertex_3683,all_four_vertex,4,7,4,2,1,0,0
four_vertex_3684,all_four_vertex,4,6,4,2,0,0,0
four_vertex_3685,all_four_vertex,4,7,4,2,1,0,0
four_vertex_3686,all_four_vertex,4,7,4,3,0,0,0
four_vertex_3687,all_four_vertex,4,8,4,3,1,0,0
four_vertex_3688,all_four_vertex,4,6,5,1,0,0,0
four_vertex_3689,all_four_vertex,4,7,5,2,0,0,0
four_vertex_3690,all_four_vertex,4,7,5,2,0,0,0
four_vertex_3691,all_four_vertex,4,8,5,3,0,0,0
four_vertex_3692,all_four_vertex,4,7,5,2,0,0,0
four_vertex_3693,all_four_vertex,4,8,5,3,0,0,0
four_vertex_3694,all_four_vertex,4,8,5,3,0,0,0
four_vertex_3695,all_four_vertex,4,9,5,4,0,0,0
four_vertex_3696,all_four_vertex,4,6,4,1,0,1,0
four_vertex_3697,all_four_vertex,4,7,4,1,2,0,0
four_vertex_3698,all_four_vertex,4,7,4,2,0,1,0
four_vertex_3699,all_four_vertex,4,8,4,2,2,0,0
four_vertex_3700,all_four_vertex,4,7,4,2,1,0,0
four_vertex_3701,all_four_vertex,4,8,4,2,2,0,0
four_vertex_3702,all_four_vertex,4,8,4,3,1,0,0
four_vertex_3703,all_four_vertex,4,9,4,3,2,0,0
four_vertex_3704,all_four_vertex,4,7,5,1,0,1,0
four_vertex_3705,all_four_vertex,4,8,5,2,1,0,0
four_vertex_3706,all_four_vertex,4,8,5,2,0,1,0
four_vertex_3707,all_four_vertex,4,9,5,3,1,0,0
four_vertex_3708,all_four_vertex,4,8,5,2,1,0,0
four_vertex_3709,all_four_vertex,4,9,5,3,1,0,0
four_vertex_3710,all_four_vertex,4,9,5,3,1,0,0
four_vertex_3711,all_four_vertex,4,10,5,4,1,0,0
four_vertex_3712,all_four_vertex,4,4,4,0,0,0,0
four_vertex_3713,all_four_vertex,4,5,4,0,0,1,0
four_vertex_3714,all_four_vertex,4,5,4,0,0,1,0
four_vertex_3715,all_four_vertex,4,6,4,0,0,2,0
four_vertex_3716,all_four_vertex,4,5,4,1,0,0,0
four_vertex_3717,all_four_vertex,4,6,4,1,0,1,0
four_vertex_3718,all_four_vertex,4,6,4,1,0,1,0
four_vertex_3719,all_four_vertex,4,7,4,1,0,2,0
four_vertex_3720,all_four_vertex,4,5,5,0,0,0,0
four_vertex_3721,all_four_vertex,4,6,5,1,0,0,0
four_vertex_3722,all_four_vertex,4,6,5,1,0,0,0
four_vertex_3723,all_four_vertex,4,7,5,2,0,0,0
four_vertex_3724,all_four_vertex,4,6,5,1,0,0,0
four_vertex_3725,all_four_vertex,4,7,5,2,0,0,0
four_vertex_3726,all_four_vertex,4,7,5,2,0,0,0
four_vertex_3727,all_four_vertex,4,8,5,3,0,0,0
four_vertex_3728,all_four_vertex,4,5,4,1,0,0,0
four_vertex_3729,all_four_vertex,4,6,4,1,0,1,0
four_vertex_3730,all_four_vertex,4,6,4,1,0,1,0
four_vertex_3731,all_four_vertex,4,7,4,1,0,2,0
four_vertex_3732,all_four_vertex,4,6,4,2,0,0,0
four_vertex_3733,all_four_vertex,4,7,4,2,0,1,0
four_vertex_3734,all_four_vertex,4,7,4,2,0,1,0
four_vertex_3735,all_four_vertex,4,8,4,2,0,2,0
four_vertex_3736,all_four_vertex,4,6,5,1,0,0,0
four_vertex_3737,all_four_vertex,4,7,5,2,0,0,0
four_vertex_3738,all_four_vertex,4,7,5,2,0,0,0
four_vertex_3739,all_four_vertex,4,8,5,3,0,0,0
four_vertex_3740,all_four_vertex,4,7,5,2,0,0,0
four_vertex_3741,all_four_vertex,4,8,5,3,0,0,0
four_vertex_3742,all_four_vertex,4,8,5,3,0,0,0
four_vertex_3743,all_four_vertex,4,9,5,4,0,0,0
four_vertex_3744,all_four_vertex,4,5,4,1,0,0,0
four_vertex_3745,all_four_vertex,4,6,4,1,1,0,0
four_vertex_3746,all_four_vertex,4,6,4,1,1,0,0
four_vertex_3747,all_four_vertex,4,7,4,1,2,0,0
four_vertex_3748,all_four_vertex,4,6,4,2,0,0,0
four_vertex_3749,all_four_vertex,4,7,4,2,1,0,0
four_vertex_3750,all_four_vertex,4,7,4,2,1,0,0
four_vertex_3751,all_four_vertex,4,8,4,2,2,0,0
four_vertex_3752,all_four_vertex,4,6,5,1,0,0,0
four_vertex_3753,all_four_vertex,4,7,5,2,0,0,0
four_vertex_3754,all_four_vertex,4,7,5,2,0,0,0
four_vertex_3755,all_four_vertex,4,8,5,3,0,0,0
four_vertex_3756,all_four_vertex,4,7,5,2,0,0,0
four_vertex_3757,all_four_vertex,4,8,5,3,0,0,0
four_vertex_3758,all_four_vertex,4,8,5,3,0,0,0
four_vertex_3759,all_four_vertex,4,9,5,4,0,0,0
four_vertex_3760,all_four_vertex,4,6,4,2,0,0,0
four_vertex_3761,all_four_vertex,4,7,4,2,1,0,0
four_vertex_3762,all_four_vertex,4,7,4,2,1,0,0
four_vertex_3763,all_four_vertex,4,8,4,2,2,0,0
four_vertex_3764,all_four_vertex,4,7,4,3,0,0,0
four_vertex_3765,all_four_vertex,4,8,4,3,1,0,0
four_vertex_3766,all_four_vertex,4,8,4,3,1,0,0
four_vertex_3767,all_four_vertex,4,9,4,3,2,0,0
four_vertex_3768,all_four_vertex,4,7,5,2,0,0,0
four_vertex_3769,all_four_vertex,4,8,5,3,0,0,0
four_vertex_3770,all_four_vertex,4,8,5,3,0,0,0
four_vertex_3771,all_four_vertex,4,9,5,4,0,0,0
four_vertex_3772,all_four_vertex,4,8,5,3,0,0,0
four_vertex_3773,all_four_vertex,4,9,5,4,0,0,0
four_vertex_3774,all_four_vertex,4,9,5,4,0,0,0
four_vertex_3775,all_four_vertex,4,10,5,5,0,0,0
four_vertex_3776,all_four_vertex,4,5,5,0,0,0,0
four_vertex_3777,all_four_vertex,4,6,5,0,0,1,0
four_vertex_3778,all_four_vertex,4,6,5,1,0,0,0
four_vertex_3779,all_four_vertex,4,7,5,1,0,1,0
four_vertex_3780,all_four_vertex,4,6,5,1,0,0,0
four_vertex_3781,all_four_vertex,4,7,5,1,0,1,0
four_vertex_3782,all_four_vertex,4,7,5,2,0,0,0
four_vertex_3783,all_four_vertex,4,8,5,2,0,1,0
four_vertex_3784,all_four_vertex,4,6,6,0,0,0,0
four_vertex_3785,all_four_vertex,4,7,6,1,0,0,0
four_vertex_3786,all_four_vertex,4,7,6,1,0,0,0
four_vertex_3787,all_four_vertex,4,8,6,2,0,0,0
four_vertex_3788,all_four_vertex,4,7,6,1,0,0,0
four_vertex_3789,all_four_vertex,4,8,6,2,0,0,0
four_vertex_3790,all_four_vertex,4,8,6,2,0,0,0
four_vertex_3791,all_four_vertex,4,9,6,3,0,0,0
four_vertex_3792,all_four_vertex,4,6,5,1,0,0,0
four_vertex_3793,all_four_vertex,4,7,5,1,1,0,0
four_vertex_3794,all_four_vertex,4,7,5,2,0,0,0
four_vertex_3795,all_four_vertex,4,8,5,2,1,0,0
four_vertex_3796,all_four_vertex,4,7,5,2,0,0,0
four_vertex_3797,all_four_vertex,4,8,5,2,1,0,0
four_vertex_3798,all_four_vertex,4,8,5,3,0,0,0
four_vertex_3799,all_four_vertex,4,9,5,3,1,0,0
four_vertex_3800,all_four_vertex,4,7,6,1,0,0,0
four_vertex_3801,all_four_vertex,4,8,6,2,0,0,0
four_vertex_3802,all_four_vertex,4,8,6,2,0,0,0
four_vertex_3803,all_four_vertex,4,9,6,3,0,0,0
four_vertex_3804,all_four_vertex,4,8,6,2,0,0,0
four_vertex_3805,all_four_vertex,4,9,6,3,0,0,0
four_vertex_3806,all_four_vertex,4,9,6,3,0,0,0
four_vertex_3807,all_four_vertex,4,10,6,4,0,0,0
four_vertex_3808,all_four_vertex,4,6,5,1,0,0,0
four_vertex_3809,all_four_vertex,4,7,5,1,1,0,0
four_vertex_3810,all_four_vertex,4,7,5,2,0,0,0
four_vertex_3811,all_four_vertex,4,8,5,2,1,0,0
four_vertex_3812,all_four_vertex,4,7,5,2,0,0,0
four_vertex_3813,all_four_vertex,4,8,5,2,1,0,0
four_vertex_3814,all_four_vertex,4,8,5,3,0,0,0
four_vertex_3815,all_four_vertex,4,9,5,3,1,0,0
four_vertex_3816,all_four_vertex,4,7,6,1,0,0,0
four_vertex_3817,all_four_vertex,4,8,6,2,0,0,0
four_vertex_3818,all_four_vertex,4,8,6,2,0,0,0
four_vertex_3819,all_four_vertex,4,9,6,3,0,0,0
four_vertex_3820,all_four_vertex,4,8,6,2,0,0,0
four_vertex_3821,all_four_vertex,4,9,6,3,0,0,0
four_vertex_3822,all_four_vertex,4,9,6,3,0,0,0
four_vertex_3823,all_four_vertex,4,10,6,4,0,0,0
four_vertex_3824,all_four_vertex,4,7,5,2,0,0,0
four_vertex_3825,all_four_vertex,4,8,5,2,1,0,0
four_vertex_3826,all_four_vertex,4,8,5,3,0,0,0
four_vertex_3827,all_four_vertex,4,9,5,3,1,0,0
four_vertex_3828,all_four_vertex,4,8,5,3,0,0,0
four_vertex_3829,all_four_vertex,4,9,5,3,1,0,0
four_vertex_3830,all_four_vertex,4,9,5,4,0,0,0
four_vertex_3831,all_four_vertex,4,10,5,4,1,0,0
four_vertex_3832,all_four_vertex,4,8,6,2,0,0,0
four_vertex_3833,all_four_vertex,4,9,6,3,0,0,0
four_vertex_3834,all_four_vertex,4,9,6,3,0,0,0
four_vertex_3835,all_four_vertex,4,10,6,4,0,0,0
four_vertex_3836,all_four_vertex,4,9,6,3,0,0,0
four_vertex_3837,all_four_vertex,4,10,6,4,0,0,0
four_vertex_3838,all_four_vertex,4,10,6,4,0,0,0
four_vertex_3839,all_four_vertex,4,11,6,5,0,0,0
four_vertex_3840,all_four_vertex,4,4,3,1,0,0,0
four_vertex_3841,all_four_vertex,4,5,3,1,0,1,0
four_vertex_3842,all_four_vertex,4,5,3,1,1,0,0
four_vertex_3843,all_four_vertex,4,6,3,1,1,1,0
four_vertex_3844,all_four_vertex,4,5,3,2,0,0,0
four_vertex_3845,all_four_vertex,4,6,3,2,0,1,0
four_vertex_3846,all_four_vertex,4,6,3,2,1,0,0
four_vertex_3847,all_four_vertex,4,7,3,2,1,1,0
four_vertex_3848,all_four_vertex,4,5,4,1,0,0,0
four_vertex_3849,all_four_vertex,4,6,4,2,0,0,0
four_vertex_3850,all_four_vertex,4,6,4,1,1,0,0
four_vertex_3851,all_four_vertex,4,7,4,2,1,0,0
four_vertex_3852,all_four_vertex,4,6,4,2,0,0,0
four_vertex_3853,all_four_vertex,4,7,4,3,0,0,0
four_vertex_3854,all_four_vertex,4,7,4,2,1,0,0
four_vertex_3855,all_four_vertex,4,8,4,3,1,0,0
four_vertex_3856,all_four_vertex,4,5,3,1,1,0,0
four_vertex_3857,all_four_vertex,4,6,3,1,1,1,0
four_vertex_3858,all_four_vertex,4,6,3,1,2,0,0
four_vertex_3859,all_four_vertex,4,7,3,1,2,1,0
four_vertex_3860,all_four_vertex,4,6,3,2,1,0,0
four_vertex_3861,all_four_vertex,4,7,3,2,1,1,0
four_vertex_3862,all_four_vertex,4,7,3,2,2,0,0
four_vertex_3863,all_four_vertex,4,8,3,2,2,1,0
four_vertex_3864,all_four_vertex,4,6,4,1,1,0,0
four_vertex_3865,all_four_vertex,4,7,4,2,1,0,0
four_vertex_3866,all_four_vertex,4,7,4,1,2,0,0
four_vertex_3867,all_four_vertex,4,8,4,2,2,0,0
four_vertex_3868,all_four_vertex,4,7,4,2,1,0,0
four_vertex_3869,all_four_vertex,4,8,4,3,1,0,0
four_vertex_3870,all_four_vertex,4,8,4,2,2,0,0
four_vertex_3871,all_four_vertex,4,9,4,3,2,0,0
four_vertex_3872,all_four_vertex,4,5,3,2,0,0,0
four_vertex_3873,all_four_vertex,4,6,3,2,1,0,0
four_vertex_3874,all_four_vertex,4,6,3,2,1,0,0
four_vertex_3875,all_four_vertex,4,7,3,2,2,0,0
four_vertex_3876,all_four_vertex,4,6,3,3,0,0,0
four_vertex_3877,all_four_vertex,4,7,3,3,1,0,0
four_vertex_3878,all_four_vertex,4,7,3,3,1,0,0
four_vertex_3879,all_four_vertex,4,8,3,3,2,0,0
four_vertex_3880,all_four_vertex,4,6,4,2,0,0,0
four_vertex_3881,all_four_vertex,4,7,4,3,0,0,0
four_vertex_3882,all_four_vertex,4,7,4,2,1,0,0
four_vertex_3883,all_four_vertex,4,8,4,3,1,0,0
four_vertex_3884,all_four_vertex,4,7,4,3,0,0,0
four_vertex_3885,all_four_vertex,4,8,4,4,0,0,0
four_vertex_3886,all_four_vertex,4,8,4,3,1,0,0
four_vertex_3887,all_four_vertex,4,9,4,4,1,0,0
four_vertex_3888,all_four_vertex,4,6,3,2,1,0,0
four_vertex_3889,all_four_vertex,4,7,3,2,2,0,0
four_vertex_3890,all_four_vertex,4,7,3,2,2,0,0
four_vertex_3891,all_four_vertex,4,8,3,2,3,0,0
four_vertex_3892,all_four_vertex,4,7,3,3,1,0,0
four_vertex_3893,all_four_vertex,4,8,3,3,2,0,0
four_vertex_3894,all_four_vertex,4,8,3,3,2,0,0
four_vertex_3895,all_four_vertex,4,9,3,3,3,0,0
four_vertex_3896,all_four_vertex,4,7,4,2,1,0,0
four_vertex_3897,all_four_vertex,4,8,4,3,1,0,0
four_vertex_3898,all_four_vertex,4,8,4,2,2,0,0
four_vertex_3899,all_four_vertex,4,9,4,3,2,0,0
four_vertex_3900,all_four_vertex,4,8,4,3,1,0,0
four_vertex_3901,all_four_vertex,4,9,4,4,1,0,0
four_vertex_3902,all_four_vertex,4,9,4,3,2,0,0
four_vertex_3903,all_four_vertex,4,10,4,4,2,0,0
four_vertex_3904,all_four_vertex,4,5,4,1,0,0,0
four_vertex_3905,all_four_vertex,4,6,4,1,0,1,0
four_vertex_3906,all_four_vertex,4,6,4,2,0,0,0
four_vertex_3907,all_four_vertex,4,7,4,2,0,1,0
four_vertex_3908,all_four_vertex,4,6,4,2,0,0,0
four_vertex_3909,all_four_vertex,4,7,4,2,0,1,0
four_vertex_3910,all_four_vertex,4,7,4,3,0,0,0
four_vertex_3911,all_four_vertex,4,8,4,3,0,1,0
four_vertex_3912,all_four_vertex,4,6,5,1,0,0,0
four_vertex_3913,all_four_vertex,4,7,5,2,0,0,0
four_vertex_3914,all_four_vertex,4,7,5,2,0,0,0
four_vertex_3915,all_four_vertex,4,8,5,3,0,0,0
four_vertex_3916,all_four_vertex,4,7,5,2,0,0,0
four_vertex_3917,all_four_vertex,4,8,5,3,0,0,0
four_vertex_3918,all_four_vertex,4,8,5,3,0,0,0
four_vertex_3919,all_four_vertex,4,9,5,4,0,0,0
four_vertex_3920,all_four_vertex,4,6,4,1,1,0,0
four_vertex_3921,all_four_vertex,4,7,4,1,2,0,0
four_vertex_3922,all_four_vertex,4,7,4,2,1,0,0
four_vertex_3923,all_four_vertex,4,8,4,2,2,0,0
four_vertex_3924,all_four_vertex,4,7,4,2,1,0,0
four_vertex_3925,all_four_vertex,4,8,4,2,2,0,0
four_vertex_3926,all_four_vertex,4,8,4,3,1,0,0
four_vertex_3927,all_four_vertex,4,9,4,3,2,0,0
four_vertex_3928,all_four_vertex,4,7,5,1,1,0,0
four_vertex_3929,all_four_vertex,4,8,5,2,1,0,0
four_vertex_3930,all_four_vertex,4,8,5,2,1,0,0
four_vertex_3931,all_four_vertex,4,9,5,3,1,0,0
four_vertex_3932,all_four_vertex,4,8,5,2,1,0,0
four_vertex_3933,all_four_vertex,4,9,5,3,1,0,0
four_vertex_3934,all_four_vertex,4,9,5,3,1,0,0
four_vertex_3935,all_four_vertex,4,10,5,4,1,0,0
four_vertex_3936,all_four_vertex,4,6,4,2,0,0,0
four_vertex_3937,all_four_vertex,4,7,4,2,1,0,0
four_vertex_3938,all_four_vertex,4,7,4,3,0,0,0
four_vertex_3939,all_four_vertex,4,8,4,3,1,0,0
four_vertex_3940,all_four_vertex,4,7,4,3,0,0,0
four_vertex_3941,all_four_vertex,4,8,4,3,1,0,0
four_vertex_3942,all_four_vertex,4,8,4,4,0,0,0
four_vertex_3943,all_four_vertex,4,9,4,4,1,0,0
four_vertex_3944,all_four_vertex,4,7,5,2,0,0,0
four_vertex_3945,all_four_vertex,4,8,5,3,0,0,0
four_vertex_3946,all_four_vertex,4,8,5,3,0,0,0
four_vertex_3947,all_four_vertex,4,9,5,4,0,0,0
four_vertex_3948,all_four_vertex,4,8,5,3,0,0,0
four_vertex_3949,all_four_vertex,4,9,5,4,0,0,0
four_vertex_3950,all_four_vertex,4,9,5,4,0,0,0
four_vertex_3951,all_four_vertex,4,10,5,5,0,0,0
four_vertex_3952,all_four_vertex,4,7,4,2,1,0,0
four_vertex_3953,all_four_vertex,4,8,4,2,2,0,0
four_vertex_3954,all_four_vertex,4,8,4,3,1,0,0
four_vertex_3955,all_four_vertex,4,9,4,3,2,0,0
four_vertex_3956,all_four_vertex,4,8,4,3,1,0,0
four_vertex_3957,all_four_vertex,4,9,4,3,2,0,0
four_vertex_3958,all_four_vertex,4,9,4,4,1,0,0
four_vertex_3959,all_four_vertex,4,10,4,4,2,0,0
four_vertex_3960,all_four_vertex,4,8,5,2,1,0,0
four_vertex_3961,all_four_vertex,4,9,5,3,1,0,0
four_vertex_3962,all_four_vertex,4,9,5,3,1,0,0
four_vertex_3963,all_four_vertex,4,10,5,4,1,0,0
four_vertex_3964,all_four_vertex,4,9,5,3,1,0,0
four_vertex_3965,all_four_vertex,4,10,5,4,1,0,0
four_vertex_3966,all_four_vertex,4,10,5,4,1,0,0
four_vertex_3967,all_four_vertex,4,11,5,5,1,0,0
four_vertex_3968,all_four_vertex,4,5,4,1,0,0,0
four_vertex_3969,all_four_vertex,4,6,4,1,0,1,0
four_vertex_3970,all_four_vertex,4,6,4,1,1,0,0
four_vertex_3971,all_four_vertex,4,7,4,1,1,1,0
four_vertex_3972,all_four_vertex,4,6,4,2,0,0,0
four_vertex_3973,all_four_vertex,4,7,4,2,0,1,0
four_vertex_3974,all_four_vertex,4,7,4,2,1,0,0
four_vertex_3975,all_four_vertex,4,8,4,2,1,1,0
four_vertex_3976,all_four_vertex,4,6,5,1,0,0,0
four_vertex_3977,all_four_vertex,4,7,5,2,0,0,0
four_vertex_3978,all_four_vertex,4,7,5,2,0,0,0
four_vertex_3979,all_four_vertex,4,8,5,3,0,0,0
four_vertex_3980,all_four_vertex,4,7,5,2,0,0,0
four_vertex_3981,all_four_vertex,4,8,5,3,0,0,0
four_vertex_3982,all_four_vertex,4,8,5,3,0,0,0
four_vertex_3983,all_four_vertex,4,9,5,4,0,0,0
four_vertex_3984,all_four_vertex,4,6,4,2,0,0,0
four_vertex_3985,all_four_vertex,4,7,4,2,0,1,0
four_vertex_3986,all_four_vertex,4,7,4,2,1,0,0
four_vertex_3987,all_four_vertex,4,8,4,2,1,1,0
four_vertex_3988,all_four_vertex,4,7,4,3,0,0,0
four_vertex_3989,all_four_vertex,4,8,4,3,0,1,0
four_vertex_3990,all_four_vertex,4,8,4,3,1,0,0
four_vertex_3991,all_four_vertex,4,9,4,3,1,1,0
four_vertex_3992,all_four_vertex,4,7,5,2,0,0,0
four_vertex_3993,all_four_vertex,4,8,5,3,0,0,0
four_vertex_3994,all_four_vertex,4,8,5,3,0,0,0
four_vertex_3995,all_four_vertex,4,9,5,4,0,0,0
four_vertex_3996,all_four_vertex,4,8,5,3,0,0,0
four_vertex_3997,all_four_vertex,4,9,5,4,0,0,0
four_vertex_3998,all_four_vertex,4,9,5,4,0,0,0
four_vertex_3999,all_four_vertex,4,10,5,5,0,0,0
four_vertex_4000,all_four_vertex,4,6,4,2,0,0,0
four_vertex_4001,all_four_vertex,4,7,4,2,1,0,0
four_vertex_4002,all_four_vertex,4,7,4,2,1,0,0
four_vertex_4003,all_four_vertex,4,8,4,2,2,0,0
four_vertex_4004,all_four_vertex,4,7,4,3,0,0,0
four_vertex_4005,all_four_vertex,4,8,4,3,1,0,0
four_vertex_4006,all_four_vertex,4,8,4,3,1,0,0
four_vertex_4007,all_four_vertex,4,9,4,3,2,0,0
four_vertex_4008,all_four_vertex,4,7,5,2,0,0,0
four_vertex_4009,all_four_vertex,4,8,5,3,0,0,0
four_vertex_4010,all_four_vertex,4,8,5,3,0,0,0
four_vertex_4011,all_four_vertex,4,9,5,4,0,0,0
four_vertex_4012,all_four_vertex,4,8,5,3,0,0,0
four_vertex_4013,all_four_vertex,4,9,5,4,0,0,0
four_vertex_4014,all_four_vertex,4,9,5,4,0,0,0
four_vertex_4015,all_four_vertex,4,10,5,5,0,0,0
four_vertex_4016,all_four_vertex,4,7,4,3,0,0,0
four_vertex_4017,all_four_vertex,4,8,4,3,1,0,0
four_vertex_4018,all_four_vertex,4,8,4,3,1,0,0
four_vertex_4019,all_four_vertex,4,9,4,3,2,0,0
four_vertex_4020,all_four_vertex,4,8,4,4,0,0,0
four_vertex_4021,all_four_vertex,4,9,4,4,1,0,0
four_vertex_4022,all_four_vertex,4,9,4,4,1,0,0
four_vertex_4023,all_four_vertex,4,10,4,4,2,0,0
four_vertex_4024,all_four_vertex,4,8,5,3,0,0,0
four_vertex_4025,all_four_vertex,4,9,5,4,0,0,0
four_vertex_4026,all_four_vertex,4,9,5,4,0,0,0
four_vertex_4027,all_four_vertex,4,10,5,5,0,0,0
four_vertex_4028,all_four_vertex,4,9,5,4,0,0,0
four_vertex_4029,all_four_vertex,4,10,5,5,0,0,0
four_vertex_4030,all_four_vertex,4,10,5,5,0,0,0
four_vertex_4031,all_four_vertex,4,11,5,6,0,0,0
four_vertex_4032,all_four_vertex,4,6,5,1,0,0,0
four_vertex_4033,all_four_vertex,4,7,5,1,0,1,0
four_vertex_4034,all_four_vertex,4,7,5,2,0,0,0
four_vertex_4035,all_four_vertex,4,8,5,2,0,1,0
four_vertex_4036,all_four_vertex,4,7,5,2,0,0,0
four_vertex_4037,all_four_vertex,4,8,5,2,0,1,0
four_vertex_4038,all_four_vertex,4,8,5,3,0,0,0
four_vertex_4039,all_four_vertex,4,9,5,3,0,1,0
four_vertex_4040,all_four_vertex,4,7,6,1,0,0,0
four_vertex_4041,all_four_vertex,4,8,6,2,0,0,0
four_vertex_4042,all_four_vertex,4,8,6,2,0,0,0
four_vertex_4043,all_four_vertex,4,9,6,3,0,0,0
four_vertex_4044,all_four_vertex,4,8,6,2,0,0,0
four_vertex_4045,all_four_vertex,4,9,6,3,0,0,0
four_vertex_4046,all_four_vertex,4,9,6,3,0,0,0
four_vertex_4047,all_four_vertex,4,10,6,4,0,0,0
four_vertex_4048,all_four_vertex,4,7,5,2,0,0,0
four_vertex_4049,all_four_vertex,4,8,5,2,1,0,0
four_vertex_4050,all_four_vertex,4,8,5,3,0,0,0
four_vertex_4051,all_four_vertex,4,9,5,3,1,0,0
four_vertex_4052,all_four_vertex,4,8,5,3,0,0,0
four_vertex_4053,all_four_vertex,4,9,5,3,1,0,0
four_vertex_4054,all_four_vertex,4,9,5,4,0,0,0
four_vertex_4055,all_four_vertex,4,10,5,4,1,0,0
four_vertex_4056,all_four_vertex,4,8,6,2,0,0,0
four_vertex_4057,all_four_vertex,4,9,6,3,0,0,0
four_vertex_4058,all_four_vertex,4,9,6,3,0,0,0
four_vertex_4059,all_four_vertex,4,10,6,4,0,0,0
four_vertex_4060,all_four_vertex,4,9,6,3,0,0,0
four_vertex_4061,all_four_vertex,4,10,6,4,0,0,0
four_vertex_4062,all_four_vertex,4,10,6,4,0,0,0
four_vertex_4063,all_four_vertex,4,11,6,5,0,0,0
four_vertex_4064,all_four_vertex,4,7,5,2,0,0,0
four_vertex_4065,all_four_vertex,4,8,5,2,1,0,0
four_vertex_4066,all_four_vertex,4,8,5,3,0,0,0
four_vertex_4067,all_four_vertex,4,9,5,3,1,0,0
four_vertex_4068,all_four_vertex,4,8,5,3,0,0,0
four_vertex_4069,all_four_vertex,4,9,5,3,1,0,0
four_vertex_4070,all_four_vertex,4,9,5,4,0,0,0
four_vertex_4071,all_four_vertex,4,10,5,4,1,0,0
four_vertex_4072,all_four_vertex,4,8,6,2,0,0,0
four_vertex_4073,all_four_vertex,4,9,6,3,0,0,0
four_vertex_4074,all_four_vertex,4,9,6,3,0,0,0
four_vertex_4075,all_four_vertex,4,10,6,4,0,0,0
four_vertex_4076,all_four_vertex,4,9,6,3,0,0,0
four_vertex_4077,all_four_vertex,4,10,6,4,0,0,0
four_vertex_4078,all_four_vertex,4,10,6,4,0,0,0
four_vertex_4079,all_four_vertex,4,11,6,5,0,0,0
four_vertex_4080,all_four_vertex,4,8,5,3,0,0,0
four_vertex_4081,all_four_vertex,4,9,5,3,1,0,0
four_vertex_4082,all_four_vertex,4,9,5,4,0,0,0
four_vertex_4083,all_four_vertex,4,10,5,4,1,0,0
four_vertex_4084,all_four_vertex,4,9,5,4,0,0,0
four_vertex_4085,all_four_vertex,4,10,5,4,1,0,0
four_vertex_4086,all_four_vertex,4,10,5,5,0,0,0
four_vertex_4087,all_four_vertex,4,11,5,5,1,0,0
four_vertex_4088,all_four_vertex,4,9,6,3,0,0,0
four_vertex_4089,all_four_vertex,4,10,6,4,0,0,0
four_vertex_4090,all_four_vertex,4,10,6,4,0,0,0
four_vertex_4091,all_four_vertex,4,11,6,5,0,0,0
four_vertex_4092,all_four_vertex,4,10,6,4,0,0,0
four_vertex_4093,all_four_vertex,4,11,6,5,0,0,0
four_vertex_4094,all_four_vertex,4,11,6,5,0,0,0
four_vertex_4095,all_four_vertex,4,12,6,6,0,0,0
