L,W,realization,S,edge_sha256,source_id
256.0,0.75,0.0,0.0045324961344401,6ff8ce96b9d4e454f3fe2d069241102c9cd2484a06f5e713dc80b02c6d577288,source_0001
256.0,0.75,1.0,0.0070101420084635,bc8588ce6e19bd17a0d52403b3a4769db4c4aaa31e5ff72f1aa584e38daee0cd,source_0001
256.0,0.75,2.0,0.005893071492513,846820e70bd9bad1b75d19303da2f53a8cf5851f5b30873122c3e780471f368c,source_0001
256.0,0.75,3.0,0.0126247406005859,9ce6ac6d3a0d9dbbcdb9973945be452ecdc5ed0af53b06855aedabc183f6feb8,source_0001
256.0,0.75,4.0,0.0068213144938151,24ba1194c94b14defa928da8b48f3c4bfdb2dfd138f38683886e6d19b998f8c5,source_0001
256.0,0.75,5.0,0.0071328481038411,1c021411ae2662d30d0e638a5de3af48182a7925ec3775594ecbb578a22c6ef0,source_0001
256.0,0.75,6.0,0.0055154164632161,39de35713d7ffb3a175dcedf97d914b24fe91881b1475460ac50a4b3cdcc0a85,source_0001
256.0,0.75,7.0,0.0079263051350911,a55c865d5e39d40f9e31860171f8b7e66233471b126e35c0e4c73ccac1e50e40,source_0001
256.0,0.7825,0.0,0.1400814056396484,306c540a9890868bda5247a05841428e72201dbd2a9b13a1d0e626de9f2747c9,source_0001
256.0,0.7825,1.0,0.0957317352294921,fd8009641f8ad384231d332810f9f940c5fef8e8a9c2f0a171b5f784c77da243,source_0001
256.0,0.7825,2.0,0.0489387512207031,44f8efaef206a1dd58f8bb4600d57765c6563ad9ec7f8f91f2e567aa52c985ed,source_0001
256.0,0.7825,3.0,0.0786374409993489,f5a2dc004d25b29d5f015ed53f059b1efd50024cfa8ee7bf917a8aba401fc61e,source_0001
256.0,0.7825,4.0,0.1140588124593098,510b94db88dbc65ca0511b92e7779103f07479529d96deceafe29a30ffc79a6f,source_0001
256.0,0.7825,5.0,0.0628973642985026,0a2d20b88594eeb56da3dbeb737de79103fb72448c8ecc777ae4375ca1f898b1,source_0001
256.0,0.7825,6.0,0.1764113108317057,755f3231f5cba81905b1714453c262f7844e6b7d67069e6af05693790a5ca057,source_0001
256.0,0.7825,7.0,0.1033643086751302,d97e89fae4851a39ea2b8faf565f3c53ba8f5b4c32315d4268c1ec52d84830a7,source_0001
256.0,0.7825,8.0,0.0789623260498046,f839af595e9db30f4e9e739503bc19773e240fabbc8031e889be68a875bfec7a,source_0001
256.0,0.7825,9.0,0.1015726725260416,f627a698956e6fa76b44f53fe86ca86a99365dd7761be723915dbfc4d69dcb96,source_0001
256.0,0.7825,10.0,0.0617485046386718,0fea94eec8bcf5b4313c7ec860a20f4b3c80378a9989aad5d18fba48e4a5a02a,source_0001
256.0,0.7825,11.0,0.0862948099772135,2abeeba47ae6fe25545a8ca96ac6ebc0b35ce9e071b517fb7b9aa521f0ea995e,source_0001
256.0,0.7825,12.0,0.0823860168457031,67c6edd60f31a7108528e9672aba51445fb03eed3d0451dc78c687638ad7ef05,source_0001
256.0,0.7825,13.0,0.1690057118733724,87a1c8208a70361997a60f4fe8c8f01a5cb7df0a7bc3f3c197e18b65e057f220,source_0001
256.0,0.7825,14.0,0.0787150065104166,38ad75e709d62e3df59536d445d7d7054e815bf5b6a81ea1e945d3fa042f5a40,source_0001
256.0,0.7825,15.0,0.0582955678304036,5660fed4196352d215cddd9cecf100e34c01e62d84bc4c123086cf58302b79a7,source_0001
256.0,0.7825,16.0,0.1065457661946614,74a2dfff7f92c39b83db2fdbf3d549dbd5a682f0e8334a36193ecfe263ccc702,source_0001
256.0,0.7825,17.0,0.0904394785563151,0a6c0ff6dd14065c7d76df2160f5d8f645285f7725f6de10d174c685dce06381,source_0001
256.0,0.7825,18.0,0.0404777526855468,7950aa44af9615cf688e226787ed33a48adbfb0926a3047894d1b5d0a6d7d5a7,source_0001
256.0,0.7825,19.0,0.0715599060058593,18d668fe4f6be439dddc3f333b329d35196ff38716881177eb0c9e2530f38169,source_0001
256.0,0.7825,20.0,0.1335302988688151,51784910596af400873635b16717eb1f1fa285de4b3b44270566164da542fb6e,source_0001
256.0,0.7825,21.0,0.0535087585449218,7810d8c67c1f01082d95e75fc7dbe97825655d1f8604f7aa99d8fddf531b1298,source_0001
256.0,0.7825,22.0,0.058966318766276,1c0ad727155a95bbb387a6bb036c647d5f476e530dd1b608a959dcce7b00c47e,source_0001
256.0,0.7825,23.0,0.1115182240804036,223d420b5993b5651d6ea8d342e84a93f61efb98fdb339365d200a7d3ebdf530,source_0001
256.0,0.7825,24.0,0.120337168375651,276b8822e42d4f83f13dfc90220992a9fc04da09ca0dbcd599e81577f72439d1,source_0001
256.0,0.7825,25.0,0.1099777221679687,5891e2ba230b5529265d1d5abced0bced4bdb095cc15dbcb8664be7f27ce0919,source_0001
256.0,0.7825,26.0,0.1238307952880859,a6618c95eb9b03b049a82a43028e67fffdc39f433100f034529103d71b21bd07,source_0001
256.0,0.7825,27.0,0.0846996307373046,f1b85c9d680404f9e669c92d91bfae93797812046e9659af4364ada24c79ee37,source_0001
256.0,0.7825,28.0,0.0477619171142578,d4a836767f6b11dc57ea1f89181d295b46fff1e0b5222979f6030a2e3ddac002,source_0001
256.0,0.7825,29.0,0.0780569712320963,778e87e6871c47e8ac87363a4bca4361bc133e4d6b3e669599acfa929e05ff5e,source_0001
256.0,0.7825,30.0,0.0760485331217448,26d4db768dbef156bae3ad792d98f76b42f69ec406ac0adc14b0a7476ff6a193,source_0001
256.0,0.7825,31.0,0.1927464803059896,e92f4894b2a80e112917c02722f4492be9d0807d5a29e5876d6ecfa670a9893b,source_0001
256.0,0.7825,32.0,0.0418593088785807,d30738fb7049ac9766e4b5ba9a619eae7e1a32eb3d240dedf5ce24c5d97741b7,source_0001
256.0,0.7825,33.0,0.1223061879475911,58258a4f486a3699d5be459a7a25e796a33bd27ef80a9b3c0fbc6a026b12539a,source_0001
256.0,0.7825,34.0,0.1083819071451823,fc6ea23337792cea766d3b1c8ce767596a7f1c914431df7b57cfb20b2d5c1a1c,source_0001
256.0,0.7825,35.0,0.1649271647135416,60766e10bea6496498244c40cde3b52c5bc7bd5c84487b92315466db8824009c,source_0001
256.0,0.7825,36.0,0.0325279235839843,971567deddca5b989f270295f97af9e17c3e88647e9368dcbecc2910f4a6acdd,source_0001
256.0,0.7825,37.0,0.0648581186930338,b5f325401bd9c4728bbac0f5c3f4c8e6c911ef8a0e95e5f641c04630b848e26c,source_0001
256.0,0.7825,38.0,0.0449962615966796,65cae807cbb3b05eb4065e1aae5f7472aa0545a524762282a589edc1cf9818cc,source_0001
256.0,0.7825,39.0,0.0624650319417317,fb375608d46fa18fc035f67e442872f4133317c9e1917f9391946d86b46b30c0,source_0001
256.0,0.7825,40.0,0.0969804128011067,d086186c4054aa167fea7493c91176df883fb2949d718ab686ace8e1326b185d,source_0001
256.0,0.7825,41.0,0.0658613840738932,cad81dac054e19b59c052439872cd5b549d8454f1c8f1a6838747514ef5cfae6,source_0001
256.0,0.7825,42.0,0.0830453236897786,024be1a890da5b77a92c8c803321eb8750ed0e9294903ca83d090017c9d8c247,source_0001
256.0,0.7825,43.0,0.0704695383707682,78548c1b90f34fca07ea5d06101251e69a05ec1230fe5b9b9e03f891a1e604bb,source_0001
256.0,0.7825,44.0,0.0840555826822916,d7680d74202ba9c3d148c21459b7c8c603a52680f172b77774b000e1587f8e89,source_0001
256.0,0.7825,45.0,0.1413256327311197,6a7d808c5c92ee92c14f6f02b8d56fb839d1982514fe2da123e29d4e1f9aca0e,source_0001
256.0,0.7825,46.0,0.1012999216715494,0472e509406a0f72d550f26433744bc0ac016d076df19829c91d4836d7c16d0f,source_0001
256.0,0.7825,47.0,0.0577189127604166,a48a8969e46dcdc4a4cedd1757463c38e12fc8de04a0714b8a40edd8e6805293,source_0001
256.0,0.7875,0.0,0.1528193155924479,df7b8d651e41d027fa78738e540d4df05651e5bde1def0438f9686c3f0e8ae06,source_0001
256.0,0.7875,1.0,0.1022993723551432,827362c83d3c06c087e4cce9f40ff070e8aaa20f6689e1e37ca3918bac1ae4d5,source_0001
256.0,0.7875,2.0,0.1015682220458984,8090bdd2a6b8470f5669aa66d41c8c701864b37eab62ddf9de9007340e8ee9dc,source_0001
256.0,0.7875,3.0,0.2961991628011067,7d1e5471aeb0b33b714833532859367042b8e4d3c15ba94736ead32462b5ca00,source_0001
256.0,0.7875,4.0,0.217627207438151,287abe24d8649c5b010c31fe242a98a551a115ea13fa08785a6cc7f981ed9c37,source_0001
256.0,0.7875,5.0,0.1056207021077473,4549cf3199e68700c81516511a3365fa43b51aeac549febbc8156f2a094c2acf,source_0001
256.0,0.7875,6.0,0.1135374704996744,494e020c8c63664b0c55ca5125aeeeca24e9f0c3476daaaf6fd2f8f9679095fa,source_0001
256.0,0.7875,7.0,0.13983154296875,a5a7f50ef6184821d47784492e2c8856519ff9fff04137d91b5b1a4636a4a134,source_0001
256.0,0.7875,8.0,0.2931079864501953,15ad12330b20801b00b30f330bce639bb71eefca6234d0869a0bc282eddd5b4b,source_0001
256.0,0.7875,9.0,0.0799465179443359,2e3ef5dd38f54a713a71930e025f8a96ff13e3b16a58ec4ba65afaa46f8d1612,source_0001
256.0,0.7875,10.0,0.1524225870768229,9ef9e7681ef3455587bc4d82fb886f8bb14a7882af291287b9f30538ac9f021d,source_0001
256.0,0.7875,11.0,0.1559085845947265,0cb7d804fa5ea31c29a00e6542eb7a2e07e441c6aeccc118b889526151f53f5f,source_0001
256.0,0.7875,12.0,0.1605796813964843,8572ec94308c712f4c4ce94307efc997cbceed02601f4d0917bce3f4ee06e04e,source_0001
256.0,0.7875,13.0,0.3144397735595703,50cda22cd934e4c75bb08a2c309bb2580d72f487673ecdf8e520a1202aaec8f5,source_0001
256.0,0.7875,14.0,0.1356283823649088,b3b16cdb39612703883d8e15a224c2d9249b6db5e40e5a8772c6c2206000cabc,source_0001
256.0,0.7875,15.0,0.1579144795735677,37b3c55ef3bc74820c11094144fb79d8a60d0646b063cae11e1153d8173aa634,source_0001
256.0,0.7875,16.0,0.1941585540771484,da40d776dad5c46d587cc60ebe344c9a0b1bc320beadf177b396389d385db669,source_0001
256.0,0.7875,17.0,0.1598250071207682,88fdf3435b83d63096bdcf7e0cf1d35e86fdcf3922a338afba4703f88757643c,source_0001
256.0,0.7875,18.0,0.1150646209716796,ccf9ed3b07f551dbb5946ebbf5703896cd4cc91349c830f7ec1611d9003ce242,source_0001
256.0,0.7875,19.0,0.1100673675537109,f69db09b87baea1fe02285ba2c0ce89342182a1a528ce11bb0e334a760384dff,source_0001
256.0,0.7875,20.0,0.1412245432535807,9099300dcc240d96a1a23f3d4395c947314cf11452581ab5ee89f49b4239702d,source_0001
256.0,0.7875,21.0,0.173590342203776,97b84df897a4215ab9f1c027ec4b9f24a8f4d21ba0be0eadc958d6b150917fe5,source_0001
256.0,0.7875,22.0,0.1064898173014323,0dd573d84fd1eea826661ed2aaf243b0f5c4f8a2122fc77d923d1d8ba5fed574,source_0001
256.0,0.7875,23.0,0.1639423370361328,f166c914a0233e3aac46bc858be5b0aa598e248e27528c20fe68bee02c8be175,source_0001
256.0,0.7875,24.0,0.1500911712646484,2c2d0ad448a025350aeecf613d7cf23082cfded29958d07d837a5a0fc1fe66b9,source_0001
256.0,0.7875,25.0,0.1265417734781901,8a7f02ed279c9d9b1943db42199ebabe8587a6e221def6d93759897c2693ddeb,source_0001
256.0,0.7875,26.0,0.1410719553629557,d094c51ec78e52f890aec0ef92a1d64daeb058be641c9117c07ae094c73c290d,source_0001
256.0,0.7875,27.0,0.1716715494791666,93beaf8e5def8fc70565ba683b4778e444904f5533f917f386e47f0666d61d2e,source_0001
256.0,0.7875,28.0,0.0788180033365885,0cf0040fc79b70ed8029611c1eddca6dd5a37e1c6e8ff75f595b09aad165b183,source_0001
256.0,0.7875,29.0,0.2348626454671224,d1097ca229f11b144dd2650907d70a2b8d4626defdd8b242186fd1d3c23514ba,source_0001
256.0,0.7875,30.0,0.1712493896484375,f63c30b57607a9430337bddc8cb673c01bd2f3fa30fb1aac75b79ef8adaeeaa8,source_0001
256.0,0.7875,31.0,0.2275307973225911,d16115537ef06341266c244bff3d1983f24a4cf42949149d3ec9049b2846f9a1,source_0001
256.0,0.7875,32.0,0.069806416829427,241da5bb3202d945ee6eb85fbd4bab61096156345a09a2099031df66d8ab8f9e,source_0001
256.0,0.7875,33.0,0.1283702850341797,b6ebaee0b6010d6b4f36d79866ff3be85803f08e67e918fbb4bf9e52b10036c6,source_0001
256.0,0.7875,34.0,0.1370010375976562,1a2d0f57a3a4c0e0cfa858095924eb8322684869a03b8213690a4f275355f842,source_0001
256.0,0.7875,35.0,0.1612358093261718,9d4d0011c60d5db99e254ad42191b8b1bda2664719b7dfe43e13f2a2ef9bc813,source_0001
256.0,0.7875,36.0,0.1329460144042968,e7ab70aac6cd632691093630537486718d69e216ef2a7811e24adebb18b10933,source_0001
256.0,0.7875,37.0,0.1156419118245442,800d5ac3531ece61b8982a4b700d31f58c7d8e739eff30a91ce721a8e10dc7a7,source_0001
256.0,0.7875,38.0,0.1650288899739583,f294770b5414abdfd76e902b12f63789b9ce6609aa3f836f988f3e3690ef19b1,source_0001
256.0,0.7875,39.0,0.1077887217203776,96f0e64708ffacea0b8be6189950d2442c3db01c52fbb27d53c1ace298b05299,source_0001
256.0,0.7875,40.0,0.099063237508138,cb0e2664e4f6f65d40cfc56f03292884318984e710f194d98a3ad3dd8ec2cef5,source_0001
256.0,0.7875,41.0,0.2522640228271484,faf0cf34ed6780a5569d997f97bf827d99051f965db057f5e5f72197764ce53f,source_0001
256.0,0.7875,42.0,0.1220073699951171,7d59310320e04950143b712c608ba1683d4e86c37612e24bb9841a408a48aa96,source_0001
256.0,0.7875,43.0,0.2430369059244791,6678914cd1bb5c95174c9cf966eb16c2397dff1ec2f838a0c44deadbadc7f26a,source_0001
256.0,0.7875,44.0,0.3947664896647135,80ec13585ba234db62acd785e02016106e2775b46ebbdc78f03f3014c654ffbc,source_0001
256.0,0.7875,45.0,0.2869307200113932,1e0abdc0f6d70fcacd599dfe4a6d59be9a0e106eadb4d20a5e89f7ab8bd12278,source_0001
256.0,0.7875,46.0,0.1338926951090494,4316ae28e692849ac48e1fc9c955d683ea52e4f8f406510851d08bf8c49d77f9,source_0001
256.0,0.7875,47.0,0.0899982452392578,71e39ecaf3fd09dada9459a3f8a2ebc94f2810ff97f3302b316db33f89db484b,source_0001
256.0,0.79,0.0,0.2533429463704427,a540dcde65655410fffd3a8c055d2da8cace56010437d9f860ffbf6c7f444cee,source_0001
256.0,0.79,1.0,0.121283213297526,327c2c8215a1cda161fd40407b0a5dcdf8e662390e285970a8be2eb80e7faff4,source_0001
256.0,0.79,2.0,0.1016286214192708,a30217b0c46f713ba7b210577cd345b0565f4259848ed2ea08d5625fd584911a,source_0001
256.0,0.79,3.0,0.3778731028238932,c948ee7ea6091a6edf65ff41d40a58c46c13072534cb4ab06844af0b2ac386b3,source_0001
256.0,0.79,4.0,0.2433821360270182,06c6495b4bf55505e63c65d1ef4e94e02c612e5e43e46ca28af5a5d0e0f0f941,source_0001
256.0,0.79,5.0,0.1836376190185547,1dd78f0108188c10a47148d3150f3245159f170d0293ae0f8b026253db5b9d15,source_0001
256.0,0.79,6.0,0.2453212738037109,0e7b023706c31426fa894b3df39754e793a498ee6e65c5fbee6078ce39ab5428,source_0001
256.0,0.79,7.0,0.1760724385579427,71a7ed93df547986ec0adbe79b61c958ab13ab257fe8e12fe72d4a7b894d82bd,source_0001
256.0,0.79,8.0,0.3145351409912109,4132ddac3b097b5d5524cb2bfd9230e81dbe071b02b2fbdfc2492ab6d6b09807,source_0001
256.0,0.79,9.0,0.1421731313069661,5dbf3207b96cd386de4770eac2f87551e308fbebb68d7e8790cbf8af8be673ea,source_0001
256.0,0.79,10.0,0.1940269470214843,a4947e5bcc47759851676c53dc2a61fdb8f35ea97a8d8fdbdda04eb3fac73dd7,source_0001
256.0,0.79,11.0,0.3599084218343099,b8743e1a6784d1d34d2e0fef78177709846f04fee28b07ce524226fd5085a88f,source_0001
256.0,0.79,12.0,0.093231201171875,1f548353c8a8b5ae49f2d6414dfb7274329dda207fb2fdb19c81c2b58e787316,source_0001
256.0,0.79,13.0,0.325192133585612,eed16ac39e620e879bda1684b9bbe480acac108ce634e55c9f841b78eaa4816d,source_0001
256.0,0.79,14.0,0.1412391662597656,a595a71d96bcd9dbc13648176404c71596f26b95e8c2cbfc5f17738a8060db18,source_0001
256.0,0.79,15.0,0.1663494110107422,93d487a4915a3906a433293f1dc1b49c31a16b5a069713cf5bd814948337e4de,source_0001
256.0,0.79,16.0,0.2168095906575521,a7ce05182375392aad9db1822c5bc600c0e613ea4cf754c9a6dbae7e6637c198,source_0001
256.0,0.79,17.0,0.3444512685139974,a4c34e4dcf4cf3e299892cb0b83e4545539bb6152944716c9adfffbc4bee342e,source_0001
256.0,0.79,18.0,0.1241626739501953,9372b940323e8e480d4ec552bdd15e96b31f4ee85bc28c0df61aed679dfaefd7,source_0001
256.0,0.79,19.0,0.2201474507649739,559a977268cd31e883552d4ed2e0727dc6b70c01b76fb408db0cb3c08c959946,source_0001
256.0,0.79,20.0,0.2231426239013672,41e9954efc71d39626ec33504c7b1a9cdd47f0ae0027c841f803ac21aa8bcc21,source_0001
256.0,0.79,21.0,0.2050704956054687,22d6edc94b5aa4798eea43da2aa5d03d46923ed840c02c30f07ed0abf59a925b,source_0001
256.0,0.79,22.0,0.1585330963134765,c8e3e9201e03f39ce9e21f04e5c850aca2157450f6a0fa8f45b8d75a38c03f60,source_0001
256.0,0.79,23.0,0.1880467732747396,dce8507520ae52cdf420759b114c5fd240f1497cb96eeafb601648c9b8c7de2f,source_0001
256.0,0.79,24.0,0.311960220336914,424969b651ebaf514bc9aec57c68724f31b3a5d336e1dffb1d49058ec3539f18,source_0001
256.0,0.79,25.0,0.1306660970052083,4b14659b95aa0b68e4b6c33d4a713092da9ca2f0fb61884671fe8357b9dabee2,source_0001
256.0,0.79,26.0,0.1928888956705729,fddd03098d704cd57b3256ddc89d502c7e9ab1cb0468e95e6f8eba067ab127a1,source_0001
256.0,0.79,27.0,0.1905345916748047,a31b2cd45b6e48869621a2adc670108919ea210a19a5ce673a8d4f8be5b4e09a,source_0001
256.0,0.79,28.0,0.116437276204427,352cc773e3f284bdc18b659d1f3402d4f36e50dd52694bdf1a5409199aa01da3,source_0001
256.0,0.79,29.0,0.3375829060872395,c00de734f0df46516d4e652938fd3f458431055903cee677ffbc3ced381daf14,source_0001
256.0,0.79,30.0,0.3097432454427083,186cec15e201cab5e6517a33d6fca76576fb2475999f131598f4387dbc6b2c58,source_0001
256.0,0.79,31.0,0.2337512969970703,26f682d6787ab04df64a298e1bedd0e22e36a03ccfc31da13a8b0dfb6707ed38,source_0001
256.0,0.79,32.0,0.1943283081054687,14e3ce45532a3a7f105ceebf4013a596a0c66988a681989c6d61030399c6b36c,source_0001
256.0,0.79,33.0,0.1282736460367838,18690037d5f0e0587eba736a268f585bb3cc70482bd6f407a3a5aa05183d4b08,source_0001
256.0,0.79,34.0,0.0885480244954427,af0b6e1d7a575c5fe435bc0e2cce55d764878a3615aadda5770ccac1c323450e,source_0001
256.0,0.79,35.0,0.1952145894368489,cdeead30bb2f4ad81bd8f642a2f7e168642af8e59a25ce7d876e7447f5ffbfa0,source_0001
256.0,0.79,36.0,0.1579507191975911,11485139ddd4fc5bd4e68909e7f2b6e4bd0d0b7faa2cb8b568225d44019d6e09,source_0001
256.0,0.79,37.0,0.1323388417561849,1d82274409787800fedbb3227b73b6f465c0a94552f72e0e8a80892e1e05e7f7,source_0001
256.0,0.79,38.0,0.1965281168619791,b904e29e0ada6737d258d86211823730e50148888b3e6e1be25f31115aad0c79,source_0001
256.0,0.79,39.0,0.1127726236979166,9e0c91b64633e1e37839e210e63c72600ebdfb5cb2b701ccdef0f281aba9033a,source_0001
256.0,0.79,40.0,0.105078379313151,5d6698c3a633c2ff3747e27991d631c01de2f0bfe15a847d3fcae8cfc1c84a69,source_0001
256.0,0.79,41.0,0.2545216878255208,12e3d89e375f636a82220d963dc9fc6174368aa48d372ab39b836d051da69cac,source_0001
256.0,0.79,42.0,0.1241995493570963,4e5952fb47b46b55e3ded9781fdbdfec9051ea8c29728c5fa2df147691cc7d81,source_0001
256.0,0.79,43.0,0.301913579305013,c15b5c3e408e8352cd4ba5d5be6c80a5a27644a168e9fdbac9550cebe7dd547f,source_0001
256.0,0.79,44.0,0.4417133331298828,d8e37142f41c8065aa096dcde0eec2cac08629b88615bbb75b981e19cf740943,source_0001
256.0,0.79,45.0,0.2891527811686198,d2778b3b2c7c5df84440533e20e0788d21d102b9fac3a79f1dedf3f9fe1e5054,source_0001
256.0,0.79,46.0,0.1490472157796224,22e9d3907e018e09608baea094a564c9e5d83aedc449e6bd3a8806fcd8d04b76,source_0001
256.0,0.79,47.0,0.1294275919596354,adee588f5dda4ce0e60730eb262dab332eb2edd8e7e1ad2fe04a57887283a3fa,source_0001
256.0,0.7925,0.0,0.3787212371826172,ca804f01790474d30dbd2707174133655c26197205bb33972d478c3402e7bfad,source_0001
256.0,0.7925,1.0,0.3940601348876953,e8a70190b14dc376cde7615129f8812051fd470bf320e2b0513b1e8db0256832,source_0001
256.0,0.7925,2.0,0.1921965281168619,7b7e127a74cd86b97931026a88b86606a711ffe0eca21bc4392e6734424e3a2c,source_0001
256.0,0.7925,3.0,0.3786767323811849,589cbcedfb8441d2def2e032ccf539377c6b52f768eaeb729759a17175d40326,source_0001
256.0,0.7925,4.0,0.2809155782063802,c0348327bc37e2396bd76076bd16a92f5b551855e22e2c9ae3de4ca0544a6319,source_0001
256.0,0.7925,5.0,0.1795832316080729,3a03ac167d6084214c4330a1eda5b9e6da5ad333ecfab424732af0f58241ee1e,source_0001
256.0,0.7925,6.0,0.3159618377685547,d63ad1a7fe4b894c2a9da2aea49de87fc22a1a14921c79bdfbfd2349ca109f1c,source_0001
256.0,0.7925,7.0,0.2044785817464192,2718b46335de6dd83eea91c10c04cefe55966cbf3124e6176cc28e71a6dca918,source_0001
256.0,0.7925,8.0,0.3188858032226562,38997c1c57bd859c6dcfb612813a43cc521597cf05fc91ebfa0421739fc41d33,source_0001
256.0,0.7925,9.0,0.1543935139973958,722b878c56d4f81ed93232071dbcc2d953a684e5c38ed89f17dd20da2c507c17,source_0001
256.0,0.7925,10.0,0.3143634796142578,bf6f6d686843a372d65500aa1a25d57dd7392df5bfb5affbe7e15140a1c1d872,source_0001
256.0,0.7925,11.0,0.3604361216227214,3892ace94f40ce4846c1f3ee4fb2e02733102a1c6aa10ef79d841e53b4ce87f3,source_0001
256.0,0.7925,12.0,0.0947990417480468,7e472310a5e6516dc1c2327ec6b027107ea43299e568dfbfdfa370047195e8c5,source_0001
256.0,0.7925,13.0,0.4417133331298828,b0ed66a01f250fcab4a059cb3572662c172dc1efbd656e5c112407f8ef00f60e,source_0001
256.0,0.7925,14.0,0.158450444539388,5925753d02171349714e6854787e13c5a653172799803aac2c0ad38aca230e55,source_0001
256.0,0.7925,15.0,0.216531753540039,12ed9e5c641eb0214fb6747f8c896cb9aefe3bfda7cc1b533370f82e8fb4fcbf,source_0001
256.0,0.7925,16.0,0.5196475982666016,c623048865a9cf5414f98871ff40972c2c694ff56e6afee68f966e4ebdf22f18,source_0001
256.0,0.7925,17.0,0.5222740173339844,d5d3c51ac40b75437eece7ecf0e67db99020620ac43695e9a868353b1e9ddbfa,source_0001
256.0,0.7925,18.0,0.2129230499267578,57f60bf397e9df46fd0a9ecb1efbc2255e4b01824c4a58d2f63681e7288910e2,source_0001
256.0,0.7925,19.0,0.2167237599690755,f0814710a3faa2436a799d77079e332e6053fcc3b74b6ea9e2a2831111c2baab,source_0001
256.0,0.7925,20.0,0.3261566162109375,d0fb046600ebaa8ee0ef3bf450962fe39d4087b6a7b4f10ceec39fbff053c6c0,source_0001
256.0,0.7925,21.0,0.3050181070963542,acaf557a045eeb73f21ea527445be979a2cd7d7128ac8646bd6251bf3f558543,source_0001
256.0,0.7925,22.0,0.3354670206705729,7277903c069d634ed05940a8cee6dde5abcb2e22f5b362cab2507b1126b7aa37,source_0001
256.0,0.7925,23.0,0.3709964752197265,249ce23667eb112966118407461a5be7d4e58fe03c48bb7f12b9b38924046fa4,source_0001
256.0,0.7925,24.0,0.382483164469401,61469703ef7a860b109fa24ed0e0e37156130aef6a56a4679c1ea619ac2f8193,source_0001
256.0,0.7925,25.0,0.1912504831949869,4ede62d41604c892cd8435df89659b1bb2a0fa43888558b77b237c98fad5bf1b,source_0001
256.0,0.7925,26.0,0.3605232238769531,ab621da0dd309ec4b6a1a973c7d0d9c36d9f81ac18be69eeb8f6c711eb1b046a,source_0001
256.0,0.7925,27.0,0.2178370157877604,b5becfbeb7f7ef2bcceaf0e9347ab9cf332a20fc82110d3426bc6cff2c02e874,source_0001
256.0,0.7925,28.0,0.176062266031901,e99531fcbc75e1cbc140a244f83613f5cfcc9877bedbf83b05fbe559f99e65c3,source_0001
256.0,0.7925,29.0,0.3554922739664714,7c3c93434e3ecfb4d3ec7b268de91f299508ad14cbca94b3f137e056af5e436c,source_0001
256.0,0.7925,30.0,0.386786142985026,00fee27b4f9c23c0723a583a39066835de1f5b80ef9ca0402c7db322843321f2,source_0001
256.0,0.7925,31.0,0.2627538045247395,bc1f3b134e508e46fb3f77339b1fa9fa0615f514fab366c286ef6d9ed8943e0f,source_0001
256.0,0.7925,32.0,0.2473570505777994,020de56c7127c6af0c275ccf82a2a7195bff1f0da5c71ef193c982917bd35f36,source_0001
256.0,0.7925,33.0,0.2210407257080078,1f5512360814ffebe42b2e08ae4249827a9953095281d3f4cb5e632e8a027146,source_0001
256.0,0.7925,34.0,0.2337684631347656,76d64a56cd1567924fb063a100184a85623695a6951414176051ba860e9d8aeb,source_0001
256.0,0.7925,35.0,0.2110010782877604,7da3c6f97a5c3801a863ab34542a9e69325db00daedd05a2e908509b2e7d250f,source_0001
256.0,0.7925,36.0,0.163400650024414,d034639d8d0b6a97b6e51586862fc1a687f1b2209956d15a4ea897c72e168dee,source_0001
256.0,0.7925,37.0,0.1336809794108072,e111d1a438fc9e48a35698d8da5f5fcce37e3453b14a8d5b82314ed061f178be,source_0001
256.0,0.7925,38.0,0.3322041829427083,50b994a80ab7af13ec0c88670e18a610c4812e6e6734a3ac9f64b11c40e1986d,source_0001
256.0,0.7925,39.0,0.2463080088297526,30fedb8c339ba08dcf27cab80a76b66d180eadff3df9224e24e2f168b4f2e3cb,source_0001
256.0,0.7925,40.0,0.1575323740641276,73ac54204853732a4e9d78972db1f41261a0d16ae17ba4e77b604433ab01f137,source_0001
256.0,0.7925,41.0,0.303158442179362,cf6a53912d0b76ce0e15b47ceaa9b79392333f4960393e48f9a726bddf42dd0a,source_0001
256.0,0.7925,42.0,0.2025655110677083,e8f424997f0ac22b3d0ed26288c511288819711f4d1e1fbefcbb5ea3cb3e5227,source_0001
256.0,0.7925,43.0,0.322265625,6c4036f3b17f830741adee7778ffb7f37f67673136f7b14406c4c8d79cdea051,source_0001
256.0,0.7925,44.0,0.4557914733886719,793752a2f82e3b0705981bda9aa76bcb2742b7050b84d1a8c5b5c2becd1955b2,source_0001
256.0,0.7925,45.0,0.4988784790039062,8cd2ff1d427d3521d37a33d2b6e71a53a0ebd71da8a1954d1bbe754daea4fc89,source_0001
256.0,0.7925,46.0,0.1569970448811849,88b04707b85b6b3b4d99958357d91ffddd93eaad536217bcd58021f946ea42e7,source_0001
256.0,0.7925,47.0,0.2152633666992187,8fcac6e2a0716833921f474c37172dd98c95524b17d1179755d5cc9bf2e80500,source_0001
256.0,0.795,0.0,0.5637957255045573,98d0cae865ca66c37070d469d08e3f0ec4a48c5d45eb7b1ad885d5b206719d1d,source_0001
256.0,0.795,1.0,0.3965225219726562,9e7e11ecf3bf977870b84df0acade6ff4415bf770ed6f1194407697169afbecc,source_0001
256.0,0.795,2.0,0.1925945281982422,4a934f11dbe80cf66fee1438745eaedeb2b979b28f6760ff45270f279dd2b8f0,source_0001
256.0,0.795,3.0,0.4571030934651692,5d3234532cbb723f42a8b52dc2c1a44fde9c6e8ae211b9c74f77e89f1a30bcb8,source_0001
256.0,0.795,4.0,0.3779296875,776d740bc8fe710531976a2920af29798dd77498fd63fd7b8711d824bf2f51b1,source_0001
256.0,0.795,5.0,0.3196697235107422,cb450b684e465f39d5c99ead866ea9d86a0c8caaf7eb01c11fd78c6d46311cd6,source_0001
256.0,0.795,6.0,0.2515761057535807,9b9b839900b0132cd525f44f05e3cd33f6a4cef712734b9df27507c8acbdb165,source_0001
256.0,0.795,7.0,0.5486869812011719,f85f5f5412505013119d040373ba4a1939a69fd5a7854455b0aaf669004c6a33,source_0001
256.0,0.795,8.0,0.317972183227539,a4ba3f0856977d24ea3046691d6fda6c53164004965c3506599b4ee746e7c2e0,source_0001
256.0,0.795,9.0,0.5455404917399088,02b09f49c0fd4bb19ff62b879b2766b0acacfae5ae98925af7935a8610eefba3,source_0001
256.0,0.795,10.0,0.4282728830973307,05770bacca7ee50e883d7859a73aae4bdeb1fe4179aeeb0b3a5d3fde69d001be,source_0001
256.0,0.795,11.0,0.5947494506835938,69cb727f72850873ae1319b0fec9aafe695c4806898e9c0b9eff651b40b47c9b,source_0001
256.0,0.795,12.0,0.3792864481608073,dcc4daf3b262ab3d4870aaccb67c11ce08fd0a1ff50d4a6ad2a3545d3bc86570,source_0001
256.0,0.795,13.0,0.4740962982177734,72d684a56961c571bc6234500e4a3a92ad60e4540746a9a5d832cd1c9fcda253,source_0001
256.0,0.795,14.0,0.3830057779947917,614e35d0ff2a72cd3ee45931b7bad64d7afe780caf4becc9ab7cc9008b22d2dc,source_0001
256.0,0.795,15.0,0.3164895375569661,b18f409f9cfb4c54ff1db2ed6aa325b14f05f62b4263409a091a47aec1d2a672,source_0001
256.0,0.795,16.0,0.5800558725992838,5ff45fb5e8a9d084f218458109d715cf69936da84d2651a89d7a0069162d9e99,source_0001
256.0,0.795,17.0,0.6774260203043619,3c4dc7ee501e76c696bbf0ef9c6c6869a71cec7604085f9e59b38b61d0b1dba4,source_0001
256.0,0.795,18.0,0.2406031290690104,65916375a9d48b1ac2994c8ec61be9678bcb0a5ceebe9d2f16cd5ba021120b68,source_0001
256.0,0.795,19.0,0.3036727905273437,f3311f1bffa5351ac86cb95b7a337510dd12b4c3e9aef3a0b5d78108c9b2a27b,source_0001
256.0,0.795,20.0,0.4083779652913411,f6c382559a840e111ba89927b53a29795b1ce7a7df16ba060bfa297be294f952,source_0001
256.0,0.795,21.0,0.3513501485188802,f5d2a4ce4e512c84602ac899d04202ad9b0b79b8da8164b46a0383bbce5eafcf,source_0001
256.0,0.795,22.0,0.405835469563802,455a17eb17e539d388d1ebd236d39ef0565645651f4b618226e883fc34a9b6c5,source_0001
256.0,0.795,23.0,0.3421096801757812,31d4c6f5c80462ad791752d6e649a9a04a52f21f32c118f61eb4e393cc9710b3,source_0001
256.0,0.795,24.0,0.3858311971028645,e17ef5291ab59894ff952438fefaaeb74f88049ab91dfcff06d66f570568919c,source_0001
256.0,0.795,25.0,0.1914590199788411,e6c077a8b524bcced58c7d82cd7a1ca43259a41c7cd88c2f7e1efd12daf926f7,source_0001
256.0,0.795,26.0,0.4314136505126953,aa16bc74d723aa24b3ab1485adcedc10df043f8a434844a1222f318a42ad7b2d,source_0001
256.0,0.795,27.0,0.3834222157796224,d69f9638fb26b1b6400d17ef15d5296dfa627e952c2a3eafd565b1d1792e33bc,source_0001
256.0,0.795,28.0,0.2932453155517578,057e750f64066129c69892243394ec31effbbffbbee912902d93f38677a87ea3,source_0001
256.0,0.795,29.0,0.6231880187988281,03b7af5de06af819b3be29d5160a64548a7628ac03e5c650fbabf7bd7f872246,source_0001
256.0,0.795,30.0,0.3960081736246745,d9760d836a2c0c3900be65714aa00aa3918b51df6cc54699b673ea51ace0e400,source_0001
256.0,0.795,31.0,0.3016331990559895,996e501e550c9d61d527b71e4efc3cfbaaf7a86bdc2226cf2ee434be75ad92ac,source_0001
256.0,0.795,32.0,0.3196385701497395,5c0f265cc257fb6cad5708052c74cb0265d9d6da550e3b82cbf1ae22dd71ac64,source_0001
256.0,0.795,33.0,0.2921441396077474,3cb05888b346eb044cbb12abbe9f8cc4bf0834a8b2c2c828598f6e5370a2c570,source_0001
256.0,0.795,34.0,0.2381731669108072,d1404fc81a4c2075bb464d7331ca58e7a57778cd47c58bd3e8bc49e0c83ed03e,source_0001
256.0,0.795,35.0,0.4030202229817708,05698352848946765b8b8bc8160a21195042ccb0b64b9b640f8b2192c6597293,source_0001
256.0,0.795,36.0,0.2562630971272786,1cb7db227351907f01add47bbe7b3120d1db410a6c88de682c0eee9e2375f758,source_0001
256.0,0.795,37.0,0.1773662567138672,14f908f2a186112c058a5b0c6b110fa174d0e5ec7b42628610896b8946bced7a,source_0001
256.0,0.795,38.0,0.5103308359781901,26e19892cfbe8fe96a007b772ceca36163fe4636bf2a2c343d06d87fd3bd670a,source_0001
256.0,0.795,39.0,0.1440092722574869,569bc09b4cb8656874a75569dd6b2ac203ee9404405e88b81f54b6b3f343fc43,source_0001
256.0,0.795,40.0,0.2917499542236328,6e0cbde08b4cee939dc74e9d8838aefa25534c92ff5f7f4f6ca1993f17cc35f1,source_0001
256.0,0.795,41.0,0.3579158782958984,5a97557fa1b55cdd81ede0d014b1b19033798f581e67c6b581a46d3a98312f33,source_0001
256.0,0.795,42.0,0.2302068074544271,302692bec93b05a1c9232b9f94af8ebe102c8f1ad13928a97fb38bf9ffc37642,source_0001
256.0,0.795,43.0,0.4190909067789714,dfd552bad9af5a5e440c2491baad11e8bb30a672fd08cfcb6be5867b889db8d1,source_0001
256.0,0.795,44.0,0.4559942881266276,9dbcab29b9e59939ac2be4180b01aeadd382cb8d89e6dfc389de1a1488bb759a,source_0001
256.0,0.795,45.0,0.3468513488769531,6697d8a71781880300804c7cc69707012caade51f0cd0e04410912197e98455b,source_0001
256.0,0.795,46.0,0.4075660705566406,eaa8292bd2ada18200ef24fded810f358031b4a6e310d7a57c4443b992e15b08,source_0001
256.0,0.795,47.0,0.5161736806233724,20d3253af1d3e9300513437687959f1da00ab4f4f10ddafc4dfd7b44e6910957,source_0001
256.0,0.7975,0.0,0.5601590474446615,5890272156bcd129ae4880c3746fbfcb3a41e67ab1b46619f5dcd6c150075fb4,source_0001
256.0,0.7975,1.0,0.8836065928141276,6eb9fabe2a92e8912ba55387a08cfab0282b498972fda2d1820d87984c9d8040,source_0001
256.0,0.7975,2.0,0.1495539347330729,182e825b7fb0297ad8acbd3f75c38e6c362d80169a1e1deff481cac2f37587cb,source_0001
256.0,0.7975,3.0,0.4575748443603515,8a911644e415a2d81352da1b3c108c900703fd857ddd7bc7d8d003f8fa6ed9f8,source_0001
256.0,0.7975,4.0,0.6379508972167969,ee0e655aa09fb308fe1e66668f30fa6f58e4ae35e8285e27974a6a6f6d27ae27,source_0001
256.0,0.7975,5.0,0.6590092976888021,48cd4f99acaaab66d9eb7f7498cb8019ca17f3321d6f6fd336b1300a74456abd,source_0001
256.0,0.7975,6.0,0.5862782796223959,ffeb058ed0fa1aa44ad54859fb631b1dd88bccb99bef1ecc3c1c03b8f57a378c,source_0001
256.0,0.7975,7.0,0.6997610727945963,249c491db537436f850bf8d0f8e6caf9cdf57add754cae42d511266c254a50aa,source_0001
256.0,0.7975,8.0,0.6663818359375,f03d17aa61c8acbdf2cf0a361feaae37cd6ee4a41bfd641954cb274869ff07df,source_0001
256.0,0.7975,9.0,0.5504029591878256,e8e3e4ef12f552f947226284a6f22ea0c37816216fafbd50fd2242cc240f750e,source_0001
256.0,0.7975,10.0,0.3147977193196614,d480ced7c0a4beb87fd8a2441495bbd1523f10ad99b66d3137b5066575816598,source_0001
256.0,0.7975,11.0,0.5941162109375,966ccaa5292ae470aa47bd14a6f340fa4a4e005d28f8e1c1e26c84db41a7edd2,source_0001
256.0,0.7975,12.0,0.4422791798909505,3a27f103246f292e8a735970942f31b93d2ec6c56a2b978adf9193d6c1d5c2d1,source_0001
256.0,0.7975,13.0,0.4477011362711589,306c45889b9e52a0cbed23970c1bada12a50c2f22597a01b5c4ba10681c66a0e,source_0001
256.0,0.7975,14.0,0.3839740753173828,c652c154cab13ac90ba72ae87296d2114dd141e171bcb30a2be8fc7186435b88,source_0001
256.0,0.7975,15.0,0.990698496500651,dc894ec53a7061172ac1b16c67e6f5d1b9e27911cba563c22ca308d9861c7703,source_0001
256.0,0.7975,16.0,0.5803680419921875,449d0a480607791be34346762a9e8f3eb672e6961c76bbd61b2857cc7c71da58,source_0001
256.0,0.7975,17.0,0.2982126871744792,d601e338a336ac0c3bc2be553fcfae2890ba740c9f8b52260ea9d148d3d7d5d7,source_0001
256.0,0.7975,18.0,0.5722510019938151,55f65b5e344eaa69503f0d5d4b0c7fb343745f4458e824a771c0d5c03385af15,source_0001
256.0,0.7975,19.0,0.6162268320719401,8f067c8205bae3c7b532313881e5f119911afa5fff1d458a4d8569b9f5925eab,source_0001
256.0,0.7975,20.0,0.4088783264160156,e9cb2cc3380ce65c001c8689ed5f1adf5e53a6468779c547415a32e4afef4a0f,source_0001
256.0,0.7975,21.0,0.3518422444661458,7adee98f88b6179f9f330e6ffa8a7261e1d8646de9c295513d7361084651ebff,source_0001
256.0,0.7975,22.0,0.4129320780436198,84705c02334c125a6621aa9026a16e74851f6d641b0dc8e104d70d77c66c70cb,source_0001
256.0,0.7975,23.0,0.8853651682535807,bef0dab7c5b50b68f211d0ce355828da40d4d37ecbf95fd421c76ae43f200226,source_0001
256.0,0.7975,24.0,0.5948028564453125,215c04a2134943e0b766a2e21897174324d7cd010b0a4e5334a4fc99b76cbba8,source_0001
256.0,0.7975,25.0,0.4090779622395833,8f6d07acc4f5d9f6dd00b2a59b189231dc78fef5bd57b6d08ee40aec30ded429,source_0001
256.0,0.7975,26.0,0.4345277150472005,b991c20a0d0b730081b49b2e03104a11dd93f6de07b7334b30ab1e0bb0857488,source_0001
256.0,0.7975,27.0,0.3840274810791015,1bd9558f29bc429e2a1d43e7bc13759f6bd766ab7afd933289eacbcaa814cebb,source_0001
256.0,0.7975,28.0,0.296142578125,08c25b8ea4d9bb44bb07949d71e2f3289a78efe0eb855a5e4d635469ca671507,source_0001
256.0,0.7975,29.0,0.985393524169922,4281fc36c13e16e3319676cca6b628c7b4baa7f4e73fe7ed408ff39a5266b1b8,source_0001
256.0,0.7975,30.0,0.3260332743326823,15b3bd7425a140e33ce903017b95eb5c9c7ccabba2619a6a5973e233f6581fb2,source_0001
256.0,0.7975,31.0,0.4466317494710286,a4ab57fdff874c28eab1ada17cda0b07f551168d072b965f4b127b30943371a1,source_0001
256.0,0.7975,32.0,0.5427494049072266,9516d740a73d4cc5c77d4ddaaa7e7305ac11b8a202e71ccf9d89fb7b84c937b5,source_0001
256.0,0.7975,33.0,0.3734048207600911,c1eef72cdfa348d1d6cabe8cc89abc8fb4d124a2aa3e44230bec48c4fc17af89,source_0001
256.0,0.7975,34.0,0.3913173675537109,b54d18bbb24cf03ef97bfe5d0526f86c1c984f6ce802e5eec78e11aba6c9d234,source_0001
256.0,0.7975,35.0,0.4063002268473307,4fb744c053c22cac0e954290b343d47222cf7fe33714a196e3bb47ef69d4ba73,source_0001
256.0,0.7975,36.0,0.3636862436930339,dbc0cb2f9d1bbecf678a186ee76b16e1518e14bd8b258b4b714234599f8623f5,source_0001
256.0,0.7975,37.0,0.3268483479817708,20099dc376fab948166f58be1bc8fe41ba4f8392960e8ff4a3ca3e6ef6929e4e,source_0001
256.0,0.7975,38.0,0.514703114827474,adb302be189b99bac6982c28a22ff9cb9bf78744c8cb5ce1b97f92a543f59663,source_0001
256.0,0.7975,39.0,0.2917277018229167,3ebe113af84290880ad7a715d6a231fc3b91578860b78f28437ed39e937bd9fd,source_0001
256.0,0.7975,40.0,0.3618990580240885,297a6bce07ab8050a17dae894195e6f933d5edd7f7c9712cada1198367759189,source_0001
256.0,0.7975,41.0,0.3259302775065104,0cf51c44df46a4fbc51517d50b1fc38e17924be6c4b9a5408809fa097069d9a4,source_0001
256.0,0.7975,42.0,0.4076862335205078,135ba1be8b69d10665206edde56cb78befbc09c5447688ad2ce87aba58e1391e,source_0001
256.0,0.7975,43.0,0.7595380147298177,40836ea6859a81c232f616008140620e27768fbc504679a1d92d71db46b33c17,source_0001
256.0,0.7975,44.0,0.4696267445882161,e0ed33f279f219fc9e6dcc3d36642fed7b39844fa106113ffe7d7565768fd7df,source_0001
256.0,0.7975,45.0,0.4697176615397135,e9040cd9b438423170b1a35568144d065c56150f8eaaf4d2b8e0f65d9a4f479c,source_0001
256.0,0.7975,46.0,0.5110321044921875,0161c2d9f244618ca38268904b99a8e176a5c7c70cb9a49dff8967d561aeda8f,source_0001
256.0,0.7975,47.0,0.4290211995442708,fcbd3d825fa1cbaf83da7ac7ef82ec17e40f7edba18f592443cfbc63a5403c45,source_0001
256.0,0.8,0.0,0.7056229909261068,6f75a93f01e8e622c03349c4116867e4b541288a9a926281aa69292e488c4464,source_0001
256.0,0.8,1.0,0.8862679799397787,2e14e38f1036f78b122789737252f76451ff62c18ff3fc8845fb0ba235577407,source_0001
256.0,0.8,2.0,0.3816858927408854,4f7df5bdd636cc5774c4dbe0847b8005ead95f41124b7ec950fdf00636504417,source_0001
256.0,0.8,3.0,0.4649543762207031,3b7e33c9e7fa10b40fdb0c9ed6a4e509896edb1cfa81057121b134bc36e9745c,source_0001
256.0,0.8,4.0,0.7850182851155599,06efab0458bdab9cb6a6225f7b32edc85106ee3493bfb8f726dab419944386b0,source_0001
256.0,0.8,5.0,0.6683101654052734,ee0148cd28793accaeaa21ed39b0e73875c46cc96c8a0aff9e8d316065e0a6de,source_0001
256.0,0.8,6.0,0.5972080230712891,b4eaa91f135cd3f5a6c4377aa0f4b17a9c54cec6919f0717e99bf5944b87e084,source_0001
256.0,0.8,7.0,0.7065372467041016,d9cc68d911200a29880bd2316daff2253c302c41bd83ad33906f4e0122e99aa2,source_0001
256.0,0.8,8.0,0.672997792561849,d2a42935af31491bb21cfb435ad863a64b87690fd6320f9584622fa1f03d85de,source_0001
256.0,0.8,9.0,0.9887415568033854,3890e4a92eeaf172aa6dee0242ba4137be26caca2a514fa2ba5b6d22a5a35dc5,source_0001
256.0,0.8,10.0,0.3144067128499349,dc85e501857e561fd0bca5c596498b206d5beb5154c3b779d3467936850b8129,source_0001
256.0,0.8,11.0,0.5938854217529297,e20336a9e6ae72653aa189a188e0a9cb5d2865de5b62cc12908445c5aa3bc8af,source_0001
256.0,0.8,12.0,0.468759536743164,dcb98356741c19397040ef202bdea4be25d5500a3b794c9790c3d4409f8a32db,source_0001
256.0,0.8,13.0,0.4508094787597656,044ae1e6264a32415d5322380f185c6eb1172f9319c55f461d2932f60d2f442e,source_0001
256.0,0.8,14.0,0.3885536193847656,d8379a8d526f47826354abce5de44a2217e681d6e4eb51c79ec723dc107d616f,source_0001
256.0,0.8,15.0,0.9911638895670573,857e032ea969f5be8794572a8b3dce4d30f25a7bc3a993d4888675446d8f6a20,source_0001
256.0,0.8,16.0,0.4533589680989583,f7b07c217d308ce57600b02f31fa66760d437e9164501b602f4dc69d0d9782a5,source_0001
256.0,0.8,17.0,0.2992445627848307,97ab16deeab0e56c6f904718a33432b22b1584979428e1c920390a3f492dc268,source_0001
256.0,0.8,18.0,0.5734691619873047,a950a450e69f820f62a8105ccdd91d0a65f1cd0fe8abd944d338714093ba7bac,source_0001
256.0,0.8,19.0,0.9920221964518228,8efe2e16ab08dd15dcd86a1b91a1002c07de233d6ab8368acf3ee29e76e41b0a,source_0001
256.0,0.8,20.0,0.4152666727701823,d83b169cd0799e8fe3d8022245f020d4540c467f9c5aceb63c229c74f59d0b0e,source_0001
256.0,0.8,21.0,0.951287587483724,7a38952fb0bfa93e871de9cc61960990b92285d22b054f4626fb96eacac69a4b,source_0001
256.0,0.8,22.0,0.6291306813557943,313ca6e28b5bbc968834f13856fd4c6e7287bf08810d5c3908916dc0989aaeef,source_0001
256.0,0.8,23.0,0.8854579925537109,898d9bdd56094dc4937b3f37cc99a4b4a854646ca94a3f16c7cadc951bbf837d,source_0001
256.0,0.8,24.0,0.8024031321207682,f4d8d12747f91b96647ea50f3055d2a531d1ac90713dc2d6399fa53b72706373,source_0001
256.0,0.8,25.0,0.7505264282226562,4eddedc13b396a8a269d6ac928c05851234ce0bf9ed7603b704f5837920e5f8c,source_0001
256.0,0.8,26.0,0.4392255147298177,502f9fc50a0713cc1e1095ffd941a46102ecdcf5acf7f5e372f0f3446906e3b8,source_0001
256.0,0.8,27.0,0.5273520151774088,3be9ece9da7eb13109a826ae73d7730d3d47df2c4712ac61abe5da13ded7c4c4,source_0001
256.0,0.8,28.0,0.512427012125651,08f1ba1eb32ca3f99c36b17a20e629dff6bf055f3f13246374a03b6a749b9bdc,source_0001
256.0,0.8,29.0,0.9859326680501302,69e3ef342b531a65640dfd4ee7ebb6e8605445913ecd9d61fa36c702289c8f76,source_0001
256.0,0.8,30.0,0.5010789235432943,729578cf9ac32bcd47810f31221211c5b42b71c7643d378a4db9e4347f4c08a5,source_0001
256.0,0.8,31.0,0.9928722381591796,a7b532863896ad3fecb9570f7be2cbd86c5cfad82ef16d1f3c2600d81f2d648d,source_0001
256.0,0.8,32.0,0.7629413604736328,4f61f27aa264ecdcc3aa930c254a97f93261976d34b66013fd20ade3e97f991f,source_0001
256.0,0.8,33.0,0.3735593159993489,887543e9af3d4072f841b6f739cac3caddf21b2c14dc5e9b8e3b5ad15961dec0,source_0001
256.0,0.8,34.0,0.5786533355712891,86af5d7813b98971acf4f4b267e5061aabb5ca7e7e4367d843728c67aed802f7,source_0001
256.0,0.8,35.0,0.7248694101969401,ed1b8cec64edcc8109e171b058ca6b688943ef758cbbf21456bfb60fcc186425,source_0001
256.0,0.8,36.0,0.3728256225585937,79ea8134bd917e89e1551968fdde8fd48ccf15daabae703d9e23ac8cb450f97c,source_0001
256.0,0.8,37.0,0.5134442647298177,6a37a40afb9beab58d88538e0ba19d235c046f0f1999e01e0daf88feeba78de5,source_0001
256.0,0.8,38.0,0.5149834950764974,8e8f9082310beeb6cf1184be45ef59b8b0533491cf1dced391956aefbf3960af,source_0001
256.0,0.8,39.0,0.3409779866536458,9a6d248bca6676114745fc1e04ec4e2ed87785a363afa4a87cbaceebfe75df28,source_0001
256.0,0.8,40.0,0.5108013153076172,a88e5c72ebe99f69d37b1b02ee1e60483c25479bb991bc8fd61c93832f90163e,source_0001
256.0,0.8,41.0,0.6383368174235026,8bf0c0ee892902573f2b3492e23a977769753b8c2abcbae5009d90ccbba53eb0,source_0001
256.0,0.8,42.0,0.5593268076578776,0e7e614e69f86f24ee5c14b50d4e72b80f76e5a5ad4e4009cb3b8b965a4e5829,source_0001
256.0,0.8,43.0,0.9878362019856772,f8de5028145b561dd027bf4cb5c7fd2cf674e59af128a23509987941bca6ff0a,source_0001
256.0,0.8,44.0,0.8679141998291016,465fd03d4ddeb4cbc2981b636cb89e7174aa4cb28a311f5618d32dbf151ce309,source_0001
256.0,0.8,45.0,0.8404019673665365,05426ae0692bb6e11f4952d5fc8ceb2e822c964bf21db48ec6e757bbdd71c719,source_0001
256.0,0.8,46.0,0.5130526224772135,afc46c18295d12ef23590121b7f46efa8f71337fbb5cf8785868671325c3c8c7,source_0001
256.0,0.8,47.0,0.5392468770345052,ff6163e649431fed2a9a2ee0058be64483e1cc199148a003da74093a2d3d4c0a,source_0001
256.0,0.8025,0.0,0.9861685434977212,442954c231a0572409828a788675503502f6bf99b07bdcfcfc952febb276e807,source_0001
256.0,0.8025,1.0,0.9919363657633464,9ca02d312bf6c4c89b9a4b5f9bd018ce067432a08ce52722f7ce8174b44b523e,source_0001
256.0,0.8025,2.0,0.4322617848714192,cdd39f4809c362e160d9c336627c8b06dabe1cf0b6ebea3eee7dda7c0f938330,source_0001
256.0,0.8025,3.0,0.975605010986328,3f7a2ef72716c31f61e7afeb71d4162a626b5ae57363d07f5a1d70f26d6927af,source_0001
256.0,0.8025,4.0,0.7896607716878256,79caee3a0e60cf3cfb4b5ec0e3ede33c77172d896c6ff9215c9e1a446a8efdb6,source_0001
256.0,0.8025,5.0,0.8270702362060547,ce7c1fc29af1c9926d892e3bd13166cc073e9fa70e4e5db29a1ceaf4052d87a7,source_0001
256.0,0.8025,6.0,0.8458499908447266,e0fe36fc356b94b7aac9e36a30c89cd22b21fc39bff363ff920626096adf5ee2,source_0001
256.0,0.8025,7.0,0.7067623138427734,0fdb5acb3b94988120f0e0b10ba9dc4b8bc25769120703957595643359051733,source_0001
256.0,0.8025,8.0,0.6737817128499349,228ac4c6f8829f0b8ba119022fa48c9d8e995d9b5fcff3bb9691f6e2258f0704,source_0001
256.0,0.8025,9.0,0.3641637166341145,9a6f4ec82dc3fcb1cdadc6c5fe7acdbfb9a7083f31f0ec8596042ae5ae098ef1,source_0001
256.0,0.8025,10.0,0.7084636688232422,6a48da5291f78a7e0dbe20c338f8eed6fcd79429610ce6f640dae115099fe9e3,source_0001
256.0,0.8025,11.0,0.8636449178059896,62361cfc8d9428dea63560c251722ba9ed256bdc8504735ad82daff1df0e42ba,source_0001
256.0,0.8025,12.0,0.9139194488525392,e4c55d55244f971f44748398f742d2c65e0ce0d145dc6d3071632887242d5b36,source_0001
256.0,0.8025,13.0,0.9882500966389974,02077bb7d6875f20d48c0cb002c467c587e83c216069a550fb10de24d5e5739e,source_0001
256.0,0.8025,14.0,0.5861962636311849,32409bbed4182ed34a622bf36531becaa5e5e1994fe0dbe95a2ed90e579a55b4,source_0001
256.0,0.8025,15.0,0.992762247721354,abe44c4e978eea950fa3e8331c61ce434712d1a736f18efb8c5eda82ca329045,source_0001
256.0,0.8025,16.0,0.6494630177815756,0657a9060a2efcbeb55b2f1ab7e232a8b1d0cbf4ec59d84f22d40efba0248999,source_0001
256.0,0.8025,17.0,0.5234139760335287,cb6a3a22821aa03907a2270ed1227a1f214d8062a082cb0a67417f9b29a5cbfa,source_0001
256.0,0.8025,18.0,0.7212772369384766,9e5f00f7d7299d679497d00131bc1a83ccaff86ccaa23d25d4a52c5f3f6b9e0b,source_0001
256.0,0.8025,19.0,0.992190678914388,1d19394e340e4702ee5cd6ab6c98c3b8c9ce37e54b53b7b84f5feb6ad81f60ff,source_0001
256.0,0.8025,20.0,0.4394601186116536,ba918aac4374af84c46da4dab2b58937f0cc6a3ecd31acadd3f47e031797adce,source_0001
256.0,0.8025,21.0,0.9925607045491536,b145c4ead600e0bb7d7b59a632953fe18512a4b0f5441fec5430c040b933b2a3,source_0001
256.0,0.8025,22.0,0.6386553446451823,c90289bb0d3fbb7e57b33b034cef9e3f2a62b39afef7a034b17a4c495d3dcad4,source_0001
256.0,0.8025,23.0,0.9913152058919272,7485a3f8db8e5eec318d94c8d7c5ae71100a55801d6514124213266606b8b10e,source_0001
256.0,0.8025,24.0,0.802832285563151,2502500fc83e94c3ed0a94116359fa8fb27f85415856659eceaabe9d9b062cd3,source_0001
256.0,0.8025,25.0,0.7524992624918619,36c58d6866b23cd50adfef092c5e8ba0644e9ceee90aef1936466e7732246943,source_0001
256.0,0.8025,26.0,0.9905382792154948,b564733cc6531d4fd2aeb079689d814c9a3d0791ebff0068139fbe3821fa08b2,source_0001
256.0,0.8025,27.0,0.7598406473795573,dfc5439ef5dc522e9039beb9db5d4e4acf64061a82dbfaea3d683650bde6d447,source_0001
256.0,0.8025,28.0,0.5128612518310547,3b17fdb16ae000955c43ba69a0ce7b1b7a30c80971d0e47055e8d963d5cb90ee,source_0001
256.0,0.8025,29.0,0.9911651611328124,352ce8d16ed2bde32ef5c293f69032caae9867e0e56a05cafd300133831c0c8d,source_0001
256.0,0.8025,30.0,0.5017223358154297,3703b4349db2c981bb23d828447c9b7b17635b87dd222f3dbef91d22a78e2ccd,source_0001
256.0,0.8025,31.0,0.9927501678466796,6ee73e781b3b4bd83555bec636d6ec6601ca0c495c1baf1ddb42f6a63b381890,source_0001
256.0,0.8025,32.0,0.765997568766276,696b619db193892d654e96f5a6f39915a7c087d918399a118e2c3dbfd3d733bf,source_0001
256.0,0.8025,33.0,0.620367685953776,0ed7b4d31cc72168844a4aa771a22faa6c8c6dc88fac239504f2f3710fe7149a,source_0001
256.0,0.8025,34.0,0.9853725433349608,701bc69d9e67bc14819f47681070cca882dfc91a5e5384e2fce4d8d61dc2c67c,source_0001
256.0,0.8025,35.0,0.7306626637776693,f9419b265dc4298d6185025eea67f760cbdb722087f7329701b7794006ae8eb3,source_0001
256.0,0.8025,36.0,0.8510386149088541,583d16526d35e2241ea8678e9a8d211eeeac5d3f2d1b6e4773547be480ca42bb,source_0001
256.0,0.8025,37.0,0.5140692392985026,e0011421f6c85a91ccc274d7b12b57957f3ac0bc81d58ad83cc19bc10a7e696b,source_0001
256.0,0.8025,38.0,0.9138959248860676,fe6de227f2b5392b94753cc500c5c5519af00ce34ab7d0c974cc57302017eb5b,source_0001
256.0,0.8025,39.0,0.6916796366373698,bc5b4b4d174d8d8a3cdcfe1ded436177a79ca89f3b9770e2f392915e6342aa46,source_0001
256.0,0.8025,40.0,0.5044205983479818,a6bd6d152629144243bd7c8cdb4fb09322cdbb7a75a4933ef78151e100b2219d,source_0001
256.0,0.8025,41.0,0.8584493001302084,140ad9450bfe787aafa6f6c55c686af96df1997556aa962668c4cf4a169d90d4,source_0001
256.0,0.8025,42.0,0.5635992685953776,8646ee24aeb85c0bcfb06a12dd9d18bff527bc714dfa362a582eafa589286bd5,source_0001
256.0,0.8025,43.0,0.9879093170166016,d95ec88d15a169e842db41e6e2c8facae872db97f20291122e759785ff1ef2ca,source_0001
256.0,0.8025,44.0,0.9066054026285808,177bc52899eacf1a222be8af1906ef7e8448cfb9dccaddb7d4ecb715c82754f0,source_0001
256.0,0.8025,45.0,0.8535614013671875,39cd682eac4134ce191e5cab963b18dce61149774a33460a0e9a0003c3427080,source_0001
256.0,0.8025,46.0,0.9904467264811198,644a709d93630cc1408fff727d1f859c369d134fbea0aecafdba9704efa9d11f,source_0001
256.0,0.8025,47.0,0.5394236246744791,9f9b8ce040fb25061509b0cc697180cb6effa5ef733fb24df8ad712c42fefbc7,source_0001
256.0,0.805,0.0,0.9894421895345052,976081bf8be0bd5420bb01ce35c8aea4c82af86452fdb666dc825ce9abbbdec2,source_0001
256.0,0.805,1.0,0.9921557108561198,8d7e5941496ff5bbe26849be0f9e5501517983327f32cfb6ebd1b1f0dbc9b7be,source_0001
256.0,0.805,2.0,0.4313456217447917,ea2eb3a470d578c3a571e6806e440509ba50a98bb577e21e07df4f066ae24aa3,source_0001
256.0,0.805,3.0,0.9769236246744792,0b2d57968c96624355474f33aa57ef8cbfad204b4f8d8301c804ea53b15f756c,source_0001
256.0,0.805,4.0,0.8041337331136068,32114f50f9c66d770dd225751dce7c639ae454e027bb8cec7dd2fa8ea9a42b2d,source_0001
256.0,0.805,5.0,0.8271649678548177,18becd9ab453d691a45b2d21b5fe32347918f0f54a6ccc13b9b6585c384c6dd0,source_0001
256.0,0.805,6.0,0.9918028513590494,230d20d9e94b7a28e1f40f02d31dc12ce4ed4b3e9b8e5edd6949bbe9e6294b7c,source_0001
256.0,0.805,7.0,0.9917322794596354,b4ac83fd24d64049ad75c5c74396e8b2458d6a569123bd9015120cfabc2fbf0a,source_0001
256.0,0.805,8.0,0.8462136586507162,915b8302ad3a93c5d4f662bdfcb91c0c9a519f3ce0d74173ca2e6931a8e77f19,source_0001
256.0,0.805,9.0,0.7389074961344401,e49df7e306da1da6bc3789b4ff61831c82ba67956cda5c3fa696409e465427c1,source_0001
256.0,0.805,10.0,0.6595319112141927,e77fc4e4898be7af2537d1b62680969e04a5bd838b69368e42d563292069d3fc,source_0001
256.0,0.805,11.0,0.8637091318766276,8b5dee6e368d2314d841af9012cfd0c79b553c743ca0d313a82b595e3f882ef3,source_0001
256.0,0.805,12.0,0.9911600748697916,7cf4bcf4897c262f002771a277f6c05f53c90a535bf7d7dd197b9f506128d240,source_0001
256.0,0.805,13.0,0.9884115854899088,fcc658490779272a46d4a98438b45e5deb90bf9da25779a3ea0d5e905b1ed379,source_0001
256.0,0.805,14.0,0.5861727396647135,9aaee6eb329df82b6569b6e2832f41b9d0f07ded3120021f9c3a2855ea9162a1,source_0001
256.0,0.805,15.0,0.9928309122721354,c95652bbc931bcb66e023d2545935bb53fa76fd7e56a90a7c85ac6e8854ea98f,source_0001
256.0,0.805,16.0,0.649511973063151,a2359c4e0eab5dba89a2f9e9312cb3015140c1a68e6f14b33a15c804828a56dd,source_0001
256.0,0.805,17.0,0.5241076151529948,26381cbd02c25e45c0b4be2acd98020abfcf7a43a5f1d1e51cde019d9a4dda06,source_0001
256.0,0.805,18.0,0.8620554606119791,af320a6385242ae5577f33516743cd5000d834b7920ed8215e0f6e2249e166e3,source_0001
256.0,0.805,19.0,0.992245356241862,d62a44ed0295a7a66829fd69641d615194d8dd6fc4afa11a760b9199abd9b994,source_0001
256.0,0.805,20.0,0.6585776011149088,b8b5ed99ae3c44691d5d8100b26fc6b61b8666be05e20e89e04137d610c21644,source_0001
256.0,0.805,21.0,0.9928607940673828,836544e6f5d854c02b5236de4c64580059eeb33dce5c72da8b8b838d772bb2df,source_0001
256.0,0.805,22.0,0.9926586151123048,d611b791e358af518fd76d74f121f44e370c31e1ed8557db7a2741c187729104,source_0001
256.0,0.805,23.0,0.9915746053059896,f22618d374a43cee198450c347b9f6c00fc8fda6f0f7d560206dee8f20925b5e,source_0001
256.0,0.805,24.0,0.9831530253092448,d5a96944d019e34c10739bf182c54f0c2d310e1b565f64268b17e8d38693d8b0,source_0001
256.0,0.805,25.0,0.9909598032633464,ff7106794d315f0eb7ce0c6da276981189d216960b77d9b8954556cf467e3319,source_0001
256.0,0.805,26.0,0.991051991780599,892afa1ed8ea886da7bdd615851fe11cf9e5e8bb6bdcb66538ae00a6e6f5d4a0,source_0001
256.0,0.805,27.0,0.9914404551188152,11682389bf0763ceef04ce5087703fe611bc0b9777eff42b0ca4ad9d2df0840e,source_0001
256.0,0.805,28.0,0.5255870819091797,c80a56b53d85fde03179ec6e7d629a4b068f304fca07709eeafbe14cd16d2f60,source_0001
256.0,0.805,29.0,0.9909839630126952,744e0c36448d94d1dcfecc88705aa41503928a2bb1223b18873059948a517d0f,source_0001
256.0,0.805,30.0,0.5059979756673177,6d31f212033efdd401741ba4e795e04300d3603b726f8ffc736d3a98d0b9fc46,source_0001
256.0,0.805,31.0,0.992910385131836,2759dc0cc47fa4b081687a08f4bf2daa530bb23ced14c2de54c6c1e494580b12,source_0001
256.0,0.805,32.0,0.9881814320882162,77ecc49c58d2711a3314f2e67555f28610c1c4d12029ced991b3173e6244f2a5,source_0001
256.0,0.805,33.0,0.6281846364339193,aa7b77e0c02c7aa71f95241c2305973865ad7681966c451a95873bb8aadaf56d,source_0001
256.0,0.805,34.0,0.8701686859130859,e650a27e98adf46c56c163ecc4a84323951d1d7a56265175a23523cb008eeee2,source_0001
256.0,0.805,35.0,0.9906571706136068,1de9eea2dfbff491516d50abdd5bebd12626ac0a2ac488bde8c9cb3e28f5dd3e,source_0001
256.0,0.805,36.0,0.8512668609619141,07389494d8972f6a8d8ea35fffce7595d2f8204dd34d1b5db1d6fea5efaaeab0,source_0001
256.0,0.805,37.0,0.5165875752766927,5753b24005fc924b2ceae1f5085b28c6ae43eafe4ddc9c8faf13f4c0fa116d85,source_0001
256.0,0.805,38.0,0.9911149342854818,bac695b5a72ca9eda00cab76adc2cbb4ce62c647d6f20b61df8022a2235875cc,source_0001
256.0,0.805,39.0,0.3411280314127604,3f09cab83209e4d641122f3f200138c972047370131d2bde5d0a8995db293bce,source_0001
256.0,0.805,40.0,0.9179859161376952,bf1f4d7a1bee859678e8e67b4572334089069dde39f547f3fc6719660604a5d9,source_0001
256.0,0.805,41.0,0.9921080271402994,daea756aed8c96a244c4ed3f335c4539fafebbbb8dcdaee52333bc289c1ed13b,source_0001
256.0,0.805,42.0,0.5677712758382162,c03fcdc41302a9605c907f8192c9823f23a8aa7c6c7aaa996dea33e509d41831,source_0001
256.0,0.805,43.0,0.9884853363037108,80b592194bc1260f9b72fa34eb670e990eec3050466c9d7ee7281326ef6a4da0,source_0001
256.0,0.805,44.0,0.9067401885986328,bb274aed3abef5e6535695859f560cbba25de87f13befcdff454dac4a3494127,source_0001
256.0,0.805,45.0,0.9856014251708984,e7401238f1ef270ecb871af8a452badb331d2198fb9c3e37a9d285c451240fc9,source_0001
256.0,0.805,46.0,0.8166783650716146,d3dc408cb9606078ca9ff67b54f85f4a8bfccc13467b9cc0cbb1bb285586ee32,source_0001
256.0,0.805,47.0,0.5398330688476562,d3267c68bfaccaddc96cb6bbde004223c322009df2b356d3650b2ef313a0430e,source_0001
256.0,0.8075,0.0,0.9916280110677084,19f18ec35d8e4a950bc89265bf7014e07c5d52ad23c8ce619ba68e66c45e4dbf,source_0001
256.0,0.8075,1.0,0.992672602335612,7710aa7d7aeacca73820a74d4707ad6781487472ea6a031d9475080575f82593,source_0001
256.0,0.8075,2.0,0.8517653147379557,e677464c2cd5dce91b0d9e373305520af8a3af9dd4b41e880223cd4d4e838525,source_0001
256.0,0.8075,3.0,0.9862823486328124,5bcd17560ae7f230e7fc438c7ce3db81e0452616460410e7db69c870ce11fd00,source_0001
256.0,0.8075,4.0,0.9844366709391276,d7853d72e8f0e4d934dfcb26fcc4d469e9c8303972ba0b914a83dc4c830fd341,source_0001
256.0,0.8075,5.0,0.827362060546875,4371502106d85ceddf2add4a1ead450c549e978a1d56b172a87ee390ff95b628,source_0001
256.0,0.8075,6.0,0.9918899536132812,8f857a77c0b20efd0332e23bf5f6c222d4a8896c258ea8920268a57ea37a553f,source_0001
256.0,0.8075,7.0,0.9908364613850912,d104ded7f6c74aa9a8051aa81a3ebfa2867eabed2146a046efe6832aa49efd58,source_0001
256.0,0.8075,8.0,0.9930782318115234,e7b31742fb0f7f874d4100822d53a90b0661b956156765ed6ba8fcb88d7f4f70,source_0001
256.0,0.8075,9.0,0.9900595347086588,b3d614246df429834a66c149b3ad962c2974a47674d865082825fc2ff78db859,source_0001
256.0,0.8075,10.0,0.6596240997314453,b8607d261101cc16caab545a51aa769435a680d82b6856501be01b5e9ba41d8d,source_0001
256.0,0.8075,11.0,0.8637142181396484,671329028bdb0103263eda16a2a41157dfd96b96a394cf6f1c00387bcf72fabb,source_0001
256.0,0.8075,12.0,0.9904054005940756,539ef705b300538473520c8b95499dfabd4dc8acc4ea62446801336fead35886,source_0001
256.0,0.8075,13.0,0.9909534454345704,d1ef44c1afe0a8311880f1140ca3b6ae64ff874f7939a41c8a98c0260e97b1c4,source_0001
256.0,0.8075,14.0,0.588293711344401,62164a4c1f7ac8ce0c0f943dac2185ae6496b15af92434cb52673762be124e35,source_0001
256.0,0.8075,15.0,0.9928646087646484,5824d114063b6976dba1f08962e3d5e019ff9a16180e77ddf35cd407d7a92a9c,source_0001
256.0,0.8075,16.0,0.6502609252929688,9a8a75b04f81b96daa7b67e7a127a9718db8f31d445e56a857b0c8506dcac209,source_0001
256.0,0.8075,17.0,0.9937966664632162,81474ec9a81c270b5750bda6bcb3870c6fa4ecc717717b1fc3a7a0ec31dd5a45,source_0001
256.0,0.8075,18.0,0.9887262980143228,21001dfcdbd9c0341d74cd5fb609be838c436916e81dd484750c7dc1c1d2d532,source_0001
256.0,0.8075,19.0,0.9923324584960938,4880822a0560ba51ff4546bfb64f358f7ad023eccf5f56ba5f10152e638a541b,source_0001
256.0,0.8075,20.0,0.6605097452799479,cbd873c713706c7c782c9deeb89e64aecc68d075a1ca5ffc75e280e757849303,source_0001
256.0,0.8075,21.0,0.9921061197916666,7b3a3afd204d708ff4d3f42363029373a13957160e84292c40a185dd3c379006,source_0001
256.0,0.8075,22.0,0.992833455403646,9487358b6033c157fd435e13aea1825a2bddbf8dff125f13d5a20da7d39728c8,source_0001
256.0,0.8075,23.0,0.992862065633138,a2d745982af5e2edda41b8853def85dca6320e76d75a46433159fc19bb112580,source_0001
256.0,0.8075,24.0,0.9919967651367188,16569b51d6b8a2883be038cbea7d23e666f49df0ba92504cfff1f4d723619d87,source_0001
256.0,0.8075,25.0,0.9912567138671876,d05a312cc98e9a6dc47635f1debfe283e453bec29770890c2d8cca66b35e3960,source_0001
256.0,0.8075,26.0,0.9912211100260416,f4c695692a120d10ef047c62dad3aa0d1369fdd6e161f96097e7d9b52547fb01,source_0001
256.0,0.8075,27.0,0.9915510813395182,c1debaa47b53c0ad9b4594045bb74772b4961b045afbcbefe3361de11b2ef8e0,source_0001
256.0,0.8075,28.0,0.9895731608072916,06134a1a1987fb9606d7edc4418aebd3add9e84452fa57287a800237a704021e,source_0001
256.0,0.8075,29.0,0.9911410013834636,d445f0d4519fbf661595697df8436c410f9312a036f23ddbd2535e1a22d8987e,source_0001
256.0,0.8075,30.0,0.6449184417724609,249b3e43bdf45dfa411db3a58dd3dd97d569042c40f184d03b3715cf5a2191d9,source_0001
256.0,0.8075,31.0,0.9940706888834636,8a5fe9b6b69ccb2396008285c63342e8241cf30899f1aa8a3199a8ab5d9d8756,source_0001
256.0,0.8075,32.0,0.9890238444010416,4fa86f080998ee1f20b5b294895c756681c1f0984b42da46d87aba0b7f1921c3,source_0001
256.0,0.8075,33.0,0.6262162526448568,0db233d1e91c872380ae89207553e67defb0ea685823eb20c7a89fcbf64cd4ab,source_0001
256.0,0.8075,34.0,0.9862111409505208,b3c4354293349274ac6bbccf9668257e996a135c1e49bb98657c9d9c37dae71f,source_0001
256.0,0.8075,35.0,0.9887402852376302,cd18ebb318a6e27b1784346a709538c9215a22dbc44b0c85190d6fa82ddc4517,source_0001
256.0,0.8075,36.0,0.8511778513590494,72ab4357bc36bc031e085adaa083b2c9a1dab47c68a34c706806db055e376f97,source_0001
256.0,0.8075,37.0,0.9906222025553384,7b1eaf71236a64dfb0ec82aa99bd6e6674f1702fb2ba1ac2c76811429b189b06,source_0001
256.0,0.8075,38.0,0.9912153879801432,a417478cc8ffb0a47d0a8add089691b131dbdb82b2bba695ca56b0c57d7d1eca,source_0001
256.0,0.8075,39.0,0.6368548075358073,de886bfbec479e21135325f3a9bbe221f1bd863d2e2016c800208ec56ec2ed4a,source_0001
256.0,0.8075,40.0,0.9886201222737632,0e895d61bcec62596a9cc3402d5d0c6e8089e4c15140729086cf92c5dbe2fd3b,source_0001
256.0,0.8075,41.0,0.8598645528157552,5bed2b2ff14f5987db29256e86994cd05344b64c668b6abb0fd06bd0942588a7,source_0001
256.0,0.8075,42.0,0.5751501719156901,0bcca675abae8ef014e59e1c7cafc50dce6d01eb4310e7a303aa4d5a08a944d6,source_0001
256.0,0.8075,43.0,0.9911111195882162,8166fd0db06a17b68c90cb61b22fb172424526a10782c4753f187a1367bcb95b,source_0001
256.0,0.8075,44.0,0.9895890553792318,69c6c278437318e81a0f65320960d026fcd20e0009e39bb362fcca4eea94e434,source_0001
256.0,0.8075,45.0,0.9914385477701824,365a6dc7ef9f10836f796c6d7d68e9e95123c5b2a0b2872a8206f879c36e2960,source_0001
256.0,0.8075,46.0,0.990197499593099,7d49fae4afaf2db3a8c196e829f48e20135cf50058b1b0369c66b87391cde181,source_0001
256.0,0.8075,47.0,0.9899183909098308,e520897bb295a266fb9fff4b803dcc01a04f61a1ff8cbb138cb568e4db07fa13,source_0001
256.0,0.8125,0.0,0.9911568959554036,738a5cede683a79273836ec95996d0ad8d0c652c6a9ac267c856d6fa115b626b,source_0001
256.0,0.8125,1.0,0.9929993947347006,48e628c7835c36da7fe6fc3f61d2fecb915e8d0b7a5175e7471a773f8c92a607,source_0001
256.0,0.8125,2.0,0.9921143849690756,06d120aa9613cfe2c378697331360f16f1a7078b016ef8391ab5f434b731d60c,source_0001
256.0,0.8125,3.0,0.9906393686930338,b59344b49ee5c22f9f841f0326eb1053e8d9d940c20aa2f0b7d042811b55db3c,source_0001
256.0,0.8125,4.0,0.9857826232910156,ba288626b14025ea223af3435bc16b6cdbf50d1e9fd7b4aa89b9f321dfacc1cc,source_0001
256.0,0.8125,5.0,0.8283468882242838,6c94373f77b49edff8a8c6b28eded4f03bb4337ebeb8a5b3efa85ef01cc08eff,source_0001
256.0,0.8125,6.0,0.9920387268066406,a6b809f5a54f5678335f1f42433eca17aaffd47ebb2e39cd6bfcbfb5bcab4224,source_0001
256.0,0.8125,7.0,0.9914321899414062,0487b5337d479b1325791de6deb1d4cc303a6dcf50bb8d8a28a451241ed5e171,source_0001
256.0,0.8125,8.0,0.9925251007080078,227982f2b56d1bde1d5fd6e29b595a45d33591ae6d3605ccc527491e534ef050,source_0001
256.0,0.8125,9.0,0.9902947743733724,667c56ef6323fb3f2fd1d32845a5a6cbf32dc7772547c81228bbd14d3221007a,source_0001
256.0,0.8125,10.0,0.9932816823323568,3c4f1791458c0d3cba27340e9180a64ef9d45628ffa83fcf8f355d8e3cc6ab4c,source_0001
256.0,0.8125,11.0,0.9911785125732422,d13c5ceec0dce9f40e659150133ed64333b3df524dda1f44a99f826b9d52628a,source_0001
256.0,0.8125,12.0,0.9913177490234376,22528859496c303c7b5397f004d3ac256580eb80c711a0eab28833aaf422f593,source_0001
256.0,0.8125,13.0,0.9916178385416666,2f9248863a7981f32c391419c21490c0da4a9e3917a94b4727876f1307fc1ea8,source_0001
256.0,0.8125,14.0,0.9929027557373048,e9ad8ea192b284139bf25b2578e4bfddee18dcb7b62d1346fe43045e881cf88f,source_0001
256.0,0.8125,15.0,0.992944081624349,2631a70c1c836f0c08caacc63ef9d2712b50d9f12d983f869a067bb70a71d1a9,source_0001
256.0,0.8125,16.0,0.9908943176269532,ee1975482d84a839f1fe5352b821200323c6e5145c1b45022936b77d3975f6de,source_0001
256.0,0.8125,17.0,0.9939136505126952,f3562bd95778828c9ec53cd06746e3727658b2dd7cdb217de82095381d364b88,source_0001
256.0,0.8125,18.0,0.989471435546875,c1f90773cad7db113c3a6359bc79254b11a7546ec1c058bbeffbe4ccf9d5a4f1,source_0001
256.0,0.8125,19.0,0.9926770528157552,842e8aa9c378860b908e0a5d60053f52dd2fb52d1f643888da076ac7dcd6e14b,source_0001
256.0,0.8125,20.0,0.9921404520670573,726d59ad56ccb99fe170451d0560b71284d4cd086c7e3fdd31fadbf994c99f64,source_0001
256.0,0.8125,21.0,0.9935283660888672,1d2804a921546d3e3861a4bd0e79264cbae832164ec57022e2268f8fe39a1f94,source_0001
256.0,0.8125,22.0,0.9933942159016927,186c3228db5e575ff7b4f8fd82848861adafb8cafc5b29db927c1135b2bb7fc4,source_0001
256.0,0.8125,23.0,0.9934151967366536,8e2142232184bef8920a057e70a49bcad4d8151455b52adcb8b7a99168c74917,source_0001
256.0,0.8125,24.0,0.9933287302652994,d2f427186ee14c51efc009dfab2013348dee481c723947f1302a6a57a1ec6105,source_0001
256.0,0.8125,25.0,0.9913444519042968,bd65792e7e34ab50e39c90ac75d3b6f3fb41917aea329f88d93155876ce51823,source_0001
256.0,0.8125,26.0,0.9918384552001952,3f62aa4aac0b467ba8832923223ef9bc12fdcc23585a5eb07f04ad4ae46b6969,source_0001
256.0,0.8125,27.0,0.9936542510986328,91b6d5fe44399b192e91a0715b3c70e7875be07b26844bbac087ed61bbe0971c,source_0001
256.0,0.8125,28.0,0.9898160298665364,adbe73dac3dcecfecdfbe2dd8decc9359b54757d01a03ca5a97503eee2bf1944,source_0001
256.0,0.8125,29.0,0.9911994934082032,5f0b20a7f8ed4b3aa98a794c423dec5eef80131d821192e51575ea2d2d020df0,source_0001
256.0,0.8125,30.0,0.9898090362548828,fe3504000474370c9ec6f04eeefe4dce6552dfc04ce23621c66c390caa3cb504,source_0001
256.0,0.8125,31.0,0.9942493438720704,432f45e008a7bc7dcc4d133d0f06693b4a6bf4bb8434ce38d6bd282c5301a25d,source_0001
256.0,0.8125,32.0,0.9890562693277994,f5bc0781e123288d5778f535bcca1050dc2cad500273fbd79605d6f3f783f324,source_0001
256.0,0.8125,33.0,0.989459991455078,de4b3b27279150dcc4d166a98e394809e9ad89bd3d00a0a4fead2349ce9964f1,source_0001
256.0,0.8125,34.0,0.9884751637776692,5b57845d3bd59162d44634993c01fafb04866f41c5cf4768bee764f644ff7116,source_0001
256.0,0.8125,35.0,0.9895299275716146,a58a052aa300248cf60092d7de5e76ee5e9edd1b302534cd25cbf79b91eb0ac5,source_0001
256.0,0.8125,36.0,0.9922154744466146,b838522aa8fcbca6b1dbe846b82dfe29f91275268996c048c16d36307629fde6,source_0001
256.0,0.8125,37.0,0.990703582763672,481fdc0e54e967b2464031f0262afc597d91025acb60dd5e3274615ee675bbf6,source_0001
256.0,0.8125,38.0,0.9913756052652994,0dccb070b23da6fc0fd392f1c42028e202f56eb71f7db5b58bf4dd71dec20423,source_0001
256.0,0.8125,39.0,0.9900048573811848,6bc38d780e9544e4a0f59414c9c4e22259e24c59bd82dbc8b758f5ac4404f8cd,source_0001
256.0,0.8125,40.0,0.6433219909667969,e3ec12729a623f23fd01e4d9032eb023fdc0b4113e7d8a6c8c258242defc2169,source_0001
256.0,0.8125,41.0,0.9918607076009116,e72ff5817ee8280cdea24e35cfda32f74e5d1c625862686c002aa2f351d5c11a,source_0001
256.0,0.8125,42.0,0.992418924967448,bea66bce2ef51c024c2fa20323d3c847eb97f8f3cd8f093daca5df2631e0dbdf,source_0001
256.0,0.8125,43.0,0.9920864105224608,1260e5e24134931f6d32bc9e6ece796d6304792a353199948e2e173afac25c46,source_0001
256.0,0.8125,44.0,0.9921512603759766,3a3897da46efa27fd9a460c982c1c2b8ee5ea97824e87acbada13d2dc3e7233d,source_0001
256.0,0.8125,45.0,0.992589314778646,ee0127a2800919547b930ff2c31be234616968c25c7e425c602905b8ba4be164,source_0001
256.0,0.8125,46.0,0.9926058451334636,881aadf0d3fbfbc28cc20a3fc844982825d234aafff5d62089b8d07a94e67acf,source_0001
256.0,0.8125,47.0,0.9917049407958984,776db87f804572e1a51ca85452ece8d361970d78b088cbdefbfc745ebc660d0a,source_0001
256.0,0.9,0.0,0.9963715871175132,696556666c65ea0c74f4b2deb6e75e203b047d59bedebde752531f5309ee405e,source_0001
256.0,0.9,1.0,0.9961687723795573,db6c3e283cfa39dcf2f431f3f462a81f9697ce247cfed5348e6dedb38a776e7a,source_0001
256.0,0.9,2.0,0.9963105519612632,fd9c0de4376a2f7497684b3378db8923afaf306f3cc3bdfbc1b9ae9a3ba51340,source_0001
256.0,0.9,3.0,0.9963709513346354,c44c519e8bf2da90dd2bcd76a114cfe9de9c71c8db6b949069a48b9dfaedf378,source_0001
256.0,0.9,4.0,0.9965171813964844,240c48f97e6ff798ce1e4b05b67015235a764fac8cacdf91ad530355e25ac5b9,source_0001
256.0,0.9,5.0,0.99613889058431,907fc4578060ccf27266be037489f4cf06b02f83bd8249edd6e1efc6908f9390,source_0001
256.0,0.9,6.0,0.9963944753011068,e71b5c6d4b65b17c9d43bfb7fa372d62d595d7d244530623f7f4e2055b0f56e3,source_0001
256.0,0.9,7.0,0.9961910247802734,696fc18250290f9e5f99773a9d737c2e7c904a37fdacb7ca28db5b2d65fc77b1,source_0001
512.0,0.75,0.0,0.0034519831339518,1e603cdfac5d4a94017fde281dee659fa92c31608464a835ac65c5c82e42bbab,source_0001
512.0,0.75,1.0,0.0031307538350423,a4fc14801b4691f16a51ef65b80aee588b45f2e8b696e148e22fdaab76b52cc8,source_0001
512.0,0.75,2.0,0.003278096516927,9680e5f90102bf8775fed89ca5ffe1497b58b9c91918c00022573d2bfb3672ba,source_0001
512.0,0.75,3.0,0.0047384897867838,6c6a9f91133b45d8a43a1f39673efa863533152ed4988d8f64a000776007284c,source_0001
512.0,0.78,0.0,0.053082784016927,5aeb89d430da41fcd2441b101cb21f04ac3211652c48918b381eca2661e810b5,source_0001
512.0,0.78,1.0,0.0273124376932779,dba348b4209a05226f01751476b9db5260fbb4f7c134ca4a4096785ad4e4dcef,source_0001
512.0,0.78,2.0,0.0293006896972656,095e8e24ce3d46177c0f6267c80218fb9360c04f828d742a520a754e8bf97d27,source_0001
512.0,0.78,3.0,0.0358564058939615,4be589779ff28d4ea1d8e7ceac74e16904930950d3f63ddcc15a8e5c014965bc,source_0001
512.0,0.78,4.0,0.0261982282002766,9611004b074b4803bca2049e6755e027ef17909da2faab1d6f6031018dc73ad8,source_0001
512.0,0.78,5.0,0.0512681007385253,d31b666c98ea8b550249db23e17b278d9af24f680eeda05018087802bd699058,source_0001
512.0,0.78,6.0,0.0321027437845865,dce96c389d9d0e503032234524397215c878ac54ed07954a9a7657d2ee7ce9a7,source_0001
512.0,0.78,7.0,0.0529522895812988,70c95302bdc6a62fb785bb42e8a0fa66d1e7c746ef199aa9ce93a3bd9d57b97c,source_0001
512.0,0.78,8.0,0.0599602063496907,00bd3311918526ebf69362666faec8927b65f57e54f29ec247db2443a2b97477,source_0001
512.0,0.78,9.0,0.0399870872497558,bf219c48b440a0cdd2030583abd07d484ca5aaa7235f80e56234c42c1b9f31ba,source_0001
512.0,0.78,10.0,0.0594032605489095,2bb69ccb425ea18a17ad61972df068c387e2cd4a09c4a73ed1db83994610931a,source_0001
512.0,0.78,11.0,0.0973958969116211,60605edb473578c8dcbaf433907f7e543d17c79aec516b9bb565a75c8b3e68a2,source_0001
512.0,0.78,12.0,0.0391734441121419,61ea324725f3acf5683d619635a1983fa41a38b81e0ee55ad166a14aa04e3e1f,source_0001
512.0,0.78,13.0,0.0444555282592773,3d05c5541313af036c9ef8fe420bb642f2650599524cc7cee2c43ccc706d3022,source_0001
512.0,0.78,14.0,0.0598718325297037,20848c4ba70d071fba552370bf95f9a9b6626a95b4b2bb9391e20284f1130426,source_0001
512.0,0.78,15.0,0.0431755383809407,2d10f5219b7e6a42658aaff2de79776e7a2f2f745aa6a1faa73796a9f2b04d49,source_0001
512.0,0.785,0.0,0.0599633852640787,7948678124577abfa506751944d156738f526fd5083ab47b2dfb114864b1406a,source_0001
512.0,0.785,1.0,0.0911917686462402,ff4bc3494eae19f83a6d2b17d69bf18c0e882e4c01c1ebd9ae71c8071f58147e,source_0001
512.0,0.785,2.0,0.0880255699157714,87851be81f38dad724d14142a718183cddbe239de75c1146158b76a557ac54e2,source_0001
512.0,0.785,3.0,0.0894360542297363,7c76cd78740de3fbf58d5ccb4fddf72d910edc48d3dbce683d65975e2dd9a335,source_0001
512.0,0.785,4.0,0.0995664596557617,93f02fe56acc9d7bd929ed5a71a9f18a7ad09b4166dd0b179646a55679af2507,source_0001
512.0,0.785,5.0,0.0720411936442057,5d0f60e152724fcaf49e05cb1385a3ec33933f997169cac65db0c122150b8409,source_0001
512.0,0.785,6.0,0.1357347170511881,0e606bf97f363ecf0b3a208b80d9f4587579e8ce6f35da4ac65dd8eb5437b7b3,source_0001
512.0,0.785,7.0,0.0706574122111002,2d9fe028f16588a7337a0bb44f2ab79f4ecc4d23b89f85a11e5b3374dad490e1,source_0001
512.0,0.785,8.0,0.0692291259765625,80237fe9b87108339b56a03d8ce2d085bea6c6629af007d3ef5fc6b33489a6fe,source_0001
512.0,0.785,9.0,0.0737218856811523,d81277778b298e5c6ae81c31e195a5aec66ed8729bebb3cfa78e03ed794932f9,source_0001
512.0,0.785,10.0,0.1116754213968912,9a61f8be9b277f719bbc4a55400f3745568bf3e1029bbdf4f133998763e5a6bf,source_0001
512.0,0.785,11.0,0.1054531733194987,533365740eb1b40815901a29bc4af30cffe8aa5e1995cb540c5eb09d76889187,source_0001
512.0,0.785,12.0,0.0647842089335123,29a680f4688719767e9fa241e07f51060eabda588651ae933e3a02aa088faf52,source_0001
512.0,0.785,13.0,0.0879198710123698,ba37cf5784b65ed2f21d57a3169f8eb77c123495d64289f32d29ecdd15d5e08a,source_0001
512.0,0.785,14.0,0.1169767379760742,821199ac12950e89f60d6fcdb5adafdf909b9d0fc0fd98bebace6236661950ed,source_0001
512.0,0.785,15.0,0.2546882629394531,d122bce3a3ca74b704dd60c2f5df4ecd25fa694b996cb7d9beb04437464c5fcd,source_0001
512.0,0.7875,0.0,0.0665187835693359,f26731ba5d5ec77c27ceed4bf57900d1bda53eb1d9e5ffb7f0fa239de6ba1810,source_0001
512.0,0.7875,1.0,0.1136194864908854,d85b348e6a35de1ce59f3758b0bf836fd36e7a9998067efe33632ec1ef4e403d,source_0001
512.0,0.7875,2.0,0.2095483144124349,bafd481349c0504e4e6194812aa78763fc11bda67627ce5b547e579baf27b02c,source_0001
512.0,0.7875,3.0,0.1416506767272949,c36c468cfc6e77269d64e8b3997f58c815ca5b682212e6641bb74945dc4bfd1a,source_0001
512.0,0.7875,4.0,0.1171439488728841,2c27f1b1320c95888aed89936dd671ab43874954054a0fc827368a1e971b0542,source_0001
512.0,0.7875,5.0,0.1268237431844075,02f64439c39842c5406c5b1903cc3b49607a3dcb218298ba5793a7d010edbe34,source_0001
512.0,0.7875,6.0,0.206553300221761,873e54b7700087bc74f5d0e9c4a243d416afe3e432c3b8bdb90e2a310241618b,source_0001
512.0,0.7875,7.0,0.2076153755187988,16a548873dd09413a9adb6fe9b6e839d318b3c98375512611a0db4d6ba119358,source_0001
512.0,0.7875,8.0,0.1339362462361653,17a21cf47a3eddef692b64efed463e417ab7ed15cbc9135f85f59e74bcead769,source_0001
512.0,0.7875,9.0,0.1640437444051107,0f13994584530ae8021808ffff27c14fe69d7a89abc141902883d8fa6f8e698a,source_0001
512.0,0.7875,10.0,0.1761301358540853,95906fa198a4be772edc85952d454cc8fc90834229455b956a65917776b12a4d,source_0001
512.0,0.7875,11.0,0.239530881245931,1269455f41d66b4407e2465df319cb49ed4e8a61bd30b8f8c74c31e3be2b3693,source_0001
512.0,0.7875,12.0,0.1223150889078776,311c6191080d8d28584398739c9a70a6cd4a7bbf284c9f3cbc1ae98149d768b5,source_0001
512.0,0.7875,13.0,0.1086635589599609,63008f1b3c5e55365b34ad096ebf89924544b3a9bdc1794ddb8b8cded0d3de75,source_0001
512.0,0.7875,14.0,0.1848282814025879,febbace190c61bbab014bb0df8793824c0073c485ed6ee42d2d3aeb09c04dc41,source_0001
512.0,0.7875,15.0,0.2590670585632324,869638a2191d9ede1d4b6431ba592db47691401cdf0f4adcffb7dee1871710eb,source_0001
512.0,0.79,0.0,0.1009888648986816,d3a8db83582985ff8e34af2cdb9ef1f44b06b35a5ebc38ec3314029ad99f7adf,source_0001
512.0,0.79,1.0,0.2414811452229817,3721b82a767a6ff726d58a1fe09068c86b4fb0a25418da79add2a5c031127470,source_0001
512.0,0.79,2.0,0.2223180135091146,4930d27a41e3f6fd5bf18d96c48dc01b96e22adda95d52847dc90c99229bbbe6,source_0001
512.0,0.79,3.0,0.1658668518066406,84c15523cab8369109f452c913698e17941b15ca0a81edcdbea2ee7b0012b3c3,source_0001
512.0,0.79,4.0,0.2272577285766601,52130d5883196e9341a43b2296ac61ead3d95ede66c4bf156da55d27d43e65ca,source_0001
512.0,0.79,5.0,0.1270658175150553,6e692aaf6e882add3455f8a3c77ca19144ecb79903ef510eea0afbac99e9efc5,source_0001
512.0,0.79,6.0,0.2092695236206054,7385cf096dc4b9bec4aeef3e0f42bb96ffb78e5ee3451a602eebbc32914b0c7c,source_0001
512.0,0.79,7.0,0.3473329544067383,0f57e3b5b64f1bb7d26df321ccfe1d79a2138178fb370b874da9bf75682e5ca6,source_0001
512.0,0.79,8.0,0.1578184763590494,c574dc99d650599ada55af7d54d6512a45983a76e15917f277a7498247e0f255,source_0001
512.0,0.79,9.0,0.2007374763488769,f749caacc8e2ecf45d62ee7e66470b8c24f0ffbdb61fd45ec50236499c04610c,source_0001
512.0,0.79,10.0,0.3471519152323405,a9f28d8872d71bf4a4832ae3fad47600596025ae1ae6dbb099fdd15ec4c26786,source_0001
512.0,0.79,11.0,0.1545028686523437,58534e6f21208ec90d9b051e62c99df272add17ce2ca6afbb0ca7c51175c3b38,source_0001
512.0,0.79,12.0,0.3569588661193847,a5ab380a73717b2de3862898264fc599f9c3d1cc89fd718ae1629ebf510848a3,source_0001
512.0,0.79,13.0,0.1385466257731119,ec6a99d3c3beb2579f1c67d5c9d904c48ff5cf6312bfe63cbb728c8560776b03,source_0001
512.0,0.79,14.0,0.1344032287597656,3e5e561c3c577915296473e97d8b7911017ac5078d8adc2173189621e9a00e66,source_0001
512.0,0.79,15.0,0.3819030125935872,a016cfa9063ca041ead8244831edfd79dce3c9694d9fe161fe5153bc99139491,source_0001
512.0,0.7925,0.0,0.4049868583679199,72c72b36766906e2cee8a19489d4ba48141a61414e5fbb8954551ad21756195b,source_0001
512.0,0.7925,1.0,0.4163691202799479,af4097c0f18c506831e486b73900c2f7054f1ca661daeca9607182352b0e295c,source_0001
512.0,0.7925,2.0,0.377723217010498,0a19441517d2d0ccc59ef249f54f8ffb9daf9cd45d461b112d152180c7308670,source_0001
512.0,0.7925,3.0,0.3061407407124837,02e7177c6e5e4ffe5cb1bddc3a7ffef530b5c5d9b287bd686068dcfb0bbde6a8,source_0001
512.0,0.7925,4.0,0.44907013575236,17fbd87b642580f23ca33fd1d835b709d707d3e84d08feac8c7459ed72e6ec24,source_0001
512.0,0.7925,5.0,0.2729032834370931,1f9f96ff60a33cc45af00ec0137cba7fa9c12ab26c0da41971fabf093c8ef305,source_0001
512.0,0.7925,6.0,0.3145853678385417,3db45b37fb0f1999c417a4d72dffb1bac38c9009f3d68ee30fd95a034bd9f691,source_0001
512.0,0.7925,7.0,0.3366405169169108,f22ea735be4c4c3eb73be178304a9cb58799e744c4cbe822fe8d5d0a12d7153e,source_0001
512.0,0.7925,8.0,0.5267000198364258,05719b23f5c379f14ed1a20e23cb41513cb4247d5f10659b1f979200350d8be6,source_0001
512.0,0.7925,9.0,0.3990643819173177,2a09e1326edf4aff9624b5df3bf40a7574a4652bec8eaf054c7a425e54c09098,source_0001
512.0,0.7925,10.0,0.4521557490030924,2be90170352ee4e31aae0664af18c4c54369f192f031ade96b575ec20fdb693a,source_0001
512.0,0.7925,11.0,0.3185076713562011,e1f3be2431d32548d22a8efb11885ff6fbfd8e4d44f0776a9016bf10653995b4,source_0001
512.0,0.7925,12.0,0.4839712778727214,6ee1af269ac79e1795ab2fbda5122f11c1f5e528948084b250d7f81df8eb239c,source_0001
512.0,0.7925,13.0,0.2210326194763183,36e48996715ef975ba31b941cc8c9ac101bedf461f81b0b2ac8033a5a0fd5af8,source_0001
512.0,0.7925,14.0,0.5041356086730957,18ad0b5730e72eb44cf67165dfefad312dcd0fab01c5857a40f1ceb9fa23e4ef,source_0001
512.0,0.7925,15.0,0.5358729362487793,e5bb6ed7c0c0ffb1071aa35f046c0222310a5c7dc6508f78c33e330981edbadd,source_0001
512.0,0.795,0.0,0.4053564071655273,6cfdd0adc3600e1e4ec74822b36d3f5579caac7096cc657df3bd0a6ba2facdfe,source_0001
512.0,0.795,1.0,0.7140390078226725,e7ef911ecf8866a73983081d3ccd348e66bb13f2367975e365da763a9b56296d,source_0001
512.0,0.795,2.0,0.2888566652933756,9e052c6f298dfda4f9f2d89c7b7951a2825276430159cb644bc306c3219f9ec7,source_0001
512.0,0.795,3.0,0.6604936917622884,dbf2178436812c57d67102cd0bf179ef49628ab4704f29926c3953f567b42c9d,source_0001
512.0,0.795,4.0,0.6347635587056478,bafe36fe1bee9b8511c9ebef25f315c3b7b690ad66b7d680077f4921c614fdff,source_0001
512.0,0.795,5.0,0.6084106763203939,ce4afe8d2b83dabc1601d113c6ca9e6ac59738857cce8aec7c6d9040722d59fb,source_0001
512.0,0.795,6.0,0.3234335581461589,4b29f6f994c6f2337e12cc3188b311631d7438237b4ac2c56d6186e79e0254a6,source_0001
512.0,0.795,7.0,0.3422574996948242,5fcaf85f0f4bc2f892f0147451a4580920992d6ee3bbf9b73025cc0917316d63,source_0001
512.0,0.795,8.0,0.9941725730895996,345d3a5d88374ab8af1cdc845aec6630ef18178092a6be3d47f1591113079375,source_0001
512.0,0.795,9.0,0.4169821739196777,d0087b8dc1167ce4c2d30aea667b8437e6f1cfddacb6902c648238ffc1dca08b,source_0001
512.0,0.795,10.0,0.4488069216410319,5d7f23ce700cb0d15356a6b10ed06ab7973299bd8eee8c85b9a6457668255de0,source_0001
512.0,0.795,11.0,0.3537290891011556,b4aae4a4cc57c8e3c40429834ec597d2850f99810a5832f69c29a9bd1d4191e2,source_0001
512.0,0.795,12.0,0.4945063591003418,5fb22f3142ea613ecc0a7a3d8957cd06eae206fea57288bf4b13a92d8dc4fdbe,source_0001
512.0,0.795,13.0,0.466983159383138,d54c4fcc8ae7fd831e39f441596509c6b03c0e77a1842a1b4ea4cb71e51935f6,source_0001
512.0,0.795,14.0,0.9781338373819988,3e337e9b2c8bab3705156908656d67b9de4db6374256120b8a33e632062e6750,source_0001
512.0,0.795,15.0,0.7179023424784342,4b497733acf04bd72db2a419c1d676db434287cb6e21a238dd082b56f04d0fa7,source_0001
512.0,0.7975,0.0,0.5985870361328125,77271035ac14b0782c8b2773959059b44ac682bdc7ea5613976c63df7498d7d1,source_0001
512.0,0.7975,1.0,0.9925276438395182,2bde713bd4780b83ee8ebe808a274926bee602c2bb561783ea9ff247c116bb64,source_0001
512.0,0.7975,2.0,0.4459497133890788,0568ecc116adfd76cee1f2b7584e53af94881f5bbfd43566981f7acf1d1f5b07,source_0001
512.0,0.7975,3.0,0.9886964162190756,070e906b58c366e86a0042be6422372fbc4b4faaca507135fe1284f9b3fa7364,source_0001
512.0,0.7975,4.0,0.967241128285726,a9632e982b3675291292e92fd3b48e2e72710b4f84fa4fb45862969b8f21a14a,source_0001
512.0,0.7975,5.0,0.609007199605306,180197e1ae14e3015bd9376e0f10708b876e51c9b62f2720f9d30b0bd4de33df,source_0001
512.0,0.7975,6.0,0.6466719309488932,d10c7c643a75bca64933146839f238c9c4e9bb01d547a9635a725646c44a70b8,source_0001
512.0,0.7975,7.0,0.987929344177246,00d63d50b4f42ae4718a5714943168636fcec06f02106663c6fe80febdb4fe48,source_0001
512.0,0.7975,8.0,0.9942625363667806,3f997929e1b37b00f332a3c2532f338dc2b997c9ef0c8a9b7398d5cb6f55653e,source_0001
512.0,0.7975,9.0,0.4210658073425293,e8bbda5cb505e1c7f300bfc19528fcbda9497c6f2afbc5a7cf798e00779cd069,source_0001
512.0,0.7975,10.0,0.8613443374633789,9532038c4532f369a669c156fd36a773d2a0dba980b4410b7d03317a873b7dbb,source_0001
512.0,0.7975,11.0,0.8783842722574869,de1c2bcc58ebde524f89a8f6199fe3b6eba7004d03459bc718aec721b961be7a,source_0001
512.0,0.7975,12.0,0.8613395690917969,ccba71bc4c22633e978d324f7cb9db76a02ce60d506720ba7e53fdbc8ee842e9,source_0001
512.0,0.7975,13.0,0.6313390731811523,26fb989b79e400b59697c9febd900a91e3184c35c50f84dd267c52b0f91c9684,source_0001
512.0,0.7975,14.0,0.9818859100341796,ef4a03338fbfdb74948a969987feed588175b49a01852c96683a9a80ef8fbf1e,source_0001
512.0,0.7975,15.0,0.9909447034200032,2cec0da22865c37c561f9a56b5f7dae91b4fb597368fe188008ab29d7ad57357,source_0001
512.0,0.8,0.0,0.601881186167399,2ed75b530a39e19c78aea24ae5bd410c0c3521b9ff7411dec7ab4c1500a3a0c0,source_0001
512.0,0.8,1.0,0.9934867223103842,07edeec31b3735d8b18b2b3afb27543cd080e7c5fbd6661342827432dafb9808,source_0001
512.0,0.8,2.0,0.9907026290893556,1b8bc6b308544820b9818719095826e6fa1b402c15e47cdef016bf3fdce7c233,source_0001
512.0,0.8,3.0,0.9914728800455728,221ef5d9fc90d5fc20a76026171eafd73772eaa271cf906ebcea8c3c77b91c55,source_0001
512.0,0.8,4.0,0.991967519124349,c0fbe1deda42e2bbe0b3f56d55cdb55b791cfd45a7c93e5cf02a7fe3c85d6934,source_0001
512.0,0.8,5.0,0.9922571182250975,e8f5bcdb90250004c2c8eab46bb7868d46c314ca3859bc1fbde104e66ff8eec6,source_0001
512.0,0.8,6.0,0.994015375773112,5ed7cbbc0d0791d7322d51149eb26f0e3a90257c73b02df7b2f4848173f5bb9a,source_0001
512.0,0.8,7.0,0.9935978253682456,022ec2735630366b28a923df959239e5204a03bb9938885e98f34baf324a66ff,source_0001
512.0,0.8,8.0,0.9946215947469076,02e0c3fc0aea3f9ec6e19d260b4c388487d50c57ebc456997dce83d41aef0465,source_0001
512.0,0.8,9.0,0.5574979782104492,01085e927c52d29e5fbfc7258426b60fb1e036785d274d2473509524d545e586,source_0001
512.0,0.8,10.0,0.9045666058858236,8271856e729f3fddcf4c9c461adcec9862b1e596cc15c457ad8e3306df109532,source_0001
512.0,0.8,11.0,0.9946395556131998,245a861a63ef867f0af0703654771ff6c3abef6fd57a60ef04cc9dc507169727,source_0001
512.0,0.8,12.0,0.8655546506245931,f8f22149ce702f4a37f2b44581d06d60b41d358a096de6c9163c61c49f27d90b,source_0001
512.0,0.8,13.0,0.631918748219808,f0162d569744208951aa02a1de624dc0345c080ce3dbe2242dd8a157231701f3,source_0001
512.0,0.8,14.0,0.9912664095560708,c28d3ff21e878fabe2eecbb54d0e6fca9126ba326cc99179f9e8659b5776e022,source_0001
512.0,0.8,15.0,0.9910977681477864,1a1c6c1810e27064b1acb8fd36eddfeafbef303d296c2b266c3f41c657ef8ce5,source_0001
512.0,0.8025,0.0,0.874787171681722,8cc5a878406d74e88e2f59af9abf02aca0e1309a0f9f94aa59693a5fc4e66b4b,source_0001
512.0,0.8025,1.0,0.9935935338338217,cfcec8a52e7afeacf04f0992d591ef86bbc365a54113ea25e7ed3bc943ee1f24,source_0001
512.0,0.8025,2.0,0.991573969523112,a616f8f466d64d34296aa625581a49ded81feede5f15e18fe58b0faa63f50ce3,source_0001
512.0,0.8025,3.0,0.995296319325765,ec324a182c7178eab4f38752677e4a7597c8ecde0dd911634e445aa92944f4dc,source_0001
512.0,0.8025,4.0,0.9921266237894694,618dd0f061723af5cdb3def25ad5c4cfa0b057cbfd5baae65966a761694c6bd0,source_0001
512.0,0.8025,5.0,0.9934720993041992,e576b348e05c106cd098e64ee87daaa4052ae2365a5bde7fac69e9f4967bf03b,source_0001
512.0,0.8025,6.0,0.9946346282958984,54ded1464fea20422dd122203cae2f8d5e59c735d92057fe7ba0bb9eec1abde4,source_0001
512.0,0.8025,7.0,0.9936361312866212,8ef51443300ba51efc575ca7ca20ac05f57d46fa50c35511354c52f06465c99f,source_0001
512.0,0.8025,8.0,0.9945645332336426,54949a578a06461ac22ed7032ab51fb8fc5432cb765effe5663e28cd2c746bec,source_0001
512.0,0.8025,9.0,0.9911942481994628,c07e4f2e727fb82bc48094f7b5120835928935993e51967a3cd7f7b92a403eff,source_0001
512.0,0.8025,10.0,0.9944310188293456,4b9d2ed8f51eabbd8b243f4c560e73ccd2a999899519c133f1d1230eea0faf8b,source_0001
512.0,0.8025,11.0,0.9946592648824056,d1003f1b682787078aafe2c6e3a6e53ee91028eae9c62da1fd12b07663eb8dc8,source_0001
512.0,0.8025,12.0,0.9871807098388672,d574c1b120a893e3544910cd37e2a22cf98cb7120b1dd32c9042b91991cdabd8,source_0001
512.0,0.8025,13.0,0.6320929527282715,f614f9b1db87c5d07b0d033bea998ddca2607c31d673741f45dcf8eee7a05d93,source_0001
512.0,0.8025,14.0,0.991425355275472,4504ec859f067a6fe5f8bffea197624b4ceb6b83a757d6787354390bb0e20482,source_0001
512.0,0.8025,15.0,0.991186777750651,779e1b149080251f9a3b5983aaefbb629645c2e2cf3176b5bb119243e506fbee,source_0001
512.0,0.805,0.0,0.9943892161051432,ca4e6fe56a6a970150699927be847aaa8990e6906dd14f80aa4c0d14bd03f2d0,source_0001
512.0,0.805,1.0,0.9937893549601235,dc39b0acdbfab009929af29e19f3d0eb999becf070a88fabdc1acca0d2aa5930,source_0001
512.0,0.805,2.0,0.9919435183207194,0dfa914b08393992574e144b1f670cfd98bee87c1cd991f4314be1ebafc5083b,source_0001
512.0,0.805,3.0,0.9953600565592448,33b1e1ce267cb921a4fd191a2373e8a0b56fe98d27450dca7cc11f8cd2d80ee4,source_0001
512.0,0.805,4.0,0.9925270080566406,59c935e976e8f5b3b1024dc595e255a79b9307b65f0e1d8d3a07019734df66d0,source_0001
512.0,0.805,5.0,0.9933104515075684,3c7b9689db3ac0505fab9f1924a2ba71c0b62b3b240813e8837a682feaa6bce8,source_0001
512.0,0.805,6.0,0.9947655995686848,b137864ba5d4dd40d82413bf584bb1e983fe56b97583ac2e458350f68202b00a,source_0001
512.0,0.805,7.0,0.9944658279418944,f46aa1bc5fd14457679fb6efcee52b4e234b6c91a42920f44830124c9d4c2164,source_0001
512.0,0.805,8.0,0.9948776563008628,f6eb9be992c051ddbe7fdaff700796cf666973629c99bc785c253f933f797b21,source_0001
512.0,0.805,9.0,0.9941010475158693,85829c5352b4d6a3705536152fa7804bdc2e3980613cea07165730d3cdc2910f,source_0001
512.0,0.805,10.0,0.9946829477945964,bf05bbe929e55d61454037276a828d953acaa3ed47c65ab55cbba1705dfb1788,source_0001
512.0,0.805,11.0,0.9949210484822592,2331aae9d9b74dad20e1bc1b00808ce954dec7fa488bd6849bdf93d461944723,source_0001
512.0,0.805,12.0,0.9909331003824868,8964d7b959b672a2fd2a16b833275e315d7394e4042cf626364921b2fc9ec629,source_0001
512.0,0.805,13.0,0.994384765625,b4172ead67ec46fe8288053659958eb7327b215baff1d89c48c415a6df24e43c,source_0001
512.0,0.805,14.0,0.9925411542256674,dc69540e83974645c26b0c2962593c5ddd790501e75a3b8b867021ec4175b6e8,source_0001
512.0,0.805,15.0,0.9915156364440918,ced3705620f47afdd36032b4785b29edbbf97d8668b433bbdfd42948c6ff1ca3,source_0001
512.0,0.81,0.0,0.9949013392130532,c6ac86561607092696c2c03910d66090190697731bd41319a54b4cf2425a1541,source_0001
512.0,0.81,1.0,0.9957013130187988,4b4f1f912d466335a2fd7c8a09fa4dc61ff6fc856fc49907cc9c5c91da66dac5,source_0001
512.0,0.81,2.0,0.994248390197754,186994168b1edd26f5d2982cbd2c41cfd1057367f360b5bfa2218323abd1fe8e,source_0001
512.0,0.81,3.0,0.9956591924031576,80bcfe44f51e2b5105effdd61e1899847a8a5fce1884e55bf9b2afa43145cebf,source_0001
512.0,0.81,4.0,0.9930157661437988,42c0366a259045fb59bf23c23709d71a96d67065f9037f2120f0c386f7911c62,source_0001
512.0,0.81,5.0,0.9951329231262208,2bfc257cfe3f6a4e371b3c560dada11ccd20117ad4af29e92ce93ce313e7c00d,source_0001
512.0,0.81,6.0,0.9955801963806152,c5c76d04c33d3ae3c10b3505d89fb46b9cf99e1a46f514c0322a4af59fde16c2,source_0001
512.0,0.81,7.0,0.9946058591206868,43387bc6fe592cc336359032312303b0a0b84df1155850225f72094747427eb3,source_0001
512.0,0.81,8.0,0.9950931866963704,66a311575de203ed80c160b5202468af1fc517197ffced8362ffc8dbc3ff124d,source_0001
512.0,0.81,9.0,0.9949158032735188,0a808e17bd80ba592f8408952f4ca3825207f48f7c4338eeceb404836b922aee,source_0001
512.0,0.81,10.0,0.994818369547526,3680f3cf9ba8901e0fffc8423eae96e99315f6a68f64072367274a227119845f,source_0001
512.0,0.81,11.0,0.995091756184896,69b16727220c728679557ddc5ea1325a8effbd5c7b75c495afe593d651cc249a,source_0001
512.0,0.81,12.0,0.9914986292521158,81f90d2a0e432903774ba3d07a4e349499b833f39a9826b38a6b64d888f6786d,source_0001
512.0,0.81,13.0,0.9945866266886392,b5910c31ed3f32140f9d7438828ba9ef761db897fc28ea0e4f197615c2417c2f,source_0001
512.0,0.81,14.0,0.9950448671976724,c3c067e089f3fbcc7586366a449091d6dfd302ffc2b07c69d33b260b704d01b6,source_0001
512.0,0.81,15.0,0.994791348775228,9d139f704aa4dfa077e245e22926d5371319a22bb0fe639c5f4fad4b8ff06eb5,source_0001
512.0,0.815,0.0,0.9953180948893228,0c3e8d27584d9b448343ab7de99b930177019550e8f6aed47ca744d0c9e0885d,source_0001
512.0,0.815,1.0,0.995936075846354,2775b46eccdd52921f2553cc9183bdbe1ebc4491d16ec619c3d77cefae6bb713,source_0001
512.0,0.815,2.0,0.9959880510965984,5d295cbf41854dea601a276272b9e98adea1f4902e0a315de21a6ae17a85895c,source_0001
512.0,0.815,3.0,0.9959518114725748,0e95ceabe2e25bc73511127ab2eb975137d4f9bac0a9c30a118f0f3c7bb60a9c,source_0001
512.0,0.815,4.0,0.9933934211730956,cb72c1815d2288e2a150cf6e7786bc8132e87f6ab031fd8234d4142b4b913f48,source_0001
512.0,0.815,5.0,0.9954673449198403,45165a4a36418a92c9cf037acadf76283e5a5e18a631e6ea43db502ee0bf190f,source_0001
512.0,0.815,6.0,0.995527426401774,ace7ab28e610f5d1415e9d4b5813e159e5d2352ca8e5b12ce4063ba62a174a8b,source_0001
512.0,0.815,7.0,0.9954681396484376,9bb6acc75256fb089e30a0553c736a1dc0584edaf8c53f7210722993f13599c6,source_0001
512.0,0.815,8.0,0.99550199508667,fa090862de69d9dd85fa51acb3ddb339741919ec9e5f7b225b35e32f340302ef,source_0001
512.0,0.815,9.0,0.9955137570699056,e9d53cfb893e7c90487f0ddfd78de8cadeecdfa78df87307e08aad62265c227f,source_0001
512.0,0.815,10.0,0.9950102170308432,d190af6a0b5534b819e5d3312c4c9587d6d24d80eadb5db7a1e9be957c8d41dc,source_0001
512.0,0.815,11.0,0.9956124623616536,3b2e02135dfc10f134e0afa5a056bd2c07ff4f247fde25059943e690879237d2,source_0001
512.0,0.815,12.0,0.9939762751261392,6f150396e8a0a031e102cefb6c4ae94c525571c3475458e3c9e2c5da6a0f81bd,source_0001
512.0,0.815,13.0,0.9949286778767904,538fd3110b1e78bc4050af3b8fd0bbdde9d7808e590bf26297f3a25fa7ee9e1d,source_0001
512.0,0.815,14.0,0.9952554702758788,9e98c2052d99444c68cf306a5921b3452fcc1ad535504d2ecf37339a71b6afd7,source_0001
512.0,0.815,15.0,0.9950067202250162,e8fd4af744d2f3b61d0de5719d952a8cb654578c88768b444f895c0108a38e81,source_0001
512.0,0.9,0.0,0.997345765431722,c64bdda04d5d6cd4490d418461c23155b5978b8d7330da200eaf8b76f0ee3858,source_0001
512.0,0.9,1.0,0.9973932902018228,760e74292bda33fecc79a94e16cccd63cd48e3c9cb7fd64ca3565501ad23456e,source_0001
512.0,0.9,2.0,0.9973901112874348,2a42cfa2ed653e79752d04f80f984361f21295ac49cd9a3edf32999cf6cc2efb,source_0001
512.0,0.9,3.0,0.9974346160888672,aa05ea96bb6896e9c0baa42571279e0c6c7d1cfcc3a7d62bc306f408d628b614,source_0001
64.0,0.75,0.0,0.0464680989583333,45428627e80295bb88d5bc39674aedd76494330cb8e4f628527e7a977f5e8813,source_0001
64.0,0.75,1.0,0.0246378580729166,84ddf5879987181fa8d3c88b182275d92f4a2804592447471926859d8b48c783,source_0001
64.0,0.75,2.0,0.0202738444010416,7611835c54505acb1d6b2b52c0dd6ee35ddc5d0aeba63efbc1c375e69e4ea06c,source_0001
64.0,0.75,3.0,0.0245361328125,736ca90ed56614274f2ab155795dddf1a998450e5207cc0b48ce08db3013a00c,source_0001
64.0,0.75,4.0,0.0255228678385416,5449a0f6a2eb7293da9cb7bab860aa1bee5e2eb16405b6224fcba37cdc5c571c,source_0001
64.0,0.75,5.0,0.0215861002604166,72e27ba73d845dd4f6fb32b78886a2d683480a2d17b68eaa63f34ff10b812ad8,source_0001
64.0,0.75,6.0,0.0255025227864583,3852d3ed71e76dc605198987a70e9049beade26169ed9afa7e92c55877d65d11,source_0001
64.0,0.75,7.0,0.0301310221354166,8adb5a5074be445f27099d7fd535b29a17d881ac21071cbcd18832855ee4ebea,source_0001
64.0,0.75,8.0,0.0219828287760416,499ffd77dff48c8876f61b30c379446276916925a1ad44e97ef0957249b100be,source_0001
64.0,0.75,9.0,0.0861918131510416,d50b21889934a615929bf0b6eb2d7c26d7d8cd80c5e70bffc7793b895ec28279,source_0001
64.0,0.75,10.0,0.0420328776041666,57f98037bdb0c27c9215c1ed042196ae361f649d8159e75e3f971d0d4901d1e3,source_0001
64.0,0.75,11.0,0.0172831217447916,42b0b18462d6208fa70e2bc9093d8a1f48a177516adedd222542ef36e00e77c6,source_0001
64.0,0.75,12.0,0.0529073079427083,fb56d05a0f4f824837f7a685ad2dfb012b1851d54cfa2fe751e4d4126d67f6db,source_0001
64.0,0.75,13.0,0.02032470703125,cb05ea79e2dfdac7826dac32fa66f4b346ea147ce64ad184fb87f2508fc3e7c6,source_0001
64.0,0.75,14.0,0.0367533365885416,903a14cf7c648c9e16b81cc0f5ae8f1b2f8e6a7a4d6fe7c7b03a85b2ffafebc2,source_0001
64.0,0.75,15.0,0.1926066080729166,877548d187daa20578161d942339244c70a14397d8cbc9c8e7d7cce7be95f350,source_0001
64.0,0.75,16.0,0.0374348958333333,bf246a8e86f82ba68abfe309c2c40f1bfc6e5cdd483e3de158028da233164ea0,source_0001
64.0,0.75,17.0,0.0379435221354166,9b2a089b2d37b97644e677e3f8fd94d82fb652deed096df332d12f0a3e1538f4,source_0001
64.0,0.75,18.0,0.027069091796875,3559da0b91d16e0a70b95abbecadfc8fc62370cc1ae901aa50aa81965878aed3,source_0001
64.0,0.75,19.0,0.0325927734375,3cc280eda1ad5b43da5fe685fdb0dd1281546f7e2c973aadfbedf34c2fc8ce85,source_0001
64.0,0.75,20.0,0.0295511881510416,83ef02d83aba2e3a112f593984824d7aba3a84464d28e36780e0493655dbed48,source_0001
64.0,0.75,21.0,0.0213216145833333,425b3c9978a3afc440b8a8ef7ec21f829477a4f7f42551e6e68d7404bcfefb2a,source_0001
64.0,0.75,22.0,0.0286865234375,59239ec1fffb49d20fd256964c3a701b365bf743b37f9f5d353aef9ee7d0388f,source_0001
64.0,0.75,23.0,0.03326416015625,9022c7df3bd62abd7d57d71b337b773a69b8b50f07a6c605bedc489f982c3d84,source_0001
64.0,0.75,24.0,0.033172607421875,3a5b5146525ff7c07d1e9d29252d25745ad1be8792bf4520307124288eb38af7,source_0001
64.0,0.75,25.0,0.0258076985677083,98ef166cbdf321d3c88ec76887e0a70c1919ad435d99a6fc578c235b24f02750,source_0001
64.0,0.75,26.0,0.0247294108072916,7512f587f09b1b608f9de698bf11e06db4690046043a2b329a0181a3c48868bf,source_0001
64.0,0.75,27.0,0.01641845703125,d7e2d4ddd5dfb660dc4309bd7a15815d8fe9cc97004f29f48f44b8d60f6083c2,source_0001
64.0,0.75,28.0,0.044708251953125,7667c77d209d7d73b8d9f70ffbd062aa6f25ad0e9aee4d559899393ba27c6fda,source_0001
64.0,0.75,29.0,0.0196533203125,a97be312a5f28267eb38c0dde56884dc6435b6a8207c69a07c73245abfc5edf5,source_0001
64.0,0.75,30.0,0.0231730143229166,67f52603da0ce516037627af0af95fcc49455005e160e50bb5a80c91fac6815a,source_0001
64.0,0.75,31.0,0.0243733723958333,568a07a6dce5e06ced5951060dc71e2979346dac6e989d321fc5c7e8193d99ca,source_0001
64.0,0.76,0.0,0.0447998046875,b9f09b6664fa83358426c827f132fb763c5d08c0aa2b985effb63111919575c1,source_0001
64.0,0.76,1.0,0.0574442545572916,d13ae7290f1bf8fa657d4ff2e1bb453c07883b77d0f56bad53fcf467f4226b5e,source_0001
64.0,0.76,2.0,0.032989501953125,60a0f0d3ba42cbe6a62c1a7a34f570782d282d02f876ce335422c2ad3150670a,source_0001
64.0,0.76,3.0,0.0252685546875,8f972a7aea533946991eda855fc99f9736f0a5e426117df987e5e388a06b8535,source_0001
64.0,0.76,4.0,0.0269978841145833,c157f3cc48662da2714ffa1f85119590ad3b1cf7d5160ef90b05392886c8aaa4,source_0001
64.0,0.76,5.0,0.0325520833333333,c6eab311117021029d98ba3ace74c7ab036631aaffaee7c3ac996cbb43f5734c,source_0001
64.0,0.76,6.0,0.050140380859375,5dd6d27923908d10f03584e9a61b42872ad686c11915349ae94b18ec13692442,source_0001
64.0,0.76,7.0,0.05780029296875,8f567675bed0b74d6dc79f6f4ed8c1fadf3d0c454679f4cba676063822262d21,source_0001
64.0,0.76,8.0,0.087738037109375,6bfb7259c1dc9766adf555fb8ece912a270ea657f5f0e05b850b7242360e60d5,source_0001
64.0,0.76,9.0,0.0539754231770833,15f3231dcf17ba0a11b18c5305a4ca6a69f0d6ad4ddc1aaf71a9e8d5d48f25eb,source_0001
64.0,0.76,10.0,0.0469156901041666,f43581d0368c3813fb3351302381b1e56f646167d6a3c68dc699a9ffd95b3305,source_0001
64.0,0.76,11.0,0.0295817057291666,9b0a7a6b82baeb58d2355d40124ac0644acd5bac4c6a9858d4df4b6400a07997,source_0001
64.0,0.76,12.0,0.1037495930989583,ae048dea366932fc4f9aa2e7b91123cdc35d31e5ddaeed120abb05890bf13581,source_0001
64.0,0.76,13.0,0.12432861328125,d92f00a04d81c629746fb06f7f44a03e78794bb7aa4b748e139172332326c32f,source_0001
64.0,0.76,14.0,0.0389200846354166,6c6fa96303bdfff22651fbf7e6d3c94fdfbfed00ec0dfdc5c016ae615aa05be1,source_0001
64.0,0.76,15.0,0.1933797200520833,5e8ace773910977ec65a259a69d056d089577798eac92f6b127974dd4e873e43,source_0001
64.0,0.76,16.0,0.0289408365885416,090dc18fcab9a2ec3775d21cbeeb80beb95f699f7baea6ae0bdeb0b2a5117bf0,source_0001
64.0,0.76,17.0,0.0435078938802083,6e664861dc8a2e57b262d0f1de5ce9f956c0db2fcc2d0ebfb6f49e309dcfd363,source_0001
64.0,0.76,18.0,0.0284016927083333,67b55182a14286580fca74c24cd98094f79931f144734fd821fba29a72248ba1,source_0001
64.0,0.76,19.0,0.0490315755208333,09c2bdbda30a4bfed16353f05759664e89196b9782bf5318e6f4bc63dbe4e06d,source_0001
64.0,0.76,20.0,0.0429280598958333,32cc2c5fe01fd05b91bde5632def4cbb7a680b5f56d11050a61f04c693402d55,source_0001
64.0,0.76,21.0,0.0448404947916666,35b72ac5adc660db7b90d39eea5b73ee487e9d80f05c161d0fb8f4e1bd6e101f,source_0001
64.0,0.76,22.0,0.0409037272135416,5a756069090a88b5b4ce99bbabb9f5e8b723ca81307e16a0cec4ba021e0fafc3,source_0001
64.0,0.76,23.0,0.0507405598958333,fe1a094c2da947f282e005d6f4062a97c72322621be5b79eb462900276ed0f89,source_0001
64.0,0.78,0.0,0.1096598307291666,6f2f5ec64c1b4397c1ec110d5f6e5d89933a1cb1a78cbc86abdb5b20756900e2,source_0001
64.0,0.78,1.0,0.1944376627604166,37266a343e19ab10d65eb609fe9e9e4f9720dae0df61b572c550eb1c16ab5904,source_0001
64.0,0.78,2.0,0.0984598795572916,bb64e90cc5dd4892b772016387a310ac73198ea9a5fbaab4465641790f3f4317,source_0001
64.0,0.78,3.0,0.0685221354166666,215f5aebef1ac5a645f414ea871775c49ed8f279036f12a8560a4f882eec3b21,source_0001
64.0,0.78,4.0,0.0746866861979166,37d07c7bc169bf1cbce383f941d17ade0d28203d12f0bf484dd23c85c85f456c,source_0001
64.0,0.78,5.0,0.080291748046875,4a983a3c91654c75467d4f4f0053b3eda276c94574df60f5b6a42697f98280f2,source_0001
64.0,0.78,6.0,0.248016357421875,5503705b5e17d0589f1c9e7e51f72dfdb0fbc6f5fcaa3d0b14b15b26896f19a5,source_0001
64.0,0.78,7.0,0.409759521484375,2fd149c4bef809304397cc84b931191dbd535e887ea71ea89554c706596a9b2a,source_0001
64.0,0.78,8.0,0.1506144205729166,f9e023daa42e45b813a7bd6835dda4bfd9b643a9b4f9af7093ad1af05f781665,source_0001
64.0,0.78,9.0,0.2013448079427083,5f5198baf6ea0e7f55d4d7570a7c4901ffb4d9005e3ec94a1d5fb61fb70f4472,source_0001
64.0,0.78,10.0,0.0745849609375,df2b2372f61ddeea8ecc43caf2305e03c72826d395542c1967c2a05943ff4276,source_0001
64.0,0.78,11.0,0.0977681477864583,b647a2c395b0027bc117b98cdb10690f48fea6d22d6c2ecc71501bd2b6b4402f,source_0001
64.0,0.78,12.0,0.241668701171875,77ce67853aab059ea84f0a86e4a0c5648ae9d74976f01f556d3f8e8ef427ebee,source_0001
64.0,0.78,13.0,0.167449951171875,7b1434e11f87ed5b8e2ac5c526cc06cd74d7c958b392ae92d84497e6efc19f5f,source_0001
64.0,0.78,14.0,0.180419921875,84a5f0a3c896c0b97e3e3455c37ff945b3e7723eff2bb62d84183d4f9ebf3306,source_0001
64.0,0.78,15.0,0.1988118489583333,2fe4169cd80fa9d5cf7bb40e0c41102a20c64ecfa248b2202f56e15847184740,source_0001
64.0,0.78,16.0,0.0969950358072916,bf27c52bde7375a6190e2f61e5e5079d1418cd49bfabd6dba4e7a5e453b30d98,source_0001
64.0,0.78,17.0,0.309539794921875,40f20da83997414951c23661241d21cb6b5b6b3e3eebecd3f56bfff511c13ee8,source_0001
64.0,0.78,18.0,0.0525105794270833,1098f75cbaadf08aca6efdffd351c2a4f8ef829404e7d6ec30fd15bcf61dd5b8,source_0001
64.0,0.78,19.0,0.145172119140625,2f994cdcaa05977557b21c7cbc403829cf7aa1c10dc1a59315aa090d275805c4,source_0001
64.0,0.78,20.0,0.1066996256510416,f2ede60cb2035118e72bf735dde0c480c6557ccabab2ce316912d686e8092dc6,source_0001
64.0,0.78,21.0,0.0779215494791666,33ea45de122fa1ebea5c7f6f4995ed2954b92c286ee6bf882d3fdaf7a6ed2a34,source_0001
64.0,0.78,22.0,0.0601298014322916,c6716ff628e31770855ecb14ed491074b14bac9872d75fc983783a816912085b,source_0001
64.0,0.78,23.0,0.0587870279947916,34730f0de07c3c26f7536858d15a2e3af011b6b7f71533d159f70b403906307c,source_0001
64.0,0.78,24.0,0.1876322428385416,7f6a4ec023fb5bfe85236c3dfa28db81f42e809276fe6271bc846b358d23c453,source_0001
64.0,0.78,25.0,0.11761474609375,33ec13c1a1034688a4272518a18c70bd3fb2def5a927b00629c21fb7b34cf343,source_0001
64.0,0.78,26.0,0.18267822265625,dc212f847127feb19a358f6670e9f97df9cc218693520f0e7b4b565fc3084e92,source_0001
64.0,0.78,27.0,0.0609639485677083,c1e0beadf73c9e68f9d89da78371aa3242a264c5a08fbe0a298dd2c137762f6e,source_0001
64.0,0.78,28.0,0.1224161783854166,f6ac488be83ca1f4bf95c8ef6344ae239b21c6fe3ccfbc21752b6b36918ad722,source_0001
64.0,0.78,29.0,0.12744140625,7a9e25fbcbba2cc4cfdbde2833707c88d7b7e771427d85dee415c04b62e0db1e,source_0001
64.0,0.78,30.0,0.073638916015625,60d4dab615e5438ee08990425551a656099000cb11e86d902f441e9b797a1798,source_0001
64.0,0.78,31.0,0.149139404296875,ed23b87fd71e1558b280ddd644798611d1b969823d73f57ade11ccbe84108fa1,source_0001
64.0,0.78,32.0,0.1457722981770833,81c24fcd4e1437d5475082d7ef2c7281bfef4d7a668f51ed93a2b5fa509258c7,source_0001
64.0,0.78,33.0,0.1994527180989583,8c170ebc3f3112845979a164f3131ee6768f7681624f90e31734b9e2fb85fb30,source_0001
64.0,0.78,34.0,0.1200663248697916,c4c01deda0a5364affb6c6f6fd402c4ce89c0560b13eaa36c4666e5b834497ee,source_0001
64.0,0.78,35.0,0.115875244140625,34526b7991d53d4563ca2fbc224ba4eab01df3798f36442a0bfc9ec869bd45af,source_0001
64.0,0.78,36.0,0.0858866373697916,0e76b98e0acb38329cd78f34ea7e18b7d4577a2c018eaf38622f69bd86457c77,source_0001
64.0,0.78,37.0,0.0854288736979166,fbdddb4cae26107ac51bf0d0f0dc5ecc61e41922269c49dc24d73355c801314a,source_0001
64.0,0.78,38.0,0.0563456217447916,5e83f68209aabca1f28e3365ecd455e5f1bf53362de83c19b42b5611495b3f63,source_0001
64.0,0.78,39.0,0.0303853352864583,a12baf703f2a2a685c8d82ab881945b27798e64b9b9c1dcc6a003b4855da6cf3,source_0001
64.0,0.78,40.0,0.158538818359375,bd81da886df4bfab3e1407ada2e43469bdbb23e7e413641a50a0c501c6ad2d48,source_0001
64.0,0.78,41.0,0.0707804361979166,4f030de69fb2626583243c0c31d2a163a181299d3054f3234e5533a5035a8fad,source_0001
64.0,0.78,42.0,0.0882466634114583,7116d7fec3a8c86824f38b121648987c1f20cd8f6bdc809d47f8797eb2f4fd5f,source_0001
64.0,0.78,43.0,0.1397298177083333,62aacfef8c1fd2bb3a0ce1a89ea3bf0756ddac8aba88acbbcecbec4a34cec904,source_0001
64.0,0.78,44.0,0.1353047688802083,2ee148afa19ce32d980fe663813c7bbd8271c9381196ea3bac989eb63463a5ff,source_0001
64.0,0.78,45.0,0.176513671875,fdf4517f64b8451747bf0508bff4b60312474d92f9a6b1cd3baa996c08a5658f,source_0001
64.0,0.78,46.0,0.11328125,8846e8eb4474686cf955643590ae2e2e763d68503996acccd0de00d3a381e21a,source_0001
64.0,0.78,47.0,0.0468953450520833,c458236d8d6c7f0d69c893c6e30b17f0fb47bd8b391f6c68b62a56c25658930d,source_0001
64.0,0.785,0.0,0.113677978515625,93bdae54e35c844c4e376e98de3e25009cac585196b68f94d784e3ae2e0264fd,source_0001
64.0,0.785,1.0,0.1946004231770833,8394e0c6ad292f4e8c98ec766fa0ccf9948923b3dc6489cb4b435aa28a0b9679,source_0001
64.0,0.785,2.0,0.1210225423177083,00435a6db7c5d6665da33893208684241018cc36ede9c11d9e5974d9baff82ee,source_0001
64.0,0.785,3.0,0.1346435546875,666d6485af577c3009cb506f12b696e4f7ca4464d583207056cbd29cd964c84b,source_0001
64.0,0.785,4.0,0.1002705891927083,dbebe7c2548d6f637e68cfbb3c1c735a656d37de13e372504f9fd92dea8a097b,source_0001
64.0,0.785,5.0,0.0848388671875,2cb931d0db1076ff8ab762225cf02b2239722ad9411e562f9db573d7dc369c58,source_0001
64.0,0.785,6.0,0.1069539388020833,c784f287a16ce07de8f8febdf22558247841725490b556f4798a5c31e437c740,source_0001
64.0,0.785,7.0,0.5872599283854166,50d54433c0aaf4b209b8b6f09472393a6f9789a8181af98c9d322ccb3b2b814f,source_0001
64.0,0.785,8.0,0.3261820475260417,38c05daedbf217f0182536d90a2600f83fa7dd83e0b57e7a622a497ae8c68cfb,source_0001
64.0,0.785,9.0,0.1981302897135416,12a872961a86a6747228422029fabca71f570b55085003d6f463ae0e80c0f562,source_0001
64.0,0.785,10.0,0.1042989095052083,8074afd07ac2362f654863cc56af3210a00bc1c4405e21ce04ff76777ed6dde7,source_0001
64.0,0.785,11.0,0.11309814453125,d03777fc59e462e4fb8eda9bddbdd837581e621f0b8ee20c51dc01d9769ba365,source_0001
64.0,0.785,12.0,0.235595703125,58ee499f2d1771b28bbe6c8a91500cf4c6c015d8ad77d2614e435ef3b78516df,source_0001
64.0,0.785,13.0,0.1946919759114583,e471ef1866906c7af1fe1c89161d0d6f5a27dcecf5287f1f3abc051062f99ce2,source_0001
64.0,0.785,14.0,0.1753438313802083,a3dc1eb89d4f10e676561f00039b745f060df2a3ecd59dfeac6046a64dc0b333,source_0001
64.0,0.785,15.0,0.1971232096354166,3c203555f4c2fb330c50bd1769c7f28281108bc30665782d80d08bbbbc308026,source_0001
64.0,0.785,16.0,0.1580098470052083,a6b4e22502ee13f4ba4f7d1b9b0f2db0460ef850bed17aa4b4ecd74172bcffcb,source_0001
64.0,0.785,17.0,0.1577046712239583,b742ed9ece50fd4cfcfbcb58181fd8d32d7f9c1de01ac5ec13b6ec90ebf5b0f5,source_0001
64.0,0.785,18.0,0.15936279296875,361d1d052182d77a51a22ee916979516613bb04af15cbb433670a326becf6d1d,source_0001
64.0,0.785,19.0,0.150177001953125,681811b43ee84590929ba7f7b3a0fc00ee85610b3f530000248c4a8ceeab7bdd,source_0001
64.0,0.785,20.0,0.1069844563802083,0e02b70d93b2d3d7196e53e1febc1a9871495b9213f52d52974efec5bb7c091b,source_0001
64.0,0.785,21.0,0.156402587890625,92a8767209b2df58b5723e1a10c57b8b8b909b0ec43eff52acda960dc0ddf3a0,source_0001
64.0,0.785,22.0,0.0779012044270833,d8bb7a65da4b3734cb30ed135bd4b63173cff982278136cb29864bd59c386580,source_0001
64.0,0.785,23.0,0.0863444010416666,88bd6dacdd0815ed6712a19209ba501b7c24433fd5cb3f61f1d6b8a0519c836b,source_0001
64.0,0.785,24.0,0.1885172526041666,921ee26f08f2d1a28ddbf8f51e01899529bb2a9c1242807f7244704cfa793622,source_0001
64.0,0.785,25.0,0.1243896484375,f116256fb505d0136177841e48a846ca0e5e00acd3407d287aacd0c9e3eb5a60,source_0001
64.0,0.785,26.0,0.197998046875,c5961dfc2b470be0cdaba59722e239a9705912bf26761e9009cff7fc6c0c678e,source_0001
64.0,0.785,27.0,0.1552022298177083,8ba0f3de288d8d3965c9f128d70eb66c047a4865bd525be1ec78cf6fc5f04e62,source_0001
64.0,0.785,28.0,0.2180989583333333,5e59bbc4043ca311accdd93f5fc982d79a71d2186e002eee361507b4dd35aa3c,source_0001
64.0,0.785,29.0,0.127838134765625,3fc5ec26bd2acb183fa5ff1d71e573c26914d3082199e1691d050f17f2cf2b9c,source_0001
64.0,0.785,30.0,0.1519877115885416,d9729a9bb3db07e977bf5ada3143a4862ec90106f61436f03682193dccaed2cc,source_0001
64.0,0.785,31.0,0.135009765625,016a3cf472d00d3e122ed3651e3586c30279c676ee30312dcc2357cc76fc8d77,source_0001
64.0,0.785,32.0,0.153839111328125,daa65c5f3f37f7a48266fc6bc2b8585f83d6b6d82937f82b468333d4c2e2f0d0,source_0001
64.0,0.785,33.0,0.20098876953125,f74b1b934dd3aa9e03ec192440b9bd12316ccde21ce974926c3d878c1f85bdf9,source_0001
64.0,0.785,34.0,0.1290995279947916,b57470a66531d9f4c2f1f324dde2e63881e9bf5ec7bc4441e1c8a3177a72d4d2,source_0001
64.0,0.785,35.0,0.1678059895833333,b9dabe6954320d7df076e9c5ab308bf48c4f1e31b4263c4d8eb96a664b86d67c,source_0001
64.0,0.785,36.0,0.087890625,15debf6e7d5627c62f124d5f477986ef5575b82e690e6b4d3e025233d4226c7f,source_0001
64.0,0.785,37.0,0.1288045247395833,4673f59b03cd38a762630e5ad538ab216fde8da4d662172e97facab374e15ee7,source_0001
64.0,0.785,38.0,0.0685933430989583,0daab93879e9ff60904dbae012e1856a2d9bcb7ede80d7de464fa4a782a3fbc1,source_0001
64.0,0.785,39.0,0.1273295084635416,209646f55b83da3873836f09e7b080d852980302a14eb5c940a1aa536024ca6c,source_0001
64.0,0.785,40.0,0.3486226399739583,d52f0c53f4c54a10fb01e17875968483ca2f2cdb96442feb3b2feaac5408401d,source_0001
64.0,0.785,41.0,0.1188252766927083,30c5920e092cb2b1b0e60b66add5c0843c323de0c1dca1f555b64890eb4d0438,source_0001
64.0,0.785,42.0,0.0887044270833333,ecc39bac4c7912f1c290b25542ce4f3a7939a22f90a7d1a70c212b1d1e5abcca,source_0001
64.0,0.785,43.0,0.14666748046875,f7dbc62068eb1415883a26e58882e54e4d3285ae0f8058205fe11ceffdb5a9fd,source_0001
64.0,0.785,44.0,0.1621500651041666,d1ef8ae9bcfe7a6a99d8e3f717570f762752d10e3f1d51973178ce6ebbbaa6dd,source_0001
64.0,0.785,45.0,0.1792399088541666,e183d3a802c4f654777ead8247a64b55bf4e713b348dbfc8c2377e0ac4ebe1a3,source_0001
64.0,0.785,46.0,0.29217529296875,467fac652a1c12acff1c261f2a60eccc6d440bd43f0e60df8f3656590052cc09,source_0001
64.0,0.785,47.0,0.1065266927083333,9cc4a6219a7be97164f6bd0723665109d77faa0d2aa5b8accb1b013b1469b028,source_0001
64.0,0.785,48.0,0.1033426920572916,27256461f18abdd752e1cf62ec91cc7038f0af59aff904d35d1d902670568050,source_0001
64.0,0.785,49.0,0.1454976399739583,d9bd15e8950b90d0b4112df3ea10c9153b93d1b8bd912ab76bc20de59cee41af,source_0001
64.0,0.785,50.0,0.1191202799479166,cab183311ab599ff18dbcd492566c6e518539f034a9c215f86543c2bf99d8290,source_0001
64.0,0.785,51.0,0.1703389485677083,58b8a2d1d80da147500031341c5c3ed8ea18fe3a4d724f345b1ed364b0f4e792,source_0001
64.0,0.785,52.0,0.2608540852864583,52d443833175ead2598e185ac8aae11499363d618bb6f16566fa9b444f3a16c0,source_0001
64.0,0.785,53.0,0.10736083984375,c36e62317a7f9353f3dc56f05dd315f95eaa2429478a9d6d29dad481410bec55,source_0001
64.0,0.785,54.0,0.0459493001302083,8c204fd312f248e44882c4fb8ce1f8278508aa4dfae1f674f202920ce635541d,source_0001
64.0,0.785,55.0,0.1690673828125,c16b031fe3fb974d9a59d11fa34a6d5172e4f7e6bfaa68612634683a553d0a91,source_0001
64.0,0.785,56.0,0.4214070638020833,8e07c1a42a60c31c3514610dbc07a56b5e05e274d4c06c732bcc21bca68b06e0,source_0001
64.0,0.785,57.0,0.1485595703125,ad7d9e5992886a3bb7efb1fae298ab451a8819754df82c41293ab271458f0ca5,source_0001
64.0,0.785,58.0,0.1234944661458333,0ceb8166c004638156e01a29178c89cfe9118a09237d910e5def20e1873fd54c,source_0001
64.0,0.785,59.0,0.086883544921875,5faa147c8742ed736df2db25b90b9aa5838c7955554e47f386c6b09716b7c7a3,source_0001
64.0,0.785,60.0,0.1570638020833333,b6f91e1ae62e5f74378b2679ed805909fff29cdb6158ae0e3eaffde27abe5211,source_0001
64.0,0.785,61.0,0.1291097005208333,2e588e121fb0d2db900392d7969e5813c414be650d53e34a7543c6211f236bd5,source_0001
64.0,0.785,62.0,0.1515401204427083,bbf7281ce0237dbbe04b9b651a762b6566013488edd8de1be289f4380cbdfbdf,source_0001
64.0,0.785,63.0,0.1465962727864583,e29d4cd6a1612c747687e5227b10e28332d1671973d5fad5501c7e3700e4ae79,source_0001
64.0,0.785,64.0,0.35205078125,1ebe2562e2ce8c2416b8d2caa2fe9c5bdb8c2ac48f470501f2bac2732b13afd6,source_0001
64.0,0.785,65.0,0.110443115234375,1ec21cafc29b84820c81a0871e646d7e7ac60dd502091b0eb8a370f263d9ec9a,source_0001
64.0,0.785,66.0,0.1646830240885416,44e6702e4a3f282540914640bb5972bb8cd1bd818ed4c30ade6cf5532a901a8f,source_0001
64.0,0.785,67.0,0.08294677734375,e2c50f739bdf91e58bb261f85efadc3f780c6e4a0b38ff9e326308a13c6ff041,source_0001
64.0,0.785,68.0,0.0559488932291666,ee3356f6659f00b010285d80db8c0543422d1808fb15f5a89983d9ca5d39366f,source_0001
64.0,0.785,69.0,0.1539815266927083,8227fbba1682c6a60e4796f249c13511061e693c0fe45db1f5477a79ac312c57,source_0001
64.0,0.785,70.0,0.3280741373697917,d6979d7236c311cf6b895921eb80e7742bd6d0c8ef24949c498757cbf0cc6720,source_0001
64.0,0.785,71.0,0.0637003580729166,1e3c0d274c5948059f1e5db6d80151900c3b5af003445d1ce587be5caaec76e2,source_0001
64.0,0.785,72.0,0.0721638997395833,e7a601980a2ae21ab84c72a56ccad0a3a128da2e336ac6dd6bd74de2271b58e1,source_0001
64.0,0.785,73.0,0.1032002766927083,fef2b00662cd657b7dbff8330e42c77aeca3d3996d7c959b4b92ae37ce877707,source_0001
64.0,0.785,74.0,0.183441162109375,eb30e05a9c83e7947de2076bb8c2f2a5e103d4ffa785c558ce082587756956a9,source_0001
64.0,0.785,75.0,0.1215006510416666,5035bb28bf3d598c0062ea109e0f520ca7e48cae3eb121d7f881e51e7ca50898,source_0001
64.0,0.785,76.0,0.276611328125,3c3e1d7212c4a64082356a031308c39c166b6561c8eff36841a6ec302b970b9d,source_0001
64.0,0.785,77.0,0.1966145833333333,5bae440a53877607d2c6d0f65930c0778d3a078af967291784b35371b274cc73,source_0001
64.0,0.785,78.0,0.1532796223958333,ca4fbdde1675694b271dd285410ee0d11dfeb50d2e5b3ae9cdacf965f86a7644,source_0001
64.0,0.785,79.0,0.2344462076822916,049f608aa9baedfaec7fcd3fd2caa80dd6df82cb82c0aa1e210740f8f7c8ba02,source_0001
64.0,0.785,80.0,0.111328125,4f4374fbafa8d6a204e714ee2d26652cc5fc32cda6a517384f3dd3992cd5248f,source_0001
64.0,0.785,81.0,0.1687520345052083,a124110060f7219fa014c3ade4509f8e5d0ad05c278b3c0c63e06cad6f38cc43,source_0001
64.0,0.785,82.0,0.0644938151041666,7fec84b36f31d01feb9d9b8e607132f728528642f4b24f0e3e3dbdc125f7b7b9,source_0001
64.0,0.785,83.0,0.1140848795572916,7d0e1181c7f1aa10360793dc2178f030346a4f0eb830b9966576fa1eb513c543,source_0001
64.0,0.785,84.0,0.2218424479166666,99459730bf35c0169aa5236774fa301f70ea067bfab0cd5d74290c6e2fb965fb,source_0001
64.0,0.785,85.0,0.1444600423177083,d210ae061de7fde6d87fc0efbaf2446b5248d4c93b3d42211871836f03221211,source_0001
64.0,0.785,86.0,0.0780843098958333,1a4a8873be55f33433285abe4304cf3fb3fa8d38cee68a1e1ba9f54c40fe074f,source_0001
64.0,0.785,87.0,0.06549072265625,4b798e20a8d5617289a50fa427db6aa03a452a217689d915c829ac083531f2fe,source_0001
64.0,0.785,88.0,0.1997884114583333,9e548f5e72b8f256ae77cd37ca24d493428b6a002f13f8b5c303125b34f431d1,source_0001
64.0,0.785,89.0,0.2502034505208333,d7441060aad51e50aeb72cc2db2be30f6d6adc3e099410de01ad1fb543eba43c,source_0001
64.0,0.785,90.0,0.1814982096354166,cc4a1c6b8a476a9271111a281d1d34f98ba07fd6362deca3322552ba0fd38775,source_0001
64.0,0.785,91.0,0.202728271484375,f399f266f0091bb12cb965df65a54d39385ebd0b95fbbf8caff540f0953e0730,source_0001
64.0,0.785,92.0,0.2054850260416666,d1ecc94288c77b922db325d68142f82340d474a66a3b59697aec9942236c643a,source_0001
64.0,0.785,93.0,0.1317647298177083,ce25828801bae2b0d462df97cc6c28894bbc5556c7177d9c47f8c1bbdf3fd38b,source_0001
64.0,0.785,94.0,0.0634256998697916,40a6a12f1791ce8c75305c4683d4ff66fae7432492013a1b21e79b86ecc9fb59,source_0001
64.0,0.785,95.0,0.18121337890625,87b27c4bd81de289ed6b4573a54377aca426413fc5964bfcb3c3c6667e764228,source_0001
64.0,0.785,96.0,0.1157124837239583,eb58127981bc3a9da63adb0fe8f2dbc10bfe98a22fc637de2facaa29da674c63,source_0001
64.0,0.785,97.0,0.0773824055989583,efa7e6ce047052c987c9985a72f40cde05b777734fcae6df4537362044b4a012,source_0001
64.0,0.785,98.0,0.2290445963541666,f9b01258e9aba7fcab296995d94519ee37611a9b2bb1437dfe4effcf6c23eb36,source_0001
64.0,0.785,99.0,0.1412455240885416,ccc8cd0ce8140a66e6f54299ad1a4aaa0456b85df99596f326fbdf7ec55bb6ee,source_0001
64.0,0.785,100.0,0.2073262532552083,c54291a37073f4d5dd912c6b8a5ecb4eebc9f1cba66cfe21a23824512b345209,source_0001
64.0,0.785,101.0,0.38421630859375,66b83a8e28a0d42869cd138e5c4df0b384ca922aa571547d30ee123c522d98aa,source_0001
64.0,0.785,102.0,0.0824381510416666,ee808e24555a96d9cfd10c14ef69a2186e3cd52da7d85743d3b9ae6194d85c52,source_0001
64.0,0.785,103.0,0.1926066080729166,7438db54c540831eaf1ab3d8896f25fe24b624836905f7bf3a98c85c68d770bf,source_0001
64.0,0.785,104.0,0.1984151204427083,080b26a976917fc57d0210b3cecad8b8464834f5a462a552be807191a501342f,source_0001
64.0,0.785,105.0,0.0968119303385416,a6a488e1e87ee862f0c5cedfb5f93cf367e2c47c05ff2d1f3d59f6b8cbf0894d,source_0001
64.0,0.785,106.0,0.139129638671875,6aefe4902c3663ee240359b5bff730821fb6322302f32f13bdf7183158a19475,source_0001
64.0,0.785,107.0,0.087890625,f272c9a1e18e6ffb2118f0ab92bd086d2616f57c06799632fba85c99acf4b83f,source_0001
64.0,0.785,108.0,0.1478474934895833,f5f66854d185bc4f02cb2cad146db7961fc8f74f017aa6f43fc21aa875c2198d,source_0001
64.0,0.785,109.0,0.2289835611979166,f07508908ebf81add2b5df389dcb6aab521b32e8b4d1f9e1919aaba48eba0164,source_0001
64.0,0.785,110.0,0.4682413736979167,7166c9209a0eae665d41dc9e93f8399e983a47719324a8b4ecfcdfaba0d75f7a,source_0001
64.0,0.785,111.0,0.1615498860677083,a176f1031130af496fcc4a6a6a01e4dc2889603c4deb40c4bca1461c726620a7,source_0001
64.0,0.785,112.0,0.1014607747395833,11958be9f79e128f93c8ec2e812f64c86d05d36bc07d15baff215ed319a6c953,source_0001
64.0,0.785,113.0,0.2076416015625,265313dd3e851d6c877c5bbfae32eb3196b20b7af8079dd5f210297a9249ffc5,source_0001
64.0,0.785,114.0,0.2241109212239583,6a6af81fd4abb23211253b68520c700d4d05fb09b29a1e7cc920b98498e332d0,source_0001
64.0,0.785,115.0,0.277923583984375,10fc5bf4ac5828a6a472651d1d67b475952ecd0fe7efbcddaee3a61e2e3de9e0,source_0001
64.0,0.785,116.0,0.2066853841145833,eed8092a7c92a6c26d7acdcc75f912b31bc19b34defde414797b2fc2055072f5,source_0001
64.0,0.785,117.0,0.1061299641927083,1bf0aad07d21291aa6527efc6685749215345a0b64d19d14851290b2dff460d1,source_0001
64.0,0.785,118.0,0.05914306640625,1c23da8c403ef68f947a4da33d4b30f5b16ff067c85d9bb35c9d663ba4d74f11,source_0001
64.0,0.785,119.0,0.1063435872395833,6ed92716b770e48f6a28adebd80fe314453b11317870a001b23e8adc8efabdf3,source_0001
64.0,0.785,120.0,0.1246439615885416,b3e5de05dfc0e8d0ff1cbea1a2c2bbda24e445e77d505dd4b83e2745c9c3db36,source_0001
64.0,0.785,121.0,0.2079366048177083,22502f71f027dceb65b4bf664c0a87a6a560fe9c0ed4706072789958783c0c1a,source_0001
64.0,0.785,122.0,0.108062744140625,b21259cd47879a42deff7ca043b76de6155ca65c4703ec6d545384e241c1b319,source_0001
64.0,0.785,123.0,0.2123921712239583,854b0406567333c22aa271dc61189387a1734eea7b3fe56ab95b96781b69971a,source_0001
64.0,0.785,124.0,0.1474812825520833,9e49df975e8e76b2c69dc922cb97bdb53ad48545d15a6ad6895b234bce7b615e,source_0001
64.0,0.785,125.0,0.260528564453125,35ce3fad0cfab03b7bfe91fb4b812324e2061c7f51fd500a100e6de5df232393,source_0001
64.0,0.785,126.0,0.163116455078125,2eb22ab6ea0a467bb6054027052712ec34f1774c66bf55e2f97d9c18942a3625,source_0001
64.0,0.785,127.0,0.1449991861979166,220a978e428e93fbc344033c8fa63639a093d40bc5c3e52939a04ecb6b17393b,source_0001
64.0,0.79,0.0,0.1161092122395833,bd4ef759686e982bed8ce30f20ac180cd3399f0fd6a6c901653f9956cb6f6e5f,source_0001
64.0,0.79,1.0,0.197601318359375,c4c289f84b64dc80a8867f675224e1ad1af1ce8afeb21f317dec70c988fd99bb,source_0001
64.0,0.79,2.0,0.24310302734375,f7d0fd44691d19f01b8f4066dbf80312ae719cd71bcb9c9693883aaa9c648ae9,source_0001
64.0,0.79,3.0,0.1198323567708333,cc0dda49c7c6208aa20e9a2c5da353b0ca2640f374ab22ab842902b77277824c,source_0001
64.0,0.79,4.0,0.200714111328125,7bfbbbf4b04125c505867bbf0fc326e92fe82b56e00c6f3eb24edc260bf891d9,source_0001
64.0,0.79,5.0,0.1978963216145833,c57c215fc0eabcb7d2facdede7c1cd42cf9c11b8e8b9db79a0117975db296406,source_0001
64.0,0.79,6.0,0.3333638509114583,ad95fcdeeec8138ed2fcccea3a6eb51613344978653fb5349304b5ff4c59fca3,source_0001
64.0,0.79,7.0,0.3420918782552083,d2ec34aeacac3e17227fd5b717104bbd9beee9b9e0b0936047c3d96d1152f437,source_0001
64.0,0.79,8.0,0.431427001953125,6a3bc6b199bc7e6265355b23a80ddb4bfc77eccd601ca3be36881396acfa67de,source_0001
64.0,0.79,9.0,0.284393310546875,dfb72a817646570c18106c8a0af193c35dcbcf194a53f6ea37363f2c6f16f145,source_0001
64.0,0.79,10.0,0.1053670247395833,979c1af73437a85edc8895bc855bdac387d50a6560aa922f6276331b25f80ad6,source_0001
64.0,0.79,11.0,0.1726481119791666,b555a2144b8f09cac55fe844804e36ab317c23dfaef6f0be72a09cfc7728f764,source_0001
64.0,0.79,12.0,0.2758687337239583,d022b036039ad8dcce15f83f56567330243d4da0ff66bd879e875cb32681462f,source_0001
64.0,0.79,13.0,0.2601725260416667,034c2292ca5703cf7a7974d712d2964bb6837aeb23dda75720f66ca57b161b46,source_0001
64.0,0.79,14.0,0.1758931477864583,40e8655b700fa0428877193036d76e7e6fb44cc7a7062f225c50e8f6cddcea90,source_0001
64.0,0.79,15.0,0.3265584309895833,d7ab1e51ddfa48abc9bd28a26b31f3728af3baab528e55cd229dac94c5f77452,source_0001
64.0,0.79,16.0,0.2581075032552083,eba6103eb26a90d715310263df2db312394d66365101baf1dc3a1f0bb220d317,source_0001
64.0,0.79,17.0,0.1375834147135416,caff6ae9cfa31df28b3403c0f2be28398264efe25a4aa4c2f5dc16c36196a297,source_0001
64.0,0.79,18.0,0.1764322916666666,fcc021747eb76a5db2e0fd32860fb36af4e4af0775884b059634c53c5c333a98,source_0001
64.0,0.79,19.0,0.148406982421875,ed401cdb979a08eca430f38968e03788d70628f180427d5ac54649bbff5c44cf,source_0001
64.0,0.79,20.0,0.1077677408854166,7cf6f27b33db02be29dfa476429d4ad113cc7e2372d26165a80c1fd65e031330,source_0001
64.0,0.79,21.0,0.1890055338541666,167ab80a6ab1d1d04d17d1f91806399b68bc113a3ec03d353dff52af6b17d533,source_0001
64.0,0.79,22.0,0.0904337565104166,ce2bbd5ab7f451b49f2359ef8b2c3a115625c6d5b94aa76276ef86a63fbadba4,source_0001
64.0,0.79,23.0,0.0874430338541666,035d67e515843102ce9f6805e961f46d016ee47ca47e212f27aa1826d58bc758,source_0001
64.0,0.79,24.0,0.189910888671875,598e59c4ad0b7dd52cb6d43dc53f241eea8134d5ef3f75026c30f0ae1ec4c13c,source_0001
64.0,0.79,25.0,0.180816650390625,f80e1516b2c5ac037a5eb4293038bfe4826737086c50131adffad9dd700bc3d1,source_0001
64.0,0.79,26.0,0.1988932291666666,79d584b6a745fa1e035501321a9b743bdb1832fc3074833ce19ac4c474ade978,source_0001
64.0,0.79,27.0,0.264068603515625,52c79154cbd7851958f2ee2472c56eb4714c9d6473c515e04675a9f5fddc2f8d,source_0001
64.0,0.79,28.0,0.25750732421875,33baed562f16cef231e4117139b8e042ecc5f38b9d65d1cac0ca5a0dc84871fe,source_0001
64.0,0.79,29.0,0.1271158854166666,45b549c71f510c6d6823d653896d788a630bd348a3e72c259736142bc64cb37d,source_0001
64.0,0.79,30.0,0.2956949869791667,0eebcfa69535721c705ee3c8d97cc7025183c1a681e8a2e3e463f7f73326a51e,source_0001
64.0,0.79,31.0,0.3205057779947917,1481c6f22293537a08910c5065076b34a62b3e16146419d17e6f7f02c1584f7e,source_0001
64.0,0.79,32.0,0.1663004557291666,7ea082ba605dac4bc1b1716f43cce7b8218c90c97f84b52066c9aa8d7029375b,source_0001
64.0,0.79,33.0,0.3506571451822917,06a76fe18708df7e950c193ce9ae9148e019caeddfa52394be275184bd390f71,source_0001
64.0,0.79,34.0,0.1360575358072916,a79b0d99bb107e167bcff99a53b39eb1182c0b24583f0f7bcb0f23ba56ee387b,source_0001
64.0,0.79,35.0,0.2324727376302083,da79b5ba689ee66bc65e93b5e22f2f5855f0bb79b58009184b2bc95062501770,source_0001
64.0,0.79,36.0,0.120147705078125,9296b46929cc56a267c88251aa7f964732615f1e049083089aedaf03acd7d081,source_0001
64.0,0.79,37.0,0.1362711588541666,2969aa47605e092b88a35e478f5f648c3970023ec54e5c96139c27ccc60a38a5,source_0001
64.0,0.79,38.0,0.076446533203125,a0a94d7b51163a45d7a2af26933ad70e5e3cc96994411903d9b9c391639bc036,source_0001
64.0,0.79,39.0,0.12603759765625,b16ee6cdfe7a76a52a669360d940c7197d9c0d625ce4dc9cec27c2655b1496fc,source_0001
64.0,0.79,40.0,0.35260009765625,9f644d8188e9456426c5dcf3f9805c2c6de3cc4cea06bcc94c8da2fcdfe2cbad,source_0001
64.0,0.79,41.0,0.11993408203125,8eda94c199d8519c1f7853fccab4a27cf90c86b479e4c87c74dc614dc67725a8,source_0001
64.0,0.79,42.0,0.2136128743489583,d67eed03aef7f727c2f137c1a018cf43d12a590d099b0c73a4d22f136ded976d,source_0001
64.0,0.79,43.0,0.16741943359375,746c11d147ab5cbf4ab7cd62df066f3d0d185286aedf949ef202b441dc26a767,source_0001
64.0,0.79,44.0,0.1733907063802083,d5950516a72f4330df70cdebe2df2cb0d33ea1dbc539b7074e33aa176bf4871c,source_0001
64.0,0.79,45.0,0.2454935709635416,bea3de83788b5869d33c73d3faac3a46f8676e06fd0029b66d8de4d1a185a050,source_0001
64.0,0.79,46.0,0.3464152018229167,c1b9566225735cfba1f1cb06bfa55e4abf0c9326784f794d6857450ca3e9cbd5,source_0001
64.0,0.79,47.0,0.1571756998697916,1793b85658c4d1e2b9671163672c7b8e01f909eb6d07c74ba27c33283e7cefbf,source_0001
64.0,0.79,48.0,0.1440633138020833,5c5c260215dc6e89d37a9a251b418b8d8d2ae2c427cdc51b7439544d3d11edf6,source_0001
64.0,0.79,49.0,0.3087972005208333,fc5efebf0329d309f7cb262287553b436b306b2dc5832597816cfa0534d82480,source_0001
64.0,0.79,50.0,0.3146870930989583,e4d6038185d5749775ab4894cc5596afba62deabde3f8950226cdb2496f3ac11,source_0001
64.0,0.79,51.0,0.323699951171875,bf8ababc75146486ef7004e11c179834707a9df8a47a50c5c583bd49e3697715,source_0001
64.0,0.79,52.0,0.2629801432291667,ddc0be9c375cc799404719e2c1e1ff1cccf93939c224faaaa133b143dca5ecb5,source_0001
64.0,0.79,53.0,0.1242777506510416,735d442ef2d370cc841b358b4bcbcd84f254a1659d70742b467279b83c84a67f,source_0001
64.0,0.79,54.0,0.0957743326822916,2ad6e89558765162712cdc74f2e9c3eecb9f3dbe10aa160c14d30e8254b23fcd,source_0001
64.0,0.79,55.0,0.1720987955729166,194f5a92a08afca2a524826672684164523343168104f265314db37f6702c751,source_0001
64.0,0.79,56.0,0.589111328125,2aa82e23defebc42259c5a24b60e4c8f7ea265c8974756e37aca2f77ca3aa4eb,source_0001
64.0,0.79,57.0,0.1495259602864583,bdc33ea4a902d5c9c761c5c85da6c82c71a0a9cc228521602eff801a6ae9b1c9,source_0001
64.0,0.79,58.0,0.1241048177083333,5857c63a312c85a6603d2f2ba9555e58ed625500368d67c14f5404df01ba95aa,source_0001
64.0,0.79,59.0,0.12335205078125,6b4d52d54330dcc7e431d8e13a9ef4114e39968bc3feb17c3198902874b9667f,source_0001
64.0,0.79,60.0,0.2224934895833333,4d939d5f06aed25b564eb99af298a663fb6af607adc3467e63e66a55627df76f,source_0001
64.0,0.79,61.0,0.1442667643229166,0d5878992d46095eee2a25ae93bc84bb4a937964647a6940cb93e9c132b66d64,source_0001
64.0,0.79,62.0,0.2186075846354166,2be602f0ad0d33d4a9dd6c3d669dd8c091396f6c29ec7a85f7f862613c041d68,source_0001
64.0,0.79,63.0,0.2195536295572916,0850b22962821223df7bbcfec8cec17466152a3830fa34b824e6d6d0b0d0295d,source_0001
64.0,0.79,64.0,0.3590189615885417,956d0922f6e6991bdedb86853da60bd1596a06b9ba5b655be91b71a567b779ec,source_0001
64.0,0.79,65.0,0.2032674153645833,2ccb1066931e4b4f71855caa75f98f11aa382fef2ec73ad9ff6610295747540a,source_0001
64.0,0.79,66.0,0.212005615234375,ffaa27948e0cd78edd7dd8092bdd7fad3259b2df7fae38028fd4ceb3504d5343,source_0001
64.0,0.79,67.0,0.1020711263020833,30c170306de90a29e0dac8aa6b62f63e3a8334cf7742133e27ca9d4b5fd73140,source_0001
64.0,0.79,68.0,0.0933736165364583,1aaa4418f0e29e9d68616c9ad4aa982ddfe8593fdc6985d6c99697cc14d561fe,source_0001
64.0,0.79,69.0,0.4643656412760417,b104d991a637ee4ad19587e5d3b42fcb199a8d93a3b48b5da03217b911d90320,source_0001
64.0,0.79,70.0,0.3288777669270833,86bcc236f8d5ef445b45790cf14a4f284996ed4d4ca1051ca26836a778a25d2e,source_0001
64.0,0.79,71.0,0.095123291015625,c058bb5373d42f09f1ebaec69ea0607b97a924fc666ae28205c67a8aa9b13016,source_0001
64.0,0.79,72.0,0.1026814778645833,54eebb0bbeaaf71d389a2d35b99cc206206fb484ec30d64d096d7356b1a98bdd,source_0001
64.0,0.79,73.0,0.1731160481770833,73f855160d3edc3278e771698478f568f3a54c47bb8ad3865354c7979e6cd6a3,source_0001
64.0,0.79,74.0,0.18670654296875,477c4e6cbdf8f34d5b2a2caea62f862e06623004e511652722d1792970a20ad8,source_0001
64.0,0.79,75.0,0.1219380696614583,db8c7f9d9416260e4c56ebb41350375b1ad564ff3fb3e06bde1f95861215bf3a,source_0001
64.0,0.79,76.0,0.3027445475260417,980cbe3831d6859c04b369dec1cd87eb837860def04b3badec06a2cb318988c7,source_0001
64.0,0.79,77.0,0.206268310546875,5babc8e4f06c920f862b0feef9db3144e75a87264f9781363d81ab8e0ec51b25,source_0001
64.0,0.79,78.0,0.1560262044270833,40813d4d06d351575486760d73287d10853f8c340e741de98b47c112142ae936,source_0001
64.0,0.79,79.0,0.2418619791666666,dd8ac854b3785db3b3e50411f3cfa843b0d73e979280674792f32906f081ea3b,source_0001
64.0,0.79,80.0,0.1736348470052083,9a43d1b609a8898b93dce1af8f257e0470bc0cc5f157e1bf8e0a3033f8e2c020,source_0001
64.0,0.79,81.0,0.1823933919270833,8521162755ac5229eb3a7361b85fb927116d80f409d3995451d474330bb83d92,source_0001
64.0,0.79,82.0,0.1469828287760416,e1f53c6f612c51aa744955b28c39d3c7af50cc3260c89a21b27b52d190e481c6,source_0001
64.0,0.79,83.0,0.116485595703125,25d0cb6cab800905168d4e5e69b7b358ed92c6fb80836ebebdc6024b9aba0dca,source_0001
64.0,0.79,84.0,0.45751953125,ae7575a3f5727b532d65aa99e2e274a2255d4f2fde62d925c8d003cb7777eade,source_0001
64.0,0.79,85.0,0.1474100748697916,7ce1df24b7cb5b8c07906a5f2d17f01a6e3edc3d3f4de819a674affcc6db34a7,source_0001
64.0,0.79,86.0,0.0976053873697916,be7bfe2c3c6c8be38f3cc5689686dbc55faaf14b93a5d50cca1aaa40cc30443c,source_0001
64.0,0.79,87.0,0.1026102701822916,28b94c10180afb9bccf3ac862a97c9da418a015c15d16faffb7e0bf7978338dd,source_0001
64.0,0.79,88.0,0.2054951985677083,92be80b94eebd887905e3413987c2ec5da10665b93a5b5248d10a6634b392cc2,source_0001
64.0,0.79,89.0,0.2520243326822917,7fa0b9e9ed9bcf1467f4f68329ff21a76f61d6316a2378b30c6704f60efdf529,source_0001
64.0,0.79,90.0,0.183929443359375,ee17577efbca6b6e97bedf9b4e911a29ce5a4c46011d505f1c704cb04ddc40c4,source_0001
64.0,0.79,91.0,0.1738789876302083,75e702039378b38f2ba6cd688f76f7681e657dbc9c358531929259ebb1787b32,source_0001
64.0,0.79,92.0,0.2074788411458333,f46585dbff613960dacc06ad190539f4a05436a764cf71c8ff55785538af3e29,source_0001
64.0,0.79,93.0,0.13812255859375,86132db65eb368473ad2b629f94b029f5148b8f210ec03eaea214d6a67a0f7b5,source_0001
64.0,0.79,94.0,0.2892354329427083,fc170f74364c5f4a1cb11cd0caf0681d732feb9796e0b6b6da882ce7f7b4a293,source_0001
64.0,0.79,95.0,0.2117411295572916,e7d5e2a4a14dbaa3ba18e68b09a0af3f6f62e76c7b119f15838098b401c974bb,source_0001
64.0,0.79,96.0,0.2180074055989583,15b90962d93664a8ad40b998ae6ac8c8e62d70536aa205089c7185e0f14b13e1,source_0001
64.0,0.79,97.0,0.0974527994791666,10ab2655c7a36ce94c8c56d8ae005415c3b23f3d00738b4bfe3c5121c1436b6b,source_0001
64.0,0.79,98.0,0.4275614420572917,be763ff5f11011e1f701e3c1ff5bf415521dd950d11b002a7c794c6ebed52d83,source_0001
64.0,0.79,99.0,0.1418863932291666,a338e3d0809d016ac3da5842b3d12517291299608800f253498e27234c6ecd14,source_0001
64.0,0.79,100.0,0.2113749186197916,0cb24f5498f008399de7632cb7e1ef935ed8a06bcb5ff6bbbd2fcb50ac5ca365,source_0001
64.0,0.79,101.0,0.384613037109375,bfb6d4fabcca96013df8369718e45ccc35a4a2aa30d8269e49f2a50c31068c72,source_0001
64.0,0.79,102.0,0.0865275065104166,358baafd4416fe68fac1e8d73fa8359578f979a19a118ac61050f3c319dc2afd,source_0001
64.0,0.79,103.0,0.1950480143229166,a1657e31267f41f844208416aff4738841962002a02c3b9a9548813525ccb596,source_0001
64.0,0.79,104.0,0.2035624186197916,78bb639fc6865db0fc4825491b8846faf3d6226541bcb96ffcca8452ba391494,source_0001
64.0,0.79,105.0,0.1882832845052083,654166665f6bdc374841302d1728f5c4b58f137c44427aac62cf7be000e392c3,source_0001
64.0,0.79,106.0,0.1435648600260416,f45dba2dd110d5b8a949686235b0631c96c884117b8641f7562c0eceed39fdb0,source_0001
64.0,0.79,107.0,0.1616719563802083,0adeeac58089e32316d203d6abc6c04cb675330471f6d9115c7f8baf3922d370,source_0001
64.0,0.79,108.0,0.2539876302083333,e0023602dadcdfce2ab4fc964845749bcb8ff78c328fa2e98252fa8d1121d671,source_0001
64.0,0.79,109.0,0.234222412109375,9cda8af8a6828792a66460e1e8b8d2eb4f26d9fab3d902ea1001f8eee8eb2975,source_0001
64.0,0.79,110.0,0.4472452799479167,322a28f7e3234556c5c94eae6afa6c731b79d25d5db00ade3f98fe617aa85b89,source_0001
64.0,0.79,111.0,0.4290262858072917,0ccd714fd8660ccf7077213a24606696c6b6886520fc024f480aa882c96362a4,source_0001
64.0,0.79,112.0,0.2138773600260416,a59b9ea80db493ca5d2fbbe0e81ec908755bc24a5eb3a0e5120d6761047faa27,source_0001
64.0,0.79,113.0,0.2824198404947917,2b06f8319784556acda272c2b8ffcfb25ea90b7666bc515bb551c173a92a1db2,source_0001
64.0,0.79,114.0,0.2259114583333333,53afa92d432a9e2f91239bf09aab5a7d9a954c7434b66a561418ce420f90a9ac,source_0001
64.0,0.79,115.0,0.2806193033854167,c17d5ae3614772073b81859ffba8c6e4c7340636065a68adcaa8129001a43cda,source_0001
64.0,0.79,116.0,0.2218119303385416,2dceffa6b2302764b9a4785d196c434bbc053ba1277645e27e0b430f54e2d6ea,source_0001
64.0,0.79,117.0,0.09161376953125,096c0f1e2532e5989c99111fd0b13cbb713107978c8ebb8b4a6b88571baca9dd,source_0001
64.0,0.79,118.0,0.0798238118489583,2097301ce86507737855aa040943146b89552e30302a6e44415cf61dc54f6697,source_0001
64.0,0.79,119.0,0.1068216959635416,19164a235ebdf0bbdc2bf8fd6e12487d0588d67a56a75bd5d52b8ee8e4a865b2,source_0001
64.0,0.79,120.0,0.220855712890625,26eaa212349cb4d3e91e5cead75070731ad8255308ac8fc50c8512c980165424,source_0001
64.0,0.79,121.0,0.0884195963541666,a4f2cb9d791eebb03e9f26f3ea14e9c46805634236bf33c9f02a6acb85707d28,source_0001
64.0,0.79,122.0,0.1092427571614583,d2f6e2a3e8ce481c3a2008cf525da96c94d5acfdd957eb8c6e4537f7cb4555da,source_0001
64.0,0.79,123.0,0.2141825358072916,8db0a6cfc3b858dd7a6470d4556ff168cd8c968940ea956599caeddc35ef8706,source_0001
64.0,0.79,124.0,0.1552327473958333,a34dd6144c293acf81219241b408dfb77aa8789728a76e452dc772584201a8a2,source_0001
64.0,0.79,125.0,0.2966817220052083,6d0a77521d5c7c581d692dc708e087e134c1675f6cf74e37b9d17de678ba3ae2,source_0001
64.0,0.79,126.0,0.170135498046875,7053ab82d3bffa4170cdc8348dc4c352128d9a7ca42e622e963ffabdeb5a39da,source_0001
64.0,0.79,127.0,0.15380859375,32bcd82216e8480f50037d9e5bfc35a9f06c5ecdb8efd0e6b617d55c25db68e2,source_0001
64.0,0.795,0.0,0.1184794108072916,4fd63ca1c1f3fad988292cc93531dcbc3641eba2610882adac99fbcd314b9025,source_0001
64.0,0.795,1.0,0.3581644694010417,6ed056cc31a5d3714c65fcdd629c955e5c55ea0612fb57fdc97c8b16c31244a7,source_0001
64.0,0.795,2.0,0.4539896647135417,03ea27637aba00db502a867ca5cf16ad5093c6303e98f55d7dd20a1801568683,source_0001
64.0,0.795,3.0,0.2662455240885417,c9913aed19a8e627500cdd56be87a6bf261b1722e67341c0042d22d46f1de0a3,source_0001
64.0,0.795,4.0,0.305145263671875,90c19b84d1b36c4531e38536c77a10ac9dc19339f9bd77009fe84bfeb3273c60,source_0001
64.0,0.795,5.0,0.3249715169270833,399cd1fd6c9d7993c5b503f8759a761711b8c978446a0af0b541541be3d1bb4e,source_0001
64.0,0.795,6.0,0.3516743977864583,417fadff963332f4c06978648693e25daadf0c38a0420df42813aa6dd66cf4c3,source_0001
64.0,0.795,7.0,0.2228800455729166,601c5dc60ca4fc42a04cb7ef930ce463e9f7437224d4e1422cdfc32af2a52472,source_0001
64.0,0.795,8.0,0.4400736490885417,0da361f860005654bc4e9e48c5bbda395c6abc14f0f6dfb619cdce3d55696a79,source_0001
64.0,0.795,9.0,0.2900288899739583,c3fb7ba6e5bf53c5339e1324dc9c8abe98e47c0faa67f19d34123b33dde84a90,source_0001
64.0,0.795,10.0,0.2454935709635416,6bc682872043a70f56fde948566420ed881646ab86dca82fdafc7861f2228f59,source_0001
64.0,0.795,11.0,0.3450826009114583,2c41ed5cd00c461c4cd6284cdaa0e9bcdef3964d1f7441bce6bca60250bb941b,source_0001
64.0,0.795,12.0,0.2763264973958333,7f6521ba5397a5e08568024c9f1c84329a3f3ef8a193f61d380124f91f1e0575,source_0001
64.0,0.795,13.0,0.396270751953125,82ce716e48de0313536c936aa0245ddb1c794589a4cc8ca72c6ef0b82bfc962b,source_0001
64.0,0.795,14.0,0.1852620442708333,a7adbc08510c3f5a133293c2decab5031fd6b97b8eabe814337ce3b8e665d73b,source_0001
64.0,0.795,15.0,0.3283894856770833,671fc2fab66d3b58ace61a52c5175db180e3e285879baf2ba76bc2d2e9e13f45,source_0001
64.0,0.795,16.0,0.2003580729166666,59bf60b8c180cc51ff1d6d341d9cef1623f5b9b7d7c86513061a72dd1dbf0b81,source_0001
64.0,0.795,17.0,0.24908447265625,79bcb74a33e51239f3d0fb7c5638be25fef94a121194604d461258f0ad76c3bb,source_0001
64.0,0.795,18.0,0.185211181640625,70f6cfc737191bd22dd7d7ee25fd9456de0b2e42bd29bee431a7e10a4e5b35e0,source_0001
64.0,0.795,19.0,0.1507161458333333,c2fb868b3fe2825aeaad3827c877f9a807dc11accb42ed07a5d181d6735fb07a,source_0001
64.0,0.795,20.0,0.1483866373697916,80075e835e43b88227c04bdcbb3b4e0c46f2e82e6a224c2d453b20fc30b1da44,source_0001
64.0,0.795,21.0,0.488311767578125,c58b32f141c165ebb091fe90e4054388ab3969e6cb8b55900d09297c37adaf8a,source_0001
64.0,0.795,22.0,0.0895487467447916,0024d140a6a87ad2342b79f8131f89fa86386d93d280c0548047b9caef34572f,source_0001
64.0,0.795,23.0,0.1293538411458333,85b71ed448820e21cfe726f2173ff3d1ae7ccca0a2158543399b75cc24ae0143,source_0001
64.0,0.795,24.0,0.1922810872395833,daae9b6bfc9f6a1d2a4510bd8349f5e149a0e816d4e89f038e9e3ec2ae83a1d6,source_0001
64.0,0.795,25.0,0.1820068359375,4e23712bb90849c65973918e247db4c713dc307177901b357f1235186dc4b607,source_0001
64.0,0.795,26.0,0.282257080078125,1b6faa1cd4ee8778644a237eae16fb604b166b9ae1269aa531c1fa801b766194,source_0001
64.0,0.795,27.0,0.434173583984375,4610ae6e304d631f8e950a62f181772647f9805141a44e2857b3c7a3b1406815,source_0001
64.0,0.795,28.0,0.2572530110677083,57ccb70ff4e9382ddc5614ffba629ecfb506301fcc4e069afba16715e237b3ec,source_0001
64.0,0.795,29.0,0.1289265950520833,2a125a8d183803bf335516a43df54d8b040843431e589f5e9d9db5660c29cd1e,source_0001
64.0,0.795,30.0,0.298065185546875,82aa96b5a10d375a913937c883b9641f6d7745db4ccccac3bf50c8c45af5496f,source_0001
64.0,0.795,31.0,0.4294230143229167,ea1f21c5813690a7e3968517fe9c3c0e52bbc879d6de7a44b5d4e4c21a09a2dd,source_0001
64.0,0.795,32.0,0.4087320963541667,171aabe170021f4b0736af19c59b153f01508ca087b071e4d51688b08c757a9d,source_0001
64.0,0.795,33.0,0.411376953125,876fef5bbf2c67719b25cdde7a61caeab9855682844f31417d79ab64e4d9ec13,source_0001
64.0,0.795,34.0,0.155609130859375,bac2bff0d652d4d00ce412a2dabc338cbf12cb1b9bd32e97dac94afecc8119a3,source_0001
64.0,0.795,35.0,0.23590087890625,3a121e5be57b32e6f0bca05551736fdf55bcc6d8701d82299c158394efbe91c5,source_0001
64.0,0.795,36.0,0.1306050618489583,345543d14103164d8349f5c516b9193671c9096db20ad41a7ef3538dc2c85892,source_0001
64.0,0.795,37.0,0.2625630696614583,3d3c93c299f13ac7288fd0809d5a4e8b27e90c6f4abe3c6eb7dcb64f9a6853c6,source_0001
64.0,0.795,38.0,0.1935323079427083,07072cab5e48b2947715a3734fd5a22676cb17d12f78266075e88b52c6ce452b,source_0001
64.0,0.795,39.0,0.304290771484375,60cd4f6e60fc73c595c1c16be9b3bc3273344c270876f319eaa6eebcc0547d92,source_0001
64.0,0.795,40.0,0.366455078125,b7b0b5bb570cbe61364763508a163a2dd3f75a8da182222c6a856cd6968d0ad6,source_0001
64.0,0.795,41.0,0.1641133626302083,0b6fb107c36d16e031d68562de70fc5591fcff07578a875ba3fc37afb9016bc2,source_0001
64.0,0.795,42.0,0.2185465494791666,2ea4e9569cb552a966440dfcbca0792baf039c117d4e56a4778c6ccb729482fc,source_0001
64.0,0.795,43.0,0.3321634928385417,460678a2d6bd337be86020fc0763e0f8069781f87e0f54a97a40f846accf5b18,source_0001
64.0,0.795,44.0,0.4613545735677083,96e6a83ad8a40f06e3e5b49a9d1f8e4e0cca9a59f365d80676f038fb9db911b7,source_0001
64.0,0.795,45.0,0.252197265625,0c39d9d59a2bb2c0d43e29e87814a75356a32f1cd70b3b8c40e376bd9ca674e0,source_0001
64.0,0.795,46.0,0.3495992024739583,d34cac6f23151d586dfa4871907140dae7ea38d6ffb915d3e4e7767baefb01bc,source_0001
64.0,0.795,47.0,0.29193115234375,0f8461f00754d010fe2b2086bffe3be74bf44aa85348b9dad2a0cc54b2f258f0,source_0001
64.0,0.795,48.0,0.183441162109375,f1c85b57cd1d57a6d31be70207eb06f5436b29af15bf9c8655dc704030db043b,source_0001
64.0,0.795,49.0,0.310028076171875,e3642fffeafb3ad8265f55100e91e65854895514a04bd65b6314530431e122c9,source_0001
64.0,0.795,50.0,0.3153584798177083,ce34ff9999eeda87a198e4875ec7ae9cc5195fde521b90132b164c5cceb966dd,source_0001
64.0,0.795,51.0,0.3778076171875,da014270c9a1867012ce68f14da16f8c37bb80db1ec7405a2195040b68c4ae39,source_0001
64.0,0.795,52.0,0.2630411783854167,8ec5a3ef73093d7710fa749878de737eccd1a6e0a3e7e7341d91f0520bec5e1e,source_0001
64.0,0.795,53.0,0.22760009765625,e24e31a9af62615a4da4fe5f2d0e5342fed55ad152b49c48d2b9cd780bf1a43f,source_0001
64.0,0.795,54.0,0.1111857096354166,a6d839c7e4f6e78c659a1aebdb942ba2f674d82af43d3b0841c6eb04b9e55f55,source_0001
64.0,0.795,55.0,0.2057088216145833,9eb326dd4578d14f19cc79f811617a653e5aae4a97e1f8a2681620bd908b5241,source_0001
64.0,0.795,56.0,0.5934956868489584,19db473c3a014f679cffcc865d92c89e62e97d8989090a92c544717c44da0f91,source_0001
64.0,0.795,57.0,0.2811279296875,27713d3dfc07e4ca90fbce44a366188ab17aaed6699363a469bb648a8b3ee33d,source_0001
64.0,0.795,58.0,0.12554931640625,7df6f00738d5e34ade5dc1022e055fa567e9dccae6c4bf9e157ca1df3f30b5fc,source_0001
64.0,0.795,59.0,0.12469482421875,429f5eddc55eab4487779428b911857a504eb483f5b020c4a95f89be1a5c75a8,source_0001
64.0,0.795,60.0,0.2232564290364583,fc0ccdd4aadacc2e19ee925c14c9d6836cbb76188f39748c247b7f39561e9c04,source_0001
64.0,0.795,61.0,0.3017781575520833,ea9a0db9ef2b6e9685564ea63cd8fcf9226af7de51e3ebed52dd465e4f15e1d4,source_0001
64.0,0.795,62.0,0.2196858723958333,c4098c32c116eba25323cabfc3ac3825d90cab50e501de99d75e1228d04b5848,source_0001
64.0,0.795,63.0,0.34893798828125,b3f3911467aeec09bfabf25aab4555925dd867b259093c632fe24f7f122f59a2,source_0001
64.0,0.795,64.0,0.42559814453125,16b0230d4bfbd13259fa4f2d85e4ef32e5fbef98db851b28eb81e6cdf0e6b2df,source_0001
64.0,0.795,65.0,0.50146484375,69181fdaab9ae106e92bc2ec051f0cc30e094a623af891f33023fe7486c282f4,source_0001
64.0,0.795,66.0,0.324615478515625,c698b912af4ff058df7596ccd2c57f8da962943b785fa1ef582912e066d76d91,source_0001
64.0,0.795,67.0,0.1078898111979166,0e533ff344f11df7209f48427b6444ea8a5fab2872782c5303016f36c7d7155c,source_0001
64.0,0.795,68.0,0.1575927734375,fd194234ca0d4d875fda8066f88752bcd275ae111698021bdcd2809c5d6f37c0,source_0001
64.0,0.795,69.0,0.4673055013020833,becf164c6103df8d2c8a28163710e490e7d7457b721134a1a33a13bf5f5f108b,source_0001
64.0,0.795,70.0,0.51995849609375,9683fc4742b5f2a6926c9c8796fa5964cf716acf594daf906b4a3a65ba0a9bcc,source_0001
64.0,0.795,71.0,0.2422383626302083,8acacc8ec4143164884bf4ccb2956dca30e01353cf770b9c70cb9b95678e6aad,source_0001
64.0,0.795,72.0,0.2872314453125,9a53be8110fa150e2cff5b7d52f554c58b9871bba314e144fb8556eb79b5069e,source_0001
64.0,0.795,73.0,0.1751708984375,90386fa8dad953f796a15974d52c75803a44e5ade3990af7bf88845663c7307e,source_0001
64.0,0.795,74.0,0.2414143880208333,a92aa05afd8814dd23bedd6ae2fce302b2524dc0de9d7aa155df4077739ec4e6,source_0001
64.0,0.795,75.0,0.19561767578125,487ba9feb90ec67a93857c8823b0a44d0699aee0849bbfecf489cf7435487e11,source_0001
64.0,0.795,76.0,0.3750101725260417,4be0555fd7a9d265e8ee4161ea7b9a1658807b0827aa9ce99de30295fc61e28b,source_0001
64.0,0.795,77.0,0.214874267578125,646b9682514df1ca42b5123e4015be5fc2444d2d7e01aaf45a1286bacb978eb2,source_0001
64.0,0.795,78.0,0.1584981282552083,8d1203b2568de67c2dbd7a00f59cd316a0113d8258507a3822106f62cf7b2a10,source_0001
64.0,0.795,79.0,0.397674560546875,18ec70a2033a61f8e7dcdc4c7342da778b3e259937fe38c53199cfca09b6c24a,source_0001
64.0,0.795,80.0,0.4054361979166667,8884721b6942bed6310947389a5553ec05c8e3aba4fa45d5f5972514a4b09ffa,source_0001
64.0,0.795,81.0,0.1840311686197916,c02f4d6610ef0b40c12c2d1fd2b95ac905f995b01cdc88a1e8ffb2db2d76ff21,source_0001
64.0,0.795,82.0,0.3422953287760417,19c60d105b6ef8f5cec0a189cffd57609e5a01f03ddb57c4c3d8ce69abf20c86,source_0001
64.0,0.795,83.0,0.2004496256510416,a5b9331ee1a68190a72ebf237f0a0b0554cfdee2633211e5a6239774cd2375b0,source_0001
64.0,0.795,84.0,0.4934895833333333,3f37b2a1c0f2ed53d00a2379cce3c9bf2b2607ca07693a3a20f441fd963e8fef,source_0001
64.0,0.795,85.0,0.23101806640625,70042cfd203af988824ee42d50f2370337e93428271e618cddab8417f89db0cb,source_0001
64.0,0.795,86.0,0.1319071451822916,ce2dc388d7a01ad6b128875899824d52a21a6731b0f6e21a03ac2e07472c244b,source_0001
64.0,0.795,87.0,0.2572021484375,95727c919e1856244d6d87ee93dc93312dcca3a8840a8f0a478b9cd595dab240,source_0001
64.0,0.795,88.0,0.43731689453125,b28e5c588ab0bb9005807edc82a297a6405e0dd67da08a5174049c257fae26b5,source_0001
64.0,0.795,89.0,0.2523091634114583,1f1b8e2b34f70113f032ad97236805f0566a42b0d52b6b22cce952c86b6f953b,source_0001
64.0,0.795,90.0,0.30596923828125,99c5f3a8c55e668fd60eb239b5aa4af6f998a3078acde4f4275c5a760da3bc48,source_0001
64.0,0.795,91.0,0.2760213216145833,46cdddbc354f522b6aeba018b5289315394c92e615b81f59af3895c95de5b78b,source_0001
64.0,0.795,92.0,0.2560933430989583,7785977342f700d03142e889a143cbbf8d013d2214df168fde604b0012e562e9,source_0001
64.0,0.795,93.0,0.1396280924479166,f091dcc8341b2c35c38b72991c5c92efca1de50c69f7baa3d34fec033a760db3,source_0001
64.0,0.795,94.0,0.28955078125,06268d91018b3ecba8e29c854451e3af53247c24ec0414e30f2c75f7f30ef289,source_0001
64.0,0.795,95.0,0.237548828125,d33f01e21baf9d9050437bf5d7f3ad8144d31e34eb2ced4acc99eaf2679b5768,source_0001
64.0,0.795,96.0,0.344329833984375,8a3bb4ee4324100fadf53fafa45f9193498c6ae5c1c5d9b4d57b565584fc662b,source_0001
64.0,0.795,97.0,0.102386474609375,a1736bc0354f3f7a1f3ec4ddbabd1279be315dc128808e9d341dc06bc35b8e1a,source_0001
64.0,0.795,98.0,0.4574178059895833,e53d1af9eb12712ed1f65401c6ddc8d2528a1160d345a7467f79bc8303d96bc5,source_0001
64.0,0.795,99.0,0.2431538899739583,4c58a085a8b69d6092ba685023267fe7036eb477ae8d1facfabeec18d9ec6905,source_0001
64.0,0.795,100.0,0.6408487955729166,410d4978ec2fbd3ca1edd2464af80299e2a9adbe66f7103b683bac8e4748648e,source_0001
64.0,0.795,101.0,0.3853861490885417,1c58230ac749e5b57ba2470261c863d68eec511794e6eb9fb854a71f61cc9f2c,source_0001
64.0,0.795,102.0,0.3364359537760417,c934092f458cc037b2e2f8f0d9d67589dbb9fbb03728c6cadd47ddf7e394a068,source_0001
64.0,0.795,103.0,0.2901204427083333,461b3f750a0cd1061edb6f797ed6b87f7d45a96c539c9f05c1a8a95f35dfa0ad,source_0001
64.0,0.795,104.0,0.3771870930989583,39fec8e652fc76c205b9a826eae0035eabee2851bf6e8f070010493ca214f683,source_0001
64.0,0.795,105.0,0.228118896484375,128f8b81d3b3fa57abedf6a542e9d8d0583b49ecc70fa5d0588c959e3a15e72b,source_0001
64.0,0.795,106.0,0.1594746907552083,38ffaf510fdbc992d54f581d77c9258927624eff1f88bcfa8e4476ffd45c3be4,source_0001
64.0,0.795,107.0,0.1626688639322916,3d20f45460751296b94d658377bd07535d721b0a97156d5159ee361ab87e1f74,source_0001
64.0,0.795,108.0,0.390533447265625,961a969426d7f9f93db48b560bc8da1051897f2340381f438a8a2f368a73f692,source_0001
64.0,0.795,109.0,0.2391764322916666,51a49264f3e128345cf72185aa091c751c4a452b3193c298d769c73dddaad36e,source_0001
64.0,0.795,110.0,0.4476521809895833,2b6ae5600626bc7266ed53099ff248ba9786493f20b9edfbc9c49efe717900a6,source_0001
64.0,0.795,111.0,0.7549540201822916,238bb560be7dc3fc0c600bf613522a8bc3f55d4e1c60becac5cbbf5b45234b93,source_0001
64.0,0.795,112.0,0.2498779296875,3e2a3dc34494f5bba50602011dafd5f47c2b0d8bc868c6a19867f8fe95f95b85,source_0001
64.0,0.795,113.0,0.3654581705729167,09b3df839162edc43030680e972d2abfcb9e4ac6e533d0efdcfbced5056c7d03,source_0001
64.0,0.795,114.0,0.256805419921875,0c5f210d36b1c91ec71e89a2a7e2b9020c6b722b6dc68807e6f8028358406eb3,source_0001
64.0,0.795,115.0,0.30120849609375,b3c78183f0268a099801fce352d6a86f473795bb0c76c8933668ca23899bffce,source_0001
64.0,0.795,116.0,0.4102783203125,1f26a82a3e4126df2c05966cec1b335c50b606a0e1f00e70ae114c473a378ffc,source_0001
64.0,0.795,117.0,0.1804300944010416,6d641ff0d0888eb480fd09f65e16f272ae46f1dbe899e2cb6cd6b4c5448c5f95,source_0001
64.0,0.795,118.0,0.1131388346354166,440dc45417503a0d1b3f0e4d6de8b574693bb5d555ee939c15722a1e2913500e,source_0001
64.0,0.795,119.0,0.151641845703125,5546c6333bb4fa242e15838a25992655c07d9db99aa152a9fc05a29188a11da5,source_0001
64.0,0.795,120.0,0.221771240234375,be3b48138bd7985cacebe5c3560f1283d52015b436361497ca56d2a9befe7af9,source_0001
64.0,0.795,121.0,0.0984903971354166,df9de2771fa3b6ce6d06f3f993aeefdc3210f066344c259b2b7117bf005398f0,source_0001
64.0,0.795,122.0,0.2873942057291667,529efd55948fc8476aa2316b223239c5d84dbaa2ad3ff1cfe9f972744b82a08e,source_0001
64.0,0.795,123.0,0.4639994303385417,d44cab7421466c960f5e6814de028b68ded6653ed932b96026d7565fea6aef10,source_0001
64.0,0.795,124.0,0.2288309733072916,06bfdebc872d49a42820efe5f8ea32f1abef7c93c3e1d1cd1ddf6a9cc318365d,source_0001
64.0,0.795,125.0,0.3104349772135417,c8bd798e91fb34b8a84e33cc5c499eb0c62db26ec50861277494694c531ed54b,source_0001
64.0,0.795,126.0,0.320068359375,b0edea3a81e83e4bd3a0cf28c3e7ab5f9213a0e7f909c6e5d2a72d4cb63e511c,source_0001
64.0,0.795,127.0,0.2707722981770833,adf214b8ceae09458af6578fe1b87b9275d253a8fe917f2a684d31eb573dc196,source_0001
64.0,0.7975,0.0,0.13446044921875,a8293fff9767ad9a85d6611497d3a3b2640a6a574a1425f9a63ba04066d0d20c,source_0001
64.0,0.7975,1.0,0.429656982421875,fd2cd2a4229b52fa92b18c3834fba551d07fe9a67a4cfe64f1b55186a87a48c3,source_0001
64.0,0.7975,2.0,0.626068115234375,063d8942641c39b1ac03faefd4bc953129309be5257a108a94a6183acd26e62b,source_0001
64.0,0.7975,3.0,0.32476806640625,827e5fc0951bb2dd80dc3dfa18317bc16194855b9a8bd27aecd83c1f1dcfedef,source_0001
64.0,0.7975,4.0,0.5154520670572916,0fafc729281e2146f41f6c9eed315b99f70ebf75aa28a5541377e54e2419687e,source_0001
64.0,0.7975,5.0,0.323150634765625,3821ef5908e637b385034f21ed31b55830e76b2d9597ed1269de776c2b298377,source_0001
64.0,0.7975,6.0,0.3517659505208333,3613aed3f1a08e23bfe534a662e1b9ee8741bc433504b18a2cd28dfef8b5b965,source_0001
64.0,0.7975,7.0,0.2237447102864583,6676de823a8ae7b67314303868b28453fc1f1ea2514cced019c1982452ef8f72,source_0001
64.0,0.7975,8.0,0.44268798828125,d8bc7d86e5f429fe352eba087eedbb6354a362bed27acff74495432d911dcfcc,source_0001
64.0,0.7975,9.0,0.3058064778645833,11a088ee0dab631ca4b6ab58348fc4235859e1d7d06bcc5d94ec15ed6e0c261c,source_0001
64.0,0.7975,10.0,0.2463785807291666,8ca8321623d52d693293da35741217107aa49e7a805395d83b0cc4b7ff1d109b,source_0001
64.0,0.7975,11.0,0.3464152018229167,0b822638ae409b61686b62ff6766cc4e990e30778a3a60c6ae5cf5ae9f772e6b,source_0001
64.0,0.7975,12.0,0.2769673665364583,bfa8a7c44ba54be2a9c0ba360d3b62f217bbc6563fe259b10a095da662072e2c,source_0001
64.0,0.7975,13.0,0.3964335123697917,7042db498feff2036ae95850eeefec956347b70bdae1a99817ff7e7388dfebe4,source_0001
64.0,0.7975,14.0,0.1908467610677083,3737459fbade9c38bc93d347d84a4669dc5a29cab1f6f00372133843a333d659,source_0001
64.0,0.7975,15.0,0.358642578125,001594ecd4b7495c6ba56e1240ce7eb5d1afd83bcc1efa4de8cee99e2b412333,source_0001
64.0,0.7975,16.0,0.2082722981770833,6ca9f538c7b9e5d51249da11a45d2707f2b4524359420509ac101efcdb96be31,source_0001
64.0,0.7975,17.0,0.2640889485677083,b88f50771937cbfccc9d463f9915b4d5d391f42b18a35adf656296485aa0b721,source_0001
64.0,0.7975,18.0,0.211761474609375,c1149707ca95740b54630f6f5ced42d66a978f7f20b89cdc5ba2c893a0d58b2d,source_0001
64.0,0.7975,19.0,0.1596577962239583,c9115e7c4a19319eed9d2e77202e0f5f4327a460477d334088be6e59ef0d82be,source_0001
64.0,0.7975,20.0,0.1491190592447916,7c092c24588ffc0a26c5cb0df0c913ae11a5780e4ad5d8973315c7789178b468,source_0001
64.0,0.7975,21.0,0.4898579915364583,371ed7bdc8ac55f27c039c80f62b0075cf50a890da4a232131e9c1f512647bc0,source_0001
64.0,0.7975,22.0,0.23419189453125,2a569c7e0e350b09bdfe06c53e4a57e36358250e5e1ce79e38024b39c237822e,source_0001
64.0,0.7975,23.0,0.213470458984375,59c820fb627cb3fde1b589c4957575e625449131813dadf6f6a254491d6fcc2e,source_0001
64.0,0.7975,24.0,0.1954345703125,0d9a7740d427414ce3c784935e5891cf1c7f2da565e1e9b9406b5cb067bb5bee,source_0001
64.0,0.7975,25.0,0.23406982421875,cb24711fc2424166f94704f9fc41e2452e20b069c3e714e89cbeecc8b9220649,source_0001
64.0,0.7975,26.0,0.2834065755208333,15f18fc76071fc83825459a044e5cefea9caa3ff3e1d5957bf6413f4879135eb,source_0001
64.0,0.7975,27.0,0.4355875651041667,7fbe218c674697e683218afe9bb1d6428b32915dae420685c2228681e9e11d6b,source_0001
64.0,0.7975,28.0,0.2586161295572917,446d99cb63b105030a52b0d34a302656bfe19c71cff1d1d272b47baa398bd055,source_0001
64.0,0.7975,29.0,0.2043863932291666,6ab01b77df6597ff0da35eb71766830d429d1fe8064bdb64f6b21f045b943381,source_0001
64.0,0.7975,30.0,0.29864501953125,db4a0fd87dbb74468660c0e2668d1004a5a3d12b26f6c2f34abb0492f4ba92a7,source_0001
64.0,0.7975,31.0,0.6087137858072916,6fc01fc93f1fe3afddbb4f15293796d73db9a4fa472af9c667ed2fbd23045dff,source_0001
64.0,0.7975,32.0,0.4087626139322917,e59e20155a63ac836a207cd8be956b5efa16174146b8d069b68cc58ac4ced37f,source_0001
64.0,0.7975,33.0,0.4365437825520833,41c48fec5c2a0bf97423f9997272caafb9d3dea524628671b3ad19b6b7de4a43,source_0001
64.0,0.7975,34.0,0.1619466145833333,c4fdc789199870bf3cad4b75bcdc53b8d9a4e03f128c404a7bdb1f04fc02c273,source_0001
64.0,0.7975,35.0,0.23760986328125,d294652c3fb5b4b39e258e9f5e92c6da01a13b2650b3012fa7d489742c763683,source_0001
64.0,0.7975,36.0,0.130523681640625,56825d751faeb41e8c38f68c320dd233b040cf438d68804cddab841901c05c7b,source_0001
64.0,0.7975,37.0,0.2644755045572917,46d7870c50ee177c2e9973d4aab61319a89ca6f97e21a9659507b9c043b1368e,source_0001
64.0,0.7975,38.0,0.1940511067708333,f7dc6ef7f96348f57ea50ee21e126f2c027bf5472972f02122bc9191a6ea0d04,source_0001
64.0,0.7975,39.0,0.3798828125,f95317c94ea8b32f9bf53b53c71d511ba2f7e761a3430a62dfaa80dc9a61eb02,source_0001
64.0,0.7975,40.0,0.3666788736979167,29989aee24d9ac7cb1173e5dd9dc3ebda01471a24e2d0f9f242854a89bf1a554,source_0001
64.0,0.7975,41.0,0.342742919921875,d018be52ca882a8d7b2fc80f016b365b865193291df42259d93cd07c87344b8f,source_0001
64.0,0.7975,42.0,0.21893310546875,9d86ee1ec8ee175bfe400a7c80a4370b175084af5a74393b12ea184521600384,source_0001
64.0,0.7975,43.0,0.350555419921875,9a74524a78e072791fa536707d3de7b3e981e6550bbe5102464c51437a323808,source_0001
64.0,0.7975,44.0,0.461822509765625,9190e1a11eb4bb4d1b25903f4e1d5ed6d5e8575db898e3893de176488ded9629,source_0001
64.0,0.7975,45.0,0.25262451171875,8131a4136a7e1809b7f0764920d80c800a4d9cb9a3861d0c7d278de29c2d34e0,source_0001
64.0,0.7975,46.0,0.3498738606770833,f02238d1fcde1480bcc87aeee1f7c5efc3ce27dc9e5702aeb6a4277fedd17c5b,source_0001
64.0,0.7975,47.0,0.2920328776041667,aa3082be368f8c4911ea3e6a42424d591247d903619e6c784f5e71ab5fddee0c,source_0001
64.0,0.7975,48.0,0.4695638020833333,e2ba6e7c5ca1053d4e2b9198216c92ea4c6e56a4ee67dbc27f63cdc660da48fe,source_0001
64.0,0.7975,49.0,0.2003275553385416,b8b4faf2f960389ea3e17e770499b1a669414d54a99fc9e9d83dd1654960922b,source_0001
64.0,0.7975,50.0,0.31646728515625,142fbf5b370b8652a802faa8bec23f623a3fd2bbdb98502c84091040ac5ab90b,source_0001
64.0,0.7975,51.0,0.382049560546875,2364ea7b374530eb26960df311fd20f24f3c1bc6010c918c7f4cfdcbe5ef31cd,source_0001
64.0,0.7975,52.0,0.2633870442708333,8d7a5d17fae3690d5268a7fb2bdc0c49357f9e0750fb6ac492a89da457ee7288,source_0001
64.0,0.7975,53.0,0.2280069986979166,d7d2ad801b6d3a29894af97196c55c821876703dfaa1c4eef78d86d64ee08a4c,source_0001
64.0,0.7975,54.0,0.171051025390625,e8a39f3cfa44b9fe618e033a16a2742366019a4f7ec9b164e9e93ba3a7a590d7,source_0001
64.0,0.7975,55.0,0.2065226236979166,873e7dfc08abd4922f17bed06924ba8ad6d369e09caec4411df07753a29fdb23,source_0001
64.0,0.7975,56.0,0.40362548828125,882e8b44d3693246de7c955768398ecb29d7afc8b5d8c496b36fe1f229045ce3,source_0001
64.0,0.7975,57.0,0.2861531575520833,2308d7650842c03bffe71dcaf773303599109e6bf5eedb4d87328b9f4a7d1af4,source_0001
64.0,0.7975,58.0,0.145294189453125,bdfa0f9c5773ef36157ef23b6ea42a580437b21a3a67438058f1c86ecaa9d82c,source_0001
64.0,0.7975,59.0,0.145172119140625,e0839e13018bf1a75312222b55e4ad7629c850f611860daa6dcac175d7e3dabf,source_0001
64.0,0.7975,60.0,0.5339457194010416,764d1a6e0c009b1ad83c0ad6442ec0ba1ec55e2cea3996f1dc04e5894b439c5e,source_0001
64.0,0.7975,61.0,0.3102010091145833,15fef5ca77e60a9228bff62c6d35dcafbd27233c6f9709f3dd6138204cdc4a88,source_0001
64.0,0.7975,62.0,0.329925537109375,4dc9b3fc74d03f59f9f75011aba2dd28aa101089e337d580a6fc47dba712260c,source_0001
64.0,0.7975,63.0,0.349029541015625,97fe43e64e2de4819b1362082d9a202603ba0b367ad6f5ff98b287b1750a0bf3,source_0001
64.0,0.7975,64.0,0.4263916015625,a0a034539ca14ed9579a20b4cc38b1af0d32e211cd476ba49adaf684b2654b2f,source_0001
64.0,0.7975,65.0,0.2982889811197917,970def45648745fd10fef35a46b447fe8261aa35d6bb7c7be1663d8ac8cd5a6a,source_0001
64.0,0.7975,66.0,0.2802937825520833,20016f00df473d39a521fd2ad2a5d11ac4a6a9c1055305d215ebb92b0f98df55,source_0001
64.0,0.7975,67.0,0.134735107421875,7cc01caf40b55cc10c9c5e07ad9a741981abd717c625f1ad746027e702658861,source_0001
64.0,0.7975,68.0,0.2725728352864583,0eccf74533f12c849dda0dfb4de2ebdab389d99bebc84798a17929f46ef8e4bd,source_0001
64.0,0.7975,69.0,0.4740702311197917,bbd514f9f95cba96c3c38741b8bbfbe42577e573bf7704f7e0bcd24cf3d4bec7,source_0001
64.0,0.7975,70.0,0.340728759765625,d7ef236198840721c53696afad5dbd46de076be6ab0005be01e40d010d919566,source_0001
64.0,0.7975,71.0,0.479644775390625,17cbfac4615c29e003300065131ad8f3c09cbf247c75f733e68c834206d66889,source_0001
64.0,0.7975,72.0,0.4496663411458333,2839c34f556599f76a0d07001775f93a272e6261a8d9f68ff1df36e8af6c73da,source_0001
64.0,0.7975,73.0,0.1764119466145833,0bc21820e15dbaeec795b8388434111cdd1157b074c0877c7bb5a6bade4df14d,source_0001
64.0,0.7975,74.0,0.2417704264322916,8111407f2abf77130519c232cb143dadf420328e69d88118a69fcc0bdcb0fa43,source_0001
64.0,0.7975,75.0,0.3308817545572917,a8cbe577e70a776ee50d5ea534742d56900c6a0f5a45dd4854c3e434c001adad,source_0001
64.0,0.7975,76.0,0.3962910970052083,e950e5d96657e0962fe35ff65d22f79e6931745df0d0b4242231bc189a745740,source_0001
64.0,0.7975,77.0,0.215728759765625,162f57ec52ade58710d4ae507c975a5a929776918e2cf50b13527721eabd3d1f,source_0001
64.0,0.7975,78.0,0.263702392578125,7290a8eb078593af182faaecd03109be89380b0fd796afa18179b77afeee9038,source_0001
64.0,0.7975,79.0,0.240875244140625,afafdd324d73a4fa52483f0d497aee1fd1007c573cb39af75dd5e5b65ec4da78,source_0001
64.0,0.7975,80.0,0.4060770670572917,648383ae3641c29970557230cd0388ea3319d27e4c7567a6b72f2f2ec8063d78,source_0001
64.0,0.7975,81.0,0.1846211751302083,d5b041efb872394ce94009202413a015b8909756d9ea53466c6c43402d61b124,source_0001
64.0,0.7975,82.0,0.1594136555989583,85809159ca3163368cb4fbeff5658297804a0e316905a275960af44fcee92e6f,source_0001
64.0,0.7975,83.0,0.34405517578125,d24dc340c6c06f4eb6875fea2777503e5f03467cdf699b6e16ec6d0998c4359e,source_0001
64.0,0.7975,84.0,0.66278076171875,c6b8fec65d727bf6a257e6d34072d310c08f9645cec58d0b9ed1c9fc41532414,source_0001
64.0,0.7975,85.0,0.232025146484375,3aa2f15d735d54c58414ae1ceba9dc78baeabaaf02c9107b97253bfe1a71dd40,source_0001
64.0,0.7975,86.0,0.132171630859375,56c836eb0a99700a67afd9db879094495ae4c5a745d34991db04fcc37649773a,source_0001
64.0,0.7975,87.0,0.25946044921875,37d2f3f8b7bbf8b0de1722f54d0e93a38a3fb93f02ee742a26be907e230fa48c,source_0001
64.0,0.7975,88.0,0.439422607421875,06c88f0d7ad2fd8361a8df5edea1c1d92ab6f32c8a6e59c34baf78b223fb0d66,source_0001
64.0,0.7975,89.0,0.2587483723958333,e4b62802abcc3fc64f6ca36f4d305e1c86e0964743d2ef66b9587aead532dc91,source_0001
64.0,0.7975,90.0,0.2149861653645833,d39388f10eb2fa91d5314292edddf2fd9f17b77aff69b962fddf3f66c17bb6b7,source_0001
64.0,0.7975,91.0,0.2772115071614583,9b88d30ec8b1776212677d5bd19769c86ecae8c01168384c8356e8e0813d9811,source_0001
64.0,0.7975,92.0,0.268218994140625,4e7294cf7c3eb6d64e5bc1465f51e40aa79b9aa06edf21224439c4eeaa244c47,source_0001
64.0,0.7975,93.0,0.2025655110677083,3bbf4d7434fcdd54e99835e56fafd2b61d9dbc1b6607587990d5b17b05321545,source_0001
64.0,0.7975,94.0,0.2919514973958333,9e504eea3f2fcdbd302e64c83c104dbc77648fa7627ce33b0c5276474c8f9a10,source_0001
64.0,0.7975,95.0,0.244140625,f74793c17556bf919227f56c30ad98bcbaad492fa63a382490e448cae12af673,source_0001
64.0,0.7975,96.0,0.3459370930989583,34cf5dcea2993134efcacec6911e9ce7802b5400de30ac601e9b531f739d51c7,source_0001
64.0,0.7975,97.0,0.10247802734375,87967d8c3691135c9d293ecba329ec91f420b8e045c8396f819539053bf1724d,source_0001
64.0,0.7975,98.0,0.7095947265625,32e9bf93439a57ba253aee9362d0ebbea8b05c69b98f5a5e8cc998d1f7cd5fbb,source_0001
64.0,0.7975,99.0,0.2447001139322916,fa92a34c80c92add33537dd7ac374b813144fe5f9e497d56d38a3a1092b1b722,source_0001
64.0,0.7975,100.0,0.6409708658854166,6662eb64b1a0234f4250bcf46108a1ddfe25157f8b96e334364c90cc21e34991,source_0001
64.0,0.7975,101.0,0.3135172526041667,75cd1f3126b2b0a309e2a0df604ef42c338577c60c5aae5c16e7af709ef34503,source_0001
64.0,0.7975,102.0,0.529266357421875,6e6829d4c484af47307d9bd7f24f2be746fae5a6d44eeffeb5cbc9cec68f7388,source_0001
64.0,0.7975,103.0,0.1966756184895833,2f8f8e9aa6c8e316934e0f8465f2e02010a16f197c9ffda72c71a3483a729422,source_0001
64.0,0.7975,104.0,0.3778279622395833,e75adea44c317d1c225eb442dc600fedd114d8825d3a029d354a5ca54220db4d,source_0001
64.0,0.7975,105.0,0.3590494791666667,921520c3da496a6474872ff4f1bd4a1e4db5e97b0237402531bd4da5a664061c,source_0001
64.0,0.7975,106.0,0.15899658203125,bb3f8536fc322960945d10f40cd441612c2edb186755036cdd294b1e4e94e9fc,source_0001
64.0,0.7975,107.0,0.1841023763020833,b051970b52da41719279cd4779f4834d8923498ddbf78e289e20b7b7d7f03efd,source_0001
64.0,0.7975,108.0,0.450408935546875,76cf7bb828ab2a7480820b3c9b00b2aeeb8e450262eeeb4e72f6fc64770e89cd,source_0001
64.0,0.7975,109.0,0.4065348307291667,55361893e6ba76f26185ce558b4589aaab06cbefbd9d0ee3b74e5f659f787860,source_0001
64.0,0.7975,110.0,0.447784423828125,932c8a93f954ad93382afe86752bbdf4d7cea2d171755e26a2682ca2f0867114,source_0001
64.0,0.7975,111.0,0.755096435546875,ffd055cfef8d19053df41a370d3bf02abb5a8b845f84f927b91d0db1f27c082c,source_0001
64.0,0.7975,112.0,0.4355265299479167,89fd3b5f19025875a14c1619ad830c9135bf8c2477b0899b7a26dcd35aac85d8,source_0001
64.0,0.7975,113.0,0.31878662109375,5c5aabf132bb885eefce83294f1c51a06c0e8308532e40c7fb8dc6e96801134c,source_0001
64.0,0.7975,114.0,0.2577006022135417,f4c04c5a334099814fd84e0d9fbb2bddb687633ed6556e9149739f95ff43afff,source_0001
64.0,0.7975,115.0,0.3013916015625,6ce3fe5dc5030a966831809d89272b67738927e8572673923e5e334fa1c23de3,source_0001
64.0,0.7975,116.0,0.4186503092447917,f35da5b5d1a9d93be310cbadd54c39bb625c52620c8b959459784b44184f8e00,source_0001
64.0,0.7975,117.0,0.1905517578125,d3874388cd7acc04dfda78f81d154fe90c808366d81581413c166460da1e6506,source_0001
64.0,0.7975,118.0,0.113494873046875,6dca18d17c69544f016d5c7750da3a94ecf902fb0238ccd134751f73a66e7d87,source_0001
64.0,0.7975,119.0,0.151611328125,508e0f822c7fdf03010dab9dba9637d85ea1f89780e38a48c12cd867e1d16d60,source_0001
64.0,0.7975,120.0,0.2249247233072916,ed8ba2ec392f22e7c293651e262277a4fc0a1ba17d9aa5d96c437be755a44a6b,source_0001
64.0,0.7975,121.0,0.164764404296875,fbc9a8af1ade5dc9dd6d49ffd33b05bf4fcc8dae3a5905962dc7cb9d267c0852,source_0001
64.0,0.7975,122.0,0.2893269856770833,924b4987fd4f157826810f3bf154005e1babd9a875fcf575e0862abda645e358,source_0001
64.0,0.7975,123.0,0.4653523763020833,576180eb66a66dd405e93ade3835b9bf719c3cc5bb0324b3b1a947c07ffaaa93,source_0001
64.0,0.7975,124.0,0.3650105794270833,503c93b4dec39c5f5bbe3d4e584ced51612640e185fc4083faf2032614a33509,source_0001
64.0,0.7975,125.0,0.56768798828125,6c207a4cef1b3e3d441ba287ab4855a9f45293edeeab1624a6f6faa51e7686cf,source_0001
64.0,0.7975,126.0,0.3205464680989583,c96e5f1d151cbeb08edb295934aa37a93a348493e5c84991d4c8bcaffb07317b,source_0001
64.0,0.7975,127.0,0.3280232747395833,52273b87f0c058c9f0550fbe99ec82e3965a9a4370ed7c5848a268189761b90f,source_0001
64.0,0.8,0.0,0.2449747721354166,d9f13a814d0ab7ddacb9b8b2e052645e7e247a10de48806acec1ee638aaf560a,source_0001
64.0,0.8,1.0,0.43408203125,a120fa8a2b25e009cda329a16f521129fc6a2ea9580c50f89f820834be77c850,source_0001
64.0,0.8,2.0,0.669586181640625,f13b53f776ae8102929e1f87746bae70374c709374fcff1ad10448f7712ee71b,source_0001
64.0,0.8,3.0,0.3257039388020833,48d3b90425006266f76604abc1fece7daff6af5d81816792788a2d1a948880ff,source_0001
64.0,0.8,4.0,0.808837890625,2421c8cd99cd374085ab1f0f3e7d7915c2decc6e14f9c4464eaa4400b1201e2c,source_0001
64.0,0.8,5.0,0.5722452799479166,52c939dd7321cd225b6a1dae1a6d1e4db334ef7b3a79e099d4ac02f5c190c938,source_0001
64.0,0.8,6.0,0.353363037109375,d4c77eb7d61be69ef78985c680adc306a9be61a66ced5a1fe9b788da57f686ed,source_0001
64.0,0.8,7.0,0.2483113606770833,b47a6b9e7f99c60692a19e1ea62ea0b5c0adeba50ed122c74e770b4298c776a1,source_0001
64.0,0.8,8.0,0.44512939453125,ff99fc010bfa94c956a7ac78b61367f9f991a9745575beaa757b164b43d7ad33,source_0001
64.0,0.8,9.0,0.3072509765625,e5bd1679588a6b384bbb111d6b187f2bb9dec9623aeed0d7df1e720915cca767,source_0001
64.0,0.8,10.0,0.1968282063802083,94e9802c9c01e7abac778cb7bbb6bb60f319614a601c42af44dcfab118b4ce41,source_0001
64.0,0.8,11.0,0.3474222819010417,c034c932e82f57128fbcbbd4fd942e95310cb4efaf49e717617069ef1cccd5f6,source_0001
64.0,0.8,12.0,0.2799479166666667,07d8e87cc2e51635e5a8e53d86c1e316b739817293ea6782b8c39e4c1e0f52b5,source_0001
64.0,0.8,13.0,0.3965962727864583,ae4eb17a7c66178ec677a492b13b4811d54679e31f9d7958b17412ea0ceca672,source_0001
64.0,0.8,14.0,0.1913960774739583,760cffafee784692b7779e12d95fb6c638582a4dcf30cb6853c52f6ffa2d6fc5,source_0001
64.0,0.8,15.0,0.3587544759114583,a1d75258fffb855a8db8c31b3c3be20b1c5527fe938df3f0e48e74a303bbe37d,source_0001
64.0,0.8,16.0,0.2859903971354167,880222d131fff303b4d935b0f4967ce74cb883f9f72541fbb9c82556fcb0a83c,source_0001
64.0,0.8,17.0,0.3979390462239583,9b49f4b0f6c81241543422e1d21e9b2428ed225e96db16a2965c84b46149bb08,source_0001
64.0,0.8,18.0,0.257720947265625,399d258c48db156540d867f26470414aef257e645dcd4ffb6df3f95d38c42e06,source_0001
64.0,0.8,19.0,0.438446044921875,2dd88d4b26d931db224abe01021594cceab840b507356777f58fe99d51c797a8,source_0001
64.0,0.8,20.0,0.524017333984375,59946fb5f3a942ac084d099bf515ea8f921d431e2560c8d6c9166ebe9c80ae64,source_0001
64.0,0.8,21.0,0.7930704752604166,859dfc8ae78b41dfc7bf426322c2531fbc1ce979f863d25ddfb8d6e18c9018b6,source_0001
64.0,0.8,22.0,0.392120361328125,62c4561555d74fec74da54eef3701df6e2ca128919ef250ec51adab4b1368ede,source_0001
64.0,0.8,23.0,0.21392822265625,82e466f655aed83828a32ddc9a2e4b31629c8d4921c3c184b0bedc9c398c152a,source_0001
64.0,0.8,24.0,0.1963094075520833,f028fd8e36873be540dfa87bc29a793056c16549bb1f44a6eb021a295a786a33,source_0001
64.0,0.8,25.0,0.425811767578125,4ba561c5e220a0407d1691ce545b3273046573fc01a01f1a0e4f75d75f45a921,source_0001
64.0,0.8,26.0,0.3385213216145833,740b749dd850e28c3e8297bada0e8d71d01c5c50bc017981057de4be8604408b,source_0001
64.0,0.8,27.0,0.45550537109375,20e1921b6fc71092eff86d973059cc074f6ac2c2cad30e30f3367c82602cab9e,source_0001
64.0,0.8,28.0,0.4753519694010417,d800dcfc2e2bbd373ae896fa85b6acd0f9c36190789234d8e2588c659ff7168f,source_0001
64.0,0.8,29.0,0.2642313639322917,fa2ea0828493c1368bcb8fdd952167fe595f4a716c4a678cb8000f391ef64dff,source_0001
64.0,0.8,30.0,0.4699808756510417,6498f037c3a5ede0cad75092dbe5c53f9b75f0551e55baeb1e8a70ea87aa5cb6,source_0001
64.0,0.8,31.0,0.6089680989583334,ac2e92e84668868bb4bb1a25a3c046574470a3b3b33c13dce57739616960fd20,source_0001
64.0,0.8,32.0,0.4095357259114583,d28d7b18122e461041168311e9c677c35f9dbbdcbe5cbb216c074fc8ffe9cecc,source_0001
64.0,0.8,33.0,0.5518290201822916,84b9ccccd5b9770e5d818c1150686168e97fd8d0196ef0458e4fb262a2ac9ee2,source_0001
64.0,0.8,34.0,0.2110188802083333,c47685c137cb3893141c8f6dd82fb7c99bb4bf63eecc7df26cce71d719875f3c,source_0001
64.0,0.8,35.0,0.2378438313802083,260773608b3ee692310773ac2299a96a604c1631e70bf18a95bad9a46b257f4c,source_0001
64.0,0.8,36.0,0.14520263671875,7ad3b707418b03fb6e41eeeafa7c829655c48657649ec9bfcad58249e6cf37a1,source_0001
64.0,0.8,37.0,0.3340352376302083,08f2c205b8acfe46779b5917b24c29978b4527098d24261b30e5deb8e76565e1,source_0001
64.0,0.8,38.0,0.194549560546875,e5fdf13a0d9ad11182615942b0565935a52ae28fa041a6805b8d56acc5f8e866,source_0001
64.0,0.8,39.0,0.380157470703125,772afcc88f7220145760e336a1d766a11cc2f85e531d2a5368b5f6aaf7b816ce,source_0001
64.0,0.8,40.0,0.3671875,01d50f36c23547612f7f78055c3a73e910e7796401dd1533b3d7e8b5a03e8eca,source_0001
64.0,0.8,41.0,0.56268310546875,f957dba34a6f3bb4e537ff6133ab6f367cdcaac601fbc378cfba37bf194fdba8,source_0001
64.0,0.8,42.0,0.2178548177083333,47bfec629ca568cfe3e27164fa84f840a6f0b7cccade6ec93475738acc0b326d,source_0001
64.0,0.8,43.0,0.3568929036458333,e8d70bf25d45ebda6427efd7e8de81f80f64c73bdad2ba004db7367118c0c809,source_0001
64.0,0.8,44.0,0.4621785481770833,9562608ebec1c87361435f7c7204bfd1d27699751004dccf8020785d4fdb1d69,source_0001
64.0,0.8,45.0,0.25506591796875,03af6226a7e1c37d2ec8c574ebc6cfe155212e8b56df905cc67bc66eabf532a2,source_0001
64.0,0.8,46.0,0.35064697265625,4df2ed17d897fcf59b1416f2be6877a45e404a68d142b5be21e14f972fc9c6ba,source_0001
64.0,0.8,47.0,0.294189453125,aa47843c451526d32ff377287a412074cd8cd770609a89198873a28df0320e4b,source_0001
64.0,0.8,48.0,0.47216796875,e9f2418e80bcebf7ca2af2c24b161a3e8ecac95a98de5859460df6e1221e9414,source_0001
64.0,0.8,49.0,0.2007548014322916,cf47d74c549cecf76143efc62bee3cc66dd23e626925c8a03a5d26968af1587b,source_0001
64.0,0.8,50.0,0.3224894205729167,8840a52ad504ea90dd983484d5f515b42751a0ef27281f4d33edbc6681a164f0,source_0001
64.0,0.8,51.0,0.3839314778645833,99d6fb9d969323ff3a9af58fd04e74909b3fcd3bf09e5181f3c1abc19de9ed06,source_0001
64.0,0.8,52.0,0.263641357421875,94618fde559fcf85ef4b95a30c8f0bf56edae68daef0a51e4a32195ddd4937e5,source_0001
64.0,0.8,53.0,0.3072102864583333,d576b378ab8e6495be51345f298685e6ef7c66439967d29fbd37f16d42d02930,source_0001
64.0,0.8,54.0,0.17059326171875,dd94a7e9cd7e53d1fc23f4a4c88bb36f160b47a8813b7904f4c097cb65c35214,source_0001
64.0,0.8,55.0,0.394989013671875,28f8314b21d8a4b6e5d7a0a0867cfb42c0d220c59e5a10d32fcba28b08eeb4bf,source_0001
64.0,0.8,56.0,0.6077473958333334,f43c0f56ace04e90a0f253105690f4933b110e4ba3e2f3a072d0bdd66b4ec36b,source_0001
64.0,0.8,57.0,0.2861328125,ca48d944f3a688597721434021eb97485367564829ac7b159313158da4df6bed,source_0001
64.0,0.8,58.0,0.324554443359375,633f916d386e4d1b994e3e2dc35efdd5e65a97a237e343f58dd4223425e2a1fb,source_0001
64.0,0.8,59.0,0.3490091959635417,c626316a035ae58aeeff7a1a05a1f53bd3835443d0b2633f0f039a3aea9b362b,source_0001
64.0,0.8,60.0,0.47216796875,66d6bae3778c76e591243a94fc6533cf1ba904a613434915f3329c4f7f933a9d,source_0001
64.0,0.8,61.0,0.3356424967447917,2389885c5e3e053e4f2acbbc8e371ca5ab0fcc9a0bf0611ad33a4ac44d239e42,source_0001
64.0,0.8,62.0,0.3895060221354167,bf879d21baf3de4fd029e924804f9a3905a0f3b5c88ae3e7b96711a1a903e8f8,source_0001
64.0,0.8,63.0,0.3491617838541667,b95709974cc8189cb1122d4d292f11d7eb396ffcdb3cdcdf95a3e948fa136095,source_0001
64.0,0.8,64.0,0.4265950520833333,97dc27d542a7c9594f7291a9bd8ba206fa55fd6c7774562c97ca5886914100f7,source_0001
64.0,0.8,65.0,0.2201436360677083,1035f6baba77ab7e7e9a19d64578d990d4f8fe4649b59b9064a3c9dfecf782f7,source_0001
64.0,0.8,66.0,0.281341552734375,ebee6d02bc3fd5bb5411a20eb2b2c71dc4aca58a2d0b6c728db37c128ec5564a,source_0001
64.0,0.8,67.0,0.2240804036458333,7250a53734655f78c9a0160fd8ab2074015157b47a3de3c38978250954cc6349,source_0001
64.0,0.8,68.0,0.267059326171875,619b2bccd02d3b429a2a821b75cac7a541af18cbb5975cf0165d36692a53bcf4,source_0001
64.0,0.8,69.0,0.4742329915364583,b61fc15eabb007e0650db36e56c0d0e19427a192da2b5af4eb1810039d5ef203,source_0001
64.0,0.8,70.0,0.3923746744791667,313984a16af1b3d94b9fcef5540823bdc317fe2b1472a3f7db8713eb2018fce4,source_0001
64.0,0.8,71.0,0.480010986328125,fd428f9dc1c034b92aaadb2f0d288a056e30e3e4a2b488e4e000ec72630d67c5,source_0001
64.0,0.8,72.0,0.4503275553385417,15032bb4a2af1d07d7c60a1850609bae2b4d87676adb7e8b55c44c89a7d2e5b9,source_0001
64.0,0.8,73.0,0.1780904134114583,91f2af34fcdd7bb8a06688100ecdd66ab5d3fc6f2d5a44ed9fc839d88169baab,source_0001
64.0,0.8,74.0,0.242828369140625,ef1798b03727a47a81a20ac00842712ac5d6f4e6ee563528471bdb898dad4720,source_0001
64.0,0.8,75.0,0.3316853841145833,d1d2a2179832d33ac6b4cda258ed272928aa654adebf4c0920bed93e6d5ead51,source_0001
64.0,0.8,76.0,0.395599365234375,fc1bad6a5b7b3529cefacb3cdeb05545966750153455b94e37e4391eb04e29d1,source_0001
64.0,0.8,77.0,0.213165283203125,5b18c73f52b6c024be9b3731c90381c7d33343ce7e3577e4df91d991164230b1,source_0001
64.0,0.8,78.0,0.2737223307291667,06af7e1a00d436dcae991c49772cd86213458a99f34c83b99b3d34b37f7deaa9,source_0001
64.0,0.8,79.0,0.2500508626302083,f4075ed07b4d1dc8775124d0fe6e799afe43069218a73e5c7dfa5be5c18fad93,source_0001
64.0,0.8,80.0,0.1722513834635416,380775d2ae335f691ea9123d268a423ec28c0693c34c1d977a2e6a09b5eee2e4,source_0001
64.0,0.8,81.0,0.5019429524739584,e6cef6d66b213394063c81f9b2f971acc528716fdb36ba8feb417c1b945ce10b,source_0001
64.0,0.8,82.0,0.1602884928385416,6cd31d44e962b0fc7e5d16150be4e29aba5b0991871341d9b191eba83abb8dcd,source_0001
64.0,0.8,83.0,0.4404398600260417,325d820096f04a0ef2186e1f96286670126f24449d034da881ccf9dcd16655e8,source_0001
64.0,0.8,84.0,0.663665771484375,a8330eeefe8601bcb173026b5db985fde4add95dfd00f1fa2efcee422518c4ac,source_0001
64.0,0.8,85.0,0.2400919596354166,5e63eac1837a6b6d099a220e0b7ab56da9fe7e341dffcf4d9792edb5e2e3b368,source_0001
64.0,0.8,86.0,0.191741943359375,011630fc673ea725c7615383f22a369716b58e831333a0a0c8bae727e9f4950e,source_0001
64.0,0.8,87.0,0.3726704915364583,500f8a849dc9639c0556cab832188a41ed26111234117b4e75f9aa88a90b57e2,source_0001
64.0,0.8,88.0,0.441070556640625,dae574c9e47f855f29a615d75c9f8eac45c70036dfe541c47329df0372d914a0,source_0001
64.0,0.8,89.0,0.2588704427083333,34f4c1bbef172700634878dedf90acf8524f6a09d76b25b6b144f81e7273643e,source_0001
64.0,0.8,90.0,0.1883646647135416,78c4356a473c2300060a9169eeaf18dc1a3d0c35aa8651abbf9f3fb92be00e4e,source_0001
64.0,0.8,91.0,0.46282958984375,a9982681a51a9c51da81d59d66fc789ae9caefd1a25e60ccd18d8d0b12dc0ad6,source_0001
64.0,0.8,92.0,0.4026692708333333,d108f31e9739e20f4fd1db2a5f2d5247659364834eaabb3cbe49155effef84a7,source_0001
64.0,0.8,93.0,0.2387491861979166,32bc5841ce5231e1b2df3f4c8b9c0d9dbb54ef38c48038098bc3dd2ef34d9534,source_0001
64.0,0.8,94.0,0.292388916015625,536967408389d6d53855b1435db1d65d4924ff2b4e036be1a932e6001ede941a,source_0001
64.0,0.8,95.0,0.6518452962239584,fc1072a50caed7dfedddba2151557084be636b0d984fce1ba8e7c9273f908064,source_0001
64.0,0.8,96.0,0.3463033040364583,4c30645de802dc4816a6199e3c6df71d1516af8108ca467868e9e0f22517e0f9,source_0001
64.0,0.8,97.0,0.2543436686197917,72dd1eaea305ac78e985a4eb63d476cbb76c59872d898a29716a8451a1d00f45,source_0001
64.0,0.8,98.0,0.70941162109375,d18da14d6978e71de5975d2a620ba5d777e1cabacc1e26818629ee15e2017edc,source_0001
64.0,0.8,99.0,0.2449442545572916,c6857fb7dbff8c383542f17a2945e2cfef52cbc13af7fde359317ed1aee16d4f,source_0001
64.0,0.8,100.0,0.640106201171875,148263bbcb8b839dea2f86ce83e740f2b56c11f0111fa857e85695fb7bb2e338,source_0001
64.0,0.8,101.0,0.3916524251302083,163448bd0ff85db473f6c2a858c37bb48f437066e5d3b49fed22e3adf187611a,source_0001
64.0,0.8,102.0,0.5295003255208334,21ea78f2d0f8548769da5e5470b2dc33b6e1a910b616b4ab36ec0c15c3b1d312,source_0001
64.0,0.8,103.0,0.2493693033854166,444d7fe9b920bcea2c7d235a9317fc29a328f468d832c7f99e72dd6ea86defd1,source_0001
64.0,0.8,104.0,0.378082275390625,d7fdaf4a36ce2ddd2c9dc3ed7f3744dc6efc94169cef1dfcbcdf8b12a8280cfb,source_0001
64.0,0.8,105.0,0.35943603515625,5a96504f4eb4c2128f59e98566fc9a9d9a0eabfd44310695cdeccc1b6a502dae,source_0001
64.0,0.8,106.0,0.2098286946614583,618687d6a1fa625c71bcddb2e39e4cb3664b1ae7ddb163185e95153e5b4d443d,source_0001
64.0,0.8,107.0,0.2219746907552083,03d0b647af17b5e21add19932858720c865161458ca3189c9bd2f98b5059e0f1,source_0001
64.0,0.8,108.0,0.4509073893229167,79c8113b6f90fc92e217f3c83bf5d1f7754f738ac75c7696c71dcab0e35bb589,source_0001
64.0,0.8,109.0,0.407073974609375,850761fbf7bdfc9024185d14703d68c1997475a49b2ccfb4a1ab70e23aacc380,source_0001
64.0,0.8,110.0,0.448333740234375,a468c43b12478c21c2259b356c0e4a288daef6e23fafec0f749dbb26ba321a9b,source_0001
64.0,0.8,111.0,0.755157470703125,3506364affcf61ea52e082a69f8f25005db3d70ac3176ae6d464611a2e8f833b,source_0001
64.0,0.8,112.0,0.4360148111979167,0f1ff2f6ad16777c7c68f8bef15589cbfa13768426b9c6009c7b0cab6014a69a,source_0001
64.0,0.8,113.0,0.3254801432291667,0354a81918f0c7440b219c79eb53a93a9d59d7a3d8abd34ca425dfbffb087c84,source_0001
64.0,0.8,114.0,0.3915913899739583,e51dddcc38b590eda1e365e70b7cae9777ba1f84b8826a0fd6bbb899b32ebf53,source_0001
64.0,0.8,115.0,0.3022867838541667,96e4b26ae23376b7c91ff148a5309538ff163db90c6813fd1d81d0327449d3eb,source_0001
64.0,0.8,116.0,0.63006591796875,304da38255fe4194bedbfec79ec1db55fc11726c876657ccbed0c010198cc8a1,source_0001
64.0,0.8,117.0,0.1911214192708333,17ca6f7f29c4379046f99cfbc6a8b33e07c2c2129ce3d5a03b166b97ff685ba4,source_0001
64.0,0.8,118.0,0.2465108235677083,011f14d19cd551bdaf72bd6a346dd3d752476ee54d4bfc83d3c1e56726f8c9fa,source_0001
64.0,0.8,119.0,0.152313232421875,bd05dc0a6f1678c630e82313869c0691ee96530507714f015985d7b5b2826886,source_0001
64.0,0.8,120.0,0.429229736328125,cb2ce5cc8655340f0686c3accdbce96e0db60ec9946de268b8ab009e3d472a2d,source_0001
64.0,0.8,121.0,0.15020751953125,9dca73022be4291f2e2e650f6c3b1e374c2859d5008618a5d9d0796261f0d775,source_0001
64.0,0.8,122.0,0.3561299641927083,b4c53184a558f411493af3f3cc89362be9fdb0da415d7b24e7e6da4aee606a88,source_0001
64.0,0.8,123.0,0.4639180501302083,c845644376add5b6a4679383a8a6ed8e53079ba754bf8cdb7479d44d67fc3f3a,source_0001
64.0,0.8,124.0,0.568603515625,3dcdc10e65b1c58cff07917ab060d5d8cff2a35f448a0befe1828121e0de0f7b,source_0001
64.0,0.8,125.0,0.5686238606770834,b45b605280a46c4a3600b7f3c7c56dd5d5ab5730ca59debf7bd1b62c4cba0d00,source_0001
64.0,0.8,126.0,0.320709228515625,f06c10e41e6c3c5bde1c80f875747f698a2651e58466d8df9829fba036fce4b5,source_0001
64.0,0.8,127.0,0.328094482421875,3159968ba56d36c94503fa3047104e6128995bd754ffad7e0ef2ad6953de7286,source_0001
64.0,0.8025,0.0,0.3272196451822917,a9d50a67909afdf976dfd5f71270a2b07a4e406f83bc167b9516404c2f48097e,source_0001
64.0,0.8025,1.0,0.5256449381510416,125dc9aeb5c197f809215c098486d6fb6f9389a76284cf13ca195210896b1287,source_0001
64.0,0.8025,2.0,0.669708251953125,67d43995e871caa08e1513467cdbf02c804ce5416f890f83a151917297196ade,source_0001
64.0,0.8025,3.0,0.316009521484375,a1c5319e4aaa2cb9ca3262ce3d0ef078333e0d395e622fcb3cfe31944f72ca07,source_0001
64.0,0.8025,4.0,0.8106486002604166,d061c59506a50dadd60bfc3bac68c234955f51100ced7e539d33c629a58cb47d,source_0001
64.0,0.8025,5.0,0.5759480794270834,918670828b0ec3d055e8b200d35688f4d058460fc6a9181941952897fecd7ad0,source_0001
64.0,0.8025,6.0,0.3566080729166667,9be69eed20dd3c84aa1ce933d0e821751e42bbfe74120ec6b6b527555d267875,source_0001
64.0,0.8025,7.0,0.6585795084635416,908f5eb6856652a12081f1beeee558bd04af1f8fcf721341d5c0e431c4de06f3,source_0001
64.0,0.8025,8.0,0.446319580078125,b19eb5ee45d091adf401da578bf26afb0e4f9afa523c93e5710ed76b0e3275eb,source_0001
64.0,0.8025,9.0,0.6300048828125,7f4a2236c71cd496a6786ebe1cd957ab03d74027f6a450e6f52e66e7aec14d86,source_0001
64.0,0.8025,10.0,0.1993001302083333,0384f492e874f55f219a6ff6e1b177000172206df7ca16e43c2017556f6ba6b5,source_0001
64.0,0.8025,11.0,0.9291890462239584,c33013a0e40ce8615585bddacef8cd514499ec6a535169121705170c4e855ad7,source_0001
64.0,0.8025,12.0,0.2405192057291666,df22d6f2a4f11678ce36ab03492453ad97aa8d06917dce98341e7efeb03a4286,source_0001
64.0,0.8025,13.0,0.3978271484375,6f7807843b803dc91013e0d3c79229515f19aaf4a19fa596d6e0ef385b53fc92,source_0001
64.0,0.8025,14.0,0.1933390299479166,865019e8e045562125fe06631e657702fb4cc4d1b0b7d1a07ae4b3c7e0762def,source_0001
64.0,0.8025,15.0,0.3592732747395833,222e025258e101e9dd222d61857aaba1473feee74aeeb43a0d0fb7b5f26b617a,source_0001
64.0,0.8025,16.0,0.3000386555989583,327341b19c61a0b89b378549188f1c3d78b21f32f15bf2cf8499a7c839f7c63b,source_0001
64.0,0.8025,17.0,0.5556742350260416,6cfaf88a3696442390fdd25d2bc3db3bbd50e7f9974b1107364323b3625689d7,source_0001
64.0,0.8025,18.0,0.25848388671875,410efaaaa09bde35c2c6f71e9df9a04f32a5ddd9d0af52771976cda3de590979,source_0001
64.0,0.8025,19.0,0.449981689453125,e56b25daaa1cbc5cebf851b27bf82f705bbca53156a46acf05521147e9ff22c9,source_0001
64.0,0.8025,20.0,0.5243123372395834,e47a753a0f5fc6dc64c56362dc349e42a3ba0515faef39679268dac3e034ae2e,source_0001
64.0,0.8025,21.0,0.793609619140625,c75c53696227b0ceb80d6588e32c336b30b924d780e4af16c640f64c438d6383,source_0001
64.0,0.8025,22.0,0.3955179850260417,3ff6346c2722987dcf0ac165ac72ae80c9b6eb1e0b516b38cc7bd34e3ab8bbd0,source_0001
64.0,0.8025,23.0,0.27099609375,e3e08c13924537186efc960d87d712d2dca26138eae82255e5bcdabce651b24c,source_0001
64.0,0.8025,24.0,0.197784423828125,562a48ef3816ab93d29313c265821322d837c082b1fc341274fd0349d878aabb,source_0001
64.0,0.8025,25.0,0.426055908203125,9e91462fe5cd7d26cd2fb9390e5af37635dc29aee0c24ca9a239f207aab5e819,source_0001
64.0,0.8025,26.0,0.2772420247395833,f7cdd7fe36795dceb60600c3f7abd568a6dda06c81bf2d9519875f67d1a4d3d9,source_0001
64.0,0.8025,27.0,0.5907491048177084,94ad1db70410e081d3abb3534ccc40acc29a70dca635d4e232c5f9ecc4c30adf,source_0001
64.0,0.8025,28.0,0.4757283528645833,86b6fa92c07b09d03ece599834fd3449ec232f9a426f6d20ca5f849098bc6a22,source_0001
64.0,0.8025,29.0,0.2655436197916667,b3ebc54ce7a901c6b1f750279f3542007cd52f1c6075724a426bc44cb94c887d,source_0001
64.0,0.8025,30.0,0.4701131184895833,8b69b2639bf445b46713396fbddee6dacf7cc14a518ab0392cf7cf139a7a3868,source_0001
64.0,0.8025,31.0,0.6123860677083334,f1bd82205c8db6f3d8230b32ec818047080068d40421aae44b245e7d72918a18,source_0001
64.0,0.8025,32.0,0.4094950358072917,86bc662a1dde08c377238e8c39c8fcc1ccecaa4252d1e53c35ec6ddf74f42dde,source_0001
64.0,0.8025,33.0,0.5524800618489584,68bc9da0c0c200dcc2ff88119308a288ef2de339f7477a655db4feb7a20d4e51,source_0001
64.0,0.8025,34.0,0.4988606770833333,f172bb65ef79cedf83185452282a24add33e0a55284978c4de53e8bbafeb2006,source_0001
64.0,0.8025,35.0,0.2379252115885416,609f13b37abc4fde1afa09df6cff5b955e8bc2ff25676441979ab05d867fcbe6,source_0001
64.0,0.8025,36.0,0.154571533203125,071545ca5ee25436dff79edf3444fe8d9299a4613a1c5fa4264a5b645c2f73ff,source_0001
64.0,0.8025,37.0,0.9707845052083334,2e8a7d005ac19314b223efceba55752c460e4dbb933085dbc35410d8efbfa305,source_0001
64.0,0.8025,38.0,0.2934672037760417,f88000523805c097b78f45358a084d8bb6288ab7f660ea2f4a0f54fc1c57a3d6,source_0001
64.0,0.8025,39.0,0.3821309407552083,8bae946ec1b41f67d749653234887936c011ce90d17423584f0ea00f4343ea3c,source_0001
64.0,0.8025,40.0,0.3731180826822917,cc401873d442caa1e837027685587f24ca94ac1476cfc7cc1fd4641430f19d40,source_0001
64.0,0.8025,41.0,0.318572998046875,69a9ef17b89d24f813b6f276ded8ef05a398ccca2167ab9cb0c7cb73dc0949f9,source_0001
64.0,0.8025,42.0,0.2231852213541666,215183ba04ccc03f108769565fbcf8e7586bc2e771bb3560e049005a295bb55d,source_0001
64.0,0.8025,43.0,0.3579813639322917,2c584b26fa2a4e7ef65d71e1556470ba912bf7bb0b2a274fa28c55f775a0a25b,source_0001
64.0,0.8025,44.0,0.4635213216145833,1730d53b9fe971387dc9ef4433c4736694bb2d02536fed948847e55f338a2815,source_0001
64.0,0.8025,45.0,0.3046366373697917,a146a2013b42b0bc5e7c79fef56d8e4c2bb33ddbdac6126a4a988944594780ec,source_0001
64.0,0.8025,46.0,0.1953226725260416,e2d2f67b05bbed250f85bb3e0feef27c2b781eed6b0254815614e377cd5d2531,source_0001
64.0,0.8025,47.0,0.29473876953125,f2f6ff48e9963514384bb3f358b7a776089ad4b78827b758a77890dab407edae,source_0001
64.0,0.8025,48.0,0.4723409016927083,f20ad4913adb0287382f3119b73e8f1ecdc8a86b7b1c54d433c4b6bce624ecc8,source_0001
64.0,0.8025,49.0,0.26043701171875,c46eed202fc30a6cac7fdf352ea04708f82737dc4353f1fd3e5b48087e5f4891,source_0001
64.0,0.8025,50.0,0.3872782389322917,4c7cd89553a735d725bf8cb87544f169f2d4e8dd1269a72427dc5e3a4b5a00ab,source_0001
64.0,0.8025,51.0,0.385009765625,2a1546a71dcdcba6a24b9fe7e4d9a67746c7673779f1c7353512a89686c49270,source_0001
64.0,0.8025,52.0,0.2637736002604167,b05a48fdce6c928cc24c4a590269f0a789eef7dca8fbcb290eb5dafc65a3e260,source_0001
64.0,0.8025,53.0,0.5611165364583334,dc3ad985b61447e73b9e8ba9f0813001886b315e4aaf00ac2bd40ec70a7381fc,source_0001
64.0,0.8025,54.0,0.1708577473958333,b8354d3b3cc9f3511e6f661401a61038cf8c0b49b47ddcac259eec60fd913888,source_0001
64.0,0.8025,55.0,0.3959147135416667,85ffd0ea2001b35392c19295bba634a23de28ef308431fe3984c064a572a38b6,source_0001
64.0,0.8025,56.0,0.6100260416666666,81a8bb940c6a3d6ee4c5b8a9f2b250df64cfcae22ae02bf2a4d238ec19e810e1,source_0001
64.0,0.8025,57.0,0.360076904296875,5c54a8ba1df440838873a38b01fb8ada8caf119e163e5b5f493a7cebf4029dbd,source_0001
64.0,0.8025,58.0,0.3749491373697917,39cd30785a472745a35c6abfeba2e214f2247c6142f9c5aec8c7128336bc984a,source_0001
64.0,0.8025,59.0,0.3488972981770833,c1a1d54e3779fcf81bc1901c6483477e238142794d0f8688b3e97a78da0b9387,source_0001
64.0,0.8025,60.0,0.7877705891927084,d3b59e67c482564f5a474687d70b7216e6ff67499410c684f124e0f68dc102b0,source_0001
64.0,0.8025,61.0,0.335693359375,52cf5f1355bb535ddc390d1fe9706fec5852d11ea0e7ac69eb252baf08fe5098,source_0001
64.0,0.8025,62.0,0.3999837239583333,558c40d26f25d80b68fc2fde960ac5ae5834b341599458fd86bd2cb45b586964,source_0001
64.0,0.8025,63.0,0.5420430501302084,dc327f7c1d668139c76081586c2e9464a05d2e129374664430c049ab6247f15a,source_0001
64.0,0.8025,64.0,0.4266153971354167,cd458a48e8f1821e1f9261d447d0a6d1c42994853d639c65a0f09428b82764f7,source_0001
64.0,0.8025,65.0,0.2266031901041666,6721f01589352e367896748a6f02fa1b33e917e9fcb58bd22874f46b0d86647c,source_0001
64.0,0.8025,66.0,0.2879740397135417,aa1a703bceb8efda153e15e0b4b0c49d63ad528cab24301f0a827f330f746069,source_0001
64.0,0.8025,67.0,0.2252400716145833,1e0c1a6bde132a4673b725ccb4b4f7379c1b247d9ef71d9036ebca8d5fd31195,source_0001
64.0,0.8025,68.0,0.4165852864583333,d1adcf84368cf17ae9fc78046438cba40014012d7cffc441d4349940c8d577a9,source_0001
64.0,0.8025,69.0,0.4730224609375,a071fdd3cc7c74b9e7d6173b73f17583084748f07eb6ca204699784338de3308,source_0001
64.0,0.8025,70.0,0.791748046875,eda75bd9fa49a57e898624ded8eb675d20d0040b14a2811c5e2b5cb9e6cc3282,source_0001
64.0,0.8025,71.0,0.48583984375,52e0ce4ac9570ffffc776ff3cc56c74d16f56f0eacd9c36dd13a015eaa538bf7,source_0001
64.0,0.8025,72.0,0.4505818684895833,8fd49aceebe1f1b64d31071407a01662db979f6832728daf02444dc2c8bbd954,source_0001
64.0,0.8025,73.0,0.1787618001302083,2f49bc65373175947a073785077c10c89a0a07eed65106a05475c31ff90ff9b7,source_0001
64.0,0.8025,74.0,0.2549031575520833,9cdfe93b050f9e7b87f4d888d76c275f8bf4490e9f73999fd855f5a2ad15ff9e,source_0001
64.0,0.8025,75.0,0.3319600423177083,02cd813464092991b04ca185c8c9c9026cf03f6af084c8c2277e3e8c18ae7e73,source_0001
64.0,0.8025,76.0,0.34027099609375,e3a8f6f929bc968f6b9be32753c47c2a01db0fa2d0ea23818cdc34a42462bab3,source_0001
64.0,0.8025,77.0,0.2151285807291666,6fb56db392b1fc2dbca27d4ea119c82ea5a3daa4fdaaf7a484ec7c73c31df6ee,source_0001
64.0,0.8025,78.0,0.2742716471354167,fbdae33dc2dbf2141fc1e9e7529be0fca410e709a05c6bd6c9e1a17870c056f4,source_0001
64.0,0.8025,79.0,0.2510579427083333,85a689a1e5e85e52a153746bfe73cd4e32aa956c40f2c7068ce6ac88c911d78b,source_0001
64.0,0.8025,80.0,0.2458292643229166,a78e6520c54c43f91c92152babcb2164e2f6291a8abb8e084ae646f0256c9765,source_0001
64.0,0.8025,81.0,0.5035400390625,bbb95e0e4e9443500fa8f8280088cd4215a026964fe1928a8c5e6f135a71f974,source_0001
64.0,0.8025,82.0,0.1606241861979166,c9ad0db57d6010965e2d2f3d6793af60009ba3aa982f42d55610287722b49021,source_0001
64.0,0.8025,83.0,0.4405008951822917,7d16ae6407094cc858bdaca718c3eced04dded06ed73396177377015462830fc,source_0001
64.0,0.8025,84.0,0.638153076171875,937c489e79c53a75184e40cae7b7d157b9b7471fe38e4a382a2295bf675e6b48,source_0001
64.0,0.8025,85.0,0.2620340983072917,930cf77ec41fa4ab2d748e8a2603237c18fd15c946b6282fd78f7f0eb9e2f52e,source_0001
64.0,0.8025,86.0,0.20989990234375,67e60c205fe31f044a173191e9320427799fdeaec21ce40558e04fe17a87e04f,source_0001
64.0,0.8025,87.0,0.6859639485677084,d7696207ce4045e084e459af990b5f6b7b7b7baa9d2d6149d9cacca4bb183fe4,source_0001
64.0,0.8025,88.0,0.5120340983072916,bec20c3a13b0dc28b5d6bd144c20a67470b9b998a00e370b902735c8ae28ae36,source_0001
64.0,0.8025,89.0,0.3778788248697917,0c2e48d82d5310bba89f3936bc2041eb8de45a40d46012318efb60901a49062e,source_0001
64.0,0.8025,90.0,0.2193705240885416,f73274c4909e3316bf3c57d6bf2b0dbc168b417ac302a138f3bcb0a5424606a2,source_0001
64.0,0.8025,91.0,0.4540506998697917,5b868649ab8c374dcf69096d7bcb35e4b47446c97b3c4a517662555ad7db259d,source_0001
64.0,0.8025,92.0,0.706634521484375,62423d76151ff12b581da9f8bd09c0e7037a2783af7ca85fbfad927f3b3327d1,source_0001
64.0,0.8025,93.0,0.1589864095052083,47170d4ecbed931c110c3f856ce4dea1f7d8a1f380bdb856a73c26381920afe1,source_0001
64.0,0.8025,94.0,0.292633056640625,64e25e209aed460a1935c5b01c1df82db3c21cff9b438215a19948d9ce3398ca,source_0001
64.0,0.8025,95.0,0.6752217610677084,f75fb88388f9bbf6e564c63f17c7eaf59dec37eea20b0eb15ade81019edaa1ce,source_0001
64.0,0.8025,96.0,0.3469136555989583,1c134015e0bfbc557403cfcd674b2437ff32392d323a19fc7764140ddfc1783b,source_0001
64.0,0.8025,97.0,0.5311686197916666,8d7ba67ff3729770bc7926e6a7df054ebdf8bab29ad89a43ca91f3176138645d,source_0001
64.0,0.8025,98.0,0.9805094401041666,49d80688a3eea11b167413263d5f9681d23acf089eaec079190c9b889182faed,source_0001
64.0,0.8025,99.0,0.474700927734375,28fee8c44501bdbb13a17eaebcc13e755eee53ba83c4efddc2c2c1307cdf1eac,source_0001
64.0,0.8025,100.0,0.6418660481770834,950572d95ec9be5cd79dbed1f1b2448fb960988c928a6b9498b1476a3acc8216,source_0001
64.0,0.8025,101.0,0.3917643229166667,2f77d29f0bddd8d6b8e0be9de3a29cdb8db0e70912ca4819e20fdb9546a3807a,source_0001
64.0,0.8025,102.0,0.5297444661458334,271a7f3a03cd354efd4d3d3aa6257c90c6c1286947f0b60c4523d905f501ca2c,source_0001
64.0,0.8025,103.0,0.25030517578125,6a5d8b46c0446f42d9a2211da2f44ac9a9df71270a18e28eedc449a5932d846a,source_0001
64.0,0.8025,104.0,0.3942362467447917,7be8dda31e7f4a6149d6777cb0f770799638ecb1e6a5758a82bb0ab89b858261,source_0001
64.0,0.8025,105.0,0.3822530110677083,8066d951060ba6c53bc90d1687b9f1423387e7d7538a984ca581b7b787ab5497,source_0001
64.0,0.8025,106.0,0.2941487630208333,9714bd9b7c813174f415d29ec53e381b3fe786ac27ff2cf5439d8e6a7da88e30,source_0001
64.0,0.8025,107.0,0.2219746907552083,ef2a556600432e8a84f20f310f00e3bd80de6b0f491406d2376004c9575e465f,source_0001
64.0,0.8025,108.0,0.6561177571614584,7b418651986bee289ea63b66d716bb594d2ead6512de89af43cc05e933ad135e,source_0001
64.0,0.8025,109.0,0.40789794921875,aaa910614938eaa611d3f6a810d605c5c0509b7e7a4170e12530ad8c9cb4d7b4,source_0001
64.0,0.8025,110.0,0.44866943359375,db8d8e70ee6bffa34f173375c062cc76535ef93e49d4c2dbd1b46e95b4cb404e,source_0001
64.0,0.8025,111.0,0.7561442057291666,e8aa0d8fdcf865f406884a3e09cc901bb85df547bc964ae01b853715a281f212,source_0001
64.0,0.8025,112.0,0.2578023274739583,fe1186e98dd9e2763be0ce3fb0ab14a7da7420bf568738c263e8238c989e26db,source_0001
64.0,0.8025,113.0,0.3292744954427083,7132bca8d7bb09a5041e5b43351572508aaf3f5994b88c940f2b2a0dddc13837,source_0001
64.0,0.8025,114.0,0.3947347005208333,f00507b72a5dd3894b7f4245d1f59b8285c4e839f039b4bd411f33f45b50f049,source_0001
64.0,0.8025,115.0,0.3194681803385417,29176619337ab38487217a9d21bdf3a9dc5cb9c032c6ee747c275dbf48fff852,source_0001
64.0,0.8025,116.0,0.6354166666666666,01bfe9e7dcfd8edc53a33eb21c3dea247cf9fe4f074f78de0d2f161a118877d1,source_0001
64.0,0.8025,117.0,0.4439595540364583,fc0ec8ec7198aad3d568805d940b1edd7e54af92d910e26242bd1a5249495104,source_0001
64.0,0.8025,118.0,0.2462158203125,926f19d1d67445e259dd71e647bf286be63228838f9864ed4de76fc0664391bd,source_0001
64.0,0.8025,119.0,0.242401123046875,847691f593c280b00dc89fdd3151c48d2bd09248f0b12977676b35c744243d27,source_0001
64.0,0.8025,120.0,0.6715799967447916,2807a6cdd310eea9596a8f5e5fe7ea17b4a1307f99da5929942faf5766018a31,source_0001
64.0,0.8025,121.0,0.3733622233072917,2326c0da8fe44f24da8996cb152afd420caebfdecdad63e3dfd08fdaf8120d36,source_0001
64.0,0.8025,122.0,0.356964111328125,5c1074603c21f30e96fe615315cd239bcc41249bc6f03f2d9d0d07695a538419,source_0001
64.0,0.8025,123.0,0.4644978841145833,a901924674d74c7b9d321809a12a407a2e83983be383f2ae8a34935e4570309f,source_0001
64.0,0.8025,124.0,0.636322021484375,68b6c1c9461380d50286ac4c9a4259152c6017ed4fbfc78493e351f592230d5a,source_0001
64.0,0.8025,125.0,0.3576151529947917,2a0e351f481a9205ac2653a93db2856ef92471cf5e9987824e5325fcdde7c3cd,source_0001
64.0,0.8025,126.0,0.3194986979166667,071b1fc8ac3e6642ee85022fe6c4178567c3eb9de48a7885a0b32f94f4427bbd,source_0001
64.0,0.8025,127.0,0.48333740234375,8a33af9a03c863655f37f6bf9f385006fab0cc94f300693fb79ca7e204f96042,source_0001
64.0,0.805,0.0,0.3299051920572917,ab6a7064ed758b1e4c5e65034e7ed1d8921ffedf16ee44c28d0039998bed572f,source_0001
64.0,0.805,1.0,0.8254597981770834,70244c3d689b403f7eefc2b0d68de948e505b06cf9b7ff5afe2e11a6b9e2239a,source_0001
64.0,0.805,2.0,0.6711934407552084,04531ba24c1494ea409d630a884b9f524f28190fe32dcdcaaa82881672a49dac,source_0001
64.0,0.805,3.0,0.4199930826822917,d92a03e489c227f3a6ae139bdd28da36549b8798fd01db97cc82439fb24ffcc9,source_0001
64.0,0.805,4.0,0.8140665690104166,3f5d98a15e47517749d9499fca1ff94c996cdc4e950c2f3de2fd6d0a77a1eb76,source_0001
64.0,0.805,5.0,0.5764058430989584,9c02c944a702647c2b445f9f80ac4885a97c1be5ae77aa993ef0b15525220d03,source_0001
64.0,0.805,6.0,0.3599751790364583,6334a10ac53adc75450fd408b3852e2eee1566db38579f8483d60e1265c70af7,source_0001
64.0,0.805,7.0,0.3535054524739583,37e49be9ee9a3bab6d0a9816a278ab4abb5cc0458329911b633732555f0b1886,source_0001
64.0,0.805,8.0,0.4456888834635417,3d14d791b4bb158b6cf30df09c69a81ff358522f816663e09fdaa3540bed60a8,source_0001
64.0,0.805,9.0,0.6508280436197916,61c90bccdb40fdb25dded86c4893597067638fd074696fa9bc3548295a55a7e1,source_0001
64.0,0.805,10.0,0.4441630045572917,37a5df9195a93abc3152607dded6f1fb20794fc0ebba7cf41fe18462ce2c7b62,source_0001
64.0,0.805,11.0,0.94000244140625,f50da5506c6eb89ef8a4717d30917a0acd4938a2ce99f814ca6abc1d78531d5e,source_0001
64.0,0.805,12.0,0.5361328125,ae5e1f3daf65236368b1f86c1ac07e65518729f3f1e8f359620e8a1df6aa102b,source_0001
64.0,0.805,13.0,0.3978271484375,5964b82cb066e1479dc4052697716313891cdea533695ac1f76b37a346d391d0,source_0001
64.0,0.805,14.0,0.1982218424479166,436616817faf90870ea789b7c9dafb51ed391bafa00b77f157b92ac671362f02,source_0001
64.0,0.805,15.0,0.3623555501302083,242e83a3dc56645a46344a23d0a6706c801aa9436d14626fd71a0094670f25b9,source_0001
64.0,0.805,16.0,0.3073832194010417,3b23bd729c8c00f01c19600c72d6f6a1d54675f03b244d81f4af4646ca7abe4c,source_0001
64.0,0.805,17.0,0.556060791015625,96aa3f23437844bde64a01588e2a5a2e7da242678e9669a2eaeb1b4b4308e6ca,source_0001
64.0,0.805,18.0,0.5300089518229166,78f95e7ee6d10c2b320bdfbed14fc504a37c30274f6c215302b2aca3c3089d72,source_0001
64.0,0.805,19.0,0.4502461751302083,8f8a92998f560b31eebc6ccfea34ae912360312368372e7b8bce96d734a6f913,source_0001
64.0,0.805,20.0,0.5246988932291666,93273220b662570494d988ad31253cbd7d04341cfd2c1543fbc784a7a8922835,source_0001
64.0,0.805,21.0,0.7958882649739584,c95ddcf78171d3234e74b6f7cafd50df8c07b76bdee7798e429e630e0e5e08dd,source_0001
64.0,0.805,22.0,0.5281473795572916,0c5e89bd7aaf93651d722b2437fd03620374345364bca9155bf2b6a3ac73fbdd,source_0001
64.0,0.805,23.0,0.2712809244791667,99dcbeb30820afc99fc31e02ff51fef2312ae9cae5b56245666333330e60b4a4,source_0001
64.0,0.805,24.0,0.2728169759114583,033ded3365b79aa5d5ccaa92883b93f71d7ce5b90a07b39c763ecb0d6da9ee4d,source_0001
64.0,0.805,25.0,0.6299947102864584,1b0fb9db3b127993424882e9f77399e8106d004d2985c77f500f2d7e3b8a61d5,source_0001
64.0,0.805,26.0,0.3393758138020833,e6c4d72c00cca01d523838a8a3354b09cc8cbade4e585ad02e8ca4d3c4c2c9e5,source_0001
64.0,0.805,27.0,0.3563639322916667,20425be8542612ba922197ef7f9f965ee58f42df8697bab5de8c5ac0bdaefc14,source_0001
64.0,0.805,28.0,0.8710734049479166,2173b861bf9793bd17270a5993c085e48b5cb8412fdcf0f4ba90a04dc0a61a94,source_0001
64.0,0.805,29.0,0.4408060709635417,0c361bf756f4a34ab17b792a3e704c5dd33d78a1a1dfdc59d2c702a752ff8a05,source_0001
64.0,0.805,30.0,0.428466796875,7c8d4473e25e323513c2e5f2f82dba6c404f0e50747604eb573e3fbf39868b29,source_0001
64.0,0.805,31.0,0.3869527180989583,e444ac44e453b5d536073f9bbc0afbdc0a7d976ef105fa79daf13daccc605672,source_0001
64.0,0.805,32.0,0.4098103841145833,9419187f075a9fcae85561e0c20ebe26e401a10acde4d163d9a583d4742f0c3b,source_0001
64.0,0.805,33.0,0.9588216145833334,016fcbc9e90e5c12c3701d4360646eeb2943650349e95f96d316275eca0d8108,source_0001
64.0,0.805,34.0,0.7772216796875,c4b3d2e160c7057cd826f231d76212c999cd7427f754bfe9bd7f92f0edf54889,source_0001
64.0,0.805,35.0,0.5228678385416666,bc0fc31d439c487bd51161d064c87be6e1f87de570948d664edcc99f20c99c42,source_0001
64.0,0.805,36.0,0.1548970540364583,5323aeef9ab99965b409f8b44719e5a8195e0d87cccdc4f97b246c7efad1cc35,source_0001
64.0,0.805,37.0,0.9737040201822916,6268acdeb9e01f796b453a5ca0da612fa2c659a5999c5ed34fef5e421601780e,source_0001
64.0,0.805,38.0,0.3015645345052083,f93f3ef62b391b7010f1b8151470a97648d3899ceca3d0e1382af3320cc87cfd,source_0001
64.0,0.805,39.0,0.3893229166666667,a411b8ee8509662ef2f6d064667be7025ed565704524521b02a40d6f8745938c,source_0001
64.0,0.805,40.0,0.373382568359375,a86456779389ac7435206d24b73fc7feb7d8d0a8fca9e6ff27024464b9d06ea3,source_0001
64.0,0.805,41.0,0.3188680013020833,b812ca9beeb0a479968a1b89985749cf2fb124c22768ebfe67f5baccf18e77b0,source_0001
64.0,0.805,42.0,0.316650390625,9caa095b4e310b1d8dbd647f86ea374ab8bcf511b42333c7b6faa658d1de3bc7,source_0001
64.0,0.805,43.0,0.365081787109375,7b6017cae6a0fad5a4fe48cc24fd4af64a9f872096fae67d4ad705b81ab78127,source_0001
64.0,0.805,44.0,0.4646402994791667,a01d5e65f7bfdfc6d7a0b82fc70a86590a5e83468d8aed570e6d4796a11a61fe,source_0001
64.0,0.805,45.0,0.3054606119791667,11826b62ae649456ae94bc9ec01488b8728a0f501a62b97975c9c3f93ab20f6a,source_0001
64.0,0.805,46.0,0.2324422200520833,39005866d560eef02fd26e025784e0a71dee08c371e5c055f12dd5bcefee926e,source_0001
64.0,0.805,47.0,0.295135498046875,b544c01abb50ec114f53d04a52b561d458d52905fa28fe38ec35407216d5b1b3,source_0001
64.0,0.805,48.0,0.4902852376302083,62abab4a3210c77fdde91cf326f4ebcca9355aa2dc3173103109df2f0d7055ee,source_0001
64.0,0.805,49.0,0.459503173828125,b02f84b48405045d1f3e037868655db3615d075a117ae67986d2d13d61cd0ca0,source_0001
64.0,0.805,50.0,0.3876546223958333,e64d43208fdcb9fb74fb8cd9b4223dc197ca93bdc1a9763c43d979d4f5c74c89,source_0001
64.0,0.805,51.0,0.4522196451822917,98e5e8291e371ec41f7ab6063c4b2c814f9bfe4567c6f3ffc5ad2792f6ea8790,source_0001
64.0,0.805,52.0,0.2641703287760417,027c348c41d730e12e37debe3354390d349e5897076bcb8593a781ca8e6acbe8,source_0001
64.0,0.805,53.0,0.561248779296875,5f43d180a60f9f943d8f53a923ffcf49e0454457758253d8e6f8fa55c9f072aa,source_0001
64.0,0.805,54.0,0.2328389485677083,609402697c48cae3a61ca5fe524266ef13ffcc3ebad5b7977aa8e009b2563ae4,source_0001
64.0,0.805,55.0,0.5688069661458334,9c9bcc03fec79875097b7f65b3929105d8fb4ddb51997a38a882e1483149ef23,source_0001
64.0,0.805,56.0,0.60858154296875,c9a38d514568caad134e15fdd4fb5392a59aa2c218b7ad4db16d8d261f9e3a3b,source_0001
64.0,0.805,57.0,0.3602701822916667,c56671735925443918c2c4bf8f823ab6fe5fc2068fa0b9dee2f01b43acb0083c,source_0001
64.0,0.805,58.0,0.3787434895833333,cfbb6a67633e00d74f4041f6ca89bf140b6922719fc1ce5225869dd206095b03,source_0001
64.0,0.805,59.0,0.357177734375,f4304816c8416d014117565e2cd9804351a8fc451f13fc067e422e3d839f85ef,source_0001
64.0,0.805,60.0,0.7922465006510416,431ca585a0c9301414679b4bdef4dea4314b3f5255e51f0164cf3b63c5626911,source_0001
64.0,0.805,61.0,0.4525960286458333,5db419e0e251a36fab16c686d3b57f4ebe5fc47c6e42b7c7a03de32ddb78b00e,source_0001
64.0,0.805,62.0,0.4077555338541667,2fbe67f6bfbf3bcea2c062d84027fb26ca9dc2b432fe143252053764f7ac0f5f,source_0001
64.0,0.805,63.0,0.5421956380208334,2658f583da2290f068bf7027dc46a186198c7d276920a75bc927acf2664df604,source_0001
64.0,0.805,64.0,0.4270426432291667,91b55a68c8af8143e3c29a95ff44af190a852b78e6d1b5bf39d374219519a54f,source_0001
64.0,0.805,65.0,0.28070068359375,dd7ffe7602a3a9e10d96cf18b206ee10023561b274b59fc2f2c11b183d7f3b19,source_0001
64.0,0.805,66.0,0.2887980143229167,f1a10a00b40406599aa2c3b1699f52db6bc0dbddcf01d2e9ebe19990afe285a2,source_0001
64.0,0.805,67.0,0.3671875,925009867fa146ad645fb6044bdf09b9ccf7fb315be9edf915d17485aac8a662,source_0001
64.0,0.805,68.0,0.538665771484375,845fc63c037bd40b29f7ac3ad8f49aa22cb8b9e5a59fe1a8a77f5625561f9448,source_0001
64.0,0.805,69.0,0.524017333984375,ab7eee31b195df19f327b92546db116b8602ef30325c9df959bb8a646ac573fc,source_0001
64.0,0.805,70.0,0.791748046875,8661fb61e4ae08cfc5b7cb1d933dff02bd66908a2df81b8389160aec2df21016,source_0001
64.0,0.805,71.0,0.4979451497395833,aae42b055d67c57d77e61b5c0d2b5f78ee48ff2251142e68bf234f74b71810a9,source_0001
64.0,0.805,72.0,0.454010009765625,57f2bb6cbf68b7d32b25e4c673860179aeea2017fc275df7de8c37fe7480a0dd,source_0001
64.0,0.805,73.0,0.27978515625,599b2c24aaf5ca7f61fb2ece863d338884844ad452f1a72af90a4b19924842fe,source_0001
64.0,0.805,74.0,0.2779337565104167,57b22cf76ed2530fab39f768bebf1e65c5c29fc528c53b9a2811abb99d4bb40c,source_0001
64.0,0.805,75.0,0.5890909830729166,ee6bfd18bfc5f5a2de70ab0d93eb2093ef6a1955750c33615b94272cdcfc0118,source_0001
64.0,0.805,76.0,0.34136962890625,070b39f6c04a450cdfdf6f3de7a2d103a19aecd2935b6d8efeadb239b23a1a01,source_0001
64.0,0.805,77.0,0.2155049641927083,46c906b70ca1566604c0fca5f969095162655ec19b1944f6003c20a28b2e4d7f,source_0001
64.0,0.805,78.0,0.2745768229166667,90976d73f71b12882bfa57be878fcb7ce2087002963dfe3b4059aae539346e8f,source_0001
64.0,0.805,79.0,0.4054158528645833,e77606c61948ffae5b0a97a84491d9f0cb7a6ba0d2897078dd75cbf1924fd89c,source_0001
64.0,0.805,80.0,0.45159912109375,df6b62496fc8331429a05c3fa8a01c5dc4033401b5441c1022b08a77b785967f,source_0001
64.0,0.805,81.0,0.5045878092447916,19ecd609d58258bd21605a3adecc0ebf8b28da78c26ae0bdb6f35c7257e25d3d,source_0001
64.0,0.805,82.0,0.162017822265625,2d592c98d192ea55564c57321f205b64aedbd46fc0598db14136d33a7995a491,source_0001
64.0,0.805,83.0,0.3166402180989583,56d0131c50414dd7f3d6df089ea0c9dc9128accf5306418237f66e579cfac815,source_0001
64.0,0.805,84.0,0.6413167317708334,4a480ebb36126113846265062b03f79a1e5bc7217cf600c70cfe7e2738fcb7a8,source_0001
64.0,0.805,85.0,0.4636739095052083,3e50b8ec255b0f736dbe48a182943df04c5f419e4317cc55ebad755384293239,source_0001
64.0,0.805,86.0,0.2937520345052083,bdd13180476f1f44c1ab66d53e6a00f04ff53f7a8e64ea682561d640d89a3020,source_0001
64.0,0.805,87.0,0.6862284342447916,525634fe2aa29db1528495d454f56a464c1b2ef42c6bb8778ad4248da2e1d75a,source_0001
64.0,0.805,88.0,0.5128580729166666,de225d6296e4f0002bbca54678d100177d308b131833c4f471eedac6260fd125,source_0001
64.0,0.805,89.0,0.3780314127604167,5c91d161ef1ab3528614111b9b57ad46769cc034cd5e998b0816a6ddc5519c47,source_0001
64.0,0.805,90.0,0.2257283528645833,378dc94ada442a4699855aa627c00ce58972bf76af6b06f9c979d2f9e57ab7f0,source_0001
64.0,0.805,91.0,0.4632670084635417,923be768ee42d49010a9e8a759b05f5895c945f0130dea2d1337a613e068b09a,source_0001
64.0,0.805,92.0,0.7067972819010416,609f35d4ce93043483a0750a6cc65ca5b8a5046d02c94ac14d385f3793119181,source_0001
64.0,0.805,93.0,0.2108866373697916,8137b7963aa8e668b80d79bba90dcff202a633df81dcf030786db90b81715e54,source_0001
64.0,0.805,94.0,0.32952880859375,c1722c9836037b647ca49b29f0c026d0ea65bd9c19fd45cbe8a94fc3a51b840d,source_0001
64.0,0.805,95.0,0.6758219401041666,4ce6ebd01ac997995285a84791a83c3034687958b02bba4721586432643ed21b,source_0001
64.0,0.805,96.0,0.3463643391927083,937d8b525bf8a15eaa9694838dfc6cd3b9fa7cbdd90b831ea715f1570c9ab1c7,source_0001
64.0,0.805,97.0,0.5320027669270834,582c645938302e349e5b5a66a0ded6ecc5fb8effd6db0026c1efe83053661d24,source_0001
64.0,0.805,98.0,0.980682373046875,41a61ef65e9f2162eb3ab0885022085a94dd7f1ba77a159687bfcbebf37db78d,source_0001
64.0,0.805,99.0,0.640716552734375,5891dd8c30d338c553f99b9bb616146b8dd0484dc270562e7a7e6ed443d232f7,source_0001
64.0,0.805,100.0,0.6473490397135416,396c56f7bbf33510d004bdf494ebb0c27d332be014aa295ddc6c59487b6aa66b,source_0001
64.0,0.805,101.0,0.391815185546875,852f0e458e805fddba24b88def8e5edfa1b387e45512b4e896383f557a2121d1,source_0001
64.0,0.805,102.0,0.5300699869791666,9fa99c9eeb167de51f93e6f3b9b18cb3fa9c0f5eb4eae7e5e4b221d637cc5a03,source_0001
64.0,0.805,103.0,0.4905904134114583,e820cdf2bb844c3996ee521ea5dcd5ff445a1133f92dd43f3c96b796e45368ad,source_0001
64.0,0.805,104.0,0.6010233561197916,27a929a446a46710231f3e5806d5d6a5cc1e9bdf24879dfbc7a7bd721289b948,source_0001
64.0,0.805,105.0,0.383056640625,534acb92639da00d58d86c34bcc788e07813f0c87e6563be6b51238954b75562,source_0001
64.0,0.805,106.0,0.295166015625,2794cc3af16a9f84442ea981fa625e2a41340b7d8adc0800d619fc8814f6872f,source_0001
64.0,0.805,107.0,0.306976318359375,e7f56ca34a7e2dd678edd0099c0a5bac2d2e79697420ffc531122789cc38a741,source_0001
64.0,0.805,108.0,0.6675618489583334,46ea4d516157303c0eddd8463a232bbbdd411a0388e19ad858987d146c9d216d,source_0001
64.0,0.805,109.0,0.4114990234375,d8edd164632e9184966b87d8987fbecc0270ac4d9199fb7b463c8d9466e62159,source_0001
64.0,0.805,110.0,0.4488423665364583,12f73c1dd76abad2aed3a68df6acfe2da6a89437b238165ab726a9922b220dfa,source_0001
64.0,0.805,111.0,0.7580668131510416,b86636778ecfaf500f1555c10133536b96790ff6e45632eb3c46398ae6046cd3,source_0001
64.0,0.805,112.0,0.2585042317708333,68eb3524abd95836301a2245f290b60f147e70a5da9950ba664d42c9c3a5e303,source_0001
64.0,0.805,113.0,0.3366190592447917,1a9612d3363996c51f371118e0d4303d451273d7f63d44fdbde9eb0534fc196a,source_0001
64.0,0.805,114.0,0.3973897298177083,d8af3a210ed2f8517e28280740d919f75d56cc8bd2db90e11abd5c8fe29336cf,source_0001
64.0,0.805,115.0,0.390777587890625,3ba250b1ec2aa8740affd443cd3a5a9ec106a2c5446d5aece9dee2d159ca45ab,source_0001
64.0,0.805,116.0,0.6428934733072916,1aa772ff78243fd2297711d76bb9553959cf5e24b59be86595e4ecdfb9f98bad,source_0001
64.0,0.805,117.0,0.4455362955729167,c760f448f20053be0e91930d00ffb9787cd15ab4dc59bbfba6acd4ca696023ac,source_0001
64.0,0.805,118.0,0.25164794921875,095437138fb7d629d4f19e59e7cf704ec64c01770b0bd346581474ed45376a70,source_0001
64.0,0.805,119.0,0.249114990234375,229a01a0440bd35a6e1fc643073eeddcf5386f0e60c67dd626004b562dcee991,source_0001
64.0,0.805,120.0,0.73211669921875,c06a152bbbf8170c90eee15c50620ed1f8bc8d66419725db8af311942fafd77c,source_0001
64.0,0.805,121.0,0.3939208984375,e6408676ff36b438f508190ba605a4177e2d96c2b94fedfd629d899b59717917,source_0001
64.0,0.805,122.0,0.357818603515625,7662eef53c6c77bb5aaaadb41db67092e231c2f70af68846f9df6f723a595128,source_0001
64.0,0.805,123.0,0.7827657063802084,f5764d87d8ba3567a73543c5e41fd9f0758a47f04e9b73a752247ab29838042a,source_0001
64.0,0.805,124.0,0.6366984049479166,adc58fb610c7c8ce3981d7990baf2be6ffb96c1bad90ea6f1717c4a7f6e40bf6,source_0001
64.0,0.805,125.0,0.3585917154947917,ab077dcd1d705b43baf4482d1d0afccd5395e5888df275904ba579ce8d4ca331,source_0001
64.0,0.805,126.0,0.3193868001302083,216a60dbc709bf6805ca1a3b5db4e9711e8afb37981953366de85420610e30cf,source_0001
64.0,0.805,127.0,0.4883321126302083,80c3b6efaf7785b10618a7ceb4b3674a9209c61fc9e1e81e581a3797a33a0c02,source_0001
64.0,0.8075,0.0,0.3301188151041667,d8d1a6b1224a2934c5ddcd387ffcfc0f8650e3b38718fc01ba228dd126cc706f,source_0001
64.0,0.8075,1.0,0.8255716959635416,fbb289e3de1749ab07c18d357cc49f0bd75e7f25b993353cea99a074aa6686dc,source_0001
64.0,0.8075,2.0,0.67138671875,57179a09d0e4b29260f813278209570f5da5d5d5eecc3b63af2fe31094e6ec9f,source_0001
64.0,0.8075,3.0,0.4212544759114583,7c7cf15958413265a4eeb71c391f3ac1d9d697d54e515e0c87be3b36f57fc270,source_0001
64.0,0.8075,4.0,0.81781005859375,4720947964cfc0c69b0c6fac5d6ebb7a075b4b2d6f91954412c4f5fc2f43cfd5,source_0001
64.0,0.8075,5.0,0.576751708984375,99ede16569611913ab079380c7d6a44bfc6fdb71cddbf54b03df6ba19d9a05e9,source_0001
64.0,0.8075,6.0,0.7164204915364584,5683212e58c3733e9b5ba24e526d929d76b416d643f6c855699fc03fa87dcf25,source_0001
64.0,0.8075,7.0,0.3545023600260417,bcfd91e3fc7223600daf001afed12ad77de3d53e9f246d54009966a8401924a2,source_0001
64.0,0.8075,8.0,0.4459737141927083,8595e980009d2e54518d5fd376cba5af7b3f8f5370eaa659978a678a5572539c,source_0001
64.0,0.8075,9.0,0.652801513671875,ce9c76479a74bb3e115736fb4b92a8326f6ab67a3c53140bc76b6899295ae236,source_0001
64.0,0.8075,10.0,0.4444783528645833,2878957b17442b5e174ff9c21ce7316a618ed7b390bc815946e972783142997b,source_0001
64.0,0.8075,11.0,0.9505513509114584,91d37f203a190c0b94f342041d5fe231ff3ae569ab559d174c67bd6dd5c9d29f,source_0001
64.0,0.8075,12.0,0.5362752278645834,493d43c7e47e0b51ad0b60e9c0730ac4b2f7bd2987a210c424b064371efe0fef,source_0001
64.0,0.8075,13.0,0.398223876953125,ab96897a314c887fadb997a585d7800d1817d3e3481fcf8c58ae318839615b84,source_0001
64.0,0.8075,14.0,0.4017842610677083,7f2bc84303a5c73a6c1686e70967b8c0a41a6f4e7f605dcefb340196d506aa3a,source_0001
64.0,0.8075,15.0,0.3625590006510417,451b03644cc62943c876ba3e0ed31fc34e602ec7b27d38511195daa2bb25083b,source_0001
64.0,0.8075,16.0,0.5911763509114584,9f1ae909c11b416d199b47ad52f3888e591bd979109b8970303907466839353d,source_0001
64.0,0.8075,17.0,0.9338480631510416,392ae78480b56e1125c90d5b87e1619ef8c1f63e55b82a3e9b5cb075702188b7,source_0001
64.0,0.8075,18.0,0.5306599934895834,53fae98bc8d9538a3816762a3fd6f729b4457087818f8d3dc22202dea96b4a75,source_0001
64.0,0.8075,19.0,0.450927734375,34bbbcd9d7cb6cf27d4a0e0d71ad51249c8ac551f0496e8ec901a89213015874,source_0001
64.0,0.8075,20.0,0.5254923502604166,23a169d9b29c9452c06d5195c7abd0a234c7ad0d1a5ea20dfca427c3a787e807,source_0001
64.0,0.8075,21.0,0.797332763671875,81a4d74df77da33cba1f1c595aeaa0298cdf2aaf392209751a1e9785c0bc8027,source_0001
64.0,0.8075,22.0,0.6907145182291666,aa468f224379cca8c827cb5baba2e25fcec3a949f2f2b4a7fd57131eaab5e16c,source_0001
64.0,0.8075,23.0,0.2845052083333333,5403d57404b7181b22bd666a38d51417859893cb795919e21eff2fc8e4d4c0ff,source_0001
64.0,0.8075,24.0,0.83428955078125,a890ac402919168417d171a4dfb789ed139098dda6bab69e64a50a8059a535b5,source_0001
64.0,0.8075,25.0,0.6371866861979166,8b762e1c7c0ae10633a96c33136907e8495cf2c2d52589cfac9459051c6b9976,source_0001
64.0,0.8075,26.0,0.284759521484375,1228566f4713f7a623a13cc90e18dcdd3ed447f0ab44810e0507da4da31410da,source_0001
64.0,0.8075,27.0,0.5538126627604166,e86418e063a981fe18ad1204fe64aead09535bb815ca981fa74c15d0143a1985,source_0001
64.0,0.8075,28.0,0.871307373046875,1f351c1c781eea253eaa00de261dbec4b33e324f55281da8d202859306906dae,source_0001
64.0,0.8075,29.0,0.6461079915364584,6aae965deeb2e705d92d79e0dd62b1aaf70bca42213ea7b8b8d82a1c1c89f41d,source_0001
64.0,0.8075,30.0,0.4287312825520833,28b671160e9cdf94225727cce25f99ce4aad828563eaf1cf6dab353d6cbaa058,source_0001
64.0,0.8075,31.0,0.4603169759114583,60ea9bbf69e8aa16aff68fc5f5098b52c261906096ffa08b9c408cb3e62706d9,source_0001
64.0,0.8075,32.0,0.4107767740885417,3d7a53060fe793ecf69102b5f1b193e7c005d64746f64de30180efa32b5356e0,source_0001
64.0,0.8075,33.0,0.958892822265625,f9c4dc3bb73071e76410a66ff00f66e5710b39da0fbd5e4fdd50ece4ad17e136,source_0001
64.0,0.8075,34.0,0.5628255208333334,6fae9510bc4852a30a0e88c6af1de306c240f9371b5551cecb67de499d9f1283,source_0001
64.0,0.8075,35.0,0.523223876953125,8c90607a4beef8c39f8761c539bbb48f1597f2e1a4be3a605c56e5ca13a42a92,source_0001
64.0,0.8075,36.0,0.1643168131510416,468ddd4e438792d9ccf2c220306f0ca21bd4515bff62a6b57efdb68b0654e066,source_0001
64.0,0.8075,37.0,0.973785400390625,46b9785b6d5f31139234b9c0cf33b9f67a726f8cee07eeef21c2201f653b2f4f,source_0001
64.0,0.8075,38.0,0.3031717936197917,b8a6d8c9ca19fd84411829c83b0d9b7e1f61e8c4d1bbf19d7f0045056b1daf98,source_0001
64.0,0.8075,39.0,0.421356201171875,2696d8efb9af64c505c7279a2c0cf7d6a5aed48b9d8edc54f1c38d1b42d7eacc,source_0001
64.0,0.8075,40.0,0.4398295084635417,053842fcd217deaecd2e9bfb65221e072956940a143248dd7d57a0291f5b0416,source_0001
64.0,0.8075,41.0,0.5752360026041666,c3393107df81083bc604baa9e125182ebc586ad1e30b62a32655518788dfd715,source_0001
64.0,0.8075,42.0,0.3265584309895833,017a53754edfa434de8448ae5c6f790494bfc152365d094dfafcca68d7020a9b,source_0001
64.0,0.8075,43.0,0.361083984375,50783ca753adb234d383d4e9784b1b027e6158db8593f1e22926182725b2e260,source_0001
64.0,0.8075,44.0,0.59259033203125,09a2b7a495b6f32c3431b6728e351af1d925b7872488028044e3680292ef1caf,source_0001
64.0,0.8075,45.0,0.3134562174479167,ca57eba2ee570e29c042c1ab698acfadc671837c330ba67546168ed2b92d207b,source_0001
64.0,0.8075,46.0,0.7430826822916666,8dd0a3ae9f18639efa292527472798de6e239ecf078ff5debe2f10df94279325,source_0001
64.0,0.8075,47.0,0.2953592936197917,a20608175cedfcc92c3eaaa0350ae2b4ae2f31306e9f4433d7947c8a9867e32c,source_0001
64.0,0.8075,48.0,0.511016845703125,379e8c5a585fa2eea0444838872dcc682b7e20922de30a007d2eafe0c43fec71,source_0001
64.0,0.8075,49.0,0.46063232421875,c2cb0e3fb8bb079d947967847a135d5fb816c4515fc383600a03b81e8e40dce0,source_0001
64.0,0.8075,50.0,0.477996826171875,b7d038badbae6d572d3ffff2cc61217b47c29dae7ed5dc84b7f64cdd6f2fa719,source_0001
64.0,0.8075,51.0,0.4525248209635417,b717cd7263fdef6ff1a881edd87d08bb6208b9946fa0a71efa2ee787c237c189,source_0001
64.0,0.8075,52.0,0.602691650390625,44bc3b863efae7d8ddc680bc963811e8da8d64bc543fff9d491fb548b4bbeda3,source_0001
64.0,0.8075,53.0,0.5623779296875,dfdba8767f3b7bdae2587643bb7e0a37cc1d753971731157bf93cf78a90dbe1f,source_0001
64.0,0.8075,54.0,0.2566731770833333,a3880b423a2e795cc551c3c8a7c579599928dcaed7fd20ba059af807b1a3a4bd,source_0001
64.0,0.8075,55.0,0.571075439453125,7ca34fbce5385cb7661035f752bb01234547ceffa93a262104db5bbe8cff9d0f,source_0001
64.0,0.8075,56.0,0.7596842447916666,56287ec100ebe0fea43ce6908937ff726378cb6c08704ce9c7a3367ad285d3f6,source_0001
64.0,0.8075,57.0,0.6059468587239584,f05140ed18a3e44b234dfec135871fab82c19c5cac844a7b1041bfe70d968a08,source_0001
64.0,0.8075,58.0,0.3988749186197917,b46ade843e58ab46ab1974cc65b863fc0ec4f6686257ab7e40970e0f595fd2ad,source_0001
64.0,0.8075,59.0,0.3572896321614583,f580fb46f37f7eb996835bc8fad5c36150278fd924324146351367d8f12425e9,source_0001
64.0,0.8075,60.0,0.7802632649739584,c3c2edc8028b053e51eb2a83aa4951f9e379d4431055a36c64a5ed84aa559b8d,source_0001
64.0,0.8075,61.0,0.4530436197916667,fec1ba0991d5b94f626098a144bd0787159f840e93fa2140100108b061c0e60a,source_0001
64.0,0.8075,62.0,0.407928466796875,0d252c885d97714d406ff01795382a8e57e39a3a57e89386905102ce64f1a9b0,source_0001
64.0,0.8075,63.0,0.5424906412760416,d2078b2ebefeba02a5bbe9903f87810d04d5549f23bef130f516ed87e079aa77,source_0001
64.0,0.8075,64.0,0.426544189453125,bef2a4bbf5b4e722f6a3a25c19e7273d5c1cb2427495a177f5f56ad8e4c8bc52,source_0001
64.0,0.8075,65.0,0.30615234375,19de4894f23f9e7aae9c421a95fbe2766908d261a1f4f01bf534edd24bf5e86c,source_0001
64.0,0.8075,66.0,0.4007568359375,b89dd4e517c37e0705f9ce783f415b14791d79bde9b9ca2c9466c7b99394f949,source_0001
64.0,0.8075,67.0,0.352203369140625,b1fd826a89be82e922b6f58b6c23edebaf922c1e64dfc6ac8261ee3a0d27f61a,source_0001
64.0,0.8075,68.0,0.5396626790364584,6892ecfbe3b869afe32517b31b88bf23535b3159ba6d9bfd4b545f9170edf401,source_0001
64.0,0.8075,69.0,0.7055155436197916,3a38cc66df0f107ae48e92afb89d2a4e542f51903ba6c566411a1f11bc04be51,source_0001
64.0,0.8075,70.0,0.7917887369791666,d2495b6e503c8b8d7b1a0b855efabeefebd081190c92ad25e5458036487ab5c0,source_0001
64.0,0.8075,71.0,0.4979756673177083,0f5f5610e5bad674c4b937ae9266ec4affef0db2103d60b823073231b1356dc5,source_0001
64.0,0.8075,72.0,0.4541524251302083,7d012f1a3949d267a51740216e1355978cdd0aa0781fcdc9bb6dd784c128832e,source_0001
64.0,0.8075,73.0,0.284820556640625,0e937da01788189f218926da8aef9842fe604b2d700fcaf0aab5be86eb78f0db,source_0001
64.0,0.8075,74.0,0.2830708821614583,dbcabfee3146a2408e9bb792ea2d729d8d15b52b6ed87d0abb2c062c6d004aa6,source_0001
64.0,0.8075,75.0,0.5894571940104166,359a9c81d436b84437ea6536dc1b46d19943b8ae661abda4cc4e79bb94e7fe0f,source_0001
64.0,0.8075,76.0,0.3417765299479167,2896603d79896d7500801ed28f1ef4b14051fcd61e2f2b40fdc97003ecc2956c,source_0001
64.0,0.8075,77.0,0.2155253092447916,5d8d6b9d67e2dcec65783049cbc63213d2be305b30dffaac40e94ec2c8b6be1d,source_0001
64.0,0.8075,78.0,0.4160257975260417,8d0a39e8a39bca8b3cdf84048143f2b3d71d7e8dbfc23f0a5c4ec2931a572a31,source_0001
64.0,0.8075,79.0,0.4062703450520833,adb8ac0ee6106b42d3000c0f155bd6dad79eb75f21c4ef13c3a04496a8e31c7c,source_0001
64.0,0.8075,80.0,0.4519144694010417,9481d511a042b954765497fdb8d1cf7e0106257733c7c45827fa69924f3ecd3e,source_0001
64.0,0.8075,81.0,0.506072998046875,ed9a3e7e988f93a4c920ce920f90be9f8635de58efc674f531051c8106f147ab,source_0001
64.0,0.8075,82.0,0.2367146809895833,986f0758d83ff924114c6b80bfd27292b9c0d30e10890bdca6decea1b38984d7,source_0001
64.0,0.8075,83.0,0.31658935546875,8b650100a76ce1036b9097e83a5b450cc690a110965f1d6ee3c303fee082055e,source_0001
64.0,0.8075,84.0,0.6422627766927084,f20f86cd894c10ddefe17ddc8625a611c017eec0ba7d0f44584f0578bb0cea5e,source_0001
64.0,0.8075,85.0,0.4649454752604167,5f03a5138e8e5fae869fce5e71ab03aa7741fd18690900187b6656565678c9a5,source_0001
64.0,0.8075,86.0,0.2943827311197917,3b0116b6a6df74f819f2c2e8a65063257a13dbb9d655aaec53bb98f73bcf42f9,source_0001
64.0,0.8075,87.0,0.686309814453125,4bd70d77ffdc14c99af08dff5f9b48a9ea5998b2604cfa77d59b9659ffe001a9,source_0001
64.0,0.8075,88.0,0.513031005859375,2551ee8c4025dfbdecab924a180fc1144eda63fb516e4b526e0b4377b73e3a0f,source_0001
64.0,0.8075,89.0,0.3790791829427083,454c3bf4cf403f551c065aefbbc71422ebba70287545a4ac22c60de70eb39553,source_0001
64.0,0.8075,90.0,0.2566426595052083,6fba821c49077add1abe01533ced25473628acc573debf73bdba0ba590721e24,source_0001
64.0,0.8075,91.0,0.50634765625,16ea38042ce688d3e86c5db3baf645740853eae09ce0e4cf0b2fe80d452dfb85,source_0001
64.0,0.8075,92.0,0.96014404296875,4100438cc611ca42b48b9f4468164f5c481f3a399236b97f46600e2853fdd1f2,source_0001
64.0,0.8075,93.0,0.365203857421875,f0752a8cf3f296704c652c1533acda5e29ed794fcd8f7f135c41c181cf10d900,source_0001
64.0,0.8075,94.0,0.511810302734375,94c56ed1f21be22950e0a02e7ee8fffef74136412b283d89e52f4d5dfb2b2158,source_0001
64.0,0.8075,95.0,0.77447509765625,90640e267495b494520e5fa61229a3507e688f740ce43b7fb928deea8766a69d,source_0001
64.0,0.8075,96.0,0.5085652669270834,7252c9cab1a41da70083e9e8cac675fd5396ea7397085aefced437235c38bf61,source_0001
64.0,0.8075,97.0,0.5865885416666666,31b5236c08acd0afc15fdb0ce808ec620f745d3e290307fa10df91f06f6a1692,source_0001
64.0,0.8075,98.0,0.9807332356770834,49eae3d3a8f1f6e7ef5368d9dc33ac80b699490b68de9327362db14fbc4d29ee,source_0001
64.0,0.8075,99.0,0.6419881184895834,cd11582f1a74cbdcd4dab012e26c97c0f1d912d245a9d1a14d881d634169ae19,source_0001
64.0,0.8075,100.0,0.6475830078125,346ec5cf89ce66e6c8e206f9d0b3fe59a7344bce09b95525515cd8e1f25d2a91,source_0001
64.0,0.8075,101.0,0.4038492838541667,ccb66a1aded7e99341e6e07cd4b74c1aea62c9068fd49f3e33620fcdc1cf4446,source_0001
64.0,0.8075,102.0,0.5259195963541666,7f7dac53362b81a0ba2e954800a2b140ab1fd9d0bc2532eab6bf1f7a54e936bf,source_0001
64.0,0.8075,103.0,0.49383544921875,8486db85d19f2ce4894af637ae7d5cfe3864d7e81c348e0ef957a2081435d2a7,source_0001
64.0,0.8075,104.0,0.6032613118489584,da87939cbc0fd446ec2412e912376ce77323eb4829f690a96a8a8bd48e8c9858,source_0001
64.0,0.8075,105.0,0.41265869140625,c7fca7c5c221388b8cc389df2bfd53e820b403e8269131311703f32bc12323a8,source_0001
64.0,0.8075,106.0,0.29571533203125,7b23ed132a80ad867722980557d07f42e197790dbe5aa802080a4035250b784d,source_0001
64.0,0.8075,107.0,0.3074951171875,9a77801a905404e5997a7d4d3b3da9c9f106102be47eab1e30ad31ca5890d6c6,source_0001
64.0,0.8075,108.0,0.6689249674479166,e3ee1f3b9d023549fd54d21fcc505ea7d18ae44fd38076447f089fcd8fe59ae5,source_0001
64.0,0.8075,109.0,0.41204833984375,2fd8a1c2213d52a6f54644336cd448ee6ed701b207a81c2b142d9823e2ef2b07,source_0001
64.0,0.8075,110.0,0.449005126953125,22a1d3119fb6f2ca0cfa7c60b3e63a96900ab772f49cac8ffa60705f9d39def7,source_0001
64.0,0.8075,111.0,0.7584940592447916,0fe71214762876686ac442472c711cbc259fdcb801c50e1f7e73a761f36badab,source_0001
64.0,0.8075,112.0,0.2587992350260417,7c9daf1f1bb81b8319c255c30c1a05739dd86d6372578770b56f0cbd557d6771,source_0001
64.0,0.8075,113.0,0.3821207682291667,88a5a1396887bd9634bd68deb08f512fa7431cd19be4bdcde0d9dae26b1f50d1,source_0001
64.0,0.8075,114.0,0.399688720703125,9bb9ba0d4a4fae8ad53f44a78bf6507e7d6514fd4e7a8bb43eb17640c3e5d6b6,source_0001
64.0,0.8075,115.0,0.509002685546875,8591e6bf1b719321dd0085bfd0792e6a79ae5bc8080081d6393ffaba45488dc8,source_0001
64.0,0.8075,116.0,0.6429443359375,5801e23f3577fab85770c8e55e751d7e2759dec8e82fbb66d8cc88638bc0ca62,source_0001
64.0,0.8075,117.0,0.4475911458333333,8c43e7b8a1862661790b671c2f24126cad8a4c44a2ac4260bed2085ef353dfe3,source_0001
64.0,0.8075,118.0,0.6831868489583334,84713a43561bb3400c5b2dad76b6a478d6c786812aa87b6373364533c82d98b9,source_0001
64.0,0.8075,119.0,0.3122965494791667,f4012220caade77b23644c39eb08b679335d208e1dd7c4d9c1970a1c80074ede,source_0001
64.0,0.8075,120.0,0.7328084309895834,be78d249fbcfc329e70728be44e3c30b9245cc45cd7d5deeba28e030f7533c80,source_0001
64.0,0.8075,121.0,0.5596822102864584,365a101ba759d241cd4ac702c3a7346d04eb214bc2caab12333f1d283a9093fd,source_0001
64.0,0.8075,122.0,0.359527587890625,186ce74de2db4e2332200a610b88ac05b224237ddcf707d620ee77386611b9ad,source_0001
64.0,0.8075,123.0,0.784881591796875,671f6ec974cfa992fc779717618877b7ea6f4922ccfc645438d8d0edc3bfef9c,source_0001
64.0,0.8075,124.0,0.638214111328125,ba5ef84d5fc74f7422fbb4c927e408169d422c20627aa7a79b63dac2ea27c33a,source_0001
64.0,0.8075,125.0,0.540740966796875,f46504ce97164c1c1cc163643d5b96e5e3113b6914c9fc327e0506a4166400b3,source_0001
64.0,0.8075,126.0,0.3206685384114583,d674cd91ab9e59c9ff30218ccf44cc8eebfc691e16b1251a86b718245c6317ae,source_0001
64.0,0.8075,127.0,0.4914754231770833,70f070b527bdc85525bde8417f31a75b40ab3623802196b03dba3589323a679e,source_0001
64.0,0.81,0.0,0.3306070963541667,e16c252ddf1da536f18bad813f8e0dda2c2d7bd8e6bffaa9f4c264db1124324d,source_0001
64.0,0.81,1.0,0.82568359375,09f4d172e394fc9dfb08d92cd5c2b43805dff6a72057303eba690ca928a35338,source_0001
64.0,0.81,2.0,0.6741739908854166,d8de0d38b635f7c1c12aa52f8a3d0293b7856139b8eafbc64777768c881bc1a4,source_0001
64.0,0.81,3.0,0.6056722005208334,378fae2fd1ab3cf42c50bbad89a3d50b90cf6e4297601cb0125cf71bdf21f04c,source_0001
64.0,0.81,4.0,0.8181355794270834,b1b81c60375243bd21238cfdb7da6f4dcac32b0e03954639808dc3a8b57f4e8d,source_0001
64.0,0.81,5.0,0.7013956705729166,04e7adfccad82c6c621cdd5cb50189ff3655c15ec80581f42995def3d8582e4a,source_0001
64.0,0.81,6.0,0.9766031901041666,6ccb6d71870d3f4a71f4206f385a3c75aa31489f48580478d0b8662ad6cc55eb,source_0001
64.0,0.81,7.0,0.5819295247395834,0d1a7c4d74a0cc81fda7ec3b373d0aae1ac628702334ecfcaf2cd94b4c28d698,source_0001
64.0,0.81,8.0,0.4730326334635417,79b88b9a5b02ab9a4bc8e648176d8a4db329ab23c9bfdb4d3055b848eda05ddb,source_0001
64.0,0.81,9.0,0.6529744466145834,2b89cdf4b2d3a20c2b197f3619bca9b4c14b0e867d71c715c37787ec03fa5e5e,source_0001
64.0,0.81,10.0,0.453338623046875,b4c1573d2eda7574251bf005ec8bbd347a28d9c29fd9f74ecbe97141f363e73a,source_0001
64.0,0.81,11.0,0.9506123860677084,b802d374ec7888204f81e45ae415a0109e82bdad07efce5eb338d8dcb4fc4e9b,source_0001
64.0,0.81,12.0,0.5373026529947916,3b0b9f63ee08f4b25aec851788b144f4586ee7a34f7354d7a31785d3969f5778,source_0001
64.0,0.81,13.0,0.4479166666666667,c0893f5fc6c6658d59cba713d0662ec5ea67447c12ca4265bd9206de5f19ae77,source_0001
64.0,0.81,14.0,0.4026692708333333,6980f69c91aa1a29a0166bf75db322dbba78f21411f872208e390ee43ebdee1d,source_0001
64.0,0.81,15.0,0.3627726236979167,3bd8e272f35fa40329c440d300b2debf507fa711591c35c6049830ad43bfafc4,source_0001
64.0,0.81,16.0,0.59124755859375,67f16b1e9a89c7c73888127c02176aa3af7a45c77a0cf65cabdd796ead63d722,source_0001
64.0,0.81,17.0,0.93402099609375,741241097d64790f60ab5e5bbde8a91cb36611b571e3243a5ccee76b575ad422,source_0001
64.0,0.81,18.0,0.5784098307291666,c0859f2fdd9f1a7d9f2ccc39ebb118766c695ce7c1ef345227d1e470af2b324d,source_0001
64.0,0.81,19.0,0.453460693359375,d1bc8ad7e6ae06c9c4260200f77474f32610462898a792dd9b2ed4296b47220a,source_0001
64.0,0.81,20.0,0.9711405436197916,16f670d03ed1b5c3640703f75a336672901a5cecbe4652e00d2b840ddc509a57,source_0001
64.0,0.81,21.0,0.797760009765625,046f15270bb2b98d955623109bb8cba1897821126c6030cf293099a2fb467bc2,source_0001
64.0,0.81,22.0,0.975372314453125,f65946a1280d655145c6c2ae1f3b1cf785f1a749002098d69bae90b9346ff942,source_0001
64.0,0.81,23.0,0.4395853678385417,307b74f127ffb1adcc6cafe1f460284855d66b52d49ceafb9f3efe8be6f94d79,source_0001
64.0,0.81,24.0,0.9618428548177084,9f1bc8e9a10664be4b267805d07d23007533c1cc0a434c6bf8f179d38b0753d2,source_0001
64.0,0.81,25.0,0.6406351725260416,c9bfb04f44208e4070b6b9377b90231338b10ff393cd8906b9519ca36fce5957,source_0001
64.0,0.81,26.0,0.5365702311197916,9d5ac00e561ef8842afeac950be8763c07d24b96afd42eca2ce2b0652a55f70d,source_0001
64.0,0.81,27.0,0.5551249186197916,76b0638689928277bb6d3f04ebf46a44f3fa42201284a7b774068d3727def6ab,source_0001
64.0,0.81,28.0,0.9797871907552084,fa370cbbb2bd94ffad871588bd21015adb3936fac1e164c448d1889bb2a8daac,source_0001
64.0,0.81,29.0,0.6464742024739584,d96c4a15e5c922dfbcec3b7ccf88c22a65c778b3afeb33b725deea87b91fc9b4,source_0001
64.0,0.81,30.0,0.4288228352864583,1bb4f53752b10f2ecf544f7646541bc7833d89947a8c9eebea58b9fefd02c027,source_0001
64.0,0.81,31.0,0.8354695638020834,d2d4661b4869eadf7835fdb5306cf606a4d9bac9afd8644837ad464a56313e80,source_0001
64.0,0.81,32.0,0.410919189453125,0b1a9c70c0421b6c3c65dd7e98eb166be40ad3e93bcd3a5e2c22865e236b0441,source_0001
64.0,0.81,33.0,0.959014892578125,c6b8928fbf445042860abb7d35f013bef2000153df875f0ef0efe67be1424757,source_0001
64.0,0.81,34.0,0.5629069010416666,cadf0fdf9765ee4ab27d3929c7697335eb701e0535349b76ada98672d039673b,source_0001
64.0,0.81,35.0,0.321990966796875,8b35bed7c7a20584509218072f2cf258c7a534c10cac0d1f98a12cd0aba086de,source_0001
64.0,0.81,36.0,0.1822306315104166,e69263c9fd1f33ca35021293b998dae5fbd1765ceedd283b65936e0af3be3c27,source_0001
64.0,0.81,37.0,0.97430419921875,69f02e5f6e28a4bcf2486110cb70f6be494b334263eeb28c63d745a504f6b16a,source_0001
64.0,0.81,38.0,0.303924560546875,fa7a6dc8f8ac601e283aa1ac73498378c15070c2cc51e1ccb8ccabab2259100a,source_0001
64.0,0.81,39.0,0.4900614420572917,2ef825c004dd3fa4aef091c1be07f4f07fb49d166d5c5c1cb18a2ac550de2b1f,source_0001
64.0,0.81,40.0,0.44000244140625,7f9a6658aea170cdee8cb16dcf92a4276d5b1f9c2d6d47d20eba51907514224b,source_0001
64.0,0.81,41.0,0.8659464518229166,9fe25c07fba600998243b5e4c3bcbc9b9d549ebe169f878c4d20a6a2a73b331a,source_0001
64.0,0.81,42.0,0.330596923828125,5f4b1529058c7370ec0692b14715ae5a95f0903030302b2d037e3c4e148bc28f,source_0001
64.0,0.81,43.0,0.3747965494791667,6178b200f4d09f215fda5e127698d669778802ce9c9ea07081a90701ffd2439e,source_0001
64.0,0.81,44.0,0.59368896484375,ae2c51bc72844fd517df33abf78335834f201d4cc14a16f96d151041436aaf54,source_0001
64.0,0.81,45.0,0.48919677734375,f8fe226559c78c6fe22246115713c66cfd9943ec1e3ba96f434b89a4eb99f865,source_0001
64.0,0.81,46.0,0.7460225423177084,6d6cbd566b260624a4c4e8b5673a78fd0d61687146fc673b3583eb46079205b0,source_0001
64.0,0.81,47.0,0.5980733235677084,5e4e441ed6ba9f393ca4ce290ad007e4b630bd7bbe89559c7a29c63025b66f2d,source_0001
64.0,0.81,48.0,0.5147705078125,bda9b704ad7e33a9bd11b2c339cd4ebf1d2b7f28ce2fefdc46d388f109158928,source_0001
64.0,0.81,49.0,0.4612935384114583,9e6f4007663ae2ffb172a34015cef75a33d86575eb2400c0056ad15add34d162,source_0001
64.0,0.81,50.0,0.3868611653645833,3806eb14c5aa0ad7c82ba588ed91c772da901f1821f3b4edc6ee326e1da63b6e,source_0001
64.0,0.81,51.0,0.6576131184895834,35685b451195a864bb2191dd2e36aa2c352e4534aecbe4444696c3c1bdb1a6d6,source_0001
64.0,0.81,52.0,0.593963623046875,61102a905a89a31b2f8f6443bb279604737528d88b73c4e51bcec7f4cdccf8e4,source_0001
64.0,0.81,53.0,0.5764567057291666,9c4f5c3404e19101de1f925503248fb43fa26089eb771dc011efc95ad5d28adf,source_0001
64.0,0.81,54.0,0.570587158203125,6b438d17ef7f00c201ebd51a7256e00441707df1b8ac58cb3624cb5e6e12df36,source_0001
64.0,0.81,55.0,0.571685791015625,1c0fe9be9ab7e74e4c9b680f902c1ad1fd539a28034ad4a8f79b683c9a8ac0d7,source_0001
64.0,0.81,56.0,0.9827880859375,b83bde288126c5feee73ee1831cbbf0f82c8c63d8cdadf325f01eabfb6e43ab9,source_0001
64.0,0.81,57.0,0.6063639322916666,2eb646da84831841745317945cb53022e1659ee246e8e109bb712da4e9819778,source_0001
64.0,0.81,58.0,0.4045511881510417,067c659c6809c4249d8b934e0090816fe9dca275f5bc0b10804f1ad5c4d33917,source_0001
64.0,0.81,59.0,0.4001363118489583,1aa9188673ce6eda6085679f677e8b7b7b7751255bd3eec00e85ce070e754478,source_0001
64.0,0.81,60.0,0.7805989583333334,9d877ac493a14f9876c6e43db8b48768a1877f3c59019d8f127d4a57c36fae51,source_0001
64.0,0.81,61.0,0.7191365559895834,1aa721ad6e5a68e567fdc8dd8ea10f009f0800fd27141c682a0a6754fd4e35d6,source_0001
64.0,0.81,62.0,0.4119669596354167,489ccd4ed9b626446e5da4006a7a33556747d4bf3b3a52269e43f662e087181c,source_0001
64.0,0.81,63.0,0.542999267578125,112734593457e93fd166e22b9fab0f730ab59714eb85726d5071c0194f6a2d74,source_0001
64.0,0.81,64.0,0.4266255696614583,eaddc54716fcfec734d19fc28436fc9df9bed9c0dd58dde7f04e22ad38365f3c,source_0001
64.0,0.81,65.0,0.3065999348958333,406c5ea6452827bd03192187c5fb9cbacf45f1bcb895f9a8e4baa3ce55114b87,source_0001
64.0,0.81,66.0,0.390655517578125,2a60690cd2e8290143eff6e53922e6f7641c03474983ce3f171162c6049411fa,source_0001
64.0,0.81,67.0,0.3525594075520833,e0ee75678e5c7af8ddd16974da968b8bab1cd3e22672ea03ad72b7fb422858fb,source_0001
64.0,0.81,68.0,0.9380289713541666,6abb9829a2075c5c023ebf4efcc830824ee6f7ebd126836b38724785584ebfca,source_0001
64.0,0.81,69.0,0.9418131510416666,dc9236685fc5f6c0f2869add1967c0cc8ce410536b750bae830e78098e2a324e,source_0001
64.0,0.81,70.0,0.792144775390625,68906ecc882d1863fd04918cf875f7f4a9b996377d49fb0cc64bfdbaca712c72,source_0001
64.0,0.81,71.0,0.868682861328125,f9245e154ddd15866df2955dc70bf256f203756e320eadac9ca90c26dab0c801,source_0001
64.0,0.81,72.0,0.4543558756510417,0d6270ee06fb6a636ec21193416b3f72274e172282acfd2a0e2630b57d8991bb,source_0001
64.0,0.81,73.0,0.3214213053385417,1898c2b940cd2d414016451b7c18d5d586bdaa43c120e61b5e85bc387cda5dcb,source_0001
64.0,0.81,74.0,0.2839558919270833,14e9bdb7eadec481a460d42d491943499083bc80a7fa0f4adb11086384af72ad,source_0001
64.0,0.81,75.0,0.5897318522135416,d234c48c0c6eaae3f485ea4e44174f0d16bc9b9e038d47530400e37c9d32fbc9,source_0001
64.0,0.81,76.0,0.3462626139322917,4bac34468b8d8fe1cce7e6fbdeaadab264a6a8abe51d3e7b638389f2f93c5d80,source_0001
64.0,0.81,77.0,0.2459208170572916,6f76a70887ed7bc6566f4c4253d84b32b86913e49e71ba62f9f7646dc2e66683,source_0001
64.0,0.81,78.0,0.4172159830729167,eda5c5c459a3ce1cd9c4220c753e43db060508c0c5b0121d97c1feeefada01ad,source_0001
64.0,0.81,79.0,0.5462748209635416,8a1534b43c73c45f156812edb1394985169ca97b3b542396f82bc4c29ef7408c,source_0001
64.0,0.81,80.0,0.5675760904947916,590a94eab14847b685a77a840695d08f22faa299601ccbba21ce4d060a2cb72e,source_0001
64.0,0.81,81.0,0.4914347330729167,5ca7f2da045ed325d337aa76473d65f1f73d5872fd560177086f92dcc1625a2b,source_0001
64.0,0.81,82.0,0.2370808919270833,08f7322a04e3d7a5125d4c565dce357435165c5225dd75e26df6313ab44b6a12,source_0001
64.0,0.81,83.0,0.4354451497395833,46a8b2fd9c17aa3f27b718472714cf5f2cac9aa28a52da6c3fbb22d960a2ec21,source_0001
64.0,0.81,84.0,0.7108357747395834,70b7b82971112dd7e499bc880c8b146feb91c51125526cc00a163172ff78cfac,source_0001
64.0,0.81,85.0,0.4650166829427083,fadc49a020e1b0bb9060901c03a92aa521b00387a5aeea93cf929880a102ed8a,source_0001
64.0,0.81,86.0,0.5705973307291666,6419661edabce20971c51b7b6f30687d7f364ded7345ddad373d662239684ef1,source_0001
64.0,0.81,87.0,0.6865234375,8c4bcc0de4159bf8a0881f510157270217175db442c3a0b19b9c1d3ee55696d7,source_0001
64.0,0.81,88.0,0.5132954915364584,bfbee8540e8307a5f4ceb35ffb746429e53f701904950a6b4c4bc2dccce4e53d,source_0001
64.0,0.81,89.0,0.5255839029947916,528444d961b0b089582682ce3f1e73124ba315fe75366e25ea3329d7607194a8,source_0001
64.0,0.81,90.0,0.257080078125,7b96b051b84d01401626bdc0e9c217f173c98d376e4cc83313b0cb8f7c3f624a,source_0001
64.0,0.81,91.0,0.7221476236979166,39e530fc36f0d7f7e53204509bfa76be7c453aa877d1555176d52511d49becbd,source_0001
64.0,0.81,92.0,0.960235595703125,8ab7d9255642eb4eb53393e5243e1aef667ca995cdd0bbc2defd0a80519c62e2,source_0001
64.0,0.81,93.0,0.666534423828125,ceb0d146436eebe401869bda7e7de97fb47e03fc994f2bf2885d2f3a82c718d5,source_0001
64.0,0.81,94.0,0.5124613444010416,ce1069806c48f4e1f3d9db831462b3a0b13849a3864b8599a700b5f75fede9ba,source_0001
64.0,0.81,95.0,0.7746785481770834,b57b5b407d4390112b97efe453c4513f0251714e14e9d08204970ac77b18d966,source_0001
64.0,0.81,96.0,0.5143941243489584,0048a764a617d2871d3e4f738fc38bcb61560cc5bd01395e6dc930afd4c56097,source_0001
64.0,0.81,97.0,0.6171162923177084,5c8bff8dbdb2a7d23ec7796da46aebc6dc5107e2a05b987b4ef6b222b44bf0ea,source_0001
64.0,0.81,98.0,0.9810078938802084,8e0b2b0e94ff12629808a4cb092ca5a088c221452bf66e7fb06b353873987669,source_0001
64.0,0.81,99.0,0.643157958984375,17ab6c9798455f2d71c67e11a2ff124e9e3bca31776f6cf98571a332bd638977,source_0001
64.0,0.81,100.0,0.648193359375,9b7f7d5a07bece56fc999643fd4d882be4a177fb4b3f8538dfe240dc19e50466,source_0001
64.0,0.81,101.0,0.3918660481770833,fc07d6d6c8d4636cd4e6d9dd409ee00bb7b6b96d2cce4b18cc7b6d670d7f3062,source_0001
64.0,0.81,102.0,0.545867919921875,6f684ebaf149717972e3af7ef324aaedfa86e9ed2e766d60c0b213c808e3a6d8,source_0001
64.0,0.81,103.0,0.4932352701822917,8956ec2081013b44b7ceec653363fd48be8254f8e9c65f2c8bbeef347d0d14e8,source_0001
64.0,0.81,104.0,0.6016438802083334,c1a3d7d2f8926ef214cbcd27e8feb45b0a2bda1b6239680eb2ba4e4ba22b82cd,source_0001
64.0,0.81,105.0,0.4130757649739583,237560808ab7841b7218d9845d756354e40aa94eb9044a1e36dd4fb3757d45fe,source_0001
64.0,0.81,106.0,0.2971598307291667,ceb727f4c0e201f4eaa12643dbf34f430463f28b2c4a4a48737294cef9cc6656,source_0001
64.0,0.81,107.0,0.3376363118489583,faf59bb71644c7d2935e906d08cec29cdf21bf4a28263b67e51b2a6576acb779,source_0001
64.0,0.81,108.0,0.6727396647135416,538017335e8bce9272978489ffa88a691ca3600ef9ff80fb89860e3fdb8361aa,source_0001
64.0,0.81,109.0,0.7080790201822916,f68308f0a021866017a0741c8de1d228ecd7a9dc77bfbbfa409863066d7577f7,source_0001
64.0,0.81,110.0,0.4569193522135417,1b9f718f8eb467bd726f8aac959e03d9026df4b2f0b776e44e8b73c18f802ef2,source_0001
64.0,0.81,111.0,0.7584940592447916,9f248b7f2099736dfd3a41623c6f371cdcb2ed2d284f3fd49613bc56c69b3dd3,source_0001
64.0,0.81,112.0,0.4204508463541667,41ad8d6682808e17f29afb6ca2c2d75c5696c83a93783987f4818f147b2ce4c2,source_0001
64.0,0.81,113.0,0.3824462890625,a4f4877ed63d7bc15650ff39379a6a0fbb2dc62b0121cc26fb1247ad85880e0b,source_0001
64.0,0.81,114.0,0.4006754557291667,452d767732b1ec600ad72ce87fb560f1e2406ce676e9765420b636f3992dbfda,source_0001
64.0,0.81,115.0,0.50921630859375,040a3833410a70ff590a5ef9db2b46ce5142f1bdda11d7800f656e381098c94e,source_0001
64.0,0.81,116.0,0.8212890625,e549d0a97f8456642e9a7fc61010fb8f52208ead610e937a6c6979113cab6813,source_0001
64.0,0.81,117.0,0.6745402018229166,3154026ece02f9cb688a3ee8e6975f5ba8af39843746e0a3506cb7e2c67f1cdd,source_0001
64.0,0.81,118.0,0.6845296223958334,dca8a9fadc82533ec2282719cc1559eac3b796dcfbcd0978e26ac2aaa4e0bd96,source_0001
64.0,0.81,119.0,0.4161478678385417,217c14a6305a951e818d7d16dffb5a9c2b1122ea38990f5620e7b8e9e2b78125,source_0001
64.0,0.81,120.0,0.7349853515625,477b70c09da0441ec6797fead3ba07400acfcea97ad2d25921c77f36c8486137,source_0001
64.0,0.81,121.0,0.560394287109375,247b2c41d437973f5608933f50f2e9f5ce131717b4845caa4d88f9f5b2328491,source_0001
64.0,0.81,122.0,0.3672892252604167,4517dc067c4ddef9733e1b040eb3b4fe6744dbbf7e0902e6af9c921c6a08c379,source_0001
64.0,0.81,123.0,0.9751078287760416,461898b98dc1caaf48e0310614ea903eefd21ec52fea6d589f1f7d13940ca52d,source_0001
64.0,0.81,124.0,0.6388142903645834,70e10531e6f575ccf8df37e7cc29069becb5df3bd6a7974d7c7e6e74ac12eaef,source_0001
64.0,0.81,125.0,0.557464599609375,95e4050df559436c3be41db577d223bd3059eb5e27a7d63393c934cf2b515718,source_0001
64.0,0.81,126.0,0.4643656412760417,7a4d3d694b7992660e0bb2168f8c1444c51b26c79f847b875abe64ef6ada4dd1,source_0001
64.0,0.81,127.0,0.4935404459635417,ff980abcddba75eb7b6831240b68da3b82b63ac3f461b7ef86c585bd13eb264e,source_0001
64.0,0.8125,0.0,0.3315836588541667,5b948bde621289b050a7fdeae10de40786b2a27b65a293fe85caa1963d38d9ef,source_0001
64.0,0.8125,1.0,0.82666015625,dc579e17b376d4eab89b3bce87f66b6e1111da876f01f70e801bcb54f1711d9a,source_0001
64.0,0.8125,2.0,0.6747233072916666,41582707118fb23e6d6a2791783c685a9b0788087ff8816d957f93892a4540b7,source_0001
64.0,0.8125,3.0,0.6059061686197916,17995ced324dac3ea6c59b20f904df2049d93ab637c92bbe0663b849c842c68a,source_0001
64.0,0.8125,4.0,0.9755350748697916,f5f12d975a94e6155db292827161b04ed711dd64ae8b40e633e78a51a646fc03,source_0001
64.0,0.8125,5.0,0.9743754069010416,838e1fca884244eef3be236d79070eac42fe65659f56f9cffba66bee480ca349,source_0001
64.0,0.8125,6.0,0.9786173502604166,24816925c4a77c4275a27f46ecdf8ae2ae50ace8e9b6bd1e394f8abb39e06013,source_0001
64.0,0.8125,7.0,0.8898518880208334,f25e6b0a1e39e77c57c0c164e09dce1994b0704b449a42b52a711ea009900300,source_0001
64.0,0.8125,8.0,0.4735921223958333,62d16e8ac757bcfc7829ef425695ecb8e24f542c5a4c1b3fff162e30404ce378,source_0001
64.0,0.8125,9.0,0.6530558268229166,d984d514d428cb3eab2fc894e60b63b4b9607db7f1147fb2b6ce37c2f4c0e69f,source_0001
64.0,0.8125,10.0,0.4371541341145833,2fceec8d8022a2987f6f30e9650421b28252d89efee4a06407dc13b4996a9ca9,source_0001
64.0,0.8125,11.0,0.9525146484375,8256c918f9872477ed01bea58de0c8de24e267cbfa3c981cdf4f0ff05dcb4163,source_0001
64.0,0.8125,12.0,0.537384033203125,ba59d7aeebd0869d0b8951310fc7cdad2ea9e4798764f381bc300cb419c3dc65,source_0001
64.0,0.8125,13.0,0.4481913248697917,a9e32ef051ef84dcbd092219a92d0905d3bf5a1e6143f302cf8061de8d67a5ad,source_0001
64.0,0.8125,14.0,0.630950927734375,0c80d641346655d9c8e7904849740a15cf8c3d6718b874333ec3d14eb7ae5231,source_0001
64.0,0.8125,15.0,0.3640848795572917,16098cadcd9cd157034f8df7a1ee0c865b545ddc944e7fcb219f0e9cb6616508,source_0001
64.0,0.8125,16.0,0.73089599609375,a6b293114ad4111028b6255f91be594c357d342467af41275dfdb28c05a088a5,source_0001
64.0,0.8125,17.0,0.9796651204427084,a520408479d875e883884987e8c6be4a694b14231209b0080c3afee8c38da61f,source_0001
64.0,0.8125,18.0,0.5777486165364584,bc11ea21e33e01ab7106365edccf18f9879685509fd767c7f9e2b15bdaf8a113,source_0001
64.0,0.8125,19.0,0.9753824869791666,af4726fb839cf3b0cca120a940a4eed2aba32a5055961802706101f207504d99,source_0001
64.0,0.8125,20.0,0.9716593424479166,3417b666576c2caef0be91c725bcf6fb9ac50f6240a71722f423f9588f28b745,source_0001
64.0,0.8125,21.0,0.7979227701822916,3ddad72c1065df38f4a615b90c3557c91c1bac01c6ac1c2a99498d1215a10486,source_0001
64.0,0.8125,22.0,0.9757486979166666,d8ddd22f0040814e0d1924974da8033085d5d4378b25d196e5b88a290bbbb429,source_0001
64.0,0.8125,23.0,0.9666239420572916,09b54dfc7cab0c9a5d374dc442d1bfc95df5d5a88eacec1bfd29eb80be2b5dc0,source_0001
64.0,0.8125,24.0,0.962066650390625,7e2c1938ebe51ae9ce95ae9529ee093fa0ec9254a286ea84be050347802246fe,source_0001
64.0,0.8125,25.0,0.64215087890625,72b74e014bfcdef65448a4a74a95d79c98ad5af1de574eae1813f4debf25b5ea,source_0001
64.0,0.8125,26.0,0.5373128255208334,bc3700e54122179f569e923b603b0c2244b74389794391175a018ba43c7243d8,source_0001
64.0,0.8125,27.0,0.421478271484375,20181ce4e0d586efc7af9676d67dd71a3b753ccefa73c6538110225e6203472b,source_0001
64.0,0.8125,28.0,0.9803263346354166,b8fc67f4aa176e73a24256a71fd0d1e6ac508ad2ccdf0e864fd7259c54b77e63,source_0001
64.0,0.8125,29.0,0.5728251139322916,ae7b26b80b95bb58f9b548d5142fa8e8dc1beb21141e479dd40c0278cac3ef2f,source_0001
64.0,0.8125,30.0,0.494781494140625,2c663c926234f743edbb6d3de63ac763e7edc1fbe0ed9109065625f227b3f869,source_0001
64.0,0.8125,31.0,0.5072835286458334,a59f8b53ee77f248f9f823f25442444f781a39f390e7d49167d254745c2e5af8,source_0001
64.0,0.8125,32.0,0.4616292317708333,fd4f18b6e04aaf729e1bbf8864a230b335b70d5b04066db85febb0857de93e05,source_0001
64.0,0.8125,33.0,0.9594828287760416,637d8ff6f0d1231fcfabffc38b2af8b8afbba37f800b24f05c52f4e2e1d05c6e,source_0001
64.0,0.8125,34.0,0.5631510416666666,d1a3858a45b575e48364d1ce157347be7fde2450f9e9a4abdda62c988123caa2,source_0001
64.0,0.8125,35.0,0.55560302734375,04c59a812054725d876820acfe2d25abd0372756b67311f4f3626817df9ad8b6,source_0001
64.0,0.8125,36.0,0.2683817545572917,564aa529b547809b9e6de5a82a4787d7ee903aac6f80400d7a372fcffdabbdeb,source_0001
64.0,0.8125,37.0,0.9744160970052084,bbdf464b1bc03df296ba1ac5c46573f9abcc64b8bce25509a6b2984e155bcff0,source_0001
64.0,0.8125,38.0,0.3055216471354167,c379fe5242d6df898ee5157670c1f5e3b7ce433a2e91f200d8f1ba3882023590,source_0001
64.0,0.8125,39.0,0.4913431803385417,c750c7e4bcb2f96c59a7cd2158d7dc6eb05720a7d20c9a8bf38dddafc44d4a8e,source_0001
64.0,0.8125,40.0,0.4401652018229167,8d45f9ead8a88b490aca7d044a7444957930b6083d9b4ee63dc494ae82e053de,source_0001
64.0,0.8125,41.0,0.8662923177083334,272a9a2d898ce0a97983dce5984f6b811ecadf1e1fb61f7b978423bc4eac448a,source_0001
64.0,0.8125,42.0,0.3309326171875,a85263797bc3b5416fef24d1f30c38ade0d29a10ec5e2be182d8fe89957661a9,source_0001
64.0,0.8125,43.0,0.5438334147135416,e9805bce49e8a607635ce8bec35a77a386dfed5f255a24a0152419def20b8bfc,source_0001
64.0,0.8125,44.0,0.6003011067708334,f485d41c4775bee852ee5169c0cad8141d22059cc40ef804a98e18cffd585dc5,source_0001
64.0,0.8125,45.0,0.5280659993489584,bc65e918ee6c6dd42c00415159905d9d04f5408a22b22e65b230652009a50103,source_0001
64.0,0.8125,46.0,0.93634033203125,98ddb909c37f2c4139fd4c65778fc8b7a1cebc16626d3e4b7b4466804f092173,source_0001
64.0,0.8125,47.0,0.9422200520833334,354b4553bdf7026c2dc9ca0e9fd248f3fa6cdff57d7a1756da9dd5a033c4ccab,source_0001
64.0,0.8125,48.0,0.5162353515625,c987e21e722eca58fcdf3be9cfe75e4488b9bc4e80aff9800cd0974781a42466,source_0001
64.0,0.8125,49.0,0.46197509765625,eb44c11e7c7cab669373cf28f04840dbdb5087ca7cc9dc53d9196fd152a55cd1,source_0001
64.0,0.8125,50.0,0.3845418294270833,559025e67e7a33a743e298432d2bef8a3fc4bf5dceee46ed72ad4ecfb778f6f9,source_0001
64.0,0.8125,51.0,0.9742228190104166,3d755a6273b3841ee9e2b9d72febb5429b3241afbee702bff11106e2b210cc28,source_0001
64.0,0.8125,52.0,0.5941162109375,68ca89f17953e150e039fab82aee81496d4bfc7e261a4ad29840bae32d0be5de,source_0001
64.0,0.8125,53.0,0.7644449869791666,0aceea9cbb63eef92fdeda84d94d8e2749743a37c1bec498bff3645ed6cf777a,source_0001
64.0,0.8125,54.0,0.5707906087239584,39d82bf4b1005754ef300ec02eb2488c63a629c8327f42ce0b2f66b09b3c387f,source_0001
64.0,0.8125,55.0,0.574798583984375,1465587b524425085fec61f1e26c70726d1c662c26c2863f156f3e9ba4906867,source_0001
64.0,0.8125,56.0,0.7775980631510416,a8b4e809c3414f125a6ef91ebce5561808506f9d2f6d2f48570a06ae6a9de9ed,source_0001
64.0,0.8125,57.0,0.6069539388020834,767d6370e597197c3424a8bf39729f262041b5cac3e8aeb29360a1f55faba506,source_0001
64.0,0.8125,58.0,0.829498291015625,02cb7bf7f9d0725d05eca89ba0cf11e03182674ccade7680a4c1156cce50bf6f,source_0001
64.0,0.8125,59.0,0.5692647298177084,9845bf1e1fece80edeff03f88133d70b7ca90fb8e704eccaea7896f08b83874d,source_0001
64.0,0.8125,60.0,0.7809651692708334,063e5e596c56c5d451046f2f31829111fa4790426fc550934326ad2f1c09b04a,source_0001
64.0,0.8125,61.0,0.7200826009114584,bef6437ede3d0974e1994fe0a2bed3e7ded894e3cdbc32a93e3ba65fe9cbbab8,source_0001
64.0,0.8125,62.0,0.4155782063802083,649153166b098730b23ee1772a439878f25016772774fa0682a68e3723f5e4e4,source_0001
64.0,0.8125,63.0,0.54327392578125,d30960b71b0aaa41b1f99ec2a7c8a2599c6e7cbafe160921dc9c770cce4d7493,source_0001
64.0,0.8125,64.0,0.429046630859375,c15ecc38f4fb7152e6d566a58b4021c611571e3b7173ef70b60dfe52dc309924,source_0001
64.0,0.8125,65.0,0.6539103190104166,e6334e26437b88271d7a25664561bbef8d41c2216953d2c64f4e650ff4e85d6a,source_0001
64.0,0.8125,66.0,0.3909708658854167,adda6c739240fd1a1be958ffd32be1f9aa1944afa81781424bd746fc4dc98b7b,source_0001
64.0,0.8125,67.0,0.3530680338541667,d6857d4c689960e0236d399a8beb0a257bf809cd212c5ed7459cad13c2e14b40,source_0001
64.0,0.8125,68.0,0.9484659830729166,cc32ef9aa08d6506d4ff6a08ccfc85d4dc98c78c07e0002c6bed05a0b41a6f06,source_0001
64.0,0.8125,69.0,0.9550272623697916,7a064cacf8f3105920c8f1edc026c6efc356382c1a49cd61e91a9d8619a21ff5,source_0001
64.0,0.8125,70.0,0.7926228841145834,a0f404a84cc87ad57e08742aad0c62e4188a98d670d926726fd00bc7e13a9008,source_0001
64.0,0.8125,71.0,0.9107462565104166,ad02f3edc4966bd2e8c928036aa0251b4a45923a2f6b0abee0ed9a730153c559,source_0001
64.0,0.8125,72.0,0.4609883626302083,f8bd7caa4acd30508bdf6dd98e33a790622b422c87d60d275109e5f3b46d9ec2,source_0001
64.0,0.8125,73.0,0.3863932291666667,1da0cfb41f7310703fb25b0b1822daa117603f20bbe9dab3de588eb5f22dab4d,source_0001
64.0,0.8125,74.0,0.4593912760416667,32f396234ccc12b426cf13f83a07612afae3972aa7bbc46685021e3884c48b44,source_0001
64.0,0.8125,75.0,0.5898946126302084,95e59886af290e5c760f1c45faf1a9a11be3fbfa5a9e5ea4cd4bc9e8b811a3ec,source_0001
64.0,0.8125,76.0,0.6233927408854166,c1e80a9d41bb4ef73204616550477df2d13ae34431ae9bbee8329691230788d1,source_0001
64.0,0.8125,77.0,0.51702880859375,a1c5e3e1014aeb3e1e0167db5d7a712b5ebeabb634933dbf587f7e4f1a08381f,source_0001
64.0,0.8125,78.0,0.648406982421875,b1242325f9d684bd0a059b648553c319c231f8b4cf400d0927bb3d40775e9280,source_0001
64.0,0.8125,79.0,0.5480855305989584,59eb17f0ec49d7f9c2de86c314d1cda66aa1c68ff528a5af38e5f28387b27bd0,source_0001
64.0,0.8125,80.0,0.7786051432291666,3cc56c4b51db470a8da4cd5b4a2077098d33704b3ea4a55a2fc628ccf9d27892,source_0001
64.0,0.8125,81.0,0.4886881510416667,8925e657a9517cc9fc00599e72d9f2f8d792e55aa3341bb0d0f0520fbd9701ef,source_0001
64.0,0.8125,82.0,0.235595703125,5ea8eeb3a2207e3bb128e23763ea5e043d125c78974e5176236da509df699fd9,source_0001
64.0,0.8125,83.0,0.4356689453125,ba8878918f94b259e6f7378eb18cde7ba5f739774a03d58dac658ba2dbedc01c,source_0001
64.0,0.8125,84.0,0.7121785481770834,d9a1b610df80f0eb2879b90a6e7c0631e9d9e7a1cf2bab3c0280ee57403532a8,source_0001
64.0,0.8125,85.0,0.9761962890625,94dc88ce259dd7afc0d10c77564c215adbb674749617ee3dc2d92715cc0e2883,source_0001
64.0,0.8125,86.0,0.5729573567708334,6921c94f5646685dc82b8b86a597ca5f8ab750ba5d77ea17c615d6ca74ec0619,source_0001
64.0,0.8125,87.0,0.6868082682291666,93fb71cf571cc2cbace3a65f0f95adacfa00f8845ae5928b6a1134d7f1e653d4,source_0001
64.0,0.8125,88.0,0.51348876953125,4673bb7237f1ecc84b22ff300d2d9100a01ed60542ee21c1ee383d3522ec4978,source_0001
64.0,0.8125,89.0,0.5256245930989584,9fa50f2b54df745acf3682c50c1563b3d9dc2e9bd9dd596530e4242116a9bd70,source_0001
64.0,0.8125,90.0,0.3392435709635417,b01419b1276d5cd9a964380306e2fe5ec10044a6db846092d5e0a60483ed1461,source_0001
64.0,0.8125,91.0,0.50994873046875,62dac4b2c81912f2d581dce47c6d7873211504af666b4121192a84cf428414bd,source_0001
64.0,0.8125,92.0,0.8193461100260416,864ee42b134e1f2d24ad010b91c35f722d6e22213fb2553543ea35b9c6da31d2,source_0001
64.0,0.8125,93.0,0.6360066731770834,5328d4f8a331a2a2e2c144c8eb1f59c4038605fb764e1802c9d58ff22b7c1a76,source_0001
64.0,0.8125,94.0,0.5128275553385416,2655c33552150981d5eb20734a132aa526c194d44405eb1db15f00b75dce17cf,source_0001
64.0,0.8125,95.0,0.7748921712239584,2ca75e8060086159628b30af93ffe3b075b8cb9ce4e2744531be9a1219023341,source_0001
64.0,0.8125,96.0,0.861358642578125,531441e3f990482594c0c1a670dfc30e2dcfa1497af17dd8da342650e9e48b58,source_0001
64.0,0.8125,97.0,0.6168924967447916,61234da2e187f68c32293fca3bafd4d2463a58264ca2040c119922f7db854fb5,source_0001
64.0,0.8125,98.0,0.981048583984375,6d0b32e9f9bc2dc5eb36c09ab34621de498ef574b4c4c764f93afe01d4019772,source_0001
64.0,0.8125,99.0,0.4409077962239583,e8c117b871259bf9200f78a8e332dfed6be8a9da9f335f75f772f69a7f835608,source_0001
64.0,0.8125,100.0,0.6513875325520834,d23cdaafc9c2c7e9bdf0386f86c70f4a5df0e340c8410a439861fa01df207318,source_0001
64.0,0.8125,101.0,0.392059326171875,40b49e23a9d410469b796725e3daf4d0d49f820d1260678c08934832a4238851,source_0001
64.0,0.8125,102.0,0.5827229817708334,52ed11182a6571529d3f7b7fd7b7776ae95d11b24ea50518a0f2e3491773fbc9,source_0001
64.0,0.8125,103.0,0.4951273600260417,80c0f09af164fe0dbd335f2df5c1b672aa8c74df2418d3e85f72d2dfa19c3c05,source_0001
64.0,0.8125,104.0,0.6029154459635416,9cfbe3093644820c933755deea6c2d3b2a04c9ab3db7747ded548fb61c8658fc,source_0001
64.0,0.8125,105.0,0.6075948079427084,2986bb37b52c6309e273a329421bfcd9fea0273bd20862ec866ad69f5e65b391,source_0001
64.0,0.8125,106.0,0.2974853515625,f6c5d691a1246160468adef1e328944f720667e903f19e48bc1fbea0ab71504e,source_0001
64.0,0.8125,107.0,0.3380025227864583,dce27e43b1898aeeb81d35ae234df71e627a0ea80df808a748e04bdf0ae78dc4,source_0001
64.0,0.8125,108.0,0.71539306640625,d0d69e36b21a3bba85f92855d596691ae1f819a4c784667296529503400c0e5a,source_0001
64.0,0.8125,109.0,0.7085673014322916,c0ef7ee0a9f87bd858ba26b63d3f25fc4057e196caf04dd751f26ddaaca3e1d2,source_0001
64.0,0.8125,110.0,0.4598795572916667,1cd72b9e153f10e5da98c5b85934614d62681bd175666ac06afa741f51b4c7ca,source_0001
64.0,0.8125,111.0,0.7587076822916666,da7e57451b2c1ebc8a4076e7ea5ddeefe9d602ad3cf9748f183a75b64736eeb7,source_0001
64.0,0.8125,112.0,0.2623697916666667,1a94ff520f4ea26c4b2e4beff5dc1cb6b8809e3f4003870fd29ca463d12c7a1a,source_0001
64.0,0.8125,113.0,0.5199991861979166,ac444f771a5589b96eb966b181e7aa527a9e9236b7c1833593f230fa7111afae,source_0001
64.0,0.8125,114.0,0.6526387532552084,b88053199580a154f082e75fbe552b4932c36391a1574edd8318daad772e62b2,source_0001
64.0,0.8125,115.0,0.9616292317708334,d600526d9fd5c633c4c3883bc22a4553af021d710afa9244547a3a69ebf95f9b,source_0001
64.0,0.8125,116.0,0.8494974772135416,a33dbdb8239301efab2241e4a7ee0e1e7f68e08123955f4df9a0a15affcd59ba,source_0001
64.0,0.8125,117.0,0.6740315755208334,22df88659e3df4bf8187a727f9a6dcef2fcae2b76ed46a4ade71aecb18278132,source_0001
64.0,0.8125,118.0,0.6859944661458334,b64fa763b52e43ce94df937c823aa03c040e5783fb141fedcdb168d7976bdfbf,source_0001
64.0,0.8125,119.0,0.41998291015625,e1b0e376a455e80dc90b94ecde73a6bf9d3bb59a805286457977e80059e490d3,source_0001
64.0,0.8125,120.0,0.7390950520833334,06f1ca5a9418a00f47db61ae8d86fe963f8e479131ed1e914528c507e26da1df,source_0001
64.0,0.8125,121.0,0.5631306966145834,6e2a6e7fbc6e4848dbef89234c4787fbb7e8567f82ab32f30b9bd7b85fc52909,source_0001
64.0,0.8125,122.0,0.38446044921875,65f8e08ebbd609a037909acb7cf4afc38ae20d5c40f9ab9b16bd7729607b3e43,source_0001
64.0,0.8125,123.0,0.974517822265625,adec26b3ed7d67f344b1adf376c0ec78ab932742bb6c0948d967484b84d54b09,source_0001
64.0,0.8125,124.0,0.6403706868489584,d9d767c5aa5948a7bc91172037e9c0f4598c68fe99aa5bb51f5bf010a403eebf,source_0001
64.0,0.8125,125.0,0.84521484375,308bb29435b4599f60a8140a4fe674380e3ee9f14bc888020fc0060a525aac52,source_0001
64.0,0.8125,126.0,0.4648030598958333,a3b2738ae4e0cb758ab1dfa6f40484586b5c63717d0618c674071fd659b57664,source_0001
64.0,0.8125,127.0,0.8562215169270834,dcf2142997939cea3db30d07b59c9c15444d37d6125e1d4e795ad83f57e535b9,source_0001
64.0,0.815,0.0,0.5317586263020834,79e922e7192261b43b3da9ae238527ec2f59c600e3c574345ecce0dfa02b7707,source_0001
64.0,0.815,1.0,0.8267618815104166,5c2570c176bea01c4f5b630bef287c3ab2fb122a7a62edfe6912855fdfb9d0cc,source_0001
64.0,0.815,2.0,0.6751607259114584,1c9801f556e56bee1a1639d1649919dc2739c90140a3422f60a86d10814853ca,source_0001
64.0,0.815,3.0,0.9793599446614584,da375746da43286d51d91d35a0ed265e36512c893c894eabbb2fe09c8e364322,source_0001
64.0,0.815,4.0,0.9756062825520834,19fd35d1d7beca2f94da5ac1630761e9f4711b35fc68aaa590564b9e6260ec2b,source_0001
64.0,0.815,5.0,0.9756876627604166,73a30b3070c67862ae1727898cee66e95b8c278b5f2cac523f2acb202655316f,source_0001
64.0,0.815,6.0,0.714813232421875,ba391fe3c9629a427a872449300fd491c887d31507290e63b8307944079fe803,source_0001
64.0,0.815,7.0,0.889984130859375,24289068164229cf53bf47813952fc45a680051f67f3652cf2302b45dc3c0ff3,source_0001
64.0,0.815,8.0,0.4570109049479167,9f99bdaeb443a99a90a7ef146fadddd04be49faebc7c3be22f7f4259182935f0,source_0001
64.0,0.815,9.0,0.6534220377604166,4e2076ac607e27d8e48616efb98b3f1cacebfbea323103d3b29e14cfb830a96f,source_0001
64.0,0.815,10.0,0.7134908040364584,692e808560e352b42bdae56fca1baca1310ba4379aa4244bef182ba72efa91bf,source_0001
64.0,0.815,11.0,0.9626871744791666,9bf897643aa2a119a626693fb35a1caff05b371238edf025d8d94af196b14685,source_0001
64.0,0.815,12.0,0.982940673828125,a9da8b297bf13f05dc5d381b993b2ac92f22c59d8b7e3d373c5d99dc36afe9fe,source_0001
64.0,0.815,13.0,0.9715983072916666,f30cd4b5b6246878c10ca1d41fef52a37ff1cb9884ba5f9e00102e03cc3fcfb5,source_0001
64.0,0.815,14.0,0.8362019856770834,13a9c10f9fa9c913672e825f8c7531f525722f6960d3cba37a28dd4e426352ff,source_0001
64.0,0.815,15.0,0.3641764322916667,a47ed438fdfe8ab85c9672da60616eac04d30d79106d06c6041db8b9273b5c01,source_0001
64.0,0.815,16.0,0.9089253743489584,8c912d56ede4afdf0cfeba2686e2143b85803a656612dd0a42941185d61da7a2,source_0001
64.0,0.815,17.0,0.979705810546875,f2a1d9655ae5f12baacb5d50f68405e43b6dd0f7ab9e4d97c781f65f603bae25,source_0001
64.0,0.815,18.0,0.6238199869791666,1d1547332c942ba2e48e95d8a0f37d60da3c243c1d4a914ca8caa53b1ba0725b,source_0001
64.0,0.815,19.0,0.975555419921875,94a8770b7cc01ccce94333062b5e1dddd96163b9872aa24fc870dfd9c6dd6672,source_0001
64.0,0.815,20.0,0.9722391764322916,e5ee8a64fb8e80083dde79294701b82df2541561e3d280b7b4120b8cb9bc996e,source_0001
64.0,0.815,21.0,0.980010986328125,f75b28824ec3e5268c432cf4886b3cb55c3b2259eb0f709d0968904619528e81,source_0001
64.0,0.815,22.0,0.9759419759114584,6a76aef6d293125ffe0241b156f3f15680c7c1120657d4029ba2cbc644b1364d,source_0001
64.0,0.815,23.0,0.9668477376302084,765e4a50803763f09adfc5a890946736b4a8bc5b8dc37db60507efa6f1302992,source_0001
64.0,0.815,24.0,0.9623514811197916,cc4c35e06b782bc6ae4fa48044ef6406256add82342f0bb8200d6e54b365b30d,source_0001
64.0,0.815,25.0,0.7692972819010416,ed0cd14327c099d2db98e029dde975b5122ea527e87aee364b045f1732923cea,source_0001
64.0,0.815,26.0,0.5373331705729166,e1e35008f7a785da5226c7b432b9a66639d7f9b22b25c7a27d0daea816072175,source_0001
64.0,0.815,27.0,0.4236348470052083,e83377011f3be4d3e60f0bdc898b55cd3b8061ec2c3447a031bf03ac9491fc64,source_0001
64.0,0.815,28.0,0.3980611165364583,45ff194db347082a1b70df2f9d2d6bd1657a12be097b8505caa4ba0ff6339808,source_0001
64.0,0.815,29.0,0.57989501953125,ad74ef56a92650f56fcb9adb71267ceaaa604c7aef619329fed5f3def64a606f,source_0001
64.0,0.815,30.0,0.5806070963541666,dd9d0f2e21205a1242735110a6ed7443352d786fb75c40fc4c0521b036d2e032,source_0001
64.0,0.815,31.0,0.507354736328125,f46f232d535636f6a86c2239c8e376c8b6c44293def01bccd462fba3583ac181,source_0001
64.0,0.815,32.0,0.46624755859375,30e4b1bc2b74c314fc6201ba3927b4f530bf32877252750e54aaea0b8bb84992,source_0001
64.0,0.815,33.0,0.9596354166666666,250cc0e710781aad912fc12f6b7eb7391746606a025b0ec99eadb30e29ac33b0,source_0001
64.0,0.815,34.0,0.5864156087239584,e72ba0f2fb93da6099490da76048046872981194e727378234f8927c89b9abee,source_0001
64.0,0.815,35.0,0.6526082356770834,7b44762e5bbd7fb6afffb7ed0adc8b016992e10e4a8f4d8614285fee8b75352c,source_0001
64.0,0.815,36.0,0.2752685546875,905501b2af3d0e0ef8a1e0421a1d2745739a255c9c42427ac1d57329e24dec79,source_0001
64.0,0.815,37.0,0.9747517903645834,f277f00da6e14267eba8a195ee401e875a45f0b92d5ecf58690731e49ab4c433,source_0001
64.0,0.815,38.0,0.3155314127604167,7926c2e7b81f43690bf2374d65e3f19f363efdfe909a4f62df5fdb6a4eaf10ee,source_0001
64.0,0.815,39.0,0.7000223795572916,7c32ba3339493568a03c2b3e8f259e31652676343758e5d13808ff462b8c10e4,source_0001
64.0,0.815,40.0,0.4800211588541667,02af842a1db7bdbda934e0724900318f3f6c20a8e36917a0e80c01fbacf9b7aa,source_0001
64.0,0.815,41.0,0.8665771484375,c12a76b2eae060c0804e7cd9dc53ef91d9a6fc2f975684a0d2c8b137a5f01b72,source_0001
64.0,0.815,42.0,0.3666890462239583,aa9611b76cd6313bc68e815d9b10936aeef52da97a52099b5e7a94d68fe3ee25,source_0001
64.0,0.815,43.0,0.965362548828125,bcf3c86d4d3415823225e73e2251ebb9e142b5d1345cfda2b7bd38b5fd08282a,source_0001
64.0,0.815,44.0,0.6031697591145834,d230fc565930f0bfa4df0ac99480768fcf0aea4669c04db65fb823c97533cda7,source_0001
64.0,0.815,45.0,0.9805399576822916,6709dbb15fccf86ddaf90c576ad803401bd7a13de945ab6e715324ddc6e7e4e6,source_0001
64.0,0.815,46.0,0.938446044921875,86df029197d0a20b83aa2b4654798894aff55665918a8efc877b70f0f05139fc,source_0001
64.0,0.815,47.0,0.9417724609375,b5c35ceb3113ca3eda864d649fa1f7bc2a2772565e1ed8411ec28754cf422cd1,source_0001
64.0,0.815,48.0,0.583343505859375,55446f4ed019e650588206be7f7cf9bb78fe15aa537718879e6c25eb7a9eb2a6,source_0001
64.0,0.815,49.0,0.46331787109375,af691e00f98918f2cb5d78438cc562e294717263a33702949535ff8409499d14,source_0001
64.0,0.815,50.0,0.4776611328125,3a9d53bafe115cfd5cf4139f6a2e849c49e8a4101d96444d7d0033239fda615a,source_0001
64.0,0.815,51.0,0.9746500651041666,b103b1f6556dc18e6909f47f62d2c632b0030a1d4c11f650a46754cec1cb6972,source_0001
64.0,0.815,52.0,0.90948486328125,07b2718261f9e5754b4d3d5eb67ad0cceeb5de16a48b272a0fc3705684465018,source_0001
64.0,0.815,53.0,0.982513427734375,8a33b0f7f0e5c4b38090e54176d341429836e0e7509df9f1a192c8e3feafa586,source_0001
64.0,0.815,54.0,0.5713297526041666,2b523a76481178ca2a1004fca212b78cf9b5703562b5bec5828898b3c34972f7,source_0001
64.0,0.815,55.0,0.5763041178385416,307c1556b9ec56e24e60f1755c7708e1b8976d88bf6b7c56c1acb594079ebc22,source_0001
64.0,0.815,56.0,0.7777303059895834,9cabecb36840b63d1a03e5305adc26f91aa825586b150d036e9be73939bf1b94,source_0001
64.0,0.815,57.0,0.9788716634114584,939aef62c6ceebd274d2908282fcdc0cf7fd4c12b81653b33aa5039ecb4a515e,source_0001
64.0,0.815,58.0,0.8299560546875,8b29379d4d43d8b0384bb38847e64b4b02c9d7c82b4419f8421369c049c54cdd,source_0001
64.0,0.815,59.0,0.5701904296875,16378b042f8ed61f0444674369ee9ec4b57a14918694a95f3c0bf2ed32f425a7,source_0001
64.0,0.815,60.0,0.96917724609375,099e07d32587755490b3292946e7e954443501b81962d1ac18c13535fcfc2734,source_0001
64.0,0.815,61.0,0.7200215657552084,4b66d0ff68735d5358e6f8c93549740f719eb279ef44fe8494a4d0a5c8104c74,source_0001
64.0,0.815,62.0,0.4157918294270833,9d7b8ac484ed7b05581a6644ba955d64581d0cc07ab8895c5f476b20ae560fe7,source_0001
64.0,0.815,63.0,0.5434773763020834,e8d649605742df1a2f0a97e7b6f1808c1e1bf45d3d942cb7b01fdd48c397598e,source_0001
64.0,0.815,64.0,0.4292704264322917,7e9d6941acc2c700687eca0c62fc38868978d0e5f1705387dc2453f645a3dde5,source_0001
64.0,0.815,65.0,0.655303955078125,e72c651af9397aa6470c5ff6fb3fcc42d7c21e7568d7559a6627cfada7333e09,source_0001
64.0,0.815,66.0,0.5627543131510416,f6e48877b9abc0f04d4b1134c29d7d498dfc05619accc3bbd91d3647c980115d,source_0001
64.0,0.815,67.0,0.4366455078125,797de101341ba94a7a1b7053dad813479bf79af8423b9d9698c9cade0997076c,source_0001
64.0,0.815,68.0,0.9485677083333334,b41776f301fe1ab742acff15717c03e763437af4fe242b9307ea18c0701d930b,source_0001
64.0,0.815,69.0,0.9552205403645834,715f04bc16337760003d1eaddd7af1b673c0ef758967deac254f12d858d304d3,source_0001
64.0,0.815,70.0,0.786041259765625,9369c3041866f3659095c0a5813263ac0f3c3a86a44aa27cc1f727c7e13b5bf0,source_0001
64.0,0.815,71.0,0.9805094401041666,5a21f2d8121f581538d3b051a759116a3355bd0310f175bdc58a379f835fc7a7,source_0001
64.0,0.815,72.0,0.4612630208333333,9af5da8ea87b98cdf16c45be76c6fba6232dae536824ecb0be01f834ad726642,source_0001
64.0,0.815,73.0,0.4019877115885417,b406810710a24f0b8bfa988b30c6a2612a90bb6a7242490ba1664b6e507dffb4,source_0001
64.0,0.815,74.0,0.460113525390625,a6989f6512a2012133e7d6f51d9ae4d7e9371c659f9779d1041603437e59b5f8,source_0001
64.0,0.815,75.0,0.5915425618489584,2848d11e115fc36bea0ee303d125b29ec135728314f0d292f2006f8b4b920701,source_0001
64.0,0.815,76.0,0.980255126953125,ee0a91925a08fe38852c82f2bbec4256369bcc1ee86f42ac8ec3920e667a7dff,source_0001
64.0,0.815,77.0,0.7195231119791666,6d4d2373c8e60788abf4c1902d4b32edbab04fb78cf3289653891ee24c1db3a3,source_0001
64.0,0.815,78.0,0.64996337890625,9c2f82655bdbee0d3c058873dfb93a6a7a66a4e339b3e91bf956c3e7551cbd35,source_0001
64.0,0.815,79.0,0.5494283040364584,6d2d6ef4bd513789cdcfdb4a10a130376f60a8306ed51c7c9b5a8d0f1c3c20f2,source_0001
64.0,0.815,80.0,0.9601847330729166,a0f8160201329f417e4ef55b1d2b11dc7599826e0582512ea67a2de48f52cd40,source_0001
64.0,0.815,81.0,0.4889729817708333,65a808c1c1c77411d5ce2409d42afa5b2ac943dfa342c7f68cacb6d715e64ef3,source_0001
64.0,0.815,82.0,0.2359415690104166,44a416e97cdd6152c9aa0f55830ac4a77523105bec52f9b3e2bc42859b43aa26,source_0001
64.0,0.815,83.0,0.4792887369791667,a0550a35b0393da3705f2969afce2d5601c3b2f522857b2ce22ad020e86f54a1,source_0001
64.0,0.815,84.0,0.7127787272135416,4d06a0177839fb92df6238d0e30240483262beaadb940baed81dc9805de4d0fe,source_0001
64.0,0.815,85.0,0.9763081868489584,aea521fa058fe4455735df9d9506f6b0e9b8dea4a577d9d2a7d11d0c766e577d,source_0001
64.0,0.815,86.0,0.573272705078125,1d958d9ff58fdb51b10ef1a9f15ff32c83f8d65e5e2f8e63a783b14686e7db01,source_0001
64.0,0.815,87.0,0.6870930989583334,f9d19260093c8c5061591b19aad6033827e78cb6470f18eebb544889482be293,source_0001
64.0,0.815,88.0,0.5137736002604166,98830d7add9706a192a41b2f861abcdf6e6cc0c916421fe32c5805b329539f16,source_0001
64.0,0.815,89.0,0.8421732584635416,b99119923ea6162ae16ef9f11ca6471d31fad49c8d8d55bc53e49446d9003e40,source_0001
64.0,0.815,90.0,0.3413289388020833,333df83932ff4b1755c18b18bbcf69b4dbe2a2b9a07da038232c66d9a4c30d7c,source_0001
64.0,0.815,91.0,0.5148213704427084,3399262fe5fbc23def7f0231ff4016f0f93ebc198e6d557d2052b84b361eedf7,source_0001
64.0,0.815,92.0,0.827728271484375,965a9016a939d3f01187223d367ef760ee7d0b3610276022b38a74fb2d4a0d5c,source_0001
64.0,0.815,93.0,0.6367085774739584,87ea1eb5d066e689fc3cb463b4328894aaf9d4f64c482bf346e4a9f86a650ee4,source_0001
64.0,0.815,94.0,0.9487508138020834,2a2f80ed6847f82dcfded904cbd7d82435278b32b643e5b6e5ed78db7f160b1a,source_0001
64.0,0.815,95.0,0.77593994140625,4a9a2f8e26c365a0386dc90ce49662a893817a428b01999f52beb5afd0c077d5,source_0001
64.0,0.815,96.0,0.8441162109375,dbe9a77aa0be603dd6ca891b1fe1c5a36f0293d91a83316d2b8cf9cdd2b9427a,source_0001
64.0,0.815,97.0,0.6196085611979166,99293f2926384e435cbeb3f2975619b99dc87b272baa1bfc796453e420308124,source_0001
64.0,0.815,98.0,0.9813741048177084,71ef04121d2a763226f68e745d91d1c2451ffd90b21f58e29cf656322acb40b6,source_0001
64.0,0.815,99.0,0.4427490234375,a8f49d60c689dd6ef2f1bbc924461416da535a28516d8fa5260ab56c9d80c316,source_0001
64.0,0.815,100.0,0.9736735026041666,11414417db949fd6dff562cdc0faefa2718f38c07f4023902b127fd624cdd2c8,source_0001
64.0,0.815,101.0,0.5958353678385416,f94a0cb07b6c1ce84c0987b9923c1024860dc4720f6cb46335d18f54123b800f,source_0001
64.0,0.815,102.0,0.583038330078125,ce93655ba0ded8d9b5a84ce1bb1304256e642b7dd26556b26ef1e32cf4df07ab,source_0001
64.0,0.815,103.0,0.4969584147135417,865a0d8d59bfa7fd5c2ed72b87b76237b28fe970e71620b384ea83a583781df4,source_0001
64.0,0.815,104.0,0.605377197265625,aeaaa3429ed675d5160c62c3b90620189f1d8d28fb479e12807c3666d422fe5b,source_0001
64.0,0.815,105.0,0.6082051595052084,aa8f5c56273a939999ab50c5d50547b3bff7b22d108cf3c6f10317585c2eb17b,source_0001
64.0,0.815,106.0,0.5441996256510416,33d738c7df2dd45aaebb328d5be2844f79b507a53ea47e22c59c3ac77d413623,source_0001
64.0,0.815,107.0,0.5407206217447916,f8fb2be675e7409846739fb5cf9d143266c2e8ae01ad791bae2da3fc264a884a,source_0001
64.0,0.815,108.0,0.717559814453125,cc380e1ac0970886f761400910b7fe0c2bb5237eeb832516b54d129fe4cb2ad8,source_0001
64.0,0.815,109.0,0.7562967936197916,e586435f4b44e5ab4b3fe9058b56d01a5d41d26b9ca643b32c7ca9c5121aa45f,source_0001
64.0,0.815,110.0,0.72613525390625,6d1b5f14b27ab291f443e6828b1ea7764db722812e2015c510cdf0a518fc5660,source_0001
64.0,0.815,111.0,0.7586873372395834,d6e8307106a531acc980877d737eac7f6de6226b3e9b82e12bb0d265890d4b5b,source_0001
64.0,0.815,112.0,0.2628072102864583,6cd16abd7dbe8b8f6860fcee34f4b2d9ee5f01c9eb85132fa1b3c8063c3a5de1,source_0001
64.0,0.815,113.0,0.520294189453125,51bcb19f53a28c3c7c33df59dff30b0e477e42d28f80884b20b05bdea928c2ca,source_0001
64.0,0.815,114.0,0.6528828938802084,7ab80480892b5ab45ba9f2142fe0637aea774401571df556a8aa169d3f13cb16,source_0001
64.0,0.815,115.0,0.9674072265625,53a63d3e7b573035d993f17602e3c69364bfa98e1f73a9add3f84895ed64a83a,source_0001
64.0,0.815,116.0,0.85015869140625,e674ecaad59ae67890cff168622bcd4b38120a4627214271aeb50f80a57f1bd5,source_0001
64.0,0.815,117.0,0.4948628743489583,6350973993fb774adb730f6c531577ca96b781b3fbc666f13a44a3e2e47ae683,source_0001
64.0,0.815,118.0,0.9776814778645834,91e06fab26e8a5d3a3a6eced57de60abd4f0be2756492fa8c5897c4d78f3fb4e,source_0001
64.0,0.815,119.0,0.4209391276041667,3d11d5618ba8a2c56eb9a6a83e14f4fcf0a62e7ef9e12e19ed891ab5fd398511,source_0001
64.0,0.815,120.0,0.6134541829427084,9e1b1e59b974f1d1556d6007a0525f738bd8153455fac5e3abe9e474b021053a,source_0001
64.0,0.815,121.0,0.930999755859375,7a071428a729fcc98e37ed53e9eeda902c4631f34495865e9831543d9063c883,source_0001
64.0,0.815,122.0,0.406280517578125,e89e85a902a1ac7a1007a945633f2de24b84ed2b9ec6953397c5c987b4faecfb,source_0001
64.0,0.815,123.0,0.9746500651041666,e18aba6a402033894c9dfa067c3d888e62932d69671a501f1557430e82cd9f08,source_0001
64.0,0.815,124.0,0.6710103352864584,6a22fcbcd0877e057ab148b3457b3a96da82877355847fe0695bc72610ff105b,source_0001
64.0,0.815,125.0,0.845245361328125,58be64dc9bd7d21da2080c6e5a9fb66d594117e6a6d0a5f0bab3e0b776ade27b,source_0001
64.0,0.815,126.0,0.9507548014322916,fa824bcd653476e0621c19c78a61d1693d64c1a8a53378c68c5d58fb251198b1,source_0001
64.0,0.815,127.0,0.8669535319010416,d0d091f924240ffbd7c3db5d9a4fab20f18e38d6cc09d5cc3c8a37d1a049f69f,source_0001
64.0,0.82,0.0,0.542816162109375,b3dda27a05235971e884f431dacff677166e6b10c5ff95f981f3f281dd419b8b,source_0001
64.0,0.82,1.0,0.9823099772135416,8f1cba873f56bbeaff249d3ed4eb383f0dbb5d4ea9b009f82c283e1babaec3f0,source_0001
64.0,0.82,2.0,0.6807454427083334,25e78b37d01414d9bbb0b3a4d794a4357b896ccec7f027c2bdd98e8e0721d6b3,source_0001
64.0,0.82,3.0,0.979583740234375,43f829daea04099acdd80c986f5114a2058710c338672ab65981e41ecd67cd6e,source_0001
64.0,0.82,4.0,0.9764506022135416,3be23652317c8f7d48127b3ffe2dde6f76a1dfb1821a542c96b5913ee21ac6ba,source_0001
64.0,0.82,5.0,0.9758809407552084,a7e98d21757be3b3156ce05ab55b4900d1922a38a031308bd8237f2bff5c93ef,source_0001
64.0,0.82,6.0,0.9777018229166666,075ff791528ff94a7c96a909374ecd1afcf69dc97fa6ff6fa3a72427988d90e2,source_0001
64.0,0.82,7.0,0.8904927571614584,e3a51a516314d97636f3df235c8b7a33d73bd3577f7e7d45aa23e1b639b846e5,source_0001
64.0,0.82,8.0,0.507537841796875,5a3e914ac3e2aeb21ec2dd0bf95d2d67bb73e23e4b4fdc71ac16f77ca128d608,source_0001
64.0,0.82,9.0,0.9755045572916666,4d8b0d396ebd1f2b6b9488d446bdceaac672ecb2c1d7dbb076c6cef29cb9ea7f,source_0001
64.0,0.82,10.0,0.714813232421875,e3344fb618b4310b88a194ad7061767663d754b68613aea1831f55e0cf989b10,source_0001
64.0,0.82,11.0,0.967071533203125,2f7886269b31b12b3baaad08cc82bf09bf78bb024a1100de6ca4e4e20f5c961a,source_0001
64.0,0.82,12.0,0.98358154296875,203bd5c97051d584ca0590574ebf9dc4a7c0110db35e3e7ba2d2dfeaf49ce9df,source_0001
64.0,0.82,13.0,0.9749654134114584,970048cbec4a4b249ccb759669f29d4addaf024ce97937013780f3bd275d9c10,source_0001
64.0,0.82,14.0,0.8395792643229166,d4a4f16fd8a82f6ea9c45dea6bc8e97646ca792f528fcd84f04302a189daa10d,source_0001
64.0,0.82,15.0,0.368682861328125,3f96fef0317cdca82c1c947aeb9255d89805db47758b218cf884c14660adbd31,source_0001
64.0,0.82,16.0,0.889373779296875,f41f058934a47ae79571e10fc8907a6c7a264e5562b7cff249ff61c46ebf50d5,source_0001
64.0,0.82,17.0,0.9797871907552084,81574d6d6a39e39977b3fb5d1590301012469f5a2263fc6cfdcb345d7a53c35b,source_0001
64.0,0.82,18.0,0.975341796875,b8fed4b573903c6d2d2edc35a340b131b06cfd8de3d51db7bb95f1db511886fe,source_0001
64.0,0.82,19.0,0.976654052734375,e29ea91a7e52f0d40e42cea03380cc8d8ecaee1fe7460e7ae44e78db864f6cb3,source_0001
64.0,0.82,20.0,0.9728597005208334,7eb59fcedcf0bd40ffee7dfe217bcf3c77ca5c2724dd748d5fe10b0225eb6205,source_0001
64.0,0.82,21.0,0.9813334147135416,bfe5ea8eb826f27f609997579e5b7a88202f394dff9df567b05a77b8eeb79514,source_0001
64.0,0.82,22.0,0.6057332356770834,8e6b5b7b03c201f11362e8256531f4a89eec85471a989bb2b2de7f58ae2af337,source_0001
64.0,0.82,23.0,0.9670308430989584,fadc025da3f4a17329803077695a5bce26f9ef7dd331ccb545737633cd734fb3,source_0001
64.0,0.82,24.0,0.97918701171875,492e4170807bd7ee386a777c106138557a78a4b22763ed0318f048d13bce2a91,source_0001
64.0,0.82,25.0,0.7826029459635416,97ec43c3ff11a9a4279a5820cd6144305c58e53f77df86e8e2eb64ba579f5ff2,source_0001
64.0,0.82,26.0,0.9783121744791666,acfde13a16109e8dd0813a64018a488c22d494e3e454e00f1ca2ab2682807b9d,source_0001
64.0,0.82,27.0,0.424468994140625,3a89f8163bcc3cc9cfc61020291dcf1b44b50b50cd902db5f6b4f981c018ff06,source_0001
64.0,0.82,28.0,0.3994344075520833,a4f97e9ef40528f7c7c4ea2b60f70fea675360b905b78f49b4800f655fa39923,source_0001
64.0,0.82,29.0,0.64532470703125,5b2c98516978dcc4b522fdcb2fab467bcab40e18291c6a153bb6bcfc50e1211a,source_0001
64.0,0.82,30.0,0.5807291666666666,2f3c10cea4800b5b62af78fae00a92e8fe61522e000a07669c91a9cf573e95db,source_0001
64.0,0.82,31.0,0.9754130045572916,f987a918749688e2bf97af46f7130a8869723d74be9728ec6e7ae2a4d90bcd32,source_0001
64.0,0.82,32.0,0.9788411458333334,2cb2cd5666f143db9e9499ca1ffd58d3e427caea1d1edaa94c55ed2ee3153366,source_0001
64.0,0.82,33.0,0.9613545735677084,35fcdecce991cf7cec4092af549054e47e71225b0e211cdb8e3d6ca04d05084a,source_0001
64.0,0.82,34.0,0.5878194173177084,a48ece3bd0fc0cd15b39820c4281c6cbceb8f8261d67e383f856de59b224471e,source_0001
64.0,0.82,35.0,0.9742228190104166,e474b2a4151d9a767d83da4a890db003c6e75050c7ae1babd77907b03c844916,source_0001
64.0,0.82,36.0,0.4696756998697917,a2b1fd216d787dfd448382dc5d89d2331311125c3b72e6322f1e32510b40c3b8,source_0001
64.0,0.82,37.0,0.9763387044270834,bfca247e53a823fff9665f75b6417f43b127e66b4048c5d5b2ca646d785095d9,source_0001
64.0,0.82,38.0,0.503692626953125,9308a12676df0e5accd6f2dc98a7f17cc5dee5e79c5a46e0aa7d8ec5e21d639f,source_0001
64.0,0.82,39.0,0.98309326171875,eec81a2c28dcfab3229eb90c553d5102ad539518e0a85ab8891ad3fb3ae53b4f,source_0001
64.0,0.82,40.0,0.965118408203125,ffc48459130bcb84cc8aedf7e8d584598107ca59e539e299e827360aea786f47,source_0001
64.0,0.82,41.0,0.8789774576822916,a3f215c834155393776de97560a3e76f4852b652684ebe38952681b4709ddab9,source_0001
64.0,0.82,42.0,0.9112752278645834,e3468193a0532a0375112c5adad8131726a00b11ab1664a2de809eb1b1a50a3a,source_0001
64.0,0.82,43.0,0.968048095703125,b653bbca8c8e502a2baeb244d62e268d3f1ade5516979d4466e918828f956f23,source_0001
64.0,0.82,44.0,0.641082763671875,d47449820dfe87e5c7cb3a63fa93800438378a973b682b84c9a7ac81e21b1038,source_0001
64.0,0.82,45.0,0.9808553059895834,6543d43e01faa77b1caa76f1ee10c219f66f2ae43f01c1613712a57918e8b9e8,source_0001
64.0,0.82,46.0,0.93988037109375,44eed6ce337c9ebfee622db5af284077582eee55c4a5d5f1b7a7b697eb1c542a,source_0001
64.0,0.82,47.0,0.968231201171875,1ebfd61cf4e24f5803f43f6314cf3c247917707a170739617bca51d8f3ac869c,source_0001
64.0,0.82,48.0,0.5967305501302084,efb760a3de7282a216dbaec1f529f75a40fe0273f4ed293184306ca8fffdb06e,source_0001
64.0,0.82,49.0,0.4831136067708333,63d345f74875e378b9a9eee2b57764c69793cd820a2a558ed793a83cb5ffa174,source_0001
64.0,0.82,50.0,0.4794209798177083,b55abe62003ba6871dec8df735fd55a7b99e5f040b0877854bb9774d386a9cf7,source_0001
64.0,0.82,51.0,0.9756673177083334,cfdcf5f34d2c6a4c916b7167d936d5bcff7a005f4b142ca7d13c36d5ad5e225a,source_0001
64.0,0.82,52.0,0.919158935546875,e909076fcb30ad8bf3b9388b701b5b940bfb932c88bd885f896f0d6a28af895b,source_0001
64.0,0.82,53.0,0.9836832682291666,465557a829a2deb5975161b5832fb5aad5745361884b661876fe0e1d61b11385,source_0001
64.0,0.82,54.0,0.9742228190104166,3af152706fbbdfb500a4b00f9e34248bf22e25cce4d51cf379a9214b29656d2e,source_0001
64.0,0.82,55.0,0.5804341634114584,f8c3751b0444476600a5370915283b9f2e88685b659664425d9d944cf030ef91,source_0001
64.0,0.82,56.0,0.9834696451822916,60ec8ce795d9e977fd4781ef0c5f7bdd59b6f1a85da18237407af46587a4160b,source_0001
64.0,0.82,57.0,0.9800516764322916,e7082a1cf7ee891ae67a9d64afc8c6754d2309a06002f119446046e51e2015a6,source_0001
64.0,0.82,58.0,0.9579060872395834,b4fe6c29cbaa20fb97c8587180ff6a6165d75079f2be04ca5c41a08ff84bbef5,source_0001
64.0,0.82,59.0,0.618988037109375,c34085739046445978cdde6bded4f8cf87960d928e304a47e26b55b6a715a2da,source_0001
64.0,0.82,60.0,0.9774881998697916,b70a4763bc3b9f8b4eee124e59366eee3561a9ca71105e767b3fbfba2dc58a64,source_0001
64.0,0.82,61.0,0.7208455403645834,68dcf9464592fea606407d1ff6fe724c760ac691b66e4bfb0ef0f980b0a763b0,source_0001
64.0,0.82,62.0,0.514434814453125,e050400d99e25087d0a153cc1e2ecabfb5e3c24ca8fceebfa120508957b750ac,source_0001
64.0,0.82,63.0,0.9781392415364584,dc93677fb5d55e6ae24c27b227e5cce6f3f8d99f190270be5d4b37a40e2022bd,source_0001
64.0,0.82,64.0,0.6887715657552084,c3997f49230b6ec22f5b5b8a8e8ad508a4d11b47b8b5050d7a12360521e14dd8,source_0001
64.0,0.82,65.0,0.9800618489583334,7b97f09ee178cb6a781519ed9bb7f95c7851635bfdd1376b0a5244afa33204b3,source_0001
64.0,0.82,66.0,0.5693257649739584,25821eeedfb38e4b544f66ad132c959aafd64ff949db0ac7a41114e8d3936bb8,source_0001
64.0,0.82,67.0,0.9655659993489584,4cbfc71791975ca398efcf8601582a1046db078ff1c2d29b1574d27ccf05041e,source_0001
64.0,0.82,68.0,0.9629923502604166,40c0ef81fd2e91eace591fb925536e29b66c1ebdb28987369e0f893587a202f1,source_0001
64.0,0.82,69.0,0.955352783203125,d5ddfe946f6ce331ac46ea2e25a12c030f3be5a442f8500ebb93f3e2233e6409,source_0001
64.0,0.82,70.0,0.7859903971354166,9e1d930e4ee3075331588c318af83af1d390a551625c88e11bde1722e58116be,source_0001
64.0,0.82,71.0,0.9813639322916666,12e8aee48e0520d4a42161e43bcc7f414fb5c9d36840d625d9050a2162e85822,source_0001
64.0,0.82,72.0,0.4649251302083333,98296976068c44bc18caf8c14ed9cd1b6e952b3f8bbce38b47f327e3cf757bb7,source_0001
64.0,0.82,73.0,0.7645772298177084,4195f242ef61e3aedf65a039f5786f7b60189155c6bdcb14f370545ed1927daf,source_0001
64.0,0.82,74.0,0.4603068033854167,b9eab4762420a980ed88358c5d37a7361d407cc235cf93dc0fac875a5c06f180,source_0001
64.0,0.82,75.0,0.6776224772135416,aaaeebe424a1fa33c63d98273f26396060e4992efdd030784500a3681ea62c13,source_0001
64.0,0.82,76.0,0.60693359375,f5571e837b5718f71e258569b6db3d0853fd0e2c2d7846749618119e5a8788e4,source_0001
64.0,0.82,77.0,0.9790547688802084,421eba6dc1bb0e96d6acaab2ca4c0e33c65935d2e95c637cc207f9fb57d907ca,source_0001
64.0,0.82,78.0,0.650970458984375,83cf18db44ea11d440e3ff1ac4151d68869fc7a61dc0f8c975538207ddd46de8,source_0001
64.0,0.82,79.0,0.5505269368489584,b9ccf4226a2728e7ee5ff3413d608b6fd7ebff7fe8a2015ceee64094fd92c8a8,source_0001
64.0,0.82,80.0,0.9618123372395834,0aae077c9f4ba1f70d6321480bf575b64675ec90537ea71baa354ac54220655e,source_0001
64.0,0.82,81.0,0.981689453125,fc96ed03a8e65660cc81fcc4847ba7f7fd741b7e89343ee1961f863eb52ff3bb,source_0001
64.0,0.82,82.0,0.4274190266927083,3c275e42fd46db4bda02108083f8c5e33cf4fbcccc522d70aa3fe2260ae395ce,source_0001
64.0,0.82,83.0,0.8573201497395834,8b01fb01c86dec83acd30c29fd50c710d2af6b38460ce5142389fea915e4f018,source_0001
64.0,0.82,84.0,0.7216695149739584,29d48a6bb49af04a6025aa3647ac6914083ed9a378cd87c1305d9132da6d84b3,source_0001
64.0,0.82,85.0,0.9766438802083334,a77664202508266990e173b801e4385f3c8a9542d4889f88abbdc54968a283c7,source_0001
64.0,0.82,86.0,0.2618815104166667,90ec0c603f3ce8b2f4c58546e15ed87dba3975e30f60ea96a2df1c2134ec584f,source_0001
64.0,0.82,87.0,0.6895853678385416,0c527ba31985495ce58e0a6da2348172016672b2d8c124efb79a36eee3f234b4,source_0001
64.0,0.82,88.0,0.517364501953125,c379479f87d24ff9ccc4314fb0e034aa8e38dcf10af245922632ca9ff3f290bc,source_0001
64.0,0.82,89.0,0.842041015625,3d4aa5d4ce461f148476df29af71fe446070e73af2e4ad039c8988c70c7bb4f2,source_0001
64.0,0.82,90.0,0.9785664876302084,f36f7ea91ff52d19c6a18fa710acf676d86981e1b3db7c838d3dc00362e1a123,source_0001
64.0,0.82,91.0,0.515045166015625,a4807467e0a1d61314609f254cf93affd4c811be9bbf058bbaf73e6392f72275,source_0001
64.0,0.82,92.0,0.961395263671875,3f3080ec2af21ef96aed90fe0811bd525bc8d77e7d71fedda3062e5ea1ae353a,source_0001
64.0,0.82,93.0,0.65228271484375,bf9ca3f58949eb0489f7c752224e2f49b35122955717276f273ad4678a1ee025,source_0001
64.0,0.82,94.0,0.9510294596354166,8fb51af313e12599bc33a490dae38ffd0e568325a1f11fcbe269484421906538,source_0001
64.0,0.82,95.0,0.77557373046875,4e519dc74053e8788441bae1128910590da1883d2282d3f9dafe62f07f74fb6b,source_0001
64.0,0.82,96.0,0.970458984375,13de2dc8f7244b0532faa0cf2f85c7fc51d829081a4c084ca38910dba6a1da05,source_0001
64.0,0.82,97.0,0.6532084147135416,e8352de206bb45fae9eb36af38f3ef96c9d14e935dbc3c8b3f28551013c5d315,source_0001
64.0,0.82,98.0,0.9815165201822916,8f3ae7a4c623a5ba7240bb289c64c54685d845b1d2fba704a99aa830c2fd595a,source_0001
64.0,0.82,99.0,0.6456298828125,7c04dc6082b98ada8d6ba0e5015a08e00b3e5570c790d888cb564f2a00ad2d31,source_0001
64.0,0.82,100.0,0.974365234375,e0f05face39b13c562e8b4bda51811f0d8ffc3440a6b461206843a102377913a,source_0001
64.0,0.82,101.0,0.9770914713541666,1512e4f6bb499f64e7bef0d20232ca4bd5f46a93a96d690fcd85f9a7100a752c,source_0001
64.0,0.82,102.0,0.9830423990885416,6cfe96a87a8fc8f9790fc5807116a392dcee6c13b64dff1b29431028e2e11e7f,source_0001
64.0,0.82,103.0,0.4974365234375,f7bc011b69a52e95c7bdd5157394a47e8c354bdfec7c9adbb409ddbd45c727f9,source_0001
64.0,0.82,104.0,0.97393798828125,d3338da0e68ad17421be350bb4ce1c4db42fd4d11d6a86a655299a7ae251df99,source_0001
64.0,0.82,105.0,0.6181742350260416,f59e3fea31972f08295bd27d5a975e4e59210b4fb24670f663b990c4abc6b822,source_0001
64.0,0.82,106.0,0.8495076497395834,505d9521a34352aa3b6e748b614bcd290f9e1ac39f71dd8fccf3cd56418366d9,source_0001
64.0,0.82,107.0,0.5410359700520834,e39b05ff6aa00b93237e25c1cce61cfcee2f62784c41d36b3055f7fc312891c1,source_0001
64.0,0.82,108.0,0.943603515625,55037d3b3678a6db355d083f3a081e917e6dd19e709245d664b79277a1f3cc8a,source_0001
64.0,0.82,109.0,0.7584635416666666,fa5786eb1aa6402f5eb23cb5a7b089963838a449a15490038ea0421af4159c41,source_0001
64.0,0.82,110.0,0.7417195638020834,66b69ae2bf7d249e38e63f380bad72959abe7ed3b833f192d3267b07b93ad529,source_0001
64.0,0.82,111.0,0.760894775390625,9ff6351c4e9bed10945845a30ca20f44b29c0e79e8305c960938764b09706eba,source_0001
64.0,0.82,112.0,0.4729105631510417,b51bcc0c6bbf22bb533ab1970783e6101e2545a94b45c00fb6b7f8223ae3c195,source_0001
64.0,0.82,113.0,0.5212809244791666,371b45a105a9e7441848c10ef3b0147a15b7a465c53b378aeeffb34eec99c394,source_0001
64.0,0.82,114.0,0.653106689453125,5ac54010a62a8fd2b1fae9ffcf2776434672e25a6d1a63c68486d4cca02ed2e0,source_0001
64.0,0.82,115.0,0.9702555338541666,0ad6575e5e1114cc617f22f541a7054ac6ebd28de671e17ab34c0197d8912d6c,source_0001
64.0,0.82,116.0,0.9696756998697916,1c8138d465c4d1fa1c5e1e9c75ff493b89b5826e8280c4d3e06241f0dee1482c,source_0001
64.0,0.82,117.0,0.9695638020833334,a080641f95a5edaf7cf249cff15c9a5f0a6833bfb41a62719d64e388a2941e04,source_0001
64.0,0.82,118.0,0.9784138997395834,67ef8bd71c8a40ec89f31cf83a31806452c1c2765c9d28b39576c552dff46aa1,source_0001
64.0,0.82,119.0,0.9617818196614584,aba78c513cfbccac8e82b69db83e07918c3ad942af9319a0b4069cab9d5c30ac,source_0001
64.0,0.82,120.0,0.6138102213541666,e913583566563434e39878ab73bf6b619e609bc7d932e9ade67b2f8aac95c7c1,source_0001
64.0,0.82,121.0,0.9312845865885416,35441c596cba9ce0626925e171db11885bdbb37483b46b4520e3e434e280d02e,source_0001
64.0,0.82,122.0,0.5416971842447916,2e884ee65f8dc73446ea4205003f0d90bade05a9853e2223947bef53422c1b22,source_0001
64.0,0.82,123.0,0.975494384765625,beb7f5fde32de5231d92b08f9e59ed5d17d9fb0cddddea0c1490cdc23269ad2c,source_0001
64.0,0.82,124.0,0.6746622721354166,ba75ad0ddc27f4552f5199470d41b4656c78ce7f37a6bba41015cbf6693d8002,source_0001
64.0,0.82,125.0,0.976165771484375,62bfdaa8127295e3087c12c20e9e4bc0a027a28ce5d8e5cc16e8b6dea295492c,source_0001
64.0,0.82,126.0,0.974761962890625,70c8bc0883381f0dc9e1fe9fdac5337c807a9717609bff308feda53e8763b26f,source_0001
64.0,0.82,127.0,0.9753824869791666,4ad1fb55c99d8e5908a6336d28ba13ffd99618eedb732297ef4ade9644893b00,source_0001
64.0,0.825,0.0,0.9580179850260416,c7355919a020e6f7946d316c92db6a808e40c25eb99e4771bff70397f1f11369,source_0001
64.0,0.825,1.0,0.98333740234375,f914c13ce2a4ab408ba5d62019e461f2524c3644b9af7af5a887037dfd78b2d4,source_0001
64.0,0.825,2.0,0.680755615234375,e7dfbb2ea2a1e48487e4f1b4680e8a76d64b0635f676825c9cb6b05c32be2dba,source_0001
64.0,0.825,3.0,0.9797770182291666,c59dfc6dd1fb114e24476f322ede2c623cbcf2c376730141faeb49ab1b6cdd85,source_0001
64.0,0.825,4.0,0.976959228515625,7004b5ad39eaa32014ea5a30657ae44828538bb6064770fed116503727732f3c,source_0001
64.0,0.825,5.0,0.97802734375,d576441cb30cb6c7e8c6d058a707e0e96ac2461f8ef163303e49008cb754747a,source_0001
64.0,0.825,6.0,0.978302001953125,5828beef7a5f56c6f4911e043ab5b2cd2d5c019ec9997d3b2cc3e8046c4a0e09,source_0001
64.0,0.825,7.0,0.8907063802083334,925421f1e79529b9412b28da069c1e749d725dc4ef389fbc21388411cf96ef85,source_0001
64.0,0.825,8.0,0.9772847493489584,a41eb08152047f3bf94a1a3d0f02988a6d47ced441dad75c7b172ddc6a3d4a3e,source_0001
64.0,0.825,9.0,0.977996826171875,3c55362eac18e19c35b0acad0a93715c6eee2ef0473138e18067be6d0eaac950,source_0001
64.0,0.825,10.0,0.7156270345052084,4f7f9c4e5a5e40e3c6a7fe7bba03b6255b218e57486ab04f3928e09dd26baa31,source_0001
64.0,0.825,11.0,0.9679667154947916,196786a7c1cdcacb760797be5a1c733d85c8a4659707665147edcb5157fc2576,source_0001
64.0,0.825,12.0,0.9837646484375,decc764d295bc781ec7f7e337a912727349f5d09aa0a5bcd58d9480e536f04c5,source_0001
64.0,0.825,13.0,0.976409912109375,ea7ff43547fb3d9c23dbe645944c96e71dcfe8788d707ccfbb03a12a182034b0,source_0001
64.0,0.825,14.0,0.84844970703125,c6f069a4a95c354d57d312cb06369ac5d9d7a193bee6d4d8335b8bec8c753614,source_0001
64.0,0.825,15.0,0.984619140625,98c1aca55af4fc0627e9355c99f86a9e8eae67386a473c24f8677eb255591257,source_0001
64.0,0.825,16.0,0.8897501627604166,238bfd50b04882134d403b31a2f8715272e3586820541c8b47309e27907aa88d,source_0001
64.0,0.825,17.0,0.9801432291666666,dec13726b78dba74b9919a43aed1a968f0dd7d06f542593c12e4a312e1bde58b,source_0001
64.0,0.825,18.0,0.9757486979166666,9ca21e11acddfa865ea0f6f38fffdd2c872ff0b47caccabc22728e4437613d16,source_0001
64.0,0.825,19.0,0.9772542317708334,43fbb8f827807bac24f68e02c0f2e86de17a7e65a28a3604b6c5fbac987b3e81,source_0001
64.0,0.825,20.0,0.9703470865885416,00f97ca5704b3363a20bcccc9ad80838507a17ae2ec08222f9ee1e4ba15c24c0,source_0001
64.0,0.825,21.0,0.9828287760416666,b0bce89c3a3b791b9922074adae9d4d67cba7fdc01cce529c8de006e6793cfec,source_0001
64.0,0.825,22.0,0.97723388671875,8f78fb83db3f43efa7385adde5d4145079fca59243c23a82aa02a0e72c49773d,source_0001
64.0,0.825,23.0,0.9678955078125,07f2e024410a6a2061b0fc9b4ff4afee2508c3c51381b7cc6d26f24c0c0cf6ee,source_0001
64.0,0.825,24.0,0.9804484049479166,ffe61936991b69e95181cc3a6bfe2c678e43d0b5d4cccc505241d51e4dc867b5,source_0001
64.0,0.825,25.0,0.9813435872395834,75264a1b62e4f01dd4608e3928b29b9ffc84bb0a99435a32c78c601737516f6d,source_0001
64.0,0.825,26.0,0.97894287109375,bd210cda9e749913f034d39b884f7f274a7e2dffe0faff9021553aa6e30579ad,source_0001
64.0,0.825,27.0,0.8307088216145834,f1f56d29485fe9977cfc9e16abf79b0d05dcd746a76d1c3d9f3429ca18d195e7,source_0001
64.0,0.825,28.0,0.6308797200520834,4696fd583efb5a2a76e74ed4ed09154f4adb90789e3a2a5c5142f212a38d4157,source_0001
64.0,0.825,29.0,0.6463724772135416,6fda9dd94eabd78d7f6e8c89376e7739e675f49cdd70cb07281ee7789c7e78dd,source_0001
64.0,0.825,30.0,0.979736328125,405fd4386582c6d25a2492bb76e4c6d55080b0eaea24fe99c22c107154384335,source_0001
64.0,0.825,31.0,0.975921630859375,5520d51aed5cff645c61b576f0c91dc423c8cda988de6b06a158be7312d5b8c9,source_0001
64.0,0.825,32.0,0.9805704752604166,bba93a83c9b30f789b45b028c546f1a9c612d91169e24384e81c28d1cee33754,source_0001
64.0,0.825,33.0,0.9626871744791666,41c99611bc16548b5b462cbbe7351752b1bf4d01b0fb6559a0760467fc9db776,source_0001
64.0,0.825,34.0,0.7827555338541666,f349fe4f7fe4661d255ef93009cf383ed2256c76dc6f99a72012df32d977e44f,source_0001
64.0,0.825,35.0,0.9745585123697916,0a0970efe8bab36e7d000160052e8497ff6903703e7034121adf85522bd77f51,source_0001
64.0,0.825,36.0,0.4693501790364583,7b9b8cf5b31b825601fa3ca6b8f494dc0e1fb3ac8e694f99a78449bf30f9e447,source_0001
64.0,0.825,37.0,0.9766438802083334,4fde99143ccd784b8759e6b9c4c459e6b5c6856064d332f789a0ebb2a7b5c596,source_0001
64.0,0.825,38.0,0.8914693196614584,9f61acdde527727b126ece1c62f559f14c1ac29e79ffb20893bfffe45ecf4208,source_0001
64.0,0.825,39.0,0.9833475748697916,471aa26a4ace8a56d55e4b48f18b9f03a5beff1eacf8cdbf9226cb17ab49183a,source_0001
64.0,0.825,40.0,0.496246337890625,f4b6d70388a29d05dbb65350395817397f29e363f11f1756bf952681c016391c,source_0001
64.0,0.825,41.0,0.879425048828125,62dd096138034e94bc9647cfd3c66f97596666fd6173dc388db32bdf6092b095,source_0001
64.0,0.825,42.0,0.9312744140625,d0628c2bc67f24a32f6224f99ae597feb0f2a96dd2e49b5a0d569b250db6844b,source_0001
64.0,0.825,43.0,0.9734293619791666,d88b17c29bbf07da68b6eb3ef27a0a1cd647e554d564fa422fdf3a1ad4658092,source_0001
64.0,0.825,44.0,0.9708964029947916,21cb2a5daab36f6b7e8306aae8b32dbec7f78e059de632049e8353b096c87160,source_0001
64.0,0.825,45.0,0.9808756510416666,96b4a9bff858147953ddc61b6966c2f9fbd75e33c2905fc6ed9a4ec7dddaff57,source_0001
64.0,0.825,46.0,0.9414774576822916,7d0c25c0bb0c8de9aef8fb7cb91ccf140b42741156dbb79b7cd514c7b6fda3af,source_0001
64.0,0.825,47.0,0.9742329915364584,936c1f3c60e71c40a783591fce13af788e14f4095ea27db2a2150f1fc37b0cf1,source_0001
64.0,0.825,48.0,0.9678243001302084,a161850f94a56aa4f29c8e0aa61fd9954d48f6cd5aed12f55746ddfdfc403b7a,source_0001
64.0,0.825,49.0,0.4867960611979167,9f5e8e448162f4b68a9f4ad5380cb5b0c4103bc71a078cee0bffd0ebd255d8d4,source_0001
64.0,0.825,50.0,0.4968058268229167,f6e51f7939312daff47dc16b675e35a40a2a9447bbc8805fc468fc2ff5b1bd86,source_0001
64.0,0.825,51.0,0.9767862955729166,b2381c61ef317ef93ff23f8441eef3d40ff372d6a541cc141ec20e91a3b6f642,source_0001
64.0,0.825,52.0,0.976287841796875,c2cea8be5bdf9e20b5b15f32be6663152769d54a5348c183a0f1b4ad434c8251,source_0001
64.0,0.825,53.0,0.983795166015625,c8706730840dc45ef80d6d1d669d731ef4f35a4f6ac3af17b90374b82ad588d3,source_0001
64.0,0.825,54.0,0.9746805826822916,5bc65d57bfa8910a9cdbe44add482907376c299ab8b2087ab68699d8fff2b745,source_0001
64.0,0.825,55.0,0.9777628580729166,d4192833e7060deb567479db0f1286d2d116b09014d270a98899847b6b88f9a2,source_0001
64.0,0.825,56.0,0.9840596516927084,4193693c275ea2df5e9ca87d79f76d214c01855a2b4e88aceb2b5c28add719eb,source_0001
64.0,0.825,57.0,0.9803365071614584,836625e77f9b1b6183aa59ed2d97645e08dc0040cad6fc99854f17667385b2dd,source_0001
64.0,0.825,58.0,0.9601949055989584,626fff8545dae9c1bea569434f4a565898b954ec4f4aeecdd2b7d0fc3ad1ded1,source_0001
64.0,0.825,59.0,0.98309326171875,728a45a492c578513341cded0a903f64595ae77da3b01a8764ef82bf396b0522,source_0001
64.0,0.825,60.0,0.9778238932291666,26799475eb1e7273070f936d012a43c998055d3815e4e9a8a1bb17cf94ad697c,source_0001
64.0,0.825,61.0,0.7255961100260416,41ed6b906149b590b5f3038b988a15f3aed4ecf5dad4a1b658ed094168b90651,source_0001
64.0,0.825,62.0,0.9803263346354166,319c9639b2c248453d40f73dc4eed9c089ddac490c654e2b05f79658fd413044,source_0001
64.0,0.825,63.0,0.9788004557291666,2907079a0ca64494760a971697457e165a437fbd01ceded4b6769fb6f9532171,source_0001
64.0,0.825,64.0,0.681732177734375,44dafcc6836209b47407daf9186b641d420cd7d47cc04a0bbeebbf218b8dba75,source_0001
64.0,0.825,65.0,0.9809061686197916,4f80e99773ce73f162c5947c8015e5bad041b5b6b2d18d66242d3b7cecf411c1,source_0001
64.0,0.825,66.0,0.968780517578125,509af7fd8e0fe7afce5df8112f304173327181e753ba3a9ac996d45e1b56cecc,source_0001
64.0,0.825,67.0,0.968658447265625,0c53a125c8af297730d8b8a2356025df79d5a255bf3ea44d260656da5cb60b22,source_0001
64.0,0.825,68.0,0.963897705078125,a3240833ac1c80bdcde49c9a5a6901277530f1bd8a2118e1f641dbc8ff3971c1,source_0001
64.0,0.825,69.0,0.9700520833333334,eac33c299bb5c466b2078d5b63bae0fd925ffba365061a3cdc8568f23de90495,source_0001
64.0,0.825,70.0,0.9786275227864584,ca40398923d057f8798eeedc063a0cd6d1c94fe1bd2d1028779e779a586faf68,source_0001
64.0,0.825,71.0,0.9818216959635416,9343537b5025b7d9bbfa4d6710d129b08c731b804c6898bcd5bf010010d090d7,source_0001
64.0,0.825,72.0,0.505828857421875,c5ea794a27366c931cc8d269ffa0287bcfc67fb5eaebd678928f0c6f544cde7c,source_0001
64.0,0.825,73.0,0.7728271484375,715bd1fdfaa134c12b185dd44eecad830d1c15cd48065eb6ce6ce487345ba3da,source_0001
64.0,0.825,74.0,0.4728291829427083,71c42d8fd2ebb74396729dbce9c6e2ed90a7ea3d4e97a290744a8699facf0b80,source_0001
64.0,0.825,75.0,0.9701639811197916,fe1ab8577c551d3ce1b618662c24593bdd0dc0ec33bee81835fce71a0fd2972c,source_0001
64.0,0.825,76.0,0.9824625651041666,c780d1f5469a58d9b1ce556a40bd95e03f0029c2b1edbe69ce90ba7acf8660e3,source_0001
64.0,0.825,77.0,0.9795328776041666,847ceb378e5c632c4a349f603612f61da64ab78fae6c132095c578eebbe8a66c,source_0001
64.0,0.825,78.0,0.9755045572916666,7b20223d6a87ed6b200da5e75ba2fd1cade4d40ca0c35e753eae3265b1c66c83,source_0001
64.0,0.825,79.0,0.87506103515625,0816d9d93e09efad71177ac79b0e618945b03ec47bc2516909e9ddc3f64d973e,source_0001
64.0,0.825,80.0,0.9784952799479166,916ad812d80dfce47da32cfa4b67b9b45a98fa7764b1db88e9258f3c33c32595,source_0001
64.0,0.825,81.0,0.9818929036458334,ab6d38fd4b6596652d39ca93ecbfc99d55f4fa3b00644cec6eb6415a1a53b0e8,source_0001
64.0,0.825,82.0,0.794189453125,c34c463ab7d087a9ee89564917dc11c78447a5dc2fe448a19800854feb0769e3,source_0001
64.0,0.825,83.0,0.8576253255208334,dc9f8caf4c131526d7cba1afb1809f1662b7f7e240ec578fe3dd7ece814d49fd,source_0001
64.0,0.825,84.0,0.7392679850260416,3bcff905b5de192ea50eff6daf38b2c0f50906f8ec32026a6f2ba3bd1229aded,source_0001
64.0,0.825,85.0,0.978424072265625,474986e86304180dc3426bc777725d3b361fb66f6f94e59960aedc719030b69b,source_0001
64.0,0.825,86.0,0.7749532063802084,a52ecce3390155892b6b29e1fb0135c55b9c4a68094037e795c2f2c1de2b1c4f,source_0001
64.0,0.825,87.0,0.972015380859375,7117821a9cb3bc49664095b972c40f18f768e68b9217f1006a397c5de8fe87b8,source_0001
64.0,0.825,88.0,0.5688069661458334,b2e92ab0c77abb118a8e3ec325e103cfe8501021b7d07b40211d30694bdf129c,source_0001
64.0,0.825,89.0,0.9824422200520834,293044b214efc1ea7ff8e1606ee958be3efbbd0195f9872e926efd4035dc1eb0,source_0001
64.0,0.825,90.0,0.9787495930989584,4dd6c3abac124f645799360f7a097097be7dbcba7d8fca601eb84ef28adcbbf4,source_0001
64.0,0.825,91.0,0.97711181640625,213ead1405ece5fe4a623180cbaacf567fa55e58b77c3c677e32bcb5eb699c45,source_0001
64.0,0.825,92.0,0.9620768229166666,eaedd65e8e52a2cedaaf430e713033c544d2f1da62d11813f3a3392a69e6d6e8,source_0001
64.0,0.825,93.0,0.652740478515625,e5273588637aad7d23bbab4061e84503b0d062d2b4a32b7bac6c93c49ddce716,source_0001
64.0,0.825,94.0,0.9715677897135416,1ca490c10116103f8767af10427a27185e3fb13dc09b158ebfc34536d04ba124,source_0001
64.0,0.825,95.0,0.9731648763020834,92e2f5b872bece93069f80ce2868de67538e8d7892a4d5098624cbcf23a4aeee,source_0001
64.0,0.825,96.0,0.97100830078125,3e06aaed2c9248c2acd922c2749276f5119946d0fb3286c227a5dda351709bc3,source_0001
64.0,0.825,97.0,0.6581929524739584,57e769b2f108252b7acf47fd6e017202909888ac6e32c5d4b228007a42e8c5fe,source_0001
64.0,0.825,98.0,0.9796142578125,7fe2bb2e80191b9af48c8e9521ae91c5762ba59c3e63bc7f9583b04a80fc7e57,source_0001
64.0,0.825,99.0,0.9833882649739584,8b3aa67f3a27436906171a1d6fc283eb62b26ae19f986bb8d46388a50c11962b,source_0001
64.0,0.825,100.0,0.97637939453125,548b762b87c48a9a118b97eaf689d2979493e16ee44b8d59d6fb1af2aef22bda,source_0001
64.0,0.825,101.0,0.9815572102864584,cdaa17f74e16722df00a3cc882ade5044fedceb472c4389d8b50e40222df3739,source_0001
64.0,0.825,102.0,0.9832967122395834,3268e04477885b75056caccce5bbe360ed00af288dc6242805dd04fafd6541e0,source_0001
64.0,0.825,103.0,0.4989827473958333,3b880d5c13c192cf81cfa66b8058ac6a0aeb8150c1e3844f2c2d132b1bd2c21e,source_0001
64.0,0.825,104.0,0.9768778483072916,65dca0902814d3834db2ca2259b55cbcdaab57e6471177eda153e899be82f537,source_0001
64.0,0.825,105.0,0.9758097330729166,0b4aca34d93679f3ac0bdd2a2c247c31f07a19de21a8570ca27c353c9def4c95,source_0001
64.0,0.825,106.0,0.8511454264322916,87f68a96594f0aad000093953568009c18e24e4c4a3e28abe8353845fa6130ab,source_0001
64.0,0.825,107.0,0.9849650065104166,051f23367bad0a550dea1669986d02d9fec0316d87bc297baa76a25002310943,source_0001
64.0,0.825,108.0,0.9754435221354166,063dbf278a0b125ff705804cfb0ffda3951fcfb4e20a6e9dcdd482fdfdc33066,source_0001
64.0,0.825,109.0,0.9847005208333334,5f138219d832c393c4a4f763b7f17c1bf8472edef85e45a109656fc26cfdaca7,source_0001
64.0,0.825,110.0,0.9822896321614584,63c0f24d54a560049101614ff02a83f072de193c7fe6e8c7a9d93a307cc6d86b,source_0001
64.0,0.825,111.0,0.7611592610677084,6d9514840c3bd56e8475b7bb9854f3b5b3dc5758fc4d1e0ceaebb6945c53cbfc,source_0001
64.0,0.825,112.0,0.482696533203125,73383922a4963fc50cfc473081a708474f5b9ef5a6fda04f35c3685f2cf120a0,source_0001
64.0,0.825,113.0,0.5303243001302084,6a57f8941a6c9c175f939afdf7d088cf50f5d2d8c8646fdd1830dbf626a768ae,source_0001
64.0,0.825,114.0,0.6323140462239584,76371a9ed231d595e40f218b8dace7e7310e8ed49c37fe4647bbbbe2b69046bb,source_0001
64.0,0.825,115.0,0.9706522623697916,105a464a47f03319ee72cfe3ac6b250c3b323357ac55c30ea06198340f017c9d,source_0001
64.0,0.825,116.0,0.971527099609375,e8284a38a6e9e2f50cca974d79739fab3dab0a637b2c9ad9f1b79ab95ae982e8,source_0001
64.0,0.825,117.0,0.5298360188802084,e861e2c44b85a452908f1876b61a38c1f54045662b39f8b46442b9f4c7d6ec32,source_0001
64.0,0.825,118.0,0.978851318359375,4fb39046eafb81ea5b7b577f6466084c30e7ee4214119de2ebf99c4e025bb6d6,source_0001
64.0,0.825,119.0,0.9640909830729166,1b4556f2187f62fa5957bb1f5d7b7c9b42ca38a5776e9e83a36535bcafce9288,source_0001
64.0,0.825,120.0,0.6208089192708334,a89caba8d840c90d0a291e3e4d736fd7a14399fcc592fef2466fc33899fc8eab,source_0001
64.0,0.825,121.0,0.9710591634114584,10cb19769935ae83b2a487890e557e8e0a1534b3c2f661223ffda4fef92e2245,source_0001
64.0,0.825,122.0,0.5431009928385416,b35d6b86adaf1c2a0e6e3d707e8763e99f6c00c92e571489bcce3818bf66e479,source_0001
64.0,0.825,123.0,0.9808349609375,094d44cc83052e71756edf170bfe2128ef27b576168b831239c4ce35e8922eb1,source_0001
64.0,0.825,124.0,0.67767333984375,3d22084b2c63dee72d533430eca47669a30c13039fd8196ecc2df5ad259ab4f1,source_0001
64.0,0.825,125.0,0.977081298828125,acf3d7b25b9bc4ae749884db9bbbd48d490353c852f981390547e6bd39905c35,source_0001
64.0,0.825,126.0,0.97906494140625,a338b85ea9075e8709fd1feac57ec00a457423fd263f4af507cb6dd00ed83716,source_0001
64.0,0.825,127.0,0.975860595703125,c8eda82596463a190c09a6adc9d06a92f8e080a6ccec8e039ee2f7183be52b41,source_0001
64.0,0.83,0.0,0.9616292317708334,5559f06f9c9993b19762bfb7e3f7d3b0f13efc75e67ed8868b01439a4b80539f,source_0001
64.0,0.83,1.0,0.9840494791666666,15c669272c459a92f76634fca68978d437617f314927a32f05c737cf057e1260,source_0001
64.0,0.83,2.0,0.9863688151041666,afcd32d15d8753aff726bd2434a1072717e161e8e9b7302157980f9f9957e833,source_0001
64.0,0.83,3.0,0.9803568522135416,9f82a6d3f670c3f6a2c6d1d60fa79cc0acd447d7aad29d41d246df615382734d,source_0001
64.0,0.83,4.0,0.977081298828125,3accfe1384acbc1baa60cad40a2771a46ffbbd2686fdf0917081e16281de2f37,source_0001
64.0,0.83,5.0,0.9807027180989584,5a54db6d6614d286dc12f57322c2f50c9a5dacd41b33ec79b8bf0efef4d1298f,source_0001
64.0,0.83,6.0,0.980712890625,ffdab09d6f55078bf511993ec8acc34102013d495265ec50f909052b938b1c77,source_0001
64.0,0.83,7.0,0.8917236328125,b83db26b1c349d3c1fd354157ad298d5f58b00b57fc61210d5788a6bf3431f98,source_0001
64.0,0.83,8.0,0.9782002766927084,c19c69f8d718a74218a640c79fa331b6596fa52b5ffef91dbefcf7c978d36c86,source_0001
64.0,0.83,9.0,0.9781494140625,ac7a9a40bf0605d803b86a763635bb1f147bdf55b48235f984bacacc143162b8,source_0001
64.0,0.83,10.0,0.9386189778645834,f33f76c8fe25d636a78fb79d01d0707fac76ca86e1b47bd4bbeb613db12fba2b,source_0001
64.0,0.83,11.0,0.9772745768229166,d1703f30260ba7351ceddec74fc8f8e4f7154adff0d5760ca2f0d0c7a050cd76,source_0001
64.0,0.83,12.0,0.9860127766927084,11a641fe350714612f9ee9245f84473527664d66846b7f8911e4579a8eda0aa2,source_0001
64.0,0.83,13.0,0.977325439453125,28948d942b86cef5f1c114107f4071afc727dcef2fec71182d231c912f4209e0,source_0001
64.0,0.83,14.0,0.983123779296875,9cc24102e0a7bb67970dda253e54c4d00ee39cb202a55faa25b724e06f963887,source_0001
64.0,0.83,15.0,0.9853006998697916,d3fed1515d72251740a6cbf75e05d83bba673f87a00d001f66dab252079350a6,source_0001
64.0,0.83,16.0,0.890380859375,898f3e609320619bb9fd948ccd75fcf70b1a0c6b3d1a2d3a2d4426d4af3fd998,source_0001
64.0,0.83,17.0,0.9805908203125,acf9f330f5ac8671d86bbff55bf150ab34cc8086d706d6167241f7ecf3577b7a,source_0001
64.0,0.83,18.0,0.9769795735677084,b407be76ff1e38f726173f21879920bb2ee3fae0f3f7d6a688ca66e8283582cf,source_0001
64.0,0.83,19.0,0.9777628580729166,e73da3afb64664e5242e731941add91ed79c1971d589837a4dbe75d382d1878e,source_0001
64.0,0.83,20.0,0.9750569661458334,9fd0db1eaadea9d55e170fb069daa6cf5bcb1baf6eb4281258ba8640220f2f81,source_0001
64.0,0.83,21.0,0.9837239583333334,b5e84bcc6bc2bce592098d2f60dd2e89ee17c3061319ed09a88da3a1abf91db1,source_0001
64.0,0.83,22.0,0.9773966471354166,4ea081cd64af2e9defbdc9d69a87ca7b5ca6fcc95fc51b1546af94bcd53a99aa,source_0001
64.0,0.83,23.0,0.967742919921875,fdc345f8472620f145bb1cb3cf9736800aa09e32f760663c69852d69e1963a1f,source_0001
64.0,0.84,0.0,0.9670613606770834,321cd2e0b407cd1a7f4a9484b077d5b47f1879ab68a3fc8328693b971121b07c,source_0001
64.0,0.84,1.0,0.9848836263020834,a015e24a34b1492c91242df26b55bc966e2f9554c119933bdadbd736463ad781,source_0001
64.0,0.84,2.0,0.9875691731770834,b15b4bc1ec11ffdc487eae4d53706d2b5567aa3ce146e7cde3994acb7add003e,source_0001
64.0,0.84,3.0,0.9811503092447916,cd1acd99e0dbab6cfecafc84ff1296d6a6ada924610126e3a0fda67aacc4f1ef,source_0001
64.0,0.84,4.0,0.9778035481770834,57561995338fc0cc5f2347a196ae369fb115059ceafc199ea40016883b26265c,source_0001
64.0,0.84,5.0,0.9819742838541666,414c85f6c4e07d53df024eb845fd9846adf27661570c345a2c784af23aebeaef,source_0001
64.0,0.84,6.0,0.9834187825520834,9118bf1f6ca4792634f5a1a676cdb4422e3ee4ffeb33c0504a10d0b2455d23eb,source_0001
64.0,0.84,7.0,0.9852091471354166,c349f7d242904bde2ad6d95373a92f4b87c988d76c4a4c484b07c966301a2edf,source_0001
64.0,0.84,8.0,0.9809468587239584,b07d6e5c3c6c5126e48411bfbc1c3b94cdd1132eb55a1e813291023841666249,source_0001
64.0,0.84,9.0,0.9799906412760416,e0550bbddda08fa43ec20e17f84134c52e7688919601c1a0d8c95b7af3023c1d,source_0001
64.0,0.84,10.0,0.9825642903645834,cd23a6ec30e6136673f818abe0ce692e43f19ab7400cfbfd912a38d94399a878,source_0001
64.0,0.84,11.0,0.9834696451822916,37e3a685c7c6d4284fc53baa55070f7710a486a72ff7b194c3fce2b6dd7d2ff0,source_0001
64.0,0.84,12.0,0.9866129557291666,f09b65cf20090fb3fc1038cdc2442dc4499329b6143aec44aee6b6bb7aca1cd9,source_0001
64.0,0.84,13.0,0.9803670247395834,ef96d3bbaa778a79b0c851e62b4b3474510240d52bbab1c9f84458494537dced,source_0001
64.0,0.84,14.0,0.98358154296875,437e1caba4a176aba75e6254413a3b8258695b340b7b5fa18c6720c340186ded,source_0001
64.0,0.84,15.0,0.986419677734375,0d3756a9816864d14584c344d64afb03fe277375efba9d4100c6bb05c154b372,source_0001
64.0,0.84,16.0,0.9821879069010416,d60e03a5e3862148b47fcd66857cb3f8926afeccad9b77392a9e64ec90c7be28,source_0001
64.0,0.84,17.0,0.9821268717447916,9aa674ea4f0a24181f165768f9a53e3343a060fcc5989f37ed248aad680b91f3,source_0001
64.0,0.84,18.0,0.9789021809895834,bba8f20eaea56b9b77c7031a6de41bd8effddf298b7a7a4b97d16578d0917a37,source_0001
64.0,0.84,19.0,0.982940673828125,4576d2c81a41eccda0ed343dcb801f9a045af9a341e134410fdb8dfd1f197e70,source_0001
64.0,0.84,20.0,0.978546142578125,621e968c35774284f9f8d85044209a3461e1a81eba4e3e38e01c187006e4b149,source_0001
64.0,0.84,21.0,0.9845174153645834,95881a0cff3d5775a3905d0f4ffec7acfd096cab1e98fca051340211be436e6b,source_0001
64.0,0.84,22.0,0.9784342447916666,0b69ad539cd9296feff155a492d12de6917d1574ed49a86a3c0534d5284d7ae0,source_0001
64.0,0.84,23.0,0.9696756998697916,e59bc5a0efb698878f43b328268a3f6306a1884dd66bdc1d1d473273b02781f3,source_0001
64.0,0.85,0.0,0.9791361490885416,e42332aa0f7c76698ab10be29dfb81f581fd6fd47e1e9db526c48c99ec699e10,source_0001
64.0,0.85,1.0,0.985595703125,11c37fff378e2b13eae14dd867391943ad03bad52387c78af883e722f3628285,source_0001
64.0,0.85,2.0,0.9880269368489584,0929fa6469ebb4e6bf2d7b6058fa648418283a57a71d420231c50d515080296e,source_0001
64.0,0.85,3.0,0.9823710123697916,1eff8ed31814302234099717222f7cb0aecbb0ce550426323a00d45d86041e20,source_0001
64.0,0.85,4.0,0.97784423828125,58d2b7df7398af5884903d2eb159f9a8c7bd895ad339395ab8288089cf364502,source_0001
64.0,0.85,5.0,0.9833984375,04bede2b16be2dba8c5d87a18550e028605538adab8102090b2732973f2116ab,source_0001
64.0,0.85,6.0,0.984649658203125,66ed87082616bb5d75c6ba511f2c623e62cf209ea618e03d3ecdd98919ac9ac2,source_0001
64.0,0.85,7.0,0.9853413899739584,7cedc1889b171f5e5dfe061e8120174c0249e67d3de33473eb55410496df2682,source_0001
64.0,0.85,8.0,0.9853922526041666,ff5c0533356647c5672f851d86ed554e08aaaa684a792b0d7ab95637cee8a00f,source_0001
64.0,0.85,9.0,0.9818013509114584,6f68ce744295c9177072322345063f2ac9a74160a39e09be8de2edb4cc977d98,source_0001
64.0,0.85,10.0,0.985565185546875,e76ce9c59f4601beea50b1a05d8ebac5ae9969aa1bb42038f33859fa09fb5a96,source_0001
64.0,0.85,11.0,0.985260009765625,4af6eebb34b21f2f4f67cf4e3df40ef8e9e6242f5b59564ff0403a9506e8fcb8,source_0001
64.0,0.85,12.0,0.9872334798177084,ec1fdef87f4a461b7810213fdd2927e4bf011f8b0181314dc65561f05f540e89,source_0001
64.0,0.85,13.0,0.9807637532552084,a38f57a2af73b3f2f1bc1c172bb760238c0a3b4c534271cb009fdd92deb2114f,source_0001
64.0,0.85,14.0,0.985321044921875,a2483a63921fe057185c14ebadd1dc916d34256ee62faf8e81571923ecbec721,source_0001
64.0,0.85,15.0,0.9874369303385416,72412239e26b6b647d0c2ab6c7ae574a33a512dcb37d16120d218d7959b51353,source_0001
64.0,0.85,16.0,0.9837137858072916,e0f97f2cbfcb1e4f3f30138f05cd22741104bd81b239f89f7ed0ac72c6df1f3c,source_0001
64.0,0.85,17.0,0.9828898111979166,e36a8f0cd43ef25a658d7b24981c9342c07bb049e7255554948198b231518f08,source_0001
64.0,0.85,18.0,0.9859517415364584,0b49fcfb6ce1795e25482e320a35a44acf9f241cefe78b90ad0714de0a4341bf,source_0001
64.0,0.85,19.0,0.9843546549479166,516ae6c4c2d9b8502d67b608c51b9c3c7b6bfe4bbc3b27fc1ebe8fb5a3dca096,source_0001
64.0,0.85,20.0,0.9797871907552084,74076332bcec0e2fd364ff03c4765d1f3dee3b80d9b974dcfbb42f58760e5c9c,source_0001
64.0,0.85,21.0,0.9853515625,37dbbd9763feda66f37452818b5e674342d11e6bb47ac2731dccca46f88fafd6,source_0001
64.0,0.85,22.0,0.9813130696614584,898d086d6089e5a2fbe4d22168000859edd707a388a60d1d289f7a665cacac96,source_0001
64.0,0.85,23.0,0.983306884765625,e6b6a19045e4dfb6736c900331a238716abb5b0661ef01063cf772da26fa6311,source_0001
64.0,0.85,24.0,0.9831339518229166,437f130497f5a722f7621e7c9cd861fee6708e0de8de054b7d78b50ed082a7da,source_0001
64.0,0.85,25.0,0.984466552734375,3afbd556bedafb5058d2810909dce661625018386b84aae49e24ed714a36b923,source_0001
64.0,0.85,26.0,0.9829915364583334,68500668e533f0980f9ccd95d0589006a515661f1e40a50af730af1c42a966da,source_0001
64.0,0.85,27.0,0.9883015950520834,276bc8297eaf7562d114757c6b04113a3429598c37a45443184366a0df02b946,source_0001
64.0,0.85,28.0,0.9879150390625,cb5e5254fd3a25a6d95102c8c57e854000646ee290db3f9757f44ef3afae564f,source_0001
64.0,0.85,29.0,0.9815673828125,fcd6c3ad0905493375ab3e6e4e1cc90a60eb5655e5f65eb8a02ab173432f56ed,source_0001
64.0,0.85,30.0,0.982879638671875,2f3dadd395891f47fe6c89d0bb19fe7fe6aa8243333c217ecdd43c8acd4d99fc,source_0001
64.0,0.85,31.0,0.9829508463541666,e3dc07a8b00f490d34423ab1fe8c7149b0fc24f5f9d3c3047105cb3d4834ad36,source_0001
64.0,0.86,0.0,0.9798380533854166,efbb08ea4f96c3172dc9ebda74be92a0fdf5af0ed3bc58fb7236e862bcd53891,source_0001
64.0,0.86,1.0,0.986236572265625,f8248e3b8e39604ce984ed4b75d9a5cf6a83151c6907a650ac8252233634e7a8,source_0001
64.0,0.86,2.0,0.98858642578125,dd865812a302d6faec2010d833c60e317be98f5fd23008e490df0885ee249b3e,source_0001
64.0,0.86,3.0,0.983123779296875,cf8dc1cac61cd81660fdc9e312dc543945f91b11d1d66ed2f51e4550409befed,source_0001
64.0,0.86,4.0,0.9816691080729166,b982bb022322815d1cf59f3d19d49730459f9aabc2a11ac407cbed599bf22e58,source_0001
64.0,0.86,5.0,0.984039306640625,2dcc5a6d69696d35b6e139f960a0e292ddcad162860685c4e9960f7a9442a3a9,source_0001
64.0,0.86,6.0,0.9849955240885416,4555f8cd68261e886dae88e7ceb5ae4ad52d86caa4c46c1f9825160bf354100b,source_0001
64.0,0.86,7.0,0.9859212239583334,13535eb19555b4ac91d6bcd3d5b836daa069eb1b4cf8ca12b420974c7ea8104f,source_0001
64.0,0.86,8.0,0.986297607421875,f46dcfb12326560f0d02cc5bbdae901577c6303e5ef3e37e6d618bd31f49110b,source_0001
64.0,0.86,9.0,0.9832051595052084,c61c932ad52acb1328094395050faa9af9ab9b26e03b314d119b9e1e2075289e,source_0001
64.0,0.86,10.0,0.9858907063802084,65a1cb73a37ccbd96b0629696003dd0cf50940745144abb6b89f7e8aa4b43498,source_0001
64.0,0.86,11.0,0.985565185546875,dbe39c3ca4ec045855c4880bbdc60200742d7d7d23bca0734e9394ba4eb75de3,source_0001
64.0,0.86,12.0,0.9879964192708334,baa401bb8a04bc5b387fea3e27cab83240424cbf5247dc5b6c81de120e2286e0,source_0001
64.0,0.86,13.0,0.9842427571614584,eb0ee1c5c331cfea3f6c084a9f5d975d5bbdbe5f4069241ea40a1dd004609451,source_0001
64.0,0.86,14.0,0.9860636393229166,969f4d0c05e56a5c4eaa11b0ffab336c44b2d7bd1dbc47645ed04eed1f13ff2c,source_0001
64.0,0.86,15.0,0.9876810709635416,6e0cbd8d596e3e5c5ce1060aa742a071771ad59b4e0396db42cd9b9b2007fff4,source_0001
64.0,0.86,16.0,0.9848531087239584,92c4261f3c91fdc56038914470a01dc05d5e879303c1b741c053c09450ccbd4a,source_0001
64.0,0.86,17.0,0.9854532877604166,e671e8154302e39550c60bcc9c4548a6649e18266a060288e7d4bb6ad78b8816,source_0001
64.0,0.86,18.0,0.98748779296875,e657551755fa3af21025c8190712d2641ac8777dbcc19c6d683b5cf7b7f476cf,source_0001
64.0,0.86,19.0,0.985595703125,1c2bbf81dcbb4a26984a44cb90e42e5b7a158aa3027f07272c37feb7fbafd3a9,source_0001
64.0,0.86,20.0,0.9864095052083334,cbdd215dae60b463cd13ddf16b6bd9a97cd9f503aaf3d0e1c88279b61804d2f9,source_0001
64.0,0.86,21.0,0.9849039713541666,0e0a7e36ed6f7c90f82af170c5db3fbc3c8a2458f668730e266097bb8596303e,source_0001
64.0,0.86,22.0,0.9835205078125,2e08a4128104d941406375838ab405b6a72e3528d21e10b6f5597ebb64d70d4f,source_0001
64.0,0.86,23.0,0.9846903483072916,21c8d62871250181eb75b1742816ae409d2ef2ad64cc9ad50729c5962a36cda7,source_0001
64.0,0.9,0.0,0.985260009765625,4834348bd14073e16ec1e195774093c3d7382e06c4d2a805beb9c2741a0507a5,source_0001
64.0,0.9,1.0,0.9905192057291666,6f55b06132462a3ea509d2854d5daf9931b53e65f1e96895f735cac112d8597a,source_0001
64.0,0.9,2.0,0.991424560546875,f6233b644e25a3aa7a8dedadb1c377b596daff55edf2206a5e756b3fa0660e44,source_0001
64.0,0.9,3.0,0.98809814453125,b461e6622909c6739ff7f3dd62c56c9fecfebeb333c6733ce7415969757b0c3a,source_0001
64.0,0.9,4.0,0.9875691731770834,032cd64632fb5f4dc793232ab487fa8f779407b63f6df6871d9070dc0137b17d,source_0001
64.0,0.9,5.0,0.987548828125,3f5e5f864ce8d7af2768e290d6089129b4bf1676c3b778f799d0d809855346d5,source_0001
64.0,0.9,6.0,0.9897054036458334,cecf30d97034dffab1a3d93008cc62222e7113d2cac9747638b1ecdae2c71bd8,source_0001
64.0,0.9,7.0,0.9906107584635416,ea705d9ea956078c8c6381f224ae8b9a8755f96e10d3e35c9f9a05d6a5d2615b,source_0001
128.0,0.75,0.0,0.0211207071940104,dcd37b7f686a055fe0ca250598ccac208141ebc5ce9284e3b033167a9b9e2522,source_0001
128.0,0.75,1.0,0.0213826497395833,1754c621ec4dbca02c7a0362e0093ebc4e0a2300d456242831fdfaae1fab99a7,source_0001
128.0,0.75,2.0,0.0182240804036458,aef7f6bdfc046c342cfcc18b978501ada196d0422c85d81216e326c99383d1a5,source_0001
128.0,0.75,3.0,0.0080490112304687,e14c61f9f4a6c1ee6188e897147103727dee7daf63a256bb555f31eb7e72996f,source_0001
128.0,0.75,4.0,0.0124181111653645,3ac34b17d8f064e8352876da6f6c45938b6f923190fdcf3e3b851a94cf2d3975,source_0001
128.0,0.75,5.0,0.0117721557617187,16cc329cc118c611ddffb18b8ca5ace50c0eb8a89cc32258e7cd55c45d4a5a39,source_0001
128.0,0.75,6.0,0.0139541625976562,563f7defc7092e3b65ce85d82ef14e9f914401ed1cb766df90cad0782b96402f,source_0001
128.0,0.75,7.0,0.0156300862630208,95b338d4ec1c4f8c4765891cfd1faaf1bafa0ba978a1041ef579659a37e475ce,source_0001
128.0,0.75,8.0,0.0160776774088541,01f6f107b3051ab667d3b8d16b4b0b682d4464197ee18e6cc972f046316ea738,source_0001
128.0,0.75,9.0,0.0130488077799479,e1b0082dec2b5612222c603269adb3149b625373088e65f224832056dde0d69c,source_0001
128.0,0.75,10.0,0.01275634765625,e456d7e04a3aa759f99ac8b64a7823ec31e52c601cb7f63577a4cd310b01e79f,source_0001
128.0,0.75,11.0,0.0189768473307291,dbee3737e3c59b7b18171714436c5e1496d7c2225e325dd5eb79f4a5a2dd948d,source_0001
128.0,0.75,12.0,0.0297495524088541,57fd5463744cfdc2637c67425e3e43965d0fed3a33e3527c0162343a229c4886,source_0001
128.0,0.75,13.0,0.0272013346354166,630afec8da159fae0a83a1bd2b9a93fe69ed12087a2c61d37cb891aa34d96e7f,source_0001
128.0,0.75,14.0,0.0114796956380208,91524f8499c980938fe4b0161d980162ed83f99e7d890410e978285aa4c56161,source_0001
128.0,0.75,15.0,0.0130894978841145,30e4df8060a3d74c7db3f596d04fadf9f21eb37a5c2e620834b315e2f40fd24c,source_0001
128.0,0.75,16.0,0.0232518513997395,bc49ffa7bdd2c192330b446a7c9a98086d19e03c982f3add490d95328d7ef2db,source_0001
128.0,0.75,17.0,0.0112711588541666,f5f54adfd748ed92d05d041094850e03c0285cf828f09fb833d309928e9b9991,source_0001
128.0,0.75,18.0,0.0258839925130208,d5788a0c9bc56b4c48ff23328801e5888c5708a7eba24e55934fe97d984ab7a1,source_0001
128.0,0.75,19.0,0.0201950073242187,578f23cda77253431e44485cdbe05786cf51f4a00f5ff4dd028a1efa9e508c8e,source_0001
128.0,0.75,20.0,0.0154902140299479,ce896b26485fb6b0e7064a895ef9f7352281915cbcf3ff2a6e07ede3993a3eab,source_0001
128.0,0.75,21.0,0.0129979451497395,c6e6231b1db4f6467a217ccf4ce0a6682e744cb66c89ee5202a1d0bf5773b426,source_0001
128.0,0.75,22.0,0.0255610148111979,779f4cefb1cb04209c16de223a28e0d5fa28fffe7e2472aed8243bfe104709b2,source_0001
128.0,0.75,23.0,0.0176900227864583,7f0614dd9a07fb3ee45c1d613a1a129765e20687cb812bd4b733afb4f7898fa8,source_0001
128.0,0.76,0.0,0.026519775390625,97966bd3af912fde9ea43aa037738b782aa267c693d239520361e064d9fa6993,source_0001
128.0,0.76,1.0,0.035352071126302,da97dd250922aed0afdfdcef1afb871ba80a3c1e8ad8ac4ff5232b70632d748e,source_0001
128.0,0.76,2.0,0.0327479044596354,22bd9dc02ab9b3954118ed28d13a698abff1cc8d5a69fb7f07cf9501b7212ac6,source_0001
128.0,0.76,3.0,0.0271326700846354,ed677fd59718be466a7d6a307871bb1a18bba0d005c8cca57e778216d1d146a8,source_0001
128.0,0.76,4.0,0.0129877726236979,aebf72703a09e6f9b1d0437f5e084b92b5806d6b94b32b76f530ffafa3ace165,source_0001
128.0,0.76,5.0,0.0183792114257812,9fda0b5129405b349f1249b41c91d8ee2cf222bceac7148f4a60ee3d3c3a9123,source_0001
128.0,0.76,6.0,0.0206883748372395,56811e9284031a8991729b203bf40b64b86e1dec6e6a18da2d0a6484df5b4113,source_0001
128.0,0.76,7.0,0.0272089640299479,1ca018272e1c83e3d198e5bca3b3916701694c04b95c02101b2be6f5d3ba0cf9,source_0001
128.0,0.76,8.0,0.0214996337890625,e334dbd09207e94d76fdbb7f48b7959a7fea4c9592d77a577c4d0e4a5beac22d,source_0001
128.0,0.76,9.0,0.0251108805338541,d214e3c5b31ffb4a2f86090eab2bd124c8d18f4e99002346551bd6b263a5d619,source_0001
128.0,0.76,10.0,0.016309102376302,cc753abd9b02bed16a385f680db452a964ca9f4f4b3074c38073389130967183,source_0001
128.0,0.76,11.0,0.0293833414713541,7071386f827be6303d1b29f805112384cbb9b45a0740dcafca9be3ef021dad8c,source_0001
128.0,0.76,12.0,0.0460230509440104,b5093c5dba495f2cac14c3d2bf68b213d548d12f08f446643145c25dda9ee94e,source_0001
128.0,0.76,13.0,0.0318756103515625,0267d638081afc8de63779cd2e8a17cdf6764b707a2efdb22bb518a545786f5f,source_0001
128.0,0.76,14.0,0.0124613444010416,aa756f28c24270fcf5da7fe074b509d3ef8090e2cd882bca741a40a00a68a4a9,source_0001
128.0,0.76,15.0,0.0209986368815104,d9c85ce08c4e77834824b1d46d21e68ba465a2a617a8d9cbf7bbef5c928701d5,source_0001
128.0,0.78,0.0,0.1247304280598958,33692d5668101f4bab659eaf173e93dc525b5eb8d04537dd6d651e485a09430a,source_0001
128.0,0.78,1.0,0.0549341837565104,bb0cd79a8fdfa1efa8a3c06cee47e7b192fd4ca768382a90f3303bacd4db83b2,source_0001
128.0,0.78,2.0,0.0567652384440104,aa3ff39d5185df3acdd4c7afed92c671b1c389e1230eb9b9b3a651fce278c2dc,source_0001
128.0,0.78,3.0,0.0387039184570312,232afa72f6961a5aa8926dfa513b72d029b9d7dc1204010277816d6562c84255,source_0001
128.0,0.78,4.0,0.0711441040039062,0c066ea82eb09df27065ff37b065452abb56f29aee7f801fc0602200cb1ff7be,source_0001
128.0,0.78,5.0,0.0629959106445312,db539f9b4e9cd11680d9d4421dd40c4d53ab337816470797f817b22a3f761ea0,source_0001
128.0,0.78,6.0,0.0691019694010416,a9970cab0665f75f39d0f972c106810141af3dbad64f1a0dde8cb78bc51411e1,source_0001
128.0,0.78,7.0,0.1324996948242187,f7eaf41bae842abb7ec1120722e60b4d2c9df1937802d511c4a30764c7af46c4,source_0001
128.0,0.78,8.0,0.1146316528320312,7553f558c13f5f51ca256862d67adb880b2457649ff591eaa2c12366df2f333e,source_0001
128.0,0.78,9.0,0.0838775634765625,c212dc357e515f043908a2d55eb0f0498f956b0fa5ebc66076b2bb71b52cef93,source_0001
128.0,0.78,10.0,0.0921503702799479,dad8be6020b514a80b424fc1479d8c9043ce62959ab0449cdc8cc864468282f3,source_0001
128.0,0.78,11.0,0.1354141235351562,bebb9b1f29008dd2e936f8d4daa5213807151c8eb8de94a380cc7b608bb3b712,source_0001
128.0,0.78,12.0,0.2107721964518229,6480c4ab4bc87c4d5fddc9f3c4259f70be99c83c791727b31175b51c62932630,source_0001
128.0,0.78,13.0,0.2016321818033854,bf9d3597dcc6aaaf66b9989d5974ced2d380d6606a32de39e4f0a9d5ee853598,source_0001
128.0,0.78,14.0,0.0918629964192708,da7252ae3cdeef64451665b1b898497ac15d6f661d382afa119188e042122391,source_0001
128.0,0.78,15.0,0.2281748453776041,bf860f69db80193cffc5478588b59c9f62ad7052991e464739a2812547d0a421,source_0001
128.0,0.7825,0.0,0.1872736612955729,a792df9d281741df72e8cc0b23fdde7d86dcb92982a818771c3ba2ed87efb9e1,source_0001
128.0,0.7825,1.0,0.0595296223958333,8a1eb7e4d20162e74d58e210f0b95da9e868a0220366cf02e61161b84591fa7f,source_0001
128.0,0.7825,2.0,0.0664698282877604,d53e1f9f3552756cd7b35c4a366f11c89b82b54d809b95ac23249cace566b0ce,source_0001
128.0,0.7825,3.0,0.039075215657552,4104336b537e7913197363ac5c152dca5dd6c805f1a57dd878345bdca22a0605,source_0001
128.0,0.7825,4.0,0.071563720703125,59f573598bcc71a7fc222dba217254f5f14e10fac7cc957afbc86085bc764705,source_0001
128.0,0.7825,5.0,0.0642293294270833,9c293627cfab72fea7484165e8d9cc706ca3f6c82f5111365a9bc08631ec1149,source_0001
128.0,0.7825,6.0,0.0694376627604166,2cf0da5b28c129fc8a4a83fbfd3fa41476b04fb4b6dd89ef765e51a9a6e7cb18,source_0001
128.0,0.7825,7.0,0.1327463785807291,2912b00efc4f501a40fc6eeb95756f2bb55faa5be1e1ee322346a8b671c37397,source_0001
128.0,0.7825,8.0,0.0746180216471354,8437fc8baa9450e7392f05105d4b6350aa69f7eec387c8520200cda66a94ec92,source_0001
128.0,0.7825,9.0,0.096906026204427,0b9c4d72bc3c3622bb1522e34aea2be43278a025a222e3ad3f0aaaf1f13f4940,source_0001
128.0,0.7825,10.0,0.0946985880533854,aade5c2f211d9949b14a2ec7d7fd6d4bcda2bce8036a3c1f35fc2657ed9246a5,source_0001
128.0,0.7825,11.0,0.1360727945963541,41ecdd35b69ebb30a74972c2f8bf997c283c44f1317070ed5df46ba246392c27,source_0001
128.0,0.7825,12.0,0.2225138346354166,332058514b92e1099ac92a058bd8f372a35714d1fe118974a2b40000ec77b06a,source_0001
128.0,0.7825,13.0,0.2031046549479166,5604dabde15e8048c3d92f563f4dfb20c3f3d09eb9045fa393b0bc35c27f737e,source_0001
128.0,0.7825,14.0,0.0916722615559895,8ef083a48be522afd58828815ce52f4def6905eee4a7cfa9b01e5c025e690cc4,source_0001
128.0,0.7825,15.0,0.2301534016927083,3f6b5e315ba373ed96510c9afb456330e61fe9b13245c9c1a9d70d42aa2afff0,source_0001
128.0,0.7825,16.0,0.1290435791015625,cedcb4f8a31aa3111ec30ca7cc92d66e955eed13bba61062afef2ed68ba35556,source_0001
128.0,0.7825,17.0,0.0926310221354166,f128a3196598146f93116dd899a540007952b484fece9304cfb6bcdfb8357493,source_0001
128.0,0.7825,18.0,0.0683975219726562,2c717dfdfe2556d8158d942d835c2e8b69b26ba5139d5c1496163dc089c1c53d,source_0001
128.0,0.7825,19.0,0.1259638468424479,91fcfaa5df2a5a24618d90cd8e475dac7caf42572badae6548ece0de5455abf7,source_0001
128.0,0.7825,20.0,0.0748748779296875,e459a3cfc54d8b3539d4837ef130b5cb5b3a39997d1076909dd4e242710567eb,source_0001
128.0,0.7825,21.0,0.1840235392252604,93c5be9bc4efa1dae53485ab6aab4cf8b444b982a9fd2ee37c4dccef37d55cce,source_0001
128.0,0.7825,22.0,0.095715840657552,08d12946b96256875b9c902d19bf397c19491f029ad0bd5823102ba070a0bb4e,source_0001
128.0,0.7825,23.0,0.104827880859375,f88e82701b628095f71a41ab3356cd694df617777daf43c4834a19935430cb15,source_0001
128.0,0.7825,24.0,0.2135391235351562,188a46e48ff0648a3b1040a8895eec28492c512f00c0c7f23f8a2e89ef52258b,source_0001
128.0,0.7825,25.0,0.1378351847330729,e29601d1edd2dc647372c94909fddcd6287781a1fae1eb7622821bcf55ab1a6f,source_0001
128.0,0.7825,26.0,0.1700617472330729,e4db7a22cb5dba433534715772accece81e6bac33866b987803e3a8a37eabbdf,source_0001
128.0,0.7825,27.0,0.1768925984700521,db565aef9eb21a1a24ed69827702ab4ba72b70b48b70c0c25354780154e1bedc,source_0001
128.0,0.7825,28.0,0.1388371785481771,370a57bf225974a7d28305d64590189bf29b4bcbf9ae6a61b18a3a4706821b0f,source_0001
128.0,0.7825,29.0,0.0830739339192708,db13b264fb8f614b469b308434483216dabc7328c2bb35dd63c17e602510f472,source_0001
128.0,0.7825,30.0,0.0785369873046875,7e871e8f99c52e5b3e7b1b614c137bb228d434856d2879eae1b6e2de55605fcd,source_0001
128.0,0.7825,31.0,0.1791814168294271,8c1e872a63878884c04f2bd0858a73b87ff927f099c88532945ee82766d8205d,source_0001
128.0,0.7825,32.0,0.1034622192382812,36505bcabf59afeaad339c11a080e0f5193e7c7abd3a10d0be32cf1a5f3155fb,source_0001
128.0,0.7825,33.0,0.1295572916666666,037a9b5e35067cf5bee9122e497ba387214663229eb04149e0c0edbf08f9ce50,source_0001
128.0,0.7825,34.0,0.1555608113606771,9fab4dd2339b6d3f6f15fa66a0efedebea87d230ee2b53b5fbd5ec5c880fdd96,source_0001
128.0,0.7825,35.0,0.1078516642252604,fcfef48f749381a9578a3f6db9dc0a3ec6e3725a100f8c6ebd5c1e263a91720a,source_0001
128.0,0.7825,36.0,0.2671127319335937,298f20f3d0443e3a771a1185dca4d26e5477cd19e19061301424503c178cac0b,source_0001
128.0,0.7825,37.0,0.1002883911132812,407087d5ec7c9ed27ccfe6eeea4e366e5ceae0909358c13b4c4bd1d3ff60ff6d,source_0001
128.0,0.7825,38.0,0.1042963663736979,908f8120f0f55ab5be1a188055f1248bd348dcfd8b37a312e24d5b9e66bd2d6b,source_0001
128.0,0.7825,39.0,0.0989100138346354,e62a152ee6463137fcaf4b4057653b868f1a8a98dab7ebafac1a8d1752ba584d,source_0001
128.0,0.7825,40.0,0.0894749959309895,574c5337c1d17322e94c5be3aca5a0edd7d490dd65bfe6ebc08177a3ad0d15f0,source_0001
128.0,0.7825,41.0,0.1389134724934896,74ec47900c02a26352ea36ac32adc7d4cf7c6b9058f3d27d8bf62afe9b66a7ea,source_0001
128.0,0.7825,42.0,0.1323776245117187,7cca30f4dab80ffc11f419d45aa61298abe887e92be582c77dc0cc21a9fd3d1e,source_0001
128.0,0.7825,43.0,0.176544189453125,ba984b245fb98419128b7e7301424fda8730e1b99d61844190a19e8ce65ce3a3,source_0001
128.0,0.7825,44.0,0.1748987833658854,9edc76a4118684cc09cc1933e7e8cc706020f11c304248e034e3a2e0da95e0fb,source_0001
128.0,0.7825,45.0,0.0776265462239583,7f5ebf52150e944292b7fec5816327f13198fb9cdc4ce3c80ce77a9a7bf10fb3,source_0001
128.0,0.7825,46.0,0.1302261352539062,c87c642e99a08083b0dea43b035eee7422a39ad33c2b4247734bf3d637f40212,source_0001
128.0,0.7825,47.0,0.1056747436523437,a602d37b6e8000fe4c433c061e39ff163a33c689d827a4aa8153d06163a47049,source_0001
128.0,0.7825,48.0,0.0912399291992187,58221877dfe1e86bfc1c8033bec4835d135ff5e9e71cab28a5d3d9470cb09c78,source_0001
128.0,0.7825,49.0,0.0991694132486979,206f23da75d51305a911b9d20dd493e3252aa1dc69a4405c79df90de5821388c,source_0001
128.0,0.7825,50.0,0.1622797648111979,b2460b55ee58151d5c6b74fdf4e38d690d888a0bd2f96f14275915cf836107ef,source_0001
128.0,0.7825,51.0,0.1501363118489583,33abb50426df257e84035ff32358ad0fc32d410f39b0dcf84a3e7d2e9143da22,source_0001
128.0,0.7825,52.0,0.2951812744140625,3441d48de5989ae6731a6f670158d4227001e7608a629a91f617e784951afcae,source_0001
128.0,0.7825,53.0,0.0971272786458333,d17f93852735ca7ba92285fa60dc216fe4783f4ed4f40ea031c54ef04967beb0,source_0001
128.0,0.7825,54.0,0.0472208658854166,38dee955a620787e153e92b06e6f412f1e858726e9c16f1ac640e87ef3f9f72b,source_0001
128.0,0.7825,55.0,0.29901123046875,ab20f4e2124cc01505d90a6fadfa7f1e9423673587ae2155cd4a3ae17d89e76b,source_0001
128.0,0.7825,56.0,0.113983154296875,1ae5bc2cda83815c573c19dc2ed61c6a6f8abb66af348c19ddf712c57d4f8179,source_0001
128.0,0.7825,57.0,0.2918624877929687,33ed79051867b667688820911f087ab59b58df1079297243fd55be503029ea6e,source_0001
128.0,0.7825,58.0,0.0668716430664062,2992ac0503d4a83345526486e5a8b083cacb21b1b18bf0bf163dab02da516e3b,source_0001
128.0,0.7825,59.0,0.1307474772135416,ab7f7683b070dea7cc9067730ff7880a5dedc177e830f6de833756f7727180de,source_0001
128.0,0.7825,60.0,0.0987192789713541,0538d172a1433d6bdbddabc257934255606a94ee39162a5723c16075d23d50ee,source_0001
128.0,0.7825,61.0,0.1819966634114583,e22ca90a04600a7c43e39404ceb1defa20eb93fe5051b0f35c80a3c39006f0a0,source_0001
128.0,0.7825,62.0,0.0918248494466145,c85787c6bb60d9fa46c9cb65482a3fc675aa0aa9dbbc139f20ee7208e652b040,source_0001
128.0,0.7825,63.0,0.0442097981770833,69b5ff5d0df5e37fb3deacb431714a9371ecfbec4608dcd8c6a8609c7fa202f9,source_0001
128.0,0.7825,64.0,0.0740254720052083,234bd619377249e55a17539b4a7d274f7295fcff1419032c49d3a017f2de68f5,source_0001
128.0,0.7825,65.0,0.0864893595377604,188f07d9a8353727d04d2553e2f6a412de94d683a1b2540ebc759e5e8106f524,source_0001
128.0,0.7825,66.0,0.0815684000651041,0c385d01e0bc4c6eb60fee3584fe88d846d9cd1a6fd492fdf56ea36bea5faf60,source_0001
128.0,0.7825,67.0,0.0704345703125,c63110dcbc3c4838a39d37fb84cf3d10f52c04883d42637ef7e9de6f2b10e049,source_0001
128.0,0.7825,68.0,0.1385752360026041,89b1195f83fb8de26e416334665576d80f137f090b9db2413a32e65ce953a942,source_0001
128.0,0.7825,69.0,0.0895716349283854,ce87d78bac0a9ad564b42f6b466046402f4396aea2dd375a54d2ca701004a9d0,source_0001
128.0,0.7825,70.0,0.1187515258789062,6ebfdee06190f94215a915fec4ee72b7e44b795e15a5e631bb1b75ea6cb996f8,source_0001
128.0,0.7825,71.0,0.122235616048177,c2bd3fde3aafe25138e4cc839fd07989233e3898f17ee30b6cba546557b1e796,source_0001
128.0,0.7825,72.0,0.086133321126302,74b7f4c7fd6bcde09498ee9760b752cd2556f97a4bc34f71ba701e5368f96481,source_0001
128.0,0.7825,73.0,0.0759531656901041,175f28f1705b722923e5b9cb95fa5fefb650a259260ab629a6098536c32369cd,source_0001
128.0,0.7825,74.0,0.0851694742838541,8f6acb1c1afd1161f9afcc80bef0134e9b482859dbfe0cd4699fe93710119227,source_0001
128.0,0.7825,75.0,0.0775960286458333,2bc8d7c71d7666bc76b4c52521f21f82dc3cc510e9b83d928757a8935a99447d,source_0001
128.0,0.7825,76.0,0.2102076212565104,b358803874f29652e4830fed934245cc5e012e50298d26386cdbdd3d007f33d4,source_0001
128.0,0.7825,77.0,0.0760243733723958,548284687ce91cc014ed3c262a7717e9e5b2ca7137b0bc2e3f1c8bd0d66f96b6,source_0001
128.0,0.7825,78.0,0.1429519653320312,880c8d199bf671757b5ba661d416ece47ccb78a06ad104564854e508c5d206fa,source_0001
128.0,0.7825,79.0,0.1689707438151041,026629b0c3017e53dbc87a125edef7be35ce5a8ba390592296ae2da999ff67ce,source_0001
128.0,0.7825,80.0,0.080151875813802,797b3fc7235d30365a78f6ece6e5047889b9423bd7d135c6020a5a049f53f7c8,source_0001
128.0,0.7825,81.0,0.1529744466145833,1d2e0e77745bca543f393c53f04109e180b410685ffbe1a60e2a06777ee16e25,source_0001
128.0,0.7825,82.0,0.1372858683268229,c16728b47a8bdb23c791161f07a464ec555a9ff2536ebf8dee9b88f18bb2c6e8,source_0001
128.0,0.7825,83.0,0.1317189534505208,dbf539ee4543696e76bf9b2d436757229cfed6e80cf1fbe7ec52b544f3439a43,source_0001
128.0,0.7825,84.0,0.0678304036458333,c8886d005e9a264775f9c93a16f55385e8a06d555485406a3d86abe5a2f5a06a,source_0001
128.0,0.7825,85.0,0.0473734537760416,03085cb0dc0c0d1f30bafcb2b3a44f7fddd68f935c8c2b8454575618128578f7,source_0001
128.0,0.7825,86.0,0.2230478922526041,334e362380eef36e4a3f12e67ce4df211c3d775468c716b14cfac7a51182ab97,source_0001
128.0,0.7825,87.0,0.0972340901692708,c6a9001e7e2f9fbec1a689cf0a378cba4098fdac5130a61b534d14c94c976959,source_0001
128.0,0.7825,88.0,0.0885848999023437,de907471cd71c74f1b220ac79037cc62711570d4cf51f130d795e401ec62e7be,source_0001
128.0,0.7825,89.0,0.1550776163736979,9bba65b8b1a71ecd68b2665e857fa73248830617137e6df0e00dcc6c3a54970b,source_0001
128.0,0.7825,90.0,0.0617294311523437,0dd9573998bcbf9e4ada12123cbe043889f1623dc0d1d5a3f33203818a48022e,source_0001
128.0,0.7825,91.0,0.0935211181640625,a269f3eae62f0c9f09b2448196933a7a6c017dc475627cb2c995084a563e76d1,source_0001
128.0,0.7825,92.0,0.1226374308268229,e5a393abf9477eaa76dcf7494388bb89113b8f9ae3d9e24d9d67821acdc309f5,source_0001
128.0,0.7825,93.0,0.0959320068359375,733e5ac4597023fcc2af4b7ef40e906cd6162c8064714e864412c9f4d8f4dfb4,source_0001
128.0,0.7825,94.0,0.0809529622395833,ca51b71fd00f6599ea0da0ca20fe07cf4aba04d5e506bcdbe3060816bd674b0b,source_0001
128.0,0.7825,95.0,0.1695048014322916,28c1ff56b95bf11147a29bd7ce8b974db6fce46d88dc24b0c61e228586d7113d,source_0001
128.0,0.7875,0.0,0.2535807291666667,811890ce9de309f97986ac5c65c234ffdf47892a57b4f42f2f3b1569eca8368b,source_0001
128.0,0.7875,1.0,0.0740152994791666,c432deaeba89e3d9ac519a5b044e40364d787df009682089ee2233d5d79a7c1b,source_0001
128.0,0.7875,2.0,0.0818684895833333,4c5d4c222759df59346aa6483e1cc1602a76fa0886986958bbf27bef12adf6ea,source_0001
128.0,0.7875,3.0,0.0558217366536458,1184128cbf8b015ff3fd31b99a117f0384eefecbfcf6d6f4fe88e342b62f0ec1,source_0001
128.0,0.7875,4.0,0.1316986083984375,f02e628eb1426545a6eeae033427411daa50830e61ae799248309e15cdd5c3f9,source_0001
128.0,0.7875,5.0,0.0952606201171875,997292ad018ecd3bac9a706e3850c8aedcb37536b60725cc3571b1328d94c475,source_0001
128.0,0.7875,6.0,0.1876602172851562,4598d690e678bcd8638309c78d74c44c8a7c4b02af4de6b2bab83df7e634f359,source_0001
128.0,0.7875,7.0,0.1587320963541666,b9c3f3b0d1d07efa31dfcebbd47eb983098ba3129abc0f59e18e6ee871f5e461,source_0001
128.0,0.7875,8.0,0.1650797526041666,d7a4cfd8fedae33eb77e450cf83583d654c4a667eb3e248115b53bbe352291fc,source_0001
128.0,0.7875,9.0,0.1391754150390625,b27aca3bbf4ed258be9c723d98370287c8dcfbd1a83fa7cafa499abc04d54d48,source_0001
128.0,0.7875,10.0,0.1633173624674479,70a52c7707ead84221c1fb2ba1bc2a85a14436ada2ae34b27e3677e6a1c5126a,source_0001
128.0,0.7875,11.0,0.1427663167317708,c027df91ab891a8d750b6f765d7e718d4131673a5ca44e1a7f4c22c4be754321,source_0001
128.0,0.7875,12.0,0.3670628865559895,2b0cf9e6af2114f30420c30a0c8bb47aae257ab6b57c6d55ea324b69c464864e,source_0001
128.0,0.7875,13.0,0.3063812255859375,ac6bbaf4f32f3be6bf4aac4524ce5b746907d9accf1fd9d1bd024222d9ce8be8,source_0001
128.0,0.7875,14.0,0.093671162923177,0ae57290aa1885bdcb5b41d75a9cda283665b520fb9d2fe6f566677865e262f8,source_0001
128.0,0.7875,15.0,0.2303873697916666,5adf1d30f73af4a5c0c215e776913a9fc993a47f4dc9bbb84b9fa395ba03c4b1,source_0001
128.0,0.7875,16.0,0.1814320882161458,200db7b9bbc444169b4b1de3d87fbd61480c7f25ce10a618c7e24a7f3e0914cd,source_0001
128.0,0.7875,17.0,0.1128336588541666,981aaaa7e9534036905ad095d8d79185137949d4184014db3d23ee8c2ca01a25,source_0001
128.0,0.7875,18.0,0.0855280558268229,21b80eec6e1ab21fcb4449c445988f973ecf8aae051ac81ffee917610d35a47f,source_0001
128.0,0.7875,19.0,0.1380615234375,87577c173542023f51af8c6b4b4dcf75a38eb3c481cf90f582a689514dbca9ce,source_0001
128.0,0.7875,20.0,0.0875803629557291,7d737c38b8932ec9b134d91a2222737621a3117b4759c08649abfa67add6453b,source_0001
128.0,0.7875,21.0,0.1987889607747396,5a21e2dab92eb9398bf836ad449f050dc73f437c7c3c45d55572899ae4017d9f,source_0001
128.0,0.7875,22.0,0.3489888509114583,53f8960026138247fc7a04e96ea65711b480aa932fb40370a00245a1bb2adde7,source_0001
128.0,0.7875,23.0,0.1817474365234375,1e53efa6ba54dfce04badef353a9fe544d11189644232426622787343b36fca6,source_0001
128.0,0.7875,24.0,0.4292831420898437,9996f181370ca658bd78303ca25abaad09839881abff54eca7313725937633f1,source_0001
128.0,0.7875,25.0,0.2099812825520833,24e8a85d9f48cd4f6cf6132c65b3ed0ca120dcf6988506309d60d66aaa00b83d,source_0001
128.0,0.7875,26.0,0.282727559407552,c85b2ae01e35609110dfa148d794d0345df9432f87f7fc555f7828d50586e579,source_0001
128.0,0.7875,27.0,0.2271652221679687,1c8828c27e6bb3818e6712651719ae9066f8aadb4a787f78e0bb75ccf3b682a7,source_0001
128.0,0.7875,28.0,0.1482747395833333,0df635728207944e1cc4dac0b1b7ea1e48bbf9a6b7fc37d093d00415729df9d8,source_0001
128.0,0.7875,29.0,0.0932337443033854,c01b522ad46747ed7284fcf1e938732a5008b9686f6e31961054f99352f8e6b4,source_0001
128.0,0.7875,30.0,0.1188125610351562,e56535cf7076c3e4e9c76329bf6cad7e4e8275a7d0fedcc198eebeac9f40f18a,source_0001
128.0,0.7875,31.0,0.21630859375,0cd14906e2b65aa4488ac6dfe6e7e2ada0608c2faf7c4c6a8fc0c72a2792e764,source_0001
128.0,0.7875,32.0,0.1115646362304687,58a7e8e098448ef01b1f27752cdde10519e6169bdbceb5bbb7fc3137c8f4d246,source_0001
128.0,0.7875,33.0,0.1547622680664062,8798ae439b5cf9a084d3e603c6e3c6f1eef5ebdc84edc62335accaa170f190fb,source_0001
128.0,0.7875,34.0,0.1717351277669271,138f61f74eeab13985966c19165993e77a882e6cc0b0e1c9827fb75cfd89ce1e,source_0001
128.0,0.7875,35.0,0.2543894449869792,8e294a89d6b4845bfd06521f66e3d7c03bd2d629f5b241308fff70a4308e517c,source_0001
128.0,0.7875,36.0,0.2685953776041667,4365a50e195fd1d469d99c8ec6dde79c888b7fec22cc7a58387a2c91cb767ee8,source_0001
128.0,0.7875,37.0,0.1680145263671875,03a2f0fb3e27a6ce62bba3718ffa453fae79dd1fcdca7d79a29b75db44dfd6c5,source_0001
128.0,0.7875,38.0,0.1775843302408854,2bec4a9ac147f3ca8beacc5dc172341fc8d63248fc05e9e396bb9603bdd85d80,source_0001
128.0,0.7875,39.0,0.1695073445638021,ed275ff266f82e4dd24d012b25f05a1052975ef9a596546c943b496808d902f6,source_0001
128.0,0.7875,40.0,0.1487350463867187,7d3d15ab5c067cba70a011a659cdddb7c851eade8fdb5378a89a1bf1508db54e,source_0001
128.0,0.7875,41.0,0.1470692952473958,24b8bca43c1a49fe6ec6329f2a3bbb626dfd0c983f16b4e91ec3bc84c670f685,source_0001
128.0,0.7875,42.0,0.1699447631835937,57a6607a4accbdcf2aaa287d028984360bebf91aaffdf732787f747b7c66af1b,source_0001
128.0,0.7875,43.0,0.2252019246419271,b3c42611780277480c46c4a293fdbc1627e137c76bbb625a51dcf676873d0415,source_0001
128.0,0.7875,44.0,0.1850662231445312,1819fae3d67cca23c29dd3122099b8ddbde377a59ea7d2af0c7d865c749de6b0,source_0001
128.0,0.7875,45.0,0.106353759765625,5d7536d9809f9c3938d5b7f7219edc38ba944f684c9e62b30a7a25c5009ffc24,source_0001
128.0,0.7875,46.0,0.1466827392578125,682b8603154902e7a9f3e68445411c41cef9b049e720841bb4003b3e45884c6f,source_0001
128.0,0.7875,47.0,0.1289418538411458,22dfbe16ef14fba061210fa05010ce60f4c4393d74941d05695860e1010cabfe,source_0001
128.0,0.7875,48.0,0.1015268961588541,3b085ad88556ef49ef64c02cc71fdc715be6a3f298168f83f77a3430ef841d60,source_0001
128.0,0.7875,49.0,0.222381591796875,0d66cb4a4268d9a0e005e6ebc53f8e080d4d0e17954b7644d6df27510a168e42,source_0001
128.0,0.7875,50.0,0.2015457153320312,6f812e611f6e6caaee46dc61c6a1c7f18b5cc04676708a8409c1cf4e8a8f0007,source_0001
128.0,0.7875,51.0,0.1204579671223958,8aa0182971b367a944c9556877c39b58ee63ce8ec0192261fe9721b37da21bca,source_0001
128.0,0.7875,52.0,0.449676513671875,9d6b3a499428c93ab2bdc1586bab3d7040ba2a0ad4566ce594c5cf4bd1dd3fd4,source_0001
128.0,0.7875,53.0,0.1162948608398437,a828869e76fafb1fe99f3c2cef0005087590c6d340937c35e96cd227942542b3,source_0001
128.0,0.7875,54.0,0.1216150919596354,4378f167bd59123f923c464e6a1efcbd4a1f3e81c604707c8a9d51d736b9552d,source_0001
128.0,0.7875,55.0,0.2411626180013021,fe009c4788d452c9b571d6ca84beb7004fa05f5dce2130056de3dc7f232f977b,source_0001
128.0,0.7875,56.0,0.337170918782552,2b0ede8624b491e39dd76c633f732a09148afa42949735bb230d45288051b1c2,source_0001
128.0,0.7875,57.0,0.4082285563151042,eb5f507147db4e046e99a93c1aecbe6d54f9e3d3583301ed536c8ff74f591e3d,source_0001
128.0,0.7875,58.0,0.0915400187174479,6f16b954929c7214f56c0704632a62178ecaeba3ebf668ee93c98a1ee298756f,source_0001
128.0,0.7875,59.0,0.1591720581054687,a38bed219a9b0e1b28efc3058d6b357239a9474306eaeb42f2f09677ae08e370,source_0001
128.0,0.7875,60.0,0.1554896036783854,f5bc839abd3d1e49bd467f7ace5662fb3c49067d3f4f6806c02667b518c39e2d,source_0001
128.0,0.7875,61.0,0.181640625,4f7cfb658301779397f04fec8bcdcd944c88494fb6ab3d2aefb285e91c03c414,source_0001
128.0,0.7875,62.0,0.110595703125,accb131f2a4ccf280b225ef54941ce19c2c574e3e396852a20028f64b9291ce6,source_0001
128.0,0.7875,63.0,0.0835316975911458,abebb7ce0e9096c44aa3f49d5016bf138a14a89ed69a060e34ab9a868e835dc3,source_0001
128.0,0.7875,64.0,0.1572087605794271,a99c8cb05fa93b53c14658d35f80337da3b1cbe48ccc9a254b877f9ba3a8b2be,source_0001
128.0,0.7875,65.0,0.2326736450195312,66b6de220d28e5d14012ca2a3dcf5be896a6cb432413af703ee89abd37b3d6db,source_0001
128.0,0.7875,66.0,0.1114654541015625,010218def3b01f53b78220b2d632d6b74a0986a5c60c0bbdc8947a1f550e97de,source_0001
128.0,0.7875,67.0,0.1235758463541666,30b7fdfc09a1f062aa1b5d1898610e72aab738d5e4dd45c117ba8c59745db7ff,source_0001
128.0,0.7875,68.0,0.0978546142578125,3bfdb4e4ef9c8783561ad3f7c4a7ea923364b3bd9e21f7d574d03f41451e2045,source_0001
128.0,0.7875,69.0,0.1798273722330729,9089edb976f6c8f346fbc38dd64ff5f7a9a7aee045e560ab657eb6a40ebaaea1,source_0001
128.0,0.7875,70.0,0.1192220052083333,12c6177f0e80d16f1c4b180127c53078409b4b824ff2f232ac800d6bd02d92f3,source_0001
128.0,0.7875,71.0,0.4494908650716145,750bf56be5205817c6598bb67df35b34441e1e26afbef3e0fc544e3ec6531d4d,source_0001
128.0,0.7875,72.0,0.1442743937174479,780a9579ce714e6982911e3c2036dc00d52cf519eed0923ef83034eaf6642c91,source_0001
128.0,0.7875,73.0,0.1603902180989583,69f9fb79f39bea15f6fd87ee8d938bdeeee90203ce15a1548544a5334bec4e2a,source_0001
128.0,0.7875,74.0,0.087628682454427,214e51f2c0607701d7541bb7ab64377fca0f8d8de0c87e2cec3cde6ae07b57c2,source_0001
128.0,0.7875,75.0,0.1425374348958333,78c23b4726b5eadc5cb454239392456bbd3c8990b0d68371e4c6326bcefe8e79,source_0001
128.0,0.7875,76.0,0.2435251871744791,b01eb0a7ec7655344f4da1553d9a887d3c048f63faad795443239689a4fb8682,source_0001
128.0,0.7875,77.0,0.3302637736002604,214c2b85f9c8a3553965395f755e78458948289b92fd279f0c795571aad24a06,source_0001
128.0,0.7875,78.0,0.1442438761393229,1c2d6a1d891607a4ea16acdddcac487132b993a8d2925b46d39cdc9ec791ac83,source_0001
128.0,0.7875,79.0,0.1738357543945312,a04262fa80a27ecb9ce095a64aad15e95e6428ed2a1edb7fb2857fc6cfbbfc76,source_0001
128.0,0.7875,80.0,0.0786056518554687,88ad432dd814d1ceee0ec01f1160785888701413581db0ba3c69550f2614299e,source_0001
128.0,0.7875,81.0,0.3233286539713542,319eff8233ae1d4f2fcd6737a2516a156740b6205439297e6116ed902bda3c83,source_0001
128.0,0.7875,82.0,0.2152608235677083,7469c7af80757fa8fe034e724005e68ffc35b1cbf1eddcbdca42712d2015247c,source_0001
128.0,0.7875,83.0,0.1507670084635416,3fed5e74d95ccc65f82ccd60cc7ea781506ef6bd0ebaf5094aec2906d9825775,source_0001
128.0,0.7875,84.0,0.1169459025065104,7b9bd53b93e356ab68f0d2970f841654845d8332a143a94d42676eceb0d311f7,source_0001
128.0,0.7875,85.0,0.09661865234375,0fed5b8325554d41371af6d6a0eed1bc10858f912493c215d7460916f603a87c,source_0001
128.0,0.7875,86.0,0.2253545125325521,2c5d12a666783a2929f3630454d107ab475817ad23bc37399c0122e8397246b4,source_0001
128.0,0.7875,87.0,0.0985438028971354,8df285c6935bc675a75134dca0fbd39e61e047f851cf37bbbdc8b3ae4199e6f4,source_0001
128.0,0.7875,88.0,0.1878077189127604,313619b3b65dcdab36ffe18e4e9a8f15ed53758bfd47a59c5bd8395d1c060097,source_0001
128.0,0.7875,89.0,0.1084340413411458,f9165b1aa0a4a9d9dc56f4281f694bcab08b7b1e5ef6964724f0af88433e20db,source_0001
128.0,0.7875,90.0,0.0744883219401041,fa8b9c5b594059d24c027727d2557b7d85c0235bf86d3213a95e252e560f0af9,source_0001
128.0,0.7875,91.0,0.1626637776692708,da156cd3453472de79c1b3499e2e32d3f0d4b01c4a95d2d090ec1e918a5809b7,source_0001
128.0,0.7875,92.0,0.1501795450846354,8d895e3c7c6ee68875e050fa8a6adc30ace9b4be1f4a4d5695baae0f76e23c69,source_0001
128.0,0.7875,93.0,0.14666748046875,a3478738d4bfb9945c19d92c2b3a08afc2ec014ad8ddc205232ea54911cf3440,source_0001
128.0,0.7875,94.0,0.0968195597330729,570116e460be924677435c26678df7cbd646505f5a2f3763574a6d1592c75cc8,source_0001
128.0,0.7875,95.0,0.1852773030598958,d134596e923180fc2be8f84cae6f442e60c39feeb54ecabbb20a4e34aa90895e,source_0001
128.0,0.79,0.0,0.2595876057942708,5282c6aaa8a8799845813d740745deb1b8e99576b33e5dbfd798be8b075c6a5e,source_0001
128.0,0.79,1.0,0.1592737833658854,7464d40813945a2df154084f204d214e7fa7355d45d16bb849225d61a80a6f05,source_0001
128.0,0.79,2.0,0.1921844482421875,3a9ac2647ea98a81b0aa17b58f0be2258081025bdb93e2e65afdfbf2ef9df77a,source_0001
128.0,0.79,3.0,0.0999069213867187,e86e669451c0dd58efc4b7868173a34c963151de9d3c3bba9bd45747b93b6fa8,source_0001
128.0,0.79,4.0,0.1811930338541666,cc67adb09c8c2262f64a90b5ce11c7af9be73120ef816660859ae50437f18059,source_0001
128.0,0.79,5.0,0.1032892862955729,5f567d3452a5f5907b533d717fb68d8a48654603ecb1cdc8929a4f4796fd497f,source_0001
128.0,0.79,6.0,0.1892445882161458,a8c3a0d454aba858f64f629adb7a243247d0ac7caf743299a93c6eef1f3bafc8,source_0001
128.0,0.79,7.0,0.1592483520507812,1f6c6e81bf97e9a06372da328961a524dc6bdb93f9f10e35576ca4894a7fe933,source_0001
128.0,0.79,8.0,0.1948496500651041,89e89a971d9be003487d8a1c3ec05eeb8eba90173b9c2e1dce7ce69d51a02789,source_0001
128.0,0.79,9.0,0.1401392618815104,4b6e8890e5aed1442a53a6e9fb0947cb3f59a59756c1870ab4dd7cf552352a08,source_0001
128.0,0.79,10.0,0.188140869140625,a289eec9796abce64bf442422081fb8337784597b162220d1d8a83a6a3282661,source_0001
128.0,0.79,11.0,0.1876373291015625,ee4508a963f4655416b558f0442081e02a849d7021bb6ff668eec9e61a412cab,source_0001
128.0,0.79,12.0,0.3728179931640625,b96ed0437984aa833255048e146393c5da35285c4a8467549b61d9810e759cec,source_0001
128.0,0.79,13.0,0.2171961466471354,13f2ebfd2686e87ddccb154edfe45e110ed5970d04363e7b46c404cec7d71966,source_0001
128.0,0.79,14.0,0.108612060546875,e8c569af23e050d8a30d08b79ae77a59a4897ab7b85c80ebfc5c7a8f4460905c,source_0001
128.0,0.79,15.0,0.2302474975585937,9defb3ea47f84ab5b371ab957ebe07731e6c99cb7b213e2d892ac90946856599,source_0001
128.0,0.79,16.0,0.1816279093424479,1c05f053a05ca2df17f7cc86fbcc53e825e357c2b06fcbceb1eafe28ff041940,source_0001
128.0,0.79,17.0,0.1131464640299479,a3daf99f4cb47ab445736522ae2f016b77284fd46a349befee9c289aab5d0448,source_0001
128.0,0.79,18.0,0.1643524169921875,14858385a17f84b19128c062614e37dfcfb096fc94ea4bf73c3befaffdd08ffd,source_0001
128.0,0.79,19.0,0.3275934855143229,1599f6bb974054bc9818d63f0fe37392f128f79d8a23afa2c0fa4bb3f07d695b,source_0001
128.0,0.79,20.0,0.1216303507486979,cdcd1bcbed0b2fe63047881dd347bb46d86ea5fb8adaa686a11e3770f9267969,source_0001
128.0,0.79,21.0,0.2287419637044271,a76a0cbebe76c14bb3af8dcb82acb14dbed6a8d4113c7527c5e454cf2e3eeae2,source_0001
128.0,0.79,22.0,0.3580347696940104,215190b90f89c815bb4a56c1b41dd0e673d8a342e816f66aa9591359ca7e73ba,source_0001
128.0,0.79,23.0,0.0913187662760416,20d803b19848267c7fb41e12eb6135841f48b58b162e11ae91f116f263aa0d91,source_0001
128.0,0.79,24.0,0.4413553873697917,9c0652ea485080cb36857839f7a74f0b43fccf7a839908be46b39c33080b3d64,source_0001
128.0,0.79,25.0,0.4184417724609375,202e49f3ddbebbfcb2e5aab66568a321526e5ade7d7fba664048b593ed679622,source_0001
128.0,0.79,26.0,0.5716985066731771,342fc0512b98038827e34d9f79d6d5cb2c3767907b277633834b8d7d0ada0e4f,source_0001
128.0,0.79,27.0,0.2281621297200521,7df4e192e6d8c2b1b5275f3fbf2c69135d7078ab449ef24b0387da7370f5cd67,source_0001
128.0,0.79,28.0,0.2580922444661458,3eba38c4d2df89309d6bed64b9e286830be4d03a5741e1cbf47e8bed638b9710,source_0001
128.0,0.79,29.0,0.1113077799479166,783dc20623c8ef3d55326bb6e9163b3da0b0320e9a44bcd82ff4cb5eb5c7119f,source_0001
128.0,0.79,30.0,0.1193873087565104,c1808c14f58507088902632a28e18e7fe79fd4032e38478b217857dcd5dce00d,source_0001
128.0,0.79,31.0,0.2167816162109375,b52101c49b653226c9b0b921b7b76c64411a9a91cd0b5d5da4c6836b743c5440,source_0001
128.0,0.79,32.0,0.1464691162109375,6a7ffaf601ee881b5d0f25ebdcb6f85e24d201730f4d9514fcf4790aaef2d341,source_0001
128.0,0.79,33.0,0.3332722981770833,2c769e13a6f30b687f0f1936e6f6fcc8af3f4cfdcb6e06b33b0806356893e034,source_0001
128.0,0.79,34.0,0.2467625935872396,06c3c1bf28eb6706372125f50ac2361aab5359a42dc4a570bdefb445fe9acac0,source_0001
128.0,0.79,35.0,0.2809117635091145,e47c2e55159dbbe2c3a8cf00364c608be720d26d66af66651237a0f6aab23972,source_0001
128.0,0.79,36.0,0.2702229817708333,affce23ddc4f14e7fb779569a689a4bcc696fa9c9ddddf57e353c446640273fb,source_0001
128.0,0.79,37.0,0.1713612874348958,12fe78438c1cd09369791f4d06e3eaaee3ba67542f38e44338fea810f9c0d98e,source_0001
128.0,0.79,38.0,0.2600021362304687,cf8b3e2dd43b351df552eddceda0152e024d1a369d947149dcd447830a968941,source_0001
128.0,0.79,39.0,0.1859639485677083,92e7805e70647e94aad068a2a4fad375d1a3074bdb23ac2845b489135003d99d,source_0001
128.0,0.79,40.0,0.1252873738606771,84b1ca24f7d2258317ccc50ffbfbe190c1ed03625554191f9192e27463a6e7e8,source_0001
128.0,0.79,41.0,0.14947509765625,ad3bd9772d3f8609c293fdef7a315ec61c8937f50c9302daeb8acbd7a5105fce,source_0001
128.0,0.79,42.0,0.1709009806315104,9c867797b719a4526064a2166b7c27d0abecac6bd32048a9ffe78fcbbbc908b5,source_0001
128.0,0.79,43.0,0.257703145345052,f3d31257bf99ba0993936ce9119e0fd908a314f783b70253c8430cf759112672,source_0001
128.0,0.79,44.0,0.1706975301106771,63e4ee968f680de9ab35f9d6c6ecbb91fc0b6127a00b91c99309bfdbfcec4961,source_0001
128.0,0.79,45.0,0.1041641235351562,9e0cf0a8f6a060626362d26f639b1cd943f0fbe94f025b9eb82fd6c0f2321e2c,source_0001
128.0,0.79,46.0,0.1165517171223958,f80960675a0d59397fa5f6c2b182e222fc2dacd704df1d4dc4040e84299021e7,source_0001
128.0,0.79,47.0,0.5352554321289062,aaf0a52a27c939e68ea41485a2eb4f87c8401bf18aafdd79174d81b0fc82e2ed,source_0001
128.0,0.7925,0.0,0.2296269734700521,fde4d6ecf10bec2b62530fb97644a7de0090d985b767af9542b099b8775a0e55,source_0001
128.0,0.7925,1.0,0.2577590942382812,4166b6750dbb2cd174d31ecf58cd27fc20ce56a432bdafdf27e68a65b3eb6215,source_0001
128.0,0.7925,2.0,0.1928253173828125,db14f33b02e0e2550bd37b542b3d422cb27922c7fdd9256f1cdc3b0db21e8022,source_0001
128.0,0.7925,3.0,0.0999628702799479,1863e748639007032e884e382caa31572c0d3c04b86c4c52e1b82a88cd7fb68c,source_0001
128.0,0.7925,4.0,0.19287109375,4a3ba7a5eee80143ffd3076e11d3bbed10f0b2294ab4abb9406dbe8a96cbfb09,source_0001
128.0,0.7925,5.0,0.4152297973632812,ae07d869ea64b26944cdf050287d0261fc5a8284dd3b14cee8c4b57c5d146f62,source_0001
128.0,0.7925,6.0,0.1916834513346354,f815dc1828c8ae66db7fb52ca4866ee97eb1854f5e0ce80c67a8a929864b7e3f,source_0001
128.0,0.7925,7.0,0.1904576619466146,a17f83f202a9131dd8c6ccd51a0290e8a9e71bbbfdcbe8b9f92edbe09c014c70,source_0001
128.0,0.7925,8.0,0.1984380086263021,c70ba3a94ee65d5d454a966e88d16790932b5bdcb1890fa7ca1ebb5d62820b10,source_0001
128.0,0.7925,9.0,0.2002588907877604,1d1b091369820584377dec20417c4e4db1b5089b038af0435693d6b0692c7181,source_0001
128.0,0.7925,10.0,0.2037455240885416,338d79941d5f6755a4b5a6a290f62e36e4fad097bce1b87fb885cf487553f63c,source_0001
128.0,0.7925,11.0,0.4307301839192708,d0a7c40b98423083ce9e2d270d273ffb92d9c05cad924bc300b2649e665b3b15,source_0001
128.0,0.7925,12.0,0.4464492797851562,f4e63e21f4e78a313087436e5c0d0d91054c9ce0743413df115db1221ba34813,source_0001
128.0,0.7925,13.0,0.3165435791015625,d39be1dde8fc1f869722ae7d9a7725a78773c67a05b3e81d7784fb8dc4ae9392,source_0001
128.0,0.7925,14.0,0.1739247639973958,0650fe06999b1961e1121614a53699dabb8ab94d31edaf825487da18aef0db70,source_0001
128.0,0.7925,15.0,0.2899246215820312,995a2af8a7aa2e92860e396d1e7f8eddab68224760bfc9c81ccd6ae7393511aa,source_0001
128.0,0.7925,16.0,0.2798817952473958,b87904f81395cd53e245e188cf8ae58635b8baa27d4eb9e91ab24747f315d316,source_0001
128.0,0.7925,17.0,0.1309611002604166,0ba6c66aebd0ecdb599b092470e2ee7492da635c43cedee86ca4eb4306fe513d,source_0001
128.0,0.7925,18.0,0.1655120849609375,4be6dee2d2d165040568ea8aa93bf9c0ab83ed9b7117bd5b82ca4da9beb41b0c,source_0001
128.0,0.7925,19.0,0.3283411661783854,f3be075d59b7035fb0c52203f4e21fd353e0af296796c85cfc59b98049081052,source_0001
128.0,0.7925,20.0,0.1436614990234375,67a094e48a502a510c18566f6c924d28f874b7fff6ca8a193eb41ec6ad7fd52b,source_0001
128.0,0.7925,21.0,0.2289479573567708,8b5d873ceb6a687186b7310970c76dac951d9815035a4956167a0ee248b26e25,source_0001
128.0,0.7925,22.0,0.3631820678710937,f0b7763f9f007f792d85f6e72c712bc1855f74254243632695be185b6ff21dd1,source_0001
128.0,0.7925,23.0,0.091473897298177,7ffd5d18be8c65f2af99f814c0d4c521a1080a8a80a2aa43073aa1da566e725f,source_0001
128.0,0.7925,24.0,0.5086390177408854,cd4094e9c901845112d85dc3cb8ca37dd02a7e32a15c94b4423d5b5874bcc771,source_0001
128.0,0.7925,25.0,0.423749287923177,2a33cf131ac63b8db9a27cdeb4818ce87b7e9486e2bb29b89646ee20f83ba1da,source_0001
128.0,0.7925,26.0,0.3277231852213542,6509d0d0d99a05b8354e537db07207e44f8225792911992906187f919baa514b,source_0001
128.0,0.7925,27.0,0.2545547485351562,5e47abdbb344faa7cfcfb3fb7dbd834f9c3b72ec3bc40bd09c9607efdfcd81cc,source_0001
128.0,0.7925,28.0,0.2611160278320312,9cda52aa0102d8cab329368bd040c9cd611f609a4bd8dafd2af95e1cd6aa008a,source_0001
128.0,0.7925,29.0,0.114148457845052,f47a86fb6a378ee99ebf081960d828629fe0517abd27ef9256b61c7f3361d3be,source_0001
128.0,0.7925,30.0,0.2628885904947917,7c9011c0e451ad63251c05f2f0fddbe5fdf9ced8ff47df75d81c47aa861b20d9,source_0001
128.0,0.7925,31.0,0.2170791625976562,635311d166c7f39c3940aee7cbf5322369323fbd5528e16d6fcab070477e20fe,source_0001
128.0,0.7925,32.0,0.2022883097330729,498af0dd632f4b3f0b38c311dcc884ab6cc3559a584e919fe134d5399b1b4563,source_0001
128.0,0.7925,33.0,0.3852310180664062,3777f3183d94477ee2e445959c7a6a171ddb7246eb1faf744a07908ded4cc87c,source_0001
128.0,0.7925,34.0,0.2878189086914062,52894246b19905671ebc406fa8a8dc98f6cf63fe3dbc04ae38824622709ff14b,source_0001
128.0,0.7925,35.0,0.2842000325520833,c1a8bfe668702ac1d3f33cedfd96f9ffa539e64d8487a838180cac86727e32b3,source_0001
128.0,0.7925,36.0,0.270782470703125,8b779e816731bf0f73d0e461a2cbab89b8362ca442e54c0e79e6c9ed499ffd8c,source_0001
128.0,0.7925,37.0,0.2096328735351562,35b363f0f0eef3029f046d984f49138dda97ace33f35498660fa4e2927e3c3a1,source_0001
128.0,0.7925,38.0,0.1866073608398437,fadadd1ffb704ea1f9cf195040390217fcfd243f75eb6c2fe749379b4fbdf749,source_0001
128.0,0.7925,39.0,0.1856333414713541,c1adad71f84d7e0d8824e49825d91c43ca982ca4ad6ae56dcbfd6c1dda2f3bfe,source_0001
128.0,0.7925,40.0,0.3797581990559895,b4094fa4bc68221b88bd0878309ec6efefe0c33e233441dee6a83ada2ed12b5b,source_0001
128.0,0.7925,41.0,0.3108189900716145,2b3af7a5f6a2253ece8c332a5b6530b7cb1a600e2196a0b5700bb2dfd8e5e3d2,source_0001
128.0,0.7925,42.0,0.1540654500325521,188418f2c947db52e1009fe8f831d6ee5e107ee01f6fd7284dbc2c2485ada67a,source_0001
128.0,0.7925,43.0,0.3197021484375,dd06c5177392a2f633251a71ff33c447e9e0f77e41d6e6dc837226733347ed5a,source_0001
128.0,0.7925,44.0,0.2587941487630208,f98919ed5d9f70c3660394a5a7fad1fdeff1d81f264efbf40d3b4f7d64a70f61,source_0001
128.0,0.7925,45.0,0.1538798014322916,d660c8bbc91f861a53dae908dbf4b0ed78e1bb0424d3462b7c989f05078ea05c,source_0001
128.0,0.7925,46.0,0.1166432698567708,155cecaa2f178595fac8e9deec179b7a3b504ef8023931f6fc12a77210ecfc90,source_0001
128.0,0.7925,47.0,0.5413487752278646,2d4f0d8f14280865b23a774318751b5f2e940ac071de2696b2a6771eed5c719f,source_0001
128.0,0.7925,48.0,0.2154184977213541,eb568218c18ed21f8c020a0f83bd0059fa0b6344bf13f8ad2f997a172561ff04,source_0001
128.0,0.7925,49.0,0.2359441121419271,d021f8e1e83f27eb50ae417b1c56a739eb49c9e0765780d19077cb8a9d82a476,source_0001
128.0,0.7925,50.0,0.2724049886067708,68f66fc6dd84698b3a8bdce7480a01371a530206ad9222847f4b789be9d889a8,source_0001
128.0,0.7925,51.0,0.2618637084960937,c8a36eba948967b3392b5bcb1ff6cc5ac8a240292a23cf77e0b5ea862fc6b598,source_0001
128.0,0.7925,52.0,0.4499003092447917,97ac47f7ed2b3b7665e7d9c7a38807c37ccd45d8c56057abe6823dcefa174996,source_0001
128.0,0.7925,53.0,0.171905517578125,a635043335009d3ac8cb60896caed4ac0b707b690f215e58ad6ffa7e2da64141,source_0001
128.0,0.7925,54.0,0.1329549153645833,9d22f89d2273bba5bb2103b2a331a1cb70874f045714ca568a8e72a5e5cbac2d,source_0001
128.0,0.7925,55.0,0.3399429321289062,1ee596cec49d89bb5bafb99fd7d07496e8cefb6e405b0a9b755596fc22d27d5e,source_0001
128.0,0.7925,56.0,0.2745997111002604,0010bbcdb17fc319eabe02178366b60b80fc08be3d1d16349e0a5084c0404a7c,source_0001
128.0,0.7925,57.0,0.4195302327473958,0152fcfdd096ca419c0d478c1779edf4a7f5f6a8ac2b122fd0616c15fefdafb0,source_0001
128.0,0.7925,58.0,0.2847340901692708,45c29a336cca5976b00e5f4b31a06eb9dd94163c4766b287e7af9fa5fcee2598,source_0001
128.0,0.7925,59.0,0.3139012654622395,e4a14f7ea975dd23ad3cd14380c6ed54064107c49d8611a307f5562f9c2ac874,source_0001
128.0,0.7925,60.0,0.49761962890625,b906479bc82d1697f23ef22257a2df400459654d9ab72626e9bf6387ece4d736,source_0001
128.0,0.7925,61.0,0.1944224039713541,ada950a5451cab20aa8c150af6ad5385a76004325ba8f01026fafae7dc3dce20,source_0001
128.0,0.7925,62.0,0.1644159952799479,2ed432a25c31c89624c19cd9705e6dae4ded94a14baa8391f2d0d2dd98a67778,source_0001
128.0,0.7925,63.0,0.1754023234049479,3b368bb4df4810bce151729a8baf167720579a0580d5880de7669c17591c2290,source_0001
128.0,0.7925,64.0,0.1960322062174479,c2b3900d722a03f28db5d282ec9cb48dcb61fe698ec2cfd461f271d6b468f40f,source_0001
128.0,0.7925,65.0,0.4721043904622395,51aeac668e84d04accd4ad433c41249f313052ab55042cc9b4a4022b8defa5f7,source_0001
128.0,0.7925,66.0,0.1583353678385416,5cbd29412bc4f08cbab20b32ce1f76ff783d842f9463a8c6f0e8e129cbeb5f89,source_0001
128.0,0.7925,67.0,0.2944895426432292,09b6a2f75eb08b67a53dd9d558cdde1896f4f592315acc8c90f1cbea4f1dde1d,source_0001
128.0,0.7925,68.0,0.1384379069010416,704ccebf210ccc64f63074efd93f7227671e9cf6a5a222b14a1c4fa2c1a7ecce,source_0001
128.0,0.7925,69.0,0.3665491739908854,132ce97c344e7b08825efb94a9c98106f36887c4fba7b4e0501d4198fe9e84b9,source_0001
128.0,0.7925,70.0,0.3790461222330729,8d01058fbe2571d8d6604cbd0b14d236a555e7e4b1e2ba8912eee001eeb8a173,source_0001
128.0,0.7925,71.0,0.5581741333007812,e6b794c093818f10bd21a89ae68617c040087a3d91717c7203fcc5b1e581d033,source_0001
128.0,0.7925,72.0,0.1801172892252604,7abf4478000022668742e656beab70f49dc71697250358aae02102af765186ac,source_0001
128.0,0.7925,73.0,0.1913096110026041,d2987a07586d8d6e406e9397855c89d29d2c2f35b6730a9e289cd672a4290d70,source_0001
128.0,0.7925,74.0,0.1875661214192708,576a0a1d813274eefa7f3afc83dbde23ec3364e876557ad1d0f403f870a8b2cb,source_0001
128.0,0.7925,75.0,0.1612040201822916,8084bac60bf8abda2d0e78f4e425a9890c53af40756e7ee776777d309922adbc,source_0001
128.0,0.7925,76.0,0.2440338134765625,dac434e95d97977727ae2cfe05dd9367088afbe851da5ba22618bc40ff8e7a00,source_0001
128.0,0.7925,77.0,0.3635152180989583,2c9b061d13ddcfc3018e6edafa45af0fb0dd223dccf2a77bdd987f61005b2e95,source_0001
128.0,0.7925,78.0,0.2323455810546875,22a5fa8c83ebb25286a50fdcf2a00008091fd565f47cfdebdd48219fc2fcab94,source_0001
128.0,0.7925,79.0,0.1751988728841146,83aabd7601aededdf5e01fd8030fea627568cac7d152be9a27943624a6464101,source_0001
128.0,0.7925,80.0,0.1965967814127604,b39bdd82234bcb58438de00465909c0ce40c3d8736d3348fbff7b73ab2ef8a5d,source_0001
128.0,0.7925,81.0,0.3867823282877604,2efc4903406c0512494e16fb6a9bc2c0539ce37156a4ba0bf92fc7d0ab38cbff,source_0001
128.0,0.7925,82.0,0.2179438273111979,2909d1946b50b7549268930e819e1c2133dd89daf85769272d8376f0086cb8ab,source_0001
128.0,0.7925,83.0,0.2444661458333333,e9b7c913dbaf89e9b58987ff2121d147b697b11550d4af9a7e2f317f387999ee,source_0001
128.0,0.7925,84.0,0.1727549235026041,85306b2be7b7b09a4059c553f428fe35edc22e66a85ea2a5f4f928cd5aa2850a,source_0001
128.0,0.7925,85.0,0.2019856770833333,63fdae3a92501a3a0695f803a7d9180879f8c1ce8a3cd41cf72632c83b6c1c4f,source_0001
128.0,0.7925,86.0,0.2826894124348958,7e069ea22cb84f50171d2363e1a0763726db382e2c8a78de54165f57152e9229,source_0001
128.0,0.7925,87.0,0.1533025105794271,3a0e4ad59a192e2c78d6054ca4b39bcb426d137f77307e68a04b59115b471c7f,source_0001
128.0,0.7925,88.0,0.2226409912109375,2cade3e572887d8bf376ff9309c047e5d235aec223cdcbb4f14d7c9a6f714aed,source_0001
128.0,0.7925,89.0,0.2588221232096354,4c0747eb5bce52f79f8b8f5445eb30d1044d330ea13d7b5d68809bf1308606fa,source_0001
128.0,0.7925,90.0,0.14031982421875,b412ba4593d40ed823849f68f5c7d0d89590c575e9650ed24d7e1f740e7cedcb,source_0001
128.0,0.7925,91.0,0.3009312947591145,02f16fd4ac14b3f13640cfc4f973aa0cd6b1b0986628f6425ac06c7f733b439a,source_0001
128.0,0.7925,92.0,0.1870803833007812,f215fd38c69d210ef840e8a61dfecda84ec608800d439d70542381e5e4df16e9,source_0001
128.0,0.7925,93.0,0.2912368774414062,7f09223d249279e2f9b8d9649a98a5039a5dba7a3858f927603ef86a69032786,source_0001
128.0,0.7925,94.0,0.2990010579427083,77fd9738fbbbb6ac088c037602af67e8464ef77c734c77aacfe95106d074ac05,source_0001
128.0,0.7925,95.0,0.2222010294596354,fe23311e06706974d3e573c2f211e3d66951967573e4e88764822ebc757cfb03,source_0001
128.0,0.795,0.0,0.2380828857421875,cba6ac6e48b343d4ab0cae5d7d6a5507fabb2d13b18d45ff6db3c5a0cf7adfcf,source_0001
128.0,0.795,1.0,0.2580312093098958,19b61f6493e940d315101ba7229f8bd2fae20ad292d9eba41d45dd7493a5836b,source_0001
128.0,0.795,2.0,0.2172215779622396,4e324f9caba12603777035a0e232d9198da2a6cc883d6470ee697871de7be79c,source_0001
128.0,0.795,3.0,0.1002400716145833,4b74d5f24d017fce830d5e65a8cf5a2e52fffab0a602c260a1631cdf1e34c07f,source_0001
128.0,0.795,4.0,0.4181798299153645,2f4f3816150aa6694143a18f4ec41e76581f6290ec22fcbba7f10c7c593e89e9,source_0001
128.0,0.795,5.0,0.41119384765625,14a8d39d46603f65181c095dee6a8a595bd3da3d7c9654e1d2677238a3573f2d,source_0001
128.0,0.795,6.0,0.1939570109049479,702bc3709502fb5715097c0ef10a5af181959cd11fdf3fd357a04a82db2c608f,source_0001
128.0,0.795,7.0,0.1986541748046875,0db04bf1c0e186e7c2e90c6e8c71979bf0cdc1a0f65829527a5c1bc65883020c,source_0001
128.0,0.795,8.0,0.2377370198567708,a3c9af3fc5e41f8d6b2b23b838f4e865a3fbb39813b0119cf98bba62abb00c77,source_0001
128.0,0.795,9.0,0.2552235921223958,41f0c62446753285f77a31c3c0d8d49df2c6295ccd4a6f623cf553c626d322e2,source_0001
128.0,0.795,10.0,0.3124262491861979,4bee2c0dc77abd68ba5f7f5992959ef03fbea7f6b64e146e71383126c53b8e0d,source_0001
128.0,0.795,11.0,0.6464640299479166,6627dd01a2215c25a7977496723ee36d71f590978e92045f62051b29b868f790,source_0001
128.0,0.795,12.0,0.4469960530598958,1aa9fa1bbed2b2f12aefef5b395bd3db9f8018be1937c5edd9713523f45cd2d9,source_0001
128.0,0.795,13.0,0.4830093383789062,b36de626bb186660acd09263bee827300e4e89773d558582f57fe8d719e80968,source_0001
128.0,0.795,14.0,0.1908671061197916,b2984a42a494668936a5032bf0c72f122b4ce00880f84c0477b81e7ddb301b6e,source_0001
128.0,0.795,15.0,0.2902933756510417,d38176922726392ecb8233674f1ad568fbefa18b60bcbf972ee09f11db86da86,source_0001
128.0,0.795,16.0,0.2802658081054687,afff9f1017e2667ca767e97bd3ef13353ef6a93a81f390a929e14e626db840b0,source_0001
128.0,0.795,17.0,0.1316808064778646,13644a1691faa0eb3708c93c5637b5d43dae2c92ff423353d7ff5e1dce3ecb64,source_0001
128.0,0.795,18.0,0.2793604532877604,60a7c7ebcc7b9c1037b61b4219752a6420b3f9a748df506a21f2d3cdc5f490cd,source_0001
128.0,0.795,19.0,0.5919367472330729,5deba65f1962f468657c1962036aa4be3e7a3b5251d6ccf219a776eb6a43a582,source_0001
128.0,0.795,20.0,0.1439005533854166,4b450f2827c704d140d5ebed2d1259ee6d80b144d4c128457540adb89acbfc65,source_0001
128.0,0.795,21.0,0.3219757080078125,406f8b3424d76755997a25879bc0ea620f8871d1b6129ec85380dee17c20361a,source_0001
128.0,0.795,22.0,0.3633753458658854,0bf5a21b4f749ea508d8d7355ebf76c07e5a8529c727b27b4ac43c2b2c90615e,source_0001
128.0,0.795,23.0,0.1513544718424479,65e52c3daf00fb19b5514e334536656b888468727a5fef63a61774c299372fb8,source_0001
128.0,0.795,24.0,0.5197168986002604,29aa176c545692678619134dc9e35e4f8cb6ac530fbf9bfca5bb4a7a7c7a144f,source_0001
128.0,0.795,25.0,0.4257278442382812,66314e3b111037d62b96e282b5acfe9d0cfeb5e3b82ba98e2193b4087907ac90,source_0001
128.0,0.795,26.0,0.3276926676432292,52af305cb528883323b3df57672a34acc6a9222294d45b079f721d80990cb618,source_0001
128.0,0.795,27.0,0.2721405029296875,16eea771f84f91e7b8e715624178b77f94105fa8b30077214fa9a77cedea0d45,source_0001
128.0,0.795,28.0,0.3532002766927083,1261bf069df205f104195e69f799bd678f72a66785f799246c2b115fc0e14aae,source_0001
128.0,0.795,29.0,0.1231180826822916,e6ac296414c798e350a9b7a471dc427ed7742d677e119c36051e0ee3304f8d9a,source_0001
128.0,0.795,30.0,0.431549072265625,55e41f171f90ce848333c4f14ec6baabe4de718e34ba287ed645b418243e273d,source_0001
128.0,0.795,31.0,0.3743998209635417,4c43ba3e76bb4cf9d1068f38ceca1f74ed436180e95bfa5e6a033087ebab4956,source_0001
128.0,0.795,32.0,0.2121200561523437,0ae59ede33042b953ab2ad299ca0ff6a81b93ebf99868f28feb10f3d44ac4dab,source_0001
128.0,0.795,33.0,0.3861083984375,80278af95ab8205be94b7b0617608e882873786bf89d455b8c72908be1e73449,source_0001
128.0,0.795,34.0,0.2880884806315104,1f118df1cf9c44095a3f8fd0298c322c06db7213ff6e05869ca74dff0c0c40b2,source_0001
128.0,0.795,35.0,0.3034108479817708,fbea649cd92061a4293f4e8b9af9179dff785a27b715bf2daced34cf0ac99d33,source_0001
128.0,0.795,36.0,0.2731984456380208,9a755129693f76a7931acb9e627f711af07e232fda8d62e44647af950ccd8ac7,source_0001
128.0,0.795,37.0,0.2227910359700521,cb1c89e33e08a47c8f89b37919a2c23d64d1b34501c180188b53e56ed025016d,source_0001
128.0,0.795,38.0,0.3766454060872395,d7ba1fe1e69572ca673399c54d9e887799dc74d994c8ced6f61047ec57dcdffc,source_0001
128.0,0.795,39.0,0.2262725830078125,80f01824472c86f83e3326e0827131588bc450f6f639a9ed38d0c7605bb9096c,source_0001
128.0,0.795,40.0,0.3806864420572917,d99ddc0e2b436c32905429ec73582672908460aa9f07a4c7724f8dd700989138,source_0001
128.0,0.795,41.0,0.5240122477213541,0eb03c2102b27758caf3d5a87442a228bdfb3aea1f810aa1ff56c51e31289490,source_0001
128.0,0.795,42.0,0.1541951497395833,73f343e120c454536dc0a90205e41dd7f245c9c8f7feed5d362f98a53a95281b,source_0001
128.0,0.795,43.0,0.3300857543945312,7e7c3cde74d76bbd0c92e4bd152ea32690fb64503ddd2f07d92fb1ffb438ad80,source_0001
128.0,0.795,44.0,0.4090906778971354,9ec0316fba353b9d490210c7339f6c454606c0912007f1364e08da81f20d8b7d,source_0001
128.0,0.795,45.0,0.2486852010091146,e7eb14fcee994bf54786bd28019ae8fdb606a54ae6c66125a61670fad6d513ea,source_0001
128.0,0.795,46.0,0.1203282674153645,f928cc2b027d7e79dd843f58da69cce3f238a2f09b700956045c4a9237dbe175,source_0001
128.0,0.795,47.0,0.55584716796875,054e53518c986f814a1934d63a7e25766e113ca5d7739ad31c796aac81e65b23,source_0001
128.0,0.795,48.0,0.2204691569010416,24e25cac1002cc800cad936daf515ba1390b8032fc8dc2d6a527e7dc339fc82d,source_0001
128.0,0.795,49.0,0.2893320719401042,ffcd1fb5b98d5ac6b1c862cd670654cd201e8d81f369009357496b927db7b0c9,source_0001
128.0,0.795,50.0,0.5417455037434896,c5aec79365453fa38557832db8f82ca79004e264349dda289503daff782fe504,source_0001
128.0,0.795,51.0,0.281567891438802,39b5dc82b353642307beddb85075caaece37853064e5c093116e9063d6ca4344,source_0001
128.0,0.795,52.0,0.5879389444986979,bd0c6c7f565b6de838018811e5f478aaf5947aa3ace9a0ee5e49ec78a959b956,source_0001
128.0,0.795,53.0,0.1940333048502604,868114ae59367da2b3a695d27a54ccc606f575095905467d4c7e1a815fc3eefc,source_0001
128.0,0.795,54.0,0.2223637898763021,dae8638d7cf5d7e06a58c331acf2473b8a3e896c62263d2d9119545372bd652a,source_0001
128.0,0.795,55.0,0.6053899129231771,c104ba657be1645071e4c0095217cfe00e174791933ac17c9a10d33f85bf08f3,source_0001
128.0,0.795,56.0,0.276031494140625,383dedb639767bee094e2690fa9c9d8ece1a8ba37727da5d0f35ef7ad00eb1d2,source_0001
128.0,0.795,57.0,0.4853744506835937,6f20805087ddfbaed72e69b2a899a264709713ea085102fda71eaadd9c5bc569,source_0001
128.0,0.795,58.0,0.4214274088541667,eb6416c7e61c08e4893dfbef2be58c7328c71d74602e12286e25fe26caffa0de,source_0001
128.0,0.795,59.0,0.3214492797851562,fdd87e4633b997a561e8e087291c9aad4efb37bb7eeafb0e8d9c0c7d29228640,source_0001
128.0,0.795,60.0,0.4993642171223958,8ae5e503da3fdc1d341b13f9a8b9b39865bcfab0afe188f58878a31fa5da8c2a,source_0001
128.0,0.795,61.0,0.1286977132161458,7e015221319d13b075aca5e5dab37ef52045cd37d67d0bc78f98a2e49339ffc3,source_0001
128.0,0.795,62.0,0.1659317016601562,9bb064957d6d02a9f3889f1095fc772fac9ed397920bba69fb2de8444903130c,source_0001
128.0,0.795,63.0,0.354810078938802,9585698de3951f7a35b389818bb53b9b4d6687b850e91f965e37d2f6b6f89940,source_0001
128.0,0.795,64.0,0.2890065511067708,d7fb2b9c1fced533cbbc69747c67299faa61a690b06a7d81f378aa593501500c,source_0001
128.0,0.795,65.0,0.5750300089518229,58824916e0ca11b2a6b199442fe4db4efe87bf52e5756aa9379583d6ce41a3d1,source_0001
128.0,0.795,66.0,0.2568817138671875,c1d34e720187ca403997b123abbbe6ed13bafd34c988a9f68a1d014743433152,source_0001
128.0,0.795,67.0,0.2950897216796875,a690119021d078fd3968772f5525f1bda5fe1f15a4bc653fc391ff9ae97dbd17,source_0001
128.0,0.795,68.0,0.138702392578125,3df2c5baa54151702b11157602fba000a20add1f39527fe8ecb6b40a44c80237,source_0001
128.0,0.795,69.0,0.3694992065429687,3ef39fdde32f712594e551b8e98683c67883258e8b54fc07e88b24d89a993a9d,source_0001
128.0,0.795,70.0,0.3858566284179687,97c1970ffa98d8438153204729510a1d07b51e937ad46f9129b297812e215df5,source_0001
128.0,0.795,71.0,0.5623321533203125,17903a33cca7dd9b72981879ab679c0514eb55a7d31f1428c84d35cc85c70d9b,source_0001
128.0,0.795,72.0,0.3150482177734375,0c7904e74f45dd35ddee2103fb9d455e5b99154e8b57058c0d28975399b48161,source_0001
128.0,0.795,73.0,0.1938578287760416,e785bc880454f8c8bf06bb02f3bc43d9e1661f9015cc1f8c480b46a487f38eed,source_0001
128.0,0.795,74.0,0.1988169352213541,d6f4a9e305652c3572882ec9ad0786338d48b1f4e06fdf58ef29b08115e7d2f3,source_0001
128.0,0.795,75.0,0.3671137491861979,701fbd1872b548a24996ac4428b4729255364bf373993d49ede7e282c70d8755,source_0001
128.0,0.795,76.0,0.2666091918945312,3a24fedb08d4cc6e4e8b2cc69a58fdd06ed3116ef1df9e85b125594e1facc68a,source_0001
128.0,0.795,77.0,0.4159469604492187,04fbf63950e8813434bee0efe4bb420b530d80e727cac2f207fe129e7f29882a,source_0001
128.0,0.795,78.0,0.5111668904622396,63f1e8cb14284a94284999f967e3d652d9f02c0f2a3f38d52b92526bef68c6c2,source_0001
128.0,0.795,79.0,0.2146504720052083,a820c47d29ebdf9aa56a71f0e10e30f7fc3fc910475c7011b80d93f3e96150b0,source_0001
128.0,0.795,80.0,0.2593129475911458,3d40514bc2985000da2ab3e2d80f71820af7efb39906fa6777eba80e40a7256a,source_0001
128.0,0.795,81.0,0.3870519002278645,3f987a668791996b5c9bb2d9b817ec45d5f29c4b2f391e6005dc3df7647e952b,source_0001
128.0,0.795,82.0,0.2207717895507812,43f47811f2f0a5babf39d6b8f56791ab5c234ed04639f93d9d3a9619520c91a6,source_0001
128.0,0.795,83.0,0.2454630533854166,c452987086862ed3fa432f751ccb95ba198730d5d5cf87023a9a9f202aabfa3c,source_0001
128.0,0.795,84.0,0.1735865275065104,dade055a10b01f93477d946acb02b32d0cd90eb6537cfdea9c9a0654995ec63c,source_0001
128.0,0.795,85.0,0.2881927490234375,609dda7ccc305020d439ec1768d94ddde743eab57572e31419ca2f25f4a3e570,source_0001
128.0,0.795,86.0,0.2836151123046875,6c2c02336547f35aa76c25a53bc479d43c196a18c95f12650721cfe108c05a4f,source_0001
128.0,0.795,87.0,0.1533864339192708,43d98e7950430d640924902382d158ae590b4dcb17cd3ec1762808096874a0e8,source_0001
128.0,0.795,88.0,0.1980819702148437,6d950ae75febfed3e091af76a7e8d0b74bed6f6d4cc2addd5fca976d2a6ac438,source_0001
128.0,0.795,89.0,0.3043263753255208,7d625f6fc2f08757c8bbdb68c6840dbd167787f6291b019c2c9403d79c38a7b5,source_0001
128.0,0.795,90.0,0.1673405965169271,a8edaf52b9e47fd5dc0ddccf84bed473c5b3223cd6190b45fb46a0b3dc8c75d7,source_0001
128.0,0.795,91.0,0.407562255859375,a68ccbac8dcf3b3d078ec5a2c2bedad25ce3a894e2f2e3c453915943f98f1ddd,source_0001
128.0,0.795,92.0,0.1918538411458333,6a69986c13568d9bc80b22ce1645d0b1c8d597172177262d92dcce2ce143c3e9,source_0001
128.0,0.795,93.0,0.6070226033528646,de1ee9be12af053b22fd156fb68c55dd663eb415daca172e5d17b616ec4e4241,source_0001
128.0,0.795,94.0,0.3302383422851562,e0321db0f989fe8f23851f55f418e57522aea423e554835e0858910d171f956e,source_0001
128.0,0.795,95.0,0.2364374796549479,d4513174a23772876e15dade5449de50e3555316a780b93c13e9a4c3e519a17d,source_0001
128.0,0.7975,0.0,0.2765553792317708,395ceb965bb84a9dadd1d9728558d10c5d63dfdfbfc5b64801dcecafaaba4af0,source_0001
128.0,0.7975,1.0,0.2582956949869792,a362dc4bc6ca10b867018cfc38a028bb9fe65412f6819b10f98875c4936d46a3,source_0001
128.0,0.7975,2.0,0.2697168986002604,a16d4cea61aa9b849986dae0611fc168d011614a76a79a9cd2497fd7a6de8071,source_0001
128.0,0.7975,3.0,0.1662775675455729,6b7ae1e49347590bbe30cb9648319abb93f5fef1eed9f75b243263910d78d363,source_0001
128.0,0.7975,4.0,0.4209518432617187,b491e5e3d55334248155473b8185f51a24a648b65a212721bd38801f073cfc0a,source_0001
128.0,0.7975,5.0,0.4511184692382812,e352c508d97f65adfccfb91311b7ddffae12487c8ba9316bf99b3a5d4a877f48,source_0001
128.0,0.7975,6.0,0.2584126790364583,e79c625b3b4051679975decf5f799d0d794e565f2df75b4983f45ae3fc653d2a,source_0001
128.0,0.7975,7.0,0.3029657999674479,90b78bf1ba7df556c86a06e4d02eef0ce910ce79506d05590d7f725c1e0158ce,source_0001
128.0,0.7975,8.0,0.388623555501302,94bb017d38d291d38aa7085e68773f2c67102f9b4ed5829dc7c4c17d0b8ed0e1,source_0001
128.0,0.7975,9.0,0.3084309895833333,38a56a54a3f5eb5808c138bb8e80ac9f5ac71f64430a885d2c9d8aeef3568883,source_0001
128.0,0.7975,10.0,0.3570531209309895,eef48a11cbc88737b829fb8ba0f609b5c006d276e14a1bfbcf6544e6e0a70f6c,source_0001
128.0,0.7975,11.0,0.8247604370117188,4166a4704850343624e6b63f6b494f3df1c5fc0928e48b6e14abb805a7d1b70c,source_0001
128.0,0.7975,12.0,0.5616607666015625,00a752c2fe979b66a45414de59935e151441309c7b3bb1e567325b87de1fcc9b,source_0001
128.0,0.7975,13.0,0.7869110107421875,6ba035ad419b5b598edfbc86a59593721e4c0c099fc81decc0245479e2f145c0,source_0001
128.0,0.7975,14.0,0.4357020060221354,a4fa9260eb2d07e056e8a505b67a48e26e63aa6c58cd48825d6589d95f5180e9,source_0001
128.0,0.7975,15.0,0.2920608520507812,f2f123d389f282b49328825efa661cfc3482f03c587cd2d05b2435db2efd9fba,source_0001
128.0,0.7975,16.0,0.2803395589192708,73843052699d37f2f6cd838243136005325d8393ac06de0239ab6ccc8331b34c,source_0001
128.0,0.7975,17.0,0.2824910481770833,4d71d3d8c768fa0009894ec719aa3973899dbc75ac2e03e5f98d1d7e80c91c5d,source_0001
128.0,0.7975,18.0,0.280896504720052,f24debd4d3b4351ab185caeb003f88bf4dbcea86b3f44a81b6cd435cb181ae86,source_0001
128.0,0.7975,19.0,0.633453369140625,53439d09b9fc3d613bd39c7a2b5a2e740403f4e318fbdee530a629227fe4011e,source_0001
128.0,0.7975,20.0,0.1440226236979166,e0e78a344a8657f3875cc8501435732834b4507f7a2e0233a25a2e4d8e9f5b0e,source_0001
128.0,0.7975,21.0,0.4423700968424479,509d2c67fda83750b75f7c68c503e410e2b57085253946a900b4330d5a43c1cf,source_0001
128.0,0.7975,22.0,0.5703150431315104,a2a751b79538c8faaebb9fc5104565d835e99d556147b40088bd9eee24cf2457,source_0001
128.0,0.7975,23.0,0.1514307657877604,fd669119333eb470de78191e716810699d35212c85b250f22b7991e8bac2f9d9,source_0001
128.0,0.7975,24.0,0.53204345703125,c62027f978286925584e7e46c33790f9bc3f8688b688ec476aff92ff9a604855,source_0001
128.0,0.7975,25.0,0.5256093343098959,aa17327ac213acb092223cd0d19360d74f5f048b11b05eeae083d053bc6df258,source_0001
128.0,0.7975,26.0,0.328033447265625,cf40b0214fb4389941915cd3cebb11ef78fba2aa2324000a458e3fa9ad021515,source_0001
128.0,0.7975,27.0,0.2772674560546875,ea752db7710217b6c39bb2339092dd23fa9299e3632e2d0ba4f6046a0e43614a,source_0001
128.0,0.7975,28.0,0.2130177815755208,a7bffcd2209a968c2b888974803bfbcc7491511a8c0865b613f3c27803e155d5,source_0001
128.0,0.7975,29.0,0.3204269409179687,b04a27386cce7134daa47f07479d2b360d21f114f8bbf651f8af79afe652f98f,source_0001
128.0,0.7975,30.0,0.4340591430664062,691a67f8e6070e7916a6d762baae549f70bf2455fd393f4fb1ce4c9096367c27,source_0001
128.0,0.7975,31.0,0.3746185302734375,b9466352d62f54b3621acce0027d9ccb978638a9cef19e539909248b0477db4b,source_0001
128.0,0.7975,32.0,0.3678538004557292,d34e371e84aa30e6cff75344070acf8d9c04e4bc1269c4cec523bb08c4dade49,source_0001
128.0,0.7975,33.0,0.387006123860677,180339b9e958207e2ec960bdecf902ce40e8df82a0d1b463c6a6ff3eef649097,source_0001
128.0,0.7975,34.0,0.3131510416666667,10f372d4f69b780e682f9b7c0ffda18e212010672a1f1c6c9908b66d09748fd1,source_0001
128.0,0.7975,35.0,0.6099904378255209,11231dd22252c2f465a6c008975b52dbb1da7c43b0a510ef5c4ed7559c3c8212,source_0001
128.0,0.7975,36.0,0.2741928100585937,0fe06c3a0bdb9073ee08b40796388ef4326884bda0917fb6cbafccf85ad151eb,source_0001
128.0,0.7975,37.0,0.3647054036458333,5238d74219de13736563adffc3efa5c377bfd7392d387d003f15ff1204d7daa4,source_0001
128.0,0.7975,38.0,0.4342905680338542,0a76d7255a4a0f20c08bb171400e00bfd149f56e11d2b69a1d89d4c69c6b8c52,source_0001
128.0,0.7975,39.0,0.235992431640625,d1993687181f39c6716c81ca7df74658dc6e01b1c96e6e7298bf26ce8ab759c0,source_0001
128.0,0.7975,40.0,0.3788833618164062,17823cdd60ce1d9f4caa1e9f68d9bfd6c56da142d2215be6bd4ef4c568280de2,source_0001
128.0,0.7975,41.0,0.5245208740234375,2512adbb4c3a1dea5cb7f485e365300faba995b0641d41b8433fae2954e65a23,source_0001
128.0,0.7975,42.0,0.1543172200520833,885e7f9af658af47cf9477898e2ce19df28d2b63d4f9aeea9433748340b54003,source_0001
128.0,0.7975,43.0,0.3300730387369792,24ceb211799d87b94ddb6e7a1db16855892385d14b64b2da8b6862a400361f6f,source_0001
128.0,0.7975,44.0,0.4402821858723958,e64e13ae19084c9978f2e94a2adf7d9c73835e66a0911f982ac1841776af9075,source_0001
128.0,0.7975,45.0,0.2794672648111979,905febb0425ec0da7a7c002f36480b68eb73961fa4e473d34a9267a038435cc4,source_0001
128.0,0.7975,46.0,0.1634165445963541,d7416b2e0d5791f2058c2f75d43a8025d55fc5b82fff9ac07be0f76b942b227e,source_0001
128.0,0.7975,47.0,0.5737508138020834,09f353f4043139954c99aa8070cd3c323de2cf1012d1bddb44924fca6e1cf0da,source_0001
128.0,0.7975,48.0,0.1925837198893229,d067768febd47ace658711614abefbd6cc4ff708e7f03fadc48bf8cd07a69965,source_0001
128.0,0.7975,49.0,0.2904078165690104,57db0889c7a87064394a60c3bbff5b8a99e4171a6c3ae103b490154980b0ee48,source_0001
128.0,0.7975,50.0,0.6763356526692709,4a5cffdaa90a3a423c3a170502aef26d6a8a2bed5aafcd442190a49302a5c544,source_0001
128.0,0.7975,51.0,0.3138402303059895,9a00f83dfac910121a8115844acb996a665c561bd1bd44c914aef869ee4a3d00,source_0001
128.0,0.7975,52.0,0.5879999796549479,d4fc5671806c7754699d2f00a64b967f5ce175905894878cb3a109459e61b2a0,source_0001
128.0,0.7975,53.0,0.6583429972330729,0256c11725d0128f8727fd060e491bf3dc2c2e8930dbcc4d70c88ff65892f0b6,source_0001
128.0,0.7975,54.0,0.2477620442708333,e992fd4a6655078f6355562f1eb13d976bb8f8cad3cfabf5f7d65d47a57bd8d5,source_0001
128.0,0.7975,55.0,0.6106287638346354,e4bfc42250b1ba9a3ccd8e3840a85a952117186b39073d25809ed5e056e7afda,source_0001
128.0,0.7975,56.0,0.277130126953125,772cb46dcbd123ee0b8b1f8ff66b70c84d2bc549cc5bad20ca7b79065a14c243,source_0001
128.0,0.7975,57.0,0.7441355387369791,20d53961901d682219f09b18c4f0c63cb855b7331408ca594ca81a275e670df2,source_0001
128.0,0.7975,58.0,0.4217732747395833,3b87c455ac850537d7c5f0c24f07a7c3759023793f9bbb3ac8565db30211dc37,source_0001
128.0,0.7975,59.0,0.3216196695963542,cba0e83117c16ab2730247f2df7fa775d9c519c6a3a1a8c54d7b182edcf52095,source_0001
128.0,0.7975,60.0,0.3089472452799479,82a8d23110146ee870a08cf053f7466597ce9183fdd221ad15bab4b6a4751de6,source_0001
128.0,0.7975,61.0,0.1992594401041666,535eb9ecb2c9f016c201a47bd37c8fdc36f9401eb18477a668af0c342ce7427d,source_0001
128.0,0.7975,62.0,0.1611989339192708,ad8c29b647e91217a855e656c5f836920b6631fe01ddc9af91ac61037f9f8730,source_0001
128.0,0.7975,63.0,0.3595352172851562,46eac87797e72083e896af8bdb55a872075c86f6137ad508ec0ef3f7866f7519,source_0001
128.0,0.7975,64.0,0.289197285970052,64aad0c4c43f492244c01fef9dc2d792df484712206f1fe325d8f84d5464378b,source_0001
128.0,0.7975,65.0,0.5751927693684896,07cc0319f762bb0957c52b417ed6f0af7641d8dff404af20e42efb9324c0dd05,source_0001
128.0,0.7975,66.0,0.3859176635742187,776cbdabca9c39520ce90b4da8d3ad69287a134aaf9844ad898de573b5663f1b,source_0001
128.0,0.7975,67.0,0.3857218424479167,beff60d706d34cca1f847e26b6fbaaa865a6f8a6841d79b015a32c5ae212ae31,source_0001
128.0,0.7975,68.0,0.1962509155273437,de4f8009e356922d8733adb515b37b60f366f38b7aed89eae8505699a49f959e,source_0001
128.0,0.7975,69.0,0.3698221842447917,9688b489ea882fb7697923bfcf301107ac47e517c498ffc5110cd64641bacb1b,source_0001
128.0,0.7975,70.0,0.3875579833984375,305bea78b40ab787174d7cfdc8553cbe085ada7f3661a898dd4cc1b7ec226e9c,source_0001
128.0,0.7975,71.0,0.2786432902018229,cf9b1e55b92009b11aa1127209e4441b1bf39c913f6a4f804e440302d56e6d5c,source_0001
128.0,0.7975,72.0,0.315533955891927,3ed27d47be3ba6073efc3a44b258ab92f38885f0d4a636f2c5f3d8d61cc96913,source_0001
128.0,0.7975,73.0,0.6651255289713541,f4181683508ae5eafb918dad91d4f47d875982ecfaaec347351a514ef6c3bcab,source_0001
128.0,0.7975,74.0,0.4258982340494792,6a9088be0eab41757ba712c2ec690bc6d8b1a0231b147bb4d9cf53e084f7b786,source_0001
128.0,0.7975,75.0,0.3713048299153645,2e4ef97d822129f3b4880e08c41c122e9bceb04eae4612bbd2809c365b29f04b,source_0001
128.0,0.7975,76.0,0.3475341796875,1862150aec9fd5dfb62fa3e7ce75050a2018dbcb74129c0297f338e25280f808,source_0001
128.0,0.7975,77.0,0.4254252115885417,967f2769d1f014095a9d9dc917c1daddae2e9f62d214f3327a6702a94d3fe74f,source_0001
128.0,0.7975,78.0,0.5122629801432291,39d0a3bc457a6ddcb0bcefa38f8ac25cbac1a9a327e4e7707f64a7561867d2c1,source_0001
128.0,0.7975,79.0,0.3489049275716145,3333ffc6c445c8d6ce1b59cb45b2722c0ee6f4b853d7f6f870fa1e76ca62321f,source_0001
128.0,0.7975,80.0,0.2595850626627604,6e3b4d8a5dffd37d86e97f46710828f29cd73668884a19c35b8d26b82e4892d2,source_0001
128.0,0.7975,81.0,0.3896509806315104,6271cc38fbff80ce00b55c50cb8484d8dd5d4b50e2a5d664400af72c28467072,source_0001
128.0,0.7975,82.0,0.2520802815755208,2800806bead17704737dbd9bd91fdba4e9da2b52f36bae1c35c3af1bd817f893,source_0001
128.0,0.7975,83.0,0.2884063720703125,989fc485bb91824e4c0ae037ed20bd9a0a7f1305d00a895f93e87d6a172cb2fe,source_0001
128.0,0.7975,84.0,0.4997736612955729,2aba5b1ea4b7cc208404c3636eb6793a02f438beeacede6aa3ac64f9fbb0a1f6,source_0001
128.0,0.7975,85.0,0.3685404459635417,abca65673df40077ab65562c92a87ee94f626ab0b91e04054bd553012cddcfc6,source_0001
128.0,0.7975,86.0,0.5520909627278646,3ae6c7dd96aeb759dd206d3fc80b71a44511f7fd9474da1b83679d2aaee57c69,source_0001
128.0,0.7975,87.0,0.1536839803059896,418238843a9cda66d58f8bb8572d17dcf47e1d8d890c9da92850d7ee86aec94f,source_0001
128.0,0.7975,88.0,0.2003199259440104,b0bb9f522bda96a8f2171f47889a4affd50dfd416b1b99b8542e9d7208f87b3a,source_0001
128.0,0.7975,89.0,0.3105036417643229,150bd35e631ae99447dc4d07115aaa2c4b779db30e6f27519a491964c288433b,source_0001
128.0,0.7975,90.0,0.4172770182291667,bd49e3dfb8677247ab3d6b46d77318a25ec2e6cca1b4471180698795db0b0a7c,source_0001
128.0,0.7975,91.0,0.2348403930664062,72e90992221887602af0aae92aef4494a42ae4b226265c24cf77ca52fb75b466,source_0001
128.0,0.7975,92.0,0.3255386352539062,8186ec70d3e9cfdf15286b3513e5b12757790127ac90fd613bf747d59cee9930,source_0001
128.0,0.7975,93.0,0.6071904500325521,6f25b296b588127412bcd1cb392001a1f2ad5f0d1d83b56b4c581a20da2a8b07,source_0001
128.0,0.7975,94.0,0.46099853515625,5c05609386e2b4501ca529c9e4445fa0d2d6e72838acaa63e0188cb8bc3358d2,source_0001
128.0,0.7975,95.0,0.2377421061197916,d94ccf5d11baf57a6f366a0a949613b1f13bed02e27ca271b3b709949afdeabe,source_0001
128.0,0.8,0.0,0.5355148315429688,719b675b7b2b31f2c58d9ebe796d55d1b5f44e56bf57d962275c5e7399613e0a,source_0001
128.0,0.8,1.0,0.2586415608723958,4d3bda900026b2467a23a751d8f5ef90f49935e0e66e4f14b1e3722c20691db7,source_0001
128.0,0.8,2.0,0.3059844970703125,61ae7bf1a97614ead2454371fd56b8563dc458a630ea13534ac244e89c592f6e,source_0001
128.0,0.8,3.0,0.1664861043294271,f42a27e994c7a0a761d35ca1512022340aac932531be385fb4221ef954ccd34d,source_0001
128.0,0.8,4.0,0.4219258626302083,17aa185709e12c3b0f224037b0a082b9f764ad9675c2115a532cd25ed78b86a1,source_0001
128.0,0.8,5.0,0.4528096516927083,e3a3663d18b8500f1309e3e5e8894c5dc8fce4261e16416212f374c67ff6c246,source_0001
128.0,0.8,6.0,0.3640289306640625,b75a4457b2796a47ac87856871becf6302e1b4557303163b3efa243de25680e0,source_0001
128.0,0.8,7.0,0.32666015625,ca2622555d2ac6788f1c9249d64fef19af991da95c250fab25fa940f79a579d8,source_0001
128.0,0.8,8.0,0.6989288330078125,335e4f7b04354b36a04a40c34df5a45b26933532dec6bd213302db654731ca34,source_0001
128.0,0.8,9.0,0.261975606282552,8baf8db55f4c3acfecfe05496dddf48dacac196b7bf164974b1d996297cb6c84,source_0001
128.0,0.8,10.0,0.451520284016927,aa470db227c164cc2e8419853b05848fd8553918247e237cb1160969656d49c5,source_0001
128.0,0.8,11.0,0.9890416463216146,163088283be86a4b4f1d31791f1ceb647c7b8afdda02ae68360d5d2171ae6d6d,source_0001
128.0,0.8,12.0,0.5618871053059896,4e6301523bba10b7d40ce030369cb23565cb6538d429b0c2f0584b4a76c08d81,source_0001
128.0,0.8,13.0,0.9088236490885416,e940cac7afad135f65e236cfc77ae147180e558ab8accbb1b5ef32ac322c317b,source_0001
128.0,0.8,14.0,0.4386240641276042,942c58a2986a68f734e2d4730d0375a4dfe12df3496566ecc073fd0fd41cc0a6,source_0001
128.0,0.8,15.0,0.4211502075195312,0280a515025bcc95c41ef7aaa5ae0dd1270c0cd0551b0dd2b0c3245c1135f9ec,source_0001
128.0,0.8,16.0,0.2808303833007812,8a147ff884db94363496a08d0c9d773fc43a03daf6c7c929868aa25cbf04bf25,source_0001
128.0,0.8,17.0,0.5030263264973959,1bea56fa590710c6cd6e4b9cd21490c4751cf6d8dfb443572f8f836d245a915f,source_0001
128.0,0.8,18.0,0.2800521850585937,7c01a48b48892cdb30ea93293f3bb204700eede63101764d167e75c948d8761d,source_0001
128.0,0.8,19.0,0.670257568359375,2848a06f65dcf2279945c04129b4d44673760cd1bf1b1115422b3a0581f9683a,source_0001
128.0,0.8,20.0,0.2376174926757812,e16acfb92be83e5aa2247093ee429d58c1904d28169d23c3d28b1b4180821b35,source_0001
128.0,0.8,21.0,0.4567769368489583,eb1a85b13db291455f01a69a256047fe1e015a894361678b335fbbee185ef737,source_0001
128.0,0.8,22.0,0.6479110717773438,8096e444ace2b7ca96ad3f05b551dfdb2e29450fb6b50d48fecfcf66453624d6,source_0001
128.0,0.8,23.0,0.2364120483398437,4b33eec74dfbabc8f7a2bcdd549a13fb208201d0eaa5f6c4399396275f55a14e,source_0001
128.0,0.8,24.0,0.5331166585286459,ce6c3393be608c5824718398121c3663e3662a9b628d90b24f30f01696fa9a21,source_0001
128.0,0.8,25.0,0.5260721842447916,6853bb1a064fb306807695bff980629490a60c308c6250efe2a7663b0396e26e,source_0001
128.0,0.8,26.0,0.3333689371744792,1e7426bb71f1143a3da520b90dc89bc23a698821f3a8d79018b36356b68390f7,source_0001
128.0,0.8,27.0,0.2775675455729167,0f8fc03288cfb36d386797009fccc555026c5b905d1225e782128381c87eabbc,source_0001
128.0,0.8,28.0,0.3539148966471354,2ec46c986faa8fff6ce6d480a5ad6cec43bccc7172ef0779ed84bbc176b491e8,source_0001
128.0,0.8,29.0,0.4168701171875,9469e191e75fec147af657bd272d2dfe3aaa438bbc96b058899d39808f545d2e,source_0001
128.0,0.8,30.0,0.4368235270182292,0f2774cc6e43bf76dfa3723327cb472f707f7cb8b695e25e325e733eb4c05952,source_0001
128.0,0.8,31.0,0.7053426106770834,8e667cf191d8d29df1bdeda9553cd76e165eab91e7e2bf395f702c3303581269,source_0001
128.0,0.8,32.0,0.3677571614583333,c610e0502ed60e3a9f13c12986a11b188178dfc54648e657c3f3d86f683346cf,source_0001
128.0,0.8,33.0,0.3870900472005208,7684a37f1ebf09aed37244ec7bfcacc02b5193e4b8834f122ae90daf7da308e8,source_0001
128.0,0.8,34.0,0.3351771036783854,bce6142368f88872dcb5b4b653b811a73816dfbf855c1f12ceaa03d44e44298f,source_0001
128.0,0.8,35.0,0.6124521891276041,54f92d35bed6b172c6ddbaee60df6d3c729d864525d76b9920ebaf4a71ddd879,source_0001
128.0,0.8,36.0,0.2829844156901042,a93944b61e39b285b69ba2ad85a862e454df2e280389871bd4846d8973999644,source_0001
128.0,0.8,37.0,0.3620961507161458,0d528bfaecbd738f38eb53ef3f1f423c0c7ae1af055586c25263c8e311fb3f07,source_0001
128.0,0.8,38.0,0.760986328125,982e2705a7c628c04daef0c34a864f51c65408bf427d819d7c01e20f6cc23370,source_0001
128.0,0.8,39.0,0.3565572102864583,6abc269ac828b7126e21b5bab5fef9d1ab1670d2f4879275769f511c6569c4cb,source_0001
128.0,0.8,40.0,0.5155385335286459,2b55b2f9a8d6ccc7ccf71d6f2d6e67ddb9a4fbf6312c4224c480be739e9f6ba1,source_0001
128.0,0.8,41.0,0.5273488362630209,84a9e0122c2ee5c8233378bd8b122eb146455df5e8787e9b93c5d6840f74af1a,source_0001
128.0,0.8,42.0,0.1796061197916666,e5833304b5f32b90e0a64793913cc4396d18ed05d145c3e217c96e51d0015f41,source_0001
128.0,0.8,43.0,0.3684565226236979,6f523ecea5afc2acf18007ff7d0f12b34e375d7f0e36efac75e617b0f245eb7d,source_0001
128.0,0.8,44.0,0.4409840901692708,47928f4cba6352b125a92ea0d3003b5a9394473b6323a2ee1e089241e0f223be,source_0001
128.0,0.8,45.0,0.5074386596679688,5b596387bef1ec95861a4e5dd8a61e303d8b092128f100709477dc70b4341e38,source_0001
128.0,0.8,46.0,0.20013427734375,2cc513ae44ce9b12eedcd566a624b9b9b92ae4ea083d721d76b9b43d28e36035,source_0001
128.0,0.8,47.0,0.5751012166341146,d59519e5a3f0d0eef8e7c89e336b3bf541c53c08fa5f6b6a4f708428db961fa7,source_0001
128.0,0.8,48.0,0.258038838704427,5f60f222194c51b9bb2e84c19a28fe9559b57b0175870e9eec80bb28135719e7,source_0001
128.0,0.8,49.0,0.677490234375,bcaed389f2b31f810deefd595645430e2cd2c4ce1c1e6348fcab29010280e821,source_0001
128.0,0.8,50.0,0.7551320393880209,a0cae42e47d76bc0b44321985c91207fc710d7e50d7be3b1f84ee31c062a6756,source_0001
128.0,0.8,51.0,0.3144124348958333,257d321ee25a38f516b5468f30925270eeb30b2fa67a34e7e53e69c562e9badd,source_0001
128.0,0.8,52.0,0.5880584716796875,6ad3d7adc96995f96f84dcda129c1b1de73cc88eb532edc1b1085ed019b3640b,source_0001
128.0,0.8,53.0,0.6569112141927084,e0f22441e775c5854dc44d756e70b0e4d5d2f9a76e5815a46e75a9ff5748fa2c,source_0001
128.0,0.8,54.0,0.3449885050455729,a031b7890b47db1e3d2e24c90b9cd17bd08c28d4953959dd9ba185e6e7be95d7,source_0001
128.0,0.8,55.0,0.7754033406575521,4236adf499b10d1de60f846be21c72c392769679c5b9c752d3e2697deb65eac0,source_0001
128.0,0.8,56.0,0.5836257934570312,c5a151ab97e58fc1cdd40829a2fa6ce6bb415759b55a0f6c572a75291bb7563b,source_0001
128.0,0.8,57.0,0.7527033487955729,efae5c711e5f359ac9ac58239084a201dc646203ada63f1c376c6f72c1bf5401,source_0001
128.0,0.8,58.0,0.6422653198242188,25c311e285e93ffdeac753d1eae03445f5beabca64b886ba2aaeea226bb2ee75,source_0001
128.0,0.8,59.0,0.9796574910481772,dedddf8193e37107a09e25beb8cdb63db5854e488b7789acd9aff0f98f85a295,source_0001
128.0,0.8,60.0,0.5010325113932291,c25f2758359b1463305cb37d56735b3804dada366e74663a62f0faf9d41d776f,source_0001
128.0,0.8,61.0,0.2510859171549479,2e995928915ae191fa2e396a4b461f686b237084f5802f462819b03de86d6029,source_0001
128.0,0.8,62.0,0.2500178019205729,203b22edb8f3a4a6f60319459f3a28f449aca9669dd84e13e0cf1606f3f89126,source_0001
128.0,0.8,63.0,0.4230728149414062,6101293c04bfee3c5e1a11e629d96728782f9171a7a0bea1ffd605ef5f23ebdf,source_0001
128.0,0.8,64.0,0.2951532999674479,d691e852b1af78ecc7e37d03373ad7cedeee9b4a1fc85e0a6ae4fdef8ec31177,source_0001
128.0,0.8,65.0,0.5763422648111979,401f730e7e0265b111520e5cb334d56dc51ab8240f9c20b2a1651950c11e2c25,source_0001
128.0,0.8,66.0,0.3871536254882812,1f882f06c10ff92622b9625bcc16e2fa4a32c5a33c896cb2f7259f41ce654ecf,source_0001
128.0,0.8,67.0,0.4285507202148437,3896c4f3b745eea80fda6b33c4742dcac7251528c293519eefb24b083ded8bc5,source_0001
128.0,0.8,68.0,0.381146748860677,a543795fb7778af71a822c9a1c187bfc30937585e875edb186c4d3c8bba64702,source_0001
128.0,0.8,69.0,0.4271519978841145,d6fe97dbae0bd47a65803edbeabd708d4e835de65001e53bd3c7528340a97bac,source_0001
128.0,0.8,70.0,0.4042460123697917,79a59ff205f6069485c68ea69be3126681018388576f35d57d3bdc56b87bd12f,source_0001
128.0,0.8,71.0,0.278778076171875,b8b73965b42bd766b4a7910bfaa857ace27782e585661b81f8863de8e1145024,source_0001
128.0,0.8,72.0,0.3157246907552083,6fe5cbfad1cfd253d5cf57ee8c8e04a4a72fcb3077667b5baade5cb10e540900,source_0001
128.0,0.8,73.0,0.6664505004882812,83d1d8794a6ce291a1121d652f5b343d77cc9bcce2a4b4b22752455a2fd1969b,source_0001
128.0,0.8,74.0,0.7295379638671875,3693dcf526b51f2cfa6360d6a354f12ab9b807fae04da2dab9724603f97fd348,source_0001
128.0,0.8,75.0,0.7482325236002604,f8e44aeb20b672366cc966b815d65e6d64b994e2cc354423eb71be07ddf62cfa,source_0001
128.0,0.8,76.0,0.6035385131835938,84adec602f632302c537c321aa1591d63f79d855b55c15779be3bba99b518959,source_0001
128.0,0.8,77.0,0.4622802734375,694dd9d0eda9b81a634693860b4aa29eca601089c09a2bc8ed2a7625957d9136,source_0001
128.0,0.8,78.0,0.6913731892903646,b64bc9ef776c88bea019fd1dcb02917fe5939a16151f7b0d035fe4e05b040fb9,source_0001
128.0,0.8,79.0,0.4320424397786458,7d01c79307a651777e7aac510d5c6312a87a98842060caeae71e57588ddf9887,source_0001
128.0,0.8,80.0,0.2791366577148437,d7065cc26b9ec0edb6ba75d2f187ae461c8b05b7e77f304d8eaae866065e911b,source_0001
128.0,0.8,81.0,0.3898417154947917,39c0ecfa4110541c97ab9946e7001a41ed4bc48c7b983ab776360fce8ce58267,source_0001
128.0,0.8,82.0,0.2564875284830729,04e3bc051db98c6cab77da5f1c17811afdc2725e0028d04357623153926a893e,source_0001
128.0,0.8,83.0,0.49078369140625,a1c6ed96800e635c380b662180105499943c7a2a0c07d132862190fc758f3bec,source_0001
128.0,0.8,84.0,0.5601730346679688,ba0b37937f1834d910c802761e8444c283f76bdc44708a2c3a3aaae7aba83c53,source_0001
128.0,0.8,85.0,0.5108388264973959,58d6f2c0dd0812037becfb727a560f63daaaa85186c3abd864f138b8f6d30a4c,source_0001
128.0,0.8,86.0,0.5523707071940104,9aec6e446b9908057cbd7873b068425e5d57da9d988a3c97fe3a08f93b290245,source_0001
128.0,0.8,87.0,0.2491658528645833,836f5c1d735455f723b3e85c0ab38ad52559269ca428de52c9a9ee24655da5e5,source_0001
128.0,0.8,88.0,0.3859456380208333,feefad15862bf60c69ef37c35027e7fa48f0ed00004da8bc1c2e55c113a18ef9,source_0001
128.0,0.8,89.0,0.5830713907877604,14c904e6136b8dcde268040df2e0ebd02cfded3f4b314c4d3133db2c9963a304,source_0001
128.0,0.8,90.0,0.4171473185221354,845af92a890461fe132e1805ce9578185d3d3340ab060e5d3c99334c37d2ab42,source_0001
128.0,0.8,91.0,0.3070297241210937,12dc005c313410fb80a00b3ea66a8f5171f870eb3718ba2df9b574e3c3a0feda,source_0001
128.0,0.8,92.0,0.3387629191080729,6c5ed97393fec00c0fdb2f3ae04103dd61112e45a8a602e383c20c2cf5619342,source_0001
128.0,0.8,93.0,0.6121953328450521,8d0ca1721e46a72871d56e28dfb4429e77cd40168afb094166cef723ddb18f1c,source_0001
128.0,0.8,94.0,0.7529347737630209,b11d145f73fd7bca613749f115bf88d313af922b83bb120949cc5fee11bf73dd,source_0001
128.0,0.8,95.0,0.3253657023111979,c7a2fd6dbc9934d1228fbc2f89a0d09b1f80ca08427213a4ff6f6e80cdee3af5,source_0001
128.0,0.8025,0.0,0.5371551513671875,50eb2eb2a1661fa0244f5e04988b6499a3f68716f1a517a6cfedd8ede46aa608,source_0001
128.0,0.8025,1.0,0.2608922322591145,fd8a2497644b9a3611c10c5b18f9746d2c304e1b28875218c98ed38959137d96,source_0001
128.0,0.8025,2.0,0.4995447794596354,1f29ceed27b7777bcb3e0fe683545716fb8e8c13e7633a6ae77c668d876d6259,source_0001
128.0,0.8025,3.0,0.1661529541015625,a5ba4d5f6ec9f31f3ed590a41a7bf838eb26d0b36b33e2efe60c69634ea7e4d9,source_0001
128.0,0.8025,4.0,0.5970280965169271,5df39792e5f1e30cacd39816a7cd5b701583f5fe61729430be30a957a81ec55e,source_0001
128.0,0.8025,5.0,0.4533564249674479,dba90010c8142d300c09fddcd183f444334ac6f338f54a306cc40ed2bff8ead5,source_0001
128.0,0.8025,6.0,0.5056432088216146,437b711da2ebb19276c5cd434a9831cae749ec725661cb6b1c8f561c80a75b99,source_0001
128.0,0.8025,7.0,0.4377797444661458,c60feb892f4bf4f84d03dccc7a70976f7e6403e37f4c0462a5920c0b2812fd52,source_0001
128.0,0.8025,8.0,0.6990534464518229,8288cc83e138c544d942790e0f739575632d6e83dbe309ea7e001a7178899586,source_0001
128.0,0.8025,9.0,0.264569600423177,305d121d9d92ffea35231f51fd88adbcc4ad5294c74cdf2e95cc5cf2d25c586e,source_0001
128.0,0.8025,10.0,0.2923126220703125,3d151e7c707b2a16ed2dfa72f91d1a94b71db8ddba3026c9f57045d5a59ebae6,source_0001
128.0,0.8025,11.0,0.9892527262369792,66743541cbf29324efb9cda98895651fef50ff05ca9955306acf8c23f629f2e6,source_0001
128.0,0.8025,12.0,0.5784810384114584,e29883f73b6ed5de84aba06ddc27a483c4b8d0e278b2c296a7491e661bc9ba2e,source_0001
128.0,0.8025,13.0,0.9089024861653646,39b9c4d6e589c9a635d97649a368e7b2d1b706cf96f3b442350b68e61009f92a,source_0001
128.0,0.8025,14.0,0.4387690226236979,3dd5bf8689088eae898c8c74ae14cb110c3388449f9be677d26881f59f341270,source_0001
128.0,0.8025,15.0,0.42083740234375,66e3a1831ab72f3c244da3707b284999b13e7c7484a2773c0a16265d111d3f3f,source_0001
128.0,0.8025,16.0,0.3650258382161458,876db8c405a2477eff345e620be88f1aaa737db6ce432c2250b4bcdda5bc801c,source_0001
128.0,0.8025,17.0,0.5182367960611979,3b928cecc838ff2c6b22749a4e0df057719a1429cfff8251f4e86b160acbc8c1,source_0001
128.0,0.8025,18.0,0.317944844563802,eb0c1a4b2d87b45658078c32a3646947fc485712896afb7dd2566d130fa02677,source_0001
128.0,0.8025,19.0,0.6667556762695312,3612f22fe4d865b4c55dfe32b505cef1479adda1564373b61b05c45f268dbccc,source_0001
128.0,0.8025,20.0,0.2380294799804687,704afa9f190fd3af5304a701829424ddc39febe56b52116a34bcf9dac3477a14,source_0001
128.0,0.8025,21.0,0.8111572265625,56a77567a0e5374154f732e5bc815894e39251c961ba866e037b038bf86545e2,source_0001
128.0,0.8025,22.0,0.6487757364908854,ae840402ee94c45b6fd8c7ebeec5ed8137e6d40acdf77ad123447e9704267eec,source_0001
128.0,0.8025,23.0,0.349395751953125,bf8f3574d86f337b9e0f1da9aba825155be8ef3d78c80ffcaf734ec06efb06e6,source_0001
128.0,0.8025,24.0,0.7792867024739584,847381784c9a56c192218c8004f8065ce9cfffc600edcddfeb9ce16170419f2b,source_0001
128.0,0.8025,25.0,0.5261789957682291,96e546d4b6fa6f41e9a00d126ef88197b45f4408f28116e3ccdcf6172f1be327,source_0001
128.0,0.8025,26.0,0.6176630655924479,909fd9969649c620a1b79350938dbbf0ab01f8fbfabbffc2d7710ddd7a8d6472,source_0001
128.0,0.8025,27.0,0.2781168619791667,d8187e732c4a5b0b63a575abf347ec50281bf3d9e693ac4432e918e80d933e2b,source_0001
128.0,0.8025,28.0,0.3554636637369792,8be19b89e6f8ad4b685a4fe0aab829d40df35406b160a1ccc34877961034b86a,source_0001
128.0,0.8025,29.0,0.4171066284179687,7ceed567eaad3f36c88fd28c15d3a2a85cd4ddb45c6229ef4ce60ecd376ea6a8,source_0001
128.0,0.8025,30.0,0.4371439615885417,a393c121aa82e557cb06e5b793dc8c8587fd2c5b0b829a010cc87be6e172cd70,source_0001
128.0,0.8025,31.0,0.7054926554361979,111b1fae98dfd851f43905c9d62c1708e736a0455fa5dbc40d4335c0d0195e82,source_0001
128.0,0.8025,32.0,0.4994430541992187,ae607ed1b4f8c035616537144d6b86e96d5f0dddd0a294e1822b303191dd913b,source_0001
128.0,0.8025,33.0,0.3875096638997395,002841c174da99c881163837380a3244350ca7b046648e342ecdb19503b80b0c,source_0001
128.0,0.8025,34.0,0.7092514038085938,e6dd01031f5d0988cba389326c127dbfed7573191054346dcf8d79101073cab2,source_0001
128.0,0.8025,35.0,0.6131464640299479,68e822619a109130fd5529fc3fb4121b172f002d85430efa594527da07e48bad,source_0001
128.0,0.8025,36.0,0.2832692464192708,4f8976514f4868bd27aa4d2034cd877c4a8743bd4eb872aa5159ac08fd9ffbdd,source_0001
128.0,0.8025,37.0,0.6217193603515625,de08c7274dfcd2379fcf50f6e5151d885c2699e71af7851718aae58935324d13,source_0001
128.0,0.8025,38.0,0.7618204752604166,16fb6fd32dbaba6e3f3c97f15d397f6c81c96245f6ec6529dcef0f749f94a87a,source_0001
128.0,0.8025,39.0,0.3622233072916667,688871937607d830d123af89521147dea054946c8925c08f58428d66c1b1d420,source_0001
128.0,0.8025,40.0,0.5157419840494791,b9d66618c0a725e8807d198960b83c554c3e5a60598527e8743d2ea7d4e03c03,source_0001
128.0,0.8025,41.0,0.6770502726236979,59436bfeb2e0345b1e1e1255c193d502b5b846b1bef3ea32d895a9f6c108ef58,source_0001
128.0,0.8025,42.0,0.185546875,60065521774b89c1c8d2e6e0ed8d175a30889ce3bcc3cecfd5240e90024fd76f,source_0001
128.0,0.8025,43.0,0.3367182413736979,7861268abf12fdb0aa8cba5da3ea013bc87d941cffc327a4fcf4c3781fc4bae7,source_0001
128.0,0.8025,44.0,0.4476216634114583,4e121fd5f10fda81c327af431204ca9d0a36ed51b0fda93c8ba95d8e4d101168,source_0001
128.0,0.8025,45.0,0.4572957356770833,2593fb113340a0d6a996dc09551168de5edb8fa3df5ee416af5a8b8ca8671bae,source_0001
128.0,0.8025,46.0,0.3381754557291667,eb3615f5023eded2fd0bb14ffac415f71d02a88e59314e8deead7f754ebb3230,source_0001
128.0,0.8025,47.0,0.5758590698242188,eb15040056e084c4a5891b6bcc81c511beb2c7cad576d5fc85580f90963c77d8,source_0001
128.0,0.8025,48.0,0.482892354329427,0cc6d338fb1ebd8672d64ae3da800dd4a44b5fc69bdf3dc0294a0e1ce5ca7a99,source_0001
128.0,0.8025,49.0,0.6775487263997396,dd93a7521a2c859ccca6729734460ca4de97742d432e36edc9215ef77c04addc,source_0001
128.0,0.8025,50.0,0.7555567423502604,b1fd5077a6a68892f0a550fdf97d79303f6d442056c691b29c7074cb0213eab2,source_0001
128.0,0.8025,51.0,0.3146413167317708,15521baa27a1f9edb077c790ae4a90d9a85a8242971eb3d0bfd79673b9c3c8e2,source_0001
128.0,0.8025,52.0,0.5900675455729166,aec316a944fdf1975371333e9f41cc6b67e9fa9c5c8c6de369ffd0dda18d548b,source_0001
128.0,0.8025,53.0,0.6248143513997396,2b904e61c061f3df7aea44722b045b83063cfa88fb86957c39ab0182accf7c0c,source_0001
128.0,0.8025,54.0,0.3678080240885417,63fadad208d03d833ede8d5110338e1cdc07ed3e2dbbd9bda46cf9afe2da00d7,source_0001
128.0,0.8025,55.0,0.973419189453125,c95748d95b0aa9ad4454644790f53a2e85fdb175d84e474b1226a2cb60cf2419,source_0001
128.0,0.8025,56.0,0.8578592936197916,b21cbe9406c78d89cc7db605985562454ebae889ae71556901888adc3566e948,source_0001
128.0,0.8025,57.0,0.985277811686198,ee8860beb62426f188347433d1b19a7c06c5e365363aae4a16c17ab526a3759e,source_0001
128.0,0.8025,58.0,0.9765243530273438,6f45cef2f9feaf47ef10da760400b1a6ba547890790ff4ec1c03218052c9a703,source_0001
128.0,0.8025,59.0,0.5787607828776041,9e68acf37078df6bb51bf65840cc4a151332c0b4e25d5350a32811a9fae333dd,source_0001
128.0,0.8025,60.0,0.5011825561523438,ef9ced6e2b3d99840d691088cb63cf4185957ebde888c023823895b9e5fc615a,source_0001
128.0,0.8025,61.0,0.2638778686523437,33a1c99a37f7bb042c55b1096353c1ce1cc9ce51921ee5abbd6d9602d2cadc3d,source_0001
128.0,0.8025,62.0,0.2497075398763021,4465fc8681c37a0a2f9b7ecef653e18e5e0f69dc6d1982fbad8e5404f657d98d,source_0001
128.0,0.8025,63.0,0.5074513753255209,fc85b0b7f5576e6ccdf3a2bd2c4071bf7379196c155c99cc8e6970cc33f4abe0,source_0001
128.0,0.8025,64.0,0.2890116373697917,36cd9d8c06581298d51fbf9413b2c845a6631b6a64c44428371428499ceec75a,source_0001
128.0,0.8025,65.0,0.7607320149739584,21d06f7ddbf3933f39f9c81d72ebd1f535d06b147f20cec0c45e67c0d6959a7c,source_0001
128.0,0.8025,66.0,0.2508824666341145,0c10cc6173d3b7c7e4ccc32cffce34302f7801a2e672a126798139f351ea7f63,source_0001
128.0,0.8025,67.0,0.4777450561523437,17a46369306aba9eb1a9a007668e10fe593e58438b726916b58819794ff6f08a,source_0001
128.0,0.8025,68.0,0.4394785563151042,be1b240913d563a837986172df59334f001d04223e7b2d0005e7b68d9ac92aa2,source_0001
128.0,0.8025,69.0,0.4490610758463542,fab3ac97e4460f134c82e3d25023b240015f9650634f662ef3e2455b312a638b,source_0001
128.0,0.8025,70.0,0.4731597900390625,eb5f0ed5be503bf3a29d4af662413338e9dd3ad0e7c9bf98a969a3202c73ef6c,source_0001
128.0,0.8025,71.0,0.396087646484375,ac7db85d735829b4c600e04f02b4f90f08e4b51c85130528893044f7dc31d71a,source_0001
128.0,0.8025,72.0,0.3161824544270833,3fe490b1ee3a861b711bc23df72511c005dc01b3ae2dc8d0e480d7a622ac4dac,source_0001
128.0,0.8025,73.0,0.6704126993815104,3d540edc05d04035eb2ea3c95abe6b601584b360594ff2f3fd67870b7ce3f2af,source_0001
128.0,0.8025,74.0,0.4756622314453125,89ddf46717742991d15d20e80b793fc754206948277668dca1c59852a3398743,source_0001
128.0,0.8025,75.0,0.7504094441731771,d59e429b2f86e699efdf7db9141be9f9a6b97610e866e1331400f36d70ba5a56,source_0001
128.0,0.8025,76.0,0.6176579793294271,23eb3308bc8e41b9dd282a38c616415eafeef73e934b032795b81604251da224,source_0001
128.0,0.8025,77.0,0.5530014038085938,d3f6f7651f2a59270e386c42c7ee0b6d37dbf14aa6c0a268a2a1755616047766,source_0001
128.0,0.8025,78.0,0.6945444742838541,baf1a06158cdef95f82867e61b31b9674eb89dd36f18b779b9d785e5cfacd2e0,source_0001
128.0,0.8025,79.0,0.4326858520507812,8fd3f1031ea678f9fa1eebecbbf195354a662123e82fdbdbb65e624ec37aebd6,source_0001
128.0,0.8025,80.0,0.2805023193359375,53c8ef49a44c180ac527b404bc8c2c1503432191c4840951cc31f7741521b815,source_0001
128.0,0.8025,81.0,0.4924697875976562,367afc89bdcd93028107e8c5caa0679817fe463c4a9af4c60bed701f5a6f2406,source_0001
128.0,0.8025,82.0,0.2686920166015625,9248be054f4e1432981bc176d12bfc4a031d1d75ac6b4c4d03d126194f210645,source_0001
128.0,0.8025,83.0,0.4922815958658854,96c657cc551063f34e718a8bb039ba64181757d487eddd39fba7bddc6887face,source_0001
128.0,0.8025,84.0,0.6736628214518229,c7dc8c84517d4bdcc97851b0e4ff335d13e09ee7ac1110ffa23ae727dfc34ed5,source_0001
128.0,0.8025,85.0,0.511810302734375,3aaa6f4df25f4e40b6f3d926fcec3d7269d98ec4aff12d060591daf8dfe2bb35,source_0001
128.0,0.8025,86.0,0.5525258382161459,104fa43f4667945e5f556179810bc9497bc0937e2f0006d863c81dd5abc7c370,source_0001
128.0,0.8025,87.0,0.259307861328125,a18ca67f77ba8f15c198dcf676732cddee66db5a8111c16f90151fb6976295ca,source_0001
128.0,0.8025,88.0,0.5764312744140625,f8b2ad3595e66e9a982b23877d7394ccc700317227de846a6c2d57bed75611a5,source_0001
128.0,0.8025,89.0,0.5874354044596354,9573f96d517a4f09577cd81cd9bd00ecb119fbb082d1c4ad695ee61eb361f173,source_0001
128.0,0.8025,90.0,0.4181009928385417,90a538b93b9600c4094baba537994eec7eb9c1ec77bc91dcee5714a74c082179,source_0001
128.0,0.8025,91.0,0.6026077270507812,1557947bb970967ce749723e6e3e9fe2e021737f24564237b8c03deafe13bbcb,source_0001
128.0,0.8025,92.0,0.5535252888997396,8cbf546188ea8a085050fe0e1f57dc0a4fb55a0d62aee3ad340265ae67c715d8,source_0001
128.0,0.8025,93.0,0.6122309366861979,91f482ad77488460f4fd2c8b09e6497a5004d788df6f743238d63337fa9a90de,source_0001
128.0,0.8025,94.0,0.9874471028645834,3628402959a1830c89bbe0103cf48108e264f0be6cbdb05796e3bfc903157100,source_0001
128.0,0.8025,95.0,0.830474853515625,d572e649167e767d89b5b8e4b547fd424ef78891c9e05c7fc403522113812f59,source_0001
128.0,0.805,0.0,0.8984298706054688,5671ec7c8ba883e8747131007395031cde599a32ab44506630e94ff04103ba56,source_0001
128.0,0.805,1.0,0.7943445841471354,8030849c1127859658cb347b68b7acb11e28b402078be1fc3ca2d4a26f889fd1,source_0001
128.0,0.805,2.0,0.7748591105143229,a704a1bb801effb5c3b8e1c9df2f177aa0fd5dbf065f1a63e27e84227854a6ea,source_0001
128.0,0.805,3.0,0.2506434122721354,17e3571321cc3890cfba372609f86d7a54a46d0dfd27d7d6c2a56a7dea1aaa8b,source_0001
128.0,0.805,4.0,0.8832448323567709,deaf3ad0bf4eee9e7c717a9a2e4603cfa66da8516cd30f427d2ca2630a9580a1,source_0001
128.0,0.805,5.0,0.9778467814127604,411a6a7521a10787617b798805c7fcc78e39c70dd3c70f775b4493eba7e0df2f,source_0001
128.0,0.805,6.0,0.5159530639648438,4bd1edfd1f7f8323ed3d7944a8f40df217db6333be4be9ebd998319f3e0b3e59,source_0001
128.0,0.805,7.0,0.3336715698242187,bdfbbd4ffc9c385131fd70ae7d349898bf186255e16bfdadacf6b3ea03d576a2,source_0001
128.0,0.805,8.0,0.85888671875,f871bcafae1169df9259e38bb2b56a87c75aebcccf085962baff63f7c7d93518,source_0001
128.0,0.805,9.0,0.2645543416341145,21161a15d4ff8194bea20a6dfd20d0cd5e243cce96328b2d201f1f0d53dbebf4,source_0001
128.0,0.805,10.0,0.3694864908854167,7e73851c3cc361aa131694bc5f362e95af9ba2e4cc4ec6522827d5cefa5acc7b,source_0001
128.0,0.805,11.0,0.989405314127604,9fd252738397db63df45a8d351ea39cbc9840f64fee573a25c8cfac2498991f4,source_0001
128.0,0.805,12.0,0.5856831868489584,c60b73396e48493b094ba4ddb340962d52c792b2581f2f21821bc3a8007b2f87,source_0001
128.0,0.805,13.0,0.95703125,7783e8b53f431c7f2b809fe072c4cce1b6474c1748c6e6e9abad806523f5bc5e,source_0001
128.0,0.805,14.0,0.4398523966471354,06ca4b2415d3d1e8701ad2e655bce767bb363deb1d4822edebdca72478ff3aa2,source_0001
128.0,0.805,15.0,0.354217529296875,65a5a9a78bcbde3a3e39ff3ae183ac5de8addc6ca04c1cc9cd7154e140d245dd,source_0001
128.0,0.805,16.0,0.9839757283528646,9395e138780b913f27876e7917fcf37e470f371bd9ded9159b401abc386b5970,source_0001
128.0,0.805,17.0,0.5252558390299479,c55adc1884097cfec6e84a9a4216b97fe644408da40f9f3c1dbdee1a7e405ae8,source_0001
128.0,0.805,18.0,0.3192316691080729,ca42c7c08a02c5b458f50335ff9c48149de4bec1418c470531534fde5df4c44d,source_0001
128.0,0.805,19.0,0.6755498250325521,a7234ff26364eb6665741e2ceaab6c7136d0c40e734abcf3aabada49491844e6,source_0001
128.0,0.805,20.0,0.6377817789713541,164d94778db9e8e97ab806bb293180a8f771f441355920e3180c2f31f587cbe4,source_0001
128.0,0.805,21.0,0.8185246785481771,4c93e12535e90b1359ca1f72dd21fdea3c6558747871251462cd5b644eb31253,source_0001
128.0,0.805,22.0,0.8730112711588541,9f6940bab62f9b06678516adcb5aba6daa62625d374ed963832a7fda8468e8e6,source_0001
128.0,0.805,23.0,0.45611572265625,8b89adcf83f98d559116bbccaf0c5a1125a667c0fa1d98badde4ae5da3949f46,source_0001
128.0,0.805,24.0,0.7839380900065104,c88fe4f38f3f1ec1cc61b29f0525bdcbce49ba418d426c34a64067afa64b6a08,source_0001
128.0,0.805,25.0,0.5262858072916666,4b500b979ecaef9dc1d9b7840fbefe21580853ef356e4e76aa5838531f768734,source_0001
128.0,0.805,26.0,0.6182861328125,09e181aff604acd1c00b98033b7ef5bc989337aa08ca326067653f0d502675ad,source_0001
128.0,0.805,27.0,0.4842427571614583,48b37cbca31c04cdb3a1b9a6a201241712388a31a9d4d407abe4eb6c335b958c,source_0001
128.0,0.805,28.0,0.3644307454427083,7ade1445a9c64d5e1c3dd2725eff81f20bf41d109ea51ba6cfd66285cd43fb14,source_0001
128.0,0.805,29.0,0.7395248413085938,2ac6a8031d0f3b762714450cb11d35b7f830e44b8a8e7f393c26651afc748a73,source_0001
128.0,0.805,30.0,0.496899922688802,9244b9d33de373221addaf3b22d8fd46101f1594596a9b15d74e64fa83ce2cc2,source_0001
128.0,0.805,31.0,0.3965530395507812,95130cd919c1f3d41fa0614f7d101743d5ed479e24a2f7dbf290c38a1f770ec2,source_0001
128.0,0.805,32.0,0.4995142618815104,4274d4dbdd1bbab51131ab380ac5b0ad6ec246c706393c467f841dfeb2ccb2df,source_0001
128.0,0.805,33.0,0.4821624755859375,a0437c23358fcd1c5cdbe0da26ec4cd3529473209f30b6f5e625196eaf337019,source_0001
128.0,0.805,34.0,0.7107976277669271,37d5ec61675f36d125ff7d47021ccbbeaf7cdc22896578f0db30008dd972ef78,source_0001
128.0,0.805,35.0,0.6469650268554688,cf1860e7732f301da1ae7b886090bc9777058e63449a9594c1a151709aaa14ff,source_0001
128.0,0.805,36.0,0.2833124796549479,2bf652e10a21cef0f0970d63b68d3ab5d9ed44bfeaf3f7626c5bd361b5314f34,source_0001
128.0,0.805,37.0,0.9836374918619792,40101b23241510400e7380b7da10c5bd1524d67d052c8da93d138c0d84d39ead,source_0001
128.0,0.805,38.0,0.982996622721354,0b18c8b30bff9754505dd9766702d55f93b598607eb4a465559acbaf3a0e4308,source_0001
128.0,0.805,39.0,0.3718312581380208,e434258601609bb67b1990efa4291f1ca8a52ff459d62c222fe75cd59ba464d8,source_0001
128.0,0.805,40.0,0.5176264444986979,93d4292a8c6b316e5f52d43ef116e6bfa144a5a75e164256faac92efbba034f5,source_0001
128.0,0.805,41.0,0.677703857421875,2cec1c3a39bbd4807360ff1a6e251776aa676229638a9766fcc4a144e57d2a39,source_0001
128.0,0.805,42.0,0.4021631876627604,7fd1c4f5e81b4a1ee64051d69f02f026917943c699fddb34326e35860bee4fb9,source_0001
128.0,0.805,43.0,0.4144668579101562,a6e55d95f5e35d7f837c854aa8c2b7b8f17123205aa3490c7acd97dedd11e106,source_0001
128.0,0.805,44.0,0.7881113688151041,5b737f9074784a5203ab2c9805abab9fa3a6036bd701c5ef135f980e61ec3567,source_0001
128.0,0.805,45.0,0.4584426879882812,3322c4cc328b1e2091c193029de60b3d5b8560a26d8ae4087da84a1e59721252,source_0001
128.0,0.805,46.0,0.3453114827473958,8c8cd14aa5ad4a3ffc1ecbd5a8e7e0d25b678fc393948818e0d9383ee117ff66,source_0001
128.0,0.805,47.0,0.9685948689778646,c8b6c003f0bbe5fe01f9a65c966f712362b4b3e87f028f4b0ee098c5ac929f64,source_0001
128.0,0.805,48.0,0.7791849772135416,dc77b1031361a6af70207a1a4129a19bf3cbee5115806774b441889a3077424c,source_0001
128.0,0.805,49.0,0.974683125813802,afb301139d424acadddcce966a1ce9a5d59e87bd8b81c0cde89d958531caa711,source_0001
128.0,0.805,50.0,0.7558492024739584,c10f9bb7cbddb004303ca6ed25d56ae3db5177a835e2ec74aee96f72799f5264,source_0001
128.0,0.805,51.0,0.398406982421875,905b0bd02e6bb82b0bf3bda2c1066b78ac81a822843a6580364744171c52a07c,source_0001
128.0,0.805,52.0,0.5918833414713541,075d4eaaba54e34f9ef628dd1d3d7d8a63844f04b7114f2d8a56efdd6b584ada,source_0001
128.0,0.805,53.0,0.422253926595052,819bb86f8f91cd6d85aa688fe66ffb8b1a8fd507cfb00ab52f2ec5a9301a5a37,source_0001
128.0,0.805,54.0,0.3775126139322917,fa996835b7c637ffeeca41b8857a7ebf2c81ac17d0e4016dedf1179f9e2e7f1d,source_0001
128.0,0.805,55.0,0.9741007486979166,9f5ee6b51e848c6323dfc5900a348ceaf7ab04725ee7adf38875a03fc514efe3,source_0001
128.0,0.805,56.0,0.8810043334960938,f4ad9b12ddc3f998f474365522a54693a914107fb2fff4ac166f0401e333754b,source_0001
128.0,0.805,57.0,0.9853846232096354,1a519ca033ca14266808cb731fb406ef48e8c3b544ffad893601f0190570707f,source_0001
128.0,0.805,58.0,0.9767252604166666,99341b0602b7cd01bb132a77512dd8d6fa4e7f3aaa46ad7225982896417daca4,source_0001
128.0,0.805,59.0,0.5768839518229166,2960a5912e037a47bd421134633efe1cbc449a748fa903c480d501515bb583e3,source_0001
128.0,0.805,60.0,0.5406341552734375,7b731450221086a51fe0ca77d3298fc554903c0e7d85bd6a2730f05977415804,source_0001
128.0,0.805,61.0,0.3726298014322917,2ad1ea959bc4d0b52a389d8ded5950d8f2a0c8ea8b512f970c867393243699d4,source_0001
128.0,0.805,62.0,0.6076736450195312,2f36070aa0fb030734309132ff44c27df3ddd6480e0d8fdc7a41c978f7af043c,source_0001
128.0,0.805,63.0,0.5072987874348959,fbf886097129b6e5df1df8e6bcba44235250ea2911976f5c0d8e8309121631da,source_0001
128.0,0.805,64.0,0.289337158203125,401970d5cd5433dacf2ef6735db1553eaac6dddaa2dc8aab7434113bc1291637,source_0001
128.0,0.805,65.0,0.7623011271158854,903c43f016107317173d345a2523920a7005e31ed59d0a64a0dbbe7e0ae72c29,source_0001
128.0,0.805,66.0,0.2518285115559895,d62e2144811f6ae1ddd7d60aff675a123a195fd09959a1ab92f7d3c06c1e0ca8,source_0001
128.0,0.805,67.0,0.5310236612955729,63bb9bd3b489747cdf573d66fedb7c7376922061637abfa9c275084675058cae,source_0001
128.0,0.805,68.0,0.4397379557291667,533da9dd8521909c3b67b6bef8ddc18fd54a2f6b6ed99af1fce24a7348e1a69d,source_0001
128.0,0.805,69.0,0.5849787394205729,3174407ad232418ccfd188ea4444d8135ccc8f21ff4f7990d79f6aefb7d7e1c2,source_0001
128.0,0.805,70.0,0.4737014770507812,d9f40994977fec044398ac443b6e4bd9431f65319dc4a7670b1cb49e3768c208,source_0001
128.0,0.805,71.0,0.4308446248372395,f748abe5fcffe3a6ab545b6a2680cec95540625f654c3f429149ad185c632f17,source_0001
128.0,0.805,72.0,0.5044784545898438,152f2bb04064c4d811a145af16d3bc7f01ae4e84c7034c2a9da30c97e00af3e5,source_0001
128.0,0.805,73.0,0.5831171671549479,752ab5cf17212fd3d10bbbd4c7c45347c5ce2eb3b41641885c1888d73995d812,source_0001
128.0,0.805,74.0,0.7462793986002604,ecafc2e8fd825f76d608393797b837bfb64cce3711490dd7a6f0649ed8749c0f,source_0001
128.0,0.805,75.0,0.7679621378580729,106ca7f9725091a5098a398058b1b5f9bf54216080e5961ccfcf613d25510d0e,source_0001
128.0,0.805,76.0,0.9863815307617188,980adcfd84e3f062e0b3f74c0f96fa454bc739d562cf4aacd2ad75e4dbbdfb12,source_0001
128.0,0.805,77.0,0.7628300984700521,4d04c59fb403f0b36a35bf2c61f5bdc87ae99db950f1e63c69090e2d30aa5695,source_0001
128.0,0.805,78.0,0.968414306640625,b130626cc6ecd69ddb61e41918238559c930e3576069b5517a6a0a513ac2f7c9,source_0001
128.0,0.805,79.0,0.8478418986002604,2c4b6f53334782e345df87a28101aaa2288ac44d390901df19fe3eea6a244470,source_0001
128.0,0.805,80.0,0.2806472778320312,544483176a615371fe369fad1dc094c3dc038bc970ab622ba2f53c9dffefc640,source_0001
128.0,0.805,81.0,0.4930191040039062,bac6139b556fd94f5ada7c55efaa6e26a68ddea5e0620098c1de19ae3073d23a,source_0001
128.0,0.805,82.0,0.3161671956380208,caf7ba185288b93bbcd337f29f2ce1dce2fd293b8a85a045a77d9f7ced0f82da,source_0001
128.0,0.805,83.0,0.4921468098958333,7a9072d9a359c508ea3f5e601e9bd40951de390333c02ca41fba828eee5e0a3f,source_0001
128.0,0.805,84.0,0.6114018758138021,9c5730ddae9010ccb5b18ef65f25ce0193a6d9c95429d66e577e4207e48366bb,source_0001
128.0,0.805,85.0,0.5134201049804688,d376633753be4da8f714b6a05d7bac9ea86f33821f75d74f6b153b3701a85fbb,source_0001
128.0,0.805,86.0,0.9747899373372396,9e3e1e4c29dad7781e3a2ec497c934de6ecdd00adfcbadc53eadd75c126f123c,source_0001
128.0,0.805,87.0,0.5945943196614584,07c3c423101169697471692d51d49b8fba6776bc8d24c6c7cabd5fd482b47da5,source_0001
128.0,0.805,88.0,0.5791447957356771,81a6042a2598bf713b4131dd769edc433c2d5c3899908b92a522891fcd6a21f7,source_0001
128.0,0.805,89.0,0.58782958984375,035f4d559696f646a377cfd70c0307005454f286521b3c4bde30bfc3d2b20c79,source_0001
128.0,0.805,90.0,0.3729349772135417,6171109481f4cfdea0d23d00e1ed4f1212400d7430ca71a09637de322806a9bc,source_0001
128.0,0.805,91.0,0.9837671915690104,5fc05b019119c0808b358c3e911167372d8508cb9a63932caeb5a2138f011e16,source_0001
128.0,0.805,92.0,0.7372945149739584,3aa50913d9c2de4f4c16723ec076d0856c0ab7ad68e3cf1127cc03066f15d8e8,source_0001
128.0,0.805,93.0,0.612091064453125,2a7320fd967b025a1f71131344ae0f7dd8c5226d3dc278d571d1752b21624ac9,source_0001
128.0,0.805,94.0,0.988599141438802,7e319169b69139330412eaa420347d9534e4b9fb31d0b396f123eb0c5cacc198,source_0001
128.0,0.805,95.0,0.8320490519205729,329565c6603b0fc7f8b1675ac6c39110bec52c672b76aadc10a9f4ca329602dc,source_0001
128.0,0.8075,0.0,0.8994928995768229,936e3f511ea15490862f15881ed09a34f95d244217d3822ecad806f1ec452262,source_0001
128.0,0.8075,1.0,0.7945327758789062,f61f580a5488f8c2e3db9db68d5b4397ea16738ba14d76f58ab3c0a55a343e68,source_0001
128.0,0.8075,2.0,0.9782867431640624,1453b938fefbe3fa05199cd524c57119e0d56b072fb30d088679b68637013bca,source_0001
128.0,0.8075,3.0,0.428192138671875,de625f901fe664c69aae5023eac7713b423ce8b9819566a166e5dbdcf39d479d,source_0001
128.0,0.8075,4.0,0.8850123087565104,3e7eaac3b2d0f36192f213764263c3d8658dc9d2edfea7c37130aa22be064d6d,source_0001
128.0,0.8075,5.0,0.9794413248697916,14080680995ca689c66db24ba0c7621fd36a32b7d57ef926ab5f674c997a706b,source_0001
128.0,0.8075,6.0,0.5047607421875,ad18025308f9d2e1ff10658d21fab38dfde5d0b41c4721244c4cda05cfe42634,source_0001
128.0,0.8075,7.0,0.4385630289713542,011ac29a43b265f4da91c337dcefb9de5ded348fa2ae3cbd7635d9defef1b49e,source_0001
128.0,0.8075,8.0,0.6992645263671875,c913450d74b9fe9d58eff520eec52d336b2806a95eb70a804e279869279d300d,source_0001
128.0,0.8075,9.0,0.2587127685546875,64021ebdcaa42bf3333d0c5e1ee48a25363ba48c38b62a2e3dca04486a2a1c17,source_0001
128.0,0.8075,10.0,0.4708302815755208,40ed0df3169f670f8bec40260a7104ab156725e0572e6b41846e8394a378d1ca,source_0001
128.0,0.8075,11.0,0.9895782470703124,3d8e957466de2b51bb0f80a44321f3b6bb5a2a1ec8ff61e9283b7fb30a2decbe,source_0001
128.0,0.8075,12.0,0.9854532877604166,8edb6f303bc178e9d4ad7dde0bca651851f993731c5f1a3c07fc391a3b34c9f4,source_0001
128.0,0.8075,13.0,0.9376042683919272,d14bd001190c2ca1c195e89679a8ad7a3604fbf0a44ad2ea305b32368ab0f485,source_0001
128.0,0.8075,14.0,0.4416961669921875,3188327c34ea3123210136f358607490d6315ff54d692140f18235058d0dec60,source_0001
128.0,0.8075,15.0,0.4659194946289062,1bcba8fb4a8739add09246c0678c9c31f70be8f7ca7598706c8f603674a91f49,source_0001
128.0,0.8075,16.0,0.9856465657552084,fa39fdee5ef6485d26f7fa57d6647901d06449a4825cc91c849d58e8d0297849,source_0001
128.0,0.8075,17.0,0.534698486328125,01ffe21419540e1e36f30dc8f4cc2eb07f69aa554fb227f459a5431d29fdb53a,source_0001
128.0,0.8075,18.0,0.3193715413411458,40bf093d442cda5924c082df2c68c0b3c3aa744089ec23fa27c1788ad11ba8f6,source_0001
128.0,0.8075,19.0,0.6875254313151041,4c7238ec1ba901c279999835d0224d2178ab4e92b502fc9f15f5e03472682991,source_0001
128.0,0.8075,20.0,0.6389617919921875,55a36f8d6d923002ef7a7e3816a51ab5b6c1da6c031d44a3427a5e76cd87d833,source_0001
128.0,0.8075,21.0,0.8193639119466146,ceef6f0b536cf0bf586c9d721f4f47c73ba42334f5b4eba76740dc2f3b9486c4,source_0001
128.0,0.8075,22.0,0.8733113606770834,7083d8732ac15f0e799a070462fadb1b3334b909c4ae1d1b6a6a102ccd2daebb,source_0001
128.0,0.8075,23.0,0.4544754028320312,555323e85aa9200802550729d18ca2f712ed5c567be046a1c304fc4d0b4a379c,source_0001
128.0,0.8075,24.0,0.78094482421875,7bb904b9e6aa99a75bd23ae0de88dd8122d202b67b619f830b5cd66ce804f4ea,source_0001
128.0,0.8075,25.0,0.5263595581054688,40a083f9d5c64435ec75bc9312a66b4b160375b760c79a8b010ef41a26ad9742,source_0001
128.0,0.8075,26.0,0.6179351806640625,1922d1c297bd6a0990b192db362f0f6ecc35c9e3aaca07b6b64d9efe648f0362,source_0001
128.0,0.8075,27.0,0.484509785970052,6ec891d5886a23a376edfbb2fb6650bb01e6ce6bdd205b892338221b6740d6bf,source_0001
128.0,0.8075,28.0,0.5982106526692709,f8c0ea09b5724297f683bc73643e30acb44985f7a39c2a8b13fa3900abf8ef8f,source_0001
128.0,0.8075,29.0,0.7666880289713541,f9c9d24f22f7b1c7c836599b3cbf53dab68dd3460461f3edc7e1dd2af6241a46,source_0001
128.0,0.8075,30.0,0.4990463256835937,0f732c27c3f3a7dc019e9049dfbcb080fb80d511fa42162fe9ffcc11fb876ff8,source_0001
128.0,0.8075,31.0,0.5393015543619791,8e852f47a07fbf6fe48996fd158212009a456c217e78d5cbc68f1f8feea34048,source_0001
128.0,0.8075,32.0,0.5006739298502604,e000c8bfbbbab9ec631ae8e6dfceccde84069f522d74a60f7feb9cd48d2760cc,source_0001
128.0,0.8075,33.0,0.4823811848958333,5e384e13540b01309362371f3b5202244d3e1cf81cce57583967710174374b48,source_0001
128.0,0.8075,34.0,0.7884419759114584,777527d4d8c97b3f7e3f98877447db66291bcdd593f6f1cf592e9558a5e94f14,source_0001
128.0,0.8075,35.0,0.6477686564127604,b327bda0a73dc511bd3a0fc7d133cbaeadfc9f0fc5f1c083c641ddff288d2c34,source_0001
128.0,0.8075,36.0,0.2849095662434895,fcc16068b91a81db9337c2cdbd1860e8a514633fcdef83dcd463e8842cb8fe17,source_0001
128.0,0.8075,37.0,0.983673095703125,24317db1dc9b5b1d8627152480edbd15d239e1a78889e315b93b7ad0ee34b9a7,source_0001
128.0,0.8075,38.0,0.4947052001953125,1177808c8d3ccbc8bfa75e6fccea4985f761deba578e3e9466cc0a3a08b759f3,source_0001
128.0,0.8075,39.0,0.3719863891601562,639a67da0f699dda72d64bf8f787ac755978fab709bc93f683a02d3e6229c2fa,source_0001
128.0,0.8075,40.0,0.8358612060546875,900a7dc49b7ce58cfe9b22db0f6df5d8ceeda2b5b75e94f7bf40de977a7a4466,source_0001
128.0,0.8075,41.0,0.6793314615885416,54a37b7159ab2c8f6401968a95c49a0d234747139bd931738b356d4c3621bd07,source_0001
128.0,0.8075,42.0,0.4022318522135417,e3ad31729e4cffb99d7ae49f162495999011a5556fe971622f46b5114843b2f4,source_0001
128.0,0.8075,43.0,0.4147389729817708,f598d24b9574f02740aad575d1bfec465bad8f3e44b05b9596d8d6e23cca35d3,source_0001
128.0,0.8075,44.0,0.9814503987630208,09c1a5d644f0fdd9e67c6dc866f8e281c0711f2ef0ebea8bcf9094ca55cd3456,source_0001
128.0,0.8075,45.0,0.4613418579101562,1515aaaf65a1207a2e0ee1152d2f2f52d0da8f6386a21fe5ed4595a9a889ff51,source_0001
128.0,0.8075,46.0,0.5578664143880209,ea0f8abe1d6f274dc30df3d76d5265b28d59ea0ed0de5c43b7b6ed2172de33e0,source_0001
128.0,0.8075,47.0,0.9687525431315104,05d15cb29c30a077f6ac35c4dea53018c11ccbf91c41ff2e69c2a50b7a6c4b3d,source_0001
128.0,0.8075,48.0,0.7804133097330729,84ec80d46a3a8f703cb1b3e13df69caf3bff2b6d591d944324cb1409fb48f1f6,source_0001
128.0,0.8075,49.0,0.6768213907877604,ab2ee34735593b40abf7fc2394b1a3151d4b5418cc08aff280713b1a34f4b22f,source_0001
128.0,0.8075,50.0,0.7561798095703125,1589813c3d7e15504072771d0b6f70cf7b81a92ad59d33e1fd5a4ae66b49cb76,source_0001
128.0,0.8075,51.0,0.4033533732096354,ed6b1a3d3a6890b654c6b3415195d305e5cf32828560324a03fd0916372c95fd,source_0001
128.0,0.8075,52.0,0.62579345703125,4d80987b3bbdc1c884452cd2b4a5f8746659bee536a2553061805163f52e63b0,source_0001
128.0,0.8075,53.0,0.740386962890625,bb5b102fdd40a988b837b5b8eded644f198750586a49d604b7bea6fabed740f8,source_0001
128.0,0.8075,54.0,0.4669036865234375,e301da1ce16b73069334ada80eb2e67bbb2922f15c8e9d2495e8ece352fcb594,source_0001
128.0,0.8075,55.0,0.9759445190429688,222bea3a7ec25623b5e11e91796a96d0e0959dcd84bb095ad996d09c85ffd79f,source_0001
128.0,0.8075,56.0,0.8811060587565104,a078c058a07acd8b9df0cb590a481b10e405d975bf8ddec75171bd7d6573137f,source_0001
128.0,0.8075,57.0,0.9854660034179688,7e6e781e06d0031f5781bd7344f7520c1a2ae7d87ff415abe48f3056b6f003f2,source_0001
128.0,0.8075,58.0,0.9771652221679688,76a073c6eeaab11f2bb07c7482c71fd3038fd6d1c12464d6638379ec5e149193,source_0001
128.0,0.8075,59.0,0.57696533203125,8eca566e84191c17f3859ee1077b376c4e8a43bf31f8364adab6875755f652a4,source_0001
128.0,0.8075,60.0,0.5410893758138021,729dfa8fbae660d62e2c09c105cc790d154514d4196872c1bc6dee9ecda8f59c,source_0001
128.0,0.8075,61.0,0.378278096516927,027afb11da72f74237fa0786ccbba090935f0f0f955bcb7dea8dec52dbdc4989,source_0001
128.0,0.8075,62.0,0.8872629801432291,85dca79a8bb2c99e769332f82ebeabaab59a0468113f41ab450c536849e04da9,source_0001
128.0,0.8075,63.0,0.5107065836588541,611b01dae0cffbfa87179157781ba317de9d751c4872a40c0964cf34922bf6bd,source_0001
128.0,0.8075,64.0,0.7720006306966146,2791b1b42f07a8c805b0cd9506f85c2feee6f86a468449b5c6e939d2d518e18b,source_0001
128.0,0.8075,65.0,0.9881540934244792,bcfea796cd3922c7091d95eae0f7f14fff589aa2eaab8b39cccb293d7e215a83,source_0001
128.0,0.8075,66.0,0.3661956787109375,b1dcbfa7d4028791edbaeeaa35217ca97b166c23373fb99205efb3efc17ffdef,source_0001
128.0,0.8075,67.0,0.9878005981445312,8f65e6b3d9eb9b30707678dc1da3670616e775225b2fad2940a5878d1ef2d248,source_0001
128.0,0.8075,68.0,0.5374120076497396,25f2262e3a45d4111cf4e1e0945fdc425932245cc5df3055a54b317773389306,source_0001
128.0,0.8075,69.0,0.7795817057291666,082027515de1a263c69052f5e8e479a0684061e7d4e7e519329b7be91e8c2013,source_0001
128.0,0.8075,70.0,0.4827016194661458,7c5ab2bf2ef460d608ff4e60a22edefa120edead1fddd45ccb0093a8e4744439,source_0001
128.0,0.8075,71.0,0.7487284342447916,9d5e9273832bfdf6bf16335efeed890b2fc3959ab761e82569c2eca5a4a47465,source_0001
128.0,0.8075,72.0,0.5046208699544271,034bc71a3749a575ae2b2fafbee7f3638299b0e95d92e34581c917046c2aa4e1,source_0001
128.0,0.8075,73.0,0.7750803629557291,2d797373dd34b3023ff254506188c4bc50a76488072e193bd9078577965910a9,source_0001
128.0,0.8075,74.0,0.7476679484049479,48f2b023c0fad6dfd1848fc43b1e5aed5dd1924e20882a78c2db06a5f941d383,source_0001
128.0,0.8075,75.0,0.7686614990234375,a67943b379b2df74ab9ba687c759296b0397f566a1af818640b8565c1c2db8e7,source_0001
128.0,0.8075,76.0,0.7037633260091146,e456646534e12bd4d65c461176b689a23c923fd0c05c12f562b349375a128b61,source_0001
128.0,0.8075,77.0,0.7636184692382812,d6242887971e8d9690cef301a303cb793de26a65b41a3ca8d8d85f9dff44f276,source_0001
128.0,0.8075,78.0,0.9694137573242188,5bf47caca283eca720bb5881b8ce7292951297db716d14b07563d3728d2b4efb,source_0001
128.0,0.8075,79.0,0.9866867065429688,b97d066c69d0ebb0bbbfeee3229abb20d71fa40c54e83e0a455603d65dce6ce2,source_0001
128.0,0.8075,80.0,0.553985595703125,2fbdef631195b9f6c938bf7ff866a3e25b738bc795e26d63406910d6fe0587e1,source_0001
128.0,0.8075,81.0,0.8578389485677084,ebb49552cc004bceb32783873fc7fb96bff5b8a708604129f05d5adcd2b163e2,source_0001
128.0,0.8075,82.0,0.3170928955078125,f91c16de85e4cc7687c8ba2e2069d69f4fdec7a6a36b64112f1d136b78a916d7,source_0001
128.0,0.8075,83.0,0.4935658772786458,58dcd60405950a4634741d278e6674aad8157c7792f0b6ab5047950edbae8ac9,source_0001
128.0,0.8075,84.0,0.6195424397786459,bee42867189c27908c91188a203d477c57ae30abc0bc65d9b083c1a93e6734a9,source_0001
128.0,0.8075,85.0,0.5141525268554688,f2d43e09a5edeff51ff3701e61a5d969045626ba89ee4b83f027bbe42bc13f0c,source_0001
128.0,0.8075,86.0,0.983301798502604,e342c7be26b2b9d2ab5fb8104b68b71f8ac2f40dd7cd81f641e7f58d7b9936e4,source_0001
128.0,0.8075,87.0,0.8566335042317709,794158c55b10c1998c31cceccc4b2c317b0e9e331b2a78aeb66edceed1aca362,source_0001
128.0,0.8075,88.0,0.6587778727213541,08d4e85632afe7a0c6285ad0889f6f1c476ebeee4bfbacda721a3ceebf39cad0,source_0001
128.0,0.8075,89.0,0.9737319946289062,4c0408e049dcc4a661f9898b50e5a8e0fbd411738cab627279c962f17b1c44c2,source_0001
128.0,0.8075,90.0,0.3730138142903645,9fff12b1e25ca6d64fe5da7d70a82d2ffa043cbec89952e60cc2e5bf7de7c0c4,source_0001
128.0,0.8075,91.0,0.9839274088541666,2d755d66f258c966f5e2b3e35651f36942a19dbdac2ea8baab18619ee89a54d1,source_0001
128.0,0.8075,92.0,0.5685628255208334,08c7c89d19dbb4ff91b6ac72264d840cda92a81fa972b930ee189f6542cd3a65,source_0001
128.0,0.8075,93.0,0.6121851603190104,08aa50556a0581f624cd947a5c26999d65a1210fe0143f0028199d0c199991a0,source_0001
128.0,0.8075,94.0,0.9888076782226562,6624d64cf2810a8e50ace97e7c3e1e0f0c9c3f1d8a96e5c4b1de39bfefd23d82,source_0001
128.0,0.8075,95.0,0.8300755818684896,b6ad10e70ecdffb960802f0fe6feb3021c73fc4d4bf818b16bc5474a211822c5,source_0001
128.0,0.81,0.0,0.9801712036132812,04d17a8bdaa42b5ab786e94b4a7a1ca63d0102a685ceac53952fe8769c9066be,source_0001
128.0,0.81,1.0,0.7990849812825521,4bcbbc2ff658c9485283bbbcd1fd00120b13c5fb07fa08812029ef846fd99621,source_0001
128.0,0.81,2.0,0.9857457478841146,de1cc6f702c1294287f51882fafb282311ecce9be66ce86769a743006dacf365,source_0001
128.0,0.81,3.0,0.8165232340494791,e8ffe1cae5cf5103a84c9bf022a0c7ab824c1235c2cb6b542808a77872cbdceb,source_0001
128.0,0.81,4.0,0.9863179524739584,3a2e21b182f92e40d46ced8f61f1060129252019d9a7a08d301fdb01b943a2d0,source_0001
128.0,0.81,5.0,0.9802042643229166,d4e32e1e06ea1e2e070b52ed781a3560010fb4ea3546a152b8e0ff8812f0e6f7,source_0001
128.0,0.81,6.0,0.5176773071289062,855e51a2f4308151d41d8c0ecf454ceb8636224724c373869ab239bc83074106,source_0001
128.0,0.81,7.0,0.4445648193359375,0b732a69cd77e165c2a2937193fa572618581d4625bef42d2149d676ffba2bd2,source_0001
128.0,0.81,8.0,0.6993560791015625,7186734c1255812988126c0a93879f3b5396f0a0c77387268887f2595a6ea141,source_0001
128.0,0.81,9.0,0.3490015665690104,ae68a56ad596f403f18d7708229b64ab2b860cdb82fd4f800356d92b2700e6ce,source_0001
128.0,0.81,10.0,0.8611729939778646,76f0c452a740687d5a751e6cd611a1194a0599d5320852f13f510b9872926139,source_0001
128.0,0.81,11.0,0.989293416341146,a15dc61e072870ed53c08c107765c1ab2816acf72ec4e9f39b44745b7e3360c7,source_0001
128.0,0.81,12.0,0.9859848022460938,ec92a192a2c485c9bf62ea7b0128190a4a00d0f2601215a36a66505fcd204d5e,source_0001
128.0,0.81,13.0,0.9571762084960938,26b62ec884ad7ced32fb1cc3efcd18892d9fe73db512cd43d4bc262e78353808,source_0001
128.0,0.81,14.0,0.8970387776692709,67568e847e40756b7c9c1a986057e308d30f1a039bc73f88b783fe78e083477f,source_0001
128.0,0.81,15.0,0.4683278401692708,909c4923d91ec60233627f492571756523ed432b35015264956202a9e57c1526,source_0001
128.0,0.81,16.0,0.5109608968098959,9da3c6989fdfa299800c98b113dbd8d67cd6eec91847ecc07a7a6a89ed49f1f7,source_0001
128.0,0.81,17.0,0.9846878051757812,40228620ad59647c0c8885a44a5b7e06d6c7b18a88b802c7125b060cb4161f32,source_0001
128.0,0.81,18.0,0.5712153116861979,bb5d02b68f471418902d0193f0b90328c63916ea32b6df0ffdd5670ffc31f71e,source_0001
128.0,0.81,19.0,0.6887232462565104,9a606df71f80c0a992ed44583475573a71dda02dd0557b2539025b5ea4626f07,source_0001
128.0,0.81,20.0,0.8159891764322916,da91f1887e72f8ced43752150fb0b546dd2e02918a07c80d4e44a51bd59e6eda,source_0001
128.0,0.81,21.0,0.8305867513020834,5b820bc267abbb0793e58a68777cd959216cfdff6dd1f24a087f8cbac3f06681,source_0001
128.0,0.81,22.0,0.8691075642903646,0046f9959cd2c6f738477353bd12a71356ee195cc0e1921ef71249af6336b856,source_0001
128.0,0.81,23.0,0.4090423583984375,9fcaa1af6d613e6c56ff51316af1a252719a5001648e5711b046e2b3b166b156,source_0001
128.0,0.81,24.0,0.786102294921875,36bbc52cd1c1d9f28cc232e4db9e8b47cb889d8dd468fa89b335cd78ce42a449,source_0001
128.0,0.81,25.0,0.5331217447916666,169461c219493acf87197229d9ed6766f5f1cef3f91e6eb03a59fd9b8e1ae4e2,source_0001
128.0,0.81,26.0,0.9832534790039062,07706502095210cc23a8747eb2439e94f5afcc67a74987777a8e16e3de926147,source_0001
128.0,0.81,27.0,0.4880549112955729,8de728fe8f71e305489ee00f653f7906a5795a6bcc989a949d78e74adc08ed7a,source_0001
128.0,0.81,28.0,0.9878082275390624,1a28e90d9e1c5e1db270f367b87b7e3b5aa5e6e038991f2473036cc3941f991f,source_0001
128.0,0.81,29.0,0.9006856282552084,4707bb8569dc7011699c3a9bf17ffb0713bfdd19e8a7e1f939249018d58d5b4a,source_0001
128.0,0.81,30.0,0.4996210734049479,a7b298f65fadfac9de79e511a8c4bdf104b8e8879522059c8994899cfe050cd0,source_0001
128.0,0.81,31.0,0.988983154296875,4f5f377882c9437fe243bc72eeb2ba03d6dd30813d81ae36586db56bcd85b30d,source_0001
128.0,0.81,32.0,0.9848785400390624,cb6c9e904dfdbc378c6cec50bb2b3e9f41a53d2e410223cf7e0d17e5c4ff1c19,source_0001
128.0,0.81,33.0,0.4825820922851562,649598dbf448775333796829a5c495438792a705aaa504be9237a6fadb14598c,source_0001
128.0,0.81,34.0,0.9880956013997396,bd26763d15c6e6c32dd6634303ad3854e4ed399719720a697bab8b06d1ba7f00,source_0001
128.0,0.81,35.0,0.6481424967447916,39b49b682b103b0acce0c83397f81b72531c28e6e6fe5cb2b70887e78ac8aafd,source_0001
128.0,0.81,36.0,0.8832346598307291,37aeb7cee231b0668fd640aa5d2a9a2f17621d687b02d7f7ab0fdb2c85ac3740,source_0001
128.0,0.81,37.0,0.9845733642578124,37ce39ef7241c6766e2122bd162e11e56d8896017f4ccdcab566a4c737779011,source_0001
128.0,0.81,38.0,0.4956588745117187,52f932595daee0534b04e318371b8399e8ef08cc09dddf0875d469b19d4be973,source_0001
128.0,0.81,39.0,0.3911946614583333,46bd8318d26f2819ee261fc3b6b87bc9c0140570b021b7b2f04b99662368cc84,source_0001
128.0,0.81,40.0,0.9685134887695312,1d9ee35330593864bec15645de989c35bc8c47a3335e387d94848094ce534b9f,source_0001
128.0,0.81,41.0,0.9682566324869792,6bcfb43c2a9d6a781ee1f220e5430e20e17a5f31d1729b172b9b9dac396174f2,source_0001
128.0,0.81,42.0,0.5868504842122396,fe065bc81caabe616e25ccf1cb496102d3b188fec577af06211c83c691536427,source_0001
128.0,0.81,43.0,0.5879338582356771,e9c52b6275968a7cb043214f162e1583e1414b6dd4914828bfdb88ae048475ae,source_0001
128.0,0.81,44.0,0.7290878295898438,1f9da0087b52f2188041d24af69bb249dd18760c284b26436043703f38f1d40a,source_0001
128.0,0.81,45.0,0.8211212158203125,0c6256d1f725b786a0dcc40c67b8ecac5d8202ef3e6218c528935a48f7dc9158,source_0001
128.0,0.81,46.0,0.5622736612955729,43b2379735df823dc404489f74406965aff1b5c26c37519922cf8cc9577efcd4,source_0001
128.0,0.81,47.0,0.9837697347005208,968dd8504388d11946505f716a2a2983b144ce117c61373280552cad96da2155,source_0001
128.0,0.81,48.0,0.972607930501302,03fb6a9e7c1107ccdfba65bbc43f98dd30a29beb5c3c73aa0630efcb6f00b4b8,source_0001
128.0,0.81,49.0,0.975438435872396,936b93439910e0871bb0de408ec151904bc49dbb5426eda1eaaf5272b64d335a,source_0001
128.0,0.81,50.0,0.9851226806640624,d2d08b669dc21587aee38547d75190abf6cc24464f992a936195b54c435f073b,source_0001
128.0,0.81,51.0,0.988451639811198,5505902e156a1cccb940ba3420dc0dcecae017dae18616ba88176effa997f30f,source_0001
128.0,0.81,52.0,0.6260197957356771,2182a630ca303c8fbc9c2ba35e20a8f543ea4573d73858de12b3b6bf73ee997c,source_0001
128.0,0.81,53.0,0.740570068359375,96b9289a53a4f1dada18c3af8c6dc260c857a7593891a9140c39efb59d95315a,source_0001
128.0,0.81,54.0,0.4674173990885417,ad6c1a249305cca43a652d553454ee5eda7cd07ce9f334eec29c627a418b57ba,source_0001
128.0,0.81,55.0,0.9760793050130208,37f5270f112c3a8d1613bb63a64bc42e90be6deab061877d957add6a9b4dafa7,source_0001
128.0,0.81,56.0,0.8874638875325521,290683a5a68c7aab78eb8ee9d229f61b456b63238bc00b2477d8a313432a51bb,source_0001
128.0,0.81,57.0,0.9343694051106772,8886d9fcc627abd70efe7fbcbd619cae832be37bd8b212f9a78e8a58394ad223,source_0001
128.0,0.81,58.0,0.9857508341471354,e92a176933f07e4c245b10a673115f4c9e6116b1fba6f8a74cc63453d6611e6c,source_0001
128.0,0.81,59.0,0.981109619140625,12bec574b5d79f6bd2624ff96f2435c35ef5b353c09506f0195294b23217afea,source_0001
128.0,0.81,60.0,0.5498809814453125,fe89faa1b60fb0c9c333112a13bd712b7dc132565bb2bc403350d65848ccdd08,source_0001
128.0,0.81,61.0,0.3875020345052083,ae8d2572246a3aedbb1630ac0228332b9c7ee59c653cec01ddd870db3ea6da84,source_0001
128.0,0.81,62.0,0.887603759765625,6b933f83e95890478084d466bee4ffa32563e47f0030fa2af6b1c0987dc1a53b,source_0001
128.0,0.81,63.0,0.979222615559896,9c8958677534e5479113e083fc2a64679971cdd2bfe84200fc8738b78ecf9239,source_0001
128.0,0.81,64.0,0.7729390462239584,5d3b1aaa313f9563d08f97b320c4396b2df2d2b1b153f96e20b6ca14018ceb69,source_0001
128.0,0.81,65.0,0.9885330200195312,cc176cd4d1986aac9de334a6e8246c7910be8b1e4aaea50c7711ddfe2caf2e63,source_0001
128.0,0.81,66.0,0.5647354125976562,9b720e63ec88ab961cd5a4ad70abcd4b677cd4c71b311f592b5e103afd734a5f,source_0001
128.0,0.81,67.0,0.9878590901692708,c76566f26ddb505a5706033e8ce545e6baee8048110506479617f395f3f1da17,source_0001
128.0,0.81,68.0,0.5379079182942709,fb47e73d2f14c274d03a40e06d9d150b3652014eae66174c66788ef279d3ee09,source_0001
128.0,0.81,69.0,0.9845148722330728,d8430dac7626c49b98d647b4f0ba357b9a50b3c48cdb954fc890c9e2e3d7f342,source_0001
128.0,0.81,70.0,0.4828872680664062,21341d17b8ccbfb53837eace2a296df7e817af81674b6aa373f6f7a8b68ed40e,source_0001
128.0,0.81,71.0,0.7511393229166666,50cab53438f2a2208ad050626ca01c21435f06d2f255eb0d5536912c360bf1f9,source_0001
128.0,0.81,72.0,0.5047098795572916,5ac64d1f3deb04d4026cfb61bfdcd8995b3efefbe7cbb162835ac6e43ffe6d19,source_0001
128.0,0.81,73.0,0.8631846110026041,d1349bd1833a54379e0467ae55a2dc78ea8e995c2f4ddcaf1b96c3386dac8b3d,source_0001
128.0,0.81,74.0,0.748046875,dc54e52356e88fcb6dcf16122e1957e5e34561fe4b418a8b3a5a8285f2d40be2,source_0001
128.0,0.81,75.0,0.9749094645182292,45351fe516554dda8417d21f701eaa858a693350f53e25c43aa54394fdd8ec17,source_0001
128.0,0.81,76.0,0.986546834309896,2c87327eb05265e047a6eeb05497c3a798edb61c09be735ab782a18e12f60048,source_0001
128.0,0.81,77.0,0.9844385782877604,7fdf33d2d9931098238726d9e0650a67e9172dec32663d9d7442319a176fe34a,source_0001
128.0,0.81,78.0,0.9868316650390624,c1d5f3a3a43cfddcd738e7ef20e9e401b7f8d8bf1cc5e112ed1727521ee28566,source_0001
128.0,0.81,79.0,0.986829121907552,9eb6aff12d799eeab02829a0ffb157ee7fa40f5551de46600d7df546fe2ec047,source_0001
128.0,0.81,80.0,0.9692586263020834,4ba8164e29d720a5134c9c8317186b9f482c92d105fa03c227b9bb6c0b61ac22,source_0001
128.0,0.81,81.0,0.98565673828125,e0fd241199be5c7f62a20d568e9c5b4bd2ae8e3d587eb408ee79f14fe75a43d1,source_0001
128.0,0.81,82.0,0.3453572591145833,7f19883269976ab29e1dc74eb6b9bbebb2138d1280934ecec48971833ff42aa1,source_0001
128.0,0.81,83.0,0.4863230387369792,1c1fb55d9946db54f1594eed8bfed25922b1f18513777a48b3f40b6f64ae9cef,source_0001
128.0,0.81,84.0,0.9884084065755208,a27fa33c26cea2e0f0a389c67b6ae0ab18e6b8907789f9836db5f02b412d60eb,source_0001
128.0,0.81,85.0,0.5143915812174479,c07a2cfd4a8d4b943080b128b52118e3003e1b56e0d7c76386b8b9e33e39736d,source_0001
128.0,0.81,86.0,0.9763565063476562,18577d06c08d7851c4984fc3ee1baf8f5e8d71d52b803430586863314cc2b455,source_0001
128.0,0.81,87.0,0.8571141560872396,245f0e18c53de5643d70497425ac64994b231be391a6b23d7e820b8f750e8f6a,source_0001
128.0,0.81,88.0,0.659088134765625,118cd821bbcf47b186c1a8ffb3fc4c5ce98cbe9980b0ef982a8c8fe899de9c17,source_0001
128.0,0.81,89.0,0.9859466552734376,029d399a615b2708d43dfe398b46c9ff84b796b3c6adc92b03a5076b5c8dbb74,source_0001
128.0,0.81,90.0,0.9873199462890624,f66eb8da00a0a5d9351b0bd74973f3d22848ce1ac0760968213f99efc2bdde9b,source_0001
128.0,0.81,91.0,0.9840850830078124,8c3f404154a3c906db0db6d8e17f3b8b631cf4daeb0a09f23adec9471d888464,source_0001
128.0,0.81,92.0,0.7600809733072916,e10005e208b505a79d400e8e3aa473f7ab3e54e553683f5b869546e21679bf2c,source_0001
128.0,0.81,93.0,0.6132965087890625,63d3d36d186a7360118b80030c5910101dbe496a36eaad7138b9242f14dfd58a,source_0001
128.0,0.81,94.0,0.989110310872396,325f9abbe339e3b7e96cd7e73432aeb55f8bc068bf48506b50ec5c4e7e09c425,source_0001
128.0,0.81,95.0,0.9885279337565104,6eddbb81cf5f771b60b8fba0fbe2290b5a15524c62b5307d792c492858e15b26,source_0001
128.0,0.8125,0.0,0.9818547566731772,0460477253f565c46f6fdd5e73f5d46504e36ef4c81fda9ee9e628ef84c6e3bf,source_0001
128.0,0.8125,1.0,0.7991663614908854,c0f4700851153b150d94ed3178610cabec74d72c529866da1e540e9c46b2b5b6,source_0001
128.0,0.8125,2.0,0.9861373901367188,4d8897406b835ca35730c81ffdfdc1476be9d9b4e37c6363d4f7dd509578368e,source_0001
128.0,0.8125,3.0,0.8167368570963541,8af640b0f5279bc4ec41d6f2853e2bf356a859a0c8e73b23757861298daf2f27,source_0001
128.0,0.8125,4.0,0.986462910970052,24a857634c446b81831bc651da6c3447db58c61330398d0a6415631fcbb1f34f,source_0001
128.0,0.8125,5.0,0.9843088785807292,010bdd9c313540760308feb57e5d9a64fa4b4a5c1baeb685934ee0fbdcf58812,source_0001
128.0,0.8125,6.0,0.5180282592773438,e80d7d6c11d60c60c664f95ab01828e841c5ce5187ab2e28d68b3f7b46a3d500,source_0001
128.0,0.8125,7.0,0.614990234375,d6b3ae1e35d4debff02c18391636313118a7c28d30e24104c5c1bca0dbfb56b5,source_0001
128.0,0.8125,8.0,0.8639399210611979,33d46a1bda3bd6b5189eae7bc6e6bc261eb5ef2ae38640801c6b950cc6cdd3d5,source_0001
128.0,0.8125,9.0,0.7038904825846354,979d2a9f6ab2d58536b7e8fec58572070c0536b0e99af0cfe6dda37225c6f823,source_0001
128.0,0.8125,10.0,0.9801457722981772,0bd4acd025a412eafb9ec78d87609e9f9974ff03646f3639516287fd95fd4565,source_0001
128.0,0.8125,11.0,0.9894078572591146,6423c9903bb258065289bc953fe79b09ccfb298a919408509380b8479c18d455,source_0001
128.0,0.8125,12.0,0.8184102376302084,39d48fdf97a22a4eee997ddcdd6c72cc5ad621d4a6f7592708d44910774b5217,source_0001
128.0,0.8125,13.0,0.9576644897460938,abfcbf07d6504beb7f4b153f50bb37604c81aeeba2386853e3215f4043cd31b8,source_0001
128.0,0.8125,14.0,0.977869669596354,bd5590d79a66194e44a98f95f8d011b9586c2080606c955b3a652f960d4849bb,source_0001
128.0,0.8125,15.0,0.9720255533854166,c65f9b4f04e3ca8fa0ea892042b529f0fcb765b4d6c11bf9d94d2204a6c0e66b,source_0001
128.0,0.8125,16.0,0.986096700032552,887d9ee623948024002599d4c8623a14220e46a1edfa961a3542bc3d942755dc,source_0001
128.0,0.8125,17.0,0.9840418497721354,ecb461ee9c048b890ad08ef751ebd57f454bc7c0e7eb52e54e664de2bc6d75b7,source_0001
128.0,0.8125,18.0,0.915026346842448,46cce204c79e136fa31a9e13febb9abcaaf9357e2d169a8f2e9eeef5e90c1b58,source_0001
128.0,0.8125,19.0,0.9908905029296876,58c39ae414874a0223d6e13ba557a9a01484026736feb169f457ffe6bc2fdd46,source_0001
128.0,0.8125,20.0,0.8165232340494791,80ad227a54136a75e3e258da989cb6ec01a7352e14e43e4c7e7e313c53077cf4,source_0001
128.0,0.8125,21.0,0.83099365234375,95f03f23e1b4f08b0d267f2daf67dcb90330a8a3347cd413d61faec381da6b4d,source_0001
128.0,0.8125,22.0,0.8773244222005209,f4b4434b15e3ddb20cb0468ff2177a60b4ccddad6e13c5c02839ac60d392cbab,source_0001
128.0,0.8125,23.0,0.7361043294270834,0da72c8e546b79a59df46f8d75d7a12c9c631c8ff6be95e0e3efefd7f01965ca,source_0001
128.0,0.8125,24.0,0.7864863077799479,90f97ecd0efe581fcaa5e16653f8c7983894286326e8bc823c173c389d5e6623,source_0001
128.0,0.8125,25.0,0.9878718058268228,dab4cb204b065b4eecf4b2b1b9e0f3a5279131afe1ada66aebe364afbbe9da89,source_0001
128.0,0.8125,26.0,0.9833526611328124,79cdbf8eb13aac060a2206de4ef739f7509fb5319a56f09ffc39b8b1041c6962,source_0001
128.0,0.8125,27.0,0.4883906046549479,145ef2ba5a24986e9e522d648f8b5b7b638877580f6f5f392b03d4f274f05bd5,source_0001
128.0,0.8125,28.0,0.6038589477539062,224352874b0dc22d23fd969b303150603651bae24edb7ca71a08e41539cb5861,source_0001
128.0,0.8125,29.0,0.905186971028646,e94f7da8dabf5fb27d8994e847eae8190c4af3376c5ec50f6d49f01fefd414d1,source_0001
128.0,0.8125,30.0,0.990125020345052,8e8e16ff4263db883e4e690db9aa9b7efbb3b3c5ad0599cb95c99fd33360d3c9,source_0001
128.0,0.8125,31.0,0.9890848795572916,c2b58380273438803cfa0751ff40c2adc4af0a8b0748121f7713af9e76f2bdfa,source_0001
128.0,0.8125,32.0,0.98504638671875,1c133948f02f3b9d8cc9862a5e35c503ea8ff507f0ea13a3204d8b63ac0bd68b,source_0001
128.0,0.8125,33.0,0.9842758178710938,e93b3d16c86a7a88d316287624fefa61185fbecc0ba5f4cde9d44ec42245c694,source_0001
128.0,0.8125,34.0,0.9882481892903646,6800587912253c1514c00054ec98ce9cdb304164dd2569ed1f711224de74e1b9,source_0001
128.0,0.8125,35.0,0.6528218587239584,45e0efcc7d2f19ed58e54a6960f6a05fa563e8eb95ac12f61004f51467c4586b,source_0001
128.0,0.8125,36.0,0.5486373901367188,880286a45b23824fac87acdb010080305fb8d26d0f2b15565f8a106bae5cebb2,source_0001
128.0,0.8125,37.0,0.9879252115885416,64544fb10f3728b21b1df4626f4e15649865db9732c4168e0cb3ed43b68fc043,source_0001
128.0,0.8125,38.0,0.986297607421875,cd2f94adca933d85faaecfd1bef816fa826c9ec51d2bee56e57f6907ab51791e,source_0001
128.0,0.8125,39.0,0.5832722981770834,0fcac71f57323ec90d1fca00868170613a5830f4b2e18f56ac7f9dbe153bf123,source_0001
128.0,0.8125,40.0,0.9685643513997396,89026c9e463c6718d4dc2d2b6820efc01e96eeda65e5f8acabb2e82c15f21e20,source_0001
128.0,0.8125,41.0,0.968419392903646,2d3ac5b688a83e604e427e2e862b83e2538c48953629a02afcf72e297cb7d352,source_0001
128.0,0.8125,42.0,0.5868174235026041,b91cea25c93e4d673b9c61340d040afb89449472ba4cfb7d5f5dd135264d3875,source_0001
128.0,0.8125,43.0,0.5884043375651041,e59d81684d94ac2ac21ae54b054f2d2191987e0dc38b35147ad787fc93440cfa,source_0001
128.0,0.8125,44.0,0.98297119140625,bb47392cf672129f72e608e4a1d021b99b737dd1680fefd7a7c6e6ac9ad13145,source_0001
128.0,0.8125,45.0,0.919263203938802,e96d9177e5701c1ec086678691774a21b8622559a816c36d3a0deaaae8c51b70,source_0001
128.0,0.8125,46.0,0.5663604736328125,ce29c8f97bc27ff9ba36a9c91f3887df45b14cff76ac55c32e95ddd0808ce3da,source_0001
128.0,0.8125,47.0,0.9838027954101562,287ebf5c46f7bc20ec8c3ca1480b3a834470aa2875347c8d96825be8eff36db7,source_0001
128.0,0.8125,48.0,0.9726969401041666,ca56fb2871095ea265787ea0dcbe88fff052813480db1d4fa40449698bd02cf4,source_0001
128.0,0.8125,49.0,0.9755833943684896,5b14d876ca6e47607802b4d16214efb3aa39e31897530b85ca89acf0a8169b75,source_0001
128.0,0.8125,50.0,0.9853337605794272,4a7430d0e8b09a9ba2042ea71eece4a28d41c06738599d59f338f893c9b40de0,source_0001
128.0,0.8125,51.0,0.9886576334635416,dea25f3461bdca2a724db2f6a18c4b8ccf99821841d13c427a5872bd144dfd3a,source_0001
128.0,0.8125,52.0,0.6291910807291666,c6a6738a71e7881e86f76a1ef6d074bf935a81b83c7a333afaa2ee762e3cf428,source_0001
128.0,0.8125,53.0,0.4460220336914062,55a2957553e417f260f49f29d215447e912138af1775964a07ba23e64fbd9478,source_0001
128.0,0.8125,54.0,0.4740142822265625,1758abb167738c751e0745891b12dbe4e0c135571f8d71f5e52072cf800dab89,source_0001
128.0,0.8125,55.0,0.9759521484375,d82f82713d1eb9f8ba19f69fd67b4cc5964cee908df65923e08dacf772340f3e,source_0001
128.0,0.8125,56.0,0.982007344563802,585d495991d2797ce783a5714750c5fbf71bb667eb3b4c3c667af0c09c2bc755,source_0001
128.0,0.8125,57.0,0.9856643676757812,d9a6e059d081ece91f7cac8a2e2405219588ca7a1f89d18b89566b41e0c45502,source_0001
128.0,0.8125,58.0,0.9860687255859376,991f5717430f102b5a4d06466a7d298e0cd3dbff67e2dfc70b9878ef03a200ee,source_0001
128.0,0.8125,59.0,0.9811909993489584,0329b42e7ce861ccd1b83ac7669ff38ee7ac3751ab79bd821c8beb526c8649ca,source_0001
128.0,0.8125,60.0,0.5505498250325521,15ad7aa039608a6747e9a0548ee84734bdf5706e2fc35fe2142c9ee66f4aeecc,source_0001
128.0,0.8125,61.0,0.3926010131835937,4278c6f48beb33c4900d6279cff6468f18ff9407098e625d4a31a446cfa77e37,source_0001
128.0,0.8125,62.0,0.88909912109375,2a03793e334e73f660ab1891b414831ae62999177be0e52687399c8947410e21,source_0001
128.0,0.8125,63.0,0.984278361002604,76e5b56d6e54dd73eba7dfc9b61290f3ea12276732898785b35b68b49def2e73,source_0001
128.0,0.8125,64.0,0.7730458577473959,3f0d67f61cb05bdabf3303cae69af9cb2226949ac57977a414dca2ddc30b7943,source_0001
128.0,0.8125,65.0,0.9878997802734376,6ba5e74c8a7bbf583293e0be5e100b3f736278f8dea2ac545924c0e78b41587e,source_0001
128.0,0.8125,66.0,0.5652669270833334,8a148a5ef95ed9af8b88b2c92fe401f0bc2891beda76c024edc3e8729322ea99,source_0001
128.0,0.8125,67.0,0.988085428873698,28c5e11f945b08d8aed21205a94f00d6a8c99a884f7c603ae03f130027cbe809,source_0001
128.0,0.8125,68.0,0.6992670694986979,efd3a2c5c2a3a039cc356b5ab3eeed9198810ca9570acce9dcee9bc0f18d6eeb,source_0001
128.0,0.8125,69.0,0.9808171590169272,5e72b72c3b11f5ccd53de2411b40f2a5da4af71aee92c0e4d1a6929deb58fd7d,source_0001
128.0,0.8125,70.0,0.4831314086914062,01432b9d38d0e5b9fbdd1be245b2d770b3d67cd87f33e9dcbf523c7d32690e50,source_0001
128.0,0.8125,71.0,0.7785212198893229,12f91578224d3060e4a61f39204ead7451065476f968a0a95206d6c1cbfc4c5e,source_0001
128.0,0.8125,72.0,0.8502655029296875,3dc33ca4bb9bb43a7aedc1224e0b525b17c5ce523b670ded98d7bc0f2fd3f55c,source_0001
128.0,0.8125,73.0,0.8634262084960938,75c781b577a4bf9631494afa43dee8d7f35aac4fe1f04e798c2e463955911d80,source_0001
128.0,0.8125,74.0,0.9878463745117188,920a9d7e8927de35cb38475d1a9273b40d4d219c847141f4c3f8bb0901c4057e,source_0001
128.0,0.8125,75.0,0.9768498738606772,40ab92cef420e759b3ae62fe61ca2951b3670a3ba7bf74b0c09dc88d9a73d51e,source_0001
128.0,0.8125,76.0,0.986913045247396,9b8c428c8f0f7eab2c0f000b6c6b08aa64a2bc3579b46eb8b11d50f6f7967fda,source_0001
128.0,0.8125,77.0,0.9848658243815104,666dcd45186e51c3f2a1e2c1b86abccc1f575db6eac6be168eab0712031b3ae6,source_0001
128.0,0.8125,78.0,0.8086573282877604,83a2e700b4edee63300c16e1d95d387771ef35c75f9453cd07371940dee3bf31,source_0001
128.0,0.8125,79.0,0.9869817097981772,5c3fcbff38228ec4d54d59a4c0e9ed40337434d9bb77d21f6f49220d566e4149,source_0001
128.0,0.8125,80.0,0.9867884318033854,f1cb4e861e6c009ac01e817683dd6b7e8d4d9f5e5afb96fd69241558f992e717,source_0001
128.0,0.8125,81.0,0.986170450846354,5b2d3a04899fcfd3a0ab0e9a4ad52097dd03fe3f7814a7911ff91d26ce56da61,source_0001
128.0,0.8125,82.0,0.6430892944335938,dd8b74e517723f2c08eaec42bfe0981fffbb07966f3e6aefa4c443a886044484,source_0001
128.0,0.8125,83.0,0.4944330851236979,40758c62249bc2638e5dd75ebf871dd7dde82638fd0edd804c42cb3df4e53ecc,source_0001
128.0,0.8125,84.0,0.5668792724609375,17a05504260bd64ac93892ee3b9c8ac23279d00da7e00d14ff58bdd4e660e7dd,source_0001
128.0,0.8125,85.0,0.9854532877604166,c9d3cdc62dcec3f6a8c99c4cde03ab355e2c7a98a59621c9d1363860778f5cc9,source_0001
128.0,0.8125,86.0,0.981043497721354,a67fcee8d67f79c9a43854d3b9ef779c5f355c9f03e0ae227465ddfcf52aff13,source_0001
128.0,0.8125,87.0,0.9892400105794272,cf6ccea8c971e26597382bed4277283277f525df0ba5fac87f5e54d34b4a332d,source_0001
128.0,0.8125,88.0,0.8217722574869791,53641caac202675b13c4b63c396065370873820afe14bb3a01cc683d539b06ae,source_0001
128.0,0.8125,89.0,0.987719217936198,167ac7b5b87ec12d9e5a13b32c73393e1cb190ecf5fcb66e5ef22038fee206dd,source_0001
128.0,0.8125,90.0,0.9877141316731772,7fcc568a8c637c31b080e8ddbce5d6492799012adbb78ffde3650a55e5874d41,source_0001
128.0,0.8125,91.0,0.984344482421875,783867d1098a5ee0d990193832501e0333aa62094f4ad0316384a509dc76d5f5,source_0001
128.0,0.8125,92.0,0.9729792277018228,1d562704a696a4a7e912003bc2e8583bc8b0ef5ec32e3ef95318c53d36c482a5,source_0001
128.0,0.8125,93.0,0.9761555989583334,5166d8722480d59e1edbae2a6c7dddd458334662712f86da6676c4f7542ce00c,source_0001
128.0,0.8125,94.0,0.9892985026041666,53dbfeb3aa32256d91a22e3d67382c1a2e0c076f79c499126e2de9de4cc95b80,source_0001
128.0,0.8125,95.0,0.988560994466146,3e28eb363fe59bb7b2fe5e48dda938d8a46a140d5613a68f5ec6178e53ad0265,source_0001
128.0,0.815,0.0,0.9819412231445312,9204ddc03de6b842503315277eb7b25545893ecb0d97b2fc09a648a5ac6bd50a,source_0001
128.0,0.815,1.0,0.9856796264648438,a62c28ccfe9f95bd38f9c34c5f19944968859324be962a777ed1c17efd3729f3,source_0001
128.0,0.815,2.0,0.989344278971354,20a25e612b3114c600dbc57596f2d90e0aff81928d455699b366ab67928ca9c0,source_0001
128.0,0.815,3.0,0.990198771158854,822ee548ec76a5a286da39be5da7e9592833272b085cf355f0a10645996afd4e,source_0001
128.0,0.815,4.0,0.988489786783854,1ace8192b58ad0063ac4bece20b0f8658ed28003418703882ad0b67d874e1cd6,source_0001
128.0,0.815,5.0,0.9845606486002604,984658cc42b9cec3af46f352792a596493b31b8066950ad784ae9d9620caa001,source_0001
128.0,0.815,6.0,0.5181299845377604,4c4a28ae82d4cb40fc8c419811df8deefabe46d362aeb73e8bf5293f0a9cf299,source_0001
128.0,0.815,7.0,0.984532674153646,210f3436f75f31718c87a13b20fe4874821a517543b2a5f4d3aca982efb6db40,source_0001
128.0,0.815,8.0,0.986254374186198,ab25f3f81ccf25d06e0c0a7dfb8dd8bf70a3cc7a4b8b007275bf2c2a68116a98,source_0001
128.0,0.815,9.0,0.9845809936523438,adcce6e7546f301e4416379afdf93c5d700ba3f8a39bb540884abd7a1e018a6c,source_0001
128.0,0.815,10.0,0.9801864624023438,6fdf14ca7344d60f8c1f0e022bbba9556a0d425cf1aaa0f35b0a203f7d6cddea,source_0001
128.0,0.815,11.0,0.989903767903646,585ec51dc3bebb2e6c876675c82a00821e6e403710c424f3ebe2cc72ad9dba72,source_0001
128.0,0.815,12.0,0.9884821573893228,a061b1fcdf3e47e23532747e1eb98388b47d30b993df018c26842a5345606053,source_0001
128.0,0.815,13.0,0.968775431315104,29bb9dca5286baff766325a0965d178858d268c246293129f1960faa925c85ea,source_0001
128.0,0.815,14.0,0.9780095418294272,67aaa0f61c038c814b9457080b200d2d59b766cdf041e3d9a5c3f489cbdc80d6,source_0001
128.0,0.815,15.0,0.9725519816080728,5149891034d9f4a8111b7ef2054bac1eff0381633f2b5fd64b10cd8801368a8c,source_0001
128.0,0.815,16.0,0.986175537109375,9ca55e84e39131c1293eb803572dd5b088e2e23134bf707ff8283244240c29ac,source_0001
128.0,0.815,17.0,0.9852294921875,38d93cdb242b5a3cb5019a7d600bf956c6fa2bbb3298acb8f1dca74de58b88f7,source_0001
128.0,0.815,18.0,0.9175237019856772,401860221bbb2d63e1e423ebbd87833506aaeea5fe3d4c8704b77b2d41a3658c,source_0001
128.0,0.815,19.0,0.9909693400065104,1b8a6492385489c22a2c32ae6ba12730a3e874b77f67c8153de58b7de60abc23,source_0001
128.0,0.815,20.0,0.9820531209309896,870adc3a52882bc2ccdbf307c6e2371c1feb88e9310998f20f14e046adfb77dd,source_0001
128.0,0.815,21.0,0.9899571736653646,fc7f5ecd40a6decd441b45272577b325eea62d6ade7ba37df69172943d59be64,source_0001
128.0,0.815,22.0,0.5367101033528646,015c028500fea2125083fd3749ae69bf4a38abc7ebb21af81fe7802cb17a5ba7,source_0001
128.0,0.815,23.0,0.9856363932291666,456ec3fb4caeb3a02376f2cd7d5075e7c9fa03fa93f3944b34704b9f82959f47,source_0001
128.0,0.815,24.0,0.9821497599283854,68a4d3d200a728a3bb83c2967e92fa03065e53d4a37d7b943cafd60bc2514509,source_0001
128.0,0.815,25.0,0.9885533650716146,5ee31ff6cb4c3b7a82b869c756bf0677b2726c47541d6820f2dda8366ed89a0c,source_0001
128.0,0.815,26.0,0.98504638671875,2e1c9a41313071d5523c54e981bb431156b0b6a095ab3374829f76a296a507e4,source_0001
128.0,0.815,27.0,0.9829305013020834,a7b1e3a8c35d59c5009827e2a5d209133207ed52c5db7acc2befc7d8b6274bde,source_0001
128.0,0.815,28.0,0.9881388346354166,77a469609837f92b2c1ebc53266dde5d1a04d7294a157c242c114ba753521ee3,source_0001
128.0,0.815,29.0,0.9766515096028646,e46d30ca9963ce8802eddc9b81b84ea3a69b6cb161d3ac053fb12df8f2650d74,source_0001
128.0,0.815,30.0,0.9903996785481772,eef6a3a515d4536ef1d9a6c7cd5cd2eebda3bcceef370a7624f2637f78cbeca8,source_0001
128.0,0.815,31.0,0.989331563313802,46df9e5b3fc98fdc1b11fae7429ad8f3d79ed6ef210b8e1feb2df5b09d1292c0,source_0001
128.0,0.815,32.0,0.9853363037109376,ec695363b293552934c9a052643bad6c3225c73161ad92fcf29fa8e5e2c6bffd,source_0001
128.0,0.815,33.0,0.987780253092448,e4b9c6854581569044022c27be3fdd00fd29b26b3ef273cb29cccbbdf43df490,source_0001
128.0,0.815,34.0,0.98846435546875,c389b88b541c1c9488b4ef0e1900b2c633aacc6483a0b8090fd08a1f6a0cca94,source_0001
128.0,0.815,35.0,0.6541315714518229,04aca21a6c547873713b9cf6f56b7a123f5a0ac56cd84f8538d20852495c8d62,source_0001
128.0,0.815,36.0,0.9888331095377604,0d708312dff7044ecc3883a86101c0cc281fb8344fdf3c324b5c9127ca940b6e,source_0001
128.0,0.815,37.0,0.988024393717448,c70d04a629415817a05b5148a743b39b19587c97675186fc16ec178cbb12a1d5,source_0001
128.0,0.815,38.0,0.9863739013671876,5fb069b2cd8fb89d950cd0b552c54d34b9da032e1b0c9c4801721448d0f3f007,source_0001
128.0,0.815,39.0,0.9875590006510416,853c07059f49e671e3755f786bbeba8be3af9b68ad6f153a0d2e8809b4bf9008,source_0001
128.0,0.815,40.0,0.9686787923177084,62e83524ccf08a01be334c4799e13bb04f64dd0977b5dde751c16b916c6ac2db,source_0001
128.0,0.815,41.0,0.9738820393880208,544d707770e0347f1e9365e92c4c05e53ea534e72ebcc39b7ba4cb0bd2f53c6d,source_0001
128.0,0.815,42.0,0.5876719156901041,8fe6b34f138b98a648a0cec57e44c9359120e1110b699a05ed8a35fa5084cadb,source_0001
128.0,0.815,43.0,0.989367167154948,f2483df612eb7a59304a40bfd1baffc3409dabbe618dc88a0b0230defa90b7eb,source_0001
128.0,0.815,44.0,0.9831949869791666,366a6638548aeff050c3465229b4e80fd3077a2510f1e4d636cb2c3a9ae3e83c,source_0001
128.0,0.815,45.0,0.8177820841471354,36ccaf14f475fc56c4dfbca51b44884e16e8a9a38d69a3f2be3e1891b5bbf2d5,source_0001
128.0,0.815,46.0,0.5724309285481771,88b78608eca84acfa72417355b2c3fe519d0f6e116bb8dc310cacc112a696aa3,source_0001
128.0,0.815,47.0,0.9844818115234376,c9a98582ac0915c260ffc92873b6ccf21936242b95254ce89d02b1289dee1648,source_0001
128.0,0.8175,0.0,0.9822718302408854,747a526d4960aa790928d49902d521fa74bcd3e26e2510723b0c718efcf8b5d3,source_0001
128.0,0.8175,1.0,0.9870707194010416,6fd97f3c7e2b8a5906ac2be9a0c22095259de32f9a3571c2eade252fca568fe3,source_0001
128.0,0.8175,2.0,0.9895070393880208,06a148014da97922ba6265796d46a484440f34b6209409a0739a2c188c8e89ed,source_0001
128.0,0.8175,3.0,0.9905115763346354,56c2ab8ed63ad0575f1d39a1e52df7153db70639b93b72df615da6059a1f46a4,source_0001
128.0,0.8175,4.0,0.988739013671875,b1c052e4e196b1a48f1dcd336937f5b51ada38c79ffc9fec6d17c2cafb81638d,source_0001
128.0,0.8175,5.0,0.9846725463867188,888e9dd20061d2cc11351f59a41fded4e93e2e288265e05b0e1eeaf8576c7e3e,source_0001
128.0,0.8175,6.0,0.5490519205729166,e025fa7d14aac87eba52ee09a710c6b5a4bc74923e40ca210d71221cbac94b85,source_0001
128.0,0.8175,7.0,0.9835840861002604,fd5dbd3d9166fa46fa42996b0c05d12d535a028c7204eedccd49b008afbdb9f1,source_0001
128.0,0.8175,8.0,0.9864323933919272,e269e30f2774a858c203763091a5cd499305583574cafe0922d31561f134bb89,source_0001
128.0,0.8175,9.0,0.9856847127278646,253be2d7163d658eae03ad225e17b018665d0d78d20d37454152953d2dbf4b4e,source_0001
128.0,0.8175,10.0,0.9805577596028646,557dff75c1dc662a31cd233c756e6330ecfccfc44c8c87cfe7d1bbded00cb48a,source_0001
128.0,0.8175,11.0,0.989959716796875,2f1a3e1a6eb7b861a20a7597d98d186ead116cee99a0232ec476600a0c2e27c4,source_0001
128.0,0.8175,12.0,0.989245096842448,d49880af3cb078dd9e4cbbe16a38752218879a4e941f7629607d79fb90b210ec,source_0001
128.0,0.8175,13.0,0.9860051472981772,1db5d0843a0e9e0190b1637edeb8460c6e5afe6e5d68571fc1ec4c36203b9894,source_0001
128.0,0.8175,14.0,0.9783477783203124,8253f7a0ce23c5f418924618f1eea67c908cf9dcfe40454ca49ef16a08f38704,source_0001
128.0,0.8175,15.0,0.9869105021158854,00b0d4f487bcd2fd5436265e2aa3c60a580f1de82a170565ebdf64fa180a756e,source_0001
128.0,0.8175,16.0,0.9863332112630208,54628a321be3fdb96b6ee906fdf4134c869dd907dd50b91bd9603c9019819e23,source_0001
128.0,0.8175,17.0,0.9863917032877604,741c417bca7aef0ccbb3d0c6ced71ae69ae5122e35efd8cee56058fe42c71edb,source_0001
128.0,0.8175,18.0,0.9892425537109376,0f7175bf9849c8ddcd7a5eebe37383438a049171e16b42fb4bbc725fd0fad6de,source_0001
128.0,0.8175,19.0,0.9916483561197916,184815875a0fee2ae2611275c90d5d8578ebe118037ae238b089693886b06951,source_0001
128.0,0.8175,20.0,0.9821345011393228,072b3bade2d4455bb4bafbd08ca9e1f56fcf8a8d1884d1fae60d9e04dc8fadca,source_0001
128.0,0.8175,21.0,0.9900105794270834,9e4ee56b424fe1ec58b09ed1ac4cc36eea79b8ca90e69597e557f953f5b51a3c,source_0001
128.0,0.8175,22.0,0.966601053873698,28669e1e90cfeecb56646d69df41b7eda020be116899d41ea4cc27c67bb8da4e,source_0001
128.0,0.8175,23.0,0.9870707194010416,1a03e29d43ea852a91f246c1aadfbe5aa6aa284a8ddf239affba179cc3530789,source_0001
128.0,0.8175,24.0,0.9827372233072916,712abc2df1ca50e729b662896ec7bc088d351f7c4c7915b05e9ef56a06284732,source_0001
128.0,0.8175,25.0,0.988861083984375,6ca8bffee3a6b31fe504d487aa4fddc4e45c00c00229965600a8654ce0a697e2,source_0001
128.0,0.8175,26.0,0.9853591918945312,ea2763aff874622ada0ba3da50de27c31bb9e8c8af2b547cbd4fce293b424af5,source_0001
128.0,0.8175,27.0,0.9837799072265624,fb8cfd923e66f062944007c9901323189199182ba3221224fc49701586b7bee7,source_0001
128.0,0.8175,28.0,0.9897130330403646,92d1b0794a427af45e239233d77f33edc45beb3ac6d8cdaa3fc659c572c11515,source_0001
128.0,0.8175,29.0,0.9842376708984376,418372325146ccedb5b33b62d8e8e4bd4cc72a612dba1f4c66477f0b0e1e6518,source_0001
128.0,0.8175,30.0,0.9904886881510416,cae63bf201fd3ccf167db4513e4252e55f247dd9d16aefb79cb59cd94080665d,source_0001
128.0,0.8175,31.0,0.9894561767578124,3ebd4e55f5b272dbb8b47d6b203a31e35f419199c2d4f06c5310c7e310873845,source_0001
128.0,0.8175,32.0,0.985399881998698,85412a34b7726d9ff2a7df7d722db07f9ae82a1b57a586029b450d0ae2b096af,source_0001
128.0,0.8175,33.0,0.9879684448242188,5408581747877ca53ecd29540a1563fd3744de917e0cec568c8f0a540520a151,source_0001
128.0,0.8175,34.0,0.9884745279947916,5649aeb2d5da880412aef224a064227f625ad55e0f95f887a68736a22e9732f8,source_0001
128.0,0.8175,35.0,0.987230936686198,01fc7276bd89d67f0ab73555588b92a733e1fb6ca07d229d66c0ff66b8078c47,source_0001
128.0,0.8175,36.0,0.9888992309570312,f3faf7c3f16dd909eddff0e21e9a70767971e23f31d253fd6a5a0a99d4a04cb3,source_0001
128.0,0.8175,37.0,0.9881871541341146,c3a75d5c8e684f874389db8f7fa10e0b94958e5c2d1775ae39beef7d1fc322bc,source_0001
128.0,0.8175,38.0,0.9867172241210938,790932756bc996625ad2ebb49e1e1e7cb5001893d541f3247beb63634b6a1c18,source_0001
128.0,0.8175,39.0,0.9894994099934896,4b8cef57ea654421d254008c514e070dc7aaed68cb6efb418f948946217f4600,source_0001
128.0,0.8175,40.0,0.9685618082682292,f1add267789618a756f4278367a263752b677513cf9667c1b70d995feae6f188,source_0001
128.0,0.8175,41.0,0.9740269978841146,0eb432ce853dd02b3100d20a8b20bbd077fd596eefe2c9d129fd1be6c57e21c0,source_0001
128.0,0.8175,42.0,0.9847564697265624,accab308b68d705690b413194c201352039c41344324d1231cf3ab84c842469e,source_0001
128.0,0.8175,43.0,0.989349365234375,1d31d4ff27a0e98ab3ee915817348f7e777304204edf6b9daac8e9e1ec4dfe23,source_0001
128.0,0.8175,44.0,0.9857152303059896,d74e37ba039c9ca763d7021555de52c9977e14ec4fb0a72a44b2261aded876a0,source_0001
128.0,0.8175,45.0,0.9839375813802084,424e49dc8ae943d583590ef237b01c6c6041578ceb5c4dbaac3e9898f3d182d5,source_0001
128.0,0.8175,46.0,0.989123026529948,4a7f8332a5474cdc969c3ecab36b314f94b874d1d9fb123de9c5a21da1dcd8aa,source_0001
128.0,0.8175,47.0,0.9872055053710938,4c6770423aa43fe8f9a352ecf627bfee29bbd981a6cbbd51c71fd14256029c5e,source_0001
128.0,0.8175,48.0,0.9832483927408854,bb516c45621575933008c434f5f742dce508938ba658cef1d5b13ac9976a8120,source_0001
128.0,0.8175,49.0,0.9760843912760416,8b0eaa5559ca1415d69640949072537a0bea02257050b1eb97ad89b92c632164,source_0001
128.0,0.8175,50.0,0.9854354858398438,273dcbc6cdfa43f02c98a7c75167403a8e3b0665208db28925fd6e41deeffab9,source_0001
128.0,0.8175,51.0,0.9887008666992188,1aec3f7df4ac4ac3b73b71536a6b3d3318438343f52926271401e8778eadc518,source_0001
128.0,0.8175,52.0,0.9832102457682292,9adb48977b7658f279f95da0d99a6733b38925e947684d312e45ec035733730a,source_0001
128.0,0.8175,53.0,0.7413304646809896,64038d1eb77d1f904edc22a89e771a88963c883b6a6e634108d367be38606740,source_0001
128.0,0.8175,54.0,0.4830423990885417,c96d528b6fb325f580aa56364de4c8b05d661b7491b9d42212173d60862625e4,source_0001
128.0,0.8175,55.0,0.977137247721354,6c713ffd345cabd18ad8855b2cb4726058d5ffbba22d98006b7f26a00baf96e3,source_0001
128.0,0.8175,56.0,0.9817225138346354,e76b911bb078818bf0d798b458417c75fd3bbf0346051527974fe30916e458c6,source_0001
128.0,0.8175,57.0,0.9883880615234376,e5fc52f275ed0128663a4db6a2a77089842c7c12595f4363119c89615e30df87,source_0001
128.0,0.8175,58.0,0.9864552815755208,70902ca04ef748ef897e2d941f2c5fa094de8a59f485f89405550bc9b702f41b,source_0001
128.0,0.8175,59.0,0.9847920735677084,a0637af8be02054b00fd95f8ff65f0589a8f2ab5e01bae123e63f0b6aa7f2a9a,source_0001
128.0,0.8175,60.0,0.5512822469075521,8c7664633c828447e9ba27e51fa82c98e1a089de281a9ba6d62aea6f032f0929,source_0001
128.0,0.8175,61.0,0.98541259765625,3334ae4e8d414b5bdc589f0244f93d8cef464ca213901add092c1866df0da798,source_0001
128.0,0.8175,62.0,0.989227294921875,ae8ab54e1ea102df5cac4d36d217d128db21f6963c8a992107720c5a92dd0b64,source_0001
128.0,0.8175,63.0,0.9869232177734376,590742e60d90b452e49ecf5fbcad06de4c183af5500e13e11d91f5ea7bde9454,source_0001
128.0,0.8175,64.0,0.9847920735677084,5b2458c967999e44b7ebb911f5e6646f38c4d8646deda53e756d66ccc44c5391,source_0001
128.0,0.8175,65.0,0.9888814290364584,0232e4549161343ee0c14d22a559fcbfc13ac8a7ded5b5d387fbef2558ca03d0,source_0001
128.0,0.8175,66.0,0.5646260579427084,d91410a0b9caac0ba0837998a80d9420d7f4ecedc212dbdca2f8b079f19e16a9,source_0001
128.0,0.8175,67.0,0.9884974161783854,9a2fb18e62610786683b15b7930e3ae192d8f0c98e57b29eef128807178383ca,source_0001
128.0,0.8175,68.0,0.70086669921875,3138a9a6e862f0977572b5a061db8a48c7a0972e443491024efbf1f32fd833cc,source_0001
128.0,0.8175,69.0,0.985692342122396,d3f9d74657bd86015e3e56a3dc6a0b44130e6112c263fdaeeb4cbcc04a3274a5,source_0001
128.0,0.8175,70.0,0.9892018636067708,cd7ed0bfcd18a9f630c185cc4bd557ae793e71ba4f77bd5d0da249bcfb966d78,source_0001
128.0,0.8175,71.0,0.9847691853841146,b904255ecdc8d87857ca5c427cd53dd1ad85ccb9ba785be66882697cb4cc3b36,source_0001
128.0,0.8175,72.0,0.9870198567708334,5335e4eba005710ef6a4d1e3c527655cbf5c68773690287410716a1f20ac84e9,source_0001
128.0,0.8175,73.0,0.990221659342448,9db3f3122f372b7d2962c5be67a0217f1d568f8ba8b27ea5f869b655468e6d49,source_0001
128.0,0.8175,74.0,0.988683064778646,8382e4afcc7e246b3a0bb151f0ba94bfe581db5d9dc5c87523fe9c3ca6df674c,source_0001
128.0,0.8175,75.0,0.9875335693359376,a69a76c62e84ae73b8030f3b0a2f71334c2b2ccdebbf108a1c9b43ea9c659972,source_0001
128.0,0.8175,76.0,0.9882659912109376,86ce81f757187409f1eca8631b5feb95d84c54c9b9ee37ec0275889d51a31326,source_0001
128.0,0.8175,77.0,0.9850896199544272,05942effaae24b43cfe925105fe8e78e873da5668049232390ac09fdcf001972,source_0001
128.0,0.8175,78.0,0.989184061686198,ea73d252b45c64ff8ec60ca44410ce98bbd97c97784a8bce694f9f85b3fdad67,source_0001
128.0,0.8175,79.0,0.9879430135091146,8744b74ff8e3babda1cf36bac5b9ea9a798f3a1810c14af1f44e1ee86e2a9320,source_0001
128.0,0.8175,80.0,0.9881693522135416,0d94acb3a75c9fa8def6376e97d7e8f4ce327f95e5267012965a9f1e2ebbf2fb,source_0001
128.0,0.8175,81.0,0.9870554606119792,b64dc82c59623445705c0b371390bd6a4ad4bf9331585496c4acf4ccb77b9bce,source_0001
128.0,0.8175,82.0,0.9866180419921876,9ada25693ebb1969ac595219a61fbf30572b7cca507513b69e04e531f72eb956,source_0001
128.0,0.8175,83.0,0.5029525756835938,1d9c5f84c5eb8b43e403de487fc6dd3b3bf4f1d29fa0644c76dc54145ffcd9d2,source_0001
128.0,0.8175,84.0,0.9864959716796876,d40052d9c2f1a9e64dc3448c69c50a1a4d62551e0dbf4751b9804f66f9f37c24,source_0001
128.0,0.8175,85.0,0.9871775309244792,ae6b15d2ba0e48ebc2ad71a47221199b5562014edc61dbe793733d5adeeb62b8,source_0001
128.0,0.8175,86.0,0.9850031534830728,dcbe9c228aca740eb4fed9bed8eadd92d891fdb0c60ca491b770018b459637e2,source_0001
128.0,0.8175,87.0,0.9897486368815104,5547dcde7ed1b29c87b949b5af215d33069daa8e3ea58279971a2471666bf43b,source_0001
128.0,0.8175,88.0,0.9894485473632812,c9b56ad0d72e20eabd8567ace8af735dcb4dbde001ae8f6b6c3b9ceadcd063a2,source_0001
128.0,0.8175,89.0,0.9884312947591146,7ed2bdf52254c487b4adfe7908f143311715ecd9ce482039e76d553b4f414417,source_0001
128.0,0.8175,90.0,0.9880777994791666,41a178ee9315cf87c6399bfa12d8d86b952cb7e9d05032250364cbc7073b4a42,source_0001
128.0,0.8175,91.0,0.9846267700195312,d76ee7555ae5df608f2fbd090208e314c8a892f30dbddfb5e7bebb90b57e7b81,source_0001
128.0,0.8175,92.0,0.9807662963867188,932646fa825f9984761f223b04d0977148b2e5c558cd5b761f7412e475e3e7e4,source_0001
128.0,0.8175,93.0,0.978808085123698,fce849296815c2ebbaa0af8b015e05f4a65bcfe7b88323e6e395525526ce4348,source_0001
128.0,0.8175,94.0,0.9895299275716146,5bff1cb372749899b678ac99f705f56daa07545c3d577aed7f2588ffe78c18b1,source_0001
128.0,0.8175,95.0,0.9890416463216146,55945d5d42cd9622d8bff71bcf5c0648bc64f3dd232aa7b43dec050b624a78a6,source_0001
128.0,0.82,0.0,0.9879557291666666,3fdb3123544094752fe6474fbf2812b2d91a6f07fed76d49adfee82c20ee6ccd,source_0001
128.0,0.82,1.0,0.9871190388997396,1faff28c3b55faefb13740a543488a7f6a5dbc66e402da1c6bfcb7afa09a53ba,source_0001
128.0,0.82,2.0,0.9896418253580728,3400043a84f9c85fc964bad51ba1464e77a2fc9c8f31aa92211aae966f880e89,source_0001
128.0,0.82,3.0,0.991119384765625,a88a8e493154dfe31d22b8790702fffe397b14d552783050c21d0be5d16ba16c,source_0001
128.0,0.82,4.0,0.9887847900390624,821cb32edb2b8c6026c4481e9e1e050f7bfe7c53cded5d438e46a7237eec6cb1,source_0001
128.0,0.82,5.0,0.9847564697265624,9419e3390d5e8b8db13cbb9a8004a997e783a51b1cda86b1e64f32f9f394d8e9,source_0001
128.0,0.82,6.0,0.9804407755533854,af824a2cc48ef5e5d07c95ede06b1d1a6d59c241a9cfd8970fe647ce921078a6,source_0001
128.0,0.82,7.0,0.983935038248698,e0c7380f5c3cd90b1035e5ee511bf3b084e4c6600f52bc1f89a35468ca51df73,source_0001
128.0,0.82,8.0,0.9865646362304688,b249f37d4388abb4c9816b0384f8b4188fbd7ab10ad4106d14e7cff475b0906f,source_0001
128.0,0.82,9.0,0.9857940673828124,15a00cb094ffa281824ec228c486445c194bb093921477a237609d2975ae62cb,source_0001
128.0,0.82,10.0,0.9825414021809896,271d40c608d6049ac40394f0042cfd2f3c78513e035cd9964538fe645221345d,source_0001
128.0,0.82,11.0,0.9898351033528646,efb83791b519a85eb9a38efa33d4e0dc8d42172ffe3e8b1c2b8f714f6776e5fa,source_0001
128.0,0.82,12.0,0.9891357421875,ec802791986177026119e64fa130f278ffcdc51a79ed7c4a0f3b29bdcf386986,source_0001
128.0,0.82,13.0,0.9860610961914062,aff2097e96c323b9bc78e54ccdf37c6cbd841dd3c3eccf746e40aa77c1283f75,source_0001
128.0,0.82,14.0,0.9788487752278646,007477e577d22c63d99712f473703ce3f12e0ae65431110a3b9153a8953c0d9f,source_0001
128.0,0.82,15.0,0.9872639973958334,78154ac229f817a70777cc8fd7da4f673f3cc5cf120ed936098c1702c951feeb,source_0001
128.0,0.82,16.0,0.9868443806966146,1141b5f6c3bf816b15dc8eefbfcb914e52159529e0d2fe586fe37cb82f12f799,source_0001
128.0,0.82,17.0,0.986719767252604,0994d34478983efcc7a0de4371d67bbdb101d16c917fa28a1fdbbd454e6ccad8,source_0001
128.0,0.82,18.0,0.9892578125,76a3117f0d06cdb100c6914cb86bc2527b5526a8e767d1d0bfa01c250b7ae45c,source_0001
128.0,0.82,19.0,0.9917424519856772,33313bca0245fc2ee301e47fd93334ca7418aabc225697d09e46ae708d6f9668,source_0001
128.0,0.82,20.0,0.9822972615559896,c1edd4d4be21d10371a1b531aff86500b0117b37bfd7098cc53440d68d7a6f1f,source_0001
128.0,0.82,21.0,0.9904403686523438,c56738a8f355e63395199189db7d024656ff2bbf0fe409f074e70f43afe8deed,source_0001
128.0,0.82,22.0,0.6463521321614584,8216184786e1d0dfdc47761c41642f32781a1d2ed069052be16c307d0bd5f898,source_0001
128.0,0.82,23.0,0.987889607747396,3a7035fea2378b45963b3c308c03b40b4221aaaf7b78effb38b5e89e4d664eb8,source_0001
128.0,0.82,24.0,0.9827702840169272,cacb88b65ba66cb82c70bb8c174c12521badbb222c5a90fd6dd673c6b1907c77,source_0001
128.0,0.82,25.0,0.988978068033854,087d51ad31f5c903b729c1767a258f68f33013f5746095f15bf4992cd69fb7c1,source_0001
128.0,0.82,26.0,0.9859085083007812,ae9a650aa38032aba22d8dccfd9d91cb1cec906a3fab509fed06b9ae9f756d83,source_0001
128.0,0.82,27.0,0.9878387451171876,7efabf2d61a44cc3b1460b7c9c802372e5ad5b820690a2c99622dbccba0bc8c6,source_0001
128.0,0.82,28.0,0.9509048461914062,e0ebf619a93f704ab5426f72032480aad08ab5dbe503aaa3aa352b2f40fdd34f,source_0001
128.0,0.82,29.0,0.9845682779947916,17a1902e8009754f759c7006282255cd24afe89a8fa9d0e799c1f17e0590e427,source_0001
128.0,0.82,30.0,0.9906183878580728,ff89e5245d6cc863a75d304095df7d4c1d64feb8cb934b37fbcd895824dcca77,source_0001
128.0,0.82,31.0,0.9895197550455728,72aecc0883a863683ec9df67ed1fd1826ef508c83c66594d474b33645991d350,source_0001
128.0,0.82,32.0,0.9860000610351562,a3b032294ed84742fa7bf87c60b8d12cd4842528ee30b1c3fcc0ea957a0bb829,source_0001
128.0,0.82,33.0,0.9881006876627604,4953646c6d6a50c0965879416bdf6f946ad3417e2c65e0b033b52cf9b9f61028,source_0001
128.0,0.82,34.0,0.9887364705403646,b16ae1d2833614d354c2d4821a0cc2d3e810afba420fcec49939e3f530d24f0f,source_0001
128.0,0.82,35.0,0.9887059529622396,e51474760f3997e321896f5acb9a091ba75759d264bc7ce6a0b26f1461575718,source_0001
128.0,0.82,36.0,0.988904317220052,ad69ac842bf4b972574a5846480d398ce8433b1e99d27cd3304bb679fef71fec,source_0001
128.0,0.82,37.0,0.9882787068684896,0a4c2cf67aa352426102ffcfd5ee3ae0876fbeac9c9f5aced891af4d6bdfa68d,source_0001
128.0,0.82,38.0,0.9869384765625,3c455c9352ca077daa9c062afa646031ef5402ae2008b269ca009e51cc2757ab,source_0001
128.0,0.82,39.0,0.9897537231445312,0f5d04127de48e0d9fe2f9e722d0c09ec07abcd923c3aa1e3e52bf3bae032c01,source_0001
128.0,0.82,40.0,0.9859542846679688,f99ec41e5e154b914cec03ae033bde878e8ca160643f01d8f0800abc99ea146a,source_0001
128.0,0.82,41.0,0.988390604654948,b80f382b3ef340797b4f3c85fd748cc8247d7cf90e72f81ce8e51098507d4498,source_0001
128.0,0.82,42.0,0.9847564697265624,c0e4460a7eb5e0d9d8796176f928ff6a75a3533a7771c68211c731033cf12440,source_0001
128.0,0.82,43.0,0.9895095825195312,bffdac1ba4fcf139f1513a3851ac8a4e8f2216906ddfa17ed1f3e5f80963f06a,source_0001
128.0,0.82,44.0,0.9862213134765624,9f357fe0f76ad86bd92fbe739af8bc1314722b13b58c945b554f4a78c7482093,source_0001
128.0,0.82,45.0,0.9840621948242188,3196f4bbe5c1e134295fc914aa3cc328efeacd97ce87a54223773dff0cbd6324,source_0001
128.0,0.82,46.0,0.989100138346354,6c7574de27631d09aa8e9ed166d453ba5ad9d44548d0289682c8c84a259096b5,source_0001
128.0,0.82,47.0,0.9874827067057292,2fa238ea49d5db1732fe0f1c0333925d39d0264c2ee1e4ae20074054c19f7577,source_0001
128.0,0.8225,0.0,0.9881617228190104,4c0a499213f9fe2b1a20320db387f2b531b0282750dbf9ae241d71db389c50f5,source_0001
128.0,0.8225,1.0,0.987208048502604,232e106cf509878b0c5e1d5b9bf99a811c7a1310bcdc5be6ce22c6f55d08789f,source_0001
128.0,0.8225,2.0,0.9898173014322916,f0e1701521f2d2ffbe6d5d828ee1784ca9a08600beddb2d33b0081b8d29480de,source_0001
128.0,0.8225,3.0,0.9913253784179688,9a490fe3934434a8fbefd9c76fb8f705590fa5843e9887c31f0ae89b908fb3af,source_0001
128.0,0.8225,4.0,0.9891535441080728,fffb410c403255086b1969f66303da2c15966932b24945f818c1f13a9b33d543,source_0001
128.0,0.8225,5.0,0.986742655436198,4958731fc3eec5fae0113b513f315f451306839e01e502571a942048f9709054,source_0001
128.0,0.8225,6.0,0.9816818237304688,c61803a57b3bc2443a96ad019cd679cdf1d32ebee3b6ba021c08263af6132015,source_0001
128.0,0.8225,7.0,0.9864349365234376,ab851dabc16211663d54b759e391807e6bfe7d82bc7c418f16acacc84dde9f71,source_0001
128.0,0.8225,8.0,0.9872156778971354,1699b66de9fc85f0f76eab310a332d2bc4e304989bedada7869fe3d4ee8457f9,source_0001
128.0,0.8225,9.0,0.987157185872396,6bcae8eb9fa4c3e77df146fba1c492709685f88fc55e29926a12b491c0aa2e6a,source_0001
128.0,0.8225,10.0,0.984570821126302,061f0b31498dd5ef60d4338294f27cff4fe172090215ec6821d147709904fa2b,source_0001
128.0,0.8225,11.0,0.9899571736653646,25d57143f39b2e52f84990035f9be053ebcc15d4c11098cc784025d484d61dd5,source_0001
128.0,0.8225,12.0,0.9893519083658854,edaaf7805bb806b43bec71927f608b6c21ce3de479277f0e1713e01de40be40c,source_0001
128.0,0.8225,13.0,0.986119588216146,c9aceaee64e06d8c8672bdfdc636b04670e0abc3c0ba66ec25117f33c4a31374,source_0001
128.0,0.8225,14.0,0.979810078938802,58bf90c5f0f5858f43ae7723d0c14c74acb78f8229ea3ad645c5a7f2c51629ec,source_0001
128.0,0.8225,15.0,0.9879786173502604,8d9c5e500789d96ba3bc9a040a7f9f0abd06923ff5054f2c1f703f6bbf29c978,source_0001
128.0,0.8225,16.0,0.9868570963541666,0d30a49c0c70ad1564f7e8c4a1c6b2c1c1a3818cfd722f0844015c2cd57f0f63,source_0001
128.0,0.8225,17.0,0.987091064453125,8e5cfd5a9321d036a8c0fb4df3372b86f8094e4d727bd5e3d6d543fde8781378,source_0001
128.0,0.8225,18.0,0.9897003173828124,54120e9c494f02c025a40c20e16a794707983a6977a2a857b7f4a31ac46d07ce,source_0001
128.0,0.8225,19.0,0.9917933146158854,0e59c04ab8b0c42cda5aeb3c1eeb0a3801bc5dbfa7b024b5bd5d5220f469c645,source_0001
128.0,0.8225,20.0,0.9825642903645834,825871438418dd699d1f22203d3dc62a0454ddbb3dbf96e4fc387c58bdc7b7bb,source_0001
128.0,0.8225,21.0,0.990430196126302,010d835f8ad5e300aa87737cf1ecacfde8e8fbd89a7947a0d8ff5c7950b66f34,source_0001
128.0,0.8225,22.0,0.9878387451171876,89fca33e49cc075e4ffca7ca9af4318bd2c913d560454b48987606aebe0498fc,source_0001
128.0,0.8225,23.0,0.9875030517578124,2c13b6ec28066e3ef1df094e273a6929c69ca01a02d9637faccb793b53a8d461,source_0001
128.0,0.8225,24.0,0.9852142333984376,e297a0b79ff75d8ed5b1dd37a52954ccce33ec0d517427f47802d7fcbefaf4ce,source_0001
128.0,0.8225,25.0,0.9891408284505208,f644524d4dadbd2271f9d670ac30b69acc3e139f60ff39a0f7a85379f2747ada,source_0001
128.0,0.8225,26.0,0.9861475626627604,01c992c513155c1990432f75eb8dc312c8b6bd6d1d5d8c05af7913b27b0047b2,source_0001
128.0,0.8225,27.0,0.990430196126302,96c0a85a49dd9c07606e26339570b06c94a2bfb00688afbf237e44aa88a820fd,source_0001
128.0,0.8225,28.0,0.9887034098307292,e2deef2735522a489709db77f2c1241d038061b448b1163c0a1152bacdf6b901,source_0001
128.0,0.8225,29.0,0.9846623738606772,4be25a7015d1e22e9eefe5b0a27a7082dcd2369254ea6f7d7af9990db5f1c7b7,source_0001
128.0,0.8225,30.0,0.9907328287760416,0d7fb61cb0d8825afcaa3acc66aefd9b1c5e5e307ba0a086ae1f5ead3d1eb549,source_0001
128.0,0.8225,31.0,0.9896876017252604,5586d280d21a4182db914e140628da2c91110699c4da1f2dda061a833ddde90c,source_0001
128.0,0.8225,32.0,0.9863230387369792,a78ac1fd4aa67adea0ce3254d54b3681a7d7635192449c360a5e3aa519af2179,source_0001
128.0,0.8225,33.0,0.9880396525065104,02adb9d9d4faf22c0324553315c25ca83e4cbf6420ffb88c64fc8d231700dd29,source_0001
128.0,0.8225,34.0,0.9887873331705728,d343582672959b58b72910b39d2e0f13218e25ba7da8e0c15810dfe3efca33d0,source_0001
128.0,0.8225,35.0,0.9889094034830728,145620694a4b9bfbcdb93a5dc6d0f0ad3440a075808d99ca39aebdce63574599,source_0001
128.0,0.8225,36.0,0.9893264770507812,eb09eafd48083253b922378d580cdba773970dc31e069680a4d7fc3ca8792256,source_0001
128.0,0.8225,37.0,0.9883193969726562,e36ea12a0ee5d7e5e7e7b1eae51c193a9881391a201a2bbe5304ff8d02a2f404,source_0001
128.0,0.8225,38.0,0.986974080403646,5dcc1a3e7f221de523fcd3434631f696683c5ffc5303897a641370d7eab40591,source_0001
128.0,0.8225,39.0,0.9902572631835938,47e4c6a473ee53c564f8b5d27b6eb4393464a28e59bbb844193431f19720d789,source_0001
128.0,0.8225,40.0,0.9897664388020834,01f87781d618e0a5825c915bced50a128cab8ba7cf731d35ab5285d89cc45664,source_0001
128.0,0.8225,41.0,0.9886398315429688,ec8b06c25768be15437245fd97ff71f4e804050b46ffeab1445767b10aa8e7be,source_0001
128.0,0.8225,42.0,0.9873275756835938,8ea4917dec34f26045a00dfd73e11284c0d33e17aafe64fc4b068ce7c1cba1b8,source_0001
128.0,0.8225,43.0,0.989636739095052,fe33c0f020970c337f28c46fbccb492a5d6dde78b1096fc5f91db014b13be3b7,source_0001
128.0,0.8225,44.0,0.9885228474934896,6bc199b8940685bfdc9ea58382527163df855ca49fd74a4ffad4441f6d612e62,source_0001
128.0,0.8225,45.0,0.9891433715820312,758a73b58de32001c7c0163166ae3b4bd59252ed1eeb4c38cdf1662f34960e55,source_0001
128.0,0.8225,46.0,0.9902165730794272,9aee6258dda2c4bdc2587bcd525146665d04d0e1a791c03a3fa18d121fa43148,source_0001
128.0,0.8225,47.0,0.9872614542643228,aa7e1105b679eea9aeacd7ddf252d172efb1edfe8207093c5c52b0626d7cf5bc,source_0001
128.0,0.8225,48.0,0.9859619140625,c2e7046cb706ead642fdf92a0bcc2166c9c519fcf9f9f0b2a7cb450cf7a04c2e,source_0001
128.0,0.8225,49.0,0.9759140014648438,af5a63e25cc79fdc74c5e8f894e3e07225b26560336490957bbaaa40fbbef0cf,source_0001
128.0,0.8225,50.0,0.9856745402018228,2331f6ca9e204e9e3b584270b0942475ebda522b3e70c4ca4e8a37d30429f4b4,source_0001
128.0,0.8225,51.0,0.9889984130859376,567ef3eb9c415fc8acfd0531976d517a7392d5b264ad3f602cc3f2b0bdaf5780,source_0001
128.0,0.8225,52.0,0.9906438191731772,6b46f5fd772a2b72ea6a135d950cd91bd1d33aa438183fcc6078449254c59000,source_0001
128.0,0.8225,53.0,0.9807815551757812,842418f24dc5b2d5cf2882aec33421003900074c42cb653f9c87dde159f8ccc4,source_0001
128.0,0.8225,54.0,0.9886500040690104,a2979e79a46998df5f75c7c3da04f083d6ff8089b5420102af1c9abf8bfd4f2d,source_0001
128.0,0.8225,55.0,0.9773839314778646,aacbb1401ad93d81cea012435bd20e8191c4896a19bac07ef94aba2fd258fecd,source_0001
128.0,0.8225,56.0,0.9821268717447916,ef5c0c0dc26ba411022e34a4c50c5e0c0ded3b36813c22bdcb5fd7c67e88adca,source_0001
128.0,0.8225,57.0,0.990038553873698,6b65663dab9910d1eed7f17bab51474eb620c0f73bda010e3fa43480d5c47fab,source_0001
128.0,0.8225,58.0,0.9876073201497396,cda0e513de779cec342394005752470c109ecdc819115a4ed699da17e502600e,source_0001
128.0,0.8225,59.0,0.9858169555664062,8a3fa7882d448a5b55f68a7c1681161f9b10f48a989dd82649ec3d8e85d3c2ff,source_0001
128.0,0.8225,60.0,0.9900690714518228,e8b1cdf618194550b10dd441af80731a351a63c5d1a6e50d81bc2d878371b408,source_0001
128.0,0.8225,61.0,0.985804239908854,a706ce43349f393da334b98d8cc0110fa4e09aafd0102cb9edbf07e07cb6c032,source_0001
128.0,0.8225,62.0,0.9891891479492188,9cfbe1215481e7bd367aa1adc89b4fb50d6a6b2a70e139adff8a67949cd8ec22,source_0001
128.0,0.8225,63.0,0.987157185872396,7a76634f8709bf9272b228fa71425e540fc8ec64f6d6f79f4b05288c4f393a19,source_0001
128.0,0.8225,64.0,0.9876759847005208,0bc174f8c545fe8133bba6a8157d690ed2647542a90e411538da2baf78827be3,source_0001
128.0,0.8225,65.0,0.989123026529948,1775c6508c2631ae13161ea527d3b10639cf31fb0560326a55134b7e199cefe8,source_0001
128.0,0.8225,66.0,0.96954345703125,5a647d44c54554459fa0095b5d55820446915c4fbe48942729f2ae2cb49a4c8c,source_0001
128.0,0.8225,67.0,0.9889958699544272,f84356f4fe558b7cc2933ace74985191339ec7d65d1bc04e23979c25b2f7fd4a,source_0001
128.0,0.8225,68.0,0.9872004191080728,7d87910aa1ca50703301a31d0a5e96221606c0b66ea3d4be30424b20da551d10,source_0001
128.0,0.8225,69.0,0.9864883422851562,597badde010a4e678d6b4552caab8dc32a88d5154d87294adc5199cbb18aad01,source_0001
128.0,0.8225,70.0,0.9899749755859376,3282afdfee28c8bb429c56970c02b8789dcff9e1b29636014c21d69eb5190e8c,source_0001
128.0,0.8225,71.0,0.9853439331054688,3ff13651a9925c0b1679847d58d381b0e08d063f5b60e485121c1437d1209033,source_0001
128.0,0.8225,72.0,0.9872156778971354,cb8fe7563716818ca9f402fb1d6403d1f2edff2971536c0efadc43517f8cddbc,source_0001
128.0,0.8225,73.0,0.9906107584635416,f2002858b9a75e1233bfe8b1d16b66d5eb10f42ca05963ef6c2bee893c0525ab,source_0001
128.0,0.8225,74.0,0.9889958699544272,57b7a21e13b4adf1773b6763852c0486e8128c5258c578f90defd206135fed68,source_0001
128.0,0.8225,75.0,0.9893163045247396,be229773ae8cd74f5517f7d8caf640116777e769df177bee9336d6754970c9f3,source_0001
128.0,0.8225,76.0,0.9884541829427084,0bfa4d4913e4e42da9ff7d9a29f2d6d17e602086aaac9ba844b1a8e75d1ef541,source_0001
128.0,0.8225,77.0,0.9871063232421876,4cb397cd817fc4a604e3f4ada670bff2788c79c039a9a4c5248aa73f702107a9,source_0001
128.0,0.8225,78.0,0.990025838216146,ebdc9864488dd469e5258c0a87ea3003fbeef6cdcd2b9ea227d918cb9bafcbc9,source_0001
128.0,0.8225,79.0,0.9886881510416666,91d5c4341e39333dca982073d7c4bd0980eab38cef4df137aad726e468c94ae5,source_0001
128.0,0.8225,80.0,0.9893722534179688,9247f587293a6558c6f75164af2395341fb4cb51fe08eac7b100e70de41daddb,source_0001
128.0,0.8225,81.0,0.9872258504231772,a42f606f5262e9d5a491720fa223b31b524d383fee46ed90a51f9196d23a3886,source_0001
128.0,0.8225,82.0,0.98724365234375,b956f7415b4c40ee649d197bc4f681fa45b2f20615ef212125697df06725de74,source_0001
128.0,0.8225,83.0,0.5049336751302084,2a4c1ccf315c5b418e53894fd184914185d5cd2f4dd730d8a1e41a2ee25a8ad7,source_0001
128.0,0.8225,84.0,0.9876174926757812,c4638382a19174a8f2640085b9baf3a0388483f7e25f5897e1af77956bdf15c4,source_0001
128.0,0.8225,85.0,0.9873224894205728,a01c74c6548efe0db9f227efaba13cc55c97d02ee75422bafd817484c5405b32,source_0001
128.0,0.8225,86.0,0.9843597412109376,b3537791c0708ccb5c8ca80eab1a380a2d204d75d225cd698debd5ea1be2ef25,source_0001
128.0,0.8225,87.0,0.9904963175455728,cefb528ad99de60f3c01370a7782cb56cb5db96d04b9cf939c32a4475fdd8b21,source_0001
128.0,0.8225,88.0,0.989819844563802,a737a53b8da0abf6f6b88ce0e684591d8538457ec5eb6ef98e5ac8441b6867b9,source_0001
128.0,0.8225,89.0,0.9889958699544272,f328d97f5065f8103077ddc913e4de01ff4e0bcedbdfd21b0fb9596894c85a6b,source_0001
128.0,0.8225,90.0,0.98828125,cc8694778d0a12f1822ec3f4d3e908202ba8eba0e6826a9c944fc44ac685ed8f,source_0001
128.0,0.8225,91.0,0.9903717041015624,1cb207a85a3797616862de7e0060fde4776ee3eba07d4651a13e436b0284f4a8,source_0001
128.0,0.8225,92.0,0.9813741048177084,7cb9936b12f981a4dcd538a272dd19c5768fb80ae89b0e755a344bbb64dd5a0e,source_0001
128.0,0.8225,93.0,0.9794820149739584,c653f1b2c6aca0e87737bbe1320c390eef9e79da90d2ffddf859de4b7c4f2096,source_0001
128.0,0.8225,94.0,0.9900054931640624,71b670ce49786e9991ef19afc6affe6253dc5f234bd36b8faedf11ce008cc879,source_0001
128.0,0.8225,95.0,0.9895782470703124,94d1d41a6b5a2dc2adae23c5d305dc513f64dfe53598ff59ec0cfe67216a4e03,source_0001
128.0,0.83,0.0,0.988494873046875,e8a37dd97ac06d68afe55d8a5aa82195a64557128950d65d44d6df2b853b59c0,source_0001
128.0,0.83,1.0,0.989000956217448,43cc15e812fe922a5a4492761a4caf40e6740b65da0709eb9912b97cb0d2d8a1,source_0001
128.0,0.83,2.0,0.9904759724934896,e9b365968934847c1e1991c727626bdef8da5bb46f09c7eb87e891cebba32886,source_0001
128.0,0.83,3.0,0.9918034871419272,494b230403c802d0dad4f67acb3b59886dff50e19654255d0bcc7905908d5373,source_0001
128.0,0.83,4.0,0.989954630533854,a168828b0f5341b3b456b6e4f4ff6b4c54af509424390c90ba9ffa6746039a79,source_0001
128.0,0.83,5.0,0.9902445475260416,407564c2c827c3a50ddcad243a394b741d6357857ec872bf118e7c3cba7bee68,source_0001
128.0,0.83,6.0,0.983861287434896,869ae5c2e6f380531621b78b9dc7ae39db14748c4b40948508a8ecbaee47b766,source_0001
128.0,0.83,7.0,0.9865951538085938,8b1876075c5f3740b7fb66d6dc41612f4519dc2fb6b498ad747c54f69dae127a,source_0001
128.0,0.83,8.0,0.9880193074544272,a12b55548c06651cfc453aebb789f76f40066bff9f1d253a9591ccea2b868d5e,source_0001
128.0,0.83,9.0,0.9877471923828124,8f23c7a7a27d698607980bbfe42976fd030a2f485e6176f68a1d68fe92e3df77,source_0001
128.0,0.83,10.0,0.9881083170572916,e19f59fb34e3bd80b7fd8aae1ef40ae301bcb1f9e022d652869128eeea46a055,source_0001
128.0,0.83,11.0,0.9903742472330728,85791a672ee7b23f8bfc998758cc52df61949ac59bf9c82541a816ad08a8033c,source_0001
128.0,0.83,12.0,0.9903335571289062,301ca5f79e6fe2f33e2f48e1db5c3fffa6a9790e9e7b50cac58f0ff38eed8ae4,source_0001
128.0,0.83,13.0,0.9891255696614584,63997e4f19bc26f373b72bdb9e64b532663354c66415dd844a7304969f1b8647,source_0001
128.0,0.83,14.0,0.98590087890625,1efdd9a0fc4e719458789976b775446bfdecc4ebdc6cc74c14690c7fc02e3168,source_0001
128.0,0.83,15.0,0.9885965983072916,8130fe25cc6958d66e10c1c433bcac87d8fac5b5840f969220af04c0c8952b4f,source_0001
128.0,0.84,0.0,0.9905980428059896,89cbc8c3c0be4ba4d02aff17db3fa223b6aa52bd12df38fe6d01f2a53d5c7ab5,source_0001
128.0,0.84,1.0,0.990636189778646,2e73ca9a00c6fd0591b44f44e190ba22e96f363c03c4b0ef7737b7722dfe3330,source_0001
128.0,0.84,2.0,0.991236368815104,273996bcce96fff5a31330df73e6d0e0884d1b76f93371927061b13d702bda6f,source_0001
128.0,0.84,3.0,0.992101033528646,e4d1a2afad30a67b622f7f74ce59bc7310020459ae3ed89dafe33f1555cfe068,source_0001
128.0,0.84,4.0,0.99163818359375,34bff3f68af35ddd158d620f56e2f288488a0c8890085a0ec40b962f6f125d3c,source_0001
128.0,0.84,5.0,0.9910990397135416,a8d2fc1ae747cfe6270799afc77c4d78950c074bc54d9fe1d787cd1138d464c2,source_0001
128.0,0.84,6.0,0.987452189127604,e5299f384deb07fa59f85d9b8af1f6106816ea9c92ef8d4fb6c4e4e081ece84d,source_0001
128.0,0.84,7.0,0.9892374674479166,92852a87dec5768b5a300f4bd294702a008e407b5339b8ce22f0c0d28439a35a,source_0001
128.0,0.84,8.0,0.9888737996419272,b2de12d5a8930646856a6485727371fcc70b5f7e05f58f336333ab5964c1ba0e,source_0001
128.0,0.84,9.0,0.9910837809244792,fe214cf025cbbc8e8d57e76552b17048848309be48fa15d532363ff8b79a8a3f,source_0001
128.0,0.84,10.0,0.9900309244791666,54a0dc50b7dcd8562f16df24d2f8695ca5621850d4b7292d52a1d97b776ebd93,source_0001
128.0,0.84,11.0,0.9909032185872396,d06d81c374661b929a19cf4f95b6dfd5115569a291dd721e2073780940b981c8,source_0001
128.0,0.84,12.0,0.990687052408854,f9dc7877b9ee905136b47320476aaa050398caaa782df4561a31e7baacbfef09,source_0001
128.0,0.84,13.0,0.9897028605143228,d9536e2259b1f2ee289b70a4725b5672ad249620391318429b16b46a53dfc52a,source_0001
128.0,0.84,14.0,0.9898656209309896,8729b57bdff852a37514b5016c146bee3a42481de02715094b8cbe3b8cde68bf,source_0001
128.0,0.84,15.0,0.9895782470703124,7bc25d330675f6f1affa955c07ad825cc8e720e14019a173948fa971bab860ce,source_0001
128.0,0.85,0.0,0.9911677042643228,9630688f35df4bc400aa5ba121f3d6c386189349a0a80af8e340352afd983712,source_0001
128.0,0.85,1.0,0.9913660685221354,af7e9079a64e6bed0ea42015872ab66fc9fdcda3fbeaff4a9d55cc47ecd3c36a,source_0001
128.0,0.85,2.0,0.992566426595052,07cdf2e38059611d97bedca25d903fd7c14384108a056e98b23720a027be46e2,source_0001
128.0,0.85,3.0,0.9924036661783854,fd3e7c3625e00eb3de2e7295d060db7cb1162dfcca6df19dbbc243363981f633,source_0001
128.0,0.85,4.0,0.9922256469726562,91eb3ed3424057dae51b64d1f97aecf791750a252389cb9ac3051730106b4f08,source_0001
128.0,0.85,5.0,0.9910888671875,b0a163bb6e884b746825c6cd65fc0fe64c03f58ea6b9b5c49fb10e99ea223020,source_0001
128.0,0.85,6.0,0.989697774251302,7d35433b7c7425104a16525f4081944dd856a4c55e6ea7ae9c2acdefe3d177a5,source_0001
128.0,0.85,7.0,0.990674336751302,a5f6101b6cccc178645a3639bb9b8c713c94173806317c35e56c225bbccb1a68,source_0001
128.0,0.85,8.0,0.9896316528320312,a698eaee423daaf10ab6e36edadb3f571c1e46421fb372dd5e9d0ce2b536033d,source_0001
128.0,0.85,9.0,0.991856892903646,36f48d3a2fdc10cc0b9ee0f3e7d1f901c0bbcfc0981582d26d89b9e7e355b7cf,source_0001
128.0,0.85,10.0,0.9906005859375,ca6754db2066caab8b4272b3d790bd148c26a173ed6eee34c6a42afe6a5c251e,source_0001
128.0,0.85,11.0,0.9919815063476562,7979cbaefbf477239e14fed9c31c48b341957f3c9a721db4740746b834e31102,source_0001
128.0,0.85,12.0,0.9918721516927084,00405f01e7b2e5a11d7dfab5e4bf6000bcff5f950912e1d9352f1c3fd4eea4a6,source_0001
128.0,0.85,13.0,0.990369160970052,f6fd55a2aa683cee6bf78e69a9aeacffd2d750a304b575ce500e2434a5b96933,source_0001
128.0,0.85,14.0,0.9906845092773438,a9376d0a96bb5cc76b1d913ac94a745a5070b1d1c1fd4cf142d30ac4643f4331,source_0001
128.0,0.85,15.0,0.9904403686523438,8c4118643076c5c06cfdfd8e4060737373a2fa3d6e308ec11bd54770afb4d899,source_0001
128.0,0.85,16.0,0.9913253784179688,0172fde4f45ef61774af82c0d35ee6619b1c23332519856fcb58a4728c36bb35,source_0001
128.0,0.85,17.0,0.9910837809244792,0b3a8e8fc85e7f523f2ec33799044473959970bc1df64aff00d2528a07bbd1fb,source_0001
128.0,0.85,18.0,0.9915186564127604,ab99654908d7975c09b6b6ffdfae08b4da37f213c69bfd0708911bb3454dd64b,source_0001
128.0,0.85,19.0,0.993115743001302,8ffcbfd51b2adb40f7f05c01ec5463216b7f0b3a81ad6b8e75eb69ce13182125,source_0001
128.0,0.85,20.0,0.991368611653646,c7d591929cc2e0711098804e7ae5dcc7d76e68ba45eaf1a9c4af71b1b1357596,source_0001
128.0,0.85,21.0,0.9917399088541666,cbef883a5281199f9367b70532785f2714fc465841a8d3c8d30f0fcb33a54d2c,source_0001
128.0,0.85,22.0,0.990343729654948,25a5371ab76b6c367cd8503cf570b1850bb1c76f7ce150d31d4e9163ba98aeaf,source_0001
128.0,0.85,23.0,0.9906234741210938,b140f63b70994bbc22887a5c347918e83c50cea3165fd763b9dd20411a13b00f,source_0001
128.0,0.86,0.0,0.9920628865559896,12880612526cf2813d6de14482d1fbc9c049457471199b7d9326cf3941889e0e,source_0001
128.0,0.86,1.0,0.9922765096028646,63d33b056ad2397c9558fa18ccde476b7e71c9541929309b5f6fb51b29db01d7,source_0001
128.0,0.86,2.0,0.992993672688802,af3aa0ce2b2561e960e4d81593a4ecff58ade5c3347c34080ba3ca1c7aa1080a,source_0001
128.0,0.86,3.0,0.992828369140625,22435d0824a644bcc138707414128b5ddd726425cb8b051f8754a3311f7503a2,source_0001
128.0,0.86,4.0,0.992950439453125,ef1f4cecbd133c3af082163344a3adf704f241923c8db1588bf662f5b7112906,source_0001
128.0,0.86,5.0,0.99163818359375,3285cc4b7afdf0e668be797cb0818a8ea8f5a4b2ca7c2b0908e47d3fbd173ff2,source_0001
128.0,0.86,6.0,0.9903182983398438,56a748486ca86edf146d3c25ba80bfe083f717ee13e85d0c4c9ac3af8e39347e,source_0001
128.0,0.86,7.0,0.991912841796875,1c9e750b72bad9a6512fff352c2f1db5a818d25c3f818ea6ffbca20455305f64,source_0001
128.0,0.86,8.0,0.9903182983398438,742e1a176856022ada3bc60acdfb083ed1dc6c8682567dde95c0f6909828c98a,source_0001
128.0,0.86,9.0,0.9924265543619792,742eba760c241d8df05160c2996a059f3831c30bf87347495d1b12a4a27e5602,source_0001
128.0,0.86,10.0,0.9921849568684896,5b32c891e4c40d2685902aa77e12b7507f90954d8723a865678a0f0a233e0d02,source_0001
128.0,0.86,11.0,0.9923502604166666,e364d0f4c1095730ad695551cdefa9f59f15c8e26bf680a8a18fad2d1d93a691,source_0001
128.0,0.86,12.0,0.9921315511067708,64a8cac6f4a4e5cdaa0526c2cee518d64cc2481c48b35afd0013720b2674872e,source_0001
128.0,0.86,13.0,0.990832010904948,6a4d62c3867543d138748c6b2a3aa5d4e9a04e3c091a3e710a50ce0400b436af,source_0001
128.0,0.86,14.0,0.9915084838867188,642f37c7114b5428374da0d23eb9b8360fa772059c314a39aa8f3d1e8ffd1a96,source_0001
128.0,0.86,15.0,0.991236368815104,66c32cc6438ecf79e06e5b5461dfe90ac5d14b97800d94b99914c4e8d96530df,source_0001
128.0,0.9,0.0,0.9937947591145834,4200cbabafc6d3c61acba2327bab721ef7152938da12ade0c30289cf77a55f76,source_0001
128.0,0.9,1.0,0.9936091105143228,c76114432689e4749d5ad9551356b16c75a33ba44ea0f3275788f91d0a7aad58,source_0001
128.0,0.9,2.0,0.9942398071289062,4336495c6e4d7c82c87d818bcc60ada981a556006bc9c8f9195f9afc1081cf17,source_0001
128.0,0.9,3.0,0.994433085123698,e2b348c07c48e027a40da8503acd68bf4a75ebf438a393c4c5786fe3b6c39153,source_0001
128.0,0.9,4.0,0.994847615559896,999089f6bf1fde2022dbfdc70cb20e770479a1b19abb266431cf60bc44691402,source_0001
128.0,0.9,5.0,0.9939295450846354,3ceb9e08ba63798fab81023cc2473245f0629a520e978b72ccf7ab0f00a38ece,source_0001
128.0,0.9,6.0,0.9934514363606772,fecf8ef2050ea55d22a670d419af53326d8caf57e294af430d5e9d3d6d0a96f8,source_0001
128.0,0.9,7.0,0.9939066569010416,44983cb8fbd8d2de17720c1d45b513c215e1a864c9edddf3b7f6a38d03f4af48,source_0001
64.0,0.7975,1.0,0.1223958333333333,d7e4cc5aa8b8ad36f2cfa4b9f7d5b3742f79fbf50c5c881dfd0a28e12fbf9670,source_0732
64.0,0.7975,2.0,0.3444620768229167,fd2507599abecb238357026efba5b2f4ad402a549e5da2bf53d5804296969c04,source_0732
64.0,0.7975,3.0,0.189727783203125,65d96f8c7b4d1c2edc8f4594cbec5a15ae05afa867722db910b0d1995cdba6e8,source_0732
64.0,0.7975,4.0,0.3101704915364583,9b17eff3362e1a4d99428ca669ffac5ac473f65b38645b1097c85dc6a623e89e,source_0732
64.0,0.7975,5.0,0.16748046875,2eb15340d4eb3f5c7e95baab1335235868413104beb343090bc8e1d668571343,source_0732
64.0,0.7975,6.0,0.24053955078125,dd02b1f515f024c57f18849b30fef9395dde028cebe9f85e76891ac23316764e,source_0732
64.0,0.7975,7.0,0.244964599609375,4c65c97746fe5902e8820d3003c6df06af5efdbc7da5788aa032bc2e4f3a54dd,source_0732
64.0,0.7975,8.0,0.4507954915364583,bcb35b5716f50d4931f7e8582585d0574c63c1d1237634f8937ba415512d5de7,source_0732
64.0,0.7975,9.0,0.2161661783854166,ae5ded1bf7b6ebc6748495df272496314dd9312609ec176188bece1ae5e3f7c9,source_0732
64.0,0.7975,10.0,0.1835123697916666,1e413fce486d8f1eb535dd8e3d109ff6856d3b5a75422b21c4df830260c0817c,source_0732
64.0,0.7975,11.0,0.6258544921875,ec4a2c4aa28855783aaae1224fdcd33009b3da426079fce1c1f7b1c44d50f277,source_0732
64.0,0.7975,12.0,0.3475545247395833,603cb973b809743a23bbd57d927f0fbc88683768133f9c3b73cd58e1627cf19a,source_0732
64.0,0.7975,13.0,0.4349873860677083,7492d0f7c0fb1cf976b8091bf366c5fb1f365672599ef83917e219a08329a448,source_0732
64.0,0.7975,14.0,0.3371378580729167,2bea75c1db4e45ae099122f13e7b4cda7f5d787a72519d868fc09ea3b4d8f593,source_0732
64.0,0.7975,15.0,0.4647623697916667,e8851fa95c0cc7e10c77e69f149ba802627170371f3be80b04a508ba41a5c0a8,source_0732
64.0,0.7975,16.0,0.52008056640625,d1e3cdd7d221b84ed62eb488d32db84eed88300ac0791d352cdbc79bbc79c833,source_0732
64.0,0.7975,17.0,0.3151143391927083,5d760bf96954583327183e25b3e4bc93c3e234a17fe54cc042e2a8abb8ccc0ff,source_0732
64.0,0.7975,18.0,0.1383056640625,4af94070258636069ea2265ccac185721077e9bf91cad88b9b3b9764c0152db8,source_0732
64.0,0.7975,19.0,0.14996337890625,2dcf8b6256af68e000963163ff48a64d3c6992b101e83da9c316cabc7ff9b63d,source_0732
64.0,0.7975,20.0,0.250396728515625,910fc2c637f7ad674fb4d6f5209fa175b112d8595b67981e2aa2c939d338d494,source_0732
64.0,0.7975,21.0,0.2428385416666666,196aeaba9593c57c31f2229998b25cbef0688baa1b7cff87409ad4a7536213fa,source_0732
64.0,0.7975,22.0,0.377471923828125,e889e433412f3f0904a4a0c5e3960de586ef5931d5f41ea26e8b402913bdde4e,source_0732
64.0,0.805,1.0,0.5138956705729166,e41b3daf51befa9ff4cd19967f7be20dce679dcd6aaa6084bbb1179453c86ab1,source_0732
64.0,0.805,2.0,0.5972696940104166,0131233e8e5b154c7367a8dfc7133c8864b8d854feccf78703152d8a8f71fe77,source_0732
64.0,0.805,3.0,0.4219868977864583,502702ed19a5fff34dbc14e8b1a53562b9677ba3e1bdba10fded8532dd75be1c,source_0732
64.0,0.805,4.0,0.30889892578125,94deec9499bf97c83d8b7e53a805d67d383f144543eeb61b9d2cc82b6e54ab29,source_0732
64.0,0.805,5.0,0.4031982421875,a389b2039021fa7db9e5f47084bf97f7af545b65bb78ea32672264a9e7ce69f0,source_0732
64.0,0.805,6.0,0.6714375813802084,9242ff0fae2ff112c639594ea2d9975b92fa3838d3770f26e8167ab734f2652f,source_0732
64.0,0.805,7.0,0.4886678059895833,4a2dc321bbf95b95ca4f2fe67053ff47b37913aed3f5e077f7a85c6b7a175dcb,source_0732
64.0,0.805,8.0,0.3053487141927083,f1fd6782beafe578f94bdfd23e28a4148301834206a429ae644b59efdde8d649,source_0732
64.0,0.805,9.0,0.7764790852864584,503303897830fa50907ae3fa4dc4fcda80aec9bf0d15970d565a3440d9ff78eb,source_0732
64.0,0.805,10.0,0.6534322102864584,e4f90f9a61b4ef0393dc3b52a8676989ee526b1f0df48a7d11b4f20c7a1dc3a3,source_0732
64.0,0.805,11.0,0.5733744303385416,c2866cc66f2b6f150b7a48df0bf81f6377e1c9f754b8fbf9b8be6d2af5da6832,source_0732
64.0,0.805,12.0,0.354461669921875,857d313395af4654b107709ab1de5dfdd038479d83740b66a9d05382f6efe193,source_0732
64.0,0.805,13.0,0.5411885579427084,1eafa752959b9c34cdbef008278953adb108abbf7c2a5e23b1f8e57f6d75ffad,source_0732
64.0,0.805,14.0,0.242523193359375,fec37c78b637b318714437b906ac49264451a0def350f3026b5bebc22aa4118b,source_0732
64.0,0.805,15.0,0.321136474609375,6346503b3b6275893391b30a69a48b0968756e172fee126391fac4d9b0d2e8ad,source_0732
64.0,0.805,16.0,0.2199198404947916,9096ab9ff5fae845a7a14c378ba0e81cee03087317920fd1623f4a075adf72ac,source_0732
64.0,0.805,17.0,0.279022216796875,67fb89bbc10e641ebf7c8a975f604e5f005ea0ff080cd49e39c6f896cdd2bd96,source_0732
64.0,0.805,18.0,0.397064208984375,1110be1bdafa09e339b57bad4104f7e7377a0d13cc0792ec636b772103eb6fef,source_0732
64.0,0.805,19.0,0.4484354654947917,3afcd5b0e242d3eaba2113d68246a99043d63f7239577c1f506643bdf4f98ab8,source_0732
64.0,0.805,20.0,0.4313456217447917,448ae31b8daedc1ebe6196e13b0436fb607e1e3ace9ccc17f47a65a9e2b1a68f,source_0732
64.0,0.805,21.0,0.3854471842447917,19a63b4d8ffd8018c0d843796a9315873872b624546c204823632f5c08868deb,source_0732
64.0,0.805,22.0,0.2465108235677083,05f22040ea629501491d323a965ea9cfe6376a552ea8be685421cefc65c051ca,source_0732
64.0,0.815,1.0,0.9794209798177084,9c2da62fa5c612f0de0721ecfd960b43d9c42733a58b33a748499bee776d91a8,source_0732
64.0,0.815,2.0,0.282073974609375,023964f591b19714aae5cdb192c2fc377af14fcf6c62aadbcbd112c6e048e7e7,source_0732
64.0,0.815,3.0,0.361785888671875,b4dda6a64be8619470b56ce024d40f516bf72733733b47d3bb4c87085a4d1f30,source_0732
64.0,0.815,4.0,0.6430257161458334,df804e59ed81dcfa61cc5a679e8104d7100ac95320868d7a8896f5077fa88a7e,source_0732
64.0,0.815,5.0,0.9793599446614584,060afb8a08592b21ec43670687e72c57c4446a351784547eca9e628c601ee79c,source_0732
64.0,0.815,6.0,0.3798624674479167,76b4b38e4fcc6d624eb502018dc5a904e87c2b9636d5b7068d4cc3de303f681c,source_0732
64.0,0.815,7.0,0.9754130045572916,1fba9b4308e434d9a607fa447604adecfd77269d3a09b7c3e63eae04523fc499,source_0732
64.0,0.815,8.0,0.98236083984375,00ce56f505250f435f84fabdef396a28211f25c63f1c50b92d14fcc29b3b042d,source_0732
64.0,0.815,9.0,0.4279378255208333,1a6c7cbc9d2f8af7d17a31841ceeb338534dcec6c596cc6964c1c34d104df962,source_0732
64.0,0.815,10.0,0.5672505696614584,0c5d9418d57fb76231cba4b00cc6463ee14e02f3b522320fe34eb318a9579b6c,source_0732
64.0,0.815,11.0,0.8445841471354166,bc3e5445991086dc6463b73f97633d8e87941a164b193f9e747ba0e44cc38382,source_0732
64.0,0.815,12.0,0.5289306640625,7208968050d54871da97b000ed8c9ba0230700d6013c9c37ac483d12978ea90c,source_0732
64.0,0.815,13.0,0.9808349609375,cd26fddc630f8786ebe907920b331ed081dbf820366dd87457985a6686922c75,source_0732
64.0,0.815,14.0,0.942352294921875,a35e110ee2b3a4e43fe969e0dab5f91994268dc483b2a70dc9e15ba9d739096f,source_0732
64.0,0.815,15.0,0.97607421875,b1b7c464c76738b8743006f6fef8c7e40fe7339d9ab31b3716eb6448f3adb2d0,source_0732
64.0,0.815,16.0,0.8164774576822916,078c4bc52a581e1ee3103fc877fddf3cb0cbc75dd85f3ceb11829468a32ccae1,source_0732
64.0,0.815,17.0,0.6226603190104166,ffe5a52008ec0b197ee8a87f2af67cab5d7b7ffda726ae296613682f2daeb139,source_0732
64.0,0.815,18.0,0.8213907877604166,563b466bd64cc0524d3080e41d35ae23c487c1026eb0550f009323a9b79b5b23,source_0732
64.0,0.815,19.0,0.6831461588541666,44b9765b5ee890cfca39a4f6817c6f27005958cbbb9b88e20fc99c51a56685df,source_0732
64.0,0.815,20.0,0.3837178548177083,5cc9b02448abd2456ee86c478279334f5144b192ba43a3b5e5ceb9fa3c1adb2a,source_0732
64.0,0.815,21.0,0.9762369791666666,6c0063e07d26873160fc2d0e5de70fcbd73fc8d80aa74f46ca81988c00bfacd5,source_0732
64.0,0.815,22.0,0.580291748046875,0757d6a7ec3f83ae8ee2f6128b53a722ad38f64081a451d508c87bf83bf5d4fe,source_0732
64.0,0.84,1.0,0.8166097005208334,822e805bde54cc1322d93c9c32f5b3f9e2b46360dd7fe411580bb2d43121edb4,source_0732
64.0,0.84,2.0,0.9816182454427084,ae67fb9ed2d9bc6c6cd132c4e5794b4002e3169cf6febb80d6a6996e98d10c41,source_0732
64.0,0.84,3.0,0.9711710611979166,b91813f26d9abe57a9c86a3ba01b1a79de722666408de1ca14d55186610cbe0e,source_0732
64.0,0.84,4.0,0.9775390625,27c1efe5ca2e0b321b7f9e36753e902966b678db470c98520777f54eb49d1f3f,source_0732
64.0,0.84,5.0,0.9811197916666666,92cc629b45ae942d93ccebd0dcc2c6debc0843d1aa6f41b47610aeaf24d54a40,source_0732
64.0,0.84,6.0,0.9726155598958334,57255594a870e6027b8d48bb76e87d99d48301ed208de938990336d1f4f39a62,source_0732
64.0,0.84,7.0,0.9651997884114584,a8ee97f34211a9461b948266825a4edf1a79f203aa406275633337ed2a1ba383,source_0732
64.0,0.84,8.0,0.961090087890625,3a040f50dcc162ce11f7ce4eb8bbea899dea4500e37452aa9775d69247d60efe,source_0732
64.0,0.84,9.0,0.9745279947916666,e502c833960e2636c0e29a89d0691c50721e611bea0c0a5cd068726b3af0bc49,source_0732
64.0,0.84,10.0,0.9853312174479166,b44521741b9515ccd7144f7116ae11585fb28421eff3eeb0f139a2130d0fa5b5,source_0732
64.0,0.84,11.0,0.9845682779947916,9eeac4412958aa6b188797fa03dc90a1ac2a47447a645c8ef9913be0e32f99c5,source_0732
64.0,0.84,12.0,0.98248291015625,f15a1d473a7f4b9f07a7249bff0a4da7ad41a6ce7aa12f2035f1ed6d881ea2bc,source_0732
64.0,0.84,13.0,0.98321533203125,deb78040cfbad552c887b46fe4cbb19ffe822375506465728043683d74d3b41d,source_0732
64.0,0.84,14.0,0.9818929036458334,fd46975e83953c77f79fa22b030adb77c56c2f936a7c26b047188a460d49c91f,source_0732
64.0,0.84,15.0,0.9808756510416666,2154ecdf5acf7285a3ee0452d25cd2a0db46acd140e3b23096d6eb11d391b3af,source_0732
64.0,0.84,16.0,0.98687744140625,308afe534c5ce1690b144b9172346b50d60ddbffc63d14a784d25b6fd15f8aa3,source_0732
64.0,0.84,17.0,0.9803263346354166,55e46f727289b8cea7e05384661c38cd80242323cc47326a6a4d566b434f8fb9,source_0732
64.0,0.84,18.0,0.9870096842447916,75db0d3a732c94330634ad2ab6363dacb2195155d3ccb326e865aea3a647fc3e,source_0732
64.0,0.84,19.0,0.9875081380208334,49b4a0a41426090ff63a33dc0630bd177fa10a9fbdca20e413d19575c5e4fc4f,source_0732
64.0,0.84,20.0,0.98394775390625,68f25565da051275cb44dd13526fd223a273de214e5552c8976e12f659f13eb4,source_0732
64.0,0.84,21.0,0.986907958984375,dc7861849ac0c13ad9cc2131cb5ceeed0b4c8bf18f98f069bde9099e53239128,source_0732
64.0,0.84,22.0,0.9814961751302084,02b3ee90dc8a3b1c16f64718e6ebf1629abd2711a6c4b11fb56596ed5e2ea0ba,source_0732
64.0,0.84,23.0,0.9848734537760416,831293f39dec7455508f2a004513d116b2981e395fefd531468ed461cee91f2b,source_0732
64.0,0.84,24.0,0.983795166015625,884fbd16142e00c5ba77feceaf0c0e426392bdac593675a646ab0bf6f208d771,source_0732
64.0,0.86,1.0,0.9843343098958334,3b07f620fe835ec295e35881d20d6ca74b5024e8a71bebaa157e4a6464a5aa53,source_0732
64.0,0.86,2.0,0.9844258626302084,62c54b5b515b8b6bb0d81edf37b9cdedbd52cd6457b5ee030b6190004fc76588,source_0732
64.0,0.86,3.0,0.9871826171875,0478a91e8b8e623486f561ef2438aef7b729beca3083872242a1bf5963d91e6a,source_0732
64.0,0.86,4.0,0.9868367513020834,a5b261b25a12bfc6575127b8c4f7cb9996ac2daa3d8ccf4410c87d88b80eac32,source_0732
64.0,0.86,5.0,0.9853719075520834,a3aa8a6dc23e83bb4619377e64df73e73e740f18ed5b3db51413386da624f28a,source_0732
64.0,0.86,6.0,0.98248291015625,57c862360a269121830b40aec6eaa94b7912df48418845dd0368a177c2faf112,source_0732
64.0,0.86,7.0,0.9888916015625,3479cff0d34dd588217e7de659735c84d24c4bec095522c90f414be9e585ddf7,source_0732
64.0,0.86,8.0,0.9865824381510416,68ab1f7e23e3f4ee78956af36e814f018fed5ad4e5e3a915632cc03195c6631c,source_0732
64.0,0.86,9.0,0.9871419270833334,a639e3cca1b1a6768f05700a723fa8710c887b7b68b3ec828f2a5b529c595cf8,source_0732
64.0,0.86,10.0,0.983917236328125,bf407682b7340dce8b607cc958658f5cc47fe5733edbee0d47767c8251c73e90,source_0732
64.0,0.86,11.0,0.9852193196614584,a5bc820c520f3d51f826d62e6184910030e5920e25e2a0b5f36decf24ea1f262,source_0732
64.0,0.86,12.0,0.9871419270833334,71093e034dfb07726835cfde60aa7cb07299533cbb436597f26b8238e4254653,source_0732
64.0,0.86,13.0,0.9849751790364584,138f2d4e7f7889c7555a788aa223762fe41d69a8223c6dab7db62d2ba5d302e6,source_0732
64.0,0.86,14.0,0.9847615559895834,4707a4c5915820ae9a24f35b778a2df3cf319ec41878a87ce8b37de64ee2bad8,source_0732
64.0,0.86,15.0,0.9862772623697916,a7c709b88e23602effa1a0582de6208142c78683e71e6fb2f53033d9c61f7380,source_0732
64.0,0.86,16.0,0.986236572265625,e0c62546c1491d09dcc3f03c4ca1a9a675d724254fe2ae517831b33376376711,source_0732
64.0,0.86,17.0,0.9875996907552084,ac2e29be69ee0e414e8a1c617d645fae48a8f0b7b255f1746d7bc2bde635fb4f,source_0732
64.0,0.86,18.0,0.9876607259114584,8e1ac8fb355dc17c4dab1d09f68a50ff2b60b82df99d1cd50e8a0b844a6a40ca,source_0732
64.0,0.86,19.0,0.9888509114583334,fad2ef39a87d85dff0bf63c552288c92302980fc11949e130aec62a1b14a0533,source_0732
64.0,0.86,20.0,0.9875081380208334,16e6fbcc67f03d15817f5fa5fcd9112ab0324b9a9c1fe71a6b1e0bc78e1abd82,source_0732
64.0,0.86,21.0,0.982940673828125,2dc5034db16f639fa78b3209707ae9ad61f7efa73a4a5a182ce43bd99192c19c,source_0732
64.0,0.86,22.0,0.9854634602864584,307ef0e4bc6949ad7b888c37656e54f67c0292776c59011e38c809b9a95a45ec,source_0732
64.0,0.86,23.0,0.9886881510416666,7858813b0ee9e1fd51ac0c7db4d4334cca37756b3d21e172e26bbf5b5bf1ffef,source_0732
64.0,0.86,24.0,0.98699951171875,e44c3286c0ae28b502b22a3e05ee64916a8bd433d5147617e25bbfe369a953ff,source_0732
64.0,0.88,1.0,0.988525390625,f95e4450d9ae44c56d5f78f0f83f6007137d3c2314a6bdbf4c34cee95392466a,source_0732
64.0,0.88,2.0,0.9847513834635416,4398f10d5fb788515ef734fd429ee9ffa7d5e4ec67f8d28e725602ab4d40d2c5,source_0732
64.0,0.88,3.0,0.9875691731770834,99a0e0807ebd059688e5c9a4dc6f3a2309a448162f5111df0b9225e07c9d93b3,source_0732
64.0,0.88,4.0,0.9906005859375,9aff70b5b4002255b1241d04aa400aa785b79db9b1a22c900697bbe42ed5fa7a,source_0732
64.0,0.88,5.0,0.988525390625,7433794b5bb3b696ebb842f4c48b6e1b949221816947ad290306e6fea84cba76,source_0732
64.0,0.88,6.0,0.9865315755208334,cb670e8d80326fe8b94398a43b63c3d9b98fbabceda2854437d9de04f88456da,source_0732
64.0,0.88,7.0,0.985931396484375,d8ca00f419c0d445558dbf5064f694d64fb84a5bf56567a461856b25beb5ccec,source_0732
64.0,0.88,8.0,0.9892069498697916,af560e3913ba4f7f7fa4ce58570a3a6693dd25222445bd35861b3aaaf8b693ee,source_0732
64.0,0.88,9.0,0.98577880859375,a900fdb66d23afd990655d6d129a8417f543f15b39b8109e39eca2d3d135bbe8,source_0732
64.0,0.88,10.0,0.988037109375,b8fd0ef84a1951a1283f791e4d6f0efd2bdc1ec9d61a8c96cd2d9f84f4b818d1,source_0732
64.0,0.88,11.0,0.9860941569010416,1fd13c7afd79a902d1a39e8ab8d7c8ac959f34e99c4394183ccb531942bc50cb,source_0732
64.0,0.88,12.0,0.9858500162760416,ef0ad16e84b9c2f4791235315a2e29befeb6f56abbb024342dea7dd35f69453a,source_0732
64.0,0.88,13.0,0.9887593587239584,a6782647c402a6137a183e66000c4fdfcb659849792039a1f844e2270139ae50,source_0732
64.0,0.88,14.0,0.9878743489583334,dc4161d87c0841c85c0f30bdcb70f95172bd747fb6a44ce7b3880890cc88a1db,source_0732
64.0,0.88,15.0,0.9845682779947916,ef810849202995ab867a97d2d403df9537b2607547069614ece95562b2c3cd2b,source_0732
64.0,0.88,16.0,0.9879150390625,680dab4a8af59c437b4f040ddaedf9be128018393c45ef900550f638db8a8c26,source_0732
64.0,0.88,17.0,0.989105224609375,cce61237a82b6233794fed1d902dbb907a158b93e0188c1100e2d9316ac408b9,source_0732
64.0,0.88,18.0,0.9873046875,b638bcc3fafc5f2991b66e1619f6ad0b8034b87590475f3e7ccf4414cc4b43bc,source_0732
64.0,0.88,19.0,0.98919677734375,b6957bf4df015b5c4f58ac7abd9235c0566a0003a462524c6d76b0250166195f,source_0732
64.0,0.88,20.0,0.9876810709635416,0e245c79925ac96daf83b17661d9b30eef5cb9630a957eba1b051ab7582e0dbb,source_0732
64.0,0.88,21.0,0.9867350260416666,2aa447fb0cb48f76eaf0604a2a8d9584bd9e4072f65835aaabea8f4ac132025d,source_0732
64.0,0.88,22.0,0.9854736328125,3bbd35597f7c65ca1c1294c746a3e3e3010363ff50e46a1d20cbf3a8fecd1233,source_0732
64.0,0.88,23.0,0.9868570963541666,0fdd89e5f1999fbbab0082d1930a067be37126ffab1543abd89fcd07a0545a4a,source_0732
64.0,0.88,24.0,0.9886576334635416,a9b069cec3817c83d4edf812518b84d832b8054f863f3055fc9951073a8bc48d,source_0732
64.0,0.9,1.0,0.99114990234375,8c48b06217c4e3a3cce8524140ff874bfad3a9f550fee18f9f4dbfb77fd06b31,source_0732
64.0,0.9,2.0,0.9864705403645834,0d190124310b626e4b007af3af5574946ad6bdc9af7a132fb9cf1f9cd42f1fd7,source_0732
64.0,0.9,3.0,0.9903666178385416,eb062bf4ec897a45b825c9783dca440ee72422617d5c03889da3c9eae4bfd183,source_0732
64.0,0.9,4.0,0.99053955078125,6460c38a3b0c166fda2aac7b90c548fa2cdf0ef6eb49ca7b797b0e697e9bbd40,source_0732
64.0,0.9,5.0,0.9902852376302084,b2c41779aeb0fcd3896801cf7822c62fc657df3aed3bea1a44ccf5a9cbeb341e,source_0732
64.0,0.9,6.0,0.9895121256510416,25a535a7b7565fb909937279db1220259c6923d7e65705855e956a75307fa77e,source_0732
64.0,0.9,7.0,0.9903666178385416,78aa438b1341871db2ee3e4ae8ba8f02cb0ebd62a84328ef6b75d435f89aea06,source_0732
64.0,0.9,8.0,0.99188232421875,d22457c58dc02774427cf8e0ae7d7c536f17bb3fa3b36d685f5a5825012d9fbd,source_0732
64.0,0.9,9.0,0.9865315755208334,3b4f69666d0f65bd5a93d855a98145c8a8a4bc16dd2f92fb157941435545eba1,source_0732
64.0,0.9,10.0,0.989288330078125,6526d488c0717293240a3e7c60d97b6bd7a717c02ae80fbeb5a61fecf7269d2c,source_0732
64.0,0.9,11.0,0.9903666178385416,6e25954f0af23bb4f655e70b4e1dd6e5851fd5a85d9b10ac2042718af320d2df,source_0732
64.0,0.9,12.0,0.989837646484375,36b9407cfaedd3bc5ee595a95ee8b2edc250dc67e72990bb0346d79182c024bb,source_0732
64.0,0.9,13.0,0.9899495442708334,9ee701ccb52e57a853579db42e90fc6c91900f09e2ec2c559b039e848b6ee35b,source_0732
64.0,0.9,14.0,0.988861083984375,be94c60d7dd9be08fd574972a2a90e0ba4da7a2f7244dc125ded253b9f6b95f3,source_0732
64.0,0.9,15.0,0.9907328287760416,9fb612d55e7e9e1bf7aac06f971c7441677d967c4a7461841914a093147ed742,source_0732
64.0,0.9,16.0,0.9896748860677084,8617dec4c1dae9625204b3b8abe8df71edbd74e69f600c3b331668aa06a2c036,source_0732
64.0,0.9,17.0,0.9890340169270834,bb6717dcd1f770ca94a35504e347a64ce3ea466b2cbc1970e2ec8dbe6d63e21e,source_0732
64.0,0.9,18.0,0.9909159342447916,4bb63ef61997cc3ed90155d39c3a2bb06b19b926b60f5b69687c7062b14930af,source_0732
64.0,0.9,19.0,0.990753173828125,3e596b8517699a0b14fd7cf66539b33d508a8fa7e109c092bfd6057c5b41e73a,source_0732
64.0,0.9,20.0,0.9845682779947916,1594c9d4fbac88d300c0195e0b88735c1df3e9807ca5620f2b43931681eb676f,source_0732
64.0,0.9,21.0,0.9876912434895834,d64e18b5beed562aa6119b8f1446539d67f30ceb4cdb8d1bc2c79afd97f46107,source_0732
64.0,0.9,22.0,0.9892679850260416,1e3942a6c64c4b9a6c3dc3c76bc5bf31225188dd36985bfcc9af221270ec23de,source_0732
128.0,0.84,1.0,0.9908548990885416,359a1046e2b77eb30de7617e05c28d8eb4db3bd544277dbb53aa0dfae2882b77,source_0732
128.0,0.84,2.0,0.9903996785481772,1772aa066c907bee4705d201721395beec9d1536be8aa5f3e509b90139cfb0a2,source_0732
128.0,0.84,3.0,0.9908854166666666,34c35fd8b721f50d82335059c08cfe5d02c97e3d61333d64686055faedfd4cd4,source_0732
128.0,0.84,4.0,0.9924214680989584,dd3643db04d75128f57aa9da2dc038e8860455f7f5f1038c374d5dd8bda4e35b,source_0732
128.0,0.84,5.0,0.9911905924479166,d7be89aa79261d26c9439d05ff001c10ff79c341a563c5ecf39fb50b4d30fcf0,source_0732
128.0,0.84,6.0,0.9864934285481772,29a729619eb02296c4dcd0a3f49c0136e695224b1b0f77ba64adc14e1d0dbd43,source_0732
128.0,0.84,7.0,0.991467793782552,138804e475f58df699561cc5372d0d9e16c8f7c9aa1a7178525962c58b42fad6,source_0732
128.0,0.84,8.0,0.990247090657552,da297f1314db71b17370b24916860bfa90df1d317b6dcdb959829a815947e756,source_0732
128.0,0.86,1.0,0.9931208292643228,4cb57be9506a2cde3747a8575ce5a48b34575bd358b3ae1f24deab82d1c0800e,source_0732
128.0,0.86,2.0,0.9933013916015624,6e7e2447f30f1302193f984de946abdb431ca39d26b08f42799170b80f8c2431,source_0732
128.0,0.86,3.0,0.9916661580403646,02d933e3835afa24fcb8059c22c9a74854d6217efe23f71edb6b78b41c0af936,source_0732
128.0,0.86,4.0,0.9903335571289062,0ba8c8b1f2d0395e5f5b2f3f7b9e210493de791d1c69847c9383635792cbe3f0,source_0732
128.0,0.86,5.0,0.9934005737304688,e170b7e3aa4ee9090dafef280df31813f0bd763e442c42ae7e42e8ec56c4bda8,source_0732
128.0,0.86,6.0,0.9919484456380208,4b0da9f224fb45fa00608d1397a5e0607e19d2b5a8522ac9a4d181cd978eff1a,source_0732
128.0,0.86,7.0,0.9919382731119792,b82d803f67c1102fb85498b913791392e8b90fb80c51e673203c299d4926ebe8,source_0732
128.0,0.86,8.0,0.9910710652669272,607f6b0078fc99e5272d4185167faca8b38c50621ec207e4e348c08f71f9423b,source_0732
128.0,0.88,1.0,0.993194580078125,ae89f216b2223f533559abea936756523717fbe17ef709983b50a9930a47450a,source_0732
128.0,0.88,2.0,0.9940694173177084,205bbf68e740bd22c994281fa5d1d38563958142d65bbb69f996d918221847d2,source_0732
128.0,0.88,3.0,0.9933090209960938,5a3569296bbb30f5e0f7f3e4c76b8b5953b7c5059e220835117fcffb332165c3,source_0732
128.0,0.88,4.0,0.993250528971354,b6cd38ab52ba675ce33dff66085922d2b86458b327a6a6396818e1e4ff23c02b,source_0732
128.0,0.88,5.0,0.9923553466796876,10a4f34432c18f1a2317cdd664a3b824bd255ed60436e2015878df60b4b9041b,source_0732
128.0,0.88,6.0,0.9927927652994792,e9c428ded1e02484a09f5fa2a83df54a228f50ce7e54d890d7ad5a5c8c956536,source_0732
128.0,0.88,7.0,0.993189493815104,3ab9ff6af199951c1e0960021bfc36c28a14170300753644f0809e8d8d249052,source_0732
128.0,0.88,8.0,0.993604024251302,7c1a8124d511c19748329896556fdc381a9db53b70c578a03281ce5845086c6f,source_0732
128.0,0.88,9.0,0.9934158325195312,ec288ba5201b532b53e68cf356854c4ad8e480675ea2c75c600faff1260f951b,source_0732
128.0,0.88,10.0,0.993212381998698,5c535d523c835cf527b58193a61e565a9861d000ac883a2e2821650e23f4b144,source_0732
128.0,0.88,11.0,0.9919204711914062,e66c02974e3d4894a47e6a347d3913785a2a5fefd2950875720935cfaea1ddca,source_0732
128.0,0.88,12.0,0.993334452311198,6b02ad408d971aac45d9ad34ea7ddc9a4c5d392a212ab46ce84bf2b7ef58990d,source_0732
128.0,0.88,13.0,0.992279052734375,934f18d9b62a16f98bf8c16b62ee4c32d9efa41489a39073ed4b72892daeefde,source_0732
128.0,0.88,14.0,0.993176778157552,5cbe68a69f7bc8c87ba9eaf48ac54c97704715aacdd07de110f0268ad78da60c,source_0732
128.0,0.88,15.0,0.9935455322265624,8d5b835f8d1d964a8aa6ba05e761d4e642422c5181e95a5dec5265a9dbaf006f,source_0732
128.0,0.88,16.0,0.9925689697265624,207b348e94cf38cd925fad28a719ef75a471272a7aeaa464985509d4883fc952,source_0732
128.0,0.88,17.0,0.9921773274739584,b6cdd3ded0d439f9764d1c589906f6da00f65ac248c3a148f8187c3bfe83d3ca,source_0732
128.0,0.88,18.0,0.9936141967773438,0178d0e7ed2fe178555da1f30f11aba587967849f30c83205ad9fce4c04848f5,source_0732
128.0,0.88,19.0,0.992467244466146,1a3567b147c0e7b5642416c8454ce071803b1cb0f37c6ae499bfbdb313b7b866,source_0732
128.0,0.88,20.0,0.9937693277994792,b46c3e3646bf927fbaa637d5e5dad05e12f65376d9f71aec1de4b227501c9afb,source_0732
128.0,0.88,21.0,0.9940160115559896,a3773623a253e4531a6b13ba82e17072940bc3b879a77c239e68a4f8a7a7ee0c,source_0732
128.0,0.88,22.0,0.9939778645833334,3bfc9869a2231eaf51df592c39107b89d0fd15428d2ac9a1dd988a2419f0900d,source_0732
128.0,0.88,23.0,0.9932657877604166,5818e158b04d269ab806cec80320b8175694a0ff72b8cea88d13df67b77b16a4,source_0732
128.0,0.88,24.0,0.993456522623698,ec75cde5cdf23ad462a6f69bc14477489ddfc59abc0f78ee48d847949a481675,source_0732
128.0,0.9,1.0,0.9941991170247396,202d206dac6bdce13e1f655683b90718c22e27b78bba771e76654c88b4410298,source_0732
128.0,0.9,2.0,0.9928258260091146,ac9fa25057c53cc3e8a1f34d5e0b2bfeede92a3dbd3ef004aecb69dab3b91506,source_0732
128.0,0.9,3.0,0.9940567016601562,349e0cba03d4937c74db6c90b02ec54c6bb9f2161a14750e2aa878316b981047,source_0732
128.0,0.9,4.0,0.99322509765625,7766f8ea98515503a24211d09d5355c08482c4e1065183398111064a1ea23aa6,source_0732
128.0,0.9,5.0,0.9940643310546876,7236e429126c95a220f0f260e4435756ae57e05ce32b12b31c9ec92f569484ae,source_0732
128.0,0.9,6.0,0.9952723185221354,77dbae36e2869f18b45fefb9ff7147a054e34b6d8af60965b7d2cf3fb8f97d83,source_0732
128.0,0.9,7.0,0.9936014811197916,191e1d6ff56334adc5f9a6fdd850fac5d83aa2ac125d2b481bb9793fa9b1fca0,source_0732
128.0,0.9,8.0,0.9940821329752604,b10b28e9ee223113dd83fc06b64c10afc557f2f9ec1e151aaf7dcb8d290bb5f5,source_0732
128.0,0.9,9.0,0.9939982096354166,729523d22870e0506289783dd9837aef7abfc419589c6d80ace33b4b0fd36e89,source_0732
128.0,0.9,10.0,0.9938583374023438,9d3c394480d5d4ade97fd9ad60bc5c097b91dd1a3a3ba936278b56bf9902788e,source_0732
128.0,0.9,11.0,0.9936192830403646,10d660ec4f850d8346843961210fe41b59fd61a6fa1ea5729d743de5656641ef,source_0732
128.0,0.9,12.0,0.9942067464192708,2dfd0d49ad48d3db47894dc9c39a498e2b67d8381ab55f661fa25056ae1fa697,source_0732
128.0,0.9,13.0,0.993944803873698,760f8dd319dda530de964132dd75f2fa9903b9f88e74bc2914b7acf605b2682b,source_0732
128.0,0.9,14.0,0.993860880533854,73ddbbdf32792186f8555f96d5c0187613728b6bfcb27abf30087489922ae1ac,source_0732
128.0,0.9,15.0,0.994397481282552,f5afd2fd4d3fa0eee9e7e48cde720ee5e7b592d023c71d27f0269f5cd3451e31,source_0732
128.0,0.9,16.0,0.9942830403645834,b882fa27e562656139600073e8afc27bf5ff856d546433ccac56bad69bf3de68,source_0732
256.0,0.7975,1.0,0.3159599304199219,7cbc8cc915967dded7c2cbf171f124be1dafc33691cde9c2295a834582cd1b49,source_0732
256.0,0.7975,2.0,0.5508219401041666,be78420a96045d342e72a70114b3d36204d731d3cf622e423880a90f8324a3dd,source_0732
256.0,0.7975,3.0,0.3268489837646484,080390d15f1782f75e9a7630f5ce5b6c7ef03d6508a48ec8b9b40f3f19a8b54b,source_0732
256.0,0.7975,4.0,0.7718270619710287,a339a54f3b221af6a75e81d012e24db8a7fd63ea30918d597c0bd8b5ad86cb9f,source_0732
256.0,0.7975,5.0,0.418191909790039,b26215dd4880f0397c83919354c42ad61b42c18805d8455850004900f61a66db,source_0732
256.0,0.7975,6.0,0.401577631632487,71f3fc9fa6b1217f31a9a084b5977519a28d93e28820396c615ac5feaf7fba0c,source_0732
256.0,0.7975,7.0,0.621985117594401,cc2e73afe64a4196006dcb17321a70fec78b97ab96d565f00bef67bd048de014,source_0732
256.0,0.7975,8.0,0.6688219706217448,c12ea251fc784383d73a415d2e1ba2d34894258969053e109aac765473fb35b9,source_0732
256.0,0.7975,9.0,0.522240956624349,ef21eafde9bea2f150ccd2d3d94ed1483e59f9e653af596da048b9810a01db61,source_0732
256.0,0.7975,10.0,0.8344408671061198,15cbeadecb70566a0f63240c37c0e97e9a1b111173f106fa5f93d36a387d67f4,source_0732
256.0,0.7975,11.0,0.3425833384195964,4362a92f7cf0bc8f1d34f53aeaf6709da648ad51e22e67674ec821a29112efe8,source_0732
256.0,0.7975,12.0,0.3711961110432942,68cd2b74be054dc9f13c344df212229b98ded75814bf6e8982d258ea59c744e8,source_0732
256.0,0.7975,13.0,0.3633702596028645,b0654fee9ed637a31f651334a643a080c55517f7814da4e0d5089364869f2129,source_0732
256.0,0.7975,14.0,0.425686518351237,dcbdc6088f5be041b3538ac9bb2e0850e097b7fb6f412e16c659919433ecaffe,source_0732
256.0,0.7975,15.0,0.4025548299153645,09a21afbe1d063a13d23ee616a8a0f16bb69224cc30e783421736e5110fd4a5c,source_0732
256.0,0.7975,16.0,0.5075194040934244,bf08e2d1ed33667a1f4278249fd5059fb4e2c77df824cd42fb2afc8c42519bc2,source_0732
256.0,0.7975,17.0,0.5748850504557291,0f977f8bc8e38b9cf375cabed6269e06bb8b6537eede17e142b079cadb763784,source_0732
256.0,0.7975,18.0,0.8019587198893229,04b970da878b69396400f4486dff76cde1de3d1c8de1bfaf84072f671a65d52c,source_0732
256.0,0.7975,19.0,0.6731529235839844,7b94807e192ca4dea1eaadf346aa06bad654a6844b46a00548c5efcdc6075793,source_0732
256.0,0.7975,20.0,0.394995371500651,0594049cc300c30e34e3cc6df0d32e73c04b6176a2fd9f3924853ceff725d789,source_0732
256.0,0.7975,21.0,0.328985850016276,e88360b7f96134136e661bfebeb39c0ddfad224d586febceadf0e5625b3546d5,source_0732
256.0,0.7975,22.0,0.3064072926839192,d472fe3f861ed27d26c06663261f3d31f821796650dee8a0b65323b04aa8c073,source_0732
256.0,0.805,1.0,0.9916057586669922,22e463304a7a2dbebc1c7b8973d8302de8adade47b5f01cfbccd58e833d1ff02,source_0732
256.0,0.805,2.0,0.9883136749267578,73fa39a348fe777a1e01258cef24c0765db017e2bb540bd26bdf0ef300a79215,source_0732
256.0,0.805,3.0,0.8758773803710938,62ebe51fb6554ed78ddfe84adfc0a569089488f5b96c20068ef40fa4ef2cf943,source_0732
256.0,0.805,4.0,0.451303482055664,431370f98ae07750807675607cdecdf18336788158389778c7f64174a8c13fd5,source_0732
256.0,0.805,5.0,0.7413864135742188,d51042f7b0a595fc64572fe576572a6f24ebb71b1a848b731c89025606acdd81,source_0732
256.0,0.805,6.0,0.9876015981038412,44ea669c0c4cbe3d9b43b762e6995a21005186183283ca2e2b5039c7123cf16c,source_0732
256.0,0.805,7.0,0.9860121409098308,1d349e6072895b1cfb8d14a2872738b8e2ab4757ba9202b4c32b8bbca2d3e09b,source_0732
256.0,0.805,8.0,0.6801033020019531,301ddf59e211b6ad044134434e1802a06de38f806feca6f1ee856894ed0a3832,source_0732
256.0,0.805,9.0,0.8356825510660807,743d30882dcb171a91b6ef4a220442d723d17390b1adb0b2db66fb36d47dc29b,source_0732
256.0,0.805,10.0,0.9935067494710288,93e39e06e05a10f1498dfa02b737ff7d22fd37d36facd7f3fed0b8b23dad3b07,source_0732
256.0,0.805,11.0,0.9912573496500652,96fe5cc36cb8642cc4aea1427678bed00b171674bc01807c805061d55b1ffd94,source_0732
256.0,0.805,12.0,0.9898242950439452,10f7272be833c2d5a57196110925c8dfaa948d269f4fa09540030b61cf3f5e1f,source_0732
256.0,0.805,13.0,0.9916795094807944,587e8b507ea27a4cba327e376338c6862c2779b6f4fcc43e53c820935b493d3b,source_0732
256.0,0.805,14.0,0.5061238606770834,6d30738b8a4c99a5b535079111049f6f98155b0288bf3affabe4ed872acc4b04,source_0732
256.0,0.805,15.0,0.98350461324056,967c183c2ab08eb34489bab955394e9a35cb785848c5d82ca7d7f699721040d1,source_0732
256.0,0.805,16.0,0.5496145884195963,01de4761db5e56428aefff814bfb1f21ef5d2fbbb158ac2be2c5da922c349d71,source_0732
256.0,0.805,17.0,0.763641357421875,2f1825e96fc43b27ad0c23b567c2b9838271f57734b490e266d2486636f0c6bb,source_0732
256.0,0.805,18.0,0.9061997731526692,70db0adf8985ea4b4a4e1f7531b3478fe8fc35e10b587825dd42ddc860363b6e,source_0732
256.0,0.805,19.0,0.9915510813395182,286b348e0f07e600835ae59552d5ec56011b2db91935d7ab778313ab52115039,source_0732
256.0,0.805,20.0,0.9915733337402344,82a6b3075f9194791b476abfec8c21b8e67fae7874ed8299bff5c98c70e62df4,source_0732
256.0,0.805,21.0,0.6038907368977865,25c25b013a71b3744438707c59ea31a92f12cf6d3d36282aa88a161be8fbe732,source_0732
256.0,0.805,22.0,0.7178484598795573,83a4d52c306f5a3ca5770b5f3f54100b5fce02bf015183de92331da23395505e,source_0732
256.0,0.815,1.0,0.9939047495524088,41f97afce23b8240fe85492612f96f3844c9e607b338f6b47a56b50ab77dfb7c,source_0732
256.0,0.815,2.0,0.9927043914794922,c6dbe0c5e81624661f26da9cf491f4a61af8741023c6ce8b2c5e1635b5de8e56,source_0732
256.0,0.815,3.0,0.9933465321858724,184403eabd0840c7423c354426bbd89657b4567a959a8be43c90af7bd1cb04ec,source_0732
256.0,0.815,4.0,0.9902133941650392,d508ed3eba7fa3e83235280f5208b0ff786f6e8eb6b6a3f6967a555dab88bdb1,source_0732
256.0,0.815,5.0,0.9929345448811848,9917b379bdce4e310dabc66aa5022c14be51e6e795ec8eeb8c3e11934f3ab666,source_0732
256.0,0.815,6.0,0.9931017557779948,baa6c00498b73a1de5f09b5e8ecc291d5f28c67fd46972d1c88a495a0f93822d,source_0732
256.0,0.815,7.0,0.9934469858805338,7437c4fa2f10ebf150385f55e40618d76151f1268abba1db4ee8e7d73e8cc05a,source_0732
256.0,0.815,8.0,0.9922434488932292,76af8b04d354d96f98eb923987b9376d5bdd7033b8baf3cc9d839333c394df15,source_0732
256.0,0.815,9.0,0.9928080240885416,45a12b5e84e3c0fb41a011ad15ec97d62cf06bfb26e4582b4036d09238c4e0c7,source_0732
256.0,0.815,10.0,0.9935595194498698,c3eefd4d3518e2065a41a4b42a783196ac13b38ad17aaac1fe2a8db2266d2f31,source_0732
256.0,0.815,11.0,0.9914690653483073,f618f62ee5d0cbe3d78c4eb0aa0ee7ce30479b397aa53bc1441111b991b71c7f,source_0732
256.0,0.815,12.0,0.990423838297526,ec43a201e383812ece24acba90500aa03637561290788723ddf2c0958a93735a,source_0732
256.0,0.815,13.0,0.9926331837972006,aa6c4b6db95432fa816e3d3f29f9127ec8479e0152f5aec33331c01a02527d93,source_0732
256.0,0.815,14.0,0.9928448994954427,c75b236ad5e6cf102b2abf158ce3b625de0be8f80d38611aff10a08b6d7d29ce,source_0732
256.0,0.815,15.0,0.9886976877848308,1071c21d81c946518f02f65a2be43a0e5f7c97646d120ad4abcde3f400f2c0e1,source_0732
256.0,0.815,16.0,0.9941965738932292,27735e6ff25d06b6c1910c3906bbd02c63a39cbe1378594907a68f7bc44ccd18,source_0732
256.0,0.815,17.0,0.99040158589681,b9fa8eead78b91d94cbb94f6192a2037a7b285bc836e5df5d8c89467756f055b,source_0732
256.0,0.815,18.0,0.9919287363688152,db486ae8f1f989d27bf8eaa37957ae8eea104b816e45d3a5dee1423490021bb3,source_0732
256.0,0.815,19.0,0.9942557017008464,6f0c90642b50ce72fe4bfb6b2309a6d655dedbd3a0873e2447b1576d83afaa7e,source_0732
256.0,0.815,20.0,0.9923299153645834,206f6752d24e436c09ea72109c3d366073a8a98e7ac14a66e3818aa3b5919112,source_0732
256.0,0.815,21.0,0.9936205546061198,1efc12fc410419bfe3bdd116e87d301c987ca7254f836930f55874ad0edc7b76,source_0732
256.0,0.815,22.0,0.993549346923828,fceb63b23febdb38b910de8c9cb3f3b109c61f9a1562d35aea1a141dee9bddfb,source_0732
256.0,0.815,23.0,0.9931742350260416,a780c138d9aabbf05dda86d039f50bd67d61cea3eb22286945faa221ded60786,source_0732
256.0,0.815,24.0,0.991741180419922,ea0a1d43c35aa569c44251d14fdf4d02e67d73d5bdcb58b102c35b9df14e3905,source_0732
256.0,0.84,1.0,0.9946091969807944,4fa5ab8b021b271cd647ee0f665a7cbd4c85a80630b75decfff91b007c22afb6,source_0732
256.0,0.84,2.0,0.9945074717203776,1761cff48fda67146085854b16640c63d03cb9a1f4481c3a4eb1c692d4171895,source_0732
256.0,0.84,3.0,0.9927590688069662,d106775e613b09f699079c983e62c7d8ba35266025a554bed1eb2f96f5a72db5,source_0732
256.0,0.84,4.0,0.9950892130533854,85123e6a5030e56f6ff86e888ff6c521dd3c1fa6bb295ae5f39d6189eeb93b8b,source_0732
256.0,0.84,5.0,0.9944318135579427,c5af3a778257369720276a7fff31717f909963cc60789f5719df144f4178ccf1,source_0732
256.0,0.84,6.0,0.993816375732422,dc64ea0dc4344f41e4088038db3989ed5f841cffa569c41bd4ce4d3d282417a2,source_0732
256.0,0.84,7.0,0.994497299194336,a67e7d7f7b744f6755ed1c55cb98e0c332e6e3dbdc9e5c92efa886bb0c0d20a8,source_0732
256.0,0.84,8.0,0.9942550659179688,387cf6b469ead1f5d63f40f1e5c7956f926fe91e3e5a2585ffee82dce7b4c087,source_0732
256.0,0.84,9.0,0.9946295420328776,3d00b916fd5f6056a44e01a405315673a76f9a6917e8fadb07333ebd68fe086c,source_0732
256.0,0.84,10.0,0.9942963918050132,a2cd500b3c78b3e338d9578636665cabcb36e142c3089a94455b72af0f20aff7,source_0732
256.0,0.84,11.0,0.994770050048828,cc8d542802e56befd543ce08f6cc525b0306736a114547f4e6e5b9e43ecc5e98,source_0732
256.0,0.84,12.0,0.9948069254557292,c52b1694e063489375396bfd5a789278a3ea61f4c71abb20a4bca29e7ad0d09b,source_0732
256.0,0.84,13.0,0.994439442952474,87d6ccbc1d25426bd1446a4154142fe1d5f30aaf893b5d04359369252c3034cd,source_0732
256.0,0.84,14.0,0.9945182800292968,e28c91d07c62d46f6f4fbddaec33c1f545f54efef885d601dbdb92ac168d61bf,source_0732
256.0,0.84,15.0,0.9944852193196616,f3bffdbd97390c313a88513c178c74874c5ed120a0f70f4cc65bdd6fc879fec9,source_0732
256.0,0.84,16.0,0.9948412577311198,c8a40f08969ea994d78727760efd18f345446f2e13495f89ef9952508ba4c891,source_0732
256.0,0.84,17.0,0.9948031107584636,94257555faaaf1b6e9d834358c6af5443a7c97594003bf4ee3d0c0f6d1939603,source_0732
256.0,0.84,18.0,0.994481404622396,fcdd1f4b450fbd3dd94e5ff9a3282adba595d40d6a80a4850b7f47214bba58f4,source_0732
256.0,0.84,19.0,0.9951693216959636,6c99bf8d662fa5a3405211df005fdd5a48ad73dd23b1abf29905817c5833dfc4,source_0732
256.0,0.84,20.0,0.9940649668375652,bfa14e9897937f67b9de4faaefadbaadd9c1754c7a063ae9d76dada64530feca,source_0732
256.0,0.84,21.0,0.9937547047932944,d80ecd2a13238f0cdac91e601fb92709b748ddcd6df3724d0853d23db4aad081,source_0732
256.0,0.84,22.0,0.9945786794026692,b6cb6dd2c84eca1501d2e07aa8a6b1608e3ae56ac5bff5c7868ecbd4027f3e7e,source_0732
256.0,0.84,23.0,0.993967056274414,5eadceb1726b85abf04257419de7a9c522e164a649ab88fa34bb6443b3e6d339,source_0732
256.0,0.84,24.0,0.9950777689615884,5c671b46b3a3bb0ac64c8a32a08223a918eeca6de41a4815849d06ade00d479b,source_0732
256.0,0.86,1.0,0.9955094655354818,2c5787ff8435929ca0855b05a289008c1636ecfc24edb9d44c0ddea762178c6c,source_0732
256.0,0.86,2.0,0.9950949350992838,08a0f21d56151f956cb68252156e5d40e4ae4ae0c7547d964c5ab0f1120a6510,source_0732
256.0,0.86,3.0,0.9949804941813152,7432e42a733c853281b222afd9a9f05de33782fd3acbef5b4f5aa11d764dddf2,source_0732
256.0,0.86,4.0,0.9951979319254556,09a0cb528d6718d8e0a923690906ef6485b846101f1facca74a72d5f724363f0,source_0732
256.0,0.86,5.0,0.9951489766438802,a3094d9954c6061baf61c9d37229ebf2323d9db2ddeb622a77b2409bfb97d97d,source_0732
256.0,0.86,6.0,0.9954452514648438,05dcf32df2b4c4e3b8a7c2b5fe476d428fe5421f4d17a3fb67860747e8f60065,source_0732
256.0,0.86,7.0,0.9955787658691406,ceb25a3fd136287c0e982e27eae7bab6fcb917009bd9727c504b5172bb3e5694,source_0732
256.0,0.86,8.0,0.9947872161865234,c8e17522f725ec2519a3702ecc5aaa020d8c6b50009c636b72ec6d995eecc22e,source_0732
256.0,0.86,9.0,0.9948266347249348,62d1631eca05d4cf742561a065b0b899642aacef209472caa32c757dd8d7d93b,source_0732
256.0,0.86,10.0,0.9954605102539062,dc5dff12a174c65c23a2a332c6e5bc7540813c200d5c455c533fcfadcc6fb279,source_0732
256.0,0.86,11.0,0.9951826731363932,faa96179653e780fb0b9f8dc7de346ef84e7bd8685353c15bf9d91b18615cb99,source_0732
256.0,0.86,12.0,0.9954299926757812,22036d917474f300563a742dbb8d97b0f8ab9cc796a214f43d3ff7081134a8a6,source_0732
256.0,0.86,13.0,0.9958756764729818,c5261d6d72afa391d89977b58154f8e03e8fe92f30ada15b51b95aaeb8050449,source_0732
256.0,0.86,14.0,0.9950116475423176,1af20e5802930b85b8c67677f97608836108f4fc968e51d81b095e55905e7f7f,source_0732
256.0,0.86,15.0,0.9951839447021484,8dcf96ddbcf297c01d4d8720be7eb189668094051350f2af1290a415a398ef98,source_0732
256.0,0.86,16.0,0.9949391682942708,900abb16e923f22de5d9890ace4420fe3547ba477fdb0bc447a211411506d4db,source_0732
256.0,0.86,17.0,0.9956188201904296,69b39f9e35b07472a59e2fe3396ce36bae6cfaf04a85b759a61d723ab1dc70b5,source_0732
256.0,0.86,18.0,0.9953530629475912,5fa3e366cbed9d072bbbf42894522b6d86d1af6bed4dacbf55e6c455e61c23e2,source_0732
256.0,0.86,19.0,0.9949461619059244,7e6dd6544f23317f7609d8cd66d79b8419d720ef345d88e865fc9db1589f10d2,source_0732
256.0,0.86,20.0,0.99528439839681,16b27028e50f7cb1a5ab2f88026c0d8b0d1f2cb70d9a0414668a1623e2d4279a,source_0732
256.0,0.86,21.0,0.9954922993977864,89e5e438deed952d67cec165dbf9701b3837061376e7e46498060a3092989515,source_0732
256.0,0.86,22.0,0.9953651428222656,865c66ff2e1cba0cc704d440682b94c10b46ec3abcca90d4e79267c31f4ba82b,source_0732
256.0,0.86,23.0,0.9958585103352864,d6522382bb549d2a97092bb4537a337b6cc5ca0b41b57c41b9937adb145b62d1,source_0732
256.0,0.86,24.0,0.995220184326172,67895cb49590744700a24ed0f5d61f546ae81a7a55f9169d36a8869c3ef4c3fa,source_0732
256.0,0.88,1.0,0.9959430694580078,ea1db8b5bb7e0b4faaff373feb8a8a332ce1b71e5d2cd6e813184e2de75aa6b4,source_0732
256.0,0.88,2.0,0.9959227244059244,ba01a43a332bfa3eec130aa840124f41057d8fa91df2ad6acf4572d2f029b184,source_0732
256.0,0.88,3.0,0.995807647705078,b9a68aaecd661a38c0a9c31c865aef043c86d17508e48fc5449c8b242c473c3c,source_0732
256.0,0.88,4.0,0.995718002319336,c1b70efe02701d6d4754f9ca3f8050f518e9000f4c6d7c1080c40e3b1246630f,source_0732
256.0,0.88,5.0,0.9957675933837892,6e7c4839bfe02d5b1377fd5e317ab4fcf99e582411f22e052abbb0669f2c29ca,source_0732
256.0,0.88,6.0,0.995785395304362,5d4de3f700f22ad3e9467502a07d232b03ce2e2926435c0cdff41dbc620877d3,source_0732
256.0,0.88,7.0,0.9961261749267578,7784b70bf26af522a97dbf6c9c4cb5095ed47a188d0ade8481a8fe003a55b060,source_0732
256.0,0.88,8.0,0.9956200917561848,6793a71086c19c2541dc4cbb861e07f740dbdc9aec3673388fef0d22d37a44bc,source_0732
256.0,0.88,9.0,0.9960384368896484,b7222adfdca45edbd13c79b3ddebf5511a674bd5c2355bc5cbfcc9060ef7b5b9,source_0732
256.0,0.88,10.0,0.995952606201172,4690d51c48bac0995741989e7ff006fd01a5f8160a310f59b13d3fb4417f0b6d,source_0732
256.0,0.88,11.0,0.9956480662027994,bd68daa154eee8f35c799a1a62e78423d3e6b8cc0f31556decb14b0da617df37,source_0732
256.0,0.88,12.0,0.9957809448242188,e4a47a711c6c8026c7d9c7e6b866f8ce30eae0ee6af811004ce7b95c1f891dc6,source_0732
256.0,0.88,13.0,0.9955126444498698,d904f689a081c082915b2a1cbffd5c799fbb70fa749287823b0002423ac5d208,source_0732
256.0,0.88,14.0,0.9958966573079427,a8939f910db18ea19b69b4d496dff806e39f99b258014faaf32dff744c9c1722,source_0732
256.0,0.88,15.0,0.9957383473714192,dd1ad38df7c59ac07c1152909db517c6786f32e668c1204530b663cc955b5d67,source_0732
256.0,0.88,16.0,0.9957542419433594,363423104efa96eea202b9b3b179e73301d563e5debd568917321a3f6d035b9f,source_0732
256.0,0.88,17.0,0.9959818522135416,d9a850a38a785f029f1ca0ce3785c1f13c5a2ecae5c99daffd1ae24f47e2e3d1,source_0732
256.0,0.88,18.0,0.9962018330891927,f17fab736d6f51a8dd159cf14028166360412d4c69dd12f5237a0c39c5b5c829,source_0732
256.0,0.88,19.0,0.9959894816080728,20e2ae501a4556676ebac9dbcb97c7e93a542b68fcb7526cb29088df4c65302a,source_0732
256.0,0.88,20.0,0.9955844879150392,dcc9927bf8c3849ce19f5f7e301f129ac615a9cc67c450536057b6cb0701c312,source_0732
256.0,0.88,21.0,0.995917002360026,b6cdc4bd3b312df9eb1621b011d39ac3e3d60f572e220e163db41d0f624a1dfc,source_0732
256.0,0.88,22.0,0.9959087371826172,270b0619b585503a40f3cc6610028db03995b1cccf053a4a928f8e99c28f7adb,source_0732
256.0,0.88,23.0,0.9960250854492188,9d282aca7a89c6dd7acb887ece00c96a993daaa51b5ef9af990b74470335bdb8,source_0732
256.0,0.88,24.0,0.9958896636962892,80a44eb9b584e79cb5adbfa996b94d42eafeb90f0481933291a7b0bdb0fc7d5e,source_0732
256.0,0.9,1.0,0.9960352579752604,5c08882099c4f7b96ce474a412ad322071c2f52521a829cb881030343b62278d,source_0732
256.0,0.9,2.0,0.9962762196858724,84125c445fcc7b7c6b755a00eeb959ad08e4f2116b67d000f6ccd76f746513e8,source_0732
256.0,0.9,3.0,0.9963652292887368,1f0fb1e8e34c236477e710e964b83ef6770164c4ff99d3890710513fa1a9d19b,source_0732
256.0,0.9,4.0,0.996301015218099,1f9e75973ff12be383cf3d3d024d9b238bf8ddfaacaf28f395eaf2282c92bc98,source_0732
256.0,0.9,5.0,0.9965095520019532,c13745ede3fa5661b5cef88085c9da3f6617b13f89a60d95a7e43a8b228a2520,source_0732
256.0,0.9,6.0,0.9965438842773438,b64fd8e450079c73fde8be95d9737f5e350b7a3e89662eb0b0cc7ff144a5109e,source_0732
256.0,0.9,7.0,0.9962158203125,9269cf5321c713e8bcb4c7e39b746146ea3911da26ceb59e9fb171243859d4cf,source_0732
256.0,0.9,8.0,0.9961071014404296,5c917a25fb9152028a9cbeae0edd61255b1dbf24467c5486f793d38e6e249421,source_0732
256.0,0.9,9.0,0.996490478515625,8a0d006f34418c8e3ee8cd60a5123b71c4ccdd3cbf23c7d56d89cfd219333f2a,source_0732
256.0,0.9,10.0,0.9964815775553384,089783e2e08392689d7333a0750219f9e30f87334bbbcdfe0b2ea943440a6c43,source_0732
256.0,0.9,11.0,0.9963130950927734,8d1a7ac3384a5bb59a0fa62cff3f2918a57a35ee7c0b30db1cea6d3a4210bac9,source_0732
256.0,0.9,12.0,0.996222178141276,276844cc05536c8e24b46106b0bc45713a3d88ba311e8843e0594c4c721b13bc,source_0732
256.0,0.9,13.0,0.9963035583496094,b110b67f160ca00e11a85556de0a1cc3f715a1e14186b6fa5ad7f6202dd9ae22,source_0732
256.0,0.9,14.0,0.9963226318359376,2842104b7b96505cc178ed2dcfdefcfd16e6c3d5308c45a6854652cc0f4878c3,source_0732
256.0,0.9,15.0,0.99652099609375,bc34402e34b9c17d3f3caa01135a5f8f2deee9f5331918e69429ccdf2198b1b4,source_0732
256.0,0.9,16.0,0.9962857564290364,b0f818cffb38ee327aaa675d5007fbf2a5c2d32decd657f80d09ecc0f9fe439d,source_0732
256.0,0.9,17.0,0.9963582356770834,69329880f6a54dc344e3254c5f18b9594a5c6d8a5e04cb31fcaca5c715c8bf53,source_0732
256.0,0.9,18.0,0.9962762196858724,043b25c798cb51b6371b838308fb073881ec588f5f59c9b09a144be000aba649,source_0732
256.0,0.9,19.0,0.9964510599772136,fc3973a821b4f37ff088d1dc849c726e3bc42934c08ecd7441e2945c348b81d4,source_0732
256.0,0.9,20.0,0.9961630503336588,5f81989216be394b871e603edb3eefa511e2f12d9a4be55fd36f70b32eb2245c,source_0732
256.0,0.9,21.0,0.9962495168050132,592d1142de9e43e2e70ccbeb283a478b33e5b9a2b2df2550cdaf9214ce292cc6,source_0732
256.0,0.9,22.0,0.9962546030680338,e57e2dfe3767bbe5652b4e71d791cd99b38869eb48c1d98b22896fc104037c9e,source_0732
512.0,0.7975,1.0,0.6502699851989746,aa536a54e14cd7f003456dc98f8597e3167ee32e002bf87ca3d5f7e6c12d09a9,source_0732
512.0,0.7975,2.0,0.9311308860778807,9b86686359b12aa972ad78ca44e080e75edadc395f51aff90c66d0b178e978a3,source_0732
512.0,0.7975,3.0,0.8052759170532227,a6356f6f6cb3492a1c9606ce82468ffa94169027b084782e96e320a2dc0a469c,source_0732
512.0,0.7975,4.0,0.5558034578959147,1a2824082b20f1c46f10089c5b14c834621395add5b922ae42494373eb8bf907,source_0732
512.0,0.7975,5.0,0.607522169748942,ddf7f354fc488d00cfc4d75f5e6bf6138f0b43744524332178dbf843cf3ffdd2,source_0732
512.0,0.7975,6.0,0.5174789428710938,0f60617995fc37980d5dc517f7bbd58b56865267f406b4604965e6338d875171,source_0732
512.0,0.7975,7.0,0.6762905120849609,86f59afd720a6077b99037c4afcd7498766980a115c2e2e12dfb6f34eabbd420,source_0732
512.0,0.7975,8.0,0.4350843429565429,f512b84ecaf3a3795419e635958153a4f1db3ae8c0e2825f4cac7048898322cb,source_0732
512.0,0.7975,9.0,0.503320058186849,7d05e4f70afdd3e8daf884d6687cb1f4a7036626f9381901e7d451d3adbbac38,source_0732
512.0,0.7975,10.0,0.994649569193522,880ed5d4430989f4c37287830e1948699646dcf93dc69533c765c57db276e5c9,source_0732
512.0,0.7975,11.0,0.6976048151652018,fe0a21b54f27e43a4b8d82d13ff4ea529c571a3ff14c85470f3abf3f2101b828,source_0732
512.0,0.7975,12.0,0.7977143923441569,87d44dfa09f6bb837598cf4a6ac9ba6ce66cd93b46f1ba4243e17660a0363340,source_0732
512.0,0.7975,13.0,0.9905428886413574,cb41ff09b5c5c52c93614ef4f9d3c7825528f7e8910fee561999a69f6fbc2228,source_0732
512.0,0.7975,14.0,0.8206691741943359,dd55f2b45d300a12a14c5a56d8eb33fc60457bf8186ff01586fe2bb4c8bb4919,source_0732
512.0,0.805,1.0,0.9951669375101724,9d6de7791b8fbbe2fc7df696f21ffabeda876d02ad0be3ed8ef7a6013a4c7f31,source_0732
512.0,0.805,2.0,0.9937033653259276,aa60b67c0dc2d588e92fc7dec2997601316c06592338b42826548488c1906132,source_0732
512.0,0.805,3.0,0.9944632848103842,b53233ab3c4758328cbb8932134be589c197c34412ec5472619a3f9c514b38ed,source_0732
512.0,0.805,4.0,0.994245688120524,af44e6175f0a10053b3c1ce106719471f8a81f7b4c45149073b08ed7abf1216a,source_0732
512.0,0.805,5.0,0.9917624791463217,c53ca56ebb84413b1c7510a787476ac774595aef4d60ee72bb8c9d53b65e0fe5,source_0732
512.0,0.805,6.0,0.9943893750508628,36eb1f9bebefd94181082fdda2a2481100947ac81d933ead69bd97e03a8584f5,source_0732
512.0,0.805,7.0,0.9932651519775392,b9a04ce7ff512f50c445b9752c67863afd34337fad4085ceb2ef70f1906bf9e5,source_0732
512.0,0.805,8.0,0.9941819508870444,a97bda6a7014d07b22ad6720a045be9c7c8ea3d3d761b449e6dbf7fc35327962,source_0732
512.0,0.805,9.0,0.9945330619812012,f8df349f40b0a14a3be995f80bc30a9fc800e6ccf6e4dd5f06d26265c0d1a65d,source_0732
512.0,0.805,10.0,0.9943370819091796,470c7cec566ca563cdfa6eb07701a8488c33cd145a2f922cb3f661900cf844a9,source_0732
512.0,0.805,11.0,0.990969181060791,4319ad290135ba9816eed2b55998c187724a7281d178c7cb2f44caddebd8605a,source_0732
512.0,0.805,12.0,0.9927167892456056,6773b3b0908bfd883b2357c2972e4d0988fdf3a28a2b4faa1c92a4d1dc2627c2,source_0732
512.0,0.805,13.0,0.9954134623209636,26b37f176480f4d7a200b1aafc80a386437894616a088ec32b313bda99ab4265,source_0732
512.0,0.805,14.0,0.994200865427653,0d4bb66407069fd4a0d91e652056ba426cb3e2b7afc2a0175e8b51cd30cfe59d,source_0732
512.0,0.815,1.0,0.9954498608907064,730ed90b6066724aee4279b0a0fbdaec155754c678387c7db07f3c9b18cbdf0f,source_0732
512.0,0.815,2.0,0.9959343274434408,756af0bba2470eb52c8c5d521ad38a9e1a458d1085e9667290f8627982524e0c,source_0732
512.0,0.815,3.0,0.9956558545430502,0083ec02a1ff3fda8617e70ddf57f4039761372780eace4073309fcb1769f23b,source_0732
512.0,0.815,4.0,0.9954056739807128,206127c83e21b4714130f3ea9674685198cd9f1b289ad40eb4b4d377db318d64,source_0732
512.0,0.815,5.0,0.995412826538086,dc2950b9358becaecae2a5f063b79bde768f37438b5feacdf86a7a161eaaf150,source_0732
512.0,0.815,6.0,0.9956464767456056,9bbefb7697bf71c879fc328141b2ff3462e71a0298727cac28819150145e26f1,source_0732
512.0,0.815,7.0,0.9952786763509116,28d183fa48b4230db363dd1d4a72ded91ca48e7e9e3f6c543e0ee4dcd29a513a,source_0732
512.0,0.815,8.0,0.996073087056478,03c4ae3b874655042599c7b8855127d45f32cf10232375e4f08f671102a08429,source_0732
512.0,0.815,9.0,0.9947471618652344,f64c2e75b59c3d3fce5623c17f31a60f0a4a682c22c399c655056e5900ba9460,source_0732
512.0,0.815,10.0,0.993962287902832,157d5d7d4e56d4be3c0320827c9357a5bd34997a0392f3226fd53da1ce6c1666,source_0732
512.0,0.815,11.0,0.9953826268513998,03cca299b183aa410294f24a77514468fb57a15ecb6cea338cacfc63bbd8ef17,source_0732
512.0,0.815,12.0,0.9959108034769694,74a34137a7deb5b37174013aedbfc51bced5bb565b3b9bf7723a10c9e0c12c04,source_0732
512.0,0.815,13.0,0.995309034983317,025971e465bcb0bfc2958befe69d15d89b899bdf8f0e4c01169bd575238c424a,source_0732
512.0,0.815,14.0,0.9956916173299154,cba92da67101efdba544a56ce4a76fd29f66a336a9e34b4bbfee4b27420b071d,source_0732
512.0,0.84,1.0,0.9964577356974283,9b70d81e128784464924e1d7de8f8e9c278ae0be1ef9560f17e6c3e25af3152f,source_0732
512.0,0.84,2.0,0.9962917963663735,4800c9e9bc624fc1f350ddcefd6a5f876068885c87f1399876771d4eb0637c66,source_0732
512.0,0.84,3.0,0.9964273770650228,0f386dd05f106770532730fd85dd71e1093535d1550b142b0740d26bf8a7cd02,source_0732
512.0,0.84,4.0,0.9963590304056804,fd0242d68c40c573d0b0c7b273cd29c5926878cb05a275fceee42c33daab3318,source_0732
512.0,0.84,5.0,0.9962437947591146,71a94487a4aa7ed407164836a7324febf1868198f3d47811af68a71674819497,source_0732
512.0,0.84,6.0,0.9965572357177734,8ef6b170f1b5d0ebc7bb2d6590ef84d5efcd91b2b6239ebb947f063eb1a76b53,source_0732
512.0,0.84,7.0,0.9967060089111328,cac4d9139e4b8ac19c238162fe4fcc6fa265798c75e9de00b48d17fbd96878a5,source_0732
512.0,0.84,8.0,0.9965759913126628,c4e26a5684de8eb6209539a2de2454b29e267d692426812fe8059bace8890656,source_0732
512.0,0.84,9.0,0.9961616198221842,dc719623d49674c4eaeaa85bbfba5659fd90a2fe040aa41e06ab0ff749e442b7,source_0732
512.0,0.84,10.0,0.9966163635253906,1c821b1607b877e688fc49a630b9051297eb68fd5371666ff584b4df4f01b089,source_0732
512.0,0.84,11.0,0.996513525644938,e087b53ee9881c3a32a20822e9560d9691c32a73c4a5dcba44b813305bb19e73,source_0732
512.0,0.84,12.0,0.9964838027954102,cdf2127ec85867bf3ef3bec8b0eeb4c222f8cd79ed9b54f61a137f6afe88b18f,source_0732
512.0,0.84,13.0,0.9966352780659994,8de1faeac99a86820e2d7e92b415600f6efaebd457f20c25aee09bbc4c13f889,source_0732
512.0,0.84,14.0,0.9964208602905272,035cc6241dc930b816904a1d0686dd748d30bd6afd5cb6aa6b5f9acb04d101c6,source_0732
512.0,0.84,15.0,0.9960241317749025,b4f9d65862fb50ffe00dc8d82a301bad866bf33eead39a105e6a6820c8724643,source_0732
512.0,0.84,16.0,0.99660062789917,1a5ca9567f6e6b436eb5bc2e13d88227b6477750679b8f22743ef23cdd495a25,source_0732
512.0,0.86,1.0,0.9968508084615072,2562f912ec3c2e300cb8d25bc448edee62319e4b69f4863dc069b4b18489ad31,source_0732
512.0,0.86,2.0,0.9969539642333984,f3a83c8df7ffb34ba2f24f4994f89fe084afe912daa553fef9ca40ee487cf537,source_0732
512.0,0.86,3.0,0.9969695409138998,c2327b94fb4c27687ba07e5ae7400882aec4db72145130f438255aeff6378c85,source_0732
512.0,0.86,4.0,0.9969196319580078,dada2939a675ec9e445a012b95574c597980b57d1f82ae06795af3754fb73c4f,source_0732
512.0,0.86,5.0,0.9968298276265464,77989f3a9cdd0c65854f1b0b74318d929ff35c6250a6d3e937df7705cbda1eae,source_0732
512.0,0.86,6.0,0.9968860944112142,7a88f667f9635dffdae5dea3155fcb58110a6290b8150d5a527ddccbcbe0f4e9,source_0732
512.0,0.86,7.0,0.9969717661539712,51a502496b95e536ee0dbc5442bc4ad5f28e13b71124e2e70b328595845e83b8,source_0732
512.0,0.86,8.0,0.9969054857889812,4b8fe8129189ae33f2e49f5f23c4fd2d92f70660036b8cc9cf1ebcbd74ed181a,source_0732
512.0,0.86,9.0,0.9969615936279296,6bf5568a9a3bffe6f5b16e176c1b28da1777bbe3d534de0cd4f96042fec69f97,source_0732
512.0,0.86,10.0,0.9970684051513672,59c67727562a886bdfa9dd0738e95d21351cd8382a7f05f1106d07eb1a1f3af4,source_0732
512.0,0.86,11.0,0.9969836870829264,dd5074f47b72c9c7bf554867904b7874a8f03231293ec27c71b92160d666fde0,source_0732
512.0,0.86,12.0,0.9968905448913574,bbf051c20372bcafb1794b15f4d50c310a9b45ce7391c2574ddd2c33b1fa102a,source_0732
512.0,0.86,13.0,0.9968220392862956,9492e0628f794dbf3ebe00b4b5043bd94b1be73d2cc2353d62cfb7b2369939d0,source_0732
512.0,0.86,14.0,0.9964733123779296,f8a082c444eeee131c2a91793c729fcb9c2e54e0c1444ad3bae7cfec8dd0c746,source_0732
512.0,0.86,15.0,0.9969223340352376,5edb35015a05ff719a0fe0eaa5f1d7d489afde1141074927ce0daa96999bd6a2,source_0732
512.0,0.86,16.0,0.9968433380126952,0cb4f3e1cef02ee03a1372f86c44650320a4fc62e2d76e5bf780ead948668ba1,source_0732
512.0,0.88,1.0,0.996989091237386,5d76efe7fb0cbd3a0dd93bf932f81d8a3ec9d590794097e8cb98a9a590592ba1,source_0732
512.0,0.88,2.0,0.9971505800882976,3a129d2be92682c47ac6d6e1591591105ee6d22949548d9905d7e537902c949e,source_0732
512.0,0.88,3.0,0.9971988995869956,78ca39ba54a3211271af1fee5366e1e82fc4a787291869e6aa4d4a126857cc8e,source_0732
512.0,0.88,4.0,0.9971334139506022,f1b8272ac82f5f570fc9b20b8a3d4cc44f1714fdae754c7628f3eddd7db97f87,source_0732
512.0,0.88,5.0,0.9972159067789712,d3eb2f0d0d50d8d0d0ee4eda91efb067d1c9fa29479f6332ba61fa3766efaeb4,source_0732
512.0,0.88,6.0,0.9972747166951498,32a55fde42877af6096e913e6f9032a7440b4d219e6160f29920cf58e32fd548,source_0732
512.0,0.88,7.0,0.997100830078125,8c721674ca50c7a3adac1332892ad37b8bcabd8174f22bfc84f9e8e39c5da2c6,source_0732
512.0,0.88,8.0,0.9972081184387208,61570f8186fbfbea21cad7282992b8b52e044adb51d4ea1cc7a79a377b44e265,source_0732
512.0,0.88,9.0,0.9970636367797852,c29c0c7c10c28a43c12e34ab0c811e928892486e0a1170c02ec923ebebce0af1,source_0732
512.0,0.88,10.0,0.9972176551818848,17a815b9c673e72459b8bee3f21b4a9293e19dc30c4984337da729793df97068,source_0732
512.0,0.88,11.0,0.9972475369771322,74344da75edc5be439877a3f8f8b44f7b1f8e314fb7c900432ef06e253ead407,source_0732
512.0,0.88,12.0,0.9971659978230796,b55dc9519a875e3e14bbac030cf44b10fe6cb5210f89b7c801c3c965c86e1a84,source_0732
512.0,0.88,13.0,0.9972354571024576,f8afa69ebc5949091935e5efdec271b8b91ca3679c5d792aebcfeb73b81c2360,source_0732
512.0,0.88,14.0,0.9970922470092772,583beafe8e30e486ce0ed5937f88fdc66df7dd018865aa06a66254291c46d560,source_0732
512.0,0.88,15.0,0.9973015785217284,8693a34313cf62bdff13a9b2e34e33f4ec1ceb83eb777c3cf5517e1682c06c24,source_0732
512.0,0.88,16.0,0.9972389539082844,3c030641cc98f3b56598a2f7a161ee23c37e74d512c76498a3f7ad33c9d8cb25,source_0732
512.0,0.9,1.0,0.997321923573812,9434e32f04799aace07e5a78dc1022237d2a32a2d590bb5c2107a8395effdc54,source_0732
512.0,0.9,2.0,0.9972928365071616,fb38d640e1b0b8738132fe3a0c297d27f0015805d9d93f046a5e03c2fdc30c2b,source_0732
512.0,0.9,3.0,0.9972074826558432,f832f5fefe64f5e1ddfdf82e68b03ee6da995cfafd3ee02d1f4503b2b8661af8,source_0732
512.0,0.9,4.0,0.9973368644714355,f09a64ff8149a2569f28b9ed7734e09ab8246193faddf0b5d115682655e536d3,source_0732
512.0,0.9,5.0,0.9973998069763184,d74f399674b76393f974b02f5a256bf9d323a6232fa1860b044a78143034feb2,source_0732
512.0,0.9,6.0,0.9973406791687012,b9f09c871e932a56a4f8d332d105bfde0ba489ee5e02b9aa9964a51c0cb2e8a4,source_0732
512.0,0.9,7.0,0.9973711967468262,fedf1e2720b2a3a4203f10d25d5b59beb2076311c75d022224aef7ca8e7a2e78,source_0732
512.0,0.9,8.0,0.9973368644714355,66ca07c77f9351c77d7a0b9ab40f8c58c1bace71d074bd19a24ee768082c9214,source_0732
512.0,0.9,9.0,0.9973211288452148,ab7873f6c0f3087cb373b58706aa5c5c74d0fb12f36578726eeaedd47154ab6f,source_0732
512.0,0.9,10.0,0.9972626368204752,7bf8d4544377b33367122e36557a9f28ec9d20ea6a873b2a83ed796e0b293e5c,source_0732
512.0,0.9,11.0,0.9974056879679362,201e8de38be4eb16df2e9afc05a630a4f82ac67af7e468295dd98df85331b6d2,source_0732
512.0,0.9,12.0,0.9973003069559732,04a230041acd470f54f292346aa3697bd3115474ea83fafcb91b2f09ddb0a78d,source_0732
512.0,0.9,13.0,0.9973115921020508,330dfd23126a468447e9fafc6691ebd0e0a1f94e8ca7bd5369fc4b593646d1b9,source_0732
512.0,0.9,14.0,0.9974098205566406,7fb24256c4d7db1471a3a9f7a029a005af508ed1caf0395290922ba9b762e9aa,source_0732
