distribution,correlation_family,control_name,direction,q,sigma,L,ell_x,ell_y,control,n,S_median,S_Q1,S_Q3,S_min,S_max,S_variance
gaussian,ANISO_X,alpha,-1.0,7.0,24.0,64.0,12.0,2.0,0.03647242,24,0.959320068359375,0.789354960123698,0.9783655802408854,0.4020589192708333,0.98687744140625,0.0325061149425405
gaussian,ANISO_X,alpha,-1.0,7.0,24.0,64.0,12.0,2.0,0.0613102,24,0.9534912109375,0.620836893717448,0.9704259236653644,0.3740234375,0.9805094401041666,0.0466264563516283
gaussian,ANISO_X,alpha,-1.0,7.0,24.0,64.0,12.0,2.0,0.06640625,48,0.959752400716146,0.6213175455729166,0.9767252604166666,0.3295084635416667,0.9835611979166666,0.0482555769561511
gaussian,ANISO_X,alpha,-1.0,7.0,24.0,64.0,12.0,2.0,0.06738281,48,0.9597218831380208,0.6218363444010416,0.9767837524414062,0.3295694986979167,0.9835611979166666,0.0482389164337293
gaussian,ANISO_X,alpha,-1.0,7.0,24.0,64.0,12.0,2.0,0.06835938,48,0.9635467529296876,0.6012064615885416,0.978345235188802,0.29364013671875,0.9834493001302084,0.0555494816231095
gaussian,ANISO_X,alpha,-1.0,7.0,24.0,64.0,12.0,2.0,0.0859375,48,0.7762959798177083,0.5361760457356771,0.9735997517903644,0.3418375651041667,0.984771728515625,0.0506372953440984
gaussian,ANISO_X,alpha,-1.0,7.0,24.0,64.0,12.0,2.0,0.08614797,48,0.762359619140625,0.5361785888671875,0.9707794189453124,0.3418375651041667,0.9847819010416666,0.0501859004367465
gaussian,ANISO_X,alpha,-1.0,7.0,24.0,64.0,12.0,2.0,0.08691406,48,0.7621968587239583,0.5361404418945312,0.9707794189453124,0.2768452962239583,0.9847819010416666,0.0513857959104016
gaussian,ANISO_X,alpha,-1.0,7.0,24.0,64.0,12.0,2.0,0.11098575,24,0.7110493977864583,0.5185750325520834,0.9633992513020834,0.36102294921875,0.9815673828125,0.0520150958859975
gaussian,ANISO_X,alpha,-1.0,7.0,24.0,64.0,12.0,2.0,0.125,24,0.6774648030598959,0.519055684407552,0.9531656901041666,0.2795918782552083,0.9834187825520834,0.0535123903340331
gaussian,ANISO_X,alpha,-1.0,7.0,24.0,64.0,12.0,2.0,0.13582352,24,0.5454966227213542,0.43475341796875,0.9171091715494792,0.3748372395833333,0.98175048828125,0.0552597177805807
gaussian,ANISO_X,alpha,-1.0,7.0,24.0,64.0,12.0,2.0,0.14746094,48,0.6767323811848958,0.5190684000651041,0.8804779052734375,0.32025146484375,0.9817708333333334,0.044922451750631
gaussian,ANISO_X,alpha,-1.0,7.0,24.0,64.0,12.0,2.0,0.14824241,48,0.6766815185546875,0.5190277099609375,0.8805185953776041,0.3202412923177083,0.9817606608072916,0.0449864340441428
gaussian,ANISO_X,alpha,-1.0,7.0,24.0,64.0,12.0,2.0,0.1484375,48,0.7019144694010416,0.519012451171875,0.8895772298177084,0.32025146484375,0.9833170572916666,0.0467723391675283
gaussian,ANISO_X,alpha,-1.0,7.0,24.0,64.0,12.0,2.0,0.1606613,24,0.6872456868489584,0.4953028361002604,0.7879842122395834,0.300994873046875,0.9814656575520834,0.0432231452512133
gaussian,ANISO_X,alpha,-1.0,7.0,24.0,64.0,12.0,2.0,0.16210938,48,0.6140848795572917,0.4981053670247396,0.8477503458658854,0.299285888671875,0.9837239583333334,0.0476036796915448
gaussian,ANISO_X,alpha,-1.0,7.0,24.0,64.0,12.0,2.0,0.16308594,48,0.6521402994791666,0.4980926513671875,0.8477528889973959,0.2991841634114583,0.983734130859375,0.0488144609958525
gaussian,ANISO_X,alpha,-1.0,7.0,24.0,64.0,12.0,2.0,0.1640625,48,0.6033681233723958,0.4612579345703125,0.84771728515625,0.29913330078125,0.9837137858072916,0.0522072801389933
gaussian,ANISO_X,alpha,-1.0,7.0,24.0,64.0,12.0,2.0,0.18549907,24,0.5769246419270833,0.4331461588541667,0.7448705037434896,0.24053955078125,0.9579569498697916,0.0441448458134093
gaussian,ANISO_X,alpha,-1.0,7.0,24.0,64.0,12.0,2.0,0.21033685,24,0.5093841552734375,0.4171193440755208,0.6902389526367188,0.2283833821614583,0.9200032552083334,0.0429507301932488
gaussian,ANISO_X,alpha,-1.0,7.0,24.0,64.0,12.0,2.0,0.23517463,24,0.45147705078125,0.3584569295247396,0.6203257242838542,0.225006103515625,0.9800618489583334,0.0511206266809188
gaussian,ANISO_X,alpha,-1.0,7.0,24.0,64.0,12.0,2.0,0.23535156,48,0.4521891276041667,0.3379364013671875,0.5897623697916667,0.2099812825520833,0.9800516764322916,0.0437070282272553
gaussian,ANISO_X,alpha,-1.0,7.0,24.0,64.0,12.0,2.0,0.23632812,48,0.4522196451822916,0.3379643758138021,0.5828221638997396,0.210052490234375,0.9785257975260416,0.0437286033581683
gaussian,ANISO_X,alpha,-1.0,7.0,24.0,64.0,12.0,2.0,0.23730469,48,0.4531148274739583,0.3491668701171875,0.5828221638997396,0.210052490234375,0.9798583984375,0.0428087028745511
gaussian,ANISO_X,alpha,-1.0,7.0,24.0,64.0,12.0,2.0,0.25,24,0.3581695556640625,0.2836151123046875,0.5809326171875,0.188629150390625,0.9805196126302084,0.0478860970381077
gaussian,ANISO_X,alpha,-1.0,7.0,24.0,64.0,12.0,2.0,0.2600124,24,0.362945556640625,0.2925491333007812,0.524487813313802,0.178253173828125,0.9795939127604166,0.0449820585127457
gaussian,ANISO_X,alpha,-1.0,7.0,24.0,64.0,12.0,2.0,0.28485018,24,0.3538258870442708,0.3086446126302083,0.4582239786783854,0.191162109375,0.7235921223958334,0.0218391569808197
gaussian,ANISO_X,alpha,-1.0,7.0,24.0,64.0,12.0,2.0,0.30968795,24,0.2742207845052083,0.2553126017252604,0.3976491292317708,0.1432902018229166,0.573394775390625,0.0137647445247645
gaussian,ANISO_X,alpha,-1.0,7.0,24.0,64.0,12.0,2.0,0.33452573,24,0.23089599609375,0.1556421915690103,0.3030726114908854,0.097412109375,0.7288004557291666,0.0206092990778878
gaussian,ANISO_X,alpha,-1.0,7.0,24.0,64.0,12.0,2.0,0.3593635,24,0.1945393880208333,0.1434961954752604,0.2708384195963541,0.0991414388020833,0.7268880208333334,0.0223134308326059
gaussian,ANISO_X,alpha,-1.0,7.0,24.0,64.0,12.0,2.0,0.36816406,48,0.1629740397135416,0.1314697265625,0.2394256591796875,0.0557861328125,0.7265828450520834,0.014993352694369
gaussian,ANISO_X,alpha,-1.0,7.0,24.0,64.0,12.0,2.0,0.36914062,48,0.1557668050130208,0.1258290608723958,0.2178955078124999,0.0557454427083333,0.7265726725260416,0.0160008582228833
gaussian,ANISO_X,alpha,-1.0,7.0,24.0,64.0,12.0,2.0,0.37011719,48,0.1590830485026041,0.1235020955403645,0.2393798828124999,0.05572509765625,0.726531982421875,0.0166335831270325
gaussian,ANISO_X,alpha,-1.0,7.0,24.0,64.0,12.0,2.0,0.375,24,0.1630299886067708,0.1306203206380208,0.2006149291992187,0.097686767578125,0.2878926595052083,0.0024751475252939
gaussian,ANISO_X,alpha,-1.0,7.0,24.0,64.0,12.0,2.0,0.38420128,24,0.1515858968098958,0.1188888549804687,0.1944605509440103,0.05364990234375,0.3184712727864583,0.0041504733252448
gaussian,ANISO_X,alpha,-1.0,7.0,24.0,64.0,12.0,2.0,0.40903905,24,0.1630299886067708,0.1098581949869791,0.20111083984375,0.0473734537760416,0.2849833170572917,0.0045939551181971
gaussian,ANISO_X,alpha,-1.0,7.0,24.0,64.0,12.0,2.0,0.5,24,0.0725657145182291,0.0484797159830728,0.0881347656249999,0.0227559407552083,0.275848388671875,0.0027304797456937
gaussian,ANISO_X,alpha,-1.0,7.0,24.0,64.0,12.0,2.0,0.625,24,0.0396067301432291,0.0188852945963541,0.056714375813802,0.0104777018229166,0.2230631510416666,0.0019314705396832
gaussian,ANISO_X,alpha,-1.0,7.0,24.0,64.0,12.0,2.0,0.75,24,0.0086110432942708,0.006116231282552,0.0196075439453124,0.0024007161458333,0.23394775390625,0.0021397123327358
gaussian,ANISO_X,alpha,-1.0,7.0,24.0,64.0,12.0,2.0,0.875,24,0.0030822753906249,0.0019073486328125,0.0039240519205728,0.0012003580729166,0.0088094075520833,2.9277120568398167e-06
gaussian,ANISO_X,alpha,-1.0,7.0,24.0,64.0,12.0,2.0,1.0,24,0.0004679361979166,0.0003560384114583,0.0005722045898436,9.1552734375e-05,0.0008443196614583,3.350043036463687e-08
gaussian,ANISO_X,alpha,-1.0,7.0,24.0,128.0,12.0,2.0,0.03647242,16,0.9872233072916669,0.9846630096435548,0.9890912373860676,0.6622161865234375,0.9916585286458334,0.0066044296542208
gaussian,ANISO_X,alpha,-1.0,7.0,24.0,128.0,12.0,2.0,0.0613102,16,0.987054189046224,0.98463503519694,0.9888235727945964,0.7155507405598959,0.9916152954101562,0.0045969883553442
gaussian,ANISO_X,alpha,-1.0,7.0,24.0,128.0,12.0,2.0,0.08614797,16,0.985516866048177,0.9443651835123698,0.9870993296305338,0.6245066324869791,0.9919230143229166,0.0165785034941681
gaussian,ANISO_X,alpha,-1.0,7.0,24.0,128.0,12.0,2.0,0.11098575,16,0.9846102396647136,0.7848046620686849,0.9881916046142578,0.6167043050130209,0.9918416341145834,0.0186662323899832
gaussian,ANISO_X,alpha,-1.0,7.0,24.0,128.0,12.0,2.0,0.13582352,16,0.9865061442057292,0.9809621175130208,0.9887472788492838,0.6623916625976562,0.9918848673502604,0.0091938501327402
gaussian,ANISO_X,alpha,-1.0,7.0,24.0,128.0,12.0,2.0,0.1606613,16,0.9859186808268228,0.9763463338216146,0.9883206685384116,0.6627655029296875,0.9913533528645834,0.0064685745560348
gaussian,ANISO_X,alpha,-1.0,7.0,24.0,128.0,12.0,2.0,0.18549907,16,0.9788131713867188,0.9683723449707032,0.9865487416585288,0.6533737182617188,0.9902267456054688,0.0101186308772378
gaussian,ANISO_X,alpha,-1.0,7.0,24.0,128.0,12.0,2.0,0.18652344,32,0.9780324300130208,0.7206948598225912,0.9867528279622396,0.4477132161458333,0.9903106689453124,0.0368567064095872
gaussian,ANISO_X,alpha,-1.0,7.0,24.0,128.0,12.0,2.0,0.1875,32,0.9723345438639324,0.6580085754394531,0.9863694508870444,0.447644551595052,0.9902165730794272,0.0384822479057132
gaussian,ANISO_X,alpha,-1.0,7.0,24.0,128.0,12.0,2.0,0.18847656,32,0.969556172688802,0.6579990386962891,0.9860846201578776,0.447723388671875,0.9901529947916666,0.0384390626721103
gaussian,ANISO_X,alpha,-1.0,7.0,24.0,128.0,12.0,2.0,0.21033685,16,0.9161415100097656,0.7243938446044922,0.9861335754394532,0.41357421875,0.9898885091145834,0.0340399418974778
gaussian,ANISO_X,alpha,-1.0,7.0,24.0,128.0,12.0,2.0,0.2109375,32,0.7616628011067708,0.6197230021158854,0.978308359781901,0.3007914225260417,0.9898707071940104,0.0467138004082454
gaussian,ANISO_X,alpha,-1.0,7.0,24.0,128.0,12.0,2.0,0.21191406,32,0.7647806803385416,0.6141262054443359,0.9783058166503906,0.27996826171875,0.9898630777994792,0.0542833911330682
gaussian,ANISO_X,alpha,-1.0,7.0,24.0,128.0,12.0,2.0,0.21289062,32,0.7647743225097656,0.6428241729736328,0.978314717610677,0.2798868815104167,0.9899953206380208,0.0508155537204386
gaussian,ANISO_X,alpha,-1.0,7.0,24.0,128.0,12.0,2.0,0.21386719,32,0.7943687438964844,0.6684315999348959,0.981531778971354,0.2798817952473958,0.9899978637695312,0.048966670905742
gaussian,ANISO_X,alpha,-1.0,7.0,24.0,128.0,12.0,2.0,0.21484375,32,0.8026873270670574,0.6781851450602213,0.9841035207112632,0.3008295694986979,0.9900004069010416,0.0429160220604423
gaussian,ANISO_X,alpha,-1.0,7.0,24.0,128.0,12.0,2.0,0.21582031,32,0.8025436401367188,0.6781228383382162,0.9842923482259116,0.3008270263671875,0.9900080362955728,0.0429499163932776
gaussian,ANISO_X,alpha,-1.0,7.0,24.0,128.0,12.0,2.0,0.23517463,16,0.6185671488444011,0.4058068593343098,0.9011891682942708,0.2590535481770833,0.984143575032552,0.0721272266413844
gaussian,ANISO_X,alpha,-1.0,7.0,24.0,128.0,12.0,2.0,0.2600124,16,0.5837974548339844,0.4275379180908203,0.966702143351237,0.2514851888020833,0.984057108561198,0.072635921963498
gaussian,ANISO_X,alpha,-1.0,7.0,24.0,128.0,12.0,2.0,0.265625,32,0.4835052490234374,0.349377950032552,0.5817165374755859,0.1692759195963541,0.9845148722330728,0.0490519648276314
gaussian,ANISO_X,alpha,-1.0,7.0,24.0,128.0,12.0,2.0,0.26660156,32,0.4559148152669271,0.3565877278645833,0.5758539835611979,0.1692784627278646,0.9845199584960938,0.0471422427953938
gaussian,ANISO_X,alpha,-1.0,7.0,24.0,128.0,12.0,2.0,0.26757812,32,0.4552828470865885,0.3535105387369792,0.582299550374349,0.1692860921223958,0.9845148722330728,0.0485481654911209
gaussian,ANISO_X,alpha,-1.0,7.0,24.0,128.0,12.0,2.0,0.27050781,32,0.4301617940266926,0.3629652659098307,0.582135518391927,0.1689987182617187,0.9843724568684896,0.0407425417019386
gaussian,ANISO_X,alpha,-1.0,7.0,24.0,128.0,12.0,2.0,0.27148438,32,0.4264437357584635,0.3494949340820312,0.5821259816487631,0.1690139770507812,0.9842936197916666,0.0414895732903923
gaussian,ANISO_X,alpha,-1.0,7.0,24.0,128.0,12.0,2.0,0.27243129,32,0.4264322916666666,0.3495388031005859,0.5821202596028646,0.1690114339192708,0.9842859903971354,0.047485314450937
gaussian,ANISO_X,alpha,-1.0,7.0,24.0,128.0,12.0,2.0,0.27832031,32,0.3855756123860677,0.3270765940348307,0.4959799448649088,0.1675389607747396,0.9842809041341146,0.0485989725375573
gaussian,ANISO_X,alpha,-1.0,7.0,24.0,128.0,12.0,2.0,0.27929688,32,0.3838424682617187,0.3250630696614583,0.4801521301269531,0.1675643920898437,0.9842732747395834,0.0437688081249666
gaussian,ANISO_X,alpha,-1.0,7.0,24.0,128.0,12.0,2.0,0.28027344,32,0.3838246663411458,0.325146993001302,0.4801368713378906,0.1675262451171875,0.9842707316080728,0.0437617261829528
gaussian,ANISO_X,alpha,-1.0,7.0,24.0,128.0,12.0,2.0,0.28485018,16,0.390881856282552,0.3188215891520182,0.5203399658203125,0.2139383951822916,0.977020263671875,0.0516147975921975
gaussian,ANISO_X,alpha,-1.0,7.0,24.0,128.0,12.0,2.0,0.30968795,16,0.3393529256184896,0.211367925008138,0.4853210449218749,0.1673736572265625,0.9752985636393228,0.0556818861257515
gaussian,ANISO_X,alpha,-1.0,7.0,24.0,128.0,12.0,2.0,0.33452573,16,0.2413482666015625,0.1675643920898437,0.3521995544433594,0.094757080078125,0.8134740193684896,0.041661612373449
gaussian,ANISO_X,alpha,-1.0,7.0,24.0,128.0,12.0,2.0,0.3593635,16,0.2069282531738281,0.1526641845703125,0.2667814890543619,0.0741551717122395,0.8526560465494791,0.038250778361921
gaussian,ANISO_X,alpha,-1.0,7.0,24.0,128.0,12.0,2.0,0.38420128,16,0.1853752136230468,0.1347096761067707,0.2359555562337239,0.0881729125976562,0.5710652669270834,0.0150122002079485
gaussian,ANISO_X,alpha,-1.0,7.0,24.0,128.0,12.0,2.0,0.38671875,32,0.1419830322265625,0.1068293253580728,0.2020009358723958,0.0682118733723958,0.5709991455078125,0.0100246774690468
gaussian,ANISO_X,alpha,-1.0,7.0,24.0,128.0,12.0,2.0,0.38769531,32,0.1414171854654947,0.106817881266276,0.2019901275634765,0.0682169596354166,0.3906097412109375,0.0064161092234379
gaussian,ANISO_X,alpha,-1.0,7.0,24.0,128.0,12.0,2.0,0.38867188,32,0.1413892110188802,0.1068127950032552,0.1998202006022134,0.0527140299479166,0.3902765909830729,0.0065379528729918
gaussian,ANISO_X,alpha,-1.0,7.0,24.0,128.0,12.0,2.0,0.40903905,16,0.1692695617675781,0.0980250040690104,0.1935615539550781,0.0414021809895833,0.2600377400716145,0.0047178917573075
gaussian,ANISO_Y,alpha,-1.0,7.0,24.0,64.0,2.0,12.0,0.0,24,0.8018290201822916,0.6436386108398438,0.9679946899414062,0.490020751953125,0.9873555501302084,0.0321260046439947
gaussian,ANISO_Y,alpha,-1.0,7.0,24.0,64.0,2.0,12.0,0.03492467,24,0.8603312174479167,0.5264612833658854,0.9713338216145834,0.3202107747395833,0.981903076171875,0.0539286885912576
gaussian,ANISO_Y,alpha,-1.0,7.0,24.0,64.0,2.0,12.0,0.05852019,24,0.9563395182291669,0.6143747965494791,0.9760208129882812,0.3223164876302083,0.9869486490885416,0.0528087855313699
gaussian,ANISO_Y,alpha,-1.0,7.0,24.0,64.0,2.0,12.0,0.0821157,24,0.9629313151041669,0.7932484944661459,0.975499471028646,0.5593770345052084,0.9850056966145834,0.0209930614709266
gaussian,ANISO_Y,alpha,-1.0,7.0,24.0,64.0,2.0,12.0,0.10571121,24,0.9214884440104169,0.6521377563476562,0.973131815592448,0.4094746907552083,0.9849650065104166,0.0406524021254969
gaussian,ANISO_Y,alpha,-1.0,7.0,24.0,64.0,2.0,12.0,0.10644531,48,0.8750966389973959,0.6067555745442709,0.9731369018554688,0.3572794596354167,0.9849751790364584,0.0410242419634117
gaussian,ANISO_Y,alpha,-1.0,7.0,24.0,64.0,2.0,12.0,0.10742188,48,0.8750712076822917,0.593994140625,0.97314453125,0.3572794596354167,0.9849853515625,0.0424639595322691
gaussian,ANISO_Y,alpha,-1.0,7.0,24.0,64.0,2.0,12.0,0.10839844,48,0.8680013020833333,0.5804443359375,0.9730072021484376,0.3568929036458333,0.9849650065104166,0.0438603979758874
gaussian,ANISO_Y,alpha,-1.0,7.0,24.0,64.0,2.0,12.0,0.109375,48,0.86798095703125,0.58056640625,0.9730021158854166,0.3573710123697917,0.9849853515625,0.043851606409079
gaussian,ANISO_Y,alpha,-1.0,7.0,24.0,64.0,2.0,12.0,0.11035156,48,0.9009195963541669,0.589708964029948,0.9729563395182292,0.35198974609375,0.9849446614583334,0.0430590419367618
gaussian,ANISO_Y,alpha,-1.0,7.0,24.0,64.0,2.0,12.0,0.11132812,48,0.9009450276692708,0.5896962483723959,0.971204121907552,0.3573710123697917,0.9848836263020834,0.0425621779188143
gaussian,ANISO_Y,alpha,-1.0,7.0,24.0,64.0,2.0,12.0,0.125,24,0.7029622395833333,0.5136057535807292,0.9558868408203124,0.3907063802083333,0.9774373372395834,0.0464202050065648
gaussian,ANISO_Y,alpha,-1.0,7.0,24.0,64.0,2.0,12.0,0.12930673,24,0.6195729573567708,0.511322021484375,0.9523391723632812,0.3625691731770833,0.9774373372395834,0.045780960391703
gaussian,ANISO_Y,alpha,-1.0,7.0,24.0,64.0,2.0,12.0,0.15290224,24,0.6072184244791667,0.5054829915364583,0.9386240641276042,0.3573404947916667,0.9792989095052084,0.0471767573038134
gaussian,ANISO_Y,alpha,-1.0,7.0,24.0,64.0,2.0,12.0,0.15820312,48,0.5904388427734375,0.5041885375976562,0.8592885335286459,0.3431905110677083,0.9792378743489584,0.0399763504500718
gaussian,ANISO_Y,alpha,-1.0,7.0,24.0,64.0,2.0,12.0,0.15917969,48,0.5772501627604166,0.4813130696614583,0.8692042032877604,0.3431905110677083,0.9791361490885416,0.0436274869791951
gaussian,ANISO_Y,alpha,-1.0,7.0,24.0,64.0,2.0,12.0,0.16015625,48,0.5719248453776041,0.4653498331705729,0.8975550333658854,0.3429158528645833,0.9791259765625,0.0478867924811374
gaussian,ANISO_Y,alpha,-1.0,7.0,24.0,64.0,2.0,12.0,0.16503906,48,0.5699310302734375,0.4729588826497395,0.8824539184570312,0.2377522786458333,0.9803263346354166,0.0506281422919368
gaussian,ANISO_Y,alpha,-1.0,7.0,24.0,64.0,2.0,12.0,0.16601562,48,0.5718790690104166,0.4856414794921875,0.8824488321940104,0.23773193359375,0.9803263346354166,0.0523490055160647
gaussian,ANISO_Y,alpha,-1.0,7.0,24.0,64.0,2.0,12.0,0.16699219,48,0.571990966796875,0.4855829874674479,0.8238296508789062,0.237640380859375,0.9803365071614584,0.0484885582648998
gaussian,ANISO_Y,alpha,-1.0,7.0,24.0,64.0,2.0,12.0,0.17649776,24,0.5050404866536458,0.4061965942382812,0.585205078125,0.2567647298177083,0.9763692220052084,0.044788758459219
gaussian,ANISO_Y,alpha,-1.0,7.0,24.0,64.0,2.0,12.0,0.20009327,24,0.5055440266927083,0.4033177693684896,0.6483535766601562,0.1983540852864583,0.954315185546875,0.0453212145744446
gaussian,ANISO_Y,alpha,-1.0,7.0,24.0,64.0,2.0,12.0,0.20996094,48,0.4893798828125,0.3777491251627604,0.601824442545573,0.1605326334635416,0.96905517578125,0.0304426108288338
gaussian,ANISO_Y,alpha,-1.0,7.0,24.0,64.0,2.0,12.0,0.2109375,48,0.4764963785807291,0.3777262369791667,0.5883127848307291,0.1605326334635416,0.9669291178385416,0.0261255414850813
gaussian,ANISO_Y,alpha,-1.0,7.0,24.0,64.0,2.0,12.0,0.21189103,48,0.4621836344401042,0.3750534057617187,0.601788838704427,0.1605428059895833,0.9669189453125,0.0273658406410301
gaussian,ANISO_Y,alpha,-1.0,7.0,24.0,64.0,2.0,12.0,0.22368878,24,0.41845703125,0.3218587239583333,0.5034535725911459,0.2886454264322917,0.8969217936197916,0.0274397005805454
gaussian,ANISO_Y,alpha,-1.0,7.0,24.0,64.0,2.0,12.0,0.2472843,24,0.3921457926432291,0.3096084594726562,0.5674209594726562,0.24267578125,0.8505045572916666,0.0309786804638287
gaussian,ANISO_Y,alpha,-1.0,7.0,24.0,64.0,2.0,12.0,0.25,24,0.3533681233723958,0.3041788736979166,0.4627329508463542,0.2000223795572916,0.849517822265625,0.0249783537784012
gaussian,ANISO_Y,alpha,-1.0,7.0,24.0,64.0,2.0,12.0,0.27087981,24,0.3104502360026041,0.2448577880859375,0.3991292317708333,0.1610209147135416,0.6126302083333334,0.016254419393218
gaussian,ANISO_Y,alpha,-1.0,7.0,24.0,64.0,2.0,12.0,0.29447532,24,0.2504018147786458,0.2092183430989582,0.3366902669270833,0.1338907877604166,0.6058451334635416,0.012143263921566
gaussian,ANISO_Y,alpha,-1.0,7.0,24.0,64.0,2.0,12.0,0.31807084,24,0.1783498128255208,0.1339416503906249,0.3002421061197917,0.0861612955729166,0.441650390625,0.01200583463309
gaussian,ANISO_Y,alpha,-1.0,7.0,24.0,64.0,2.0,12.0,0.32617188,48,0.1915537516276041,0.1294174194335937,0.2656148274739583,0.0696614583333333,0.4393513997395833,0.0088702388844615
gaussian,ANISO_Y,alpha,-1.0,7.0,24.0,64.0,2.0,12.0,0.32714844,48,0.1882171630859374,0.1294174194335937,0.2640813191731771,0.06964111328125,0.4407857259114583,0.0090937741027673
gaussian,ANISO_Y,alpha,-1.0,7.0,24.0,64.0,2.0,12.0,0.328125,48,0.1815948486328124,0.1181360880533854,0.2640482584635417,0.069610595703125,0.4712117513020833,0.0108077522106978
gaussian,ANISO_Y,alpha,-1.0,7.0,24.0,64.0,2.0,12.0,0.34166635,24,0.1428476969401041,0.1097462972005208,0.2158279418945312,0.07275390625,0.3837687174479167,0.0061141036641326
gaussian,ANISO_Y,alpha,-1.0,7.0,24.0,64.0,2.0,12.0,0.36526186,24,0.1171213785807291,0.083813985188802,0.1821823120117187,0.0503336588541666,0.3383280436197917,0.0054796272003948
gaussian,ANISO_Y,alpha,-1.0,7.0,24.0,64.0,2.0,12.0,0.375,24,0.0998331705729166,0.0670750935872395,0.1674830118815103,0.0391743977864583,0.2359822591145833,0.0033067468245965
gaussian,ANISO_Y,alpha,-1.0,7.0,24.0,64.0,2.0,12.0,0.38885738,24,0.0902811686197916,0.0732676188151041,0.1193745930989583,0.058624267578125,0.27069091796875,0.003031079235956
gaussian,ANISO_Y,alpha,-1.0,7.0,24.0,64.0,2.0,12.0,0.5,24,0.035675048828125,0.0215530395507812,0.0456085205078124,0.0154825846354166,0.206939697265625,0.0016344282476174
gaussian,ANISO_Y,alpha,-1.0,7.0,24.0,64.0,2.0,12.0,0.625,24,0.0147603352864583,0.0103454589843749,0.0223159790039061,0.0057169596354166,0.0347696940104166,5.429229982521212e-05
gaussian,ANISO_Y,alpha,-1.0,7.0,24.0,64.0,2.0,12.0,0.75,24,0.0063781738281249,0.0048268636067708,0.0082804361979166,0.00189208984375,0.0108846028645833,6.234106658725384e-06
gaussian,ANISO_Y,alpha,-1.0,7.0,24.0,64.0,2.0,12.0,0.875,24,0.0020650227864583,0.0016276041666666,0.0026448567708333,0.0010172526041666,0.0038045247395833,4.669472923121581e-07
gaussian,ANISO_Y,alpha,-1.0,7.0,24.0,64.0,2.0,12.0,1.0,24,0.0005594889322916,0.00048828125,0.0006688435872395,0.0003560384114583,0.0007527669270833,1.3119313152034113e-08
gaussian,ANISO_Y,alpha,-1.0,7.0,24.0,128.0,2.0,12.0,0.03492467,16,0.9853986104329426,0.9831873575846354,0.9890632629394532,0.6362864176432291,0.990491231282552,0.0141397035464857
gaussian,ANISO_Y,alpha,-1.0,7.0,24.0,128.0,2.0,12.0,0.05852019,16,0.9854621887207032,0.9808909098307292,0.988836924235026,0.6894632975260416,0.9905980428059896,0.0074921970386909
gaussian,ANISO_Y,alpha,-1.0,7.0,24.0,128.0,2.0,12.0,0.0821157,16,0.98455810546875,0.973279317220052,0.9885457356770831,0.4892578125,0.9905827840169272,0.0277249415240172
gaussian,ANISO_Y,alpha,-1.0,7.0,24.0,128.0,2.0,12.0,0.08398438,32,0.9855333964029948,0.9803822835286458,0.9882602691650392,0.4892171223958333,0.990674336751302,0.0215974177937373
gaussian,ANISO_Y,alpha,-1.0,7.0,24.0,128.0,2.0,12.0,0.08496094,32,0.9855613708496094,0.9771900177001952,0.987857182820638,0.4896443684895833,0.9906667073567708,0.0215519242735344
gaussian,ANISO_Y,alpha,-1.0,7.0,24.0,128.0,2.0,12.0,0.0859375,32,0.985479990641276,0.9808069864908856,0.987860361735026,0.4888941446940104,0.99066162109375,0.0175205275883535
gaussian,ANISO_Y,alpha,-1.0,7.0,24.0,128.0,2.0,12.0,0.10571121,16,0.982452392578125,0.7710208892822266,0.9878794352213542,0.4890772501627604,0.9905624389648438,0.0312551538666917
gaussian,ANISO_Y,alpha,-1.0,7.0,24.0,128.0,2.0,12.0,0.12930673,16,0.9748738606770831,0.7001126607259115,0.9822171529134114,0.5245285034179688,0.9902547200520834,0.0312638386378778
gaussian,ANISO_Y,alpha,-1.0,7.0,24.0,128.0,2.0,12.0,0.15290224,32,0.8596763610839844,0.6919593811035156,0.9807345072428386,0.5031585693359375,0.989293416341146,0.0272660394254727
gaussian,ANISO_Y,alpha,-1.0,7.0,24.0,128.0,2.0,12.0,0.15332031,32,0.901592254638672,0.6861953735351562,0.9839102427164712,0.3700968424479167,0.989288330078125,0.0342067447768206
gaussian,ANISO_Y,alpha,-1.0,7.0,24.0,128.0,2.0,12.0,0.15429688,32,0.9550412495930988,0.733289082845052,0.9846954345703124,0.3701070149739583,0.989344278971354,0.0354730400022977
gaussian,ANISO_Y,alpha,-1.0,7.0,24.0,128.0,2.0,12.0,0.16992188,32,0.9721565246582032,0.7607955932617188,0.9829724629720052,0.3615036010742187,0.988072713216146,0.0368817627725525
gaussian,ANISO_Y,alpha,-1.0,7.0,24.0,128.0,2.0,12.0,0.17089844,32,0.957012176513672,0.6934585571289062,0.9829883575439454,0.3699417114257812,0.9880803426106772,0.0390082285216864
gaussian,ANISO_Y,alpha,-1.0,7.0,24.0,128.0,2.0,12.0,0.171875,32,0.9570274353027344,0.6934782663981119,0.982961654663086,0.3695398966471354,0.9880905151367188,0.0435476148783458
gaussian,ANISO_Y,alpha,-1.0,7.0,24.0,128.0,2.0,12.0,0.17649776,16,0.8229293823242188,0.6930611928304036,0.9796746571858724,0.295178731282552,0.9899800618489584,0.0464565043277279
gaussian,ANISO_Y,alpha,-1.0,7.0,24.0,128.0,2.0,12.0,0.20009327,16,0.7714436848958333,0.5646661122639974,0.9532241821289062,0.375623067220052,0.9883499145507812,0.0451148567328615
gaussian,ANISO_Y,alpha,-1.0,7.0,24.0,128.0,2.0,12.0,0.20800781,32,0.6490147908528645,0.5462684631347656,0.8222579956054688,0.268463134765625,0.9883015950520834,0.0390955388400822
gaussian,ANISO_Y,alpha,-1.0,7.0,24.0,128.0,2.0,12.0,0.20898438,32,0.6489766438802084,0.5287806193033855,0.8222242991129557,0.2684656778971354,0.988293965657552,0.0436441822834285
gaussian,ANISO_Y,alpha,-1.0,7.0,24.0,128.0,2.0,12.0,0.20996094,32,0.6644223531087239,0.5228786468505859,0.84307861328125,0.2684809366861979,0.9880905151367188,0.0453639153967097
gaussian,ANISO_Y,alpha,-1.0,7.0,24.0,128.0,2.0,12.0,0.21191406,32,0.6338844299316406,0.5289382934570312,0.8156534830729167,0.2684173583984375,0.9880803426106772,0.0467530034076068
gaussian,ANISO_Y,alpha,-1.0,7.0,24.0,128.0,2.0,12.0,0.21289062,32,0.62847900390625,0.5220718383789062,0.815649668375651,0.2684097290039062,0.988062540690104,0.0472337003490815
gaussian,ANISO_Y,alpha,-1.0,7.0,24.0,128.0,2.0,12.0,0.21386719,32,0.5887133280436199,0.5113315582275391,0.7319316864013672,0.2683817545572917,0.988573710123698,0.044624636824906
gaussian,ANISO_Y,alpha,-1.0,7.0,24.0,128.0,2.0,12.0,0.22368878,16,0.5458717346191406,0.3815689086914062,0.7534128824869791,0.2994003295898437,0.8681259155273438,0.0391654979646436
gaussian,ANISO_Y,alpha,-1.0,7.0,24.0,128.0,2.0,12.0,0.2472843,16,0.4617169698079426,0.322614034016927,0.7379849751790364,0.2275034586588541,0.9778671264648438,0.0636953462112514
gaussian,ANISO_Y,alpha,-1.0,7.0,24.0,128.0,2.0,12.0,0.25195312,32,0.4408098856608072,0.3177057902018229,0.5094261169433594,0.1520284016927083,0.8297373453776041,0.0282283500109118
gaussian,ANISO_Y,alpha,-1.0,7.0,24.0,128.0,2.0,12.0,0.25292969,32,0.4324900309244791,0.3177032470703125,0.5090847015380859,0.1495997111002604,0.8297068277994791,0.027065429632863
gaussian,ANISO_Y,alpha,-1.0,7.0,24.0,128.0,2.0,12.0,0.25390625,32,0.4154154459635417,0.3176581064860025,0.5075912475585938,0.1523666381835937,0.8297017415364584,0.0249977242111595
gaussian,ANISO_Y,alpha,-1.0,7.0,24.0,128.0,2.0,12.0,0.27087981,16,0.3625958760579426,0.260232925415039,0.4827988942464193,0.1822179158528646,0.702606201171875,0.0250028099452686
gaussian,ANISO_Y,alpha,-1.0,7.0,24.0,128.0,2.0,12.0,0.29447532,16,0.2542597452799479,0.192829132080078,0.3044064839680989,0.1169306437174479,0.4863026936848958,0.0108554360387777
gaussian,ANISO_Y,alpha,-1.0,7.0,24.0,128.0,2.0,12.0,0.31807084,16,0.1924705505371093,0.1657937367757161,0.2504520416259765,0.0878753662109375,0.5429916381835938,0.0116880033819513
gaussian,ANISO_Y,alpha,-1.0,7.0,24.0,128.0,2.0,12.0,0.32714844,32,0.1789296468098958,0.1459019978841145,0.2054748535156249,0.0520680745442708,0.3575998942057292,0.0041131073312466
gaussian,ANISO_Y,alpha,-1.0,7.0,24.0,128.0,2.0,12.0,0.328125,32,0.1808013916015625,0.1475868225097656,0.209197998046875,0.0520197550455729,0.3575795491536458,0.0042276132541398
gaussian,ANISO_Y,alpha,-1.0,7.0,24.0,128.0,2.0,12.0,0.32910156,32,0.1785850524902343,0.1531715393066405,0.2092393239339192,0.0520095825195312,0.3066558837890625,0.0032835828319629
gaussian,ANISO_Y,alpha,-1.0,7.0,24.0,128.0,2.0,12.0,0.34166635,16,0.1522471110026041,0.1336402893066406,0.1707102457682291,0.0872472127278645,0.3275833129882812,0.0035988503730752
gaussian,ANISO_Y,alpha,-1.0,7.0,24.0,128.0,2.0,12.0,0.36526186,16,0.0871899922688801,0.0593344370524087,0.1286894480387369,0.0314509073893229,0.1550674438476562,0.0018281366778494
gaussian,ANISO_Y,alpha,-1.0,7.0,24.0,128.0,2.0,12.0,0.38885738,16,0.0594838460286458,0.0472310384114582,0.084271748860677,0.0294164021809895,0.3041763305664062,0.0056852380088659
gaussian,iid,W,1.0,4.0,24.0,64.0,0.0,0.0,0.89852819,24,0.1566670735677083,0.111340840657552,0.1859690348307291,0.054931640625,0.34136962890625,0.0042325186711134
gaussian,iid,W,1.0,4.0,24.0,64.0,0.0,0.0,0.90175781,48,0.1814778645833333,0.1412734985351562,0.2301381429036458,0.0667928059895833,0.4612833658854167,0.0071410146953154
gaussian,iid,W,1.0,4.0,24.0,64.0,0.0,0.0,0.90189453,48,0.1878916422526041,0.1471048990885416,0.2301737467447916,0.0667928059895833,0.4613037109375,0.0070553904307904
gaussian,iid,W,1.0,4.0,24.0,64.0,0.0,0.0,0.90341797,48,0.1973927815755208,0.1470820109049478,0.277478535970052,0.0668741861979166,0.562530517578125,0.0101240326204961
gaussian,iid,W,1.0,4.0,24.0,64.0,0.0,0.0,0.90526088,24,0.2083791097005208,0.1715393066406249,0.317212422688802,0.1122538248697916,0.59356689453125,0.0161475327650262
gaussian,iid,W,1.0,4.0,24.0,64.0,0.0,0.0,0.90862723,24,0.2383066813151041,0.1963984171549478,0.3392435709635417,0.113372802734375,0.6141153971354166,0.0202019043925147
gaussian,iid,W,1.0,4.0,24.0,64.0,0.0,0.0,0.91199357,24,0.3434244791666666,0.2075780232747395,0.4133504231770833,0.1710408528645833,0.633209228515625,0.022094237414937
gaussian,iid,W,1.0,4.0,24.0,64.0,0.0,0.0,0.91535992,24,0.3988393147786458,0.2657826741536458,0.4374160766601562,0.1351521809895833,0.6332804361979166,0.0167166989987668
gaussian,iid,W,1.0,4.0,24.0,64.0,0.0,0.0,0.91872626,24,0.4025777180989583,0.262128194173177,0.4808120727539062,0.1746724446614583,0.9326883951822916,0.0316265563198609
gaussian,iid,W,1.0,4.0,24.0,64.0,0.0,0.0,0.92209261,24,0.4404398600260417,0.3611373901367187,0.6110458374023438,0.2526448567708333,0.85321044921875,0.0314498406845398
gaussian,iid,W,1.0,4.0,24.0,64.0,0.0,0.0,0.925,48,0.4679361979166666,0.3659617106119792,0.6916427612304688,0.2315877278645833,0.9482625325520834,0.051384069296877
gaussian,iid,W,1.0,4.0,24.0,64.0,0.0,0.0,0.92545895,48,0.4923807779947916,0.3821945190429687,0.7011439005533854,0.231536865234375,0.9483133951822916,0.0498977815170465
gaussian,iid,W,1.0,4.0,24.0,64.0,0.0,0.0,0.92666016,48,0.5206960042317708,0.4171524047851562,0.7645187377929688,0.253143310546875,0.9493916829427084,0.0522792855015929
gaussian,iid,W,1.0,4.0,24.0,64.0,0.0,0.0,0.92832031,48,0.5223134358723958,0.4453328450520833,0.728472391764323,0.2677510579427083,0.9450785319010416,0.0453307845189777
gaussian,iid,W,1.0,4.0,24.0,64.0,0.0,0.0,0.9288253,48,0.5400848388671875,0.4653905232747395,0.73101806640625,0.2742106119791667,0.9452616373697916,0.0394372588874503
gaussian,iid,W,1.0,4.0,24.0,64.0,0.0,0.0,0.92998047,48,0.5648244222005209,0.4620310465494792,0.919581095377604,0.2743021647135417,0.9452616373697916,0.0470862973338672
gaussian,iid,W,1.0,4.0,24.0,64.0,0.0,0.0,0.93050847,48,0.5816802978515625,0.4719390869140625,0.869763692220052,0.22088623046875,0.948577880859375,0.044919441330771
gaussian,iid,W,1.0,4.0,24.0,64.0,0.0,0.0,0.93219164,24,0.687774658203125,0.4689839680989583,0.9348119099934896,0.2770284016927083,0.9480183919270834,0.0536849228140332
gaussian,iid,W,1.0,4.0,24.0,64.0,0.0,0.0,0.93496094,48,0.8236643473307292,0.5487111409505209,0.940892537434896,0.2326761881510416,0.9522196451822916,0.0425828237359821
gaussian,iid,W,1.0,4.0,24.0,64.0,0.0,0.0,0.93555799,48,0.887939453125,0.5786972045898438,0.9417394002278646,0.4019877115885417,0.9496561686197916,0.0387804785359799
gaussian,iid,W,1.0,4.0,24.0,64.0,0.0,0.0,0.93662109,48,0.8881123860677083,0.6334940592447916,0.9421005249023438,0.4260762532552083,0.952301025390625,0.0344655224106695
gaussian,iid,W,1.0,4.0,24.0,64.0,0.0,0.0,0.93892434,24,0.8883310953776041,0.6381963094075521,0.9397176106770831,0.437408447265625,0.9460652669270834,0.036070060556126
gaussian,iid,W,1.0,4.0,24.0,64.0,0.0,0.0,0.94229068,24,0.8954264322916667,0.5647964477539062,0.945093790690104,0.440765380859375,0.951751708984375,0.0419735808267397
gaussian,iid,W,1.0,4.0,24.0,64.0,0.0,0.0,0.94565703,48,0.9428049723307292,0.747161865234375,0.947357177734375,0.4465840657552083,0.9532674153645834,0.0288139280177916
gaussian,iid,W,1.0,4.0,24.0,64.0,0.0,0.0,0.94658203,48,0.943939208984375,0.9328053792317708,0.9491170247395831,0.4479777018229167,0.953399658203125,0.02287074334407
gaussian,iid,W,1.0,4.0,24.0,64.0,0.0,0.0,0.9473402,48,0.9448954264322916,0.9384714762369792,0.9496485392252604,0.4479878743489583,0.955169677734375,0.0165141995741113
gaussian,iid,W,1.0,4.0,24.0,64.0,0.0,0.0,0.94824219,48,0.945648193359375,0.9407755533854169,0.949658711751302,0.4481608072916667,0.9551595052083334,0.0162642726372308
gaussian,iid,W,1.0,4.0,24.0,64.0,0.0,0.0,0.94902337,48,0.9461263020833334,0.9415690104166666,0.9495925903320312,0.4552714029947917,0.9553629557291666,0.0121340148034505
gaussian,iid,W,1.0,4.0,24.0,128.0,0.0,0.0,0.89852819,16,0.1497039794921874,0.1162128448486327,0.1937573750813801,0.0896708170572916,0.278882344563802,0.0026908812453728
gaussian,iid,W,1.0,4.0,24.0,128.0,0.0,0.0,0.90175781,32,0.1785926818847656,0.136077880859375,0.2212359110514322,0.0863850911458333,0.5355173746744791,0.0073513766242628
gaussian,iid,W,1.0,4.0,24.0,128.0,0.0,0.0,0.90189453,32,0.1827201843261718,0.1497357686360677,0.2269102732340494,0.086377461751302,0.5355784098307291,0.0077633727207259
gaussian,iid,W,1.0,4.0,24.0,128.0,0.0,0.0,0.90341797,32,0.2071990966796874,0.151248296101888,0.266143798828125,0.1091257731119791,0.5354665120442709,0.0093719185258831
gaussian,iid,W,1.0,4.0,24.0,128.0,0.0,0.0,0.90526088,16,0.2412986755371093,0.2015571594238281,0.3762162526448567,0.1061553955078125,0.474255879720052,0.0133847107685815
gaussian,iid,W,1.0,4.0,24.0,128.0,0.0,0.0,0.90862723,16,0.2809219360351562,0.2394943237304687,0.4325669606526692,0.1902949015299479,0.5490646362304688,0.015398204039903
gaussian,iid,W,1.0,4.0,24.0,128.0,0.0,0.0,0.91199357,16,0.3523546854654947,0.27412478129069,0.4353949228922525,0.1832021077473958,0.6595280965169271,0.019269190773398
gaussian,iid,W,1.0,4.0,24.0,128.0,0.0,0.0,0.91535992,32,0.4331448872884114,0.363388697306315,0.5799477895100912,0.1832733154296875,0.9469451904296876,0.026060479560837
gaussian,iid,W,1.0,4.0,24.0,128.0,0.0,0.0,0.91669922,32,0.4958089192708333,0.3898080190022786,0.6448160807291666,0.1931838989257812,0.9471206665039062,0.0267581265570925
gaussian,iid,W,1.0,4.0,24.0,128.0,0.0,0.0,0.91704309,32,0.5286623636881511,0.3963356018066405,0.6572208404541016,0.1936365763346354,0.947107950846354,0.0299598005559382
gaussian,iid,W,1.0,4.0,24.0,128.0,0.0,0.0,0.91872626,32,0.5946871439615885,0.3969326019287109,0.7058963775634766,0.3252588907877604,0.9489110310872396,0.0392367028727031
gaussian,iid,W,1.0,4.0,24.0,128.0,0.0,0.0,0.92001953,32,0.6287727355957031,0.4837360382080078,0.7185503641764323,0.2831064860026042,0.9571100870768228,0.0374399067234574
gaussian,iid,W,1.0,4.0,24.0,128.0,0.0,0.0,0.92040944,32,0.6288210550944011,0.5225315093994141,0.7444324493408203,0.2831064860026042,0.9616851806640624,0.0420721702614636
gaussian,iid,W,1.0,4.0,24.0,128.0,0.0,0.0,0.92167969,32,0.6386121114095052,0.5279541015625,0.8927179972330729,0.283246358235677,0.9621302286783854,0.047847755054178
gaussian,iid,W,1.0,4.0,24.0,128.0,0.0,0.0,0.92209261,16,0.7254079182942708,0.4965349833170572,0.933911641438802,0.3393961588541667,0.960070292154948,0.055351328740168
gaussian,iid,W,1.0,4.0,24.0,128.0,0.0,0.0,0.92333984,32,0.7201576232910156,0.5450426737467449,0.93863042195638,0.2851130167643229,0.9619572957356772,0.0456254354769213
gaussian,iid,W,1.0,4.0,24.0,128.0,0.0,0.0,0.92377578,32,0.7263272603352864,0.5836944580078125,0.9386577606201172,0.2853978474934895,0.9619852701822916,0.0421366675017645
gaussian,iid,W,1.0,4.0,24.0,128.0,0.0,0.0,0.925,32,0.7307535807291667,0.5847733815511068,0.9373111724853516,0.2855072021484375,0.9608154296875,0.0415338203902887
gaussian,iid,W,1.0,4.0,24.0,128.0,0.0,0.0,0.92545895,16,0.905597686767578,0.7105808258056641,0.942584991455078,0.343963623046875,0.9607976277669272,0.0418452468182227
gaussian,iid,W,1.0,4.0,24.0,128.0,0.0,0.0,0.92832031,32,0.9325523376464844,0.6347611745198568,0.9570414225260416,0.281768798828125,0.9622777303059896,0.0470340336012857
gaussian,iid,W,1.0,4.0,24.0,128.0,0.0,0.0,0.9288253,32,0.93402099609375,0.6367772420247395,0.957095464070638,0.2875137329101562,0.9623031616210938,0.0410177982892061
gaussian,iid,W,1.0,4.0,24.0,128.0,0.0,0.0,0.92998047,32,0.941851298014323,0.6868483225504557,0.9572811126708984,0.3354848225911458,0.962366739908854,0.0384637184050326
gaussian,iid,W,1.0,4.0,24.0,128.0,0.0,0.0,0.93219164,16,0.9422200520833334,0.7670421600341797,0.9570083618164062,0.4732844034830729,0.9610417683919272,0.0304832979000854
gaussian,iid,W,1.0,4.0,24.0,128.0,0.0,0.0,0.93387482,32,0.9514249165852864,0.7524712880452473,0.9595247904459636,0.553924560546875,0.963231404622396,0.0228976461171132
gaussian,iid,W,1.0,4.0,24.0,128.0,0.0,0.0,0.93496094,32,0.95529047648112,0.8908920288085939,0.9598878224690754,0.5555165608723959,0.963292439778646,0.019030128509479
gaussian,iid,W,1.0,4.0,24.0,128.0,0.0,0.0,0.93555799,32,0.95657475789388,0.9373118082682292,0.9601720174153644,0.5555419921875,0.96331787109375,0.0188331127937673
gaussian,iid,W,1.0,4.0,24.0,128.0,0.0,0.0,0.93892434,16,0.9592247009277344,0.9503828684488932,0.9607906341552734,0.5639521280924479,0.9622141520182292,0.0121337010800844
gaussian,iid,W,1.0,4.0,24.0,128.0,0.0,0.0,0.94229068,16,0.9603767395019532,0.951059341430664,0.9611148834228516,0.5674667358398438,0.9625879923502604,0.0120276497558127
gaussian,iid,W,1.0,4.0,24.0,128.0,0.0,0.0,0.94565703,16,0.9606475830078124,0.9556783040364584,0.9616177876790364,0.7329076131184896,0.9630279541015624,0.0032112120299037
gaussian,iid,W,1.0,4.0,24.0,128.0,0.0,0.0,0.94902337,16,0.9611918131510416,0.957400639851888,0.9619045257568358,0.7368392944335938,0.963287353515625,0.0031218520778498
gaussian,iid,W,1.0,4.0,24.0,256.0,0.0,0.0,0.89852819,8,0.1436144510904947,0.0912663141886392,0.165015697479248,0.0577042897542317,0.2159996032714843,0.0032476668863911
gaussian,iid,W,1.0,4.0,24.0,256.0,0.0,0.0,0.90189453,8,0.1304521560668945,0.1084944407145181,0.2229870160420735,0.1011085510253906,0.2816473642985026,0.0053405564288455
gaussian,iid,W,1.0,4.0,24.0,256.0,0.0,0.0,0.90341797,16,0.2100731531778971,0.1395273208618164,0.2655487060546875,0.0988012949625651,0.33197021484375,0.0058010411986591
gaussian,iid,W,1.0,4.0,24.0,256.0,0.0,0.0,0.90357771,16,0.2316013971964517,0.1475860277811685,0.2694565455118815,0.0988006591796875,0.3320204416910807,0.0057159333555571
gaussian,iid,W,1.0,4.0,24.0,256.0,0.0,0.0,0.90507812,16,0.1958010991414387,0.1747625668843587,0.2524058024088541,0.0989405314127604,0.3321266174316406,0.0046067878784419
gaussian,iid,W,1.0,4.0,24.0,256.0,0.0,0.0,0.90526088,8,0.2189130783081054,0.1860828399658202,0.2524121602376302,0.1173680623372395,0.283032735188802,0.0031399087882611
gaussian,iid,W,1.0,4.0,24.0,256.0,0.0,0.0,0.90862723,8,0.2886781692504883,0.1986568768819173,0.3686561584472656,0.1365261077880859,0.6445744832356771,0.0258771360637862
gaussian,iid,W,1.0,4.0,24.0,256.0,0.0,0.0,0.9103104,16,0.3493661880493164,0.2338732083638508,0.4979119300842284,0.1702721913655599,0.7903455098470052,0.0331132442575886
gaussian,iid,W,1.0,4.0,24.0,256.0,0.0,0.0,0.91171875,16,0.3704185485839844,0.3011638323465982,0.546576976776123,0.1998761494954427,0.959520975748698,0.06120286286718
gaussian,iid,W,1.0,4.0,24.0,256.0,0.0,0.0,0.91199357,16,0.370701789855957,0.2693948745727539,0.547786553700765,0.2000045776367187,0.9502328236897788,0.0561349189641364
gaussian,iid,W,1.0,4.0,24.0,256.0,0.0,0.0,0.91503906,16,0.5286610921223959,0.461555004119873,0.6808973948160808,0.2709980010986328,0.9507459004720052,0.0361444057612954
gaussian,iid,W,1.0,4.0,24.0,256.0,0.0,0.0,0.91535992,16,0.5286830266316731,0.4615834554036457,0.6808927853902181,0.2710049947102864,0.950738271077474,0.0361365914721099
gaussian,iid,W,1.0,4.0,24.0,256.0,0.0,0.0,0.91669922,16,0.6279675165812175,0.4877174695332844,0.7648738225301107,0.3414535522460937,0.9589805603027344,0.0416452977117808
gaussian,iid,W,1.0,4.0,24.0,256.0,0.0,0.0,0.91835938,16,0.7809778849283854,0.5318578084309895,0.9565463066101072,0.4138380686442057,0.9666023254394532,0.0460100496618974
gaussian,iid,W,1.0,4.0,24.0,256.0,0.0,0.0,0.91872626,16,0.811284065246582,0.5752409299214681,0.9612911542256674,0.4009952545166015,0.966632843017578,0.045155129148836
gaussian,iid,W,1.0,4.0,24.0,256.0,0.0,0.0,0.92001953,16,0.960360844930013,0.7999602953592937,0.9625930786132812,0.3962084452311198,0.9666461944580078,0.0374396756497743
gaussian,iid,W,1.0,4.0,24.0,256.0,0.0,0.0,0.92209261,8,0.9560607274373372,0.7751380602518718,0.9593342145284016,0.5288480122884115,0.9669411977132162,0.025686793826401
gaussian,iid,W,1.0,4.0,24.0,256.0,0.0,0.0,0.92545895,8,0.9615144729614258,0.9152402877807616,0.9643971125284828,0.7416407267252604,0.967248280843099,0.0085262654244385
gaussian,iid,W,1.0,4.0,24.0,256.0,0.0,0.0,0.92714213,16,0.9634863535563152,0.9598450660705566,0.9648647308349608,0.7471370697021484,0.9668312072753906,0.0044343429115744
gaussian,iid,W,1.0,4.0,24.0,256.0,0.0,0.0,0.92832031,16,0.9642953872680664,0.9617859522501628,0.96500825881958,0.7898241678873698,0.9668896993001302,0.0018926407823444
gaussian,iid,W,1.0,4.0,24.0,256.0,0.0,0.0,0.9288253,16,0.9642575581868488,0.9623128573099772,0.9650861422220864,0.7898610432942709,0.9668916066487632,0.0018937018896596
gaussian,iid,W,1.0,4.0,24.0,256.0,0.0,0.0,0.93219164,8,0.9649044672648112,0.9173885981241862,0.9659541447957356,0.5774593353271484,0.967236836751302,0.0200119025544226
gaussian,iid,W,1.0,4.0,24.0,256.0,0.0,0.0,0.93555799,8,0.9659414291381836,0.9656472206115724,0.9667196273803712,0.9624856313069662,0.967410405476888,2.3056784104684554e-06
gaussian,iid,W,1.0,4.0,24.0,256.0,0.0,0.0,0.93892434,8,0.9662367502848306,0.965512752532959,0.9666037559509278,0.9625689188639324,0.967693328857422,2.3768874280716126e-06
gaussian,iid,W,1.0,4.0,24.0,256.0,0.0,0.0,0.94229068,8,0.9665877024332684,0.966280460357666,0.967019240061442,0.9627723693847656,0.9679203033447266,2.5606553583837703e-06
gaussian,iid,W,1.0,4.0,24.0,256.0,0.0,0.0,0.94565703,8,0.966992696126302,0.9667466481526692,0.9679609934488932,0.9658788045247396,0.9681657155354818,6.526201292534367e-07
gaussian,iid,W,1.0,4.0,24.0,256.0,0.0,0.0,0.94902337,8,0.967350959777832,0.9669515291849772,0.96807591120402,0.9659926096598308,0.968448003133138,6.691880044521912e-07
gaussian,iid,W,1.0,5.0,24.0,64.0,0.0,0.0,0.82,32,0.0401967366536458,0.0293833414713541,0.0498580932617187,0.0191243489583333,0.1463623046875,0.0007753533604938
gaussian,iid,W,1.0,5.0,24.0,64.0,0.0,0.0,0.83,32,0.0569254557291666,0.0333175659179687,0.0832392374674478,0.0239156087239583,0.1648457845052083,0.0015578017390448
gaussian,iid,W,1.0,5.0,24.0,64.0,0.0,0.0,0.84,32,0.0974527994791666,0.0711466471354166,0.1606165568033854,0.032073974609375,0.5797932942708334,0.0096378017506498
gaussian,iid,W,1.0,5.0,24.0,64.0,0.0,0.0,0.85,32,0.2067159016927083,0.1574350992838541,0.2356007893880208,0.07940673828125,0.703765869140625,0.0144179701982658
gaussian,iid,W,1.0,5.0,24.0,64.0,0.0,0.0,0.86,32,0.2919362386067708,0.2249323527018229,0.4915593465169271,0.1275736490885416,0.8170369466145834,0.042941728030898
gaussian,iid,W,1.0,5.0,24.0,64.0,0.0,0.0,0.87,32,0.5457407633463542,0.3607889811197917,0.7451121012369791,0.2007548014322916,0.9617513020833334,0.0523997234608469
gaussian,iid,W,1.0,5.0,24.0,64.0,0.0,0.0,0.88,32,0.7916310628255209,0.5370864868164062,0.9532674153645834,0.341064453125,0.97149658203125,0.0509439161344427
gaussian,iid,W,1.0,5.0,24.0,64.0,0.0,0.0,0.89,32,0.9663136800130208,0.9569269816080728,0.9685338338216146,0.67755126953125,0.974273681640625,0.0047067179849269
gaussian,iid,W,1.0,5.0,24.0,64.0,0.0,0.0,0.9,32,0.9684906005859376,0.9642308553059896,0.9707489013671876,0.6441446940104166,0.9737345377604166,0.0035324498182154
gaussian,iid,W,1.0,5.0,24.0,64.0,0.0,0.0,0.94,16,0.9751637776692708,0.9738260904947916,0.9764480590820312,0.9692891438802084,0.9774983723958334,4.60256684433533e-06
gaussian,iid,W,1.0,5.0,24.0,64.0,0.0,0.0,0.98,16,0.9788004557291666,0.9784138997395831,0.9792505900065104,0.973175048828125,0.9812520345052084,2.843126033743217e-06
gaussian,iid,W,1.0,5.0,24.0,128.0,0.0,0.0,0.82,24,0.0171966552734374,0.0151246388753255,0.0291144053141275,0.009033203125,0.0596694946289062,0.0001650049352725
gaussian,iid,W,1.0,5.0,24.0,128.0,0.0,0.0,0.83,24,0.0279528299967447,0.0217336018880207,0.0417321523030598,0.0142313639322916,0.0697174072265625,0.0001915941489076
gaussian,iid,W,1.0,5.0,24.0,128.0,0.0,0.0,0.84,24,0.0756505330403645,0.046161651611328,0.0942802429199217,0.016082763671875,0.1501948038736979,0.0012099289864615
gaussian,iid,W,1.0,5.0,24.0,128.0,0.0,0.0,0.85,24,0.1583340962727863,0.1151479085286457,0.1838436126708984,0.0597000122070312,0.5271021525065104,0.0105622939704714
gaussian,iid,W,1.0,5.0,24.0,128.0,0.0,0.0,0.86,24,0.3048718770345052,0.2610066731770833,0.330603281656901,0.1928202311197916,0.5951995849609375,0.008364703679624
gaussian,iid,W,1.0,5.0,24.0,128.0,0.0,0.0,0.87,24,0.6241340637207031,0.4248485565185547,0.7283465067545573,0.2428436279296875,0.9690119425455728,0.0382261075345265
gaussian,iid,W,1.0,5.0,24.0,128.0,0.0,0.0,0.88,24,0.974085489908854,0.9709040323893228,0.9764798482259116,0.4734878540039062,0.9785308837890624,0.0219037095803594
gaussian,iid,W,1.0,5.0,24.0,128.0,0.0,0.0,0.89,24,0.977447509765625,0.976350784301758,0.9787139892578124,0.5531641642252604,0.9810129801432292,0.0075014606083989
gaussian,iid,W,1.0,5.0,24.0,128.0,0.0,0.0,0.9,24,0.979413350423177,0.9781653086344402,0.9797560373942056,0.975695292154948,0.9817682902018228,2.319496821881254e-06
gaussian,iid,W,1.0,5.0,24.0,128.0,0.0,0.0,0.94,12,0.9822947184244792,0.9820938110351562,0.9829279581705728,0.9810384114583334,0.9838282267252604,6.601671348811998e-07
gaussian,iid,W,1.0,5.0,24.0,128.0,0.0,0.0,0.98,12,0.9844500223795574,0.9841607411702472,0.984705607096354,0.983851114908854,0.9851303100585938,1.6950364836090046e-07
gaussian,iid,W,1.0,6.0,24.0,64.0,0.0,0.0,0.79,24,0.0461680094401041,0.0367202758789062,0.063886006673177,0.0198974609375,0.1134541829427083,0.0005715723026126
gaussian,iid,W,1.0,6.0,24.0,64.0,0.0,0.0,0.8,24,0.0891825358072916,0.060742696126302,0.1169916788736978,0.038482666015625,0.2325032552083333,0.0028659258629817
gaussian,iid,W,1.0,6.0,24.0,64.0,0.0,0.0,0.805,48,0.1028086344401041,0.0777816772460937,0.1622034708658853,0.0388590494791666,0.328643798828125,0.0036725962407122
gaussian,iid,W,1.0,6.0,24.0,64.0,0.0,0.0,0.81,48,0.1626078287760416,0.1121520996093749,0.2278772989908853,0.0741475423177083,0.4004720052083333,0.005450138342042
gaussian,iid,W,1.0,6.0,24.0,64.0,0.0,0.0,0.815,48,0.2148844401041666,0.1683654785156249,0.2598393758138021,0.0758565266927083,0.5389607747395834,0.0101575674617114
gaussian,iid,W,1.0,6.0,24.0,64.0,0.0,0.0,0.82,48,0.2460174560546875,0.1885045369466145,0.3717269897460937,0.100555419921875,0.7019856770833334,0.020371549667378
gaussian,iid,W,1.0,6.0,24.0,64.0,0.0,0.0,0.825,48,0.3368937174479166,0.2525914510091146,0.419952392578125,0.1166788736979166,0.87652587890625,0.0206008516240573
gaussian,iid,W,1.0,6.0,24.0,64.0,0.0,0.0,0.83,48,0.44927978515625,0.3493601481119792,0.5614700317382812,0.2310384114583333,0.868560791015625,0.0271556564862491
gaussian,iid,W,1.0,6.0,24.0,64.0,0.0,0.0,0.835,48,0.5175628662109375,0.4014383951822916,0.6676457722981771,0.2692667643229167,0.9722696940104166,0.0381432260473613
gaussian,iid,W,1.0,6.0,24.0,64.0,0.0,0.0,0.84,48,0.6846059163411459,0.505767822265625,0.9394785563151042,0.3134256998697917,0.9767252604166666,0.0473510816902835
gaussian,iid,W,1.0,6.0,24.0,64.0,0.0,0.0,0.845,48,0.7949676513671875,0.5539652506510416,0.9651641845703124,0.3930765787760417,0.9784749348958334,0.0423305607432025
gaussian,iid,W,1.0,6.0,24.0,64.0,0.0,0.0,0.85,48,0.9634195963541666,0.7103220621744791,0.9734446207682292,0.4548136393229167,0.979766845703125,0.032300957455419
gaussian,iid,W,1.0,6.0,24.0,64.0,0.0,0.0,0.855,48,0.9704691569010416,0.9525985717773438,0.9769541422526042,0.4548543294270833,0.97998046875,0.0198180203922709
gaussian,iid,W,1.0,6.0,24.0,64.0,0.0,0.0,0.86,24,0.9751841227213542,0.9637298583984376,0.978528340657552,0.457427978515625,0.9800618489583334,0.0259304692330972
gaussian,iid,W,1.0,6.0,24.0,64.0,0.0,0.0,0.87,24,0.9783274332682292,0.9749298095703124,0.9797693888346354,0.9597981770833334,0.9813334147135416,2.710682215490008e-05
gaussian,iid,W,1.0,6.0,24.0,128.0,0.0,0.0,0.79,16,0.0203018188476562,0.0183130900065103,0.0277175903320312,0.0106175740559895,0.0865885416666666,0.000305721000337
gaussian,iid,W,1.0,6.0,24.0,128.0,0.0,0.0,0.8,16,0.0493647257486978,0.036151885986328,0.0705776214599609,0.0298995971679687,0.119720458984375,0.0005998735001345
gaussian,iid,W,1.0,6.0,24.0,128.0,0.0,0.0,0.81,32,0.1005121866861979,0.0712858835856119,0.1223360697428385,0.0220082600911458,0.2010040283203125,0.0013054637864206
gaussian,iid,W,1.0,6.0,24.0,128.0,0.0,0.0,0.815,32,0.1359074910481771,0.1163349151611327,0.1625448862711588,0.0743637084960937,0.2914988199869792,0.0027127592533309
gaussian,iid,W,1.0,6.0,24.0,128.0,0.0,0.0,0.82,32,0.2267239888509114,0.165008544921875,0.3482545216878255,0.0961837768554687,0.5315958658854166,0.0146250173300711
gaussian,iid,W,1.0,6.0,24.0,128.0,0.0,0.0,0.825,32,0.3453559875488281,0.2588787078857421,0.4748312632242838,0.1585311889648437,0.7362416585286459,0.0258114333496043
gaussian,iid,W,1.0,6.0,24.0,128.0,0.0,0.0,0.83,32,0.4920374552408854,0.3570404052734374,0.6387933095296223,0.2343343098958333,0.9566243489583334,0.0397992419423393
gaussian,iid,W,1.0,6.0,24.0,128.0,0.0,0.0,0.835,32,0.776720682779948,0.5912946065266926,0.9445514678955078,0.2923762003580729,0.983202616373698,0.0476875693276859
gaussian,iid,W,1.0,6.0,24.0,128.0,0.0,0.0,0.84,32,0.8464724222819011,0.6433060963948567,0.9734458923339844,0.3708445231119792,0.9846725463867188,0.0389109931749908
gaussian,iid,W,1.0,6.0,24.0,128.0,0.0,0.0,0.845,32,0.98043950398763,0.9685459136962892,0.9848111470540364,0.3740158081054687,0.9863967895507812,0.0236314721991168
gaussian,iid,W,1.0,6.0,24.0,128.0,0.0,0.0,0.85,32,0.9832776387532552,0.9804464975992838,0.98579470316569,0.3618316650390625,0.9874369303385416,0.0120455610398246
gaussian,iid,W,1.0,6.0,24.0,128.0,0.0,0.0,0.86,16,0.986749013264974,0.9852657318115234,0.9871838887532552,0.9786580403645834,0.9875590006510416,8.069557305942773e-06
gaussian,iid,W,1.0,6.0,24.0,128.0,0.0,0.0,0.87,16,0.987555185953776,0.9868539174397786,0.98805300394694,0.9796778361002604,0.9888076782226562,7.38476020935053e-06
gaussian,iid,W,1.0,6.0,24.0,256.0,0.0,0.0,0.815,12,0.121652603149414,0.0954291025797526,0.1400459607442219,0.054114023844401,0.2293999989827474,0.0021662717438841
gaussian,iid,W,1.0,6.0,24.0,256.0,0.0,0.0,0.82,12,0.245515505472819,0.184237798055013,0.3186664581298828,0.1299260457356771,0.3830941518147786,0.0076487705563666
gaussian,iid,W,1.0,6.0,24.0,256.0,0.0,0.0,0.825,12,0.3334986368815104,0.2452993392944336,0.4241724014282226,0.1586570739746093,0.4922033945719401,0.012981040028633
gaussian,iid,W,1.0,6.0,24.0,256.0,0.0,0.0,0.83,12,0.6386823654174805,0.5408533414204916,0.7661201159159342,0.4085903167724609,0.9858169555664062,0.0343667339259898
gaussian,iid,W,1.0,6.0,24.0,256.0,0.0,0.0,0.835,12,0.89933713277181,0.683356761932373,0.9881526629130046,0.4754104614257812,0.98951784769694,0.0389151576356728
gaussian,iid,W,1.0,6.0,24.0,256.0,0.0,0.0,0.84,12,0.9878339767456054,0.9851093292236328,0.9897878964742026,0.8173274993896484,0.9906279246012368,0.0024230665369785
gaussian,iid,W,1.0,6.0,24.0,256.0,0.0,0.0,0.845,12,0.9885543187459308,0.9854294459025066,0.9904766082763672,0.9834372202555338,0.9909356435139974,7.649822027233637e-06
gaussian,iid,W,1.0,7.0,24.0,64.0,0.0,0.0,0.75,32,0.0264383951822916,0.0228754679361978,0.0369237263997395,0.01641845703125,0.1926066080729166,0.0009974108184404
gaussian,iid,W,1.0,7.0,24.0,64.0,0.0,0.0,0.76,24,0.0448201497395833,0.032880147298177,0.0548426310221353,0.0252685546875,0.1933797200520833,0.0014427052968258
gaussian,iid,W,1.0,7.0,24.0,64.0,0.0,0.0,0.78,48,0.1167449951171875,0.0771128336588541,0.1697158813476562,0.0303853352864583,0.409759521484375,0.0052203167298419
gaussian,iid,W,1.0,7.0,24.0,64.0,0.0,0.0,0.785,128,0.1493682861328125,0.1078872680664062,0.1980311075846354,0.0459493001302083,0.5872599283854166,0.0069680666503735
gaussian,iid,W,1.0,7.0,24.0,64.0,0.0,0.0,0.79,128,0.1894582112630208,0.1372553507486978,0.2576573689778645,0.076446533203125,0.589111328125,0.0093277750131637
gaussian,iid,W,1.0,7.0,24.0,64.0,0.0,0.0,0.795,128,0.2685089111328125,0.1950963338216145,0.3532969156901041,0.0895487467447916,0.7549540201822916,0.0144378732662598
gaussian,iid,W,1.0,7.0,24.0,64.0,0.0,0.0,0.7975,128,0.2919921875,0.2155431111653645,0.3963267008463541,0.10247802734375,0.755096435546875,0.0171323225844921
gaussian,iid,W,1.0,7.0,24.0,64.0,0.0,0.0,0.8,128,0.3499043782552083,0.2498804728190103,0.4459304809570312,0.14520263671875,0.808837890625,0.0207468039468246
gaussian,iid,W,1.0,7.0,24.0,64.0,0.0,0.0,0.8025,128,0.3861440022786458,0.2764994303385416,0.5151036580403645,0.154571533203125,0.9805094401041666,0.0318522528018058
gaussian,iid,W,1.0,7.0,24.0,64.0,0.0,0.0,0.805,128,0.4277547200520833,0.3349405924479167,0.5573577880859375,0.1548970540364583,0.980682373046875,0.0333736313296371
gaussian,iid,W,1.0,7.0,24.0,64.0,0.0,0.0,0.8075,128,0.4959055582682291,0.3941980997721354,0.6391576131184896,0.1643168131510416,0.9807332356770834,0.0336941930800285
gaussian,iid,W,1.0,7.0,24.0,64.0,0.0,0.0,0.81,128,0.558929443359375,0.4250818888346354,0.7030665079752604,0.1822306315104166,0.9827880859375,0.0407475482978819
gaussian,iid,W,1.0,7.0,24.0,64.0,0.0,0.0,0.8125,128,0.6044108072916666,0.4849141438802083,0.8032786051432291,0.235595703125,0.981048583984375,0.0432725898893009
gaussian,iid,W,1.0,7.0,24.0,64.0,0.0,0.0,0.815,128,0.6935577392578125,0.5359395345052083,0.9492518107096356,0.2359415690104166,0.982940673828125,0.0465938663460248
gaussian,iid,W,1.0,7.0,24.0,64.0,0.0,0.0,0.82,128,0.9355824788411458,0.63555908203125,0.9755452473958331,0.2618815104166667,0.9836832682291666,0.0399586041958037
gaussian,iid,W,1.0,7.0,24.0,64.0,0.0,0.0,0.825,128,0.974395751953125,0.856005350748698,0.978973388671875,0.4693501790364583,0.9849650065104166,0.0243880810343993
gaussian,iid,W,1.0,7.0,24.0,64.0,0.0,0.0,0.83,24,0.9779561360677084,0.9764989217122396,0.9813156127929688,0.890380859375,0.9863688151041666,0.0006856766706347
gaussian,iid,W,1.0,7.0,24.0,64.0,0.0,0.0,0.84,24,0.9821573893229166,0.979718526204427,0.9838155110677084,0.9670613606770834,0.9875691731770834,2.2920525682289237e-05
gaussian,iid,W,1.0,7.0,24.0,64.0,0.0,0.0,0.85,32,0.984034220377604,0.982752482096354,0.9854354858398438,0.97784423828125,0.9883015950520834,6.6882612535857e-06
gaussian,iid,W,1.0,7.0,24.0,64.0,0.0,0.0,0.86,24,0.9855092366536458,0.98419189453125,0.9862518310546876,0.9798380533854166,0.98858642578125,3.982892472914863e-06
gaussian,iid,W,1.0,7.0,24.0,64.0,0.0,0.0,0.9,8,0.9889017740885416,0.9875640869140624,0.9905420939127604,0.985260009765625,0.991424560546875,4.2904238586151e-06
gaussian,iid,W,1.0,7.0,24.0,128.0,0.0,0.0,0.75,24,0.0158538818359374,0.0129375457763671,0.0211861928304036,0.0080490112304687,0.0297495524088541,3.380726586281953e-05
gaussian,iid,W,1.0,7.0,24.0,128.0,0.0,0.0,0.76,16,0.0258153279622395,0.0201110839843749,0.0300064086914061,0.0124613444010416,0.0460230509440104,7.691768470168541e-05
gaussian,iid,W,1.0,7.0,24.0,128.0,0.0,0.0,0.78,16,0.0920066833496093,0.067575454711914,0.133228302001953,0.0387039184570312,0.2281748453776041,0.0034381931155857
gaussian,iid,W,1.0,7.0,24.0,128.0,0.0,0.0,0.7825,96,0.1038792928059895,0.0814145406087239,0.1508458455403645,0.039075215657552,0.29901123046875,0.0031793318589807
gaussian,iid,W,1.0,7.0,24.0,128.0,0.0,0.0,0.7875,96,0.1563491821289062,0.1154295603434244,0.2113011678059895,0.0558217366536458,0.449676513671875,0.007330601571645
gaussian,iid,W,1.0,7.0,24.0,128.0,0.0,0.0,0.79,48,0.1878890991210937,0.1448866526285807,0.258466084798177,0.0913187662760416,0.5716985066731771,0.0120731845270638
gaussian,iid,W,1.0,7.0,24.0,128.0,0.0,0.0,0.7925,96,0.2341448465983073,0.1869621276855468,0.3115895589192707,0.091473897298177,0.5581741333007812,0.0106733503436356
gaussian,iid,W,1.0,7.0,24.0,128.0,0.0,0.0,0.795,96,0.2885996500651041,0.2196572621663411,0.3921794891357421,0.1002400716145833,0.6464640299479166,0.017493286149131
gaussian,iid,W,1.0,7.0,24.0,128.0,0.0,0.0,0.7975,96,0.352979024251302,0.2772331237792969,0.4408041636149088,0.1440226236979166,0.8247604370117188,0.0227167851368185
gaussian,iid,W,1.0,7.0,24.0,128.0,0.0,0.0,0.8,96,0.4302965799967447,0.3263365427652994,0.5832099914550781,0.1664861043294271,0.9890416463216146,0.0326093274739847
gaussian,iid,W,1.0,7.0,24.0,128.0,0.0,0.0,0.8025,96,0.5034128824869792,0.3671124776204427,0.6308046976725261,0.1661529541015625,0.9892527262369792,0.0387840552576667
gaussian,iid,W,1.0,7.0,24.0,128.0,0.0,0.0,0.805,96,0.5867563883463542,0.4398237864176432,0.8003896077473958,0.2506434122721354,0.989405314127604,0.0518210422039212
gaussian,iid,W,1.0,7.0,24.0,128.0,0.0,0.0,0.8075,96,0.678076426188151,0.4979610443115234,0.8752600351969402,0.2587127685546875,0.9895782470703124,0.046444864357777
gaussian,iid,W,1.0,7.0,24.0,128.0,0.0,0.0,0.81,96,0.8761711120605469,0.5829416910807292,0.9845294952392576,0.3453572591145833,0.989293416341146,0.0446060529279437
gaussian,iid,W,1.0,7.0,24.0,128.0,0.0,0.0,0.8125,96,0.9757677714029948,0.7771523793538411,0.9860757191975912,0.3926010131835937,0.9908905029296876,0.0311671410391627
gaussian,iid,W,1.0,7.0,24.0,128.0,0.0,0.0,0.815,48,0.985137939453125,0.9776700337727866,0.9884688059488932,0.5181299845377604,0.9909693400065104,0.0165832787946836
gaussian,iid,W,1.0,7.0,24.0,128.0,0.0,0.0,0.8175,96,0.9866676330566406,0.9838981628417968,0.98876953125,0.4830423990885417,0.9916483561197916,0.0116230678229482
gaussian,iid,W,1.0,7.0,24.0,128.0,0.0,0.0,0.82,48,0.9873733520507812,0.98553466796875,0.989008585611979,0.6463521321614584,0.9917424519856772,0.0024425190901349
gaussian,iid,W,1.0,7.0,24.0,128.0,0.0,0.0,0.8225,96,0.9881006876627604,0.9864749908447266,0.9894237518310548,0.5049336751302084,0.9917933146158854,0.0024360808966603
gaussian,iid,W,1.0,7.0,24.0,128.0,0.0,0.0,0.83,16,0.98879877726237,0.9879512786865235,0.9902667999267578,0.983861287434896,0.9918034871419272,3.99476867406276e-06
gaussian,iid,W,1.0,7.0,24.0,128.0,0.0,0.0,0.84,16,0.990617116292318,0.9896717071533202,0.9910875956217448,0.987452189127604,0.992101033528646,1.3527222984488463e-06
gaussian,iid,W,1.0,7.0,24.0,128.0,0.0,0.0,0.85,24,0.9912465413411458,0.9906177520751952,0.9918607076009116,0.9896316528320312,0.993115743001302,7.798696035592704e-07
gaussian,iid,W,1.0,7.0,24.0,128.0,0.0,0.0,0.86,16,0.99209721883138,0.9914404551188152,0.9923693339029948,0.9903182983398438,0.992993672688802,7.159670564794392e-07
gaussian,iid,W,1.0,7.0,24.0,128.0,0.0,0.0,0.9,8,0.9939181009928384,0.9937483469645182,0.9942881266276042,0.9934514363606772,0.994847615559896,2.0963154152955905e-07
gaussian,iid,W,1.0,7.0,24.0,256.0,0.0,0.0,0.75,8,0.0069157282511393,0.0057986577351887,0.0073312123616536,0.0045324961344401,0.0126247406005859,5.971166942005718e-06
gaussian,iid,W,1.0,7.0,24.0,256.0,0.0,0.0,0.7825,48,0.0835504531860351,0.0627892812093098,0.1103628476460774,0.0325279235839843,0.1927464803059896,0.0013949230000521
gaussian,iid,W,1.0,7.0,24.0,256.0,0.0,0.0,0.7875,48,0.1456578572591145,0.1146828333536783,0.1721512476603189,0.069806416829427,0.3947664896647135,0.0047401546464803
gaussian,iid,W,1.0,7.0,24.0,256.0,0.0,0.0,0.79,48,0.1934579213460286,0.1319206555684407,0.2536376317342122,0.0885480244954427,0.4417133331298828,0.0073692083430309
gaussian,iid,W,1.0,7.0,24.0,256.0,0.0,0.0,0.7925,48,0.2718346913655598,0.2040003140767414,0.3604578971862793,0.0947990417480468,0.5222740173339844,0.0112376459975002
gaussian,iid,W,1.0,7.0,24.0,256.0,0.0,0.0,0.795,48,0.3811461130777995,0.2995362281799316,0.4375588099161784,0.1440092722574869,0.6774260203043619,0.0149904788789717
gaussian,iid,W,1.0,7.0,24.0,256.0,0.0,0.0,0.7975,48,0.4471664428710937,0.3813317616780599,0.5882377624511719,0.1495539347330729,0.990698496500651,0.0332148347981297
gaussian,iid,W,1.0,7.0,24.0,256.0,0.0,0.0,0.8,48,0.5862693786621094,0.4678082466125488,0.789364496866862,0.2992445627848307,0.9928722381591796,0.0442868149675501
gaussian,iid,W,1.0,7.0,24.0,256.0,0.0,0.0,0.8025,48,0.7962465286254883,0.6340834299723307,0.9855715433756508,0.3641637166341145,0.992762247721354,0.0363181971895709
gaussian,iid,W,1.0,7.0,24.0,256.0,0.0,0.0,0.805,48,0.9474547704060872,0.6592933336893718,0.9911262194315592,0.3411280314127604,0.992910385131836,0.037679907768537
gaussian,iid,W,1.0,7.0,24.0,256.0,0.0,0.0,0.8075,48,0.9901285171508788,0.8627518018086752,0.9915703137715656,0.5751501719156901,0.9940706888834636,0.0186853783608587
gaussian,iid,W,1.0,7.0,24.0,256.0,0.0,0.0,0.8125,48,0.9917716979980468,0.9905532201131184,0.9926236470540364,0.6433219909667969,0.9942493438720704,0.00303424806971
gaussian,iid,W,1.0,7.0,24.0,256.0,0.0,0.0,0.9,8,0.9963407516479492,0.9961854616800944,0.9963773091634116,0.99613889058431,0.9965171813964844,1.727328939494296e-08
gaussian,iid,W,1.0,7.0,24.0,512.0,0.0,0.0,0.75,4,0.0033650398254394,0.0032412608464558,0.0037736097971598,0.0031307538350423,0.0047384897867838,5.439831204091142e-07
gaussian,iid,W,1.0,7.0,24.0,512.0,0.0,0.0,0.78,16,0.043815533320109,0.0349179903666177,0.0546629031499226,0.0261982282002766,0.0973958969116211,0.0003152728848025
gaussian,iid,W,1.0,7.0,24.0,512.0,0.0,0.0,0.785,16,0.0887308120727538,0.0716952482859293,0.1070087353388468,0.0599633852640787,0.2546882629394531,0.002150435907905
gaussian,iid,W,1.0,7.0,24.0,512.0,0.0,0.0,0.7875,16,0.1528472105662028,0.1210223038991292,0.2068188190460204,0.0665187835693359,0.2590670585632324,0.0028533639525882
gaussian,iid,W,1.0,7.0,24.0,512.0,0.0,0.0,0.79,16,0.2050034999847411,0.1505138079325357,0.2678988377253214,0.1009888648986816,0.3819030125935872,0.0084135607446332
gaussian,iid,W,1.0,7.0,24.0,512.0,0.0,0.0,0.7925,16,0.4020256201426188,0.3175270954767862,0.4601096312204996,0.2210326194763183,0.5358729362487793,0.0088579956091823
gaussian,iid,W,1.0,7.0,24.0,512.0,0.0,0.0,0.795,16,0.4807447592417398,0.3924495776494343,0.6738800207773845,0.2888566652933756,0.9941725730895996,0.0478919111287654
gaussian,iid,W,1.0,7.0,24.0,512.0,0.0,0.0,0.7975,16,0.8698643048604329,0.6257561047871908,0.9881211121877034,0.4210658073425293,0.9942625363667806,0.0436433445304019
gaussian,iid,W,1.0,7.0,24.0,512.0,0.0,0.0,0.8,16,0.9913696448008218,0.894813617070516,0.9935144980748496,0.5574979782104492,0.9946395556131998,0.024886200677763
gaussian,iid,W,1.0,7.0,24.0,512.0,0.0,0.0,0.8025,16,0.9927993615468342,0.9911923805872598,0.9944643974304198,0.6320929527282715,0.995296319325765,0.0086507376336266
gaussian,iid,W,1.0,7.0,24.0,512.0,0.0,0.0,0.805,16,0.9942429065704346,0.9925376176834106,0.9947036107381184,0.9909331003824868,0.9953600565592448,1.852509392898017e-06
gaussian,iid,W,1.0,7.0,24.0,512.0,0.0,0.0,0.81,16,0.994908571243286,0.9946010510126748,0.995103120803833,0.9914986292521158,0.9957013130187988,1.1143905457747488e-06
gaussian,iid,W,1.0,7.0,24.0,512.0,0.0,0.0,0.815,16,0.9954677422841388,0.9950093428293864,0.995548685391744,0.9933934211730956,0.9959880510965984,4.824503219180645e-07
gaussian,iid,W,1.0,7.0,24.0,512.0,0.0,0.0,0.9,4,0.9973917007446288,0.9973790248235066,0.997403621673584,0.997345765431722,0.9974346160888672,1.3181841461981654e-09
gaussian,iid,W,1.0,8.0,24.0,64.0,0.0,0.0,0.735,24,0.0388692220052083,0.0299555460611979,0.0527496337890624,0.0205281575520833,0.1001790364583333,0.0004185534610252
gaussian,iid,W,1.0,8.0,24.0,64.0,0.0,0.0,0.745,24,0.0722859700520833,0.0497741699218749,0.0975062052408853,0.0230509440104166,0.169586181640625,0.0015994541348151
gaussian,iid,W,1.0,8.0,24.0,64.0,0.0,0.0,0.755,24,0.1273701985677083,0.0984573364257812,0.1561457316080728,0.041229248046875,0.2474466959635416,0.002304443603437
gaussian,iid,W,1.0,8.0,24.0,64.0,0.0,0.0,0.76,48,0.1509958902994791,0.1110076904296875,0.1846542358398437,0.064056396484375,0.466888427734375,0.0055645701285635
gaussian,iid,W,1.0,8.0,24.0,64.0,0.0,0.0,0.765,48,0.1977386474609374,0.1579615275065104,0.241302490234375,0.0808817545572916,0.4709269205729167,0.0074537281710504
gaussian,iid,W,1.0,8.0,24.0,64.0,0.0,0.0,0.77,48,0.2569071451822916,0.211011250813802,0.3254343668619791,0.1359151204427083,0.6597696940104166,0.0113269269458694
gaussian,iid,W,1.0,8.0,24.0,64.0,0.0,0.0,0.775,48,0.3790944417317708,0.2789154052734375,0.4649505615234375,0.1892801920572916,0.7266337076822916,0.0195452866690868
gaussian,iid,W,1.0,8.0,24.0,64.0,0.0,0.0,0.78,48,0.4377593994140625,0.3183212280273437,0.5180765787760416,0.2200826009114583,0.9736226399739584,0.0317660839497508
gaussian,iid,W,1.0,8.0,24.0,64.0,0.0,0.0,0.785,48,0.5147908528645834,0.4366480509440104,0.646715799967448,0.2213541666666666,0.978546142578125,0.0362226171935967
gaussian,iid,W,1.0,8.0,24.0,64.0,0.0,0.0,0.79,48,0.596954345703125,0.4994761149088542,0.8744354248046875,0.2204691569010416,0.9802958170572916,0.0479977922514081
gaussian,iid,W,1.0,8.0,24.0,64.0,0.0,0.0,0.795,48,0.7698008219401041,0.5411860148111979,0.976666768391927,0.3316752115885417,0.98724365234375,0.0440292778351803
gaussian,iid,W,1.0,8.0,24.0,64.0,0.0,0.0,0.8,48,0.970306396484375,0.6664657592773438,0.983141581217448,0.4600830078125,0.9877522786458334,0.0350209335672505
gaussian,iid,W,1.0,8.0,24.0,64.0,0.0,0.0,0.805,48,0.978795369466146,0.926183064778646,0.9827931722005208,0.4609883626302083,0.9879048665364584,0.0282795421721911
gaussian,iid,W,1.0,8.0,24.0,64.0,0.0,0.0,0.815,24,0.9836883544921876,0.9781392415364584,0.985791524251302,0.4822285970052083,0.987213134765625,0.0104364061459296
gaussian,iid,W,1.0,8.0,24.0,128.0,0.0,0.0,0.735,16,0.0189628601074218,0.0158138275146484,0.0227947235107421,0.0129674275716145,0.0396372477213541,6.780577090534332e-05
gaussian,iid,W,1.0,8.0,24.0,128.0,0.0,0.0,0.745,16,0.0290946960449218,0.0260295867919921,0.034894307454427,0.0195999145507812,0.051971435546875,7.543269139542082e-05
gaussian,iid,W,1.0,8.0,24.0,128.0,0.0,0.0,0.755,16,0.0693689982096354,0.0499337514241536,0.1014779408772786,0.0330785115559895,0.1736729939778646,0.0019168696862093
gaussian,iid,W,1.0,8.0,24.0,128.0,0.0,0.0,0.76,32,0.1146011352539062,0.1044820149739582,0.1586488087972004,0.0543111165364583,0.2225977579752604,0.0016072288634725
gaussian,iid,W,1.0,8.0,24.0,128.0,0.0,0.0,0.765,32,0.1792627970377603,0.1426620483398437,0.2244110107421875,0.0851236979166666,0.354749043782552,0.0051581816648933
gaussian,iid,W,1.0,8.0,24.0,128.0,0.0,0.0,0.77,32,0.2578035990397135,0.1879755655924478,0.3409029642740885,0.1356735229492187,0.6717274983723959,0.0178251457742772
gaussian,iid,W,1.0,8.0,24.0,128.0,0.0,0.0,0.775,32,0.3538818359374999,0.2467384338378905,0.5581289927164713,0.16339111328125,0.7529474894205729,0.0347519665183459
gaussian,iid,W,1.0,8.0,24.0,128.0,0.0,0.0,0.78,32,0.5389200846354166,0.4456799825032551,0.7067782084147135,0.2573827107747395,0.9879328409830728,0.0417641022393379
gaussian,iid,W,1.0,8.0,24.0,128.0,0.0,0.0,0.785,32,0.7902933756510417,0.5849183400472006,0.9847329457600912,0.3980280558268229,0.9895222981770834,0.0452585431734451
gaussian,iid,W,1.0,8.0,24.0,128.0,0.0,0.0,0.79,32,0.9847768147786458,0.7872308095296224,0.9873809814453124,0.4353892008463542,0.9916839599609376,0.0289981180022065
gaussian,iid,W,1.0,8.0,24.0,128.0,0.0,0.0,0.795,32,0.9861424763997396,0.9776198069254556,0.988979975382487,0.5275344848632812,0.992029825846354,0.0113652545514793
gaussian,iid,W,1.0,8.0,24.0,128.0,0.0,0.0,0.805,16,0.9909172058105468,0.9866453806559244,0.9918715159098308,0.9777882893880208,0.9927419026692708,1.6317786368610565e-05
gaussian,iid,W,1.0,8.0,24.0,128.0,0.0,0.0,0.815,16,0.9918912251790364,0.9915879567464192,0.9924195607503256,0.9869333902994792,0.993311564127604,3.192491001552872e-06
gaussian,iid,W,1.0,8.0,24.0,256.0,0.0,0.0,0.76,12,0.0822016398111978,0.0598359107971191,0.1095910072326659,0.0456803639729817,0.1481342315673828,0.0011151604133187
gaussian,iid,W,1.0,8.0,24.0,256.0,0.0,0.0,0.765,12,0.1461753845214843,0.1264553070068359,0.1761382420857747,0.0747852325439453,0.2476889292399088,0.0028413060805937
gaussian,iid,W,1.0,8.0,24.0,256.0,0.0,0.0,0.77,12,0.273101806640625,0.1736655235290527,0.3159437179565429,0.1112181345621744,0.4921658833821614,0.0125431704106052
gaussian,iid,W,1.0,8.0,24.0,256.0,0.0,0.0,0.775,12,0.4351882934570312,0.3217123349507649,0.620995839436849,0.2664769490559895,0.9422047932942708,0.047510920147618
gaussian,iid,W,1.0,8.0,24.0,256.0,0.0,0.0,0.78,12,0.9451866149902344,0.5449137687683105,0.9899536768595376,0.3152109781901042,0.9919732411702474,0.0746084825585008
gaussian,iid,W,1.0,8.0,24.0,256.0,0.0,0.0,0.785,12,0.9897104899088542,0.9849405288696288,0.9927091598510742,0.5962066650390625,0.9939149220784506,0.012909337131924
gaussian,iid,W,1.0,8.0,24.0,256.0,0.0,0.0,0.79,12,0.9917125701904296,0.98909854888916,0.993366241455078,0.9303798675537108,0.994342803955078,0.0003173311280701
gaussian,iid,W,1.0,10.0,24.0,64.0,0.0,0.0,0.65,16,0.0180969238281249,0.0176060994466145,0.0191828409830729,0.0160929361979166,0.0221150716145833,2.5091998934469835e-06
gaussian,iid,W,1.0,10.0,24.0,64.0,0.0,0.0,0.7,32,0.0350697835286458,0.0299479166666666,0.0469614664713541,0.020294189453125,0.1391194661458333,0.0006286551795964
gaussian,iid,W,1.0,10.0,24.0,64.0,0.0,0.0,0.71,32,0.0653533935546875,0.0469029744466145,0.0975875854492187,0.0213216145833333,0.2196451822916666,0.0021406510847121
gaussian,iid,W,1.0,10.0,24.0,64.0,0.0,0.0,0.72,32,0.1265920003255208,0.0910669962565104,0.1589711507161458,0.0308736165364583,0.399993896484375,0.0055322847486595
gaussian,iid,W,1.0,10.0,24.0,64.0,0.0,0.0,0.73,32,0.2091522216796874,0.1464385986328125,0.2552719116210937,0.0699462890625,0.4027303059895833,0.0064347415083249
gaussian,iid,W,1.0,10.0,24.0,64.0,0.0,0.0,0.74,32,0.2935333251953125,0.2489496866861978,0.3622665405273437,0.1604817708333333,0.9396769205729166,0.021107621807968
gaussian,iid,W,1.0,10.0,24.0,64.0,0.0,0.0,0.75,32,0.4892985026041666,0.4303054809570312,0.739837646484375,0.31158447265625,0.987091064453125,0.0469452725558777
gaussian,iid,W,1.0,10.0,24.0,64.0,0.0,0.0,0.76,32,0.9692586263020831,0.803576151529948,0.9839146931966146,0.4927876790364583,0.9910888671875,0.030128169798031
gaussian,iid,W,1.0,10.0,24.0,64.0,0.0,0.0,0.77,32,0.9860483805338542,0.9835713704427084,0.9877599080403646,0.8425496419270834,0.9921468098958334,0.0012443306702305
gaussian,iid,W,1.0,10.0,24.0,64.0,0.0,0.0,0.78,32,0.9877726236979169,0.9855422973632812,0.989222208658854,0.9814554850260416,0.9925740559895834,7.155120596423166e-06
gaussian,iid,W,1.0,10.0,24.0,64.0,0.0,0.0,0.79,32,0.9894053141276042,0.9872512817382812,0.9902394612630208,0.9831034342447916,0.9931437174479166,6.186972809521545e-06
gaussian,iid,W,1.0,10.0,24.0,64.0,0.0,0.0,0.8,32,0.9905598958333331,0.9888407389322916,0.9912465413411458,0.9863789876302084,0.9934488932291666,3.199520212928595e-06
gaussian,iid,W,1.0,10.0,24.0,64.0,0.0,0.0,0.85,16,0.99432373046875,0.9935531616210938,0.995165506998698,0.9917399088541666,0.9959208170572916,1.2603760869414643e-06
gaussian,iid,W,1.0,10.0,24.0,128.0,0.0,0.0,0.65,12,0.0098762512207031,0.008886973063151,0.0105832417805989,0.008331298828125,0.0141779581705729,2.5197126281757965e-06
gaussian,iid,W,1.0,10.0,24.0,128.0,0.0,0.0,0.7,24,0.019903818766276,0.0167560577392577,0.0285600026448567,0.0133031209309895,0.0686747233072916,0.0001533660993887
gaussian,iid,W,1.0,10.0,24.0,128.0,0.0,0.0,0.71,24,0.0302785237630208,0.0237941741943359,0.0439453124999999,0.0218963623046875,0.0946807861328125,0.0005287373987255
gaussian,iid,W,1.0,10.0,24.0,128.0,0.0,0.0,0.72,24,0.0846201578776041,0.0688972473144531,0.1069183349609374,0.0431874593098958,0.1522903442382812,0.0008260573435835
gaussian,iid,W,1.0,10.0,24.0,128.0,0.0,0.0,0.73,24,0.1977717081705728,0.1319224039713541,0.2591508229573567,0.0808207194010416,0.3763478597005208,0.0086434157368281
gaussian,iid,W,1.0,10.0,24.0,128.0,0.0,0.0,0.74,24,0.429480234781901,0.3201560974121094,0.5089117685953777,0.1967188517252604,0.7219772338867188,0.0213792418440839
gaussian,iid,W,1.0,10.0,24.0,128.0,0.0,0.0,0.75,24,0.8640912373860676,0.5968068440755208,0.9799029032389324,0.4352645874023437,0.9931844075520834,0.0445788256735814
gaussian,iid,W,1.0,10.0,24.0,128.0,0.0,0.0,0.8,12,0.9950294494628906,0.9944674173990886,0.9954751332600912,0.9932454427083334,0.9957071940104166,5.060579429414732e-07
gaussian,iid,W,1.0,10.0,24.0,128.0,0.0,0.0,0.85,12,0.9973068237304688,0.9970703125,0.9974371592203776,0.9966328938802084,0.9977798461914062,9.637640362686381e-08
gaussian,iid,W,1.0,12.0,24.0,64.0,0.0,0.0,0.4,24,0.0115712483723958,0.0114720662434895,0.0118382771809895,0.01129150390625,0.0123189290364583,7.80014525169138e-08
gaussian,iid,W,1.0,12.0,24.0,64.0,0.0,0.0,0.4625,24,0.0129648844401041,0.0128021240234375,0.0132700602213541,0.0124409993489583,0.0144755045572916,1.9425930434331115e-07
gaussian,iid,W,1.0,12.0,24.0,64.0,0.0,0.0,0.525,24,0.0145721435546874,0.0143203735351562,0.0149485270182291,0.0138956705729166,0.0164082845052083,3.172368135141392e-07
gaussian,iid,W,1.0,12.0,24.0,64.0,0.0,0.0,0.5875,24,0.0173034667968749,0.0165608723958333,0.0178324381510416,0.01580810546875,0.0189107259114583,7.458527208022379e-07
gaussian,iid,W,1.0,12.0,24.0,64.0,0.0,0.0,0.65,24,0.0242563883463541,0.0216395060221354,0.0287501017252603,0.018890380859375,0.054931640625,8.591910263286507e-05
gaussian,iid,W,1.0,12.0,24.0,64.0,0.0,0.0,0.69623302,24,0.1338348388671874,0.1130727132161458,0.1715647379557291,0.0670878092447916,0.4261576334635417,0.0053744852801952
gaussian,iid,W,1.0,12.0,24.0,64.0,0.0,0.0,0.69873496,24,0.1652526855468749,0.1318283081054687,0.207196553548177,0.0674845377604166,0.4277242024739583,0.0070677152045608
gaussian,iid,W,1.0,12.0,24.0,64.0,0.0,0.0,0.69998593,48,0.1886850992838541,0.141766866048177,0.2480443318684895,0.0777689615885416,0.87103271484375,0.016004441344479
gaussian,iid,W,1.0,12.0,24.0,64.0,0.0,0.0,0.70029297,48,0.1887308756510416,0.1464284261067707,0.2504730224609374,0.0952351888020833,0.8710530598958334,0.0158454819903118
gaussian,iid,W,1.0,12.0,24.0,64.0,0.0,0.0,0.70078125,48,0.1887817382812499,0.1519165039062499,0.2764485677083333,0.071563720703125,0.871063232421875,0.0186677021528553
gaussian,iid,W,1.0,12.0,24.0,64.0,0.0,0.0,0.7012369,24,0.1841532389322916,0.1452382405598957,0.2489344278971354,0.1143290201822916,0.5347188313802084,0.0086959912237334
gaussian,iid,W,1.0,12.0,24.0,64.0,0.0,0.0,0.70373883,24,0.2138977050781249,0.1749267578125,0.2622528076171875,0.1273295084635416,0.5388387044270834,0.0089992745575118
gaussian,iid,W,1.0,12.0,24.0,64.0,0.0,0.0,0.70624077,24,0.2331085205078124,0.1988296508789062,0.2931340535481771,0.1295166015625,0.61956787109375,0.0108169296549426
gaussian,iid,W,1.0,12.0,24.0,64.0,0.0,0.0,0.70874271,24,0.2708536783854166,0.2145894368489583,0.3560231526692708,0.1297810872395833,0.6499532063802084,0.0159329189506513
gaussian,iid,W,1.0,12.0,24.0,64.0,0.0,0.0,0.71124464,24,0.2960001627604166,0.2505442301432292,0.431854248046875,0.1374715169270833,0.6806233723958334,0.0176847947822529
gaussian,iid,W,1.0,12.0,24.0,64.0,0.0,0.0,0.7125,24,0.2926127115885416,0.259552001953125,0.465301513671875,0.2223103841145833,0.8145243326822916,0.0290670603680185
gaussian,iid,W,1.0,12.0,24.0,64.0,0.0,0.0,0.71374658,24,0.4249267578125,0.273724873860677,0.4779103597005208,0.2235819498697916,0.8155415852864584,0.0289836356719286
gaussian,iid,W,1.0,12.0,24.0,64.0,0.0,0.0,0.71624852,24,0.4593556722005208,0.3658905029296875,0.6675364176432292,0.256744384765625,0.8161519368489584,0.0295190209799915
gaussian,iid,W,1.0,12.0,24.0,64.0,0.0,0.0,0.71787109,48,0.4990386962890625,0.4168370564778645,0.7194239298502605,0.2572021484375,0.9796854654947916,0.0390666866380265
gaussian,iid,W,1.0,12.0,24.0,64.0,0.0,0.0,0.71835938,48,0.4991404215494791,0.4234491984049479,0.7197621663411458,0.2572428385416667,0.9797261555989584,0.0377667188032334
gaussian,iid,W,1.0,12.0,24.0,64.0,0.0,0.0,0.71875045,48,0.5032094319661458,0.4251302083333333,0.7197799682617188,0.2574666341145833,0.9797770182291666,0.0376458582666026
gaussian,iid,W,1.0,12.0,24.0,64.0,0.0,0.0,0.72125239,24,0.4891560872395833,0.4289932250976562,0.7563323974609375,0.2869873046875,0.9766845703125,0.0442544482541518
gaussian,iid,W,1.0,12.0,24.0,64.0,0.0,0.0,0.72324219,48,0.6206461588541666,0.4604568481445312,0.8568572998046875,0.2871602376302083,0.988311767578125,0.0501278863424509
gaussian,iid,W,1.0,12.0,24.0,64.0,0.0,0.0,0.72373047,48,0.6611073811848958,0.4606653849283854,0.9030075073242188,0.28729248046875,0.988311767578125,0.0521846224712681
gaussian,iid,W,1.0,12.0,24.0,64.0,0.0,0.0,0.72375433,48,0.6611175537109375,0.4606653849283854,0.9030075073242188,0.28729248046875,0.988311767578125,0.0521852815776206
gaussian,iid,W,1.0,12.0,24.0,64.0,0.0,0.0,0.72470703,48,0.67431640625,0.4736429850260416,0.9266077677408856,0.2901407877604167,0.988433837890625,0.0545767207352104
gaussian,iid,W,1.0,12.0,24.0,64.0,0.0,0.0,0.72500529,48,0.7019246419270834,0.4747695922851562,0.9687423706054688,0.2901611328125,0.988433837890625,0.0562885104101264
gaussian,iid,W,1.0,12.0,24.0,64.0,0.0,0.0,0.72519531,48,0.7196706136067709,0.497418721516927,0.9687550862630208,0.2901814778645833,0.988433837890625,0.0527095139041595
gaussian,iid,W,1.0,12.0,24.0,64.0,0.0,0.0,0.72625626,24,0.6923014322916666,0.4897791544596354,0.9692357381184896,0.2902425130208333,0.9884847005208334,0.0537044170354575
gaussian,iid,W,1.0,12.0,24.0,64.0,0.0,0.0,0.7287582,24,0.7577667236328125,0.4875513712565104,0.969690958658854,0.3657633463541667,0.9897257486979166,0.0581377105209631
gaussian,iid,W,1.0,12.0,24.0,64.0,0.0,0.0,0.73007812,48,0.938079833984375,0.6465911865234375,0.9824167887369792,0.3076883951822917,0.990142822265625,0.0462350011577534
gaussian,iid,W,1.0,12.0,24.0,64.0,0.0,0.0,0.73056641,48,0.9380950927734376,0.646636962890625,0.982988993326823,0.3076985677083333,0.9901631673177084,0.0448955127270708
gaussian,iid,W,1.0,12.0,24.0,64.0,0.0,0.0,0.73105469,48,0.9635162353515624,0.6790771484375,0.9849878946940104,0.4359334309895833,0.99139404296875,0.0369639549018349
gaussian,iid,W,1.0,12.0,24.0,64.0,0.0,0.0,0.73126014,24,0.9323323567708334,0.6991780598958333,0.985748291015625,0.4836018880208333,0.99139404296875,0.0349098207103238
gaussian,iid,W,1.0,12.0,24.0,64.0,0.0,0.0,0.73376207,24,0.967864990234375,0.6999282836914062,0.9872996012369792,0.4853922526041667,0.9919535319010416,0.035687225117744
gaussian,iid,W,1.0,12.0,24.0,64.0,0.0,0.0,0.73642578,24,0.974278767903646,0.7000834147135416,0.9879531860351562,0.4849751790364583,0.9925740559895834,0.0359066361109628
gaussian,iid,W,1.0,12.0,24.0,64.0,0.0,0.0,0.73886719,24,0.9872283935546876,0.8398030598958334,0.9887466430664062,0.486480712890625,0.99273681640625,0.0244227752693885
gaussian,iid,W,1.0,12.0,24.0,64.0,0.0,0.0,0.74033203,48,0.9867502848307292,0.9811935424804688,0.9887669881184896,0.4866536458333333,0.9928690592447916,0.0126542955735321
gaussian,iid,W,1.0,12.0,24.0,64.0,0.0,0.0,0.74082031,48,0.9868316650390624,0.9815266927083334,0.9888763427734376,0.486663818359375,0.9928690592447916,0.012664318388369
gaussian,iid,W,1.0,12.0,24.0,64.0,0.0,0.0,0.74130859,48,0.9870045979817708,0.9815826416015624,0.989166259765625,0.4871927897135417,0.992919921875,0.0126553523413219
gaussian,iid,W,1.0,12.0,24.0,64.0,0.0,0.0,0.74179688,24,0.9879099527994792,0.9824600219726562,0.9894205729166666,0.4872233072916667,0.9929300944010416,0.015385933850079
gaussian,iid,W,1.0,12.0,24.0,64.0,0.0,0.0,0.74423828,24,0.9884745279947916,0.985132853190104,0.9895528157552084,0.7104593912760416,0.9930013020833334,0.0062208303103025
gaussian,iid,W,1.0,12.0,24.0,64.0,0.0,0.0,0.75449219,24,0.9904378255208331,0.9885533650716146,0.9918060302734376,0.963836669921875,0.9936421712239584,3.59570778510421e-05
gaussian,iid,W,1.0,12.0,24.0,64.0,0.0,0.0,0.76474609,24,0.9911600748697916,0.990509033203125,0.9925715128580728,0.9875996907552084,0.9942728678385416,3.1072158597397208e-06
gaussian,iid,W,1.0,12.0,24.0,64.0,0.0,0.0,0.775,24,0.9926350911458334,0.9914805094401042,0.9931284586588542,0.9885457356770834,0.99462890625,2.4600321540965864e-06
gaussian,iid,W,1.0,12.0,24.0,64.0,0.0,0.0,0.8375,24,0.9963531494140624,0.9958394368489584,0.9967981974283854,0.9951985677083334,0.997528076171875,3.9671642192895465e-07
gaussian,iid,W,1.0,12.0,24.0,64.0,0.0,0.0,0.9,24,0.998199462890625,0.9979832967122396,0.9984766642252604,0.997650146484375,0.9986673990885416,8.683177026141572e-08
gaussian,iid,W,1.0,12.0,24.0,128.0,0.0,0.0,0.69623302,16,0.1283175150553385,0.0964393615722656,0.1573232014973958,0.0531489054361979,0.2480443318684896,0.0032303912894686
gaussian,iid,W,1.0,12.0,24.0,128.0,0.0,0.0,0.69873496,16,0.1411043802897135,0.1150442759195963,0.1581713358561197,0.0698216756184895,0.2842152913411458,0.0037868763078693
gaussian,iid,W,1.0,12.0,24.0,128.0,0.0,0.0,0.7012369,16,0.1623980204264322,0.1430320739746093,0.2310810089111327,0.0704727172851562,0.299939473470052,0.003828861297936
gaussian,iid,W,1.0,12.0,24.0,128.0,0.0,0.0,0.70248787,32,0.1931991577148437,0.1622619628906249,0.2461395263671874,0.0713297526041666,0.3549474080403645,0.0045073039701788
gaussian,iid,W,1.0,12.0,24.0,128.0,0.0,0.0,0.70273438,32,0.1965115865071614,0.1627190907796223,0.246527353922526,0.071332295735677,0.3549448649088542,0.0043013775314821
gaussian,iid,W,1.0,12.0,24.0,128.0,0.0,0.0,0.70322266,32,0.2025159200032552,0.1643937428792317,0.2585582733154296,0.0713348388671875,0.3766047159830729,0.0056919192384711
gaussian,iid,W,1.0,12.0,24.0,128.0,0.0,0.0,0.70373883,16,0.2101542154947916,0.159616470336914,0.2585709889729817,0.0714391072591145,0.3501358032226562,0.0059818516737356
gaussian,iid,W,1.0,12.0,24.0,128.0,0.0,0.0,0.70624077,16,0.2778244018554687,0.2240435282389322,0.338418960571289,0.1312967936197916,0.4207661946614583,0.0058481165289574
gaussian,iid,W,1.0,12.0,24.0,128.0,0.0,0.0,0.70874271,16,0.3945541381835937,0.3445644378662109,0.4591134389241537,0.1946309407552083,0.6771062215169271,0.0206324649676928
gaussian,iid,W,1.0,12.0,24.0,128.0,0.0,0.0,0.71124464,32,0.4399820963541666,0.3735243479410807,0.5318997701009114,0.2730280558268229,0.991856892903646,0.0193648817450111
gaussian,iid,W,1.0,12.0,24.0,128.0,0.0,0.0,0.71152344,32,0.4403724670410156,0.3735911051432291,0.5319112141927084,0.2881927490234375,0.9918670654296876,0.0191262402891932
gaussian,iid,W,1.0,12.0,24.0,128.0,0.0,0.0,0.71201172,32,0.4749120076497395,0.4050776163736979,0.5429267883300781,0.2490056355794271,0.9918797810872396,0.018130882984579
gaussian,iid,W,1.0,12.0,24.0,128.0,0.0,0.0,0.71374658,16,0.5472997029622395,0.485059102376302,0.6558742523193359,0.287976582845052,0.991943359375,0.0339314993770299
gaussian,iid,W,1.0,12.0,24.0,128.0,0.0,0.0,0.71624852,16,0.5576985677083334,0.5146891276041666,0.6571731567382812,0.4642384847005208,0.9934234619140624,0.0262130270555779
gaussian,iid,W,1.0,12.0,24.0,128.0,0.0,0.0,0.71689453,16,0.5833269755045574,0.5346870422363281,0.6969877878824869,0.5056279500325521,0.993438720703125,0.0251656588634499
gaussian,iid,W,1.0,12.0,24.0,128.0,0.0,0.0,0.71749948,32,0.639441172281901,0.5209795633951823,0.7776648203531901,0.2595138549804687,0.9934717814127604,0.0366854263146409
gaussian,iid,W,1.0,12.0,24.0,128.0,0.0,0.0,0.71787109,32,0.6552708943684895,0.535101572672526,0.8473656972249349,0.2595163981119792,0.9935404459635416,0.0451597571070212
gaussian,iid,W,1.0,12.0,24.0,128.0,0.0,0.0,0.71835938,32,0.655286153157552,0.5353978474934895,0.8474521636962891,0.2595799763997395,0.993621826171875,0.0447940767844296
gaussian,iid,W,1.0,12.0,24.0,128.0,0.0,0.0,0.71875045,16,0.6396395365397136,0.5405540466308594,0.9880002339680988,0.5141652425130209,0.9936701456705728,0.0409659061643146
gaussian,iid,W,1.0,12.0,24.0,128.0,0.0,0.0,0.71933594,16,0.7428805033365885,0.5549341837565104,0.9885946909586588,0.5141830444335938,0.993665059407552,0.0451926858340879
gaussian,iid,W,1.0,12.0,24.0,128.0,0.0,0.0,0.72000142,32,0.78497314453125,0.5656356811523438,0.9880167643229166,0.3213780721028645,0.9939066569010416,0.0471693863049082
gaussian,iid,W,1.0,12.0,24.0,128.0,0.0,0.0,0.7203125,32,0.7850227355957031,0.5732415517171224,0.9885838826497396,0.3241043090820312,0.9939142862955728,0.0466799023546314
gaussian,iid,W,1.0,12.0,24.0,128.0,0.0,0.0,0.72080078,32,0.9825350443522136,0.642645517985026,0.990320841471354,0.3241246541341145,0.993921915690104,0.045771238905198
gaussian,iid,W,1.0,12.0,24.0,128.0,0.0,0.0,0.72125239,16,0.9875768025716144,0.7439587910970052,0.992149353027344,0.5312525431315104,0.9939397176106772,0.0315327655722083
gaussian,iid,W,1.0,12.0,24.0,128.0,0.0,0.0,0.72375433,32,0.9866676330566406,0.7406768798828125,0.9923210144042968,0.4850921630859375,0.9935124715169272,0.0283033732071301
gaussian,iid,W,1.0,12.0,24.0,128.0,0.0,0.0,0.72421875,32,0.9873530069986978,0.8251546223958334,0.9926586151123048,0.485107421875,0.9935862223307292,0.0252326366683594
gaussian,iid,W,1.0,12.0,24.0,128.0,0.0,0.0,0.72470703,32,0.9889996846516926,0.8470033009847006,0.9927342732747396,0.4852142333984375,0.9937642415364584,0.0222748699551529
gaussian,iid,W,1.0,12.0,24.0,128.0,0.0,0.0,0.72500529,16,0.992479960123698,0.9896361033121744,0.993139902750651,0.7415568033854166,0.9936472574869792,0.0047983275363178
gaussian,iid,W,1.0,12.0,24.0,128.0,0.0,0.0,0.72568359,16,0.9924964904785156,0.989646275838216,0.993258794148763,0.7415695190429688,0.9938278198242188,0.0038976480088119
gaussian,iid,W,1.0,12.0,24.0,128.0,0.0,0.0,0.72625626,16,0.992505391438802,0.9896863301595052,0.9932791392008464,0.7415847778320312,0.9938405354817708,0.0038989712216587
gaussian,iid,W,1.0,12.0,24.0,128.0,0.0,0.0,0.7287582,16,0.992839813232422,0.989924112955729,0.9934202829996744,0.7418187459309896,0.994232177734375,0.0039008036311888
gaussian,iid,W,1.0,12.0,24.0,128.0,0.0,0.0,0.73126014,16,0.9933357238769532,0.9928709665934244,0.9939002990722656,0.976226806640625,0.9946695963541666,2.437723211456889e-05
gaussian,iid,W,1.0,12.0,24.0,128.0,0.0,0.0,0.73376207,16,0.9936065673828124,0.993188222249349,0.9940408070882162,0.985338846842448,0.9947942097981772,5.0640293112437975e-06
gaussian,iid,W,1.0,12.0,24.0,256.0,0.0,0.0,0.69623302,8,0.0927562713623046,0.0834167798360188,0.111678123474121,0.0641689300537109,0.1674321492513021,0.0011755699198681
gaussian,iid,W,1.0,12.0,24.0,256.0,0.0,0.0,0.69873496,8,0.1439622243245442,0.1219339370727538,0.1528854370117186,0.0943584442138671,0.1980196634928385,0.0010446223634914
gaussian,iid,W,1.0,12.0,24.0,256.0,0.0,0.0,0.70029297,16,0.1693426767985025,0.1477424303690592,0.2080081303914387,0.1100025177001953,0.3279558817545573,0.0048293118730102
gaussian,iid,W,1.0,12.0,24.0,256.0,0.0,0.0,0.70078125,16,0.1764411926269531,0.1502086321512858,0.2523007392883301,0.110019048055013,0.3380311330159505,0.0062869527624419
gaussian,iid,W,1.0,12.0,24.0,256.0,0.0,0.0,0.7012369,16,0.1912762324015299,0.1713247299194335,0.2523802121480305,0.1100540161132812,0.3380362192789714,0.0051498848567613
gaussian,iid,W,1.0,12.0,24.0,256.0,0.0,0.0,0.70373883,8,0.279513676961263,0.2270312309265136,0.348023255666097,0.202301025390625,0.4274673461914062,0.0067190103487114
gaussian,iid,W,1.0,12.0,24.0,256.0,0.0,0.0,0.70624077,8,0.4286158879597981,0.3358832995096842,0.4680070877075195,0.2644913991292317,0.6122220357259115,0.0124491306818281
gaussian,iid,W,1.0,12.0,24.0,256.0,0.0,0.0,0.70810547,16,0.4531596501668294,0.3154255549112955,0.5808491706848145,0.2675056457519531,0.8482977549235026,0.0317381126820809
gaussian,iid,W,1.0,12.0,24.0,256.0,0.0,0.0,0.70859375,16,0.4910376866658529,0.4008533159891764,0.6320727666219076,0.2728602091471354,0.8483053843180338,0.0308828115235209
gaussian,iid,W,1.0,12.0,24.0,256.0,0.0,0.0,0.70874271,16,0.4910462697347005,0.4008639653523762,0.6320778528849285,0.2728633880615234,0.8483060201009115,0.0308820085676483
gaussian,iid,W,1.0,12.0,24.0,256.0,0.0,0.0,0.70957031,8,0.4948310852050781,0.4424076080322265,0.6321037610371907,0.3457533518473307,0.7416547139485677,0.0187856114602225
gaussian,iid,W,1.0,12.0,24.0,256.0,0.0,0.0,0.70999368,8,0.6241188049316406,0.5077966054280598,0.7079741160074869,0.4348837534586589,0.7416591644287109,0.0141878815762567
gaussian,iid,W,1.0,12.0,24.0,256.0,0.0,0.0,0.71005859,16,0.5968087514241537,0.542009671529134,0.7081313133239746,0.3909187316894531,0.9779688517252604,0.0216022864091293
gaussian,iid,W,1.0,12.0,24.0,256.0,0.0,0.0,0.71054688,16,0.5968510309855143,0.5297470092773438,0.7581793467203776,0.3909371693929036,0.9954420725504556,0.0393187942331779
gaussian,iid,W,1.0,12.0,24.0,256.0,0.0,0.0,0.71103516,16,0.656567891438802,0.5297540028889974,0.9797261555989584,0.3909816741943359,0.9954458872477212,0.0506921477956169
gaussian,iid,W,1.0,12.0,24.0,256.0,0.0,0.0,0.71124464,16,0.6565999984741211,0.5297678311665853,0.8503328959147135,0.3909842173258464,0.9897435506184896,0.0447451413814363
gaussian,iid,W,1.0,12.0,24.0,256.0,0.0,0.0,0.71152344,16,0.6567586263020833,0.5487556457519531,0.9798140525817872,0.3911062876383464,0.9954357147216796,0.0496857079508589
gaussian,iid,W,1.0,12.0,24.0,256.0,0.0,0.0,0.71201172,16,0.7148510615030924,0.5488580067952474,0.9858826001485188,0.3911272684733073,0.995457967122396,0.0533801465705336
gaussian,iid,W,1.0,12.0,24.0,256.0,0.0,0.0,0.71249561,16,0.7687737147013346,0.5713008244832357,0.9925155639648438,0.3915284474690755,0.9954694112141927,0.0507312242652511
gaussian,iid,W,1.0,12.0,24.0,256.0,0.0,0.0,0.7125,16,0.7687737147013346,0.5713008244832357,0.9925155639648438,0.3915284474690755,0.9954694112141927,0.0507312242652511
gaussian,iid,W,1.0,12.0,24.0,256.0,0.0,0.0,0.71298828,16,0.8585961659749348,0.5713159243265787,0.9936111768086752,0.3915894826253255,0.995480219523112,0.0535762329680639
gaussian,iid,W,1.0,12.0,24.0,256.0,0.0,0.0,0.71347656,16,0.9900499979654948,0.6050659815470378,0.9940656026204426,0.3917039235432942,0.9959036509195964,0.0514800099273863
gaussian,iid,W,1.0,12.0,24.0,256.0,0.0,0.0,0.71374658,8,0.9931713740030924,0.6005150477091471,0.9947519302368164,0.5051250457763672,0.9958972930908204,0.051839868654201
gaussian,iid,W,1.0,12.0,24.0,256.0,0.0,0.0,0.71624852,8,0.993213971455892,0.664330800374349,0.9949143727620444,0.5053641001383463,0.9960676829020182,0.0437724117406351
gaussian,iid,W,1.0,12.0,24.0,256.0,0.0,0.0,0.71689453,8,0.9937028884887696,0.9074424107869468,0.995164394378662,0.505456288655599,0.9960734049479166,0.0364925522173998
gaussian,iid,W,1.0,12.0,24.0,256.0,0.0,0.0,0.71738281,16,0.9921363194783528,0.9799609184265136,0.9943774541219076,0.5054836273193359,0.9960784912109376,0.0223082613065141
gaussian,iid,W,1.0,12.0,24.0,256.0,0.0,0.0,0.71749948,16,0.9921785990397136,0.9799655278523765,0.9943817456563312,0.5054848988850912,0.996081034342448,0.0223077328947729
gaussian,iid,W,1.0,12.0,24.0,256.0,0.0,0.0,0.71787109,16,0.9931923548380536,0.987098217010498,0.9951143264770508,0.5055789947509766,0.9960924784342448,0.01827322251462
gaussian,iid,W,1.0,12.0,24.0,256.0,0.0,0.0,0.71835938,8,0.9946333567301432,0.9938249588012696,0.9958289464314778,0.9832032521565756,0.99609375,1.8232876401371784e-05
gaussian,iid,W,1.0,12.0,24.0,256.0,0.0,0.0,0.71875045,8,0.9952157338460286,0.9940265019734702,0.9958322842915852,0.9832127888997396,0.9961020151774088,1.8675167117930995e-05
gaussian,iid,W,1.0,12.0,24.0,256.0,0.0,0.0,0.72125239,8,0.995287577311198,0.9946565628051758,0.996119499206543,0.9832363128662108,0.9961598714192708,1.9107245955797096e-05
gaussian,iid,W,1.0,12.0,24.0,256.0,0.0,0.0,0.72375433,8,0.9960635503133136,0.9950517018636068,0.9962100982666016,0.9943745930989584,0.996280034383138,5.423111620724674e-07
gaussian,iid,W,1.0,12.0,24.0,256.0,0.0,0.0,0.72625626,8,0.9962457021077477,0.9953417778015136,0.99638032913208,0.9944534301757812,0.996761957804362,6.197300290440512e-07
gaussian,iid,W,1.0,12.0,24.0,256.0,0.0,0.0,0.7287582,8,0.9963375727335612,0.995443026224772,0.9965790112813312,0.9947242736816406,0.9970595041910808,7.109819134279225e-07
gaussian,iid,W,1.0,12.0,24.0,256.0,0.0,0.0,0.73126014,8,0.9963687260945636,0.9957052866617838,0.9966661135355632,0.9952513376871744,0.9971497853597006,4.916280251188503e-07
gaussian,iid,W,1.0,12.0,24.0,256.0,0.0,0.0,0.73376207,8,0.9964701334635416,0.995851993560791,0.9969488779703776,0.9957447052001952,0.9972222646077474,3.775262773579322e-07
gaussian,rank_iso_1R,alpha,-1.0,7.0,24.0,64.0,2.0,2.0,0.04461264,24,0.8349202473958333,0.5564905802408854,0.9751739501953124,0.32781982421875,0.9808247884114584,0.0497977454078439
gaussian,rank_iso_1R,alpha,-1.0,7.0,24.0,64.0,2.0,2.0,0.06876669,24,0.8011728922526042,0.58709716796875,0.9595057169596354,0.3606669108072917,0.9854736328125,0.0414813682959968
gaussian,rank_iso_1R,alpha,-1.0,7.0,24.0,64.0,2.0,2.0,0.09292074,24,0.814788818359375,0.7007776896158854,0.9662017822265624,0.4580891927083333,0.9796854654947916,0.0312756349373122
gaussian,rank_iso_1R,alpha,-1.0,7.0,24.0,64.0,2.0,2.0,0.11707479,24,0.7763010660807292,0.6542587280273438,0.8974151611328125,0.459381103515625,0.9785868326822916,0.027555991497885
gaussian,rank_iso_1R,alpha,-1.0,7.0,24.0,64.0,2.0,2.0,0.125,24,0.7541910807291666,0.5744984944661459,0.8975702921549479,0.4596964518229167,0.9781494140625,0.0321556661373991
gaussian,rank_iso_1R,alpha,-1.0,7.0,24.0,64.0,2.0,2.0,0.14122884,24,0.7529703776041666,0.4916330973307292,0.9222208658854166,0.3672281901041667,0.9780476888020834,0.04934635249022
gaussian,rank_iso_1R,alpha,-1.0,7.0,24.0,64.0,2.0,2.0,0.16538289,24,0.7537587483723959,0.5343475341796875,0.8570327758789062,0.3650716145833333,0.9776509602864584,0.0396897762964349
gaussian,rank_iso_1R,alpha,-1.0,7.0,24.0,64.0,2.0,2.0,0.17285156,48,0.6645456949869792,0.4388936360677083,0.903795878092448,0.2719828287760417,0.982147216796875,0.0549831731381427
gaussian,rank_iso_1R,alpha,-1.0,7.0,24.0,64.0,2.0,2.0,0.17382812,48,0.6646219889322916,0.4389190673828125,0.9037068684895834,0.2719217936197917,0.9818216959635416,0.0551220168782672
gaussian,rank_iso_1R,alpha,-1.0,7.0,24.0,64.0,2.0,2.0,0.17480469,48,0.6633402506510417,0.4389063517252604,0.860272725423177,0.2719217936197917,0.9816691080729166,0.0522915010431882
gaussian,rank_iso_1R,alpha,-1.0,7.0,24.0,64.0,2.0,2.0,0.18261719,48,0.5966033935546875,0.4264729817708333,0.8956985473632812,0.218719482421875,0.979583740234375,0.0578862300081273
gaussian,rank_iso_1R,alpha,-1.0,7.0,24.0,64.0,2.0,2.0,0.18359375,48,0.5962066650390625,0.4515253702799479,0.846038818359375,0.2186482747395833,0.9796956380208334,0.0535699317379564
gaussian,rank_iso_1R,alpha,-1.0,7.0,24.0,64.0,2.0,2.0,0.18457031,48,0.5961405436197917,0.4622141520182292,0.8382670084635416,0.2186482747395833,0.979583740234375,0.0505017839155932
gaussian,rank_iso_1R,alpha,-1.0,7.0,24.0,64.0,2.0,2.0,0.18953695,24,0.5857493082682292,0.4625600179036458,0.7284596761067709,0.3787333170572917,0.9043172200520834,0.0283981431628039
gaussian,rank_iso_1R,alpha,-1.0,7.0,24.0,64.0,2.0,2.0,0.213691,24,0.59228515625,0.4594650268554687,0.779192606608073,0.180511474609375,0.982635498046875,0.0457138118938499
gaussian,rank_iso_1R,alpha,-1.0,7.0,24.0,64.0,2.0,2.0,0.23784505,24,0.5362447102864583,0.423261006673177,0.6322504679361979,0.1446126302083333,0.8845316569010416,0.0324103750780392
gaussian,rank_iso_1R,alpha,-1.0,7.0,24.0,64.0,2.0,2.0,0.24609375,48,0.4720458984375,0.3721872965494792,0.6551920572916666,0.1453450520833333,0.9806315104166666,0.0471065352472969
gaussian,rank_iso_1R,alpha,-1.0,7.0,24.0,64.0,2.0,2.0,0.24707031,48,0.4705301920572916,0.3216832478841145,0.6381403605143229,0.145263671875,0.9806315104166666,0.0472864901787881
gaussian,rank_iso_1R,alpha,-1.0,7.0,24.0,64.0,2.0,2.0,0.24804688,48,0.4460194905598958,0.321624755859375,0.6234207153320312,0.1612548828125,0.9806315104166666,0.0461245418098366
gaussian,rank_iso_1R,alpha,-1.0,7.0,24.0,64.0,2.0,2.0,0.25,24,0.4458414713541666,0.3486963907877604,0.6377766927083334,0.1605224609375,0.9221700032552084,0.0359571032875087
gaussian,rank_iso_1R,alpha,-1.0,7.0,24.0,64.0,2.0,2.0,0.2619991,24,0.4137064615885416,0.3243179321289062,0.5084711710611979,0.2426045735677083,0.9176025390625,0.0295427127105023
gaussian,rank_iso_1R,alpha,-1.0,7.0,24.0,64.0,2.0,2.0,0.28615315,24,0.3740234375,0.316741943359375,0.4541854858398437,0.22119140625,0.761077880859375,0.0208370439204328
gaussian,rank_iso_1R,alpha,-1.0,7.0,24.0,64.0,2.0,2.0,0.3103072,24,0.2918548583984375,0.2177225748697916,0.3630218505859375,0.15155029296875,0.663238525390625,0.0167896401198226
gaussian,rank_iso_1R,alpha,-1.0,7.0,24.0,64.0,2.0,2.0,0.33446125,24,0.275390625,0.1635182698567707,0.3294474283854166,0.1046244303385416,0.5799357096354166,0.0140195848439383
gaussian,rank_iso_1R,alpha,-1.0,7.0,24.0,64.0,2.0,2.0,0.3586153,24,0.1821594238281249,0.1308517456054687,0.246045430501302,0.068939208984375,0.4236246744791667,0.0093221986019944
gaussian,rank_iso_1R,alpha,-1.0,7.0,24.0,64.0,2.0,2.0,0.359375,48,0.1790364583333333,0.1208902994791666,0.2379302978515624,0.06781005859375,0.6017049153645834,0.01465323407762
gaussian,rank_iso_1R,alpha,-1.0,7.0,24.0,64.0,2.0,2.0,0.36035156,48,0.17510986328125,0.1207122802734375,0.2295455932617187,0.0677490234375,0.5779317220052084,0.0119168057880335
gaussian,rank_iso_1R,alpha,-1.0,7.0,24.0,64.0,2.0,2.0,0.36132812,48,0.1751963297526041,0.1188837687174478,0.2177022298177083,0.0677083333333333,0.5779317220052084,0.0104681447205108
gaussian,rank_iso_1R,alpha,-1.0,7.0,24.0,64.0,2.0,2.0,0.375,24,0.1602681477864583,0.1067555745442707,0.2274246215820312,0.0568644205729166,0.475433349609375,0.0118359915084309
gaussian,rank_iso_1R,alpha,-1.0,7.0,24.0,64.0,2.0,2.0,0.38276936,24,0.1540425618489583,0.106427510579427,0.2279103597005207,0.0562032063802083,0.4807840983072917,0.012056263844556
gaussian,rank_iso_1R,alpha,-1.0,7.0,24.0,64.0,2.0,2.0,0.40692341,24,0.1293996175130208,0.1063563028971353,0.2051188151041666,0.050018310546875,0.395965576171875,0.0079495710547227
gaussian,rank_iso_1R,alpha,-1.0,7.0,24.0,64.0,2.0,2.0,0.5,24,0.0480295817057291,0.0395355224609374,0.073895772298177,0.018768310546875,0.33489990234375,0.0037519677021749
gaussian,rank_iso_1R,alpha,-1.0,7.0,24.0,64.0,2.0,2.0,0.625,24,0.0177052815755208,0.0124994913736978,0.0216852823893229,0.0074462890625,0.0454508463541666,0.0001024234074133
gaussian,rank_iso_1R,alpha,-1.0,7.0,24.0,64.0,2.0,2.0,0.75,24,0.00616455078125,0.004803975423177,0.0080820719401041,0.0027872721354166,0.0334574381510416,3.830082459606211e-05
gaussian,rank_iso_1R,alpha,-1.0,7.0,24.0,64.0,2.0,2.0,0.875,24,0.0022328694661458,0.0017751057942707,0.0027109781901041,0.0014851888020833,0.0173441569010416,1.3310209534546362e-05
gaussian,rank_iso_1R,alpha,-1.0,7.0,24.0,64.0,2.0,2.0,1.0,24,0.0005798339843749,0.000518798828125,0.0006688435872395,0.000396728515625,0.0012308756510416,3.9015817133504127e-08
gaussian,rank_iso_1R,alpha,-1.0,7.0,24.0,128.0,2.0,2.0,0.04461264,16,0.9865646362304688,0.9848740895589192,0.988849639892578,0.6364949544270834,0.9915593465169272,0.0132320529949167
gaussian,rank_iso_1R,alpha,-1.0,7.0,24.0,128.0,2.0,2.0,0.06876669,16,0.9874178568522136,0.9838002522786458,0.9885972340901692,0.6647466023763021,0.990966796875,0.0064763924533542
gaussian,rank_iso_1R,alpha,-1.0,7.0,24.0,128.0,2.0,2.0,0.08398438,32,0.986047108968099,0.9809964497884116,0.9879347483317056,0.5234095255533854,0.9908599853515624,0.0186781321170716
gaussian,rank_iso_1R,alpha,-1.0,7.0,24.0,128.0,2.0,2.0,0.08496094,32,0.9858004252115886,0.978415807088216,0.9879500071207684,0.5234146118164062,0.990870157877604,0.0186144904911809
gaussian,rank_iso_1R,alpha,-1.0,7.0,24.0,128.0,2.0,2.0,0.0859375,32,0.9854532877604169,0.9559624989827472,0.9875901540120442,0.5234476725260416,0.9908650716145834,0.0226932702294547
gaussian,rank_iso_1R,alpha,-1.0,7.0,24.0,128.0,2.0,2.0,0.09292074,16,0.9849751790364584,0.9336961110432944,0.987513224283854,0.481091817220052,0.990918477376302,0.0240431600559666
gaussian,rank_iso_1R,alpha,-1.0,7.0,24.0,128.0,2.0,2.0,0.11707479,16,0.984760284423828,0.9132232666015624,0.988043467203776,0.4782867431640625,0.9911270141601562,0.0297225389525852
gaussian,rank_iso_1R,alpha,-1.0,7.0,24.0,128.0,2.0,2.0,0.14122884,16,0.980737050374349,0.9227046966552734,0.9861818949381508,0.6257171630859375,0.9911041259765624,0.0152478287722732
gaussian,rank_iso_1R,alpha,-1.0,7.0,24.0,128.0,2.0,2.0,0.16538289,16,0.9738489786783854,0.6826686859130859,0.981183369954427,0.378491719563802,0.9878387451171876,0.0366373594502942
gaussian,rank_iso_1R,alpha,-1.0,7.0,24.0,128.0,2.0,2.0,0.18945312,32,0.9370702107747396,0.6602223714192709,0.9818763732910156,0.3836135864257812,0.9888890584309896,0.0398347905388276
gaussian,rank_iso_1R,alpha,-1.0,7.0,24.0,128.0,2.0,2.0,0.18953695,32,0.9591039021809896,0.6602153778076172,0.9818731943766276,0.3836263020833333,0.9888814290364584,0.040588311632798
gaussian,rank_iso_1R,alpha,-1.0,7.0,24.0,128.0,2.0,2.0,0.19042969,32,0.9591026306152344,0.6597328186035156,0.98188845316569,0.3836135864257812,0.988878885904948,0.0429445150772303
gaussian,rank_iso_1R,alpha,-1.0,7.0,24.0,128.0,2.0,2.0,0.19140625,32,0.9591064453125,0.6733474731445312,0.9810396830240884,0.3838602701822917,0.9888636271158854,0.0433112007298907
gaussian,rank_iso_1R,alpha,-1.0,7.0,24.0,128.0,2.0,2.0,0.19238281,32,0.959100087483724,0.6575241088867188,0.981024424235026,0.3838246663411458,0.988855997721354,0.0402738788693193
gaussian,rank_iso_1R,alpha,-1.0,7.0,24.0,128.0,2.0,2.0,0.19335938,32,0.9590962727864584,0.6223494211832682,0.9800872802734376,0.3838399251302083,0.9880828857421876,0.0440198658588899
gaussian,rank_iso_1R,alpha,-1.0,7.0,24.0,128.0,2.0,2.0,0.213691,16,0.7834383646647136,0.5166327158610026,0.9766635894775392,0.3321024576822917,0.9884694417317708,0.0639596200276207
gaussian,rank_iso_1R,alpha,-1.0,7.0,24.0,128.0,2.0,2.0,0.23784505,16,0.5741793314615885,0.4482828776041666,0.971133550008138,0.3206405639648437,0.98211669921875,0.0671076396772318
gaussian,rank_iso_1R,alpha,-1.0,7.0,24.0,128.0,2.0,2.0,0.24316406,32,0.5522880554199219,0.3808129628499349,0.7819925944010417,0.241546630859375,0.9875895182291666,0.055358846648278
gaussian,rank_iso_1R,alpha,-1.0,7.0,24.0,128.0,2.0,2.0,0.24414062,32,0.5504926045735676,0.3838221232096354,0.7818164825439453,0.2532094319661458,0.9875920613606772,0.0530311481016923
gaussian,rank_iso_1R,alpha,-1.0,7.0,24.0,128.0,2.0,2.0,0.24511719,32,0.547620137532552,0.383917490641276,0.7429726918538412,0.2321039835611979,0.9875869750976562,0.0501611124850618
gaussian,rank_iso_1R,alpha,-1.0,7.0,24.0,128.0,2.0,2.0,0.24804688,32,0.570971171061198,0.4049612681070963,0.7436784108479817,0.2319819132486979,0.987574259440104,0.0472124057097293
gaussian,rank_iso_1R,alpha,-1.0,7.0,24.0,128.0,2.0,2.0,0.24902344,32,0.5474510192871094,0.3837846120198567,0.7105318705240885,0.2318649291992187,0.9859593709309896,0.041575556582046
gaussian,rank_iso_1R,alpha,-1.0,7.0,24.0,128.0,2.0,2.0,0.24992207,32,0.5475565592447917,0.3822523752848307,0.7105553944905599,0.1950861612955729,0.9827728271484376,0.0411402954309208
gaussian,rank_iso_1R,alpha,-1.0,7.0,24.0,128.0,2.0,2.0,0.2619991,16,0.5175463358561198,0.3334827423095703,0.64447021484375,0.1951268513997396,0.9764556884765624,0.0492585777372975
gaussian,rank_iso_1R,alpha,-1.0,7.0,24.0,128.0,2.0,2.0,0.26269531,32,0.5650240580240885,0.3435039520263672,0.6516386667887369,0.1638031005859375,0.9764607747395834,0.0427148961624746
gaussian,rank_iso_1R,alpha,-1.0,7.0,24.0,128.0,2.0,2.0,0.26367188,32,0.5650227864583333,0.3591492970784505,0.6429646809895833,0.1637827555338541,0.976476033528646,0.0375165463847224
gaussian,rank_iso_1R,alpha,-1.0,7.0,24.0,128.0,2.0,2.0,0.26464844,32,0.5650164286295574,0.3591906229654947,0.6427377065022787,0.1638844807942708,0.976476033528646,0.0373993476716683
gaussian,rank_iso_1R,alpha,-1.0,7.0,24.0,128.0,2.0,2.0,0.28615315,16,0.3361562093098958,0.2477506001790364,0.4429918924967447,0.1536407470703125,0.7139612833658854,0.0325645139539793
gaussian,rank_iso_1R,alpha,-1.0,7.0,24.0,128.0,2.0,2.0,0.3103072,16,0.2894058227539062,0.1711311340332031,0.3192647298177082,0.1256688435872396,0.420331319173177,0.0084548918098907
gaussian,rank_iso_1R,alpha,-1.0,7.0,24.0,128.0,2.0,2.0,0.33446125,16,0.2295379638671874,0.1532681783040363,0.2702020009358723,0.1138966878255208,0.382720947265625,0.0060082037759625
gaussian,rank_iso_1R,alpha,-1.0,7.0,24.0,128.0,2.0,2.0,0.35742188,32,0.1879425048828124,0.1483681996663411,0.234381357828776,0.0629603068033854,0.5226084391276041,0.0094931804329677
gaussian,rank_iso_1R,alpha,-1.0,7.0,24.0,128.0,2.0,2.0,0.35839844,32,0.1888821919759114,0.1469167073567707,0.2380619049072265,0.0629501342773437,0.5118281046549479,0.009843146527767
gaussian,rank_iso_1R,alpha,-1.0,7.0,24.0,128.0,2.0,2.0,0.3586153,32,0.1888809204101562,0.1460933685302733,0.2380587259928385,0.0629526774088541,0.5118255615234375,0.0102868395789434
gaussian,rank_iso_1R,alpha,-1.0,7.0,24.0,128.0,2.0,2.0,0.38276936,16,0.1075439453124999,0.0834147135416666,0.1859518686930338,0.0512008666992187,0.4182764689127604,0.0102539418066886
gaussian,rank_iso_1R,alpha,-1.0,7.0,24.0,128.0,2.0,2.0,0.40692341,16,0.083502451578776,0.0633525848388671,0.1440563201904297,0.0380452473958333,0.4460703531901042,0.0106423710106389
gaussian,rank_iso_2R,alpha,-1.0,7.0,24.0,64.0,4.0,4.0,0.0,48,0.9656575520833334,0.6223017374674479,0.9784367879231772,0.3713785807291667,0.9841512044270834,0.0440310624136734
gaussian,rank_iso_2R,alpha,-1.0,7.0,24.0,64.0,4.0,4.0,0.025,48,0.9137217203776042,0.5928370157877604,0.976226806640625,0.3604532877604167,0.9842325846354166,0.0439001446251039
gaussian,rank_iso_2R,alpha,-1.0,7.0,24.0,64.0,4.0,4.0,0.05,48,0.8533426920572917,0.5649388631184896,0.9729766845703124,0.2143452962239583,0.9853108723958334,0.0543719380807298
gaussian,rank_iso_2R,alpha,-1.0,7.0,24.0,64.0,4.0,4.0,0.075,48,0.8611246744791666,0.5549214680989584,0.972913106282552,0.2038675944010416,0.9849751790364584,0.0558452422532837
gaussian,rank_iso_2R,alpha,-1.0,7.0,24.0,64.0,4.0,4.0,0.1,48,0.7056884765625,0.5521799723307291,0.9688822428385416,0.3094991048177083,0.9850565592447916,0.0503410360914595
gaussian,rank_iso_2R,alpha,-1.0,7.0,24.0,64.0,4.0,4.0,0.125,48,0.6350148518880208,0.523101806640625,0.9082667032877604,0.3321126302083333,0.98284912109375,0.0464197084516099
gaussian,rank_iso_2R,alpha,-1.0,7.0,24.0,64.0,4.0,4.0,0.15,48,0.6652170817057292,0.5422541300455729,0.821698506673177,0.2680867513020833,0.976837158203125,0.0390838249030591
gaussian,rank_iso_2R,alpha,-1.0,7.0,24.0,64.0,4.0,4.0,0.175,48,0.5860951741536458,0.4339345296223958,0.7195714314778645,0.2007242838541666,0.9822184244791666,0.0447074755983334
gaussian,rank_iso_2R,alpha,-1.0,7.0,24.0,64.0,4.0,4.0,0.2,48,0.47412109375,0.3686548868815104,0.6770248413085938,0.215240478515625,0.977874755859375,0.0538934741383055
gaussian,rank_iso_2R,alpha,-1.0,7.0,24.0,64.0,4.0,4.0,0.225,48,0.3659108479817708,0.3251673380533854,0.5505905151367188,0.18988037109375,0.966461181640625,0.0344419582387585
gaussian,rank_iso_2R,alpha,-1.0,7.0,24.0,64.0,4.0,4.0,0.25,48,0.3354237874348958,0.2633488972981771,0.4332631429036458,0.134002685546875,0.93267822265625,0.0289715741106662
gaussian,rank_iso_2R,alpha,-1.0,7.0,24.0,64.0,4.0,4.0,0.275,48,0.2879079182942708,0.2162501017252603,0.3641535441080729,0.0957539876302083,0.6483662923177084,0.0147330761777322
gaussian,rank_iso_2R,alpha,-1.0,7.0,24.0,64.0,4.0,4.0,0.3,48,0.2132364908854166,0.1696421305338541,0.2821197509765625,0.0793355305989583,0.73779296875,0.0163508671749338
gaussian,rank_iso_2R,alpha,-1.0,7.0,24.0,64.0,4.0,4.0,0.325,48,0.1846822102864583,0.1270090738932291,0.2296066284179687,0.0853678385416666,0.3636474609375,0.0058003083294165
gaussian,rank_iso_2R,alpha,-1.0,7.0,24.0,64.0,4.0,4.0,0.35,48,0.1238861083984375,0.0924250284830729,0.1794942220052082,0.0371805826822916,0.356475830078125,0.0059441630996417
gaussian,rank_iso_2R,alpha,-1.0,7.0,24.0,64.0,4.0,4.0,0.4,24,0.0676066080729166,0.0532735188802083,0.1012496948242187,0.0320638020833333,0.2427469889322916,0.0025296242014938
gaussian,rank_iso_2R,alpha,-1.0,7.0,24.0,64.0,4.0,4.0,0.45,24,0.0405832926432291,0.0298817952473958,0.0524953206380208,0.020111083984375,0.18719482421875,0.0012288140626054
gaussian,rank_iso_2R,alpha,-1.0,7.0,24.0,128.0,4.0,4.0,0.0,32,0.9855931599934896,0.9823805491129558,0.9884637196858724,0.7717157999674479,0.9913533528645834,0.0014384850476754
gaussian,rank_iso_2R,alpha,-1.0,7.0,24.0,128.0,4.0,4.0,0.05,16,0.9880752563476562,0.978248596191406,0.988870620727539,0.7277552286783854,0.9905548095703124,0.0052909448227351
gaussian,rank_iso_2R,alpha,-1.0,7.0,24.0,128.0,4.0,4.0,0.1,16,0.982402801513672,0.9753055572509766,0.9892705281575522,0.7391942342122396,0.990832010904948,0.0056658523516994
gaussian,rank_iso_2R,alpha,-1.0,7.0,24.0,128.0,4.0,4.0,0.15,32,0.9782129923502604,0.9151344299316406,0.9841435750325522,0.5102996826171875,0.989659627278646,0.025452038790382
gaussian,rank_iso_2R,alpha,-1.0,7.0,24.0,128.0,4.0,4.0,0.175,32,0.9451103210449218,0.6414623260498047,0.98202387491862,0.3633473714192708,0.9896392822265624,0.0379470145162094
gaussian,rank_iso_2R,alpha,-1.0,7.0,24.0,128.0,4.0,4.0,0.2,32,0.7174657185872396,0.5537147521972656,0.9649988810221354,0.3673146565755208,0.987879435221354,0.0417461170149129
gaussian,rank_iso_2R,alpha,-1.0,7.0,24.0,128.0,4.0,4.0,0.225,32,0.5929005940755209,0.4879398345947265,0.8165766398111979,0.2474517822265625,0.9887542724609376,0.0443777676836391
gaussian,rank_iso_2R,alpha,-1.0,7.0,24.0,128.0,4.0,4.0,0.25,32,0.4452692667643229,0.3464349110921224,0.5870170593261719,0.1594492594401041,0.9626439412434896,0.0330833092053991
gaussian,rank_iso_2R,alpha,-1.0,7.0,24.0,128.0,4.0,4.0,0.275,32,0.3267796834309895,0.2410462697347005,0.4256292978922525,0.1334889729817708,0.5993728637695312,0.0166939969932306
gaussian,rank_iso_2R,alpha,-1.0,7.0,24.0,128.0,4.0,4.0,0.3,32,0.2165616353352864,0.1611448923746744,0.2758541107177734,0.0725962320963541,0.4717000325520833,0.0083716131470165
gaussian,rank_iso_2R,alpha,-1.0,7.0,24.0,128.0,4.0,4.0,0.325,32,0.143048604329427,0.1202691396077473,0.2134564717610676,0.0780131022135416,0.3718236287434895,0.0046682553135225
gaussian,rank_iso_2R,alpha,-1.0,7.0,24.0,128.0,4.0,4.0,0.35,32,0.1054560343424479,0.085608164469401,0.1593577067057291,0.0540415445963541,0.2317123413085937,0.0022103718578279
gaussian,rank_iso_2R,alpha,-1.0,7.0,24.0,128.0,4.0,4.0,0.4,16,0.055042266845703,0.0339864095052083,0.0665308634440104,0.0183436075846354,0.1321512858072916,0.0007843964396602
gaussian,rank_iso_2R,alpha,-1.0,7.0,24.0,128.0,4.0,4.0,0.45,16,0.0224482218424478,0.0196819305419921,0.0338961283365885,0.0118001302083333,0.0595601399739583,0.0002031176513776
gaussian,rank_iso_2R,alpha,-1.0,7.0,24.0,256.0,4.0,4.0,0.15,16,0.9913625717163086,0.9893778165181476,0.9928239186604816,0.8567740122477213,0.9943288167317708,0.0011319158136285
gaussian,rank_iso_2R,alpha,-1.0,7.0,24.0,256.0,4.0,4.0,0.175,16,0.990509033203125,0.9887232780456542,0.9925138155619304,0.5212612152099609,0.9933039347330728,0.0203886660469935
gaussian,rank_iso_2R,alpha,-1.0,7.0,24.0,256.0,4.0,4.0,0.2,16,0.986692746480306,0.8945407867431641,0.9900677998860676,0.6307264963785807,0.9929510752360026,0.0162916840909272
gaussian,rank_iso_2R,alpha,-1.0,7.0,24.0,256.0,4.0,4.0,0.225,16,0.9698537190755208,0.8049864768981934,0.9879469871520996,0.637152353922526,0.9917875925699868,0.018947010693679
gaussian,rank_iso_2R,alpha,-1.0,7.0,24.0,256.0,4.0,4.0,0.25,16,0.6603476206461588,0.5014684995015461,0.8271392186482748,0.2855180104573567,0.9903316497802734,0.052736400077169
gaussian,rank_iso_2R,alpha,-1.0,7.0,24.0,256.0,4.0,4.0,0.275,16,0.3910573323567708,0.2913527488708496,0.521650473276774,0.1818122863769531,0.7406075795491537,0.0258696130581972
gaussian,rank_iso_2R,alpha,-1.0,7.0,24.0,256.0,4.0,4.0,0.3,16,0.2256937026977539,0.14805269241333,0.3052817980448404,0.0902417500813802,0.6201152801513672,0.0224805869969916
gaussian,rank_iso_2R,alpha,-1.0,7.0,24.0,256.0,4.0,4.0,0.325,16,0.1224994659423828,0.0813995997111002,0.1629735628763834,0.0390561421712239,0.1827411651611328,0.0022360998274019
gaussian,rank_iso_2R,alpha,-1.0,7.0,24.0,256.0,4.0,4.0,0.35,16,0.0581035614013671,0.0423865318298339,0.1115355491638183,0.0192731221516927,0.1544024149576822,0.0016316847854678
gaussian,rank_iso_3R,alpha,-1.0,7.0,24.0,64.0,6.0,6.0,0.06357557,24,0.9651336669921876,0.78546142578125,0.977259318033854,0.4076131184895833,0.9866129557291666,0.0385369353450762
gaussian,rank_iso_3R,alpha,-1.0,7.0,24.0,64.0,6.0,6.0,0.06933594,48,0.9422149658203124,0.6297327677408854,0.9755655924479169,0.334808349609375,0.9848734537760416,0.0481700863904492
gaussian,rank_iso_3R,alpha,-1.0,7.0,24.0,64.0,6.0,6.0,0.0703125,48,0.942230224609375,0.5825322469075521,0.9756546020507812,0.3353271484375,0.9848836263020834,0.0501731455975951
gaussian,rank_iso_3R,alpha,-1.0,7.0,24.0,64.0,6.0,6.0,0.07128906,48,0.9391021728515624,0.6383463541666667,0.975293477376302,0.3353169759114583,0.9848734537760416,0.0443446673804668
gaussian,rank_iso_3R,alpha,-1.0,7.0,24.0,64.0,6.0,6.0,0.08156945,24,0.796142578125,0.5623982747395834,0.971789042154948,0.3496195475260417,0.9803466796875,0.0470899803481093
gaussian,rank_iso_3R,alpha,-1.0,7.0,24.0,64.0,6.0,6.0,0.09863281,48,0.7789967854817709,0.5666046142578125,0.9713414510091146,0.3349609375,0.9821675618489584,0.0491741862400509
gaussian,rank_iso_3R,alpha,-1.0,7.0,24.0,64.0,6.0,6.0,0.09956334,48,0.7596079508463542,0.5665791829427084,0.9692484537760416,0.2940165201822917,0.9823099772135416,0.0508609805938199
gaussian,rank_iso_3R,alpha,-1.0,7.0,24.0,64.0,6.0,6.0,0.09960938,48,0.7596028645833334,0.5665791829427084,0.9692484537760416,0.2940165201822917,0.9822896321614584,0.050863220098071
gaussian,rank_iso_3R,alpha,-1.0,7.0,24.0,64.0,6.0,6.0,0.11755723,24,0.7126515706380208,0.5394439697265625,0.9701766967773438,0.2686564127604167,0.9775899251302084,0.048253854472736
gaussian,rank_iso_3R,alpha,-1.0,7.0,24.0,64.0,6.0,6.0,0.125,24,0.6614329020182292,0.5721104939778646,0.9269943237304688,0.4068806966145833,0.973388671875,0.0373950646507843
gaussian,rank_iso_3R,alpha,-1.0,7.0,24.0,64.0,6.0,6.0,0.13085938,48,0.5974578857421875,0.4509073893229167,0.9130096435546876,0.1914876302083333,0.9794921875,0.0566217745318524
gaussian,rank_iso_3R,alpha,-1.0,7.0,24.0,64.0,6.0,6.0,0.13183594,48,0.5928802490234375,0.4508616129557291,0.8590596516927083,0.19171142578125,0.9794718424479166,0.0550110447264079
gaussian,rank_iso_3R,alpha,-1.0,7.0,24.0,64.0,6.0,6.0,0.1328125,48,0.5883890787760416,0.4544041951497396,0.8314056396484375,0.1917215983072916,0.979461669921875,0.0545226498381741
gaussian,rank_iso_3R,alpha,-1.0,7.0,24.0,64.0,6.0,6.0,0.13555112,24,0.5542704264322917,0.4512354532877604,0.794952392578125,0.1936238606770833,0.9724934895833334,0.0516484957270852
gaussian,rank_iso_3R,alpha,-1.0,7.0,24.0,64.0,6.0,6.0,0.13769531,48,0.5920206705729166,0.4529902140299479,0.8140309651692709,0.2860514322916667,0.979736328125,0.0487971852089141
gaussian,rank_iso_3R,alpha,-1.0,7.0,24.0,64.0,6.0,6.0,0.13867188,48,0.5581563313802084,0.4464441935221354,0.8007278442382812,0.28607177734375,0.9796956380208334,0.0484245305189567
gaussian,rank_iso_3R,alpha,-1.0,7.0,24.0,64.0,6.0,6.0,0.13964844,48,0.5617930094401041,0.4464441935221354,0.8006413777669271,0.2860616048177083,0.9796956380208334,0.0467537169346925
gaussian,rank_iso_3R,alpha,-1.0,7.0,24.0,64.0,6.0,6.0,0.15354501,24,0.5610860188802083,0.4475758870442708,0.7338358561197917,0.3162943522135417,0.9704081217447916,0.0362998368953401
gaussian,rank_iso_3R,alpha,-1.0,7.0,24.0,64.0,6.0,6.0,0.17153889,24,0.5864003499348958,0.4374796549479167,0.7354278564453125,0.2374165852864583,0.9800313313802084,0.0474582474773236
gaussian,rank_iso_3R,alpha,-1.0,7.0,24.0,64.0,6.0,6.0,0.1875,48,0.4620157877604166,0.3561477661132812,0.7073491414388021,0.1471455891927083,0.9769999186197916,0.0534017850269495
gaussian,rank_iso_3R,alpha,-1.0,7.0,24.0,64.0,6.0,6.0,0.18847656,48,0.4644877115885416,0.3603261311848958,0.6187082926432292,0.14715576171875,0.9769999186197916,0.0480541186598023
gaussian,rank_iso_3R,alpha,-1.0,7.0,24.0,64.0,6.0,6.0,0.18945312,48,0.4600016276041666,0.3602345784505208,0.5965906778971354,0.14715576171875,0.9769795735677084,0.0471735475933009
gaussian,rank_iso_3R,alpha,-1.0,7.0,24.0,64.0,6.0,6.0,0.18953278,24,0.4821370442708333,0.3854319254557292,0.5904566446940104,0.237548828125,0.8600362141927084,0.0308928019727089
gaussian,rank_iso_3R,alpha,-1.0,7.0,24.0,64.0,6.0,6.0,0.20752667,24,0.4011993408203125,0.3183720906575521,0.5688578287760417,0.158721923828125,0.7872212727864584,0.0323536057263648
gaussian,rank_iso_3R,alpha,-1.0,7.0,24.0,64.0,6.0,6.0,0.22552056,24,0.3970540364583333,0.3161773681640625,0.4532063802083333,0.125396728515625,0.6721700032552084,0.020505794871189
gaussian,rank_iso_3R,alpha,-1.0,7.0,24.0,64.0,6.0,6.0,0.24351445,24,0.3466746012369791,0.259961446126302,0.4079996744791666,0.1368204752604166,0.6710917154947916,0.0159903649214862
gaussian,rank_iso_3R,alpha,-1.0,7.0,24.0,64.0,6.0,6.0,0.25,24,0.2953338623046875,0.208447774251302,0.3953628540039062,0.0920206705729166,0.85089111328125,0.0306182775890901
gaussian,rank_iso_3R,alpha,-1.0,7.0,24.0,64.0,6.0,6.0,0.26150833,24,0.2724151611328125,0.1968968709309895,0.3346811930338542,0.091827392578125,0.6218973795572916,0.0178082118496214
gaussian,rank_iso_3R,alpha,-1.0,7.0,24.0,64.0,6.0,6.0,0.27950222,24,0.2399749755859374,0.1806411743164062,0.3524195353190104,0.1073710123697916,0.5802510579427084,0.0169594268794074
gaussian,rank_iso_3R,alpha,-1.0,7.0,24.0,64.0,6.0,6.0,0.29749611,24,0.2121276855468749,0.1393941243489583,0.2590128580729167,0.0775553385416666,0.413299560546875,0.0093139204451208
gaussian,rank_iso_3R,alpha,-1.0,7.0,24.0,64.0,6.0,6.0,0.30957031,48,0.1677551269531249,0.1251856486002603,0.2465489705403645,0.0510660807291666,0.4130452473958333,0.0078269872928447
gaussian,rank_iso_3R,alpha,-1.0,7.0,24.0,64.0,6.0,6.0,0.31054688,48,0.1743621826171875,0.1322911580403645,0.2443796793619791,0.0511372884114583,0.41302490234375,0.0071639922644555
gaussian,rank_iso_3R,alpha,-1.0,7.0,24.0,64.0,6.0,6.0,0.31152344,48,0.1742248535156249,0.1332372029622395,0.2425003051757812,0.057159423828125,0.4129842122395833,0.006943999021947
gaussian,rank_iso_3R,alpha,-1.0,7.0,24.0,64.0,6.0,6.0,0.31549,24,0.1624145507812499,0.1176350911458332,0.2517878214518229,0.0744425455729166,0.4126078287760417,0.0102908983849133
gaussian,rank_iso_3R,alpha,-1.0,7.0,24.0,64.0,6.0,6.0,0.33348388,24,0.1475677490234374,0.1120020548502603,0.1830800374348957,0.0493367513020833,0.3618062337239583,0.0070406902795537
gaussian,rank_iso_3R,alpha,-1.0,7.0,24.0,64.0,6.0,6.0,0.375,24,0.0884399414062499,0.0721791585286457,0.1303253173828124,0.0389302571614583,0.3552754720052083,0.006645897019245
gaussian,rank_iso_3R,alpha,-1.0,7.0,24.0,64.0,6.0,6.0,0.5,24,0.0286509195963541,0.0220718383789062,0.0485560099283853,0.0178019205729166,0.137725830078125,0.0007935652399477
gaussian,rank_iso_3R,alpha,-1.0,7.0,24.0,64.0,6.0,6.0,0.625,24,0.0158335367838541,0.0121053059895833,0.0229390462239583,0.0058492024739583,0.1424458821614583,0.0013146974120496
gaussian,rank_iso_3R,alpha,-1.0,7.0,24.0,64.0,6.0,6.0,0.75,24,0.0044708251953125,0.0036875406901041,0.0062789916992187,0.002532958984375,0.011077880859375,4.323289186758248e-06
gaussian,rank_iso_3R,alpha,-1.0,7.0,24.0,64.0,6.0,6.0,0.875,24,0.0018259684244791,0.0015182495117187,0.0022455851236978,0.0012308756510416,0.0049845377604166,1.080827405091348e-06
gaussian,rank_iso_3R,alpha,-1.0,7.0,24.0,64.0,6.0,6.0,1.0,24,0.0003153483072916,0.0002415974934895,0.0003687540690104,0.000213623046875,0.0004170735677083,4.7404094090791265e-09
gaussian,rank_iso_3R,alpha,-1.0,7.0,24.0,128.0,6.0,6.0,0.06357557,16,0.984644571940104,0.7457472483317058,0.9881273905436198,0.5167490641276041,0.990936279296875,0.0326241974942806
gaussian,rank_iso_3R,alpha,-1.0,7.0,24.0,128.0,6.0,6.0,0.08156945,16,0.9856618245442708,0.9808432261149088,0.9886042277018228,0.5382664998372396,0.9910303751627604,0.0125223445261966
gaussian,rank_iso_3R,alpha,-1.0,7.0,24.0,128.0,6.0,6.0,0.09956334,16,0.984320322672526,0.9805711110432944,0.9884802500406902,0.5385843912760416,0.9908777872721354,0.0128796376475225
gaussian,rank_iso_3R,alpha,-1.0,7.0,24.0,128.0,6.0,6.0,0.11755723,16,0.9826647440592446,0.9801959991455078,0.9880256652832032,0.4534072875976562,0.989550272623698,0.0190101928571055
gaussian,rank_iso_3R,alpha,-1.0,7.0,24.0,128.0,6.0,6.0,0.12655417,32,0.9831212361653644,0.9654083251953124,0.9861958821614584,0.4534174601236979,0.9907175699869792,0.0203079201194906
gaussian,rank_iso_3R,alpha,-1.0,7.0,24.0,128.0,6.0,6.0,0.12695312,32,0.983130137125651,0.965939203898112,0.986186981201172,0.4534327189127604,0.9907023111979166,0.0203181482116294
gaussian,rank_iso_3R,alpha,-1.0,7.0,24.0,128.0,6.0,6.0,0.12792969,32,0.983136494954427,0.9659086863199868,0.9861831665039062,0.4534403483072917,0.9907073974609376,0.0203193763898779
gaussian,rank_iso_3R,alpha,-1.0,7.0,24.0,128.0,6.0,6.0,0.13555112,16,0.9809672037760416,0.8940512339274088,0.98538080851237,0.4950129191080729,0.990613301595052,0.0386500423515153
gaussian,rank_iso_3R,alpha,-1.0,7.0,24.0,128.0,6.0,6.0,0.15354501,16,0.97607421875,0.6740163167317708,0.9835402170817056,0.3111953735351562,0.9882837931315104,0.0545524937361295
gaussian,rank_iso_3R,alpha,-1.0,7.0,24.0,128.0,6.0,6.0,0.17153889,16,0.9719009399414062,0.8998171488444011,0.9818585713704426,0.4957529703776042,0.990203857421875,0.0274408583036684
gaussian,rank_iso_3R,alpha,-1.0,7.0,24.0,128.0,6.0,6.0,0.18261719,32,0.7743301391601562,0.6186714172363281,0.965179443359375,0.39501953125,0.9875869750976562,0.0341241772137788
gaussian,rank_iso_3R,alpha,-1.0,7.0,24.0,128.0,6.0,6.0,0.18359375,32,0.7822163899739583,0.6419963836669922,0.959713617960612,0.3539835611979167,0.9871622721354166,0.0329390696859257
gaussian,rank_iso_3R,alpha,-1.0,7.0,24.0,128.0,6.0,6.0,0.18457031,32,0.7822138468424479,0.6608816782633464,0.9596430460611978,0.3539759318033854,0.9871393839518228,0.0370859076536681
gaussian,rank_iso_3R,alpha,-1.0,7.0,24.0,128.0,6.0,6.0,0.18945312,32,0.7173487345377605,0.6369336446126301,0.954077402750651,0.2014490763346354,0.9871749877929688,0.0450731286174854
gaussian,rank_iso_3R,alpha,-1.0,7.0,24.0,128.0,6.0,6.0,0.18953278,32,0.7173487345377605,0.6369120279947917,0.9540805816650392,0.201446533203125,0.9871775309244792,0.0450731373678024
gaussian,rank_iso_3R,alpha,-1.0,7.0,24.0,128.0,6.0,6.0,0.19042969,32,0.7047627766927083,0.5913848876953125,0.9350484212239584,0.2014032999674479,0.9871775309244792,0.0479732504396732
gaussian,rank_iso_3R,alpha,-1.0,7.0,24.0,128.0,6.0,6.0,0.20703125,32,0.6641375223795574,0.4916000366210937,0.8364772796630859,0.3184407552083333,0.9776382446289062,0.046476617242778
gaussian,rank_iso_3R,alpha,-1.0,7.0,24.0,128.0,6.0,6.0,0.20752667,32,0.6477979024251301,0.4883753458658854,0.8758309682210286,0.318433125813802,0.980565388997396,0.0494537903032389
gaussian,rank_iso_3R,alpha,-1.0,7.0,24.0,128.0,6.0,6.0,0.20800781,32,0.6478106180826824,0.4855651855468749,0.8759110768636068,0.3184305826822917,0.9805501302083334,0.0497163165752704
gaussian,rank_iso_3R,alpha,-1.0,7.0,24.0,128.0,6.0,6.0,0.2109375,32,0.6269213358561198,0.4782161712646484,0.8204625447591145,0.3184712727864583,0.981201171875,0.0458919005150327
gaussian,rank_iso_3R,alpha,-1.0,7.0,24.0,128.0,6.0,6.0,0.21191406,32,0.6269035339355469,0.4780406951904297,0.7879098256429037,0.3182703653971354,0.981170654296875,0.042906329716074
gaussian,rank_iso_3R,alpha,-1.0,7.0,24.0,128.0,6.0,6.0,0.21289062,32,0.6203575134277344,0.4782435099283854,0.7879079182942709,0.3178482055664062,0.9812393188476562,0.041294640282863
gaussian,rank_iso_3R,alpha,-1.0,7.0,24.0,128.0,6.0,6.0,0.22552056,16,0.5156440734863281,0.3655605316162109,0.6321296691894531,0.276318868001302,0.967615763346354,0.0379314639316429
gaussian,rank_iso_3R,alpha,-1.0,7.0,24.0,128.0,6.0,6.0,0.22949219,32,0.4949277242024739,0.3654085795084635,0.6278673807779948,0.208648681640625,0.984471638997396,0.0382692651305383
gaussian,rank_iso_3R,alpha,-1.0,7.0,24.0,128.0,6.0,6.0,0.23046875,32,0.4949022928873697,0.406171162923177,0.6278521219889323,0.208648681640625,0.9844563802083334,0.0374250374541419
gaussian,rank_iso_3R,alpha,-1.0,7.0,24.0,128.0,6.0,6.0,0.23144531,32,0.4946797688802083,0.4062010447184244,0.6270554860432943,0.2086181640625,0.984466552734375,0.038808875454245
gaussian,rank_iso_3R,alpha,-1.0,7.0,24.0,128.0,6.0,6.0,0.24351445,16,0.4303270975748697,0.3347110748291015,0.5022977193196615,0.1491546630859375,0.8027267456054688,0.0290166397296329
gaussian,rank_iso_3R,alpha,-1.0,7.0,24.0,128.0,6.0,6.0,0.26150833,16,0.2965596516927082,0.2346852620442708,0.4921964009602864,0.1676584879557291,0.7486139933268229,0.0321672512847861
gaussian,rank_iso_3R,alpha,-1.0,7.0,24.0,128.0,6.0,6.0,0.27950222,16,0.2328910827636718,0.1815395355224608,0.2962048848470052,0.1289189656575521,0.5911509195963541,0.0150037670266303
gaussian,rank_iso_3R,alpha,-1.0,7.0,24.0,128.0,6.0,6.0,0.29749611,16,0.1868820190429687,0.1596654256184895,0.2474543253580728,0.1086044311523437,0.6073710123697916,0.0157724015518195
gaussian,rank_iso_3R,alpha,-1.0,7.0,24.0,128.0,6.0,6.0,0.30371094,32,0.1744702657063802,0.1433308919270833,0.2131404876708983,0.1065012613932291,0.4291839599609375,0.0049979768126013
gaussian,rank_iso_3R,alpha,-1.0,7.0,24.0,128.0,6.0,6.0,0.3046875,32,0.1736996968587239,0.143341064453125,0.2154127756754556,0.1016947428385416,0.4291305541992187,0.0048900674944849
gaussian,rank_iso_3R,alpha,-1.0,7.0,24.0,128.0,6.0,6.0,0.30566406,32,0.1686045328776041,0.1243356068929035,0.2094415028889973,0.1008199055989583,0.4077707926432292,0.0045603071597868
gaussian,rank_iso_3R,alpha,-1.0,7.0,24.0,128.0,6.0,6.0,0.31549,16,0.1555900573730468,0.1030718485514322,0.2069257100423176,0.064910888671875,0.2517267862955729,0.0036642152833303
gaussian,rank_iso_3R,alpha,-1.0,7.0,24.0,128.0,6.0,6.0,0.33348388,16,0.0999984741210937,0.0845470428466796,0.152896245320638,0.0426508585611979,0.2174352010091146,0.0026569006364971
gaussian,rank_iso_6R,alpha,-1.0,7.0,24.0,64.0,12.0,12.0,0.08295848,24,0.9024607340494792,0.6541341145833334,0.967071533203125,0.4199320475260417,0.9814453125,0.0374780324896596
gaussian,rank_iso_6R,alpha,-1.0,7.0,24.0,64.0,12.0,12.0,0.09832619,24,0.7729034423828125,0.5468521118164062,0.9549942016601562,0.40411376953125,0.9785257975260416,0.04580322281351
gaussian,rank_iso_6R,alpha,-1.0,7.0,24.0,64.0,12.0,12.0,0.11369391,24,0.7896219889322917,0.5185877482096354,0.9365056355794272,0.2744140625,0.9851175944010416,0.0507582146537545
gaussian,rank_iso_6R,alpha,-1.0,7.0,24.0,64.0,12.0,12.0,0.125,24,0.8110148111979166,0.5377095540364584,0.9665196736653646,0.3133544921875,0.9844970703125,0.0490280687432187
gaussian,rank_iso_6R,alpha,-1.0,7.0,24.0,64.0,12.0,12.0,0.12906162,24,0.8037567138671875,0.53753662109375,0.9642842610677084,0.2952880859375,0.9842936197916666,0.0538315126481548
gaussian,rank_iso_6R,alpha,-1.0,7.0,24.0,64.0,12.0,12.0,0.14442933,24,0.7631479899088541,0.4803237915039062,0.9587910970052084,0.2040303548177083,0.9804484049479166,0.0702355528644386
gaussian,rank_iso_6R,alpha,-1.0,7.0,24.0,64.0,12.0,12.0,0.15332031,48,0.5379384358723959,0.3900934855143229,0.7415924072265625,0.2864990234375,0.9780171712239584,0.0454102985227335
gaussian,rank_iso_6R,alpha,-1.0,7.0,24.0,64.0,12.0,12.0,0.15429688,48,0.55126953125,0.39013671875,0.7380727132161459,0.2698160807291667,0.977996826171875,0.0454430096994474
gaussian,rank_iso_6R,alpha,-1.0,7.0,24.0,64.0,12.0,12.0,0.15527344,48,0.5646260579427084,0.3948389689127604,0.74224853515625,0.2697652180989583,0.9778849283854166,0.044581960749477
gaussian,rank_iso_6R,alpha,-1.0,7.0,24.0,64.0,12.0,12.0,0.15625,48,0.5512135823567708,0.3901214599609375,0.751848856608073,0.269989013671875,0.977874755859375,0.0467127795251184
gaussian,rank_iso_6R,alpha,-1.0,7.0,24.0,64.0,12.0,12.0,0.15722656,48,0.5550587972005208,0.390106201171875,0.7521540323893229,0.2699483235677083,0.9778951009114584,0.0498977272282886
gaussian,rank_iso_6R,alpha,-1.0,7.0,24.0,64.0,12.0,12.0,0.15820312,48,0.5000152587890625,0.3795140584309895,0.7140477498372396,0.2429911295572916,0.9778340657552084,0.0498262931619549
gaussian,rank_iso_6R,alpha,-1.0,7.0,24.0,64.0,12.0,12.0,0.15979705,24,0.5156758626302083,0.4497858683268229,0.6979548136393229,0.2430521647135416,0.9520161946614584,0.0382848847627447
gaussian,rank_iso_6R,alpha,-1.0,7.0,24.0,64.0,12.0,12.0,0.17516476,24,0.5540974934895834,0.4410552978515625,0.7467117309570312,0.2191874186197916,0.9640706380208334,0.0480960807378738
gaussian,rank_iso_6R,alpha,-1.0,7.0,24.0,64.0,12.0,12.0,0.18554688,48,0.4049428304036458,0.317779541015625,0.4917551676432291,0.2190348307291666,0.956146240234375,0.0259930108357099
gaussian,rank_iso_6R,alpha,-1.0,7.0,24.0,64.0,12.0,12.0,0.18652344,48,0.4180653889973958,0.3163808186848958,0.5049387613932291,0.2189737955729166,0.9561665852864584,0.0269454306399213
gaussian,rank_iso_6R,alpha,-1.0,7.0,24.0,64.0,12.0,12.0,0.1875,48,0.4180399576822917,0.316009521484375,0.5187021891276041,0.2175191243489583,0.9561971028645834,0.0279139412948281
gaussian,rank_iso_6R,alpha,-1.0,7.0,24.0,64.0,12.0,12.0,0.19053248,24,0.4493662516276042,0.3206253051757812,0.5180257161458334,0.250030517578125,0.9633687337239584,0.0355974285437421
gaussian,rank_iso_6R,alpha,-1.0,7.0,24.0,64.0,12.0,12.0,0.20590019,24,0.3824106852213541,0.2873128255208333,0.5549570719401041,0.19647216796875,0.8195292154947916,0.0254106753582251
gaussian,rank_iso_6R,alpha,-1.0,7.0,24.0,64.0,12.0,12.0,0.22126791,24,0.3122049967447917,0.2676849365234375,0.4259490966796875,0.121917724609375,0.8205464680989584,0.0249992811905397
gaussian,rank_iso_6R,alpha,-1.0,7.0,24.0,64.0,12.0,12.0,0.23663562,24,0.3023427327473958,0.230237325032552,0.4123738606770833,0.145233154296875,0.6646931966145834,0.0196233849744529
gaussian,rank_iso_6R,alpha,-1.0,7.0,24.0,64.0,12.0,12.0,0.25,24,0.2737274169921875,0.1813074747721353,0.4239578247070312,0.1016743977864583,0.6591389973958334,0.0245367781957986
gaussian,rank_iso_6R,alpha,-1.0,7.0,24.0,64.0,12.0,12.0,0.25200334,24,0.260894775390625,0.179578145345052,0.33306884765625,0.1057535807291666,0.5947163899739584,0.0160018022797533
gaussian,rank_iso_6R,alpha,-1.0,7.0,24.0,64.0,12.0,12.0,0.26737105,24,0.2075703938802083,0.1791025797526041,0.3715744018554687,0.0953572591145833,0.6616007486979166,0.022284761313409
gaussian,rank_iso_6R,alpha,-1.0,7.0,24.0,64.0,12.0,12.0,0.28273877,24,0.1918538411458333,0.1580963134765624,0.282758076985677,0.0891825358072916,0.63916015625,0.0194255787301463
gaussian,rank_iso_6R,alpha,-1.0,7.0,24.0,64.0,12.0,12.0,0.296875,48,0.1741078694661458,0.1258163452148437,0.2297744750976562,0.061767578125,0.5246378580729166,0.0079331802592027
gaussian,rank_iso_6R,alpha,-1.0,7.0,24.0,64.0,12.0,12.0,0.29785156,48,0.1689503987630208,0.1256078084309895,0.2156728108723957,0.0617472330729166,0.52459716796875,0.0079731789337844
gaussian,rank_iso_6R,alpha,-1.0,7.0,24.0,64.0,12.0,12.0,0.29810648,48,0.1689809163411458,0.1236801147460937,0.2156677246093749,0.061737060546875,0.5246073404947916,0.0079823704750164
gaussian,rank_iso_6R,alpha,-1.0,7.0,24.0,64.0,12.0,12.0,0.3134742,24,0.1508890787760416,0.1119155883789062,0.197552998860677,0.07305908203125,0.5249125162760416,0.0095235943228483
gaussian,rank_iso_6R,alpha,-1.0,7.0,24.0,64.0,12.0,12.0,0.375,24,0.0952860514322916,0.0554606119791666,0.1138229370117187,0.0302734375,0.1507975260416666,0.0014378400084573
gaussian,rank_iso_6R,alpha,-1.0,7.0,24.0,64.0,12.0,12.0,0.5,24,0.0330607096354166,0.0205052693684895,0.0629145304361978,0.0104166666666666,0.1062825520833333,0.0006251391681397
gaussian,rank_iso_6R,alpha,-1.0,7.0,24.0,64.0,12.0,12.0,0.625,24,0.0182342529296874,0.0115737915039062,0.0250320434570311,0.0047607421875,0.0555928548177083,0.0001857062432788
gaussian,rank_iso_6R,alpha,-1.0,7.0,24.0,64.0,12.0,12.0,0.75,24,0.0052846272786458,0.0045750935872395,0.0069605509440103,0.00311279296875,0.0139973958333333,8.212631731781473e-06
gaussian,rank_iso_6R,alpha,-1.0,7.0,24.0,64.0,12.0,12.0,0.875,24,0.0025787353515624,0.0022125244140624,0.0033467610677082,0.0017293294270833,0.0055033365885416,1.172586861583922e-06
gaussian,rank_iso_6R,alpha,-1.0,7.0,24.0,64.0,12.0,12.0,1.0,24,0.000213623046875,0.0001907348632812,0.000226338704427,9.1552734375e-05,0.000274658203125,2.154901971659668e-09
gaussian,rank_iso_6R,alpha,-1.0,7.0,24.0,128.0,12.0,12.0,0.08295848,16,0.98544184366862,0.980487823486328,0.9892781575520834,0.7710011800130209,0.9909617106119792,0.0071986638567641
gaussian,rank_iso_6R,alpha,-1.0,7.0,24.0,128.0,12.0,12.0,0.08789062,32,0.9855016072591144,0.9786516825358074,0.988677978515625,0.5356190999348959,0.9909515380859376,0.0206228328403659
gaussian,rank_iso_6R,alpha,-1.0,7.0,24.0,128.0,12.0,12.0,0.08886719,32,0.9855117797851562,0.9786116282145184,0.9886480967203776,0.5359064737955729,0.9909464518229166,0.0205834719832428
gaussian,rank_iso_6R,alpha,-1.0,7.0,24.0,128.0,12.0,12.0,0.08984375,32,0.9855066935221356,0.978586196899414,0.988690694173177,0.5375747680664062,0.9909693400065104,0.0165410431828575
gaussian,rank_iso_6R,alpha,-1.0,7.0,24.0,128.0,12.0,12.0,0.09832619,16,0.9845848083496094,0.9305477142333984,0.9887771606445312,0.5381800333658854,0.9907404581705728,0.0189592119296624
gaussian,rank_iso_6R,alpha,-1.0,7.0,24.0,128.0,12.0,12.0,0.11369391,16,0.986676534016927,0.9795462290445964,0.9886773427327474,0.481903076171875,0.9909617106119792,0.0311924892134643
gaussian,rank_iso_6R,alpha,-1.0,7.0,24.0,128.0,12.0,12.0,0.12906162,16,0.9472122192382812,0.777065912882487,0.9856306711832684,0.491834004720052,0.9903462727864584,0.0235140852703167
gaussian,rank_iso_6R,alpha,-1.0,7.0,24.0,128.0,12.0,12.0,0.14442933,16,0.979010264078776,0.8245398203531901,0.987298329671224,0.4911651611328125,0.9911041259765624,0.022517386688398
gaussian,rank_iso_6R,alpha,-1.0,7.0,24.0,128.0,12.0,12.0,0.15979705,16,0.9789466857910156,0.824859619140625,0.9859968821207682,0.5032196044921875,0.9910430908203124,0.0281508872988019
gaussian,rank_iso_6R,alpha,-1.0,7.0,24.0,128.0,12.0,12.0,0.16308594,32,0.779717763264974,0.5764325459798177,0.9825693766276042,0.3185399373372395,0.990809122721354,0.0443399048082129
gaussian,rank_iso_6R,alpha,-1.0,7.0,24.0,128.0,12.0,12.0,0.1640625,32,0.7979214986165364,0.5764865875244141,0.9842071533203124,0.3185221354166667,0.990814208984375,0.0453176113837782
gaussian,rank_iso_6R,alpha,-1.0,7.0,24.0,128.0,12.0,12.0,0.16503906,32,0.8624839782714844,0.672332763671875,0.9825801849365234,0.3185475667317708,0.9908065795898438,0.0395679528061192
gaussian,rank_iso_6R,alpha,-1.0,7.0,24.0,128.0,12.0,12.0,0.16601562,32,0.864824930826823,0.561150868733724,0.982553482055664,0.3179092407226562,0.9907760620117188,0.0466369981677677
gaussian,rank_iso_6R,alpha,-1.0,7.0,24.0,128.0,12.0,12.0,0.17285156,32,0.7575848897298176,0.561529795328776,0.977150599161784,0.3178914388020833,0.990753173828125,0.042772513613823
gaussian,rank_iso_6R,alpha,-1.0,7.0,24.0,128.0,12.0,12.0,0.17382812,32,0.6722183227539062,0.527560551961263,0.9758122762044272,0.3177897135416667,0.9903945922851562,0.0438005418227574
gaussian,rank_iso_6R,alpha,-1.0,7.0,24.0,128.0,12.0,12.0,0.17480469,32,0.6723353068033854,0.5274747212727865,0.9758071899414064,0.3178304036458333,0.9903157552083334,0.0464078120871997
gaussian,rank_iso_6R,alpha,-1.0,7.0,24.0,128.0,12.0,12.0,0.17516476,16,0.6180470784505208,0.5208479563395183,0.8453280131022136,0.3574117024739583,0.9903233846028646,0.0443566499911766
gaussian,rank_iso_6R,alpha,-1.0,7.0,24.0,128.0,12.0,12.0,0.19053248,16,0.554669698079427,0.4109052022298177,0.8619054158528645,0.1706873575846354,0.990125020345052,0.0786029239391845
gaussian,rank_iso_6R,alpha,-1.0,7.0,24.0,128.0,12.0,12.0,0.20019531,32,0.5700441996256511,0.3727429707845051,0.6828657786051432,0.2182388305664062,0.9907251993815104,0.0509758582154835
gaussian,rank_iso_6R,alpha,-1.0,7.0,24.0,128.0,12.0,12.0,0.20117188,32,0.5633875528971354,0.3715019226074219,0.6580982208251953,0.2167994181315104,0.9858220418294272,0.0484036582736304
gaussian,rank_iso_6R,alpha,-1.0,7.0,24.0,128.0,12.0,12.0,0.20214844,32,0.5422007242838542,0.3715076446533203,0.6566905975341797,0.2166188557942708,0.9858296712239584,0.0460909716377539
gaussian,rank_iso_6R,alpha,-1.0,7.0,24.0,128.0,12.0,12.0,0.20590019,16,0.5374310811360677,0.4477227528889974,0.6854019165039062,0.2162144978841146,0.988917032877604,0.0613707727955274
gaussian,rank_iso_6R,alpha,-1.0,7.0,24.0,128.0,12.0,12.0,0.22126791,16,0.4812342325846354,0.3016096750895182,0.6806646982828777,0.2155710856119791,0.9882227579752604,0.0546979666703717
gaussian,rank_iso_6R,alpha,-1.0,7.0,24.0,128.0,12.0,12.0,0.22265625,32,0.4538345336914062,0.304401397705078,0.554358164469401,0.2009557088216146,0.9882863362630208,0.0464212730603321
gaussian,rank_iso_6R,alpha,-1.0,7.0,24.0,128.0,12.0,12.0,0.22363281,32,0.4538103739420572,0.2972850799560547,0.5542405446370443,0.2009684244791666,0.9355646769205728,0.0428541284804541
gaussian,rank_iso_6R,alpha,-1.0,7.0,24.0,128.0,12.0,12.0,0.22460938,32,0.4408747355143229,0.2963727315266927,0.5140736897786458,0.2009709676106771,0.9204889933268228,0.0323372012488524
gaussian,rank_iso_6R,alpha,-1.0,7.0,24.0,128.0,12.0,12.0,0.23663562,16,0.4201100667317707,0.2621021270751953,0.5009072621663412,0.180511474609375,0.7490310668945312,0.0346011767353586
gaussian,rank_iso_6R,alpha,-1.0,7.0,24.0,128.0,12.0,12.0,0.25200334,16,0.3297437032063802,0.2582499186197916,0.4276256561279297,0.1777928670247396,0.5816624959309896,0.0131294926350097
gaussian,rank_iso_6R,alpha,-1.0,7.0,24.0,128.0,12.0,12.0,0.26737105,16,0.2403144836425781,0.179171880086263,0.3115660349527995,0.1402562459309896,0.4231185913085937,0.006293926735304
gaussian,rank_iso_6R,alpha,-1.0,7.0,24.0,128.0,12.0,12.0,0.27734375,32,0.1942774454752604,0.1599966684977213,0.2480691274007161,0.0732421875,0.5926539103190104,0.0104815130281855
gaussian,rank_iso_6R,alpha,-1.0,7.0,24.0,128.0,12.0,12.0,0.27832031,32,0.196759541829427,0.1639982859293619,0.2477862040201822,0.0674845377604166,0.5926564534505209,0.0103081691580178
gaussian,rank_iso_6R,alpha,-1.0,7.0,24.0,128.0,12.0,12.0,0.27929688,32,0.1861203511555989,0.1600055694580077,0.2362620035807291,0.0681915283203125,0.5926895141601562,0.0090869731645453
gaussian,rank_iso_6R,alpha,-1.0,7.0,24.0,128.0,12.0,12.0,0.28273877,16,0.1852518717447916,0.1426607767740885,0.2281856536865234,0.0747553507486979,0.2642262776692708,0.0034170854947728
gaussian,rank_iso_6R,alpha,-1.0,7.0,24.0,128.0,12.0,12.0,0.29810648,16,0.158758799235026,0.1364002227783202,0.1872876485188802,0.069257100423177,0.2536722819010417,0.0024188862294034
gaussian,rank_iso_6R,alpha,-1.0,7.0,24.0,128.0,12.0,12.0,0.3134742,16,0.1108894348144531,0.0893923441569009,0.1678638458251953,0.0513890584309895,0.2518056233723958,0.0032747305657755
laplace,iid,b,1.0,7.0,24.0,64.0,0.0,0.0,0.3,24,0.0081431070963541,0.0079116821289062,0.0084889729817708,0.0076090494791666,0.0089518229166666,1.3751180275626221e-07
laplace,iid,b,1.0,7.0,24.0,64.0,0.0,0.0,0.4,24,0.0120035807291666,0.0112559000651041,0.0130488077799478,0.0102132161458333,0.0167338053385416,2.682820148466088e-06
laplace,iid,b,1.0,7.0,24.0,64.0,0.0,0.0,0.425,24,0.0134989420572916,0.0126622517903645,0.01690673828125,0.0111897786458333,0.0202738444010416,7.70425558204189e-06
laplace,iid,b,1.0,7.0,24.0,64.0,0.0,0.0,0.44921875,24,0.0186258951822916,0.0155232747395833,0.0254185994466145,0.0131123860677083,0.05242919921875,9.408480924180756e-05
laplace,iid,b,1.0,7.0,24.0,64.0,0.0,0.0,0.47421875,24,0.0463562011718749,0.0310440063476562,0.0713246663411458,0.0190226236979166,0.1847737630208333,0.0016510806784285
laplace,iid,b,1.0,7.0,24.0,64.0,0.0,0.0,0.48046875,24,0.06182861328125,0.043378194173177,0.0958633422851562,0.0272928873697916,0.238555908203125,0.0023786104964722
laplace,iid,b,1.0,7.0,24.0,64.0,0.0,0.0,0.48671875,24,0.0721130371093749,0.0573527018229166,0.149335225423177,0.048797607421875,0.31549072265625,0.0049549041131448
laplace,iid,b,1.0,7.0,24.0,64.0,0.0,0.0,0.49296875,24,0.1617787679036458,0.0926157633463541,0.2103322347005207,0.0590108235677083,0.3516743977864583,0.0066599606081915
laplace,iid,b,1.0,7.0,24.0,64.0,0.0,0.0,0.49609375,48,0.1543629964192708,0.1097971598307291,0.2054595947265624,0.0463663736979166,0.349151611328125,0.0052767872494418
laplace,iid,b,1.0,7.0,24.0,64.0,0.0,0.0,0.496875,48,0.1658070882161458,0.1220041910807291,0.2319717407226562,0.0466410319010416,0.3511759440104167,0.0054008792924354
laplace,iid,b,1.0,7.0,24.0,64.0,0.0,0.0,0.49765625,48,0.1760711669921874,0.1216710408528645,0.2375971476236978,0.0499267578125,0.3858642578125,0.006528761884428
laplace,iid,b,1.0,7.0,24.0,64.0,0.0,0.0,0.49918683,24,0.1817525227864583,0.1606012980143228,0.2779769897460937,0.07086181640625,0.4887593587239583,0.0145135672608144
laplace,iid,b,1.0,7.0,24.0,64.0,0.0,0.0,0.5,24,0.1847381591796874,0.1619822184244791,0.3771514892578125,0.0711873372395833,0.5272115071614584,0.0197851298985801
laplace,iid,b,1.0,7.0,24.0,64.0,0.0,0.0,0.5016277,24,0.2284393310546874,0.1695963541666666,0.3960342407226562,0.0954488118489583,0.7021382649739584,0.0273891308248544
laplace,iid,b,1.0,7.0,24.0,64.0,0.0,0.0,0.50406857,24,0.24798583984375,0.1853993733723957,0.4025624593098958,0.0968017578125,0.58709716796875,0.0189789973614413
laplace,iid,b,1.0,7.0,24.0,64.0,0.0,0.0,0.50650944,24,0.3394927978515625,0.2129491170247395,0.4287211100260417,0.1278177897135416,0.5890604654947916,0.0197704709500551
laplace,iid,b,1.0,7.0,24.0,64.0,0.0,0.0,0.50895031,24,0.341796875,0.2118708292643229,0.4691238403320312,0.1278279622395833,0.717742919921875,0.0251943245513256
laplace,iid,b,1.0,7.0,24.0,64.0,0.0,0.0,0.51139118,24,0.4628855387369791,0.2621790568033854,0.561388651529948,0.1849263509114583,0.9625244140625,0.0431445771123428
laplace,iid,b,1.0,7.0,24.0,64.0,0.0,0.0,0.51383204,24,0.4358927408854166,0.3712183634440104,0.5477752685546875,0.1840413411458333,0.9698486328125,0.0355784180701594
laplace,iid,b,1.0,7.0,24.0,64.0,0.0,0.0,0.5140625,48,0.4304351806640625,0.3080495198567708,0.5663859049479166,0.184112548828125,0.970184326171875,0.0389841540134603
laplace,iid,b,1.0,7.0,24.0,64.0,0.0,0.0,0.51484375,48,0.4434458414713541,0.3505020141601562,0.6299947102864584,0.188385009765625,0.970245361328125,0.044634117688169
laplace,iid,b,1.0,7.0,24.0,64.0,0.0,0.0,0.51505248,48,0.4703776041666666,0.3645833333333333,0.63592529296875,0.1883951822916666,0.970245361328125,0.0441487206709299
laplace,iid,b,1.0,7.0,24.0,64.0,0.0,0.0,0.51627291,24,0.4968973795572916,0.4023412068684896,0.6536483764648438,0.190399169921875,0.9692179361979166,0.0319481369708972
laplace,iid,b,1.0,7.0,24.0,64.0,0.0,0.0,0.51871378,24,0.5047709147135416,0.457928975423177,0.6539866129557292,0.2223103841145833,0.9715169270833334,0.0353415244065477
laplace,iid,b,1.0,7.0,24.0,64.0,0.0,0.0,0.5203125,48,0.5784149169921875,0.4524027506510417,0.8013687133789062,0.202545166015625,0.9793802897135416,0.0569572514535399
laplace,iid,b,1.0,7.0,24.0,64.0,0.0,0.0,0.52109375,48,0.5993550618489583,0.4785410563151042,0.9451802571614584,0.2018229166666666,0.9794820149739584,0.061946495816844
laplace,iid,b,1.0,7.0,24.0,64.0,0.0,0.0,0.52115465,48,0.5995534261067708,0.4785563151041667,0.9451828002929688,0.2018330891927083,0.9794820149739584,0.0619113683943024
laplace,iid,b,1.0,7.0,24.0,64.0,0.0,0.0,0.521875,48,0.5787404378255208,0.4787877400716145,0.9247156778971354,0.201934814453125,0.9802958170572916,0.0585209547898987
laplace,iid,b,1.0,7.0,24.0,64.0,0.0,0.0,0.52237508,48,0.587677001953125,0.4741439819335937,0.9247792561848958,0.2021891276041666,0.9803365071614584,0.0580567307769793
laplace,iid,b,1.0,7.0,24.0,64.0,0.0,0.0,0.52265625,48,0.6004231770833334,0.4661458333333333,0.9244155883789062,0.2022501627604166,0.9803263346354166,0.0581259333911216
laplace,iid,b,1.0,7.0,24.0,64.0,0.0,0.0,0.52359552,24,0.5782521565755209,0.4728876749674479,0.920623779296875,0.3954671223958333,0.9723409016927084,0.04696511394429
laplace,iid,b,1.0,7.0,24.0,64.0,0.0,0.0,0.52603639,24,0.6341654459635417,0.503552754720052,0.9226760864257812,0.4032999674479167,0.9795430501302084,0.0442267951560049
laplace,iid,b,1.0,7.0,24.0,64.0,0.0,0.0,0.52847726,24,0.7178446451822916,0.5509541829427083,0.9708455403645831,0.4314371744791667,0.9813130696614584,0.0448551932207328
laplace,iid,b,1.0,7.0,24.0,64.0,0.0,0.0,0.5296875,48,0.7748616536458334,0.5765787760416666,0.9736989339192708,0.375,0.9839986165364584,0.0427270136843582
laplace,iid,b,1.0,7.0,24.0,64.0,0.0,0.0,0.52969769,48,0.7748616536458334,0.5765787760416666,0.9736989339192708,0.375,0.9839986165364584,0.0427273662677464
laplace,iid,b,1.0,7.0,24.0,64.0,0.0,0.0,0.53046875,48,0.9290313720703124,0.6249008178710938,0.9742151896158854,0.3750406901041667,0.983978271484375,0.0405693227913538
laplace,iid,b,1.0,7.0,24.0,64.0,0.0,0.0,0.53091812,48,0.9329783121744792,0.6424102783203125,0.974207560221354,0.3704325358072917,0.9840087890625,0.0383286774129121
laplace,iid,b,1.0,7.0,24.0,64.0,0.0,0.0,0.53335899,24,0.9676411946614584,0.7264658610026042,0.9738362630208331,0.453155517578125,0.98211669921875,0.0254451076448752
laplace,iid,b,1.0,7.0,24.0,64.0,0.0,0.0,0.53579986,24,0.9717966715494792,0.8699366251627604,0.9741007486979166,0.45654296875,0.9830525716145834,0.0209867052708403
laplace,iid,b,1.0,7.0,24.0,64.0,0.0,0.0,0.5390625,48,0.9741872151692708,0.9469757080078124,0.9788182576497396,0.4488321940104167,0.9848225911458334,0.0213112737051408
laplace,iid,b,1.0,7.0,24.0,64.0,0.0,0.0,0.53984375,48,0.9752451578776042,0.961229960123698,0.979212443033854,0.4488728841145833,0.9849141438802084,0.0235228901739537
laplace,iid,b,1.0,7.0,24.0,64.0,0.0,0.0,0.540625,48,0.9753672281901042,0.9645818074544272,0.979955037434896,0.4603983561197917,0.9849751790364584,0.0202830377327211
laplace,iid,b,1.0,7.0,24.0,64.0,0.0,0.0,0.54375,24,0.9774017333984376,0.9697494506835938,0.9803924560546876,0.9450887044270834,0.984588623046875,0.000104718512425
laplace,iid,b,1.0,7.0,24.0,64.0,0.0,0.0,0.54765625,24,0.9789072672526042,0.9767074584960938,0.981969197591146,0.9452006022135416,0.984893798828125,7.089419082712975e-05
laplace,iid,b,1.0,7.0,24.0,64.0,0.0,0.0,0.5515625,24,0.9790191650390624,0.9766031901041666,0.9832916259765624,0.7222086588541666,0.985443115234375,0.0045312978550356
laplace,iid,b,1.0,7.0,24.0,64.0,0.0,0.0,0.56796875,24,0.9835968017578124,0.982457478841146,0.984898885091146,0.9716593424479166,0.9873453776041666,1.0946270448850086e-05
laplace,iid,b,1.0,7.0,24.0,64.0,0.0,0.0,0.58359375,24,0.9857635498046876,0.984527587890625,0.98626708984375,0.97412109375,0.9887186686197916,9.182987370244852e-06
laplace,iid,b,1.0,7.0,24.0,64.0,0.0,0.0,0.6,24,0.9872385660807292,0.9859848022460938,0.9886449178059896,0.9809468587239584,0.9903055826822916,3.871412710819057e-06
laplace,iid,b,1.0,7.0,24.0,64.0,0.0,0.0,0.7,24,0.9929758707682292,0.992357889811198,0.9932937622070312,0.9908650716145834,0.9940287272135416,6.583768232529033e-07
laplace,iid,b,1.0,7.0,24.0,64.0,0.0,0.0,0.8,24,0.9950510660807292,0.9948908487955728,0.9953867594401042,0.9937947591145834,0.995758056640625,2.139160595534323e-07
laplace,iid,b,1.0,7.0,24.0,64.0,0.0,0.0,0.9,24,0.9962259928385416,0.9960403442382812,0.9963912963867188,0.9954732259114584,0.9967447916666666,8.716620654826954e-08
laplace,iid,b,1.0,7.0,24.0,64.0,0.0,0.0,1.0,24,0.9968973795572916,0.9966227213541666,0.9970296223958334,0.9961954752604166,0.997314453125,9.196679199327427e-08
laplace,iid,b,1.0,7.0,24.0,64.0,0.0,0.0,1.1,24,0.9972025553385416,0.997088114420573,0.9973169962565104,0.996826171875,0.9976704915364584,4.105617842620828e-08
laplace,iid,b,1.0,7.0,24.0,128.0,0.0,0.0,0.49918683,16,0.1318715413411458,0.1214345296223957,0.17518679300944,0.0828501383463541,0.336181640625,0.0043301706572054
laplace,iid,b,1.0,7.0,24.0,128.0,0.0,0.0,0.5016277,32,0.1945355733235677,0.1349271138509114,0.2422993977864582,0.1049677530924479,0.456787109375,0.0075422798880704
laplace,iid,b,1.0,7.0,24.0,128.0,0.0,0.0,0.50234375,32,0.2119560241699218,0.1514231363932291,0.2748184204101562,0.1235453287760416,0.4732767740885417,0.009353602486119
laplace,iid,b,1.0,7.0,24.0,128.0,0.0,0.0,0.50284814,32,0.2120323181152343,0.1558481852213541,0.3102887471516926,0.1236368815104166,0.4733250935872395,0.0102931226382578
laplace,iid,b,1.0,7.0,24.0,128.0,0.0,0.0,0.50406857,16,0.1726913452148437,0.1547870635986327,0.3103834788004557,0.1144434611002604,0.5728607177734375,0.0147867527574514
laplace,iid,b,1.0,7.0,24.0,128.0,0.0,0.0,0.50650944,16,0.243054707845052,0.1805782318115234,0.326950709025065,0.1164754231770833,0.8620656331380209,0.0359096497795016
laplace,iid,b,1.0,7.0,24.0,128.0,0.0,0.0,0.50895031,16,0.3156153361002604,0.1968104044596353,0.4062474568684895,0.1679407755533854,0.5808792114257812,0.0156379401722343
laplace,iid,b,1.0,7.0,24.0,128.0,0.0,0.0,0.51139118,16,0.3976186116536458,0.2823136647542317,0.5119546254475912,0.2226435343424479,0.9189682006835938,0.0388077028354423
laplace,iid,b,1.0,7.0,24.0,128.0,0.0,0.0,0.51383204,32,0.4199422200520832,0.3443609873453775,0.6795457204182943,0.2463811238606771,0.9461135864257812,0.0443504683658817
laplace,iid,b,1.0,7.0,24.0,128.0,0.0,0.0,0.5140625,32,0.4151496887207031,0.3280633290608723,0.7245635986328125,0.2092641194661458,0.9461212158203124,0.0491388160172068
laplace,iid,b,1.0,7.0,24.0,128.0,0.0,0.0,0.51484375,32,0.4447237650553385,0.3175010681152343,0.7209428151448568,0.2090988159179687,0.9749196370442708,0.0543922560416596
laplace,iid,b,1.0,7.0,24.0,128.0,0.0,0.0,0.51627291,32,0.5639737447102864,0.360526402791341,0.7545108795166016,0.2125752766927083,0.9783986409505208,0.0515510093586969
laplace,iid,b,1.0,7.0,24.0,128.0,0.0,0.0,0.51640625,32,0.5639915466308594,0.3605403900146484,0.7545153299967449,0.2127787272135416,0.979100545247396,0.0515669507465215
laplace,iid,b,1.0,7.0,24.0,128.0,0.0,0.0,0.5171875,32,0.6400731404622395,0.4167658487955729,0.8048865000406901,0.2128270467122396,0.9794362386067708,0.050483697679327
laplace,iid,b,1.0,7.0,24.0,128.0,0.0,0.0,0.51796875,32,0.6430142720540364,0.4384727478027343,0.8877042134602864,0.2179285685221354,0.9877751668294272,0.0547985557594166
laplace,iid,b,1.0,7.0,24.0,128.0,0.0,0.0,0.51871378,32,0.6432596842447917,0.4857158660888672,0.9487628936767578,0.3013025919596354,0.9877853393554688,0.0546086991092982
laplace,iid,b,1.0,7.0,24.0,128.0,0.0,0.0,0.51875,32,0.6573130289713542,0.4857114156087239,0.9565207163492838,0.3013051350911458,0.9877827962239584,0.0568482312794662
laplace,iid,b,1.0,7.0,24.0,128.0,0.0,0.0,0.52115465,32,0.7615127563476562,0.5593179066975912,0.9777933756510416,0.318115234375,0.988695780436198,0.0563376598964749
laplace,iid,b,1.0,7.0,24.0,128.0,0.0,0.0,0.521875,32,0.8880246480305989,0.6248683929443359,0.9788055419921876,0.3181559244791667,0.988721211751302,0.0516334825829762
laplace,iid,b,1.0,7.0,24.0,128.0,0.0,0.0,0.52237508,32,0.9695994059244792,0.6427186330159506,0.9813785552978516,0.3194198608398437,0.9887847900390624,0.0481915612724402
laplace,iid,b,1.0,7.0,24.0,128.0,0.0,0.0,0.52265625,32,0.9696032206217448,0.6427230834960938,0.9813830057779948,0.3621088663736979,0.98883056640625,0.041643743043937
laplace,iid,b,1.0,7.0,24.0,128.0,0.0,0.0,0.5234375,32,0.9776318868001302,0.8111750284830729,0.9851983388264972,0.3622080485026042,0.988555908203125,0.0372222385928994
laplace,iid,b,1.0,7.0,24.0,128.0,0.0,0.0,0.52359552,16,0.9776840209960938,0.7879130045572917,0.9837169647216796,0.3622283935546875,0.987805684407552,0.0528890259567965
laplace,iid,b,1.0,7.0,24.0,128.0,0.0,0.0,0.52603639,16,0.9775950113932292,0.8362700144449869,0.9821275075276692,0.36383056640625,0.986742655436198,0.0416578171125568
laplace,iid,b,1.0,7.0,24.0,128.0,0.0,0.0,0.52734375,32,0.9787673950195312,0.8875999450683594,0.9838778177897136,0.3446146647135417,0.98931884765625,0.0285943150655868
laplace,iid,b,1.0,7.0,24.0,128.0,0.0,0.0,0.528125,32,0.9787991841634114,0.8875916798909506,0.9839420318603516,0.3446426391601562,0.9894129435221354,0.0303327924439699
laplace,iid,b,1.0,7.0,24.0,128.0,0.0,0.0,0.52847726,32,0.979522705078125,0.9104696909586588,0.9840037027994792,0.3446502685546875,0.9895858764648438,0.0299084206830405
laplace,iid,b,1.0,7.0,24.0,128.0,0.0,0.0,0.53091812,16,0.981959025065104,0.961673100789388,0.9847075144449868,0.3462473551432292,0.9873580932617188,0.0375426785536412
laplace,iid,b,1.0,7.0,24.0,128.0,0.0,0.0,0.53335899,16,0.9847399393717448,0.979445775349935,0.9855264027913412,0.3478266398111979,0.9877166748046876,0.037974467189741
laplace,iid,b,1.0,7.0,24.0,128.0,0.0,0.0,0.53579986,16,0.9854367574055988,0.9824142456054686,0.9877065022786458,0.4868189493815104,0.9893112182617188,0.0205273694841674
uniform,iid,A,1.0,7.0,24.0,64.0,0.0,0.0,1.6,24,0.0336659749348958,0.0288238525390624,0.0386708577473958,0.0196736653645833,0.1016845703125,0.000313600039165
uniform,iid,A,1.0,7.0,24.0,64.0,0.0,0.0,1.625,24,0.1003672281901041,0.0719401041666666,0.1257222493489583,0.0520833333333333,0.2288716634114583,0.0026910217872921
uniform,iid,A,1.0,7.0,24.0,64.0,0.0,0.0,1.6372072941257692,32,0.2061208089192708,0.1458282470703124,0.2299168904622395,0.0963236490885416,0.45654296875,0.006678989276834
uniform,iid,A,1.0,7.0,24.0,64.0,0.0,0.0,1.6375,24,0.1474304199218749,0.1250940958658853,0.2373123168945312,0.099334716796875,0.3062337239583333,0.0045613149755024
uniform,iid,A,1.0,7.0,24.0,64.0,0.0,0.0,1.645,24,0.2665456136067708,0.2073872884114583,0.3119074503580729,0.1196695963541666,0.6549072265625,0.0208643512294557
uniform,iid,A,1.0,7.0,24.0,64.0,0.0,0.0,1.64848664978343,32,0.319488525390625,0.2300389607747395,0.4082107543945312,0.154388427734375,0.986907958984375,0.0459693059534682
uniform,iid,A,1.0,7.0,24.0,64.0,0.0,0.0,1.65,24,0.3776753743489583,0.312787373860677,0.4743728637695312,0.1784261067708333,0.9710591634114584,0.0383085726359904
uniform,iid,A,1.0,7.0,24.0,64.0,0.0,0.0,1.655,24,0.5611724853515625,0.3745905558268229,0.7699254353841146,0.2086995442708333,0.9745686848958334,0.0515849321325881
uniform,iid,A,1.0,7.0,24.0,64.0,0.0,0.0,1.6598922761162664,32,0.5478871663411459,0.3937555948893229,0.943389892578125,0.258331298828125,0.98760986328125,0.0652516169971527
uniform,iid,A,1.0,7.0,24.0,64.0,0.0,0.0,1.66,24,0.6559804280598959,0.4765853881835937,0.9210662841796876,0.3131815592447917,0.9850056966145834,0.0559776600528262
uniform,iid,A,1.0,7.0,24.0,64.0,0.0,0.0,1.665,24,0.8275655110677083,0.5801239013671875,0.973248799641927,0.32696533203125,0.9864298502604166,0.0575439641475242
uniform,iid,A,1.0,7.0,24.0,64.0,0.0,0.0,1.67,24,0.9733479817708331,0.772705078125,0.9812723795572916,0.3274637858072917,0.9867655436197916,0.0359293081737295
uniform,iid,A,1.0,7.0,24.0,64.0,0.0,0.0,1.675,24,0.9801076253255208,0.9760538736979166,0.9834213256835938,0.4064229329427083,0.98681640625,0.0192229785175091
uniform,iid,A,1.0,7.0,24.0,64.0,0.0,0.0,1.7,24,0.9865366617838542,0.9850311279296876,0.9879175821940104,0.9751383463541666,0.98956298828125,9.444732692890576e-06
uniform,iid,A,1.0,7.0,24.0,64.0,0.0,0.0,1.725,24,0.989471435546875,0.988316853841146,0.9901402791341146,0.976654052734375,0.991546630859375,8.374335425763397e-06
uniform,iid,A,1.0,7.0,24.0,64.0,0.0,0.0,1.75,24,0.99127197265625,0.9902420043945312,0.9921620686848958,0.9788411458333334,0.9928385416666666,8.448085375730018e-06
uniform,iid,A,1.0,7.0,24.0,64.0,0.0,0.0,1.775,24,0.992431640625,0.9917500813802084,0.9929224650065104,0.9901224772135416,0.993499755859375,8.459016605731878e-07
uniform,iid,A,1.0,7.0,24.0,64.0,0.0,0.0,1.8,24,0.993494669596354,0.9928919474283854,0.9938685099283856,0.9915059407552084,0.9943135579427084,4.687595095683435e-07
uniform,iid,A,1.0,7.0,24.0,128.0,0.0,0.0,1.6,16,0.0206540425618488,0.0163949330647786,0.0253289540608723,0.0128707885742187,0.0334828694661458,3.4074118135591884e-05
uniform,iid,A,1.0,7.0,24.0,128.0,0.0,0.0,1.625,16,0.0769577026367187,0.0648651123046875,0.1124680836995442,0.045270284016927,0.1437759399414062,0.0009330108610609
uniform,iid,A,1.0,7.0,24.0,128.0,0.0,0.0,1.6375,16,0.2023798624674478,0.1564165751139322,0.260412851969401,0.1352869669596354,0.283704121907552,0.0030789347807176
uniform,iid,A,1.0,7.0,24.0,128.0,0.0,0.0,1.6394779451719992,32,0.2868092854817708,0.2340253194173176,0.3474591573079427,0.1449610392252604,0.5423126220703125,0.010527579001181
uniform,iid,A,1.0,7.0,24.0,128.0,0.0,0.0,1.645,16,0.3623250325520832,0.2927169799804687,0.4332237243652344,0.1822942097981771,0.665924072265625,0.0166821546835072
uniform,iid,A,1.0,7.0,24.0,128.0,0.0,0.0,1.65,16,0.5706189473470052,0.4990711212158202,0.6572297414143881,0.4270172119140625,0.9891560872395834,0.0216637504536063
uniform,iid,A,1.0,7.0,24.0,128.0,0.0,0.0,1.651113261380392,32,0.5824381510416666,0.4915841420491536,0.8325716654459636,0.2819442749023437,0.990404764811198,0.0497835931515203
uniform,iid,A,1.0,7.0,24.0,128.0,0.0,0.0,1.655,16,0.7120030721028645,0.6063404083251953,0.8707637786865234,0.45556640625,0.9905827840169272,0.0326222341093752
uniform,iid,A,1.0,7.0,24.0,128.0,0.0,0.0,1.66,16,0.9878896077473958,0.9086043039957684,0.9906412760416666,0.5105489095052084,0.9914932250976562,0.025040315000391
uniform,iid,A,1.0,7.0,24.0,128.0,0.0,0.0,1.662876443256955,32,0.988263448079427,0.8388748168945312,0.9907519022623698,0.5211079915364584,0.9927927652994792,0.0212524905365826
uniform,iid,A,1.0,7.0,24.0,128.0,0.0,0.0,1.665,16,0.9906883239746094,0.9876931508382162,0.9911041259765624,0.6394449869791666,0.9920247395833334,0.0087117465156889
uniform,iid,A,1.0,7.0,24.0,128.0,0.0,0.0,1.67,16,0.9909515380859376,0.9900989532470704,0.9913864135742188,0.6396153767903646,0.992162068684896,0.0087688525819599
uniform,iid,A,1.0,7.0,24.0,128.0,0.0,0.0,1.675,16,0.9912974039713542,0.9905401865641276,0.9918251037597656,0.9886932373046876,0.9925689697265624,1.041388410764416e-06
uniform,iid,A,1.0,7.0,24.0,128.0,0.0,0.0,1.7,16,0.9931488037109376,0.9918734232584636,0.9932899475097656,0.9901123046875,0.9943339029947916,1.2752574144138309e-06
uniform,iid,A,1.0,7.0,24.0,128.0,0.0,0.0,1.725,16,0.9942728678385416,0.9938214619954426,0.9945106506347656,0.9932047526041666,0.9951858520507812,3.372381292542522e-07
uniform,iid,A,1.0,7.0,24.0,128.0,0.0,0.0,1.75,16,0.9950892130533856,0.994837443033854,0.995319366455078,0.99395751953125,0.9957071940104166,2.3994706916037334e-07
uniform,iid,A,1.0,7.0,24.0,128.0,0.0,0.0,1.775,16,0.9956334431966146,0.995510737101237,0.9957561492919922,0.9948908487955728,0.9962870279947916,1.3994175350053374e-07
uniform,iid,A,1.0,7.0,24.0,128.0,0.0,0.0,1.8,16,0.9960810343424478,0.9959386189778646,0.9962202707926432,0.995569864908854,0.9966608683268228,9.69062427800402e-08
vonmises,iid,kappa,-1.0,7.0,24.0,64.0,0.0,0.0,2.1,24,0.987645467122396,0.9868138631184896,0.9886296590169272,0.9839579264322916,0.9895731608072916,1.920511437678953e-06
vonmises,iid,kappa,-1.0,7.0,24.0,64.0,0.0,0.0,2.2,24,0.9844716389973958,0.9827601114908854,0.9854838053385416,0.9777018229166666,0.9867960611979166,6.175077904237758e-06
vonmises,iid,kappa,-1.0,7.0,24.0,64.0,0.0,0.0,2.3,24,0.9798126220703124,0.973035176595052,0.9810587565104166,0.53704833984375,0.9874979654947916,0.0085729164805866
vonmises,iid,kappa,-1.0,7.0,24.0,64.0,0.0,0.0,2.325,48,0.9782765706380208,0.9712117513020831,0.981554667154948,0.466033935546875,0.9852396647135416,0.013807474140157
vonmises,iid,kappa,-1.0,7.0,24.0,64.0,0.0,0.0,2.35,48,0.9768829345703124,0.8432184855143229,0.979296366373698,0.3705647786458333,0.9840494791666666,0.0327222262030937
vonmises,iid,kappa,-1.0,7.0,24.0,64.0,0.0,0.0,2.375,48,0.9386494954427084,0.66912841796875,0.9743932088216144,0.4210611979166667,0.98382568359375,0.0374764455062204
vonmises,iid,kappa,-1.0,7.0,24.0,64.0,0.0,0.0,2.4,48,0.781219482421875,0.6259994506835938,0.9678777058919272,0.267974853515625,0.9800211588541666,0.0388671479679987
vonmises,iid,kappa,-1.0,7.0,24.0,64.0,0.0,0.0,2.425,48,0.655548095703125,0.4706649780273437,0.8107986450195312,0.212249755859375,0.9727579752604166,0.0487895392648761
vonmises,iid,kappa,-1.0,7.0,24.0,64.0,0.0,0.0,2.45,48,0.4967091878255208,0.3418629964192708,0.6922683715820312,0.2430216471354166,0.9744364420572916,0.0354736723883519
vonmises,iid,kappa,-1.0,7.0,24.0,64.0,0.0,0.0,2.475,48,0.3564656575520833,0.2841466267903645,0.4908370971679687,0.10882568359375,0.9374491373697916,0.0415005693212151
vonmises,iid,kappa,-1.0,7.0,24.0,64.0,0.0,0.0,2.5,48,0.3446400960286458,0.2426528930664062,0.4303741455078125,0.1142985026041666,0.8041788736979166,0.0249660923805765
vonmises,iid,kappa,-1.0,7.0,24.0,64.0,0.0,0.0,2.525,48,0.233978271484375,0.1921361287434895,0.3124160766601562,0.12298583984375,0.640716552734375,0.0130095392387797
vonmises,iid,kappa,-1.0,7.0,24.0,64.0,0.0,0.0,2.55,48,0.1805114746093749,0.1418635050455728,0.2627232869466145,0.0531412760416666,0.6026611328125,0.0123159727697676
vonmises,iid,kappa,-1.0,7.0,24.0,64.0,0.0,0.0,2.575,48,0.1302591959635416,0.0995814005533853,0.2212397257486979,0.0333760579427083,0.5275675455729166,0.0089655133805305
vonmises,iid,kappa,-1.0,7.0,24.0,64.0,0.0,0.0,2.6,48,0.1126251220703124,0.0844675699869791,0.1632003784179687,0.0312703450520833,0.3398030598958333,0.0045832281960123
vonmises,iid,kappa,-1.0,7.0,24.0,64.0,0.0,0.0,2.7,24,0.0425109863281249,0.0365066528320312,0.0510406494140624,0.01763916015625,0.0959879557291666,0.000347159385993
vonmises,iid,kappa,-1.0,7.0,24.0,64.0,0.0,0.0,2.8,24,0.023681640625,0.0197499593098958,0.0318145751953124,0.0174458821614583,0.055419921875,0.0001169001044714
vonmises,iid,kappa,-1.0,7.0,24.0,64.0,0.0,0.0,2.9,24,0.0179290771484375,0.0155105590820312,0.0216700236002604,0.0133056640625,0.030487060546875,2.685867642890814e-05
vonmises,iid,kappa,-1.0,7.0,24.0,128.0,0.0,0.0,2.1,16,0.9928550720214844,0.9925765991210938,0.9930877685546876,0.9914449055989584,0.9933751424153646,2.662323283773e-07
vonmises,iid,kappa,-1.0,7.0,24.0,128.0,0.0,0.0,2.2,16,0.9909845987955728,0.9905592600504556,0.9914512634277344,0.9892171223958334,0.992151896158854,5.601714494534372e-07
vonmises,iid,kappa,-1.0,7.0,24.0,128.0,0.0,0.0,2.3,16,0.9891827901204426,0.9877033233642576,0.989617665608724,0.9789276123046876,0.9908650716145834,7.629120200699818e-06
vonmises,iid,kappa,-1.0,7.0,24.0,128.0,0.0,0.0,2.375,32,0.9865366617838542,0.9843298594156902,0.987951914469401,0.7290496826171875,0.9891281127929688,0.0031509508468931
vonmises,iid,kappa,-1.0,7.0,24.0,128.0,0.0,0.0,2.4,32,0.9825668334960938,0.8436044057210287,0.9866600036621094,0.4606679280598958,0.9891408284505208,0.0235194984406362
vonmises,iid,kappa,-1.0,7.0,24.0,128.0,0.0,0.0,2.425,32,0.8626912434895834,0.6787516276041667,0.973305384318034,0.4119618733723958,0.9860738118489584,0.027927323049489
vonmises,iid,kappa,-1.0,7.0,24.0,128.0,0.0,0.0,2.45,32,0.6597836812337239,0.4988873799641926,0.8889713287353516,0.2898635864257812,0.9858983357747396,0.0524575121894372
vonmises,iid,kappa,-1.0,7.0,24.0,128.0,0.0,0.0,2.475,32,0.543341318766276,0.4574731190999348,0.6828250885009766,0.2713241577148437,0.9795099894205728,0.0358082969705524
vonmises,iid,kappa,-1.0,7.0,24.0,128.0,0.0,0.0,2.5,32,0.3261324564615885,0.2518717447916667,0.4568284352620442,0.1376876831054687,0.8025919596354166,0.0269385784670973
vonmises,iid,kappa,-1.0,7.0,24.0,128.0,0.0,0.0,2.525,32,0.2467765808105468,0.1938673655192057,0.3472874959309895,0.0988540649414062,0.7565561930338541,0.0155825541587285
vonmises,iid,kappa,-1.0,7.0,24.0,128.0,0.0,0.0,2.55,32,0.1503105163574218,0.1157919565836588,0.1998125712076822,0.0694249471028645,0.3283869425455729,0.0033521908791699
vonmises,iid,kappa,-1.0,7.0,24.0,128.0,0.0,0.0,2.575,32,0.1249020894368489,0.0836346944173176,0.1500956217447916,0.0613810221354166,0.2324091593424479,0.0021993744789579
vonmises,iid,kappa,-1.0,7.0,24.0,128.0,0.0,0.0,2.6,32,0.0739962259928385,0.0609143575032551,0.1113904317220051,0.0306294759114583,0.2137680053710937,0.0018440666189101
vonmises,iid,kappa,-1.0,7.0,24.0,128.0,0.0,0.0,2.7,16,0.0234985351562499,0.0187892913818359,0.0303064982096353,0.0146713256835937,0.0450388590494791,6.962004546140725e-05
vonmises,iid,kappa,-1.0,7.0,24.0,128.0,0.0,0.0,2.8,16,0.0136604309082031,0.011362075805664,0.0159161885579426,0.0090433756510416,0.0290196736653645,2.283857339298932e-05
vonmises,iid,kappa,-1.0,7.0,24.0,128.0,0.0,0.0,2.9,16,0.0090421040852864,0.008676528930664,0.0096206665039062,0.0073903401692708,0.0140482584635416,2.5003708692060182e-06
